Player,League,Season,Team,Position,Age,Market value,Contract expires,Matches played,Minutes played,Goals,xG,Assists,xA,Birth country,Passport countries,Foot,Height,On loan,Successful defensive actions per 90,Defensive duels per 90,"Defensive duels won, %",Aerial duels per 90,"Aerial duels won, %",Shots blocked per 90,PAdj Interceptions,Non-penalty goals per 90,xG per 90,Head goals per 90,Shots,Shots per 90,"Shots on target, %","Goal conversion, %",Crosses per 90,"Accurate crosses, %",Dribbles per 90,"Successful dribbles, %",Offensive duels per 90,"Offensive duels won, %",Touches in box per 90,Progressive runs per 90,Accelerations per 90,Passes per 90,"Accurate passes, %",Forward passes per 90,"Accurate forward passes, %",Long passes per 90,"Accurate long passes, %",xA per 90,Smart passes per 90,Key passes per 90,Passes to final third per 90,"Accurate passes to final third, %",Passes to penalty area per 90,"Accurate passes to penalty area, %",Deep completions per 90,Progressive passes per 90,"Accurate progressive passes, %",Conceded goals per 90,Shots against per 90,"Save rate, %",xG against per 90,Prevented goals,Prevented goals per 90,Exits per 90,Wyscout ID
Fábio,Brazil 1.,2026,Fluminense,GK,45,200000,2027-12-31,22,2282,0,0.0,0,0.0,Brazil,"Brazil, Italy",right,190,no,0.63,0.08,50.0,0.12,66.67,0.0,0.96,0.0,0.0,0.0,0,0.0,0.0,0.0,0.0,0.0,0.0,0.0,0.16,100.0,0.0,0.04,0.0,12.38,87.9,6.27,78.62,3.71,63.83,0.0,0.0,0.0,0.24,66.67,0.0,0.0,0.0,3.0,60.53,1.03,4.1,75.0,1.13,2.57,0.101,1.1,8961
João Victor,Brazil 1.,2026,Mirassol,RCB,28,250000,2027-12-31,21,2167,1,1.08,1,0.06,Brazil,Brazil,right,188,no,6.56,2.74,60.61,4.19,70.3,1.25,6.76,0.04,0.04,0.04,8,0.33,37.5,12.5,0.08,50.0,0.12,100.0,0.58,57.14,0.58,0.37,0.04,41.2,92.84,14.16,87.1,3.36,69.14,0.0,0.0,0.04,3.45,77.11,0.17,25.0,0.08,5.07,76.23,,,0.0,0.0,,,,470539
Rafael,Brazil 1.,2026,São Paulo,GK,37,800000,2027-12-31,21,2167,0,0.0,0,0.0,Brazil,Brazil,left,192,no,1.16,0.08,50.0,0.25,100.0,0.0,1.68,0.0,0.0,0.0,0,0.0,0.0,0.0,0.0,0.0,0.0,0.0,0.08,100.0,0.0,0.0,0.0,16.41,86.33,7.48,72.22,5.36,61.24,0.0,0.0,0.0,1.5,61.11,0.17,25.0,0.04,4.19,68.32,1.04,3.41,69.51,0.99,-1.08,-0.045,1.12,97650
Santos,Brazil 1.,2026,Athletico Paranaense,GK,36,1000000,2026-12-31,21,2159,0,0.0,0,0.0,Brazil,Brazil,right,188,no,0.88,0.04,100.0,0.08,100.0,0.0,1.14,0.0,0.0,0.0,0,0.0,0.0,0.0,0.0,0.0,0.0,0.0,0.08,100.0,0.0,0.0,0.0,11.67,80.0,6.17,64.86,4.0,47.92,0.0,0.0,0.04,1.46,48.57,0.08,0.0,0.0,2.79,61.19,0.79,2.88,72.46,0.76,-0.65,-0.027,1.17,115496
Carlos Miguel,Brazil 1.,2026,Palmeiras,GK,27,0,2027-06-30,21,2143,0,0.0,0,0.0,Brazil,Brazil,left,204,no,0.76,0.0,0.0,0.55,92.31,0.0,1.06,0.0,0.0,0.0,0,0.0,0.0,0.0,0.0,0.0,0.0,0.0,0.17,100.0,0.0,0.0,0.0,15.37,83.61,7.69,68.31,4.37,44.23,0.0,0.0,0.0,1.89,33.33,0.17,0.0,0.0,2.94,65.71,0.67,3.4,80.25,0.66,-0.29,-0.012,2.1,-67602
Marllon,Brazil 1.,2026,Remo,RCB,34,500000,2026-12-31,21,2138,1,0.31,1,0.01,Brazil,Brazil,right,186,no,6.78,4.04,67.71,2.19,55.77,0.51,4.86,0.04,0.01,0.04,4,0.17,50.0,25.0,0.04,0.0,0.0,0.0,0.76,44.44,0.34,0.13,0.0,28.71,86.36,10.57,74.9,3.16,44.0,0.0,0.0,0.04,2.65,63.49,0.21,20.0,0.0,4.08,68.04,,,0.0,0.0,,,,158622
Marcelo Rangel,Brazil 1.,2026,Remo,GK,38,0,2026-12-31,21,2135,0,0.0,0,0.0,Brazil,Brazil,right,186,no,1.05,0.0,0.0,0.21,80.0,0.0,1.26,0.0,0.0,0.0,0,0.0,0.0,0.0,0.0,0.0,0.13,100.0,0.25,100.0,0.0,0.0,0.0,12.6,80.6,7.29,68.21,5.52,59.54,0.0,0.0,0.0,1.69,37.5,0.04,0.0,0.0,3.75,73.03,1.52,4.93,69.23,1.57,1.3,0.055,1.64,125297
Agustín Rossi,Brazil 1.,2026,Flamengo,GK,30,7000000,2027-12-31,21,2132,0,0.0,0,0.01,Argentina,"Argentina, Italy",right,193,no,0.55,0.0,0.0,0.04,100.0,0.0,0.78,0.0,0.0,0.0,0,0.0,0.0,0.0,0.0,0.0,0.0,0.0,0.08,100.0,0.0,0.0,0.0,17.52,86.02,7.81,74.05,4.69,55.86,0.0,0.0,0.0,0.93,31.82,0.04,0.0,0.0,3.5,60.24,0.76,3.29,76.92,0.8,0.99,0.042,1.06,331574
Robert Renan,Brazil 1.,2026,Vasco da Gama,LCB,22,0,2028-06-30,21,2128,1,0.61,0,0.53,Brazil,Brazil,left,186,yes,7.4,4.53,64.49,2.28,64.81,0.38,6.32,0.04,0.03,0.04,7,0.3,28.57,14.286,0.34,37.5,0.13,33.33,1.02,29.17,0.34,1.44,0.08,49.74,86.9,24.36,79.86,5.79,46.72,0.02,0.04,0.08,9.85,72.53,0.85,35.0,0.13,9.09,78.6,,,0.0,0.0,,,,-176274
Léo Jardim,Brazil 1.,2026,Vasco da Gama,GK,31,5500000,2030-12-31,21,2128,0,0.0,0,0.0,Brazil,"Brazil, Italy",right,188,no,0.93,0.04,0.0,0.21,100.0,0.0,1.35,0.0,0.0,0.0,0,0.0,0.0,0.0,0.0,0.0,0.0,0.0,0.04,0.0,0.0,0.0,0.0,14.51,83.97,6.89,69.33,4.91,58.62,0.0,0.0,0.0,1.14,66.67,0.0,0.0,0.0,3.81,65.56,1.31,3.89,66.3,1.15,-3.84,-0.162,1.18,328222
K. Viveros,Brazil 1.,2026,Athletico Paranaense,CF,26,0,2028-06-30,21,2119,14,15.0,2,1.07,Colombia,Colombia,right,180,no,1.91,2.0,29.79,2.72,18.75,0.17,1.67,0.51,0.64,0.0,61,2.59,57.38,22.951,0.76,11.11,2.38,53.57,10.28,38.43,3.78,1.23,0.21,8.54,73.13,1.32,64.52,0.21,40.0,0.05,0.0,0.42,0.38,77.78,0.72,41.18,0.25,0.42,70.0,,,0.0,0.0,,,,477173
Éverson,Brazil 1.,2026,Atlético Mineiro,GK,36,1800000,2027-12-31,21,2104,0,0.0,1,0.52,Brazil,Brazil,right,192,no,1.07,0.04,100.0,0.34,87.5,0.0,1.36,0.0,0.0,0.0,0,0.0,0.0,0.0,0.0,0.0,0.0,0.0,0.17,100.0,0.0,0.0,0.0,27.8,75.69,18.52,66.28,15.61,58.9,0.02,0.0,0.04,3.51,36.59,0.43,10.0,0.04,10.52,67.89,1.15,4.11,71.88,0.92,-5.45,-0.233,1.58,112043
Hugo Souza,Brazil 1.,2026,Corinthians,GK,27,0,2030-12-31,20,2061,0,0.0,0,0.0,Brazil,Brazil,right,199,no,1.05,0.13,66.67,0.0,0.0,0.0,1.46,0.0,0.0,0.0,0,0.0,0.0,0.0,0.0,0.0,0.04,100.0,0.09,100.0,0.04,0.0,0.0,17.9,84.39,8.3,71.05,5.2,57.14,0.0,0.0,0.0,1.62,67.57,0.17,0.0,0.0,4.41,61.39,0.74,2.71,72.58,0.69,-1.3,-0.057,0.52,485423
Marlon Freitas,Brazil 1.,2026,Palmeiras,"LCMF, LDMF, RDMF",31,3500000,2028-12-31,21,2036,2,0.8,0,1.81,Brazil,Brazil,right,185,no,5.17,3.62,51.22,1.59,33.33,0.22,4.59,0.09,0.04,0.0,15,0.66,20.0,13.333,0.35,50.0,0.13,66.67,0.62,42.86,0.31,0.57,0.13,53.84,90.48,15.21,77.33,5.35,67.77,0.08,0.09,0.4,7.43,79.17,1.77,50.0,0.88,7.34,78.31,,,0.0,0.0,,,,401945
S. Ramos Mingo,Brazil 1.,2026,Bahia,LCB,24,0,2029-12-31,20,2019,0,0.67,0,0.31,Argentina,"Argentina, Italy",left,186,no,6.33,2.99,53.73,2.9,58.46,0.76,6.95,0.0,0.03,0.0,6,0.27,83.33,0.0,0.09,0.0,0.18,75.0,0.62,50.0,0.4,1.03,0.22,43.02,90.57,20.24,85.24,4.19,52.13,0.01,0.04,0.04,7.67,77.33,0.4,33.33,0.18,7.58,77.65,,,0.0,0.0,,,,-129043
Fabricio Bruno,Brazil 1.,2026,Cruzeiro,RCB,30,0,2030-12-31,20,2013,0,0.72,0,0.67,Brazil,Brazil,right,192,no,5.37,3.22,63.89,3.58,76.25,0.36,5.1,0.0,0.03,0.0,11,0.49,27.27,0.0,0.27,33.33,0.18,100.0,0.31,71.43,0.89,0.76,0.09,51.24,90.84,20.07,82.85,4.92,60.0,0.03,0.0,0.22,6.71,82.67,0.63,21.43,0.09,9.25,74.4,,,0.0,0.0,,,,438564
Bruno Gomes,Brazil 1.,2026,Internacional,"RCB, RB",25,2500000,2027-12-31,22,1999,0,0.53,0,2.25,Brazil,"Brazil, Italy",right,175,no,7.52,5.63,61.6,2.7,48.33,0.36,5.33,0.0,0.02,0.0,13,0.59,7.69,0.0,1.13,28.0,1.35,66.67,4.37,55.67,0.45,1.22,0.05,41.6,83.98,17.51,75.06,4.59,54.9,0.1,0.09,0.18,8.24,78.14,2.21,38.78,0.63,7.88,77.71,,,0.0,0.0,,,,-109543
N. Acevedo,Brazil 1.,2026,Bahia,"RB, DMF, LCMF",27,4500000,2031-12-31,20,1978,0,1.49,0,0.39,Uruguay,Uruguay,right,173,no,9.19,7.55,54.22,2.37,55.77,0.18,6.88,0.0,0.07,0.0,21,0.96,28.57,0.0,0.64,50.0,1.37,50.0,5.37,45.76,0.91,2.0,0.09,57.33,85.16,24.52,76.99,5.6,47.15,0.02,0.18,0.27,9.05,76.38,1.5,45.45,0.46,9.28,73.04,,,0.0,0.0,,,,-104315
S. Mendoza,Brazil 1.,2026,Athletico Paranaense,"LWB, AMF, LB",34,1000000,2027-12-31,22,1966,5,2.37,0,1.83,Colombia,Colombia,left,172,no,2.66,2.2,47.92,0.5,27.27,0.05,2.12,0.23,0.11,0.0,27,1.24,40.74,18.519,1.19,38.46,1.01,59.09,4.9,35.51,1.42,1.69,0.46,28.98,83.89,8.01,72.57,1.42,64.52,0.08,0.23,0.5,3.2,70.0,2.38,50.0,1.01,4.07,77.53,,,0.0,0.0,,,,141915
Walter,Brazil 1.,2026,Mirassol,GK,38,250000,2026-12-31,19,1965,0,0.0,0,0.0,Brazil,"Brazil, Italy",right,188,no,0.64,0.05,0.0,0.05,100.0,0.0,0.83,0.0,0.0,0.0,0,0.0,0.0,0.0,0.0,0.0,0.0,0.0,0.0,0.0,0.0,0.0,0.0,19.37,91.02,8.52,83.87,3.66,60.0,0.0,0.0,0.0,1.24,37.04,0.05,0.0,0.0,2.47,70.37,1.19,3.71,67.9,1.05,-2.99,-0.137,1.1,136425
Arthur Dias,Brazil 1.,2026,Athletico Paranaense,"LCB, RCB, CB",19,0,2028-12-31,20,1961,0,0.37,0,0.0,Brazil,Brazil,,0,no,6.65,3.3,63.89,1.61,42.86,0.64,6.04,0.0,0.02,0.0,5,0.23,0.0,0.0,0.14,33.33,0.23,40.0,1.29,50.0,0.28,1.01,0.05,40.94,87.67,17.67,79.74,6.24,61.76,0.0,0.05,0.09,5.55,76.86,0.5,36.36,0.14,8.22,71.51,,,0.0,0.0,,,,-423628
Weverton,Brazil 1.,2026,Grêmio,GK,38,2000000,2028-12-31,19,1948,0,0.0,1,0.0,Brazil,Brazil,right,189,no,0.97,0.14,66.67,0.23,80.0,0.0,1.24,0.0,0.0,0.0,0,0.0,0.0,0.0,0.0,0.0,0.0,0.0,0.18,100.0,0.0,0.0,0.0,19.5,81.75,11.13,69.29,7.62,55.76,0.0,0.0,0.0,2.82,36.07,0.14,0.0,0.0,5.36,77.59,1.06,3.83,72.29,1.35,6.31,0.292,1.43,32538
Gabriel Brazão,Brazil 1.,2026,Santos,GK,25,0,2028-12-31,19,1936,0,0.1,0,0.0,Brazil,Brazil,right,192,no,0.79,0.09,50.0,0.37,100.0,0.0,1.05,0.0,0.0,0.0,1,0.05,100.0,0.0,0.0,0.0,0.0,0.0,0.0,0.0,0.05,0.0,0.0,11.48,87.85,5.3,76.32,3.44,62.16,0.0,0.0,0.0,0.98,57.14,0.0,0.0,0.0,2.56,65.45,1.53,4.09,62.5,1.2,-7.13,-0.331,1.35,474967
Lucas Barbosa,Brazil 1.,2026,Red Bull Bragantino,"AMF, RAMF, RW",25,2000000,2029-12-31,19,1924,4,4.33,2,1.75,Brazil,Brazil,left,194,no,5.33,4.82,44.66,3.41,50.68,0.23,4.86,0.19,0.2,0.05,44,2.06,38.64,9.091,2.06,22.73,2.67,45.61,7.58,39.51,2.34,2.1,0.51,20.86,68.61,6.27,56.72,2.76,47.46,0.08,0.23,0.47,2.39,52.94,2.48,41.51,1.03,3.18,63.24,,,0.0,0.0,,,,-112787
Murilo,Brazil 1.,2026,Palmeiras,"LCB, RCB",29,10000000,2029-12-31,19,1900,1,0.96,1,0.54,Brazil,Brazil,right,188,no,7.06,3.69,51.28,4.26,62.22,0.85,7.36,0.05,0.05,0.05,8,0.38,62.5,12.5,0.38,25.0,0.24,80.0,0.85,50.0,0.47,0.9,0.05,45.28,89.96,20.13,82.82,3.65,58.44,0.03,0.05,0.19,6.25,77.27,0.66,35.71,0.24,8.29,74.29,,,0.0,0.0,,,,472694
Matheus Pereira,Brazil 1.,2026,Cruzeiro,"AMF, CF",30,0,2028-12-31,19,1877,5,3.47,1,4.56,Brazil,"Brazil, Portugal",left,175,no,2.97,3.79,35.44,1.58,33.33,0.05,2.31,0.24,0.17,0.0,45,2.16,31.11,11.111,1.68,34.29,1.49,51.61,7.34,66.01,2.78,1.53,0.34,37.64,79.75,10.6,70.14,2.25,55.32,0.22,0.24,0.96,4.94,70.87,3.55,51.35,2.06,5.47,81.58,,,0.0,0.0,,,,327720
Renan Lodi,Brazil 1.,2026,Atlético Mineiro,"LB, LWB",28,0,2030-12-31,19,1876,0,1.3,2,1.66,Brazil,"Brazil, Italy",left,173,no,6.86,5.95,52.42,2.11,34.09,0.24,4.59,0.0,0.06,0.0,25,1.2,28.0,0.0,2.93,24.59,1.49,77.42,5.18,60.19,1.68,2.06,0.24,37.76,84.5,10.6,77.38,3.31,57.97,0.08,0.0,0.38,3.6,77.33,2.54,30.19,0.38,5.85,70.49,,,0.0,0.0,,,,460277
G. Gómez,Brazil 1.,2026,Palmeiras,"RCB, CB",33,7500000,2027-12-31,19,1875,3,2.43,0,0.6,Paraguay,Paraguay,right,185,no,7.01,4.42,65.22,4.61,61.46,0.82,5.32,0.14,0.12,0.05,15,0.72,26.67,20.0,0.24,60.0,0.05,0.0,0.29,16.67,1.1,0.34,0.0,35.42,88.62,12.86,79.1,4.13,56.98,0.03,0.05,0.14,2.98,67.74,0.34,57.14,0.24,5.62,62.39,,,0.0,0.0,,,,170091
Gustavo Henrique,Brazil 1.,2026,Corinthians,LCB,33,1000000,2027-12-31,18,1863,0,1.19,0,0.28,Brazil,Brazil,right,196,no,5.89,3.57,67.57,3.53,67.12,0.82,5.12,0.0,0.06,0.0,13,0.63,30.77,0.0,0.0,0.0,0.1,50.0,0.58,58.33,0.92,0.24,0.0,38.5,91.59,12.51,82.24,2.85,59.32,0.01,0.0,0.05,3.57,81.08,0.39,25.0,0.19,5.27,65.14,,,0.0,0.0,,,,218816
Lucas Arcanjo,Brazil 1.,2026,Vitória,GK,28,1000000,2028-12-31,18,1863,0,0.0,0,0.0,Brazil,Brazil,right,189,no,0.72,0.1,50.0,0.19,100.0,0.0,0.92,0.0,0.0,0.0,0,0.0,0.0,0.0,0.0,0.0,0.0,0.0,0.05,100.0,0.0,0.0,0.0,16.86,77.65,9.86,63.73,8.02,57.83,0.0,0.0,0.0,2.22,45.65,0.05,0.0,0.0,5.6,70.69,1.11,4.25,73.86,1.13,0.45,0.022,0.77,-28481
Andreas Pereira,Brazil 1.,2026,Palmeiras,"RCMF, RDMF, LCMF",30,0,2028-12-31,21,1844,1,1.34,7,3.84,Belgium,"Belgium, Brazil",right,178,no,4.93,4.49,52.17,0.98,40.0,0.15,3.45,0.05,0.07,0.0,28,1.37,21.43,3.571,2.1,51.16,0.63,61.54,3.22,42.42,0.73,0.93,0.1,46.37,87.26,15.13,80.97,4.0,69.51,0.19,0.0,0.59,8.59,86.36,2.73,53.57,0.68,7.66,83.44,,,0.0,0.0,,,,275149
Eduardo Doma,Brazil 1.,2026,Chapecoense,"LCB, RCB",27,250000,2027-12-31,19,1832,1,1.02,0,0.71,Brazil,Brazil,right,187,no,7.32,3.05,69.35,3.24,56.06,0.59,6.02,0.05,0.05,0.05,10,0.49,20.0,10.0,0.39,37.5,0.2,50.0,0.74,26.67,0.88,0.74,0.05,44.21,87.11,18.47,77.66,6.88,60.71,0.03,0.0,0.1,4.72,77.08,0.59,33.33,0.15,8.35,69.41,,,0.0,0.0,,,,-114262
Alexandro Bernabei,Brazil 1.,2026,Internacional,"LW, LB, LWB",25,2000000,2028-12-31,19,1823,4,2.59,1,2.67,Argentina,"Argentina, Italy",left,169,no,7.16,7.5,48.68,1.88,36.84,0.1,4.44,0.2,0.13,0.0,46,2.27,30.43,8.696,4.1,36.14,2.96,63.33,7.5,46.05,2.22,2.07,0.39,31.35,71.5,11.06,62.5,3.11,47.62,0.13,0.05,0.84,3.7,72.0,3.9,45.57,1.18,6.37,70.54,,,0.0,0.0,,,,-83934
Juninho Capixaba,Brazil 1.,2026,Red Bull Bragantino,LB,29,3000000,2028-12-31,18,1819,3,1.05,2,2.46,Brazil,Brazil,left,176,no,7.87,5.99,52.89,3.32,59.7,0.15,7.1,0.15,0.05,0.05,20,0.99,30.0,15.0,2.37,27.08,1.19,75.0,4.11,51.81,1.43,1.39,0.2,38.74,78.8,13.75,70.14,4.3,51.72,0.12,0.0,0.49,6.18,72.0,2.97,40.0,0.69,9.15,74.05,,,0.0,0.0,,,,428407
Carlos Vinícius,Brazil 1.,2026,Grêmio,CF,31,4000000,2026-12-31,20,1812,10,7.02,1,0.37,Brazil,Brazil,left,190,no,1.29,1.84,40.54,3.38,41.18,0.0,0.76,0.45,0.35,0.15,37,1.84,56.76,27.027,0.25,0.0,0.75,33.33,5.81,29.91,2.09,0.3,0.0,7.3,73.47,1.69,55.88,0.15,66.67,0.02,0.05,0.05,0.6,66.67,0.75,26.67,0.15,0.55,54.55,,,0.0,0.0,,,,449861
Pedro,Brazil 1.,2026,Flamengo,CF,29,0,2027-12-31,21,1810,12,9.65,4,2.23,Brazil,Brazil,right,186,no,2.34,1.99,47.5,1.74,34.29,0.1,1.71,0.6,0.48,0.1,43,2.14,55.81,27.907,0.4,12.5,1.39,53.57,6.12,34.96,3.58,0.4,0.0,16.61,77.54,3.78,53.95,0.65,38.46,0.11,0.15,0.6,1.09,63.64,1.69,38.24,1.09,1.34,74.07,,,0.0,0.0,,,,435998
Pedro Rocha,Brazil 1.,2026,Coritiba,CF,31,1500000,2026-12-31,21,1792,5,5.34,1,0.34,Brazil,Brazil,right,175,no,2.96,2.16,58.14,3.47,30.43,0.05,1.93,0.25,0.27,0.05,37,1.86,40.54,13.514,0.5,30.0,2.56,41.18,6.63,33.33,2.56,0.85,0.1,11.35,68.58,3.01,63.33,0.4,50.0,0.02,0.0,0.15,1.26,84.0,0.35,14.29,0.15,1.76,68.57,,,0.0,0.0,,,,283522
J. Calleri,Brazil 1.,2026,São Paulo,CF,32,3500000,2026-12-31,19,1779,7,9.08,1,1.03,Argentina,"Argentina, Italy",right,181,no,3.39,3.29,44.62,7.44,46.26,0.05,2.54,0.3,0.46,0.15,38,1.92,39.47,18.421,1.32,23.08,1.16,47.83,7.34,35.17,3.29,0.51,0.0,13.46,75.56,2.93,72.41,0.51,70.0,0.05,0.1,0.46,0.81,87.5,1.62,53.13,0.81,1.72,73.53,,,0.0,0.0,,,,265255
Ruan Tressoldi,Brazil 1.,2026,Atlético Mineiro,"RCB, CB",27,2500000,2030-06-30,18,1778,2,0.86,0,0.16,Brazil,Brazil,right,187,no,8.76,4.61,68.13,3.59,56.34,1.06,7.14,0.1,0.04,0.1,7,0.35,42.86,28.571,0.05,0.0,0.4,75.0,1.62,59.38,0.56,0.76,0.0,39.89,89.85,14.02,78.34,3.8,50.67,0.01,0.0,0.05,4.61,73.63,0.56,36.36,0.2,5.72,68.14,,,0.0,0.0,,,,-66322
J. Freytes,Brazil 1.,2026,Fluminense,LCB,26,800000,2028-12-31,18,1776,0,0.85,0,0.05,Argentina,Argentina,left,186,no,6.59,4.16,65.85,2.74,59.26,0.35,6.34,0.0,0.04,0.0,14,0.71,0.0,0.0,0.25,20.0,0.25,60.0,1.01,45.0,0.66,0.51,0.1,60.66,88.97,22.4,79.19,7.4,54.11,0.0,0.05,0.1,8.36,70.3,0.66,30.77,0.15,10.24,70.3,,,0.0,0.0,,,,486379
G. Benavídez,Brazil 1.,2026,Athletico Paranaense,"RWB, RB, RCB",30,0,2028-12-31,18,1776,0,0.72,5,1.99,Argentina,Argentina,right,175,no,5.32,3.4,53.73,1.11,36.36,0.3,4.69,0.0,0.04,0.0,7,0.35,42.86,0.0,1.47,27.59,0.2,75.0,1.98,53.85,0.76,0.91,0.2,36.03,80.87,13.68,68.89,4.1,60.49,0.1,0.05,0.56,5.22,67.96,2.33,47.83,0.86,8.92,72.73,,,0.0,0.0,,,,515503
Alef Manga,Brazil 1.,2026,Remo,"LAMF, CF, LW",31,1000000,2026-12-31,22,1775,5,4.44,2,3.21,Brazil,Brazil,right,190,no,4.01,3.5,57.97,2.38,38.3,0.05,1.93,0.25,0.23,0.0,40,2.03,37.5,12.5,1.32,34.62,2.18,58.14,7.35,40.69,2.38,1.98,0.41,21.35,80.05,3.55,72.86,1.42,46.43,0.16,0.05,0.76,1.72,76.47,1.27,36.0,0.56,2.43,79.17,,,0.0,0.0,,,,-72140
Ramon,Brazil 1.,2026,Vitória,LB,25,2500000,2027-12-31,18,1764,2,0.65,1,1.44,Brazil,Brazil,left,179,no,7.19,6.02,56.78,2.24,54.55,0.15,4.98,0.1,0.03,0.0,8,0.41,50.0,25.0,2.96,34.48,1.79,62.86,4.18,50.0,0.61,1.38,0.2,32.14,75.87,9.54,62.03,2.55,40.0,0.07,0.0,0.46,3.88,59.21,2.81,41.82,0.41,6.48,75.59,,,0.0,0.0,,,,-71674
Gabriel Paulista,Brazil 1.,2026,Corinthians,RCB,35,2000000,2027-12-31,17,1754,1,1.62,0,0.02,Brazil,"Brazil, Spain",right,185,no,6.21,2.87,64.29,3.03,72.88,0.31,6.2,0.05,0.08,0.05,13,0.67,23.08,7.692,0.1,50.0,0.15,33.33,0.36,57.14,0.67,0.67,0.0,41.97,89.61,14.16,77.54,3.49,47.06,0.0,0.05,0.0,4.21,71.95,0.41,25.0,0.05,6.11,68.91,,,0.0,0.0,,,,121315
Vitinho,Brazil 1.,2026,Internacional,"RWB, RW, RB",27,7000000,2030-06-30,21,1746,1,2.49,3,1.27,Brazil,Brazil,right,181,no,6.34,5.82,58.41,4.54,31.82,0.15,3.75,0.05,0.13,0.0,32,1.65,34.38,3.125,3.4,22.73,2.01,58.97,6.29,50.0,2.94,1.34,0.26,28.3,72.86,7.99,61.94,2.01,38.46,0.07,0.05,0.57,2.94,56.14,3.14,42.62,1.13,5.62,77.06,,,0.0,0.0,,,,-50912
Josué,Brazil 1.,2026,Coritiba,"AMF, CF",35,600000,2026-12-31,21,1744,1,1.82,9,4.37,Portugal,Portugal,left,174,no,3.3,3.56,44.93,0.67,7.69,0.05,1.42,0.0,0.09,0.0,19,0.98,31.58,5.263,2.22,39.53,1.03,50.0,4.95,47.92,0.72,0.67,0.0,47.58,82.75,17.49,76.11,5.88,56.14,0.23,0.15,0.67,10.11,71.94,3.92,47.37,0.98,10.11,81.12,,,0.0,0.0,,,,89261
Matheuzinho,Brazil 1.,2026,Corinthians,RB,25,5000000,2028-12-31,18,1736,1,0.44,2,2.06,Brazil,Brazil,right,171,no,8.4,4.87,71.28,1.09,61.9,0.21,6.93,0.05,0.02,0.0,12,0.62,41.67,8.333,3.11,46.67,1.35,50.0,2.9,46.43,0.83,1.45,0.16,41.01,82.93,14.57,74.73,3.99,54.55,0.11,0.0,0.47,5.44,72.38,2.8,61.11,0.57,8.14,78.98,,,0.0,0.0,,,,-70156
Baralhas,Brazil 1.,2026,Vitória,"RCMF, LCMF",27,1000000,2028-12-31,18,1735,2,1.37,2,1.06,Brazil,Brazil,right,178,no,7.21,5.45,51.43,0.99,31.58,0.41,5.56,0.1,0.07,0.0,20,1.04,20.0,10.0,0.62,41.67,1.09,52.38,3.73,51.39,0.78,1.04,0.1,27.91,84.01,8.2,70.89,2.54,65.31,0.05,0.1,0.47,3.79,80.82,1.04,60.0,0.26,4.93,64.21,,,0.0,0.0,,,,480918
Léo Pereira,Brazil 1.,2026,Flamengo,LCB,30,0,2027-12-31,18,1722,2,1.19,1,0.25,Brazil,Brazil,left,189,no,6.17,3.4,60.0,2.4,58.7,0.73,5.65,0.1,0.06,0.0,13,0.68,38.46,15.385,0.47,44.44,0.16,66.67,0.84,43.75,0.52,2.4,0.1,65.07,94.22,19.49,87.94,5.23,73.0,0.01,0.0,0.1,8.26,85.44,0.94,44.44,0.31,7.94,88.16,,,0.0,0.0,,,,288077
Gustavo Marques,Brazil 1.,2026,Red Bull Bragantino,LCB,24,0,2030-06-30,18,1700,0,0.91,0,0.02,Brazil,Brazil,right,189,no,7.09,3.02,59.65,3.23,52.46,0.74,8.03,0.0,0.05,0.0,10,0.53,40.0,0.0,0.16,0.0,0.05,100.0,0.53,70.0,0.9,0.42,0.0,40.29,87.39,14.56,75.27,4.66,46.59,0.0,0.0,0.0,5.56,65.71,0.48,22.22,0.11,7.36,69.78,,,0.0,0.0,,,,-121824
Bruno Melo,Brazil 1.,2026,Coritiba,"LB, LCB",33,400000,2026-12-31,20,1700,1,1.3,0,0.19,Brazil,Brazil,left,186,no,5.88,3.86,57.53,2.17,60.98,0.16,4.25,0.05,0.07,0.05,8,0.42,12.5,12.5,0.69,38.46,0.11,0.0,1.16,54.55,0.69,0.53,0.05,33.25,83.12,14.29,68.89,4.82,39.56,0.01,0.0,0.16,2.96,66.07,0.79,40.0,0.16,5.98,64.6,,,0.0,0.0,,,,289831
Reinaldo,Brazil 1.,2026,Mirassol,"LB, LWB",36,500000,2026-12-31,18,1697,1,1.47,3,4.94,Brazil,Brazil,left,178,no,5.41,3.66,55.07,1.17,45.45,0.42,4.52,0.0,0.08,0.0,23,1.22,13.04,4.348,3.08,27.59,1.33,48.0,3.61,44.12,1.06,1.91,0.37,35.32,72.52,16.92,70.53,5.73,50.0,0.26,0.16,0.48,7.05,68.42,4.14,42.31,0.95,10.66,72.64,,,0.0,0.0,,,,174478
Camilo,Brazil 1.,2026,Chapecoense,"LCMF, LDMF, DMF",27,1000000,2027-12-31,18,1687,0,0.42,0,0.3,Brazil,"Brazil, Netherlands",right,178,yes,8.0,6.51,62.3,1.39,50.0,0.32,4.35,0.0,0.02,0.0,14,0.75,14.29,0.0,0.32,33.33,0.53,70.0,2.77,53.85,0.27,0.69,0.0,38.68,85.93,11.31,72.17,3.68,47.83,0.02,0.11,0.16,5.17,64.95,0.64,58.33,0.27,4.37,67.07,,,0.0,0.0,,,,-51058
Cristian Pavón,Brazil 1.,2026,Grêmio,RB,30,4500000,2026-12-31,19,1684,1,0.64,3,3.88,Argentina,"Argentina, Italy",right,174,no,7.05,4.81,63.33,1.66,41.94,0.0,5.09,0.05,0.03,0.0,14,0.75,35.71,7.143,4.92,35.87,3.26,62.3,6.2,49.14,1.12,2.51,0.32,43.66,80.29,12.67,71.31,3.85,68.06,0.21,0.16,0.75,4.7,77.27,4.01,40.0,0.59,8.93,71.86,,,0.0,0.0,,,,319468
Vitinho,Brazil 1.,2026,Botafogo,RB,27,5000000,2029-12-31,19,1680,0,0.71,1,1.42,Brazil,Brazil,right,175,no,8.79,6.7,56.8,1.5,42.86,0.96,6.41,0.0,0.04,0.0,7,0.38,0.0,0.0,2.68,32.0,1.39,57.69,2.89,53.7,0.59,1.23,0.11,30.43,73.94,11.68,63.76,3.38,47.62,0.08,0.0,0.43,3.0,64.29,2.68,38.0,0.32,6.32,65.25,,,0.0,0.0,,,,-80420
Thiago Mendes,Brazil 1.,2026,Vasco da Gama,"LCMF, LDMF",34,4000000,2027-12-31,18,1670,3,1.07,0,0.78,Brazil,Brazil,right,177,no,4.31,2.91,57.41,1.89,34.29,0.16,3.76,0.16,0.06,0.05,14,0.75,50.0,21.429,0.59,45.45,0.7,61.54,6.04,53.57,1.02,1.67,0.32,53.03,91.36,17.73,82.98,2.8,73.08,0.04,0.0,0.27,10.13,85.64,1.29,62.5,0.75,6.36,85.59,,,0.0,0.0,,,,167149
Gerson,Brazil 1.,2026,Cruzeiro,"LDMF, RDMF",29,0,2030-12-31,19,1668,0,0.92,2,1.36,Brazil,Brazil,left,184,no,4.96,4.64,53.49,1.46,62.96,0.32,3.5,0.0,0.05,0.0,15,0.81,46.67,0.0,0.86,31.25,1.62,63.33,8.58,52.83,1.62,2.16,0.16,50.56,89.86,17.27,83.13,3.94,61.64,0.07,0.11,0.27,9.01,85.03,1.89,42.86,0.59,6.37,84.75,,,0.0,0.0,,,,363931
Luciano Juba,Brazil 1.,2026,Bahia,LB,26,0,2029-12-31,18,1666,7,3.09,1,1.76,Brazil,Brazil,left,176,no,6.75,4.48,61.45,1.67,41.94,0.11,6.0,0.27,0.17,0.0,20,1.08,60.0,35.0,1.73,46.88,1.08,70.0,2.43,48.89,0.7,1.19,0.11,40.62,83.78,11.24,66.83,3.89,52.78,0.09,0.22,0.22,4.38,61.73,2.0,64.86,0.59,6.1,62.83,,,0.0,0.0,,,,-85844
Alex Telles,Brazil 1.,2026,Botafogo,"LB, LWB",33,6000000,2028-12-31,19,1660,3,1.82,3,2.08,Brazil,"Brazil, Italy",left,181,no,5.31,4.66,45.35,1.52,42.86,0.22,4.31,0.05,0.1,0.0,11,0.6,27.27,27.273,2.22,36.59,0.54,80.0,2.06,47.37,0.38,1.14,0.05,27.98,82.17,9.65,71.91,3.52,56.92,0.11,0.0,0.05,3.2,66.1,2.01,35.14,0.27,5.37,74.75,,,0.0,0.0,,,,115167
Matheus Bidu,Brazil 1.,2026,Corinthians,LB,27,2000000,2027-12-31,17,1654,2,1.05,1,1.33,Brazil,Brazil,left,172,no,7.89,5.66,65.38,1.47,55.56,0.11,5.98,0.11,0.06,0.0,12,0.65,25.0,16.667,2.39,27.27,1.52,64.29,6.42,53.39,1.58,1.8,0.22,38.85,80.81,12.35,72.69,3.86,59.15,0.07,0.0,0.38,3.86,69.01,2.01,35.14,0.49,7.78,69.23,,,0.0,0.0,,,,-50708
Raniele,Brazil 1.,2026,Corinthians,"LDMF, LCMF, RDMF",29,3500000,2028-12-31,19,1647,1,1.45,0,0.3,Brazil,Brazil,right,184,no,9.23,6.28,61.74,3.01,50.91,0.38,7.28,0.05,0.08,0.05,13,0.71,15.38,7.692,0.38,28.57,1.04,63.16,3.83,57.14,1.26,0.33,0.05,31.09,82.78,11.8,75.0,2.02,54.05,0.02,0.0,0.05,3.61,78.79,0.6,27.27,0.16,4.81,68.18,,,0.0,0.0,,,,444159
Caíque,Brazil 1.,2026,Vitória,"DMF, RCB",30,500000,2027-12-31,19,1640,0,0.01,0,0.06,Brazil,Brazil,right,178,no,7.79,5.65,66.99,1.87,47.06,0.44,5.52,0.0,0.0,0.0,2,0.11,50.0,0.0,0.05,100.0,0.38,42.86,2.91,50.94,0.0,0.38,0.0,35.07,88.26,11.41,75.0,1.65,46.67,0.0,0.0,0.0,4.83,70.45,0.16,33.33,0.0,4.61,60.71,,,0.0,0.0,,,,395234
E. Pulga,Brazil 1.,2026,Bahia,"LWF, CF",25,0,2029-12-31,21,1639,0,1.62,1,0.89,Brazil,Brazil,right,169,no,4.72,5.33,50.52,1.76,12.5,0.0,2.48,0.0,0.09,0.0,18,0.99,44.44,0.0,2.91,24.53,3.73,66.18,9.72,52.54,3.18,3.02,0.66,20.48,75.07,3.95,73.61,0.88,62.5,0.05,0.05,0.16,1.32,79.17,2.42,47.73,1.04,2.86,75.0,,,0.0,0.0,,,,-164513
Arthur Cabral,Brazil 1.,2026,Botafogo,CF,28,14000000,2028-12-31,18,1627,7,5.2,1,1.14,Brazil,Brazil,right,186,no,2.6,1.99,47.22,5.53,37.0,0.17,2.33,0.39,0.29,0.0,40,2.21,50.0,17.5,0.17,33.33,1.11,45.0,5.59,36.63,3.1,0.77,0.0,12.67,77.29,3.65,62.12,0.72,61.54,0.06,0.06,0.44,1.38,60.0,0.55,80.0,0.77,1.38,76.0,,,0.0,0.0,,,,409255
Pedro Rangel,Brazil 1.,2026,Coritiba,GK,26,600000,2028-12-31,16,1623,0,0.0,0,0.0,Brazil,Brazil,right,192,no,1.0,0.17,100.0,0.61,81.82,0.0,0.93,0.0,0.0,0.0,0,0.0,0.0,0.0,0.0,0.0,0.0,0.0,0.06,100.0,0.0,0.0,0.0,19.52,72.16,11.59,57.42,8.65,41.67,0.0,0.0,0.0,3.99,40.28,0.55,0.0,0.0,5.55,60.0,1.16,4.38,73.42,1.0,-2.92,-0.162,1.66,-69983
Marcelinho,Brazil 1.,2026,Remo,RB,28,0,,18,1620,2,1.12,0,1.21,Brazil,Brazil,right,169,no,6.28,3.56,60.94,3.33,38.33,0.11,4.91,0.11,0.06,0.06,19,1.06,36.84,10.526,3.11,28.57,1.56,53.57,5.0,47.78,0.83,2.06,0.33,28.44,73.05,10.5,65.61,2.72,46.94,0.07,0.0,0.33,3.5,61.9,3.28,38.98,0.44,6.17,69.37,,,0.0,0.0,,,,57637
Alix,Brazil 1.,2026,Red Bull Bragantino,RCB,26,1000000,2028-12-31,18,1620,0,0.8,0,0.06,Brazil,Brazil,right,195,no,8.94,5.0,52.22,3.28,64.41,0.5,9.47,0.0,0.04,0.0,7,0.39,28.57,0.0,0.11,100.0,0.78,78.57,1.72,48.39,0.67,0.17,0.06,37.56,83.73,15.28,70.91,6.11,51.82,0.0,0.0,0.11,6.22,64.29,0.61,54.55,0.28,7.5,71.85,,,0.0,0.0,,,,-237448
Léo Ortiz,Brazil 1.,2026,Flamengo,RCB,30,0,2028-12-31,18,1618,1,0.36,1,0.0,Brazil,Brazil,right,185,no,5.9,2.78,66.0,3.0,68.52,0.67,5.5,0.06,0.02,0.06,4,0.22,25.0,25.0,0.33,66.67,0.17,33.33,0.67,66.67,0.44,1.39,0.0,58.24,91.21,20.75,81.23,6.4,66.96,0.0,0.06,0.0,8.57,83.12,0.89,75.0,0.44,10.35,75.81,,,0.0,0.0,,,,472675
A. Gómez,Brazil 1.,2026,Vasco da Gama,"LW, LAMF",23,0,2031-01-31,18,1616,4,3.88,2,4.89,Colombia,Colombia,right,171,no,5.96,5.85,50.48,1.39,16.0,0.17,4.55,0.22,0.22,0.0,60,3.34,26.67,6.667,5.4,24.74,8.74,56.69,16.37,41.16,5.07,3.95,0.67,24.62,70.81,5.51,67.68,0.95,52.94,0.27,0.06,1.06,0.95,76.47,5.18,47.31,1.45,3.51,85.71,,,0.0,0.0,,,,-307078
Kaiki,Brazil 1.,2026,Cruzeiro,LB,23,0,2027-12-31,16,1615,0,0.86,2,2.15,Brazil,Brazil,left,172,yes,8.92,7.75,66.91,2.84,45.1,0.11,5.32,0.0,0.05,0.0,15,0.84,26.67,0.0,2.12,31.58,2.17,56.41,5.29,45.26,1.67,1.62,0.17,30.15,78.37,11.81,69.34,3.18,45.61,0.12,0.06,0.67,4.4,59.49,2.28,48.78,0.78,5.91,66.98,,,0.0,0.0,,,,-176182
Jacy,Brazil 1.,2026,Coritiba,"LCB, RCB",29,100000,2028-12-31,19,1613,1,0.78,0,0.26,Brazil,Brazil,right,192,no,10.27,5.19,61.29,4.52,59.26,1.17,8.18,0.06,0.04,0.06,9,0.5,11.11,11.111,0.0,0.0,0.17,66.67,1.17,47.62,0.78,0.67,0.11,28.4,83.89,12.5,71.43,3.29,45.76,0.01,0.06,0.06,2.4,60.47,0.17,66.67,0.17,4.74,58.82,,,0.0,0.0,,,,473110
J. Aguirre,Brazil 1.,2026,Athletico Paranaense,CB,29,850000,2027-12-31,18,1611,1,0.93,0,0.0,Colombia,Colombia,right,185,no,8.38,4.8,58.14,3.91,65.71,0.73,6.53,0.06,0.05,0.06,8,0.45,50.0,12.5,0.06,0.0,0.11,0.0,0.5,33.33,0.67,0.11,0.0,33.63,93.69,8.94,80.63,2.07,67.57,0.0,0.0,0.0,2.57,82.61,0.11,0.0,0.0,3.8,69.12,,,0.0,0.0,,,,435386
J. Carbonero,Brazil 1.,2026,Internacional,"CF, AMF, LAMF",27,2200000,2029-12-31,21,1605,5,4.96,3,2.7,Colombia,Colombia,right,170,no,1.79,2.92,30.77,1.63,24.14,0.06,1.22,0.28,0.28,0.0,45,2.52,35.56,11.111,1.79,25.0,4.04,50.0,12.5,43.05,3.64,2.8,0.39,25.68,82.31,7.01,75.2,0.79,71.43,0.15,0.22,0.56,3.14,85.71,2.58,56.52,1.63,3.36,85.0,,,0.0,0.0,,,,-73075
Willian Machado,Brazil 1.,2026,Mirassol,LCB,29,100000,2028-12-31,16,1600,1,0.71,1,0.58,Brazil,Brazil,left,186,no,7.82,4.11,63.01,3.88,71.01,0.73,7.28,0.06,0.04,0.06,8,0.45,50.0,12.5,0.28,40.0,0.06,100.0,0.68,50.0,0.68,1.52,0.0,45.0,88.75,17.89,78.62,4.67,60.24,0.03,0.0,0.11,5.79,73.79,0.39,14.29,0.11,7.14,71.65,,,0.0,0.0,,,,-10855
Erick,Brazil 1.,2026,Vitória,"RW, RWF, RAMF",28,1200000,2028-12-31,20,1591,2,1.82,3,3.03,Brazil,Brazil,left,173,no,3.05,3.62,50.0,0.62,27.27,0.0,1.66,0.06,0.1,0.0,24,1.36,33.33,8.333,1.92,38.24,3.11,50.91,8.65,50.33,1.36,1.36,0.34,30.83,73.94,9.45,62.28,5.26,63.44,0.17,0.17,0.51,5.54,60.2,3.22,52.63,0.85,7.64,71.11,,,0.0,0.0,,,,472497
Yuri Alberto,Brazil 1.,2026,Corinthians,CF,25,0,2030-06-30,17,1590,3,4.75,2,0.48,Brazil,Brazil,right,182,no,2.6,2.43,44.19,4.08,30.56,0.06,2.31,0.17,0.27,0.0,35,1.98,48.57,8.571,0.45,12.5,1.47,65.38,5.72,35.64,3.06,0.85,0.17,12.85,74.01,2.32,58.54,0.23,50.0,0.03,0.11,0.28,1.19,52.38,0.85,40.0,0.68,1.19,76.19,,,0.0,0.0,,,,474975
Igor Formiga,Brazil 1.,2026,Mirassol,"RB, RWB",27,400000,2026-12-31,18,1589,4,2.14,1,1.88,Brazil,Brazil,right,177,no,10.53,8.38,60.14,2.83,62.0,0.34,7.34,0.23,0.12,0.06,17,0.96,41.18,23.529,3.12,34.55,2.1,56.76,4.76,40.48,1.64,2.32,0.11,32.4,77.45,11.38,66.67,2.38,52.38,0.11,0.06,0.23,3.0,66.04,2.78,46.94,0.34,5.89,65.38,,,0.0,0.0,,,,-72864
Léo Vieira,Brazil 1.,2026,Bahia,GK,35,100000,2026-12-31,16,1584,0,0.0,0,0.0,Brazil,Brazil,right,193,no,1.65,0.23,50.0,0.23,100.0,0.0,2.04,0.0,0.0,0.0,0,0.0,0.0,0.0,0.0,0.0,0.06,0.0,0.11,50.0,0.0,0.0,0.0,17.39,88.56,7.56,77.44,3.75,54.55,0.0,0.0,0.0,0.4,28.57,0.11,0.0,0.0,2.78,46.94,1.31,5.34,75.53,1.31,0.01,0.001,1.36,64987
R. Garro,Brazil 1.,2026,Corinthians,"AMF, CF",28,0,2028-12-31,21,1583,3,2.59,5,3.23,Argentina,"Argentina, Italy",left,174,no,3.58,3.7,52.31,0.4,14.29,0.0,2.57,0.17,0.15,0.0,31,1.76,48.39,9.677,1.25,50.0,1.59,60.71,7.16,53.97,1.36,0.91,0.06,37.98,79.64,13.3,64.53,4.38,67.53,0.18,0.34,0.68,7.5,72.73,3.92,46.38,1.08,6.6,81.9,,,0.0,0.0,,,,-73161
Danielzinho,Brazil 1.,2026,São Paulo,"DMF, RDMF, RCMF",31,300000,2027-12-31,19,1582,1,1.48,1,0.98,Brazil,Brazil,right,167,no,6.66,4.55,60.0,1.76,64.52,0.17,5.64,0.06,0.08,0.0,9,0.51,22.22,11.111,0.8,14.29,0.46,50.0,3.98,54.29,0.57,0.85,0.0,53.76,90.26,15.08,78.49,3.81,62.69,0.06,0.06,0.17,6.94,82.79,1.42,40.0,0.34,5.8,78.43,,,0.0,0.0,,,,176492
Lucas Ronier,Brazil 1.,2026,Coritiba,"RAMF, RW",21,0,2027-12-31,18,1579,1,2.59,3,2.24,Brazil,Brazil,left,165,no,7.01,6.33,57.66,2.68,31.91,0.11,3.78,0.06,0.15,0.06,34,1.94,26.47,2.941,1.54,33.33,3.7,63.08,11.57,48.77,2.56,2.74,0.23,26.56,78.76,6.44,69.03,2.45,62.79,0.13,0.06,0.46,2.68,80.85,1.65,55.17,0.8,3.59,61.9,,,0.0,0.0,,,,-258096
Jean Lucas,Brazil 1.,2026,Bahia,"LCMF, LDMF",28,0,2028-12-31,19,1579,2,1.86,2,2.43,Brazil,Brazil,right,181,no,5.13,5.76,45.54,1.08,26.32,0.4,3.78,0.11,0.11,0.0,17,0.97,23.53,11.765,0.97,35.29,1.77,51.61,6.33,31.53,1.6,1.2,0.46,27.59,87.4,6.1,75.7,0.97,52.94,0.14,0.23,0.51,2.79,83.67,1.2,52.38,0.74,3.02,75.47,,,0.0,0.0,,,,474926
E. Martínez,Brazil 1.,2026,Vitória,"LCMF, DMF",32,1200000,2027-12-31,18,1577,0,0.57,0,0.7,Argentina,Argentina,right,177,no,7.99,6.56,58.26,0.91,25.0,0.29,5.28,0.0,0.03,0.0,9,0.51,22.22,0.0,0.34,66.67,0.68,58.33,4.17,41.1,0.57,0.97,0.06,36.53,88.59,11.19,76.53,3.14,58.18,0.04,0.06,0.23,4.79,77.38,0.74,46.15,0.51,4.79,75.0,,,0.0,0.0,,,,396515
Alan Franco,Brazil 1.,2026,Atlético Mineiro,"LCMF, RCMF, RB",27,3500000,2027-12-31,16,1554,0,0.47,1,1.12,Ecuador,Ecuador,right,174,no,6.31,5.33,57.61,1.56,62.96,0.29,4.39,0.0,0.03,0.0,5,0.29,40.0,0.0,0.52,55.56,0.23,100.0,1.22,42.86,0.87,0.06,0.0,31.04,88.25,9.5,79.27,1.74,46.67,0.06,0.0,0.17,3.82,87.88,0.81,50.0,0.29,4.58,74.68,,,0.0,0.0,,,,398919
Cacá,Brazil 1.,2026,Vitória,"RCB, LCB",27,2000000,2028-12-31,16,1548,1,0.43,0,0.0,Brazil,Brazil,right,187,no,6.63,3.26,60.71,3.37,56.9,0.87,6.38,0.06,0.03,0.0,5,0.29,40.0,20.0,0.0,0.0,0.06,0.0,0.87,26.67,0.41,0.29,0.06,31.69,87.52,10.47,70.0,2.91,52.0,0.0,0.0,0.0,2.62,64.44,0.17,0.0,0.06,4.59,54.43,,,0.0,0.0,,,,-62336
S. Gómez,Brazil 1.,2026,Coritiba,"LDMF, LCMF, RCMF",30,0,2028-12-31,18,1546,0,0.91,0,0.26,Colombia,Colombia,left,172,no,8.56,7.39,54.33,1.16,60.0,0.29,4.93,0.0,0.05,0.0,15,0.87,26.67,0.0,0.23,25.0,0.35,50.0,2.68,50.0,0.7,0.47,0.06,24.33,86.84,8.09,75.54,1.57,40.74,0.02,0.0,0.12,2.62,80.0,0.58,30.0,0.12,2.68,69.57,,,0.0,0.0,,,,437959
Breno Bidon,Brazil 1.,2026,Corinthians,"RAMF, LAMF, RW",21,0,2029-12-31,20,1539,2,1.44,1,1.17,Brazil,Brazil,left,174,no,6.37,6.14,50.48,1.17,40.0,0.35,4.35,0.12,0.08,0.0,13,0.76,23.08,15.385,0.29,0.0,1.52,61.54,7.02,53.33,0.7,1.29,0.0,34.5,85.93,10.76,73.37,2.34,60.0,0.07,0.18,0.18,5.15,85.23,1.11,36.84,0.41,4.8,76.83,,,0.0,0.0,,,,-344763
David Duarte,Brazil 1.,2026,Bahia,RCB,31,1000000,2027-12-31,15,1534,3,1.89,1,0.33,Brazil,Brazil,right,193,no,6.81,3.58,65.57,5.05,80.23,0.59,6.81,0.18,0.11,0.12,12,0.7,50.0,25.0,0.0,0.0,0.06,0.0,0.53,44.44,0.94,1.29,0.0,46.17,90.22,15.31,76.25,5.22,47.19,0.02,0.0,0.06,6.28,67.29,0.65,27.27,0.23,6.16,78.1,,,0.0,0.0,,,,401925
Flaco López,Brazil 1.,2026,Palmeiras,CF,25,0,2029-12-31,19,1522,6,2.47,1,0.74,Argentina,Argentina,left,190,no,4.38,3.67,48.39,5.74,41.24,0.24,3.56,0.35,0.15,0.06,32,1.89,40.63,18.75,1.6,25.93,3.13,37.74,11.18,34.92,3.31,1.48,0.18,17.5,66.89,4.49,60.53,1.66,67.86,0.04,0.18,0.41,1.54,69.23,2.25,57.89,1.24,2.48,71.43,,,0.0,0.0,,,,-223805
Allan Elias,Brazil 1.,2026,Palmeiras,"RW, RAMF",22,0,2029-12-31,19,1503,4,2.8,2,1.08,Brazil,Brazil,,0,no,6.29,5.57,51.61,0.96,37.5,0.06,4.63,0.24,0.17,0.06,32,1.92,37.5,12.5,1.14,31.58,5.39,58.89,12.22,50.0,2.04,2.87,0.42,23.83,83.42,6.29,72.38,0.3,60.0,0.06,0.12,0.54,1.5,80.0,1.68,50.0,0.84,2.87,54.17,,,0.0,0.0,,,,-176323
Samuel Lino,Brazil 1.,2026,Flamengo,"LAMF, LW, AMF",26,0,2029-12-31,21,1493,5,3.25,6,3.81,Brazil,Brazil,right,170,no,5.97,6.21,57.28,1.21,50.0,0.06,3.5,0.3,0.2,0.0,40,2.41,35.0,12.5,2.23,43.24,3.5,53.45,8.56,47.18,3.44,2.65,0.12,40.09,84.96,6.87,74.56,1.75,82.76,0.23,0.36,1.09,2.11,82.86,2.83,55.32,1.39,5.0,84.34,,,0.0,0.0,,,,476784
Victor Hugo,Brazil 1.,2026,Atlético Mineiro,"RW, LCMF, AMF",22,0,2030-12-31,18,1492,4,2.52,1,1.34,Brazil,Brazil,left,184,no,3.38,2.71,55.56,2.23,40.54,0.12,2.39,0.24,0.15,0.0,16,0.97,62.5,25.0,1.45,37.5,2.53,45.24,8.08,46.27,1.51,1.99,0.24,31.49,80.84,9.71,67.7,2.9,64.58,0.08,0.12,0.48,5.67,73.4,2.23,48.65,0.72,4.4,79.45,,,0.0,0.0,,,,-176338
Gonzalo Escobar,Brazil 1.,2026,Santos,LB,29,600000,2027-12-31,15,1489,0,0.45,1,1.22,Argentina,Argentina,left,171,no,10.4,7.07,65.81,2.3,63.16,0.3,7.21,0.0,0.03,0.0,7,0.42,28.57,0.0,1.33,45.45,1.09,83.33,2.84,63.83,0.91,1.03,0.36,41.4,83.36,17.65,76.71,2.48,48.78,0.07,0.0,0.24,3.63,71.67,1.57,50.0,0.48,7.25,70.83,,,0.0,0.0,,,,445451
Bruno Leonardo,Brazil 1.,2026,Chapecoense,"RCB, CB",30,0,,15,1478,0,0.29,0,0.12,Brazil,Brazil,right,187,no,7.25,3.35,54.55,3.35,63.64,0.73,6.54,0.0,0.02,0.0,2,0.12,0.0,0.0,0.06,100.0,0.12,50.0,0.91,60.0,0.24,0.55,0.0,36.9,90.59,12.24,80.1,3.71,60.66,0.01,0.0,0.0,2.74,71.11,0.24,75.0,0.12,4.51,63.51,,,0.0,0.0,,,,444789
J. Arias,Brazil 1.,2026,Palmeiras,"LAMF, LW, AMF",28,14000000,2029-12-31,17,1475,4,3.35,1,0.62,Colombia,Colombia,right,168,no,7.2,5.92,52.58,1.22,45.0,0.31,5.74,0.24,0.2,0.0,35,2.14,40.0,11.429,1.77,24.14,3.42,55.36,11.29,41.62,2.44,2.26,0.37,37.28,85.76,9.03,75.0,1.1,55.56,0.04,0.0,0.31,3.72,83.61,2.62,51.16,1.04,5.0,69.51,,,0.0,0.0,,,,449822
Igor Vinícius,Brazil 1.,2026,Santos,RB,29,2500000,2028-06-30,15,1462,0,0.09,0,0.36,Brazil,Brazil,right,174,no,6.53,5.36,64.37,1.35,36.36,0.18,3.84,0.0,0.01,0.0,3,0.18,66.67,0.0,2.15,42.86,1.66,40.74,4.99,38.27,0.55,1.11,0.18,38.35,82.34,14.84,76.35,2.34,57.89,0.02,0.0,0.12,4.8,75.64,2.59,54.76,0.62,6.77,70.0,,,0.0,0.0,,,,443082
L. Esquivel,Brazil 1.,2026,Athletico Paranaense,"LCB, LB, LWB",24,0,2029-06-30,16,1456,1,0.44,4,2.03,Argentina,Argentina,left,183,no,8.1,6.68,57.41,1.3,57.14,0.31,5.95,0.06,0.03,0.0,13,0.8,23.08,7.692,2.78,24.44,0.99,68.75,3.34,51.85,0.62,2.04,0.43,47.23,81.28,20.15,74.54,5.63,49.45,0.13,0.0,0.25,7.11,71.3,3.03,34.69,0.56,11.37,71.2,,,0.0,0.0,,,,-212142
Sabino,Brazil 1.,2026,São Paulo,LCB,29,1000000,2028-12-31,16,1452,1,0.36,1,0.15,Brazil,Brazil,left,185,no,7.87,4.71,67.11,4.52,61.64,0.56,6.7,0.06,0.02,0.0,8,0.5,50.0,12.5,0.31,40.0,0.31,20.0,0.87,50.0,0.43,0.99,0.12,41.53,85.97,19.03,75.57,6.14,46.46,0.01,0.0,0.06,6.69,62.04,0.87,28.57,0.19,8.12,72.52,,,0.0,0.0,,,,488622
Tiago Cóser,Brazil 1.,2026,Coritiba,"RCB, LCB",22,400000,2027-12-31,19,1451,2,0.82,0,0.24,Brazil,"Brazil, Italy",right,187,no,8.37,4.16,49.25,3.1,62.0,1.05,7.83,0.12,0.05,0.06,6,0.37,50.0,33.333,0.0,0.0,0.12,100.0,0.74,50.0,0.68,0.37,0.06,28.66,89.18,9.86,77.36,3.41,47.27,0.01,0.0,0.19,1.8,48.28,0.19,0.0,0.19,3.85,66.13,,,0.0,0.0,,,,-165853
R. Villagra,Brazil 1.,2026,Internacional,"LCMF, DMF",25,7000000,2028-12-31,16,1450,0,0.24,0,1.25,Argentina,Argentina,right,178,yes,5.77,5.28,55.29,1.86,60.0,0.12,3.44,0.0,0.02,0.0,9,0.56,22.22,0.0,0.56,77.78,0.74,66.67,3.91,60.32,0.12,0.81,0.06,38.48,87.42,11.36,75.96,4.78,53.25,0.08,0.06,0.12,7.63,73.98,1.12,50.0,0.31,5.03,85.19,,,0.0,0.0,,,,-118004
Alexander Barboza,Brazil 1.,2026,Palmeiras,LCB,31,2500000,2028-12-31,15,1445,1,1.18,2,0.78,Argentina,"Argentina, Uruguay",left,193,no,7.85,6.1,59.18,5.29,62.35,0.5,6.09,0.06,0.07,0.06,12,0.75,50.0,8.333,0.37,33.33,0.06,100.0,1.43,26.09,0.93,1.18,0.0,51.01,83.15,23.61,73.09,8.91,52.45,0.05,0.0,0.12,9.03,60.69,1.31,47.62,0.69,11.83,74.21,,,0.0,0.0,,,,409123
T. Cuello,Brazil 1.,2026,Atlético Mineiro,"LW, RWB, AMF",26,3000000,2028-12-31,19,1443,2,3.38,1,2.23,Argentina,Argentina,right,178,no,5.68,3.8,50.82,1.12,22.22,0.12,4.99,0.12,0.21,0.0,42,2.62,28.57,4.762,2.62,30.95,4.24,50.0,11.23,41.11,3.74,3.93,0.31,31.37,73.76,7.3,63.25,2.62,47.62,0.14,0.25,0.94,2.37,60.53,2.74,52.27,1.43,5.05,77.78,,,0.0,0.0,,,,472617
Tiago Volpi,Brazil 1.,2026,Red Bull Bragantino,GK,35,1500000,2026-12-31,14,1437,2,1.52,0,0.24,Brazil,Brazil,right,189,no,0.94,0.13,100.0,0.06,100.0,0.0,1.19,0.0,0.1,0.0,2,0.13,100.0,100.0,0.0,0.0,0.06,100.0,0.06,100.0,0.0,0.0,0.0,26.87,82.75,14.72,72.34,11.21,60.34,0.02,0.0,0.13,4.7,49.33,0.69,18.18,0.13,7.27,80.17,0.88,3.51,75.0,0.97,1.45,0.091,1.0,113642
Jemmes,Brazil 1.,2026,Fluminense,"RCB, LCB",26,0,2030-12-31,16,1436,0,0.49,0,0.04,Brazil,Brazil,right,187,no,6.71,4.26,72.06,3.64,56.9,0.38,5.61,0.0,0.03,0.0,3,0.19,0.0,0.0,0.0,0.0,0.31,100.0,1.19,63.16,0.44,0.69,0.13,48.76,89.07,16.11,76.26,3.38,38.89,0.0,0.0,0.06,3.01,68.75,0.13,50.0,0.06,5.7,49.45,,,0.0,0.0,,,,-112887
Cauan Barros,Brazil 1.,2026,Vasco da Gama,"RCMF, RDMF",22,0,2027-12-31,18,1435,3,2.0,0,0.12,Brazil,Brazil,right,175,no,9.09,6.08,52.58,4.52,58.33,0.44,8.98,0.19,0.13,0.13,17,1.07,17.65,17.647,0.19,33.33,0.63,50.0,4.26,64.71,0.88,1.0,0.0,49.92,90.45,13.55,81.48,2.89,63.04,0.01,0.0,0.06,6.9,82.73,0.25,50.0,0.13,5.46,73.56,,,0.0,0.0,,,,-282850
Breno Lopes,Brazil 1.,2026,Coritiba,"LAMF, LW",30,1800000,2029-12-31,19,1429,8,3.4,2,2.89,Brazil,Brazil,right,178,no,2.33,2.46,41.03,1.01,37.5,0.13,1.57,0.5,0.21,0.0,22,1.39,63.64,36.364,2.08,30.3,3.46,67.27,7.49,53.78,2.65,2.96,0.63,23.37,80.86,4.47,73.24,1.07,58.82,0.18,0.0,0.82,1.26,60.0,1.89,63.33,1.01,3.21,64.71,,,0.0,0.0,,,,433634
Guillermo Varela,Brazil 1.,2026,Flamengo,RB,33,1700000,2027-12-31,16,1427,0,0.43,2,1.21,Uruguay,"Uruguay, Italy",right,174,no,6.94,4.29,64.71,2.21,48.57,0.38,5.61,0.0,0.03,0.0,4,0.25,0.0,0.0,2.71,44.19,0.57,77.78,3.22,52.94,1.26,0.82,0.0,41.12,87.42,11.98,83.16,2.08,42.42,0.08,0.0,0.32,3.03,81.25,2.46,43.59,0.38,5.05,75.0,,,0.0,0.0,,,,192656
I. Pitta,Brazil 1.,2026,Red Bull Bragantino,CF,26,4000000,2028-12-31,19,1421,6,5.97,2,0.7,Paraguay,Paraguay,right,183,no,1.65,1.33,38.1,3.42,44.44,0.06,1.82,0.38,0.38,0.06,38,2.41,34.21,15.789,0.38,50.0,0.44,28.57,3.29,36.54,3.36,0.38,0.06,12.92,74.02,2.34,48.65,0.7,63.64,0.04,0.0,0.25,0.95,40.0,0.44,57.14,0.51,0.95,73.33,,,0.0,0.0,,,,-114721
Danilo,Brazil 1.,2026,Botafogo,"RCMF, AMF, LDMF",25,0,2029-06-30,15,1417,7,1.96,2,1.58,Brazil,Brazil,left,176,no,5.59,3.3,65.38,1.21,36.84,0.38,4.53,0.44,0.12,0.06,29,1.84,41.38,24.138,0.64,10.0,2.03,53.13,4.7,35.14,1.65,1.27,0.19,37.09,84.25,12.07,76.84,3.18,54.0,0.1,0.13,0.38,5.08,72.5,1.27,50.0,0.89,5.97,74.47,,,0.0,0.0,,,,-129152
D. Tchamba,Brazil 1.,2026,Remo,"LCB, LB",28,500000,2026-12-31,14,1416,0,0.37,0,0.33,Cameroon,Cameroon,left,191,no,8.52,3.31,57.69,3.56,57.14,0.51,7.76,0.0,0.02,0.0,4,0.25,25.0,0.0,0.44,42.86,0.32,100.0,0.83,61.54,0.64,0.44,0.13,34.32,79.44,16.78,73.11,6.23,47.96,0.02,0.0,0.06,5.72,63.33,0.76,25.0,0.13,8.33,66.41,,,0.0,0.0,,,,504268
Alex Sandro,Brazil 1.,2026,Flamengo,LB,35,2000000,2027-12-31,16,1401,0,0.11,0,0.97,Brazil,Brazil,left,180,no,6.55,4.95,55.84,2.51,51.28,0.32,5.01,0.0,0.01,0.0,2,0.13,0.0,0.0,2.25,42.86,1.28,50.0,4.63,47.22,0.51,1.61,0.19,44.84,86.1,15.48,79.25,3.47,57.41,0.06,0.0,0.32,5.65,78.41,2.57,50.0,0.32,7.52,79.49,,,0.0,0.0,,,,78657
Lucas Ramon,Brazil 1.,2026,São Paulo,RB,32,250000,2027-12-31,15,1394,0,0.61,1,1.23,Brazil,Brazil,right,178,no,8.07,6.33,65.31,1.55,66.67,0.0,5.88,0.0,0.04,0.0,7,0.45,42.86,0.0,3.49,31.48,1.29,60.0,3.81,52.54,0.9,1.94,0.52,34.93,79.3,12.98,71.64,3.36,55.77,0.08,0.0,0.65,3.03,76.6,2.78,48.84,0.45,6.65,69.9,,,0.0,0.0,,,,307222
Artur,Brazil 1.,2026,São Paulo,"RAMF, RW",28,11000000,2029-12-31,16,1393,3,2.44,1,2.01,Brazil,Brazil,left,168,no,4.52,2.46,71.05,0.9,42.86,0.06,3.62,0.19,0.16,0.0,28,1.81,50.0,10.714,2.46,26.32,4.26,57.58,9.82,45.39,2.13,3.68,0.26,28.23,78.95,7.49,70.69,1.29,60.0,0.13,0.13,0.19,3.75,79.31,2.33,38.89,0.65,4.2,73.85,,,0.0,0.0,,,,446562
Gabriel Bontempo,Brazil 1.,2026,Santos,"RAMF, RW, RCMF",21,0,2030-12-31,19,1392,0,0.98,1,1.73,Brazil,Brazil,unknown,0,no,5.82,3.88,66.67,1.75,51.85,0.32,4.1,0.0,0.06,0.0,11,0.71,18.18,0.0,1.36,33.33,1.81,53.57,5.3,45.12,2.13,2.13,0.39,38.99,84.58,9.57,79.73,1.42,68.18,0.11,0.06,0.65,3.36,88.46,2.33,66.67,1.03,4.78,74.32,,,0.0,0.0,,,,-314739
Christian,Brazil 1.,2026,Cruzeiro,"LAMF, RAMF, RW",25,0,2030-06-30,17,1389,5,2.68,2,1.07,Brazil,Brazil,right,175,no,6.41,4.41,69.12,1.88,41.38,0.06,4.97,0.32,0.17,0.06,18,1.17,44.44,27.778,1.23,21.05,1.43,27.27,4.67,30.56,2.01,0.71,0.13,25.59,80.0,6.35,63.27,0.71,36.36,0.07,0.26,0.26,2.2,70.59,1.88,48.28,0.71,2.79,65.12,,,0.0,0.0,,,,-69147
Luiz Gustavo,Brazil 1.,2026,Athletico Paranaense,"LCMF, DMF, RCMF",39,350000,2026-12-31,16,1388,2,2.44,0,0.33,Brazil,"Brazil, Germany",left,186,no,5.77,4.09,63.49,1.1,29.41,0.32,4.27,0.13,0.16,0.06,18,1.17,44.44,11.111,0.26,0.0,0.91,78.57,5.38,54.22,0.84,0.84,0.13,37.15,90.4,11.54,82.02,1.95,63.33,0.02,0.06,0.13,6.87,85.85,0.78,33.33,0.32,4.93,86.84,,,0.0,0.0,,,,10592
Alesson,Brazil 1.,2026,Mirassol,"LAMF, CF, LW",27,550000,2028-12-31,19,1385,0,2.89,4,1.89,Brazil,Brazil,right,173,no,6.04,5.98,58.7,2.08,34.38,0.13,3.52,0.0,0.19,0.0,29,1.88,48.28,0.0,3.57,38.18,4.35,38.81,10.92,32.74,2.86,2.73,0.52,26.64,79.02,6.11,69.15,1.23,63.16,0.12,0.13,0.71,1.82,57.14,3.25,60.0,0.78,4.42,83.82,,,0.0,0.0,,,,469423
N. Ferraresi,Brazil 1.,2026,Botafogo,"RCB, LCB",27,3500000,2027-12-31,17,1380,1,0.78,0,0.22,Venezuela,"Venezuela, Italy",right,190,yes,9.98,5.22,52.5,3.52,61.11,0.72,8.81,0.07,0.05,0.07,4,0.26,25.0,25.0,0.2,33.33,0.07,0.0,0.52,50.0,0.59,0.59,0.13,42.0,86.8,18.33,75.09,5.67,51.72,0.01,0.0,0.07,5.61,62.79,0.85,23.08,0.2,7.04,75.0,,,0.0,0.0,,,,471712
Luan Peres,Brazil 1.,2026,Santos,LCB,32,1300000,2027-12-31,16,1377,0,0.25,0,0.0,Brazil,Brazil,left,190,no,7.91,3.92,63.33,2.81,72.09,0.92,6.65,0.0,0.02,0.0,3,0.2,0.0,0.0,0.2,66.67,0.33,80.0,1.5,73.91,0.26,0.46,0.07,36.41,85.28,16.08,74.39,4.84,44.59,0.0,0.0,0.0,4.64,69.01,0.59,33.33,0.07,7.39,68.14,,,0.0,0.0,,,,302497
Patrick,Brazil 1.,2026,Remo,"LDMF, LCMF",34,2000000,2026-12-31,19,1377,0,1.18,0,0.85,Brazil,Brazil,left,176,yes,7.65,5.95,61.54,2.16,57.58,0.33,3.52,0.0,0.08,0.0,15,0.98,13.33,0.0,1.63,40.0,1.11,64.71,5.16,46.84,1.37,0.98,0.0,35.03,85.07,9.74,77.85,1.96,46.67,0.06,0.0,0.26,4.97,78.95,1.5,52.17,0.33,4.38,71.64,,,0.0,0.0,,,,197822
Yago Pikachu,Brazil 1.,2026,Remo,"RAMF, RW",34,1200000,2026-12-31,21,1377,2,1.23,1,0.8,Brazil,Brazil,right,169,no,3.59,3.2,55.1,1.7,34.62,0.07,2.24,0.13,0.08,0.0,18,1.18,38.89,11.111,1.31,35.0,0.65,30.0,4.64,33.8,1.57,0.85,0.07,25.42,77.12,9.08,67.63,2.68,48.78,0.05,0.07,0.39,3.86,69.49,1.9,44.83,0.46,4.64,71.83,,,0.0,0.0,,,,234689
Mayk,Brazil 1.,2026,Remo,LB,26,500000,2027-12-31,14,1374,0,0.04,1,0.92,Brazil,Brazil,left,172,no,5.96,3.14,60.42,2.1,53.13,0.2,4.7,0.0,0.0,0.0,3,0.2,0.0,0.0,1.83,25.0,0.26,75.0,1.9,48.28,0.0,0.66,0.07,35.17,74.67,17.69,65.56,5.44,43.37,0.06,0.0,0.2,7.14,58.72,2.29,28.57,0.2,8.78,70.15,,,0.0,0.0,,,,478754
José Aldo,Brazil 1.,2026,Mirassol,"LDMF, RDMF, RCMF",28,50000,2027-12-31,17,1373,0,0.3,1,0.85,Brazil,Brazil,right,175,no,7.08,5.97,52.75,2.56,53.85,0.2,5.2,0.0,0.02,0.0,10,0.66,40.0,0.0,0.79,41.67,1.44,31.82,4.72,27.78,0.39,0.72,0.2,50.67,86.93,17.17,75.95,5.18,58.23,0.06,0.2,0.39,9.31,76.76,2.03,51.61,0.85,9.31,82.39,,,0.0,0.0,,,,-49531
F. Torres,Brazil 1.,2026,Internacional,"RCB, CB, LCB",29,5000000,2027-12-31,16,1371,1,1.43,0,0.08,Ecuador,Ecuador,right,187,yes,8.21,4.2,75.0,4.92,49.33,0.33,7.65,0.07,0.09,0.0,6,0.39,16.67,16.667,0.2,66.67,0.26,75.0,1.05,37.5,1.05,0.66,0.0,38.73,86.1,16.08,77.96,4.0,55.74,0.01,0.0,0.07,4.79,68.49,0.59,55.56,0.39,6.56,70.0,,,0.0,0.0,,,,445270
Victor Gabriel,Brazil 1.,2026,Internacional,LCB,22,50000,2029-12-31,16,1364,0,0.28,0,0.02,Brazil,Brazil,left,182,no,8.58,4.95,64.0,5.15,56.41,0.53,7.29,0.0,0.02,0.0,4,0.26,25.0,0.0,0.26,50.0,0.0,0.0,0.86,61.54,0.4,1.06,0.07,40.91,84.19,20.19,75.82,5.28,35.0,0.0,0.0,0.07,7.98,70.25,0.99,26.67,0.2,9.3,70.92,,,0.0,0.0,,,,-176167
K. Serna,Brazil 1.,2026,Fluminense,"LAMF, RAMF",28,1200000,2028-12-31,21,1364,1,3.24,2,1.47,Colombia,"Colombia, Peru",right,181,no,5.01,4.22,56.25,2.9,43.18,0.07,4.23,0.07,0.21,0.0,25,1.65,28.0,4.0,2.57,23.08,3.63,54.55,8.38,42.52,3.23,3.43,0.4,26.13,77.53,4.42,65.67,1.19,50.0,0.1,0.13,0.33,1.45,63.64,2.31,40.0,0.66,3.17,58.33,,,0.0,0.0,,,,-122663
Luciano,Brazil 1.,2026,São Paulo,"AMF, CF",33,2500000,2028-12-31,17,1350,6,5.26,2,1.05,Brazil,Brazil,left,181,no,3.8,3.0,51.11,2.07,41.94,0.0,2.85,0.4,0.35,0.2,27,1.8,40.74,22.222,1.27,21.05,1.27,36.84,4.4,56.06,3.87,0.67,0.0,27.93,82.58,7.33,77.27,1.67,76.0,0.07,0.13,0.47,3.2,81.25,1.07,56.25,1.0,3.73,73.21,,,0.0,0.0,,,,234684
F. Amuzu,Brazil 1.,2026,Grêmio,"LW, LAMF, LWF",26,5000000,2026-12-31,19,1349,1,1.89,3,1.86,Ghana,"Ghana, Belgium",right,170,no,2.13,2.6,51.28,1.0,26.67,0.0,0.95,0.07,0.13,0.0,26,1.73,30.77,3.846,2.4,25.0,3.54,60.38,7.67,53.04,1.47,2.07,0.4,24.95,82.35,3.87,65.52,0.73,72.73,0.12,0.13,0.53,1.33,65.0,1.93,44.83,0.6,1.8,66.67,,,0.0,0.0,,,,436549
Matheuzinho,Brazil 1.,2026,Vitória,"LWF, CF, LW",28,1500000,2029-12-31,20,1349,2,2.56,1,0.76,Brazil,Brazil,left,165,no,3.2,2.87,53.49,1.8,37.04,0.0,2.25,0.07,0.17,0.0,27,1.8,48.15,7.407,1.53,34.78,2.34,65.71,8.41,53.97,1.53,1.4,0.2,24.82,83.6,6.34,72.63,1.6,70.83,0.05,0.0,0.27,2.6,69.23,2.07,51.61,0.47,2.87,76.74,,,0.0,0.0,,,,396082
C. Medina,Brazil 1.,2026,Botafogo,"LDMF, LCMF, RDMF",24,0,2029-12-31,15,1347,1,2.35,0,0.34,Argentina,Argentina,right,178,no,6.28,4.94,54.05,1.54,43.48,0.4,4.92,0.07,0.16,0.0,17,1.14,11.76,5.882,0.47,14.29,0.67,60.0,6.01,51.11,1.54,2.34,0.53,33.01,88.46,9.49,74.65,2.14,43.75,0.02,0.0,0.0,5.01,76.0,1.0,40.0,0.33,3.47,78.85,,,0.0,0.0,,,,-64300
Tinga,Brazil 1.,2026,Coritiba,RB,32,1200000,2026-12-31,15,1347,0,0.31,2,0.76,Brazil,Brazil,right,179,no,8.35,4.68,62.86,4.28,50.0,0.73,5.8,0.0,0.02,0.0,6,0.4,16.67,0.0,1.8,44.44,0.47,71.43,2.0,63.33,1.0,1.14,0.0,30.53,72.87,13.16,67.01,3.88,41.38,0.05,0.07,0.27,3.27,67.35,1.54,43.48,0.07,7.42,60.36,,,0.0,0.0,,,,298175
Renê,Brazil 1.,2026,Fluminense,LB,33,900000,2027-12-31,15,1338,0,0.38,2,1.26,Brazil,Brazil,left,174,no,8.34,5.65,61.9,2.62,58.97,0.47,6.29,0.0,0.03,0.0,6,0.4,50.0,0.0,0.87,30.77,0.2,66.67,3.03,53.33,0.87,1.88,0.27,49.51,85.73,18.5,79.27,3.57,58.49,0.09,0.13,0.27,6.66,84.85,1.75,53.85,0.81,8.74,69.23,,,0.0,0.0,,,,225802
Kaio Jorge,Brazil 1.,2026,Cruzeiro,CF,24,0,2030-12-31,16,1336,6,6.46,0,1.42,Brazil,Brazil,right,182,no,1.15,0.81,66.67,2.56,23.68,0.0,1.04,0.2,0.44,0.07,29,1.95,37.93,20.69,0.74,36.36,1.21,55.56,4.58,41.18,3.3,1.62,0.47,15.43,79.48,3.57,73.58,1.08,68.75,0.1,0.0,0.4,1.35,65.0,1.15,64.71,0.67,1.28,89.47,,,0.0,0.0,,,,-64359
Y. Bolasie,Brazil 1.,2026,Chapecoense,CF,37,250000,2026-12-31,17,1329,1,3.85,0,0.31,Congo DR,"Congo DR, England",right,185,no,1.96,2.64,46.15,5.28,37.18,0.0,0.81,0.07,0.26,0.07,27,1.83,29.63,3.704,1.15,29.41,1.76,50.0,6.77,39.0,2.3,0.74,0.2,11.99,73.45,2.3,47.06,0.81,33.33,0.02,0.0,0.2,1.29,63.16,0.74,27.27,0.14,1.08,56.25,,,0.0,0.0,,,,71338
Hércules,Brazil 1.,2026,Fluminense,"RDMF, LDMF, RCMF",25,0,2029-12-31,20,1327,3,1.88,0,0.49,Brazil,Brazil,right,178,no,5.43,6.85,52.48,1.09,50.0,0.14,3.05,0.2,0.13,0.0,28,1.9,35.71,10.714,0.61,11.11,0.81,41.67,3.53,38.46,1.02,1.02,0.07,47.07,91.21,11.6,83.63,2.65,61.54,0.03,0.07,0.2,7.19,89.62,1.49,54.55,0.81,6.1,78.89,,,0.0,0.0,,,,-164689
Jorginho,Brazil 1.,2026,Flamengo,"LDMF, LCMF",34,12000000,2028-06-30,15,1327,2,1.54,1,1.03,Brazil,"Brazil, Italy",right,178,no,5.29,4.41,53.85,1.02,20.0,0.14,3.93,0.0,0.1,0.0,5,0.34,40.0,40.0,0.47,71.43,0.2,0.0,2.98,61.36,0.34,1.36,0.0,74.2,92.41,23.94,83.85,4.82,56.34,0.07,0.34,0.41,11.67,81.4,2.51,70.27,0.95,9.97,85.03,,,0.0,0.0,,,,169273
Lucas Veríssimo,Brazil 1.,2026,Santos,"RCB, LCB",31,6000000,2028-12-31,13,1325,0,1.59,0,0.45,Brazil,Brazil,right,188,no,8.22,3.53,51.92,4.08,60.0,0.41,8.25,0.0,0.11,0.0,7,0.48,28.57,0.0,0.07,0.0,0.14,100.0,0.88,46.15,0.68,0.2,0.07,33.01,88.89,13.72,83.17,2.11,38.71,0.03,0.0,0.07,2.51,64.86,0.34,20.0,0.2,4.28,58.73,,,0.0,0.0,,,,430035
Martinelli,Brazil 1.,2026,Fluminense,"LDMF, RDMF",24,0,2030-12-31,15,1324,0,0.99,1,0.88,Brazil,"Brazil, Italy",right,177,no,6.8,4.96,63.01,1.63,50.0,0.27,5.6,0.0,0.07,0.0,13,0.88,30.77,0.0,0.0,0.0,0.82,58.33,3.33,46.94,0.61,0.75,0.0,63.01,92.13,18.01,84.15,3.33,77.55,0.06,0.14,0.2,7.61,88.39,1.02,60.0,0.88,7.61,73.21,,,0.0,0.0,,,,-111347
Viery,Brazil 1.,2026,Grêmio,LCB,21,0,2031-06-30,13,1323,1,0.25,0,0.01,Brazil,Brazil,left,187,no,9.32,6.73,69.7,3.13,56.52,0.68,6.44,0.07,0.02,0.07,5,0.34,40.0,20.0,0.27,50.0,0.27,25.0,1.9,39.29,0.34,1.77,0.2,52.11,83.81,23.88,74.36,7.96,35.9,0.0,0.0,0.0,7.76,71.05,0.61,33.33,0.34,10.48,63.64,,,0.0,0.0,,,,-347898
Maurício,Brazil 1.,2026,Palmeiras,"AMF, LW, CF",25,0,2028-12-31,19,1323,4,3.01,1,0.09,Brazil,"Brazil, Paraguay",left,175,no,3.88,2.99,52.27,1.16,47.06,0.07,3.03,0.27,0.2,0.0,31,2.11,45.16,12.903,0.82,16.67,0.82,58.33,3.95,39.66,1.97,1.22,0.34,29.52,85.94,6.94,74.51,1.22,33.33,0.01,0.14,0.07,3.47,82.35,1.56,56.52,0.82,3.33,75.51,,,0.0,0.0,,,,-109821
Zé Ricardo,Brazil 1.,2026,Remo,"AMF, CF, RCMF",27,500000,2026-12-31,20,1321,0,0.38,1,0.4,Brazil,Brazil,right,179,no,5.45,5.59,47.56,1.98,44.83,0.14,3.09,0.0,0.03,0.0,13,0.89,53.85,0.0,0.82,8.33,1.43,71.43,6.27,50.0,0.68,0.89,0.14,32.98,80.99,11.38,76.05,2.18,75.0,0.03,0.34,0.2,6.4,80.85,1.5,40.91,0.55,4.91,84.72,,,0.0,0.0,,,,-89557
Gabriel,Brazil 1.,2026,Red Bull Bragantino,"LDMF, RDMF, RCMF",34,1800000,2026-12-31,16,1318,2,0.43,0,0.32,Brazil,"Brazil, Italy",right,170,no,5.33,4.1,56.67,1.16,41.18,0.07,4.22,0.14,0.03,0.07,17,1.16,41.18,11.765,0.75,72.73,0.27,25.0,1.5,36.36,0.27,0.61,0.07,37.69,88.59,9.7,69.72,3.14,65.22,0.02,0.07,0.2,5.67,77.11,1.5,68.18,0.27,4.51,80.3,,,0.0,0.0,,,,173974
Marcos Antônio,Brazil 1.,2026,São Paulo,"LCMF, LDMF, LW",26,0,2030-12-31,15,1317,1,1.3,1,0.86,Brazil,Brazil,right,166,no,5.13,4.92,50.0,0.75,27.27,0.21,3.84,0.07,0.09,0.0,15,1.03,20.0,6.667,0.75,27.27,1.3,63.16,4.37,40.63,1.16,1.85,0.21,56.99,89.81,16.47,80.08,4.58,70.15,0.06,0.0,0.34,9.16,83.58,2.39,74.29,1.98,8.54,79.2,,,0.0,0.0,,,,475119
A. Montoro,Brazil 1.,2026,Botafogo,"AMF, LAMF, LW",19,0,2029-12-31,18,1316,0,1.14,1,0.93,Argentina,Argentina,right,170,no,4.24,3.83,57.14,0.89,15.38,0.07,2.84,0.0,0.08,0.0,17,1.16,35.29,0.0,0.82,58.33,3.49,64.71,10.94,60.62,1.03,1.71,0.07,31.32,81.0,11.49,73.21,2.94,46.51,0.06,0.41,0.21,4.38,71.88,2.8,58.54,1.16,7.04,80.58,,,0.0,0.0,,,,-434739
Á. Barreal,Brazil 1.,2026,Santos,"LW, LAMF",25,5000000,2028-12-31,18,1312,4,1.73,1,1.6,Argentina,"Argentina, United States",left,172,no,7.27,5.08,54.05,1.3,21.05,0.41,5.74,0.27,0.12,0.0,35,2.4,28.57,11.429,2.95,18.6,2.61,57.89,6.45,46.81,2.81,1.71,0.14,37.32,75.92,11.11,66.05,3.57,59.62,0.11,0.14,0.41,4.53,65.15,2.74,40.0,0.89,6.86,66.0,,,0.0,0.0,,,,-96962
Jonathan,Brazil 1.,2026,Cruzeiro,LCB,22,0,2029-06-30,14,1312,0,1.01,0,0.25,Brazil,Brazil,right,187,no,8.37,4.32,65.08,2.47,58.33,0.62,8.63,0.0,0.07,0.0,10,0.69,10.0,0.0,0.0,0.0,0.41,83.33,1.23,61.11,0.82,0.69,0.0,44.11,94.09,14.2,87.92,2.74,70.0,0.02,0.0,0.07,3.57,94.23,0.07,100.0,0.14,4.12,66.67,,,0.0,0.0,,,,-315761
Gustavo Martins,Brazil 1.,2026,Grêmio,"RCB, CB",24,3000000,2027-12-31,14,1311,0,1.09,2,0.22,Brazil,Brazil,right,191,no,6.52,4.12,51.67,4.32,69.84,0.48,5.94,0.0,0.08,0.0,6,0.41,0.0,0.0,0.21,33.33,0.14,0.0,0.48,42.86,0.89,0.48,0.14,43.18,90.46,15.79,82.61,4.19,62.3,0.02,0.0,0.21,3.91,82.46,0.14,0.0,0.07,8.17,75.63,,,0.0,0.0,,,,-209375
D. Bobadilla,Brazil 1.,2026,São Paulo,"RCMF, RDMF, LDMF",25,2500000,2027-12-31,16,1300,0,1.07,2,2.36,Paraguay,Paraguay,right,181,no,6.78,5.88,55.29,0.55,25.0,0.07,5.07,0.0,0.07,0.0,13,0.9,46.15,0.0,1.04,33.33,0.9,61.54,2.63,57.89,1.59,0.97,0.0,38.56,86.18,11.91,76.16,2.22,68.75,0.16,0.21,0.35,6.23,85.56,1.52,54.55,0.62,5.95,77.91,,,0.0,0.0,,,,-166890
Henry Mosquera,Brazil 1.,2026,Red Bull Bragantino,"LAMF, LW",24,0,2027-12-31,17,1298,0,2.87,2,2.43,Colombia,Colombia,right,175,no,3.61,3.88,50.0,0.62,44.44,0.07,2.56,0.0,0.2,0.0,35,2.43,31.43,0.0,2.57,43.24,7.49,60.19,16.16,46.78,3.67,4.92,0.49,22.6,77.61,4.16,61.67,0.9,46.15,0.17,0.07,0.97,1.25,77.78,2.91,45.24,1.32,3.19,78.26,,,0.0,0.0,,,,-318047
L. Acosta,Brazil 1.,2026,Fluminense,AMF,32,0,2029-12-31,18,1289,3,2.89,4,4.28,Argentina,"Argentina, United States",right,160,no,4.4,4.19,46.67,0.63,0.0,0.07,3.51,0.21,0.2,0.07,28,1.96,32.14,10.714,1.61,60.87,2.58,59.46,6.56,52.13,3.21,2.51,0.28,48.25,83.65,14.38,72.33,2.16,54.84,0.3,0.63,1.47,6.63,83.16,4.75,57.35,2.23,7.61,87.16,,,0.0,0.0,,,,329796
Everton,Brazil 1.,2026,Chapecoense,"RB, RWB",31,0,2026-12-31,17,1288,0,0.68,1,0.79,Brazil,Brazil,,0,no,6.01,6.01,52.33,2.93,47.62,0.14,3.19,0.0,0.05,0.0,9,0.63,22.22,0.0,3.14,31.11,2.1,56.67,4.12,52.54,0.98,1.96,0.14,25.78,68.56,10.13,58.62,3.84,52.73,0.06,0.0,0.21,4.05,62.07,2.31,39.39,0.07,6.01,63.95,,,0.0,0.0,,,,472376
Samuel Xavier,Brazil 1.,2026,Fluminense,RB,36,400000,2027-12-31,14,1285,0,0.25,0,0.72,Brazil,Brazil,right,166,no,6.93,5.67,53.09,1.54,63.64,0.28,5.86,0.0,0.02,0.0,6,0.42,33.33,0.0,1.47,33.33,0.42,66.67,3.92,48.21,0.98,1.47,0.07,47.07,89.43,16.74,83.26,2.66,52.63,0.05,0.07,0.28,5.39,89.61,1.82,38.46,0.42,6.37,71.43,,,0.0,0.0,,,,112519
Ronaldo,Brazil 1.,2026,Bahia,GK,29,1200000,2029-12-31,13,1283,0,0.0,0,0.0,Brazil,Brazil,right,194,no,0.84,0.0,0.0,0.28,75.0,0.0,1.28,0.0,0.0,0.0,0,0.0,0.0,0.0,0.0,0.0,0.0,0.0,0.07,100.0,0.0,0.0,0.0,20.69,87.46,10.59,81.46,5.68,61.73,0.0,0.0,0.0,1.4,50.0,0.14,0.0,0.0,4.21,65.0,0.42,3.37,87.5,0.72,4.32,0.303,1.33,396908
Jefferson Savarino,Brazil 1.,2026,Fluminense,"RAMF, LAMF, AMF",29,5000000,2029-12-31,18,1281,3,3.1,2,2.56,Venezuela,"Venezuela, Italy",right,168,no,2.25,2.6,51.35,0.84,25.0,0.0,1.48,0.14,0.22,0.0,37,2.6,35.14,8.108,1.9,44.44,2.74,66.67,7.17,42.16,2.32,1.83,0.0,40.82,86.4,8.08,74.78,2.18,61.29,0.18,0.14,0.63,4.29,72.13,3.02,60.47,1.55,5.06,79.17,,,0.0,0.0,,,,282136
Hulk,Brazil 1.,2026,Fluminense,CF,40,1800000,2027-12-31,16,1276,2,4.16,3,2.23,Brazil,Brazil,left,180,no,2.26,2.26,56.25,2.54,16.67,0.07,1.29,0.07,0.29,0.0,40,2.82,25.0,5.0,1.2,17.65,2.54,47.22,10.44,36.49,1.76,1.2,0.07,19.82,71.89,4.51,59.38,1.48,61.9,0.16,0.14,0.42,2.47,51.43,2.19,35.48,0.63,1.76,60.0,,,0.0,0.0,,,,30484
Jája Silva,Brazil 1.,2026,Remo,"LAMF, LW, RAMF",27,500000,2028-12-31,18,1273,6,3.88,1,0.81,Brazil,Brazil,right,175,no,5.3,4.45,58.73,0.92,15.38,0.0,2.86,0.42,0.27,0.0,31,2.19,45.16,19.355,2.26,34.38,3.39,56.25,9.54,42.22,2.26,2.55,0.71,18.24,72.48,5.02,64.79,0.64,33.33,0.06,0.0,0.42,1.98,60.71,2.12,53.33,0.49,2.62,78.38,,,0.0,0.0,,,,-115299
Zé Welison,Brazil 1.,2026,Remo,"RDMF, RCMF",31,2000000,2026-12-31,18,1273,0,0.09,0,0.2,Brazil,Brazil,right,177,no,9.47,6.79,62.5,2.33,81.82,0.42,6.27,0.0,0.01,0.0,11,0.78,0.0,0.0,0.42,33.33,0.49,71.43,2.9,58.54,0.07,0.49,0.0,39.17,82.67,12.94,70.49,4.17,52.54,0.01,0.0,0.07,7.07,73.0,0.99,28.57,0.35,5.87,61.45,,,0.0,0.0,,,,328123
Alan Patrick,Brazil 1.,2026,Internacional,"AMF, CF, LCMF",35,4000000,2027-12-31,17,1264,3,3.08,0,2.44,Brazil,Brazil,right,177,no,4.34,2.78,66.67,0.93,0.0,0.14,3.43,0.14,0.22,0.0,22,1.57,22.73,13.636,1.07,33.33,1.99,50.0,7.97,44.64,1.92,2.14,0.21,33.25,82.66,12.25,71.51,1.14,43.75,0.17,0.5,0.57,5.34,76.0,2.56,52.78,1.28,5.06,78.87,,,0.0,0.0,,,,95415
John Kennedy,Brazil 1.,2026,Fluminense,CF,24,7000000,2027-12-31,18,1263,9,5.86,1,0.47,Brazil,Brazil,right,181,no,2.64,2.92,46.34,3.21,28.89,0.0,1.68,0.64,0.42,0.07,37,2.64,70.27,24.324,0.29,0.0,3.28,43.48,10.55,29.05,3.71,1.07,0.14,15.75,79.19,2.49,60.0,0.5,42.86,0.03,0.07,0.36,0.64,55.56,0.57,87.5,0.5,1.35,57.89,,,0.0,0.0,,,,-163727
Gabriel Mercado,Brazil 1.,2026,Internacional,"CB, RCB",39,250000,2026-12-31,13,1263,1,1.24,0,0.02,Argentina,"Argentina, Spain",right,181,no,7.34,4.49,71.43,3.14,47.73,0.36,4.92,0.07,0.09,0.07,6,0.43,33.33,16.667,0.07,0.0,0.07,100.0,0.57,50.0,0.43,0.14,0.0,32.42,85.05,12.76,72.07,5.56,55.13,0.0,0.0,0.0,5.06,59.15,0.29,0.0,0.0,5.99,75.0,,,0.0,0.0,,,,15078
José Andrés Hurtado,Brazil 1.,2026,Red Bull Bragantino,RB,24,1800000,2027-12-31,15,1250,1,0.71,0,0.52,Ecuador,Ecuador,right,178,no,6.48,4.46,62.9,2.38,45.45,0.07,5.7,0.07,0.05,0.0,14,1.01,21.43,7.143,2.38,30.3,0.65,66.67,2.09,48.28,0.86,0.79,0.14,36.0,79.4,14.9,71.98,3.96,52.73,0.04,0.07,0.22,5.04,78.57,2.3,34.38,0.22,7.92,75.45,,,0.0,0.0,,,,-126356
E. Noriega,Brazil 1.,2026,Grêmio,"DMF, LCMF",24,400000,2028-12-31,15,1248,0,0.26,1,0.27,Peru,Peru,right,185,no,7.64,4.33,60.0,1.44,85.0,0.36,6.13,0.0,0.02,0.0,5,0.36,40.0,0.0,0.29,0.0,0.43,66.67,3.68,54.9,0.36,0.36,0.0,43.49,88.39,13.34,78.92,3.97,65.45,0.02,0.0,0.14,7.64,80.19,0.79,63.64,0.5,7.21,75.0,,,0.0,0.0,,,,-172918
Willian José,Brazil 1.,2026,Bahia,CF,34,5000000,2026-12-31,21,1246,3,5.7,1,1.79,Brazil,"Brazil, Spain",right,186,no,2.09,1.66,43.48,3.11,44.19,0.07,2.15,0.14,0.41,0.07,18,1.3,38.89,16.667,0.22,33.33,0.29,25.0,3.68,19.61,2.09,0.22,0.0,17.48,80.58,3.97,58.18,0.87,66.67,0.13,0.07,0.65,2.46,67.65,0.51,85.71,0.65,1.88,61.54,,,0.0,0.0,,,,86467
A. Giay,Brazil 1.,2026,Palmeiras,RB,22,0,2030-12-31,17,1239,0,0.23,0,0.85,Argentina,Argentina,right,180,no,8.93,6.9,65.26,1.02,50.0,0.51,5.29,0.0,0.02,0.0,5,0.36,20.0,0.0,2.03,10.71,1.6,45.45,3.49,47.92,1.02,1.45,0.36,38.43,80.15,13.22,76.37,3.05,50.0,0.06,0.07,0.29,3.05,61.9,2.47,32.35,0.73,5.88,59.26,,,0.0,0.0,,,,-158522
Luan Cândido,Brazil 1.,2026,Vitória,LCB,25,7000000,2026-12-31,14,1224,0,0.7,2,0.51,Brazil,Brazil,left,184,yes,7.06,3.16,65.12,3.6,73.47,0.44,7.36,0.0,0.05,0.0,9,0.66,33.33,0.0,0.59,50.0,0.29,25.0,1.25,35.29,1.1,0.37,0.15,32.5,88.69,11.69,81.13,2.72,56.76,0.04,0.0,0.22,2.72,72.97,0.74,30.0,0.07,4.63,63.49,,,0.0,0.0,,,,506219
A. Canobbio,Brazil 1.,2026,Fluminense,"RAMF, RW",27,5000000,2028-12-31,15,1222,4,3.15,2,2.05,Uruguay,"Uruguay, Italy",right,175,no,5.6,5.74,60.26,0.96,46.15,0.29,3.27,0.29,0.23,0.07,27,1.99,44.44,14.815,3.31,26.67,3.61,59.18,9.28,48.41,3.09,2.14,0.29,35.65,80.58,7.44,73.27,1.1,40.0,0.15,0.0,0.66,2.5,73.53,4.42,41.67,1.4,3.9,75.47,,,0.0,0.0,,,,452566
L. Romero,Brazil 1.,2026,Cruzeiro,"RDMF, LDMF, RCMF",32,3200000,2027-12-31,15,1219,1,0.77,3,0.17,Argentina,"Argentina, Italy",right,170,no,6.64,5.02,50.0,1.18,31.25,0.3,5.27,0.07,0.06,0.0,9,0.66,55.56,11.111,0.22,0.0,0.59,50.0,2.51,55.88,0.3,1.03,0.22,51.68,86.86,18.83,74.9,4.73,54.69,0.01,0.07,0.3,9.38,75.59,1.4,36.84,0.59,7.75,75.24,,,0.0,0.0,,,,265228
Matheus Martins,Brazil 1.,2026,Botafogo,"LAMF, LW, CF",23,7000000,2028-12-31,19,1211,4,3.09,0,0.43,Brazil,Brazil,right,179,no,3.57,3.2,46.51,1.11,20.0,0.15,2.78,0.3,0.23,0.0,32,2.38,56.25,12.5,1.34,38.89,4.24,50.88,13.3,33.52,2.68,3.42,0.37,27.27,83.65,7.21,74.23,1.34,55.56,0.03,0.0,0.37,3.12,69.05,2.3,51.61,0.82,3.05,78.05,,,0.0,0.0,,,,-176165
A. Franco,Brazil 1.,2026,São Paulo,RCB,29,3000000,2028-12-31,13,1209,0,0.43,0,0.0,Argentina,Argentina,right,183,yes,6.7,4.84,46.15,3.8,45.1,0.74,6.51,0.0,0.03,0.0,3,0.22,0.0,0.0,0.07,0.0,0.15,50.0,0.97,46.15,0.45,0.74,0.0,46.9,87.62,23.6,79.81,6.1,46.34,0.0,0.0,0.0,5.66,76.32,0.37,0.0,0.07,8.41,66.37,,,0.0,0.0,,,,472166
Bruno Henrique,Brazil 1.,2026,Internacional,RCMF,36,500000,2026-12-31,19,1209,0,1.62,1,1.69,Brazil,"Brazil, Italy",right,180,no,5.36,4.99,52.24,1.49,40.0,0.37,3.35,0.0,0.12,0.0,18,1.34,22.22,0.0,1.19,25.0,0.3,100.0,2.01,44.44,1.49,0.6,0.0,29.85,79.55,11.02,68.92,3.42,39.13,0.13,0.0,0.45,5.43,67.12,1.56,38.1,0.52,4.62,75.81,,,0.0,0.0,,,,136155
Nathan Mendes,Brazil 1.,2026,Vitória,RB,23,1000000,2028-12-31,13,1206,0,0.15,1,0.19,Brazil,Brazil,right,182,yes,9.03,6.12,59.76,2.31,38.71,0.22,6.06,0.0,0.01,0.0,2,0.15,0.0,0.0,0.75,40.0,1.04,50.0,2.61,45.71,0.45,1.27,0.22,30.9,82.85,11.72,74.52,1.87,40.0,0.01,0.07,0.07,3.28,65.91,0.67,44.44,0.3,4.55,63.93,,,0.0,0.0,,,,-166003
Erick,Brazil 1.,2026,Bahia,"RCMF, DMF",28,4000000,2029-12-31,16,1196,2,2.39,0,0.95,Brazil,Brazil,right,176,no,5.79,5.49,39.73,2.03,48.15,0.38,5.73,0.15,0.18,0.08,16,1.2,37.5,12.5,0.53,57.14,1.05,64.29,4.29,50.88,1.28,1.51,0.08,29.05,91.19,7.15,83.16,0.9,75.0,0.07,0.0,0.23,2.93,87.18,1.05,78.57,0.6,2.48,81.82,,,0.0,0.0,,,,472048
Rafael Borré,Brazil 1.,2026,Internacional,CF,30,8000000,2029-12-31,18,1192,2,4.94,1,1.0,Colombia,Colombia,right,174,no,4.45,3.93,61.54,5.96,18.99,0.15,3.08,0.15,0.37,0.0,25,1.89,48.0,8.0,0.83,36.36,1.28,52.94,7.4,33.67,3.55,0.91,0.0,15.93,77.73,3.02,65.0,0.6,75.0,0.08,0.0,0.38,1.43,78.95,1.43,47.37,0.76,1.28,82.35,,,0.0,0.0,,,,320836
Marcinho,Brazil 1.,2026,Chapecoense,"LW, LAMF, AMF",31,50000,2026-11-30,20,1176,2,1.35,0,0.39,Brazil,Brazil,right,176,no,4.97,4.29,50.0,3.29,23.26,0.08,3.26,0.15,0.1,0.0,21,1.61,33.33,9.524,2.6,29.41,3.83,62.0,10.94,37.06,2.22,2.6,0.46,24.34,75.16,5.13,61.19,1.99,42.31,0.03,0.0,0.23,1.99,73.08,1.91,40.0,0.38,3.14,58.54,,,0.0,0.0,,,,232650
J. Rodríguez,Brazil 1.,2026,Vasco da Gama,RB,29,2500000,2027-12-31,14,1169,2,2.59,3,3.14,Uruguay,Uruguay,right,183,no,5.47,2.93,60.53,4.39,68.42,0.31,5.51,0.08,0.2,0.0,22,1.69,36.36,9.091,5.0,41.54,1.39,55.56,2.39,41.94,2.77,1.08,0.08,37.88,78.66,8.93,68.97,3.16,48.78,0.24,0.0,1.23,2.93,78.95,5.16,44.78,0.46,6.85,71.91,,,0.0,0.0,,,,441746
Jádson,Brazil 1.,2026,Athletico Paranaense,RCMF,32,1000000,2026-12-31,16,1168,0,0.1,1,0.79,Brazil,Brazil,right,171,no,6.55,7.01,53.85,0.62,50.0,0.23,2.8,0.0,0.01,0.0,2,0.15,0.0,0.0,0.31,50.0,0.15,100.0,3.39,56.82,0.15,0.62,0.23,28.28,87.47,7.47,71.13,2.39,64.52,0.06,0.15,0.15,4.32,75.0,0.62,50.0,0.15,3.16,70.73,,,0.0,0.0,,,,187565
Éverton Ribeiro,Brazil 1.,2026,Bahia,"RCMF, AMF",37,2300000,2026-12-31,17,1160,0,1.67,4,2.38,Brazil,Brazil,left,174,no,7.6,6.05,56.41,1.09,35.71,0.23,5.29,0.0,0.13,0.0,15,1.16,26.67,0.0,2.64,41.18,1.78,60.87,7.76,47.0,2.25,2.17,0.23,48.65,78.31,17.38,69.2,4.89,63.49,0.18,0.39,0.85,7.68,68.69,4.42,52.63,1.4,7.84,79.21,,,0.0,0.0,,,,9040
Wendell,Brazil 1.,2026,São Paulo,LB,33,7000000,2027-12-31,15,1160,0,0.58,3,0.73,Brazil,Brazil,left,176,no,5.74,6.67,38.37,1.71,31.82,0.0,4.49,0.0,0.04,0.0,8,0.62,12.5,0.0,2.25,27.59,0.78,50.0,2.56,54.55,0.93,2.02,0.31,41.82,86.46,14.35,77.84,2.95,55.26,0.06,0.0,0.23,4.73,85.25,1.94,52.0,0.47,7.68,68.69,,,0.0,0.0,,,,171186
Keny Arroyo,Brazil 1.,2026,Cruzeiro,RAMF,20,0,2029-12-31,18,1159,2,1.82,1,1.66,Ecuador,Ecuador,left,176,no,4.19,3.96,54.9,1.63,42.86,0.0,3.01,0.16,0.14,0.0,32,2.48,37.5,6.25,3.65,21.28,4.43,63.16,8.54,46.36,3.18,2.02,0.16,29.82,77.34,5.98,63.64,1.86,66.67,0.13,0.16,0.62,2.56,69.7,3.26,38.1,1.01,4.19,77.78,,,0.0,0.0,,,,-388501
Natanael,Brazil 1.,2026,Atlético Mineiro,"RB, RCB, RWB",24,2000000,2028-12-31,13,1150,0,0.27,1,0.22,Brazil,Brazil,right,172,no,8.61,7.12,59.34,1.96,64.0,0.47,4.82,0.0,0.02,0.0,7,0.55,14.29,0.0,1.96,20.0,1.72,63.64,5.17,51.52,1.33,1.25,0.23,34.28,81.96,13.7,78.29,2.97,36.84,0.02,0.0,0.23,3.83,69.39,1.57,35.0,0.39,6.18,63.29,,,0.0,0.0,,,,-112163
Cuiabano,Brazil 1.,2026,Vasco da Gama,LB,23,0,2029-06-30,14,1148,2,1.9,3,1.34,Brazil,Brazil,left,179,no,13.01,10.03,61.72,3.14,55.0,0.16,9.96,0.16,0.15,0.0,22,1.72,45.45,9.091,4.23,27.78,2.12,55.56,6.04,49.35,1.8,2.04,0.16,36.93,73.25,14.19,66.3,5.02,45.31,0.11,0.08,0.24,5.25,62.69,3.29,33.33,0.39,7.45,72.63,,,0.0,0.0,,,,-176296
Maicon,Brazil 1.,2026,Coritiba,"RCB, CB, LCB",37,250000,2026-12-31,14,1146,0,0.09,0,0.0,Brazil,"Brazil, Portugal",right,191,no,6.83,2.75,60.0,2.43,64.52,1.02,5.64,0.0,0.01,0.0,1,0.08,0.0,0.0,0.0,0.0,0.08,0.0,0.31,50.0,0.31,0.0,0.0,21.6,85.82,8.95,71.93,4.08,71.15,0.0,0.0,0.0,1.57,70.0,0.16,50.0,0.08,4.24,59.26,,,0.0,0.0,,,,90037
Matheus Henrique,Brazil 1.,2026,Cruzeiro,"RDMF, LDMF, LCMF",28,8500000,2029-06-30,20,1142,0,0.45,0,0.21,Brazil,Brazil,right,173,no,6.94,5.2,62.12,1.34,41.18,0.71,5.5,0.0,0.04,0.0,9,0.71,11.11,0.0,0.39,20.0,1.02,61.54,3.23,60.98,0.63,3.07,0.39,43.19,89.42,12.61,81.88,1.97,72.0,0.02,0.0,0.16,6.94,84.09,0.87,45.45,0.39,6.62,77.38,,,0.0,0.0,,,,401710
J. Lavega,Brazil 1.,2026,Coritiba,"RAMF, LW",21,1500000,2029-12-31,20,1140,5,2.68,2,0.68,Uruguay,Uruguay,left,174,yes,4.34,4.89,56.45,1.5,26.32,0.0,1.35,0.39,0.21,0.0,19,1.5,42.11,26.316,1.58,30.0,1.03,69.23,2.92,43.24,1.5,0.71,0.32,22.34,74.56,5.53,55.71,1.58,55.0,0.05,0.08,0.32,2.29,55.17,1.66,52.38,0.55,3.16,60.0,,,0.0,0.0,,,,-140292
Pedro Henrique,Brazil 1.,2026,Red Bull Bragantino,"RCB, LCB",30,3500000,2026-12-31,14,1135,0,0.17,0,0.0,Brazil,Brazil,right,188,no,7.93,4.04,72.55,4.36,61.82,0.71,7.5,0.0,0.01,0.0,2,0.16,50.0,0.0,0.24,0.0,0.16,100.0,0.87,54.55,0.32,0.79,0.0,34.57,84.17,14.91,76.6,7.3,58.7,0.0,0.0,0.0,7.3,69.57,1.27,37.5,0.4,7.53,81.05,,,0.0,0.0,,,,329711
Sergio Rochet,Brazil 1.,2026,Internacional,GK,33,3500000,2026-12-31,11,1133,0,0.0,0,0.0,Uruguay,"Uruguay, Italy",right,190,no,1.11,0.24,100.0,0.32,75.0,0.0,1.33,0.0,0.0,0.0,0,0.0,0.0,0.0,0.0,0.0,0.0,0.0,0.0,0.0,0.0,0.0,0.0,17.0,86.92,12.47,82.8,7.55,72.63,0.0,0.0,0.0,2.14,70.37,0.32,0.0,0.0,6.35,78.75,0.87,2.54,65.63,0.69,-2.35,-0.187,1.03,285939
C. Terán,Brazil 1.,2026,Athletico Paranaense,"RCB, CB",25,2000000,2026-12-31,15,1125,0,1.16,0,0.06,Colombia,Colombia,right,188,no,6.32,3.92,65.31,2.8,48.57,0.56,5.37,0.0,0.09,0.0,7,0.56,42.86,0.0,0.64,25.0,0.08,100.0,1.36,52.94,0.56,0.32,0.0,37.6,81.49,16.8,68.57,6.32,35.44,0.01,0.0,0.0,4.72,52.54,0.88,18.18,0.08,6.88,53.49,,,0.0,0.0,,,,-114719
André Luiz,Brazil 1.,2026,Corinthians,"RDMF, LW, AMF",20,0,2029-12-31,17,1124,3,1.18,2,0.11,Brazil,Brazil,unknown,0,no,5.52,5.36,65.67,2.32,48.28,0.0,3.12,0.24,0.09,0.0,14,1.12,28.57,21.429,0.0,0.0,1.76,36.36,6.57,32.93,1.04,0.72,0.08,20.18,86.11,5.12,70.31,0.56,57.14,0.01,0.08,0.16,2.16,85.19,0.56,71.43,0.4,2.08,69.23,,,0.0,0.0,,,,-456910
Maycon,Brazil 1.,2026,Atlético Mineiro,"LCMF, RCMF, DMF",29,4500000,2028-12-31,13,1119,2,1.78,0,0.46,Brazil,Brazil,left,178,no,4.99,3.86,58.33,0.48,50.0,0.24,3.5,0.0,0.14,0.0,10,0.8,30.0,20.0,0.24,0.0,0.16,0.0,1.77,36.36,0.32,0.0,0.08,37.88,88.54,10.46,73.08,4.26,47.17,0.04,0.16,0.0,7.0,85.06,1.85,26.09,0.32,5.95,77.03,,,0.0,0.0,,,,433352
Renê,Brazil 1.,2026,Vitória,CF,22,0,2029-12-31,15,1113,5,3.36,1,0.12,Brazil,Brazil,right,183,no,3.15,1.78,50.0,5.09,23.81,0.16,3.08,0.4,0.27,0.16,29,2.35,58.62,17.241,0.65,25.0,2.35,65.52,7.28,51.11,3.56,2.1,0.32,11.08,70.8,1.78,63.64,0.65,50.0,0.01,0.0,0.24,0.81,30.0,0.81,50.0,0.65,0.65,50.0,,,0.0,0.0,,,,-399547
Gabriel Barbosa,Brazil 1.,2026,Santos,CF,29,8000000,2028-12-31,14,1097,7,4.63,2,1.03,Brazil,Brazil,left,178,yes,1.23,1.07,46.15,0.74,22.22,0.0,1.09,0.49,0.38,0.16,31,2.54,29.03,22.581,1.07,30.77,0.66,50.0,3.2,33.33,3.69,1.07,0.16,27.16,85.2,6.56,72.5,2.13,76.92,0.08,0.25,0.33,3.36,73.17,2.46,56.67,1.07,2.79,79.41,,,0.0,0.0,,,,297700
Fágner,Brazil 1.,2026,Cruzeiro,RB,37,500000,2026-12-31,15,1089,0,0.06,4,1.66,Brazil,Brazil,right,168,no,7.19,6.86,50.6,1.57,47.37,0.33,5.57,0.0,0.01,0.0,3,0.25,0.0,0.0,3.14,31.58,0.74,44.44,2.4,41.38,0.66,0.83,0.08,33.55,76.85,12.4,70.67,3.97,52.08,0.14,0.25,0.74,5.21,61.9,3.88,38.3,0.99,7.19,72.41,,,0.0,0.0,,,,17306
C. Olivera,Brazil 1.,2026,Bahia,RWF,24,4000000,2027-12-31,16,1082,1,2.36,1,0.79,Uruguay,Uruguay,right,172,yes,4.91,4.33,63.46,1.16,14.29,0.08,2.65,0.08,0.2,0.0,21,1.75,61.9,4.762,3.74,28.89,5.24,68.25,10.81,60.0,2.83,2.0,0.33,31.36,79.58,5.91,76.06,0.75,55.56,0.07,0.08,0.33,1.66,80.0,2.83,44.12,1.0,3.91,80.85,,,0.0,0.0,,,,-96677
Rony,Brazil 1.,2026,Santos,"CF, LW, RW",31,9000000,2029-12-31,17,1081,0,1.84,0,0.61,Brazil,Brazil,right,166,no,6.49,5.66,51.47,4.16,24.0,0.08,3.08,0.0,0.15,0.0,19,1.58,21.05,0.0,2.41,24.14,1.17,50.0,5.99,47.22,2.0,0.92,0.25,22.06,69.81,4.16,68.0,1.5,66.67,0.05,0.0,0.25,2.33,78.57,2.75,36.36,0.58,3.08,64.86,,,0.0,0.0,,,,351203
A. Saldivia,Brazil 1.,2026,Vasco da Gama,RCB,24,0,2028-12-31,11,1078,0,0.74,0,0.07,Uruguay,Uruguay,right,180,no,7.6,5.18,56.45,3.92,68.09,0.75,5.93,0.0,0.06,0.0,6,0.5,16.67,0.0,0.08,0.0,0.17,100.0,2.17,69.23,0.42,1.42,0.17,40.58,85.39,16.36,74.49,3.92,55.32,0.01,0.0,0.0,6.93,75.9,0.33,25.0,0.08,7.43,70.79,,,0.0,0.0,,,,-96682
E. Díaz,Brazil 1.,2026,São Paulo,LB,30,4000000,2028-12-31,13,1075,0,0.23,1,0.52,Argentina,Argentina,left,167,no,9.46,8.04,65.63,2.01,37.5,0.25,4.44,0.0,0.02,0.0,9,0.75,22.22,0.0,2.68,25.0,1.09,38.46,5.02,45.0,0.33,2.26,0.42,38.09,81.76,13.48,76.4,2.6,54.84,0.04,0.08,0.25,5.36,75.0,2.51,50.0,0.42,7.45,70.79,,,0.0,0.0,,,,459701
Eduardo Sasha,Brazil 1.,2026,Red Bull Bragantino,"CF, AMF",34,1800000,2027-12-31,17,1070,1,4.3,0,0.51,Brazil,"Brazil, Italy",right,173,no,2.78,1.01,50.0,3.03,52.78,0.08,3.55,0.08,0.36,0.08,18,1.51,38.89,5.556,1.6,26.32,0.76,55.56,3.53,40.48,3.11,1.01,0.34,19.93,73.84,5.3,63.49,1.35,75.0,0.04,0.25,0.25,2.69,65.63,1.68,45.0,0.76,2.61,77.42,,,0.0,0.0,,,,153217
Erick Pulgar,Brazil 1.,2026,Flamengo,"RDMF, RCMF, LDMF",32,5000000,2027-12-31,12,1066,2,0.77,0,0.51,Chile,Chile,right,187,no,6.59,5.07,50.0,3.04,61.11,0.34,5.29,0.17,0.07,0.0,8,0.68,37.5,25.0,0.25,33.33,0.34,100.0,2.28,44.44,0.76,0.51,0.0,59.52,92.2,16.89,82.0,2.36,71.43,0.04,0.08,0.34,9.37,90.99,0.68,50.0,0.42,6.16,79.45,,,0.0,0.0,,,,218912
Matheus Cunha,Brazil 1.,2026,Internacional,GK,25,3000000,2028-12-31,11,1065,0,0.0,0,0.0,Brazil,Brazil,right,193,yes,0.51,0.0,0.0,0.34,100.0,0.0,0.7,0.0,0.0,0.0,0,0.0,0.0,0.0,0.0,0.0,0.0,0.0,0.08,100.0,0.0,0.0,0.0,17.49,80.68,9.38,67.57,6.42,52.63,0.0,0.0,0.0,2.54,40.0,0.08,0.0,0.0,4.39,73.08,1.01,2.54,60.0,0.88,-1.57,-0.133,1.01,-78203
J. Nardoni,Brazil 1.,2026,Grêmio,"RCMF, LCMF",24,0,2029-12-31,14,1061,2,2.14,0,0.28,Argentina,"Argentina, Italy",right,180,no,6.02,4.75,55.36,2.63,38.71,0.17,4.05,0.17,0.18,0.08,11,0.93,36.36,18.182,0.51,0.0,0.68,37.5,5.68,40.3,1.02,0.59,0.08,27.91,84.19,7.55,68.54,2.21,65.38,0.02,0.08,0.0,4.24,74.0,1.36,37.5,0.25,3.31,69.23,,,0.0,0.0,,,,-140968
Bruno Pacheco,Brazil 1.,2026,Chapecoense,"LB, LWB",34,450000,2026-12-31,13,1061,0,0.13,3,1.08,Brazil,Brazil,left,174,no,5.6,4.41,51.92,2.8,69.7,0.42,3.96,0.0,0.01,0.0,2,0.17,0.0,0.0,1.7,30.0,1.7,35.0,5.0,32.2,1.02,2.38,0.0,31.89,81.12,11.88,70.71,3.48,48.78,0.09,0.0,0.25,3.99,65.96,1.53,22.22,0.17,5.26,67.74,,,0.0,0.0,,,,227670
Alerrandro,Brazil 1.,2026,Internacional,CF,26,3000000,2027-12-31,20,1056,3,4.95,3,0.77,Brazil,Brazil,right,176,yes,2.81,3.07,41.67,5.97,22.86,0.09,2.02,0.26,0.42,0.0,23,1.96,43.48,13.043,0.26,33.33,0.26,33.33,6.99,34.15,3.32,0.0,0.09,16.11,69.84,4.43,57.69,0.17,50.0,0.07,0.0,0.43,1.88,50.0,1.02,41.67,0.51,1.28,80.0,,,0.0,0.0,,,,474974
Matheus Bahia,Brazil 1.,2026,Internacional,"LB, LWB",26,1200000,2027-12-31,14,1053,0,0.6,0,0.68,Brazil,Brazil,left,181,no,8.12,7.44,60.92,1.11,23.08,0.26,4.29,0.0,0.05,0.0,6,0.51,33.33,0.0,2.91,29.41,1.03,58.33,3.16,54.05,1.03,1.54,0.34,25.38,70.71,9.49,61.26,2.99,48.57,0.06,0.09,0.34,3.42,52.5,3.33,41.03,0.26,6.15,73.61,,,0.0,0.0,,,,-49521
Tchê Tchê,Brazil 1.,2026,Vasco da Gama,"RCMF, RAMF",33,1800000,2026-12-31,15,1051,1,1.25,0,0.65,Brazil,Brazil,right,175,no,4.11,3.25,57.89,1.03,25.0,0.26,2.88,0.09,0.11,0.0,13,1.11,15.38,7.692,0.6,42.86,0.94,63.64,4.71,38.18,1.37,1.28,0.51,33.74,89.59,9.68,80.53,1.54,55.56,0.06,0.09,0.26,4.54,79.25,1.2,64.29,0.77,4.11,83.33,,,0.0,0.0,,,,183186
C. Cuesta,Brazil 1.,2026,Vasco da Gama,RCB,27,6000000,2028-06-30,11,1048,0,0.57,1,0.74,Colombia,Colombia,right,179,yes,6.27,4.64,57.41,2.49,72.41,0.26,5.31,0.0,0.05,0.0,3,0.26,33.33,0.0,0.77,44.44,0.34,100.0,1.2,64.29,0.34,1.29,0.0,48.86,91.92,20.7,86.31,2.4,57.14,0.06,0.0,0.17,7.13,91.57,1.03,58.33,0.34,7.73,76.67,,,0.0,0.0,,,,398772
Evertton,Brazil 1.,2026,Flamengo,"RDMF, RCMF, LDMF",23,0,2028-12-31,17,1046,0,0.8,1,0.8,Brazil,Brazil,right,0,no,5.76,4.99,43.1,1.63,57.89,0.6,4.98,0.0,0.07,0.0,14,1.2,0.0,0.0,0.26,66.67,0.17,50.0,2.5,24.14,0.69,0.95,0.0,61.86,92.63,16.43,82.72,2.75,65.63,0.07,0.0,0.09,9.89,92.17,0.77,66.67,0.43,6.11,80.28,,,0.0,0.0,,,,-285246
Giorgian de Arrascaeta,Brazil 1.,2026,Flamengo,"AMF, CF",32,0,2028-12-31,14,1044,3,4.62,1,2.6,Uruguay,"Uruguay, Italy",right,172,no,3.19,2.93,52.94,1.64,47.37,0.17,2.47,0.17,0.4,0.09,30,2.59,33.33,10.0,2.59,40.0,2.16,48.0,7.33,40.0,3.88,1.21,0.09,40.34,82.69,10.6,69.92,2.59,73.33,0.22,0.34,1.03,4.05,76.6,4.22,65.31,2.07,5.34,87.1,,,0.0,0.0,,,,247639
R. Sosa,Brazil 1.,2026,Palmeiras,"CF, AMF, LW",26,0,2030-06-30,18,1042,4,2.05,2,1.34,Paraguay,"Paraguay, Argentina",right,178,no,3.02,2.33,44.44,3.54,36.59,0.17,2.69,0.35,0.18,0.0,18,1.55,38.89,22.222,2.94,14.71,2.85,54.55,7.95,51.09,3.28,2.16,0.35,21.85,69.96,5.01,70.69,1.04,41.67,0.12,0.0,0.35,1.38,81.25,2.42,46.43,0.78,2.94,67.65,,,0.0,0.0,,,,-167499
Bernard,Brazil 1.,2026,Atlético Mineiro,"AMF, RW",33,2500000,2027-12-31,18,1038,2,1.9,3,1.53,Brazil,"Brazil, Spain",right,164,no,5.03,4.94,47.37,0.87,10.0,0.17,3.38,0.17,0.16,0.09,11,0.95,27.27,18.182,1.65,36.84,2.25,76.92,6.5,49.33,1.3,1.99,0.17,30.35,83.71,6.85,73.42,1.99,78.26,0.13,0.0,0.61,3.38,74.36,2.25,61.54,0.87,3.9,75.56,,,0.0,0.0,,,,183382
Zé Vitor,Brazil 1.,2026,Vitória,"LCMF, LDMF, RCMF",26,0,2027-04-10,14,1033,1,0.41,0,0.34,Brazil,Brazil,right,194,yes,8.36,7.75,53.93,9.58,63.64,0.35,5.76,0.09,0.04,0.0,10,0.87,20.0,10.0,0.87,20.0,0.7,75.0,7.49,45.35,0.78,0.96,0.09,39.03,83.93,10.28,68.64,3.14,66.67,0.03,0.0,0.35,6.01,81.16,1.05,33.33,0.26,5.31,67.21,,,0.0,0.0,,,,-163850
Ademir,Brazil 1.,2026,Bahia,"RWF, RW",31,3000000,2026-12-31,22,1029,1,1.94,0,0.94,Brazil,Brazil,left,172,no,4.46,5.07,53.45,2.45,17.86,0.09,2.38,0.09,0.17,0.0,24,2.1,33.33,4.167,4.02,26.09,6.03,66.67,11.37,55.38,3.41,3.94,0.52,22.92,73.66,4.11,76.6,0.87,60.0,0.08,0.0,0.35,1.66,84.21,3.5,45.0,0.87,3.24,81.08,,,0.0,0.0,,,,491352
L. Picco,Brazil 1.,2026,Remo,"LDMF, DMF, RDMF",27,800000,2028-12-31,19,1029,2,1.58,0,0.03,Argentina,Argentina,right,188,no,11.02,8.83,64.36,1.84,66.67,0.35,5.08,0.17,0.14,0.0,10,0.87,30.0,20.0,0.09,0.0,0.26,100.0,2.36,40.74,0.87,0.35,0.0,27.73,83.91,8.66,67.68,1.92,45.45,0.0,0.0,0.0,3.76,67.44,0.26,33.33,0.09,3.59,70.73,,,0.0,0.0,,,,-117570
Shaylon,Brazil 1.,2026,Mirassol,AMF,29,0,2026-12-31,17,1028,1,0.47,1,0.6,Brazil,Brazil,left,178,no,4.9,4.82,52.73,1.05,33.33,0.18,2.94,0.09,0.04,0.0,11,0.96,45.45,9.091,1.23,28.57,0.7,37.5,2.8,28.13,1.14,0.7,0.0,36.77,86.9,10.33,78.81,2.54,65.52,0.05,0.09,0.44,4.9,76.79,1.75,50.0,0.61,4.11,87.23,,,0.0,0.0,,,,433191
C. Oliva,Brazil 1.,2026,Santos,"RCMF, RDMF, LDMF",30,0,2028-12-31,15,1021,0,0.28,1,0.39,Uruguay,Uruguay,right,178,no,7.67,7.05,60.0,1.94,27.27,0.44,4.16,0.0,0.02,0.0,6,0.53,0.0,0.0,0.71,37.5,1.06,66.67,3.61,43.9,0.62,0.53,0.09,39.23,81.35,15.69,75.84,3.79,37.21,0.03,0.18,0.26,6.52,70.27,1.32,33.33,0.53,7.32,72.29,,,0.0,0.0,,,,-72202
Júnior Alonso,Brazil 1.,2026,Atlético Mineiro,LCB,33,8000000,2026-12-31,10,1013,0,0.4,0,0.0,Paraguay,Paraguay,left,185,no,8.35,4.89,72.73,4.44,60.0,0.44,6.49,0.0,0.04,0.0,3,0.27,33.33,0.0,0.09,0.0,0.0,0.0,0.53,16.67,0.53,0.36,0.0,40.07,89.58,17.77,83.5,2.84,46.88,0.0,0.0,0.0,4.62,69.23,0.27,33.33,0.09,5.6,71.43,,,0.0,0.0,,,,247874
Rafael Carvalheira,Brazil 1.,2026,Chapecoense,"RCMF, RDMF",27,0,2026-11-30,14,1013,2,1.05,0,0.02,Brazil,Brazil,left,176,no,7.02,6.31,46.48,0.62,57.14,0.36,4.23,0.18,0.09,0.0,14,1.24,28.57,14.286,0.09,100.0,0.18,0.0,0.62,42.86,0.36,0.36,0.0,22.83,91.83,5.6,79.37,1.42,68.75,0.0,0.09,0.0,3.29,94.59,0.27,33.33,0.09,3.11,77.14,,,0.0,0.0,,,,-114240
J. Portilla,Brazil 1.,2026,Athletico Paranaense,"RCMF, LCMF",27,2500000,2028-12-31,17,1009,0,0.25,0,0.11,Colombia,Colombia,right,183,no,6.33,5.44,60.66,1.96,45.45,0.27,4.18,0.0,0.02,0.0,6,0.54,16.67,0.0,0.27,100.0,0.8,44.44,2.77,45.16,0.27,0.36,0.18,38.71,86.18,10.53,69.49,2.94,54.55,0.01,0.18,0.09,6.33,77.46,0.8,44.44,0.45,5.44,75.41,,,0.0,0.0,,,,438008
Guga,Brazil 1.,2026,Fluminense,RB,27,3000000,2029-12-31,13,1009,0,0.03,2,0.88,Brazil,"Brazil, Portugal",right,174,no,7.76,5.89,57.58,2.05,30.43,0.18,6.34,0.0,0.0,0.0,3,0.27,0.0,0.0,2.94,33.33,0.98,81.82,2.59,62.07,0.8,1.43,0.18,48.08,86.83,14.72,80.0,3.03,52.94,0.08,0.0,0.62,5.89,80.3,2.77,54.84,0.54,7.31,79.27,,,0.0,0.0,,,,-33833
Nuno Moreira,Brazil 1.,2026,Vasco da Gama,"RW, LAMF, CF",27,1000000,2027-12-31,17,988,1,1.35,1,1.76,Portugal,Portugal,right,175,no,4.55,4.01,45.45,1.0,45.45,0.27,3.81,0.09,0.12,0.0,20,1.82,20.0,5.0,2.55,50.0,1.73,57.89,5.47,46.67,2.0,1.73,0.46,35.8,82.7,10.57,75.0,2.37,46.15,0.16,0.09,0.46,3.1,76.47,4.01,59.09,1.0,5.47,78.33,,,0.0,0.0,,,,460206
Willian Arão,Brazil 1.,2026,Santos,"LDMF, RCMF, DMF",34,2500000,2026-12-31,16,988,0,0.38,0,0.11,Brazil,Brazil,right,181,no,8.2,5.19,66.67,2.91,40.63,0.27,5.88,0.0,0.03,0.0,2,0.18,0.0,0.0,0.27,33.33,0.18,50.0,1.73,47.37,0.27,0.46,0.0,40.45,86.26,16.12,74.58,4.28,53.19,0.01,0.0,0.0,6.74,77.03,0.82,44.44,0.09,6.92,72.37,,,0.0,0.0,,,,230411
Paulo Henrique,Brazil 1.,2026,Vasco da Gama,RB,30,1000000,2027-12-31,13,986,0,0.25,2,1.27,Brazil,Brazil,right,175,no,7.21,5.29,62.07,1.37,66.67,0.37,5.08,0.0,0.02,0.0,4,0.37,25.0,0.0,3.29,38.89,3.19,62.86,6.21,54.41,0.91,2.19,0.46,32.86,79.17,9.58,67.62,2.74,53.33,0.12,0.0,0.64,2.92,68.75,3.65,50.0,0.64,6.39,68.57,,,0.0,0.0,,,,436625
M. Cassierra,Brazil 1.,2026,Atlético Mineiro,CF,29,0,2029-12-31,17,985,2,2.88,1,0.53,Colombia,Colombia,right,186,no,1.1,1.37,46.67,5.85,28.13,0.09,0.6,0.18,0.26,0.09,20,1.83,40.0,10.0,0.0,0.0,0.73,50.0,4.39,43.75,2.56,0.64,0.18,14.62,89.38,3.75,85.37,0.09,100.0,0.05,0.0,0.18,0.91,90.0,0.91,90.0,0.82,1.46,75.0,,,0.0,0.0,,,,395433
Guilherme Arana,Brazil 1.,2026,Fluminense,LB,29,0,2029-12-31,14,979,1,1.01,0,0.53,Brazil,Brazil,left,176,no,5.61,4.69,62.75,1.47,37.5,0.18,4.22,0.09,0.09,0.0,13,1.2,38.46,7.692,1.38,40.0,1.01,54.55,2.76,50.0,1.29,1.1,0.18,54.06,90.65,17.19,84.49,2.11,60.87,0.05,0.0,0.0,6.71,91.78,1.47,62.5,0.37,8.18,79.78,,,0.0,0.0,,,,355909
Allan,Brazil 1.,2026,Corinthians,"LDMF, LCMF, RDMF",29,6000000,2027-12-31,17,978,0,0.92,0,0.45,Brazil,Brazil,left,172,yes,5.52,4.79,46.15,1.29,50.0,0.0,4.76,0.0,0.08,0.0,6,0.55,33.33,0.0,1.01,36.36,0.46,80.0,2.21,54.17,0.46,0.83,0.18,55.4,88.54,18.04,77.55,4.69,62.75,0.04,0.09,0.18,9.57,78.85,1.38,53.33,0.28,8.1,73.86,,,0.0,0.0,,,,411698
Vini Paulista,Brazil 1.,2026,Coritiba,"LCMF, LDMF, RCMF",25,500000,2027-12-31,21,976,0,0.81,0,0.31,Brazil,Brazil,right,179,no,9.22,7.56,64.63,1.11,58.33,0.18,4.79,0.0,0.07,0.0,10,0.92,10.0,0.0,0.46,0.0,0.74,62.5,4.24,39.13,0.92,1.66,0.28,23.42,86.22,7.01,77.63,0.55,16.67,0.03,0.0,0.09,2.03,81.82,0.92,40.0,0.37,2.03,68.18,,,0.0,0.0,,,,-128923
J. Enamorado,Brazil 1.,2026,Grêmio,"RWF, RAMF, RW",27,0,2028-12-31,18,975,0,1.56,2,0.56,Colombia,Colombia,right,170,no,5.35,6.55,53.52,0.46,0.0,0.18,2.64,0.0,0.14,0.0,13,1.2,23.08,0.0,4.98,16.67,5.35,44.83,11.45,45.16,1.85,3.88,0.55,22.62,63.67,4.98,53.7,1.2,53.85,0.05,0.0,0.46,1.38,60.0,4.52,26.53,0.37,3.42,59.46,,,0.0,0.0,,,,464434
David,Brazil 1.,2026,Vasco da Gama,CF,30,2000000,2027-12-31,18,968,2,1.99,1,0.25,Brazil,Brazil,right,180,no,2.6,2.7,51.72,5.3,38.6,0.0,1.66,0.19,0.19,0.0,15,1.39,46.67,13.333,0.56,16.67,0.65,28.57,6.14,33.33,2.7,1.02,0.0,19.9,77.1,3.16,55.88,0.28,33.33,0.02,0.0,0.28,1.49,56.25,0.65,28.57,0.56,1.21,61.54,,,0.0,0.0,,,,396310
J. Herrera,Brazil 1.,2026,Red Bull Bragantino,"RAMF, RW, CF",23,0,2029-12-31,16,961,1,1.41,1,1.74,Argentina,Argentina,left,172,no,6.65,6.18,56.06,2.43,34.62,0.19,4.71,0.09,0.13,0.0,20,1.87,30.0,5.0,2.06,27.27,2.72,58.62,7.12,43.42,2.43,1.97,0.47,24.35,66.92,7.21,55.84,2.25,50.0,0.16,0.09,0.66,2.15,69.57,1.78,31.58,1.03,3.56,52.63,,,0.0,0.0,,,,-344638
A. Carrillo,Brazil 1.,2026,Corinthians,"RDMF, RW, LDMF",35,1500000,2026-12-31,18,961,0,0.29,1,0.15,Peru,"Peru, Portugal",right,180,no,5.43,6.74,48.61,0.94,60.0,0.28,2.9,0.0,0.03,0.0,4,0.37,0.0,0.0,1.03,18.18,1.22,69.23,4.31,52.17,0.37,1.03,0.0,44.39,90.08,13.58,84.83,3.65,76.92,0.01,0.0,0.09,6.09,87.69,1.22,23.08,0.28,5.62,78.33,,,0.0,0.0,,,,110254
Neto,Brazil 1.,2026,Botafogo,GK,36,2500000,,10,955,0,0.0,0,0.0,Brazil,"Brazil, Italy",right,190,no,1.23,0.0,0.0,0.0,0.0,0.0,1.81,0.0,0.0,0.0,0,0.0,0.0,0.0,0.0,0.0,0.0,0.0,0.09,100.0,0.0,0.0,0.0,19.23,83.82,9.42,71.0,5.47,55.17,0.0,0.0,0.0,1.41,40.0,0.09,0.0,0.0,4.52,58.33,1.32,4.34,69.57,1.18,-1.43,-0.135,1.04,89711
Lucas Paquetà,Brazil 1.,2026,Flamengo,"RAMF, LCMF, RW",28,0,2030-12-31,13,952,3,2.59,0,0.6,Brazil,"Brazil, Portugal",left,180,no,7.0,6.71,59.15,2.74,44.83,0.19,3.86,0.28,0.24,0.0,27,2.55,33.33,11.111,0.66,28.57,1.61,58.82,11.16,42.37,1.8,0.85,0.09,47.84,84.58,14.94,74.68,3.5,62.16,0.06,0.28,0.47,8.22,82.76,3.03,59.38,1.8,7.56,81.25,,,0.0,0.0,,,,438313
Rodrigo Nestor,Brazil 1.,2026,Bahia,"LCMF, RCMF, LW",26,9000000,2030-12-31,15,949,1,1.41,3,2.48,Brazil,Brazil,right,175,no,7.3,6.54,55.07,1.14,33.33,0.47,6.0,0.0,0.13,0.0,25,2.37,20.0,4.0,2.18,34.78,2.47,46.15,6.07,42.19,2.37,2.09,0.0,38.5,83.25,10.05,74.53,1.71,61.11,0.23,0.09,0.28,4.65,85.71,2.28,37.5,0.66,5.22,69.09,,,0.0,0.0,,,,475120
Paulinho,Brazil 1.,2026,Internacional,"RCMF, RDMF",29,1000000,2027-12-31,16,936,0,0.89,0,0.31,Brazil,Brazil,right,175,no,8.56,8.17,51.76,2.31,50.0,0.58,5.16,0.0,0.09,0.0,12,1.15,41.67,0.0,1.06,36.36,1.83,57.89,6.54,55.88,1.35,2.12,0.19,41.54,86.57,13.08,79.41,2.5,65.38,0.03,0.19,0.19,6.06,87.3,1.83,31.58,0.48,5.96,72.58,,,0.0,0.0,,,,505631
J. Rojas,Brazil 1.,2026,Vasco da Gama,"CF, AMF, LCMF",23,0,2028-06-30,17,934,0,1.36,1,1.24,Colombia,Colombia,right,180,yes,3.37,4.05,38.1,1.64,11.76,0.1,2.18,0.0,0.13,0.0,31,2.99,25.81,0.0,2.6,44.44,3.95,58.54,7.61,37.97,2.22,3.18,0.29,49.05,83.89,11.66,80.17,2.99,54.84,0.12,0.0,0.58,7.42,76.62,4.14,60.47,1.64,7.81,85.19,,,0.0,0.0,,,,-319896
Vitor Bueno,Brazil 1.,2026,Remo,"CF, AMF, RAMF",31,0,2027-12-31,15,929,2,2.25,3,1.55,Brazil,"Brazil, Italy",right,185,no,2.42,2.71,50.0,3.29,14.71,0.0,1.3,0.19,0.22,0.0,15,1.45,53.33,13.333,1.36,35.71,0.68,57.14,5.81,45.0,1.65,1.55,0.19,30.61,80.38,8.23,65.88,1.36,57.14,0.15,0.48,0.78,3.97,65.85,2.52,38.46,0.87,3.97,75.61,,,0.0,0.0,,,,328277
Otávio Costa,Brazil 1.,2026,Cruzeiro,GK,20,0,2028-12-31,9,927,0,0.0,0,0.0,Brazil,Brazil,unknown,192,no,0.68,0.0,0.0,0.0,0.0,0.0,1.15,0.0,0.0,0.0,0,0.0,0.0,0.0,0.0,0.0,0.0,0.0,0.1,100.0,0.0,0.0,0.0,15.53,75.63,8.93,61.96,6.31,49.23,0.0,0.0,0.0,1.55,25.0,0.0,0.0,0.0,4.37,48.89,0.97,3.2,69.7,0.96,-0.08,-0.008,1.36,-344652
Khellven,Brazil 1.,2026,Palmeiras,"RB, LB",25,6000000,2030-06-30,15,926,0,0.07,0,0.94,Brazil,Brazil,right,176,no,9.33,8.84,51.65,0.97,50.0,0.49,6.26,0.0,0.01,0.0,4,0.39,0.0,0.0,2.04,28.57,1.36,21.43,3.3,29.41,1.17,1.26,0.19,38.29,77.66,13.32,63.5,4.08,45.24,0.09,0.1,0.29,3.89,65.0,2.53,30.77,0.58,7.19,52.7,,,0.0,0.0,,,,-112527
Lucas Piton,Brazil 1.,2026,Vasco da Gama,LB,25,7000000,2028-12-31,14,924,0,0.42,0,0.9,Brazil,"Brazil, Italy",left,175,no,6.72,5.45,55.36,1.75,50.0,0.29,5.09,0.0,0.04,0.0,6,0.58,33.33,0.0,5.06,42.31,1.46,53.33,2.63,37.04,1.17,2.24,0.29,41.79,82.28,11.49,77.12,3.51,55.56,0.09,0.0,0.68,3.99,82.93,4.29,56.82,0.39,7.4,73.68,,,0.0,0.0,,,,-66165
Ignácio,Brazil 1.,2026,Fluminense,RCB,29,1500000,2028-06-30,11,920,2,1.09,0,0.16,Brazil,Brazil,right,190,no,7.53,4.11,78.57,4.01,63.41,0.49,7.37,0.2,0.11,0.2,7,0.68,28.57,28.571,0.1,0.0,0.2,50.0,2.05,33.33,1.08,0.29,0.0,44.51,91.43,15.07,79.87,2.93,56.67,0.02,0.0,0.1,4.21,86.05,0.29,0.0,0.1,5.09,59.62,,,0.0,0.0,,,,-71543
Arthur Gabriel,Brazil 1.,2026,Palmeiras,LB,20,0,2029-12-31,14,918,0,0.48,0,0.45,Brazil,Brazil,unknown,0,no,8.73,7.94,56.79,1.47,33.33,0.29,5.55,0.0,0.05,0.0,8,0.78,12.5,0.0,2.75,32.14,1.47,66.67,2.84,58.62,0.88,0.69,0.1,34.61,79.32,14.31,71.92,3.63,45.95,0.04,0.0,0.2,3.73,68.42,2.65,40.74,0.2,7.25,71.62,,,0.0,0.0,,,,-419846
Anthoni,Brazil 1.,2026,Internacional,GK,24,800000,2029-12-31,9,912,0,0.0,0,0.0,Brazil,Brazil,right,193,no,1.28,0.2,0.0,0.1,100.0,0.0,1.49,0.0,0.0,0.0,0,0.0,0.0,0.0,0.0,0.0,0.0,0.0,0.1,100.0,0.0,0.0,0.0,14.51,85.03,7.7,73.08,5.43,60.0,0.0,0.0,0.0,2.07,57.14,0.2,0.0,0.0,4.14,78.57,1.48,3.95,62.5,1.17,-3.19,-0.315,1.28,-160237
Arthur,Brazil 1.,2026,Grêmio,"LCMF, LDMF",29,15000000,2027-06-30,10,908,0,0.05,0,0.02,Brazil,Brazil,right,171,no,4.26,3.47,54.29,1.59,62.5,0.1,3.67,0.0,0.01,0.0,3,0.3,0.0,0.0,0.4,25.0,0.3,33.33,5.95,58.33,0.3,1.49,0.1,54.02,91.38,14.07,80.28,3.37,55.88,0.0,0.1,0.1,8.43,84.71,1.09,63.64,0.59,6.15,66.13,,,0.0,0.0,,,,288085
Negueba,Brazil 1.,2026,Mirassol,"RAMF, LAMF",26,450000,2027-12-31,9,907,2,0.52,0,2.49,Brazil,Brazil,right,171,no,5.06,3.27,54.55,0.89,11.11,0.1,5.11,0.2,0.05,0.0,15,1.49,40.0,13.333,3.57,41.67,3.08,51.61,9.92,47.0,2.28,2.18,0.4,33.84,82.7,7.74,80.77,1.39,71.43,0.25,0.2,0.69,2.68,92.59,3.47,62.86,0.89,5.16,78.85,,,0.0,0.0,,,,471919
Gilberto,Brazil 1.,2026,Athletico Paranaense,"RB, RWB",33,3000000,2027-12-31,11,901,0,0.32,1,0.33,Brazil,Brazil,right,181,no,7.39,5.59,64.29,1.2,41.67,0.2,4.78,0.0,0.03,0.0,4,0.4,25.0,0.0,2.7,33.33,0.8,87.5,3.5,40.0,0.9,2.2,0.4,45.05,85.59,16.18,81.48,2.1,57.14,0.03,0.0,0.2,5.79,79.31,2.9,48.28,0.3,8.09,80.25,,,0.0,0.0,,,,187555
J. Piquerez,Brazil 1.,2026,Palmeiras,"LB, LWB",27,0,2030-12-31,10,900,0,0.48,3,1.58,Uruguay,"Uruguay, Italy",left,183,no,7.2,5.7,64.91,1.9,36.84,0.3,4.84,0.0,0.05,0.0,7,0.7,28.57,0.0,2.1,33.33,1.2,50.0,2.5,56.0,1.2,1.3,0.0,38.7,84.24,13.4,77.61,3.7,56.76,0.16,0.0,0.7,3.8,68.42,2.7,48.15,0.9,7.8,76.92,,,0.0,0.0,,,,397880
Tetê,Brazil 1.,2026,Grêmio,"RW, RAMF, RWF",26,10000000,2029-12-31,16,899,2,1.83,0,0.19,Brazil,Brazil,left,175,no,3.1,2.6,42.31,2.9,31.03,0.1,3.03,0.2,0.18,0.0,25,2.5,40.0,8.0,2.3,30.43,4.91,44.9,12.11,38.84,2.6,2.2,0.4,34.94,82.52,8.71,75.86,1.6,56.25,0.02,0.1,0.3,3.7,72.97,2.6,46.15,0.8,3.1,87.1,,,0.0,0.0,,,,-36819
Denilson,Brazil 1.,2026,Mirassol,"LDMF, RCMF",25,0,2028-12-31,14,899,1,0.37,1,0.45,Brazil,Brazil,right,180,no,8.51,8.61,51.16,1.0,50.0,0.3,5.53,0.1,0.04,0.0,7,0.7,28.57,14.286,0.2,50.0,0.6,66.67,5.31,47.17,0.2,0.3,0.0,44.85,87.5,12.71,74.8,2.6,38.46,0.05,0.1,0.2,3.9,61.54,1.4,42.86,0.6,3.6,61.11,,,0.0,0.0,,,,-70007
Enio,Brazil 1.,2026,Chapecoense,"RAMF, RWF, RW",25,200000,2028-12-31,13,874,1,0.62,0,1.88,Brazil,Brazil,right,168,yes,2.68,3.4,48.48,0.93,11.11,0.0,1.34,0.1,0.06,0.0,17,1.75,29.41,5.882,2.47,58.33,2.37,52.17,9.16,56.18,1.13,2.47,0.21,31.1,84.11,7.31,74.65,2.47,75.0,0.19,0.0,0.62,3.6,71.43,3.09,66.67,0.62,5.66,76.36,,,0.0,0.0,,,,-111843
Pablo Maia,Brazil 1.,2026,São Paulo,"DMF, LCMF, LDMF",24,14000000,2029-12-31,13,873,0,0.28,0,0.27,Brazil,Brazil,right,178,no,7.22,5.46,54.72,1.86,44.44,0.21,6.32,0.0,0.03,0.0,12,1.24,16.67,0.0,0.31,0.0,0.31,66.67,3.51,47.06,0.62,0.31,0.1,48.45,91.06,10.62,76.7,2.06,50.0,0.03,0.0,0.21,4.23,70.73,1.13,36.36,0.62,4.33,71.43,,,0.0,0.0,,,,-203207
L. Villalba,Brazil 1.,2026,Cruzeiro,"LCB, LB",31,2000000,2026-12-31,11,869,0,0.07,1,0.15,Argentina,Argentina,left,177,no,6.94,4.35,57.14,2.9,35.71,0.31,6.3,0.0,0.01,0.0,3,0.31,33.33,0.0,1.14,9.09,0.31,66.67,1.04,60.0,0.31,2.17,0.1,55.93,86.3,21.13,75.49,9.01,59.77,0.02,0.0,0.1,7.35,70.42,1.55,26.67,0.41,10.46,71.29,,,0.0,0.0,,,,256243
T. Pérez,Brazil 1.,2026,Atlético Mineiro,"RCMF, LCMF, DMF",20,0,2029-06-30,12,865,0,0.31,0,0.01,Argentina,Argentina,right,0,no,7.28,4.58,54.55,1.14,63.64,0.83,4.91,0.0,0.03,0.0,4,0.42,50.0,0.0,0.1,0.0,0.21,50.0,1.77,35.29,0.31,0.1,0.1,37.35,86.07,12.59,76.86,3.23,41.94,0.0,0.0,0.0,5.2,74.0,0.31,33.33,0.0,5.83,64.29,,,0.0,0.0,,,,-406694
W. Clar,Brazil 1.,2026,Chapecoense,"LB, LWB",31,500000,2028-12-31,10,864,3,2.3,1,0.22,Paraguay,Paraguay,left,177,no,6.35,5.1,61.22,3.23,32.26,0.21,3.47,0.1,0.24,0.0,8,0.83,62.5,37.5,1.77,29.41,0.63,66.67,1.98,52.63,1.04,0.63,0.0,35.42,75.88,16.67,65.63,5.94,49.12,0.02,0.0,0.31,5.1,67.35,2.19,33.33,0.42,8.02,63.64,,,0.0,0.0,,,,300336
Neymar,Brazil 1.,2026,Santos,"CF, AMF, LCMF",34,0,2026-12-31,9,864,6,4.64,1,1.39,Brazil,Brazil,right,175,no,2.71,2.92,46.43,1.15,45.45,0.0,1.88,0.42,0.48,0.0,32,3.33,40.63,18.75,0.83,37.5,4.58,52.27,15.52,41.61,4.69,3.54,0.31,37.4,75.21,13.65,70.23,2.92,60.71,0.14,0.21,0.52,5.52,66.04,4.48,53.49,2.29,6.35,91.8,,,0.0,0.0,,,,102697
A. Frías,Brazil 1.,2026,Santos,RCB,28,5000000,2028-12-31,9,863,1,0.44,0,0.02,Argentina,Argentina,right,180,no,7.72,4.48,76.74,2.4,86.96,0.42,5.94,0.1,0.05,0.0,5,0.52,60.0,20.0,0.1,0.0,0.42,75.0,0.94,66.67,0.31,0.42,0.31,36.6,87.75,13.56,76.15,3.13,33.33,0.0,0.0,0.1,2.71,38.46,0.73,0.0,0.0,3.75,50.0,,,0.0,0.0,,,,-88249
J. Carrascal,Brazil 1.,2026,Flamengo,"RAMF, AMF, RW",28,0,2029-06-30,15,863,2,2.59,2,1.63,Colombia,Colombia,right,180,no,5.21,4.9,65.96,1.25,50.0,0.1,2.37,0.21,0.27,0.0,20,2.09,35.0,10.0,2.09,30.0,3.23,54.84,9.91,40.0,3.65,1.88,0.1,37.65,84.21,8.66,79.52,1.67,68.75,0.17,0.0,0.83,4.59,88.64,2.61,52.0,1.46,4.69,95.56,,,0.0,0.0,,,,362179
Thiago Santos,Brazil 1.,2026,Coritiba,"RDMF, LDMF",36,250000,2026-12-31,15,858,0,0.55,0,0.36,Brazil,Brazil,right,181,no,8.6,7.55,54.17,2.41,69.57,0.21,5.17,0.0,0.06,0.0,4,0.42,50.0,0.0,0.31,33.33,0.1,100.0,1.57,73.33,0.42,0.0,0.21,23.29,85.14,7.34,75.71,2.41,65.22,0.04,0.1,0.21,3.04,68.97,0.84,37.5,0.31,3.15,60.0,,,0.0,0.0,,,,228965
Pedro Gabriel,Brazil 1.,2026,Grêmio,"LB, LWB",19,0,2028-12-31,11,854,0,0.22,1,0.89,Brazil,Brazil,unknown,0,no,7.38,8.64,46.34,2.74,53.85,0.21,4.95,0.0,0.02,0.0,5,0.53,60.0,0.0,2.74,38.46,1.37,69.23,2.95,42.86,0.0,2.11,0.32,29.61,81.14,6.85,66.15,3.48,45.45,0.09,0.0,0.32,1.9,66.67,2.32,45.45,0.0,5.06,58.33,,,0.0,0.0,,,,-457075
Renato Kayzer,Brazil 1.,2026,Vitória,CF,30,1000000,2027-03-31,15,844,4,3.23,1,0.28,Brazil,Brazil,right,178,no,2.45,2.56,29.17,5.86,18.18,0.0,2.38,0.32,0.34,0.11,16,1.71,50.0,25.0,0.43,50.0,1.28,75.0,6.4,38.33,2.35,0.96,0.0,11.52,68.52,3.41,56.25,0.75,57.14,0.03,0.0,0.43,1.49,57.14,1.28,58.33,0.43,1.6,80.0,,,0.0,0.0,,,,420897
Italo,Brazil 1.,2026,Chapecoense,"LAMF, AMF, LW",23,0,2027-11-30,15,831,0,0.92,0,0.45,Brazil,Brazil,,0,no,4.55,2.6,58.33,2.6,29.17,0.11,3.94,0.0,0.1,0.0,15,1.62,6.67,0.0,2.38,18.18,3.14,58.62,6.5,43.33,2.17,1.84,0.32,19.06,75.57,2.17,65.0,1.3,33.33,0.05,0.0,0.11,1.62,60.0,1.73,31.25,0.22,1.84,70.59,,,0.0,0.0,,,,-353564
Edson Carioca,Brazil 1.,2026,Mirassol,"CF, LAMF, RWF",29,100000,2028-12-31,15,827,2,1.87,0,1.18,Brazil,Brazil,right,179,no,5.01,5.11,46.81,3.05,25.0,0.22,3.54,0.22,0.2,0.11,15,1.63,33.33,13.333,1.63,33.33,3.81,54.29,12.62,43.97,2.72,2.18,0.54,18.5,66.47,4.35,47.5,0.65,83.33,0.13,0.11,0.54,1.85,58.82,2.07,42.11,0.65,1.74,62.5,,,0.0,0.0,,,,-67621
Edenílson,Brazil 1.,2026,Botafogo,"AMF, RCMF, RAMF",36,1200000,2026-12-31,16,826,4,2.89,2,1.94,Brazil,Brazil,right,175,no,4.03,3.92,50.0,1.42,38.46,0.22,2.79,0.44,0.32,0.11,14,1.53,42.86,28.571,0.76,42.86,1.63,40.0,4.69,37.21,2.83,0.98,0.44,26.91,85.83,7.3,77.61,1.74,50.0,0.21,0.0,0.65,3.6,69.7,0.87,62.5,0.98,3.49,78.13,,,0.0,0.0,,,,72088
Neto Moura,Brazil 1.,2026,Mirassol,"RDMF, LDMF, DMF",30,800000,2026-12-31,12,825,0,0.87,0,0.04,Brazil,Brazil,right,177,no,8.29,4.91,62.22,1.31,83.33,0.44,6.65,0.0,0.1,0.0,10,1.09,20.0,0.0,0.33,0.0,0.11,0.0,1.09,40.0,0.44,0.22,0.0,49.42,87.64,16.91,76.77,3.93,69.44,0.0,0.0,0.11,7.75,83.1,1.42,69.23,0.98,8.07,74.32,,,0.0,0.0,,,,331265
L. Pérez,Brazil 1.,2026,Grêmio,"RDMF, RCMF, DMF",22,0,2029-12-31,12,824,0,0.62,0,0.07,Argentina,Argentina,right,0,no,8.96,6.99,54.69,2.4,59.09,0.22,6.89,0.0,0.07,0.0,6,0.66,16.67,0.0,0.0,0.0,0.11,100.0,3.5,40.63,0.98,0.22,0.0,27.85,84.71,7.75,66.2,0.76,42.86,0.01,0.0,0.11,3.06,71.43,0.0,0.0,0.0,3.17,58.62,,,0.0,0.0,,,,-407762
R. Gómez,Brazil 1.,2026,Bahia,"RB, RCB",22,0,2030-12-31,8,821,1,0.97,0,0.02,Argentina,Argentina,right,181,no,10.85,7.78,63.38,3.51,65.63,0.66,8.55,0.11,0.11,0.11,10,1.1,10.0,10.0,0.55,40.0,2.41,45.45,5.92,46.3,1.1,1.32,0.0,38.59,85.51,14.14,75.97,3.4,45.16,0.0,0.0,0.0,4.49,68.29,0.55,40.0,0.0,4.82,56.82,,,0.0,0.0,,,,-407537
Eduardo,Brazil 1.,2026,Mirassol,"AMF, LCMF",36,1000000,2026-12-31,14,814,2,2.08,0,0.26,Brazil,Brazil,right,184,no,2.99,2.65,41.67,3.54,43.75,0.22,2.28,0.22,0.23,0.0,14,1.55,28.57,14.286,0.55,20.0,0.66,16.67,2.76,44.0,2.43,0.44,0.11,26.98,84.02,8.51,76.62,1.99,61.11,0.03,0.0,0.22,4.53,70.73,0.77,57.14,0.33,3.32,76.67,,,0.0,0.0,,,,71055
Julimar,Brazil 1.,2026,Athletico Paranaense,"LW, AMF, CF",25,0,2028-12-31,13,813,3,2.26,1,0.37,Brazil,Brazil,right,182,no,4.21,2.88,69.23,4.65,35.71,0.22,3.23,0.22,0.25,0.11,15,1.66,40.0,20.0,2.44,18.18,3.21,44.83,7.53,35.29,2.1,1.77,0.11,20.81,71.28,3.99,52.78,0.77,42.86,0.04,0.11,0.44,1.77,62.5,1.77,43.75,0.66,2.44,59.09,,,0.0,0.0,,,,-70416
Y. Soteldo,Brazil 1.,2026,Fluminense,"LAMF, LW",29,7000000,2028-12-31,15,808,0,1.18,0,1.8,Venezuela,Venezuela,left,160,no,2.56,2.34,47.62,0.45,25.0,0.0,2.28,0.0,0.13,0.0,12,1.34,33.33,0.0,5.12,43.48,6.79,59.02,11.92,49.53,5.01,5.9,0.67,36.87,82.18,3.9,82.86,1.45,61.54,0.2,0.0,0.78,1.0,88.89,3.45,54.84,0.89,3.79,70.59,,,0.0,0.0,,,,313965
João Schmidt,Brazil 1.,2026,Santos,"DMF, LCMF, LDMF",33,1000000,2027-12-31,11,792,0,0.29,0,0.44,Brazil,Brazil,left,183,no,6.7,6.36,50.0,3.3,68.97,0.34,4.48,0.0,0.03,0.0,3,0.34,0.0,0.0,0.11,0.0,0.11,100.0,1.48,38.46,0.45,0.0,0.0,46.02,89.14,17.27,82.89,3.64,65.63,0.05,0.0,0.34,7.05,80.65,1.25,36.36,0.34,7.16,79.37,,,0.0,0.0,,,,206339
Gabriel Mec,Brazil 1.,2026,Grêmio,"AMF, LWF, LAMF",18,0,2027-06-30,15,792,2,1.67,0,0.14,Brazil,Brazil,unknown,0,no,4.32,4.2,48.65,1.48,23.08,0.0,3.22,0.23,0.19,0.0,12,1.36,33.33,16.667,0.45,0.0,4.09,41.67,13.52,36.97,1.93,2.5,0.34,17.95,69.62,5.11,64.44,1.25,36.36,0.02,0.11,0.23,2.73,62.5,0.8,14.29,0.23,2.05,44.44,,,0.0,0.0,,,,-457100
Raul Steffens,Brazil 1.,2026,Botafogo,GK,29,100000,2027-12-31,8,787,0,0.0,0,0.0,Brazil,Brazil,right,190,no,0.8,0.0,0.0,0.46,100.0,0.0,1.04,0.0,0.0,0.0,0,0.0,0.0,0.0,0.0,0.0,0.0,0.0,0.11,100.0,0.0,0.0,0.0,19.1,88.62,8.01,74.29,4.57,55.0,0.0,0.0,0.0,0.69,50.0,0.0,0.0,0.0,2.86,56.0,1.94,5.37,63.83,1.6,-3.0,-0.343,1.6,435599
Wagner Leonardo,Brazil 1.,2026,Grêmio,"LCB, RCB, CB",27,1500000,2028-12-31,9,785,0,0.22,0,0.0,Brazil,Brazil,left,186,no,6.42,4.93,53.49,2.29,55.0,0.23,5.19,0.0,0.03,0.0,1,0.11,0.0,0.0,0.0,0.0,0.0,0.0,0.23,50.0,0.11,0.11,0.0,47.12,91.24,18.92,84.85,4.7,53.66,0.0,0.0,0.0,4.24,70.27,0.11,0.0,0.0,7.34,71.88,,,0.0,0.0,,,,-50409
Emerson Royal,Brazil 1.,2026,Flamengo,RB,27,18000000,2028-12-31,11,784,0,0.42,1,0.71,Brazil,"Brazil, Spain",right,183,no,7.92,4.71,63.41,3.56,70.97,0.11,6.46,0.0,0.05,0.0,4,0.46,50.0,0.0,4.02,34.29,0.92,62.5,3.33,37.93,2.18,1.49,0.23,46.49,83.46,11.71,72.55,1.38,33.33,0.08,0.0,0.34,3.56,83.87,2.41,38.1,0.23,5.63,75.51,,,0.0,0.0,,,,464313
Giovanni Augusto,Brazil 1.,2026,Chapecoense,"CF, AMF",36,300000,2027-12-31,14,784,0,0.2,1,1.46,Brazil,Brazil,right,177,no,4.02,3.33,68.97,2.41,38.1,0.0,1.72,0.0,0.02,0.0,6,0.69,33.33,0.0,1.95,41.18,1.03,66.67,7.12,45.16,0.92,1.38,0.11,38.92,86.14,11.02,71.88,4.25,70.27,0.17,0.0,0.11,6.89,81.67,2.87,48.0,0.69,6.31,87.27,,,0.0,0.0,,,,95917
Jean Carlos,Brazil 1.,2026,Chapecoense,"AMF, CF",34,750000,2027-12-31,17,783,2,1.31,1,2.29,Brazil,Brazil,left,178,no,2.18,3.45,26.67,2.64,34.78,0.23,1.68,0.23,0.15,0.11,18,2.07,33.33,11.111,1.95,29.41,2.18,47.37,6.32,23.64,0.92,1.49,0.11,29.43,72.66,10.92,61.05,4.25,54.05,0.26,0.11,0.23,7.24,65.08,3.45,43.33,1.15,6.44,71.43,,,0.0,0.0,,,,164926
Marlon,Brazil 1.,2026,Grêmio,LB,29,5000000,2028-12-31,8,783,1,0.16,1,0.57,Brazil,Brazil,left,178,no,8.51,6.44,53.57,1.03,22.22,0.23,6.15,0.11,0.02,0.0,5,0.57,60.0,20.0,1.84,31.25,0.69,50.0,3.79,48.48,0.23,1.38,0.34,37.93,80.91,12.87,70.54,5.4,55.32,0.07,0.0,0.46,7.47,70.77,2.41,47.62,0.46,8.28,76.39,,,0.0,0.0,,,,428038
João Pedro Chermont,Brazil 1.,2026,Coritiba,RB,20,0,2027-12-31,12,782,0,0.23,0,0.51,Brazil,Brazil,right,181,yes,7.48,4.49,69.23,1.5,61.54,0.12,5.5,0.0,0.03,0.0,4,0.46,25.0,0.0,2.19,26.32,0.69,50.0,2.42,33.33,0.81,0.46,0.12,25.66,74.44,10.24,70.79,2.07,38.89,0.06,0.0,0.23,2.07,72.22,1.84,25.0,0.12,4.95,51.16,,,0.0,0.0,,,,-400167
B. Zapelli,Brazil 1.,2026,Athletico Paranaense,"LCMF, AMF, LW",24,0,2028-07-01,15,778,0,1.01,1,0.91,Argentina,"Argentina, Italy",right,181,no,5.21,3.59,58.06,1.27,45.45,0.12,4.26,0.0,0.12,0.0,10,1.16,10.0,0.0,1.62,28.57,2.43,42.86,6.59,31.58,0.93,1.16,0.23,35.75,79.29,10.41,71.11,3.47,66.67,0.1,0.12,0.23,5.67,71.43,2.54,54.55,0.93,6.02,76.92,,,0.0,0.0,,,,-148704
Everaldo,Brazil 1.,2026,Bahia,CF,35,650000,2026-12-31,16,776,4,3.17,0,0.49,Brazil,Brazil,right,182,yes,3.6,3.48,43.33,4.52,56.41,0.12,2.62,0.46,0.37,0.35,17,1.97,41.18,23.529,0.81,28.57,1.16,60.0,6.61,47.37,3.48,0.81,0.23,9.51,68.29,1.97,58.82,0.23,100.0,0.06,0.0,0.0,0.81,57.14,1.39,58.33,0.58,0.93,62.5,,,0.0,0.0,,,,225224
Reinier,Brazil 1.,2026,Atlético Mineiro,"CF, AMF",24,3500000,2029-12-31,16,776,2,2.98,1,0.55,Brazil,Brazil,right,185,no,2.67,2.9,48.0,2.78,33.33,0.23,1.99,0.23,0.35,0.12,17,1.97,58.82,11.765,0.12,0.0,1.04,22.22,8.12,32.86,3.36,0.58,0.23,33.98,89.08,7.54,84.62,1.39,58.33,0.06,0.23,0.7,4.18,83.33,1.16,80.0,1.16,3.13,74.07,,,0.0,0.0,,,,-64344
Gabriel Justino,Brazil 1.,2026,Botafogo,"RCB, LCB",20,0,2028-11-30,10,774,1,0.22,0,0.15,Brazil,Brazil,unknown,0,no,7.33,3.84,72.73,3.6,45.16,0.7,5.81,0.12,0.03,0.12,3,0.35,66.67,33.333,0.0,0.0,0.23,50.0,1.98,70.59,0.35,0.47,0.12,26.28,88.05,8.37,79.17,1.98,41.18,0.02,0.0,0.12,2.67,60.87,0.0,0.0,0.12,2.91,56.0,,,0.0,0.0,,,,-438206
Ferreira,Brazil 1.,2026,São Paulo,"LAMF, LW, CF",28,5000000,2027-12-31,16,771,4,2.16,0,0.52,Brazil,Brazil,right,176,no,4.32,3.97,58.82,1.17,30.0,0.12,3.17,0.47,0.25,0.12,23,2.68,39.13,17.391,2.92,36.0,6.42,56.36,13.42,45.22,4.2,2.57,0.12,33.04,79.51,7.24,62.9,1.52,61.54,0.06,0.12,0.47,1.75,80.0,4.32,54.05,1.17,4.55,71.79,,,0.0,0.0,,,,-50164
Matheus Fernandes,Brazil 1.,2026,Red Bull Bragantino,"RDMF, LDMF, RCMF",28,2000000,2027-12-31,13,770,0,0.28,1,0.25,Brazil,Brazil,right,183,no,7.95,5.26,68.89,2.22,73.68,0.0,6.95,0.0,0.03,0.0,12,1.4,8.33,0.0,0.35,66.67,0.94,37.5,3.51,40.0,0.47,0.82,0.23,30.97,86.79,9.12,74.36,2.1,72.22,0.03,0.12,0.23,5.03,79.07,1.29,72.73,0.82,5.03,76.74,,,0.0,0.0,,,,467977
C. Spinelli,Brazil 1.,2026,Vasco da Gama,CF,29,0,2028-12-31,15,763,1,5.56,0,0.04,Argentina,"Argentina, Italy",right,180,no,3.54,3.89,42.42,8.26,28.57,0.24,3.27,0.12,0.66,0.12,27,3.18,40.74,3.704,0.35,33.33,0.83,42.86,6.37,27.78,4.72,0.35,0.0,9.2,82.05,1.42,75.0,0.12,100.0,0.0,0.0,0.0,0.47,75.0,0.59,60.0,0.35,0.47,50.0,,,0.0,0.0,,,,478974
Dudu Kogitzki,Brazil 1.,2026,Athletico Paranaense,"AMF, RW",20,0,2029-12-31,15,762,1,0.19,0,0.34,Brazil,Brazil,left,176,no,4.72,3.9,45.45,1.18,10.0,0.0,4.34,0.12,0.02,0.0,4,0.47,25.0,25.0,0.47,25.0,1.3,27.27,3.9,33.33,1.42,1.18,0.24,20.91,81.36,6.26,67.92,0.71,16.67,0.04,0.0,0.24,3.31,82.14,1.18,30.0,0.35,3.66,83.87,,,0.0,0.0,,,,-336047
Gustavo Neves,Brazil 1.,2026,Red Bull Bragantino,"LCMF, AMF, LDMF",22,0,2029-12-31,15,760,1,0.9,1,1.97,Brazil,Brazil,right,175,no,6.16,7.22,60.66,1.07,33.33,0.0,3.08,0.12,0.11,0.0,9,1.07,55.56,11.111,2.13,38.89,1.54,76.92,6.51,36.36,1.66,1.89,0.0,25.46,77.21,8.17,72.46,2.25,47.37,0.23,0.36,0.83,3.43,75.86,2.61,40.91,1.07,4.03,73.53,,,0.0,0.0,,,,-315449
Felipe Jonatan,Brazil 1.,2026,Coritiba,"LB, LWB",28,2000000,2027-12-31,15,755,0,0.39,0,0.25,Brazil,Brazil,left,176,no,5.84,3.81,59.38,3.22,44.44,0.24,4.17,0.0,0.05,0.0,6,0.72,33.33,0.0,1.55,30.77,1.07,66.67,2.86,54.17,0.95,0.24,0.0,31.95,86.19,9.54,78.75,3.1,69.23,0.03,0.0,0.12,3.34,75.0,1.07,55.56,0.48,4.65,79.49,,,0.0,0.0,,,,-50875
B. Rollheiser,Brazil 1.,2026,Santos,"AMF, CF, RW",26,10000000,2028-12-31,17,738,3,2.71,1,1.93,Argentina,Argentina,left,175,no,4.39,4.76,53.85,1.22,30.0,0.37,2.8,0.12,0.33,0.0,18,2.2,38.89,16.667,1.59,38.46,3.05,44.0,9.76,40.0,1.46,1.59,0.12,52.56,80.74,15.49,64.57,3.29,51.85,0.24,0.24,1.1,5.85,79.17,4.51,48.65,1.95,7.68,74.6,,,0.0,0.0,,,,475706
Jamerson,Brazil 1.,2026,Vitória,"LB, RB",27,1000000,2026-12-31,11,737,0,0.44,0,0.05,Brazil,Brazil,left,177,yes,8.55,6.72,61.82,2.08,64.71,0.37,6.32,0.0,0.05,0.0,4,0.49,0.0,0.0,1.83,20.0,2.93,54.17,6.11,52.0,0.49,0.73,0.0,32.73,81.72,10.99,80.0,3.42,46.43,0.01,0.0,0.0,2.32,68.42,1.47,16.67,0.12,4.88,52.5,,,0.0,0.0,,,,-68888
Brenner,Brazil 1.,2026,Vasco da Gama,"CF, AMF",26,7000000,2029-12-31,15,736,1,3.37,0,0.58,Brazil,Brazil,right,175,no,3.18,2.81,65.22,5.75,14.89,0.37,2.29,0.12,0.41,0.0,17,2.08,35.29,5.882,0.37,33.33,0.49,75.0,5.38,36.36,3.18,0.12,0.0,18.95,85.16,3.06,64.0,1.1,77.78,0.07,0.0,0.24,1.83,93.33,0.12,100.0,0.86,1.59,76.92,,,0.0,0.0,,,,475266
Anderson,Brazil 1.,2026,Chapecoense,GK,28,200000,2027-12-31,7,736,0,0.02,0,0.0,Brazil,Brazil,left,190,no,1.1,0.12,100.0,0.12,100.0,0.0,1.29,0.0,0.0,0.0,1,0.12,0.0,0.0,0.0,0.0,0.0,0.0,0.12,100.0,0.12,0.0,0.0,16.75,89.05,6.11,78.0,4.04,63.64,0.0,0.0,0.0,0.49,100.0,0.0,0.0,0.0,3.18,53.85,1.59,4.77,66.67,1.24,-2.86,-0.35,0.98,-27103
Cleiton,Brazil 1.,2026,Red Bull Bragantino,GK,28,4000000,2027-12-31,7,729,0,0.0,0,0.01,Brazil,Brazil,right,190,no,2.47,0.25,100.0,0.25,100.0,0.0,3.72,0.0,0.0,0.0,0,0.0,0.0,0.0,0.0,0.0,0.0,0.0,0.12,100.0,0.12,0.0,0.0,25.19,91.18,12.22,82.83,7.04,71.93,0.0,0.0,0.0,2.1,64.71,0.12,100.0,0.12,5.68,80.43,0.99,2.96,66.67,0.8,-1.55,-0.191,0.86,437640
William,Brazil 1.,2026,Cruzeiro,RB,31,3000000,2026-12-31,11,726,0,0.4,1,1.14,Brazil,Brazil,right,171,no,9.55,5.95,56.25,2.73,40.91,0.25,8.9,0.0,0.05,0.0,7,0.87,42.86,0.0,5.08,39.02,0.99,62.5,3.22,34.62,0.74,0.62,0.12,42.77,77.1,12.77,70.87,5.33,51.16,0.14,0.12,0.74,3.35,62.96,4.46,41.67,0.25,7.81,76.19,,,0.0,0.0,,,,371501
Lucas Silva,Brazil 1.,2026,Cruzeiro,"LDMF, RDMF, LCMF",33,800000,2027-12-31,15,721,0,0.05,0,0.47,Brazil,Brazil,right,181,no,5.99,3.87,54.84,1.37,45.45,0.12,5.79,0.0,0.01,0.0,4,0.5,0.0,0.0,0.5,25.0,1.0,25.0,2.37,36.84,0.37,1.0,0.12,39.32,89.21,8.24,80.3,2.62,61.9,0.06,0.0,0.12,5.37,90.7,0.75,33.33,0.12,3.5,75.0,,,0.0,0.0,,,,233956
Victor Caetano,Brazil 1.,2026,Chapecoense,RCB,28,0,2027-12-15,8,719,0,0.0,0,0.0,Brazil,Brazil,right,186,no,7.51,5.76,47.83,3.0,70.83,0.75,4.95,0.0,0.0,0.0,0,0.0,0.0,0.0,0.0,0.0,0.63,100.0,1.13,66.67,0.0,0.5,0.0,30.42,80.25,13.39,65.42,5.51,61.36,0.0,0.0,0.0,5.13,51.22,0.5,25.0,0.13,6.01,62.5,,,0.0,0.0,,,,470558
Thaciano,Brazil 1.,2026,Santos,"CF, LW, LAMF",31,2000000,2028-12-31,14,716,2,2.16,0,0.55,Brazil,Brazil,right,182,no,5.15,3.39,74.07,5.66,42.22,0.25,3.35,0.25,0.27,0.0,15,1.89,20.0,13.333,0.88,28.57,0.75,50.0,3.14,36.0,2.14,0.25,0.0,14.71,70.94,2.77,59.09,0.5,75.0,0.07,0.0,0.38,1.13,66.67,2.01,56.25,1.01,1.89,73.33,,,0.0,0.0,,,,282447
Lyanco,Brazil 1.,2026,Atlético Mineiro,"LCB, RCB, CB",29,3000000,2029-12-31,9,711,0,0.17,0,0.1,Brazil,"Brazil, Serbia",right,187,no,7.59,4.18,51.52,3.67,55.17,0.38,6.43,0.0,0.02,0.0,4,0.51,0.0,0.0,0.25,0.0,0.25,0.0,1.65,38.46,0.38,1.27,0.13,38.99,91.88,11.9,81.91,3.42,59.26,0.01,0.0,0.0,5.44,83.72,0.25,0.0,0.0,5.06,77.5,,,0.0,0.0,,,,408131
Zé Ivaldo,Brazil 1.,2026,Remo,"LCB, CB, RCB",29,3500000,2028-12-31,8,706,0,0.54,0,0.0,Brazil,Brazil,right,185,yes,8.16,4.72,67.57,2.68,71.43,0.64,6.1,0.0,0.07,0.0,5,0.64,60.0,0.0,0.0,0.0,0.13,0.0,0.64,40.0,0.38,0.13,0.0,32.38,81.1,13.64,65.42,5.99,42.55,0.0,0.0,0.0,5.23,43.9,0.38,33.33,0.13,6.25,69.39,,,0.0,0.0,,,,404438
Gabriel Taliari,Brazil 1.,2026,Remo,CF,29,600000,2028-12-31,10,705,4,3.6,0,0.08,Brazil,Brazil,right,177,no,4.6,5.23,63.41,5.11,35.0,0.0,0.84,0.51,0.46,0.0,18,2.3,38.89,22.222,0.51,50.0,0.38,66.67,6.89,38.89,2.68,0.13,0.13,15.19,75.63,3.45,48.15,1.15,55.56,0.01,0.0,0.26,2.04,43.75,1.02,25.0,0.38,1.4,72.73,,,0.0,0.0,,,,441525
R. Castillo,Brazil 1.,2026,Fluminense,CF,27,0,2030-12-31,13,703,3,1.98,1,0.13,Argentina,Argentina,right,187,no,3.46,3.2,40.0,7.68,45.0,0.0,3.97,0.38,0.25,0.26,18,2.3,38.89,16.667,0.0,0.0,0.51,50.0,7.55,33.9,3.84,0.64,0.0,21.25,84.34,3.46,66.67,0.38,100.0,0.02,0.13,0.26,1.28,100.0,0.77,16.67,0.77,1.15,100.0,,,0.0,0.0,,,,435519
Higor Meritão,Brazil 1.,2026,Chapecoense,"LCMF, RCMF, LDMF",32,1300000,2027-12-31,11,700,1,1.39,0,0.08,Brazil,Brazil,left,186,no,9.13,8.87,65.22,2.44,36.84,0.0,4.02,0.13,0.18,0.0,7,0.9,57.14,14.286,0.0,0.0,0.64,60.0,2.96,30.43,1.29,0.13,0.0,30.6,87.82,8.49,74.24,2.44,63.16,0.01,0.0,0.0,3.99,70.97,0.0,0.0,0.13,3.99,67.74,,,0.0,0.0,,,,-71693
Gustavo Henrique,Brazil 1.,2026,Santos,"LCMF, RDMF, LDMF",21,0,,9,697,0,0.12,0,0.39,Brazil,Brazil,unknown,0,no,9.43,8.65,59.7,1.42,45.45,0.39,4.43,0.0,0.01,0.0,2,0.26,0.0,0.0,0.65,40.0,0.26,100.0,4.0,58.06,0.13,0.39,0.0,34.22,86.79,9.43,72.6,1.29,80.0,0.05,0.0,0.26,2.84,77.27,0.9,57.14,0.52,3.62,57.14,,,0.0,0.0,,,,-400169
Camutanga,Brazil 1.,2026,Vitória,"RCB, CB",32,500000,2026-12-31,8,696,0,0.15,0,0.16,Brazil,Brazil,right,189,no,6.85,3.23,72.0,3.23,64.0,0.91,5.33,0.0,0.02,0.0,1,0.13,0.0,0.0,0.0,0.0,0.0,0.0,0.78,66.67,0.26,0.13,0.0,23.41,82.32,9.31,63.89,3.49,44.44,0.02,0.0,0.13,2.72,57.14,0.13,100.0,0.13,4.27,54.55,,,0.0,0.0,,,,327574
Mateo Ponte,Brazil 1.,2026,Botafogo,"RB, RCB, RWB",23,1500000,2028-06-30,10,688,0,0.49,1,0.26,Uruguay,Uruguay,right,183,no,6.8,5.36,56.1,1.83,57.14,0.39,5.19,0.0,0.06,0.0,1,0.13,0.0,0.0,1.18,55.56,1.96,53.33,4.19,53.13,0.65,0.78,0.13,29.17,84.3,8.5,67.69,2.35,50.0,0.03,0.26,0.26,2.22,70.59,1.57,58.33,0.39,3.92,56.67,,,0.0,0.0,,,,-235233
Gonzalo Plata,Brazil 1.,2026,Flamengo,"RAMF, RW, AMF",25,6000000,2029-06-30,12,686,2,2.68,1,1.6,Ecuador,Ecuador,left,178,no,8.53,7.61,62.07,1.71,23.08,0.13,4.88,0.26,0.35,0.0,21,2.76,57.14,9.524,0.92,57.14,4.85,48.65,9.97,46.05,4.46,4.07,0.52,35.03,81.27,8.92,72.06,0.92,71.43,0.21,0.39,0.66,2.76,80.95,2.1,56.25,1.31,3.67,71.43,,,0.0,0.0,,,,-74301
R. Arboleda,Brazil 1.,2026,São Paulo,"RCB, CB",34,1200000,2027-12-31,9,685,0,0.34,0,0.0,Ecuador,Ecuador,right,187,no,7.88,4.34,63.64,4.34,69.7,0.26,6.82,0.0,0.05,0.0,3,0.39,100.0,0.0,0.13,100.0,0.26,100.0,0.66,60.0,0.53,0.66,0.0,45.72,87.64,15.37,73.5,3.68,50.0,0.0,0.13,0.0,3.68,53.57,0.53,0.0,0.13,6.18,57.45,,,0.0,0.0,,,,126246
João Vitor,Brazil 1.,2026,Chapecoense,"RCMF, LCMF, RDMF",28,100000,2026-12-31,11,677,0,0.62,0,0.52,Brazil,Brazil,right,177,yes,5.18,5.85,47.73,1.06,50.0,0.4,2.79,0.0,0.08,0.0,18,2.39,16.67,0.0,2.26,70.59,1.33,70.0,4.65,48.57,0.66,0.8,0.0,35.76,79.55,11.96,62.22,6.51,61.22,0.07,0.0,0.53,6.65,62.0,2.79,52.38,0.0,7.71,82.76,,,0.0,0.0,,,,-74500
F. Balbuena,Brazil 1.,2026,Grêmio,RCB,34,3000000,2027-06-30,7,676,0,0.1,0,0.0,Paraguay,Paraguay,right,189,no,6.39,3.59,70.37,1.6,100.0,0.13,5.18,0.0,0.01,0.0,1,0.13,0.0,0.0,0.27,50.0,0.0,0.0,0.13,100.0,0.13,0.13,0.0,47.4,86.52,21.3,74.38,6.12,50.0,0.0,0.0,0.0,5.06,60.53,0.4,33.33,0.0,10.52,75.95,,,0.0,0.0,,,,225552
D. Tarzia,Brazil 1.,2026,Vitória,"LW, LAMF, CF",23,0,2027-12-31,17,674,2,1.75,1,0.56,Argentina,Argentina,,0,yes,5.34,6.28,46.81,2.4,38.89,0.13,3.19,0.27,0.23,0.0,19,2.54,52.63,10.526,1.47,27.27,3.2,50.0,10.95,46.34,2.4,1.47,0.27,19.9,79.87,3.87,79.31,0.93,71.43,0.07,0.0,0.53,1.74,84.62,2.27,52.94,0.8,2.54,78.95,,,0.0,0.0,,,,-449219
João Cruz,Brazil 1.,2026,Athletico Paranaense,"AMF, LW, RW",20,0,2028-12-31,16,673,0,1.41,4,1.84,Brazil,Brazil,unknown,0,no,5.48,6.55,53.06,1.47,18.18,0.13,2.53,0.0,0.19,0.0,15,2.01,33.33,0.0,2.54,52.63,1.6,41.67,4.55,35.29,1.2,1.2,0.0,33.43,82.0,7.09,67.92,1.87,78.57,0.25,0.27,1.07,4.28,84.38,2.81,57.14,0.67,4.95,75.68,,,0.0,0.0,,,,-336048
Cauly,Brazil 1.,2026,São Paulo,"AMF, LAMF, LW",30,6000000,2028-12-31,13,667,1,1.08,1,1.32,Brazil,"Brazil, Germany",right,175,no,4.05,5.26,46.15,2.02,20.0,0.13,2.47,0.0,0.15,0.0,8,1.08,37.5,12.5,1.62,16.67,2.29,47.06,7.29,46.3,1.89,1.48,0.27,37.51,85.97,10.52,79.49,1.62,58.33,0.18,0.27,0.4,6.07,84.44,2.56,52.63,1.21,4.99,78.38,,,0.0,0.0,,,,260573
Eric Ramires,Brazil 1.,2026,Red Bull Bragantino,"RDMF, LDMF, RCMF",26,4000000,2026-12-31,14,665,0,0.72,0,0.12,Brazil,Brazil,right,174,no,5.28,5.28,46.15,1.08,37.5,0.14,4.01,0.0,0.1,0.0,2,0.27,0.0,0.0,0.0,0.0,0.54,25.0,3.65,44.44,0.54,0.68,0.0,30.99,86.9,8.26,70.49,2.44,61.11,0.02,0.0,0.14,3.92,72.41,0.27,50.0,0.27,2.84,66.67,,,0.0,0.0,,,,-69724
Adson,Brazil 1.,2026,Vasco da Gama,"RAMF, RW, RWF",25,4500000,2027-12-31,11,663,0,0.59,0,1.18,Brazil,Brazil,left,171,no,5.84,4.75,68.57,1.22,22.22,0.0,3.62,0.0,0.08,0.0,18,2.44,22.22,0.0,1.36,50.0,4.62,67.65,9.1,55.22,1.36,2.85,0.27,42.35,85.58,12.76,76.6,0.68,40.0,0.16,1.09,0.68,5.02,75.68,3.8,57.14,1.63,5.16,86.84,,,0.0,0.0,,,,-66168
Carlos Eduardo,Brazil 1.,2026,Mirassol,"RAMF, CF, RW",29,900000,2026-12-31,13,658,1,1.54,1,0.7,Brazil,Brazil,right,173,no,4.65,3.97,48.28,2.33,35.29,0.0,3.66,0.0,0.21,0.0,11,1.5,9.09,9.091,2.74,20.0,3.01,54.55,9.03,37.88,2.74,1.37,0.27,16.0,69.23,3.69,44.44,1.5,63.64,0.1,0.0,0.27,0.96,85.71,1.5,18.18,0.14,1.64,58.33,,,0.0,0.0,,,,396117
Marcos Vinicius,Brazil 1.,2026,Chapecoense,"RB, RWB",29,0,2026-12-31,10,656,0,0.52,0,0.75,Brazil,Brazil,right,176,no,7.0,4.53,51.52,2.33,29.41,0.27,6.07,0.0,0.07,0.0,3,0.41,0.0,0.0,3.29,37.5,1.37,50.0,2.47,38.89,1.23,1.78,0.14,30.87,71.11,11.39,61.45,5.08,43.24,0.1,0.0,0.55,4.12,40.0,3.16,47.83,0.55,6.45,70.21,,,0.0,0.0,,,,472453
Hugo Moura,Brazil 1.,2026,Vasco da Gama,"DMF, LDMF, RCMF",28,1500000,2028-06-30,11,656,1,0.16,0,0.14,Brazil,Brazil,right,182,no,8.09,5.9,65.12,2.33,35.29,0.82,5.2,0.14,0.02,0.14,3,0.41,33.33,33.333,0.0,0.0,0.27,50.0,2.06,60.0,0.69,0.55,0.0,50.21,92.08,14.68,86.92,1.92,50.0,0.02,0.0,0.14,5.9,88.37,0.27,50.0,0.14,4.25,67.74,,,0.0,0.0,,,,-33299
Rodriguinho,Brazil 1.,2026,Red Bull Bragantino,"LDMF, LCMF, AMF",22,0,2030-12-31,12,654,2,1.06,1,0.49,Brazil,Brazil,right,186,no,4.4,5.92,41.86,0.83,50.0,0.14,2.92,0.28,0.15,0.0,13,1.79,30.77,15.385,0.69,40.0,1.65,58.33,5.09,35.14,1.79,0.96,0.28,24.5,85.39,5.92,74.42,0.96,71.43,0.07,0.0,0.14,3.03,77.27,0.69,80.0,0.55,2.2,93.75,,,0.0,0.0,,,,-159218
Ayrton Lucas,Brazil 1.,2026,Flamengo,LB,29,8000000,2027-12-31,11,654,0,0.1,1,0.29,Brazil,Brazil,left,180,no,6.06,4.95,55.56,2.61,57.89,0.55,5.33,0.0,0.01,0.0,7,0.96,28.57,0.0,2.06,33.33,1.38,70.0,3.3,37.5,0.41,2.75,0.28,44.04,85.63,12.94,71.28,2.61,47.37,0.04,0.0,0.28,2.89,80.95,2.61,47.37,0.55,7.57,72.73,,,0.0,0.0,,,,337005
L. Villalba,Brazil 1.,2026,Botafogo,"RAMF, RW",25,0,2029-12-31,13,653,1,0.66,0,1.2,Uruguay,"Uruguay, Italy",right,182,no,5.93,5.79,57.14,3.45,40.0,0.14,3.04,0.14,0.09,0.14,8,1.1,37.5,12.5,3.86,25.0,3.31,41.67,7.72,30.36,2.89,1.79,1.24,16.13,57.26,4.55,42.42,1.24,44.44,0.17,0.0,0.69,1.24,77.78,3.03,36.36,0.83,3.72,62.96,,,0.0,0.0,,,,-249829
André Ramalho,Brazil 1.,2026,Corinthians,RCB,34,2500000,2026-12-31,7,647,0,0.09,0,0.13,Brazil,"Brazil, Italy",right,182,no,5.84,2.5,66.67,4.59,75.76,0.28,6.67,0.0,0.01,0.0,2,0.28,0.0,0.0,0.42,33.33,0.14,100.0,0.7,40.0,0.56,2.23,0.0,56.48,91.38,21.98,84.18,3.62,38.46,0.02,0.0,0.14,6.68,79.17,0.7,40.0,0.14,9.32,82.09,,,0.0,0.0,,,,178288
Braian Aguirre,Brazil 1.,2026,Internacional,"RB, RCB",26,2000000,2028-12-31,15,645,1,0.7,1,0.83,Argentina,Argentina,right,175,no,9.63,6.98,70.0,2.79,35.0,0.42,6.77,0.14,0.1,0.0,11,1.53,36.36,9.091,5.58,20.0,1.4,60.0,3.35,50.0,1.81,0.84,0.0,39.21,72.95,12.84,73.91,3.63,61.54,0.12,0.28,0.56,6.14,70.45,5.3,42.11,1.12,9.21,81.82,,,0.0,0.0,,,,-211970
Kaio César,Brazil 1.,2026,Corinthians,"RAMF, RW, AMF",22,0,2028-06-30,10,645,2,0.95,1,0.17,Brazil,Brazil,left,168,yes,6.7,5.3,73.68,1.67,33.33,0.0,3.5,0.28,0.13,0.14,11,1.53,63.64,18.182,1.53,36.36,5.58,65.0,14.23,56.86,2.51,3.21,0.14,26.65,80.63,6.14,72.73,0.84,33.33,0.02,0.0,0.28,1.81,46.15,2.09,66.67,0.56,3.35,83.33,,,0.0,0.0,,,,-250526
Bruno Henrique,Brazil 1.,2026,Flamengo,"LAMF, CF, LW",35,1800000,2027-12-31,16,645,1,1.97,3,1.52,Brazil,Brazil,right,184,no,5.02,4.47,50.0,4.05,48.28,0.0,4.05,0.14,0.28,0.0,13,1.81,30.77,7.692,1.4,30.0,2.37,58.82,9.07,40.0,4.05,2.37,0.14,22.88,82.32,4.88,74.29,0.56,50.0,0.21,0.0,0.7,1.81,84.62,1.4,40.0,0.98,2.23,75.0,,,0.0,0.0,,,,395631
Vitão,Brazil 1.,2026,Flamengo,"LCB, RCB",26,0,2029-12-31,9,641,0,0.25,0,0.49,Brazil,Brazil,right,185,no,5.62,2.81,40.0,2.81,70.0,0.7,6.6,0.0,0.04,0.0,4,0.56,0.0,0.0,0.14,0.0,0.14,100.0,0.42,100.0,0.98,1.12,0.14,57.43,93.4,14.88,82.08,2.81,50.0,0.07,0.0,0.0,6.46,91.3,0.28,100.0,0.14,6.74,68.75,,,0.0,0.0,,,,475117
Matheus Pereira,Brazil 1.,2026,Corinthians,"RDMF, LCMF, AMF",28,1200000,2027-12-31,14,641,0,0.1,0,0.19,Brazil,Brazil,left,183,yes,7.86,4.63,63.64,1.26,55.56,0.28,7.39,0.0,0.01,0.0,8,1.12,25.0,0.0,0.84,50.0,0.42,66.67,2.95,42.86,0.28,1.54,0.0,50.41,84.68,16.99,72.73,4.77,55.88,0.03,0.28,0.28,9.83,77.14,1.97,57.14,0.7,8.28,81.36,,,0.0,0.0,,,,398753
N. Villarreal,Brazil 1.,2026,Cruzeiro,CF,21,0,2030-12-31,12,635,2,3.75,1,0.55,Colombia,Colombia,right,186,no,2.55,2.13,46.67,2.98,9.52,0.0,2.22,0.28,0.53,0.0,18,2.55,38.89,11.111,0.43,0.0,0.99,57.14,5.39,47.37,3.97,0.57,0.43,7.94,69.64,1.28,33.33,0.14,100.0,0.08,0.0,0.71,0.71,20.0,0.71,40.0,0.71,0.71,60.0,,,0.0,0.0,,,,-323477
Léo Derik,Brazil 1.,2026,Athletico Paranaense,"LB, LWB",21,0,2029-12-31,11,631,0,0.1,0,0.73,Brazil,Brazil,unknown,0,no,7.27,5.99,59.52,2.14,33.33,0.57,4.53,0.0,0.01,0.0,2,0.29,0.0,0.0,2.57,33.33,2.14,60.0,4.71,39.39,0.71,2.42,0.57,34.23,85.83,11.84,78.31,2.42,58.82,0.1,0.14,0.43,2.85,65.0,2.0,35.71,0.14,4.99,80.0,,,0.0,0.0,,,,-352760
Gabriel Menino,Brazil 1.,2026,Santos,"RW, RB, RCMF",25,9000000,2028-12-31,11,631,1,0.57,0,0.66,Brazil,Brazil,right,180,yes,9.27,5.71,67.5,2.57,66.67,0.14,7.22,0.14,0.08,0.0,15,2.14,40.0,6.667,2.57,33.33,3.71,57.69,7.56,58.49,1.43,1.71,0.0,41.51,79.73,14.83,75.0,3.28,56.52,0.09,0.14,0.43,7.27,80.39,3.99,46.43,1.14,7.99,76.79,,,0.0,0.0,,,,-50785
F. Bernal,Brazil 1.,2026,Fluminense,"RDMF, LDMF, LCMF",22,0,2031-06-30,10,630,0,0.57,0,0.0,Uruguay,"Uruguay, Italy",right,187,no,7.86,7.86,61.82,2.29,43.75,0.14,4.38,0.0,0.08,0.0,9,1.29,22.22,0.0,0.0,0.0,0.29,50.0,3.0,52.38,0.57,0.14,0.0,50.71,90.14,12.14,74.12,4.71,63.64,0.0,0.0,0.0,5.57,69.23,0.0,0.0,0.0,6.71,74.47,,,0.0,0.0,,,,-262709
Vitor Hugo,Brazil 1.,2026,Atlético Mineiro,LCB,35,1500000,2028-12-31,8,621,1,0.48,0,0.0,Brazil,Brazil,left,187,no,7.1,3.77,65.38,3.04,76.19,0.87,5.44,0.14,0.07,0.14,2,0.29,50.0,50.0,0.0,0.0,0.0,0.0,0.0,0.0,0.58,0.14,0.0,37.25,93.0,13.62,86.17,1.74,50.0,0.0,0.0,0.0,2.75,73.68,0.14,0.0,0.0,4.93,82.35,,,0.0,0.0,,,,112507
Caio Alexandre,Brazil 1.,2026,Bahia,"DMF, RCMF",27,6500000,2028-12-31,12,619,0,0.09,0,0.78,Brazil,Brazil,right,175,no,8.87,7.27,62.0,1.02,14.29,0.29,6.15,0.0,0.01,0.0,4,0.58,0.0,0.0,1.45,50.0,0.73,60.0,5.09,45.71,0.44,2.62,0.0,59.47,89.49,17.45,75.83,4.07,64.29,0.11,0.29,0.29,8.87,78.69,3.49,58.33,1.02,7.12,77.55,,,0.0,0.0,,,,-160123
Nonato,Brazil 1.,2026,Fluminense,"RDMF, LDMF",28,1500000,2028-12-31,9,618,1,0.9,1,1.53,Brazil,"Brazil, Italy",right,175,no,7.43,6.7,47.83,1.6,45.45,0.44,5.92,0.15,0.13,0.0,3,0.44,66.67,33.333,0.58,25.0,0.58,100.0,1.89,84.62,1.6,1.75,0.29,52.72,89.5,14.85,80.39,3.2,50.0,0.22,0.0,0.58,6.26,81.4,2.04,71.43,1.31,6.12,66.67,,,0.0,0.0,,,,440539
S. Rodríguez,Brazil 1.,2026,Botafogo,"RAMF, RWF, LW",26,4500000,2028-12-31,13,617,0,0.16,0,0.69,Uruguay,Uruguay,right,175,no,5.11,5.4,51.35,1.9,53.85,0.15,3.19,0.0,0.02,0.0,1,0.15,0.0,0.0,2.48,17.65,2.19,66.67,10.5,47.22,1.46,1.46,0.44,31.22,79.91,10.06,62.32,1.6,45.45,0.1,0.29,0.15,3.79,65.38,3.79,46.15,1.02,5.4,75.68,,,0.0,0.0,,,,474723
J. Lingard,Brazil 1.,2026,Corinthians,"LAMF, CF, LW",33,5000000,2026-12-31,12,612,0,1.04,0,0.37,England,England,right,175,no,4.41,4.26,48.28,1.32,22.22,0.59,3.28,0.0,0.15,0.0,7,1.03,42.86,0.0,1.76,33.33,1.47,40.0,3.68,28.0,1.18,0.88,0.15,30.29,81.55,9.12,75.81,0.88,16.67,0.05,0.0,0.29,3.38,78.26,2.5,64.71,1.18,5.44,72.97,,,0.0,0.0,,,,220119
Pedro Morisco,Brazil 1.,2026,Coritiba,GK,22,0,2027-12-31,6,612,0,0.0,0,0.0,Brazil,Brazil,right,190,no,0.74,0.0,0.0,0.15,0.0,0.0,0.88,0.0,0.0,0.0,0,0.0,0.0,0.0,0.0,0.0,0.0,0.0,0.15,100.0,0.0,0.0,0.0,21.62,82.99,11.62,70.89,10.15,66.67,0.0,0.0,0.0,2.94,55.0,0.29,50.0,0.0,6.62,84.44,1.18,5.15,77.14,1.6,2.89,0.425,1.62,-316098
Á. Preciado,Brazil 1.,2026,Atlético Mineiro,"RB, RWB",28,0,2029-12-31,9,607,0,0.53,1,0.12,Ecuador,Ecuador,right,173,no,9.34,7.71,57.69,2.97,50.0,0.74,6.19,0.0,0.08,0.0,3,0.44,0.0,0.0,2.37,18.75,1.93,84.62,4.45,73.33,1.48,1.33,0.15,29.65,70.5,12.9,62.07,3.71,32.0,0.02,0.0,0.3,3.86,42.31,2.22,20.0,0.15,5.04,55.88,,,0.0,0.0,,,,450046
Wallisson,Brazil 1.,2026,Mirassol,"RDMF, RCMF, DMF",28,500000,2028-12-31,13,604,0,0.04,0,0.49,Brazil,Brazil,right,184,no,11.47,7.45,48.0,2.24,66.67,0.3,7.78,0.0,0.01,0.0,3,0.45,0.0,0.0,0.6,25.0,1.34,33.33,5.51,45.95,0.45,0.6,0.15,22.65,77.63,7.6,54.9,1.64,72.73,0.07,0.45,0.3,2.09,42.86,0.45,33.33,0.15,3.73,40.0,,,0.0,0.0,,,,472619
Bruno Fuchs,Brazil 1.,2026,Palmeiras,"LCB, RCB",27,2000000,2029-12-31,7,598,0,0.0,0,0.13,Brazil,Brazil,right,190,no,7.22,4.06,66.67,1.35,55.56,0.75,5.65,0.0,0.0,0.0,0,0.0,0.0,0.0,0.45,66.67,0.0,0.0,0.15,100.0,0.0,1.35,0.0,39.73,87.88,14.3,72.63,6.47,58.14,0.02,0.0,0.15,4.97,75.76,1.51,80.0,0.6,7.68,60.78,,,0.0,0.0,,,,485426
Bastos,Brazil 1.,2026,Botafogo,"RCB, LCB",35,800000,2026-12-31,6,592,0,0.0,0,0.0,Angola,Angola,right,184,no,6.54,5.47,61.11,1.67,27.27,0.76,4.2,0.0,0.0,0.0,0,0.0,0.0,0.0,0.0,0.0,0.0,0.0,0.91,16.67,0.3,0.0,0.0,46.52,93.79,15.51,86.27,4.26,67.86,0.0,0.0,0.0,3.5,91.3,0.46,100.0,0.3,8.06,73.58,,,0.0,0.0,,,,246122
João Paulo,Brazil 1.,2026,Chapecoense,LCB,29,100000,2026-12-31,6,589,1,0.38,1,0.0,Brazil,Brazil,left,187,no,7.18,3.82,48.0,4.13,77.78,0.92,6.8,0.15,0.06,0.15,3,0.46,33.33,33.333,0.15,0.0,0.15,0.0,0.92,50.0,0.76,0.76,0.0,43.7,84.97,22.77,78.52,5.65,59.46,0.0,0.0,0.0,3.82,80.0,0.31,50.0,0.0,11.31,64.86,,,0.0,0.0,,,,-49574
Huguinho,Brazil 1.,2026,Botafogo,"RDMF, RCMF, DMF",19,0,2030-03-31,6,576,1,0.28,0,0.08,Brazil,Brazil,unknown,0,no,7.81,7.03,42.22,0.78,20.0,0.47,6.09,0.16,0.04,0.0,10,1.56,30.0,10.0,0.16,100.0,0.94,66.67,4.84,51.61,0.16,0.78,0.16,26.25,83.33,7.03,64.44,1.88,50.0,0.01,0.0,0.31,2.97,73.68,0.94,66.67,0.47,4.06,46.15,,,0.0,0.0,,,,-456868
Lucas Evangelista,Brazil 1.,2026,Palmeiras,"LDMF, AMF, RCMF",31,4000000,2027-12-31,19,568,0,0.4,1,0.64,Brazil,Brazil,right,181,no,6.02,4.44,67.86,3.01,42.11,0.32,4.03,0.0,0.06,0.0,7,1.11,0.0,0.0,0.79,60.0,0.63,75.0,4.44,39.29,2.22,1.27,0.16,40.25,92.13,11.88,82.67,1.58,80.0,0.1,0.32,0.48,7.45,85.11,1.27,75.0,0.79,5.23,90.91,,,0.0,0.0,,,,298183
Kayky Almeida,Brazil 1.,2026,Remo,"LCB, LB",21,0,2029-12-31,7,565,0,0.23,0,0.35,Brazil,Brazil,left,0,yes,7.96,5.26,60.61,2.55,87.5,0.64,5.83,0.0,0.04,0.0,6,0.96,33.33,0.0,1.59,10.0,0.48,66.67,0.96,83.33,0.48,0.48,0.0,31.7,73.87,13.22,60.24,6.21,51.28,0.06,0.0,0.16,5.89,67.57,1.59,20.0,0.16,7.81,63.27,,,0.0,0.0,,,,-399225
André Luis,Brazil 1.,2026,Mirassol,"CF, AMF",32,1500000,2026-12-31,13,564,1,0.81,0,0.25,Brazil,Brazil,right,184,no,2.55,1.6,50.0,4.79,40.0,0.0,2.36,0.16,0.13,0.0,4,0.64,25.0,25.0,0.16,0.0,0.8,20.0,5.11,31.25,1.91,0.32,0.16,14.2,73.03,2.23,50.0,0.0,0.0,0.04,0.0,0.32,0.32,50.0,0.32,50.0,0.64,0.96,16.67,,,0.0,0.0,,,,264928
Lucas Oliveira,Brazil 1.,2026,Mirassol,"CB, LCB",30,2000000,2026-12-31,8,551,1,0.41,0,0.01,Brazil,Brazil,right,187,no,7.51,3.43,42.86,1.31,75.0,1.31,6.79,0.16,0.07,0.0,3,0.49,33.33,33.333,0.0,0.0,0.82,60.0,1.31,50.0,0.33,0.49,0.0,28.42,85.63,12.74,73.08,3.59,45.45,0.0,0.16,0.0,5.06,64.52,0.33,50.0,0.16,4.57,78.57,,,0.0,0.0,,,,433844
João Lucas,Brazil 1.,2026,Remo,"RB, RCB",28,1700000,2028-12-31,6,549,0,0.29,0,0.2,Brazil,Brazil,right,181,yes,8.52,7.21,70.45,1.31,62.5,0.16,4.38,0.0,0.05,0.0,3,0.49,33.33,0.0,2.46,40.0,1.31,50.0,4.1,40.0,0.66,0.98,0.33,30.82,71.28,15.25,73.12,4.26,34.62,0.03,0.16,0.16,5.25,53.13,2.46,53.33,0.33,8.85,75.93,,,0.0,0.0,,,,-50135
Wanderson,Brazil 1.,2026,Cruzeiro,"LAMF, LW",31,8000000,2027-12-31,16,549,1,0.73,0,0.0,Brazil,"Brazil, Belgium",right,176,no,4.26,4.92,50.0,0.82,60.0,0.49,3.2,0.16,0.12,0.0,13,2.13,30.77,7.692,1.64,30.0,3.61,27.27,8.85,29.63,2.13,3.44,0.33,23.44,80.42,5.25,78.13,0.66,50.0,0.0,0.0,0.16,1.8,72.73,1.64,40.0,0.49,2.62,75.0,,,0.0,0.0,,,,254434
Willian Oliveira,Brazil 1.,2026,Coritiba,"RDMF, RCMF, LDMF",33,500000,2027-12-31,10,545,0,0.29,0,0.01,Brazil,Brazil,right,179,no,9.08,5.61,52.94,1.65,40.0,0.5,6.56,0.0,0.05,0.0,5,0.83,0.0,0.0,0.0,0.0,0.0,0.0,1.49,44.44,0.33,0.17,0.0,29.06,88.07,8.09,77.55,1.65,60.0,0.0,0.0,0.0,3.63,77.27,0.66,75.0,0.5,3.8,69.57,,,0.0,0.0,,,,279127
Bruno Rodrigues,Brazil 1.,2026,Cruzeiro,"CF, AMF",29,3500000,2028-12-31,14,540,0,0.9,2,0.43,Brazil,Brazil,right,177,yes,4.17,4.5,55.56,3.5,33.33,0.17,2.52,0.0,0.15,0.0,5,0.83,20.0,0.0,0.83,40.0,1.67,50.0,8.33,46.0,3.17,2.33,0.17,27.67,74.1,8.5,68.63,1.33,12.5,0.07,0.33,0.5,2.33,57.14,2.5,46.67,1.0,3.83,78.26,,,0.0,0.0,,,,423056
Rafael Tolói,Brazil 1.,2026,São Paulo,"RCB, LCB",35,2500000,2026-12-31,6,537,0,0.44,0,0.03,Brazil,"Brazil, Italy",right,185,no,7.21,4.53,62.96,3.52,71.43,0.5,5.9,0.0,0.07,0.0,4,0.67,25.0,0.0,0.17,0.0,0.17,0.0,0.67,50.0,0.84,0.67,0.0,49.61,90.2,17.77,78.3,6.03,55.56,0.0,0.0,0.0,5.53,87.88,0.17,0.0,0.17,7.88,68.09,,,0.0,0.0,,,,78553
Kauã Moraes,Brazil 1.,2026,Cruzeiro,"RB, LB",19,0,2030-08-31,10,532,2,0.18,1,0.23,Brazil,Brazil,unknown,0,no,10.15,10.83,56.25,2.2,38.46,0.34,7.19,0.34,0.03,0.0,4,0.68,75.0,50.0,2.88,23.53,2.2,46.15,5.92,45.71,0.85,1.02,0.51,32.99,74.87,11.84,58.57,3.55,38.1,0.04,0.0,0.34,3.38,60.0,3.05,50.0,0.85,6.26,64.86,,,0.0,0.0,,,,-423627
Caio Paulista,Brazil 1.,2026,Grêmio,LB,28,3500000,2028-12-31,8,531,0,0.22,0,0.12,Brazil,Brazil,left,184,yes,9.32,7.46,56.82,1.02,33.33,0.0,6.56,0.0,0.04,0.0,3,0.51,0.0,0.0,3.56,23.81,1.86,54.55,5.42,31.25,1.36,2.2,0.34,41.02,82.64,11.86,80.0,2.54,46.67,0.02,0.0,0.51,4.24,76.0,3.22,26.32,0.34,6.78,72.5,,,0.0,0.0,,,,394753
Patrick de Paula,Brazil 1.,2026,Remo,"AMF, RDMF, LCMF",26,2000000,2026-12-31,6,530,0,1.07,2,0.43,Brazil,Brazil,left,178,yes,5.77,5.43,56.25,0.85,40.0,0.17,3.27,0.0,0.18,0.0,18,3.06,16.67,0.0,0.51,33.33,1.19,71.43,7.47,50.0,0.68,1.87,0.0,31.08,83.61,10.7,73.02,3.4,25.0,0.07,0.51,0.51,7.81,67.39,1.53,66.67,0.68,6.11,86.11,,,0.0,0.0,,,,-79041
A. Sant'Anna,Brazil 1.,2026,Red Bull Bragantino,RB,28,3000000,2027-12-31,8,528,0,0.48,1,1.01,Uruguay,Uruguay,right,173,no,8.01,5.45,59.38,3.07,61.11,0.34,6.78,0.0,0.08,0.0,5,0.85,40.0,0.0,3.24,31.58,0.51,66.67,2.05,66.67,1.02,1.02,0.34,29.66,71.84,13.64,67.5,3.07,50.0,0.17,0.0,0.51,2.56,60.0,2.56,46.67,0.17,6.31,70.27,,,0.0,0.0,,,,414522
Allan,Brazil 1.,2026,Botafogo,"DMF, RCMF, LCMF",35,3500000,2026-12-31,10,523,0,0.09,0,0.25,Brazil,"Brazil, Portugal",right,175,no,9.64,7.23,59.52,1.55,22.22,0.69,5.04,0.0,0.02,0.0,2,0.34,0.0,0.0,0.17,100.0,0.52,33.33,2.07,41.67,0.34,0.86,0.0,43.19,85.26,14.11,76.83,6.2,61.11,0.04,0.0,0.17,4.3,88.0,0.52,66.67,0.17,6.71,64.1,,,0.0,0.0,,,,94859
Felipe Anderson,Brazil 1.,2026,Palmeiras,"LAMF, RAMF, RWB",33,8000000,2027-12-31,15,519,2,0.41,1,0.13,Brazil,Brazil,right,175,no,7.11,7.98,47.83,1.56,55.56,0.0,3.63,0.35,0.07,0.0,13,2.25,23.08,15.385,2.25,7.69,2.6,80.0,6.07,51.43,1.04,1.56,0.35,33.47,74.61,10.58,62.3,1.73,70.0,0.02,0.17,0.35,3.82,72.73,3.64,38.1,1.39,5.2,63.33,,,0.0,0.0,,,,157530
Miguelito,Brazil 1.,2026,Santos,"AMF, RW, LWF",22,0,2029-05-31,9,516,1,1.55,2,1.56,Bolivia,Bolivia,left,177,no,5.93,6.1,48.57,1.4,25.0,0.17,4.32,0.17,0.27,0.0,12,2.09,33.33,8.333,2.27,15.38,4.01,69.57,10.81,45.16,3.49,2.79,0.35,35.41,81.77,7.33,76.19,0.87,0.0,0.27,0.0,1.05,2.79,62.5,2.09,50.0,1.57,4.53,65.38,,,0.0,0.0,,,,-158254
M. Depay,Brazil 1.,2026,Corinthians,CF,32,0,,8,515,1,0.6,0,0.48,Netherlands,"Netherlands, Ghana",right,178,no,0.87,1.05,50.0,1.4,25.0,0.0,0.61,0.17,0.1,0.0,6,1.05,33.33,16.667,0.87,20.0,1.75,30.0,9.26,35.85,2.97,0.87,0.35,29.88,81.87,6.82,66.67,1.92,81.82,0.08,0.0,0.35,3.5,70.0,1.22,57.14,1.75,3.15,94.44,,,0.0,0.0,,,,161289
Ignacio Sosa,Brazil 1.,2026,Red Bull Bragantino,"RDMF, AMF, LDMF",22,0,2030-12-31,15,509,0,0.45,0,0.4,Uruguay,Uruguay,right,175,no,8.66,8.13,65.22,1.59,55.56,0.0,4.36,0.0,0.08,0.0,5,0.88,20.0,0.0,0.88,40.0,2.12,58.33,9.02,47.06,1.06,2.48,0.53,33.77,79.58,10.61,71.67,2.83,18.75,0.07,0.18,0.35,6.19,65.71,1.59,44.44,0.35,4.77,74.07,,,0.0,0.0,,,,-253095
M. Braithwaite,Brazil 1.,2026,Grêmio,"AMF, CF",35,3200000,2027-12-31,14,507,0,0.32,0,0.12,Denmark,"Denmark, Guyana",right,177,no,2.49,1.95,45.45,3.37,47.37,0.0,2.55,0.0,0.06,0.0,3,0.53,33.33,0.0,0.36,50.0,1.78,50.0,4.62,53.85,2.49,0.36,0.0,13.85,74.36,3.73,76.19,0.18,100.0,0.02,0.0,0.18,1.42,75.0,0.18,100.0,0.0,1.42,75.0,,,0.0,0.0,,,,99757
E. Martínez,Brazil 1.,2026,Palmeiras,"RCMF, RCB, LCB",26,0,2029-12-31,10,504,0,0.05,0,0.12,Uruguay,"Uruguay, Italy",right,184,no,7.86,6.79,50.0,3.21,88.89,0.18,6.15,0.0,0.01,0.0,3,0.54,66.67,0.0,0.54,0.0,0.89,80.0,3.57,50.0,0.54,1.43,0.0,51.07,89.86,18.39,86.41,5.36,66.67,0.02,0.0,0.0,8.04,84.44,1.25,71.43,1.07,8.04,82.22,,,0.0,0.0,,,,-49578
Gabriel Xavier,Brazil 1.,2026,Bahia,"RCB, CB",25,2500000,2029-12-31,6,500,0,0.09,0,0.0,Brazil,Brazil,right,190,yes,8.28,3.6,75.0,4.32,75.0,0.72,8.24,0.0,0.02,0.0,1,0.18,0.0,0.0,0.0,0.0,0.18,0.0,0.36,0.0,0.54,0.54,0.0,49.14,88.64,17.46,74.23,5.76,56.25,0.0,0.0,0.0,4.14,65.22,0.0,0.0,0.0,6.12,64.71,,,0.0,0.0,,,,-69942
Maurício Garcez,Brazil 1.,2026,Chapecoense,"CF, AMF",29,1000000,2028-12-31,8,500,0,1.18,0,0.5,Brazil,Brazil,right,183,no,3.42,3.6,45.0,5.4,23.33,0.18,2.1,0.0,0.21,0.0,7,1.26,14.29,0.0,0.72,25.0,2.52,57.14,9.0,36.0,2.52,1.98,0.0,11.88,74.24,2.34,76.92,0.18,100.0,0.09,0.0,0.36,0.9,60.0,0.72,0.0,0.54,0.9,60.0,,,0.0,0.0,,,,-168642
Ganso,Brazil 1.,2026,Fluminense,"AMF, CF",36,600000,2026-12-31,13,496,0,0.42,0,0.83,Brazil,Brazil,left,184,no,2.36,3.63,45.0,1.09,50.0,0.0,1.05,0.0,0.08,0.0,3,0.54,66.67,0.0,0.73,50.0,0.36,50.0,3.45,36.84,0.73,0.73,0.0,55.71,89.9,17.6,84.54,2.0,54.55,0.15,0.18,0.36,9.25,90.2,2.18,58.33,0.73,7.98,93.18,,,0.0,0.0,,,,65373
I. Román,Brazil 1.,2026,Atlético Mineiro,"RCB, CB",20,0,2029-12-31,6,489,1,0.75,0,0.0,Chile,Chile,right,183,no,8.47,9.2,50.0,3.68,65.0,0.0,4.44,0.18,0.14,0.18,3,0.55,33.33,33.333,0.18,0.0,0.55,66.67,1.1,66.67,0.55,0.0,0.0,24.48,70.68,14.36,57.69,4.79,42.31,0.0,0.0,0.0,2.76,60.0,0.37,50.0,0.37,4.6,48.0,,,0.0,0.0,,,,-347831
Claudinho,Brazil 1.,2026,Athletico Paranaense,LWB,20,0,,6,488,0,0.23,1,1.12,Brazil,Brazil,unknown,0,no,7.93,4.98,59.26,2.77,53.33,0.18,6.15,0.0,0.04,0.0,6,1.11,16.67,0.0,1.84,30.0,2.77,80.0,5.72,61.29,1.48,2.95,0.18,31.91,76.3,10.88,62.71,2.58,35.71,0.21,0.0,0.74,4.06,59.09,2.03,45.45,1.11,6.64,72.22,,,0.0,0.0,,,,-467977
João Marcelo,Brazil 1.,2026,Cruzeiro,"RCB, LCB",26,1500000,2028-12-31,7,488,1,0.24,0,0.0,Brazil,Brazil,right,190,no,6.09,3.14,47.06,3.32,66.67,0.37,6.6,0.18,0.04,0.0,1,0.18,100.0,100.0,0.0,0.0,0.0,0.0,0.37,100.0,0.55,1.66,0.92,46.48,94.44,19.73,87.85,3.69,60.0,0.0,0.0,0.0,6.45,82.86,0.0,0.0,0.0,6.82,81.08,,,0.0,0.0,,,,-112952
A. Minda,Brazil 1.,2026,Atlético Mineiro,"AMF, CF, RWF",23,6000000,2030-12-31,11,488,2,1.03,2,1.57,Ecuador,Ecuador,right,171,no,3.14,2.95,50.0,1.84,30.0,0.0,2.27,0.37,0.19,0.0,11,2.03,45.45,18.182,1.66,55.56,4.61,60.0,10.51,31.58,2.77,3.5,0.92,22.68,82.93,2.77,53.33,0.92,80.0,0.29,0.0,0.92,1.66,88.89,2.03,81.82,0.92,2.95,81.25,,,0.0,0.0,,,,-260530
F. Angileri,Brazil 1.,2026,Corinthians,LB,32,1000000,2026-12-31,8,487,1,0.02,0,0.27,Argentina,"Argentina, Italy",left,185,no,8.5,5.73,58.06,1.66,88.89,0.55,7.5,0.18,0.0,0.0,2,0.37,50.0,50.0,3.14,29.41,1.29,57.14,3.33,38.89,0.18,1.85,0.18,41.21,82.06,15.52,77.38,4.25,52.17,0.05,0.0,0.18,6.84,83.78,2.77,33.33,0.18,10.16,76.36,,,0.0,0.0,,,,284254
Cássio,Brazil 1.,2026,Cruzeiro,GK,39,400000,2027-05-31,5,480,0,0.0,0,0.0,Brazil,Brazil,right,196,no,0.94,0.38,0.0,0.19,100.0,0.0,1.46,0.0,0.0,0.0,0,0.0,0.0,0.0,0.0,0.0,0.0,0.0,0.19,100.0,0.0,0.0,0.0,9.75,82.69,4.69,72.0,3.0,50.0,0.0,0.0,0.0,0.75,0.0,0.38,0.0,0.0,1.5,62.5,1.88,4.13,54.55,1.84,-0.2,-0.038,1.31,17304
J. Barrera,Brazil 1.,2026,Botafogo,"RAMF, LAMF, LCMF",20,0,2029-12-31,12,473,1,1.02,0,0.09,Colombia,Colombia,right,175,no,6.66,5.71,60.0,1.9,30.0,0.0,3.86,0.19,0.19,0.0,11,2.09,54.55,9.091,1.33,42.86,2.09,27.27,7.04,27.03,2.47,1.52,0.38,22.45,85.59,5.33,89.29,0.95,20.0,0.02,0.0,0.19,2.66,71.43,1.52,37.5,0.38,2.47,76.92,,,0.0,0.0,,,,-299705
Newton,Brazil 1.,2026,Botafogo,"CB, RCB, DMF",26,250000,2029-12-31,7,472,0,0.02,0,0.0,Brazil,Brazil,right,188,no,6.29,4.0,66.67,2.29,25.0,0.0,4.36,0.0,0.0,0.0,3,0.57,33.33,0.0,0.0,0.0,0.38,50.0,2.67,50.0,0.0,0.38,0.0,37.94,90.45,10.11,75.47,2.1,36.36,0.0,0.0,0.0,2.67,71.43,0.0,0.0,0.0,2.48,46.15,,,0.0,0.0,,,,-114831
Júnior Santos,Brazil 1.,2026,Botafogo,"CF, RW, RAMF",31,4000000,2028-12-31,9,471,1,1.04,0,0.03,Brazil,Brazil,right,188,yes,2.48,2.48,46.15,4.01,19.05,0.0,1.17,0.19,0.2,0.0,6,1.15,66.67,16.667,1.53,12.5,2.68,64.29,11.46,41.67,2.29,1.72,0.38,12.04,65.08,2.29,75.0,0.38,50.0,0.01,0.19,0.0,1.15,66.67,0.38,0.0,0.19,1.34,57.14,,,0.0,0.0,,,,-71598
Moisés,Brazil 1.,2026,Santos,"LW, LAMF",29,1500000,2028-12-31,13,457,2,1.52,0,0.12,Brazil,Brazil,right,177,no,2.36,2.56,30.77,3.35,52.94,0.0,2.2,0.39,0.3,0.0,9,1.77,66.67,22.222,0.59,33.33,3.35,41.18,7.09,36.11,2.95,1.77,0.39,21.07,81.31,4.73,66.67,1.58,50.0,0.02,0.0,0.0,1.97,90.0,1.18,50.0,0.98,3.35,64.71,,,0.0,0.0,,,,-113962
Filipinho,Brazil 1.,2026,Athletico Paranaense,"LCMF, DMF",24,0,2027-12-31,8,457,0,0.26,0,0.0,Brazil,Brazil,left,183,no,6.89,5.51,57.14,1.58,37.5,0.59,3.88,0.0,0.05,0.0,2,0.39,0.0,0.0,0.59,66.67,1.38,14.29,3.94,10.0,0.39,0.0,0.0,26.59,88.15,3.94,80.0,1.58,50.0,0.0,0.0,0.2,1.38,71.43,0.39,50.0,0.0,2.36,50.0,,,0.0,0.0,,,,-111334
Willian,Brazil 1.,2026,Grêmio,"LCMF, AMF, LW",37,3000000,2026-12-31,9,445,0,0.49,0,0.42,Brazil,Brazil,right,175,no,3.24,2.02,70.0,0.61,66.67,0.0,2.47,0.0,0.1,0.0,7,1.42,14.29,0.0,1.01,20.0,2.83,50.0,6.07,43.33,1.01,5.87,1.21,40.65,88.06,9.1,80.0,1.01,40.0,0.09,0.0,0.2,4.25,85.71,1.62,50.0,0.81,4.04,75.0,,,0.0,0.0,,,,9051
Edenilson,Brazil 1.,2026,Vitória,"RB, RCB, DMF",21,0,2028-12-31,9,444,0,0.06,0,0.0,Brazil,Brazil,unknown,0,no,7.09,6.69,60.61,2.43,33.33,0.41,3.48,0.0,0.01,0.0,1,0.2,0.0,0.0,0.0,0.0,0.2,0.0,1.22,50.0,0.41,0.2,0.0,29.59,90.41,11.35,80.36,2.84,42.86,0.0,0.0,0.0,2.64,84.62,0.0,0.0,0.0,4.86,79.17,,,0.0,0.0,,,,-548141
André Silva,Brazil 1.,2026,São Paulo,CF,29,3500000,2027-12-31,13,436,0,0.41,0,0.08,Brazil,Brazil,left,181,no,1.65,2.68,30.77,5.37,23.08,0.21,1.41,0.0,0.08,0.0,5,1.03,80.0,0.0,0.21,0.0,1.03,40.0,4.33,28.57,2.27,0.21,0.0,17.55,82.35,3.92,68.42,1.03,100.0,0.02,0.21,0.0,1.03,80.0,1.03,60.0,0.62,1.44,85.71,,,0.0,0.0,,,,-73053
Luis Osorio,Brazil 1.,2026,São Paulo,LCB,19,0,,5,435,0,0.13,1,0.17,Brazil,Brazil,unknown,0,no,5.59,2.9,50.0,2.9,35.71,0.62,6.74,0.0,0.03,0.0,1,0.21,0.0,0.0,0.21,100.0,0.21,100.0,1.24,50.0,0.41,0.62,0.41,49.86,90.46,16.76,76.54,4.76,56.52,0.03,0.0,0.21,5.79,78.57,0.41,50.0,0.0,6.83,60.61,,,0.0,0.0,,,,-402271
Nathan Fogaça,Brazil 1.,2026,Mirassol,CF,27,400000,2027-12-31,10,432,2,4.56,0,0.24,Brazil,Brazil,right,178,no,3.13,4.38,52.38,5.42,26.92,0.0,1.3,0.42,0.95,0.0,17,3.54,52.94,11.765,1.46,0.0,2.5,66.67,9.58,36.96,5.21,2.71,0.42,18.96,76.92,3.13,73.33,0.0,0.0,0.05,0.0,0.21,1.46,85.71,1.25,66.67,1.46,1.88,77.78,,,0.0,0.0,,,,-51159
Éverton,Brazil 1.,2026,Flamengo,"LAMF, LW, RAMF",30,10000000,2026-12-31,10,432,1,0.84,1,0.83,Brazil,Brazil,right,174,no,5.42,5.42,53.85,3.13,40.0,0.0,3.24,0.21,0.18,0.0,12,2.5,16.67,8.333,1.04,40.0,5.42,42.31,10.83,38.46,1.67,4.38,0.63,26.04,89.6,5.42,73.08,1.25,83.33,0.17,0.21,0.63,1.46,85.71,1.25,50.0,1.04,3.13,80.0,,,0.0,0.0,,,,327852
Luiz Araújo,Brazil 1.,2026,Flamengo,"RAMF, RW",30,4000000,2027-12-31,11,431,1,0.7,1,1.12,Brazil,Brazil,left,175,no,6.06,5.43,57.69,0.84,25.0,0.0,3.08,0.21,0.15,0.0,9,1.88,22.22,11.111,1.46,42.86,3.55,41.18,8.98,30.23,2.71,2.71,1.04,41.35,85.86,8.56,73.17,3.76,83.33,0.23,0.42,1.88,3.76,83.33,3.13,46.67,1.88,6.89,72.73,,,0.0,0.0,,,,282066
Tiquinho Soares,Brazil 1.,2026,Mirassol,CF,35,2700000,2027-12-31,7,426,0,1.71,0,0.07,Brazil,"Brazil, Portugal",right,187,no,1.48,0.85,75.0,4.01,21.05,0.0,1.54,0.0,0.36,0.0,12,2.54,33.33,0.0,0.21,0.0,1.06,60.0,4.86,43.48,2.75,0.42,0.21,15.0,80.28,1.27,66.67,0.85,50.0,0.02,0.21,0.21,1.06,40.0,0.42,50.0,0.63,0.0,0.0,,,0.0,0.0,,,,119308
Vitor Roque,Brazil 1.,2026,Palmeiras,CF,21,0,2029-12-31,10,426,3,2.92,0,0.51,Brazil,Brazil,right,174,no,3.38,4.86,56.52,2.75,23.08,0.21,0.97,0.42,0.62,0.0,15,3.17,40.0,20.0,0.85,25.0,4.01,52.63,12.46,55.93,3.38,2.11,0.63,9.93,70.21,2.75,61.54,0.85,50.0,0.11,0.0,0.63,0.21,100.0,1.06,80.0,1.06,1.69,62.5,,,0.0,0.0,,,,-297087
Daniel Borges,Brazil 1.,2026,Mirassol,"RB, RWB, LB",33,600000,2026-12-31,5,421,0,0.06,0,0.33,Brazil,Brazil,right,174,no,7.05,5.34,68.0,2.57,66.67,0.43,4.24,0.0,0.01,0.0,5,1.07,20.0,0.0,3.21,40.0,1.07,80.0,3.63,64.71,0.64,1.07,0.43,35.06,85.37,9.83,84.78,1.07,100.0,0.07,0.0,0.64,2.99,92.86,3.21,46.67,0.21,5.77,85.19,,,0.0,0.0,,,,177366
Fernando,Brazil 1.,2026,Red Bull Bragantino,"LAMF, LW",27,5000000,2027-12-31,10,420,2,1.3,1,0.82,Brazil,Brazil,right,176,no,5.14,4.5,57.14,2.36,36.36,0.0,3.5,0.43,0.28,0.0,12,2.57,41.67,16.667,1.71,50.0,5.14,66.67,10.5,46.94,3.21,5.14,0.64,23.57,82.73,5.79,74.07,1.07,80.0,0.18,0.21,0.86,3.0,85.71,3.21,60.0,1.07,3.86,83.33,,,0.0,0.0,,,,521572
Dudu,Brazil 1.,2026,Atlético Mineiro,"LW, LAMF, AMF",34,5000000,2027-12-31,13,415,2,1.82,0,0.86,Brazil,Brazil,right,167,no,3.47,2.17,50.0,0.87,0.0,0.22,3.41,0.43,0.4,0.0,13,2.82,61.54,15.385,1.95,33.33,4.99,78.26,10.19,57.45,3.69,3.04,0.43,29.71,84.67,5.64,76.92,1.52,57.14,0.19,0.0,0.22,2.39,72.73,2.17,40.0,1.52,4.12,84.21,,,0.0,0.0,,,,82057
Vitinho,Brazil 1.,2026,Corinthians,"LAMF, LW",32,2000000,2026-12-31,8,413,0,0.44,0,0.39,Brazil,Brazil,right,180,no,5.67,5.01,69.57,3.92,33.33,0.0,3.95,0.0,0.1,0.0,10,2.18,20.0,0.0,3.27,53.33,6.76,41.94,12.42,35.09,1.31,2.4,0.22,25.71,78.81,5.88,66.67,0.65,66.67,0.08,0.0,0.44,2.4,63.64,4.14,73.68,1.53,6.1,92.86,,,0.0,0.0,,,,187560
Leozinho,Brazil 1.,2026,Athletico Paranaense,AMF,27,0,2028-12-31,9,413,3,2.6,0,0.2,Brazil,Brazil,left,173,no,4.14,4.36,45.0,1.09,60.0,0.0,2.8,0.65,0.57,0.0,16,3.49,31.25,18.75,3.92,38.89,2.62,50.0,6.32,48.28,3.49,1.31,0.0,33.12,76.97,8.06,67.57,2.4,72.73,0.04,0.0,0.44,3.27,73.33,4.14,42.11,0.22,5.45,84.0,,,0.0,0.0,,,,-414171
M. Sanabria,Brazil 1.,2026,Bahia,"LWF, LW, CF",22,0,2030-12-31,13,409,2,2.43,0,0.57,Argentina,"Argentina, Italy",right,178,no,4.4,5.06,52.17,0.88,25.0,0.22,3.43,0.44,0.54,0.0,13,2.86,30.77,15.385,3.74,11.76,7.04,53.13,13.42,55.74,2.86,3.96,1.1,18.04,70.73,1.98,55.56,0.22,100.0,0.12,0.0,0.44,0.88,50.0,2.2,40.0,0.66,1.98,88.89,,,0.0,0.0,,,,-322275
Rafael Santos,Brazil 1.,2026,Chapecoense,GK,37,100000,2026-12-31,4,408,0,0.0,0,0.0,Brazil,Brazil,right,191,no,0.22,0.0,0.0,0.0,0.0,0.0,0.3,0.0,0.0,0.0,0,0.0,0.0,0.0,0.0,0.0,0.0,0.0,0.0,0.0,0.0,0.0,0.0,16.54,89.33,9.04,82.93,4.63,66.67,0.0,0.0,0.0,1.32,50.0,0.0,0.0,0.0,4.63,76.19,2.43,6.84,64.52,1.62,-3.68,-0.812,1.1,90446
Ronaldo,Brazil 1.,2026,Internacional,"LCMF, DMF, LDMF",29,700000,2026-12-31,9,407,1,0.22,0,0.03,Brazil,Brazil,right,179,no,8.85,8.4,57.89,2.21,30.0,0.44,5.67,0.22,0.05,0.0,6,1.33,16.67,16.667,0.22,100.0,0.66,100.0,3.1,57.14,0.66,0.66,0.0,38.26,90.17,12.16,78.18,2.21,60.0,0.01,0.0,0.22,5.31,91.67,0.66,0.0,0.0,5.53,88.0,,,0.0,0.0,,,,428489
Maik,Brazil 1.,2026,São Paulo,"RB, RWB",21,0,2028-05-31,5,406,0,0.0,0,0.0,Brazil,Brazil,unknown,0,no,9.53,8.2,59.46,0.89,75.0,0.22,6.85,0.0,0.0,0.0,1,0.22,0.0,0.0,1.11,20.0,0.89,50.0,3.77,35.29,0.0,0.67,0.0,33.03,69.13,12.41,50.0,4.88,40.91,0.0,0.22,0.0,3.55,50.0,2.22,40.0,0.67,7.09,50.0,,,0.0,0.0,,,,-344252
Gabriel,Brazil 1.,2026,Vitória,GK,33,1000000,2028-12-31,4,405,0,0.0,0,0.05,Brazil,Brazil,right,194,no,0.44,0.0,0.0,0.22,100.0,0.0,0.66,0.0,0.0,0.0,0,0.0,0.0,0.0,0.0,0.0,0.0,0.0,0.22,100.0,0.0,0.0,0.22,12.22,81.82,7.78,71.43,6.89,67.74,0.01,0.0,0.22,2.44,36.36,0.22,0.0,0.0,4.89,81.82,2.22,3.33,33.33,1.34,-3.95,-0.878,1.11,153672
Vinicius Lira,Brazil 1.,2026,Santos,LB,18,0,2027-03-31,5,400,0,0.12,0,0.59,Brazil,Brazil,unknown,0,no,7.65,6.53,68.97,2.48,27.27,0.23,4.19,0.0,0.03,0.0,3,0.68,33.33,0.0,3.15,35.71,1.13,20.0,2.48,9.09,1.8,2.03,0.23,29.25,76.92,11.25,74.0,1.8,62.5,0.13,0.0,0.45,1.8,87.5,1.58,57.14,0.45,5.18,78.26,,,0.0,0.0,,,,-457099
Vinicinho,Brazil 1.,2026,Red Bull Bragantino,LAMF,22,0,2029-03-31,10,400,0,0.14,1,0.68,Brazil,Brazil,right,174,no,3.6,3.38,53.33,1.58,71.43,0.0,2.03,0.0,0.03,0.0,3,0.68,33.33,0.0,2.48,45.45,5.85,57.69,11.03,55.1,2.48,4.28,0.0,20.25,78.89,5.18,82.61,0.9,75.0,0.15,0.0,0.23,1.35,66.67,2.93,61.54,1.13,2.93,92.31,,,0.0,0.0,,,,-344235
Aitor Cantalapiedra,Brazil 1.,2026,Vitória,"LW, LAMF",30,1800000,2027-06-30,8,399,0,0.16,0,0.46,Spain,Spain,left,178,no,4.51,2.93,46.15,2.93,15.38,0.23,4.12,0.0,0.04,0.0,1,0.23,100.0,0.0,1.35,33.33,0.9,25.0,4.74,47.62,1.35,1.13,0.0,23.46,80.77,6.77,66.67,0.68,33.33,0.1,0.0,0.23,3.83,76.47,0.9,75.0,0.45,4.96,72.73,,,0.0,0.0,,,,372473
Victor Luís,Brazil 1.,2026,Mirassol,LB,33,500000,2026-12-10,7,397,0,0.02,0,0.81,Brazil,"Brazil, Lithuania",left,177,no,4.53,7.03,38.71,2.72,25.0,0.23,2.41,0.0,0.01,0.0,3,0.68,0.0,0.0,1.59,14.29,0.23,0.0,0.91,50.0,0.23,1.59,0.0,43.75,90.16,15.42,82.35,2.72,83.33,0.18,0.0,0.45,5.21,73.91,2.49,54.55,0.91,6.35,92.86,,,0.0,0.0,,,,257112
L. Sinisterra,Brazil 1.,2026,Cruzeiro,"LAMF, LW",27,0,2028-12-31,8,396,1,2.09,0,0.46,Colombia,Colombia,right,172,no,3.41,3.64,43.75,3.41,40.0,0.0,3.2,0.23,0.48,0.0,12,2.73,25.0,8.333,0.68,100.0,2.95,61.54,6.36,50.0,4.09,3.18,0.23,21.14,88.17,4.32,89.47,0.68,100.0,0.11,0.0,0.23,1.36,66.67,0.91,100.0,0.68,3.18,85.71,,,0.0,0.0,,,,440448
Mamady Cissé,Brazil 1.,2026,Atlético Mineiro,"RCMF, RDMF",19,0,2030-12-31,11,392,1,0.75,0,0.25,Guinea,Guinea,,0,no,6.2,6.66,58.62,2.98,38.46,0.23,3.3,0.23,0.17,0.0,8,1.84,25.0,12.5,0.23,100.0,1.61,57.14,5.74,48.0,1.38,0.92,0.23,37.65,85.98,8.49,67.57,1.61,57.14,0.06,0.23,0.46,4.59,60.0,0.69,66.67,0.69,2.76,66.67,,,0.0,0.0,,,,-708973
José Guilherme,Brazil 1.,2026,Bahia,"LB, LWB",21,0,2029-12-31,5,389,0,0.03,0,0.05,Brazil,Brazil,left,181,no,9.25,6.94,60.0,1.62,57.14,0.0,8.63,0.0,0.01,0.0,3,0.69,33.33,0.0,3.93,11.76,3.01,69.23,6.25,51.85,2.31,1.16,0.23,38.87,79.17,10.87,74.47,2.31,40.0,0.01,0.0,0.23,3.47,66.67,3.93,29.41,0.69,5.55,62.5,,,0.0,0.0,,,,-347897
Gustavo Scarpa,Brazil 1.,2026,Atlético Mineiro,"RW, RWF, AMF",32,8000000,2027-12-31,10,386,1,1.01,0,0.37,Brazil,"Brazil, Italy",left,176,no,3.03,3.03,53.85,3.03,61.54,0.0,2.09,0.23,0.24,0.0,14,3.26,21.43,7.143,4.2,61.11,3.5,33.33,7.93,35.29,2.1,1.63,0.23,40.34,69.36,12.12,46.15,5.6,41.67,0.09,0.23,0.0,5.83,56.0,4.9,61.9,0.7,8.86,65.79,,,0.0,0.0,,,,343407
M. Araújo,Brazil 1.,2026,Bahia,"RCMF, LCMF, RW",29,1500000,2028-12-31,14,386,0,0.47,0,0.06,Uruguay,Uruguay,left,178,no,8.86,8.86,57.89,4.2,38.89,0.0,5.7,0.0,0.11,0.0,6,1.4,16.67,0.0,0.23,0.0,2.33,30.0,7.23,29.03,0.93,1.4,0.47,33.58,82.64,9.09,79.49,0.7,66.67,0.01,0.0,0.0,3.73,87.5,0.93,50.0,0.23,3.96,58.82,,,0.0,0.0,,,,446564
P. Milans,Brazil 1.,2026,Corinthians,RB,24,0,2029-12-31,5,384,0,0.0,0,0.01,Uruguay,Uruguay,right,171,no,7.5,5.86,56.0,2.58,36.36,0.23,6.14,0.0,0.0,0.0,1,0.23,0.0,0.0,0.47,0.0,0.23,0.0,3.75,56.25,0.23,0.47,0.0,29.3,81.6,10.08,69.77,3.05,53.85,0.0,0.0,0.0,2.58,72.73,0.7,0.0,0.0,4.92,61.9,,,0.0,0.0,,,,-57217
João Ananias,Brazil 1.,2026,Santos,LCB,19,0,2030-06-30,5,383,0,0.0,0,0.25,Brazil,Brazil,unknown,0,no,8.93,4.46,73.68,2.11,33.33,0.47,7.75,0.0,0.0,0.0,0,0.0,0.0,0.0,0.0,0.0,0.0,0.0,1.17,60.0,0.47,0.47,0.23,33.84,86.11,13.86,77.97,4.93,71.43,0.06,0.0,0.23,3.29,64.29,0.7,33.33,0.47,4.7,60.0,,,0.0,0.0,,,,-457102
Kauan Toledo,Brazil 1.,2026,Botafogo,"CF, LAMF",20,0,2029-12-31,6,378,0,0.63,0,0.25,Brazil,Brazil,unknown,0,no,4.76,5.71,41.67,2.14,22.22,0.0,3.09,0.0,0.15,0.0,5,1.19,20.0,0.0,0.95,25.0,0.71,33.33,7.62,40.63,2.14,2.86,0.95,12.62,77.36,2.62,63.64,0.95,50.0,0.06,0.24,0.0,1.19,40.0,0.48,50.0,0.48,0.71,66.67,,,0.0,0.0,,,,-402269
G. Maripán,Brazil 1.,2026,Internacional,"CB, LCB",32,10000000,2028-06-30,4,375,0,0.8,0,0.0,Chile,Chile,right,190,no,8.4,4.32,55.56,4.08,70.59,0.96,6.99,0.0,0.19,0.0,3,0.72,33.33,0.0,0.0,0.0,0.24,100.0,0.72,100.0,0.96,0.0,0.0,33.84,87.23,13.92,74.14,4.56,47.37,0.0,0.0,0.0,6.0,60.0,0.48,100.0,0.72,5.52,86.96,,,0.0,0.0,,,,248739
Lucas Moura,Brazil 1.,2026,São Paulo,"AMF, CF",33,5000000,2026-12-31,8,373,1,1.13,1,0.91,Brazil,Brazil,right,174,no,3.14,2.41,20.0,2.41,40.0,0.0,3.75,0.0,0.27,0.0,5,1.21,60.0,20.0,1.45,33.33,1.69,71.43,7.48,51.61,1.21,2.17,0.72,26.78,80.18,8.45,74.29,1.93,62.5,0.22,0.24,0.97,3.14,92.31,2.41,70.0,1.21,5.07,76.19,,,0.0,0.0,,,,141970
A. Galeano,Brazil 1.,2026,Mirassol,"RAMF, LAMF, RW",26,1000000,2028-12-31,11,373,0,0.74,0,0.25,Paraguay,Paraguay,right,170,no,2.9,3.38,35.71,1.69,0.0,0.0,2.76,0.0,0.18,0.0,6,1.45,66.67,0.0,1.69,42.86,1.69,57.14,6.51,51.85,2.41,1.45,0.48,20.03,80.72,3.62,73.33,0.72,33.33,0.06,0.24,0.24,1.21,40.0,0.97,50.0,0.48,3.14,46.15,,,0.0,0.0,,,,448833
Bruninho,Brazil 1.,2026,Athletico Paranaense,"AMF, RW, RWB",17,0,2030-03-31,9,371,0,0.53,0,0.18,Brazil,Brazil,unknown,0,no,3.88,4.12,47.06,2.67,27.27,0.0,3.12,0.0,0.13,0.0,10,2.43,70.0,0.0,0.49,0.0,5.09,42.86,12.61,26.92,2.67,4.12,0.97,21.35,81.82,4.61,73.68,0.73,0.0,0.04,0.0,0.0,2.18,77.78,0.49,50.0,0.73,2.67,90.91,,,0.0,0.0,,,,-457026
M. Monsalve,Brazil 1.,2026,Grêmio,"LCMF, AMF, RCMF",22,0,,7,369,0,0.03,0,0.15,Colombia,Colombia,right,178,no,3.9,4.39,55.56,0.73,0.0,0.0,1.72,0.0,0.01,0.0,2,0.49,0.0,0.0,0.0,0.0,3.17,38.46,9.27,36.84,0.0,2.2,0.0,32.2,92.42,8.78,80.56,0.98,75.0,0.04,0.0,0.0,4.15,88.24,1.46,83.33,0.49,3.41,92.86,,,0.0,0.0,,,,-201378
Allex,Brazil 1.,2026,Internacional,"RB, LW, LCMF",20,0,2027-12-31,8,366,0,0.35,0,0.26,Brazil,Brazil,unknown,0,no,6.15,5.16,76.19,1.48,16.67,0.0,2.76,0.0,0.09,0.0,3,0.74,33.33,0.0,5.66,26.09,4.18,35.29,9.84,32.5,1.97,1.72,0.25,36.89,78.67,7.87,78.13,0.49,100.0,0.06,0.0,0.49,2.46,80.0,4.43,33.33,0.49,4.67,68.42,,,0.0,0.0,,,,-456963
Yuri Lara,Brazil 1.,2026,Mirassol,"RDMF, RCMF, LDMF",32,700000,2026-12-31,6,365,0,0.02,0,0.09,Brazil,Brazil,right,173,no,11.84,7.64,64.52,1.73,57.14,0.25,7.67,0.0,0.01,0.0,1,0.25,100.0,0.0,0.49,50.0,0.99,100.0,2.96,75.0,0.49,0.25,0.0,31.07,78.57,5.18,52.38,1.48,50.0,0.02,0.0,0.25,2.22,44.44,0.74,33.33,0.0,3.95,31.25,,,0.0,0.0,,,,285949
G. Tapia,Brazil 1.,2026,São Paulo,"CF, AMF",24,1300000,2029-12-31,11,360,0,0.76,0,0.1,Chile,Chile,right,179,no,3.0,3.25,69.23,3.5,21.43,0.0,1.48,0.0,0.19,0.0,7,1.75,14.29,0.0,3.25,15.38,1.25,60.0,4.75,36.84,4.25,0.5,0.25,12.5,64.0,1.5,50.0,0.0,0.0,0.03,0.0,0.5,0.75,100.0,1.5,16.67,0.0,1.5,83.33,,,0.0,0.0,,,,-64364
Bruno Santos,Brazil 1.,2026,Mirassol,CF,29,75000,2026-12-31,4,353,1,1.37,0,0.87,Brazil,Brazil,right,185,no,1.02,2.04,12.5,3.57,28.57,0.0,1.05,0.25,0.35,0.0,6,1.53,16.67,16.667,1.02,50.0,1.02,75.0,6.37,44.0,2.8,0.51,0.0,13.77,75.93,3.31,69.23,0.51,50.0,0.22,0.25,0.76,1.78,85.71,1.53,66.67,0.51,2.04,62.5,,,0.0,0.0,,,,443551
M. Hinestroza,Brazil 1.,2026,Vasco da Gama,"RW, RAMF",24,0,2029-12-31,10,353,0,0.24,0,0.41,Colombia,Colombia,right,172,no,4.59,3.57,42.86,1.53,16.67,0.0,4.39,0.0,0.06,0.0,5,1.27,0.0,0.0,3.06,66.67,6.12,45.83,12.75,38.0,2.8,1.27,0.76,25.5,82.0,5.35,80.95,0.25,0.0,0.1,0.0,0.51,0.51,50.0,3.57,78.57,1.27,3.82,86.67,,,0.0,0.0,,,,-89509
Gabriel,Brazil 1.,2026,Mirassol,LCB,22,0,2027-12-31,4,351,0,0.07,0,0.0,Brazil,"Brazil, Poland",right,185,yes,10.51,3.08,58.33,3.59,71.43,0.51,11.86,0.0,0.02,0.0,1,0.26,0.0,0.0,0.0,0.0,0.0,0.0,0.51,50.0,0.51,0.77,0.26,40.0,90.38,14.1,80.0,4.1,62.5,0.0,0.0,0.0,3.08,33.33,0.0,0.0,0.0,3.33,76.92,,,0.0,0.0,,,,-316010
J. Millán,Brazil 1.,2026,Fluminense,"LCB, CB",28,0,2029-12-31,4,349,0,0.05,0,0.39,Colombia,Colombia,left,186,no,8.51,5.93,52.17,5.42,66.67,0.77,7.59,0.0,0.01,0.0,3,0.77,33.33,0.0,0.0,0.0,0.0,0.0,0.26,0.0,1.29,0.0,0.0,46.42,86.67,18.57,76.39,5.16,60.0,0.1,0.0,0.26,2.84,72.73,0.26,0.0,0.26,8.25,50.0,,,0.0,0.0,,,,433088
N. Pessôa,Brazil 1.,2026,Chapecoense,CF,32,250000,2027-04-30,10,349,2,1.22,1,0.12,Brazil,Brazil,left,182,no,4.64,4.38,70.59,2.84,36.36,0.0,2.37,0.52,0.31,0.0,12,3.09,41.67,16.667,0.52,0.0,1.55,50.0,5.16,40.0,3.09,1.03,0.0,11.35,79.55,1.81,28.57,0.52,50.0,0.03,0.0,0.26,1.81,42.86,0.52,50.0,0.52,0.77,33.33,,,0.0,0.0,,,,298764
J. Kadir,Brazil 1.,2026,Botafogo,"CF, AMF, LAMF",19,0,2029-12-31,11,347,1,2.17,1,0.33,Panama,Panama,,0,no,4.93,7.0,33.33,7.78,40.0,0.0,3.69,0.26,0.56,0.0,12,3.11,33.33,8.333,0.78,33.33,2.59,80.0,7.52,44.83,4.67,1.82,0.26,9.34,72.22,1.56,33.33,0.52,0.0,0.09,0.0,0.78,0.52,0.0,0.52,100.0,0.78,0.52,50.0,,,0.0,0.0,,,,-769868
Léo Andrade,Brazil 1.,2026,Remo,"LCB, LB",28,300000,2026-12-31,4,347,0,0.0,0,0.0,Brazil,Brazil,left,191,no,9.86,6.48,64.0,2.07,37.5,0.52,7.59,0.0,0.0,0.0,0,0.0,0.0,0.0,0.78,0.0,0.0,0.0,0.78,66.67,0.0,0.52,0.0,29.31,80.53,15.82,78.69,4.93,57.89,0.0,0.0,0.0,3.63,64.29,0.26,100.0,0.26,6.22,66.67,,,0.0,0.0,,,,507572
Cédric Soares,Brazil 1.,2026,São Paulo,RB,34,2000000,2027-12-31,8,339,0,0.01,0,0.36,Germany,"Germany, Portugal",right,171,no,7.17,8.23,67.74,1.59,83.33,0.53,2.34,0.0,0.0,0.0,1,0.27,0.0,0.0,4.25,37.5,1.33,40.0,2.12,50.0,0.8,0.53,0.0,33.45,75.4,15.93,71.67,4.78,38.89,0.1,0.0,0.27,5.31,60.0,3.19,58.33,0.27,9.82,72.97,,,0.0,0.0,,,,134612
Rubens,Brazil 1.,2026,Chapecoense,"RAMF, RWB, RW",23,0,2027-12-10,10,333,1,0.04,0,0.63,Brazil,Brazil,left,0,no,5.68,5.41,55.0,2.16,12.5,0.0,4.92,0.27,0.01,0.0,3,0.81,33.33,33.333,3.24,58.33,4.05,73.33,9.46,48.57,1.08,2.97,0.54,22.43,75.9,6.22,69.57,1.89,71.43,0.17,0.0,0.27,2.7,80.0,2.7,60.0,0.27,3.51,92.31,,,0.0,0.0,,,,-176300
J. Juninho,Brazil 1.,2026,Internacional,LCB,31,1000000,2027-12-31,6,331,0,0.02,0,0.0,Brazil,Brazil,left,187,no,7.89,3.81,78.57,4.08,66.67,0.82,6.43,0.0,0.0,0.0,1,0.27,0.0,0.0,0.54,0.0,0.0,0.0,0.54,0.0,0.54,0.27,0.0,38.07,78.57,18.76,68.12,6.8,36.0,0.0,0.0,0.0,5.44,45.0,1.36,20.0,0.27,8.43,70.97,,,0.0,0.0,,,,409612
Kenji,Brazil 1.,2026,Cruzeiro,"RAMF, LAMF",20,0,2028-12-31,9,331,1,0.23,0,0.5,Brazil,Brazil,unknown,0,no,5.17,4.89,27.78,2.18,12.5,0.0,5.54,0.27,0.06,0.0,6,1.63,50.0,16.667,4.62,35.29,3.81,50.0,5.71,42.86,1.36,0.82,0.0,23.66,72.41,3.53,53.85,1.09,50.0,0.14,0.0,1.09,0.82,66.67,4.35,31.25,0.27,3.53,84.62,,,0.0,0.0,,,,-423886
João Pedro,Brazil 1.,2026,Remo,CF,29,450000,,6,329,1,2.39,0,0.04,Portugal,"Portugal, Guinea-Bissau",right,185,no,3.01,1.64,16.67,7.93,41.38,0.0,2.73,0.27,0.66,0.0,7,1.91,28.57,14.286,0.0,0.0,0.27,100.0,6.84,16.0,2.74,0.0,0.0,10.94,80.0,3.56,61.54,0.55,100.0,0.01,0.27,0.27,1.64,66.67,0.27,0.0,0.0,0.55,100.0,,,0.0,0.0,,,,322185
Japa,Brazil 1.,2026,Mirassol,"LCMF, LDMF, CF",22,0,2030-12-31,6,326,1,0.63,0,0.0,Brazil,Brazil,left,186,yes,8.01,5.25,63.16,1.66,83.33,0.83,6.89,0.28,0.17,0.28,9,2.48,44.44,11.111,0.28,0.0,1.38,60.0,7.18,61.54,2.48,1.1,0.0,27.88,88.12,9.66,74.29,0.83,33.33,0.0,0.0,0.0,4.69,70.59,1.66,50.0,0.83,3.31,58.33,,,0.0,0.0,,,,-214911
Matheus Alexandre,Brazil 1.,2026,Remo,"RB, RAMF",27,1500000,2028-12-31,11,325,0,0.01,0,0.0,Brazil,Brazil,right,188,yes,8.86,6.92,60.0,2.49,33.33,0.55,5.48,0.0,0.0,0.0,1,0.28,0.0,0.0,1.38,0.0,1.11,50.0,4.43,25.0,0.0,0.55,0.0,32.12,79.31,13.85,74.0,3.6,53.85,0.0,0.0,0.0,3.6,76.92,0.83,0.0,0.0,8.03,55.17,,,0.0,0.0,,,,-68887
David Braga,Brazil 1.,2026,Remo,AMF,24,0,2027-12-31,8,323,0,0.0,0,0.3,Brazil,Brazil,left,186,no,3.62,3.9,57.14,3.9,57.14,0.0,1.76,0.0,0.0,0.0,0,0.0,0.0,0.0,1.39,80.0,1.39,60.0,7.24,46.15,0.84,1.95,0.28,32.04,88.7,8.08,72.41,1.39,60.0,0.08,0.0,0.28,3.62,84.62,1.39,60.0,0.0,2.79,90.0,,,0.0,0.0,,,,-315635
Pedro Raul,Brazil 1.,2026,Corinthians,CF,29,3000000,2028-12-31,9,322,1,0.3,0,0.0,Brazil,Brazil,right,193,no,2.52,2.8,30.0,7.27,50.0,0.0,3.4,0.28,0.08,0.28,4,1.12,50.0,25.0,0.0,0.0,0.28,100.0,5.03,33.33,1.4,0.0,0.0,6.71,75.0,1.12,100.0,0.0,0.0,0.0,0.0,0.0,1.12,75.0,0.28,0.0,0.0,0.56,100.0,,,0.0,0.0,,,,471390
Gilberto Junior,Brazil 1.,2026,Athletico Paranaense,"RWB, RB, RCB",21,0,2027-12-31,6,318,0,0.01,0,0.0,Brazil,Brazil,unknown,0,no,7.36,8.77,51.61,0.85,33.33,0.57,4.17,0.0,0.0,0.0,1,0.28,100.0,0.0,3.4,8.33,1.42,100.0,5.66,50.0,0.28,0.28,0.0,33.4,73.73,12.17,72.09,5.38,52.63,0.0,0.28,0.28,5.38,57.89,4.81,17.65,0.57,5.94,80.95,,,0.0,0.0,,,,-351818
Igor Gomes,Brazil 1.,2026,Atlético Mineiro,"LCMF, RDMF, RCMF",27,4000000,2026-12-31,7,318,1,0.34,0,0.04,Brazil,Brazil,right,183,no,5.38,4.25,46.67,1.13,25.0,0.0,4.8,0.28,0.1,0.0,2,0.57,50.0,50.0,0.85,100.0,0.28,100.0,3.68,38.46,0.57,0.0,0.0,46.7,86.67,9.62,82.35,3.4,50.0,0.01,0.0,0.0,4.81,76.47,2.83,60.0,0.85,7.92,75.0,,,0.0,0.0,,,,485437
Gabriel Pires,Brazil 1.,2026,Mirassol,"AMF, LCMF",32,2500000,2026-12-15,7,317,0,0.92,1,0.41,Brazil,"Brazil, Portugal",left,187,no,5.11,3.41,41.67,3.12,54.55,0.0,5.11,0.0,0.26,0.0,14,3.97,28.57,0.0,1.42,20.0,1.42,40.0,6.25,40.91,2.27,0.57,0.0,46.28,84.66,13.63,81.25,2.27,87.5,0.12,0.0,0.28,9.09,87.5,3.69,46.15,0.85,7.67,85.19,,,0.0,0.0,,,,171384
Cauê,Brazil 1.,2026,Red Bull Bragantino,LB,19,0,2029-02-27,4,317,0,0.04,0,0.04,Brazil,Brazil,unknown,0,no,8.52,9.09,43.75,1.99,28.57,0.0,5.65,0.0,0.01,0.0,2,0.57,0.0,0.0,2.27,12.5,0.85,0.0,1.99,14.29,0.28,0.0,0.0,35.49,76.0,14.48,64.71,4.54,43.75,0.01,0.0,0.0,4.83,70.59,1.42,0.0,0.0,6.53,60.87,,,0.0,0.0,,,,-460288
Otávio,Brazil 1.,2026,Fluminense,"RDMF, LDMF, LCMF",32,4500000,2027-12-31,6,316,0,0.03,0,0.0,Brazil,Brazil,right,176,no,7.12,6.27,54.55,0.57,100.0,0.0,5.0,0.0,0.01,0.0,2,0.57,50.0,0.0,0.28,100.0,0.57,50.0,1.99,42.86,0.57,0.0,0.0,58.96,91.79,15.66,81.82,3.13,54.55,0.0,0.0,0.0,7.12,84.0,0.85,66.67,0.28,6.84,70.83,,,0.0,0.0,,,,328063
Nicolás de la Cruz,Brazil 1.,2026,Flamengo,"LCMF, LDMF, AMF",29,0,2028-06-30,11,315,0,0.01,0,0.14,Uruguay,Uruguay,right,167,no,6.57,6.0,42.86,0.86,0.0,0.57,4.62,0.0,0.0,0.0,3,0.86,0.0,0.0,0.86,66.67,0.57,0.0,5.71,75.0,0.0,1.43,0.0,44.86,84.08,15.43,72.22,5.14,55.56,0.04,0.57,0.57,5.71,85.0,2.57,55.56,1.14,6.57,60.87,,,0.0,0.0,,,,418994
Danilo,Brazil 1.,2026,Flamengo,RCB,35,10000000,2026-12-31,6,310,0,0.14,0,0.19,Brazil,Brazil,right,184,no,8.42,4.65,62.5,1.45,60.0,1.45,7.94,0.0,0.04,0.0,1,0.29,0.0,0.0,0.87,33.33,0.0,0.0,0.29,100.0,0.87,1.45,0.0,56.9,94.9,16.84,87.93,3.19,63.64,0.06,0.0,0.29,7.55,92.31,0.58,50.0,0.0,7.26,84.0,,,0.0,0.0,,,,75848
Alisson,Brazil 1.,2026,Fluminense,"LDMF, RCMF, LCMF",33,2000000,2027-12-31,8,309,0,0.06,1,0.18,Brazil,Brazil,right,174,yes,6.7,5.83,65.0,3.5,33.33,0.87,4.58,0.0,0.02,0.0,1,0.29,100.0,0.0,0.58,50.0,0.29,100.0,3.2,54.55,0.58,1.46,0.0,55.92,91.67,13.69,74.47,2.62,33.33,0.05,0.0,0.29,6.7,91.3,0.87,33.33,0.29,5.24,55.56,,,0.0,0.0,,,,276507
Z. Labyad,Brazil 1.,2026,Corinthians,"LAMF, AMF, LW",33,700000,2026-12-31,11,306,1,0.4,1,1.18,Netherlands,"Netherlands, Morocco",both,175,no,2.65,3.82,38.46,0.88,33.33,0.0,2.0,0.29,0.12,0.0,5,1.47,20.0,20.0,2.06,28.57,1.47,20.0,4.12,35.71,1.47,1.18,0.0,27.06,73.91,6.76,65.22,2.06,14.29,0.35,0.0,1.47,3.53,75.0,2.65,44.44,1.18,4.41,66.67,,,0.0,0.0,,,,102889
Warleson,Brazil 1.,2026,Botafogo,GK,29,4500000,2027-06-30,3,304,0,0.0,0,0.0,Brazil,"Brazil, Italy",right,190,no,0.0,0.0,0.0,0.0,0.0,0.0,0.0,0.0,0.0,0.0,0,0.0,0.0,0.0,0.0,0.0,0.0,0.0,0.59,100.0,0.0,0.0,0.0,15.39,75.0,8.88,56.67,7.7,53.85,0.0,0.0,0.0,0.59,50.0,0.0,0.0,0.0,5.92,55.0,0.3,3.26,90.91,0.75,1.53,0.453,1.78,398285
Rafael Thyere,Brazil 1.,2026,Chapecoense,"RCB, CB",33,600000,2026-12-31,4,302,0,0.13,0,0.0,Brazil,Brazil,right,189,no,10.73,2.09,71.43,2.68,77.78,1.19,8.69,0.0,0.04,0.0,1,0.3,0.0,0.0,0.0,0.0,0.0,0.0,0.6,0.0,0.3,0.6,0.0,29.8,90.0,11.92,80.0,4.77,62.5,0.0,0.0,0.0,2.09,71.43,0.0,0.0,0.0,3.28,72.73,,,0.0,0.0,,,,286196
L. Díaz,Brazil 1.,2026,Santos,"CF, LW",28,1200000,2028-06-30,8,301,1,0.83,0,0.2,Argentina,Argentina,right,181,yes,5.08,3.89,69.23,5.68,26.32,0.0,2.31,0.3,0.25,0.0,7,2.09,28.57,14.286,1.2,0.0,2.99,80.0,6.28,47.62,3.59,1.5,0.9,13.16,70.45,2.39,62.5,0.0,0.0,0.06,0.0,0.3,0.3,100.0,0.3,100.0,0.3,1.2,25.0,,,0.0,0.0,,,,-124712
Jefté,Brazil 1.,2026,Palmeiras,"LB, LWB",22,800000,2030-07-31,7,301,0,0.04,1,0.35,Brazil,Brazil,left,183,no,8.67,4.78,50.0,2.69,33.33,0.3,8.45,0.0,0.01,0.0,1,0.3,0.0,0.0,1.5,0.0,1.5,60.0,2.69,44.44,2.09,0.3,0.0,33.79,83.19,9.27,74.19,3.29,18.18,0.1,0.0,0.3,1.2,75.0,0.0,0.0,0.3,5.08,41.18,,,0.0,0.0,,,,-176155
Everton Galdino,Brazil 1.,2026,Mirassol,"CF, AMF, RWB",29,0,2027-06-30,8,298,0,0.65,0,0.29,Brazil,Brazil,left,177,yes,1.81,1.21,50.0,3.02,20.0,0.0,1.64,0.0,0.2,0.0,5,1.51,20.0,0.0,1.81,33.33,2.42,50.0,7.25,29.17,2.11,0.91,0.0,22.95,78.95,3.93,69.23,0.0,0.0,0.09,0.0,0.6,2.42,50.0,1.21,75.0,0.6,1.21,50.0,,,0.0,0.0,,,,391633
João Pedro,Brazil 1.,2026,Grêmio,RB,29,4000000,2027-12-31,5,298,0,0.0,0,0.0,Brazil,Brazil,right,179,no,7.55,6.04,55.0,1.21,75.0,0.3,5.13,0.0,0.0,0.0,1,0.3,0.0,0.0,1.51,40.0,2.42,75.0,3.93,61.54,0.3,2.72,0.6,32.32,87.85,11.17,75.68,3.62,58.33,0.0,0.0,0.0,4.53,73.33,1.51,40.0,0.0,4.53,80.0,,,0.0,0.0,,,,371205
Matheus Aurélio,Brazil 1.,2026,Chapecoense,GK,27,0,2026-12-15,3,294,0,0.0,0,0.0,Brazil,Brazil,,0,yes,0.92,0.0,0.0,0.0,0.0,0.0,0.92,0.0,0.0,0.0,0,0.0,0.0,0.0,0.0,0.0,0.0,0.0,0.0,0.0,0.0,0.0,0.0,20.2,86.36,7.65,76.0,6.73,59.09,0.0,0.0,0.0,1.84,66.67,0.0,0.0,0.0,4.9,62.5,2.45,6.12,60.0,1.63,-2.67,-0.817,0.61,488875
Dória,Brazil 1.,2026,São Paulo,"RCB, LCB",31,3000000,2027-12-31,4,287,1,0.52,0,0.0,Brazil,"Brazil, Mexico",left,188,no,7.84,5.64,72.22,2.51,75.0,0.63,5.29,0.31,0.16,0.31,3,0.94,66.67,33.333,0.0,0.0,0.0,0.0,0.0,0.0,0.63,0.0,0.0,29.48,79.79,10.98,62.86,5.33,52.94,0.0,0.0,0.0,3.14,60.0,0.0,0.0,0.0,6.27,50.0,,,0.0,0.0,,,,227884
A. Rodríguez,Brazil 1.,2026,Internacional,"LCMF, LW",26,1500000,2029-12-31,7,286,0,0.48,0,0.0,Uruguay,"Uruguay, Italy",right,174,no,7.55,9.13,58.62,2.2,28.57,0.0,3.56,0.0,0.15,0.0,4,1.26,25.0,0.0,0.63,50.0,0.94,33.33,4.09,30.77,0.94,0.94,0.0,33.04,85.71,9.13,75.86,1.26,75.0,0.0,0.31,0.0,4.09,76.92,0.63,50.0,0.0,3.78,91.67,,,0.0,0.0,,,,474729
Marçal,Brazil 1.,2026,Botafogo,"LB, LCB, LWB",37,600000,2026-12-31,7,286,0,0.12,0,0.1,Brazil,Brazil,left,178,no,5.35,4.72,13.33,3.78,25.0,0.94,8.65,0.0,0.04,0.0,3,0.94,66.67,0.0,2.52,62.5,0.63,50.0,0.94,33.33,1.26,0.31,0.0,42.8,82.35,19.51,70.97,2.83,55.56,0.03,0.31,0.31,5.03,81.25,2.2,85.71,0.0,10.07,68.75,,,0.0,0.0,,,,112044
Fabrício,Brazil 1.,2026,Vitória,"CF, RWF",25,800000,2026-12-31,10,285,0,0.68,0,0.0,Brazil,"Brazil, Spain",right,186,no,5.68,5.05,62.5,6.95,22.73,0.32,2.61,0.0,0.22,0.0,6,1.89,50.0,0.0,0.95,0.0,2.21,28.57,11.37,22.22,2.84,1.58,0.95,6.95,59.09,0.63,0.0,0.32,100.0,0.0,0.0,0.0,0.0,0.0,0.95,0.0,0.0,0.32,0.0,,,0.0,0.0,,,,-79348
Chiqueti,Brazil 1.,2026,Athletico Paranaense,"LW, RW, AMF",20,0,2029-12-31,8,281,0,0.29,0,0.01,Brazil,Brazil,unknown,0,no,4.16,4.8,46.67,2.56,62.5,0.0,2.73,0.0,0.09,0.0,7,2.24,14.29,0.0,2.24,28.57,4.48,57.14,9.93,51.61,6.09,1.6,0.0,24.02,66.67,7.37,60.87,1.28,50.0,0.0,0.0,0.0,2.24,85.71,3.2,40.0,0.64,3.2,80.0,,,0.0,0.0,,,,-398473
Ryan,Brazil 1.,2026,Red Bull Bragantino,"RB, RAMF",18,0,,5,279,0,0.04,0,0.83,Brazil,Brazil,unknown,0,no,6.13,6.45,60.0,2.9,55.56,0.0,2.77,0.0,0.01,0.0,4,1.29,25.0,0.0,2.26,28.57,2.58,75.0,4.84,66.67,1.29,1.29,0.65,20.32,74.6,7.74,79.17,4.84,46.67,0.27,0.0,0.97,3.55,63.64,1.29,50.0,0.32,5.81,77.78,,,0.0,0.0,,,,-456994
Philippe Coutinho,Brazil 1.,2026,Vasco da Gama,"CF, AMF",34,0,,3,278,1,1.49,0,0.39,Brazil,"Brazil, Portugal",right,172,no,1.62,1.94,66.67,0.97,33.33,0.0,0.56,0.32,0.48,0.32,16,5.18,43.75,6.25,0.32,0.0,3.24,50.0,6.8,52.38,4.53,1.29,0.0,29.14,85.56,7.12,81.82,1.62,40.0,0.13,0.65,0.32,4.21,84.62,2.27,71.43,1.29,4.21,84.62,,,0.0,0.0,,,,82507
G. Rojas,Brazil 1.,2026,Cruzeiro,LB,29,0,2029-12-31,4,278,0,0.0,0,0.13,Argentina,Argentina,left,173,no,7.45,8.42,46.15,1.62,40.0,0.32,5.69,0.0,0.0,0.0,0,0.0,0.0,0.0,3.56,36.36,0.65,50.0,3.24,60.0,0.32,0.97,0.0,37.55,71.55,14.24,61.36,3.56,45.45,0.04,0.65,0.32,2.59,37.5,5.18,37.5,0.97,10.68,57.58,,,0.0,0.0,,,,432111
Kayke,Brazil 1.,2026,Corinthians,"LW, LCMF, AMF",22,0,2027-06-30,6,277,0,0.05,0,0.02,Brazil,Brazil,right,0,no,5.85,6.5,65.0,0.97,33.33,0.0,2.0,0.0,0.02,0.0,2,0.65,50.0,0.0,1.95,0.0,3.25,40.0,6.5,40.0,1.3,1.3,0.0,24.04,75.68,8.12,68.0,1.95,16.67,0.01,0.0,0.0,1.3,75.0,2.27,42.86,0.97,5.2,56.25,,,0.0,0.0,,,,-344762
A. Véliz,Brazil 1.,2026,Bahia,CF,22,9000000,2031-12-31,3,272,0,0.63,0,0.0,Argentina,Argentina,right,187,no,1.99,3.97,33.33,3.31,30.0,0.33,0.98,0.0,0.21,0.0,6,1.99,0.0,0.0,0.0,0.0,0.33,100.0,1.65,80.0,1.99,0.0,0.0,5.63,88.24,0.99,66.67,0.0,0.0,0.0,0.0,0.0,0.0,0.0,0.0,0.0,0.33,0.0,0.0,,,0.0,0.0,,,,-256253
Jáderson,Brazil 1.,2026,Remo,"AMF, LB, RAMF",25,0,2027-12-31,11,268,0,0.29,1,0.21,Brazil,Brazil,left,170,no,5.71,5.71,70.59,2.35,42.86,0.0,2.0,0.0,0.1,0.0,4,1.34,25.0,0.0,1.01,33.33,1.34,100.0,8.73,53.85,0.67,0.67,0.0,29.89,85.39,8.06,75.0,1.68,80.0,0.07,0.0,0.34,4.03,75.0,1.34,50.0,0.34,4.7,71.43,,,0.0,0.0,,,,471384
Vinicius Balieiro,Brazil 1.,2026,Chapecoense,"DMF, LCMF, RCMF",27,800000,2026-12-31,6,268,0,0.0,0,0.0,Brazil,Brazil,right,178,no,7.72,4.7,64.29,2.01,50.0,1.01,5.19,0.0,0.0,0.0,0,0.0,0.0,0.0,0.0,0.0,0.0,0.0,1.34,50.0,0.0,0.34,0.0,19.48,79.31,6.38,63.16,2.35,14.29,0.0,0.0,0.0,2.01,100.0,0.34,0.0,0.0,2.69,37.5,,,0.0,0.0,,,,474279
Kanu,Brazil 1.,2026,Bahia,"LCB, RCB",29,3500000,2027-12-31,3,267,0,0.0,0,0.0,Brazil,Brazil,right,186,no,5.06,3.03,44.44,2.36,57.14,0.67,6.47,0.0,0.0,0.0,0,0.0,0.0,0.0,0.0,0.0,0.0,0.0,0.67,50.0,0.0,0.67,0.0,45.51,94.81,11.8,85.71,2.36,57.14,0.0,0.0,0.0,2.7,87.5,0.34,100.0,0.34,4.72,78.57,,,0.0,0.0,,,,474632
Dodi,Brazil 1.,2026,Grêmio,"LDMF, LCMF, RDMF",30,700000,2026-12-31,7,262,0,0.03,0,0.0,Brazil,Brazil,right,169,no,5.15,5.15,46.67,1.37,0.0,0.0,3.09,0.0,0.01,0.0,2,0.69,0.0,0.0,0.0,0.0,0.34,100.0,1.03,33.33,0.34,1.37,0.0,25.76,93.33,6.87,90.0,0.69,50.0,0.0,0.0,0.0,4.12,91.67,0.34,100.0,0.0,3.78,81.82,,,0.0,0.0,,,,390829
Fabinho,Brazil 1.,2026,Red Bull Bragantino,"LDMF, RDMF, RCMF",24,5000000,2029-12-31,6,260,0,0.0,0,0.06,Brazil,Brazil,right,178,no,6.92,6.23,44.44,1.73,20.0,0.35,4.48,0.0,0.0,0.0,0,0.0,0.0,0.0,0.0,0.0,0.35,100.0,2.08,83.33,0.69,0.69,0.0,31.15,81.11,9.69,64.29,2.77,75.0,0.02,0.0,0.0,5.88,70.59,0.0,0.0,0.0,4.15,66.67,,,0.0,0.0,,,,-64338
Marinho,Brazil 1.,2026,Vitória,"RWF, RW, RAMF",36,600000,2026-12-31,9,259,0,0.39,0,0.0,Brazil,Brazil,left,169,no,6.95,6.25,61.11,2.43,28.57,0.0,4.07,0.0,0.14,0.0,7,2.43,14.29,0.0,0.35,0.0,3.82,18.18,9.38,44.44,1.74,1.04,0.0,20.85,86.67,5.56,75.0,1.39,75.0,0.0,0.0,0.0,1.39,75.0,1.74,80.0,0.69,3.47,60.0,,,0.0,0.0,,,,33226
Marcelinho Braz,Brazil 1.,2026,Red Bull Bragantino,"RAMF, RW",21,0,2028-05-31,5,250,0,0.38,1,0.15,Brazil,Brazil,unknown,178,no,4.68,3.6,50.0,3.6,20.0,0.0,4.2,0.0,0.14,0.0,4,1.44,25.0,0.0,2.88,25.0,2.88,75.0,4.32,66.67,3.24,0.36,0.0,18.72,73.08,3.24,55.56,1.8,60.0,0.05,0.0,0.0,2.52,71.43,2.52,57.14,1.44,2.52,85.71,,,0.0,0.0,,,,-315231
Mayke,Brazil 1.,2026,Santos,RB,33,3000000,2027-12-31,3,249,0,0.11,0,0.0,Brazil,Brazil,right,179,no,5.42,6.87,52.63,2.53,28.57,0.0,2.42,0.0,0.04,0.0,1,0.36,100.0,0.0,1.08,33.33,0.72,100.0,2.53,71.43,1.08,0.72,0.36,34.7,83.33,10.84,73.33,2.89,37.5,0.0,0.0,0.0,4.7,76.92,1.08,33.33,0.0,4.7,61.54,,,0.0,0.0,,,,268729
Dieguinho,Brazil 1.,2026,Corinthians,"RAMF, LAMF",18,0,2029-12-31,10,249,1,0.19,0,0.0,Brazil,Brazil,unknown,0,no,5.06,3.61,70.0,2.17,50.0,0.72,4.77,0.36,0.07,0.0,4,1.45,25.0,25.0,3.25,44.44,5.42,80.0,11.93,60.61,1.08,1.45,0.0,26.39,82.19,5.06,64.29,0.72,100.0,0.0,0.0,0.36,1.45,75.0,2.89,37.5,0.0,2.17,66.67,,,0.0,0.0,,,,-456932
M. Villasanti,Brazil 1.,2026,Grêmio,"RCMF, LDMF, DMF",29,10000000,2029-12-31,3,248,0,0.34,0,0.0,Paraguay,Paraguay,right,178,no,3.99,3.99,45.45,2.18,50.0,0.73,2.9,0.0,0.12,0.0,3,1.09,66.67,0.0,0.0,0.0,1.09,66.67,3.99,54.55,1.09,0.36,0.0,41.01,84.96,9.8,59.26,1.81,20.0,0.0,0.0,0.0,4.72,76.92,1.81,40.0,0.0,3.27,66.67,,,0.0,0.0,,,,433336
Francisco da Costa,Brazil 1.,2026,Cruzeiro,"CF, RAMF",31,850000,2027-12-31,7,246,1,0.31,0,0.06,Brazil,Brazil,right,185,no,1.46,3.66,40.0,3.66,70.0,0.0,0.0,0.37,0.11,0.37,4,1.46,75.0,25.0,0.73,0.0,0.0,0.0,3.66,10.0,3.66,0.0,0.0,13.17,66.67,2.93,50.0,0.0,0.0,0.02,0.37,0.37,0.0,0.0,1.1,33.33,0.37,0.73,100.0,,,0.0,0.0,,,,335309
Kauã Pascini,Brazil 1.,2026,Atlético Mineiro,"LB, LW",18,0,2030-12-31,5,246,0,0.02,0,0.0,Brazil,Brazil,unknown,0,no,5.12,3.29,77.78,1.83,60.0,0.73,3.13,0.0,0.01,0.0,1,0.37,0.0,0.0,3.66,40.0,0.73,100.0,2.93,62.5,1.1,0.73,0.0,40.98,83.93,12.07,66.67,2.56,14.29,0.0,0.0,0.37,5.12,92.86,3.29,44.44,0.0,6.59,72.22,,,0.0,0.0,,,,-594271
Bruno Matias,Brazil 1.,2026,Chapecoense,"LDMF, RDMF, RCMF",27,300000,2026-12-31,4,240,0,0.01,0,0.0,Brazil,Brazil,right,172,no,6.38,7.13,68.42,1.13,66.67,0.0,2.14,0.0,0.0,0.0,3,1.13,0.0,0.0,0.75,100.0,0.38,100.0,2.63,57.14,0.38,0.0,0.0,42.38,92.04,12.0,87.5,1.88,40.0,0.0,0.0,0.0,5.25,71.43,2.63,57.14,0.75,5.25,78.57,,,0.0,0.0,,,,-50552
J. Correa,Brazil 1.,2026,Botafogo,CF,31,6000000,2027-12-31,6,230,0,0.09,1,0.14,Argentina,"Argentina, Italy",right,188,no,2.74,2.74,71.43,3.13,50.0,0.0,1.25,0.0,0.03,0.0,1,0.39,0.0,0.0,0.78,50.0,0.39,0.0,5.48,42.86,1.96,2.74,0.39,26.61,82.35,7.04,72.22,0.78,50.0,0.05,0.0,0.39,2.74,85.71,1.17,66.67,0.39,1.96,60.0,,,0.0,0.0,,,,245171
Bruno Tabata,Brazil 1.,2026,Internacional,"RWB, AMF, RCMF",29,2800000,2027-12-31,8,228,0,0.77,0,0.58,Brazil,Brazil,left,176,no,4.74,4.34,72.73,2.37,16.67,0.39,3.75,0.0,0.3,0.0,6,2.37,16.67,0.0,8.29,23.81,6.32,50.0,12.63,46.88,4.74,1.97,0.39,46.58,72.03,13.42,82.35,2.76,85.71,0.23,0.0,1.58,8.29,85.71,7.11,27.78,0.39,10.26,76.92,,,0.0,0.0,,,,450986
Gabriel Poveda,Brazil 1.,2026,Remo,CF,28,900000,2026-12-31,10,223,0,0.22,0,0.0,Brazil,Brazil,right,183,yes,2.42,2.83,42.86,9.28,30.43,0.0,1.88,0.0,0.09,0.0,2,0.81,50.0,0.0,0.0,0.0,0.81,0.0,5.65,42.86,0.4,0.0,0.0,10.09,56.0,2.42,16.67,0.4,0.0,0.0,0.0,0.0,1.61,25.0,0.4,0.0,0.0,1.21,0.0,,,0.0,0.0,,,,-39279
Renato Marques,Brazil 1.,2026,Coritiba,CF,22,0,2027-12-31,7,222,0,0.54,0,0.03,Brazil,Brazil,right,180,yes,1.62,2.43,33.33,9.32,34.78,0.0,1.07,0.0,0.22,0.0,6,2.43,16.67,0.0,0.0,0.0,1.22,66.67,6.08,60.0,2.43,0.0,0.0,14.59,66.67,4.86,50.0,1.62,50.0,0.01,0.0,0.41,2.43,50.0,0.81,0.0,0.41,1.22,100.0,,,0.0,0.0,,,,-165244
Thiago Maia,Brazil 1.,2026,Internacional,"LCMF, LW",29,6000000,2026-12-31,10,221,0,0.04,0,0.0,Brazil,Brazil,left,179,no,8.96,5.29,84.62,3.26,12.5,0.41,5.4,0.0,0.02,0.0,1,0.41,100.0,0.0,0.41,0.0,0.0,0.0,1.22,33.33,0.81,1.22,0.41,35.02,87.21,10.18,76.0,3.26,87.5,0.0,0.0,0.0,8.55,95.24,1.22,100.0,1.63,5.7,64.29,,,0.0,0.0,,,,290444
Sávio,Brazil 1.,2026,Remo,LB,31,200000,2026-12-31,3,220,0,0.02,0,0.0,Brazil,Brazil,left,173,no,5.73,4.09,50.0,0.82,0.0,0.41,4.15,0.0,0.01,0.0,1,0.41,0.0,0.0,2.05,0.0,1.64,75.0,2.86,71.43,0.0,0.82,0.0,35.18,77.91,13.09,75.0,4.09,50.0,0.0,0.0,0.0,4.09,80.0,0.82,0.0,0.0,9.41,56.52,,,0.0,0.0,,,,310206
Charles,Brazil 1.,2026,Corinthians,"RAMF, AMF, RCMF",30,1000000,2028-12-31,4,216,0,0.0,0,0.0,Brazil,Brazil,right,187,no,6.25,6.25,53.33,2.92,57.14,0.0,3.75,0.0,0.0,0.0,0,0.0,0.0,0.0,0.0,0.0,0.0,0.0,1.25,33.33,0.83,0.0,0.0,22.08,79.25,4.58,63.64,0.83,0.0,0.0,0.0,0.0,2.08,80.0,0.42,0.0,0.0,2.08,40.0,,,0.0,0.0,,,,452042
E. Brítez,Brazil 1.,2026,Vitória,"LCB, RCB",34,800000,2027-06-30,3,214,0,0.19,0,0.0,Argentina,Argentina,right,178,no,10.93,5.05,75.0,3.79,55.56,1.68,7.85,0.0,0.08,0.0,1,0.42,0.0,0.0,0.42,0.0,0.0,0.0,0.42,100.0,1.68,0.0,0.0,26.92,87.5,11.36,81.48,2.94,71.43,0.0,0.0,0.0,2.52,66.67,0.42,0.0,0.42,3.36,75.0,,,0.0,0.0,,,,284212
Diego Hernández,Brazil 1.,2026,Remo,"LAMF, RWB, RAMF",26,0,2027-12-31,9,213,0,0.22,0,0.23,Uruguay,Uruguay,left,175,no,6.76,9.3,59.09,0.85,0.0,0.0,1.15,0.0,0.09,0.0,5,2.11,60.0,0.0,2.96,28.57,3.38,50.0,8.03,26.32,2.11,4.23,0.0,26.2,66.13,10.14,58.33,3.38,50.0,0.1,0.0,0.42,2.96,57.14,2.54,16.67,0.42,5.49,76.92,,,0.0,0.0,,,,-192895
Paulinho,Brazil 1.,2026,Palmeiras,"CF, AMF, LCMF",26,0,2029-12-31,6,210,2,1.02,0,0.0,Brazil,Brazil,right,177,no,1.29,0.86,100.0,0.43,0.0,0.0,0.77,0.86,0.44,0.0,6,2.57,33.33,33.333,0.86,0.0,4.29,50.0,7.29,41.18,4.71,2.57,0.43,36.0,86.9,7.71,88.89,0.0,0.0,0.0,0.43,0.43,1.71,100.0,2.57,66.67,2.14,2.14,100.0,,,0.0,0.0,,,,475123
Kauê,Brazil 1.,2026,Corinthians,GK,22,0,2029-12-31,2,210,0,0.0,0,0.0,Brazil,Brazil,right,192,no,1.29,0.43,100.0,0.0,0.0,0.0,1.02,0.0,0.0,0.0,0,0.0,0.0,0.0,0.0,0.0,0.0,0.0,0.43,100.0,0.0,0.0,0.0,14.14,87.88,9.0,80.95,6.86,81.25,0.0,0.0,0.0,2.14,60.0,0.43,0.0,0.0,5.57,92.31,1.29,6.43,80.0,1.25,-0.08,-0.034,0.43,-264692
Fabiano,Brazil 1.,2026,Vitória,"RB, RWB",26,3000000,2027-06-30,3,210,0,0.03,0,0.0,Brazil,Brazil,right,175,yes,5.57,4.29,40.0,1.29,66.67,0.43,4.58,0.0,0.01,0.0,1,0.43,0.0,0.0,0.86,0.0,0.43,100.0,4.29,40.0,0.86,0.0,0.0,32.57,76.32,14.57,61.76,3.43,25.0,0.0,0.0,0.0,3.43,37.5,0.43,0.0,0.0,3.0,42.86,,,0.0,0.0,,,,489006
Luighi,Brazil 1.,2026,Palmeiras,"CF, LAMF",20,0,2029-12-31,7,207,0,0.73,0,0.0,Brazil,Brazil,right,182,no,3.91,4.35,40.0,6.09,28.57,0.43,3.06,0.0,0.32,0.0,5,2.17,20.0,0.0,1.3,100.0,2.61,100.0,4.78,100.0,4.35,1.3,0.0,9.13,85.71,1.74,50.0,0.43,100.0,0.0,0.0,0.0,0.0,0.0,0.87,100.0,0.43,2.17,60.0,,,0.0,0.0,,,,-423650
Diógenes,Brazil 1.,2026,Santos,GK,25,100000,2028-12-31,2,206,0,0.0,0,0.0,Brazil,Brazil,right,186,no,1.31,0.0,0.0,0.0,0.0,0.0,1.58,0.0,0.0,0.0,0,0.0,0.0,0.0,0.0,0.0,0.0,0.0,0.0,0.0,0.0,0.0,0.0,11.36,65.38,7.86,50.0,4.81,45.45,0.0,0.0,0.0,1.75,0.0,0.44,0.0,0.0,3.5,50.0,0.87,3.93,77.78,1.0,0.28,0.122,2.62,-128809
W. Kannemann,Brazil 1.,2026,Grêmio,LCB,35,800000,2027-12-31,3,205,0,0.32,0,0.0,Argentina,"Argentina, Italy",left,183,no,8.34,5.71,46.15,1.76,75.0,0.88,8.13,0.0,0.14,0.0,2,0.88,0.0,0.0,0.0,0.0,0.88,50.0,2.2,40.0,1.32,0.0,0.0,54.44,90.32,17.12,74.36,5.27,25.0,0.0,0.0,0.0,2.2,40.0,0.44,0.0,0.0,3.95,55.56,,,0.0,0.0,,,,122865
Tchoca,Brazil 1.,2026,Corinthians,LCB,22,0,2030-12-31,2,205,1,0.3,0,0.0,Brazil,Brazil,right,192,no,7.46,3.95,44.44,3.51,50.0,1.76,9.23,0.44,0.13,0.44,2,0.88,50.0,50.0,0.0,0.0,0.44,100.0,0.44,100.0,1.32,0.44,0.0,45.66,95.19,10.98,84.0,3.95,77.78,0.0,0.0,0.0,1.32,66.67,0.0,0.0,0.0,4.83,72.73,,,0.0,0.0,,,,-264706
Thomazella,Brazil 1.,2026,Mirassol,GK,35,0,2026-12-31,2,202,0,0.0,0,0.0,Brazil,"Brazil, Italy",right,191,no,0.0,0.0,0.0,0.0,0.0,0.0,0.0,0.0,0.0,0.0,0,0.0,0.0,0.0,0.0,0.0,0.0,0.0,0.0,0.0,0.0,0.0,0.0,24.95,89.29,8.47,73.68,5.79,53.85,0.0,0.0,0.0,0.89,50.0,0.0,0.0,0.0,4.46,60.0,1.78,2.67,33.33,0.83,-2.14,-0.953,2.23,173695
Neris,Brazil 1.,2026,Vitória,"CB, RCB",34,600000,2027-06-30,4,201,0,0.0,0,0.13,Brazil,Brazil,right,192,no,9.85,3.58,75.0,2.69,33.33,0.45,10.0,0.0,0.0,0.0,0,0.0,0.0,0.0,0.0,0.0,0.45,100.0,0.45,100.0,0.9,0.0,0.0,37.16,87.95,12.09,70.37,4.03,77.78,0.06,0.0,0.45,4.93,90.91,0.0,0.0,0.0,6.27,57.14,,,0.0,0.0,,,,226934
Luis Guedes,Brazil 1.,2026,Grêmio,RCB,18,0,2028-05-31,2,200,0,0.0,0,0.0,Brazil,Brazil,unknown,0,no,5.85,4.5,30.0,1.35,33.33,1.35,5.77,0.0,0.0,0.0,0,0.0,0.0,0.0,0.0,0.0,0.0,0.0,0.0,0.0,0.0,0.45,0.0,40.05,91.01,11.25,76.0,4.05,44.44,0.0,0.0,0.0,1.8,75.0,0.45,100.0,0.45,4.95,63.64,,,0.0,0.0,,,,-521712
David Antunes,Brazil 1.,2026,Chapecoense,"RCMF, RDMF",20,0,,7,199,0,0.07,0,0.0,Brazil,Brazil,unknown,0,no,8.14,8.14,50.0,1.81,25.0,0.45,4.35,0.0,0.03,0.0,3,1.36,0.0,0.0,0.9,50.0,1.81,100.0,5.88,38.46,0.45,0.9,0.0,31.21,86.96,8.14,66.67,0.9,50.0,0.0,0.0,0.0,4.97,90.91,0.45,100.0,0.0,3.17,71.43,,,0.0,0.0,,,,-355619
Matheus Felipe,Brazil 1.,2026,Remo,"RCB, LCB",27,0,2027-12-31,2,196,0,0.0,0,0.0,Brazil,Brazil,right,186,no,6.43,3.21,42.86,3.21,57.14,0.46,5.16,0.0,0.0,0.0,0,0.0,0.0,0.0,0.0,0.0,0.0,0.0,0.0,0.0,0.0,0.0,0.0,32.14,85.71,11.48,68.0,3.67,25.0,0.0,0.0,0.0,3.67,37.5,0.0,0.0,0.0,1.84,25.0,,,0.0,0.0,,,,449269
Zé Rafael,Brazil 1.,2026,Santos,LCMF,33,4500000,2027-12-31,5,195,1,0.6,1,0.07,Brazil,"Brazil, Italy",right,175,no,6.92,6.92,46.67,3.23,42.86,0.46,4.29,0.46,0.28,0.0,3,1.38,33.33,33.333,0.92,0.0,1.38,33.33,8.31,33.33,1.85,1.85,0.0,41.08,93.26,12.92,85.71,1.85,75.0,0.03,0.46,0.46,5.54,91.67,0.92,50.0,0.46,4.15,100.0,,,0.0,0.0,,,,242453
Ronald,Brazil 1.,2026,Vitória,"RB, AMF, RDMF",29,800000,2028-06-30,7,189,0,0.03,0,0.38,Brazil,Brazil,right,171,no,7.14,6.19,46.15,0.95,0.0,0.48,6.92,0.0,0.01,0.0,4,1.9,0.0,0.0,0.48,100.0,0.95,50.0,6.19,38.46,0.48,2.38,0.95,29.05,96.72,5.24,90.91,1.9,100.0,0.18,0.0,0.0,1.9,100.0,0.48,100.0,0.0,1.43,66.67,,,0.0,0.0,,,,471162
R. López,Brazil 1.,2026,Vitória,"CF, RCMF",32,1000000,2027-12-31,6,189,0,0.07,0,0.05,Uruguay,Uruguay,right,191,no,3.81,4.76,40.0,16.67,25.71,0.0,1.33,0.0,0.03,0.0,1,0.48,0.0,0.0,0.0,0.0,0.95,0.0,6.67,28.57,3.81,0.95,0.48,10.95,56.52,2.38,20.0,0.0,0.0,0.02,0.0,0.0,0.95,0.0,1.43,0.0,0.95,0.48,0.0,,,0.0,0.0,,,,225257
T. Pochettino,Brazil 1.,2026,Vitória,"LW, AMF",30,0,2027-12-31,5,184,0,0.16,0,0.3,Argentina,"Argentina, Italy",right,180,yes,5.87,5.87,50.0,2.45,20.0,0.0,4.0,0.0,0.08,0.0,4,1.96,50.0,0.0,2.45,40.0,1.47,33.33,2.45,40.0,1.47,2.93,0.0,22.5,63.04,7.83,62.5,4.4,55.56,0.15,0.0,0.0,3.91,37.5,2.45,40.0,0.0,6.36,76.92,,,0.0,0.0,,,,428987
Rodrigo Moledo,Brazil 1.,2026,Coritiba,LCB,38,250000,2026-12-31,3,183,1,0.07,0,0.0,Brazil,Brazil,right,188,no,6.39,1.97,75.0,6.39,69.23,0.49,5.56,0.49,0.03,0.49,1,0.49,100.0,100.0,0.0,0.0,0.49,100.0,0.49,100.0,0.49,0.0,0.0,14.26,72.41,5.41,54.55,2.46,40.0,0.0,0.0,0.0,1.97,25.0,0.98,50.0,0.49,2.46,20.0,,,0.0,0.0,,,,86277
Dudu,Brazil 1.,2026,Vitória,"LCMF, RCMF",27,450000,2026-12-31,3,182,1,0.2,0,0.04,Brazil,Brazil,left,186,no,7.42,9.4,63.16,3.96,62.5,0.0,1.36,0.49,0.1,0.0,1,0.49,100.0,100.0,0.0,0.0,5.44,54.55,12.86,57.69,0.49,0.49,0.0,31.65,84.38,13.85,82.14,1.48,100.0,0.02,0.0,0.0,5.44,81.82,0.49,0.0,0.49,2.97,100.0,,,0.0,0.0,,,,-86937
Zé Marcos,Brazil 1.,2026,Vitória,LCB,28,600000,2027-12-31,2,178,0,0.43,0,0.0,Brazil,Brazil,left,188,yes,8.09,9.1,38.89,2.53,20.0,0.51,5.45,0.0,0.22,0.0,2,1.01,50.0,0.0,0.0,0.0,0.0,0.0,1.01,50.0,0.51,1.01,0.0,34.38,91.18,14.66,86.21,3.54,71.43,0.0,0.51,0.0,5.56,63.64,0.51,100.0,0.51,7.58,80.0,,,0.0,0.0,,,,396324
Marcos Rocha,Brazil 1.,2026,Grêmio,"RB, RWB",37,600000,2026-12-31,5,177,0,0.01,0,0.06,Brazil,Brazil,right,176,no,5.59,3.56,42.86,3.56,28.57,0.0,5.45,0.0,0.01,0.0,1,0.51,0.0,0.0,2.03,50.0,0.51,100.0,3.56,57.14,1.02,2.54,0.0,44.24,77.01,25.93,66.67,6.61,23.08,0.03,0.0,0.51,8.64,52.94,4.07,50.0,1.02,11.69,65.22,,,0.0,0.0,,,,73083
Kevin Ramírez,Brazil 1.,2026,Chapecoense,"RW, LW, RAMF",32,700000,2026-12-31,4,174,0,0.88,0,0.0,Uruguay,Uruguay,left,179,yes,2.59,2.59,60.0,4.66,66.67,0.0,1.18,0.0,0.46,0.0,6,3.1,50.0,0.0,2.07,50.0,0.52,100.0,5.17,70.0,3.1,1.55,0.0,20.17,76.92,4.14,62.5,2.07,25.0,0.0,0.0,0.0,1.55,66.67,1.03,50.0,0.0,3.1,66.67,,,0.0,0.0,,,,329533
Fernando,Brazil 1.,2026,Chapecoense,LB,26,450000,2029-12-31,2,169,0,0.06,0,0.0,Brazil,Brazil,left,181,no,10.65,2.66,40.0,1.6,33.33,1.07,11.86,0.0,0.03,0.0,1,0.53,0.0,0.0,1.07,0.0,0.53,100.0,4.26,62.5,1.07,3.2,0.0,35.15,81.82,11.18,71.43,4.26,62.5,0.0,0.0,0.53,4.26,75.0,1.07,0.0,0.0,5.33,50.0,,,0.0,0.0,,,,-112908
Iago,Brazil 1.,2026,Bahia,LB,29,4000000,2028-12-31,4,164,0,0.01,0,0.87,Brazil,"Brazil, Italy",left,181,no,7.13,4.94,77.78,1.1,0.0,0.0,6.92,0.0,0.0,0.0,2,1.1,0.0,0.0,3.29,50.0,1.1,0.0,4.94,33.33,2.2,1.65,1.1,42.26,81.82,10.98,75.0,2.74,60.0,0.48,0.0,1.1,3.29,83.33,4.39,50.0,1.1,7.13,76.92,,,0.0,0.0,,,,472677
Marcos Victor,Brazil 1.,2026,Bahia,RCB,24,0,2027-12-31,4,163,0,0.0,0,0.0,Brazil,Brazil,right,184,no,11.6,3.87,71.43,1.1,0.0,2.21,12.0,0.0,0.0,0.0,0,0.0,0.0,0.0,0.0,0.0,0.0,0.0,2.21,25.0,0.0,0.0,0.0,45.28,86.59,19.88,75.0,5.52,50.0,0.0,0.0,0.0,2.76,100.0,0.0,0.0,0.0,8.28,53.33,,,0.0,0.0,,,,-258079
Gui Negão,Brazil 1.,2026,Corinthians,"CF, LW",19,0,2030-06-30,5,158,0,0.0,0,0.44,Brazil,Brazil,unknown,189,no,7.41,6.84,75.0,1.71,33.33,0.0,3.1,0.0,0.0,0.0,0,0.0,0.0,0.0,1.14,50.0,1.14,50.0,3.99,28.57,1.14,0.57,0.0,11.39,95.0,0.0,0.0,0.0,0.0,0.25,0.0,0.57,0.0,0.0,1.14,50.0,0.57,0.57,100.0,,,0.0,0.0,,,,-456920
Mateusinho,Brazil 1.,2026,Vitória,RB,27,0,2028-12-31,3,158,0,0.0,0,0.14,Brazil,Brazil,right,175,no,7.41,5.13,55.56,2.85,20.0,0.0,5.68,0.0,0.0,0.0,0,0.0,0.0,0.0,2.28,25.0,0.57,100.0,2.85,100.0,1.14,0.0,0.0,27.91,69.39,13.67,62.5,3.42,16.67,0.08,0.0,0.57,2.85,80.0,2.85,60.0,1.14,7.97,57.14,,,0.0,0.0,,,,-247190
Keno,Brazil 1.,2026,Coritiba,"LAMF, LW",36,800000,2026-12-31,6,156,0,0.57,0,0.0,Brazil,Brazil,right,178,yes,2.31,4.04,28.57,3.46,50.0,0.0,2.31,0.0,0.33,0.0,2,1.15,50.0,0.0,2.31,25.0,4.04,42.86,8.08,42.86,2.31,2.88,0.58,14.42,56.0,3.46,50.0,0.0,0.0,0.0,0.0,0.0,1.15,50.0,2.88,40.0,0.58,3.46,66.67,,,0.0,0.0,,,,282209
Luan Silva,Brazil 1.,2026,São Paulo,"LDMF, RCMF, DMF",27,2000000,2026-12-31,7,150,0,0.0,0,0.15,Brazil,Brazil,right,175,no,9.0,7.8,76.92,1.8,66.67,0.0,5.56,0.0,0.0,0.0,1,0.6,0.0,0.0,0.6,100.0,0.6,0.0,1.2,50.0,0.0,0.0,0.0,28.2,87.23,9.0,73.33,3.0,40.0,0.09,0.0,0.6,4.2,42.86,1.2,50.0,0.0,4.2,100.0,,,0.0,0.0,,,,499985
Saúl Ñíguez,Brazil 1.,2026,Flamengo,"LDMF, LCMF",31,7500000,2028-12-31,6,150,0,0.2,1,0.2,Spain,Spain,left,183,no,17.4,9.6,75.0,3.6,16.67,1.8,13.24,0.0,0.12,0.0,2,1.2,0.0,0.0,1.2,50.0,0.0,0.0,2.4,0.0,0.6,1.2,0.0,39.6,74.24,11.4,31.58,2.4,0.0,0.12,0.0,0.6,6.0,50.0,1.2,50.0,0.6,3.6,50.0,,,0.0,0.0,,,,151131
Fabinho,Brazil 1.,2026,Coritiba,"CF, RDMF, RAMF",26,0,2027-12-31,7,147,0,0.35,0,0.12,Brazil,Brazil,left,180,no,3.06,3.67,33.33,1.22,100.0,0.0,3.1,0.0,0.21,0.0,2,1.22,50.0,0.0,1.22,50.0,3.06,20.0,5.51,22.22,0.61,0.61,0.0,20.82,82.35,3.06,80.0,0.0,0.0,0.07,0.0,0.61,1.22,100.0,1.22,100.0,0.61,1.84,66.67,,,0.0,0.0,,,,502012
Fernandinho,Brazil 1.,2026,Mirassol,"CF, LAMF, LWF",29,400000,2026-12-31,3,143,0,0.0,0,0.1,Brazil,Brazil,right,175,no,5.03,7.55,50.0,1.26,50.0,0.0,1.82,0.0,0.0,0.0,1,0.63,100.0,0.0,1.89,33.33,0.63,100.0,5.66,77.78,2.52,3.15,0.0,22.03,77.14,4.41,71.43,0.63,100.0,0.07,0.0,0.63,1.26,100.0,3.15,60.0,1.26,3.78,100.0,,,0.0,0.0,,,,399399
Eduardo,Brazil 1.,2026,Red Bull Bragantino,"LCB, RB",28,900000,2028-12-29,3,141,0,0.04,0,0.0,Brazil,Brazil,right,196,no,3.83,5.11,50.0,1.28,50.0,0.0,1.62,0.0,0.02,0.0,1,0.64,0.0,0.0,0.0,0.0,0.0,0.0,0.64,0.0,0.64,0.64,0.0,35.74,87.5,14.68,78.26,4.47,57.14,0.0,0.0,0.0,3.83,66.67,1.28,50.0,0.64,5.74,77.78,,,0.0,0.0,,,,-39305
G. Cano,Brazil 1.,2026,Fluminense,"CF, AMF",38,1400000,2026-12-31,7,140,0,0.94,0,0.28,Argentina,Argentina,right,177,no,1.29,1.29,50.0,1.93,33.33,0.64,1.58,0.0,0.61,0.0,7,4.5,42.86,0.0,1.29,50.0,0.64,100.0,3.21,40.0,6.43,0.0,0.0,12.86,65.0,1.29,50.0,1.29,100.0,0.18,0.0,0.64,0.64,100.0,0.0,0.0,0.0,1.93,33.33,,,0.0,0.0,,,,17809
André Henrique,Brazil 1.,2026,Grêmio,CF,24,0,2030-06-30,5,139,0,1.42,0,0.0,Brazil,Brazil,right,189,no,5.83,4.53,57.14,5.83,22.22,0.0,4.69,0.0,0.92,0.0,5,3.24,40.0,0.0,0.0,0.0,1.29,0.0,6.47,10.0,3.88,1.29,0.0,14.24,86.36,2.59,75.0,0.0,0.0,0.0,0.0,0.0,0.65,100.0,0.65,100.0,0.65,1.29,100.0,,,0.0,0.0,,,,-171771
Caio Roque,Brazil 1.,2026,Botafogo,LB,24,400000,2027-11-30,3,139,0,0.05,1,0.7,Brazil,Brazil,left,182,yes,9.06,6.47,80.0,3.24,40.0,1.29,5.29,0.0,0.03,0.0,1,0.65,0.0,0.0,6.47,50.0,0.65,0.0,3.24,40.0,1.94,3.24,1.29,27.84,67.44,5.83,33.33,4.53,28.57,0.45,0.0,1.94,3.24,40.0,5.83,44.44,0.65,8.42,53.85,,,0.0,0.0,,,,-142903
Renan,Brazil 1.,2026,Athletico Paranaense,"CF, RWF",26,0,2028-02-29,8,139,0,0.14,0,0.19,Brazil,Brazil,right,185,no,1.29,1.94,33.33,6.47,20.0,0.0,0.94,0.0,0.09,0.0,2,1.29,0.0,0.0,0.0,0.0,0.65,0.0,10.36,18.75,3.24,0.0,0.0,11.01,82.35,1.94,100.0,1.94,66.67,0.12,0.65,1.29,0.65,100.0,0.0,0.0,0.65,0.0,0.0,,,0.0,0.0,,,,-73543
Kauê Junior,Brazil 1.,2026,Bahia,"CF, RWB, RWF",17,0,,5,139,0,0.03,0,0.48,Brazil,Brazil,left,173,no,3.88,5.83,44.44,3.24,20.0,0.0,2.07,0.0,0.02,0.0,2,1.29,50.0,0.0,3.24,40.0,6.47,60.0,16.83,53.85,3.88,1.29,0.0,27.84,76.74,3.88,83.33,0.0,0.0,0.31,0.0,1.29,1.94,66.67,4.53,57.14,1.29,3.88,83.33,,,0.0,0.0,,,,-707335
Max,Brazil 1.,2026,Chapecoense,"LCMF, AMF",25,500000,2028-12-31,2,139,0,0.0,0,0.0,Brazil,Brazil,left,175,yes,9.71,7.12,54.55,0.65,0.0,0.65,5.85,0.0,0.0,0.0,0,0.0,0.0,0.0,0.0,0.0,0.0,0.0,5.18,12.5,0.0,0.0,0.0,27.19,88.1,7.12,81.82,1.94,66.67,0.0,0.0,0.0,0.0,0.0,0.0,0.0,0.0,1.94,66.67,,,0.0,0.0,,,,-165646
Lucca Marques,Brazil 1.,2026,São Paulo,"LAMF, LW, RW",19,0,2028-04-30,4,135,0,0.27,0,0.43,Brazil,Brazil,unknown,173,no,3.33,4.67,28.57,2.0,33.33,0.0,2.65,0.0,0.18,0.0,1,0.67,0.0,0.0,2.67,25.0,6.0,66.67,8.0,50.0,4.0,3.33,0.67,26.0,84.62,6.67,80.0,0.67,100.0,0.29,0.0,1.33,2.67,100.0,2.67,50.0,1.33,4.67,85.71,,,0.0,0.0,,,,-456981
Lorran,Brazil 1.,2026,Flamengo,RAMF,20,0,2029-12-31,3,133,1,1.04,0,0.18,Brazil,Brazil,left,180,no,8.12,9.47,50.0,0.68,0.0,0.0,4.69,0.68,0.7,0.0,4,2.71,100.0,25.0,1.35,100.0,2.71,25.0,8.12,25.0,5.41,2.03,0.0,36.54,87.04,6.77,70.0,0.68,0.0,0.12,0.0,0.68,1.35,100.0,2.71,75.0,0.68,2.03,100.0,,,0.0,0.0,,,,-398594
Lucas Taverna,Brazil 1.,2026,Coritiba,"RB, RWB",19,0,,3,132,0,0.0,0,0.0,Brazil,Brazil,unknown,175,no,12.95,8.86,53.85,2.05,0.0,0.68,9.0,0.0,0.0,0.0,1,0.68,0.0,0.0,1.36,0.0,1.36,100.0,2.73,50.0,0.0,0.68,0.0,34.09,70.0,17.73,69.23,6.14,22.22,0.0,0.0,0.0,4.09,66.67,2.73,0.0,0.0,7.5,54.55,,,0.0,0.0,,,,-647366
Jotavve Fonseca,Brazil 1.,2026,Vasco da Gama,"RB, LB, RW",21,0,,4,130,0,0.0,0,0.17,Brazil,Brazil,unknown,0,no,15.23,11.77,64.71,4.15,66.67,0.0,12.22,0.0,0.0,0.0,0,0.0,0.0,0.0,3.46,60.0,4.15,100.0,8.31,75.0,0.0,0.69,0.69,33.92,75.51,9.0,76.92,3.46,40.0,0.12,0.0,0.69,3.46,100.0,4.85,57.14,0.69,9.69,71.43,,,0.0,0.0,,,,-645968
G. Caballero,Brazil 1.,2026,Santos,"RWF, CF, RW",24,0,2028-12-31,3,130,0,0.33,0,0.0,Paraguay,Paraguay,right,186,no,2.77,2.08,33.33,1.38,0.0,0.0,2.61,0.0,0.23,0.0,6,4.15,16.67,0.0,2.08,0.0,1.38,50.0,5.54,62.5,2.77,0.0,0.69,29.08,66.67,6.92,50.0,1.38,0.0,0.0,0.0,0.0,4.85,71.43,4.85,0.0,0.0,2.77,25.0,,,0.0,0.0,,,,-129593
Claudinho,Brazil 1.,2026,Vitória,RB,25,1200000,2027-12-31,2,129,0,0.01,0,0.0,Brazil,Brazil,right,180,yes,9.07,4.88,71.43,0.7,100.0,0.7,10.0,0.0,0.01,0.0,1,0.7,0.0,0.0,1.4,0.0,0.0,0.0,4.19,16.67,2.09,0.0,0.0,40.47,67.24,22.33,53.13,4.88,28.57,0.0,0.0,0.0,4.19,83.33,0.7,0.0,0.0,11.16,37.5,,,0.0,0.0,,,,-70407
Diego Caito,Brazil 1.,2026,Grêmio,RB,22,0,2026-12-31,2,129,1,0.12,0,0.0,Brazil,Brazil,right,180,yes,3.49,4.88,14.29,1.4,0.0,0.0,4.44,0.7,0.08,0.0,3,2.09,33.33,33.333,0.7,0.0,1.4,100.0,4.19,83.33,3.49,2.09,0.0,52.33,84.0,21.63,87.1,4.19,50.0,0.0,0.0,0.0,5.58,62.5,1.4,0.0,0.0,4.19,83.33,,,0.0,0.0,,,,-381313
 Lucas Emanuel,Brazil 1.,2026,Botafogo,"CF, AMF",17,0,,3,126,1,0.69,0,0.0,Brazil,Brazil,,0,no,2.86,4.29,33.33,5.0,14.29,0.0,2.61,0.71,0.49,0.0,3,2.14,66.67,33.333,0.0,0.0,0.71,0.0,5.71,25.0,3.57,0.0,0.0,7.14,60.0,1.43,0.0,0.0,0.0,0.0,0.0,0.0,1.43,50.0,0.0,0.0,0.0,0.71,0.0,,,0.0,0.0,,,,-693732
Ramon Rique,Brazil 1.,2026,Vasco da Gama,"AMF, LWF",18,0,,4,123,0,0.27,1,0.42,Brazil,Brazil,unknown,0,no,5.12,5.85,50.0,0.0,0.0,0.0,3.21,0.0,0.2,0.0,2,1.46,50.0,0.0,3.66,40.0,0.0,0.0,2.2,33.33,4.39,0.0,0.0,40.24,69.09,11.71,56.25,2.2,66.67,0.31,0.0,3.66,5.85,62.5,6.59,33.33,1.46,6.59,66.67,,,0.0,0.0,,,,-423582
Thiago Silva,Brazil 1.,2026,Fluminense,"RCB, LCB",41,1000000,2026-12-31,2,122,0,0.03,0,0.01,Brazil,"Brazil, France",right,181,no,5.9,1.48,0.0,4.43,50.0,2.21,8.28,0.0,0.02,0.0,1,0.74,0.0,0.0,0.0,0.0,0.0,0.0,0.0,0.0,0.74,0.74,0.0,50.16,89.71,19.18,80.77,5.16,42.86,0.0,0.0,0.0,5.16,71.43,0.0,0.0,0.0,4.43,66.67,,,0.0,0.0,,,,9136
Gustavo Cazonatti,Brazil 1.,2026,Mirassol,"RCMF, LCMF, LDMF",30,500000,2026-12-31,2,122,0,0.34,0,0.08,Brazil,Brazil,right,178,no,5.9,2.95,25.0,2.95,75.0,0.74,6.92,0.0,0.25,0.0,2,1.48,50.0,0.0,0.0,0.0,0.0,0.0,5.16,71.43,0.74,0.74,0.0,35.41,79.17,11.8,56.25,2.95,0.0,0.06,0.74,0.74,7.38,70.0,0.74,0.0,0.0,5.9,50.0,,,0.0,0.0,,,,443963
Kayky,Brazil 1.,2026,Internacional,"RAMF, AMF, LAMF",23,7000000,2029-12-31,6,118,0,0.49,0,0.01,Brazil,Brazil,left,172,yes,6.86,6.1,62.5,0.0,0.0,0.0,8.0,0.0,0.37,0.0,5,3.81,40.0,0.0,2.29,0.0,6.1,62.5,14.49,36.84,6.1,0.0,0.0,37.37,83.67,3.81,60.0,2.29,33.33,0.01,0.76,0.0,0.76,100.0,2.29,66.67,2.29,4.58,83.33,,,0.0,0.0,,,,-176157
Jair,Brazil 1.,2026,Vasco da Gama,"DMF, AMF",31,3000000,,2,118,0,0.38,0,0.0,Brazil,Brazil,right,178,no,8.39,6.86,44.44,2.29,33.33,0.76,8.08,0.0,0.29,0.0,3,2.29,0.0,0.0,0.76,0.0,0.0,0.0,1.53,50.0,1.53,0.0,0.0,48.05,95.24,16.02,95.24,2.29,100.0,0.0,0.0,0.0,6.1,100.0,0.76,0.0,0.76,6.1,75.0,,,0.0,0.0,,,,266351
Alexsander,Brazil 1.,2026,Atlético Mineiro,"LCMF, RCMF",22,0,2029-12-31,5,118,0,0.2,0,0.19,Brazil,Brazil,left,178,no,6.86,10.68,50.0,1.53,0.0,0.0,2.61,0.0,0.16,0.0,2,1.53,0.0,0.0,0.76,100.0,3.81,60.0,11.44,66.67,1.53,0.76,0.0,28.22,94.59,6.1,100.0,2.29,100.0,0.15,0.0,0.76,5.34,100.0,1.53,50.0,0.76,2.29,66.67,,,0.0,0.0,,,,-263464
João Paulo,Brazil 1.,2026,Bahia,GK,31,5500000,2027-12-31,2,117,0,0.0,0,0.0,Brazil,Brazil,right,189,no,0.0,0.0,0.0,0.0,0.0,0.0,0.0,0.0,0.0,0.0,0,0.0,0.0,0.0,0.0,0.0,0.0,0.0,0.0,0.0,0.0,0.0,0.0,16.92,86.36,9.23,75.0,3.08,50.0,0.0,0.0,0.0,0.77,0.0,0.0,0.0,0.0,1.54,50.0,5.38,10.0,46.15,3.76,-2.11,-1.623,1.54,317934
Léo,Brazil 1.,2026,Athletico Paranaense,LCB,30,0,2028-12-31,2,117,0,0.0,0,0.0,Brazil,Brazil,left,183,no,6.92,7.69,40.0,2.31,0.0,0.77,4.55,0.0,0.0,0.0,0,0.0,0.0,0.0,0.77,100.0,0.0,0.0,1.54,0.0,0.0,0.0,0.0,34.62,95.56,13.08,94.12,0.0,0.0,0.0,0.0,0.0,2.31,100.0,0.77,100.0,0.0,1.54,100.0,,,0.0,0.0,,,,319777
Diogo Riquelme,Brazil 1.,2026,Athletico Paranaense,"LCMF, RCMF, LCB",21,0,2028-12-31,5,116,0,0.01,0,0.0,Brazil,Brazil,unknown,0,no,10.09,7.76,50.0,1.55,100.0,0.78,8.0,0.0,0.0,0.0,1,0.78,100.0,0.0,0.78,0.0,0.78,0.0,1.55,0.0,0.0,1.55,0.0,25.6,78.79,7.76,60.0,2.33,66.67,0.0,0.0,0.0,3.1,75.0,0.78,0.0,0.0,3.1,50.0,,,0.0,0.0,,,,-477636
Marcelo Lomba,Brazil 1.,2026,Palmeiras,GK,39,250000,2026-12-31,1,114,0,0.0,0,0.0,Brazil,Brazil,right,189,no,0.0,0.0,0.0,0.0,0.0,0.0,0.0,0.0,0.0,0.0,0,0.0,0.0,0.0,0.0,0.0,0.0,0.0,0.0,0.0,0.0,0.0,0.0,15.0,78.95,8.68,63.64,3.95,20.0,0.0,0.0,0.0,0.0,0.0,0.0,0.0,0.0,3.16,25.0,0.0,2.37,100.0,0.26,0.33,0.261,2.37,9062
Gustavo Silva,Brazil 1.,2026,Mirassol,"RAMF, RWF",28,0,2027-06-30,2,112,0,0.47,0,0.0,Brazil,Brazil,right,168,no,3.21,1.61,50.0,1.61,0.0,0.0,3.91,0.0,0.38,0.0,1,0.8,100.0,0.0,0.0,0.0,3.21,50.0,6.43,37.5,3.21,0.8,0.0,24.91,80.65,6.43,100.0,0.8,100.0,0.0,0.0,0.0,1.61,100.0,1.61,50.0,0.8,0.8,100.0,,,0.0,0.0,,,,470549
A. Bispo dos Santos,Brazil 1.,2026,Vitória,"LW, LWF, RW",23,0,,4,108,0,0.37,0,0.11,Brazil,Brazil,unknown,0,no,7.5,8.33,50.0,2.5,66.67,0.0,4.62,0.0,0.3,0.0,3,2.5,0.0,0.0,0.0,0.0,4.17,20.0,11.67,14.29,2.5,4.17,3.33,15.0,72.22,6.67,50.0,0.83,0.0,0.09,0.0,0.0,3.33,25.0,0.83,100.0,1.67,2.5,66.67,,,0.0,0.0,,,,-803863
Walace,Brazil 1.,2026,Vitória,"DMF, LCMF, RCMF",31,6000000,2028-12-31,3,108,0,0.01,0,0.0,Brazil,Brazil,right,188,yes,7.5,4.17,20.0,2.5,33.33,0.0,7.06,0.0,0.01,0.0,1,0.83,0.0,0.0,0.0,0.0,0.83,100.0,1.67,50.0,0.0,0.0,0.0,66.67,87.5,19.17,73.91,6.67,50.0,0.0,0.0,0.0,7.5,88.89,0.83,100.0,0.0,9.17,63.64,,,0.0,0.0,,,,338353
Tetê,Brazil 1.,2026,São Paulo,"LAMF, LW, RW",19,0,,4,107,0,0.0,0,0.0,Brazil,Brazil,,0,no,3.36,5.89,42.86,0.0,0.0,0.0,1.58,0.0,0.0,0.0,0,0.0,0.0,0.0,1.68,50.0,2.52,33.33,5.05,16.67,0.0,1.68,0.0,13.46,87.5,3.36,100.0,0.0,0.0,0.0,0.0,0.0,2.52,66.67,2.52,66.67,0.0,4.21,80.0,,,0.0,0.0,,,,-526524
Nathan Fernandes,Brazil 1.,2026,Botafogo,"LB, LAMF",21,0,2029-12-31,4,105,0,0.0,1,0.11,Brazil,Brazil,right,176,no,7.71,6.86,75.0,0.86,100.0,0.0,4.29,0.0,0.0,0.0,0,0.0,0.0,0.0,0.86,0.0,0.86,100.0,3.43,100.0,1.71,0.86,0.86,24.86,79.31,8.57,60.0,2.57,33.33,0.09,0.0,0.86,4.29,40.0,2.57,66.67,2.57,5.14,66.67,,,0.0,0.0,,,,-314249
Kauan Faria,Brazil 1.,2026,Chapecoense,LCB,23,0,2026-12-31,1,104,0,0.0,0,0.0,Brazil,Brazil,unknown,0,no,5.19,2.6,33.33,3.46,75.0,0.87,8.82,0.0,0.0,0.0,0,0.0,0.0,0.0,0.0,0.0,0.0,0.0,0.87,0.0,0.0,0.0,0.0,53.65,88.71,22.5,84.62,3.46,25.0,0.0,0.0,0.0,2.6,33.33,0.0,0.0,0.0,6.06,71.43,,,0.0,0.0,,,,-265079
Wallace Yan,Brazil 1.,2026,Flamengo,CF,21,0,2027-12-31,7,104,0,0.01,0,0.0,Brazil,Brazil,right,0,no,4.33,3.46,75.0,1.73,50.0,0.0,2.4,0.0,0.01,0.0,1,0.87,0.0,0.0,0.0,0.0,1.73,50.0,12.98,53.33,3.46,0.0,0.0,11.25,69.23,0.87,100.0,0.87,100.0,0.0,0.0,0.0,1.73,0.0,0.87,100.0,0.87,0.87,100.0,,,0.0,0.0,,,,-388374
Riccieli,Brazil 1.,2026,Vitória,RCB,27,3000000,2027-06-30,2,102,0,0.1,0,0.0,Brazil,Brazil,right,184,yes,3.53,2.65,33.33,2.65,100.0,0.0,3.91,0.0,0.09,0.0,1,0.88,0.0,0.0,0.0,0.0,0.0,0.0,0.0,0.0,0.88,0.0,0.0,27.35,80.65,11.47,61.54,3.53,25.0,0.0,0.0,0.0,6.18,57.14,0.88,0.0,0.0,4.41,40.0,,,0.0,0.0,,,,451709
Wallace,Brazil 1.,2026,Grêmio,LCB,21,0,2031-06-30,1,101,1,0.34,0,0.0,Brazil,Brazil,right,190,no,5.35,2.67,33.33,4.46,60.0,2.67,6.0,0.89,0.3,0.89,1,0.89,100.0,100.0,0.0,0.0,0.0,0.0,0.0,0.0,0.89,0.89,0.0,46.34,92.31,14.26,81.25,4.46,80.0,0.0,0.0,0.0,2.67,66.67,0.0,0.0,0.89,3.56,75.0,,,0.0,0.0,,,,-418473
Gabriel Grando,Brazil 1.,2026,Grêmio,GK,26,1700000,2029-12-31,1,101,0,0.0,0,0.0,Brazil,Brazil,right,192,no,0.89,0.0,0.0,0.0,0.0,0.0,1.15,0.0,0.0,0.0,0,0.0,0.0,0.0,0.0,0.0,0.0,0.0,0.0,0.0,0.0,0.0,0.0,24.06,81.48,12.48,64.29,7.13,37.5,0.0,0.0,0.0,1.78,0.0,0.0,0.0,0.0,3.56,50.0,0.89,2.67,66.67,0.85,-0.05,-0.045,0.89,-62368
Ivan Quaresma,Brazil 1.,2026,Remo,GK,29,1500000,2026-12-31,1,101,0,0.0,0,0.0,Brazil,"Brazil, Italy",right,196,no,0.0,0.0,0.0,0.0,0.0,0.0,0.0,0.0,0.0,0.0,0,0.0,0.0,0.0,0.0,0.0,0.0,0.0,0.0,0.0,0.0,0.0,0.0,5.35,83.33,2.67,66.67,2.67,66.67,0.0,0.0,0.0,1.78,100.0,0.0,0.0,0.0,1.78,100.0,0.0,3.56,100.0,0.58,0.65,0.579,1.78,334563
Bruno Tubarão,Brazil 1.,2026,Chapecoense,RB,31,500000,,1,100,0,0.02,0,0.0,Brazil,Brazil,right,180,no,11.7,9.9,54.55,0.9,100.0,0.0,4.55,0.0,0.02,0.0,1,0.9,100.0,0.0,2.7,33.33,1.8,100.0,6.3,57.14,0.0,1.8,0.0,41.4,67.39,17.1,47.37,8.1,11.11,0.0,0.0,0.0,7.2,50.0,3.6,25.0,0.0,5.4,33.33,,,0.0,0.0,,,,434598
Léo Linck,Brazil 1.,2026,Botafogo,GK,25,1000000,2028-12-31,1,100,0,0.0,0,0.0,Brazil,Brazil,right,195,yes,0.0,0.0,0.0,0.0,0.0,0.0,0.0,0.0,0.0,0.0,0,0.0,0.0,0.0,0.0,0.0,0.0,0.0,0.0,0.0,0.0,0.0,0.0,27.0,56.67,18.9,38.1,15.3,29.41,0.0,0.0,0.0,6.3,14.29,0.0,0.0,0.0,9.0,50.0,0.9,8.1,88.89,1.52,0.69,0.621,0.9,-138516
A. Duarte,Brazil 1.,2026,Santos,RCB,26,3500000,,1,98,0,0.0,0,0.0,Paraguay,Paraguay,right,186,no,5.51,6.43,57.14,3.67,100.0,0.0,3.53,0.0,0.0,0.0,0,0.0,0.0,0.0,0.92,0.0,0.92,0.0,0.92,0.0,0.92,0.92,0.0,51.43,91.07,17.45,89.47,0.92,100.0,0.0,0.0,0.0,3.67,75.0,0.0,0.0,0.0,3.67,75.0,,,0.0,0.0,,,,475429
Mycael,Brazil 1.,2026,Athletico Paranaense,GK,22,0,2028-12-31,1,98,0,0.0,0,0.0,Brazil,Brazil,left,190,no,0.0,0.0,0.0,0.0,0.0,0.0,0.0,0.0,0.0,0.0,0,0.0,0.0,0.0,0.0,0.0,0.0,0.0,0.0,0.0,0.0,0.0,0.0,11.94,69.23,8.27,55.56,7.35,50.0,0.0,0.0,0.0,2.76,33.33,0.0,0.0,0.0,3.67,75.0,0.0,1.84,100.0,0.39,0.42,0.386,1.84,-158171
Wendeson Santos,Brazil 1.,2026,Bahia,"CF, LWF",18,0,2028-12-31,4,97,0,0.28,0,0.0,Brazil,Brazil,right,174,no,2.78,5.57,33.33,12.99,42.86,0.0,0.0,0.0,0.26,0.0,2,1.86,50.0,0.0,0.0,0.0,0.93,100.0,11.13,25.0,2.78,0.0,0.0,11.13,75.0,0.93,0.0,0.93,0.0,0.0,0.0,0.0,0.93,0.0,0.0,0.0,0.0,0.0,0.0,,,0.0,0.0,,,,-573313
Marquinhos,Brazil 1.,2026,Cruzeiro,"RW, RAMF",23,7000000,2028-12-31,2,97,0,0.0,0,0.0,Brazil,Brazil,left,175,no,4.64,3.71,25.0,4.64,60.0,0.0,6.32,0.0,0.0,0.0,0,0.0,0.0,0.0,1.86,0.0,0.0,0.0,6.49,42.86,0.93,1.86,0.93,23.2,80.0,4.64,60.0,1.86,0.0,0.0,0.93,0.93,5.57,50.0,1.86,0.0,0.0,2.78,66.67,,,0.0,0.0,,,,-118586
Larson,Brazil 1.,2026,Palmeiras,"DMF, RDMF, LCMF",21,0,2030-12-31,4,93,0,0.15,0,0.0,Brazil,Brazil,unknown,0,no,1.94,3.87,25.0,2.9,0.0,0.0,1.3,0.0,0.14,0.0,2,1.94,50.0,0.0,0.97,0.0,0.0,0.0,3.87,50.0,0.97,0.0,0.0,31.94,84.85,6.77,71.43,0.97,0.0,0.0,0.0,0.0,0.97,0.0,0.0,0.0,0.0,2.9,33.33,,,0.0,0.0,,,,-424412
Chico Kim,Brazil 1.,2026,Mirassol,"LDMF, AMF, RDMF",35,350000,2026-12-31,5,91,0,0.0,0,0.0,Brazil,"Brazil, Korea Republic",right,175,no,5.93,7.91,50.0,2.97,33.33,0.0,2.22,0.0,0.0,0.0,0,0.0,0.0,0.0,0.0,0.0,0.99,100.0,2.97,100.0,0.0,0.0,0.0,32.64,69.7,14.84,46.67,4.95,20.0,0.0,0.0,0.0,6.92,42.86,0.0,0.0,0.0,7.91,50.0,,,0.0,0.0,,,,228709
Riquelme Fillipi,Brazil 1.,2026,Palmeiras,"LCMF, LW, RW",19,0,2029-12-31,3,91,0,0.07,0,0.0,Brazil,Brazil,right,175,no,6.92,5.93,50.0,4.95,20.0,0.0,3.33,0.0,0.07,0.0,1,0.99,100.0,0.0,1.98,0.0,2.97,66.67,7.91,50.0,1.98,3.96,0.99,27.69,64.29,5.93,50.0,0.0,0.0,0.0,0.0,0.0,0.99,0.0,0.99,100.0,0.99,1.98,50.0,,,0.0,0.0,,,,-423655
Bernardo Zortea,Brazil 1.,2026,Grêmio,"RDMF, LCMF",19,0,2028-06-30,3,88,0,0.05,0,0.02,Brazil,Brazil,unknown,0,no,2.05,6.14,33.33,2.05,50.0,0.0,0.0,0.0,0.05,0.0,1,1.02,0.0,0.0,0.0,0.0,0.0,0.0,1.02,0.0,0.0,1.02,0.0,39.89,76.92,13.3,46.15,4.09,50.0,0.02,0.0,0.0,5.11,60.0,1.02,100.0,1.02,8.18,37.5,,,0.0,0.0,,,,-457098
Elias,Brazil 1.,2026,Mirassol,RB,27,550000,2026-12-31,1,87,0,0.0,0,0.0,Brazil,Brazil,right,181,yes,6.21,3.1,33.33,2.07,0.0,0.0,8.82,0.0,0.0,0.0,0,0.0,0.0,0.0,1.03,0.0,1.03,0.0,3.1,66.67,0.0,2.07,1.03,36.21,80.0,19.66,68.42,3.1,33.33,0.0,0.0,0.0,4.14,75.0,1.03,0.0,0.0,8.28,50.0,,,0.0,0.0,,,,478734
Matheus França,Brazil 1.,2026,Vasco da Gama,"CF, LW, RW",22,15000000,2028-06-30,3,86,0,0.11,0,0.0,Brazil,Brazil,right,182,no,6.28,7.33,42.86,7.33,42.86,1.05,4.09,0.0,0.12,0.0,1,1.05,0.0,0.0,1.05,0.0,1.05,100.0,5.23,20.0,1.05,1.05,0.0,19.88,73.68,4.19,50.0,1.05,0.0,0.0,0.0,0.0,2.09,0.0,1.05,100.0,0.0,4.19,50.0,,,0.0,0.0,,,,-159220
Vinicius Eduardo,Brazil 1.,2026,Chapecoense,RCB,21,0,,2,85,0,0.0,0,0.0,Brazil,Brazil,unknown,0,no,8.47,5.29,60.0,2.12,50.0,0.0,8.33,0.0,0.0,0.0,0,0.0,0.0,0.0,1.06,0.0,0.0,0.0,0.0,0.0,0.0,1.06,0.0,19.06,83.33,2.12,100.0,0.0,0.0,0.0,0.0,0.0,1.06,100.0,0.0,0.0,0.0,4.24,50.0,,,0.0,0.0,,,,-399630
Thiago Beltrame,Brazil 1.,2026,Grêmio,GK,23,0,2027-12-31,1,83,0,0.0,0,0.0,Brazil,Brazil,right,201,no,1.08,1.08,0.0,1.08,100.0,0.0,1.67,0.0,0.0,0.0,0,0.0,0.0,0.0,0.0,0.0,0.0,0.0,0.0,0.0,0.0,0.0,0.0,15.18,92.86,4.34,100.0,2.17,50.0,0.0,0.0,0.0,0.0,0.0,0.0,0.0,0.0,1.08,0.0,3.25,8.67,62.5,2.47,-0.72,-0.781,2.17,-176280
João Victor,Brazil 1.,2026,Flamengo,RCB,19,0,2029-12-31,1,81,0,0.0,0,0.0,Brazil,Brazil,unknown,0,no,1.11,0.0,0.0,1.11,0.0,0.0,1.76,0.0,0.0,0.0,0,0.0,0.0,0.0,0.0,0.0,0.0,0.0,0.0,0.0,1.11,0.0,0.0,68.89,95.16,24.44,95.45,1.11,100.0,0.0,0.0,0.0,8.89,100.0,0.0,0.0,0.0,2.22,100.0,,,0.0,0.0,,,,-423456
Luis Pacheco,Brazil 1.,2026,Palmeiras,"RCMF, LDMF",18,0,2029-12-31,3,81,0,0.04,0,0.0,Brazil,Brazil,,0,no,6.67,7.78,57.14,1.11,100.0,0.0,3.53,0.0,0.04,0.0,1,1.11,0.0,0.0,1.11,0.0,0.0,0.0,2.22,0.0,0.0,1.11,0.0,44.44,90.0,11.11,70.0,0.0,0.0,0.0,0.0,0.0,4.44,75.0,1.11,0.0,0.0,3.33,100.0,,,0.0,0.0,,,,-589050
Edu,Brazil 1.,2026,Vitória,LCB,26,500000,2028-12-31,1,79,0,0.0,0,0.0,Brazil,Brazil,right,185,no,3.42,1.14,100.0,1.14,100.0,0.0,2.73,0.0,0.0,0.0,0,0.0,0.0,0.0,0.0,0.0,0.0,0.0,1.14,100.0,0.0,0.0,0.0,42.15,91.89,14.81,84.62,7.97,57.14,0.0,0.0,0.0,7.97,71.43,0.0,0.0,0.0,7.97,71.43,,,0.0,0.0,,,,-41794
Gustavo,Brazil 1.,2026,Coritiba,"LCMF, CF",23,1000000,2028-12-31,4,75,0,0.23,0,0.0,Brazil,Brazil,right,178,no,7.2,2.4,100.0,1.2,0.0,0.0,3.91,0.0,0.28,0.0,2,2.4,0.0,0.0,1.2,0.0,0.0,0.0,2.4,100.0,3.6,1.2,0.0,20.4,88.24,3.6,66.67,0.0,0.0,0.0,0.0,0.0,0.0,0.0,0.0,0.0,0.0,1.2,100.0,,,0.0,0.0,,,,-132140
Djhordney,Brazil 1.,2026,São Paulo,LCMF,19,0,,2,72,0,0.0,0,0.0,Brazil,Brazil,unknown,0,no,7.5,5.0,25.0,0.0,0.0,0.0,9.23,0.0,0.0,0.0,0,0.0,0.0,0.0,0.0,0.0,1.25,0.0,2.5,0.0,0.0,0.0,0.0,27.5,95.45,6.25,100.0,2.5,100.0,0.0,0.0,0.0,2.5,100.0,0.0,0.0,0.0,3.75,100.0,,,0.0,0.0,,,,-534373
Gabriel Pec,Brazil 1.,2026,Cruzeiro,RAMF,25,0,2031-06-30,1,71,0,0.29,0,0.0,Brazil,"Brazil, Portugal",left,178,no,8.87,6.34,80.0,1.27,0.0,0.0,6.43,0.0,0.37,0.0,3,3.8,66.67,0.0,0.0,0.0,1.27,100.0,7.61,66.67,1.27,2.54,0.0,7.61,100.0,1.27,100.0,0.0,0.0,0.0,0.0,0.0,1.27,100.0,0.0,0.0,0.0,0.0,0.0,,,0.0,0.0,,,,-119854
Jovane Cabral,Brazil 1.,2026,Grêmio,LW,28,2500000,,2,71,0,0.01,1,0.1,Cape Verde Islands,"Cape Verde Islands, Portugal",right,174,no,2.54,2.54,100.0,1.27,0.0,0.0,0.0,0.0,0.02,0.0,2,2.54,50.0,0.0,0.0,0.0,2.54,100.0,10.14,37.5,1.27,0.0,0.0,22.82,83.33,6.34,80.0,1.27,100.0,0.13,0.0,2.54,3.8,100.0,2.54,50.0,1.27,5.07,100.0,,,0.0,0.0,,,,455679
Tissi,Brazil 1.,2026,Coritiba,RDMF,19,0,2029-04-10,2,71,0,0.05,0,0.0,Brazil,Brazil,unknown,0,no,2.54,3.8,33.33,0.0,0.0,0.0,2.5,0.0,0.06,0.0,1,1.27,0.0,0.0,0.0,0.0,0.0,0.0,3.8,66.67,0.0,1.27,0.0,38.03,93.33,7.61,66.67,0.0,0.0,0.0,0.0,0.0,1.27,100.0,0.0,0.0,0.0,0.0,0.0,,,0.0,0.0,,,,-647378
Cauã,Brazil 1.,2026,Atlético Mineiro,CF,18,0,2027-12-31,5,70,0,0.09,0,0.0,Brazil,Brazil,unknown,0,no,5.14,3.86,100.0,3.86,33.33,0.0,1.67,0.0,0.12,0.0,1,1.29,100.0,0.0,0.0,0.0,1.29,0.0,6.43,20.0,0.0,1.29,0.0,10.29,75.0,1.29,0.0,0.0,0.0,0.0,0.0,0.0,1.29,0.0,1.29,0.0,0.0,0.0,0.0,,,0.0,0.0,,,,-594274
Robson,Brazil 1.,2026,Santos,"RW, RAMF",18,0,2027-04-30,4,69,0,0.25,0,0.0,Brazil,Brazil,unknown,0,no,6.52,3.91,100.0,1.3,0.0,0.0,6.67,0.0,0.32,0.0,1,1.3,0.0,0.0,1.3,0.0,5.22,50.0,10.43,37.5,0.0,0.0,0.0,23.48,66.67,1.3,0.0,0.0,0.0,0.0,0.0,0.0,1.3,0.0,1.3,0.0,0.0,0.0,0.0,,,0.0,0.0,,,,-594136
Fernando Sobral,Brazil 1.,2026,Coritiba,"AMF, LDMF, RW",31,2000000,2026-12-31,3,68,0,0.0,0,0.0,Brazil,Brazil,right,178,yes,9.26,6.62,80.0,3.97,33.33,0.0,3.33,0.0,0.0,0.0,0,0.0,0.0,0.0,0.0,0.0,1.32,100.0,5.29,25.0,0.0,1.32,0.0,15.88,75.0,3.97,33.33,2.65,50.0,0.0,0.0,0.0,2.65,50.0,0.0,0.0,0.0,1.32,100.0,,,0.0,0.0,,,,261156
Zé Lucas,Brazil 1.,2026,Cruzeiro,RDMF,18,0,2031-06-30,1,67,0,0.0,0,0.0,Brazil,Brazil,unknown,0,no,6.72,12.09,33.33,1.34,100.0,1.34,4.0,0.0,0.0,0.0,0,0.0,0.0,0.0,0.0,0.0,1.34,0.0,6.72,80.0,0.0,0.0,0.0,30.9,73.91,12.09,66.67,1.34,0.0,0.0,1.34,0.0,4.03,33.33,1.34,100.0,1.34,2.69,50.0,,,0.0,0.0,,,,-572998
Riquelme Freitas,Brazil 1.,2026,Grêmio,"DMF, RDMF, RCMF",19,0,2027-12-31,3,66,0,0.0,0,0.0,Brazil,Brazil,right,177,no,8.18,4.09,33.33,2.73,50.0,0.0,13.33,0.0,0.0,0.0,0,0.0,0.0,0.0,0.0,0.0,1.36,0.0,5.45,50.0,0.0,4.09,0.0,58.64,90.7,12.27,66.67,1.36,0.0,0.0,0.0,0.0,8.18,66.67,0.0,0.0,0.0,4.09,66.67,,,0.0,0.0,,,,-457109
Tulio Oliveira,Brazil 1.,2026,Chapecoense,"CF, AMF",21,0,,1,65,1,0.51,0,0.0,Brazil,Brazil,unknown,0,no,2.77,2.77,50.0,11.08,12.5,1.38,3.75,1.38,0.71,1.38,2,2.77,50.0,50.0,0.0,0.0,0.0,0.0,6.92,40.0,2.77,0.0,0.0,4.15,100.0,0.0,0.0,0.0,0.0,0.0,0.0,0.0,0.0,0.0,0.0,0.0,0.0,0.0,0.0,,,0.0,0.0,,,,-315881
Riquelme Felipe,Brazil 1.,2026,Fluminense,"RW, RAMF",19,0,2030-08-31,3,64,0,0.0,0,0.0,Brazil,Brazil,unknown,0,no,5.63,8.44,50.0,0.0,0.0,0.0,3.0,0.0,0.0,0.0,0,0.0,0.0,0.0,5.63,25.0,8.44,50.0,15.47,45.45,0.0,2.81,0.0,46.41,72.73,8.44,33.33,2.81,50.0,0.0,0.0,0.0,5.63,50.0,5.63,25.0,0.0,8.44,50.0,,,0.0,0.0,,,,-457256
Samuel Pierri,Brazil 1.,2026,Santos,"RCMF, LDMF",18,0,,2,63,0,0.0,0,0.0,Brazil,Brazil,unknown,0,no,10.0,14.29,40.0,4.29,33.33,0.0,3.75,0.0,0.0,0.0,0,0.0,0.0,0.0,0.0,0.0,0.0,0.0,4.29,33.33,1.43,0.0,1.43,27.14,57.89,8.57,33.33,4.29,33.33,0.0,0.0,0.0,2.86,50.0,0.0,0.0,0.0,5.71,25.0,,,0.0,0.0,,,,-594121
Rodrigues,Brazil 1.,2026,Mirassol,RB,28,1200000,2026-12-31,2,62,0,0.0,0,0.0,Brazil,Brazil,right,188,no,8.71,4.35,66.67,7.26,20.0,0.0,10.91,0.0,0.0,0.0,0,0.0,0.0,0.0,1.45,100.0,1.45,100.0,2.9,100.0,1.45,1.45,0.0,34.84,70.83,18.87,61.54,1.45,0.0,0.0,0.0,0.0,7.26,40.0,1.45,100.0,0.0,7.26,80.0,,,0.0,0.0,,,,447501
João Basso,Brazil 1.,2026,Santos,"RCB, RB",29,2000000,2026-11-30,2,61,0,0.11,0,0.0,Brazil,"Brazil, Italy",right,187,no,5.9,5.9,75.0,8.85,0.0,0.0,2.31,0.0,0.17,0.0,1,1.48,0.0,0.0,0.0,0.0,0.0,0.0,0.0,0.0,1.48,1.48,0.0,35.41,87.5,17.7,83.33,2.95,50.0,0.0,0.0,0.0,5.9,100.0,0.0,0.0,0.0,10.33,85.71,,,0.0,0.0,,,,429990
Pedro Ferreira,Brazil 1.,2026,São Paulo,"AMF, RCMF",19,0,,2,61,0,0.07,0,0.0,Brazil,Brazil,right,175,no,4.43,4.43,66.67,4.43,33.33,0.0,2.73,0.0,0.11,0.0,1,1.48,100.0,0.0,0.0,0.0,4.43,66.67,10.33,57.14,1.48,1.48,0.0,14.75,90.0,4.43,66.67,1.48,0.0,0.0,0.0,0.0,2.95,100.0,1.48,0.0,0.0,1.48,100.0,,,0.0,0.0,,,,-472665
Felipe Morais,Brazil 1.,2026,Cruzeiro,LAMF,17,0,,1,61,0,0.79,0,0.0,Brazil,Brazil,unknown,0,no,5.9,5.9,25.0,2.95,0.0,0.0,6.43,0.0,1.17,0.0,3,4.43,0.0,0.0,1.48,0.0,2.95,50.0,11.8,37.5,2.95,1.48,1.48,13.28,88.89,2.95,100.0,1.48,0.0,0.0,0.0,0.0,0.0,0.0,0.0,0.0,0.0,0.0,0.0,,,0.0,0.0,,,,-567090
Victor Sá,Brazil 1.,2026,São Paulo,"RW, RB",32,2000000,2029-12-31,3,61,0,0.0,0,0.0,Brazil,Brazil,right,178,no,2.95,2.95,0.0,7.38,20.0,0.0,6.67,0.0,0.0,0.0,0,0.0,0.0,0.0,1.48,100.0,2.95,50.0,7.38,20.0,0.0,1.48,0.0,28.03,89.47,2.95,50.0,1.48,100.0,0.0,0.0,0.0,1.48,100.0,0.0,0.0,0.0,2.95,50.0,,,0.0,0.0,,,,331028
Luiz Felipe,Brazil 1.,2026,Internacional,LB,20,0,,2,60,0,0.0,0,0.28,Brazil,Brazil,unknown,0,no,10.5,6.0,75.0,1.5,100.0,0.0,12.0,0.0,0.0,0.0,0,0.0,0.0,0.0,7.5,40.0,1.5,0.0,4.5,0.0,0.0,3.0,0.0,21.0,50.0,9.0,66.67,7.5,40.0,0.43,0.0,1.5,3.0,50.0,4.5,33.33,0.0,10.5,71.43,,,0.0,0.0,,,,-457027
Giovanni Pavani,Brazil 1.,2026,Remo,RDMF,29,0,2026-12-31,2,57,0,0.01,0,0.0,Brazil,Brazil,right,178,no,4.74,7.89,40.0,4.74,66.67,0.0,3.33,0.0,0.02,0.0,1,1.58,0.0,0.0,0.0,0.0,1.58,0.0,6.32,25.0,0.0,0.0,0.0,64.74,97.56,22.11,100.0,0.0,0.0,0.0,0.0,0.0,4.74,100.0,0.0,0.0,0.0,3.16,100.0,,,0.0,0.0,,,,434771
B. Ocampo,Brazil 1.,2026,Coritiba,"RDMF, LDMF, AMF",27,900000,2029-06-30,3,56,0,0.08,0,0.1,Uruguay,Uruguay,right,172,no,6.43,8.04,80.0,6.43,100.0,0.0,0.0,0.0,0.12,0.0,1,1.61,0.0,0.0,9.64,33.33,6.43,75.0,19.29,41.67,1.61,0.0,0.0,36.96,73.91,3.21,50.0,1.61,0.0,0.17,0.0,1.61,0.0,0.0,9.64,33.33,1.61,4.82,100.0,,,0.0,0.0,,,,-38472
Isaac,Brazil 1.,2026,Athletico Paranaense,"AMF, CF",22,0,2027-12-31,3,55,0,0.0,0,0.0,Brazil,Brazil,right,170,no,8.18,6.55,75.0,6.55,75.0,0.0,4.29,0.0,0.0,0.0,0,0.0,0.0,0.0,1.64,100.0,6.55,25.0,13.09,25.0,1.64,0.0,0.0,11.45,71.43,0.0,0.0,0.0,0.0,0.0,0.0,0.0,0.0,0.0,3.27,100.0,1.64,1.64,100.0,,,0.0,0.0,,,,-344843
Lucas Silva,Brazil 1.,2026,Vitória,"LCMF, RW, LB",26,1000000,2026-12-31,4,54,0,0.0,0,0.0,Brazil,Brazil,right,182,no,3.33,3.33,100.0,3.33,100.0,0.0,0.0,0.0,0.0,0.0,0,0.0,0.0,0.0,1.67,0.0,5.0,33.33,11.67,28.57,1.67,0.0,0.0,15.0,77.78,0.0,0.0,0.0,0.0,0.0,0.0,0.0,0.0,0.0,0.0,0.0,0.0,1.67,0.0,,,0.0,0.0,,,,480921
Rafael Gonzaga,Brazil 1.,2026,Santos,LB,18,0,,1,52,0,0.0,0,0.06,Brazil,Brazil,,181,no,10.38,10.38,66.67,1.73,100.0,0.0,2.5,0.0,0.0,0.0,0,0.0,0.0,0.0,5.19,33.33,0.0,0.0,0.0,0.0,0.0,0.0,0.0,38.08,77.27,15.58,77.78,8.65,40.0,0.11,0.0,1.73,8.65,40.0,6.92,25.0,0.0,6.92,100.0,,,0.0,0.0,,,,-590608
JP,Brazil 1.,2026,Vasco da Gama,"RDMF, DMF",21,0,2027-12-31,2,52,0,0.04,0,0.0,Brazil,Brazil,right,176,no,8.65,10.38,50.0,8.65,20.0,0.0,6.0,0.0,0.06,0.0,1,1.73,0.0,0.0,0.0,0.0,3.46,100.0,5.19,66.67,0.0,0.0,0.0,24.23,57.14,12.12,85.71,5.19,33.33,0.0,0.0,0.0,6.92,50.0,0.0,0.0,0.0,3.46,100.0,,,0.0,0.0,,,,-362954
J. Hernández,Brazil 1.,2026,Botafogo,LB,20,0,2026-12-31,1,51,0,0.0,0,0.0,Colombia,Colombia,left,0,no,5.29,3.53,100.0,3.53,50.0,0.0,2.5,0.0,0.0,0.0,0,0.0,0.0,0.0,1.76,0.0,0.0,0.0,1.76,0.0,0.0,0.0,0.0,30.0,88.24,7.06,75.0,1.76,100.0,0.0,0.0,0.0,0.0,0.0,1.76,0.0,0.0,5.29,66.67,,,0.0,0.0,,,,-432244
Benedetti,Brazil 1.,2026,Palmeiras,"CB, RW",20,0,2029-12-31,2,51,0,0.0,0,0.0,Brazil,Brazil,unknown,0,no,1.76,1.76,0.0,1.76,0.0,0.0,2.31,0.0,0.0,0.0,0,0.0,0.0,0.0,0.0,0.0,0.0,0.0,0.0,0.0,0.0,0.0,0.0,0.0,0.0,0.0,0.0,0.0,0.0,0.0,0.0,0.0,0.0,0.0,0.0,0.0,0.0,0.0,0.0,,,0.0,0.0,,,,-423631
Ythallo,Brazil 1.,2026,Botafogo,RCB,21,0,2027-12-31,1,50,0,0.0,0,0.0,Brazil,Brazil,,0,no,12.6,10.8,66.67,1.8,100.0,0.0,6.0,0.0,0.0,0.0,0,0.0,0.0,0.0,0.0,0.0,0.0,0.0,0.0,0.0,0.0,0.0,0.0,39.6,63.64,18.0,30.0,9.0,20.0,0.0,0.0,0.0,1.8,0.0,0.0,0.0,0.0,9.0,0.0,,,0.0,0.0,,,,-176069
José Breno,Brazil 1.,2026,Vitória,"RCMF, DMF, CB",22,0,2028-12-31,2,48,0,0.0,0,0.0,Brazil,Brazil,,0,no,5.63,5.63,33.33,1.88,100.0,0.0,5.45,0.0,0.0,0.0,0,0.0,0.0,0.0,0.0,0.0,0.0,0.0,1.88,0.0,0.0,0.0,0.0,16.88,88.89,1.88,100.0,1.88,0.0,0.0,0.0,0.0,1.88,100.0,0.0,0.0,0.0,0.0,0.0,,,0.0,0.0,,,,-176384
David Martins,Brazil 1.,2026,Bahia,"RDMF, DMF, AMF",18,0,,3,47,0,0.0,0,0.15,Brazil,Brazil,unknown,0,no,1.91,1.91,100.0,1.91,100.0,0.0,0.0,0.0,0.0,0.0,0,0.0,0.0,0.0,0.0,0.0,0.0,0.0,7.66,25.0,1.91,1.91,1.91,42.13,95.45,22.98,100.0,1.91,100.0,0.29,0.0,3.83,3.83,100.0,1.91,100.0,3.83,5.74,100.0,,,0.0,0.0,,,,-457211
Roger,Brazil 1.,2026,Grêmio,RWF,18,0,2028-12-31,2,46,0,0.04,0,0.35,Brazil,Brazil,unknown,0,no,1.96,5.87,33.33,0.0,0.0,0.0,0.0,0.0,0.07,0.0,1,1.96,100.0,0.0,7.83,25.0,9.78,20.0,11.74,16.67,3.91,1.96,0.0,23.48,75.0,1.96,0.0,1.96,100.0,0.68,0.0,1.96,0.0,0.0,3.91,0.0,0.0,1.96,100.0,,,0.0,0.0,,,,-566023
Igor Cariús,Brazil 1.,2026,Mirassol,RB,33,400000,2026-12-31,1,46,0,0.0,0,0.0,Brazil,Brazil,left,184,yes,3.91,5.87,66.67,5.87,100.0,0.0,0.0,0.0,0.0,0.0,0,0.0,0.0,0.0,1.96,0.0,0.0,0.0,1.96,100.0,1.96,0.0,0.0,15.65,62.5,3.91,0.0,0.0,0.0,0.0,0.0,0.0,0.0,0.0,0.0,0.0,0.0,0.0,0.0,,,0.0,0.0,,,,335827
Paulo Roberto,Brazil 1.,2026,Coritiba,CF,21,0,2027-12-31,2,45,1,0.09,0,0.0,Brazil,Brazil,unknown,0,no,6.0,8.0,75.0,2.0,0.0,0.0,0.0,2.0,0.18,0.0,1,2.0,100.0,100.0,0.0,0.0,0.0,0.0,12.0,16.67,4.0,4.0,0.0,12.0,83.33,2.0,100.0,0.0,0.0,0.0,0.0,0.0,2.0,100.0,2.0,0.0,2.0,2.0,100.0,,,0.0,0.0,,,,-270902
S. Moreno,Brazil 1.,2026,Fluminense,"RAMF, LAMF",26,2500000,2029-12-31,3,44,0,0.0,0,0.01,Colombia,Colombia,right,173,yes,,,,,,,0.0,,,,0,,,0.0,,,,,,,,,,,,,,,,,,,,,,,,,,,,0.0,,,,,-119493
Eduardo Melo,Brazil 1.,2026,Remo,CF,25,100000,2026-12-31,1,42,0,0.0,0,0.12,Brazil,Brazil,right,185,no,,,,,,,5.0,,,,0,,,0.0,,,,,,,,,,,,,,,,,,,,,,,,,,,,0.0,,,,,-165834
GB,Brazil 1.,2026,Vasco da Gama,"AMF, RCMF, LDMF",21,0,2028-12-31,2,41,0,0.0,0,0.0,Brazil,Brazil,right,190,yes,,,,,,,0.0,,,,0,,,0.0,,,,,,,,,,,,,,,,,,,,,,,,,,,,0.0,,,,,-315525
B. Cufré,Brazil 1.,2026,Remo,LB,29,1500000,2026-12-31,1,40,0,0.0,0,0.0,Argentina,Argentina,left,178,no,,,,,,,6.67,,,,0,,,0.0,,,,,,,,,,,,,,,,,,,,,,,,,,,,0.0,,,,,424530
Davi Gomes,Brazil 1.,2026,Red Bull Bragantino,"RAMF, AMF",21,0,2030-03-31,2,39,0,0.43,0,0.01,Brazil,Brazil,right,174,no,,,,,,,0.0,,,,4,,,0.0,,,,,,,,,,,,,,,,,,,,,,,,,,,,0.0,,,,,-499137
Vitor Ramon,Brazil 1.,2026,Grêmio,RWB,18,0,,1,38,0,0.0,0,0.0,Brazil,Brazil,unknown,0,no,,,,,,,3.33,,,,0,,,0.0,,,,,,,,,,,,,,,,,,,,,,,,,,,,0.0,,,,,-458556
Chris Ramos,Brazil 1.,2026,Botafogo,"CF, LCB",29,4000000,2028-06-30,3,38,0,0.34,0,0.0,Spain,"Spain, United States",right,190,no,,,,,,,10.0,,,,2,,,0.0,,,,,,,,,,,,,,,,,,,,,,,,,,,,0.0,,,,,507390
João Costa,Brazil 1.,2026,Cruzeiro,RAMF,21,0,,1,37,0,0.0,0,0.1,Brazil,"Brazil, Portugal",left,178,no,,,,,,,5.0,,,,0,,,0.0,,,,,,,,,,,,,,,,,,,,,,,,,,,,0.0,,,,,-297853
Wesley,Brazil 1.,2026,Cruzeiro,LAMF,21,0,2028-06-30,1,37,1,0.14,0,0.0,Brazil,Brazil,right,180,no,,,,,,,10.0,,,,2,,,50.0,,,,,,,,,,,,,,,,,,,,,,,,,,,,0.0,,,,,-337032
T. Rincón,Brazil 1.,2026,Santos,"RCMF, LDMF",38,300000,,2,35,0,0.0,0,0.0,Venezuela,Venezuela,right,177,no,,,,,,,3.33,,,,0,,,0.0,,,,,,,,,,,,,,,,,,,,,,,,,,,,0.0,,,,,52645
João Vitor,Brazil 1.,2026,Athletico Paranaense,RCB,22,0,2028-12-31,1,35,0,0.0,0,0.0,Brazil,Brazil,right,189,yes,,,,,,,9.0,,,,0,,,0.0,,,,,,,,,,,,,,,,,,,,,,,,,,,,0.0,,,,,-401998
K. Vargas,Brazil 1.,2026,Athletico Paranaense,"RWF, LWF",24,0,2030-06-30,1,35,0,0.0,0,0.13,Colombia,Colombia,right,180,no,,,,,,,3.0,,,,0,,,0.0,,,,,,,,,,,,,,,,,,,,,,,,,,,,0.0,,,,,-272686
F. Rossi,Brazil 1.,2026,Chapecoense,LAMF,24,0,2028-12-31,1,35,0,0.28,0,0.0,Uruguay,Uruguay,unknown,179,yes,,,,,,,0.0,,,,2,,,0.0,,,,,,,,,,,,,,,,,,,,,,,,,,,,0.0,,,,,-428233
Heittor,Brazil 1.,2026,Palmeiras,CF,18,0,2029-06-30,2,34,0,0.0,0,0.0,Brazil,Brazil,unknown,0,no,,,,,,,0.0,,,,0,,,0.0,,,,,,,,,,,,,,,,,,,,,,,,,,,,0.0,,,,,-457403
Igor Rabello,Brazil 1.,2026,Fluminense,LCB,31,2000000,2027-12-31,1,34,0,0.02,0,0.0,Brazil,Brazil,right,190,no,,,,,,,4.29,,,,1,,,0.0,,,,,,,,,,,,,,,,,,,,,,,,,,,,0.0,,,,,383067
F. Catarozzi,Brazil 1.,2026,Remo,CF,26,450000,2026-12-31,1,33,0,0.0,0,0.0,Uruguay,Uruguay,left,179,no,,,,,,,0.0,,,,0,,,0.0,,,,,,,,,,,,,,,,,,,,,,,,,,,,0.0,,,,,-214946
Perotti,Brazil 1.,2026,Chapecoense,CF,28,1200000,2026-11-30,2,33,0,0.0,0,0.0,Brazil,Brazil,left,186,no,,,,,,,3.0,,,,0,,,0.0,,,,,,,,,,,,,,,,,,,,,,,,,,,,0.0,,,,,433625
Rodrigo Rodrigues,Brazil 1.,2026,Coritiba,CF,30,1000000,2027-06-30,1,33,0,0.0,0,0.0,Brazil,Brazil,right,191,no,,,,,,,0.0,,,,0,,,0.0,,,,,,,,,,,,,,,,,,,,,,,,,,,,0.0,,,,,438543
Nadson,Brazil 1.,2026,Santos,RAMF,17,0,,1,32,0,0.12,0,0.18,Brazil,Brazil,unknown,0,no,,,,,,,3.0,,,,1,,,0.0,,,,,,,,,,,,,,,,,,,,,,,,,,,,0.0,,,,,-594149
Tiago,Brazil 1.,2026,Grêmio,LCMF,18,0,2027-07-13,1,31,0,0.0,0,0.0,Brazil,Brazil,unknown,0,no,,,,,,,0.0,,,,0,,,0.0,,,,,,,,,,,,,,,,,,,,,,,,,,,,0.0,,,,,-457272
Dodô,Brazil 1.,2026,Remo,LDMF,31,750000,2026-12-31,1,30,0,0.0,0,0.01,Brazil,Brazil,right,176,yes,,,,,,,12.0,,,,0,,,0.0,,,,,,,,,,,,,,,,,,,,,,,,,,,,0.0,,,,,303918
Andrey Fernandes,Brazil 1.,2026,Vasco da Gama,CF,18,0,,1,28,0,0.08,0,0.0,Brazil,Brazil,unknown,0,no,,,,,,,0.0,,,,1,,,0.0,,,,,,,,,,,,,,,,,,,,,,,,,,,,0.0,,,,,-573061
Davi Fernandes,Brazil 1.,2026,Santos,"RW, RB",18,0,,2,28,0,0.0,0,0.0,Brazil,Brazil,unknown,0,no,,,,,,,6.67,,,,0,,,0.0,,,,,,,,,,,,,,,,,,,,,,,,,,,,0.0,,,,,-688287
Bruno Lopes,Brazil 1.,2026,Vasco da Gama,AMF,19,0,2029-01-31,1,27,0,0.08,0,0.0,Brazil,Brazil,,0,no,,,,,,,20.0,,,,2,,,0.0,,,,,,,,,,,,,,,,,,,,,,,,,,,,0.0,,,,,-442888
Paulinho,Brazil 1.,2026,Botafogo,LB,31,1000000,,1,27,0,0.0,0,0.16,Brazil,Brazil,left,178,no,,,,,,,15.0,,,,0,,,0.0,,,,,,,,,,,,,,,,,,,,,,,,,,,,0.0,,,,,329221
Osvaldo,Brazil 1.,2026,Vitória,"LW, LCMF",39,175000,,2,27,0,0.03,0,0.0,Brazil,Brazil,right,169,no,,,,,,,6.0,,,,1,,,0.0,,,,,,,,,,,,,,,,,,,,,,,,,,,,0.0,,,,,79694
Nicolás Ferreira,Brazil 1.,2026,Remo,"RAMF, LAMF",24,0,2027-06-30,1,26,0,0.01,0,0.0,Uruguay,Uruguay,right,170,yes,,,,,,,3.33,,,,1,,,0.0,,,,,,,,,,,,,,,,,,,,,,,,,,,,0.0,,,,,-329706
R. Monti,Brazil 1.,2026,Remo,CF,26,0,2028-12-31,1,26,0,0.0,0,0.0,Argentina,Argentina,,0,yes,,,,,,,0.0,,,,0,,,0.0,,,,,,,,,,,,,,,,,,,,,,,,,,,,0.0,,,,,-123323
Kassio,Brazil 1.,2026,Chapecoense,LAMF,20,0,,1,25,0,0.0,0,0.0,Brazil,Brazil,unknown,0,no,,,,,,,7.5,,,,0,,,0.0,,,,,,,,,,,,,,,,,,,,,,,,,,,,0.0,,,,,-549044
Enzo Vagner,Brazil 1.,2026,Coritiba,CF,19,0,2027-12-31,1,24,0,0.11,0,0.0,Brazil,Brazil,unknown,0,no,,,,,,,7.5,,,,1,,,0.0,,,,,,,,,,,,,,,,,,,,,,,,,,,,0.0,,,,,-423827
Hugo Leonardo,Brazil 1.,2026,São Paulo,RCMF,22,0,2028-12-31,1,24,0,0.0,0,0.0,Brazil,Brazil,unknown,0,no,,,,,,,10.0,,,,0,,,0.0,,,,,,,,,,,,,,,,,,,,,,,,,,,,0.0,,,,,-402013
Ruan Pablo,Brazil 1.,2026,Bahia,CF,18,0,2030-12-31,1,23,0,0.0,0,0.0,Brazil,Brazil,both,183,no,,,,,,,0.0,,,,0,,,0.0,,,,,,,,,,,,,,,,,,,,,,,,,,,,0.0,,,,,-477654
João Bezerra,Brazil 1.,2026,Internacional,AMF,17,0,2030-12-31,2,22,0,0.09,0,0.0,Brazil,Brazil,unknown,0,no,,,,,,,0.0,,,,1,,,0.0,,,,,,,,,,,,,,,,,,,,,,,,,,,,0.0,,,,,-689142
Robert,Brazil 1.,2026,Chapecoense,RW,22,0,2027-12-31,1,21,0,0.0,0,0.0,Brazil,Brazil,left,180,yes,,,,,,,8.57,,,,0,,,0.0,,,,,,,,,,,,,,,,,,,,,,,,,,,,0.0,,,,,-258099
Breno,Brazil 1.,2026,Red Bull Bragantino,RB,18,0,,2,21,0,0.0,0,0.0,Brazil,Brazil,unknown,0,no,,,,,,,5.0,,,,0,,,0.0,,,,,,,,,,,,,,,,,,,,,,,,,,,,0.0,,,,,-669130
Wesley Natã,Brazil 1.,2026,Fluminense,LW,18,0,,1,20,0,0.0,0,0.0,Brazil,Brazil,,0,no,,,,,,,30.0,,,,0,,,0.0,,,,,,,,,,,,,,,,,,,,,,,,,,,,0.0,,,,,-479438
Felipe Negrucci,Brazil 1.,2026,São Paulo,LDMF,22,0,2029-12-31,1,19,0,0.0,0,0.0,Brazil,Brazil,right,179,yes,,,,,,,7.5,,,,0,,,0.0,,,,,,,,,,,,,,,,,,,,,,,,,,,,0.0,,,,,-176060
Rhuan Gabriel,Brazil 1.,2026,Cruzeiro,AMF,20,0,2029-12-31,1,19,0,0.0,0,0.0,Brazil,Brazil,right,0,no,,,,,,,0.0,,,,0,,,0.0,,,,,,,,,,,,,,,,,,,,,,,,,,,,0.0,,,,,-399771
Lucas Freitas,Brazil 1.,2026,Vasco da Gama,"RCMF, LB",25,450000,2027-12-31,2,19,0,0.0,0,0.09,Brazil,"Brazil, Portugal",left,184,no,,,,,,,0.0,,,,0,,,0.0,,,,,,,,,,,,,,,,,,,,,,,,,,,,0.0,,,,,-120102
Pradella,Brazil 1.,2026,Santos,CF,18,0,,1,18,0,0.0,0,0.0,Brazil,Brazil,right,185,no,,,,,,,0.0,,,,0,,,0.0,,,,,,,,,,,,,,,,,,,,,,,,,,,,0.0,,,,,-590612
Gabriel Menegon,Brazil 1.,2026,Grêmio,GK,17,0,,1,17,0,0.0,0,0.0,Brazil,Brazil,unknown,0,no,,,,,,,0.0,,,,0,,,0.0,,,,,,,,,,,,,,,,,,,,,,,,,,,,100.0,,0.43,,,-594075
Luiz Fernando,Brazil 1.,2026,Athletico Paranaense,LW,29,0,2027-12-31,1,17,0,0.0,0,0.0,Brazil,Brazil,right,178,no,,,,,,,4.29,,,,0,,,0.0,,,,,,,,,,,,,,,,,,,,,,,,,,,,0.0,,,,,395693
Alex Santana,Brazil 1.,2026,Corinthians,LDMF,31,2000000,2027-12-31,1,17,0,0.0,0,0.0,Brazil,"Brazil, Bulgaria",right,182,no,,,,,,,15.0,,,,0,,,0.0,,,,,,,,,,,,,,,,,,,,,,,,,,,,0.0,,,,,318534
Lukas Zuccarello,Brazil 1.,2026,Vasco da Gama,RAMF,19,0,2028-12-31,1,17,0,0.0,0,0.0,Brazil,Brazil,unknown,0,no,,,,,,,0.0,,,,1,,,0.0,,,,,,,,,,,,,,,,,,,,,,,,,,,,0.0,,,,,-423589
Calebe,Brazil 1.,2026,Internacional,CF,26,2500000,2028-12-31,1,17,0,0.0,0,0.0,Brazil,Brazil,left,173,yes,,,,,,,0.0,,,,0,,,0.0,,,,,,,,,,,,,,,,,,,,,,,,,,,,0.0,,,,,503215
Kaua Prates,Brazil 1.,2026,Cruzeiro,LB,17,0,2027-12-31,1,16,0,0.0,0,0.0,Brazil,Brazil,unknown,0,no,,,,,,,15.0,,,,0,,,0.0,,,,,,,,,,,,,,,,,,,,,,,,,,,,0.0,,,,,-567076
Marquinhos,Brazil 1.,2026,Botafogo,RDMF,19,0,,1,16,0,0.0,0,0.0,Brazil,Brazil,,0,no,,,,,,,0.0,,,,0,,,0.0,,,,,,,,,,,,,,,,,,,,,,,,,,,,0.0,,,,,-442887
Riquelme Avellar,Brazil 1.,2026,Vasco da Gama,LB,20,0,,1,15,0,0.0,0,0.0,Brazil,Brazil,unknown,0,no,,,,,,,7.5,,,,0,,,0.0,,,,,,,,,,,,,,,,,,,,,,,,,,,,0.0,,,,,-423593
Lawan Kennyd,Brazil 1.,2026,Vitória,CF,21,0,2027-12-31,1,14,0,0.0,0,0.0,Brazil,Brazil,right,180,no,,,,,,,0.0,,,,0,,,0.0,,,,,,,,,,,,,,,,,,,,,,,,,,,,0.0,,,,,-347420
Caio Suassuna,Brazil 1.,2026,Bahia,CF,19,0,,1,14,0,0.0,0,0.11,Brazil,Brazil,right,184,no,,,,,,,60.0,,,,0,,,0.0,,,,,,,,,,,,,,,,,,,,,,,,,,,,0.0,,,,,-562756
Vanderlan,Brazil 1.,2026,Red Bull Bragantino,LB,23,4000000,2030-12-31,1,14,0,0.0,0,0.0,Brazil,Brazil,left,184,no,,,,,,,15.0,,,,0,,,0.0,,,,,,,,,,,,,,,,,,,,,,,,,,,,0.0,,,,,-132287
Jhuan,Brazil 1.,2026,Red Bull Bragantino,LAMF,19,0,,1,13,0,0.02,0,0.0,Brazil,Brazil,unknown,0,no,,,,,,,0.0,,,,1,,,0.0,,,,,,,,,,,,,,,,,,,,,,,,,,,,0.0,,,,,-587889
Mateus Xavier,Brazil 1.,2026,Santos,RAMF,19,0,2028-12-31,1,13,0,0.0,0,0.0,Brazil,Brazil,unknown,0,no,,,,,,,0.0,,,,0,,,0.0,,,,,,,,,,,,,,,,,,,,,,,,,,,,0.0,,,,,-457425
Danilo,Brazil 1.,2026,Botafogo,RW,27,6000000,2028-05-31,1,13,0,0.01,0,0.01,Brazil,Brazil,right,174,yes,,,,,,,90.0,,,,1,,,0.0,,,,,,,,,,,,,,,,,,,,,,,,,,,,0.0,,,,,508820
Jefinho,Brazil 1.,2026,Grêmio,RCMF,19,0,,1,12,0,0.0,0,0.04,Brazil,Brazil,unknown,0,no,,,,,,,0.0,,,,0,,,0.0,,,,,,,,,,,,,,,,,,,,,,,,,,,,0.0,,,,,-399809
Lima,Brazil 1.,2026,Fluminense,LDMF,30,3000000,2027-12-31,1,12,0,0.0,0,0.0,Brazil,Brazil,right,181,yes,,,,,,,0.0,,,,0,,,0.0,,,,,,,,,,,,,,,,,,,,,,,,,,,,0.0,,,,,415615
Luiz Otávio,Brazil 1.,2026,Mirassol,LCB,33,900000,2026-12-31,1,11,0,0.0,0,0.0,Brazil,Brazil,right,194,no,,,,,,,0.0,,,,0,,,0.0,,,,,,,,,,,,,,,,,,,,,,,,,,,,0.0,,,,,328076
J. Rivaldo,Brazil 1.,2026,Athletico Paranaense,CF,22,0,2030-06-30,1,11,0,0.0,0,0.0,Colombia,Colombia,right,189,no,,,,,,,0.0,,,,0,,,0.0,,,,,,,,,,,,,,,,,,,,,,,,,,,,0.0,,,,,-384732
