"Player","League","Team","Position","Age","Market value","Contract expires","Matches played","Minutes played","Goals","xG","Assists","xA","Birth country","Foot","Height","On loan","Successful defensive actions per 90","Defensive duels per 90","Defensive duels won, %","Aerial duels per 90","Aerial duels won, %","Shots blocked per 90","PAdj Interceptions","Non-penalty goals per 90","xG per 90","Head goals per 90","Shots","Shots per 90","Shots on target, %","Goal conversion, %","Crosses per 90","Accurate crosses, %","Dribbles per 90","Successful dribbles, %","Offensive duels per 90","Offensive duels won, %","Touches in box per 90","Progressive runs per 90","Accelerations per 90","Passes per 90","Accurate passes, %","Forward passes per 90","Accurate forward passes, %","Long passes per 90","Accurate long passes, %","xA per 90","Smart passes per 90","Key passes per 90","Passes to final third per 90","Accurate passes to final third, %","Passes to penalty area per 90","Accurate passes to penalty area, %","Deep completions per 90","Progressive passes per 90","Accurate progressive passes, %","Conceded goals per 90","Shots against per 90","Save rate, %","xG against per 90","Prevented goals","Prevented goals per 90","Exits per 90"
"W. Sonne","Denmark 2.","Brøndby U19","GK","19","0","","25","2443","0","0","0","0","Denmark","unknown","0","no","2.39","0.15","50","0.44","83.33","0","3.17","0","0","0","0","0","0","0","0","0","0","0","0.04","0","0","0","0","35.92","86.05","17.76","74.69","8.22","49.33","0","0","0","1.92","34.62","0.18","20","0.04","6.23","55.62","1.51","5.38","71.92","1.66","4.13","0.152","1.58"
"A. Amrani","Denmark 2.","OB U19","LCB, LB","17","0","2027-06-30","25","2409","4","3","2","1.12","Denmark","unknown","0","no","7.25","4.93","68.94","3.44","61.96","0.45","4.72","0.15","0.11","0.11","20","0.75","45","20","0.15","50","0.52","85.71","3.7","49.49","1.01","0.93","0","63.06","91.23","23.24","83.44","4.86","49.23","0.04","0.07","0.19","7.47","76","0.78","28.57","0.19","9.38","77.69","","","0","0","","",""
"M. Pimpong","Denmark 2.","Midtjylland U19","CF","18","0","2027-06-30","23","2168","16","14.78","4","2.48","Denmark","unknown","0","no","3.03","2.45","54.24","6.48","43.59","0.12","2.12","0.58","0.61","0.25","89","3.69","59.55","17.978","0.25","50","2.32","42.86","10.25","28.34","5.56","0.79","0","17.39","79","2.95","60.56","0.54","76.92","0.1","0","0.42","1.25","66.67","0.91","77.27","1.12","1.45","74.29","","","0","0","","",""
"M. Tuka","Denmark 2.","Nordsjælland U19","LCB, LB","18","0","2030-12-31","23","2134","1","0.31","1","0.73","Sweden","unknown","0","no","8.1","5.82","74.64","2.02","58.33","0.34","4.98","0.04","0.01","0","8","0.34","50","12.5","0.3","14.29","0.84","60","4.6","47.71","0.17","1.35","0.13","77.35","92.04","25.05","82.49","5.82","56.52","0.03","0","0.08","11.51","80.22","1.64","48.72","0.72","11.72","81.29","","","0","0","","",""
"O. Vestergaard","Denmark 2.","Randers U19","GK","18","0","2026-06-30","22","2122","0","0","0","0","Denmark","","0","no","2.12","0.13","66.67","0.59","85.71","0","2.15","0","0","0","0","0","0","0","0","0","0","0","0","0","0","0","0","28.46","83.16","13.66","68.94","8.82","54.33","0","0","0","1.1","26.92","0.04","0","0","6.91","49.69","2.33","5.94","60.71","1.74","-13.92","-0.59","1.78"
"M. Kruse","Denmark 2.","Esbjerg U19","LCMF, RCMF","18","0","","22","2110","6","4.59","2","1.53","Denmark","unknown","0","no","6.14","4.95","65.52","1.19","57.14","0.04","2.85","0.17","0.2","0.04","34","1.45","44.12","17.647","0.98","47.83","1.88","52.27","7.59","41.01","2.3","1.41","0.09","29.3","83.11","7.59","67.42","2.56","58.33","0.07","0","0.38","3.11","65.75","1.45","67.65","0.77","3.67","65.12","","","0","0","","",""
"C. Risom","Denmark 2.","Silkeborg U19","GK","19","0","2026-06-30","22","2100","0","0","0","0","Denmark","unknown","0","no","2.49","0.39","55.56","0.51","91.67","0.04","2.29","0","0","0","0","0","0","0","0","0","0.04","100","0.13","100","0","0","0","37.03","90.51","17.74","82.85","7.54","62.5","0","0","0","1.67","33.33","0.13","0","0","6.13","67.83","1.59","4.46","64.42","1.17","-9.77","-0.419","1.84"
"A. Kristiansen","Denmark 2.","Esbjerg U19","DMF","17","0","","22","2090","2","0.8","3","2.22","Denmark","unknown","0","no","10.21","6.76","67.52","1.12","42.31","0.3","5.36","0.09","0.03","0","18","0.78","11.11","11.111","0.78","50","1.03","50","3.92","41.76","0.39","0.78","0.04","52.84","84.43","17.27","69.83","5.77","57.46","0.1","0.09","0.43","8.35","72.16","1.42","42.42","0.34","8.31","69.43","","","0","0","","",""
"L. Mandal Andersen","Denmark 2.","Sønderjyske U19","RCMF, RDMF, DMF","19","0","","22","2022","0","1.19","1","2.13","Denmark","","0","no","7.66","5.07","65.79","0.89","60","0.18","4.79","0","0.05","0","24","1.07","16.67","0","1.38","22.58","0.67","86.67","2.4","42.59","1.29","0.49","0.09","45.36","80.18","15.31","64.53","5.79","44.62","0.09","0.22","0.27","7.48","66.07","2.98","43.28","1.02","6.72","66.23","","","0","0","","",""
"O. Einarsson Morales","Denmark 2.","Esbjerg U19","LCB","19","0","","22","2013","0","0.29","1","0.54","Iceland","unknown","0","no","7.82","4.43","65.66","2.82","52.38","0.63","4.85","0","0.01","0","4","0.18","25","0","0.4","33.33","0.09","50","0.85","31.58","0.76","0.4","0","54.77","82.94","24.55","70.49","11.54","46.9","0.02","0","0.04","9.25","59.9","0.94","33.33","0.36","12.79","73.08","","","0","0","","",""
"G. Ruby-Johansen","Denmark 2.","Brøndby U19","LCB, RCB","17","0","2028-06-30","22","2003","1","1.47","0","0.15","Denmark","unknown","0","no","7.95","5.62","64.8","2.65","54.24","0.45","5.25","0.04","0.07","0.04","9","0.4","44.44","11.111","0.36","25","0.13","66.67","1.57","45.71","0.94","1.17","0","69.15","90.06","29.57","83.13","6.43","53.85","0.01","0","0.04","10.38","77.49","0.81","38.89","0.31","11.77","72.9","","","0","0","","",""
"M. Bjerregaard","Denmark 2.","Horsens U19","LCMF, DMF, RCMF","17","0","","23","1972","0","0.69","0","0.12","Denmark","unknown","0","no","8.17","7.07","67.74","1.32","65.52","0.32","3.86","0","0.03","0","8","0.37","25","0","0.23","20","0.5","63.64","4.2","47.83","0.41","0.59","0.14","34","83.22","8.4","65.22","1.46","43.75","0.01","0","0","3.61","72.15","0.64","28.57","0.14","4.7","58.25","","","0","0","","",""
"V. Gaml","Denmark 2.","Randers U19","LW, LAMF, CF","18","0","","21","1955","6","5.66","1","2.81","Denmark","unknown","0","no","8.93","8.88","59.07","1.57","26.47","0.09","3.14","0.23","0.26","0","41","1.89","31.71","14.634","1.24","18.52","3.31","51.39","8.42","45.9","2.81","2.03","0.55","26.98","70.82","9.48","62.62","1.89","39.02","0.13","0.37","0.51","3.59","60.26","2.81","44.26","1.34","4.74","66.02","","","0","0","","",""
"S. Larsen","Denmark 2.","Brøndby U19","RCMF","17","0","","24","1955","2","2.33","1","0.88","Denmark","unknown","0","no","6.21","5.75","59.2","1.24","51.85","0.09","3.82","0.09","0.11","0.05","25","1.15","32","8","0.87","21.05","1.66","47.22","6.86","38.93","1.43","1.43","0.05","30.15","80.46","8.56","69.89","2.21","50","0.04","0.14","0.28","3.13","69.12","1.66","52.78","0.92","4.19","64.84","","","0","0","","",""
"N. Johansen","Denmark 2.","Brøndby U19","LW, CF, LAMF","18","0","2027-06-30","25","1940","5","4.83","1","1.55","Denmark","unknown","0","no","5.8","4.92","60.38","1.67","33.33","0.28","3.31","0.23","0.22","0.05","36","1.67","44.44","13.889","1.21","19.23","3.06","43.94","6.96","33.33","3.11","1.81","0.46","17.95","69.77","5.24","61.06","1.44","61.29","0.07","0","0.32","1.72","54.05","1.39","46.67","1.02","2.92","71.43","","","0","0","","",""
"M. Nielsen","Denmark 2.","Randers U19","RCMF, LCMF, LDMF","18","0","2027-06-30","20","1929","2","1.57","0","2.69","Denmark","","0","no","9.05","6.86","62.59","0.65","42.86","0.19","4.89","0.05","0.07","0","10","0.47","30","20","0.75","50","0.75","75","3.22","55.07","0.75","1.45","0.14","50.44","86.68","16.94","73.28","4.53","51.55","0.13","0.09","0.09","7.47","75.63","1.73","45.95","0.84","7.19","66.23","","","0","0","","",""
"M. Samson","Denmark 2.","AaB U19","LCB","18","0","2026-06-30","21","1920","0","0.46","1","0.35","Denmark","unknown","0","no","7.59","5.2","72.97","2.02","53.49","0.52","4.17","0","0.02","0","2","0.09","0","0","0","0","0.84","77.78","2.91","58.06","0.19","0.38","0","65.91","92.82","25.59","85.9","4.88","60.58","0.02","0","0.05","5.77","74.8","0.28","16.67","0.05","8.81","75.53","","","0","0","","",""
"E. Petersen","Denmark 2.","Sønderjyske U19","RB","17","0","","23","1871","1","1.09","2","0.87","Denmark","right","0","no","9","8.61","64.8","1.25","42.31","0.24","3.76","0.05","0.05","0","5","0.24","20","20","1.49","29.03","1.3","44.44","5.29","37.27","1.11","1.11","0","36.41","76.35","12.65","65.4","3.7","40.26","0.04","0","0.19","4.33","61.11","1.78","45.95","0.63","6.93","61.81","","","0","0","","",""
"J. Sigurðsson","Denmark 2.","Lyngby U19","CF","19","0","","20","1865","15","10.56","0","0.73","Iceland","unknown","0","no","3.86","3.04","74.6","6.13","44.88","0.05","1.66","0.48","0.51","0.1","54","2.61","57.41","27.778","0.39","37.5","1.88","48.72","9.7","33.83","3.28","1.59","0.1","10.52","66.97","2.9","45","0.58","16.67","0.04","0","0.24","1.79","51.35","0.87","11.11","0.39","1.59","57.58","","","0","0","","",""
"A. Klaster","Denmark 2.","Vejle U19","RCB, LCB","18","0","2026-06-30","21","1864","0","1.11","0","0.28","Denmark","unknown","0","no","9.61","5.12","66.04","2.9","66.67","1.01","6.89","0","0.05","0","9","0.43","22.22","0","0.05","100","0.14","66.67","1.45","53.33","0.72","0.34","0","58.42","87.52","22.55","73.45","6.23","49.61","0.01","0","0","5.12","55.66","0.53","9.09","0.05","8.74","59.67","","","0","0","","",""
"R. Helveg","Denmark 2.","OB U19","LB","19","0","2026-06-30","24","1863","1","1.1","2","3.04","Denmark","","0","no","7.58","8.02","60.84","2.51","40.38","0.1","3.25","0.05","0.05","0","10","0.48","10","10","2.37","36.73","1.16","50","4.25","44.32","1.01","1.5","0.24","38.36","78.21","12.71","61.98","5.85","42.98","0.15","0.05","0.39","4.78","52.53","2.46","43.14","0.34","6.96","66.67","","","0","0","","",""
"V. Dahl","Denmark 2.","Silkeborg U19","LCMF, DMF, RCMF","19","0","","21","1830","2","1","3","0.62","Denmark","unknown","0","no","7.13","6.64","60.74","0.54","36.36","0.1","2.91","0.1","0.05","0","13","0.64","30.77","15.385","0.64","23.08","0.84","52.94","4.92","33","0.89","1.97","0.3","61.87","88.87","15.84","76.4","3.1","60.32","0.03","0.15","0.15","6.44","78.63","1.92","53.85","0.89","6.49","68.94","","","0","0","","",""
"J. Jensen","Denmark 2.","Esbjerg U19","RCB","20","0","2027-06-30","20","1830","1","0.35","0","0.07","Denmark","unknown","0","no","9.98","5.95","66.94","3.49","42.25","0.93","5.94","0.05","0.02","0","5","0.25","20","20","0.25","20","0.15","100","1.97","52.5","0.3","0.54","0.05","61.18","84.57","25.92","75.71","8.46","46.51","0","0","0","6.93","62.41","0.74","26.67","0.2","11.75","62.34","","","0","0","","",""
"C. Seiger","Denmark 2.","Randers U19","LCB, CB","18","0","2027-06-30","21","1825","2","2.78","0","1.11","Denmark","unknown","0","no","7.45","4.04","68.29","4.04","68.29","0.79","4.75","0.1","0.14","0.05","14","0.69","21.43","14.286","0.15","0","0.2","100","1.18","58.33","1.13","0.2","0.05","45.86","86.56","17.26","74","5.38","50.46","0.05","0.05","0.05","4.14","52.38","0.59","25","0.25","6.81","54.35","","","0","0","","",""
"A. Aslani","Denmark 2.","Lyngby U19","RCMF, LCMF, LCB","18","0","2026-06-30","19","1819","0","1.02","0","0.17","North Macedonia","unknown","0","no","10.24","8.11","72.56","2.67","50","0.3","4.94","0","0.05","0","6","0.3","16.67","0","0.4","37.5","0.54","63.64","4.8","42.27","0.35","0.59","0","44.43","83.63","16.28","72.04","4.16","50","0.01","0.1","0","5.44","65.45","0.69","50","0.25","6.58","61.65","","","0","0","","",""
"C. Svart","Denmark 2.","Brøndby U19","RB, LB, RCMF","17","0","2027-06-30","23","1806","1","0.98","4","1.91","Denmark","unknown","0","no","9.87","8.42","63.31","1.1","40.91","0.15","6.07","0.05","0.05","0","5","0.25","80","20","1.5","50","1.05","52.38","4.88","39.8","1","2.54","0.35","54.97","78.6","20.23","63.79","5.83","40.17","0.1","0.15","0.4","10.17","64.22","3.04","52.46","1","10.07","75.25","","","0","0","","",""
"A. Yaz Ates","Denmark 2.","Randers U19","RB, RW","17","0","","21","1793","0","1.03","3","2.29","Denmark","unknown","0","no","10.89","10.89","62.67","2.61","42.31","0.2","4.24","0","0.05","0","10","0.5","50","0","3.11","35.48","1.66","69.7","4.82","51.04","1.46","2.01","0.25","29.26","70.67","11.44","62.28","2.91","46.55","0.12","0.1","0.6","3.46","57.97","3.16","39.68","0.75","6.37","62.2","","","0","0","","",""
"C. Jørgensen","Denmark 2.","Horsens U19","RCMF, LCMF","17","0","2027-06-30","20","1770","4","3.71","0","1.58","Denmark","unknown","0","no","10.37","9","63.84","1.83","36.11","0.31","5.05","0.2","0.19","0.05","39","1.98","28.21","10.256","0.97","31.58","2.75","50","9.05","42.13","2.24","1.53","0.2","24.71","75.93","7.58","56.38","2.59","45.1","0.08","0.2","0.25","4.02","59.49","1.63","37.5","0.46","3.92","67.53","","","0","0","","",""
"V. Gustafsen","Denmark 2.","Nordsjælland U19","RB","18","0","2028-06-30","21","1767","1","2.09","4","3.08","Denmark","right","0","no","7.03","6.32","65.32","2.09","56.1","0.1","3.69","0.05","0.11","0","19","0.97","26.32","5.263","2.95","29.31","1.78","62.86","7.03","46.38","3.16","2.39","0.15","48.49","81.41","11.66","61.57","2.55","22","0.16","0","0.66","4.43","47.13","3.01","49.15","1.32","5.86","62.61","","","0","0","","",""
"T. Nilsson","Denmark 2.","Lyngby U19","RCB","18","0","","19","1758","0","0.36","0","0.2","Denmark","","0","no","8.24","5.07","73.74","2.1","63.41","0.46","5.03","0","0.02","0","3","0.15","66.67","0","0.31","33.33","0.46","66.67","3.17","40.32","0.56","0.61","0.1","59.39","87.5","24.22","78.01","7.47","55.48","0.01","0","0","7.63","70.47","0.67","30.77","0.26","11.26","70","","","0","0","","",""
"G. Ejsing","Denmark 2.","AaB U19","RCMF, CF","19","0","","19","1749","5","5.79","6","5.01","Denmark","","0","no","5.66","5.2","57.43","0.72","28.57","0.1","2.76","0.26","0.3","0","53","2.73","35.85","9.434","1.96","34.21","1.6","41.94","4.94","34.38","3.14","0.72","0.1","34.43","74.59","11.68","59.47","3.45","44.78","0.26","0.26","1.03","4.27","56.63","2.78","48.15","1.13","6.07","60.17","","","0","0","","",""
"L. Andersen","Denmark 2.","OB U19","CF","19","0","","20","1749","14","9.75","3","2.41","Denmark","unknown","0","no","3.24","3.96","51.95","5.45","37.74","0","1.38","0.72","0.5","0","64","3.29","50","21.875","0.72","28.57","2.98","39.66","11.53","28.57","3.91","0.93","0.15","11.94","74.57","1.6","61.29","0.26","60","0.12","0.05","0.31","0.57","63.64","0.72","50","0.62","0.98","57.89","","","0","0","","",""
"M. Nasnas","Denmark 2.","København U19","RCMF, LCMF, LDMF","16","0","2028-12-31","22","1737","1","1.23","2","1.33","Denmark","unknown","0","no","8.5","6.11","74.58","1.14","27.27","0.26","5.02","0.05","0.06","0","14","0.73","14.29","7.143","0.47","22.22","0.67","46.15","2.85","41.82","0.41","0.98","0.05","60.62","89.83","17.62","80.88","3.06","52.54","0.07","0.16","0.26","9.43","81.32","1.81","40","0.78","8.29","82.5","","","0","0","","",""
"N. Gammelgaard","Denmark 2.","Vejle U19","LW, LAMF, CF","17","0","2028-12-31","21","1733","11","5.12","6","5.86","Denmark","right","0","no","4.15","4.52","63.22","0.57","18.18","0.05","1.41","0.52","0.27","0","56","2.91","58.93","19.643","2.49","37.5","5.5","64.15","12","45.02","2.65","3.48","0.36","32.3","72.03","9.71","59.36","3.69","47.89","0.3","0.31","1.04","4.41","57.65","4.15","47.5","1.66","7.58","70.55","","","0","0","","",""
"A. Drexel","Denmark 2.","Esbjerg U19","GK","18","0","2026-06-30","18","1733","0","0","0","0","Denmark","unknown","0","no","2.6","0.26","80","0.47","88.89","0","2.32","0","0","0","0","0","0","0","0","0","0","0","0.1","100","0","0","0","33.7","91.83","13.45","81.85","7.89","70.39","0","0","0","1.51","55.17","0.05","0","0","6.13","73.73","1.56","5.76","72.97","1.77","4.16","0.216","2.03"
"W. Møller","Denmark 2.","Silkeborg U19","LCB","18","0","2028-06-30","19","1727","1","1.87","0","0.07","Denmark","unknown","0","no","8.91","5.68","68.81","1.67","59.38","0.57","5.07","0.05","0.1","0.05","3","0.16","66.67","33.333","0.1","50","0.16","66.67","1.51","34.48","0.47","1.82","0.1","70.09","91.23","28.19","85.95","3.6","40.58","0","0","0.05","8.08","79.35","0.47","22.22","0.16","9.43","70.72","","","0","0","","",""
"S. Christoffersen","Denmark 2.","Silkeborg U19","LWF, RWF, CF","18","0","2026-06-30","21","1724","9","7.37","1","0.33","Denmark","","0","no","3.97","4.44","64.71","1.62","35.48","0","1.08","0.37","0.38","0","33","1.72","57.58","27.273","0.47","22.22","1.72","21.21","7.57","28.97","3.03","1.98","0.31","24.74","81.86","5.48","66.67","0.78","60","0.02","0.05","0.1","1.98","73.68","1.31","52","0.84","2.98","61.4","","","0","0","","",""
"D. Jóhannesson","Denmark 2.","Nordsjælland U19","RCMF, LCMF","19","0","","20","1684","7","5.59","2","2.76","Iceland","right","0","no","7.75","7.05","62.88","1.5","53.57","0.16","4.16","0.27","0.3","0","35","1.87","42.86","20","1.76","42.42","1.28","62.5","5.24","39.8","3.15","1.66","0.27","47.03","81.48","13.31","69.88","3.95","50","0.15","0.27","0.69","7.75","73.1","3.53","65.15","1.92","8.76","77.44","","","0","0","","",""
"G. Rubæk","Denmark 2.","AaB U19","RCB","18","0","","20","1676","0","0.58","1","0.1","Denmark","unknown","0","no","10.42","7.46","64.03","2.42","57.78","0.59","5.27","0","0.03","0","4","0.21","25","0","0.11","0","0.54","60","2.15","45","0.32","0.54","0.11","68.74","88.2","24.7","75.87","5.05","42.55","0.01","0","0.11","5.91","75.45","0.32","33.33","0.11","10.04","53.48","","","0","0","","",""
"A. Lund Jørgensen","Denmark 2.","Esbjerg U19","CF, LWF","18","0","2026-06-30","19","1660","7","7.23","2","1.17","Denmark","","0","no","4.28","4.77","60.23","2.55","29.79","0","1.36","0.38","0.39","0.05","37","2.01","59.46","18.919","1.68","12.9","2.87","45.28","9.49","32.57","3.8","2.22","0.43","18.22","78.57","3.2","69.49","0.43","62.5","0.06","0","0.38","0.87","62.5","2.06","52.63","1.14","1.57","75.86","","","0","0","","",""
"A. Lodberg","Denmark 2.","Midtjylland U19","RB, RCB","19","0","","18","1652","0","0.46","0","2.42","Denmark","","0","no","8.06","7.46","62.04","1.74","56.25","0.44","4.26","0","0.03","0","13","0.71","23.08","0","3.81","27.14","0.49","44.44","2.02","35.14","1.09","1.42","0.11","49.25","77.65","16.67","64.05","9.37","56.4","0.13","0","0.38","8.93","63.41","3.87","38.03","0.93","11.22","75.73","","","0","0","","",""
"M. Abrahamsen","Denmark 2.","OB U19","LW, CF","19","0","2026-06-30","21","1650","8","7.01","5","2.85","Denmark","","0","no","6.49","7.15","55.73","2.13","28.21","0","2.8","0.33","0.38","0","39","2.13","35.9","20.513","1.85","35.29","4.04","45.95","11.4","42.58","2.56","2.29","0.33","25.2","72.08","8.45","65.16","2.45","44.44","0.16","0.11","0.49","3.93","59.72","3.49","56.25","1.25","5.02","73.91","","","0","0","","",""
"M. Eskildsen","Denmark 2.","OB U19","GK","18","0","2028-06-30","17","1641","0","0.19","0","0","Denmark","unknown","0","no","2.58","0.22","50","0.6","81.82","0","3.13","0","0.01","0","1","0.05","100","0","0","0","0","0","0","0","0.05","0","0","37.07","88.61","17.77","79.01","10.64","64.95","0","0","0","3.18","48.28","0.27","0","0","7.18","67.94","1.43","3.95","63.89","1.23","-3.59","-0.197","1.26"
"M. Ekberg","Denmark 2.","Horsens U19","RB, RWB, LWB","17","0","2027-06-30","21","1639","2","1.26","1","1.5","Denmark","","0","no","8.57","8.24","56","1.92","34.29","0.16","3.82","0.11","0.07","0","14","0.77","21.43","14.286","3.4","35.48","3.62","65.15","7.91","54.17","1.43","2.69","0.66","34.05","74.03","12.52","60.53","2.97","35.19","0.08","0.05","0.33","4.17","57.89","3.57","46.15","0.77","6.7","65.57","","","0","0","","",""
"S. Lodberg","Denmark 2.","Midtjylland U19","RAMF, CF, RWF","19","0","2030-06-30","18","1636","9","5.28","6","5.86","Denmark","","0","no","2.53","2.42","52.27","0.66","25","0","1.62","0.44","0.29","0","47","2.59","44.68","19.149","3.19","37.93","4.51","60.98","9.08","46.67","2.64","3.47","0.61","34.6","76.47","8.86","62.11","5.17","52.13","0.32","0.28","1.1","5.06","66.3","5.28","50","1.87","6.49","83.05","","","0","0","","",""
"V. Fjeldgaard","Denmark 2.","AaB U19","CF","18","0","","22","1631","14","8.87","1","2.74","Denmark","unknown","0","no","2.81","2.7","48.98","3.86","35.71","0.11","1.63","0.72","0.49","0.17","51","2.81","47.06","27.451","0.77","35.71","1.49","44.44","5.35","29.9","3.97","0.61","0.11","16.22","72.79","4.19","47.37","1.27","56.52","0.15","0.06","0.39","1.93","51.43","1.16","52.38","0.66","2.15","74.36","","","0","0","","",""
"F. Vestergaard","Denmark 2.","Midtjylland U19","LCMF, DMF, AMF","17","0","","19","1629","0","1.36","0","0.77","Denmark","unknown","0","no","9.83","9.94","54.44","1.16","33.33","0.22","5.31","0","0.07","0","13","0.72","15.38","0","0.94","23.53","3.37","40.98","9.39","37.65","1.16","1.44","0.17","36.24","85.37","10.17","72.28","1.33","45.83","0.04","0","0.28","4.42","82.5","1.38","52","0.77","4.59","68.67","","","0","0","","",""
"S. Mørk","Denmark 2.","OB U19","RB, RCB","17","0","2027-06-30","25","1628","0","0.41","3","2.14","Denmark","unknown","0","no","7.41","6.86","63.71","2.49","35.56","0.39","3.79","0","0.02","0","5","0.28","0","0","2.65","50","0.72","53.85","2.93","58.49","0.61","1.05","0.06","47.99","83.76","15.59","69.86","4.42","42.5","0.12","0","0.5","5.97","60.19","2.76","48","0.33","7.96","71.53","","","0","0","","",""
"E. Arnarsson","Denmark 2.","Midtjylland U19","LB, LCB","18","0","2028-12-31","21","1603","2","0.79","3","2.57","Iceland","unknown","0","no","9.49","6.68","64.71","1.01","38.89","0.28","6.33","0.11","0.04","0","14","0.79","42.86","14.286","4.38","32.05","2.08","56.76","4.94","35.23","1.4","2.69","0.28","46.21","77.28","14.49","64.73","5.95","55.66","0.14","0.11","0.45","6.18","64.55","4.27","39.47","1.07","9.43","75.6","","","0","0","","",""
"E. Pedersen","Denmark 2.","Sønderjyske U19","RW, RAMF, RWF","19","0","","19","1602","10","5.44","1","3.79","Denmark","unknown","0","no","5.67","6.29","51.79","1.8","46.88","0","2.22","0.56","0.31","0","32","1.8","50","31.25","1.57","32.14","2.02","55.56","6.35","43.36","4.27","1.52","0.22","18.26","67.08","3.48","56.45","0.73","38.46","0.21","0","0.51","1.46","65.38","2.19","41.03","1.29","3.09","58.18","","","0","0","","",""
"P. Chapipis","Denmark 2.","Horsens U19","CF, RW, AMF","17","0","2027-06-30","22","1598","1","3.79","2","2.65","Denmark","unknown","0","no","4.79","6.42","42.98","0.79","35.71","0.06","2.26","0.06","0.21","0.06","23","1.3","39.13","4.348","2.82","36","3.49","46.77","8.67","31.17","2.7","2.65","0.51","22.87","69.7","5.8","64.08","1.24","45.45","0.15","0.06","0.45","2.2","58.97","3.1","45.45","0.84","4.11","71.23","","","0","0","","",""
"M. Engsted","Denmark 2.","Esbjerg U19","CF, LWF, LW","18","0","","23","1596","5","4.06","3","2.94","Denmark","unknown","0","no","3.38","3.83","44.12","2.48","27.27","0.06","1.65","0.28","0.23","0.06","21","1.18","52.38","23.81","0.68","33.33","0.62","54.55","5.86","25","2.65","1.07","0.11","22.44","79.65","4.12","61.64","0.79","42.86","0.17","0.06","0.56","1.69","66.67","1.24","45.45","0.9","2.37","61.9","","","0","0","","",""
"L. Almajid Eggert","Denmark 2.","AGF U19","LB, LWB","17","0","","19","1581","1","0.58","0","0.7","Denmark","unknown","0","no","8.82","9.05","59.75","0.63","36.36","0.23","3.59","0.06","0.03","0","9","0.51","33.33","11.111","1.02","16.67","2.22","51.28","6.03","32.08","0.85","1.82","0.11","35.98","83.54","11.33","71.86","1.99","37.14","0.04","0","0.06","3.19","62.5","1.14","40","0.28","4.95","52.87","","","0","0","","",""
"S. Larsen","Denmark 2.","Sønderjyske U19","CF","19","0","2026-12-31","20","1579","7","9.93","2","0.74","Denmark","unknown","0","no","3.13","4.16","39.73","4.27","45.33","0","1.65","0.28","0.57","0.06","43","2.45","48.84","16.279","0.4","0","0.85","40","9.86","24.86","4.16","0.57","0.17","16.42","70.83","3.7","58.46","0.4","100","0.04","0","0.28","1.54","51.85","1.08","47.37","0.91","1.77","58.06","","","0","0","","",""
"C. Storch","Denmark 2.","AGF U19","CB, RCB","17","0","","17","1568","2","1.96","1","0.99","Denmark","unknown","0","no","8.72","5.97","65.38","2.41","52.38","0.75","5.68","0.11","0.11","0","7","0.4","57.14","28.571","0.4","57.14","0.17","100","1.66","44.83","0.8","1.03","0.17","57.23","89.07","22.96","80","5.22","46.15","0.06","0.06","0.29","4.42","63.64","0.69","58.33","0.4","7.69","65.67","","","0","0","","",""
"V. Bolander","Denmark 2.","OB U19","RCB, CB, LCB","18","0","2026-06-30","21","1567","0","0.82","1","0.97","Denmark","unknown","0","no","10.34","6.83","64.71","4.25","62.16","0.34","7.06","0","0.05","0","3","0.17","33.33","0","0.17","0","0.34","66.67","3.16","52.73","0.69","1.21","0","67.72","88.38","23.78","74.88","9.07","56.96","0.06","0.11","0.17","9.02","69.43","0.92","37.5","0.46","10.68","75.81","","","0","0","","",""
"J. Bennedsgaard","Denmark 2.","Esbjerg U19","RCMF","17","0","2027-06-30","17","1556","1","0.94","3","1.43","Denmark","unknown","0","no","7.23","8.04","57.55","1.68","17.24","0.06","2.58","0.06","0.05","0","18","1.04","22.22","5.556","1.45","36","1.62","42.86","6.71","38.79","0.98","1.33","0.35","33.32","82.29","7.98","56.52","3.59","51.61","0.08","0.29","0.52","4.28","68.92","2.2","39.47","0.46","4.74","67.07","","","0","0","","",""
"N. Derlich Biel","Denmark 2.","Sønderjyske U19","LCB, RCB, CB","18","0","","22","1554","1","0.64","0","0.18","Denmark","unknown","0","no","8.28","5.79","61","1.45","56","0.81","5.45","0.06","0.04","0.06","6","0.35","16.67","16.667","0.52","11.11","0.23","0","1.27","45.45","0.17","0.75","0","48.53","81.03","21.95","69.66","9.38","48.77","0.01","0","0.06","8.92","53.9","1.56","7.41","0.06","10.14","69.14","","","0","0","","",""
"A. Vladimir","Denmark 2.","Midtjylland U19","LCB, RCB","17","0","","17","1552","0","1.07","1","0.45","Denmark","unknown","0","no","8.29","5.28","65.93","3.13","51.85","0.46","5.96","0","0.06","0","10","0.58","30","0","0.17","33.33","0.41","71.43","2.15","40.54","0.75","1.57","0.12","69.18","87.59","29.11","77.09","11.54","55.78","0.03","0","0.17","14.9","68.09","1.57","33.33","0.58","12.58","84.79","","","0","0","","",""
"O. Klang","Denmark 2.","Nordsjælland U19","DMF, RCMF","18","0","","21","1537","1","0.86","1","2.82","Sweden","unknown","0","no","10.48","10.89","60.22","0.7","66.67","0.06","4.97","0.06","0.05","0","14","0.82","28.57","7.143","1","47.06","1.29","59.09","9.95","44.71","0.82","1.46","0.12","55.45","85.11","14.05","67.08","3.92","46.27","0.17","0.18","0.53","6.62","60.18","2.52","55.81","1.17","6.62","70.8","","","0","0","","",""
"E. Subasic","Denmark 2.","Vejle U19","RW, AMF, LCMF","17","0","2027-06-30","21","1535","4","3.3","1","2.07","Denmark","unknown","0","no","9.44","8.74","67.11","1.06","27.78","0","3.31","0.23","0.19","0","28","1.64","46.43","14.286","1.23","23.81","2.29","51.28","9.5","40.12","1.41","1.88","0.18","27.09","73.38","8.38","56.64","4.69","57.5","0.12","0.23","0.41","4.51","51.95","1.93","39.39","0.59","5.51","61.7","","","0","0","","",""
"F. Sommer","Denmark 2.","Randers U19","RCB, LCB","16","0","","19","1532","0","0.48","0","0.47","Denmark","unknown","0","no","7.87","3.99","76.47","0.82","57.14","0.76","5.08","0","0.03","0","3","0.18","0","0","0.47","25","0.88","73.33","4.41","60","0.47","0.88","0.47","48.11","83.64","22.03","76","5.4","38.04","0.03","0","0.12","6.58","60.71","1.41","29.17","0.29","8.87","64.24","","","0","0","","",""
"K. Bakke Møller","Denmark 2.","Silkeborg U19","RWF, LCMF, AMF","18","0","2027-06-30","21","1520","3","1.99","3","1.37","Denmark","unknown","0","no","6.57","7.16","58.68","0.77","30.77","0.24","2.36","0.18","0.12","0","23","1.36","30.43","13.043","0.65","54.55","1.6","59.26","9.18","30.97","1.72","1.3","0","33.34","79.93","8.59","63.45","2.19","48.65","0.08","0.06","0.3","3.32","66.07","2.25","47.37","1.07","4.56","64.94","","","0","0","","",""
"A. Escobar","Denmark 2.","Brøndby U19","LW, RW, CF","18","0","2029-06-30","23","1513","9","3.99","5","4.05","Denmark","right","172","no","5.41","5.47","51.09","1.43","37.5","0","3.29","0.48","0.24","0.06","46","2.74","32.61","19.565","2.08","48.57","4.1","49.28","10.95","41.3","2.74","2.68","0.18","35.51","71.52","10.29","62.43","4.76","52.5","0.24","0.24","0.3","5.35","65.56","4.1","53.62","1.67","6.13","76.7","","","0","0","","",""
"V. Grønhøj Nissen","Denmark 2.","Sønderjyske U19","LCB, RCB","17","0","","18","1512","2","1","0","0","Denmark","unknown","0","no","8.69","4.88","69.51","2.74","54.35","0.3","5.93","0.12","0.06","0.12","5","0.3","40","40","0","0","0.36","83.33","1.25","52.38","0.48","0.65","0.06","58.45","84.62","25.95","75","8.63","45.52","0","0","0","7.32","55.28","0.89","26.67","0.3","11.43","65.1","","","0","0","","",""
"H. Haraldsen","Denmark 2.","København U19","RCB, LCB","17","0","2027-06-30","16","1504","0","1.24","0","0","Norway","unknown","0","no","7.24","5.15","63.95","2.81","63.83","0.6","4.99","0","0.07","0","5","0.3","40","0","0.18","33.33","0.24","75","1.02","29.41","0.42","0.78","0","72.35","91.98","26.27","83.37","6.58","50.91","0","0","0","8.98","76","0.78","38.46","0.3","9.99","79.64","","","0","0","","",""
"T. Lundsgaard","Denmark 2.","AaB U19","LCMF, DMF, RCMF","17","0","2028-06-30","21","1503","6","4.63","1","0.89","Denmark","unknown","0","no","9.34","6.41","68.22","1.26","38.1","0.42","5.56","0.36","0.28","0.12","27","1.62","59.26","22.222","1.02","35.29","1.98","54.55","8.56","38.46","2.22","1.2","0","42.34","84.02","11.8","69.04","3.71","56.45","0.05","0.36","0.36","5.99","67","1.38","52.17","0.72","5.15","68.6","","","0","0","","",""
"C. Ochieng","Denmark 2.","Horsens U19","LB, LWB","19","0","2027-12-31","23","1501","1","0.87","0","1.62","Kenya","","0","no","5.82","5.52","53.26","0.54","55.56","0.06","3.15","0.06","0.05","0","8","0.48","50","12.5","5.1","32.94","2.94","57.14","6.12","40.2","1.26","1.86","0.54","32.08","73.64","10.79","70","3.36","53.57","0.1","0","0.54","3.12","65.38","4.02","40.3","0.36","6.9","63.48","","","0","0","","",""
"S. Piechnik Hust","Denmark 2.","Vejle U19","RCMF, AMF, LCMF","18","0","","23","1500","0","1.06","3","1.9","Denmark","unknown","0","no","8.46","8.82","59.86","1.08","55.56","0.18","3.48","0","0.06","0","22","1.32","22.73","0","1.32","27.27","1.38","43.48","6.84","34.21","1.26","0.72","0.06","35.58","80.61","11.58","69.95","4.08","54.41","0.11","0","0.36","4.44","70.27","2.04","44.12","0.9","6.96","57.76","","","0","0","","",""
"S. Stüker","Denmark 2.","Silkeborg U19","RB","19","0","2027-06-30","17","1499","1","0.76","2","1.53","Denmark","","0","no","7.87","6.84","62.28","2.34","58.97","0.18","3.55","0.06","0.05","0","13","0.78","38.46","7.692","4.8","27.5","2.28","71.05","6.06","40.59","2.04","2.28","0.66","46.23","79.22","11.05","65.76","2.88","45.83","0.09","0","0.3","2.7","62.22","4.44","33.78","0.9","8.65","59.03","","","0","0","","",""
"M. Albæk","Denmark 2.","Randers U19","LCMF, RCMF, RDMF","20","0","2028-06-30","17","1492","1","0.44","1","0.89","Denmark","right","0","no","7.96","7.06","62.39","0.84","50","0.18","3.79","0.06","0.03","0","12","0.72","16.67","8.333","0.48","37.5","1.63","62.96","6.21","49.51","0.78","1.99","0.42","34.26","83.8","11.1","73.91","2.47","48.78","0.05","0.18","0.12","4.22","78.57","1.03","52.94","0.48","5.19","68.6","","","0","0","","",""
"V. Friis","Denmark 2.","OB U19","LCMF, DMF","19","0","2027-06-30","19","1486","1","1.67","3","1.63","Denmark","","0","no","10.72","8.06","69.17","1.82","50","0.3","6.32","0.06","0.1","0.06","19","1.15","21.05","5.263","0.79","53.85","2.3","63.16","7.39","50","1.27","1.45","0.06","62.81","85.54","23.5","72.68","6.9","56.14","0.1","0.12","0.48","11.27","69.35","2.85","57.45","1.39","9.81","82.1","","","0","0","","",""
"M. Larsen","Denmark 2.","OB U19","RCMF, LCMF","18","0","2027-12-31","25","1471","3","2.11","1","0.9","Denmark","unknown","0","no","10.1","10.28","62.5","0.8","46.15","0.12","3.97","0.18","0.13","0","15","0.92","26.67","20","1.47","29.17","1.53","52","6.73","38.18","1.71","0.98","0.06","33.96","81.08","10.28","69.64","2.45","47.5","0.05","0.06","0.18","4.41","63.89","1.53","68","0.73","5.08","72.29","","","0","0","","",""
"V. Rutkjær","Denmark 2.","Nordsjælland U19","RCB, LCB","17","0","","16","1470","1","1.9","0","0.9","Denmark","unknown","0","no","5.45","3.43","69.64","2.27","48.65","0.55","4.13","0","0.12","0","11","0.67","63.64","9.091","0.18","66.67","0.06","0","1.53","36","1.22","0.43","0","92.63","89.82","35.57","78.83","10.47","52.63","0.05","0.06","0.31","14.39","72.34","2.39","51.28","1.35","16.71","75.09","","","0","0","","",""
"N. Nguyen","Denmark 2.","Sønderjyske U19","GK","18","0","","15","1464","0","0","0","0","Denmark","unknown","0","no","3.2","0.18","66.67","0.98","81.25","0","3.44","0","0","0","0","0","0","0","0","0","0","0","0.18","100","0","0","0","31.66","87.18","15.25","76.21","10.14","64.24","0","0","0","1.48","41.67","0.12","0","0","8.11","66.67","2.09","5.59","62.64","1.89","-3.31","-0.203","1.97"
"J. Klemann Pålsson","Denmark 2.","Sønderjyske U19","LW, RCMF","18","0","","22","1461","2","2.47","1","1.38","Denmark","unknown","0","no","8.44","9.06","59.18","2.28","32.43","0.12","3.48","0.12","0.15","0","13","0.8","30.77","15.385","0.8","23.08","2.28","72.97","7.33","42.02","2.34","1.17","0.06","26.55","77.26","9.06","66.67","1.48","50","0.08","0.12","0.37","3.39","61.82","1.48","45.83","1.05","3.7","63.33","","","0","0","","",""
"M. Øxenberg","Denmark 2.","Silkeborg U19","DMF","19","0","2030-06-30","16","1456","0","1.07","0","0.82","Denmark","unknown","0","no","9.46","7.29","72.88","1.92","35.48","0.19","3.86","0","0.07","0","4","0.25","50","0","0.25","25","0.74","58.33","4.02","40","0.56","0.62","0","71.77","86.56","23.18","72.53","5.56","53.33","0.05","0.12","0.12","8.65","67.14","1.61","42.31","0.68","9.09","62.59","","","0","0","","",""
"Y. Faghir","Denmark 2.","Vejle U19","CF","17","0","2027-06-30","19","1452","5","5.51","1","1.47","Denmark","unknown","0","no","4.34","5.64","52.75","1.74","21.43","0","1.55","0.25","0.34","0","23","1.43","43.48","21.739","0.31","20","1.86","56.67","11.28","29.67","2.36","1.12","0.12","13.51","77.52","3.35","59.26","0.93","53.33","0.09","0","0.5","1.55","56","0.74","66.67","0.93","1.92","67.74","","","0","0","","",""
"M. Ottesen","Denmark 2.","Sønderjyske U19","RCB","19","0","","17","1428","1","1.01","0","0.01","Denmark","","0","no","7.94","4.29","67.65","2.33","56.76","0.69","5.44","0.06","0.06","0.06","4","0.25","25","25","0.13","0","0.25","25","1.13","50","0.38","0.32","0","50.61","87.05","18.84","74.25","5.11","50.62","0","0.06","0","5.8","75","0.76","25","0.06","7.37","64.1","","","0","0","","",""
"A. Najar","Denmark 2.","Brøndby U19","LCMF, RCMF, DMF","18","0","2027-06-30","16","1420","0","0.67","2","0.97","Denmark","unknown","0","no","10.71","8.49","61.19","1.96","35.48","0.06","6.56","0","0.04","0","12","0.76","8.33","0","0.76","16.67","0.7","45.45","6.02","32.63","0.51","0.63","0","52.61","81.81","16.61","61.83","4.82","36.84","0.06","0.06","0.19","8.49","65.67","2.09","45.45","0.63","5.89","61.29","","","0","0","","",""
"A. Velasquez","Denmark 2.","Midtjylland U19","AMF, LAMF, RW","17","0","2027-06-30","19","1418","6","4.19","6","2.84","Finland","unknown","0","no","4.51","3.74","67.8","2.54","42.5","0.13","2.41","0.38","0.27","0","36","2.28","38.89","16.667","2.16","38.24","2.03","50","6.54","43.69","4.57","1.21","0.38","22.79","70.75","6.47","56.86","1.46","52.17","0.18","0.38","0.76","2.6","73.17","2.6","43.9","1.27","3.17","78","","","0","0","","",""
"O. Aare Vest","Denmark 2.","Nordsjælland U19","RCB, LB, RB","19","0","","17","1402","0","0.08","0","0.68","Denmark","","0","no","7.38","5.84","69.23","2.05","40.63","0.19","4.36","0","0.01","0","3","0.19","0","0","0.71","54.55","0.83","69.23","2.76","62.79","0.58","1.35","0","80.18","88.87","29.02","80.53","6.29","50","0.04","0.06","0.26","11.75","70.49","2.12","48.48","0.77","12.65","73.1","","","0","0","","",""
"S. Laustsen","Denmark 2.","Silkeborg U19","RCB","20","0","","16","1397","0","0.52","0","0.3","Denmark","","0","no","7.92","4.9","69.74","3.09","60.42","0.58","4.32","0","0.03","0","6","0.39","16.67","0","0.26","25","0.26","50","2.58","60","0.26","0.77","0.13","68.29","86.23","28.54","77.2","9.86","50.98","0.02","0","0","8.25","64.06","1.22","42.11","0.39","11.92","61.08","","","0","0","","",""
"G. Bøgild Nørøxe","Denmark 2.","Randers U19","RCB, RB","18","0","","17","1390","0","0.34","0","0.02","Denmark","unknown","0","no","9.13","6.47","62","2.91","53.33","0.78","5.04","0","0.02","0","2","0.13","0","0","0.65","40","0.65","90","2.14","60.61","0.52","0.65","0","41.24","81.79","17.29","66.67","6.73","41.35","0","0","0","6.09","58.51","1.17","33.33","0.45","8.68","61.94","","","0","0","","",""
"W. Brink Frederiksen","Denmark 2.","Lyngby U19","LW, LAMF, CF","17","0","","19","1389","3","2.42","3","3.69","Denmark","unknown","0","no","8.62","7.9","67.21","2.07","40.63","0","4.05","0.19","0.16","0","29","1.88","31.03","10.345","1.62","36","1.81","64.29","8.03","35.48","2.01","1.88","0.26","28.96","77.18","8.55","68.18","0.84","61.54","0.24","0.06","0.39","3.11","60.42","2.27","42.86","0.71","4.47","63.77","","","0","0","","",""
"J. Hvistendahl","Denmark 2.","AaB U19","RB","18","0","","20","1387","1","1.54","2","1.01","Denmark","unknown","0","no","6.62","5.06","60.26","1.88","41.38","0.26","4.06","0.06","0.1","0","15","0.97","40","6.667","2.6","40","1.3","70","4.35","40.3","1.3","1.75","0.26","36.6","77.13","12.91","59.3","4.22","36.92","0.07","0.06","0.39","3.83","61.02","2.6","52.5","0.84","6.88","64.15","","","0","0","","",""
"V. Nøhr Birk","Denmark 2.","Sønderjyske U19","LW, LAMF, LWF","18","0","2027-06-30","21","1380","3","2.49","7","3.31","Denmark","unknown","0","no","4.96","5.54","56.47","1.96","30","0","2.13","0.2","0.16","0","23","1.5","56.52","13.043","3.78","37.93","5.54","55.29","12.13","37.63","3.78","3.13","0.52","23.93","70.84","5.93","59.34","1.57","54.17","0.22","0.07","0.72","2.61","65","3.46","47.17","0.98","4.3","83.33","","","0","0","","",""
"J. Agyekum","Denmark 2.","Brøndby U19","CF, RW","20","0","2026-06-30","22","1332","4","2.75","3","3.27","Denmark","","0","no","3.51","3.99","61.02","1.01","6.67","0","1.61","0.27","0.19","0","26","1.76","34.62","15.385","2.7","40","4.46","39.39","17.77","32.32","5.68","2.91","0.14","25.41","80.85","4.93","71.23","0.41","50","0.22","0.07","1.01","2.23","75.76","1.96","68.97","1.82","2.97","88.64","","","0","0","","",""
"A. Mandrup","Denmark 2.","Horsens U19","LCB, LB","18","0","2027-06-30","16","1295","1","0.41","1","0.51","Denmark","unknown","0","no","9.8","6.25","66.67","2.22","46.88","0.07","4.83","0.07","0.03","0","5","0.35","20","20","0.42","50","1.32","42.11","3.75","42.59","0.69","0.69","0.21","43.64","84.24","16.05","71.86","5.14","45.95","0.04","0","0.14","6.12","70.45","0.63","66.67","0.42","10.01","65.28","","","0","0","","",""
"H. Froholdt","Denmark 2.","Lyngby U19","RB, LB","17","0","2027-06-30","15","1293","3","1.65","3","0.88","Denmark","unknown","0","no","11","8.63","70.16","1.74","48","0.42","5.64","0.21","0.12","0","13","0.9","69.23","23.077","1.88","22.22","3.9","55.36","10.93","43.31","2.09","2.16","0.35","32.65","73.77","9.74","56.43","3.2","47.83","0.06","0","0.42","2.92","40.48","2.58","43.24","1.25","5.71","52.44","","","0","0","","",""
"M. Brolund","Denmark 2.","Vejle U19","LB","17","0","2027-06-30","17","1289","0","0.23","1","1.78","Denmark","","0","no","9.71","7.82","66.96","1.89","48.15","0.07","5","0","0.02","0","5","0.35","40","0","2.79","22.5","0.91","53.85","3.49","40","1.12","1.33","0.28","44.9","75.12","21.78","70.51","4.75","48.53","0.12","0.07","0.21","7.96","59.65","3.07","40.91","0.77","11.1","69.18","","","0","0","","",""
"N. Munkholm","Denmark 2.","Silkeborg U19","LB, LCB","18","0","","16","1278","2","1.45","1","1.31","Denmark","unknown","0","no","7.68","5.77","60.98","2.11","80","0.42","4.05","0.14","0.1","0.14","8","0.56","37.5","25","2.61","35.14","0.63","55.56","2.25","28.13","1.69","1.9","0.21","38.8","84.75","10.07","71.33","2.46","51.43","0.09","0","0.42","2.46","57.14","2.11","50","0.28","5.35","57.89","","","0","0","","",""
"M. Søgaard Hansen","Denmark 2.","Silkeborg U19","CF","18","0","","16","1277","12","6.46","0","0.27","Denmark","unknown","0","no","4.37","4.37","62.9","3.66","48.08","0.14","1.59","0.85","0.46","0.14","27","1.9","66.67","44.444","0.14","100","1.48","52.38","9.51","27.41","3.03","0.7","0.14","20.09","81.75","3.24","56.52","0.63","44.44","0.02","0","0","1.83","73.08","0.42","83.33","0.56","1.69","58.33","","","0","0","","",""
"B. Pihl Jørgensen","Denmark 2.","AaB U19","CF, LW, RW","18","0","","21","1274","3","2.74","5","4.18","Denmark","unknown","0","no","3.96","4.52","65.63","0.92","23.08","0","1.1","0.21","0.19","0","17","1.2","64.71","17.647","3.25","34.78","5.44","61.04","11.51","43.56","3.32","3.81","0.57","18.08","73.44","3.25","63.04","0.64","11.11","0.3","0","0.85","1.06","53.33","2.97","40.48","1.34","2.26","87.5","","","0","0","","",""
"C. Brund","Denmark 2.","OB U19","RW, CF, RCMF","17","0","2027-06-30","21","1267","2","1.85","0","1.13","Denmark","unknown","0","no","5.47","4.97","68.57","1.92","40.74","0.14","2.54","0.14","0.13","0","20","1.42","40","10","1.21","52.94","2.13","43.33","7.88","33.33","1.56","2.2","0.14","31.68","84.98","8.17","70.43","1.35","73.68","0.08","0.07","0.14","4.33","80.33","1.85","50","0.5","4.12","84.48","","","0","0","","",""
"W. Kirk","Denmark 2.","Silkeborg U19","RCMF, LCMF","19","0","","14","1264","1","0.69","1","1.9","Denmark","unknown","0","no","10.61","8.33","65.81","0.71","50","0.07","4.54","0.07","0.05","0","9","0.64","22.22","11.111","2.49","20","1.5","57.14","5.2","32.88","1","1.57","0.07","50.63","83.68","16.31","71.18","4.7","50","0.14","0.14","0.43","6.41","75.56","3.2","26.67","0.85","8.19","65.22","","","0","0","","",""
"T. Nielsen","Denmark 2.","Vejle U19","GK","17","0","2027-06-30","13","1258","0","0","0","0","Denmark","unknown","0","no","2.79","0.29","50","0.72","90","0","2.88","0","0","0","0","0","0","0","0","0","0","0","0.29","100","0","0","0","32.55","87.69","14.17","73.74","8.23","57.39","0","0","0","1.14","25","0.07","0","0","6.8","55.79","1.72","5.79","70.37","1.54","-2.41","-0.172","1.72"
"A. Fuglsang","Denmark 2.","AGF U19","AMF, LDMF, LCMF","17","0","","14","1258","4","3.09","1","0.82","Denmark","unknown","0","no","8.37","7.44","65.38","1.79","52","0.43","4.07","0.29","0.22","0","19","1.36","36.84","21.053","0.79","9.09","3.51","53.06","12.45","36.21","2.29","3.65","1.14","37.49","86.45","10.45","71.92","2.58","63.89","0.06","0.14","0.07","4.29","76.67","1.14","75","0.64","5.22","67.12","","","0","0","","",""
"T. Breum-Harild","Denmark 2.","København U19","GK","18","0","2030-06-30","13","1253","0","0","0","0","Denmark","left","0","no","2.3","0.14","100","0.65","100","0","2.74","0","0","0","0","0","0","0","0","0","0","0","0.22","66.67","0","0","0","38.93","90.41","13.36","75.81","8.04","57.14","0","0","0","3.23","53.33","0.36","0","0","5.75","73.75","1.36","4.24","67.8","1.25","-1.58","-0.113","1.87"
"G. Olsen","Denmark 2.","København U19","LAMF, CF, RW","18","0","2027-06-30","20","1249","5","5.21","2","1.23","Iceland","unknown","0","no","4.25","5.19","58.33","1.87","42.31","0.07","1.52","0.36","0.38","0","26","1.87","38.46","19.231","0.86","41.67","2.38","48.48","8.57","35.29","3.89","3.1","0.72","21.76","75.5","5.98","66.27","0.86","58.33","0.09","0.29","0.43","2.09","75.86","1.3","66.67","1.15","2.45","70.59","","","0","0","","",""
"O. Lyhne","Denmark 2.","AGF U19","GK","17","0","","13","1246","0","0","0","0","Denmark","unknown","0","no","1.66","0.22","33.33","0.29","75","0","1.93","0","0","0","0","0","0","0","0","0","0.07","0","0.07","0","0","0","0.07","32","86.46","12.86","70.22","6.43","42.7","0","0","0","1.3","11.11","0","0","0","4.48","43.55","1.23","4.7","73.85","1.49","3.62","0.261","1.73"
"W. Riisberg Hansen","Denmark 2.","Horsens U19","GK","18","0","2027-06-30","13","1238","0","0","0","0","Denmark","unknown","0","no","2.84","0.44","50","0.51","100","0","3.06","0","0","0","0","0","0","0","0","0","0.07","0","0.22","66.67","0","0","0","35.33","84.57","16.58","71.49","8","47.27","0","0","0","1.96","37.04","0.15","0","0","6.69","45.65","2.84","6.18","54.12","1.95","-12.13","-0.882","0.95"
"C. Tcacenco","Denmark 2.","AaB U19","RB, LB, RCB","18","0","2028-06-30","14","1233","1","0.55","1","0.92","Denmark","","0","no","10.07","6.13","66.67","1.82","56","0.22","6.53","0.07","0.04","0","11","0.8","36.36","9.091","1.46","20","1.75","58.33","4.6","52.38","0.66","1.53","0.22","60.8","82.71","22.63","70.97","7.66","40","0.07","0","0.15","7.3","63","2.12","31.03","0.51","12.12","64.46","","","0","0","","",""
"E. Helt","Denmark 2.","AGF U19","AMF, RCMF, RW","18","0","","21","1198","1","0.54","2","1.11","Denmark","unknown","0","no","6.46","8.11","55.56","0.68","11.11","0.15","2.09","0.08","0.04","0","10","0.75","50","10","1.2","31.25","3.46","47.83","9.32","41.94","1.88","3.68","1.5","24.12","79.13","6.84","72.53","0.98","46.15","0.08","0.23","0.53","2.7","72.22","1.35","38.89","0.6","3.08","70.73","","","0","0","","",""
"T. Svendsen","Denmark 2.","Nordsjælland U19","CF, LB, RB","18","0","","19","1193","1","1.23","2","1.29","Denmark","unknown","0","no","6.56","5.88","69.23","2.34","61.29","0.15","3.28","0.08","0.09","0","7","0.53","42.86","14.286","0.98","15.38","1.21","56.25","4.9","36.92","2.19","0.91","0.08","33.27","84.81","8.9","71.19","0.91","16.67","0.1","0.15","0.53","2.56","76.47","1.74","69.57","1.36","3.85","64.71","","","0","0","","",""
"K. Lee","Denmark 2.","København U19","LB, RB","18","0","","20","1184","3","0.82","3","1.6","Korea Republic","left","173","no","8.21","6.39","69.05","0.61","62.5","0.08","4.85","0.23","0.06","0","12","0.91","41.67","25","3.34","22.73","2.96","64.1","6.39","48.81","2.51","3.95","0.68","53.67","85.27","18.78","82.19","4.03","47.17","0.12","0","0.3","7.22","73.68","2.81","45.95","0.99","8.29","74.31","","","0","0","","",""
"R. Koch Groth Pedersen","Denmark 2.","Vejle U19","RCB, LCMF","18","0","","13","1172","1","1.85","0","0.43","Denmark","unknown","0","no","10.44","5.84","64.47","2.46","59.38","0.69","7.39","0.08","0.14","0.08","11","0.84","18.18","9.091","0.23","100","0.31","50","3.84","40","1.08","0.31","0","61.51","88.01","19.27","75.7","6.83","68.54","0.03","0","0.15","4.3","67.86","0.46","50","0.15","10.29","61.94","","","0","0","","",""
"M. Søholm","Denmark 2.","OB U19","CF, RW","18","0","2027-06-30","19","1167","5","3.01","2","1.12","Denmark","unknown","0","no","3.62","4.16","50","2.31","30","0","1.9","0.39","0.23","0","23","1.77","52.17","21.739","1.39","27.78","1.54","50","4.32","42.86","3.86","1.54","0.46","13.34","61.85","2.78","50","0.23","0","0.09","0","0.31","1.08","42.86","1.54","35","0.69","1.93","72","","","0","0","","",""
"N. Madsen","Denmark 2.","København U19","LCB","17","0","","14","1161","1","1.29","0","0","Denmark","unknown","0","no","6.82","5.89","71.05","1.16","40","0.16","3.43","0.08","0.1","0","5","0.39","40","20","0.16","50","0.23","100","1.78","78.26","0.39","1.01","0","66.12","92.15","23.49","83.83","5.58","52.78","0","0.08","0","6.98","75.56","1.09","21.43","0.16","10","78.29","","","0","0","","",""
"M. Camara","Denmark 2.","AGF U19","LCB","19","0","2030-06-30","15","1158","1","0.81","0","0","Mali","","0","no","10.26","7.23","68.82","3.11","60","0.7","6.28","0.08","0.06","0.08","6","0.47","33.33","16.667","0.23","66.67","1.01","53.85","3.5","40","0.85","0.62","0.08","57.82","84.54","27.2","74.57","7.69","49.49","0","0","0","5.05","64.62","1.09","35.71","0.23","10.88","56.43","","","0","0","","",""
"M. Velic","Denmark 2.","Esbjerg U19","RWF, CF","17","0","","20","1152","6","2.52","0","0.86","Denmark","","0","no","5.31","5.78","59.46","2.42","29.03","0.08","1.65","0.47","0.2","0","25","1.95","64","24","1.56","45","6.64","52.94","15.63","39.5","2.58","2.97","0.55","20.16","75.58","4.45","56.14","0.94","58.33","0.07","0.08","0.23","1.88","45.83","2.03","61.54","0.78","3.67","72.34","","","0","0","","",""
"O. Mandrup","Denmark 2.","Horsens U19","CF","18","0","2027-06-30","14","1142","8","9.48","1","1.36","Denmark","unknown","0","no","4.49","3.15","70","2.84","55.56","0","2.36","0.55","0.75","0","44","3.47","54.55","18.182","1.02","53.85","2.84","50","8.35","40.57","4.57","1.1","0","15.45","73.47","3.78","64.58","1.26","50","0.11","0.32","0.55","2.21","67.86","1.42","61.11","1.1","2.13","81.48","","","0","0","","",""
"M. Mollerup","Denmark 2.","Horsens U19","CB, LCB","18","0","2027-06-30","15","1120","0","0.6","0","0","Denmark","unknown","0","no","7.71","5.79","62.5","2.25","60.71","0.4","4.26","0","0.05","0","1","0.08","0","0","0.08","0","0.08","0","0.96","25","0.32","0.24","0.08","48.21","83.17","19.13","65.13","8.2","45.1","0","0","0","6.19","59.74","0.48","0","0","8.52","64.15","","","0","0","","",""
"O. Fenger","Denmark 2.","Brøndby U19","CF","18","0","","18","1119","12","7.65","0","0.92","Denmark","unknown","0","no","4.75","4.83","58.33","4.26","35.85","0.08","2.77","0.97","0.61","0","40","3.22","52.5","30","0.64","37.5","3.54","47.73","11.58","26.39","4.75","2.09","0.32","11.74","65.07","1.21","46.67","0.32","50","0.07","0.08","0.24","0.72","55.56","0.88","63.64","0.8","1.05","61.54","","","0","0","","",""
"V. Bender","Denmark 2.","OB U19","LCMF, LAMF","18","0","","12","1118","1","1.1","2","2.46","Denmark","unknown","0","no","5.88","5.8","58.33","1.29","62.5","0","2.88","0.08","0.09","0","10","0.81","40","10","2.58","34.38","2.58","65.63","9.9","54.47","1.85","3.3","0.56","43.55","82.62","11.11","74.64","2.25","60.71","0.2","0.32","0.56","5.96","78.38","3.22","52.5","1.45","6.6","78.05","","","0","0","","",""
"D. Frimpong","Denmark 2.","København U19","CF","18","0","2026-06-30","16","1115","5","3.1","1","1.61","Ghana","unknown","0","no","3.87","5.17","54.69","4.12","43.14","0.16","1.3","0.4","0.25","0.08","20","1.61","70","25","1.29","43.75","2.74","35.29","12.43","22.08","2.58","2.18","0.57","17.03","81.52","3.39","71.43","0.73","44.44","0.13","0.08","0.57","1.45","66.67","1.05","61.54","0.57","2.18","81.48","","","0","0","","",""
"E. Zeqiri","Denmark 2.","Sønderjyske U19","CF, LWF, LW","18","0","2027-06-30","17","1115","2","2.58","1","0.87","Denmark","unknown","0","no","5.09","5.73","59.15","1.29","6.25","0.08","1.8","0.16","0.21","0","15","1.21","40","13.333","1.29","18.75","1.13","64.29","6.54","32.1","2.34","0.65","0.16","19.94","73.68","6.05","61.33","0.97","33.33","0.07","0.32","0.24","2.26","50","2.26","39.29","0.97","2.99","70.27","","","0","0","","",""
"F. Bunten Kjeldal","Denmark 2.","Midtjylland U19","RCMF, LCMF, AMF","17","0","2028-06-30","15","1108","2","2.06","1","1.06","Denmark","unknown","0","no","7.23","6.99","61.63","4.39","35.19","0.16","3.38","0.16","0.17","0","20","1.62","35","10","2.6","15.63","3.17","51.28","7.15","47.73","3.01","3.74","0.41","40.94","76.79","14.21","71.43","2.76","47.06","0.09","0.08","0.49","6.25","70.13","4.06","52","1.54","6.66","82.93","","","0","0","","",""
"M. Larsson","Denmark 2.","Randers U19","CF, RAMF, AMF","19","0","2026-06-30","16","1107","3","2.39","1","0.3","Denmark","","0","no","5.45","5.85","58.33","2.52","16.13","0.16","2.02","0.24","0.19","0","27","2.2","48.15","11.111","0.81","20","5.69","52.86","17.48","38.14","2.11","1.87","0.24","25.53","68.79","9.19","56.64","3.33","43.9","0.02","0.24","0.16","4.96","55.74","2.36","34.48","0.89","5.28","66.15","","","0","0","","",""
"F. Nygaard","Denmark 2.","AaB U19","LB","19","0","2026-06-30","16","1087","0","1.15","0","1.76","Denmark","","0","no","10.93","10.27","64.52","1.82","54.55","0.41","5.2","0","0.1","0","7","0.58","28.57","0","2.32","35.71","2.73","54.55","5.71","44.93","1.99","1.32","0","37.84","78.56","12.42","72.67","3.06","43.24","0.15","0.08","0.41","3.64","63.64","2.07","56","0.66","6.29","61.84","","","0","0","","",""
"V. Dahl","Denmark 2.","Silkeborg U19","LCMF, RCMF","19","0","","13","1086","1","0.55","1","0.11","Denmark","unknown","0","no","6.8","6.88","60.24","0.58","28.57","0.17","2.44","0.08","0.05","0","9","0.75","33.33","11.111","0.75","11.11","0.58","42.86","4.64","28.57","1.08","2.24","0.33","63.23","87.94","15.25","71.74","2.4","51.72","0.01","0.17","0.08","6.8","75.61","1.74","38.1","0.83","6.63","70","","","0","0","","",""
"L. Engmark","Denmark 2.","Vejle U19","LB, RB","18","0","2027-06-30","19","1083","0","0.11","1","0.35","Denmark","unknown","0","no","8.98","5.73","78.26","1.75","61.9","0.42","4.8","0","0.01","0","2","0.17","0","0","0.83","20","1.66","60","6.4","42.86","1.16","2.16","0.42","28.92","76.15","11.72","65.25","3.66","43.18","0.03","0.08","0.25","3.16","71.05","0.83","80","0.66","5.98","52.78","","","0","0","","",""
"W. Svendgaard","Denmark 2.","AGF U19","CF, LAMF, LW","16","0","","19","1081","4","3.2","1","1.18","Denmark","unknown","0","no","5.66","5.41","70.77","1.58","36.84","0.08","2.21","0.25","0.27","0","28","2.33","35.71","14.286","1.67","25","4.25","49.02","10.57","34.65","3","1.75","0.17","25.64","76.3","7.24","63.22","1.58","52.63","0.1","0.17","0.33","2.33","53.57","2.08","40","0.83","2.91","60","","","0","0","","",""
"R. Rexhepi","Denmark 2.","Randers U19","CF","19","0","2026-06-30","15","1080","4","2.55","2","1.4","Denmark","","0","no","4.08","4.17","62","3.92","42.55","0","1.32","0.33","0.21","0","16","1.33","37.5","25","0.75","11.11","1.67","50","11.08","27.82","3.67","1.42","0.17","18.67","74.55","4.33","73.08","0.33","50","0.12","0.08","0.17","2.25","81.48","1.42","41.18","1","2.25","77.78","","","0","0","","",""
"L. West","Denmark 2.","København U19","RW, RWF, RAMF","18","0","","14","1074","9","5.26","1","2.23","Norway","","0","no","6.37","6.54","65.38","1.09","15.38","0.08","2.59","0.5","0.44","0","36","3.02","44.44","25","1.26","20","4.36","59.62","12.65","41.72","2.68","3.69","0.42","28.74","81.34","7.79","68.82","1.76","47.62","0.19","0.17","0.5","2.68","68.75","2.68","43.75","1.26","2.85","82.35","","","0","0","","",""
"S. Ravn","Denmark 2.","Vejle U19","DMF, LCMF, RCMF","19","0","2027-12-31","14","1073","0","0.61","0","0.28","Denmark","","0","no","9.73","9.9","66.95","0.92","45.45","0.25","3.31","0","0.05","0","15","1.26","20","0","0.42","80","1.51","61.11","7.88","39.36","0.42","1.26","0.25","39.34","86.57","9.06","77.78","4.61","63.64","0.02","0","0.08","4.78","78.95","0.5","83.33","0.17","5.54","63.64","","","0","0","","",""
"V. Svenstrup","Denmark 2.","Lyngby U19","LCMF, RDMF, LDMF","19","0","2026-06-30","13","1073","0","0.39","2","0.64","Denmark","unknown","0","no","11.32","10.32","64.23","0.75","66.67","0.17","4.97","0","0.03","0","5","0.42","20","0","1.09","46.15","0.92","18.18","2.43","13.79","0.42","0.59","0","47.64","78.7","17.78","62.74","5.54","36.36","0.05","0.08","0.08","7.38","59.09","2.68","37.5","0.75","9.98","63.87","","","0","0","","",""
"R. Pedersen","Denmark 2.","Brøndby U19","RCB, RB","17","0","2028-12-31","13","1072","2","0.97","0","0.1","Denmark","unknown","0","no","7.81","6.55","62.82","3.69","77.27","0.34","5","0.17","0.08","0.17","6","0.5","50","33.333","1.18","21.43","0.76","77.78","3.19","39.47","0.84","0.76","0","44.75","84.99","17.13","75.49","3.78","26.67","0.01","0","0.25","5.04","65","1.34","37.5","0.25","7.05","63.1","","","0","0","","",""
"Z. Grantzau","Denmark 2.","AGF U19","RB","17","0","2027-06-30","14","1071","0","0.42","3","3.23","Denmark","unknown","0","no","8.32","7.14","68.24","1.09","61.54","0.25","4.14","0","0.03","0","7","0.59","28.57","0","3.19","34.21","3.95","70.21","7.98","54.74","2.52","4.03","0.5","34.62","78.16","10","62.18","3.28","38.46","0.27","0","0.5","3.11","59.46","2.52","33.33","0.67","5.21","69.35","","","0","0","","",""
"M. Schou","Denmark 2.","Brøndby U19","LB","17","0","","15","1070","1","0.37","0","0.12","Denmark","unknown","0","no","6.14","6.73","57.5","1.09","15.38","0.08","2.92","0.08","0.03","0","4","0.34","100","25","0.59","42.86","1.85","59.09","6.14","42.47","1.09","1.93","0.25","36.59","85.98","12.03","70.63","1.51","50","0.01","0","0","3.95","80.85","0.84","60","0.42","4.79","68.42","","","0","0","","",""
"V. Bertelsen","Denmark 2.","AaB U19","GK","16","0","","11","1066","0","0","0","0","Denmark","","0","no","1.27","0","0","0.68","100","0","1.34","0","0","0","0","0","0","0","0","0","0.08","100","0.08","100","0","0","0","44.83","83.8","17.81","64.45","12.16","47.22","0","0","0","2.53","26.67","0.17","0","0","8.61","50","1.35","4.47","69.81","1.03","-3.82","-0.323","1.86"
"L. Selin","Denmark 2.","Midtjylland U19","GK","20","0","2029-06-30","11","1063","0","0","0","0","Sweden","right","201","no","2.88","0.17","100","0.59","85.71","0","3.38","0","0","0","0","0","0","0","0","0","0","0","0.25","66.67","0","0","0","27.94","82.12","13.8","66.26","8.97","52.83","0","0","0","2.29","33.33","0.08","0","0","6.52","61.04","1.27","3.56","64.29","1.23","-0.49","-0.041","1.19"
"O. Kjøge","Denmark 2.","Silkeborg U19","RCB, RB, LCB","19","0","","18","1060","0","0.26","0","0","Denmark","","0","no","8.07","7.39","65.52","1.87","45.45","0.51","2.97","0","0.02","0","3","0.25","33.33","0","0.51","16.67","0.76","66.67","2.63","38.71","0.59","0.93","0.08","55.44","87.9","17.41","73.17","4.08","33.33","0","0","0","4.5","58.49","0.68","25","0.08","6.79","60","","","0","0","","",""
"L. Clement","Denmark 2.","Midtjylland U19","RDMF, DMF","19","0","","14","1052","2","1.49","0","0.19","Nigeria","unknown","0","no","11.38","10.1","59.32","1.71","45","0.34","6.54","0.17","0.13","0","18","1.54","22.22","11.111","0.68","75","1.2","50","5.65","43.94","0.86","0.86","0.34","37.73","82.99","11.04","71.32","3.08","52.78","0.02","0.09","0.17","5.05","66.1","1.03","66.67","0.26","4.53","60.38","","","0","0","","",""
"J. Adebeci","Denmark 2.","Lyngby U19","CF, AMF","18","0","","16","1052","1","1.23","2","0.4","Denmark","unknown","0","no","6.25","5.99","58.57","2.48","44.83","0.17","2.88","0.09","0.11","0","13","1.11","53.85","7.692","1.03","16.67","2.99","48.57","11.55","34.07","2.48","1.97","0.09","21.64","75.1","5.13","63.33","0.51","50","0.03","0","0.09","1.37","68.75","1.54","33.33","0.94","2.14","40","","","0","0","","",""
"H. Jóhannsson","Denmark 2.","AaB U19","RCMF, RDMF","17","0","","15","1047","3","0.82","2","1.28","Iceland","unknown","0","no","9.97","9.2","61.68","0.86","40","0.09","4.26","0.26","0.07","0","12","1.03","41.67","25","1.03","25","1.63","57.89","7.31","49.41","1.63","0.95","0.34","32.32","81.65","10.06","68.38","2.41","53.57","0.11","0.26","0.52","4.38","60.78","1.38","62.5","1.46","4.73","67.27","","","0","0","","",""
"M. Bang","Denmark 2.","Vejle U19","RB, LB","18","0","","21","1047","0","0.04","1","0.31","Denmark","unknown","0","no","11.69","8.68","63.37","2.32","48.15","0.17","7.17","0","0","0","3","0.26","0","0","1.89","27.27","1.63","36.84","4.99","41.38","1.12","1.98","0.34","37.65","76.48","13.67","69.18","3.95","47.83","0.03","0.09","0.17","4.9","63.16","2.23","50","0.77","8.51","61.62","","","0","0","","",""
"T. Cocu","Denmark 2.","Horsens U19","RCB, LCB","18","0","","11","1045","0","0.57","0","0","Romania","","0","no","9.22","4.74","61.82","2.07","66.67","0.78","7.74","0","0.05","0","3","0.26","33.33","0","0","0","0.34","50","1.72","45","0.34","0.78","0","47.2","86.68","20.5","76.47","5.6","44.62","0","0","0","6.55","64.47","0.26","33.33","0.09","8.78","64.71","","","0","0","","",""
"C. Elmose","Denmark 2.","Silkeborg U19","RCMF, LCMF, DMF","17","0","","19","1043","0","0.21","2","1.4","Denmark","unknown","0","no","5.35","4.14","56.25","0.35","25","0.09","3.03","0","0.02","0","4","0.35","25","0","0.69","62.5","0.35","100","3.45","40","0.43","0.17","0.09","45.65","85.44","14.93","70.52","4.14","52.08","0.12","0","0.26","7.08","67.07","1.47","58.82","0.43","6.21","70.83","","","0","0","","",""
"A. Collatz","Denmark 2.","Randers U19","LB","18","0","2028-06-30","18","1032","0","0.25","0","0.8","Denmark","","0","no","8.37","8.98","63.11","1.66","68.42","0.09","2.72","0","0.02","0","2","0.17","0","0","1.92","36.36","1.22","92.86","4.71","44.44","1.05","1.31","0","30.7","70.45","11.34","50.77","2.35","40.74","0.07","0","0.17","3.75","53.49","2.01","30.43","0.26","6.63","44.74","","","0","0","","",""
"W. Rygaard","Denmark 2.","AGF U19","CF","19","0","2026-06-30","16","1029","5","3.99","0","0.51","Denmark","","0","no","3.76","4.11","59.57","4.81","49.09","0","1.52","0.44","0.35","0.26","23","2.01","39.13","21.739","0.09","0","1.84","33.33","7.26","21.69","2.89","0.96","0.09","13.73","70.7","2.97","52.94","0.52","16.67","0.04","0.09","0","1.14","46.15","0.61","42.86","0.44","1.92","22.73","","","0","0","","",""
"K. Moukenga","Denmark 2.","Nordsjælland U19","LWF, LCMF, CF","18","0","2030-06-30","17","1027","2","2.62","3","1.9","Côte d'Ivoire","unknown","0","no","7.54","5.78","69.7","0.61","14.29","0","4.25","0.18","0.23","0","26","2.28","42.31","7.692","1.05","33.33","4.82","56.36","13.93","36.48","4.38","3.33","0.35","33.65","84.11","7.62","67.82","0.26","33.33","0.17","0.26","1.05","2.98","64.71","2.72","74.19","2.37","4.29","81.63","","","0","0","","",""
"D. Catak","Denmark 2.","Midtjylland U19","DMF, RDMF, LDMF","19","0","2027-06-30","16","1014","1","1.3","0","0.17","Denmark","","0","no","8.43","7.37","72.29","1.6","44.44","0.18","3.61","0.09","0.12","0","9","0.8","22.22","11.111","0.18","50","0.62","57.14","3.28","40.54","0.62","0.98","0","36.83","83.13","13.93","71.34","3.37","42.11","0.02","0","0.18","7.37","69.88","1.78","45","0.62","5.06","77.19","","","0","0","","",""
"A. Harsløf","Denmark 2.","AGF U19","RB, LW, LAMF","18","0","","16","1009","6","3.1","4","1.99","Denmark","unknown","0","no","4.64","3.48","61.54","0.71","25","0.27","3.08","0.54","0.28","0.09","16","1.43","68.75","37.5","1.87","47.62","3.39","47.37","6.96","32.05","3.39","3.3","0.36","30.24","80.53","4.55","64.71","1.16","38.46","0.18","0.36","0.36","1.52","52.94","1.52","64.71","0.89","3.75","54.76","","","0","0","","",""
"N. Damsø","Denmark 2.","OB U19","RB, LB","17","0","2027-06-30","16","1006","0","0.46","0","0.76","Denmark","unknown","0","no","7.51","7.78","55.17","0.63","14.29","0.27","3.8","0","0.04","0","7","0.63","14.29","0","3.58","32.5","1.25","50","4.74","41.51","1.79","2.42","0.54","34.09","78.22","10.65","72.27","1.97","59.09","0.07","0.09","0.27","2.15","75","3.04","38.24","0.45","6.08","64.71","","","0","0","","",""
"L. Nørgaard","Denmark 2.","Randers U19","LB","18","0","","20","1000","1","0.35","4","1.38","Denmark","","0","no","10.44","9.27","59.22","1.35","60","0.09","5.29","0.09","0.03","0","4","0.36","75","25","2.07","26.09","1.8","50","5.49","37.7","1.44","1.26","0.27","31.32","72.7","10.26","51.75","3.33","37.84","0.12","0.09","0.45","3.69","36.59","2.25","36","0.54","5.67","47.62","","","0","0","","",""
"A. Rrahmani","Denmark 2.","Sønderjyske U19","AMF, LCMF","19","0","2028-06-30","13","1000","4","4.66","3","1.26","Denmark","both","174","no","6.57","6.12","57.35","1.62","22.22","0","3.03","0.36","0.42","0","43","3.87","41.86","9.302","1.17","23.08","2.43","55.56","9.81","43.12","2.7","1.71","0.27","34.47","81.72","12.24","70.59","3.51","64.1","0.11","0.63","0.63","6.84","76.32","3.15","51.43","1.98","6.57","86.3","","","0","0","","",""
"M. Nyassi","Denmark 2.","København U19","RB, LB","18","0","","13","993","0","0.3","2","2.04","Gambia","right","0","no","10.97","8.43","59.14","1.09","50","0.18","7.5","0","0.03","0","5","0.45","40","0","5.71","33.33","5.08","78.57","10.33","55.26","2.54","4.98","1.09","48.31","72.42","17.95","65.15","6.16","48.53","0.19","0.36","0.73","7.98","60.23","5.26","32.76","1.09","10.33","64.91","","","0","0","","",""
"N. Lassen","Denmark 2.","OB U19","RCMF, DMF, LCMF","19","0","2026-06-30","16","992","1","0.51","1","1.05","Denmark","right","0","no","10.98","9.16","64.36","2.18","41.67","0.18","6.27","0.09","0.05","0","4","0.36","25","25","1","45.45","1.36","53.33","6.99","38.96","1","1.45","0.09","47.72","83.27","13.88","66.67","4.99","52.73","0.1","0.09","0.36","7.53","72.29","1.54","58.82","0.82","7.26","66.25","","","0","0","","",""
"K. Rahbek Jørgensen","Denmark 2.","Horsens U19","LCMF, DMF, RCMF","18","0","","13","991","0","0.63","1","0.25","Denmark","unknown","0","no","7.08","6.99","62.34","1.09","41.67","0.18","2.96","0","0.06","0","9","0.82","11.11","0","0.82","11.11","1.82","35","7.54","31.33","1","0.54","0.09","26.34","77.24","7.45","63.41","2.54","53.57","0.02","0","0.18","4","68.18","1.36","33.33","0.45","3.91","65.12","","","0","0","","",""
"E. Batchelor","Denmark 2.","Lyngby U19","GK","18","0","","10","972","0","0","0","0","Denmark","unknown","0","no","3.33","0.09","0","0.74","87.5","0","3.94","0","0","0","0","0","0","0","0","0","0","0","0.09","100","0","0","0","40.83","87.98","16.94","75.96","10.83","62.39","0","0","0","2.5","37.04","0.37","0","0","7.96","65.12","2.5","5.56","55","2.12","-4.13","-0.382","1.48"
"S. Fetterlein","Denmark 2.","København U19","LCMF, RCMF","18","0","2027-06-30","22","971","1","1.51","1","0.3","Denmark","unknown","0","no","7.97","6.12","59.09","1.67","16.67","0.19","5.19","0.09","0.14","0","19","1.76","47.37","5.263","0.83","55.56","3.99","41.86","11.12","36.67","1.85","3.06","0.19","49.4","86.49","12.33","72.18","2.6","35.71","0.03","0.09","0.28","5.84","69.84","1.48","75","0.83","5.38","68.97","","","0","0","","",""
"V. Lykke","Denmark 2.","Lyngby U19","LB, RB","18","0","","11","970","1","0.64","0","0.12","Denmark","unknown","0","no","8.16","4.92","75.47","2.78","50","0.37","4.66","0.09","0.06","0.09","6","0.56","33.33","16.667","1.95","33.33","1.86","40","5.85","39.68","1.21","1.76","0.37","32.01","81.74","8.63","62.37","2.13","39.13","0.01","0.09","0.09","1.86","40","1.95","57.14","0.74","5.47","59.32","","","0","0","","",""
"V. Lützhøft","Denmark 2.","Lyngby U19","LB, RB","18","0","","11","970","1","0.64","0","0.12","Denmark","right","180","no","8.16","4.92","75.47","2.78","50","0.37","4.66","0.09","0.06","0.09","6","0.56","33.33","16.667","1.95","33.33","1.86","40","5.85","39.68","1.21","1.76","0.37","32.01","81.74","8.63","62.37","2.13","39.13","0.01","0.09","0.09","1.86","40","1.95","57.14","0.74","5.47","59.32","","","0","0","","",""
"A. Mayland","Denmark 2.","Lyngby U19","GK","19","0","2026-06-30","10","969","0","0","0","0","Denmark","right","0","no","2.79","0.19","0","0.74","87.5","0","3.27","0","0","0","0","0","0","0","0","0","0","0","0","0","0","0","0","34.37","81.89","18.48","71.36","14.86","62.5","0","0","0","3.53","42.11","0.37","0","0.09","11.52","66.94","1.39","4.09","65.91","1.55","1.68","0.156","1.86"
"B. Stelman","Denmark 2.","Vejle U19","RB","17","0","2028-12-31","15","966","0","0.02","0","0.28","Denmark","","0","no","10.53","9.32","62","1.21","38.46","0.28","4.36","0","0","0","1","0.09","0","0","1.02","27.27","0.65","57.14","5.59","35","0.19","1.68","0.09","40.62","81.42","15","66.46","5.4","43.1","0.03","0.09","0.28","4.84","69.23","2.24","33.33","0.56","8.76","64.89","","","0","0","","",""
"J. Moalem","Denmark 2.","København U19","AMF, CF, RAMF","19","0","2030-06-30","13","964","2","3.3","1","1.01","Denmark","left","0","no","4.01","4.57","53.06","0.65","28.57","0","1.97","0.19","0.31","0","22","2.05","31.82","9.091","2.43","30.77","4.76","52.94","15.31","44.51","3.36","2.8","0.65","35.29","75.66","8.59","65.22","1.87","60","0.09","0.47","0.56","3.27","62.86","4.2","51.11","2.15","4.95","67.92","","","0","0","","",""
"V. Øberg","Denmark 2.","Nordsjælland U19","GK","19","0","2027-06-30","10","957","0","0","0","0","Denmark","unknown","0","no","2.07","0","0","0.28","100","0","2.91","0","0","0","0","0","0","0","0","0","0","0","0.19","100","0","0","0","24.26","85.66","11.47","72.95","4.61","38.78","0","0","0","1.22","15.38","0.19","0","0","3.76","35","1.22","2.63","53.57","0.68","-5.76","-0.542","1.13"
"A. Mouhoub","Denmark 2.","København U19","RDMF, LDMF, LCMF","18","0","","13","952","0","0.99","1","1.31","Morocco","unknown","0","no","11.63","10.87","63.48","1.42","20","0.09","5.48","0","0.09","0","12","1.13","33.33","0","0.57","33.33","1.8","31.58","9.17","38.14","1.32","1.04","0.19","43.2","83.81","12.01","72.44","1.61","41.18","0.12","0.09","0.47","5.11","66.67","2.17","56.52","1.61","5.67","65","","","0","0","","",""
"V. Rosenberg","Denmark 2.","AGF U19","RAMF, RWF, AMF","18","0","","18","951","4","2.17","2","1.76","Denmark","unknown","0","no","5.3","5.58","66.1","1.51","18.75","0.09","1.88","0.38","0.21","0","19","1.8","63.16","21.053","1.61","29.41","3.03","50","8.42","35.96","2.27","2.37","0.09","26.12","79.35","6.34","65.67","1.51","37.5","0.17","0.09","0.38","2.93","67.74","1.89","55","0.47","3.6","78.95","","","0","0","","",""
"M. Agerschou","Denmark 2.","Esbjerg U19","LCMF, LW, LWF","17","0","","18","945","1","1.16","0","0.18","Denmark","unknown","0","no","7.9","6.95","67.12","2.38","32","0.19","3.05","0.1","0.11","0","10","0.95","60","10","0.76","37.5","1.33","64.29","5.05","45.28","2.19","0.76","0","22.19","73.82","8.29","59.77","1.43","46.67","0.02","0.1","0.1","2.48","46.15","1.24","46.15","0.57","3.52","70.27","","","0","0","","",""
"W. Tuxen","Denmark 2.","Brøndby U19","RCB, RB, CB","16","0","2027-06-30","12","944","1","0.75","1","0","Denmark","unknown","0","no","11.82","8.87","65.59","5.24","49.09","0.57","7.59","0.1","0.07","0.1","5","0.48","60","20","0.1","0","0.29","66.67","1.91","40","0.48","0.29","0","41.57","86.47","14.68","77.27","3.53","43.24","0","0","0","5.15","64.81","0.48","20","0.1","7.15","65.33","","","0","0","","",""
"E. Ime","Denmark 2.","AGF U19","RCB, RB","19","0","2029-06-30","11","935","1","0.59","0","0.03","Denmark","","0","no","10.01","6.64","69.57","2.21","47.83","0.67","6.72","0.1","0.06","0","4","0.39","75","25","0.29","33.33","1.44","40","5.29","41.82","0.58","0.77","0.1","53.42","83.96","21.37","70.72","5.39","41.07","0","0","0.1","5.97","61.29","0.87","55.56","0.39","8.57","58.43","","","0","0","","",""
"B. Nicolaisen","Denmark 2.","Vejle U19","CF, RAMF, LAMF","16","0","2027-06-30","14","929","0","3.07","1","0.27","Denmark","unknown","0","no","4.26","3","54.84","2.13","40.91","0.1","2.62","0","0.3","0","22","2.13","31.82","0","0.97","20","2.23","65.22","8.82","38.46","3.1","1.07","0.29","15.11","67.95","3.58","51.35","1.45","33.33","0.03","0","0.1","1.74","33.33","1.26","46.15","0.29","2.03","47.62","","","0","0","","",""
"P. Søndergaard","Denmark 2.","Brøndby U19","LCB, RCB","19","0","2027-06-30","10","919","2","0.6","0","0.24","Denmark","right","0","yes","7.74","4.11","59.52","3.92","57.5","0.49","7.94","0.2","0.06","0.1","7","0.69","42.86","28.571","0.29","33.33","1.18","83.33","3.72","52.63","0.78","3.53","0.1","72.08","87.91","29.18","79.87","6.86","44.29","0.02","0","0","15.67","75","1.66","35.29","0.59","11.85","77.69","","","0","0","","",""
"M. Forum","Denmark 2.","Esbjerg U19","LB","18","0","","15","917","0","0.52","0","0.25","Denmark","unknown","0","no","8.15","6.97","63.38","2.16","68.18","0.1","3.65","0","0.05","0","4","0.39","75","0","1.18","50","0.59","50","2.45","40","1.28","0.39","0","33.17","80.18","10.99","60.71","2.94","53.33","0.02","0","0.29","2.55","50","1.28","38.46","0.2","5.59","56.14","","","0","0","","",""
"A. Christensen","Denmark 2.","København U19","RCB","18","0","2027-06-30","11","916","0","0.66","0","0.16","Denmark","unknown","0","no","8.45","3.83","53.85","2.55","53.85","0.79","7.15","0","0.06","0","6","0.59","16.67","0","0.2","50","0","0","0.88","44.44","0.59","0.88","0.1","71.63","89.71","24.76","78.97","7.76","44.3","0.02","0","0","7.76","69.62","0.79","50","0.29","9.33","65.26","","","0","0","","",""
"M. Vernon","Denmark 2.","Lyngby U19","LCB","17","0","2027-06-30","17","913","0","0.27","0","0","Denmark","unknown","0","no","7.2","5.52","71.43","4.34","56.82","0.89","3.9","0","0.03","0","3","0.3","0","0","0","0","0","0","0.69","57.14","0.39","0","0","38.64","89.03","14.98","80.26","4.04","56.1","0","0","0","2.37","54.17","0","0","0","5.13","59.62","","","0","0","","",""
"R. Bardghji","Denmark 2.","Nordsjælland U19","CF, RWF, LWF","16","0","2028-06-30","14","911","6","6.03","1","1.12","Denmark","unknown","0","no","3.16","3.36","55.88","1.09","18.18","0","1.66","0.59","0.6","0","43","4.25","25.58","13.953","1.48","13.33","4.15","54.76","11.86","39.17","5.93","2.07","0.1","22.43","81.5","3.95","65","0.79","37.5","0.11","0.4","0.4","1.58","62.5","1.88","47.37","0.79","1.88","63.16","","","0","0","","",""
"C. Husmer","Denmark 2.","Lyngby U19","LCB, LB, RCB","20","0","","11","905","0","1.51","0","0.11","Denmark","","0","no","9.94","7.06","74.65","3.18","65.63","0.6","4.96","0","0.15","0","7","0.7","14.29","0","0.5","60","0.9","55.56","3.08","38.71","0.99","1.19","0.1","52.31","82.7","22.28","70.98","5.47","58.18","0.01","0","0","6.96","48.57","1.39","35.71","0.2","10.64","67.29","","","0","0","","",""
"H. Christensen","Denmark 2.","Vejle U19","LCB","18","0","","12","902","2","0.87","0","0.03","Denmark","","0","no","10.58","4.49","84.44","2.29","65.22","0.7","7.36","0.2","0.09","0.2","7","0.7","57.14","28.571","0.2","0","0.1","100","1.5","46.67","0.9","0.2","0","68.05","90.32","27.74","83.81","5.69","59.65","0","0","0","5.49","78.18","0.6","50","0.3","11.08","60.36","","","0","0","","",""
"H. Rasmussen","Denmark 2.","Nordsjælland U19","RWF, CF, LWF","18","0","2028-12-31","12","901","12","7.73","2","1.96","Denmark","unknown","0","no","2.8","3.8","42.11","0.4","0","0","1.53","1.2","0.77","0.2","46","4.59","56.52","26.087","1.1","27.27","3.6","47.22","9.29","30.11","6.19","2.2","0.2","21.58","76.39","3.1","64.52","0.4","50","0.2","0.2","0.5","1.4","50","2","70","1.8","1.8","72.22","","","0","0","","",""
"E. Larsen","Denmark 2.","Esbjerg U19","RB","18","0","2028-06-30","11","900","0","0","3","0.88","Denmark","unknown","0","no","8.1","7.7","66.23","1.2","33.33","0.2","3.03","0","0","0","0","0","0","0","2.7","29.63","1.3","76.92","4.9","34.69","0.2","2.5","0.9","50.1","79.64","14.7","62.59","6.3","44.44","0.09","0","0.4","5","60","3.3","39.39","0.5","9.3","56.99","","","0","0","","",""
"O. Owoyemi","Denmark 2.","Midtjylland U19","RCB, RB","18","0","2026-06-30","14","897","0","0.17","0","0.17","Nigeria","unknown","0","no","10.84","6.72","65.67","2.01","60","0.8","8.03","0","0.02","0","2","0.2","0","0","1.4","28.57","1.4","71.43","4.01","45","0.3","1.1","0.4","53.98","86.43","19.67","81.63","5.42","64.81","0.02","0","0.1","7.22","77.78","1.61","37.5","0.2","9.13","69.23","","","0","0","","",""
"M. Kupijbida","Denmark 2.","Horsens U19","CB, RCB","18","0","","10","895","2","0.45","0","0.46","Denmark","","0","no","8.95","6.03","61.67","1.71","58.82","0.5","5.35","0.2","0.05","0","3","0.3","66.67","66.667","0.2","50","0.1","100","1.91","42.11","0.4","1.21","0.1","64.26","90.45","23.33","81.03","6.23","66.13","0.05","0.1","0","7.74","76.62","0.5","20","0.2","10.56","76.19","","","0","0","","",""
"S. Lillevang","Denmark 2.","Randers U19","CF","18","0","2028-06-30","11","892","4","4.25","0","0.08","Denmark","unknown","0","no","2.93","3.33","42.42","1.92","52.63","0.1","1.48","0.4","0.43","0.1","17","1.72","58.82","23.529","0.4","25","2.22","45.45","7.16","35.21","3.03","0.81","0.3","12.41","82.11","2.22","68.18","0.61","100","0.01","0","0.1","1.01","80","0.5","80","0.3","1.21","75","","","0","0","","",""
"C. Rasmussen","Denmark 2.","Horsens U19","GK","19","0","2026-06-30","9","888","0","0","0","0","Denmark","unknown","0","no","2.43","0.1","100","0.71","100","0","2.46","0","0","0","0","0","0","0","0","0","0","0","0.2","50","0","0","0","36.99","85.48","16.11","71.07","9.43","52.69","0","0","0","1.93","15.79","0.2","0","0","7.09","62.86","1.62","4.86","66.67","1.17","-4.49","-0.455","2.03"
"Ibrahim Traoré","Denmark 2.","AGF U19","LCMF, RCMF","19","0","2026-06-30","13","887","0","0.37","0","0.41","Mali","","0","no","7.81","8.22","51.85","1.52","33.33","0","3.96","0","0.04","0","8","0.81","0","0","0.41","25","1.62","50","6.8","49.25","0.71","1.12","0.41","47.28","86.91","10.25","76.24","3.04","60","0.04","0","0.2","4.77","74.47","1.12","54.55","0.51","4.87","62.5","","","0","0","","",""
"C. Astrup","Denmark 2.","Vejle U19","DMF, LCB, LDMF","20","0","2026-06-30","10","885","3","1.23","0","0.02","Denmark","","0","no","9.15","5.59","52.73","2.64","65.38","0.71","6.19","0.31","0.13","0.1","13","1.32","38.46","23.077","0.71","14.29","1.02","70","4.47","56.82","1.32","0.81","0.2","35.19","76.3","14.14","56.83","6.2","39.34","0","0","0","5.19","41.18","1.22","16.67","0.41","6","59.32","","","0","0","","",""
"W. Faber","Denmark 2.","Nordsjælland U19","CF","17","0","2027-06-30","13","881","6","3.18","4","1.73","Denmark","","0","no","4.7","4.39","65.12","1.74","29.41","0.31","2.18","0.61","0.32","0","20","2.04","70","30","1.02","60","2.25","81.82","7.15","47.14","4.09","1.33","0.1","17.16","78.57","2.76","66.67","0.72","100","0.18","0.2","0.51","0.92","100","1.33","53.85","1.02","1.94","78.95","","","0","0","","",""
"V. De Paoli","Denmark 2.","AGF U19","GK","18","0","2026-06-30","9","876","0","0","0","0","Denmark","right","0","no","1.54","0","0","0.41","75","0","1.81","0","0","0","0","0","0","0","0","0","0","0","0","0","0","0","0","30.72","88.29","11.2","70.64","6.16","48.33","0","0","0","2.05","10","0.21","0","0","3.9","63.16","1.34","5.55","75.93","1.48","1.45","0.149","1.23"
"M. Juul","Denmark 2.","OB U19","RCB, CB","18","0","2026-06-30","14","875","0","0","0","0.28","Denmark","unknown","0","no","8.85","5.35","63.46","2.37","43.48","0.62","6.7","0","0","0","0","0","0","0","0.1","100","0.21","50","1.95","52.63","0.31","0.31","0","62.54","91.28","22.11","82.33","6.38","56.45","0.03","0","0","6.38","72.58","0.21","50","0.1","9.67","73.4","","","0","0","","",""
"M. Jensen","Denmark 2.","Vejle U19","RCMF, RB","18","0","2027-06-30","11","874","1","0.23","1","0.31","Denmark","unknown","0","no","7.72","8.34","62.96","0.41","75","0.1","2.77","0.1","0.02","0","3","0.31","33.33","33.333","0.1","0","0.51","60","4.63","40","0.82","1.13","0","23.68","83.04","7.83","71.05","1.13","45.45","0.03","0.21","0.21","2.99","65.52","0.62","33.33","0.41","2.47","58.33","","","0","0","","",""
"N. Hjulmand","Denmark 2.","Lyngby U19","RCMF, AMF, LCMF","17","0","","13","874","1","0.93","0","0.21","Denmark","unknown","0","no","9.27","6.08","66.1","1.54","40","0.31","6.1","0.1","0.1","0","5","0.51","40","20","0.62","0","1.34","61.54","4.74","50","0.93","0.93","0.21","33.16","74.22","11.33","63.64","1.03","10","0.02","0.1","0","3.81","67.57","1.03","50","0.41","4.22","41.46","","","0","0","","",""
"W. Laugesen","Denmark 2.","AGF U19","RB, RCB","17","0","2028-06-30","12","872","1","0.04","2","0.75","Denmark","unknown","0","no","8.77","5.78","55.36","2.68","53.85","0.83","6.61","0.1","0","0","1","0.1","100","100","2.27","22.73","0.93","77.78","3.51","55.88","1.03","0.93","0","46.86","82.38","16.72","74.07","4.75","36.96","0.08","0.1","0.31","6.09","67.8","1.75","35.29","0.62","8.77","70.59","","","0","0","","",""
"V. Poulsen","Denmark 2.","Brøndby U19","CF, RW, AMF","18","0","2031-06-30","10","871","2","2.07","4","1.92","Denmark","unknown","0","no","4.65","5.37","59.62","1.76","70.59","0.1","2.01","0.21","0.21","0","21","2.17","38.1","9.524","1.65","6.25","1.96","57.89","9.51","47.83","2.69","1.76","0","31.31","77.89","7.44","69.44","0.72","14.29","0.2","0","0.93","2.48","79.17","2.17","42.86","1.14","2.79","81.48","","","0","0","","",""
"O. Wettergren","Denmark 2.","Brøndby U19","LB","19","0","2026-06-30","20","870","0","0.37","2","0.38","Denmark","","0","no","10.45","9.1","64.77","2.38","30.43","0.1","6.27","0","0.04","0","3","0.31","0","0","2.07","20","0.62","66.67","2.79","44.44","1.66","1.45","0.1","45.1","78.67","15.1","67.12","3.31","34.38","0.04","0","0.31","6","79.31","2.48","33.33","1.03","9.1","71.59","","","0","0","","",""
"A. Søndenbroe","Denmark 2.","Nordsjælland U19","GK","18","0","2026-06-30","9","868","0","0","0","0","Denmark","unknown","0","yes","1.66","0.31","33.33","0.93","100","0","1.96","0","0","0","0","0","0","0","0","0","0","0","0.1","100","0","0","0","38.26","90.24","14.21","76.64","5.39","38.46","0","0","0","1.56","26.67","0.31","0","0","3.63","45.71","0.93","3.63","74.29","0.96","0.28","0.029","2.7"
"N. Krucov","Denmark 2.","Lyngby U19","RW, RAMF, LW","17","0","","16","867","1","0.5","1","0.34","Denmark","unknown","0","no","7.89","7.37","63.38","1.56","33.33","0.21","3.44","0.1","0.05","0","10","1.04","30","10","1.25","33.33","2.18","52.38","9.55","38.04","1.76","1.66","0","21.38","77.18","6.85","65.15","0.93","55.56","0.04","0","0.42","2.08","60","1.56","33.33","0.31","3.74","52.78","","","0","0","","",""
"O. Gadeberg-Buur","Denmark 2.","København U19","GK","19","0","","9","865","0","0","0","0","Denmark","right","0","no","1.87","0","0","0.62","100","0","2.42","0","0","0","0","0","0","0","0","0","0","0","0.42","75","0","0","0","32.98","87.38","13.11","71.43","7.6","50.68","0","0","0","2.39","34.78","0.31","0","0","4.58","61.36","0.73","2.91","75","0.77","0.44","0.046","1.87"
"K. Sejdic","Denmark 2.","Vejle U19","CF, RAMF","17","0","2028-12-31","11","854","4","4.46","4","1.59","Denmark","unknown","0","no","3.16","2.95","67.86","2.74","53.85","0","1.2","0.42","0.47","0.11","23","2.42","43.48","17.391","0.11","0","1.58","66.67","7.06","29.85","3.06","0.53","0","15.39","79.45","2.11","50","0.63","50","0.17","0.11","0.74","1.26","58.33","0.95","55.56","1.37","1.58","73.33","","","0","0","","",""
"W. Thomsen","Denmark 2.","AaB U19","LW, LAMF, LWF","18","0","","14","852","1","1.23","2","2.53","Denmark","unknown","0","no","5.49","6.65","60.32","0.32","0","0.11","1.49","0.11","0.13","0","10","1.06","20","10","3.17","33.33","9.82","60.22","19.12","41.44","2.75","4.86","0.42","20.81","73.6","4.65","65.91","0.85","50","0.27","0.42","1.16","1.69","81.25","3.7","51.43","1.58","3.7","74.29","","","0","0","","",""
"O. Sandris","Denmark 2.","Randers U19","LCMF, AMF, RDMF","17","0","2028-06-30","13","851","1","0.89","0","0.1","Denmark","unknown","0","no","8.46","5.39","58.82","2.12","55","0.21","5.34","0.11","0.09","0","5","0.53","60","20","0.53","20","0.32","66.67","2.86","48.15","1.06","0.32","0","30.67","77.24","8.88","58.33","1.8","47.06","0.01","0.21","0","2.96","60.71","0.95","33.33","0.53","5.5","42.31","","","0","0","","",""
"V. Dalsgaard","Denmark 2.","Nordsjælland U19","RWF, RCMF","19","0","2027-06-30","10","850","5","5.24","0","1.26","Denmark","","0","yes","6.04","6.99","60.61","0.74","0","0.11","2.11","0.53","0.55","0","30","3.18","63.33","16.667","0.85","25","5.51","55.77","14.29","38.52","3.6","2.75","0.32","35.05","83.99","7.09","67.16","2.22","52.38","0.13","0.32","0.64","4.02","65.79","2.01","52.63","0.85","4.87","73.91","","","0","0","","",""
"T. Kristjánsson","Denmark 2.","AGF U19","LAMF, LW, LWF","18","0","2030-06-30","10","846","4","1.77","1","0.6","Iceland","unknown","0","no","2.66","3.3","58.06","0.64","33.33","0","0.89","0.43","0.19","0","12","1.28","41.67","33.333","0.85","62.5","4.57","39.53","15.43","44.14","2.34","3.19","1.28","28.3","88.35","5.96","82.14","0.53","60","0.06","0","0.32","2.55","87.5","1.6","60","0.96","2.87","77.78","","","0","0","","",""
"A. Bertelsen","Denmark 2.","Nordsjælland U19","LCMF, RCMF, LAMF","20","0","","9","842","2","3","1","0.74","Denmark","","0","no","6.09","7.38","59.42","0.86","37.5","0","2.05","0.21","0.32","0","12","1.28","50","16.667","0.53","20","1.18","18.18","5.77","33.33","2.57","0.32","0.11","31","80.69","7.91","70.27","1.28","66.67","0.08","0.11","0.21","2.46","60.87","1.6","33.33","0.53","4.17","53.85","","","0","0","","",""
"M. Rasmussen","Denmark 2.","Nordsjælland U19","LB, LCB, RCB","17","0","2027-12-31","13","839","0","0.57","0","0.79","Denmark","unknown","0","no","5.36","4.61","58.14","2.9","77.78","0.21","3.64","0","0.06","0","3","0.32","0","0","0.97","44.44","0.64","83.33","3.86","55.56","0.97","0.86","0.11","68.12","87.56","27.35","80.39","6.65","56.45","0.08","0.21","0.43","10.83","74.26","1.93","50","0.75","13.62","79.53","","","0","0","","",""
"A. Raffnsøe Hoeg","Denmark 2.","Sønderjyske U19","DMF, LDMF, LCMF","20","0","2029-06-30","11","838","1","1.85","3","2.26","Denmark","","0","no","13.42","10.31","63.54","3.01","53.57","0.21","7.44","0","0.2","0","12","1.29","33.33","8.333","1.18","36.36","2.26","52.38","6.34","42.37","0.86","0.54","0.11","49.3","83.66","18.26","67.65","5.58","48.08","0.24","0","0.32","9.67","74.44","2.15","45","0.64","7.84","68.49","","","0","0","","",""
"T. Cevher","Denmark 2.","Brøndby U19","LCMF, CF","18","0","2027-06-30","16","834","0","0.78","1","0.5","Denmark","unknown","0","no","5.07","6.58","57.38","0.54","0","0.22","1.77","0","0.08","0","6","0.65","16.67","0","0.11","100","1.29","66.67","6.04","42.86","0.65","1.08","0","51.8","87.29","18.13","75","5.18","45.83","0.05","0.22","0.11","9.6","78.65","2.48","52.17","1.29","8.2","82.89","","","0","0","","",""
"X. Poulsen","Denmark 2.","København U19","LB","17","0","","12","828","1","0.78","1","0.52","Denmark","unknown","0","no","7.61","6.52","68.33","2.28","71.43","0.33","4.24","0.11","0.08","0","6","0.65","50","16.667","3.48","18.75","0.98","66.67","4.78","36.36","1.52","1.63","0.11","53.48","83.13","13.15","68.6","2.83","57.69","0.06","0","0.11","4.67","69.77","3.04","21.43","0.43","6.52","65","","","0","0","","",""
"J. Alphinas","Denmark 2.","Midtjylland U19","RB, LB, RWB","18","0","2027-06-30","16","826","0","0.11","0","0.41","Denmark","unknown","0","no","7.95","7.63","57.14","0.98","44.44","0","4.44","0","0.01","0","3","0.33","66.67","0","2.4","45.45","3.16","44.83","7.41","42.65","1.53","2.51","0","40.75","82.89","15.04","77.54","4.36","55","0.04","0","0.33","6.97","71.88","2.83","46.15","0.54","9.04","79.52","","","0","0","","",""
"I. Saani","Denmark 2.","Horsens U19","AMF, RCMF, LW","19","0","","16","826","3","1.72","3","1.56","Ghana","","0","no","5.77","4.79","70.45","2.18","25","0.11","2.12","0.33","0.19","0.11","24","2.62","50","12.5","2.29","33.33","3.05","60.71","9.81","45.56","3.16","1.85","0.11","29.42","74.07","7.63","61.43","4.14","65.79","0.17","0.11","0.65","4.14","65.79","2.29","52.38","1.09","4.14","71.05","","","0","0","","",""
"G. Jacobsen","Denmark 2.","Esbjerg U19","RB, LB, LCB","17","0","","11","825","1","0.37","2","1.2","Denmark","unknown","0","no","10.69","8.18","62.67","1.53","57.14","0.55","5.46","0.11","0.04","0","2","0.22","100","50","1.75","37.5","1.2","54.55","4.47","36.59","0.33","0.65","0","42","78.96","16.04","66.67","5.02","56.52","0.13","0","0.33","6.55","63.33","2.84","30.77","0.33","9.16","64.29","","","0","0","","",""
"M. Seim-Monsen","Denmark 2.","Nordsjælland U19","LWF, CF","19","0","2028-06-30","18","820","4","4.69","1","0.95","Norway","right","0","no","2.2","2.74","48","0.88","12.5","0.22","1.13","0.44","0.51","0","31","3.4","45.16","12.903","2.09","21.05","4.94","60","9.22","42.86","5.38","3.4","0.55","23.16","76.3","3.29","60","0.66","33.33","0.1","0.11","0.55","0.77","85.71","0.99","55.56","0.88","2.41","68.18","","","0","0","","",""
"E. Sahl Møller Jensen","Denmark 2.","Sønderjyske U19","LCMF, RCMF, RDMF","17","0","","11","809","1","0.96","2","1.13","Denmark","unknown","0","no","10.46","11.9","66.36","1.67","46.67","0.11","2.94","0.11","0.11","0.11","5","0.56","20","20","0.56","40","1","44.44","8.01","27.78","0.89","0.89","0","34.38","82.2","11.01","63.64","1.11","70","0.13","0.11","0.44","4.89","65.91","1.56","57.14","0.67","5.78","59.62","","","0","0","","",""
"H. Lux","Denmark 2.","Randers U19","RW","17","0","2027-06-30","10","806","2","2.48","0","1.36","Denmark","unknown","0","no","6.36","5.14","63.04","1.23","18.18","0","2.67","0.22","0.28","0.11","10","1.12","50","20","1.34","33.33","0.56","40","5.69","29.41","3.01","0.78","0.11","26.8","70.42","7.82","50","2.12","26.32","0.15","0","0.22","2.34","38.1","1.34","50","0.67","3.91","28.57","","","0","0","","",""
"A. Adu Boahen","Denmark 2.","Horsens U19","RB, LCMF, LDMF","18","0","","9","804","1","1.53","0","1.23","Ghana","","0","no","8.73","6.38","68.42","1.12","30","0","5.09","0.11","0.17","0","14","1.57","57.14","7.143","2.91","34.62","1.34","33.33","5.37","31.25","1.12","2.01","0.34","39.51","76.2","14.66","65.65","5.37","45.83","0.14","0.11","0.34","7.39","60.61","3.92","34.29","0.67","7.72","69.57","","","0","0","","",""
"F. Schmidt Petersen","Denmark 2.","København U19","LCMF, RDMF, DMF","18","0","","17","800","0","0.24","0","0.11","Denmark","unknown","0","no","9.56","8.33","55.41","3.49","51.61","0.23","6.36","0","0.03","0","7","0.79","28.57","0","0.34","0","0.11","0","1.35","33.33","0.45","0.34","0.11","54.23","86.31","17.1","73.68","4.84","44.19","0.01","0.11","0.11","8.21","69.86","0.9","75","0.68","8.1","66.67","","","0","0","","",""
"A. Diagne","Denmark 2.","AaB U19","AMF, CF, LWF","20","0","2028-06-30","11","792","3","2.1","1","1.29","Denmark","right","0","no","4.43","5","52.27","0.34","33.33","0.11","2.33","0.34","0.24","0","13","1.48","46.15","23.077","1.02","11.11","9.09","53.75","20.23","37.08","2.61","5.91","1.36","36.02","84.86","7.84","66.67","0.91","62.5","0.15","0.11","0.91","4.09","77.78","3.07","44.44","1.82","4.2","75.68","","","0","0","","",""
"O. Dall","Denmark 2.","Sønderjyske U19","LB","18","0","","11","789","0","0","0","0.16","Denmark","unknown","0","no","7.87","8.33","65.75","1.14","30","0.11","2.93","0","0","0","0","0","0","0","1.37","33.33","0.23","100","1.71","46.67","0.23","0.57","0.11","42.32","79.78","17","71.14","3.76","48.48","0.02","0","0.11","5.13","71.11","1.83","31.25","0.11","9.92","66.67","","","0","0","","",""
"E. Alase","Denmark 2.","Midtjylland U19","LW, RCMF, RWB","18","0","2030-12-31","18","788","3","0.99","0","1.16","Sweden","left","183","no","4.8","4.57","62.5","2.51","22.73","0","2.59","0.34","0.11","0","22","2.51","45.45","13.636","5.14","20","7.31","64.06","16.1","44.68","3.65","3.2","0.34","28.9","69.17","7.42","64.62","3.88","41.18","0.13","0","0.46","4","68.57","4.23","43.24","0.8","5.37","78.72","","","0","0","","",""
"N. Sabroe Lund","Denmark 2.","Sønderjyske U19","LB","18","0","","17","775","0","0.1","2","1.32","Denmark","unknown","0","no","8.36","7.2","58.06","1.28","45.45","0.23","4.3","0","0.01","0","3","0.35","0","0","2.79","33.33","0.81","57.14","3.25","32.14","0.93","0.35","0.12","39.6","70.67","16.03","52.9","7.55","33.85","0.15","0.12","0.35","7.08","45.9","3.95","44.12","1.05","9.52","69.51","","","0","0","","",""
"S. Ingvason","Denmark 2.","Midtjylland U19","GK","18","0","2028-12-31","8","775","0","0","0","0","Iceland","unknown","0","no","2.21","0","0","0.12","100","0","2.79","0","0","0","0","0","0","0","0","0","0","0","0","0","0","0","0","20.55","81.36","13.59","73.5","9.06","65.38","0","0","0","2.55","54.55","0.46","25","0.12","7.2","74.19","2.32","4.88","52.38","1.46","-7.39","-0.858","1.05"
"B. Bruhn Rasmussen","Denmark 2.","Sønderjyske U19","GK","19","0","2026-06-30","8","771","0","0","0","0","Denmark","","0","no","2.92","0.82","57.14","0.58","100","0","2.89","0","0","0","0","0","0","0","0","0","0","0","0.35","100","0","0","0","30.47","89.66","12.14","75.96","7","58.33","0","0","0","1.75","46.67","0","0","0","5.02","67.44","2.57","5.49","53.19","1.43","-9.77","-1.14","1.98"
"J. Emefile","Denmark 2.","Midtjylland U19","LAMF, LW, CF","19","0","2030-06-30","11","770","3","4.55","3","2.3","Denmark","","0","no","5.96","5.61","66.67","4.56","56.41","0.23","2.38","0.35","0.53","0","33","3.86","33.33","9.091","5.26","26.67","13.79","47.46","25.01","34.11","6.66","4.44","0.35","25.48","65.14","6.55","62.5","1.75","26.67","0.27","0.23","1.52","2.1","61.11","4.56","43.59","1.4","4.91","73.81","","","0","0","","",""
"B. Grønkjær","Denmark 2.","AaB U19","GK","18","0","2027-12-31","8","769","0","0","0","0","Denmark","","0","no","1.17","0","0","0.47","100","0","1.42","0","0","0","0","0","0","0","0","0","0","0","0.35","66.67","0","0","0","34.06","90.38","11.35","74.23","5.38","47.83","0","0","0","1.52","30.77","0","0","0","4.45","60.53","2.57","6.2","58.49","1.98","-5.07","-0.593","0.7"
"S. Schøt","Denmark 2.","AGF U19","LCB, LB","18","0","","14","769","0","0.9","1","0.23","Denmark","unknown","0","no","10.53","8.08","57.97","4.45","47.37","1.17","7.07","0","0.11","0","5","0.59","20","0","0.35","33.33","0.59","40","2.81","45.83","0.47","1.29","0.12","70.81","84.3","32.65","73.84","10.42","56.18","0.03","0","0.12","9.48","58.02","1.76","46.67","0.47","13.81","63.56","","","0","0","","",""
"E. Broberg","Denmark 2.","Brøndby U19","CF, RW, AMF","16","0","2029-06-30","12","766","3","2.2","4","2.17","Denmark","unknown","0","no","3.41","3.52","70","0.47","50","0","0.91","0.35","0.26","0","25","2.94","52","12","3.41","41.38","3.88","57.58","10.34","38.64","4.93","2.94","0.23","29.96","69.41","9.16","56.41","5.17","47.73","0.26","0.7","0.94","4.58","56.41","5.29","53.33","2.23","7.28","77.42","","","0","0","","",""
"Hamuza Sengooba","Denmark 2.","AGF U19","RCMF, DMF, LCMF","18","0","","8","765","3","2.37","0","0.04","Uganda","unknown","0","no","7.65","7.06","66.67","1.76","53.33","0.24","3.04","0.12","0.28","0","6","0.71","50","50","0.59","0","0.94","62.5","3.65","54.84","0.47","0.24","0.12","55.18","86.35","14.94","70.08","3.41","44.83","0","0.12","0","7.29","67.74","0.94","25","0.24","6.94","67.8","","","0","0","","",""
"A. Jørgensen","Denmark 2.","Lyngby U19","RDMF, LCMF, RW","19","0","2028-06-30","9","758","2","0.18","0","0.59","Denmark","right","0","yes","5.22","3.56","66.67","1.78","53.33","0","2.99","0.24","0.02","0","6","0.71","50","33.333","0.47","25","3.09","73.08","14.84","54.4","0.59","3.32","0.36","50.7","88.52","12.59","72.64","1.07","22.22","0.07","0","0.24","6.89","74.14","1.54","46.15","0.59","5.11","81.4","","","0","0","","",""
"E. Larsen","Denmark 2.","Brøndby U19","CF, RW, LW","18","0","2027-06-30","21","758","2","2.08","2","1.3","Denmark","","0","yes","5.58","6.53","52.73","2.02","41.18","0","2.66","0.24","0.25","0","11","1.31","54.55","18.182","2.02","35.29","2.85","41.67","5.7","37.5","2.49","1.54","0","28.26","70.17","8.91","58.67","1.66","35.71","0.15","0.24","0.59","3.56","60","3.56","56.67","2.14","5.11","76.74","","","0","0","","",""
"O. Ogunniyi","Denmark 2.","Horsens U19","RWB, RCB, RB","19","0","2026-12-31","9","749","1","0.44","1","0.83","Nigeria","unknown","0","no","12.14","7.21","73.33","1.92","62.5","0.48","5.8","0.12","0.05","0","7","0.84","28.57","14.286","3.48","41.38","3.72","70.97","9.85","50","2.04","3.97","1.2","40.25","76.42","14.06","65.81","4.33","44.44","0.1","0.12","0.48","4.57","73.68","3.48","44.83","0.84","7.33","80.33","","","0","0","","",""
"Chichi Capo","Denmark 2.","Midtjylland U19","LCB, RCB","18","0","","11","749","0","0","0","0","Côte d'Ivoire","","0","no","7.45","7.21","63.33","3.97","48.48","0","3.64","0","0","0","0","0","0","0","0.12","0","0.84","57.14","2.28","52.63","0","0.48","0.12","52.99","85.26","20.55","70.76","6.49","42.59","0","0","0.12","8.29","66.67","0.6","0","0","10.69","69.66","","","0","0","","",""
"G. Ankamafio","Denmark 2.","København U19","LCB","18","0","2026-12-31","9","743","0","0.21","1","0.22","Denmark","right","0","no","6.9","5.09","76.19","3.03","68","0.61","3.68","0","0.03","0","1","0.12","0","0","0","0","0","0","1.33","63.64","0.36","0.48","0.12","80.07","94.55","17.81","85.71","3.88","59.38","0.03","0.12","0.24","4.48","72.97","0.36","0","0.12","6.18","66.67","","","0","0","","",""
"M. Kristensen","Denmark 2.","Silkeborg U19","RB, LB","18","0","2027-06-30","17","737","0","0.2","1","0.76","Denmark","","0","no","7.82","8.55","55.71","1.34","18.18","0.12","3.14","0","0.02","0","2","0.24","50","0","3.54","17.24","2.32","52.63","6.35","38.46","1.34","1.71","0","37.73","76.7","9.04","60.81","1.47","50","0.09","0","0.37","1.95","62.5","3.18","38.46","0.85","5.37","56.82","","","0","0","","",""
"T. Ekstrand","Denmark 2.","Brøndby U19","CF","15","0","2028-06-30","11","736","4","3.04","0","0.41","Denmark","unknown","0","no","4.04","3.18","69.23","2.32","47.37","0","2.14","0.49","0.37","0.12","22","2.69","54.55","18.182","0.98","12.5","2.93","54.17","10.88","51.69","2.2","1.83","0.12","21.03","72.09","6.85","60.71","1.96","56.25","0.05","0.12","0.12","1.96","43.75","1.47","25","0.98","3.18","65.38","","","0","0","","",""
"F. Elkjær Andersen","Denmark 2.","AGF U19","LCB, RDMF, LB","18","0","","8","727","0","0.2","0","0.53","Denmark","left","0","no","6.31","3.84","54.84","1.49","41.67","0.25","4.72","0","0.02","0","8","0.99","12.5","0","0.37","33.33","1.49","41.67","6.81","30.91","0.62","2.35","0.25","60.41","85.66","22.28","73.33","7.43","45","0.07","0.12","0.12","8.79","61.97","1.11","44.44","0.5","8.29","68.66","","","0","0","","",""
"A. Odefalk","Denmark 2.","København U19","RAMF, RW, RWF","16","0","","15","724","3","1.53","1","1.29","Denmark","unknown","0","no","6.96","8.08","53.85","0.87","57.14","0","2.53","0.37","0.19","0.12","9","1.12","77.78","33.333","1.37","36.36","2.61","61.9","12.31","40.4","1.86","1.12","0.12","25.86","84.62","6.84","81.82","0.99","37.5","0.16","0.25","0.25","2.73","77.27","1.86","60","1.12","2.98","87.5","","","0","0","","",""
"S. Willum Høj Jensen","Denmark 2.","AaB U19","DMF, LCMF","19","0","","16","722","0","0.15","0","0.01","Denmark","unknown","0","no","12.84","11.84","66.32","1.5","58.33","0.37","5.64","0","0.02","0","1","0.12","100","0","0.25","0","0.75","50","3.24","50","0.5","0.25","0","33.91","77.57","11.47","64.13","2.99","33.33","0","0","0","4.36","65.71","1.25","70","0.75","5.61","55.56","","","0","0","","",""
"M. Andersen","Denmark 2.","OB U19","RB","20","0","2029-06-30","11","721","0","0.13","2","0.45","Denmark","","0","no","6.99","6.74","68.52","0.75","50","0.12","2.6","0","0.02","0","2","0.25","0","0","2.62","33.33","1.62","76.92","5.87","38.3","0.75","2.75","0.87","32.45","82.31","9.61","67.53","1.62","23.08","0.06","0","0.5","3.87","67.74","2.5","45","0.5","6.12","77.55","","","0","0","","",""
"R. Risnæs","Denmark 2.","København U19","CF, LW, LWF","19","0","","11","715","2","2.23","0","0.38","Denmark","right","0","no","5.29","7.05","53.57","4.78","31.58","0","1.79","0.25","0.28","0.25","12","1.51","50","16.667","0.25","50","2.14","52.94","8.43","25.37","3.15","1.13","0.13","14.6","81.9","3.78","80","0.25","100","0.05","0.13","0.5","0.76","83.33","1.01","75","1.13","1.51","75","","","0","0","","",""
"O. Haugstrup","Denmark 2.","AGF U19","LDMF, RDMF, LCMF","18","0","2028-06-30","8","714","2","0.44","0","0.63","Denmark","unknown","0","no","8.45","6.43","74.51","0.5","50","0.13","4.18","0.25","0.06","0","7","0.88","42.86","28.571","0.13","0","2.02","50","6.93","36.36","0.38","0.63","0","46.89","86.83","14.75","75.21","1.51","50","0.08","0.76","0.25","6.43","76.47","2.39","57.89","1.51","7.18","71.93","","","0","0","","",""
"A. Daramy","Denmark 2.","København U19","LW, LAMF","17","0","2028-06-30","12","703","2","1.64","1","4.05","Denmark","unknown","0","no","3.97","3.33","53.85","1.28","20","0","2.25","0.26","0.21","0","18","2.3","27.78","11.111","4.22","39.39","9.22","61.11","17.03","43.61","4.61","7.17","1.79","33.67","73","8.58","70.15","3.33","46.15","0.52","0.26","0.64","2.69","57.14","4.74","56.76","2.3","7.04","72.73","","","0","0","","",""
"O. Wørts","Denmark 2.","Nordsjælland U19","DMF, LCB","18","0","","18","703","0","0.44","0","0.4","Denmark","unknown","0","no","8.07","6.4","52","5.89","71.74","0.13","6.23","0","0.06","0","4","0.51","50","0","0.13","100","0.13","100","2.56","45","1.66","0.64","0","63.24","88.26","19.84","72.26","5.38","35.71","0.05","0.13","0","9.6","68","1.79","50","1.02","6.91","77.78","","","0","0","","",""
"M. Svane","Denmark 2.","Esbjerg U19","LB","19","0","2026-06-30","8","685","0","0","0","0.71","Denmark","","0","no","10.51","9.72","63.51","1.45","54.55","0.13","4.16","0","0","0","1","0.13","0","0","1.84","35.71","0.79","83.33","3.28","68","0.66","1.18","0.13","37.58","74.83","16.69","63.78","5.78","61.36","0.09","0","0","4.47","58.82","2.23","52.94","0.66","9.59","64.38","","","0","0","","",""
"T. Elnegaard","Denmark 2.","OB U19","GK","17","0","2026-06-30","7","674","0","0","0","0.02","Denmark","unknown","0","no","4.14","0.13","0","0.67","100","0","4.77","0","0","0","0","0","0","0","0","0","0","0","0.27","100","0","0","0","38.06","84.91","19.76","73.65","13.49","64.36","0","0","0","3.34","52","0.13","0","0","10.95","71.95","1.34","4.54","70.59","1.42","0.67","0.089","2.4"
"G. Knudsen","Denmark 2.","Vejle U19","GK","19","0","2026-06-30","7","673","0","0","0","0","Denmark","","0","no","2.67","0.13","0","0.53","100","0","3.03","0","0","0","0","0","0","0","0","0","0","0","0.13","100","0","0","0","42.39","89.59","15.25","74.56","9.36","58.57","0","0","0","1.47","36.36","0.27","50","0","6.69","56","1.34","5.08","73.68","1.91","4.29","0.574","2.01"
"L. Legaard","Denmark 2.","OB U19","CF, RAMF","17","0","2028-06-30","11","651","0","0.58","0","0.09","Denmark","unknown","0","no","3.04","4.7","50","4.7","20.59","0","0.84","0","0.08","0","7","0.97","14.29","0","0.83","16.67","1.52","63.64","7.19","30.77","2.76","0.28","0","15.9","69.57","3.87","64.29","0.14","0","0.01","0.28","0.14","0.83","50","1.38","50","1.38","2.07","66.67","","","0","0","","",""
"A. Knudsen","Denmark 2.","OB U19","RW, CF, LW","17","0","2027-12-31","18","639","0","1","0","0.93","Denmark","unknown","0","no","6.34","6.76","60.42","0.56","0","0.14","3.06","0","0.14","0","12","1.69","41.67","0","2.82","35","1.97","57.14","4.79","38.24","3.38","2.25","0.42","19.72","68.57","4.79","61.76","0.85","0","0.13","0","0.42","1.27","77.78","2.25","37.5","0.56","3.1","68.18","","","0","0","","",""
"A. Peyman","Denmark 2.","Lyngby U19","LAMF, LW, RW","18","0","","13","630","1","0.77","0","0.75","Denmark","unknown","0","no","7.86","7","55.1","1.43","30","0.29","4.33","0.14","0.11","0","8","1.14","37.5","12.5","0.71","100","1.86","76.92","9.57","43.28","2.71","0.86","0","24","72.62","8.71","54.1","2","35.71","0.11","0","0.29","2.71","42.11","1.14","50","1.14","3.43","50","","","0","0","","",""
"G. Wulff","Denmark 2.","OB U19","RCMF, DMF, RAMF","19","0","2026-06-30","9","622","1","0.66","0","0.53","Denmark","","0","no","7.52","8.25","66.67","1.45","50","0","2.58","0.14","0.09","0","8","1.16","37.5","12.5","1.45","40","3.04","52.38","9.55","46.97","1.45","1.3","0","40.08","81.59","11.43","68.35","1.74","41.67","0.08","0.14","0.29","5.06","71.43","3.47","33.33","1.01","4.77","66.67","","","0","0","","",""
"K. Bimpong","Denmark 2.","Horsens U19","LW, CF, LAMF","","0","","8","619","1","1.24","1","1.57","","","0","no","6.4","6.54","64.44","1.74","41.67","0.15","2.69","0.15","0.18","0","11","1.6","54.55","9.091","2.62","44.44","4.51","61.29","11.63","50","3.63","4.22","1.02","19.19","73.48","4.94","64.71","0.87","16.67","0.23","0.15","0.87","1.16","50","2.62","72.22","1.45","3.78","65.38","","","0","0","","",""
"L. Falk Hansen","Denmark 2.","AGF U19","RDMF, LDMF, RCMF","19","0","2028-06-30","10","618","1","0.52","0","0.16","Denmark","","0","no","9.9","8.45","68.97","2.04","64.29","0.87","4.63","0.15","0.08","0","5","0.73","40","20","0.29","50","1.31","77.78","4.37","46.67","0.73","1.75","0.15","36.41","87.6","9.9","73.53","1.6","18.18","0.02","0","0","3.93","74.07","0.87","50","0.15","4.81","63.64","","","0","0","","",""
"E. Bramsen","Denmark 2.","Randers U19","RCB, RB, LCB","18","0","","12","606","0","0","0","0","Denmark","","0","no","7.43","4.9","72.73","1.78","41.67","0.15","4.14","0","0","0","0","0","0","0","1.19","37.5","0","0","0.89","33.33","0.15","0.3","0","43.66","81.29","19.16","66.67","6.68","37.78","0","0","0","6.39","58.14","2.08","21.43","0.3","8.02","68.52","","","0","0","","",""
"A. Vogtmann","Denmark 2.","Sønderjyske U19","LB","20","0","2026-06-30","7","600","0","0.51","1","0.37","Denmark","","179","no","10.8","8.1","79.63","1.65","45.45","0.15","4.44","0","0.08","0","6","0.9","33.33","0","1.5","10","1.95","38.46","6.15","36.59","1.5","0.9","0.3","38.55","73.15","16.05","55.14","5.7","42.11","0.06","0.15","0.15","5.4","52.78","2.1","28.57","0.45","8.1","53.7","","","0","0","","",""
"J. Pedersen","Denmark 2.","Lyngby U19","RB, LB","17","0","","7","596","0","0.23","2","0.54","Denmark","unknown","0","no","13.44","10.72","63.38","2.57","41.18","0.6","7.37","0","0.03","0","5","0.76","20","0","1.36","33.33","3.17","52.38","9.36","38.71","1.36","1.21","0","30.05","69.35","13.74","60.44","2.87","42.11","0.08","0","0.6","3.78","56","1.66","45.45","0.6","7.4","51.02","","","0","0","","",""
"C. E. Lauridsen","Denmark 2.","Esbjerg U19","RWF, RW","19","0","","10","588","3","1.4","1","0.41","Denmark","unknown","0","no","4.9","5.36","60","1.53","20","0","1.72","0.46","0.21","0","11","1.68","72.73","27.273","1.53","20","1.38","66.67","5.2","32.35","3.06","1.07","0","14.69","69.79","2.91","42.11","0.92","33.33","0.06","0","0.15","0.92","33.33","1.53","30","1.07","1.84","33.33","","","0","0","","",""
"K. Bøgild","Denmark 2.","Silkeborg U19","LWF, RWF","15","0","","8","586","2","1.05","3","1.8","Denmark","","0","no","5.38","5.99","56.41","1.84","41.67","0.15","2.05","0.31","0.16","0","6","0.92","66.67","33.333","0.92","50","2.61","76.47","10.9","42.25","2.92","3.23","0.15","21.96","76.22","5.22","55.88","0.15","100","0.28","0.15","0.92","1.84","66.67","1.69","54.55","1.69","2.76","66.67","","","0","0","","",""
"O. Hummelshøj","Denmark 2.","AaB U19","RCB, LCB, RB","18","0","2027-06-30","11","569","0","0.26","0","0.1","Denmark","unknown","0","no","14.24","7.91","68","4.59","62.07","1.27","10","0","0.04","0","2","0.32","50","0","0","0","0.16","0","1.27","25","0.79","0","0","52.2","84.55","21.35","73.33","8.54","48.15","0.02","0","0","5.85","62.16","0.79","0","0.47","10.44","63.64","","","0","0","","",""
"M. Heyde","Denmark 2.","Nordsjælland U19","DMF, LDMF","19","0","2027-06-30","8","567","2","1.09","2","0.64","Denmark","right","0","no","10.63","8.73","76.36","0.48","66.67","0","4.93","0.16","0.17","0","15","2.38","53.33","13.333","0.95","33.33","0.79","60","6.03","44.74","0.48","1.43","0.16","88.1","87.39","25.56","78.26","7.94","42","0.1","0.16","0.32","18.1","75.44","3.49","54.55","1.11","14.13","86.52","","","0","0","","",""
"M. Mortensen","Denmark 2.","Brøndby U19","RB, RCB","17","0","","8","566","1","1.08","2","1.39","Denmark","unknown","0","no","8.59","6.36","80","2.7","41.18","0.64","5.12","0.16","0.17","0","7","1.11","57.14","14.286","1.91","50","1.11","71.43","4.77","46.67","2.86","1.91","0.8","33.87","84.98","9.06","77.19","2.23","57.14","0.22","0","1.11","3.18","90","2.39","66.67","1.27","6.36","80","","","0","0","","",""
"K. Baek Knudsen","Denmark 2.","Silkeborg U19","RWF, CF","18","0","","12","561","0","0.64","1","1.44","Denmark","","0","no","4.01","5.61","54.29","2.41","33.33","0","0.95","0","0.1","0","4","0.64","25","0","2.25","21.43","1.28","37.5","4.49","28.57","3.05","0.96","0.48","11.23","61.43","2.09","61.54","0.8","60","0.23","0","0.48","0.48","33.33","2.41","40","1.12","0.96","100","","","0","0","","",""
"W. Nørløv","Denmark 2.","København U19","RB","18","0","","9","554","0","0","1","0.28","Denmark","","0","no","10.88","9.91","67.21","1.95","41.67","0.32","5.13","0","0","0","0","0","0","0","2.92","27.78","1.3","50","5.69","28.57","0.97","2.44","0.65","47.6","81.23","13.16","71.6","3.57","27.27","0.05","0.16","0.16","3.74","52.17","1.95","33.33","0.32","6.66","53.66","","","0","0","","",""
"E. Christiansen","Denmark 2.","AaB U19","LB","18","0","","13","545","0","0.2","0","0.41","Denmark","unknown","0","no","7.93","9.74","54.24","0.83","0","0","2.63","0","0.03","0","4","0.66","0","0","2.15","30.77","0.5","33.33","2.48","40","1.16","1.16","0","42.28","76.17","14.2","65.12","4.29","38.46","0.07","0","0.17","6.44","64.1","2.15","23.08","0.17","6.61","52.5","","","0","0","","",""
"S. Jaw","Denmark 2.","København U19","LW, LAMF, LWF","18","0","","11","545","3","1.94","1","0.13","Gambia","","0","no","6.11","6.77","48.78","2.31","14.29","0","3.53","0.5","0.32","0","9","1.49","44.44","33.333","1.16","28.57","2.97","61.11","9.58","36.21","4.29","3.47","0.5","23.78","82.64","4.95","73.33","1.32","75","0.02","0.33","0","1.49","77.78","2.81","76.47","1.82","2.64","81.25","","","0","0","","",""
"V. Holmstrøm","Denmark 2.","AaB U19","LB, RB, RCB","17","0","","9","539","0","0.09","2","0.62","Denmark","unknown","0","no","13.69","11.52","65.22","0.83","40","0.5","6.43","0","0.01","0","2","0.33","100","0","1.5","33.33","1.67","50","5.18","32.26","0.67","1","0","40.07","76.67","13.36","61.25","4.84","51.72","0.1","0.17","0.33","4.84","58.62","2.34","35.71","0.33","8.01","62.5","","","0","0","","",""
"N. Ercan","Denmark 2.","Nordsjælland U19","LWF, LCMF, LAMF","18","0","2027-06-30","8","537","2","3.64","3","2.09","Denmark","unknown","0","no","6.2","7.04","64.29","0.5","33.33","0","2.08","0.34","0.61","0","20","3.35","65","10","3.18","15.79","7.04","73.81","16.42","48.98","7.54","4.69","0.17","28.99","80.92","5.36","81.25","1.17","57.14","0.35","0.34","1.01","2.51","80","3.18","68.42","2.51","5.2","90.32","","","0","0","","",""
"G. Holgersen Kaspersen","Denmark 2.","AGF U19","LCB, LB","17","0","","9","524","0","0.03","2","0.59","Denmark","unknown","0","no","11.51","8.42","59.18","3.61","38.1","0.34","7.81","0","0.01","0","1","0.17","0","0","0.86","60","1.37","37.5","4.64","33.33","0.86","1.03","0","49.64","83.39","23.02","71.64","7.04","39.02","0.1","0","0.52","7.04","60.98","1.37","12.5","0.17","9.62","69.64","","","0","0","","",""
"N. Slotsager","Denmark 2.","Esbjerg U19","LWF, RWF, RB","17","0","","15","522","0","0.2","0","0.1","Denmark","unknown","0","no","5.69","5.69","72.73","1.03","33.33","0","1.64","0","0.03","0","3","0.52","100","0","0.86","60","1.03","50","3.79","31.82","0.34","0.86","0","13.79","78.75","3.97","56.52","1.03","66.67","0.02","0","0","1.72","50","1.72","70","0.69","2.41","71.43","","","0","0","","",""
"A. Muhammad","Denmark 2.","Vejle U19","CF, RW, RAMF","19","0","","14","518","0","0.81","0","0.12","Denmark","","0","no","4.17","4","56.52","3.47","70","0","1.52","0","0.14","0","8","1.39","25","0","0.52","33.33","1.56","33.33","6.95","17.5","2.78","0.87","0","14.77","68.24","2.43","42.86","0","0","0.02","0","0.17","0.69","75","0.35","100","0.69","2.43","35.71","","","0","0","","",""
"J. Batigi","Denmark 2.","Horsens U19","LWF, AMF, LCMF","19","0","2029-06-30","6","518","1","1.43","1","0.38","Ghana","unknown","0","no","3.82","3.47","65","1.74","30","0.17","1.62","0.17","0.25","0","13","2.26","30.77","7.692","1.39","62.5","1.91","54.55","10.6","42.62","3.3","3.47","0.35","19.81","73.68","4.86","75","0.69","75","0.07","0.35","0.52","1.39","75","2.61","46.67","1.39","3.47","70","","","0","0","","",""
"D. Stojanovic","Denmark 2.","Silkeborg U19","LB, LWF","16","0","","6","516","1","0.3","0","0.2","Denmark","unknown","0","no","8.02","8.37","52.08","0.87","60","0.52","3.94","0.17","0.05","0","3","0.52","66.67","33.333","5.58","37.5","6.8","53.85","17.27","49.49","2.27","3.49","0.17","39.42","79.2","9.94","78.95","2.27","53.85","0.04","0","0.17","2.09","66.67","5.23","40","0.52","6.63","65.79","","","0","0","","",""
"L. Riggelsen","Denmark 2.","Sønderjyske U19","RB, LB, RCB","19","0","","14","510","0","0","1","0.02","Denmark","unknown","0","no","7.94","10.24","46.55","2.12","25","0","3.62","0","0","0","0","0","0","0","0.88","0","0.71","75","3.35","31.58","0","0.71","0","36","76.96","13.59","66.23","5.47","41.94","0","0","0.18","7.06","62.5","1.41","25","0.18","9.35","64.15","","","0","0","","",""
"L. Thomsen","Denmark 2.","AGF U19","RDMF, LDMF, RCMF","17","0","","15","508","0","0.01","1","0.47","Denmark","unknown","0","no","7.62","6.56","62.16","0.53","33.33","0.18","4.72","0","0","0","2","0.35","0","0","0","0","0.71","25","3.19","22.22","0.18","0.35","0","48.01","88.93","12.22","76.81","1.95","45.45","0.08","0","0.18","5.67","71.88","0.71","50","0.53","3.9","45.45","","","0","0","","",""
"B. Skovgaard","Denmark 2.","AaB U19","CF","19","0","2028-06-30","6","507","3","2.22","0","0.02","Denmark","","0","yes","2.31","3.02","52.94","1.78","50","0","0.85","0.53","0.39","0","11","1.95","36.36","27.273","0.71","75","1.07","33.33","7.63","30.23","4.08","0.71","0","16.15","75.82","3.55","60","1.42","37.5","0","0","0","2.13","58.33","0.89","40","0","2.13","75","","","0","0","","",""
"H. Kropp","Denmark 2.","Lyngby U19","CF","17","0","","12","502","1","1.48","0","0.11","Denmark","","0","no","3.94","3.05","70.59","1.79","40","0.18","2.31","0.18","0.27","0","8","1.43","50","12.5","1.08","16.67","1.97","72.73","8.78","28.57","2.69","1.43","0.18","16.67","73.12","3.41","47.37","0","0","0.02","0.18","0.18","0.9","60","1.25","28.57","0.9","1.61","55.56","","","0","0","","",""
"J. Jepesen","Denmark 2.","Lyngby U19","CF, RW","18","0","","8","501","1","0.89","0","0.13","Denmark","unknown","0","no","3.59","4.67","53.85","1.98","36.36","0","1.27","0.18","0.16","0","8","1.44","37.5","12.5","0.72","25","2.34","30.77","6.29","28.57","2.51","1.44","0.18","18.68","68.27","4.31","58.33","0.36","0","0.02","0","0","1.98","72.73","1.26","0","0","2.16","33.33","","","0","0","","",""
"C. Linde Nygaard","Denmark 2.","Esbjerg U19","GK","19","0","","5","485","0","0","0","0","Denmark","unknown","0","no","3.34","0","0","0.56","66.67","0","3.46","0","0","0","0","0","0","0","0","0","0","0","0.37","0","0","0","0","37.11","89","13.18","74.65","7.24","53.85","0","0","0","1.3","42.86","0.19","0","0","5.01","48.15","1.48","3.71","60","1.25","-1.29","-0.239","1.86"
"B. Baldursson","Denmark 2.","Esbjerg U19","DMF, RCB, LCB","19","0","2028-06-30","6","483","1","0.59","0","0.05","Iceland","","0","no","7.83","3.73","90","0.93","80","0.37","4.53","0.19","0.11","0.19","3","0.56","33.33","33.333","0","0","0.37","50","2.42","69.23","0.56","0.93","0","58.88","88.92","18.26","74.49","5.96","56.25","0.01","0","0","7.45","67.5","0.75","25","0.19","10.43","64.29","","","0","0","","",""
"Y. Abbas","Denmark 2.","Horsens U19","RW, LW","16","0","2027-06-30","10","482","1","0.86","0","0.24","Denmark","unknown","0","no","5.23","5.23","57.14","0.75","0","0","2.86","0.19","0.16","0","6","1.12","33.33","16.667","0.93","40","4.85","38.46","11.58","37.1","1.49","3.73","0.93","15.87","80","3.36","55.56","0.19","100","0.05","0.37","0.37","0.75","50","1.49","37.5","0.56","1.31","71.43","","","0","0","","",""
"T. Gade","Denmark 2.","Randers U19","CF, RAMF, RW","18","0","","16","480","0","0.73","1","0.7","Denmark","unknown","0","no","5.06","6.38","50","2.06","18.18","0.19","2.17","0","0.14","0","7","1.31","42.86","0","2.63","14.29","1.88","70","5.44","41.38","3.75","2.06","0.75","12.75","66.18","2.63","42.86","0.56","66.67","0.13","0","0.75","0.75","75","1.88","10","0.38","1.5","87.5","","","0","0","","",""
"B. Konteh Krubally","Denmark 2.","Midtjylland U19","RCB, LCB","19","0","2031-06-30","5","479","0","0.02","0","0.37","Sweden","unknown","0","no","7.14","3.57","73.68","2.44","53.85","0.38","5.45","0","0","0","1","0.19","0","0","0.19","100","1.88","60","6.58","45.71","1.32","0.56","0","52.23","92.45","15.78","79.76","3.38","50","0.07","0.19","0.38","6.76","75","0.19","0","0.19","4.13","77.27","","","0","0","","",""
"S. Biller Mikkelsen","Denmark 2.","Silkeborg U19","LWF, AMF","19","0","2027-12-31","5","468","1","0.56","1","0.88","Denmark","right","0","yes","3.65","3.85","65","1.35","42.86","0.19","1.21","0.19","0.11","0","9","1.73","33.33","11.111","0.58","0","3.85","65","11.73","40.98","1.35","3.65","0.19","25.96","85.93","4.81","68","0.96","60","0.17","0","0.19","1.92","90","1.15","66.67","0.58","2.88","66.67","","","0","0","","",""
"G. Efe Egbedi","Denmark 2.","AGF U19","CF, RAMF, RW","17","0","","11","462","0","0.84","2","0.88","Denmark","unknown","0","no","3.7","4.48","56.52","2.53","23.08","0","1.4","0","0.16","0","4","0.78","25","0","0.78","25","1.95","30","12.86","27.27","2.14","2.34","0.58","14.81","80.26","2.73","50","0.78","25","0.17","0","0.58","1.17","66.67","0.97","80","1.17","1.75","66.67","","","0","0","","",""
"N. Bosselmann","Denmark 2.","Lyngby U19","LB","19","0","","7","456","0","0.22","0","0","Denmark","","0","no","12.04","7.5","60.53","1.58","62.5","0.39","8.87","0","0.04","0","2","0.39","50","0","1.58","25","2.57","53.85","5.53","50","0.99","1.18","0","40.66","76.7","15","61.84","4.14","28.57","0","0","0","5.53","53.57","1.38","14.29","0","7.11","52.78","","","0","0","","",""
"D. Sarapata","Denmark 2.","København U19","RCMF, DMF","18","0","2029-06-30","5","451","0","0.21","0","0.04","Poland","right","0","yes","9.98","4.59","73.91","0.4","100","0.2","7.27","0","0.04","0","3","0.6","33.33","0","0.8","25","2.59","46.15","10.38","32.69","0.6","2.99","0.4","47.89","87.5","12.77","75","2.59","76.92","0.01","0.2","0","5.79","75.86","1.8","55.56","1","5.59","60.71","","","0","0","","",""
"O. Fenger","Denmark 2.","Brøndby U19","CF","","0","","7","451","7","3.29","0","0.15","Denmark","","0","no","3.99","3.79","47.37","4.39","45.45","0.2","3","1.4","0.66","0","15","2.99","66.67","46.667","0.4","0","3.19","50","10.18","27.45","4.79","1.4","0.2","9.38","61.7","0.8","75","0.2","0","0.03","0","0.2","1","60","0.4","100","0.8","1","60","","","0","0","","",""
"J. Gretlund","Denmark 2.","Brøndby U19","RCB, RCMF, LCMF","17","0","2028-06-30","5","448","0","0.41","0","0.02","Denmark","unknown","0","no","7.83","7.43","70.27","3.01","73.33","0","3.82","0","0.08","0","2","0.4","50","0","0","0","0.8","50","3.42","47.06","0.6","1.81","0","53.64","88.39","16.88","72.62","2.81","35.71","0","0","0","7.83","74.36","0.2","0","0.2","6.03","73.33","","","0","0","","",""
"J. Lagoni Thorsen","Denmark 2.","Sønderjyske U19","DMF, RDMF, RCMF","18","0","","14","447","0","0.47","0","0.12","Denmark","unknown","0","no","8.46","6.85","70.59","1.81","22.22","0.4","4.36","0","0.09","0","3","0.6","0","0","0.81","75","0.81","25","5.64","35.71","0.6","0.4","0","35.03","81.61","11.88","67.8","3.22","50","0.02","0","0","5.44","74.07","1.81","44.44","0.4","5.44","59.26","","","0","0","","",""
"M. Bonde","Denmark 2.","AaB U19","DMF","19","0","2028-06-30","5","446","0","0.14","0","0.37","Denmark","unknown","0","no","11.3","9.69","66.67","2.83","50","0.2","5.74","0","0.03","0","3","0.61","0","0","1.01","40","2.42","50","11.7","41.38","0.81","2.22","0","63.97","84.23","22.4","69.37","7.47","43.24","0.07","0","0.61","9.08","64.44","3.23","50","1.01","9.69","72.92","","","0","0","","",""
"M. Andersen","Denmark 2.","Brøndby U19","LB, RB, LAMF","18","0","","8","443","0","0.29","1","0.46","Denmark","unknown","0","no","4.47","4.27","47.62","1.42","14.29","0.2","3.08","0","0.06","0","5","1.02","40","0","1.63","12.5","2.03","40","7.11","40","2.84","3.66","0.81","44.09","76.5","17.07","65.48","4.67","43.48","0.09","1.02","0.81","6.91","55.88","3.05","46.67","2.23","9.35","76.09","","","0","0","","",""
"W. Martin","Denmark 2.","OB U19","LW, AMF, DMF","19","0","2027-06-30","6","441","1","1.53","1","0.61","Republic of Ireland","right","0","no","3.47","4.9","50","0.2","100","0","1.32","0.2","0.31","0","14","2.86","42.86","7.143","2.24","27.27","3.88","57.89","9.39","41.3","4.9","3.27","0.2","41.43","83.74","11.43","71.43","2.04","30","0.12","0","0.61","6.12","60","3.06","73.33","1.84","5.1","84","","","0","0","","",""
"V. Daðason","Denmark 2.","København U19","CF","17","0","2028-06-30","5","435","5","3.53","1","0.28","Iceland","unknown","0","no","3.1","3.31","81.25","1.86","33.33","0","0.5","1.03","0.73","0.41","17","3.52","64.71","29.412","1.03","0","2.28","27.27","8.07","23.08","5.79","1.86","0.21","14.07","61.76","2.28","27.27","0.83","50","0.06","0.41","0.41","1.03","40","1.24","33.33","0.62","1.45","57.14","","","0","0","","",""
"R. Flügge","Denmark 2.","Lyngby U19","RW, RAMF","18","0","","9","435","0","0.45","1","0.25","Denmark","unknown","0","no","6.62","6.62","59.38","1.45","14.29","0","3.12","0","0.09","0","4","0.83","50","0","2.9","42.86","2.9","50","12","32.76","0.83","1.45","0.41","31.66","81.7","7.66","81.08","3.72","50","0.05","0","0.21","2.9","71.43","3.1","33.33","0.21","6.41","64.52","","","0","0","","",""
"T. Lykkebak","Denmark 2.","Vejle U19","RW, LW, RWF","19","0","2028-06-30","5","434","3","1.23","1","0.61","Denmark","","0","no","10.37","9.54","80.43","1.66","12.5","0","3.08","0.62","0.25","0","7","1.45","71.43","42.857","3.73","27.78","5.81","60.71","14.31","46.38","4.15","4.35","0.83","29.65","66.43","9.54","58.7","2.07","50","0.13","0.21","0.62","4.98","54.17","4.77","52.17","1.66","6.01","79.31","","","0","0","","",""
"O. Darboe","Denmark 2.","Horsens U19","CF","18","0","","7","422","0","2.15","0","0.02","Gambia","","192","no","5.12","4.27","50","7.04","42.42","0.21","3.28","0","0.46","0","10","2.13","40","0","0.85","0","1.07","80","7.25","32.35","3.63","0.43","0","13.22","70.97","3.41","56.25","0.21","0","0","0","0","1.07","60","0.43","0","0","0.64","66.67","","","0","0","","",""
"F. Carstensen","Denmark 2.","Horsens U19","CF, LW, RAMF","16","0","","7","422","1","0.75","0","0.09","Denmark","unknown","0","no","5.76","5.12","70.83","2.77","15.38","0","2.46","0.21","0.16","0","5","1.07","40","20","0.64","0","0.85","25","5.97","21.43","1.92","0.64","0.21","13.86","70.77","3.84","50","0.43","50","0.02","0.21","0","0.64","66.67","0.85","50","0.64","2.56","33.33","","","0","0","","",""
"N. Krucov Knudsen","Denmark 2.","Lyngby U19","RAMF, RW, LAMF","17","0","","9","421","0","0.12","0","0.29","Denmark","","0","no","6.84","7.27","61.76","1.07","40","0.21","2.48","0","0.02","0","4","0.86","25","0","1.92","33.33","2.14","50","8.76","36.59","2.14","1.92","0","22.23","76.92","7.48","62.86","1.28","66.67","0.06","0","0.64","2.14","80","2.14","30","0.43","3.85","55.56","","","0","0","","",""
"V. Vestergaard","Denmark 2.","AaB U19","CF, RWF, AMF","18","0","2027-01-26","9","421","0","2","0","0.37","Denmark","unknown","0","no","4.7","5.77","55.56","4.06","26.32","0","1.37","0","0.43","0","12","2.57","33.33","0","1.28","33.33","5.13","45.83","11.97","37.5","2.57","2.78","0.43","16.89","68.35","2.57","33.33","0.86","25","0.08","0","0.21","1.28","50","1.71","37.5","0.86","1.92","44.44","","","0","0","","",""
"L. Risager Kristensen","Denmark 2.","Horsens U19","RCB","18","0","2026-06-30","5","417","0","0","0","0","Denmark","","0","no","8.85","6.26","75.86","2.59","33.33","0","4.67","0","0","0","0","0","0","0","0.65","0","0.43","50","2.59","58.33","0.65","1.51","0","54.39","81.35","23.31","61.11","8.42","43.59","0","0","0","9.28","53.49","2.59","25","0.43","11.87","65.45","","","0","0","","",""
"W. Thomsen","Denmark 2.","AGF U19","CF, LAMF, RAMF","18","0","","11","408","3","1.06","0","0.07","Denmark","unknown","0","no","3.97","4.63","42.86","4.19","52.63","0.22","1.91","0.66","0.23","0","5","1.1","100","60","0.88","50","3.75","52.94","7.5","29.41","2.43","1.76","0","20.74","71.28","5.29","62.5","1.32","66.67","0.02","0.44","0.22","1.54","57.14","1.54","71.43","1.1","3.53","43.75","","","0","0","","",""
"D. Wurst","Denmark 2.","Sønderjyske U19","CF, AMF, RWF","18","0","","8","403","2","0.98","0","0.73","Denmark","unknown","0","no","6.7","7.37","63.64","2.01","22.22","0","2.33","0.45","0.22","0.22","9","2.01","44.44","22.222","0.45","0","1.56","42.86","11.17","28","3.8","1.79","0.45","23","86.41","3.57","75","0.45","100","0.16","0.22","0.45","2.01","88.89","1.12","40","1.12","1.79","87.5","","","0","0","","",""
"S. Christensen","Denmark 2.","København U19","LB, RB, LCB","17","0","","9","392","0","0","1","0","Denmark","unknown","0","no","4.59","3.21","57.14","1.61","28.57","0.23","3.36","0","0","0","0","0","0","0","2.3","30","0.92","50","3.21","42.86","0.46","1.15","0.23","63.83","86.69","21.81","75.79","5.74","44","0","0","0.23","10.1","65.91","2.3","30","0.46","9.87","79.07","","","0","0","","",""
"R. Kock Petersen","Denmark 2.","Vejle U19","LCMF, RCMF, DMF","18","0","","4","386","0","0.03","0","0","Denmark","unknown","0","no","15.31","6.25","65","1.88","33.33","0.31","12.91","0","0.01","0","1","0.31","0","0","0.31","100","0.63","50","5","31.25","0","0.63","0","58.44","87.7","13.75","68.18","5.63","55.56","0","0","0","4.69","60","0.94","66.67","0.31","7.5","45.83","","","0","0","","",""
"S. Novrup","Denmark 2.","Midtjylland U19","GK","19","0","2026-06-30","4","385","0","0","0","0","Denmark","unknown","0","no","1.87","0.47","50","1.17","100","0","1.96","0","0","0","0","0","0","0","0","0","0","0","0.23","100","0","0","0","26.65","84.21","15.43","75.76","10.75","63.04","0","0","0","2.81","75","0","0","0","7.71","75.76","2.1","4.68","55","1.27","-3.57","-0.835","1.87"
"C. Kristoffersen","Denmark 2.","Nordsjælland U19","GK","18","0","","4","383","0","0","0","0","Denmark","unknown","0","no","1.88","0.23","100","0.23","100","0","2.19","0","0","0","0","0","0","0","0","0","0","0","0","0","0","0","0","29.37","89.6","10.34","81.82","4.7","55","0","0","0","1.41","50","0.23","0","0","3.99","47.06","1.64","2.11","22.22","0.76","-3.76","-0.884","0.47"
"A. Holm","Denmark 2.","Sønderjyske U19","LB, RWF, RB","18","0","","8","381","0","0.55","0","0","Denmark","unknown","0","no","7.09","6.85","34.48","1.18","20","0","3.98","0","0.13","0","2","0.47","0","0","1.42","50","0.71","33.33","2.36","50","1.65","0.47","0","26.69","75.22","13.23","62.5","4.25","27.78","0","0","0","4.96","61.9","1.42","50","0.24","7.32","74.19","","","0","0","","",""
"J. Lucena","Denmark 2.","Esbjerg U19","LWF, RWF, CF","18","0","","5","378","1","1.77","1","0.79","Denmark","unknown","0","no","3.81","2.86","33.33","4.76","35","0","3.13","0.24","0.42","0","11","2.62","63.64","9.091","0.71","33.33","3.57","46.67","11.43","35.42","4.76","2.38","0.48","16.19","73.53","5.95","48","0.95","50","0.19","0","0.48","1.67","71.43","1.9","62.5","1.43","4.29","66.67","","","0","0","","",""
"O. Obel","Denmark 2.","Esbjerg U19","RB, RCMF","18","0","","10","367","0","0.36","0","0.02","Denmark","unknown","0","no","8.58","8.58","68.57","2.45","30","0","2.54","0","0.09","0","1","0.25","0","0","0.74","66.67","0.49","50","3.19","30.77","1.23","0","0","25.26","79.61","9.56","61.54","2.7","45.45","0","0.25","0.25","4.66","68.42","0.98","75","0.49","5.64","73.91","","","0","0","","",""
"P. Kristensen","Denmark 2.","Sønderjyske U19","LCB","19","0","2029-06-30","5","364","0","0.35","0","0","Denmark","unknown","0","no","10.14","4.7","78.95","2.97","58.33","0.49","6.29","0","0.09","0","3","0.74","0","0","0.25","0","0","0","1.24","40","0.49","0","0","66.02","87.64","30.16","80.33","9.4","52.63","0","0","0","8.41","52.94","0.99","25","0","12.36","74","","","0","0","","",""
"G. Tranbjerg","Denmark 2.","Esbjerg U19","RB","17","0","","9","347","0","0.01","0","0.1","Denmark","unknown","0","no","9.86","9.34","63.89","2.07","12.5","0","3.39","0","0","0","1","0.26","0","0","0.52","0","2.07","50","6.74","38.46","1.04","0.52","0.26","29.31","83.19","6.74","69.23","1.56","16.67","0.03","0","0","3.11","75","0","0","0.26","3.89","46.67","","","0","0","","",""
"B. Jepsen","Denmark 2.","Horsens U19","RCB, RB, CB","16","0","2028-06-30","5","345","0","0","0","0","Denmark","unknown","0","no","12.26","7.83","66.67","2.35","44.44","0.26","8.13","0","0","0","0","0","0","0","0.26","0","0","0","1.04","0","0","0","0","43.3","81.93","19.57","74.67","8.61","36.36","0","0","0","9.65","59.46","1.83","14.29","0.26","8.61","69.7","","","0","0","","",""
"L. Osmani","Denmark 2.","Horsens U19","AMF, LW, RWF","19","0","2026-06-30","6","343","2","2.05","0","0.5","Denmark","","0","no","4.99","3.67","57.14","3.67","50","0.26","3","0.52","0.54","0","9","2.36","66.67","22.222","1.05","50","2.62","30","7.35","17.86","3.94","1.31","0.26","18.1","65.22","3.67","42.86","0.52","0","0.13","0","0.52","2.1","25","1.05","50","0.26","2.62","60","","","0","0","","",""
"A. Guðjónsson","Denmark 2.","Midtjylland U19","CF, LCMF","16","0","2028-06-30","7","333","3","1.85","2","0.34","Iceland","unknown","0","no","2.16","2.7","50","3.24","16.67","0.27","1.1","0.81","0.5","0","11","2.97","63.64","27.273","1.35","0","0.81","33.33","4.59","29.41","6.49","0.81","0","11.89","70.45","1.62","83.33","1.08","75","0.09","0.27","0.54","1.89","85.71","1.35","80","0.81","1.35","80","","","0","0","","",""
"Daniel Dias Lucas","Denmark 2.","Midtjylland U19","RCB, LCB","19","0","2026-06-30","5","324","0","0","0","0","Portugal","unknown","0","no","6.67","6.39","65.22","1.94","42.86","0.28","3.1","0","0","0","0","0","0","0","0.28","0","0.56","50","1.94","57.14","0","1.94","0","60.56","89.91","21.39","81.82","5.56","55","0","0","0","11.11","80","0.83","0","0","8.89","75","","","0","0","","",""
"M. Leth Thomsen","Denmark 2.","Horsens U19","AMF, LAMF, LW","18","0","","10","319","0","0.38","0","0.17","Denmark","unknown","0","no","4.8","6.21","63.64","1.41","20","0","1.07","0","0.11","0","2","0.56","50","0","0.28","100","1.41","20","3.95","28.57","2.54","1.13","0.28","17.49","83.87","4.51","62.5","0.28","0","0.05","0","0.28","1.13","75","1.97","71.43","1.69","1.97","71.43","","","0","0","","",""
"F. Nygaard Jürgensen","Denmark 2.","Sønderjyske U19","DMF, LDMF, LCMF","18","0","","10","317","0","0","0","0.01","Denmark","","0","no","8.8","8.52","60","1.42","40","0.28","4.15","0","0","0","0","0","0","0","0.28","0","0.57","100","3.41","25","0.28","0.57","0","34.35","75.21","11.92","45.24","5.39","26.32","0","0","0","5.11","50","1.42","0","0","3.69","53.85","","","0","0","","",""
"G. Bozic","Denmark 2.","Vejle U19","LCMF, RCMF, RW","18","0","","12","312","1","0.39","0","0","Croatia","unknown","0","no","10.67","10.1","57.14","2.31","25","0.29","6.07","0.29","0.11","0","2","0.58","100","50","1.44","20","1.44","20","6.06","38.1","1.73","0.58","0.58","28.27","78.57","9.23","68.75","2.31","50","0","0","0.29","4.33","66.67","1.73","50","1.15","4.62","68.75","","","0","0","","",""
"Y. Taffal","Denmark 2.","Randers U19","LAMF, LW, CF","17","0","2028-06-30","6","310","0","0.81","0","0.2","Denmark","unknown","0","no","11.32","11.61","52.5","0.29","0","0","5.1","0","0.24","0","8","2.32","25","0","1.16","0","11.61","50","23.23","38.75","2.9","2.9","0.29","26.13","67.78","8.71","63.33","3.19","63.64","0.06","0","0","3.48","66.67","1.45","20","1.16","6.68","69.57","","","0","0","","",""
"A. Sønderskov","Denmark 2.","Vejle U19","LCB","19","0","2029-06-30","4","307","0","0.41","0","0","Denmark","","0","no","15.54","7.62","73.08","6.74","47.83","1.17","12.53","0","0.12","0","1","0.29","0","0","0","0","0","0","2.93","40","0.88","0.29","0","78.27","88.01","29.02","77.78","7.62","50","0","0","0","4.98","52.94","0.29","0","0","12.9","52.27","","","0","0","","",""
"M. Kaarsbo","Denmark 2.","Lyngby U19","RCMF, RW, RAMF","20","0","2028-06-30","4","302","1","0.99","1","0.54","Denmark","","0","no","6.56","7.75","50","0.89","66.67","0.3","3.21","0.3","0.29","0.3","5","1.49","40","20","0.6","100","2.68","88.89","14.9","46","1.19","2.38","0.3","31.59","85.85","8.64","68.97","2.09","85.71","0.16","0.3","0.3","3.58","75","2.09","71.43","1.79","4.17","57.14","","","0","0","","",""
"A. Noshe","Denmark 2.","AaB U19","RW, RAMF, CF","20","150000","2026-06-30","5","302","1","1.05","0","0.43","Denmark","right","174","no","5.66","5.96","75","2.68","33.33","0","1.36","0.3","0.31","0","4","1.19","25","25","3.58","41.67","5.07","35.29","10.43","22.86","3.87","5.07","0.6","26.23","81.82","4.47","73.33","0.3","100","0.13","0","0.89","0.89","100","2.38","75","0.89","4.17","85.71","","","0","0","","",""
"М. Bach","Denmark 2.","AaB U19","GK","16","0","","3","288","0","0","0","0","Denmark","unknown","0","no","1.88","0.31","100","0","0","0","1.69","0","0","0","0","0","0","0","0","0","0","0","0.31","100","0","0","0","44.38","86.62","22.81","75.34","14.06","71.11","0","0","0","3.13","40","0.31","100","0","11.88","60.53","3.75","10","62.5","2.3","-4.63","-1.447","0.31"
"Alamara Djabi","Denmark 2.","Midtjylland U19","LDMF, DMF, LCMF","19","0","2029-06-30","3","286","0","0.16","0","0.15","Guinea-Bissau","right","172","no","5.98","7.87","48","2.2","14.29","0","2.88","0","0.05","0","4","1.26","25","0","0","0","0.31","100","5.35","47.06","1.26","0.63","0.31","59.16","92.02","14.48","76.09","2.2","57.14","0.05","0.31","0","6.61","76.19","0.94","0","0","5.03","93.75","","","0","0","","",""
"M. Larsen","Denmark 2.","Horsens U19","LCB","16","0","","4","286","1","0.27","0","0","Denmark","unknown","0","no","6.61","4.41","64.29","2.52","87.5","1.26","4.29","0.31","0.08","0","1","0.31","100","100","0","0","0","0","0.94","100","0.31","0.31","0","27.38","80.46","11.96","63.16","4.72","46.67","0","0","0","1.89","16.67","0.31","100","0.31","5.03","31.25","","","0","0","","",""
"J. Sørensen","Denmark 2.","Vejle U19","LCB","17","0","","3","284","1","0.35","0","0","Denmark","unknown","0","no","12.04","7.29","78.26","1.9","16.67","0.32","6.43","0.32","0.11","0.32","1","0.32","100","100","0","0","0.32","0","1.58","20","0.32","0","0","49.44","82.05","21.55","66.18","10.46","48.48","0","0","0","4.44","50","0.32","0","0","7.92","64","","","0","0","","",""
"A. Berthelsen","Denmark 2.","Nordsjælland U19","LCMF, RCMF","18","0","","3","283","0","0.63","0","0","Denmark","unknown","0","no","5.41","7","54.55","0.64","0","0","2.08","0","0.2","0","2","0.64","50","0","0.32","0","1.27","0","5.09","25","0.95","0","0","35.3","83.78","8.59","66.67","1.59","60","0","0","0","2.23","28.57","0.64","0","0","4.45","28.57","","","0","0","","",""
"B. James","Denmark 2.","AGF U19","CF","18","0","","4","277","4","2.56","0","0.23","Uganda","unknown","0","no","4.22","3.25","70","1.62","60","0","2.17","0.97","0.83","0","10","3.25","70","40","0.65","50","3.25","80","9.42","58.62","4.87","3.25","0.32","15.6","75","3.9","66.67","0.97","66.67","0.07","0","0.32","2.92","66.67","0","0","0.32","2.27","71.43","","","0","0","","",""
"F. Pedersen","Denmark 2.","Esbjerg U19","LCMF, DMF","19","0","","9","275","1","0.8","0","0.34","Denmark","unknown","0","no","4.91","6.22","52.63","2.29","28.57","0","1.95","0.33","0.26","0","4","1.31","100","25","0.65","50","0.65","50","3.93","25","1.64","0","0","18.65","71.93","2.95","33.33","2.62","12.5","0.11","0","0.33","1.31","50","1.31","25","0.33","1.96","33.33","","","0","0","","",""
"M. Steffensen","Denmark 2.","AGF U19","RAMF, RB, RW","18","0","2026-06-30","7","274","0","0.21","1","0.12","Denmark","","0","no","6.9","4.6","78.57","3.28","60","0","2.84","0","0.07","0","1","0.33","0","0","1.97","16.67","2.3","57.14","11.5","34.29","1.64","2.96","0.33","28.91","84.09","7.55","73.91","2.63","50","0.04","0.33","0.33","3.28","80","1.64","40","0.66","4.93","80","","","0","0","","",""
"S. Jørgensen","Denmark 2.","Nordsjælland U19","RCB, CF, RB","17","0","","10","274","0","0.39","0","0.22","Denmark","unknown","0","no","5.58","6.24","68.42","2.63","50","0","2.03","0","0.13","0","3","0.99","33.33","0","1.31","75","0","0","1.64","40","1.97","0","0","44.01","85.07","11.5","65.71","2.63","37.5","0.07","0","0.33","3.28","60","1.31","75","0","6.24","57.89","","","0","0","","",""
"C. Eriksen","Denmark 2.","AaB U19","RW, CF, LW","17","0","2026-12-31","6","273","1","0.68","0","0.16","Denmark","unknown","0","no","4.95","6.92","42.86","3.96","41.67","0","1.7","0.33","0.23","0","4","1.32","50","25","1.65","20","1.65","60","6.59","45","3.63","1.65","0.33","15.82","62.5","5.27","62.5","1.98","33.33","0.05","0","0","2.31","42.86","2.97","55.56","1.65","3.63","63.64","","","0","0","","",""
"V. Bastrup","Denmark 2.","Midtjylland U19","AMF, RCMF","17","0","2027-06-30","6","269","0","0.06","0","0.47","Denmark","unknown","0","no","8.03","8.7","53.85","0.67","0","0","3.85","0","0.02","0","1","0.33","0","0","1.34","50","2.68","62.5","8.7","42.31","1.67","2.01","0","31.78","81.05","11.04","69.7","1.67","60","0.16","0.33","0.33","3.35","60","2.01","16.67","1","4.68","85.71","","","0","0","","",""
"J. Remark Wismann","Denmark 2.","Brøndby U19","LCMF, LW, RCMF","19","0","2026-06-30","13","269","1","0.54","0","0.41","Denmark","unknown","0","no","6.02","5.69","47.06","0.67","0","0","4.07","0.33","0.18","0","9","3.01","22.22","11.111","1","0","4.35","46.15","10.04","60","4.35","1.34","0.33","39.81","80.67","12.71","63.16","3.01","44.44","0.14","0.33","0","4.68","50","3.01","88.89","3.01","4.35","76.92","","","0","0","","",""
"V. Frik Mauritzen","Denmark 2.","Esbjerg U19","RCB, CF","18","0","","9","268","0","0.13","1","0.12","Denmark","unknown","0","no","7.05","3.69","81.82","3.02","33.33","0","3.84","0","0.04","0","1","0.34","100","0","0","0","0.34","0","4.37","53.85","0.67","0.67","0","38.96","78.45","17.8","64.15","5.04","20","0.04","0","0.34","5.71","41.18","0.67","0","0.34","9.07","51.85","","","0","0","","",""
"E. Pisani Laugesen","Denmark 2.","Randers U19","RCMF, AMF","17","0","2026-06-30","12","267","0","0.13","0","0.03","Denmark","","0","no","11.8","10.79","75","2.36","14.29","0.34","4.29","0","0.05","0","2","0.67","50","0","0","0","0.34","0","3.03","22.22","1.01","0","0","32.02","83.16","10.11","80","0.34","100","0.01","0.34","0","2.7","87.5","0.34","0","0","4.04","50","","","0","0","","",""
"N. Manata","Denmark 2.","OB U19","LCMF, CF, LW","17","0","2028-06-30","4","266","0","0.54","0","0.26","Denmark","unknown","0","no","4.06","4.74","50","1.69","40","0","1.9","0","0.18","0","4","1.35","50","0","0.68","50","3.38","30","9.14","29.63","1.35","0.68","0.34","14.89","65.91","4.4","30.77","1.35","0","0.09","0","0.34","1.69","0","0.68","50","0.68","1.69","20","","","0","0","","",""
"A. Skyttehave Rytter","Denmark 2.","Midtjylland U19","RW, AMF, RAMF","18","0","2027-06-30","18","257","1","1.25","0","0.31","Denmark","","0","no","5.95","5.25","66.67","1.75","0","0","4.2","0.35","0.44","0","4","1.4","75","25","1.4","0","3.15","22.22","7.35","28.57","2.1","1.4","0","27.32","65.38","9.11","50","2.8","12.5","0.11","0.35","0.35","4.2","58.33","3.15","44.44","1.75","4.9","64.29","","","0","0","","",""
"N. Blicher","Denmark 2.","Esbjerg U19","LB","20","0","","3","254","0","0.01","1","0.4","Denmark","left","0","no","6.38","4.96","50","2.13","50","0","3.3","0","0","0","2","0.71","0","0","2.83","62.5","0.35","0","2.48","42.86","2.13","1.77","0","36.14","74.51","12.05","50","4.96","42.86","0.14","0","0.35","5.31","40","4.25","41.67","0.71","8.86","72","","","0","0","","",""
"Markus Walker","Denmark 2.","Nordsjælland U19","RCB","19","0","2030-06-30","5","245","0","0.39","0","0","Denmark","","0","no","3.67","1.1","33.33","1.1","33.33","0","4.66","0","0.14","0","1","0.37","100","0","0.37","100","0.37","100","3.31","77.78","0.73","0.73","0","98.08","94.01","40.78","89.19","7.35","70","0","0.37","0","13.59","86.49","1.47","25","0.73","15.8","79.07","","","0","0","","",""
"M. Sørensen","Denmark 2.","AaB U19","CF, RWF, LW","19","0","","9","242","1","0.27","0","0.12","Denmark","","0","no","5.95","7.07","63.16","2.98","12.5","0.37","1.67","0.37","0.1","0","2","0.74","50","50","1.12","33.33","5.58","40","15.25","29.27","4.09","2.23","0","18.97","74.51","3.35","33.33","0","0","0.04","0.37","0","0.37","0","0.74","50","0.74","2.98","37.5","","","0","0","","",""
"M. Dalager","Denmark 2.","OB U19","RB, RCB, LB","17","0","2028-06-30","7","241","0","0","0","0","Denmark","unknown","0","no","8.22","8.96","58.33","2.24","33.33","0.37","3.93","0","0","0","0","0","0","0","2.61","14.29","1.49","75","5.98","31.25","1.12","1.49","0","48.92","80.92","22.03","77.97","4.11","63.64","0","0","0","4.11","54.55","1.12","66.67","0.37","8.22","68.18","","","0","0","","",""
"M. Kristensen","Denmark 2.","Midtjylland U19","CB, LW, LCB","18","0","2027-06-30","5","240","0","0.05","0","0.13","Denmark","unknown","0","no","9","4.88","76.92","3","87.5","0","6.67","0","0.02","0","1","0.38","100","0","1.13","33.33","0.75","0","2.25","50","0.75","0.75","0.75","47.25","84.13","20.63","70.91","3.38","33.33","0.05","0","0","7.13","78.95","1.13","66.67","0.75","12.38","63.64","","","0","0","","",""
"Y. Ouorou","Denmark 2.","Horsens U19","RWF, LWF","19","0","","3","239","0","0.99","0","0.27","Benin","unknown","0","no","3.01","2.64","42.86","3.01","37.5","0","2.05","0","0.37","0","11","4.14","18.18","0","1.13","0","4.52","41.67","12.8","32.35","6.03","2.26","0.75","27.49","78.08","6.4","76.47","1.88","80","0.1","0","0","3.77","80","0.75","0","0.75","3.77","70","","","0","0","","",""
"O. Seck","Denmark 2.","Randers U19","CF, RW","18","0","2029-06-30","3","239","0","0.82","1","1.26","Senegal","unknown","0","no","3.39","3.39","55.56","0.38","0","0","1.67","0","0.31","0","7","2.64","42.86","0","2.64","14.29","5.27","78.57","14.69","51.28","2.64","2.26","0","37.28","82.83","9.04","83.33","0.75","50","0.47","0","0.75","3.01","100","2.64","71.43","1.88","5.27","78.57","","","0","0","","",""
"D. Mørkøre","Denmark 2.","Vejle U19","CF, RW, LWF","17","0","","9","239","1","1.64","0","0.51","Faroe Islands","unknown","0","no","5.65","8.28","45.45","3.77","50","0","2.27","0.38","0.62","0","5","1.88","40","20","0.38","100","1.51","50","6.4","29.41","2.64","0","0.38","10.17","51.85","4.52","50","1.51","0","0.19","0","1.13","2.26","50","0.75","100","0.75","3.39","33.33","","","0","0","","",""
"S. Tchamche","Denmark 2.","AGF U19","CF","20","0","2029-06-30","3","236","1","1.39","0","0","Denmark","unknown","0","no","5.72","6.1","43.75","3.43","33.33","0","3.29","0.38","0.53","0","5","1.91","20","20","0","0","0.76","100","12.97","29.41","3.81","1.14","0.38","15.64","78.05","3.05","50","0.38","0","0","0","0","1.53","75","1.53","50","0.38","2.29","50","","","0","0","","",""
"V. Berthelsen","Denmark 2.","Nordsjælland U19","LCMF, RCMF","20","0","2030-06-30","3","235","0","0.71","3","0.3","Denmark","","0","no","8.81","8.43","54.55","1.15","33.33","0","5.79","0","0.27","0","9","3.45","44.44","0","1.15","66.67","5.74","46.67","13.79","50","1.53","3.45","0","79.28","89.37","21.83","75.44","6.13","62.5","0.12","0.38","1.53","12.64","81.82","3.45","77.78","1.53","11.49","86.67","","","0","0","","",""
"V. Geovanni","Denmark 2.","København U19","CF","18","0","","3","233","0","1.34","2","0.41","Cameroon","unknown","0","no","3.48","1.93","80","7.73","35","0","1.84","0","0.52","0","8","3.09","25","0","0.77","100","4.64","75","16.61","32.56","5.41","2.7","0.77","22.02","73.68","6.18","43.75","0.39","0","0.16","0","0.77","2.32","33.33","3.09","62.5","2.32","2.32","83.33","","","0","0","","",""
"D. Olaru","Denmark 2.","Sønderjyske U19","RCB","16","0","","4","232","0","0","0","0","Faroe Islands","unknown","0","no","10.47","8.15","71.43","1.55","50","0.39","5.45","0","0","0","0","0","0","0","0.39","100","0.39","100","1.94","60","0.39","0.39","0","47.33","86.89","19.01","75.51","8.15","47.62","0","0","0","7.37","73.68","1.16","66.67","0","9.7","84","","","0","0","","",""
"G. Santos","Denmark 2.","København U19","CF, RWF","16","0","","6","224","2","0.95","1","0.92","Sweden","unknown","0","no","2.41","2.81","57.14","2.41","50","0.4","0.97","0.8","0.38","0","7","2.81","28.57","28.571","1.61","100","3.21","12.5","9.64","8.33","3.21","0.8","1.21","15.27","84.21","2.01","40","0.8","0","0.37","0","0.8","0.8","0","1.21","66.67","0.4","0.8","100","","","0","0","","",""
"D. Katlego Hansen","Denmark 2.","København U19","RB","19","0","2026-06-30","4","221","1","0.21","1","0.31","Denmark","","0","no","7.33","5.7","57.14","0.41","0","0","4.76","0.41","0.08","0","2","0.81","50","50","3.67","44.44","2.04","100","7.33","33.33","2.04","1.22","0.41","37.87","82.8","11","62.96","3.26","50","0.12","0","0.41","1.22","33.33","2.85","28.57","0","4.07","40","","","0","0","","",""
"R. Thomsen","Denmark 2.","Lyngby U19","LB","17","0","","4","217","0","0","0","0.28","Denmark","unknown","0","no","9.95","10.78","69.23","0.83","0","0","3.05","0","0","0","0","0","0","0","2.9","57.14","2.9","42.86","10.37","32","2.07","3.73","0","33.59","77.78","8.29","45","2.49","33.33","0.12","0","0","2.07","40","2.07","40","0","5.81","35.71","","","0","0","","",""
"C. Ochieng Ongou","Denmark 2.","Horsens U19","LWB","18","0","","4","207","1","0.29","0","0.81","Kenya","","0","no","6.96","5.22","58.33","0.43","100","0","3.38","0.43","0.13","0","2","0.87","100","50","5.65","23.08","3.48","25","5.65","15.38","3.04","1.74","0.43","23.48","64.81","6.52","60","3.04","28.57","0.35","0","1.3","3.48","62.5","3.91","22.22","0.87","6.09","78.57","","","0","0","","",""
"K. Jasovic","Denmark 2.","Lyngby U19","CF, LW, LAMF","18","0","2026-06-30","5","207","0","0.21","0","0.15","Montenegro","unknown","0","no","7.83","6.09","50","1.74","0","0","2.73","0","0.09","0","1","0.43","100","0","0.87","0","2.17","40","6.52","26.67","1.3","1.74","0","21.74","72","7.83","55.56","0.87","50","0.07","0","0","4.35","40","2.17","40","0.87","3.91","55.56","","","0","0","","",""
"J. Munk","Denmark 2.","Midtjylland U19","RB, RCMF, DMF","18","0","2027-06-30","9","206","0","0.06","0","0","Denmark","unknown","0","no","11.8","12.67","68.97","1.31","33.33","0","4.47","0","0.03","0","2","0.87","0","0","0.44","100","1.75","25","4.37","30","0.44","1.31","0","42.82","89.8","16.6","76.32","2.62","16.67","0","0.44","0","6.55","60","1.75","50","0.44","5.68","76.92","","","0","0","","",""
"J. Arinze","Denmark 2.","Midtjylland U19","AMF, RCMF, LW","20","0","2030-06-30","3","204","1","0.5","0","0","Nigeria","","0","no","5.29","7.06","43.75","1.76","50","0","2.07","0.44","0.22","0.44","4","1.76","25","25","2.21","0","3.53","37.5","10.15","26.09","3.53","0.88","0","17.21","56.41","5.74","61.54","2.65","50","0","0","0","2.65","33.33","2.21","40","1.32","3.09","71.43","","","0","0","","",""
"F. Lauersen","Denmark 2.","Lyngby U19","LB","17","0","","6","203","0","0.01","0","0.36","Denmark","unknown","0","no","8.42","7.09","50","1.33","33.33","0.44","5.89","0","0","0","2","0.89","0","0","3.55","50","0.44","100","2.22","80","0.44","0.44","0","38.13","77.91","16.85","60.53","4.88","54.55","0.16","0","1.33","2.22","60","3.1","57.14","0","10.64","62.5","","","0","0","","",""
"J. Pedersen","Denmark 2.","OB U19","CF, RCMF","19","0","","14","201","1","0.79","0","0.17","Denmark","unknown","0","no","4.03","4.48","50","4.48","50","0.45","2.79","0.45","0.35","0","6","2.69","66.67","16.667","0","0","1.34","33.33","9.4","19.05","3.13","0","0","13.88","67.74","4.48","50","0.45","100","0.08","0","0","1.34","66.67","0.9","50","0.45","2.24","40","","","0","0","","",""
"C. Bah","Denmark 2.","Midtjylland U19","RCB, LCB","","0","","2","199","0","0.06","0","0","Denmark","","0","no","7.24","4.52","60","2.71","100","0","6","0","0.03","0","1","0.45","100","0","0","0","0","0","2.26","40","0.9","0","0","53.37","89.83","20.8","82.61","6.33","57.14","0","0","0","9.95","77.27","0","0","0","12.21","70.37","","","0","0","","",""
"M. Slouk","Slovakia 2.","Petržalka Akadémia","RCB","21","0","","29","2757","0","1.08","0","0.01","Czech Republic","unknown","0","yes","8.98","5.78","66.67","4.28","52.67","0.62","7.09","0","0.04","0","8","0.26","12.5","0","0.33","20","0.26","50","1.5","47.83","0.72","0.88","0","45.18","82.8","20.73","69.92","8.29","47.64","0","0","0","7.48","58.95","1.08","30.3","0.36","10.22","72.84","","","0","0","","",""
"S. Vavrúš","Slovakia 2.","Púchov","GK","28","150000","","29","2753","0","0","0","0.17","Slovakia","","185","no","2.22","0.13","75","0.62","89.47","0","2.85","0","0","0","0","0","0","0","0","0","0","0","0.1","100","0","0","0","32.17","82.01","18.96","72.24","13.34","60.29","0.01","0","0","6.87","49.52","0.72","18.18","0.1","8.76","81.72","1.6","5.17","68.99","1.6","0.09","0.003","1.7"
"N. Deligiannis","Slovakia 2.","Petržalka Akadémia","LB","21","0","","29","2707","4","3.34","3","1.92","Greece","left","178","no","8.68","5.09","68.63","2.56","55.84","0.2","7.02","0","0.11","0","21","0.7","28.57","19.048","3.26","31.63","0.47","71.43","1.43","58.14","0.53","0.66","0.13","44.82","78.04","20.58","71.24","7.71","60.34","0.06","0","0.2","6.92","72.12","3.16","45.26","0.63","13.17","73.23","","","0","0","","",""
"L. Remeň","Slovakia 2.","Inter Bratislava","RCB","32","0","","28","2669","3","4.44","2","0.29","Slovakia","","187","no","7.12","5.56","66.06","5.06","59.33","0.64","4.08","0.1","0.15","0.03","19","0.64","36.84","15.789","0.07","50","0.17","20","0.98","55.17","1.11","0.91","0.07","20.13","74.2","11.4","63.02","5.26","40.38","0.01","0","0.03","4.11","50","0.64","21.05","0.27","4.92","57.53","","","0","0","","",""
"P. Halouska","Slovakia 2.","Petržalka Akadémia","GK","30","150000","","28","2662","0","0","0","0","Czech Republic","right","194","no","1.96","0.17","80","0.34","100","0","2.48","0","0","0","0","0","0","0","0","0","0","0","0.03","100","0","0","0.03","23.26","78.92","15.45","69.15","11.46","58.41","0","0","0","4.43","45.8","0.34","20","0.07","7.98","78.39","0.98","4.4","77.69","1.15","5.07","0.171","1.22"
"D. Kucharčík","Slovakia 2.","Považská Bystrica","LCB, CB","32","125000","","28","2635","3","2.77","2","0.8","Slovakia","","0","no","8.68","4.75","62.59","8.23","60.58","0.34","6.23","0.1","0.09","0.07","30","1.02","30","10","0.07","0","0.27","75","1.13","57.58","1.2","0.51","0","30.94","76.93","16.94","67.54","8.64","57.31","0.03","0","0.07","7.48","58.45","1.2","37.14","0.55","9.5","73.74","","","0","0","","",""
"A. Slančík","Slovakia 2.","Tatran Liptovský Mikuláš","GK","26","0","","28","2624","0","0","0","0","Slovakia","right","188","no","1.92","0.07","0","0.58","94.12","0","2.68","0","0","0","0","0","0","0","0.03","0","0.03","100","0.17","60","0","0.03","0","21.51","84.53","12","74.57","8.92","67.69","0","0","0","2.88","59.52","0.17","0","0","7.17","80.86","1.41","5.01","71.92","1.43","0.77","0.026","2.74"
"S. Alabi","Slovakia 2.","Petržalka Akadémia","LCMF, LDMF, DMF","26","0","","28","2618","0","0.46","1","1.19","Ghana","right","166","no","7.73","6.36","61.08","1.79","36.54","0.21","5.17","0","0.02","0","18","0.62","5.56","0","0.38","45.45","1.13","57.58","4.95","55.56","0.24","1","0.1","41.7","87.3","12","74.79","5.23","54.61","0.04","0","0.1","6.7","71.28","1.41","53.66","0.65","6.02","74.29","","","0","0","","",""
"M. Teplan","Slovakia 2.","Považská Bystrica","GK","23","75000","2026-06-30","28","2610","0","0","0","0","Slovakia","","189","yes","2","0.24","42.86","0.41","66.67","0","2.24","0","0","0","0","0","0","0","0","0","0","0","0.14","50","0","0","0","22.79","78.52","15.66","70.48","11.41","60.73","0","0","0","4.1","48.74","0.31","0","0","8.48","78.86","1.48","4.14","64.17","1.33","-4.31","-0.149","1.41"
"M. Mrva","Slovakia 2.","Zlaté Moravce","LCB, RCB","27","0","2026-12-31","28","2592","4","2.22","0","1.35","Slovakia","right","189","yes","9.76","6.39","71.2","4.55","64.89","0.66","8.05","0.14","0.08","0.03","15","0.52","40","26.667","0.28","37.5","0.28","62.5","1.22","34.29","1.01","0.9","0.1","53.16","86.02","23.61","78.09","6.22","55.87","0.05","0","0.14","6.42","69.73","0.83","45.83","0.45","11.25","70.37","","","0","0","","",""
"M. Starsi","Slovakia 2.","Lokomotíva Zvolen","CF, RCMF, RCB","34","0","2026-06-30","29","2585","2","3.38","2","1.86","Slovakia","","0","no","7.28","5.33","67.32","9.64","43.32","0.35","4.21","0.07","0.12","0","38","1.32","31.58","5.263","1.08","29.03","1.53","70.45","8.15","39.32","2.12","1.15","0.1","18.8","65.19","8.29","53.78","2.75","36.71","0.06","0.14","0.14","3.62","48.08","1.36","41.03","0.56","3.41","62.24","","","0","0","","",""
"A. Krejčí","Slovakia 2.","Lokomotíva Zvolen","GK","31","0","","27","2577","0","0","0","0","Slovakia","","0","no","2.83","0.03","0","0.49","92.86","0.03","3.43","0","0","0","0","0","0","0","0","0","0","0","0.38","90.91","0","0","0","19","80.51","13.52","74.16","9.46","64.94","0","0","0","4.33","57.26","0.24","28.57","0.03","6.92","82.83","1.05","4.92","78.72","1.23","5.24","0.183","2.13"
"A. Mikoláš","Slovakia 2.","Malženice","GK","21","0","","27","2569","0","0","0","0","Slovakia","right","188","no","2.7","0.04","0","0.35","90","0","3.59","0","0","0","0","0","0","0","0","0","0","0","0.35","80","0","0","0","27.75","73.36","16.75","59.41","14.05","50.37","0","0","0","5.36","42.48","0.25","14.29","0.04","8.69","69.35","1.19","4.13","71.19","1.2","0.36","0.013","2.24"
"J. Sylvestr","Slovakia 2.","Lokomotíva Zvolen","CF","37","50000","","28","2560","22","18.85","9","5.81","Slovakia","right","178","no","3.62","3.62","50.49","4.32","33.33","0","1.77","0.53","0.66","0.07","89","3.13","47.19","24.719","0.95","33.33","2.14","50.82","9.28","35.98","5.63","1.27","0.14","21.09","75.33","5.55","62.03","0.77","54.55","0.2","0.14","0.84","2.21","69.84","1.9","59.26","1.86","2.36","73.13","","","0","0","","",""
"V. Tóth","Slovakia 2.","Lokomotíva Zvolen","RCMF, DMF","28","0","2026-06-30","28","2560","5","2.7","1","1.76","Slovakia","","0","no","7.31","5.17","60.54","3.8","48.15","0.32","4.81","0.18","0.09","0.07","37","1.3","32.43","13.514","1.69","52.08","1.69","54.17","5.55","40.51","1.34","0.6","0","26.61","69.75","11.04","57.01","5.13","51.37","0.06","0.11","0.25","4.96","54.61","1.9","55.56","0.35","5.87","65.87","","","0","0","","",""
"J. Krajčovič","Slovakia 2.","Malženice","RCB, LCB","31","0","","27","2531","0","0.84","1","0.69","Slovakia","","0","no","9.42","4.55","71.88","3.63","43.14","0.5","7.96","0","0.03","0","11","0.39","9.09","0","0.07","0","0.32","44.44","1.74","36.73","0.36","0.78","0.11","38.26","75","20.98","65.25","8.57","48.55","0.02","0","0.07","7.89","56.76","0.57","18.75","0.14","9.92","59.86","","","0","0","","",""
"J. Kousal","Slovakia 2.","Stará Ľubovňa","CF, AMF","23","100000","2026-06-30","27","2509","6","6.87","1","0.14","Czech Republic","right","0","no","5.7","3.66","58.82","8.18","34.21","0.29","4.53","0.22","0.25","0.07","42","1.51","38.1","14.286","0.57","12.5","1.58","47.73","9.25","34.88","2.8","0.93","0.18","17.33","68.74","5.45","58.55","1.65","54.35","0.01","0.04","0.04","2.15","51.67","0.9","48","0.47","2.94","56.1","","","0","0","","",""
"L. Willwéber","Slovakia 2.","Dukla Banská Bystrica","LCB, RCB","33","125000","2026-06-30","27","2504","6","3.81","0","0.29","Slovakia","right","0","no","8.09","3.7","73.79","5.07","73.05","0.65","7.11","0.11","0.14","0.07","27","0.97","48.15","22.222","0.18","20","0.22","66.67","1.11","41.94","0.79","1.44","0.07","46.47","85.92","18.51","71.84","8.34","56.9","0.01","0","0","7.76","69.91","0.72","50","0.47","8.73","71.6","","","0","0","","",""
"A. Adewale","Slovakia 2.","Malženice","LB","25","0","","28","2502","2","4.26","1","1.07","Nigeria","left","178","no","10.54","6.37","71.19","4.64","43.41","0.18","7.56","0.07","0.15","0.04","25","0.9","28","8","2.27","17.46","1.73","66.67","4.75","46.21","1.62","1.26","0.32","30.4","73.25","13.17","69.67","3.67","46.08","0.04","0.04","0.29","3.27","60.44","1.87","34.62","0.36","6.62","54.35","","","0","0","","",""
"M. Sibanda","Slovakia 2.","Banik Lehota pod Vtacnikom","DMF, RCMF, LCMF","31","0","","27","2497","1","2.42","2","0.96","Zimbabwe","left","0","no","8.51","6.7","68.82","1.73","43.75","0.14","4.86","0.04","0.09","0","35","1.26","22.86","2.857","0.87","29.17","1.05","34.48","6.92","32.81","0.65","0.87","0.04","49.09","81.28","19.68","74.54","6.38","52.54","0.03","0.04","0.18","9.52","71.59","1.87","38.46","0.61","10.85","75.42","","","0","0","","",""
"N. Appiah","Slovakia 2.","Petržalka Akadémia","CF, LW","23","0","","29","2483","8","8.36","6","4.29","Ghana","right","166","no","4.93","4.93","65.44","2.86","15.19","0.04","2.3","0.29","0.3","0","57","2.07","45.61","14.035","1.92","32.08","4.71","52.31","15.11","41.49","3.84","1.99","0.11","25.01","74.64","5.29","68.49","2.39","65.15","0.16","0.22","0.72","3.12","66.28","2.21","44.26","0.76","4.24","72.65","","","0","0","","",""
"M. Capko","Slovakia 2.","Stará Ľubovňa","LCB, LB","24","0","2026-06-30","26","2467","1","1.83","1","0.75","Slovakia","left","180","no","11.24","6.68","57.92","3.32","49.45","1.06","8.66","0.04","0.07","0","16","0.58","18.75","6.25","1.06","13.79","0.44","75","2.41","59.09","0.69","1.13","0.11","36.74","69.31","20.87","62.94","9.19","46.43","0.03","0.04","0.07","7.7","55.45","2.19","30","0.47","11.6","61.32","","","0","0","","",""
"Oscar Castellano","Slovakia 2.","Šamorín","LCMF, DMF, RCMF","28","0","","27","2442","3","2.75","6","4.78","Spain","","175","no","6.82","5.9","62.5","1.81","40.82","0.18","4.1","0.04","0.1","0","25","0.92","28","12","1.81","30.61","1.03","60.71","4.28","57.76","0.81","1.29","0.07","42.24","78.97","18.06","72.45","5.86","56.6","0.18","0.15","0.41","8.81","68.62","2.87","43.59","0.85","10.06","76.56","","","0","0","","",""
"F. Vancák","Slovakia 2.","Slávia TU Košice","DMF, LCMF, RCMF","31","0","","26","2441","0","1.14","1","1.87","Slovakia","","175","no","12.61","10.66","66.09","2.25","57.38","0.33","7.63","0","0.04","0","18","0.66","27.78","0","0.44","75","1.11","53.33","5.31","50","0.37","0.63","0","51.36","79.61","23.19","67.89","9.95","52.22","0.07","0.04","0.41","11.65","67.72","2.25","60.66","1.03","12.5","70.5","","","0","0","","",""
"T. Diviš","Slovakia 2.","Pohronie","RWB, RB, RW","22","0","","29","2411","10","7.88","4","3.09","Slovakia","right","178","no","7.76","5.82","68.59","3.17","42.35","0.07","5.69","0.3","0.29","0.07","55","2.05","52.73","18.182","3.17","35.29","3.62","56.7","8.59","46.09","3.77","1.9","0.45","21.43","68.99","5.6","53.33","1.38","27.03","0.12","0.07","0.45","1.94","42.31","2.09","44.64","0.56","3.47","64.52","","","0","0","","",""
"N. Šikula","Slovakia 2.","Dukla Banská Bystrica","RB","22","0","2027-06-30","26","2398","1","1.45","4","2.32","Slovakia","right","182","no","9.8","5.55","74.32","3.64","54.64","0.15","7.7","0.04","0.05","0","10","0.38","50","10","2.81","29.33","1.35","55.56","5.67","39.07","1.84","2.25","0.19","44.4","77.85","16.89","71.33","4.05","50","0.09","0","0.3","5.4","68.75","3.08","52.44","1.05","10.4","70.4","","","0","0","","",""
"M. Šulla","Slovakia 2.","Inter Bratislava","GK","34","75000","","25","2394","0","0","0","0.05","Slovakia","right","188","no","1.32","0.04","100","0.38","100","0","1.62","0","0","0","0","0","0","0","0","0","0","0","0.04","100","0","0","0","13.91","81.08","9.96","74.72","8.01","69.01","0","0","0","3.27","62.07","0.11","33.33","0","6.17","89.63","1.17","4.47","73.95","1.15","-0.34","-0.013","1.5"
"J. Špyrka","Slovakia 2.","Pohronie","AMF, LCMF","26","0","2026-06-30","25","2368","10","8.94","5","8.3","Slovakia","right","180","no","4.1","3.31","62.07","1.63","41.86","0.27","3.22","0.23","0.34","0","55","2.09","43.64","18.182","0.99","42.31","1.52","60","7.22","38.42","2.05","1.14","0.11","33.56","82.11","9.2","67.77","2.2","53.45","0.32","0.23","0.27","4.9","79.07","2.13","46.43","0.84","4.67","78.86","","","0","0","","",""
"F. Trello","Slovakia 2.","Malženice","RW, RAMF","19","0","2027-06-30","29","2359","2","3.2","6","4.21","Slovakia","right","0","yes","4.96","4.5","65.25","1.64","16.28","0","2.64","0.08","0.12","0","39","1.49","43.59","5.128","1.45","39.47","4.04","52.83","9.69","36.61","2.4","2.59","0.61","28.27","76.38","8.89","63.09","1.79","40.43","0.16","0.23","0.46","2.86","72","2.21","60.34","1.18","5.53","64.83","","","0","0","","",""
"A. Maroš","Slovakia 2.","Slovan Bratislava II","LAMF, LW","21","0","2027-06-30","26","2343","14","9.56","7","4.91","Slovakia","unknown","0","no","6.95","6.18","62.11","1.46","23.68","0.35","3.46","0.42","0.37","0","82","3.15","42.68","17.073","1.57","39.02","5.84","52.63","12.37","42.86","4.61","4.23","0.61","28.31","80.87","6.49","71.01","1.15","46.67","0.19","0.35","0.58","1.73","71.11","2.57","59.7","1.46","4.03","73.33","","","0","0","","",""
"N. Csorba","Slovakia 2.","Šamorín","LB","19","0","","25","2326","1","0.95","2","0.6","Hungary","left","184","yes","9.52","7.04","64.84","3.21","54.22","0.19","6.76","0.04","0.04","0.04","10","0.39","10","10","1.08","42.86","0.74","57.89","3.33","47.67","0.7","0.77","0","34.2","77.71","17.02","70.45","4.88","53.17","0.02","0","0.23","5.15","66.17","1.39","55.56","0.58","7.58","70.41","","","0","0","","",""
"M. Mateáš","Slovakia 2.","Slovan Bratislava II","LCMF, LDMF, RDMF","17","0","2026-12-31","26","2300","2","3.15","4","1.41","Slovakia","unknown","0","no","4.89","4.42","63.72","1.96","34","0.23","2.56","0.08","0.12","0","44","1.72","34.09","4.545","1.13","24.14","3.17","44.44","9.39","35.83","1.8","2.03","0.39","39.25","79.36","12.01","66.45","2.74","47.14","0.06","0.23","0.35","5.63","74.31","2.5","57.81","1.13","6.26","65.63","","","0","0","","",""
"K. Mihálek","Slovakia 2.","Inter Bratislava","RB","26","100000","","26","2298","1","1.11","1","1.77","Slovakia","right","178","no","11.16","7.13","60.44","2.31","54.24","0.35","7.56","0.04","0.04","0","18","0.7","27.78","5.556","1.92","26.53","1.84","57.45","5.68","51.72","0.94","1.45","0.39","22.13","60.53","11.51","58.16","3.72","37.89","0.07","0.12","0.23","4.5","59.13","1.84","31.91","0.47","6.93","60.45","","","0","0","","",""
"A. Egbe","Slovakia 2.","Banik Lehota pod Vtacnikom","LCB, RCB, RB","24","0","","25","2285","2","1.28","0","0.19","Nigeria","right","188","no","7.84","4.57","72.41","4.45","57.52","0.63","5.59","0.08","0.05","0.04","7","0.28","42.86","28.571","0.16","50","0.24","50","1.26","46.88","0.35","1.06","0.08","40.14","83.02","16.94","73.02","5.16","39.69","0.01","0","0","5.12","60","0.75","26.32","0.24","8.19","62.98","","","0","0","","",""
"R. Buhaj","Slovakia 2.","Pohronie","LCB, CB","21","0","","27","2277","1","2.85","0","0.28","Slovakia","unknown","0","no","8.74","5.22","67.42","5.26","57.89","0.59","6.45","0.04","0.11","0.04","25","0.99","28","4","0.95","25","0.83","57.14","3.4","52.33","1.62","1.3","0","47.31","85.46","19.53","81.78","4.27","63.89","0.01","0.04","0.04","5.93","76.67","1.23","38.71","0.36","9.45","71.97","","","0","0","","",""
"T. Gerát","Slovakia 2.","Tatran Liptovský Mikuláš","RCB, RCMF, LCB","32","100000","","26","2260","2","0.4","1","1.18","Slovakia","right","179","no","8.96","5.97","65.33","3.98","54","0.36","6.85","0.08","0.02","0.04","8","0.32","25","25","0.72","38.89","0.32","62.5","3.58","53.33","1","1.04","0","41.85","86.39","18.44","79.05","6.33","62.26","0.05","0","0.08","6.13","75.97","1.12","71.43","0.6","8.52","75.7","","","0","0","","",""
"S. Gladiš","Slovakia 2.","Tatran Liptovský Mikuláš","RCMF, LCMF, CF","25","0","","26","2240","4","4.27","10","7.11","Slovakia","unknown","0","no","6.39","5.1","70.08","2.61","56.92","0.16","3.82","0.12","0.17","0.04","39","1.57","38.46","10.256","3.09","44.16","2.49","46.77","7.79","39.69","2.73","1.29","0.04","30.78","73.89","9.56","65.55","2.61","56.92","0.29","0.04","0.64","5.26","70.23","3.38","52.38","0.96","5.75","78.32","","","0","0","","",""
"M. Čurik","Slovakia 2.","Považská Bystrica","RB","28","100000","","26","2230","0","1.03","0","1.56","Slovakia","left","0","no","9.04","7.26","65","2.7","43.28","0.12","4.72","0","0.04","0","30","1.21","26.67","0","3.07","34.21","1.78","63.64","5.21","44.96","0.89","0.61","0.08","27.81","68.51","13.56","63.69","5.37","47.37","0.06","0","0.2","5.13","62.2","2.74","41.18","0.32","7.91","63.27","","","0","0","","",""
"V. Bajtos","Slovakia 2.","Petržalka Akadémia","RB","24","0","","25","2213","1","2.23","0","2.91","Slovakia","","0","no","9.6","7.85","62.18","2.2","31.48","0.37","6.32","0.04","0.09","0.04","18","0.73","22.22","5.556","3.25","31.25","2.48","40.98","6.71","31.52","2.36","1.42","0.41","30.18","72.91","13.54","69.67","3.21","50.63","0.12","0","0.49","4.07","73","1.87","50","0.61","7.2","67.23","","","0","0","","",""
"M. Kušnír","Slovakia 2.","Inter Bratislava","LDMF, RCMF, RW","22","0","2026-06-30","29","2211","4","3.29","6","2.86","Slovakia","unknown","0","no","4.97","3.74","61.96","2.16","32.08","0.16","3.21","0.16","0.13","0.04","50","2.04","36","8","1.22","30","1.63","67.5","6.39","56.69","1.47","1.02","0.2","30.24","73.76","9.85","57.85","4.64","45.61","0.12","0.12","0.28","4.6","47.79","1.91","34.04","0.57","5.45","64.18","","","0","0","","",""
"R. Pobořil","Slovakia 2.","Púchov","RCMF, LCMF, RDMF","24","0","","28","2210","5","4.82","0","0.72","Czech Republic","unknown","0","no","8.59","7.9","53.09","5.01","27.64","0.24","5.76","0.2","0.2","0.08","45","1.83","35.56","11.111","0.98","33.33","1.55","71.05","6.35","46.79","1.63","0.9","0.04","33.07","78.2","11.36","60.93","3.95","43.3","0.03","0.08","0.08","5.9","60","1.59","33.33","0.33","4.64","70.18","","","0","0","","",""
"P. Znamenak","Slovakia 2.","Banik Lehota pod Vtacnikom","GK","21","0","","23","2200","0","0","0","0","Slovakia","unknown","0","no","3.15","0.25","83.33","0.74","94.44","0","3.83","0","0","0","0","0","0","0","0","0","0","0","0.12","100","0","0","0","23.97","76.45","14.81","63.54","10.47","51.56","0","0","0","4.13","45.54","0.29","0","0","7","71.93","1.31","4.87","73.11","1.44","3.08","0.126","2.62"
"T. Jaššo","Slovakia 2.","Petržalka Akadémia","LCB, CB","22","0","2027-06-30","24","2191","3","1.53","0","0.09","Slovakia","left","182","yes","9","5.92","70.14","4.35","53.77","0.94","5.93","0.12","0.06","0.12","7","0.29","42.86","42.857","0.04","0","0.04","0","0.99","29.17","0.53","0.33","0","46.58","88.01","19.39","79.87","5.38","54.2","0","0","0","5.42","72.73","0.33","37.5","0.12","8.34","68.47","","","0","0","","",""
"E. Gaško","Slovakia 2.","Lokomotíva Zvolen","LCB, RCB, DMF","29","0","2026-06-30","25","2183","1","0.82","0","0.44","Slovakia","","0","no","9.23","5.61","68.38","2.31","41.07","0.7","5.79","0.04","0.03","0","7","0.29","14.29","14.286","0.66","25","0.16","25","0.87","23.81","0.54","0.33","0","38.3","78.15","20.28","70.53","11.79","58.04","0.02","0.04","0.04","9.85","61.51","2.43","38.98","0.62","11.42","79.06","","","0","0","","",""
"V. Sliacky","Slovakia 2.","Petržalka Akadémia","RW, RAMF, RWF","22","0","2027-06-30","26","2176","8","8.29","1","6.2","Slovakia","left","0","no","6.37","6.2","60.67","1.45","17.14","0","3.46","0.33","0.34","0","68","2.81","51.47","11.765","3.68","41.57","5.25","56.69","8.93","41.67","4.34","2.73","0.45","33.79","74.91","9.64","59.66","3.6","45.98","0.26","0.17","0.66","3.43","61.45","3.89","60.64","1.78","7.82","73.54","","","0","0","","",""
"R. Bartoš","Slovakia 2.","Tatran Liptovský Mikuláš","CF, AMF","33","125000","","25","2166","10","11.65","6","2.6","Slovakia","right","182","no","4.11","3.32","68.75","7.27","48.57","0.08","2.37","0.42","0.48","0.08","64","2.66","35.94","15.625","1.16","57.14","1.16","57.14","7.89","36.32","4.07","0.75","0","40.14","80.54","14.46","74.14","2.74","60.61","0.11","0","0.58","7.15","72.67","2.24","51.85","1.45","6.65","81.88","","","0","0","","",""
"R. Konios","Slovakia 2.","Inter Bratislava","LB, LW","25","0","","26","2153","0","1","2","2.18","Greece","left","0","no","10.49","10.45","62.4","2.38","38.6","0.17","4.96","0","0.04","0","21","0.88","14.29","0","3.59","34.88","1.76","54.76","5.48","41.98","0.92","1.25","0.17","29.76","66.15","14.92","63.03","5.6","47.01","0.09","0","0.21","4.35","62.5","3.26","37.18","0.42","8.61","66.02","","","0","0","","",""
"J. Piroska","Slovakia 2.","Inter Bratislava","AMF, CF, LCMF","39","0","","26","2146","4","4.27","3","6.8","Slovakia","right","179","no","5.07","4.11","56.12","0.75","33.33","0.17","3.54","0.13","0.18","0","37","1.55","27.03","10.811","3.44","28.05","0.92","54.55","4.53","35.19","1.8","0.25","0","40.34","70.79","15.85","65.61","5.33","49.61","0.29","0.25","0.42","6.67","61.64","5.24","48.8","1.64","7.93","82.01","","","0","0","","",""
"L. Jendrek","Slovakia 2.","Stará Ľubovňa","LB","23","125000","2026-06-30","28","2125","0","0.86","3","3.38","Slovakia","right","170","no","9.74","7.54","64.04","1.14","48.15","0.25","5.73","0","0.04","0","14","0.59","7.14","0","2.75","36.92","1.31","51.61","3.68","47.13","0.89","1.27","0.3","29.56","62.18","14.4","57.06","6.14","43.45","0.14","0.13","0.25","5.59","51.52","2.54","45","0.51","9.15","57.41","","","0","0","","",""
"M. Obšivan","Slovakia 2.","Púchov","RCB, LCB","20","0","2027-06-30","24","2111","1","1.65","0","0.38","Slovakia","unknown","0","no","9.72","7.03","65.45","3.54","46.99","0.98","6.6","0.04","0.07","0","9","0.38","44.44","11.111","0.3","42.86","0.43","80","1.71","47.5","0.38","0.55","0","33.85","76.07","15.6","62.02","8.87","49.04","0.02","0","0","6.82","57.5","0.94","27.27","0.26","8.53","63.5","","","0","0","","",""
"T. Šarmír","Slovakia 2.","Malženice","RB, RCB, LCMF","22","0","","27","2105","0","0","1","0.64","Slovakia","unknown","0","no","7.91","5.86","59.12","1.24","20.69","0.3","5.05","0","0","0","0","0","0","0","0.26","33.33","0.34","75","1.24","48.28","0.17","0.3","0.04","25.65","80.5","12.14","71.48","4.1","51.04","0.03","0","0.13","4.53","66.04","0.68","37.5","0.26","5.56","68.46","","","0","0","","",""
"J. Kadlec","Slovakia 2.","Zlaté Moravce","LB, LCB","27","0","2026-06-30","27","2094","2","1.79","7","5","Czech Republic","left","172","no","7.87","4.51","57.14","2.54","45.76","0.3","7.83","0.09","0.08","0.04","27","1.16","37.04","7.407","3.91","35.16","1.5","71.43","4.04","51.06","1.38","1.89","0.09","51.49","76.38","24.07","71.43","8.55","51.76","0.21","0","0.3","9.71","63.27","3.95","40.22","0.64","13.32","74.52","","","0","0","","",""
"M. Totka","Slovakia 2.","Zlaté Moravce","RCMF, RDMF, LCMF","25","0","2026-06-30","27","2079","1","0.6","2","4.13","Slovakia","right","173","no","8.74","5.54","57.03","1.3","26.67","0.3","8.18","0.04","0.03","0","11","0.48","18.18","9.091","1.77","36.59","0.82","47.37","1.95","44.44","1","1.39","0.04","55.24","84.95","19.52","76.5","4.29","44.44","0.18","0.17","0.61","9.22","77.46","3.16","41.1","0.95","8.57","74.75","","","0","0","","",""
"V. Tatar","Slovakia 2.","Banik Lehota pod Vtacnikom","RW, LW, RWF","22","0","","28","2074","6","2.44","1","1.74","Slovakia","unknown","0","no","8.03","5.95","56.93","3.6","49.4","0.22","5.58","0.26","0.11","0.04","36","1.56","38.89","16.667","2.6","15","4.38","55.45","12.45","41.11","2.26","2.26","0.43","25.34","66.44","6.77","57.69","1.39","43.75","0.08","0.04","0.3","2.13","55.1","1.87","44.19","0.91","3.95","58.24","","","0","0","","",""
"M. Leško","Slovakia 2.","Slávia TU Košice","GK","28","0","","22","2073","0","0","0","0.58","Slovakia","","194","no","2.78","0.22","20","0.26","83.33","0","3.81","0","0","0","0","0","0","0","0","0","0.04","100","0.3","85.71","0","0","0","25.88","79.36","15.67","69.25","10.85","56.8","0.03","0","0.04","2.56","40.68","0.22","40","0.09","7.51","62.43","1.56","5.17","69.75","1.52","-1.08","-0.047","1.35"
"J. Tancík","Slovakia 2.","Považská Bystrica","RAMF, RW, LWB","26","150000","","25","2072","4","5.53","3","3.69","Slovakia","right","177","no","5.78","5.08","67.52","4.6","31.13","0","2.57","0.17","0.24","0","59","2.56","35.59","6.78","6.43","25","5.08","59.83","11.03","44.09","3.3","2.43","0.61","24.67","55.63","5.47","42.86","2.08","31.25","0.16","0","0.56","2.13","51.02","5","31.3","0.43","4.6","58.49","","","0","0","","",""
"D. Bukovský","Slovakia 2.","Malženice","LW, LAMF, CF","18","0","2027-06-30","28","2067","6","7.08","5","2.93","Slovakia","right","178","no","5.14","5.57","57.03","2.44","23.21","0.13","2.24","0.26","0.31","0","56","2.44","39.29","10.714","1.48","29.41","5.22","50","16.37","31.38","3.27","3.05","0.65","24.86","76.36","6.23","62.24","0.61","50","0.13","0.04","0.39","1.7","48.72","1.96","55.56","1","3.4","67.95","","","0","0","","",""
"M. Václav","Slovakia 2.","Považská Bystrica","LB, LCB","29","125000","","22","2066","2","2.97","2","3.25","Slovakia","left","189","no","9.54","5.49","65.08","2.79","48.44","0.52","6.88","0.04","0.13","0","25","1.09","44","8","4.79","36.36","0.91","47.62","3.4","44.87","0.57","1.52","0.09","34.28","66.33","17.16","60.66","6.88","42.41","0.14","0.04","0.35","6.75","58.71","4.4","44.55","0.52","10.8","68.95","","","0","0","","",""
"M. Helebrand","Slovakia 2.","Zlaté Moravce","RCB","28","175000","2026-06-30","25","2060","1","1.87","0","0.28","Czech Republic","right","189","no","9.44","6.47","69.59","6.07","50.36","0.57","7.88","0.04","0.08","0.04","13","0.57","38.46","7.692","0.39","33.33","0.26","50","1.4","46.88","0.57","1.7","0.09","47.1","84.42","20.84","75.05","4.85","48.65","0.01","0.04","0.04","7.12","71.17","0.83","31.58","0.26","8.91","69.61","","","0","0","","",""
"L. Gašparovič","Slovakia 2.","Petržalka Akadémia","AMF, RCMF, CF","33","125000","","27","2049","4","6.33","3","3.87","Slovakia","left","175","no","5.01","4.26","55.67","2.28","30.77","0","3.25","0.18","0.28","0","55","2.42","36.36","7.273","1.76","35","2.02","60.87","7.82","46.07","2.15","1.14","0.13","37.73","77.42","13.4","66.23","4.17","51.58","0.17","0.13","0.22","7.03","65","3.6","51.22","1.41","6.37","72.41","","","0","0","","",""
"D. Ovšonka","Slovakia 2.","Banik Lehota pod Vtacnikom","RCB, LCB, LB","22","0","","23","2028","1","0.93","0","0.54","Slovakia","right","184","no","9.9","6.75","63.16","3.33","44","0.71","7.25","0.04","0.04","0","7","0.31","28.57","14.286","0.44","30","0.62","64.29","2.13","35.42","0.53","1.42","0.27","43.31","78.79","21.88","67.95","8.39","52.38","0.02","0.04","0.09","6.97","61.78","1.02","30.43","0.18","10.34","66.95","","","0","0","","",""
"A. Gduľa","Slovakia 2.","Stará Ľubovňa","LCB, LCMF, RCB","19","0","","26","2023","0","0.06","0","0.13","Slovakia","unknown","0","no","8.85","5.96","68.66","1.25","35.71","0.58","5.78","0","0","0","4","0.18","25","0","0.22","40","0.58","46.15","2.98","52.24","0.04","0.67","0","32.65","84.2","12.77","72.82","4.76","52.34","0.01","0","0.04","4.18","64.89","0.8","27.78","0.22","6.72","63.58","","","0","0","","",""
"T. Marusin","Slovakia 2.","Slovan Bratislava II","LCB, LB","21","0","","22","2020","1","1.32","0","0.07","Slovakia","unknown","0","no","8.78","5.17","71.55","3.25","57.53","0.53","5.94","0.04","0.06","0.04","12","0.53","16.67","8.333","0.45","10","0.27","83.33","1.65","37.84","1.29","1.2","0.04","43.13","79.75","21.79","70.35","7.71","46.24","0","0","0","7.49","66.07","1.2","44.44","0.58","11.14","66.4","","","0","0","","",""
"A. Daneji","Slovakia 2.","Tatran Liptovský Mikuláš","LW, CF, LAMF","22","0","","28","2020","7","7.79","4","2.68","Nigeria","unknown","179","no","5.12","4.72","58.49","4.05","39.56","0.09","3.46","0.31","0.35","0.13","56","2.5","32.14","12.5","3.39","32.89","6.06","61.76","15.68","45.74","5.03","3.88","0.58","27","72.77","5.93","63.91","1.56","51.43","0.12","0","0.58","2","53.33","3.07","46.38","0.98","3.61","70.37","","","0","0","","",""
"M. Šmatlák","Slovakia 2.","Banik Lehota pod Vtacnikom","RCMF, CF, AMF","22","0","","27","2016","6","5.66","7","5.54","Slovakia","right","180","no","6.65","6.74","54.3","3.04","32.35","0.09","3.82","0.18","0.25","0","45","2.01","31.11","13.333","2.77","32.26","3.48","56.41","10.04","40.89","3.21","2.28","0.63","38.08","72.33","10.85","59.26","4.2","55.32","0.25","0.04","0.54","5.58","60","2.63","38.98","0.98","6.16","63.77","","","0","0","","",""
"M. Bukata","Slovakia 2.","Zlaté Moravce","LCMF, AMF, LDMF","32","300000","2027-06-30","27","2000","2","4.31","5","1.87","Slovakia","right","174","no","10.31","7.78","54.34","1.35","40","0.36","8.27","0.05","0.19","0","32","1.44","37.5","6.25","0.41","22.22","1.04","60.87","4.32","43.75","1.66","0.9","0.05","43.29","86.49","15.61","75.5","3.24","63.89","0.08","0.09","0.14","5.94","79.55","1.31","37.93","0.72","6.26","79.86","","","0","0","","",""
"T. Staník","Slovakia 2.","Žilina II","LB, LWB, CF","20","0","2029-06-30","27","2000","3","2.97","1","1.86","Slovakia","unknown","0","no","10.44","7.61","65.68","3.56","56.96","0.41","6.82","0.14","0.13","0.05","23","1.04","34.78","13.043","2.3","19.61","1.71","57.89","5.99","39.1","2.03","1.22","0.18","31.14","72.98","10.67","61.18","2.79","43.55","0.08","0.23","0.23","3.33","64.86","2.43","31.48","0.68","6.17","59.12","","","0","0","","",""
"T. Ba","Slovakia 2.","Inter Bratislava","CB, LCB, RCB","33","0","","23","1978","2","1.95","0","0.1","Senegal","right","191","no","11.51","7.51","73.33","6.1","67.16","0.59","6.69","0.09","0.09","0.05","19","0.86","15.79","10.526","0.36","25","0.32","57.14","1.77","64.1","1.18","0.27","0","25.62","71.94","11.51","57.31","3.87","47.06","0","0","0.05","3.82","55.95","0.36","25","0","6.1","50","","","0","0","","",""
"J. Považanec","Slovakia 2.","Dukla Banská Bystrica","DMF, RDMF, RCMF","35","75000","2026-06-30","25","1974","3","2.19","3","1.32","Slovakia","right","181","no","11.4","6.98","61.44","3.88","55.29","0.32","7.39","0.14","0.1","0.05","35","1.6","25.71","8.571","1","40.91","1.5","60.61","4.29","43.62","0.87","0.87","0.09","43.22","77.74","20.52","67.33","9.98","58.45","0.06","0.14","0.23","11.63","68.63","3.1","50","1.05","10.99","81.74","","","0","0","","",""
"M. Dobrotka","Slovakia 2.","Pohronie","CB, RCB","41","25000","","23","1966","1","1.37","0","0.06","Slovakia","right","183","no","8.38","4.72","75.73","5.22","66.67","1.46","7.68","0.05","0.06","0.05","8","0.37","25","12.5","0.14","33.33","0.27","66.67","2.47","55.56","0.64","0.37","0.05","62.35","88.03","26.09","78.6","9.02","55.84","0","0.05","0.05","7.87","62.79","0.73","25","0.32","12.22","73.41","","","0","0","","",""
"M. Tandara","Slovakia 2.","Púchov","RB, RWB","24","75000","","24","1961","1","0.46","2","3.17","Slovakia","right","174","no","9.64","9.09","61.11","3.3","34.72","0.14","5.67","0.05","0.02","0","8","0.37","25","12.5","4.5","38.78","2.57","62.5","6.98","46.71","1.19","2.02","0.55","35.2","68.58","15.05","61.28","6.43","53.57","0.15","0","0.73","6.38","58.99","4.36","50.53","0.87","9.41","78.05","","","0","0","","",""
"M. Gono","Slovakia 2.","Lokomotíva Zvolen","LCMF, DMF","25","150000","","23","1960","2","2.11","2","1.97","Slovakia","right","181","no","6.66","6.57","62.24","1.15","32","0.18","2.5","0.09","0.1","0","34","1.56","29.41","5.882","1.19","50","1.33","55.17","5.83","35.43","0.96","0.92","0.18","32.42","82.44","10.38","70.8","4.09","57.3","0.09","0.05","0.46","5.01","70.64","1.93","45.24","0.37","5.19","74.34","","","0","0","","",""
"M. Piter-Bučko","Slovakia 2.","Tatran Liptovský Mikuláš","LCB, CB, RCB","40","0","","21","1932","2","1.8","1","0.22","Slovakia","right","188","no","7.69","4.15","73.03","4.75","50.98","0.84","5.81","0.09","0.08","0.09","10","0.47","40","20","0.19","50","0.05","100","0.47","50","0.84","0.42","0.05","32.52","83.38","14.91","71.25","5.03","54.63","0.01","0.05","0.09","3.63","58.97","0.42","33.33","0.14","6.89","63.51","","","0","0","","",""
"N. Bajus","Slovakia 2.","Slávia TU Košice","LCB, RB","21","0","","23","1932","0","1","1","1.23","Slovakia","unknown","0","no","10.11","7.03","68.21","3.68","51.9","0.61","7.07","0","0.05","0","15","0.7","33.33","0","0.42","22.22","1.58","67.65","4.61","47.47","0.51","1.68","0.28","44.11","84.27","19.15","75.43","4.98","48.6","0.06","0","0.23","5.4","75","0.37","37.5","0.14","8.15","60.57","","","0","0","","",""
"D. Potoma","Slovakia 2.","Považská Bystrica","LCMF, CF, AMF","26","100000","","23","1928","5","3.31","1","2.09","Slovakia","right","175","no","5.46","3.27","70","0.79","47.06","0.05","3.51","0.19","0.15","0","34","1.59","38.24","14.706","1.35","27.59","2.75","52.54","8.82","44.97","1.91","2.33","0.33","30.62","83.54","9.38","73.13","1.59","58.82","0.1","0.28","0.23","3.78","74.07","2.43","67.31","1.54","4.29","79.35","","","0","0","","",""
"P. Varga","Slovakia 2.","Šamorín","LCB","28","125000","2027-06-30","21","1912","1","1.51","0","0.02","Slovakia","right","184","no","7.96","3.67","60.26","4.24","50","0.61","8.13","0.05","0.07","0.05","14","0.66","28.57","7.143","0.05","0","0.09","50","0.8","64.71","1.04","0.33","0.05","40.39","87.76","16.47","78.86","5.41","58.26","0","0","0","4.8","64.71","0.56","33.33","0.19","7.3","72.26","","","0","0","","",""
"M. Minka","Slovakia 2.","Slovan Bratislava II","RB","22","0","","22","1911","1","0.87","1","0.19","Slovakia","unknown","0","no","11.59","7.86","62.28","3.01","62.5","0.42","7.59","0.05","0.04","0","14","0.66","7.14","7.143","0.94","40","0.89","73.68","3.53","49.33","0.47","0.94","0.09","33.77","75.03","16.62","62.32","5.75","48.36","0.01","0.05","0.24","6.88","65.75","1.46","45.16","0.28","9.42","62.5","","","0","0","","",""
"M. Marong","Slovakia 2.","Šamorín","CF","20","0","2027-06-30","26","1904","9","7.03","1","1.53","Gambia","right","195","no","3.69","3.36","60.56","5.44","54.78","0.09","2.31","0.43","0.33","0.05","58","2.74","53.45","15.517","0.8","11.76","2.88","65.57","11.39","34.44","4.49","1.89","0.52","16.97","69.36","2.65","53.57","0.85","55.56","0.07","0.09","0.43","2.03","60.47","0.8","47.06","0.66","1.75","59.46","","","0","0","","",""
"A. Pavelka","Slovakia 2.","Banik Lehota pod Vtacnikom","RB","21","0","","22","1903","0","0.97","1","0.72","Slovakia","unknown","0","no","14.05","8.65","71.58","5.01","69.81","1.04","9.6","0","0.05","0","18","0.85","5.56","0","0.8","29.41","0.66","78.57","2.46","34.62","0.76","1.09","0.05","32.82","77.81","14.38","64.8","4.49","51.58","0.03","0.05","0.09","4.16","60.23","0.71","20","0.05","7.33","60","","","0","0","","",""
"M. Yakubu","Slovakia 2.","Dukla Banská Bystrica","GK","27","0","2026-06-30","20","1897","0","0","0","0","Nigeria","right","183","no","1.99","0.19","75","0.33","71.43","0","2.61","0","0","0","0","0","0","0","0","0","0.09","100","0.33","85.71","0","0","0","33.45","85.53","18.55","75.96","10.91","60.43","0","0","0","3.65","45.45","0.57","8.33","0.05","7.69","73.46","0.81","2.7","70.18","0.69","-2.47","-0.117","1.42"
"D. Pavúk","Slovakia 2.","Šamorín","LWF, LW, LAMF","28","225000","","28","1887","4","3.26","1","1.61","Slovakia","right","182","no","6.82","6.82","58.74","3.15","36.36","0.05","3.75","0.19","0.16","0.05","36","1.72","33.33","11.111","1.48","32.26","4.86","46.08","17.41","36.44","2.67","1.86","0.29","20.51","71.63","5.72","64.17","1.14","45.83","0.08","0.05","0.19","2.48","69.23","1.81","57.89","1.1","3.72","70.51","","","0","0","","",""
"S. Gresko","Slovakia 2.","Pohronie","LCMF, RCMF","19","0","","23","1880","1","1.82","0","1.04","Slovakia","","0","no","9.24","8.19","63.74","3.26","52.94","0.29","5.05","0.05","0.09","0","20","0.96","25","5","0.19","25","0.81","70.59","4.21","51.14","1.05","0.43","0.14","43.04","86.76","10.58","76.47","1.91","47.5","0.05","0.24","0.19","4.69","78.57","0.72","46.67","0.48","5.17","69.44","","","0","0","","",""
"R. Korba","Slovakia 2.","Slávia TU Košice","CF","20","0","2026-06-30","25","1865","4","5.94","1","0.73","Slovakia","right","0","yes","6.08","6.8","51.77","4.2","40.23","0.1","3.12","0.19","0.29","0.14","56","2.7","42.86","7.143","1.06","22.73","3.47","43.06","12.16","38.1","2.99","1.45","0.24","23.74","79.47","6.9","66.43","1.25","34.62","0.04","0.1","0.34","2.27","57.45","1.25","53.85","0.68","2.94","60.66","","","0","0","","",""
"S. Jobe","Slovakia 2.","Pohronie","LWB, LB","20","0","","28","1862","1","2.38","1","2.55","Gambia","","0","yes","9.81","5.95","64.23","2.8","53.45","0.44","8.11","0.05","0.11","0","22","1.06","22.73","4.545","3.92","32.1","3.24","56.72","7.69","48.43","2.37","3.58","0.82","35.09","77.41","10.34","66.82","3.96","58.54","0.12","0.05","0.68","4.16","67.44","3.92","48.15","1.21","7.3","69.54","","","0","0","","",""
"A. Oravec","Slovakia 2.","Žilina II","RWB, LCB, RB","21","0","2027-06-30","24","1851","1","1.65","1","1.09","Slovakia","left","0","no","12.06","9.72","59.5","3.89","43.75","0.49","7.83","0.05","0.08","0","13","0.63","30.77","7.692","1.51","29.03","2.09","53.49","5.25","38.89","1.07","1.65","0.34","46.05","82.58","20.47","78.38","4.13","49.41","0.05","0.24","0.34","6.56","74.07","2.14","50","0.73","10.84","68.16","","","0","0","","",""
"T. Ushiyama","Slovakia 2.","Dukla Banská Bystrica","RCB","25","0","","21","1846","0","0.38","0","0","Finland","unknown","0","no","9.07","6","77.24","2.93","60","0.44","5.05","0","0.02","0","4","0.2","25","0","0.59","16.67","0.44","44.44","2.39","46.94","0.39","0.83","0","43.05","82.45","18.43","69.84","5.27","34.26","0","0","0","5.02","46.6","0.83","29.41","0.24","7.17","60.54","","","0","0","","",""
"N. Kapuš","Slovakia 2.","Púchov","LCMF, RCMF, RW","20","0","","28","1834","0","1.51","2","1.31","Slovakia","right","0","no","9.13","9.27","57.67","2.21","26.67","0.25","4.26","0","0.07","0","30","1.47","43.33","0","1.18","37.5","1.47","46.67","5.2","32.08","0.93","0.49","0.1","24.49","75.15","7.66","54.49","3.34","47.06","0.06","0.05","0.29","4.56","53.76","1.52","51.61","0.44","4.17","68.24","","","0","0","","",""
"R. Petruška","Slovakia 2.","Žilina II","RCMF, LCMF, DMF","19","0","","23","1821","3","2.5","3","1.91","Czech Republic","right","177","no","6.33","6.23","53.97","1.58","15.63","0","3.44","0.15","0.12","0","42","2.08","28.57","7.143","1.09","31.82","1.88","42.11","6.23","34.13","1.63","0.74","0.15","41.96","80.21","12.65","64.84","4.25","48.84","0.09","0.25","0.49","6.23","64.29","2.87","50","1.33","6.92","72.14","","","0","0","","",""
"L. Nonikashvili","Slovakia 2.","Zlaté Moravce","AMF, LW, CF","31","125000","2026-06-30","23","1813","4","3.67","4","3.74","Georgia","right","175","no","4.77","4.42","62.92","1.64","27.27","0.15","3.15","0.15","0.18","0","52","2.58","21.15","7.692","2.43","32.65","4.37","61.36","14.25","46.34","1.74","3.03","0.4","44.93","78.34","14.94","71.1","2.93","59.32","0.19","0.3","0.65","6.7","69.63","4.77","61.46","2.13","8.34","85.71","","","0","0","","",""
"T. Staš","Slovakia 2.","Tatran Liptovský Mikuláš","LCMF, LDMF, DMF","29","125000","","26","1810","1","1.14","2","2.91","Slovakia","left","178","no","7.26","4.92","52.53","1.39","53.57","0.15","5.61","0.05","0.06","0.05","24","1.19","25","4.167","1.69","26.47","0.35","57.14","1.74","40","0.99","0.3","0","53.55","83.57","18.5","71.24","7.01","62.41","0.14","0.05","0.2","8.6","71.68","2.64","45.28","0.65","9.6","75.13","","","0","0","","",""
"L. Bortoli","Slovakia 2.","Zlaté Moravce","RWB, RB","22","0","2027-06-30","26","1804","1","1.12","4","4.48","Slovakia","right","0","no","8.08","6.49","60","0.6","16.67","0.2","5.01","0.05","0.06","0","19","0.95","5.26","5.263","5.39","32.41","4.74","74.74","8.48","58.82","1.7","2.94","0.85","31.48","66.24","11.52","56.28","5.24","44.76","0.22","0.1","0.75","3.99","52.5","4.74","41.05","0.55","7.23","66.21","","","0","0","","",""
"V. Úradník","Slovakia 2.","Lokomotíva Zvolen","LW","21","0","2026-06-30","29","1798","3","3.16","0","1.65","Slovakia","right","180","no","6.56","6.01","60.83","2.55","35.29","0.15","3.4","0.15","0.16","0","31","1.55","32.26","9.677","2.25","51.11","4.25","48.24","9.76","40.51","2.25","3.05","0.3","28.28","73.1","10.91","70.64","2.5","64","0.08","0.15","0.5","3.9","65.38","3.15","65.08","1.65","7.46","76.51","","","0","0","","",""
"L. Korijkov","Slovakia 2.","Slávia TU Košice","RCB, CB","33","0","","20","1790","1","0.63","1","0.8","Slovakia","both","186","no","7.84","4.02","66.25","4.32","53.49","0.91","6.68","0.05","0.03","0","7","0.35","42.86","14.286","0.15","33.33","0.2","25","1.41","46.43","0.7","0.5","0","48.52","87.56","21.42","79.58","6.49","59.69","0.04","0","0.1","3.77","64","0.5","30","0.25","9.5","66.67","","","0","0","","",""
"P. Mráz","Slovakia 2.","Púchov","CF, LAMF, LW","39","25000","","28","1787","1","2.59","3","5.55","Slovakia","left","187","no","2.67","1.86","56.76","3.27","33.85","0.15","2.26","0.05","0.13","0","28","1.41","32.14","3.571","3.32","36.36","1.36","40.74","5.04","28","2.22","0.3","0","24.43","74.43","7.4","65.31","1.46","41.38","0.28","0.05","0.25","2.97","62.71","3.53","48.57","1.06","4.63","81.52","","","0","0","","",""
"J. Murko","Slovakia 2.","Slovan Bratislava II","CF, RAMF","20","0","2026-06-30","27","1782","5","3.85","5","2.41","Slovakia","right","180","no","4.75","4.65","53.26","6.82","30.37","0.1","2.6","0.25","0.19","0","21","1.06","42.86","23.81","2.42","31.25","1.82","41.67","7.68","26.32","3.38","0.86","0.15","19.49","69.17","3.64","48.61","1.52","36.67","0.12","0","0.66","1.67","57.58","1.87","43.24","0.61","2.78","60","","","0","0","","",""
"B. Petrák","Slovakia 2.","Lokomotíva Zvolen","LB, LW","26","100000","","22","1779","3","1.9","2","2.17","Russia","left","178","no","10.22","7.13","63.12","3.09","45.9","0.35","6.25","0.15","0.1","0","24","1.21","25","12.5","4.45","28.41","1.97","64.1","4.76","52.13","1.97","1.87","0.56","29.44","62.54","14.01","63.18","4.86","53.13","0.11","0.05","0.4","4.7","61.29","3.69","31.51","0.61","8.85","72.57","","","0","0","","",""
"S. Samaj","Slovakia 2.","Žilina II","RCMF, LCMF","20","0","","23","1774","0","0.42","0","0.91","Slovakia","unknown","0","no","9.99","7.31","65.97","2.18","37.21","0.36","6.53","0","0.02","0","12","0.61","16.67","0","0.61","33.33","1.37","51.85","6.6","46.15","0.46","1.22","0.51","42.36","80.48","13.6","62.69","4.11","46.91","0.05","0.2","0.1","6.24","65.85","2.13","42.86","0.56","6.34","59.2","","","0","0","","",""
"R. Božík","Slovakia 2.","Považská Bystrica","CF, LAMF, LW","23","0","2027-05-31","26","1755","4","5.29","3","2.59","Slovakia","","0","yes","5.38","4.92","65.63","3.59","27.14","0.05","2.48","0.21","0.27","0","48","2.46","35.42","8.333","2.15","26.19","3.54","50.72","9.85","36.46","3.03","1.49","0","23.03","68.37","7.28","57.04","1.38","33.33","0.13","0","0.31","3.13","57.38","2.92","40.35","0.92","3.64","69.01","","","0","0","","",""
"A. Cheprakov","Slovakia 2.","Pohronie","RCB, LCB","20","0","","27","1752","0","0.47","4","1.3","Ukraine","","187","no","6.93","5.45","68.87","1.95","23.68","0.26","5.03","0","0.02","0","5","0.26","20","0","1.64","46.88","1.54","60","3.44","52.24","0.41","3.75","0.41","48.65","84.27","18.08","75","5.19","49.5","0.07","0.15","0.26","7.19","70.71","2.36","47.83","0.62","9.25","77.22","","","0","0","","",""
"Š. Harvila","Slovakia 2.","Slávia TU Košice","RCMF, LCMF","31","100000","","23","1743","2","1.13","1","2.95","Slovakia","","0","no","10.43","8.67","55.36","2.74","24.53","0.41","6.81","0.1","0.06","0.05","15","0.77","40","13.333","0.72","28.57","0.93","50","7.54","34.93","1.7","1.34","0.15","47.76","81.51","16.11","75.64","2.69","61.54","0.15","0.15","0.62","6.66","72.09","1.91","64.86","1.24","9.14","69.49","","","0","0","","",""
"M. Breznik","Slovakia 2.","Malženice","LCMF, LDMF, CF","22","150000","2026-06-30","26","1734","2","0.74","2","3.02","Slovenia","left","187","no","9.71","8.62","57.23","2.54","36.73","0.42","5.74","0.1","0.04","0","10","0.52","30","20","1.45","28.57","3.22","54.84","12.25","40.68","1.3","1.61","0.16","36.59","71.63","16.61","60.94","7.42","44.76","0.16","0.21","0.47","8.3","61.25","3.43","33.33","1.19","7.68","74.32","","","0","0","","",""
"M. Franko","Slovakia 2.","Tatran Liptovský Mikuláš","CF","25","150000","2026-06-30","28","1726","13","7.93","2","0.14","Slovakia","right","192","yes","2.71","1.46","60.71","12.78","45.31","0.1","2.57","0.68","0.41","0.37","49","2.56","51.02","26.531","0.26","20","0.63","75","5.89","28.32","4.07","0.37","0.1","16.43","78.41","2.92","48.21","0.21","0","0.01","0","0.16","1.67","43.75","0.52","40","0.21","1.1","57.14","","","0","0","","",""
"L. Dvorský","Slovakia 2.","Lokomotíva Zvolen","RB, RCB, RW","19","0","","23","1726","0","0.31","2","1.69","Slovakia","unknown","0","no","11.26","8.92","64.91","1.25","54.17","0.31","6.07","0","0.02","0","7","0.37","0","0","2.4","54.35","0.31","100","2.35","42.22","0.21","0.83","0.05","34.31","75.68","16.37","65.61","6.67","53.13","0.09","0.05","0.26","7.04","62.22","3.13","53.33","0.47","9.8","76.06","","","0","0","","",""
"A. Avetisyan","Slovakia 2.","Šamorín","DMF, LCB, RCMF","24","100000","","22","1717","1","1.94","0","0.25","Ukraine","right","185","no","9.64","6.34","62.81","2.1","62.5","0.52","7.3","0.05","0.1","0","9","0.47","22.22","11.111","0.21","50","0.47","88.89","2.78","58.49","0.52","0.58","0","31.82","82.37","12.37","72.03","4.04","57.14","0.01","0.05","0.1","3.72","66.2","0.52","60","0.31","5.45","54.81","","","0","0","","",""
"T. Vantruba","Slovakia 2.","Inter Bratislava","CF","28","0","","29","1712","7","10.58","1","1.7","Slovakia","","195","no","4.47","3.36","62.5","16.09","44.44","0.05","2.78","0.37","0.56","0.11","62","3.26","24.19","11.29","0.63","8.33","2.21","59.52","9.62","31.69","5.1","1.47","0.16","15.77","74","4.21","52.5","0.26","20","0.09","0.05","0.16","1.68","56.25","1.05","45","0.79","1.21","78.26","","","0","0","","",""
"S. Varga","Slovakia 2.","Šamorín","RCMF, RDMF","23","0","","26","1709","4","2.09","1","2.05","Slovakia","unknown","0","no","9.43","7.11","64.44","2.79","54.72","0.42","6.2","0.21","0.11","0.05","40","2.11","17.5","10","1.26","41.67","1.79","58.82","5.06","45.83","1.58","1.26","0.11","33.7","73.75","14.69","62.37","3.9","39.19","0.11","0.26","0.47","6.11","59.48","2.42","60.87","0.79","6.69","62.2","","","0","0","","",""
"M. Matejčík","Slovakia 2.","Považská Bystrica","RCB, RB","24","0","","24","1706","0","0.43","0","0.48","Slovakia","right","189","no","10.66","8.65","62.8","2.8","26.42","0.53","5.47","0","0.02","0","2","0.11","50","0","0.47","22.22","0.42","50","1.69","40.63","0.21","1.11","0","32.81","76.05","14.93","60.07","6.91","40.46","0.03","0","0.05","6.17","50.43","1.37","26.92","0.42","7.6","60.42","","","0","0","","",""
"S. Mašlej","Slovakia 2.","Stará Ľubovňa","CF, LCMF, RDMF","21","0","2026-06-30","24","1700","1","2.23","1","0.76","Slovakia","unknown","0","no","7.73","6.51","58.54","4.55","38.37","0.16","4.8","0.05","0.12","0","36","1.91","22.22","2.778","0.37","28.57","1.69","53.13","9.21","32.76","1.64","0.42","0.05","27.05","76.91","7.57","56.64","3.65","50.72","0.04","0.21","0.32","3.92","60.81","0.95","44.44","0.32","3.65","65.22","","","0","0","","",""
"S. Kuchárik","Slovakia 2.","Tatran Liptovský Mikuláš","RCB","21","0","","21","1696","1","1.33","1","0.66","Slovakia","","0","no","9.87","5.36","72.28","3.18","45","1.11","7.98","0.05","0.07","0","12","0.64","33.33","8.333","0.37","42.86","0.05","100","0.9","47.06","0.85","0.42","0","36.93","75.29","20.01","64.72","12.36","53.65","0.04","0.05","0.21","10.14","56.02","1.49","39.29","0.58","10.67","75.62","","","0","0","","",""
"A. Horvat","Slovakia 2.","Banik Lehota pod Vtacnikom","CF, LW, LWF","22","0","2026-06-30","25","1695","5","4.45","2","0.69","Slovakia","","0","no","4.51","3.88","54.79","6","31.86","0.16","2.83","0.27","0.24","0.05","34","1.81","47.06","14.706","0.69","23.08","3.24","47.54","12.11","28.51","3.45","1.54","0.32","15.4","74.14","3.19","65","0.48","55.56","0.04","0","0.27","1.01","57.89","1.06","40","0.74","1.65","51.61","","","0","0","","",""
"D. Murar","Slovakia 2.","Slovan Bratislava II","RCB, LCB","22","0","","20","1680","1","1.67","0","0","Slovakia","","0","no","14.41","7.87","70.07","5.63","75.24","0.96","10.62","0.05","0.09","0","14","0.75","35.71","7.143","0.05","100","0.27","80","1.82","44.12","0.91","1.02","0","40.34","81.41","16.82","68.47","7.61","42.25","0","0","0","6.75","50.79","0.48","33.33","0.32","7.61","64.08","","","0","0","","",""
"T. Slebodník","Slovakia 2.","Dukla Banská Bystrica","LCMF, CF, AMF","25","0","2026-06-30","25","1669","10","6.59","3","2.5","Slovakia","right","178","no","6.31","6.31","55.56","1.94","27.78","0.05","3.33","0.43","0.36","0.05","73","3.94","39.73","13.699","1.89","14.29","2.8","55.77","9.6","38.76","2.86","1.94","0.05","38.99","74.69","13.8","66.41","5.28","59.18","0.13","0.05","0.54","6.58","67.21","5.34","52.53","2.37","6.63","82.93","","","0","0","","",""
"Š. Gerec","Slovakia 2.","Dukla Banská Bystrica","LW, LAMF, CF","33","150000","2026-06-30","26","1669","6","3.53","1","0.8","Slovakia","right","176","no","6.42","5.55","63.11","3.18","40.68","0.16","3.86","0.32","0.19","0.05","25","1.35","48","24","1.02","31.58","1.73","62.5","6.69","43.55","3.4","1.46","0.11","24.27","73.11","8.25","61.44","1.46","48.15","0.04","0","0.22","3.4","66.67","1.62","53.33","0.65","3.83","70.42","","","0","0","","",""
"R. Zemko","Slovakia 2.","Považská Bystrica","RDMF, LDMF, AMF","28","75000","","28","1663","2","1.92","0","0.44","Slovakia","","0","no","11.26","8.44","60.9","3.03","50","0.43","6.17","0.11","0.1","0.05","22","1.19","36.36","9.091","1.35","44","0.81","60","5.68","40.95","1.24","0.76","0.16","29.06","75.42","11.09","64.88","2.98","56.36","0.02","0","0.16","4.49","66.27","1.35","56","0.6","5.74","67.92","","","0","0","","",""
"D. Veselovský","Slovakia 2.","Dukla Banská Bystrica","RAMF, RW, LW","23","275000","2027-06-30","26","1660","6","5.25","6","4.83","Czech Republic","right","170","no","2.44","2.55","53.19","0.65","16.67","0.05","1.55","0.33","0.28","0","53","2.87","41.51","11.321","5.37","33.33","3.85","56.34","7.16","46.21","4.12","2.77","0.38","30.52","67.5","8.84","66.26","1.9","42.86","0.26","0.22","1.08","2.66","69.39","5.91","51.38","2.28","6.45","78.15","","","0","0","","",""
"M. Traore","Slovakia 2.","Púchov","LWB, LB, LCB","19","0","","22","1651","1","1.35","2","1","Côte d'Ivoire","","0","no","9.98","9.21","59.17","2.4","54.55","0.33","5.76","0.05","0.07","0","21","1.14","28.57","4.762","2.56","29.79","3.16","65.52","8.18","41.33","1.8","2.83","0.44","34.89","74.69","11.01","60.4","4.09","36","0.05","0.22","0.27","5.67","60.58","2.45","37.78","0.55","6.16","61.06","","","0","0","","",""
"M. Kuzma","Slovakia 2.","Zlaté Moravce","CF","37","50000","2026-06-30","26","1647","9","9.63","3","2.63","Slovakia","right","182","no","2.4","1.86","35.29","6.12","41.07","0.16","2.71","0.49","0.53","0.05","35","1.91","34.29","25.714","0.38","42.86","1.09","60","6.99","23.44","4.26","0.49","0","21.97","82.34","4.37","68.75","0.66","66.67","0.14","0.05","0.38","2.46","73.33","1.37","60","1.26","1.8","75.76","","","0","0","","",""
"M. Traoré Coulibaly","Slovakia 2.","Slovan Bratislava II","LB, RW, RB","23","0","","22","1642","1","0.44","1","1.11","Spain","","0","no","8.66","6.47","58.47","2.19","40","0.27","5.27","0.05","0.02","0","9","0.49","33.33","11.111","1.59","20.69","4","65.75","6.91","53.97","0.44","3.29","0.66","30.86","75.67","12.88","66.81","3.07","51.79","0.06","0","0.16","4.22","67.53","1.7","41.94","0.16","6.3","67.83","","","0","0","","",""
"M. Köröš","Slovakia 2.","Lokomotíva Zvolen","RW, LCMF","22","0","","28","1639","1","1.46","1","2.2","Slovakia","right","178","no","5.99","5.49","62","2.2","22.5","0.16","2.86","0.05","0.08","0.05","21","1.15","38.1","4.762","2.69","38.78","1.87","50","4.39","41.25","1.26","0.77","0.27","24.27","69","8.46","55.19","3.79","50.72","0.12","0.05","0.33","3.51","53.13","2.75","50","0.49","5.11","69.89","","","0","0","","",""
"A. Horvát","Slovakia 2.","Malženice","RCMF, DMF, RDMF","25","125000","","21","1635","1","2.04","0","0.79","Slovakia","","179","no","10.35","10.07","56.28","3.85","47.14","0.44","5.58","0.06","0.11","0","18","0.99","27.78","5.556","0.44","37.5","0.88","68.75","4.02","47.95","1.21","0.88","0","35.17","75.9","13.82","60.96","5.28","46.88","0.04","0.06","0.17","6.33","68.7","0.94","47.06","0.66","7.49","56.62","","","0","0","","",""
"C. Madubuegwu","Slovakia 2.","Inter Bratislava","LCB","25","0","","17","1629","0","0","0","0.11","Nigeria","unknown","0","no","9.23","5.75","75.96","3.65","59.09","0.83","6.1","0","0","0","1","0.06","0","0","0.61","45.45","0.11","50","0.77","21.43","0.44","0.33","0","31.88","75.91","18.12","67.99","8.9","49.69","0.01","0","0.06","5.19","56.38","0.94","29.41","0.33","8.9","61.49","","","0","0","","",""
"S. Habodasz","Slovakia 2.","Slovan Bratislava II","RCMF, LDMF, LCMF","25","150000","","24","1627","1","2.06","1","0.36","Slovakia","right","185","no","8.63","5.37","71.13","1.44","53.85","0.39","6","0.06","0.11","0","18","1","27.78","5.556","0.44","50","1.05","57.89","5.81","53.33","1.11","1.33","0.11","40.77","80.33","15.38","66.19","6.86","62.1","0.02","0.22","0.22","9.35","69.23","1.49","59.26","0.94","8.85","75","","","0","0","","",""
"R. Stareček","Slovakia 2.","Banik Lehota pod Vtacnikom","LB","22","0","2026-06-30","19","1626","2","0.83","1","2.01","Slovakia","right","175","yes","8.75","5.76","65.38","2.88","46.15","0.33","5.91","0.11","0.05","0","12","0.66","50","16.667","2.6","40.43","1.33","66.67","3.6","50.77","1.33","1.33","0.06","33.82","70.21","15.83","62.24","4.93","42.7","0.11","0","0.28","4.48","54.32","2.27","48.78","0.5","8.86","64.38","","","0","0","","",""
"P. Kuťka","Slovakia 2.","Pohronie","RCB, RB","20","0","","25","1624","1","2.14","0","0.46","Slovakia","right","0","no","11.25","8.42","60.53","4.66","50","0.33","8.51","0.06","0.12","0.06","18","1","16.67","5.556","0.94","29.41","0.5","66.67","3.33","31.67","0.94","1.44","0.22","45","76.85","21.61","62.31","8.53","38.96","0.03","0.06","0.11","9.86","53.93","2.33","35.71","0.61","11.25","71.43","","","0","0","","",""
"Lukas Domanisky","Slovakia 2.","Pohronie","GK","21","0","2026-06-30","17","1619","0","0","0","0","Slovakia","unknown","0","no","2.45","0.06","100","0.61","90.91","0","3.79","0","0","0","0","0","0","0","0","0","0.06","100","0.17","100","0","0","0","31.96","86.96","17.23","78.39","9.34","62.5","0","0","0","2.06","35.14","0.06","100","0","6.56","65.25","1.11","4.11","72.97","0.93","-3.3","-0.183","1.67"
"A. Sloboda","Slovakia 2.","Považská Bystrica","RDMF, DMF, RCMF","38","50000","","21","1619","2","2.21","0","1.47","Slovakia","right","179","no","12.23","8.84","56.6","2.84","50.98","0.5","7.98","0.11","0.12","0","14","0.78","42.86","14.286","0.28","60","0.72","61.54","4.95","44.94","1.33","1.28","0.11","38.91","78.71","13.68","64.63","4.73","49.41","0.08","0.11","0.33","5.95","68.22","1.17","52.38","0.72","6.39","66.96","","","0","0","","",""
"A. Urban","Slovakia 2.","Stará Ľubovňa","GK","21","0","2027-06-30","17","1618","0","0.03","0","0","Czech Republic","","193","no","1.67","0","0","0.39","100","0","2.1","0","0","0","1","0.06","0","0","0","0","0.06","0","0.28","80","0.06","0","0","24.14","76.73","15.57","66.07","11.01","56.57","0","0","0","4.67","40.48","0.33","16.67","0.06","8.18","72.11","1.33","5.06","73.63","1.59","4.56","0.254","1.56"
"A. Tóth","Slovakia 2.","Inter Bratislava","LB, RB","24","125000","","21","1611","0","0.57","1","1.35","Slovakia","left","178","no","9.33","6.42","64.35","2.96","52.83","0.11","6.51","0","0.03","0","6","0.34","16.67","0","1.96","25.71","0.78","64.29","2.91","50","1.01","1.06","0.11","28.99","70.13","15.03","65.06","5.14","45.65","0.08","0","0.28","5.08","59.34","1.62","44.83","0.45","6.87","62.6","","","0","0","","",""
"E. Kozyk","Slovakia 2.","Slovan Bratislava II","AMF, CF","19","0","","22","1606","4","3","3","2.6","Slovakia","unknown","0","no","4.37","4.37","60.26","2.86","35.29","0.17","2.07","0.17","0.17","0.06","35","1.96","22.86","11.429","0.73","23.08","3.19","56.14","10.09","42.22","2.47","1.57","0.11","29.81","80.83","8.18","71.92","3.03","62.96","0.15","0.34","0.34","3.53","65.08","3.19","57.89","2.02","4.2","80","","","0","0","","",""
"F. Krawczyk","Slovakia 2.","Stará Ľubovňa","DMF, RCMF, LDMF","19","0","","25","1603","3","2.34","1","0.85","Poland","","0","no","11.29","8.48","55.63","2.86","43.14","0.45","7.91","0.06","0.13","0","20","1.12","50","15","0.39","42.86","1.4","60","4.49","53.75","0.34","0.62","0.06","29.7","76.75","10.39","60","4.15","37.84","0.05","0.06","0.11","4.72","46.43","1.52","25.93","0.34","4.88","55.17","","","0","0","","",""
"A. Hanes","Slovakia 2.","Dukla Banská Bystrica","RW, CF, RAMF","23","0","2026-06-30","26","1588","3","6.12","2","1.25","Slovakia","right","0","no","4.7","3.46","49.18","4.19","58.11","0.23","3.75","0.17","0.35","0","44","2.49","40.91","6.818","2.04","33.33","2.21","64.1","7.2","38.58","5.67","1.64","0.4","23.41","73.37","6.8","63.33","1.25","50","0.07","0.06","0.4","1.93","47.06","2.04","52.78","1.42","2.72","77.08","","","0","0","","",""
"D. Richtárech","Slovakia 2.","Dukla Banská Bystrica","LDMF, DMF, LB","30","200000","2026-06-30","25","1573","2","0.69","1","0.55","Slovakia","right","172","no","10.3","8.7","67.76","2.29","30","0.23","5.63","0.11","0.04","0","16","0.92","18.75","12.5","2.29","17.5","2.06","63.89","6.12","42.06","1.66","1.03","0.06","43.14","78.51","16.76","68.26","4.63","53.09","0.03","0.11","0.17","6.41","70.54","2.69","40.43","1.14","8.64","68.21","","","0","0","","",""
"E. Matta","Slovakia 2.","Stará Ľubovňa","RCB, RB","25","125000","","17","1571","0","1.5","1","1.05","Slovakia","","181","no","9.17","4.24","59.46","4.64","54.32","0.74","7.73","0","0.09","0","10","0.57","30","0","0.4","14.29","0.06","100","0.34","66.67","1.03","0.46","0","39.24","79.85","18.56","69.75","6.76","43.22","0.06","0","0.17","6.93","54.55","2.01","31.43","0.57","8.25","63.89","","","0","0","","",""
"N. Kurej","Slovakia 2.","Malženice","LCB","22","0","","19","1570","2","0.85","0","0.02","Slovakia","unknown","0","no","10.49","7.62","70.68","4.47","55.13","0.75","5.9","0.11","0.05","0","6","0.34","50","33.333","0.17","0","0.46","50","2.12","51.35","0.57","0.92","0.23","31.13","72.19","15.42","60.97","6.19","40.74","0","0.06","0","5.62","51.02","0.75","30.77","0.29","8.43","53.06","","","0","0","","",""
"M. Sokol","Slovakia 2.","Inter Bratislava","RCMF, RDMF, LDMF","30","0","","18","1556","1","0.58","0","0.57","Slovakia","","183","no","10.3","7.63","65.15","2.2","55.26","0.52","5.04","0.06","0.03","0","19","1.1","26.32","5.263","1.27","40.91","1.21","42.86","4.16","38.89","0.69","0.4","0","24.93","68.21","10.06","56.9","3.59","53.23","0.03","0.06","0.17","4.11","60.56","1.04","38.89","0.12","4.8","59.04","","","0","0","","",""
"P. Lacko","Slovakia 2.","Púchov","RW, LWB","21","0","","22","1549","4","3.19","1","1.67","Slovakia","","0","no","8.77","8.08","57.55","3.72","21.88","0.17","5.2","0.23","0.19","0","27","1.57","37.04","14.815","3.78","23.08","3.14","51.85","8.02","28.99","2.03","1.1","0.23","20.68","59.83","5.46","59.57","1.8","41.94","0.1","0","0.23","1.8","54.84","3.43","32.2","0.29","4.13","59.15","","","0","0","","",""
"A. Kopičár","Slovakia 2.","Púchov","DMF, LDMF, RDMF","29","125000","","22","1547","0","3.12","1","0.86","Slovakia","right","183","no","9.83","6.69","60.87","4.19","56.94","0.17","7.79","0","0.18","0","33","1.92","24.24","0","2.73","29.79","0.93","68.75","4.07","47.14","1.92","1.28","0.17","42.53","74.15","17.51","64.45","8.49","54.11","0.05","0","0.17","7.74","52.63","2.68","43.48","0.52","8.38","67.36","","","0","0","","",""
"M. Jonec","Slovakia 2.","Slávia TU Košice","CB, RCB, LCB","29","100000","","18","1541","3","2.55","0","0","Slovakia","right","185","no","8","3.74","73.44","2.04","48.57","1.23","6.24","0","0.15","0","5","0.29","60","60","0","0","0.23","25","1.46","40","0.23","0.47","0.06","39.95","86.7","15.94","77.29","6.42","52.73","0","0","0","3.91","52.24","0.53","11.11","0.06","6.83","65.81","","","0","0","","",""
"S. Šefčík","Slovakia 2.","Petržalka Akadémia","LAMF, LW, RAMF","29","200000","2026-06-30","23","1539","1","3.13","4","3.53","Slovakia","right","181","no","7.49","6.67","57.89","2.81","31.25","0.06","4.95","0.06","0.18","0","32","1.87","40.63","3.125","4.33","31.08","7.02","51.67","13.39","37.99","2.34","3.04","0.53","33.98","71.94","10.58","69.61","2.05","45.71","0.21","0.29","0.53","4.21","73.61","4.21","47.22","0.99","5.79","81.82","","","0","0","","",""
"Š. Sabolčík","Slovakia 2.","Slávia TU Košice","CF, RCMF, AMF","20","0","2027-06-30","25","1536","0","2.55","2","2.37","Slovakia","unknown","0","yes","3.69","5.39","48.91","1.93","27.27","0.06","1.49","0","0.15","0","36","2.11","16.67","0","1.17","45","3.63","59.68","10.9","40.86","0.59","1.11","0.18","42.13","79.14","11.72","65","5.74","50","0.14","0.64","0.53","8.73","60.4","3.75","51.56","1.52","6.8","79.31","","","0","0","","",""
"J. Nosko","Slovakia 2.","Lokomotíva Zvolen","RCB, CB, LCB","37","0","2026-06-30","24","1529","1","0.55","1","0.29","Czech Republic","right","196","no","10.71","4.65","73.42","5.18","64.77","1.06","7.82","0.06","0.03","0.06","6","0.35","66.67","16.667","0","0","0.06","0","0.53","66.67","0.59","0.18","0","25.96","84.58","10.36","73.86","3","60.78","0.02","0","0.06","2.12","63.89","0.35","33.33","0.18","4.59","52.56","","","0","0","","",""
"M. Hlavatý","Slovakia 2.","Petržalka Akadémia","RB, RDMF, RCMF","19","0","","20","1527","0","0.32","0","0.36","Slovakia","right","0","no","12.08","12.02","60.78","3.95","55.22","0.53","5.95","0","0.02","0","7","0.41","42.86","0","0.88","53.33","2.77","59.57","9.49","50.93","0.59","1.59","0.18","28.47","81.37","12.44","71.56","3.36","52.63","0.02","0","0.24","4.83","69.51","1","52.94","0.18","5.54","63.83","","","0","0","","",""
"P. Majercik","Slovakia 2.","Tatran Liptovský Mikuláš","LB, LW","19","0","","21","1523","0","0.78","2","1.72","Slovakia","","0","yes","10.76","10.05","58.24","1.95","54.55","0.18","6.06","0","0.05","0","13","0.77","15.38","0","3.55","25","3.72","60.32","8.51","47.22","0.89","2.07","0.3","33.27","76.02","13.89","73.19","4.02","58.82","0.1","0","0.47","4.02","77.94","3.13","33.96","0.24","7.5","74.02","","","0","0","","",""
"C. Makrygiannis","Slovakia 2.","Stará Ľubovňa","LWB, LB, LAMF","19","0","","17","1522","3","2.3","1","1.83","Greece","unknown","0","no","8.22","6.68","59.29","4.2","45.07","0.06","4.59","0.18","0.14","0","16","0.95","50","18.75","2.96","10","4.43","62.67","8.75","46.62","2.19","1.24","0.12","24.01","68.97","7.92","69.4","1.95","45.45","0.11","0","0.12","2.07","65.71","2.78","29.79","0.53","5.14","63.22","","","0","0","","",""
"D. Duga","Slovakia 2.","Zlaté Moravce","LDMF, DMF, RCMF","31","150000","2026-06-30","20","1520","1","2.63","0","0.29","Slovakia","right","177","no","11.19","9","61.18","3.38","49.12","0.12","8.36","0.06","0.16","0","26","1.54","26.92","3.846","0.77","30.77","0.83","71.43","4.91","56.63","1.07","0.95","0.06","54.47","84.57","15.57","67.68","5.51","52.69","0.02","0.06","0.06","7.7","75.38","1.54","42.31","0.65","7.58","69.53","","","0","0","","",""
"A. Konan","Slovakia 2.","Petržalka Akadémia","LCB","25","0","2026-06-30","16","1520","0","0.47","1","0.02","Mali","left","170","no","9.65","6.93","64.96","7.05","57.14","1.07","6.53","0","0.03","0","6","0.36","16.67","0","0.12","50","0.12","50","1.3","59.09","0.41","0.3","0","42.04","88.87","15.99","77.04","6.28","56.6","0","0","0","4.5","60.53","0.41","14.29","0.12","6.81","70.43","","","0","0","","",""
"N. Martinek","Slovakia 2.","Púchov","RAMF, CF, LW","25","0","","24","1495","1","2.5","2","1.48","Slovakia","","180","no","4.15","3.55","47.46","3.37","30.36","0.06","3.51","0.06","0.15","0.06","32","1.93","40.63","3.125","3.01","34","2.17","55.56","6.38","37.74","2.23","1.02","0.12","28.6","70.32","8.61","58.04","3.91","43.08","0.09","0","0.42","4.52","49.33","3.97","37.88","0.66","4.58","76.32","","","0","0","","",""
"J. Michlík","Slovakia 2.","Pohronie","LCMF, AMF, LW","19","0","","17","1464","4","2.36","2","1.23","Slovakia","unknown","0","yes","7.38","8.67","57.45","0.86","14.29","0.12","3.01","0.25","0.14","0","26","1.6","61.54","15.385","1.29","19.05","5.16","48.81","15.31","40.56","2.27","2.95","0.25","27.36","69.21","8.18","58.65","2.64","32.56","0.08","0.43","0.49","3.81","53.23","2.27","45.95","0.98","4.18","54.41","","","0","0","","",""
"M. Svoboda","Slovakia 2.","Žilina II","CB, RCB, LCB","21","0","2028-06-30","17","1461","0","0.74","1","0.53","Slovakia","right","188","no","9.12","5.42","61.36","4.5","53.42","0.86","7.36","0","0.05","0","5","0.31","20","0","0.25","25","0.18","66.67","1.29","47.62","0.31","0.92","0","54.46","86.88","25.75","78.47","7.64","50.81","0.03","0","0.12","8.32","64.44","1.42","47.83","0.43","11.33","77.72","","","0","0","","",""
"F. Shudeiwa","Slovakia 2.","Pohronie","LCMF, RCMF, DMF","23","150000","","18","1444","0","0.97","0","0.07","Slovakia","","181","no","7.11","5.42","62.07","1.93","48.39","0.37","4.79","0","0.06","0","14","0.87","0","0","0.44","71.43","1.5","70.83","6.48","53.85","0.75","1.06","0.19","55.28","84.33","18.76","74.09","4.74","56.58","0","0.12","0.06","8.73","74.29","2.8","46.67","1.12","10.16","75.46","","","0","0","","",""
"A. Mojžiš","Slovakia 2.","Malženice","AMF, CF","23","0","","29","1444","7","5.79","2","2.97","Slovakia","left","169","no","5.36","4.92","60.76","1.68","14.81","0","2.94","0.31","0.36","0","38","2.37","60.53","18.421","2.56","31.71","2.24","55.56","8.85","44.37","2.99","1.62","0.19","29.48","75.69","9.29","69.13","2.49","55","0.19","0.25","0.69","3.8","59.02","3.05","51.02","1.37","5.17","77.11","","","0","0","","",""
"L. Lévai","Slovakia 2.","Púchov","RB, LB, RAMF","27","50000","","23","1435","2","0.61","1","0.73","Slovakia","","0","no","8.22","7.28","56.9","1.63","11.54","0.25","3.67","0.13","0.04","0","7","0.44","57.14","28.571","2.57","21.95","1.76","78.57","3.51","51.79","1.07","0.88","0.06","22.14","65.44","8.97","54.55","3.39","44.44","0.05","0","0.13","2.57","60.98","2.07","39.39","0.38","4.7","60","","","0","0","","",""
"P. Baleja","Slovakia 2.","Žilina II","CF, RW","18","0","2028-12-31","20","1432","7","3.97","2","1.63","Slovakia","unknown","0","no","5.09","4.15","60.61","1.51","25","0.06","3.33","0.44","0.25","0","44","2.77","36.36","15.909","2.26","38.89","3.65","56.9","7.86","42.4","2.77","1.26","0.25","34.5","73.41","10.24","54.6","3.14","48","0.1","0.44","0.38","4.34","43.48","3.27","51.92","1.26","5.47","66.67","","","0","0","","",""
"K. Mondek","Slovakia 2.","Zlaté Moravce","RB, RWB, LWB","34","125000","2026-06-30","27","1408","2","2.79","1","2.42","Slovakia","right","168","no","7.48","5.24","67.07","2.05","34.38","0.32","5.75","0.13","0.18","0.06","20","1.28","40","10","3.77","27.12","2.88","40","6.2","27.84","3.58","2.17","0.19","36.69","77","10.04","75.16","2.88","46.67","0.15","0","0.45","3.96","75.81","3.2","38","0.96","6.52","71.57","","","0","0","","",""
"F. Balaj","Slovakia 2.","Zlaté Moravce","CF","28","150000","2026-06-30","27","1405","10","10.21","3","1.4","Slovakia","right","192","no","2.95","2.31","47.22","11.66","58.24","0.13","3.13","0.58","0.65","0.45","65","4.16","40","15.385","0.26","25","0.7","72.73","6.98","34.86","6.02","0.26","0","17.36","76.38","2.88","53.33","0.38","0","0.09","0","0.38","1.73","59.26","0.77","41.67","1.15","1.41","45.45","","","0","0","","",""
"R. Tomanek","Slovakia 2.","Slovan Bratislava II","RCB","19","0","","18","1400","1","1.62","0","0","Slovenia","","0","no","8.42","5.08","70.89","5.79","64.44","0.77","6.07","0.06","0.1","0.06","10","0.64","40","10","0.13","0","0.13","50","0.96","13.33","0.77","0.9","0","33.62","80.88","15.75","69.39","6.62","47.57","0","0","0","5.27","56.1","0.71","9.09","0.19","7.07","62.73","","","0","0","","",""
"D. Zolotovetskyi","Slovakia 2.","Slávia TU Košice","LB, LWB","20","0","","24","1392","0","1.44","0","0.62","Hungary","unknown","0","no","9.31","7.31","61.95","1.68","46.15","0.13","5.72","0","0.09","0","7","0.45","57.14","0","2.72","38.1","1.75","48.15","3.56","30.91","1.29","1.88","0.13","32.26","73.95","12.67","63.27","2.91","57.78","0.04","0","0.32","3.75","68.97","2.33","44.44","0.39","7.31","59.29","","","0","0","","",""
"M. Turanský","Slovakia 2.","Malženice","RB, RWB","18","0","","20","1384","3","0.44","1","1.04","Slovakia","right","0","no","13.33","10.14","69.87","3.25","38","0.46","7.08","0.2","0.03","0.07","9","0.59","55.56","33.333","1.3","25","1.5","52.17","3.45","45.28","1.17","1.5","0.52","26.08","67.33","11.64","55.31","3.51","48.15","0.07","0.13","0.39","3.9","53.33","2.08","53.13","0.85","6.44","50.51","","","0","0","","",""
"F. Liszka","Slovakia 2.","Považská Bystrica","RCMF, DMF, LDMF","22","0","","23","1359","1","1.53","0","0.42","Poland","","0","no","10.46","9.47","62.94","3.11","46.81","0.6","5.23","0.07","0.1","0","15","0.99","20","6.667","1.52","30.43","0.99","60","3.58","48.15","1.26","0.73","0.07","31.85","72.14","11.92","60.56","4.77","47.22","0.03","0.2","0.13","6.23","57.45","1.92","31.03","0.26","5.76","67.82","","","0","0","","",""
"D. Jakolic","Slovakia 2.","Slovan Bratislava II","LB","21","0","","15","1347","0","0.01","1","0.9","Croatia","","0","no","13.03","9.09","65.44","2.87","51.16","0.33","9.15","0","0","0","3","0.2","0","0","2.87","32.56","0.6","88.89","2.87","46.51","0.2","1.07","0.13","41.02","72.15","18.24","60.81","7.15","46.73","0.06","0","0.07","6.15","61.96","2.67","45","0.4","10.96","57.32","","","0","0","","",""
"L. Laura","Slovakia 2.","Tatran Liptovský Mikuláš","RW, RAMF","31","125000","","25","1345","4","2.47","7","4.37","Slovakia","right","184","no","5.02","3.95","49.15","2.14","28.13","0.13","3.93","0.13","0.17","0","16","1.07","50","25","8.97","43.28","3.01","40","5.55","34.94","3.48","2.07","0.33","45.77","72.66","11.17","65.27","4.82","54.17","0.29","0.07","1.61","3.95","61.02","8.57","51.56","1.87","10.3","85.71","","","0","0","","",""
"B. Druga","Slovakia 2.","Malženice","CF, LW, LWF","24","0","2027-06-30","16","1339","9","6.15","4","0.99","Slovakia","","0","no","3.23","3.43","50.98","2.62","20.51","0","1.65","0.47","0.41","0","50","3.36","42","18","1.61","16.67","3.02","44.44","6.92","35.92","4.23","1.95","0.27","24.06","71.51","7.19","63.55","2.29","64.71","0.07","0.2","0.47","3.29","79.59","2.49","45.95","1.21","4.03","76.67","","","0","0","","",""
"M. Hydara","Slovakia 2.","Pohronie","CF, AMF","21","0","2026-12-31","16","1334","5","3.5","2","1.15","Gambia","","0","no","5.26","3.85","59.65","1.55","34.78","0","4.84","0.34","0.24","0.07","29","1.96","44.83","17.241","0.81","58.33","1.55","56.52","5.67","38.1","1.69","0.67","0","37.38","79.06","10.73","64.15","3.44","47.06","0.08","0.4","0.67","6","56.18","2.9","53.49","1.42","5.87","80.46","","","0","0","","",""
"D. Baumgartner","Slovakia 2.","Zlaté Moravce","RWF, RW, RAMF","28","100000","2026-06-30","21","1331","4","4.76","4","3.28","Slovakia","left","180","no","1.89","1.62","54.17","0.74","18.18","0.14","1.67","0.27","0.32","0","39","2.64","38.46","10.256","2.1","38.71","4.53","52.24","8.32","43.9","3.45","2.23","0.14","29.21","79.17","8.79","66.15","1.69","64","0.22","0.41","0.74","3.18","76.6","3.72","60","1.76","4.26","84.13","","","0","0","","",""
"F. Kis","Slovakia 2.","Slávia TU Košice","RB, RCB, LCB","32","0","","17","1325","0","0.08","0","0.42","Slovakia","","0","no","5.23","4.42","58.46","1.97","48.28","0.27","3.57","0","0.01","0","5","0.34","20","0","1.29","31.58","0.14","50","0.88","23.08","0.27","0.34","0","43.68","82.12","19.43","73.08","5.71","51.19","0.03","0.07","0.2","5.09","68","1.15","35.29","0.2","8.69","66.41","","","0","0","","",""
"M. Škvarka","Slovakia 2.","Žilina II","LCMF, AMF","33","0","2026-06-30","15","1325","2","1.07","2","3.32","Slovakia","right","175","no","6.18","4.28","73.02","0.82","0","0.48","3.82","0.14","0.07","0","14","0.95","57.14","14.286","1.9","17.86","1.09","37.5","6.18","43.96","1.9","0.48","0.07","54.14","85.19","16.44","72.31","5.43","48.75","0.23","0.14","0.54","8.9","74.81","2.78","41.46","1.43","7.47","83.64","","","0","0","","",""
"M. Moško","Slovakia 2.","Púchov","RCB, LCB","27","125000","","20","1313","1","2","1","0.3","Slovakia","right","192","no","12.2","7.81","62.28","6.17","54.44","0.75","9.87","0.07","0.14","0","10","0.69","50","10","0.34","40","0.21","33.33","2.67","33.33","1.3","0.34","0","36.12","79.7","14.87","65.9","7.68","50","0.02","0","0.07","6.51","57.89","0.82","33.33","0.14","8.16","69.75","","","0","0","","",""
"M. Trnovský","Slovakia 2.","Slovan Bratislava II","GK","25","400000","2026-06-30","14","1309","0","0","0","0","Slovakia","right","191","no","1.31","0.14","100","0.34","100","0.07","1.44","0","0","0","0","0","0","0","0","0","0","0","0.07","100","0","0","0","24.41","87.32","12.72","77.84","9.9","70.14","0","0","0","2.27","54.55","0.14","0","0","7.91","75.65","1.86","4.61","59.7","1.44","-6.08","-0.418","0.96"
"S. Ivan","Slovakia 2.","Pohronie","RCMF, DMF","19","0","","24","1305","0","0.27","2","0.69","Slovakia","unknown","0","no","8.34","7.03","63.73","1.52","45.45","0.14","5.2","0","0.02","0","7","0.48","57.14","0","0.21","0","0.76","36.36","4.28","41.94","0.48","0.14","0","37.79","85.22","9.79","69.72","2.34","44.12","0.05","0","0.21","4.41","68.75","0.83","41.67","0.34","4.76","60.87","","","0","0","","",""
"Y. Diop","Slovakia 2.","Inter Bratislava","LCB","22","0","2028-11-30","19","1295","0","0.18","0","0","Senegal","unknown","0","yes","7.99","5","62.5","4.03","62.07","0.63","6.69","0","0.01","0","3","0.21","33.33","0","0.07","100","0.07","0","0.9","61.54","0.35","0.21","0","29.33","81.28","16.05","71.86","6.39","58.7","0","0","0","5.77","69.88","0.21","0","0","7.92","73.68","","","0","0","","",""
"E. Arevalo","Slovakia 2.","Dukla Banská Bystrica","CF, LW, LAMF","29","0","","22","1285","5","4.48","4","2.09","Spain","right","176","no","5.74","5.39","66.23","3.92","35.71","0.07","2.38","0.35","0.31","0","41","2.87","46.34","12.195","1.47","28.57","4.55","46.15","14.5","36.71","5.11","2.31","0.42","23.32","73.57","6.86","65.31","2.1","50","0.15","0.07","0.56","2.66","68.42","2.66","36.84","1.54","3.36","75","","","0","0","","",""
"Fellipe","Slovakia 2.","Šamorín","AMF, CF, RCMF","20","0","2028-11-15","17","1281","4","3.06","5","3.61","Brazil","unknown","0","no","4.92","4.92","58.57","2.04","44.83","0.21","3.15","0.28","0.22","0","34","2.39","32.35","11.765","1.12","31.25","3.72","69.81","11.87","54.44","1.97","1.97","0.35","33.51","81.97","10.26","77.4","2.39","76.47","0.25","0.21","0.35","5.55","74.68","2.46","60","1.26","6.39","85.71","","","0","0","","",""
"P. Kolesár","Slovakia 2.","Stará Ľubovňa","RAMF, AMF, RWF","27","0","","17","1278","3","2.74","3","4.99","Slovakia","right","170","no","4.37","4.65","60.61","1.83","42.31","0.07","1.98","0.21","0.19","0","16","1.13","37.5","18.75","4.58","26.15","2.75","56.41","6.55","37.63","2.54","1.55","0.07","33.17","68.37","10.63","60.26","3.59","39.22","0.35","0.35","1.13","4.01","66.67","5.07","37.5","1.13","7.18","64.71","","","0","0","","",""
"P. Bellás","Slovakia 2.","Inter Bratislava","CF","28","0","","26","1262","9","6.37","0","0.82","Slovakia","right","188","no","3.28","2.14","50","13.55","36.84","0.14","2.81","0.64","0.45","0.14","39","2.78","51.28","23.077","0.36","0","2.14","46.67","10.27","29.17","4.21","0.43","0","12.62","59.89","3.57","46","0.5","28.57","0.06","0.14","0.14","1.21","41.18","0.5","57.14","0.57","1.85","50","","","0","0","","",""
"D. Straňák","Slovakia 2.","Púchov","LCB","26","75000","2026-12-31","14","1251","2","2.09","0","0.41","Slovakia","left","195","no","8.92","3.81","69.81","4.82","58.21","0.72","8.45","0.14","0.15","0","8","0.58","50","25","0.22","66.67","0","0","0.58","50","0.86","1.01","0","46.04","83.13","20.29","72.7","9.57","60.15","0.03","0","0.22","7.48","61.54","1.15","43.75","0.5","11.73","71.78","","","0","0","","",""
"M. Weber","Slovakia 2.","Šamorín","RB, RW, LWF","20","0","","20","1232","0","1.39","2","1.13","Slovakia","unknown","0","no","7.67","5.99","60.98","2.85","41.03","0.07","5.28","0","0.1","0","19","1.39","31.58","0","3.65","38","3.43","55.32","9.2","39.68","1.53","2.85","0.66","32.44","70.72","13.51","64.86","4.02","47.27","0.08","0.15","0.22","4.53","64.52","3.21","50","0.66","8.55","64.1","","","0","0","","",""
"Miki García","Slovakia 2.","Inter Bratislava","RDMF, LDMF, RCMF","23","0","","21","1231","1","1.04","0","0.13","Spain","unknown","166","no","11.84","10.09","63.04","3.58","48.98","0.15","6.1","0.07","0.08","0.07","13","0.95","23.08","7.692","1.24","17.65","1.1","40","6.87","51.06","1.17","1.17","0.15","29.17","71.68","13.89","61.58","5.41","50","0.01","0.07","0.15","4.46","65.57","2.12","41.38","0.66","5.85","58.75","","","0","0","","",""
"B. Turčák","Slovakia 2.","Inter Bratislava","LW, RW, LAMF","33","0","","23","1225","0","0.75","0","1.2","Slovakia","right","180","no","4.85","4.11","50","2.2","30","0","3.55","0","0.05","0","9","0.66","33.33","0","1.91","15.38","1.54","57.14","6.24","27.06","1.18","1.69","0.66","29.31","75.44","8.67","69.49","2.87","33.33","0.09","0","0.15","3.23","63.64","2.13","37.93","0.66","4.48","65.57","","","0","0","","",""
"A. Macejko","Slovakia 2.","Tatran Liptovský Mikuláš","RB, RW, LW","23","150000","","24","1194","1","2.18","3","1.7","Slovakia","right","177","no","10.78","9.57","62.99","2.34","48.39","0","6.52","0.08","0.16","0","23","1.73","30.43","4.348","2.11","46.43","2.79","48.65","7.61","47.52","1.51","1.43","0.15","30.9","73.66","12.36","67.68","4.15","52.73","0.13","0.23","0.68","4.45","66.1","3.24","60.47","1.13","8.74","73.28","","","0","0","","",""
"Z. Záhradník","Slovakia 2.","Šamorín","CF","20","150000","2026-06-30","28","1186","4","2.07","1","0.84","Slovakia","right","184","no","6.6","5.46","54.17","2.73","33.33","0.15","4.55","0.23","0.16","0.08","24","1.82","45.83","12.5","0.91","41.67","0.99","69.23","5.08","40.3","2.43","0.46","0.08","21.7","77.97","8.12","72.9","2.5","45.45","0.06","0.08","0.46","3.95","61.54","1.75","52.17","0.76","4.78","77.78","","","0","0","","",""
"A. Dovičák","Slovakia 2.","Žilina II","RCB, LCB","20","0","","19","1186","0","0","0","0","Slovakia","right","0","no","9.87","6.22","58.54","3.87","58.82","0.99","7.72","0","0","0","0","0","0","0","0","0","0.08","100","0.76","50","0","1.14","0.08","51.68","82.09","22.23","72.35","7.21","38.95","0","0.08","0","8.2","66.67","0.3","25","0.23","12.07","64.15","","","0","0","","",""
"S. Useni","Slovakia 2.","Šamorín","LW, LAMF, RWF","20","0","","19","1185","6","6.11","1","1.01","Congo DR","right","0","no","9.27","7.82","66.99","4.71","40.32","0.08","5.11","0.46","0.46","0.3","43","3.27","39.53","13.953","2.43","25","7.37","51.55","16.63","41.55","5.09","3.11","0.3","27.11","66.39","9.57","58.73","1.9","44","0.08","0.15","0.46","3.49","52.17","3.19","50","1.29","5.62","63.51","","","0","0","","",""
"M. Boris","Slovakia 2.","Považská Bystrica","AMF, CF, LAMF","30","125000","","15","1173","4","2.06","1","1.56","Slovakia","","0","no","8.98","7.9","67.96","4.37","19.3","0.15","4.04","0.31","0.16","0","22","1.69","36.36","18.182","2.3","20","2.46","46.88","8.67","41.59","2.84","1.76","0.23","29.08","75.73","8.75","64.91","1.69","68.18","0.12","0.08","0.61","3.38","61.36","1.99","50","1.15","4.22","72.73","","","0","0","","",""
"H. Hiba","Slovakia 2.","Slávia TU Košice","CF","25","0","","14","1162","11","7.92","1","1.29","Slovakia","unknown","0","no","1.78","1.55","55","3.72","37.5","0.23","1.32","0.77","0.61","0","45","3.49","35.56","24.444","1.24","12.5","5.42","54.29","16.81","32.72","4.88","2.32","0.08","19.52","75","3.8","69.39","1.01","76.92","0.1","0.08","0.46","1.78","86.96","2.4","45.16","1.32","2.63","79.41","","","0","0","","",""
"M. Henyig","Slovakia 2.","Malženice","RCMF, LCMF, RDMF","20","0","","23","1160","0","0.57","1","1.27","Slovakia","right","0","no","9.08","9.62","57.26","1.63","9.52","0.23","4.19","0","0.04","0","13","1.01","53.85","0","0.16","0","1.24","56.25","6.21","43.75","0.47","0.62","0.16","29.41","84.43","7.84","66.34","2.25","48.28","0.1","0.08","0.16","2.95","68.42","0.78","40","0.47","3.26","66.67","","","0","0","","",""
"L. Abate","Slovakia 2.","Banik Lehota pod Vtacnikom","CF","25","0","2027-06-30","16","1157","3","5.58","1","0.83","Cameroon","right","180","no","2.33","3.19","46.34","6.15","43.04","0","1.18","0.23","0.43","0.08","37","2.88","35.14","8.108","0.23","0","2.8","47.22","8.79","23.89","3.5","1.17","0.39","22.95","76.61","5.99","63.64","1.24","68.75","0.06","0.16","0.16","2.96","60.53","1.32","64.71","0.86","2.88","72.97","","","0","0","","",""
"S. Hodur","Slovakia 2.","Banik Lehota pod Vtacnikom","LCMF, CF, AMF","20","0","2026-06-30","21","1153","3","2.13","3","1.62","Slovakia","unknown","0","yes","5.93","4.53","62.07","2.73","57.14","0.08","3.78","0.16","0.17","0.08","18","1.41","38.89","16.667","1.56","45","1.87","58.33","7.18","52.17","2.19","1.17","0.08","32.63","77.99","9.05","62.93","2.11","55.56","0.13","0.08","0.39","3.51","64.44","2.42","54.84","1.09","6.17","75.95","","","0","0","","",""
"P. Zivanovic","Slovakia 2.","Šamorín","GK","20","0","2027-05-31","12","1149","0","0","0","0","Austria","","0","no","1.8","0.23","66.67","0.31","100","0","2.29","0","0","0","0","0","0","0","0","0","0","0","0.16","100","0","0","0","22.56","84.72","13.24","79.88","7.28","60.22","0","0","0","1.57","40","0","0","0","4.7","73.33","1.1","4.31","74.55","1.28","2.31","0.181","2.58"
"I. Rehák","Slovakia 2.","Pohronie","GK","25","225000","","12","1141","0","0","0","0.14","Slovakia","left","182","no","2.13","0.16","0","0.47","100","0","3.16","0","0","0","0","0","0","0","0","0","0","0","0.08","100","0","0","0","38.26","83.51","21.69","74.91","12.38","58.6","0.01","0","0","4.26","44.44","0.32","25","0.08","8.36","71.7","1.1","4.5","75.44","1.4","3.8","0.3","1.89"
"P. Leitner","Slovakia 2.","Púchov","RCB, CB, RB","24","375000","2028-06-30","12","1137","0","0.32","0","0","Slovakia","right","184","yes","10.45","7.36","69.89","5.3","50.75","0.79","6.85","0","0.03","0","2","0.16","50","0","0.24","0","0.16","100","1.03","38.46","0.55","0.4","0.08","39.97","80.59","18.6","70.21","6.25","45.57","0","0","0","6.09","53.25","0.79","10","0.16","8.47","67.29","","","0","0","","",""
"I. Betík","Slovakia 2.","Inter Bratislava","LDMF, LCMF, RCMF","27","0","","13","1133","2","2.13","0","2.07","Slovakia","","0","no","12.55","9.53","65.83","5","46.03","0.32","6.83","0.08","0.17","0","20","1.59","45","10","2.38","23.33","3.89","57.14","8.9","43.75","2.7","2.7","0.16","36.14","70.33","15.73","63.13","4.45","51.79","0.16","0.08","0.24","6.67","66.67","2.22","39.29","0.95","7.47","71.28","","","0","0","","",""
"D. Rapavý","Slovakia 2.","Púchov","CF","31","75000","2026-06-30","15","1132","3","6.12","0","0.57","Slovakia","","0","no","3.98","2.15","48.15","9.7","45.08","0.16","4.04","0.24","0.49","0.08","37","2.94","29.73","8.108","0.8","0","0.64","75","8.9","33.93","5.33","0.8","0.08","16.46","63.77","3.34","61.9","0.4","60","0.05","0.16","0.08","1.75","59.09","0.8","10","0.24","1.11","64.29","","","0","0","","",""
"M. Chropovský","Slovakia 2.","Šamorín","GK","23","100000","","12","1131","0","0","0","0","Slovakia","right","193","no","1.27","0.08","0","0.4","80","0","1.85","0","0","0","0","0","0","0","0","0","0","0","0.24","33.33","0","0","0","19.42","86.89","10.66","80.6","7.08","68.54","0","0","0","1.27","50","0","0","0","5.25","77.27","1.91","5.81","67.12","1.92","0.19","0.015","1.67"
"M. Boledovič","Slovakia 2.","Šamorín","RB","23","0","2026-06-30","17","1130","0","0.25","0","0.38","Slovakia","right","175","no","10.35","8.92","64.29","2.31","55.17","0","6.48","0","0.02","0","8","0.64","0","0","3.03","34.21","0.64","75","3.03","36.84","1.12","1.35","0","36.72","74.4","16.65","66.51","5.26","45.45","0.03","0.08","0.08","5.42","67.65","3.58","42.22","0.48","9","69.91","","","0","0","","",""
"J. Jokl","Slovakia 2.","Žilina II","GK","19","0","2029-06-30","12","1130","0","0","0","0.3","Slovakia","","192","no","1.43","0.08","0","0.24","66.67","0","1.84","0","0","0","0","0","0","0","0","0","0","0","0","0","0","0","0","20.63","81.85","11.55","70.34","6.61","49.4","0.02","0","0.08","2.55","34.38","0.16","0","0","4.3","61.11","1.59","4.54","64.91","1.39","-2.53","-0.202","0.96"
"J. Holp","Slovakia 2.","Tatran Liptovský Mikuláš","LCB, LB","21","0","2027-06-30","18","1129","1","0.51","1","0.43","Slovakia","","182","yes","11","5.26","66.67","5.26","60.61","0.4","10","0.08","0.04","0","11","0.88","9.09","9.091","2.79","31.43","1.59","75","3.91","61.22","1.2","1.51","0.08","47.51","76.17","22.56","68.55","8.13","52.94","0.03","0","0.24","6.78","55.29","2.39","53.33","0.48","11.88","67.79","","","0","0","","",""
"M. Mynář","Slovakia 2.","Púchov","LCB, LCMF","22","0","2026-06-30","12","1129","1","1.03","0","0.41","Slovakia","","185","yes","11.8","9.81","62.6","3.75","59.57","0.64","6.5","0.08","0.08","0","8","0.64","50","12.5","1.04","38.46","1.2","73.33","4.94","45.16","0.72","0.64","0.16","29.42","73.71","13.87","62.07","4.22","52.83","0.03","0","0","5.34","67.16","1.28","31.25","0.24","7.09","62.92","","","0","0","","",""
"K. Bolaji","Slovakia 2.","Dukla Banská Bystrica","LB","23","200000","","14","1128","1","1.04","2","1.31","Nigeria","left","173","no","8.38","6.22","69.23","1.99","44","0.08","5.31","0.08","0.08","0","4","0.32","50","25","1.99","36","1.91","54.17","9.18","33.04","1.76","2.55","0.72","38.78","83.95","13.8","76.3","2.23","57.14","0.1","0.08","0.48","3.75","72.34","2.31","68.97","1.12","6.78","65.88","","","0","0","","",""
"L. Filipiak","Slovakia 2.","Lokomotíva Zvolen","RCB, LCB","20","0","","15","1127","0","0.13","0","0.26","Slovakia","unknown","0","no","7.19","5.19","58.46","3.51","59.09","0.48","4.62","0","0.01","0","2","0.16","0","0","0.08","0","0.64","75","1.52","68.42","0.96","0.64","0","32.34","81.73","14.13","67.23","7.75","59.79","0.02","0.08","0.08","5.99","68","1.2","53.33","0.72","8.31","63.46","","","0","0","","",""
"Arthur","Slovakia 2.","Malženice","RW, RAMF","27","0","","23","1116","1","2.67","1","2.41","Brazil","right","178","no","5.89","6.05","58.67","2.1","30.77","0.16","3.2","0.08","0.22","0","33","2.66","33.33","3.03","3.23","30","6.45","62.5","15.16","44.15","2.74","3.06","0.65","25.97","63.35","8.87","55.45","2.98","35.14","0.19","0.16","0.56","2.74","47.06","3.71","45.65","0.97","5.16","64.06","","","0","0","","",""
"T. Ba","Slovakia 2.","Inter Bratislava","RDMF, CB, DMF","32","0","","13","1106","1","1.37","0","0.1","Senegal","right","191","no","12.29","8.22","71.29","7.16","62.5","0.57","7.06","0.08","0.11","0.08","9","0.73","11.11","11.111","0.33","25","0.41","80","1.63","65","1.06","0.41","0","27.1","71.17","11.72","57.64","3.99","40.82","0.01","0","0.08","4.48","56.36","0.33","25","0","6.02","50","","","0","0","","",""
"A. Pudil","Slovakia 2.","Zlaté Moravce","RB, RWB, RW","21","0","2027-06-30","23","1098","0","0.7","1","1.45","Czech Republic","right","182","no","8.52","7.05","60.47","3.61","36.36","0.25","6.28","0","0.06","0","8","0.66","37.5","0","2.87","31.43","3.77","76.09","11.07","52.59","2.3","2.46","0.41","31.72","75.45","10.25","68.8","2.87","48.57","0.12","0","0.49","3.85","63.83","2.95","61.11","1.31","5.16","69.84","","","0","0","","",""
"L. Vrekić","Slovakia 2.","Lokomotíva Zvolen","LB, LW","21","0","2026-06-30","17","1094","0","0.3","0","1.22","Serbia","unknown","0","yes","7.73","6.33","66.23","2.22","33.33","0.25","3.9","0","0.02","0","7","0.58","42.86","0","3.62","25","1.81","68.18","5.43","48.48","0.9","1.4","0.33","30.11","68.58","12.83","64.1","4.36","49.06","0.1","0.16","0.33","5.59","75","3.78","30.43","0.41","8.31","72.28","","","0","0","","",""
"A. Šuvalija","Slovakia 2.","Lokomotíva Zvolen","LCB, CB","24","0","2027-06-30","15","1094","0","0.14","0","0.02","Bosnia and Herzegovina","left","195","no","9.38","5.35","70.77","3.29","62.5","0.33","6.04","0","0.01","0","2","0.16","50","0","0.33","0","0.58","71.43","2.47","30","0.82","1.23","0.16","33.65","73.35","18.76","65.79","7.4","45.56","0","0","0","5.84","60.56","1.07","23.08","0.41","9.3","60.18","","","0","0","","",""
"F. Mráz","Slovakia 2.","Tatran Liptovský Mikuláš","RCMF, LCMF, RDMF","24","50000","","22","1081","0","0.39","1","0.83","Slovakia","right","183","no","12.41","8.08","60.82","4.33","48.08","0.42","9.51","0","0.03","0","9","0.75","33.33","0","0.83","40","0.5","50","3.33","37.5","0.5","0.33","0","37.55","74.94","17.15","62.62","5.25","49.21","0.07","0","0.25","6.91","63.86","1.25","20","0","6.83","60.98","","","0","0","","",""
"F. Raska","Slovakia 2.","Šamorín","RCB","20","0","2026-06-30","12","1067","0","0.09","0","0.16","Slovakia","","0","no","9.28","7.25","66.28","5.31","61.9","0.67","6.05","0","0.01","0","2","0.17","0","0","0.17","0","0.42","40","1.94","39.13","0.08","1.27","0.08","36.78","80.96","15.18","63.33","4.98","37.29","0.01","0.08","0","5.15","49.18","0.93","36.36","0.25","6.41","57.89","","","0","0","","",""
"R. Benko","Slovakia 2.","Banik Lehota pod Vtacnikom","RW, LB, RAMF","21","0","","20","1066","0","0.42","1","0.2","Slovakia","right","0","no","8.11","6.42","56.58","3.46","36.59","0.17","5.26","0","0.04","0","5","0.42","40","0","0.51","50","0.84","30","5.91","22.86","1.01","0.51","0.08","21.61","73.83","6.84","53.09","1.52","44.44","0.02","0","0.25","2.2","57.69","1.18","57.14","0.34","3.88","56.52","","","0","0","","",""
"M. Marko","Slovakia 2.","Slovan Bratislava II","RDMF, RCMF","21","0","","18","1061","1","0.67","0","0.15","Slovakia","right","0","no","10.52","7.55","68.54","3.14","56.76","0.25","6.27","0.08","0.06","0","7","0.59","28.57","14.286","0.25","33.33","0.76","33.33","4.75","51.79","0.59","0.34","0.08","33.42","77.41","11.28","55.64","5.26","38.71","0.01","0.17","0.08","5.94","57.14","0.85","30","0.25","5.6","59.09","","","0","0","","",""
"S. Marcanik","Slovakia 2.","Púchov","LB, LWB","21","0","","20","1056","0","0.04","0","0.3","Czech Republic","","0","no","10.06","8.61","59.41","3.49","26.83","0.43","6.11","0","0","0","4","0.34","0","0","2.98","31.43","0.77","33.33","3.41","30","0.77","1.02","0.09","34.01","63.66","17.05","53","7.24","49.41","0.03","0","0.09","4.35","47.06","2.47","31.03","0.34","9.46","61.26","","","0","0","","",""
"M. Okál","Slovakia 2.","Žilina II","LCB, LB, CB","17","0","","13","1056","0","0.09","0","0.03","Slovakia","left","0","no","9.89","5.71","73.13","4.52","47.17","0.85","7","0","0.01","0","1","0.09","0","0","0.77","0","1.28","53.33","5.37","50.79","0.09","2.98","0.68","52.33","80.13","23.61","71.84","8.44","43.43","0","0","0","9.89","62.93","2.3","37.04","0.6","10.99","64.34","","","0","0","","",""
"N. Urblík","Slovakia 2.","Šamorín","RCB, CB","22","0","2026-06-30","11","1050","0","0.9","1","0.19","Slovakia","right","187","yes","8.14","4.97","63.79","4.46","50","0.6","6.41","0","0.08","0","5","0.43","80","0","0.43","40","0.09","100","0.69","37.5","0.6","1.03","0","40.46","76.69","22.11","67.83","7.89","34.78","0.02","0","0.09","7.03","51.22","1.11","7.69","0.09","10.71","64.8","","","0","0","","",""
"G. Toth","Slovakia 2.","Zlaté Moravce","GK","22","0","2026-06-30","11","1041","0","0","0","0","Slovakia","","0","no","1.73","0","0","0.17","100","0","2.91","0","0","0","0","0","0","0","0","0","0","0","0.09","100","0","0","0","19.97","80.95","13.05","72.19","9.34","61.11","0","0","0","1.73","60","0","0","0","7.18","75.9","1.82","4.58","60.38","1.49","-3.78","-0.327","0.78"
"M. Kucman","Slovakia 2.","Šamorín","RB, RCB","19","0","","14","1031","0","1.05","0","0.78","Slovakia","unknown","0","no","12.48","11.87","66.18","1.92","40.91","0.26","5.78","0","0.09","0","9","0.79","22.22","0","1.4","31.25","2.01","30.43","6.46","28.38","1.75","0.96","0.09","31.77","71.43","15.8","68.51","5.15","59.32","0.07","0","0.26","3.67","64.29","1.83","47.62","0.7","8.64","61.62","","","0","0","","",""
"M. Khyminets","Slovakia 2.","Pohronie","LWB, CF, LB","19","0","2026-06-30","16","1028","2","2.13","5","2.29","Ukraine","","0","no","5.43","5.17","57.63","1.75","50","0.09","3.91","0.18","0.19","0","33","2.89","39.39","6.061","4.46","31.37","4.55","61.54","9.28","40.57","4.11","2.63","0.35","28.89","69.09","7.53","60.47","3.33","42.11","0.2","0","1.05","3.68","54.76","3.85","38.64","0.61","5.95","79.41","","","0","0","","",""
"T. Vavrík","Slovakia 2.","Púchov","CF","19","0","","20","1028","5","5.06","0","0.48","Slovakia","","0","no","2.28","2.28","38.46","7.62","25.29","0.26","1.74","0.44","0.44","0.18","23","2.01","39.13","21.739","0.18","0","1.05","58.33","7.35","27.38","4.2","0.18","0","14.8","72.19","2.36","48.15","0.09","0","0.04","0","0.26","0.7","37.5","0.7","50","0.79","0.61","14.29","","","0","0","","",""
"N. Gorosito","Slovakia 2.","Malženice","RCB, CB","37","75000","2026-06-30","11","1024","0","0.45","0","0","Argentina","right","186","no","10.99","5.01","73.68","3.96","66.67","0.44","10.13","0","0.04","0","3","0.26","33.33","0","0","0","0.26","100","1.85","57.14","0.7","0.09","0","35.77","83.29","14.33","67.48","5.1","51.72","0","0","0","2.72","45.16","0","0","0.18","5.71","50.77","","","0","0","","",""
"G. Marek","Slovakia 2.","Tatran Liptovský Mikuláš","RB, LB","20","0","","11","1023","2","0.98","0","1.08","Slovakia","right","175","no","10.29","7.21","60.98","1.41","43.75","0.44","8.27","0.18","0.09","0","21","1.85","28.57","9.524","4.4","38","3.52","32.5","6.6","30.67","1.76","3.34","0.88","41.52","76.06","15.48","71.02","3.61","43.9","0.1","0","0.62","5.63","71.88","3.61","46.34","0.44","9.06","66.99","","","0","0","","",""
"T. Záhumenský","Slovakia 2.","Zlaté Moravce","LB, LWB, RB","30","225000","2026-06-30","18","1013","1","0.28","2","1.42","Slovakia","left","184","no","8.17","6.04","67.65","2.93","60.61","0.18","7.38","0.09","0.02","0.09","4","0.36","50","25","5.86","36.36","3.82","41.86","9.51","38.32","2.31","2.13","0.27","39.54","77.75","10.31","73.28","3.82","58.14","0.13","0","0.71","4.44","72","5.06","42.11","0.71","7.73","83.91","","","0","0","","",""
"M. Benadik","Slovakia 2.","Žilina II","CF, AMF, RW","21","0","","22","1011","1","1.99","0","0.52","Slovakia","unknown","0","no","5.52","4.09","60.87","2.67","30","0.18","3.95","0.09","0.18","0","17","1.51","41.18","5.882","0.89","20","2.49","28.57","7.92","26.97","2.31","0.89","0.27","23.23","73.18","5.52","56.45","1.16","38.46","0.05","0.09","0.27","2.14","62.5","1.07","50","0.62","4.01","57.78","","","0","0","","",""
"N. Onuoha","Slovakia 2.","Lokomotíva Zvolen","CF, RW, RCMF","23","0","","28","1010","3","4.63","2","0.48","Nigeria","right","190","no","4.9","5.35","53.33","9.18","38.83","0.27","2.72","0.27","0.41","0.09","30","2.67","36.67","10","1.87","28.57","4.1","69.57","13.46","38.41","3.92","1.51","0","13.99","64.97","3.12","48.57","0.36","50","0.04","0.09","0.27","0.8","55.56","1.34","46.67","0.62","1.51","52.94","","","0","0","","",""
"M. Kapur","Slovakia 2.","Petržalka Akadémia","CF","24","0","","18","1007","5","7.9","0","0.21","Serbia","unknown","0","no","4.29","1.97","50","7.15","38.75","0.27","4.53","0.36","0.71","0","34","3.04","47.06","14.706","0.18","0","1.07","41.67","7.51","23.81","5.09","0.36","0","22.34","73.6","4.56","47.06","1.88","61.9","0.02","0","0","1.97","59.09","1.07","58.33","1.07","2.68","43.33","","","0","0","","",""
"D. Alves","Slovakia 2.","Dukla Banská Bystrica","AMF, LCMF, RCMF","24","0","2026-06-30","21","996","3","3.11","2","1.46","Brazil","right","172","no","11.02","10.12","55.36","2.26","32","0.09","7.8","0.27","0.28","0","28","2.53","28.57","10.714","2.08","30.43","3.61","47.5","10.12","36.61","2.98","1.54","0","37.32","73.61","12.56","67.63","3.16","51.43","0.13","0.09","0.54","4.79","60.38","3.25","50","1.17","5.87","72.31","","","0","0","","",""
"L. Migaľa","Slovakia 2.","Dukla Banská Bystrica","LB, RCB, RB","35","50000","2026-06-30","13","980","0","1.04","0","0.92","Slovakia","right","176","no","6.43","5.6","59.02","1.93","47.62","0.28","3.67","0","0.1","0","13","1.19","15.38","0","1.56","41.18","1.01","63.64","2.85","48.39","1.29","0.92","0","33.7","80.65","14.79","68.94","4.78","46.15","0.08","0","0.28","5.51","66.67","2.3","56","0.64","7.81","75.29","","","0","0","","",""
"S. Balica","Slovakia 2.","Slávia TU Košice","RB, DMF, RCB","21","0","","14","980","0","0.39","0","0.07","Slovakia","","0","no","13.68","10.38","65.49","2.85","35.48","0.64","9.18","0","0.04","0","3","0.28","33.33","0","0.28","33.33","0.92","40","4.04","36.36","0.18","0.73","0.09","32.6","77.46","15.15","68.48","2.39","34.62","0.01","0.09","0","3.86","64.29","0.73","25","0.18","7.44","50.62","","","0","0","","",""
"E. Okonji","Slovakia 2.","Tatran Liptovský Mikuláš","CF, RW, RAMF","23","0","","25","975","2","3.46","0","0.57","Nigeria","unknown","0","no","3.6","5.54","46.67","6.65","34.72","0","1.42","0.18","0.32","0.09","22","2.03","18.18","9.091","2.12","43.48","1.85","75","9.69","31.43","4.8","1.29","0","25.94","76.51","5.54","61.67","1.29","42.86","0.05","0.09","0.37","2.4","65.38","1.85","40","0.74","3.32","63.89","","","0","0","","",""
"T. Balko","Slovakia 2.","Inter Bratislava","RW, RAMF, LW","20","0","","21","975","1","1.17","1","1.07","Slovakia","unknown","0","no","9.51","9.14","52.53","2.12","26.09","0","5.31","0.09","0.11","0","15","1.38","20","6.667","1.85","35","4.15","55.56","10.43","33.63","2.58","1.02","0.18","21.32","60.17","6.83","50","2.68","44.83","0.1","0.09","0.37","2.86","45.16","1.2","53.85","0.37","4.06","45.45","","","0","0","","",""
"E. Galara","Slovakia 2.","Stará Ľubovňa","RCMF, RAMF","25","0","2026-06-30","11","966","0","0.3","0","0.47","Poland","right","175","no","6.34","4.29","56.52","3.73","50","0.19","4.98","0","0.03","0","7","0.65","28.57","0","0.93","30","0.75","75","4.66","42","0.84","0.56","0","26.27","71.99","11.46","59.35","3.35","44.44","0.04","0.09","0.09","4.19","53.33","1.58","29.41","0.56","4.38","68.09","","","0","0","","",""
"M. Fábry","Slovakia 2.","Malženice","CF","27","150000","2026-06-30","12","962","4","3.63","0","0.4","Slovakia","right","191","no","1.5","0.94","50","5.15","45.45","0.19","1.54","0.37","0.34","0","21","1.96","61.9","19.048","0.28","0","0.28","33.33","7.39","30.38","2.9","0.19","0","15.53","75.9","3.37","61.11","0.75","25","0.04","0.09","0.09","1.59","64.71","0.84","66.67","0.94","1.4","66.67","","","0","0","","",""
"M. Rehák","Slovakia 2.","Žilina II","RCB, CB, LCB","20","0","","13","944","1","0.87","0","0.13","Slovakia","right","182","no","9.53","5.72","55","6.77","53.52","1.14","8.23","0.1","0.08","0.1","6","0.57","33.33","16.667","0.19","50","0.1","100","0.38","100","0.48","0.29","0","44.24","80.6","22.02","67.97","7.53","35.44","0.01","0","0.1","7.72","56.79","1.05","36.36","0.48","9.92","72.12","","","0","0","","",""
"D. Bordac","Slovakia 2.","Petržalka Akadémia","LAMF, LCMF, CF","20","0","","22","941","2","3.79","2","1.29","Slovakia","unknown","0","no","6.89","5.74","68.33","5.16","50","0.19","3.57","0.19","0.36","0.1","32","3.06","37.5","6.25","2.58","33.33","4.69","53.06","10.43","40.37","4.69","1.91","0.38","23.91","72.4","4.69","69.39","0.77","25","0.12","0","0.38","1.63","70.59","2.39","40","0.57","3.92","70.73","","","0","0","","",""
"B. Gáll","Slovakia 2.","Slávia TU Košice","RB, LW","32","75000","2026-06-30","11","934","0","0.84","0","1.14","Slovakia","left","176","yes","8.48","7.9","54.88","1.54","25","0.1","5.39","0","0.08","0","10","0.96","50","0","2.12","36.36","3.18","48.48","9.44","36.73","1.35","1.64","0.58","27.85","73.01","11.47","68.91","2.99","54.84","0.11","0","0.39","4.14","62.79","2.7","50","1.25","5.97","74.19","","","0","0","","",""
"K. Karaš","Slovakia 2.","Stará Ľubovňa","LAMF, LW, LCMF","35","0","","11","933","4","2.48","0","0.1","Slovakia","right","180","no","8.3","6.56","55.88","3.86","45","0.19","6.05","0.39","0.24","0.1","15","1.45","33.33","26.667","0.39","75","0.96","30","5.69","22.03","1.35","1.54","0.1","27.88","80.97","8.01","65.06","1.93","40","0.01","0.19","0.19","3.95","63.41","0.96","50","0.1","4.53","61.7","","","0","0","","",""
"E. Isaac","Slovakia 2.","Slávia TU Košice","CF","23","0","","11","930","2","4.51","0","1.01","Nigeria","unknown","0","no","2.81","3.1","46.88","3.48","41.67","0","1.55","0.19","0.44","0","34","3.29","35.29","5.882","0.68","28.57","3.58","70.27","18.48","28.8","4.06","1.94","0","15","79.35","2.61","62.96","0.58","100","0.1","0.1","0.29","1.06","72.73","1.16","58.33","0.68","1.35","92.86","","","0","0","","",""
"S. Hasaj","Slovakia 2.","Slávia TU Košice","RWB, CF, RWF","20","0","","27","927","2","1.82","0","0.97","Slovakia","","0","no","7.09","5.92","60.66","4.47","30.43","0.1","5.13","0.19","0.18","0","13","1.26","38.46","15.385","1.75","11.11","3.3","38.24","9.61","38.38","2.14","1.55","0.19","23.01","67.51","7.67","53.16","2.23","30.43","0.09","0.1","0.19","3.2","45.45","2.52","38.46","0.68","4.27","63.64","","","0","0","","",""
"D. Grassini","Slovakia 2.","Považská Bystrica","RB, RWB, RW","26","150000","2027-06-30","12","925","0","0.78","1","1.59","Italy","right","181","no","7.2","4.77","69.39","4.09","45.24","0","4.74","0","0.08","0","12","1.17","16.67","0","4.96","29.41","3.89","60","7.98","52.44","2.43","3.5","0.88","29.38","71.85","8.08","73.49","1.95","60","0.15","0","0.49","2.14","72.73","3.89","55","1.26","6.32","70.77","","","0","0","","",""
"S. Micuda","Slovakia 2.","Banik Lehota pod Vtacnikom","RB, RCB","22","0","2026-06-30","13","923","1","0.28","1","0.53","Slovakia","right","179","no","7.12","7.02","61.11","1.07","45.45","0.29","4.07","0.1","0.03","0","8","0.78","50","12.5","2.54","38.46","0.98","50","3.32","32.35","0.78","0.98","0.2","27.79","78.25","12.58","73.64","3.51","63.89","0.05","0","0.2","4.29","79.55","2.05","42.86","0.29","7.22","72.97","","","0","0","","",""
"N. Dmitrović","Slovakia 2.","Banik Lehota pod Vtacnikom","CF","20","0","","12","920","3","2.34","0","0.56","England","unknown","0","no","3.42","2.84","72.41","3.72","26.32","0.1","1.82","0.29","0.23","0.1","15","1.47","53.33","20","0","0","0.78","25","6.55","37.31","2.45","0.29","0","17.22","71.59","4.79","44.9","1.76","50","0.06","0.1","0.2","2.84","51.72","1.17","41.67","0.59","1.76","66.67","","","0","0","","",""
"Simon Vlna","Slovakia 2.","Dukla Banská Bystrica","RCMF, AMF, LCMF","19","0","","12","904","3","1.32","0","0.55","Slovakia","right","0","no","9.16","7.27","67.12","1","10","0.1","5.45","0.3","0.13","0","20","1.99","35","15","2.99","16.67","3.68","56.76","11.85","43.7","3.48","1","0.1","38.43","79.79","12.25","73.98","2.99","63.33","0.05","0","0.2","5.28","84.91","2.99","33.33","0.9","6.37","79.69","","","0","0","","",""
"L. Prokop","Slovakia 2.","Žilina II","CF, RWF","21","0","2027-06-30","11","882","3","3.51","0","0.43","Slovakia","","181","no","3.27","3.57","54.29","4.59","51.11","0.1","1.96","0.31","0.36","0.1","32","3.27","40.63","9.375","1.43","14.29","2.76","70.37","10.1","46.46","4.69","1.43","0.41","17.65","75.72","3.67","66.67","0.31","100","0.04","0.2","0.1","1.43","57.14","1.84","44.44","1.43","1.43","92.86","","","0","0","","",""
"M. Trebuňák","Slovakia 2.","Slávia TU Košice","LW, CF, RB","33","0","","17","867","3","3.58","0","1.19","Slovakia","left","183","no","6.33","7.58","56.16","4.88","44.68","0.42","2.3","0.31","0.37","0","22","2.28","36.36","13.636","1.25","41.67","2.91","57.14","9.86","36.84","3.63","1.56","0.42","21.59","65.38","6.44","51.61","1.87","27.78","0.12","0.1","0.21","2.28","45.45","1.87","33.33","0.62","4.26","51.22","","","0","0","","",""
"A. Onuoha","Slovakia 2.","Stará Ľubovňa","RCB, RB","22","0","","9","865","0","0.11","1","0.19","Nigeria","right","0","no","10.61","6.76","70.77","5.62","57.41","0.52","7.57","0","0.01","0","2","0.21","50","0","0.52","0","0.52","40","3.02","17.24","0.31","0.21","0","35.79","74.42","17.69","58.24","8.74","42.86","0.02","0","0.1","5.1","40.82","1.87","22.22","0.31","8.64","56.63","","","0","0","","",""
"A. Goljan","Slovakia 2.","Púchov","RWF, RW, LW","25","150000","2026-06-30","12","854","1","1.65","2","1.83","Slovakia","left","185","no","3.9","4.85","54.35","1.69","12.5","0","1.65","0.11","0.17","0","17","1.79","11.76","5.882","1.58","86.67","2.74","57.69","6.22","40.68","2.63","1.58","0.32","27.4","77.69","6.32","60","1.58","33.33","0.19","0.11","1.05","3.06","68.97","2.53","75","1.16","4.74","64.44","","","0","0","","",""
"A. Cisár","Slovakia 2.","Považská Bystrica","RCB, CF","30","50000","","13","852","0","1.11","0","0.44","Slovakia","","187","no","9.72","4.86","76.09","7.08","59.7","0.63","7.01","0","0.12","0","7","0.74","28.57","0","0.53","20","0","0","1.37","15.38","1.58","0.21","0","33.8","75","16.37","60.65","6.97","48.48","0.05","0.21","0.11","5.18","55.1","0.42","25","0","6.97","69.7","","","0","0","","",""
"M. Bortoli","Slovakia 2.","Žilina II","RB, RWB","19","0","","13","846","2","0.45","0","0.73","Slovakia","unknown","0","no","9.15","8.51","52.5","3.51","39.39","0.21","6.8","0.21","0.05","0","5","0.53","80","40","2.13","20","0.53","40","3.62","23.53","1.06","1.28","0.11","43.62","80.49","14.47","73.53","4.57","55.81","0.08","0.11","0.43","5.53","75","2.13","30","0.64","9.57","66.67","","","0","0","","",""
"M. Yendare","Slovakia 2.","Žilina II","RCB, LCB","19","0","2029-06-30","10","845","0","0.04","0","0.02","Ghana","unknown","0","no","7.99","6.18","65.52","3.94","67.57","0.11","4.15","0","0","0","3","0.32","33.33","0","0.21","50","0.53","40","2.88","51.85","0","0.75","0.11","47.5","82.51","22.15","71.15","5.22","36.73","0","0.11","0","7.24","63.24","0.64","33.33","0.21","9.16","62.79","","","0","0","","",""
"V. Kováč","Slovakia 2.","Banik Lehota pod Vtacnikom","DMF, LDMF, LCMF","35","0","","19","839","0","0.34","0","0.05","Slovakia","right","180","no","11.91","11.37","59.43","3.33","54.84","0.21","6.03","0","0.04","0","12","1.29","25","0","0.21","0","0.54","80","3.65","41.18","0.54","0.32","0","44.2","74.03","19.42","59.12","10.73","44","0.01","0","0","10.73","62","1.18","36.36","0.64","10.83","62.38","","","0","0","","",""
"S. Mišík","Slovakia 2.","Považská Bystrica","RDMF, DMF, LDMF","21","0","","16","838","0","0.29","0","0.08","Slovakia","unknown","0","no","11.38","9.77","63.74","1.61","46.67","0","5.7","0","0.03","0","5","0.54","20","0","0.21","100","0.54","40","3.44","34.38","0.43","0.11","0","25.78","79.58","9.13","63.53","3.22","40","0.01","0","0","4.19","58.97","1.5","57.14","0.43","3.87","66.67","","","0","0","","",""
"O. Ushchenko","Slovakia 2.","Malženice","LCB, RCB, CB","19","0","","18","823","1","0.2","0","0","Ukraine","","0","no","10.17","6.89","60.32","2.08","47.37","0.77","7.21","0.11","0.02","0.11","1","0.11","100","100","0.11","0","0","0","1.86","52.94","0.98","0.55","0","31.71","73.1","15.86","60.69","6.34","34.48","0","0","0","4.05","43.24","0.55","0","0.11","7.98","45.21","","","0","0","","",""
"K. Mészáros","Slovakia 2.","Inter Bratislava","RAMF, LAMF, RWF","32","0","","16","814","1","1.24","1","0.91","Slovakia","right","175","no","5.2","4.86","61.36","4.98","31.11","0.11","2.63","0.11","0.14","0","11","1.22","18.18","9.091","2.21","50","1.88","47.06","8.18","28.38","3.21","0.44","0","20.12","65.38","5.2","65.96","1","44.44","0.1","0","0.11","1.55","64.29","1.66","66.67","0.55","2.76","64","","","0","0","","",""
"S. Adayilo","Slovakia 2.","Lokomotíva Zvolen","RB, RW","25","0","","11","807","1","0.39","1","0.36","Nigeria","unknown","0","no","9.37","8.92","60","3.12","60.71","0.33","4.82","0.11","0.04","0","5","0.56","80","20","2.45","27.27","4.57","58.54","12.16","45.87","0.89","2.45","0.78","27.43","69.51","11.49","62.14","5.13","50","0.04","0","0.11","5.13","52.17","3.01","37.04","0.78","6.58","66.1","","","0","0","","",""
"J. Port","Slovakia 2.","Pohronie","CF, RWB, LB","21","0","","25","806","0","0.76","1","1.55","Czech Republic","unknown","0","no","5.14","4.58","58.54","1.56","14.29","0.33","3.94","0","0.08","0","9","1","22.22","0","3.46","41.94","4.69","47.62","9.38","34.52","1.45","2.12","0.22","22.44","75.12","7.48","62.69","0.89","25","0.17","0","0.45","2.68","87.5","3.24","48.28","0.33","5.14","63.04","","","0","0","","",""
"M. Slaninka","Slovakia 2.","Tatran Liptovský Mikuláš","LB","30","50000","","15","806","1","0.48","0","0.94","Slovakia","left","173","no","11.28","5.47","71.43","3.24","48.28","0.11","9.68","0.11","0.05","0","9","1","22.22","11.111","5.92","35.85","1.45","61.54","3.46","45.16","1","0.56","0","43.21","73.9","18.76","77.38","4.91","61.36","0.11","0","0.56","6.36","71.93","6.25","50","1","11.84","78.3","","","0","0","","",""
"R. Župa","Slovakia 2.","Slávia TU Košice","LCB, LB, CB","28","150000","","11","785","1","0.2","2","2.1","Slovenia","left","170","no","8.71","4.24","56.76","4.36","60.53","0.34","8.04","0.11","0.02","0","7","0.8","28.57","14.286","1.03","33.33","1.72","60","4.24","54.05","0","0.92","0.11","34.62","70.86","17.89","60.26","10.55","47.83","0.24","0","0.11","8.37","53.42","1.38","41.67","0.23","9.97","62.07","","","0","0","","",""
"D. Poltak","Slovakia 2.","Malženice","CF","17","0","","20","784","5","5.29","1","0.75","Slovakia","unknown","0","no","2.87","2.76","33.33","8.38","30.14","0.11","2.16","0.57","0.61","0","23","2.64","47.83","21.739","0.92","25","1.95","47.06","10.22","24.72","4.13","1.38","0.34","18.37","60","4.82","38.1","1.26","54.55","0.09","0.11","0.46","1.49","46.15","1.84","37.5","1.38","1.49","61.54","","","0","0","","",""
"F. Kóša","Slovakia 2.","Žilina II","CF, RAMF, LWF","20","0","2027-06-30","11","775","5","1.75","3","2.1","Slovakia","left","0","no","6.27","4.3","70.27","1.86","43.75","0.23","4.29","0.58","0.2","0","19","2.21","52.63","26.316","4.18","44.44","6.85","55.93","13.7","41.53","4.06","4.06","0.35","35.65","72.31","9.87","52.94","4.06","51.43","0.24","1.05","1.51","5.34","56.52","4.99","41.86","1.51","5.23","86.67","","","0","0","","",""
"S. Šubert","Slovakia 2.","Pohronie","CF, AMF","19","0","2026-06-30","17","771","2","2.28","1","0.73","Slovakia","unknown","0","yes","3.85","3.97","61.76","1.05","33.33","0.12","1.5","0.23","0.27","0","17","1.98","41.18","11.765","1.28","9.09","3.62","54.84","10.86","35.48","3.39","1.17","0.35","14.71","61.9","4.44","42.11","0.47","25","0.09","0.23","0.12","1.75","66.67","1.17","30","0.58","1.87","50","","","0","0","","",""
"Andrei","Slovakia 2.","Žilina II","RCMF, AMF, LW","20","0","2028-06-30","12","768","1","0.72","0","0.43","Romania","right","184","no","5.51","5.27","44.44","1.29","45.45","0.12","3.26","0.12","0.08","0","17","1.99","17.65","5.882","0.47","25","3.4","65.52","13.01","39.64","1.52","3.16","0.12","45.82","86.45","11.72","77","3.4","58.62","0.05","0.35","0.12","5.04","69.77","2.11","44.44","1.17","5.04","81.4","","","0","0","","",""
"A. Celko","Slovakia 2.","Považská Bystrica","CF","19","0","","22","767","3","0.76","1","0.59","Slovakia","unknown","0","no","4.11","3.75","65.63","6.81","27.59","0.12","1.84","0.35","0.09","0","9","1.06","33.33","33.333","0.94","12.5","0.82","42.86","5.87","22","2.46","0.12","0.12","15.37","67.18","3.87","48.48","0.94","25","0.07","0","0.23","0.82","57.14","0.82","28.57","0.47","2.46","28.57","","","0","0","","",""
"N. Cruce-Corcy","Slovakia 2.","Petržalka Akadémia","CF, RCB, LWF","22","0","2027-06-30","18","760","3","2.32","1","0.78","France","right","0","no","5.92","4.86","56.1","11.13","38.3","0.47","4.07","0.36","0.27","0.12","13","1.54","69.23","23.077","0","0","0.71","33.33","5.21","25","2.96","0.47","0","20.25","81.87","7.11","73.33","1.66","71.43","0.09","0","0.12","2.13","55.56","1.3","63.64","0.71","2.49","80.95","","","0","0","","",""
"D. Chaban","Slovakia 2.","Považská Bystrica","RCB, LCB","22","0","","8","751","1","0.78","0","0.45","Ukraine","","0","no","12.7","8.99","74.67","3.6","50","0.96","6.48","0.12","0.09","0","4","0.48","50","25","0.84","14.29","0.36","66.67","1.2","50","0.6","0.6","0","37.63","78.66","18.7","71.79","6.95","55.17","0.05","0.12","0.12","6.83","68.42","1.68","28.57","0.24","9.47","67.09","","","0","0","","",""
"E. Kramár","Slovakia 2.","Stará Ľubovňa","RB, CF, LCB","24","75000","","16","744","1","1.85","0","0.27","Slovakia","","0","no","6.41","4.84","60","3.15","34.62","0.24","4.83","0.12","0.22","0","9","1.09","44.44","11.111","1.33","36.36","1.94","62.5","4.11","41.18","1.57","1.81","0.24","18.99","65.61","7.38","57.38","2.06","41.18","0.03","0.12","0","2.78","47.83","1.69","42.86","0.73","4.23","57.14","","","0","0","","",""
"E. Okechukwu","Slovakia 2.","Dukla Banská Bystrica","CF","19","0","","19","741","4","3.57","2","1.17","Slovakia","","0","no","3.28","4.49","37.84","6.19","33.33","0.12","2.17","0.49","0.43","0","22","2.67","36.36","18.182","0.36","33.33","2.67","63.64","11.05","35.16","4.98","1.46","0","12.15","79","2.79","69.57","0.12","100","0.14","0.12","0.36","0.73","83.33","0.61","60","0.61","1.58","61.54","","","0","0","","",""
"N. Kelembet","Slovakia 2.","Žilina II","CB, CF, LCB","21","0","2026-06-30","8","738","0","1.01","0","0","Ukraine","","0","no","7.07","4.15","70.59","4.27","54.29","0.37","4.33","0","0.12","0","8","0.98","50","0","0.24","0","1.46","66.67","2.8","56.52","1.34","0.61","0.24","43.66","88.83","13.17","77.78","3.17","34.62","0","0.24","0","4.15","52.94","1.1","33.33","0.49","4.63","71.05","","","0","0","","",""
"E. Panikidis","Slovakia 2.","Stará Ľubovňa","RB, RW","20","0","","11","737","0","0.01","0","0.17","Greece","right","181","no","12.09","10.01","60.98","4.88","52.5","0.49","7.67","0","0","0","1","0.12","100","0","1.34","45.45","1.1","55.56","4.15","26.47","0.12","1.22","0.61","22.1","61.88","9.53","46.15","3.79","29.03","0.02","0","0.37","3.91","53.13","1.34","45.45","0.12","6.96","43.86","","","0","0","","",""
"R. Pečarka","Slovakia 2.","Tatran Liptovský Mikuláš","RB","22","0","","11","734","0","0.08","1","0.94","Slovakia","","186","no","12.14","9.69","59.49","2.57","42.86","0.86","7.89","0","0.01","0","2","0.25","0","0","2.45","40","0.61","60","2.7","45.45","0.61","1.23","0","36.05","71.43","18.51","65.56","5.64","43.48","0.12","0","0.37","7.48","67.21","2.33","57.89","0.74","9.93","61.73","","","0","0","","",""
"D. Balog","Slovakia 2.","Slovan Bratislava II","GK","18","0","","8","716","0","0","0","0","Slovakia","unknown","0","no","1.89","0.13","100","0.5","100","0","2.35","0","0","0","0","0","0","0","0","0","0","0","0.25","100","0","0","0","18.73","84.56","10.68","77.65","7.42","62.71","0","0","0","0.75","50","0","0","0","5.78","76.09","1.13","4.4","74.29","1.26","1.04","0.131","1.89"
"M. Podstavek","Slovakia 2.","Slávia TU Košice","RCB","35","0","","9","714","0","0.39","0","0","Slovakia","right","195","no","9.33","5.55","77.27","4.66","78.38","0.63","6.63","0","0.05","0","3","0.38","0","0","0.5","75","0.38","100","2.39","63.16","0.38","0.76","0","40.34","81.88","19.29","74.51","6.81","55.56","0","0","0","5.67","68.89","0.76","66.67","0.13","10.08","66.25","","","0","0","","",""
"L. Okunola","Slovakia 2.","Banik Lehota pod Vtacnikom","RW, LW, RWF","22","0","","11","709","1","0.65","1","0.46","Nigeria","right","175","no","9.39","9.14","59.72","3.55","35.71","0.25","4.45","0.13","0.08","0","11","1.4","9.09","9.091","3.05","16.67","6.22","55.1","23.48","35.68","2.92","2.67","0.76","24.88","61.73","8.89","62.86","2.28","22.22","0.06","0","0.38","3.55","67.86","3.43","37.04","0.76","5.08","75","","","0","0","","",""
"H. Martinovic","Slovakia 2.","Pohronie","CF, AMF","21","0","","10","700","4","3.06","2","0.58","Bosnia and Herzegovina","right","189","no","6.3","2.19","64.71","5.01","33.33","0.13","6.51","0.51","0.39","0.26","24","3.09","37.5","16.667","0.64","20","2.7","33.33","9.26","25","3.99","1.67","0.39","14.79","67.83","3.86","60","0.64","60","0.07","0.39","0.51","2.19","47.06","1.03","50","0.51","2.06","68.75","","","0","0","","",""
"D. Kozák","Slovakia 2.","Banik Lehota pod Vtacnikom","RCB","28","0","","10","700","1","1.06","0","0.11","Slovakia","","0","no","8.61","3.86","63.33","2.06","37.5","1.54","8.23","0.13","0.14","0.13","4","0.51","50","25","0.13","100","0.13","100","0.9","85.71","0.64","0.9","0","47.44","90.79","15.43","79.17","4.5","57.14","0.01","0","0.13","5.01","79.49","0.26","100","0.26","7.07","74.55","","","0","0","","",""
"N. Agustín Mendoza","Slovakia 2.","Žilina II","CF, AMF, LWF","21","0","","11","681","0","2.1","1","0.17","Argentina","","0","yes","5.55","5.29","57.5","5.42","43.9","0.13","3.41","0","0.28","0","11","1.45","45.45","0","0.93","28.57","2.64","45","10.44","31.65","2.64","0.79","0.26","24.32","72.83","5.95","53.33","1.98","53.33","0.02","0.26","0.26","1.85","64.29","2.91","63.64","1.45","3.57","81.48","","","0","0","","",""
"S. Stovička","Slovakia 2.","Banik Lehota pod Vtacnikom","DMF, LCMF, RCMF","26","0","","15","673","0","0.47","0","0.35","Slovakia","","0","no","6.02","4.95","48.65","0.67","0","0","4.37","0","0.06","0","10","1.34","30","0","0.4","66.67","2.67","50","6.82","45.1","0.8","1.07","0","48.41","83.7","14.84","71.17","4.01","46.67","0.05","0.13","0","6.82","76.47","1.2","44.44","0.13","7.09","66.04","","","0","0","","",""
"A. Lohmatov","Slovakia 2.","Pohronie","LW, LB, LWB","19","0","","11","671","2","1.09","1","0.45","Estonia","right","185","no","6.17","5.1","52.63","3.62","44.44","0.27","5.1","0.27","0.15","0.13","8","1.07","37.5","25","2.55","26.32","3.08","56.52","7.38","32.73","3.22","1.48","0","17.3","68.99","3.35","44","0.8","33.33","0.06","0","0.27","0.94","71.43","1.61","50","0.94","2.15","68.75","","","0","0","","",""
"C. Bacinsky","Slovakia 2.","Petržalka Akadémia","CF, LCMF, AMF","21","0","2028-06-30","18","669","2","0.68","1","1.15","Slovakia","unknown","0","yes","4.98","4.57","67.65","1.88","35.71","0.13","2.78","0.27","0.09","0","16","2.15","43.75","12.5","2.29","41.18","1.88","57.14","4.98","35.14","2.42","1.61","0.27","26.64","83.33","4.98","81.08","0.81","83.33","0.16","0","0.54","3.23","79.17","1.88","78.57","0.94","3.9","79.31","","","0","0","","",""
"L. Pangrac","Slovakia 2.","Slávia TU Košice","GK","36","0","","7","669","0","0","0","0","Slovakia","unknown","0","no","1.48","0.13","0","0.81","83.33","0","1.83","0","0","0","0","0","0","0","0","0","0","0","0.13","0","0","0","0","19.24","79.72","11.17","67.47","7.94","57.63","0","0","0","1.35","60","0","0","0","4.98","64.86","1.88","5.65","66.67","1.65","-1.75","-0.235","2.96"
"D. Skhirtladze","Slovakia 2.","Pohronie","CF","33","175000","","10","668","3","1.05","1","1.15","Georgia","right","186","no","3.23","2.83","61.9","2.16","50","0.13","2.17","0.4","0.14","0","9","1.21","44.44","33.333","0.67","40","0.94","57.14","12.66","30.85","2.83","1.35","0","21.96","74.85","6.2","52.17","1.08","25","0.16","0.13","0.4","2.83","47.62","2.02","53.33","1.08","2.96","63.64","","","0","0","","",""
"A. Urban","Slovakia 2.","Stará Ľubovňa","GK","","0","","7","667","0","0.03","0","0","Slovakia","unknown","0","no","2.29","0","0","0.54","100","0","2.56","0","0","0","1","0.13","0","0","0","0","0.13","0","0.27","50","0.13","0","0","22.67","76.19","14.03","64.42","10.12","53.33","0","0","0","4.05","43.33","0.13","0","0","7.56","62.5","0.94","4.45","78.79","1.34","2.92","0.394","1.89"
"M. Hamrák","Slovakia 2.","Stará Ľubovňa","GK","22","0","","7","664","0","0","0","0","Poland","unknown","0","no","2.3","0","0","0.27","100","0","3.15","0","0","0","0","0","0","0","0","0","0","0","0.27","50","0","0","0","23.45","84.39","13.69","78.22","8.95","62.12","0","0","0","1.63","41.67","0","0","0","7.18","75.47","1.63","4.61","64.71","1.61","-0.09","-0.012","1.36"
"T. Gabriš","Slovakia 2.","Slovan Bratislava II","RAMF, AMF, RCMF","23","0","","22","663","1","0.99","2","1.55","Slovakia","","0","no","5.16","4.48","60.61","1.22","22.22","0","2.78","0.14","0.13","0","5","0.68","40","20","1.63","33.33","1.9","71.43","6.52","31.25","2.58","1.49","0.14","30.27","80.27","9.64","69.01","3.94","58.62","0.21","0","0.54","4.89","72.22","2.85","47.62","1.36","4.34","87.5","","","0","0","","",""
"J. Badžgoň","Slovakia 2.","Žilina II","GK","20","0","2027-06-30","7","659","0","0","0","0","Slovakia","right","190","no","1.09","0.41","0","0.14","100","0","1.44","0","0","0","0","0","0","0","0","0","0","0","0.41","66.67","0","0","0","22.53","85.45","12.56","77.17","5.19","50","0","0.14","0.14","1.64","8.33","0.27","0","0","3.14","52.17","2.46","5.6","56.1","1.79","-4.91","-0.671","1.09"
"L. Hroššo","Slovakia 2.","Dukla Banská Bystrica","GK","39","25000","2026-06-30","7","655","0","0","0","0","Slovakia","right","195","no","1.37","0","0","0.82","83.33","0","1.72","0","0","0","0","0","0","0","0","0","0.14","100","0.41","100","0","0","0","27.34","82.41","15.8","70.43","9.89","55.56","0","0","0","3.02","54.55","0.14","0","0","6.87","68","0.41","3.3","87.5","0.9","3.53","0.485","3.16"
"M. Domik","Slovakia 2.","Slávia TU Košice","LCMF, RCMF, AMF","23","0","","12","636","0","0.09","1","0.49","Slovakia","","0","no","7.36","6.37","64.44","2.97","47.62","0","3.95","0","0.01","0","4","0.57","0","0","1.13","25","0.99","42.86","4.53","18.75","0.57","0.57","0.28","34.53","77.87","9.76","60.87","2.69","52.63","0.07","0","0.42","4.53","56.25","1.98","35.71","0.42","4.95","60","","","0","0","","",""
"D. Marič-bjekič","Slovakia 2.","Šamorín","RCB, LCB","29","125000","","7","635","0","0.19","0","0.08","Slovakia","","0","no","5.53","3.12","63.64","4.96","60","0.57","4.65","0","0.03","0","4","0.57","0","0","0.57","75","0.14","100","1.13","75","0.28","0.43","0","50.74","88.83","19.7","72.66","7.23","49.02","0.01","0","0.14","6.8","66.67","1.28","33.33","0","8.65","73.77","","","0","0","","",""
"D. Petrík","Slovakia 2.","Slávia TU Košice","RW, RAMF, CF","20","0","2027-06-30","10","632","1","2.77","1","0.86","Slovakia","right","175","yes","5.84","5.55","58.97","1","0","0.14","3.21","0.14","0.39","0","13","1.85","38.46","7.692","2.56","22.22","3.56","52","7.41","32.69","3.28","1.42","0.14","16.66","61.54","4.7","66.67","1.57","36.36","0.12","0","0.43","1.71","33.33","1.85","30.77","0.43","3.28","60.87","","","0","0","","",""
"P. Kotroczó","Slovakia 2.","Považská Bystrica","AMF, CF, LCMF","22","0","","11","626","2","1.41","0","1.01","Hungary","","0","no","6.76","5.61","51.28","2.73","36.84","0.14","4.17","0.29","0.2","0","13","1.87","38.46","15.385","3.45","45.83","3.88","33.33","10.21","22.54","2.01","1.15","0","24.01","64.67","5.61","46.15","2.16","66.67","0.15","0.14","0.58","2.3","56.25","3.31","56.52","1.01","3.59","68","","","0","0","","",""
"M. Demjanovič","Slovakia 2.","Stará Ľubovňa","AMF, CF, LW","22","0","","15","624","2","2.48","0","1.46","Slovakia","right","0","no","3.17","2.6","55.56","2.02","7.14","0","2.2","0.14","0.36","0","13","1.88","53.85","15.385","2.45","47.06","4.47","51.61","10.1","44.29","2.02","1.3","0.14","29.57","73.17","9.95","52.17","3.17","27.27","0.21","0.29","1.01","4.04","71.43","2.31","56.25","0.58","5.77","62.5","","","0","0","","",""
"M. Plavnik","Slovakia 2.","Slovan Bratislava II","RW, RAMF, LAMF","22","0","","12","619","1","0.74","0","0.51","Slovakia","unknown","0","no","6.83","7.12","65.31","2.47","29.41","0","2.16","0.15","0.11","0","11","1.6","18.18","9.091","3.2","4.55","3.34","52.17","11.92","41.46","2.91","1.74","0.15","21.37","59.86","5.96","51.22","1.89","38.46","0.07","0","0.58","2.47","52.94","3.05","23.81","0.73","4.36","70","","","0","0","","",""
"A. Sivicek","Slovakia 2.","Dukla Banská Bystrica","LCMF, RCMF, LDMF","18","0","","8","617","0","0.1","0","0.03","Slovakia","unknown","0","no","10.36","9.63","69.7","2.92","55","0.15","4.18","0","0.01","0","4","0.58","25","0","1.02","28.57","2.04","71.43","7","47.92","1.6","0.15","0","27.71","82.11","8.02","65.45","1.75","41.67","0","0","0","2.33","62.5","1.75","41.67","0.44","3.21","54.55","","","0","0","","",""
"M. Macák","Slovakia 2.","Zlaté Moravce","LWF, RW, LAMF","18","0","","13","612","3","1.35","0","0","Slovakia","unknown","0","no","6.03","6.32","51.16","0.88","50","0.29","3.91","0.44","0.2","0","11","1.62","36.36","27.273","1.91","23.08","3.24","31.82","9.26","25.4","2.94","1.76","0","21.47","76.03","3.68","60","1.03","71.43","0","0","0","0.88","66.67","1.47","40","0.15","3.38","56.52","","","0","0","","",""
"J. Miranda Schwind","Slovakia 2.","Dukla Banská Bystrica","LCB, LB","20","0","","8","611","0","0.22","1","0.97","Slovakia","","0","no","7.22","5.3","61.11","4.27","41.38","0.29","5.4","0","0.03","0","3","0.44","0","0","0.74","0","0.44","66.67","3.24","45.45","1.18","0.74","0","45.37","78.57","19.3","62.6","7.66","44.23","0.14","0","0.15","6.04","63.41","1.77","33.33","0.88","10.75","61.64","","","0","0","","",""
"V. Kubista","Slovakia 2.","Zlaté Moravce","CB, RCB","33","225000","2026-06-30","7","605","1","0.31","0","0","Czech Republic","right","192","no","12.79","7.59","74.51","5.21","51.43","1.34","10.24","0.15","0.05","0","4","0.6","50","25","0","0","0.3","100","0.74","40","1.04","0","0","40.02","84.76","13.83","73.12","6.55","61.36","0","0","0","3.57","70.83","0.15","100","0.15","8.63","62.07","","","0","0","","",""
"B. Sluka","Slovakia 2.","Púchov","LB","27","175000","","7","581","0","0.05","0","0.55","Slovakia","left","181","no","9.14","5.27","76.47","1.39","22.22","0.15","5.1","0","0.01","0","4","0.62","0","0","2.63","29.41","1.08","57.14","2.63","58.82","1.24","1.7","0.62","32.84","69.34","15.49","64","4.65","60","0.09","0","0.31","4.03","73.08","3.41","40.91","0.77","8.98","65.52","","","0","0","","",""
"D. Kalanin","Slovakia 2.","Zlaté Moravce","GK","18","0","","6","575","0","0","0","0.29","Slovakia","left","0","yes","1.41","0","0","0.16","100","0","2.18","0","0","0","0","0","0","0","0","0","0","0","0","0","0","0","0","18.63","82.35","8.14","65.38","5.01","46.88","0.05","0","0","1.1","57.14","0","0","0","3.6","56.52","1.1","4.7","76.67","1.21","0.7","0.11","1.41"
"P. Richter","Slovakia 2.","Zlaté Moravce","GK","22","125000","2026-06-30","6","569","0","0","0","0","Slovenia","","184","no","2.53","0.16","0","0.47","100","0","3.87","0","0","0","0","0","0","0","0","0","0","0","0","0","0","0","0","15.98","74.26","9.49","58.33","7.59","54.17","0","0","0","1.42","33.33","0.16","0","0","5.06","59.38","1.42","4.75","70","1.32","-0.67","-0.106","1.9"
"T. Tarcsi","Slovakia 2.","Žilina II","GK","18","0","","6","568","0","0","0","0","Slovakia","","0","no","1.27","0","0","0.63","75","0","1.62","0","0","0","0","0","0","0","0","0","0","0","0.16","100","0","0","0","22.34","82.98","11.41","68.06","6.81","46.51","0","0","0","1.74","36.36","0.16","0","0","4.44","64.29","0.79","2.22","64.29","0.9","0.69","0.109","2.06"
"S. Benovič","Slovakia 2.","Malženice","LCMF, RCMF, DMF","25","75000","","9","567","0","0.04","0","0.15","Slovakia","right","178","no","8.41","5.87","59.46","2.38","53.33","0","5.35","0","0.01","0","1","0.16","100","0","0","0","0.63","75","2.22","64.29","0.63","0.32","0","25.87","72.39","10.48","63.64","3.33","47.62","0.02","0.16","0.16","3.81","58.33","1.9","41.67","0.79","4.44","53.57","","","0","0","","",""
"F. Lichy","Slovakia 2.","Slovan Bratislava II","AMF, CF, LDMF","25","325000","2026-06-30","6","554","2","1.45","0","0.07","Slovakia","right","187","yes","6.01","2.11","46.15","2.11","53.85","0.97","6.43","0.16","0.24","0","10","1.62","80","20","0.65","25","1.3","37.5","4.55","32.14","1.14","1.79","0","47.27","84.88","16.9","72.12","6.17","50","0.01","0.16","0.16","6.99","62.79","1.62","60","0.81","8.29","62.75","","","0","0","","",""
"F. Firbacher","Slovakia 2.","Považská Bystrica","CF","24","0","2026-06-30","12","546","0","3.32","0","0","Czech Republic","right","182","no","3.63","2.64","68.75","6.43","23.08","0.16","2.17","0","0.55","0","14","2.31","42.86","0","0.49","0","0.82","60","8.08","42.86","4.45","0.66","0.33","17.64","64.49","3.79","60.87","0.66","50","0","0","0","2.14","38.46","0.66","75","0.66","1.48","44.44","","","0","0","","",""
"M. Štrbák","Slovakia 2.","Banik Lehota pod Vtacnikom","LCB, LB","40","0","","7","537","0","0","0","0.05","Slovakia","right","187","no","9.89","6.54","79.49","6.37","57.89","0.67","6.15","0","0","0","0","0","0","0","0.5","33.33","0","0","1.17","42.86","0.34","0.5","0","63.85","90.03","23.8","85.21","8.38","78","0.01","0","0","7.21","83.72","0.67","75","0.34","11.56","78.26","","","0","0","","",""
"O. Jelínek","Slovakia 2.","Slovan Bratislava II","CF","22","0","2026-06-30","14","536","1","2.27","2","0.81","Czech Republic","","191","no","3.53","4.2","44","8.23","40.82","0","2.42","0.17","0.38","0","13","2.18","46.15","7.692","0.34","50","1.68","60","10.24","34.43","5.54","0.84","0.34","15.11","75.56","2.18","46.15","0.17","0","0.14","0.17","0.5","0.84","40","0.84","40","1.34","0","0","","","0","0","","",""
"M. Tomek","Slovakia 2.","Slovan Bratislava II","CF, AMF","24","0","","13","530","1","2.64","0","0.55","Czech Republic","","0","no","3.74","4.25","48","6.45","23.68","0.34","1.88","0.17","0.45","0","11","1.87","27.27","9.091","0.68","25","1.36","75","6.45","26.32","3.74","0","0","17.49","67.96","4.92","65.52","0.51","0","0.09","0","0.34","2.38","64.29","0.68","50","1.02","2.55","60","","","0","0","","",""
"K. Strucka","Slovakia 2.","Malženice","RCMF, RDMF","19","0","","10","526","0","0.14","0","0.19","Slovakia","unknown","0","no","12.15","9.07","67.92","2.4","28.57","0","7.31","0","0.02","0","2","0.34","0","0","0.34","50","1.71","60","8.21","41.67","0.34","0.86","0","33.71","77.16","11.12","47.69","6.16","36.11","0.03","0","0","5.48","43.75","1.88","27.27","0.51","5.48","59.38","","","0","0","","",""
"J. Blichar","Slovakia 2.","Stará Ľubovňa","RB, RAMF","21","0","","10","523","0","0.2","1","0.93","Poland","unknown","0","no","7.06","10.5","49.18","0.69","0","0","2.44","0","0.03","0","2","0.34","50","0","2.41","21.43","3.61","33.33","7.92","28.26","0.69","2.24","0.17","22.89","60.9","10.5","50.82","2.24","53.85","0.16","0","0.69","3.96","69.57","2.75","31.25","0.52","6.2","58.33","","","0","0","","",""
"O. Reiter","Slovakia 2.","Dukla Banská Bystrica","CF","21","0","","22","521","1","1.65","0","0.45","Slovakia","unknown","0","no","6.22","7.08","41.46","10.54","34.43","0","4.95","0.17","0.28","0","7","1.21","42.86","14.286","1.21","14.29","1.04","33.33","5.01","27.59","4.15","0.17","0","14.86","66.28","3.28","47.37","0.69","25","0.08","0","0","0.69","75","0.86","20","1.04","1.9","45.45","","","0","0","","",""
"L. Čadež","Slovenia 1.","Krka","GK","26","100000","2026-05-31","23","2177","0","0","0","0.04","Slovenia","right","186","no","2.07","0.21","80","0.54","92.31","0","2.5","0","0","0","0","0","0","0","0","0","0.04","100","0.17","100","0","0","0","20.59","80.52","11.99","68.62","8.72","59.72","0","0","0.04","2.6","41.27","0.08","0","0","5.91","69.23","1.49","4.67","68.14","1.59","2.58","0.107","2.19"
"L. Jerak","Slovenia 1.","ND Slovan Ljubljana","LB","22","0","","23","2167","2","3.21","1","3.76","Slovenia","unknown","0","no","11.13","8.43","70.44","1.83","31.82","0.17","7.01","0","0.13","0","16","0.66","31.25","12.5","3.45","30.12","1.5","69.44","3.9","55.32","0.83","1.54","0.21","36.55","71.25","17.24","66.51","6.23","48.67","0.16","0.08","0.37","5.36","60.47","3.36","45.68","0.66","10.63","68.36","","","0","0","","",""
"J. Krznarić","Slovenia 1.","Krka","RDMF, RCMF, LCMF","33","100000","2026-05-31","23","2129","3","1.57","3","3.41","Croatia","right","176","no","9.47","5.96","65.96","3.59","51.76","0.47","7.03","0.13","0.07","0","39","1.65","33.33","7.692","1.01","20.83","2.41","63.16","6.38","53.64","1.27","1.06","0.17","38.26","77.9","13.32","63.17","4.44","52.38","0.14","0.17","0.3","7.1","63.1","1.78","45.24","0.76","6.98","69.09","","","0","0","","",""
"S. Moćić","Slovenia 1.","Beltinci","GK","24","50000","2026-06-30","22","2085","0","0","0","0","Slovenia","right","183","no","1.38","0.09","50","0.3","100","0","2.1","0","0","0","0","0","0","0","0","0","0","0","0.13","100","0","0","0","20.33","87.05","10.4","76.76","6.17","60.14","0","0","0","1.04","45.83","0.09","0","0","4.71","67.89","0.78","2.63","70.49","0.69","-1.91","-0.082","1.38"
"L. Erjavšek","Slovenia 1.","Nafta","GK","21","0","2027-06-30","22","2068","0","0","0","0","Slovenia","right","188","no","2","0.04","100","0.39","100","0","2.67","0","0","0","0","0","0","0","0","0","0.04","0","0.17","50","0","0","0","16.45","80.42","9.01","67.63","5.48","47.62","0","0","0","1.61","32.43","0.13","0","0","3.79","56.32","0.78","3.26","76","0.9","2.74","0.119","2"
"D. Vezjak","Slovenia 1.","Dravinja","RB","30","50000","","22","2047","2","1.32","0","1.92","Slovenia","right","0","no","11.83","9.06","67.48","3.17","50","0.48","6.31","0.04","0.06","0","13","0.57","30.77","15.385","3.12","35.21","2.33","37.74","6.9","36.31","0.53","1.36","0.26","36.67","62.83","22.07","58.96","10.68","46.5","0.08","0","0.13","8.97","51.96","3.61","34.15","0.26","13.54","72.4","","","0","0","","",""
"Z. Žabkar","Slovenia 1.","Tabor Sežana","AMF, RCMF, LCMF","21","0","2027-05-31","22","2037","1","1.2","2","1.77","Slovenia","unknown","0","yes","9.59","9.5","66.51","2.21","32","0.13","3.92","0.04","0.05","0","17","0.75","17.65","5.882","1.1","32","1.9","51.16","8.09","44.81","0.4","0.88","0.09","30.53","78.15","10.6","64.58","4.15","43.62","0.08","0.09","0.13","5.61","57.48","2.43","41.82","0.62","4.9","71.17","","","0","0","","",""
"L. Sever","Slovenia 1.","Tabor Sežana","LDMF, AMF, RCMF","28","150000","2026-06-30","23","2017","3","1.77","1","3.38","Belgium","right","175","no","9.1","6.78","63.16","3.48","51.28","0.27","6.36","0.13","0.08","0","30","1.34","40","10","1.87","42.86","1.61","52.78","7.36","36.36","0.76","1.2","0.13","54.84","81.61","17.58","68.27","7.09","52.2","0.15","0.13","0.22","10.53","68.64","3.17","46.48","0.85","10.13","80.18","","","0","0","","",""
"A. Kaučič","Slovenia 1.","Beltinci","LCB","24","0","","21","1990","0","0.69","1","0.37","Slovenia","right","188","no","8.14","4.39","64.95","3.89","52.33","0.59","7.14","0","0.03","0","7","0.32","28.57","0","0.18","50","0.05","100","0.86","31.58","0.63","2.13","0.18","59.52","88.98","19.99","76.02","7.01","54.84","0.02","0.05","0.09","5.7","63.49","0.68","33.33","0.18","8.5","68.62","","","0","0","","",""
"A. Jelovica","Slovenia 1.","Beltinci","RDMF, RCMF","21","0","2027-06-30","22","1985","0","1.39","4","4.73","Slovenia","","0","no","9.39","8.16","64.44","1.9","42.86","0.09","4.81","0","0.06","0","30","1.36","23.33","0","1.18","34.62","1.68","43.24","5.62","45.97","1.22","0.86","0.09","34.78","78.62","12.38","63.37","3.63","53.75","0.21","0.32","0.5","5.67","68","2.68","49.15","1.13","5.94","72.52","","","0","0","","",""
"M. Magdić","Slovenia 1.","Triglav","RCB, LCB, CB","27","100000","2026-06-30","21","1983","6","2.63","0","0","Croatia","right","187","no","8.17","3.49","77.92","4.67","65.05","0.86","8.32","0.27","0.12","0.18","14","0.64","64.29","42.857","0.18","25","0.27","66.67","1.68","56.76","0.86","1","0.05","59.18","88.73","22.24","80.82","6.35","55","0","0.05","0","5.36","63.56","0.5","18.18","0.14","9.12","65.67","","","0","0","","",""
"M. Zalokar","Slovenia 1.","Krško","GK","35","50000","","21","1976","0","0","0","0","Slovenia","right","190","no","1.96","0.05","0","0.36","87.5","0","2.16","0","0","0","0","0","0","0","0","0","0","0","0.23","60","0","0","0","21.68","85.92","11.25","75.71","7.52","63.03","0","0","0","1.73","39.47","0.05","0","0.05","5.24","73.04","2","6.24","67.88","2.03","0.51","0.023","1.41"
"A. Mulalić","Slovenia 1.","Triglav","GK","31","100000","2027-06-30","21","1974","0","0","0","0","Bosnia and Herzegovina","right","187","no","1.19","0.09","100","0.14","100","0","1.62","0","0","0","0","0","0","0","0","0","0","0","0.09","100","0","0","0.05","19.47","79.39","10.76","68.22","7.2","51.27","0","0","0","2.33","37.25","0.23","0","0.09","5.47","63.33","0.91","3.65","75","1","1.84","0.084","0.91"
"N. Pušnik","Slovenia 1.","Brinje-Grosuplje","CB, LCB","27","125000","","21","1974","2","4.08","1","0.57","Slovenia","right","185","no","7.52","4.56","69","3.6","54.43","0.64","7.1","0.09","0.19","0.05","14","0.64","28.57","14.286","0.18","0","0.05","100","1","50","1.32","0.96","0.05","63.15","90.4","19.15","79.76","4.56","53","0.03","0","0.05","6.38","76.43","0.32","28.57","0.23","8.57","70.21","","","0","0","","",""
"V. Štrakl","Slovenia 1.","Beltinci","RB, RCB","24","125000","2026-06-30","21","1951","1","1.06","3","1.56","Slovenia","right","0","no","11.12","6.23","68.15","3.04","59.09","0.51","10.57","0.05","0.05","0","16","0.74","31.25","6.25","1.75","31.58","1.38","60","3.74","54.32","0.92","2.91","0.46","50.97","79.73","21.91","67.37","6.87","41.61","0.07","0.14","0.32","8.58","58.6","2.08","35.56","0.55","10.84","74.47","","","0","0","","",""
"M. Kopač","Slovenia 1.","Dravinja","AMF, RW, CF","27","100000","","22","1932","2","2.77","3","2.5","Slovenia","right","167","no","7.08","6.06","64.62","2.19","10.64","0.09","3.42","0.09","0.13","0","33","1.54","45.45","6.061","1.91","41.46","3.54","51.32","12.95","36.69","1.96","2.19","0.23","34.43","75.64","11.97","64.59","2.38","43.14","0.12","0.23","0.33","4.43","70.53","3.26","61.43","1.4","6.1","74.81","","","0","0","","",""
"E. Marsetič","Slovenia 1.","Bistrica","CF, RAMF, RW","21","0","2026-05-31","22","1931","10","7.11","7","2.72","Slovenia","right","187","no","6.2","5.92","62.99","6.29","31.85","0","3.12","0.47","0.33","0.05","48","2.24","43.75","20.833","1.12","50","3.73","46.25","10.63","36.4","3.82","1.63","0.14","17.71","72.37","5.36","66.09","1.03","40.91","0.13","0.05","0.7","2.33","58","1.54","45.45","0.84","2.94","77.78","","","0","0","","",""
"N. Pirečnik","Slovenia 1.","Bistrica","RCB","19","0","","21","1923","1","0.63","0","0.87","Slovenia","unknown","0","no","8.28","5.1","69.72","4.77","61.76","0.51","6.01","0.05","0.03","0.05","5","0.23","40","20","0.14","66.67","0.14","66.67","1.54","57.58","0.33","0.33","0","47.13","81.53","22.51","68.61","9.36","45.5","0.04","0","0.09","7.39","49.37","1.17","28","0.28","10.39","66.67","","","0","0","","",""
"V. Težak","Slovenia 1.","Beltinci","LB, DMF, LCB","21","0","2026-06-30","21","1917","0","0.42","0","2.8","Croatia","left","186","no","8.87","7.46","63.52","3.76","62.5","0.42","6.28","0","0.02","0","13","0.61","15.38","0","2.72","29.31","1.83","51.28","5.07","41.67","0.61","1.83","0.38","47.37","78.2","19.25","67.32","6.38","38.24","0.13","0","0.23","7.56","57.14","2.72","39.66","0.52","9.62","68.78","","","0","0","","",""
"T. Gorenc Stankovič","Slovenia 1.","Nafta","RCB, CB","26","75000","2027-06-30","21","1914","2","1.12","0","0.04","Slovenia","right","190","no","8.89","5.5","64.96","5.27","64.29","0.33","7.03","0.09","0.05","0.09","8","0.38","25","25","0.28","33.33","0","0","0.52","54.55","0.71","0.61","0","57.93","83.93","24.78","73.43","10.2","47.93","0","0","0","9.45","58.71","0.94","35","0.19","11.1","68.64","","","0","0","","",""
"A. Pihler","Slovenia 1.","Nafta","DMF, LCMF, LDMF","32","150000","2026-06-30","21","1912","1","2.02","0","0.81","Slovenia","right","183","no","8.71","5.51","65.81","3.67","61.54","0.47","6.72","0.05","0.1","0","17","0.8","5.88","5.882","0.66","28.57","0.66","71.43","3.86","48.78","1.08","1.37","0","54.56","84.73","20.15","71.03","7.3","52.9","0.04","0.09","0.05","10.64","70.8","2.21","53.19","1.18","9.88","77.14","","","0","0","","",""
"L. Turinek","Slovenia 1.","Dravinja","RCB","21","0","","21","1901","1","0.55","0","0.51","Slovenia","unknown","0","no","9.99","7.57","70","4.69","58.59","0.9","5.4","0.05","0.03","0","5","0.24","40","20","0.05","100","0.52","81.82","4.02","56.47","0.57","0.71","0","27.65","80.14","13.07","66.67","4.54","47.92","0.02","0","0","3.5","58.11","0.19","50","0.14","6.39","64.44","","","0","0","","",""
"A. Hodžić","Slovenia 1.","Tabor Sežana","RB","27","100000","2026-06-30","22","1895","1","0.93","1","2.89","Slovenia","right","172","no","6.46","6.98","57.82","1.23","42.31","0.05","3.66","0.05","0.04","0","15","0.71","26.67","6.667","3.8","36.25","1.38","65.52","4.04","48.24","1.42","1.38","0.19","39.8","77.57","14.15","71.14","4.75","53","0.14","0.09","0.57","5.65","71.43","4.08","46.51","0.81","9.97","74.29","","","0","0","","",""
"M. Matko","Slovenia 1.","Brinje-Grosuplje","RCB, LCB","24","150000","","20","1893","0","0.95","0","1.72","Slovenia","right","181","no","8.37","5.04","65.09","3","66.67","0.43","7.97","0","0.05","0","7","0.33","42.86","0","1.24","34.62","0.14","66.67","1.14","45.83","0.38","1.19","0.1","63.57","84.74","30.33","75.39","10.98","56.28","0.08","0.05","0.19","13.31","69.29","2","30.95","0.43","15.21","81.25","","","0","0","","",""
"N. Radovič","Slovenia 1.","Krško","RW, RAMF, RWF","22","0","","21","1876","7","4.96","1","2.48","Slovenia","unknown","0","no","4.51","3.65","59.21","2.06","32.56","0.1","2.59","0.24","0.24","0","46","2.21","52.17","15.217","1.49","22.58","3.65","47.37","7.48","32.69","2.3","2.01","0.72","20.49","73.3","7.24","60.26","2.06","37.21","0.12","0.14","0.43","2.93","55.74","1.87","38.46","0.67","3.45","63.89","","","0","0","","",""
"A. Lipec","Slovenia 1.","Krka","LCB, DMF, RCB","24","0","","21","1873","1","1.4","2","0.9","Slovenia","right","184","no","10.14","5.91","60.16","4.42","65.22","0.43","7.75","0.05","0.07","0","10","0.48","20","10","0.19","25","0.62","53.85","2.5","36.54","0.67","0.67","0","46.13","82.29","21.53","71.21","6.92","56.94","0.04","0.1","0.29","6.2","58.14","1.54","43.75","0.53","9.61","64","","","0","0","","",""
"A. Maroša","Slovenia 1.","Nafta","CF","32","300000","2027-06-30","21","1869","15","11.67","7","3.87","Slovenia","right","177","no","3.56","2.89","61.67","3.9","32.1","0","2.28","0.53","0.56","0.14","57","2.74","59.65","26.316","0.77","50","3.32","49.28","10.3","36.45","4.96","1.64","0.24","20.03","70.67","4.77","53.54","1.64","35.29","0.19","0.19","0.77","2.55","67.92","2.36","55.1","1.59","2.22","86.96","","","0","0","","",""
"A. Zulić","Slovenia 1.","Ilirija","LCB","21","0","2026-06-30","20","1865","1","0.83","1","0.16","Slovenia","left","192","no","7.82","3.43","66.2","4.2","70.11","0.77","7.78","0.05","0.04","0.05","9","0.43","44.44","11.111","0.24","20","0.1","50","1.11","60.87","0.72","0.92","0","50.14","86.14","24.8","79.77","8.01","57.83","0.01","0.05","0.05","7.91","68.9","0.58","33.33","0.19","11.77","77.46","","","0","0","","",""
"T. Zakrajšek","Slovenia 1.","Krško","RCB, CB","26","0","","20","1862","0","0.78","0","0.16","Slovenia","right","0","no","14.26","8.6","71.91","4.3","61.8","0.82","8.31","0","0.04","0","12","0.58","50","0","0.29","16.67","0.24","20","2.66","45.45","0.29","0.87","0.15","45.15","80.73","19.14","66.67","8.41","48.85","0.01","0","0","6.96","54.17","0.97","25","0.19","9.28","60.94","","","0","0","","",""
"K. Benkič","Slovenia 1.","Brinje-Grosuplje","LWB, LB","20","0","","20","1858","0","1.17","6","5.43","Slovenia","left","0","no","7.94","5.81","70.83","2.28","63.83","0.05","6.47","0","0.06","0","9","0.44","33.33","0","6.64","35.77","3.68","51.32","9.78","37.13","1.5","2.52","0.44","39.96","76.12","11.09","70.31","3.25","49.25","0.26","0.1","0.68","3.63","60","6.1","45.24","0.53","7.75","80.63","","","0","0","","",""
"G. Gabersek Rotovnik","Slovenia 1.","Rudar","RCB, RCMF","21","0","","21","1850","0","1.36","0","0.66","Slovenia","unknown","0","no","8.66","5.79","63.87","5.4","51.35","0.19","5.81","0","0.07","0","14","0.68","35.71","0","1.02","28.57","1.46","66.67","4.67","60.42","0.68","1.17","0.05","31.52","74.85","14.06","61.25","4.82","39.39","0.03","0.1","0.24","4.23","48.28","1.22","36","0.29","5.79","60.5","","","0","0","","",""
"S. Opačić","Slovenia 1.","Krško","LCMF, DMF","22","0","","21","1841","2","0.52","0","0.86","Croatia","unknown","0","no","8.95","8.65","55.93","1.91","58.97","0.2","4.13","0.1","0.03","0","15","0.73","33.33","13.333","0.34","14.29","0.49","90","4.3","32.95","0.24","0.39","0.05","26.69","76.37","8.21","57.74","4.69","44.79","0.04","0.05","0.1","5.23","52.34","1.17","29.17","0.44","4.84","60.61","","","0","0","","",""
"T. Vinogradac","Slovenia 1.","Triglav","CF","25","0","2026-06-30","20","1837","16","12.03","5","4.12","Croatia","right","186","no","2.79","2.69","52.73","5.88","43.33","0.2","2.09","0.78","0.59","0.15","57","2.79","49.12","28.07","0.54","54.55","1.32","40.74","4.75","27.84","5","0.93","0.1","15.38","78.98","3.43","61.43","0.54","36.36","0.2","0.05","0.83","1.13","60.87","1.08","68.18","1.22","1.27","61.54","","","0","0","","",""
"M. Briški","Slovenia 1.","Tabor Sežana","LCB","27","200000","","22","1836","0","1.7","0","0.42","Croatia","right","178","no","8.58","4.71","66.67","4.17","62.35","0.74","8.64","0","0.08","0","19","0.93","36.84","0","0.15","33.33","0.15","0","0.93","42.11","1.03","0.54","0.1","58.97","92.27","21.47","84.25","6.08","61.29","0.02","0","0.05","6.96","77.46","0.59","41.67","0.39","9.36","78.01","","","0","0","","",""
"M. Gliha","Slovenia 1.","Krka","RB","21","0","2026-06-30","20","1831","2","1.77","0","0.98","Slovenia","unknown","0","no","10.81","7.67","59.62","4.77","49.48","0.49","7.58","0.1","0.09","0","19","0.93","36.84","10.526","2.61","35.85","1.92","51.28","4.52","45.65","1.33","1.87","0.49","30.23","71.06","11.75","58.16","2.61","39.62","0.05","0","0.25","3.05","48.39","2.16","47.73","0.44","6.34","53.49","","","0","0","","",""
"Leon Marinic","Slovenia 1.","Bilje","CF, RCMF","28","50000","","21","1828","4","4.7","3","1.23","Slovenia","right","183","no","6.84","5.22","66.98","5.42","48.18","0.2","3.83","0.2","0.23","0","38","1.87","47.37","10.526","0.59","25","1.03","76.19","6.45","48.85","2.66","0.89","0.1","27.72","71.58","7.24","55.1","2.61","49.06","0.06","0.05","0.39","3.25","48.48","2.02","51.22","1.33","3.2","64.62","","","0","0","","",""
"N. Jovićević","Slovenia 1.","Brinje-Grosuplje","CF, AMF","22","0","","22","1823","10","10.09","1","1.15","Slovenia","right","185","no","3.55","2.91","55.93","3.06","33.87","0.15","2.93","0.44","0.5","0.1","69","3.41","43.48","14.493","0.59","33.33","3.11","47.62","10.71","47","3.46","1.63","0.39","23.25","79.62","7.21","67.12","1.53","51.61","0.06","0.15","0.3","3.36","64.71","1.68","70.59","1.23","2.86","87.93","","","0","0","","",""
"M. Brkić","Slovenia 1.","Triglav","LCMF, LDMF, AMF","26","150000","2026-06-30","21","1808","7","8.65","8","5.79","Bosnia and Herzegovina","right","178","no","7.87","5.82","61.54","2.09","61.9","0","6.35","0","0.43","0","39","1.94","35.9","17.949","1.59","31.25","1.49","63.33","8.16","47.56","1.84","0.8","0.1","40.32","79.88","12.15","65.16","5.18","59.62","0.29","0.1","0.5","7.67","68.83","2.64","43.4","0.85","6.82","70.8","","","0","0","","",""
"R. Pirtovšek","Slovenia 1.","Nafta","RB, RCB","30","200000","2026-06-30","19","1782","2","3.19","0","0.56","Slovenia","right","189","no","8.89","6.87","72.06","3.33","65.15","0.3","5.19","0.1","0.16","0.05","14","0.71","42.86","14.286","2.47","38.78","0.66","23.08","2.68","33.96","1.26","1.36","0.05","44.65","78.51","23.18","71.24","9.14","50.28","0.03","0.1","0.1","9.19","66.48","2.63","42.31","0.4","13.08","76.45","","","0","0","","",""
"C. Kitek","Slovenia 1.","Gorica","DMF, LDMF, RCMF","26","50000","","21","1768","2","0.96","1","3.33","Slovenia","right","180","no","9.93","7.89","59.35","2.7","45.28","0.31","6.29","0.1","0.05","0","15","0.76","33.33","13.333","0.71","50","0.71","57.14","3.16","40.32","0.46","0.25","0.1","43.68","76.69","17.15","59.94","7.38","49.66","0.17","0","0.2","9.52","59.36","1.53","33.33","0.2","8.7","66.08","","","0","0","","",""
"N. Kapun","Slovenia 1.","Krka","LDMF, RCMF, RDMF","32","50000","2026-05-31","22","1766","1","2.02","0","1.2","Slovenia","right","183","no","7.75","5.76","56.64","3.26","45.31","0.46","5.01","0","0.1","0","16","0.82","25","6.25","0.56","45.45","0.46","66.67","2.4","42.55","0.66","0.97","0","43.78","83.59","13.96","69.34","5.86","54.78","0.06","0.1","0.2","5.76","63.72","1.83","61.11","0.87","6.88","73.33","","","0","0","","",""
"T. Levanić","Slovenia 1.","Brinje-Grosuplje","LCMF, AMF","20","0","2026-06-30","20","1765","2","2.08","6","4.7","Croatia","right","173","no","7.39","6.99","61.31","2.45","16.67","0","4.46","0.1","0.11","0","33","1.68","27.27","6.061","1.43","39.29","2.55","52","8.06","42.41","1.22","0.92","0.2","28.81","80.18","8.11","69.18","2.19","55.81","0.24","0","0.31","4.18","71.95","1.73","55.88","0.61","3.98","78.21","","","0","0","","",""
"P. Nwachukwu","Slovenia 1.","Gorica","LW, LAMF","22","0","2027-06-30","21","1751","5","3.77","1","1.61","Nigeria","unknown","0","no","5.35","5.35","62.5","2.47","39.58","0.05","2.07","0.26","0.19","0.05","37","1.9","40.54","13.514","3.08","25","4.47","49.43","11.41","36.04","2.98","2.06","0.57","19.74","60.68","5.04","41.84","2.62","43.14","0.08","0.05","0.41","1.8","34.29","2.98","34.48","0.77","3.19","56.45","","","0","0","","",""
"J. Zorica","Slovenia 1.","Nafta","RW, RAMF, LW","24","0","2026-06-30","21","1747","7","3.65","3","2.73","Croatia","","0","no","9.84","7.62","66.89","1.85","41.67","0.15","6.03","0.36","0.19","0.05","37","1.91","40.54","18.919","5.41","34.29","5","51.55","11.23","44.04","4.28","2.27","0","29.67","67.53","9.58","62.9","2.88","41.07","0.14","0.15","0.52","2.94","54.39","5.2","49.5","1.55","6.7","70.77","","","0","0","","",""
"M. Žejen","Slovenia 1.","Gorica","LCB, LB","24","0","","21","1740","0","1.53","0","0.21","Slovenia","","0","no","9.98","5.48","76.42","3.41","56.06","0.36","7.5","0","0.08","0","5","0.26","40","0","0.72","28.57","0","0","1.19","39.13","0.57","0.57","0.1","40.76","81.22","17.74","68.8","4.91","41.05","0.01","0","0.05","4.6","62.92","1.03","30","0.26","8.64","62.87","","","0","0","","",""
"D. Zeriali","Slovenia 1.","Tabor Sežana","GK","21","0","2026-06-30","19","1732","0","0","0","0","Slovenia","right","189","no","1.09","0.05","0","0.57","90.91","0","1.69","0","0","0","0","0","0","0","0","0","0","0","0.16","66.67","0","0","0","20.84","89.78","10.6","82.35","6.03","69.83","0","0","0","0.83","62.5","0.05","0","0","5.09","69.39","0.78","3.85","79.73","0.95","3.25","0.169","1.61"
"M. Medič Slaček","Slovenia 1.","Tabor Sežana","LB, LW, LAMF","21","0","2027-05-31","20","1710","1","1.9","2","1.05","Slovenia","unknown","0","no","7.32","7.68","54.79","3.05","51.72","0","4.47","0.05","0.1","0","17","0.89","35.29","5.882","4.89","31.18","2.16","58.54","6.47","43.09","2.63","2.63","0.21","40.89","72.59","14.58","61.01","5.79","46.36","0.06","0.05","0.42","5.58","50.94","4.68","42.7","0.68","9.05","73.84","","","0","0","","",""
"T. Kljun","Slovenia 1.","Rudar","LW, LAMF","22","100000","2027-06-30","21","1689","6","5.17","2","1.7","Slovenia","right","178","no","7.35","6.61","59.68","2.34","38.64","0.21","4.46","0.32","0.28","0","43","2.29","37.21","13.953","1.28","25","2.98","44.64","9.59","32.78","2.29","2.45","0.59","30.85","79.1","8.58","64.6","1.49","50","0.09","0.21","0.32","3.2","65","2.08","48.72","0.96","4.53","67.06","","","0","0","","",""
"S. Satchwell","Slovenia 1.","Rudar","CF","21","0","2026-05-31","22","1685","5","6.55","3","2.32","Jamaica","unknown","0","no","3.36","3.79","50.7","3.74","41.43","0.05","1.98","0.16","0.35","0","42","2.24","42.86","11.905","2.08","53.85","3.85","62.5","11.7","38.81","3.74","2.14","0.53","20.94","78.83","4.11","63.64","0.85","56.25","0.12","0","0.32","1.55","58.62","2.14","67.5","1.12","2.94","72.73","","","0","0","","",""
"T. Petančič","Slovenia 1.","Krško","LB","22","0","","20","1679","0","0.14","0","0.26","Slovenia","unknown","0","no","12.38","9.65","63.33","2.36","34.09","0.48","6.65","0","0.01","0","4","0.21","25","0","2.04","26.32","1.88","57.14","4.99","45.16","0.38","1.18","0.32","27.39","68.69","13.88","62.55","4.88","46.15","0.01","0","0.16","3.38","58.73","2.09","33.33","0.16","7.67","57.34","","","0","0","","",""
"A. Vošnjak","Slovenia 1.","Rudar","RCMF, LCMF, LDMF","25","50000","2026-06-30","21","1676","3","0.85","2","0.92","Slovenia","right","180","no","9.56","7.84","64.38","4.03","69.33","0.16","6.22","0.16","0.05","0.05","15","0.81","20","20","1.29","29.17","2.95","50.91","10.2","49.47","1.18","2.42","0.21","35.5","77.76","11.71","68.35","3.22","48.33","0.05","0.05","0.27","6.07","68.14","1.56","48.28","0.64","6.23","67.24","","","0","0","","",""
"L. Poredoš","Slovenia 1.","Nafta","LB, LCMF, LCB","20","0","2028-06-30","21","1659","2","1.21","1","0.61","Slovenia","left","0","no","8.52","5.05","68.82","2.44","37.78","0.54","6.56","0.11","0.07","0","8","0.43","25","25","2.44","22.22","0.98","55.56","3.09","31.58","1.14","0.92","0.11","40.85","79.42","14.92","71.64","5.15","44.21","0.03","0.05","0.05","6.29","72.41","2.39","29.55","0.49","8.57","73.42","","","0","0","","",""
"A. Ristić","Slovenia 1.","ND Slovan Ljubljana","CF","20","0","","22","1646","5","5.03","1","0.29","Slovenia","right","0","no","3.72","3.72","45.59","6.4","29.06","0.33","2.7","0.27","0.28","0.05","27","1.48","40.74","18.519","0.44","0","0.87","56.25","8.42","38.96","2.9","0.11","0","15.8","75.43","3.23","55.93","0.93","52.94","0.02","0.11","0.11","1.7","41.94","0.66","25","0.33","1.26","56.52","","","0","0","","",""
"G. Medle","Slovenia 1.","Krka","AMF, CF","21","0","","20","1633","6","7.42","3","0.62","Slovenia","","0","no","6.17","5.18","53.19","5.57","42.57","0.22","3.78","0.33","0.41","0.06","38","2.09","36.84","15.789","0.17","0","1.16","71.43","10.03","29.12","2.87","0.99","0.06","26.07","69.56","8.21","36.24","3.2","29.31","0.03","0.11","0.44","4.85","44.32","1.87","26.47","0.77","3.36","65.57","","","0","0","","",""
"D. Stanojević","Slovenia 1.","Jesenice","RB","21","0","","19","1628","0","0.07","0","0.49","Slovenia","right","0","no","7.91","6.41","67.24","2.1","39.47","0.22","4.46","0","0","0","2","0.11","0","0","1.77","9.38","1.6","68.97","4.86","54.55","0.17","1.38","0.28","26.04","69.85","12.71","62.61","4.37","43.04","0.03","0.06","0.11","3.98","65.28","1.6","17.24","0.22","6.52","64.41","","","0","0","","",""
"L. Dakić","Slovenia 1.","Jesenice","GK","20","0","2026-06-30","17","1614","0","0","0","0","Slovenia","left","0","yes","1.95","0.06","100","0.95","100","0","2.44","0","0","0","0","0","0","0","0","0","0","0","0.11","100","0","0","0","20.86","81.28","10.43","65.24","7.25","53.08","0","0","0","2.57","41.3","0.11","100","0.06","4.85","68.97","1.28","4.18","69.33","1.29","0.09","0.005","2.68"
"Á. Dragóner","Slovenia 1.","Nafta","LCB","21","100000","2027-06-30","17","1605","1","1.72","1","0.16","Hungary","right","0","no","6.84","4.71","57.14","4.65","68.67","0.5","5.33","0.06","0.1","0","14","0.79","35.71","7.143","0.17","33.33","0.39","100","1.63","65.52","1.12","1.4","0","48.95","84.42","21.25","71.5","6.45","41.74","0.01","0","0.06","5.21","58.06","0.67","41.67","0.17","9.31","57.23","","","0","0","","",""
"O. Kregar","Slovenia 1.","Triglav","RAMF, RW, LW","25","300000","2026-06-30","20","1602","8","5.96","8","4.1","Slovenia","right","173","no","8.03","6.46","66.09","2.3","43.9","0","5.23","0.39","0.33","0","48","2.7","45.83","16.667","6.8","34.71","3.65","56.92","8.76","46.79","4.21","2.13","0.17","38.15","67.16","12.42","57.92","4.49","42.5","0.23","0.39","1.29","5.22","55.91","7.87","45","1.69","8.03","83.22","","","0","0","","",""
"O. Rakipi","Slovenia 1.","Jesenice","LDMF, LCMF, DMF","22","0","2026-06-30","18","1597","1","0.34","1","1.11","North Macedonia","right","177","no","10.54","9.36","67.47","1.63","51.72","0.23","5.39","0.06","0.02","0","9","0.51","55.56","11.111","0.79","35.71","2.25","72.5","10.03","49.44","0.28","1.58","0.28","31.45","83.15","9.07","65.84","3.94","50","0.06","0","0.06","3.94","61.43","1.07","31.58","0.06","5.02","66.29","","","0","0","","",""
"Č. Rotar","Slovenia 1.","Ilirija","RDMF, AMF, LCMF","22","0","","20","1592","4","2.57","4","2.82","Slovenia","right","0","no","9.95","8.31","56.46","1.92","41.18","0.4","7.52","0.17","0.15","0.06","25","1.41","32","20","1.24","40.91","0.96","58.82","5.14","31.87","1.02","0.73","0","38.84","78.75","12.04","66.67","6.05","52.34","0.16","0.06","0.28","5.99","62.26","2.2","48.72","0.62","6.67","70.34","","","0","0","","",""
"A. Korošec","Slovenia 1.","Gorica","RCB, LCB","20","0","2026-06-30","19","1591","1","1.14","1","0.4","Slovenia","unknown","0","no","9.16","5.2","66.3","3.85","60.29","1.13","7.42","0.06","0.06","0.06","12","0.68","25","8.333","0.06","0","0","0","0.4","28.57","0.96","0.11","0","38.75","83.65","16.63","71.77","7.3","55.81","0.02","0","0.11","4.07","66.67","0.68","41.67","0.17","8.2","61.38","","","0","0","","",""
"D. Cerovec","Slovenia 1.","Dekani","LCB","35","10000","","17","1584","1","0.48","0","0.03","Croatia","right","192","no","7.27","3.07","74.07","4.38","72.73","0.34","6.17","0.06","0.03","0.06","9","0.51","33.33","11.111","0","0","0.28","60","0.97","41.18","0.74","0.23","0","25.4","79.42","11.88","65.55","5.51","50.52","0","0","0","4.38","46.75","0.45","12.5","0.17","5.23","63.04","","","0","0","","",""
"M. Bajraj","Slovenia 1.","Beltinci","CF","25","0","","22","1583","14","12.55","1","0.77","Slovenia","left","185","no","3.41","2.39","73.81","4.43","32.05","0","2.04","0.51","0.71","0.06","61","3.47","54.1","22.951","1.19","38.1","2.1","67.57","7.28","42.19","4.32","0.85","0.06","12.56","68.78","2.62","60.87","0.74","53.85","0.04","0.11","0.23","1.25","72.73","1.42","44","0.4","1.65","79.31","","","0","0","","",""
"M. Slavec","Slovenia 1.","Bilje","LCB, LB","30","25000","","19","1575","0","0","0","0.02","Slovenia","right","0","no","9.94","8.51","65.1","2.51","43.18","0.51","5.05","0","0","0","0","0","0","0","0.23","75","0.34","83.33","2.91","54.9","0.06","1.14","0","39.83","80.49","21.37","74.33","5.66","47.47","0","0","0.06","6.63","67.24","0.57","40","0.11","10.46","66.67","","","0","0","","",""
"N. Hodžić","Slovenia 1.","Triglav","RDMF, DMF, RCMF","31","150000","2027-06-30","20","1574","0","0.35","1","0.52","Germany","right","179","no","7.15","5.6","56.12","2.63","36.96","0.29","5.49","0","0.02","0","8","0.46","12.5","0","0.46","50","2","51.43","7.83","38.69","0.91","2.92","0","43.68","84.95","16.93","73.99","4.69","64.63","0.03","0.06","0.17","9.15","73.75","2.23","58.97","0.91","8.29","79.31","","","0","0","","",""
"A. Jurca","Slovenia 1.","Gorica","GK","25","25000","","17","1568","0","0","0","0","Slovenia","right","185","no","2.07","0.06","100","0.34","100","0","2.73","0","0","0","0","0","0","0","0","0","0","0","0.11","50","0","0","0","17.16","80.94","9.99","70.69","6.77","61.02","0","0","0","2.18","47.37","0.17","0","0","4.88","75.29","1.32","3.62","63.49","1.3","-0.42","-0.024","1.72"
"L. Privošnik","Slovenia 1.","Dravinja","LCMF, LDMF","23","0","","19","1560","0","1.49","1","1.14","Slovenia","","0","no","10.27","8.83","56.86","1.5","42.31","0.35","6.01","0","0.09","0","20","1.15","25","0","0.4","14.29","1.56","66.67","8.42","42.47","0.58","0.63","0.06","27.63","74.95","10.5","62.09","2.94","54.9","0.07","0.17","0.17","4.9","65.88","1.21","33.33","0.52","4.67","66.67","","","0","0","","",""
"D. Videnović","Slovenia 1.","Ilirija","RAMF, CF, LAMF","17","0","2028-01-01","19","1543","4","5.17","0","1.34","Slovakia","unknown","0","no","4.43","5.13","65.91","3.09","20.75","0.06","1.46","0.23","0.3","0","42","2.45","42.86","9.524","0.99","23.53","2.92","46","11.61","34.17","4.67","1.81","0.17","19.83","75.59","4.78","59.76","1.46","28","0.08","0","0.47","1.69","51.72","1.11","47.37","1.05","2.45","59.52","","","0","0","","",""
"M. Adebayo","Slovenia 1.","Dravinja","RAMF, RW, CF","","0","","21","1537","3","3.1","2","2.75","Nigeria","","0","no","6.38","4.63","54.43","1.76","20","0.29","4.89","0.18","0.18","0","37","2.17","45.95","8.108","2.99","25.49","4.27","68.49","12.47","41.31","4.27","2.34","0.29","24.18","70.46","5.27","61.11","0.88","40","0.16","0","0.18","1.99","52.94","2.23","60.53","1.29","2.87","83.67","","","0","0","","",""
"K. Nino","Slovenia 1.","Tabor Sežana","RAMF, RW","","0","","20","1537","4","3.1","1","2.09","","","0","no","5.56","5.39","67.39","2.05","34.29","0","2.9","0.23","0.18","0","27","1.58","29.63","14.815","2.17","32.43","4.63","62.03","16.57","41.34","3.4","2.17","0.35","27.76","79.75","6.09","66.35","1.23","42.86","0.12","0","0.41","2.58","56.82","2.05","57.14","1.11","3.51","76.67","","","0","0","","",""
"T. Čandić","Slovenia 1.","Tabor Sežana","RDMF, LDMF, LCMF","23","0","2027-05-31","21","1533","0","1.1","1","0.29","Bosnia and Herzegovina","right","189","no","7.75","6.58","67.86","1.47","40","0.12","4.97","0","0.06","0","22","1.29","9.09","0","0.65","27.27","0.53","44.44","2.82","33.33","0.65","0.94","0.06","48.85","85.94","13.86","72.03","4.17","43.66","0.02","0","0.12","6.87","68.38","1.35","52.17","0.59","6.28","71.03","","","0","0","","",""
"U. Korun","Slovenia 1.","Tabor Sežana","RCB, LCB","38","50000","2026-06-30","16","1528","4","2.51","1","0.53","Slovenia","right","188","no","4.24","1.83","51.61","3.59","75.41","0.35","5.02","0.12","0.15","0.06","15","0.88","33.33","26.667","0.41","42.86","0.35","66.67","1","64.71","0.59","0.59","0","57.78","88.89","25.15","79.86","10.9","67.03","0.03","0","0.18","10.13","70.93","1.71","48.28","0.53","12.6","84.58","","","0","0","","",""
"J. Kasnik","Slovenia 1.","Bistrica","LDMF, LCMF, DMF","24","0","","20","1527","1","1.17","0","0.02","Slovenia","unknown","0","no","13.5","9.19","64.1","4.42","58.67","0.35","8.18","0.06","0.07","0","8","0.47","37.5","12.5","0.71","16.67","1.41","66.67","7.01","49.58","0.65","0.83","0.06","38.37","77.42","13.08","64.41","3.42","44.83","0","0.24","0","5.42","64.13","1.41","45.83","0.53","6.13","60.58","","","0","0","","",""
"A. Kozina","Slovenia 1.","Rudar","RCB, LCB","23","0","","16","1515","1","0.57","1","0.21","Croatia","","0","no","8.26","4.63","70.51","5.58","58.51","0.3","6.79","0.06","0.03","0.06","6","0.36","33.33","16.667","0.06","0","0.42","57.14","1.43","54.17","0.65","0.83","0.06","45.15","88.95","21.15","82.3","3.92","46.97","0.01","0","0.12","3.86","61.54","0.59","30","0.36","6.24","70.48","","","0","0","","",""
"M. Sitar","Slovenia 1.","Ilirija","RCMF, CF, LDMF","21","0","","17","1501","2","2.51","1","1.22","Slovenia","right","0","no","6.42","6.78","57.52","2.16","41.67","0.06","3.59","0.06","0.15","0","26","1.56","23.08","7.692","0.9","26.67","2.7","48.89","8.81","40.82","1.44","0.84","0.12","47.49","80.18","16.55","66.3","5.28","40.91","0.07","0.18","0.3","8.57","64.34","2.46","48.78","0.96","7.44","76.61","","","0","0","","",""
"N. Studen","Slovenia 1.","Rudar","LCB","19","0","","17","1500","0","0.44","0","0.12","Serbia","unknown","0","no","8.04","5.28","68.18","3.3","61.82","0.6","6.6","0","0.03","0","3","0.18","0","0","0.06","0","0.6","40","2.82","31.91","0.42","0.36","0","42.6","81.13","19.86","69.79","8.34","49.64","0.01","0","0.06","6.78","55.75","0.84","14.29","0.12","9.12","63.82","","","0","0","","",""
"M. Kene","Slovenia 1.","Brinje-Grosuplje","RWB, RB","28","125000","","20","1497","4","4.4","3","5.01","Slovenia","","0","no","8.72","7.15","63.87","1.56","46.15","0.06","6.83","0.18","0.26","0","24","1.44","33.33","16.667","3.91","33.85","2.59","83.72","5.83","60.82","1.8","1.38","0","39.44","74.24","14.25","64.98","4.09","50","0.3","0.12","0.66","6.13","55.88","4.09","41.18","0.9","8.66","77.78","","","0","0","","",""
"L. Ikač","Slovenia 1.","Brinje-Grosuplje","CF, LAMF, LW","23","0","","21","1495","7","5.95","3","1.21","Slovakia","unknown","0","no","5.48","5.3","60.23","4.39","20.55","0.06","2.91","0.42","0.36","0.12","43","2.59","37.21","16.279","1.51","20","4.03","50.75","11.86","33.5","3.07","1.87","0.48","16.37","65.07","4.76","51.9","1.87","45.16","0.07","0.12","0.42","2.59","44.19","1.32","31.82","0.54","2.11","74.29","","","0","0","","",""
"A. Marc","Slovenia 1.","Bilje","LCMF, AMF","25","0","","19","1495","2","1.38","1","2.64","Slovenia","right","172","no","7.71","7.22","56.67","3.43","36.84","0.12","4.52","0.12","0.08","0","27","1.63","25.93","7.407","0.96","31.25","1.75","41.38","10.47","37.36","1.57","1.44","0.18","33.77","71.66","13","53.24","4.82","38.75","0.16","0.42","0.66","7.89","50.38","3.07","35.29","1.26","5.66","76.6","","","0","0","","",""
"B. Kolar","Slovenia 1.","Dravinja","LCB, LB","24","0","","17","1493","0","0.61","0","0.75","Slovenia","unknown","0","no","8.56","6.33","68.57","4.16","53.62","0.6","4.7","0","0.04","0","8","0.48","25","0","0.42","28.57","0.18","33.33","2.17","38.89","0.96","0.3","0","32.55","78.33","13.68","66.08","5.37","46.07","0.04","0","0.12","3.56","44.07","0.84","21.43","0.18","6.33","59.05","","","0","0","","",""
"T. Meze","Slovenia 1.","Krka","LAMF, LW, RW","19","0","","20","1470","2","2.81","0","1.6","Slovenia","unknown","0","no","4.41","4.78","55.13","3.55","46.55","0","2.22","0.12","0.17","0","27","1.65","33.33","7.407","3.06","34","4.04","66.67","8.14","45.11","3.12","3","0.49","22.1","70.64","5.14","58.33","1.29","33.33","0.1","0.06","0.55","1.53","80","2.27","51.35","0.31","3.8","64.52","","","0","0","","",""
"T. Pokorn","Slovenia 1.","Triglav","LB","25","150000","","19","1467","1","1.29","0","0.71","Slovenia","right","0","no","7.61","5.09","72.29","1.96","34.38","0.25","6.16","0.06","0.08","0","11","0.67","18.18","9.091","2.27","29.73","2.64","53.49","7.85","50.78","1.35","2.76","0.18","49.82","84.48","18.22","78.79","3.56","55.17","0.04","0.12","0.18","6.69","76.15","2.27","37.84","0.55","8.83","77.78","","","0","0","","",""
"R. Silajdzic","Slovenia 1.","Dekani","RB","21","0","2026-06-30","18","1456","1","0.25","0","0.53","Slovenia","unknown","0","no","13.91","9.52","67.53","2.47","67.5","0.25","8.85","0.06","0.02","0","4","0.25","25","25","2.16","31.43","0.49","37.5","1.73","28.57","0.49","0.37","0","27.57","65.92","14.03","60.35","6","45.36","0.03","0.06","0.12","5.5","44.94","2.35","31.58","0.19","8.04","66.15","","","0","0","","",""
"J. Župančič","Slovenia 1.","Krško","LCB, RCB","21","0","","18","1456","0","0.13","1","0.07","Slovenia","unknown","0","no","11.74","7.11","75.65","4.88","49.37","1.36","6.92","0","0.01","0","2","0.12","0","0","0.31","40","0.25","50","1.17","42.11","0.19","0.49","0","35.91","75.56","18.23","62.71","7.79","40.48","0","0","0.06","5.38","51.72","0.56","44.44","0.19","8.34","51.11","","","0","0","","",""
"L. Blesio","Slovenia 1.","Bilje","LB, LWB","21","0","","20","1448","0","0.13","0","0.9","Italy","left","0","no","8.14","5.78","75.27","2.05","48.48","0.19","4.65","0","0.01","0","2","0.12","100","0","3.6","37.93","1.55","76","3.98","59.38","0.75","0.62","0.06","30.52","71.49","12.31","57.07","5.41","41.38","0.06","0","0.12","3.67","50.85","2.49","45","0.31","6.65","63.55","","","0","0","","",""
"Z. Dajčman","Slovenia 1.","Rudar","RB, RCB","23","100000","","16","1443","0","0.03","0","0.53","Slovenia","right","0","no","8.73","6.61","61.32","3.06","57.14","0.5","6.54","0","0","0","2","0.12","0","0","1.5","25","0.25","75","1.56","56","0.44","0.62","0.06","38.73","78.58","18.46","67.23","7.86","50","0.03","0","0.25","6.05","57.73","1.75","25","0.25","8.36","66.42","","","0","0","","",""
"L. Hunjet","Slovenia 1.","Beltinci","RCB","20","0","","17","1431","2","1.95","0","0.14","Slovenia","unknown","0","no","10.06","7.48","69.75","5.28","65.48","0.63","6.12","0.13","0.12","0","7","0.44","57.14","28.571","0.06","100","0","0","0.94","6.67","0.63","1.01","0","47.48","87.55","17.3","71.64","4.78","46.05","0.01","0","0.06","3.52","41.07","0.63","10","0.06","6.6","62.86","","","0","0","","",""
"M. Veber","Slovenia 1.","ND Slovan Ljubljana","RW, LW, RCMF","19","0","","19","1421","0","1.38","2","2.15","Slovenia","right","0","no","7.85","9.06","51.05","3.61","42.11","0.06","4.59","0","0.09","0","15","0.95","6.67","0","0.95","53.33","1.84","62.07","7.54","39.5","1.9","1.2","0.13","30.4","79.17","10.07","70.44","3.67","62.07","0.14","0.25","0.57","5","70.89","3.1","55.1","1.2","5.7","71.11","","","0","0","","",""
"T. Kruljac","Slovenia 1.","Ilirija","GK","29","50000","","15","1419","0","0","0","0","Slovenia","right","193","no","2.22","0.06","0","0.63","100","0","3.24","0","0","0","0","0","0","0","0","0","0","0","0.06","100","0","0","0","21.37","84.57","11.8","77.96","8.37","65.15","0","0","0","2.09","57.58","0.06","0","0","6.22","76.53","1.97","4.38","55.07","1.73","-3.67","-0.233","1.9"
"V. Skrbin","Slovenia 1.","Brinje-Grosuplje","RCMF, RW","23","0","2026-06-30","21","1416","2","1.54","4","2.98","Croatia","right","183","yes","7.44","6.42","57.43","2.92","36.96","0.32","4.76","0.13","0.1","0","10","0.64","50","20","1.27","35","1.02","81.25","5.28","43.37","1.53","0.76","0.06","35.21","81.59","11","65.9","2.54","50","0.19","0.19","0.7","5.15","70.37","2.03","46.88","0.95","5.85","72.83","","","0","0","","",""
"T. Ščernjavič","Slovenia 1.","Beltinci","LB","22","50000","2027-05-31","17","1415","0","0.19","1","1.42","Slovenia","left","175","no","9.48","6.81","69.16","2.99","40.43","0.19","6.09","0","0.01","0","7","0.45","14.29","0","2.48","35.9","3.56","60.71","7.82","45.53","0.51","2.42","0.32","37.08","75.64","17.05","66.79","5.28","45.78","0.09","0.06","0.45","6.11","60.42","3.05","47.92","0.89","8.46","72.93","","","0","0","","",""
"D. Kantužer","Slovenia 1.","Bistrica","RDMF, RCMF","22","0","2026-06-30","16","1414","2","0.84","1","0.37","Slovenia","unknown","0","no","10.12","9.23","60.69","2.74","58.14","0.13","5.15","0.13","0.05","0","7","0.45","42.86","28.571","1.02","18.75","1.65","53.85","5.6","43.18","0.89","1.27","0.19","39.84","81.79","14.64","74.78","3.63","50.88","0.02","0.06","0.19","5.92","70.97","1.78","39.29","0.64","7","72.73","","","0","0","","",""
"A. Fuseini","Slovenia 1.","Bilje","RCMF, DMF","22","0","","19","1411","2","0.6","0","0.58","Ghana","right","175","no","7.46","6.44","55.45","2.93","45.65","0.19","4.4","0.13","0.04","0","14","0.89","21.43","14.286","0.89","14.29","2.3","47.22","10.08","37.97","0.64","1.34","0.26","33.68","83.14","10.33","69.75","3.19","54","0.04","0","0.19","5.1","72.5","1.53","45.83","0.57","5.1","81.25","","","0","0","","",""
"D. Žur","Slovenia 1.","Krka","RCB","23","0","2026-06-30","15","1401","1","0.61","0","0","Slovenia","","0","no","8.8","4.5","61.43","5.85","61.54","1.28","7.7","0.06","0.04","0","9","0.58","22.22","11.111","0.19","33.33","0.45","71.43","1.67","53.85","0.32","1.03","0.26","39.51","79.84","19.34","67.77","9.76","55.92","0","0","0.06","6.55","57.84","1.03","18.75","0.26","10.09","67.52","","","0","0","","",""
"L. Adrovic","Slovenia 1.","ND Slovan Ljubljana","RCB","21","0","","16","1401","0","0","1","0.28","Slovenia","unknown","0","no","8.74","5.52","61.63","4.05","53.97","0.58","6.92","0","0","0","0","0","0","0","0.26","50","0.06","0","0.39","33.33","0.06","0.77","0","45.8","80.5","21.01","67.58","10.41","50.62","0.02","0","0.19","5.78","53.33","1.16","38.89","0.39","10.79","60.71","","","0","0","","",""
"I. Kondič","Slovenia 1.","ND Slovan Ljubljana","LCMF, RCMF, LDMF","28","0","","20","1400","6","4.07","0","1.79","Slovenia","right","0","no","7.26","6.88","57.01","1.74","37.04","0.06","3.42","0.26","0.26","0","30","1.93","43.33","20","0.71","27.27","1.16","50","5.66","42.05","1.09","1.48","0.19","39.6","79.06","12.47","62.89","6.69","44.23","0.12","0.13","0.19","8.49","60.61","2.31","41.67","0.64","6.81","73.58","","","0","0","","",""
"F. Pobi","Slovenia 1.","Gorica","LW, LWF, RW","22","50000","","20","1398","3","2.5","3","3.49","Croatia","right","0","no","6.89","6.12","58.95","2.96","32.61","0","3.72","0.19","0.16","0","29","1.87","27.59","10.345","4.06","25.4","4.64","61.11","10.43","43.21","2.12","1.48","0.06","28.26","62.87","10.36","57.14","4.38","42.65","0.22","0.06","0.58","4.06","52.38","3.54","36.36","0.64","7.27","65.49","","","0","0","","",""
"L. Sočič","Slovenia 1.","Beltinci","LDMF, LCMF","25","0","2027-06-30","17","1392","0","0.11","1","0.53","Slovenia","","0","no","9.12","7.76","60.83","2.78","55.81","0.13","6.08","0","0.01","0","7","0.45","14.29","0","0.13","100","0.39","50","3.17","59.18","0.13","0.58","0.13","32.39","78.44","14.42","63.68","4.33","38.81","0.03","0.13","0.19","6.98","57.41","0.97","46.67","0.32","6.92","71.96","","","0","0","","",""
"K. Trdin","Slovenia 1.","Bistrica","LCB","22","150000","2028-06-30","15","1388","0","0.57","0","0","Slovenia","left","189","no","10.05","4.6","69.01","4.93","73.68","0.97","8.63","0","0.04","0","5","0.32","20","0","0.32","20","0.06","100","1.49","56.52","0.39","0.19","0","49.6","81.18","21.2","63","8.56","46.21","0","0","0","6.42","49.49","1.17","16.67","0.26","8.88","58.39","","","0","0","","",""
"K. Mlakar","Slovenia 1.","Beltinci","RAMF, RW, LAMF","22","0","2026-06-30","20","1380","2","3","0","1.05","Slovenia","unknown","0","no","9.33","9.52","62.33","3.72","36.84","0","5","0.13","0.2","0","26","1.7","30.77","7.692","2.02","25.81","3.72","50.88","10.83","38.55","3.13","1.57","0.26","25.83","68.43","8.09","52.42","1.96","43.33","0.07","0","0.26","2.54","58.97","2.54","38.46","1.04","4.76","65.75","","","0","0","","",""
"A. Drljo","Slovenia 1.","Gorica","RW, CF","23","200000","","16","1375","0","2.51","1","1.87","Bosnia and Herzegovina","left","181","no","3.73","3.27","56","2.42","56.76","0.2","2.7","0","0.16","0","34","2.23","29.41","0","3.4","32.69","7.59","63.79","16.1","46.75","2.68","2.75","0.39","21.08","66.15","5.96","54.95","2.81","51.16","0.12","0.07","0.33","3.73","52.63","2.95","44.44","0.65","3.8","74.14","","","0","0","","",""
"D. Stančič","Slovenia 1.","Tabor Sežana","LAMF, CF, AMF","34","50000","","21","1371","4","5.34","0","1.55","Slovenia","right","177","no","4.4","3.87","64.41","4.07","54.84","0.13","2.73","0.26","0.35","0.07","31","2.04","35.48","12.903","2.49","31.58","2.49","71.05","10.11","42.86","3.87","1.38","0.13","22.91","73.64","6.89","64.76","1.71","46.15","0.1","0.13","0.26","2.76","64.29","2.56","38.46","0.53","3.41","75","","","0","0","","",""
"H. Sørensen","Slovenia 1.","Triglav","RB","25","150000","2027-06-30","16","1367","3","0.9","1","2.6","Faroe Islands","right","182","yes","6.58","5.4","71.95","1.19","33.33","0","4.27","0.2","0.06","0","12","0.79","33.33","25","4.02","50.82","2.63","50","5.66","43.02","1.38","2.3","0.13","50.37","80.13","17.38","67.05","6.19","41.49","0.17","0.07","0.79","6.58","64","4.81","60.27","1.32","11.72","79.21","","","0","0","","",""
"R. Škerget","Slovenia 1.","Bistrica","LB","21","0","","16","1365","0","0.32","1","1.27","Slovenia","unknown","0","no","11.14","8.9","66.67","3.16","45.83","0.33","6.74","0","0.02","0","9","0.59","22.22","0","1.71","42.31","2.44","67.57","7.85","50.42","0.33","2.31","0.07","29.47","75.39","11.67","64.41","2.7","51.22","0.08","0","0.2","3.49","69.81","2.04","48.39","0.4","6.73","55.88","","","0","0","","",""
"A. Dukaric","Slovenia 1.","Bistrica","LAMF, LW, RAMF","21","0","","15","1354","3","4.2","4","2.85","Slovenia","","0","no","5.72","4.99","60","2.86","32.56","0.07","3.28","0.2","0.28","0","33","2.19","33.33","9.091","1.46","22.73","3.39","39.22","9.11","38.69","2.73","2.73","0.6","16.75","68.25","4.92","59.46","1","40","0.19","0.2","0.33","1.46","50","1.93","48.28","0.93","3.06","54.35","","","0","0","","",""
"V. Kulenović","Slovenia 1.","Rudar","CF","22","0","2028-06-30","16","1353","7","6.82","2","1.63","Croatia","","0","no","2.73","2.86","51.16","4.32","24.62","0","1.82","0.33","0.45","0","30","2","46.67","23.333","0.93","28.57","2.26","70.59","7.85","46.61","3.92","1.73","0.27","10.84","72.39","2.26","61.76","0.13","0","0.11","0","0.33","0.53","50","0.8","75","0.8","1.53","69.57","","","0","0","","",""
"J. Kovač","Slovenia 1.","Brinje-Grosuplje","CF, RWF","23","0","","19","1351","4","4.84","1","1.71","Slovenia","unknown","0","no","4.13","4.66","48.57","3.93","32.2","0","1.92","0.27","0.32","0.07","28","1.87","35.71","14.286","1.27","31.58","2.33","40","14.92","32.59","3.8","2.33","0.4","12.59","73.02","2.4","69.44","0.2","66.67","0.11","0","0.33","0.8","75","1.27","47.37","0.8","1.07","87.5","","","0","0","","",""
"Ž. Kovačević","Slovenia 1.","Krka","CF, RW","20","0","","23","1350","1","2.99","0","0.59","Slovenia","unknown","0","no","5.53","4.87","46.58","4.93","32.43","0.2","3.84","0.07","0.2","0","26","1.73","34.62","3.846","0.47","28.57","1.93","62.07","7.2","31.48","2.47","1.47","0.2","11.33","72.94","2.2","51.52","0.47","14.29","0.04","0","0.2","1.2","61.11","0.6","44.44","0.33","1.07","37.5","","","0","0","","",""
"T. Mlakar","Slovenia 1.","Krka","LB","31","0","","16","1344","0","0.29","0","0.55","Slovenia","left","177","no","6.96","5.83","51.72","2.54","55.26","0.13","5.6","0","0.02","0","13","0.87","7.69","0","2.41","25","1.54","56.52","4.22","46.03","0.54","1.21","0.4","40.98","74.35","19.08","64.21","7.23","48.15","0.04","0","0.13","7.03","62.86","2.88","34.88","0.47","10.98","70.12","","","0","0","","",""
"F. Rose","Slovenia 1.","Tabor Sežana","CF","21","0","","15","1337","6","7.77","1","1.84","Cyprus","unknown","0","yes","5.05","4.24","61.9","7.54","38.39","0","3.04","0.4","0.52","0.2","42","2.83","57.14","14.286","0.4","0","1.68","52","11.91","28.25","5.18","0.61","0","13.53","73.13","2.22","69.7","0.27","25","0.12","0","0.47","1.21","55.56","0.47","57.14","1.01","1.14","70.59","","","0","0","","",""
"D. Mrezar","Slovenia 1.","Dravinja","GK","30","0","","14","1329","0","0","0","0","Slovenia","right","190","no","3.18","0.34","40","0.27","50","0","3.71","0","0","0","0","0","0","0","0","0","0","0","0.34","80","0","0","0","16.52","74.18","9.75","58.33","7.72","46.49","0","0","0","2.71","42.5","0.14","0","0","4.27","71.43","1.63","4.81","66.2","1.62","-0.04","-0.003","1.08"
"D. Hoti","Slovenia 1.","Dekani","LCMF, LW, RW","20","0","","20","1317","3","1.72","3","1.81","Slovenia","unknown","0","no","7.86","7.24","56.6","3.35","34.69","0.07","4.21","0.21","0.12","0","25","1.71","40","12","1.78","26.92","2.6","50","13.05","29.32","2.6","2.26","0.27","22.69","68.98","8.47","64.52","1.85","18.52","0.12","0","0.27","3.28","52.08","2.26","48.48","0.75","3.62","73.58","","","0","0","","",""
"V. Štefanec","Slovenia 1.","Beltinci","AMF, LAMF","20","0","2026-05-31","22","1307","1","1.77","2","2.36","Slovenia","","0","no","6.95","7.23","58.1","1.86","25.93","0.07","3.59","0.07","0.12","0","17","1.17","47.06","5.882","2.48","36.11","4.54","53.03","13.5","37.76","3.17","2.2","0.34","21.83","67.51","7.3","57.55","1.65","62.5","0.16","0.14","0.69","3.17","52.17","2.62","50","1.17","3.93","77.19","","","0","0","","",""
"L. Baruca","Slovenia 1.","Gorica","AMF, CF, RCMF","23","175000","2027-06-30","20","1306","1","1.92","0","1.41","Slovenia","right","183","no","6.27","5.44","69.62","4.96","38.89","0","3.32","0.07","0.13","0","22","1.52","18.18","4.545","1.24","27.78","5.24","47.37","19.02","39.86","2","2.48","0.07","23.71","72.38","8.27","60","2.55","43.24","0.1","0.69","0.48","4","55.17","3.03","45.45","1.24","4.2","77.05","","","0","0","","",""
"M. Burin","Slovenia 1.","Dekani","DMF, LCB, RCB","25","50000","","16","1300","2","0.95","1","0.12","Slovenia","right","181","no","9.62","7.82","63.72","5.05","54.79","0.28","5.45","0.14","0.07","0.07","17","1.18","29.41","11.765","0.35","0","0.14","50","1.8","46.15","0.76","0.76","0","34.41","77.46","16.82","62.96","7.62","53.64","0.01","0.07","0","8.1","55.56","1.32","36.84","0.48","8.38","78.51","","","0","0","","",""
"A. Urrutia","Slovenia 1.","Ilirija","CF","22","0","","20","1297","5","4.46","0","1.12","Argentina","","0","no","5.07","2.85","65.85","12","39.88","0.28","4.2","0.28","0.31","0.14","32","2.22","50","12.5","0.21","66.67","0.56","37.5","8.74","26.19","4.16","0.28","0","13.95","78.61","2.5","69.44","0.49","28.57","0.08","0.14","0.28","1.8","61.54","0.42","33.33","0.62","1.25","55.56","","","0","0","","",""
"T. Zonta","Slovenia 1.","Dekani","RW, RB, RAMF","26","0","","21","1295","2","0.87","1","0.35","Slovenia","","0","no","9.1","7.16","63.11","3.34","37.5","0.07","5.15","0.14","0.06","0","11","0.76","36.36","18.182","2.43","20","3.61","44.23","7.37","37.74","1.04","1.67","0.28","23.07","56.02","8.9","42.97","4.24","40.98","0.02","0","0.28","4.24","55.74","3.06","34.09","0.76","6.05","62.07","","","0","0","","",""
"N. Fortuna","Slovenia 1.","Dekani","RW, LW, CF","23","150000","","21","1294","2","3.64","0","0.51","Brazil","right","0","no","4.87","3.96","61.4","5.84","46.43","0.07","3.43","0.14","0.25","0","37","2.57","32.43","5.405","1.32","31.58","4.17","51.67","11.2","42.24","3.2","1.18","0.56","16.41","70.76","3.69","62.26","1.11","43.75","0.04","0.07","0.14","1.95","64.29","1.25","38.89","0.56","2.23","65.63","","","0","0","","",""
"M. Špernjak","Slovenia 1.","Bistrica","LCB, RB, RCB","22","0","","20","1292","1","1.78","0","0.53","Slovenia","unknown","0","no","8.99","7.24","66.35","3.69","52.83","0.21","5.18","0.07","0.12","0","3","0.21","100","33.333","0.42","66.67","0.7","50","2.65","44.74","0.56","0.63","0","34.9","76.65","16.79","63.07","7.73","38.74","0.04","0","0.07","5.43","52.56","1.39","60","0.7","8.64","62.9","","","0","0","","",""
"A. Rufati","Slovenia 1.","Gorica","LCB, RCB","27","200000","2026-06-30","16","1289","1","1.3","0","0.03","Croatia","right","183","no","9.98","5.73","59.76","4.4","53.97","0.84","8.02","0.07","0.09","0","6","0.42","66.67","16.667","0.28","0","0.7","60","2.58","43.24","0.7","1.12","0.07","49.85","82.63","22.48","75.16","6.63","49.47","0","0","0","5.66","64.2","1.05","26.67","0.21","11.52","66.06","","","0","0","","",""
"M. Gomizelj","Slovenia 1.","Bilje","LB, RB, RWB","23","0","","22","1288","2","0.29","0","0.27","Slovenia","right","174","no","7.9","6.5","52.69","2.45","45.71","0.35","5.44","0.14","0.02","0","9","0.63","33.33","22.222","2.66","34.21","0.98","42.86","4.61","33.33","0.49","0.7","0","33.82","72.73","11.67","53.89","4.47","46.88","0.02","0.07","0","3.91","46.43","2.66","34.21","0.35","6.99","57","","","0","0","","",""
"R. Kogoi","Slovenia 1.","Bilje","RB, RWB","24","0","","21","1283","0","0.97","0","0.53","Slovenia","unknown","0","no","11.29","9.19","67.18","2.74","48.72","0.42","6.23","0","0.07","0","14","0.98","21.43","0","1.54","31.82","0.63","77.78","3.72","39.62","0.84","0.35","0.07","23.08","63.22","10.59","50.33","4","38.6","0.04","0","0.14","3.44","34.69","1.54","50","0.56","6.03","54.65","","","0","0","","",""
"T. Maksimović","Slovenia 1.","Triglav","LAMF, LW","22","0","2026-05-31","21","1276","4","3.98","2","0.64","Slovenia","right","178","no","5.36","5.01","53.52","2.33","27.27","0","3.5","0.28","0.28","0","30","2.12","36.67","13.333","3.53","16","7.19","58.82","15.45","44.75","5.15","4.51","0.42","28.21","72","6.91","64.29","2.26","46.88","0.04","0.21","0.35","3.17","66.67","3.46","32.65","1.55","3.39","72.92","","","0","0","","",""
"L. Pihler","Slovenia 1.","Nafta","RW, RWF","28","175000","2027-06-30","22","1269","2","3.34","5","3.92","Slovenia","right","0","no","5.53","4.4","61.29","3.4","37.5","0.07","3.73","0.14","0.24","0.07","24","1.7","25","8.333","2.7","31.58","3.62","64.71","10.92","44.16","2.7","1.99","0","29.08","73.66","7.3","58.25","2.48","48.57","0.28","0.14","0.5","3.12","59.09","3.83","44.44","1.21","4.75","73.13","","","0","0","","",""
"L. Bičanić","Slovenia 1.","Krka","CF, LAMF, LWF","21","0","2027-05-31","17","1257","1","1.83","0","0.75","Croatia","unknown","0","no","3.87","3.87","48.15","4.87","22.06","0.07","2.54","0.07","0.13","0","28","2","25","3.571","0.72","60","3.01","57.14","10.24","41.26","3.01","1.5","0.36","13.89","67.01","3.79","56.6","1.43","20","0.05","0","0.36","1.65","34.78","0.86","58.33","0.64","2","60.71","","","0","0","","",""
"L. Jovanović","Slovenia 1.","Dekani","GK","20","0","2027-06-30","13","1237","0","0","0","0","Slovenia","right","0","yes","1.53","0.07","100","0.29","50","0","1.89","0","0","0","0","0","0","0","0","0","0","0","0.07","100","0","0","0","15.86","77.06","11.06","69.08","8.59","61.86","0","0","0","3.42","42.55","0.15","0","0","6.04","79.52","1.53","3.78","59.62","1.16","-5.11","-0.372","1.16"
"B. Drašček","Slovenia 1.","Bilje","GK","27","0","","13","1233","0","0","0","0","Slovenia","","0","no","1.9","0","0","0.22","100","0.07","2.41","0","0","0","0","0","0","0","0","0","0.07","100","0.07","100","0","0","0","12.48","76.61","8.69","70.59","6.42","59.09","0","0","0","1.53","47.62","0","0","0","4.45","72.13","1.39","4.31","67.8","1.45","0.83","0.061","1.61"
"L. Pučnik","Slovenia 1.","Dravinja","CF, LW, LAMF","21","0","2026-06-30","22","1231","5","5.42","0","0.48","Slovenia","right","0","no","5.78","4.46","62.3","7.16","30.61","0.15","3.74","0.37","0.4","0.15","25","1.83","36","20","1.02","42.86","1.02","57.14","8.55","29.91","3","0.44","0","15.72","66.05","3.87","39.62","0.88","50","0.03","0","0.29","2.19","43.33","1.02","42.86","0.29","1.61","72.73","","","0","0","","",""
"B. Adrović","Slovenia 1.","ND Slovan Ljubljana","LW, LAMF","19","0","","20","1229","3","3.62","1","1.8","Slovakia","","0","no","5.86","5.86","53.75","3.22","31.82","0.22","3.89","0.22","0.27","0","35","2.56","40","8.571","1.68","21.74","4.25","50","12.45","31.18","4.39","2.05","0.44","20.8","73.94","6","64.63","2.42","57.58","0.13","0.07","0.37","1.76","62.5","1.76","54.17","1.03","3.08","59.52","","","0","0","","",""
"D. Solakovic","Slovenia 1.","Jesenice","LCB, RCB","22","0","","16","1204","1","0.33","0","0.18","Slovenia","unknown","0","no","10.69","7.48","73","3.06","53.66","0.75","6.68","0.07","0.02","0","3","0.22","33.33","33.333","0.15","0","0.67","44.44","2.77","48.65","0.37","0.75","0","35.13","76.38","16.82","60","8.22","45.45","0.01","0","0","4.86","47.69","1.12","26.67","0.3","8.22","57.27","","","0","0","","",""
"B. Bobarič","Slovenia 1.","Ilirija","LB","23","150000","","13","1203","1","0.68","2","1.78","Bosnia and Herzegovina","left","175","no","12.57","10.4","64.03","3.14","40.48","0.22","7.36","0.07","0.05","0.07","13","0.97","30.77","7.692","4.71","38.1","2.69","44.44","6.73","42.22","1.57","2.02","0.22","38.23","67.91","15.64","57.89","6.88","41.3","0.13","0.22","0.6","5.69","50","4.79","42.19","0.75","9.28","70.97","","","0","0","","",""
"J. Cukjati","Slovenia 1.","Triglav","AMF, RCMF, RW","23","0","","17","1198","4","3.07","1","1.48","Slovenia","unknown","0","no","6.31","7.21","53.13","2.1","35.71","0","3.6","0.3","0.23","0","33","2.48","42.42","12.121","0.75","10","3.91","48.08","12.25","42.94","3.91","2.33","0.15","27.05","80.28","8.34","69.37","1.28","41.18","0.11","0.23","0.53","3.16","73.81","1.73","39.13","0.83","3.53","72.34","","","0","0","","",""
"M. Furlan","Slovenia 1.","Bilje","RCB","21","0","","15","1192","2","1.54","0","0","Slovenia","right","0","no","7.17","5.59","55.41","1.89","52","0.15","4.38","0.15","0.12","0.08","5","0.38","40","40","0.3","25","0.15","50","1.59","38.1","0.83","0.68","0.08","32.24","75.64","15.25","61.88","6.49","40.7","0","0","0","4.61","47.54","0.53","28.57","0.23","7.4","51.02","","","0","0","","",""
"B. Brglez","Slovenia 1.","Dravinja","RCMF, RDMF, LW","20","0","","17","1187","0","1.6","1","1.14","Slovenia","","188","no","8.8","7.89","57.69","4.85","35.94","0.23","4.88","0","0.12","0","12","0.91","25","0","0.23","33.33","1.9","60","7.81","47.57","1.82","0.68","0.08","20.93","54.71","10.46","47.83","3.18","26.19","0.09","0.15","0.23","6.29","42.17","1.36","27.78","0.68","4.7","61.29","","","0","0","","",""
"M. Nukić","Slovenia 1.","ND Slovan Ljubljana","CF, AMF","35","50000","","16","1183","0","1.28","0","1.4","Slovenia","left","187","no","4.03","2.89","47.37","5.93","42.31","0","3.71","0","0.1","0","15","1.14","20","0","3.58","44.68","3.35","40.91","9.51","39.2","1.6","1.67","0.3","23.13","69.74","7.23","58.95","3.12","46.34","0.11","0.23","0.53","4.11","59.26","4.49","55.93","1.22","5.17","89.71","","","0","0","","",""
"N. Keresztes","Slovenia 1.","Nafta","LCMF, RCMF","21","150000","2029-06-30","17","1175","5","1.53","2","2.15","Hungary","right","183","no","6.82","6.28","58.54","3.29","41.86","0.46","3.94","0.38","0.12","0","25","1.91","36","20","2.3","30","2.83","45.95","10.19","44.36","2.3","1.53","0.15","27.5","74.65","9.04","71.19","1.69","36.36","0.16","0","0.54","3.75","75.51","2.22","55.17","1","4.67","72.13","","","0","0","","",""
"R. Kodarin","Slovenia 1.","Dekani","LB, LCB","21","0","","14","1170","1","0.13","0","0.11","Slovenia","unknown","0","no","8.69","6.23","55.56","2","69.23","0.31","6","0.08","0.01","0","1","0.08","100","100","1.23","31.25","0.54","42.86","3.23","35.71","0.15","0.54","0","29.85","66.49","16.46","58.88","7","42.86","0.01","0","0","7.46","48.45","2.08","25.93","0.23","8.85","63.48","","","0","0","","",""
"G. Gorenak","Slovenia 1.","Rudar","CF, AMF, LDMF","22","200000","2026-06-30","17","1161","2","2.43","2","2.38","Slovenia","right","180","yes","5.81","5.27","47.06","1.86","33.33","0.08","3.23","0","0.19","0","12","0.93","33.33","16.667","1.71","22.73","2.95","42.11","11.01","35.21","1.86","1.55","0.23","31.32","74.5","11.24","66.9","3.1","37.5","0.18","0.31","0.39","4.96","60.94","2.4","32.26","0.47","5.58","72.22","","","0","0","","",""
"J. Zrnec","Slovenia 1.","Brinje-Grosuplje","GK","19","0","","12","1142","0","0","0","0","Slovenia","unknown","0","no","1.42","0.08","100","0.39","60","0","2.37","0","0","0","0","0","0","0","0","0","0.08","100","0.39","80","0","0","0","29.87","88.65","16.08","80.88","8.35","66.98","0","0","0","1.81","43.48","0.08","100","0.08","6.15","73.08","0.95","3.55","73.33","1.17","2.88","0.227","1.34"
"D. Ikenna","Slovenia 1.","Beltinci","LAMF, LW, RAMF","21","0","2027-12-31","15","1140","2","4.14","4","4.1","Nigeria","right","0","no","5.37","4.66","67.8","2.45","45.16","0.16","2.99","0.16","0.33","0.08","39","3.08","25.64","5.128","4.11","28.85","6.87","68.97","15.79","49","4.5","3.55","0.32","23.53","62.08","8.21","55.77","2.21","42.86","0.32","0.47","0.95","3.39","34.88","4.42","46.43","1.5","4.74","83.33","","","0","0","","",""
"Ž. Trivunčević","Slovenia 1.","ND Slovan Ljubljana","GK","19","0","","12","1137","0","0","1","0.15","Slovenia","right","0","no","2.22","0","0","0.63","75","0","3.23","0","0","0","0","0","0","0","0","0","0","0","0.16","50","0","0","0","23.27","85.71","12.35","79.49","8.31","65.71","0.01","0","0.08","1.42","38.89","0.24","0","0","5.86","74.32","1.58","4.35","63.64","1.49","-1.15","-0.091","1.58"
"D. Brboric","Slovenia 1.","Dekani","DMF, RCMF","24","0","","16","1128","0","0.41","0","0.4","Serbia","unknown","0","no","9.26","7.1","61.8","5.59","57.14","0.72","6.04","0","0.03","0","8","0.64","0","0","0.16","50","0.56","71.43","3.35","42.86","0.88","0.32","0","25.69","78.26","11.81","65.54","5.19","53.85","0.03","0","0","6.06","65.79","0.8","20","0.4","5.27","78.79","","","0","0","","",""
"J. Zupan","Slovenia 1.","Krško","LW, LCMF, LAMF","21","0","","20","1125","2","1.32","1","0.06","Slovenia","unknown","0","no","6.8","7.92","56.57","1.92","37.5","0.08","2.14","0.16","0.11","0","17","1.36","35.29","11.765","1.44","16.67","1.76","50","6.32","53.16","1.12","1.04","0.16","22.72","67.96","6.72","54.76","2.8","40","0","0","0","3.44","62.79","1.6","30","0.4","4.16","65.38","","","0","0","","",""
"A. Miklič","Slovenia 1.","ND Slovan Ljubljana","RCB, LCB","21","0","","15","1120","0","0.41","0","0.16","Slovenia","unknown","0","no","10.21","6.03","76","2.97","48.65","0.64","7.53","0","0.03","0","3","0.24","0","0","0.08","100","0.24","66.67","1.69","42.86","0.56","1.21","0","43.23","83.83","18","70.98","6.35","59.49","0.01","0","0.08","5.22","73.85","0.48","50","0.16","9.24","63.48","","","0","0","","",""
"T. Benedičič Bizjak","Slovenia 1.","ND Slovan Ljubljana","RB","20","0","","14","1117","0","0.21","0","0.02","Slovakia","unknown","0","no","10.39","7.33","63.74","2.58","50","0.24","7.88","0","0.02","0","7","0.56","28.57","0","3.38","14.29","2.26","53.57","5","40.32","1.05","2.5","0.48","36.02","68.46","14.5","57.22","5.56","42.03","0","0","0.24","4.43","60","2.66","12.12","0.08","7.41","54.35","","","0","0","","",""
"M. Rorič","Slovenia 1.","Brinje-Grosuplje","LCMF, RCMF, DMF","26","75000","","15","1114","1","0.41","0","0.8","Slovenia","left","179","no","9.37","6.62","71.95","3.55","54.55","0.32","5.86","0.08","0.03","0.08","3","0.24","33.33","33.333","0.89","27.27","0.97","91.67","4.44","54.55","0.48","0.48","0","42.41","87.05","11.47","71.83","2.42","40","0.06","0","0.16","4.93","68.85","0.81","10","0.16","4.04","76","","","0","0","","",""
"T. Črešnar","Slovenia 1.","Dravinja","LB","20","0","","14","1112","0","0.2","1","1.15","Slovakia","","0","no","10.6","9.47","52.14","3.32","56.1","0.16","5.88","0","0.02","0","9","0.73","11.11","0","3.08","26.32","2.91","52.78","5.91","38.36","0.65","1.46","0","30.51","57.82","18.78","54.31","5.5","26.47","0.09","0","0.24","6.56","44.44","3.4","30.95","0.49","10.04","64.52","","","0","0","","",""
"A. Ahmetaj","Slovenia 1.","Gorica","LCMF, DMF, RDMF","26","200000","2026-06-30","13","1104","2","1.3","0","0.25","Italy","both","180","no","8.97","10.11","55.65","3.51","34.88","0.41","4.71","0.16","0.11","0","13","1.06","30.77","15.385","0.57","28.57","0.65","75","5.95","35.62","0.73","0.73","0.08","37.5","81.74","12.23","62","4.81","47.46","0.02","0.08","0.08","6.36","64.1","1.3","25","0.16","5.46","70.15","","","0","0","","",""
"K. Kozar","Slovenia 1.","Bilje","CF, RWF","17","0","","20","1099","0","4.69","0","0.47","Slovenia","unknown","0","no","3.93","3.19","74.36","6.06","40.54","0.08","1.78","0","0.38","0","24","1.97","50","0","0.08","0","0.82","30","5.57","26.47","3.44","0.33","0.08","17.93","75.8","2.62","43.75","0.9","54.55","0.04","0","0.08","0.98","66.67","0.9","63.64","0.66","1.47","38.89","","","0","0","","",""
"N. Neychev","Slovenia 1.","Tabor Sežana","LB, LCB","21","0","2028-06-30","14","1097","0","1.01","1","1.44","Bulgaria","","0","no","9.6","6.73","62.2","4.27","59.62","0.74","8.03","0","0.08","0","8","0.66","37.5","0","0.98","41.67","0.74","77.78","2.79","50","0.74","1.97","0.16","50.7","80.74","25.19","70.36","9.27","43.36","0.12","0.08","0.08","9.52","53.45","2.13","23.08","0.33","12.47","73.03","","","0","0","","",""
"D. Vadnov","Slovenia 1.","Dekani","RCB","23","0","","12","1097","1","0.61","0","0","Croatia","unknown","0","no","9.76","4.35","69.81","3.94","41.67","0.66","8.01","0.08","0.05","0","5","0.41","20","20","0","0","0.08","100","1.23","40","0.49","0.49","0","38.97","83.37","17.89","71.56","7.22","52.27","0","0","0","4.68","54.39","0.49","0","0","8.37","59.8","","","0","0","","",""
"T. Vendramin","Slovenia 1.","Gorica","RB","22","0","","15","1096","0","0","0","0.22","Slovenia","right","0","no","10.92","8.05","73.47","2.14","65.38","0.16","5.94","0","0","0","0","0","0","0","1.89","17.39","1.56","63.16","5.26","42.19","0.25","1.23","0.16","33.01","76.87","15.6","75.79","3.78","43.48","0.02","0.08","0","5.99","67.12","2.22","33.33","0.49","7.72","72.34","","","0","0","","",""
"A. Jašaragič","Slovenia 1.","Nafta","LW, LAMF, LWF","26","50000","2027-06-30","21","1087","3","3.46","5","2.9","Slovenia","right","178","no","6.71","6.87","56.63","1.99","37.5","0.08","3.45","0.25","0.29","0.08","25","2.07","48","12","2.48","33.33","5.46","51.52","12.34","38.26","4.06","3.48","0.33","26.25","77.92","5.8","77.14","1.82","59.09","0.24","0.08","0.83","1.49","55.56","3.39","65.85","2.4","4.22","78.43","","","0","0","","",""
"N. Ngobese","Slovenia 1.","Jesenice","LAMF, RCMF, RAMF","","0","","17","1085","0","1.01","1","1.11","Slovenia","","0","no","9.04","8.05","64.95","2.99","19.44","0.17","4.56","0","0.08","0","9","0.75","55.56","0","1.66","25","2.16","53.85","7.05","41.18","1.91","1.49","0.08","23.23","72.14","7.22","64.37","2.16","34.62","0.09","0.17","0.33","2.65","68.75","1.58","47.37","0.66","4.73","59.65","","","0","0","","",""
"B. Kovačević","Slovenia 1.","Bilje","CF, LWF","22","0","","15","1078","2","3.45","2","1.39","Croatia","","0","no","5.34","6.35","55.26","4.84","27.59","0.08","2.19","0.17","0.29","0","30","2.5","43.33","6.667","0.92","27.27","2.92","51.43","12.94","29.68","3.84","1.84","0.08","28.47","80.94","4.93","61.02","1.34","37.5","0.12","0","0.33","1.84","68.18","1.5","50","0.92","2","62.5","","","0","0","","",""
"N. Čenčič","Slovenia 1.","Triglav","LCB","19","0","","14","1075","0","0.06","0","0.03","Slovenia","unknown","0","no","7.87","5.11","73.77","1.84","59.09","0.84","6.24","0","0.01","0","4","0.33","0","0","0.67","50","0.84","60","2.18","46.15","0.33","1.67","0","55.26","85.45","24.28","76.21","11.47","61.31","0","0","0.08","8.79","62.86","1.34","43.75","0.33","10.8","69.77","","","0","0","","",""
"T. Ladan","Slovenia 1.","Tabor Sežana","RCMF, RDMF, DMF","20","0","","14","1074","1","0.67","0","0.41","Croatia","right","0","no","9.39","8.46","64.36","2.85","52.94","0.42","4.1","0.08","0.06","0","6","0.5","50","16.667","0.84","10","1.42","64.71","5.61","46.27","1.26","2.01","0.42","35.03","75.36","11.23","61.94","4.02","43.75","0.03","0.08","0.08","5.28","53.97","1.76","28.57","0.59","4.78","68.42","","","0","0","","",""
"A. Puskar","Slovenia 1.","ND Slovan Ljubljana","RCMF, LCMF, RDMF","27","0","","16","1072","1","1.68","0","1.26","Slovenia","unknown","0","no","7.14","7.47","55.06","1.76","14.29","0.34","4.07","0","0.14","0","13","1.09","15.38","7.692","1.18","28.57","0.67","75","3.61","37.21","0.25","1.51","0.17","52.05","83.23","16.37","69.74","5.79","56.52","0.11","0","0.34","9.24","69.09","2.27","37.04","0.34","7.64","78.02","","","0","0","","",""
"G. Bacan","Slovenia 1.","Krško","RB","19","0","","18","1070","0","0","1","1.24","Croatia","","0","no","11.44","10.51","60.8","0.84","40","0.08","5.33","0","0","0","1","0.08","0","0","3.2","34.21","3.28","53.85","7.4","43.18","0.84","2.02","0.17","27.17","66.56","9.76","57.76","2.94","34.29","0.1","0","0.08","3.53","38.1","2.86","32.35","0.17","6.06","50","","","0","0","","",""
"N. Salisu","Slovenia 1.","Gorica","LAMF, RAMF, RW","19","0","","20","1067","3","2.89","2","1.59","Nigeria","","0","no","5.06","5.74","48.53","4.13","24.49","0.17","3.01","0.25","0.24","0.08","23","1.94","39.13","13.043","1.94","47.83","2.53","66.67","9.78","40.52","4.81","1.6","0.51","23.2","74.91","4.89","65.52","2.28","40.74","0.13","0","0.51","1.77","52.38","2.36","53.57","0.84","3.46","58.54","","","0","0","","",""
"S. Matjaž","Slovenia 1.","Brinje-Grosuplje","LCB, LB","21","100000","2026-06-30","13","1053","6","1.43","0","0.44","Slovenia","left","190","no","9.06","7.52","67.05","4.53","52.83","0.68","6.17","0.51","0.12","0.51","9","0.77","66.67","66.667","1.62","42.11","0.85","100","2.74","46.88","1.37","1.79","0.17","52.39","80.1","23.76","70.5","8.12","44.21","0.04","0","0.17","8.63","53.47","1.71","35","0.17","9.83","66.96","","","0","0","","",""
"J. Ribič","Slovenia 1.","Rudar","GK","25","0","","11","1040","0","0","0","0","Slovenia","right","195","no","1.47","0.17","0","0.69","100","0.09","2.06","0","0","0","0","0","0","0","0","0","0","0","0.09","100","0","0","0","12.98","72.67","7.79","61.11","4.85","39.29","0","0","0","1.56","38.89","0.17","0","0.09","2.86","57.58","1.47","4.67","68.52","1.69","2.51","0.217","2.34"
"O. Casagrande","Slovenia 1.","Jesenice","GK","18","0","","11","1037","0","0","0","0","Slovenia","unknown","0","no","1.48","0","0","0.43","100","0","1.94","0","0","0","0","0","0","0","0","0","0","0","0","0","0","0","0","19.87","79.04","11.2","65.89","8.51","55.1","0","0","0","2.17","24","0.43","0","0","5.38","61.29","1.74","5.38","67.74","2.11","4.28","0.371","1.13"
"D. Tiganj","Slovenia 1.","Rudar","GK","23","0","","11","1037","0","0","0","0","Slovenia","right","195","no","2.69","0.17","100","0.69","75","0","3.37","0","0","0","0","0","0","0","0","0","0","0","0.26","100","0","0","0","22.83","84.79","12.24","79.43","8.51","66.33","0","0","0","1.91","45.45","0.17","0","0","6.6","72.37","2.34","6.42","63.51","2.09","-2.94","-0.255","2.86"
"M. Samardžić","Slovenia 1.","Jesenice","RCB","39","0","","12","1035","1","0.4","0","0.03","Slovenia","right","187","no","9.48","4.35","70","2.78","53.13","1.22","8.09","0.09","0.03","0.09","5","0.43","40","20","0.17","50","0","0","1.65","63.16","0.43","0.35","0","32.17","85.14","13.3","76.47","7.04","60.49","0","0","0","3.74","72.09","0.7","37.5","0.17","6.52","64","","","0","0","","",""
"A. Ndoye","Slovenia 1.","Krško","CF","25","0","","16","1035","2","3.61","1","0.38","Senegal","unknown","0","no","5.04","3.48","55","15.57","50.84","0.17","3","0.17","0.31","0","20","1.74","50","10","1.22","21.43","2.43","60.71","11.48","37.88","1.91","1.3","0.09","16.09","57.84","4.7","44.44","0.87","50","0.03","0.35","0.17","2.26","38.46","1.48","35.29","0.43","2.43","46.43","","","0","0","","",""
"A. Zlatkov","Slovenia 1.","Brinje-Grosuplje","RCMF, DMF, LCMF","24","125000","","11","1034","1","0.38","1","0.47","Slovenia","right","183","no","7.57","6.09","65.71","3.48","47.5","0.17","5.41","0.09","0.03","0","6","0.52","33.33","16.667","0.26","100","0.26","33.33","3.57","43.9","0.44","0.96","0.09","48.31","91.53","14.54","83.83","2.7","58.06","0.04","0.09","0.17","7.49","79.07","1.48","52.94","0.35","7.31","84.52","","","0","0","","",""
"U. Trobec","Slovenia 1.","Tabor Sežana","GK","21","0","","11","1034","0","0","0","0","Slovenia","right","185","no","2.61","0","0","0.44","60","0","4.29","0","0","0","0","0","0","0","0","0","0","0","0.09","100","0","0","0","23.15","86.47","12.36","77.46","8.18","62.77","0","0","0","1.22","57.14","0","0","0","5.74","66.67","0.87","2.87","69.7","0.72","-1.68","-0.146","1.22"
"Henrique Caivano","Slovenia 1.","Krško","RCMF, LCMF","24","0","","14","1020","2","0.84","1","1.1","Brazil","right","0","no","10.41","8.38","52.63","1.94","36.36","0.71","5.45","0.18","0.07","0","13","1.15","23.08","15.385","0.62","14.29","0.88","70","3.97","48.89","0.71","0.88","0.09","30.79","77.08","12.44","65.96","5.74","56.92","0.1","0.18","0.26","6.53","64.86","1.76","40","0.79","7.76","72.73","","","0","0","","",""
"N. Doplihar","Slovenia 1.","Bilje","DMF, LCMF, RCMF","32","0","","18","1013","0","0.26","0","0.48","Slovenia","right","0","no","8.08","7.29","62.2","1.78","50","0.09","3.99","0","0.02","0","3","0.27","33.33","0","0.09","100","0.09","0","3.73","40.48","0.27","0.44","0","35.8","83.13","11.73","66.67","4.09","45.65","0.04","0.09","0.27","5.51","64.52","0.62","42.86","0.18","4.8","75.93","","","0","0","","",""
"T. Goga","Slovenia 1.","Gorica","RCMF, RDMF, LAMF","18","0","","18","1004","0","0.44","0","0.36","Slovenia","unknown","0","no","7.17","6.36","61.97","2.24","28","0.27","3.6","0","0.04","0","14","1.25","14.29","0","1.88","19.05","2.42","59.26","7.71","51.16","1.08","1.17","0.27","22.5","61.75","8.34","46.24","2.24","32","0.03","0","0","3.68","51.22","1.61","33.33","0.36","4.03","46.67","","","0","0","","",""
"M. Ogwuche","Slovenia 1.","Nafta","RCMF","21","0","","17","1002","1","0.48","1","0.07","Nigeria","unknown","185","no","10.51","8.62","67.71","2.87","50","0.54","5.69","0.09","0.04","0","6","0.54","50","16.667","2.16","16.67","0.45","40","4.94","32.73","1.08","0.9","0","27.31","77.63","6.74","64","1.8","45","0.01","0","0.09","2.78","58.06","1.98","31.82","0.36","3.05","64.71","","","0","0","","",""
"R. Mavra","Slovenia 1.","Jesenice","LW, LAMF, LCMF","20","0","","18","996","3","1.33","0","0.37","Slovenia","unknown","0","no","9.49","8.31","67.39","3.52","30.77","0.09","3.76","0.27","0.12","0","19","1.72","42.11","15.789","0.81","11.11","3.07","44.12","9.67","33.64","1.08","1.45","0.18","22.41","69.76","7.14","59.49","2.44","25.93","0.03","0","0.09","2.8","48.39","1.27","42.86","0.36","4.25","61.7","","","0","0","","",""
"A. Borovnik","Slovenia 1.","Bistrica","RB, RAMF","23","0","","12","987","1","0.91","1","1.04","Slovenia","right","0","no","10.76","9.94","66.06","3.74","39.02","0.09","5.48","0.09","0.08","0","8","0.73","25","12.5","3.19","37.14","3.1","73.53","6.2","61.76","1.73","1.55","0.27","30","67.78","14.04","59.09","2.92","40.63","0.1","0.09","0.36","4.83","45.28","2.64","41.38","0.64","6.66","61.64","","","0","0","","",""
"M. Koprivc","Slovenia 1.","Dravinja","CF","22","0","","14","983","5","3.73","2","0.89","Slovenia","unknown","0","no","2.75","1.46","56.25","6.23","22.06","0.27","2.13","0.46","0.34","0","13","1.19","69.23","38.462","0.82","33.33","0.73","50","5.77","28.57","2.84","0.64","0","14.83","65.43","3.85","59.52","1.37","20","0.08","0.09","0.37","1.74","42.11","0.27","100","0.55","1.37","80","","","0","0","","",""
"E. Velić","Slovenia 1.","Jesenice","AMF, LB","26","0","","16","978","0","0.07","3","0.45","Slovenia","left","0","no","9.2","8.93","61.86","3.68","25","0.09","4.36","0","0.01","0","3","0.28","33.33","0","1.93","28.57","2.3","68","9.57","48.08","0.74","0.64","0","33.04","71.31","11.96","55.38","4.79","42.31","0.04","0.28","0.37","6.17","44.78","2.12","43.48","0.28","5.89","65.63","","","0","0","","",""
"T. Kavčič","Slovenia 1.","Bilje","LCB, CB, RCB","32","0","","12","974","1","0.81","0","0.02","Slovenia","right","185","no","8.13","4.8","63.46","3.88","50","1.29","6.11","0.09","0.08","0.09","6","0.55","33.33","16.667","0","0","0.09","0","0.74","37.5","0.83","0.37","0","34.65","81.87","15.62","68.64","7.58","48.78","0","0","0","3.7","57.5","0.55","33.33","0.28","7.11","64.94","","","0","0","","",""
"S. Radosavljević","Slovenia 1.","Triglav","RCB","19","0","","13","973","0","0.45","0","0.03","Slovenia","unknown","0","no","7.77","5.55","68.33","3.05","75.76","0.74","5.97","0","0.04","0","6","0.55","16.67","0","0.46","0","0.28","66.67","1.11","50","0.83","1.2","0.09","55.5","86","26.45","80.77","7.77","60.71","0","0","0","8.69","80.85","1.11","33.33","0.37","13.78","75.84","","","0","0","","",""
"D. Drk","Slovenia 1.","Beltinci","AMF, LCMF","25","0","","19","972","5","3.55","1","1.75","Croatia","right","0","no","6.76","6.76","47.95","2.78","56.67","0.28","4.9","0.46","0.33","0","23","2.13","39.13","21.739","1.3","21.43","2.31","68","8.06","41.38","2.59","1.11","0.09","32.78","77.4","9.91","62.62","3.43","35.14","0.16","0.09","0.28","5.46","59.32","1.76","63.16","0.74","5.37","68.97","","","0","0","","",""
"M. Žlibanović","Slovenia 1.","Ilirija","RB","21","0","2026-06-30","12","969","0","0.16","0","1.62","Croatia","right","180","no","8.73","9.2","65.66","2.79","40","0.09","3.68","0","0.01","0","5","0.46","40","0","4.27","39.13","1.3","78.57","4.92","60.38","0.46","1.49","0.46","34.55","71.51","14.02","63.58","4.55","57.14","0.15","0.09","0.65","6.32","64.71","3.99","44.19","0.28","9.38","72.28","","","0","0","","",""
"S. Kladar","Slovenia 1.","Bilje","CB, LCB","32","0","","11","955","1","1.55","1","0.02","Bosnia and Herzegovina","right","202","no","12.06","3.49","70.27","7.73","75.61","1.32","11.51","0.09","0.15","0.09","13","1.23","30.77","7.692","0.38","50","0.19","0","1.13","25","1.13","0.85","0","36.94","77.04","18.09","64.58","7.63","39.51","0","0","0.09","5.56","40.68","1.32","42.86","0.38","8.39","58.43","","","0","0","","",""
"D. Justinek","Slovenia 1.","Ilirija","LAMF, LW, AMF","22","0","","18","954","1","3.69","1","0.25","Slovenia","right","0","no","8.21","7.74","62.2","3.4","41.67","0","4.25","0.09","0.35","0","24","2.26","20.83","4.167","1.51","25","6.51","56.52","16.04","38.82","3.4","3.21","0.38","25.19","73.03","7.08","68","2.26","37.5","0.02","0.09","0.28","2.45","61.54","2.08","45.45","0.94","2.74","68.97","","","0","0","","",""
"N. Klašnja","Slovenia 1.","Brinje-Grosuplje","LCB, RCB, RB","21","0","","14","952","0","0.09","0","0.05","Slovenia","right","183","no","5.77","4.63","46.94","4.92","53.85","0.28","6.32","0","0.01","0","1","0.09","0","0","0","0","0.09","100","2.08","59.09","0","0.57","0","53.41","90.97","20.51","80.65","4.07","46.51","0.01","0","0","6.52","69.57","0.47","40","0.28","7.37","85.9","","","0","0","","",""
"A. Kmetic","Slovenia 1.","Ilirija","CF, AMF","26","0","","14","951","3","4.79","1","1.32","Slovenia","unknown","0","no","6.53","5.96","65.08","5.87","38.71","0.19","3.42","0.28","0.45","0","40","3.79","40","7.5","1.7","38.89","5.39","35.09","15.9","30.95","6.25","2.27","0.38","28.86","73.11","9.27","60.2","1.89","50","0.13","0.38","0.47","4.07","62.79","2.65","42.86","1.61","3.6","73.68","","","0","0","","",""
"M. Oršolić","Slovenia 1.","Jesenice","LCB","28","50000","2026-06-30","10","943","1","1.19","0","0.37","Croatia","right","190","no","13.46","7.35","70.13","5.25","58.18","0.76","9.75","0.1","0.11","0","5","0.48","20","20","0.1","0","0.19","50","2.1","54.55","0.95","0.76","0.29","43.04","79.38","20.42","67.29","9.35","52.04","0.04","0","0","5.44","57.89","0.48","0","0.29","9.26","55.67","","","0","0","","",""
"T. Štricelj","Slovenia 1.","Ilirija","LDMF, LCMF, DMF","21","0","","16","925","0","0.12","0","0.86","Slovenia","right","0","no","9.73","8.66","58.43","2.34","50","0.19","6.7","0","0.01","0","5","0.49","0","0","0.88","22.22","0.58","66.67","4.09","40.48","0.29","0.58","0.1","52.54","79.26","18.39","62.43","7.59","48.72","0.08","0.1","0.29","9.83","63.37","2.53","46.15","0.97","9.34","69.79","","","0","0","","",""
"L. Hribar","Slovenia 1.","Ilirija","RB, LB, RW","20","0","","10","924","0","0.5","0","0.07","Slovenia","right","0","no","9.35","6.33","63.08","1.66","35.29","0.1","6.94","0","0.05","0","7","0.68","14.29","0","2.14","22.73","1.46","60","4.77","34.69","0.68","1.36","0.19","38.28","70.99","15.68","56.52","5.36","38.18","0.01","0.19","0.1","4.97","50.98","2.24","30.43","0.39","9.45","48.45","","","0","0","","",""
"Ž. Napotnik","Slovenia 1.","Dravinja","RDMF, LCB","30","0","","16","923","0","1.11","0","0","Slovenia","","0","no","9.26","8.58","60.23","4.88","50","0.29","5.04","0","0.11","0","5","0.49","40","0","0.59","33.33","0","0","4.49","28.26","0.68","0.49","0","26.62","76.19","11.8","61.16","3.61","54.05","0","0","0","5.07","73.08","0.78","12.5","0","5.36","58.18","","","0","0","","",""
"A. Ahmetaj","Slovenia 1.","Jesenice","RAMF, RW, LAMF","23","0","","20","922","1","0.5","3","1.53","Slovenia","right","177","no","7.91","7.71","55.7","3.12","28.13","0.1","4.1","0.1","0.05","0","11","1.07","45.45","9.091","1.46","20","2.73","53.57","8.3","34.12","1.37","1.85","0.1","14.45","68.24","4.78","55.1","1.17","25","0.15","0.1","0.1","1.66","41.18","2.15","27.27","0.39","1.85","57.89","","","0","0","","",""
"M. Abdul Samed","Slovenia 1.","Dekani","LCMF, DMF","20","0","2026-06-30","14","916","2","1.59","0","0.06","Ghana","","0","yes","10.02","6.78","69.57","4.22","65.12","0.2","6.99","0.2","0.16","0","14","1.38","28.57","14.286","0.2","50","0.88","88.89","3.73","63.16","1.47","0.49","0.1","26.82","76.19","9.04","58.7","3.34","44.12","0.01","0.1","0","4.91","54","1.57","37.5","0.69","4.22","62.79","","","0","0","","",""
"M. Rantaša","Slovenia 1.","Beltinci","RW, RB, LB","24","0","2026-06-30","12","910","2","1.12","3","1.36","Slovenia","unknown","0","no","9.3","5.24","73.58","3.96","57.5","0.4","7.97","0.2","0.11","0","9","0.89","44.44","22.222","3.66","27.03","1.78","77.78","5.44","47.27","2.37","1.09","0.3","32.54","65.65","12.96","56.49","4.35","31.82","0.13","0","0.79","4.35","59.09","3.56","36.11","1.09","7.42","62.67","","","0","0","","",""
"B. Župan","Slovenia 1.","Krka","LB","25","125000","2026-05-31","16","898","0","0.01","0","0.83","Croatia","","0","no","9.82","7.82","51.28","1.9","42.11","0.3","6.88","0","0","0","2","0.2","0","0","5.51","49.09","2","35","3.91","38.46","0.5","1.6","0.6","40.19","68.83","19.84","62.12","9.42","50","0.08","0","0.4","7.52","57.33","5.01","52","0.3","13.73","71.53","","","0","0","","",""
"M. Dimic","Slovenia 1.","ND Slovan Ljubljana","LCB, DMF","20","0","","12","894","0","0.74","0","0.14","Slovenia","unknown","0","no","10.57","5.44","64.81","4.23","54.76","1.71","9.71","0","0.07","0","4","0.4","0","0","0","0","0.2","100","0.91","66.67","0.6","1.31","0","49.53","85.98","19.03","74.6","7.55","56","0.01","0","0.1","5.23","65.38","0.91","33.33","0.3","9.66","67.71","","","0","0","","",""
"T. Kujović","Slovenia 1.","ND Slovan Ljubljana","RW, LW, LAMF","21","0","","21","889","2","1.19","1","0.86","Slovenia","","0","no","7.09","5.16","66.67","1.21","16.67","0.2","4.91","0.2","0.12","0","19","1.92","36.84","10.526","1.82","38.89","4.66","50","10.93","43.52","2.23","2.33","0.2","19.13","67.72","5.87","55.17","1.72","52.94","0.09","0.4","0.4","1.82","50","2.02","35","0.4","3.75","70.27","","","0","0","","",""
"D. Iskrić","Slovenia 1.","Krka","RAMF, RW","21","0","","15","879","1","0.93","0","1.52","Croatia","unknown","0","no","6.96","5.94","63.79","4.4","37.21","0","3.64","0.1","0.1","0","13","1.33","30.77","7.692","2.46","54.17","3.99","43.59","8.7","37.65","2.25","0.92","0","18.84","72.28","5.94","53.45","2.05","25","0.16","0","0.61","2.15","52.38","2.15","52.38","0.51","3.89","68.42","","","0","0","","",""
"I. Čurković","Slovenia 1.","Jesenice","LB","20","0","","12","877","0","0.01","0","0.82","Croatia","","0","no","12.62","9.95","57.73","2.77","33.33","0.62","8.43","0","0","0","2","0.21","0","0","2.26","18.18","1.13","72.73","4.21","43.9","0","1.33","0.21","33.45","70.25","14.57","61.97","6.47","47.62","0.08","0","0.1","4.52","56.82","2.87","35.71","0.62","8.52","65.06","","","0","0","","",""
"Andraž Kolar","Slovenia 1.","Dravinja","LW, LDMF, LAMF","29","0","","15","875","0","1.01","2","0.57","Slovenia","","0","no","6.99","3.91","57.89","5.25","47.06","0.41","6.28","0","0.1","0","11","1.13","9.09","0","1.34","23.08","3.09","60","8.33","37.04","2.37","1.85","0","30.65","75.5","8.74","65.88","2.26","63.64","0.06","0","0.31","3.81","64.86","1.85","44.44","0.82","5.25","70.59","","","0","0","","",""
"R. Maher","Slovenia 1.","Brinje-Grosuplje","RCB, LCMF","24","100000","2026-05-31","11","875","2","0.93","1","0.25","Slovenia","right","185","no","7.1","4.22","70.73","3.39","48.48","0.31","6.48","0.21","0.1","0.1","6","0.62","50","33.333","0.51","20","1.44","50","5.86","42.11","0.82","0.93","0","51.84","87.3","16.05","76.92","4.53","59.09","0.03","0.21","0.1","5.76","75","1.03","50","0.72","6.48","68.25","","","0","0","","",""
"Ž. Benedičič","Slovenia 1.","Triglav","LCB, DMF, LDMF","30","225000","","13","874","1","0.53","0","0.07","Slovenia","left","187","no","7.21","4.43","51.16","4.53","65.91","0.1","7.37","0.1","0.05","0.1","7","0.72","42.86","14.286","0.41","25","0.31","66.67","1.96","42.11","0.72","0.82","0","54.27","85.58","18.43","70.95","8.75","60","0.01","0.1","0","7.83","72.37","1.44","64.29","0.82","9.99","71.13","","","0","0","","",""
"A. Krefl","Slovenia 1.","Rudar","LB, AMF, RCMF","32","100000","2026-06-30","11","871","5","2.64","1","1.11","Slovenia","left","173","no","8.16","6.2","55","1.55","33.33","0.21","6.54","0.31","0.27","0","16","1.65","43.75","31.25","0.72","28.57","1.55","26.67","8.58","37.35","0.52","0.41","0","50.11","78.97","16.53","63.13","4.55","43.18","0.11","0","0.21","7.75","68","1.96","21.05","0.41","7.85","57.89","","","0","0","","",""
"R. Frešer","Slovenia 1.","Bistrica","AMF, LCMF, CF","25","50000","","16","870","2","2.82","2","1.02","Slovenia","right","185","no","9.62","8.17","68.35","1.86","38.89","0.1","4.64","0.21","0.29","0","18","1.86","55.56","11.111","1.86","22.22","1.45","35.71","6.1","35.59","2.07","1.03","0","36.62","68.64","14.48","51.43","6.41","40.32","0.11","0.41","0.72","7.66","45.95","4.24","46.34","1.55","6.93","70.15","","","0","0","","",""
"S. Džumhur","Slovenia 1.","Rudar","RW, RAMF","25","75000","2026-06-30","20","870","2","2.49","3","1.31","Slovenia","left","183","yes","8.38","8.07","61.54","3.1","50","0.41","4.33","0.21","0.26","0","16","1.66","37.5","12.5","1.34","15.38","3","41.38","9.72","37.23","3.1","1.03","0.21","22.76","70.91","7.55","58.9","1.55","40","0.14","0.1","0.41","3.21","70.97","1.55","13.33","0.72","2.69","65.38","","","0","0","","",""
"R. Prodanović","Slovenia 1.","Gorica","RB","24","0","2026-06-30","14","869","0","0.54","1","1.11","Slovenia","right","183","no","7.56","6.32","55.74","2.69","38.46","0.21","5.65","0","0.06","0","8","0.83","62.5","0","1.35","46.15","1.55","73.33","4.87","42.55","1.66","1.35","0.1","33.25","73.21","13.57","64.12","4.04","41.03","0.12","0.21","0.31","4.76","52.17","1.24","50","0.52","8.6","63.86","","","0","0","","",""
"A. Miklič","Slovenia 1.","ND Slovan Ljubljana","RCB, LCB","21","0","","11","867","0","0.41","0","0.16","Slovenia","","0","no","10.17","6.02","72.41","3.01","44.83","0.83","8.13","0","0.04","0","3","0.31","0","0","0.1","100","0.31","66.67","1.76","41.18","0.62","1.56","0","42.56","83.66","18.06","70.11","6.44","58.06","0.02","0","0.1","5.81","73.21","0.62","50","0.21","8.93","65.12","","","0","0","","",""
"J. Lipičar","Slovenia 1.","Bilje","GK","28","0","","9","853","0","0","0","0","Slovenia","","0","no","1.27","0","0","0.42","100","0","1.54","0","0","0","0","0","0","0","0","0","0","0","0","0","0","0","0","16.78","83.65","11.61","79.09","7.7","71.23","0","0","0","2.74","84.62","0.11","0","0","6.75","76.56","1.9","4.75","60","1.49","-3.86","-0.407","1.69"
"T. Matavž","Slovenia 1.","Gorica","CF","37","150000","","13","845","0","3.56","1","0.22","Slovenia","right","188","no","2.45","0.96","22.22","10.01","40.43","0.11","3.04","0","0.38","0","24","2.56","25","0","0.21","50","0.75","71.43","2.66","52","3.51","0","0","9.8","66.3","2.88","44.44","0.43","100","0.02","0","0.11","1.92","38.89","0.32","33.33","0.32","0.75","85.71","","","0","0","","",""
"J. Marinic","Slovenia 1.","Nafta","RDMF, RCMF, LCMF","25","0","2026-06-30","12","837","1","1.14","0","0.3","Croatia","right","181","no","6.67","4.95","65.22","2.58","29.17","0.11","4.97","0.11","0.12","0","11","1.18","36.36","9.091","0.97","22.22","0.75","14.29","6.34","35.59","1.72","1.08","0.11","39.35","81.69","10.75","69","3.01","46.43","0.03","0","0.22","6.88","67.19","1.72","68.75","0.97","6.77","79.37","","","0","0","","",""
"K. Todorov","Slovenia 1.","Tabor Sežana","CF, AMF, RAMF","22","150000","2026-06-30","14","834","1","2.19","5","2.45","Bulgaria","right","168","no","4.1","3.24","46.67","1.29","33.33","0.22","3.62","0.11","0.24","0","21","2.27","33.33","4.762","2.91","48.15","2.16","55","6.69","38.71","2.7","1.62","0.43","21.15","78.06","5.4","74","1.4","69.23","0.26","0.11","0.86","2.05","73.68","3.45","62.5","1.51","5.18","89.58","","","0","0","","",""
"S. Hristov Petkov","Slovenia 1.","Tabor Sežana","LDMF, LCMF, RCMF","21","0","","9","832","0","0.49","1","1.69","Bulgaria","","0","no","7.79","6.27","60.34","2.16","40","0.22","5.5","0","0.05","0","7","0.76","28.57","0","2.16","45","0.32","33.33","3.25","50","1.51","0.43","0","41.75","77.98","15.47","62.94","7.46","50.72","0.18","0","0.11","8.55","59.49","3.25","46.67","1.08","9.52","79.55","","","0","0","","",""
"S. Petkov","Slovenia 1.","Tabor Sežana","LDMF, LCMF, RCMF","21","50000","2026-06-30","9","832","0","0.49","1","1.69","Bulgaria","right","0","no","7.79","6.27","60.34","2.16","40","0.22","5.5","0","0.05","0","7","0.76","28.57","0","2.16","45","0.32","33.33","3.25","50","1.51","0.43","0","41.75","77.98","15.47","62.94","7.46","50.72","0.18","0","0.11","8.55","59.49","3.25","46.67","1.08","9.52","79.55","","","0","0","","",""
"A. Djurasovic","Slovenia 1.","Krško","RCB, LCB, CB","22","0","","10","815","0","0.57","0","0.03","Serbia","right","195","no","10.38","5.74","63.46","5.19","65.96","0.66","7.23","0","0.06","0","4","0.44","50","0","0.22","0","0","0","0.77","42.86","0.77","0.33","0","30.26","76.64","14.58","63.64","6.07","49.09","0","0","0","3.42","45.16","0.33","0","0","7.95","55.56","","","0","0","","",""
"Z. Ramsak","Slovenia 1.","Dravinja","CF, LAMF, LCMF","29","0","","15","803","2","1.65","0","0.01","Slovenia","unknown","0","no","6.05","3.36","63.33","9.64","36.05","0","3.5","0.22","0.19","0","9","1.01","33.33","22.222","0.78","28.57","0.56","40","6.05","18.52","1.68","0","0","18.04","72.67","5.04","53.33","0.67","50","0","0","0","0.9","37.5","1.23","9.09","0.22","1.79","43.75","","","0","0","","",""
"A. Serafino Comita","Slovenia 1.","Gorica","RCMF, LCMF, RB","21","0","","11","798","1","0.97","0","0.7","Italy","","0","no","10.71","8.01","66.2","3.05","48.15","0.56","7.88","0.11","0.11","0","8","0.9","37.5","12.5","1.47","15.38","0.9","62.5","7.11","47.62","1.13","1.02","0.11","33.95","82.06","8.23","67.12","3.16","57.14","0.08","0.11","0.11","3.16","71.43","1.13","20","0.34","4.85","67.44","","","0","0","","",""
"L. Verbič","Slovenia 1.","Nafta","LB, LCB","24","0","2026-06-30","13","791","0","0.04","0","0.71","Slovenia","left","186","no","8.87","5.8","66.67","3.19","71.43","0.23","7.54","0","0","0","3","0.34","0","0","1.59","28.57","1.93","58.82","4.66","43.9","1.25","0.68","0","46.31","80.1","20.59","71.82","5.58","42.86","0.08","0","0.23","6.14","66.67","1.37","58.33","0.57","9.79","62.79","","","0","0","","",""
"D. Kuzmanovic","Slovenia 1.","Rudar","LB, LCB, RB","22","0","2027-07-30","11","786","0","0.05","0","0","France","","0","no","13.17","9.85","67.44","2.52","54.55","1.15","8.39","0","0.01","0","2","0.23","50","0","1.03","11.11","0.11","100","1.37","50","0","1.15","0.23","34.35","80","16.95","67.57","4.47","43.59","0","0","0","5.95","69.23","1.26","9.09","0","6.87","73.33","","","0","0","","",""
"D. Brumec","Slovenia 1.","Bistrica","AMF, LW, LCMF","21","0","2028-06-30","15","772","4","2.69","1","1.27","Slovenia","right","0","no","6.41","7.34","50.79","1.4","16.67","0.12","2.3","0.47","0.31","0","14","1.63","35.71","28.571","1.87","50","3.03","46.15","11.08","43.16","2.91","2.8","0.12","26.46","70.04","10.49","64.44","2.22","47.37","0.15","0.23","1.17","3.26","64.29","4.08","57.14","2.1","6.88","77.97","","","0","0","","",""
"M. Vrabec","Slovenia 1.","ND Slovan Ljubljana","RCMF, LDMF, LCMF","20","0","","18","769","0","0","0","0.05","Slovenia","unknown","0","no","8.78","8.78","61.33","3.04","30.77","0.23","3.47","0","0","0","0","0","0","0","0.35","33.33","1.99","70.59","7.26","35.48","0.23","1.4","0.23","31.25","77.9","10.53","62.22","4.92","61.9","0.01","0.12","0","2.34","60","1.87","31.25","0.35","5.27","46.67","","","0","0","","",""
"L. Tomažič","Slovenia 1.","Rudar","GK","21","0","","8","758","0","0","0","0","Slovenia","right","0","no","2.73","0.12","100","0.59","100","0","3.82","0","0","0","0","0","0","0","0","0","0","0","0","0","0","0","0","20.66","77.01","12.7","66.36","8.79","52.7","0","0","0","2.61","50","0.12","0","0","6.41","62.96","0.95","4.39","78.38","1.05","0.83","0.099","1.42"
"J. Pišek","Slovenia 1.","Ilirija","LCMF, RDMF","28","200000","","10","739","0","0.41","0","0.32","Slovenia","right","179","no","5.6","4.14","52.94","0.97","75","0.24","5.09","0","0.05","0","5","0.61","20","0","0.49","100","0.24","0","3.41","25","0.49","0.37","0","42.87","83.81","17.29","73.94","4.38","61.11","0.04","0.12","0.12","9.38","74.03","1.71","50","0.73","8.89","87.67","","","0","0","","",""
"G. Černe","Slovenia 1.","Brinje-Grosuplje","CF","22","125000","","17","735","5","5.4","1","0.74","Slovenia","left","0","no","4.29","4.9","50","5.14","38.1","0","3.17","0.61","0.66","0.12","29","3.55","55.17","17.241","1.1","44.44","2.33","63.16","11.39","33.33","4.78","0.61","0","16.65","74.26","4.16","55.88","1.47","66.67","0.09","0","0.12","1.47","83.33","0.98","75","0.73","2.57","71.43","","","0","0","","",""
"M. Stojinović","Slovenia 1.","Ilirija","RCB, CB","20","0","","10","733","0","0.04","0","0","Slovenia","unknown","0","no","7.12","6.02","46.94","4.79","58.97","0.74","6.19","0","0.01","0","1","0.12","100","0","0.12","0","0.25","50","0.86","71.43","0.37","0.25","0","41.5","81.36","16.94","66.67","8.1","50","0","0","0","3.93","53.13","0.61","0","0.49","8.35","58.82","","","0","0","","",""
"N. Mocnik","Slovenia 1.","Beltinci","CF, AMF","23","0","","19","730","7","5.49","1","0.36","Slovenia","unknown","0","no","5.18","5.55","51.11","4.93","32.5","0.12","2.84","0.86","0.68","0.12","22","2.71","72.73","31.818","1.85","26.67","2.1","47.06","5.67","32.61","4.32","0.62","0","15.78","71.09","3.33","48.15","0.86","57.14","0.04","0","0.25","1.11","77.78","1.97","37.5","0.74","1.97","68.75","","","0","0","","",""
"S. Sintic","Slovenia 1.","Krško","CF, RCMF","21","0","","13","729","0","1.35","0","0.05","Croatia","unknown","0","no","9.26","7.28","69.49","4.44","44.44","0.37","4.51","0","0.17","0","7","0.86","14.29","0","1.36","45.45","1.36","36.36","7.16","39.66","1.6","1.36","0.12","26.05","76.78","8.4","63.24","2.22","44.44","0.01","0","0.12","3.46","60.71","1.48","58.33","0.37","4.81","79.49","","","0","0","","",""
"M. Kramberger","Slovenia 1.","Dravinja","LCB, CB","19","0","","12","728","0","0.01","0","0","Slovakia","unknown","0","no","7.66","5.32","65.12","3.34","40.74","0.25","5.42","0","0","0","1","0.12","0","0","0","0","0.37","66.67","2.6","28.57","0.37","0.62","0","31.65","85.16","10.63","68.6","3.96","53.13","0","0","0","2.35","52.63","0.25","100","0.12","4.33","57.14","","","0","0","","",""
"V. Janković","Slovenia 1.","ND Slovan Ljubljana","LCB","22","0","2027-06-30","13","727","1","1.05","0","0.07","Slovenia","left","182","no","6.19","5.69","50","3.09","64","0.25","5.26","0.12","0.13","0.12","9","1.11","44.44","11.111","0.37","33.33","0.12","100","0.99","50","1.36","1.98","0","48.53","80.36","21.05","70","11.27","52.75","0.01","0","0","7.43","68.33","1.24","40","0.5","11.64","61.7","","","0","0","","",""
"A. Šćulac","Slovenia 1.","Dekani","CF","20","0","","12","724","3","2.19","1","0.26","Slovenia","","0","no","1.99","2.73","22.73","14.92","38.33","0.25","1.77","0.37","0.27","0.12","16","1.99","50","18.75","0.87","14.29","1.62","61.54","7.83","39.68","3.6","0.25","0.37","12.8","61.17","2.61","47.62","0.25","50","0.03","0.25","0.37","0.87","28.57","1.37","27.27","0.62","0.75","83.33","","","0","0","","",""
"T. Štrasberger","Slovenia 1.","Brinje-Grosuplje","GK","21","0","2026-05-31","8","711","0","0","0","0","Slovenia","right","193","no","1.52","0","0","0.13","100","0","2.02","0","0","0","0","0","0","0","0","0","0","0","0","0","0","0","0","24.56","85.05","14.18","77.68","8.61","61.76","0","0","0","2.66","57.14","0.13","0","0","6.58","69.23","2.03","4.43","54.29","1.52","-4","-0.506","1.27"
"J. Štukelj","Slovenia 1.","Krško","RCMF, CF, AMF","19","0","","13","707","0","0.17","2","0.39","Slovenia","unknown","0","no","8.4","8.4","59.09","4.07","40.63","0","3.27","0","0.02","0","4","0.51","0","0","0.89","28.57","2.29","50","9.29","35.62","0.76","1.02","0.13","18.71","65.31","6.36","44","2.16","41.18","0.05","0","0.25","2.16","41.18","1.02","50","0.51","3.56","39.29","","","0","0","","",""
"D. Uršič","Slovenia 1.","ND Slovan Ljubljana","RB, RCB, RCMF","21","0","","10","705","0","0.24","1","0.52","Slovenia","unknown","0","no","10.09","10.09","55.7","4.6","50","0.38","5.69","0","0.03","0","2","0.26","0","0","1.4","27.27","0.64","60","3.19","48","1.02","0.13","0.13","33.7","81.06","10.72","65.48","2.81","40.91","0.07","0","0.26","4.85","65.79","1.53","16.67","0","5.36","64.29","","","0","0","","",""
"S. Ali","Slovenia 1.","Rudar","RW, LW, RAMF","20","0","","13","702","0","0.46","0","0.99","Croatia","unknown","0","no","7.82","7.44","56.9","3.21","36","0.13","3.17","0","0.06","0","7","0.9","28.57","0","2.56","25","4.23","54.55","10.51","41.46","1.41","1.79","0","21.41","67.07","6.79","64.15","1.92","53.33","0.13","0.13","0.51","2.69","38.1","1.92","40","0.38","4.36","67.65","","","0","0","","",""
"M. Šerbec","Slovenia 1.","ND Slovan Ljubljana","CF, RW, AMF","19","0","2026-06-30","13","692","3","2.72","1","0.52","Slovenia","right","0","yes","6.63","5.07","56.41","4.81","32.43","0.39","4.74","0.39","0.35","0.13","12","1.56","58.33","25","1.82","35.71","2.6","60","6.5","34","4.03","1.43","0.13","14.18","67.89","3.38","53.85","0.65","0","0.07","0","0.26","1.43","45.45","0.78","83.33","0.52","1.04","75","","","0","0","","",""
"T. Debelak","Slovenia 1.","Dravinja","RB, LB","23","0","","8","682","0","0","0","0.39","Slovenia","right","0","no","10.95","7.52","70.18","1.58","25","0.66","6.03","0","0","0","0","0","0","0","2.64","15","1.72","38.46","8.84","29.85","0.4","1.06","0","36.42","72.83","20.59","66.67","4.62","42.86","0.05","0.13","0.13","8.18","58.06","2.38","27.78","0.26","9.5","76.39","","","0","0","","",""
"A. Hodžić","Slovenia 1.","Gorica","CF","31","200000","2026-06-30","10","678","3","3.1","0","0.38","Bosnia and Herzegovina","right","182","no","3.32","2.26","52.94","3.45","19.23","0","2.89","0.27","0.41","0","15","1.99","33.33","20","0.8","33.33","2.39","44.44","11.28","35.29","2.65","1.19","0","16.06","72.73","5.18","66.67","1.59","75","0.05","0.13","0.13","2.39","50","1.46","54.55","0.8","2.92","81.82","","","0","0","","",""
"T. Kepic","Slovenia 1.","Krško","RB, RWB","23","0","","9","676","0","0.02","0","0.15","Slovenia","left","186","no","11.45","9.45","54.93","1.73","61.54","0.27","6.67","0","0","0","1","0.13","0","0","1.46","18.18","1.07","62.5","6.26","51.06","0.4","0.93","0.13","28.62","71.63","10.65","60","3.46","46.15","0.02","0","0","4.26","56.25","1.6","33.33","0.27","5.72","48.84","","","0","0","","",""
"J. Zbašnik","Slovenia 1.","Krško","LCB, RCB","22","0","","11","676","0","0","0","0.06","Slovenia","unknown","0","no","9.99","6.12","56.52","2.53","57.89","0.8","6.25","0","0","0","0","0","0","0","0","0","0","0","1.33","60","0.13","0.53","0","29.82","87.05","12.38","80.65","3.86","55.17","0.01","0","0","2.66","65","0","0","0","5.59","69.05","","","0","0","","",""
"S.  Kumar","Slovenia 1.","ND Slovan Ljubljana","GK","21","0","2026-07-31","7","670","0","0","0","0","India","unknown","191","no","1.61","0.13","100","0.54","75","0","2.12","0","0","0","0","0","0","0","0","0","0","0","0","0","0","0","0","22.84","87.06","11.28","77.38","7.93","69.49","0","0","0","2.28","47.06","0","0","0","6.04","66.67","1.75","4.43","60.61","1.88","0.97","0.13","2.01"
"S. Džumhur","Slovenia 1.","Bistrica","LB","20","0","2027-06-30","7","657","0","0.23","0","0","Slovenia","unknown","0","no","13.56","10.68","84.62","2.88","52.38","0.27","5.89","0","0.03","0","2","0.27","50","0","0.96","42.86","1.64","66.67","4.11","56.67","0.82","1.1","0","30.27","71.95","15.07","60.91","4.66","47.06","0","0.14","0","3.97","51.72","0.82","83.33","0.27","7.95","60.34","","","0","0","","",""
"T. Kupresak","Slovenia 1.","Triglav","LB","22","0","","16","656","0","0.12","1","0.45","Croatia","right","180","no","8.78","6.86","70","1.51","45.45","0","5.59","0","0.02","0","3","0.41","33.33","0","4.94","47.22","2.47","50","7.27","37.74","0.82","2.33","0.27","37.18","71.59","15.09","64.55","4.25","38.71","0.06","0","0.41","5.49","62.5","4.12","46.67","0.41","8.78","59.38","","","0","0","","",""
"S. Samardžić","Slovenia 1.","Jesenice","CF, AMF","29","0","","8","653","2","2.47","0","0.07","Bosnia and Herzegovina","right","0","no","1.93","2.07","60","3.31","29.17","0","0.79","0.28","0.34","0","16","2.21","62.5","12.5","0.41","0","0.83","66.67","4.69","50","2.62","0.83","0.14","10.34","70.67","2.76","35","1.1","37.5","0.01","0","0","1.38","50","0.96","57.14","0.41","0.55","75","","","0","0","","",""
"D. Dzajic","Slovenia 1.","Bistrica","CF","21","0","","14","648","2","1.78","0","0","Slovenia","unknown","0","no","2.36","2.08","73.33","6.11","34.09","0.28","1.07","0.28","0.25","0","8","1.11","25","25","0.97","28.57","1.25","33.33","13.75","32.32","2.36","0","0","11.81","77.65","1.67","50","0.28","0","0","0","0","0.28","50","0.69","40","0.14","0.56","75","","","0","0","","",""
"Ž. Ribič","Slovenia 1.","Krško","CF","28","0","","14","647","1","0.85","0","0","Slovenia","right","183","no","4.59","4.87","42.86","9.46","29.41","0.28","2.22","0.14","0.12","0.14","14","1.95","35.71","7.143","0.97","14.29","0.83","33.33","8.21","28.81","1.95","0.28","0","15.86","71.93","4.45","53.13","0.42","66.67","0","0","0","1.95","42.86","0.56","25","0","1.39","80","","","0","0","","",""
"E. Tompte","Slovenia 1.","Krka","RAMF, CF, RW","27","0","2026-06-30","12","642","1","1.26","0","0.06","Ghana","right","177","no","5.61","7.85","53.57","1.68","16.67","0","1.76","0.14","0.18","0","18","2.52","72.22","5.556","1.12","25","3.79","51.85","12.06","39.53","3.08","2.1","0.28","11.21","60","2.8","45","0.7","60","0.01","0.14","0","0.7","60","1.12","37.5","0.56","1.82","53.85","","","0","0","","",""
"D. Ćejvanović","Slovenia 1.","Jesenice","RB, LB, RAMF","21","0","","15","635","0","0.13","0","0","Slovenia","right","185","no","8.79","7.51","64.15","2.98","14.29","0.99","4.79","0","0.02","0","5","0.71","40","0","2.83","30","1.28","33.33","3.97","32.14","0.71","1.13","0","29.34","69.08","14.74","61.54","6.24","50","0","0","0","4.39","48.39","2.27","37.5","0.14","7.51","67.92","","","0","0","","",""
"A. Marc","Slovenia 1.","Bilje","LCMF, LW","24","0","","7","631","1","0.7","1","1.44","Slovenia","","172","no","7.84","7.42","61.54","2.28","37.5","0.14","3.73","0.14","0.1","0","11","1.57","27.27","9.091","0.57","25","1.71","41.67","10.13","32.39","1.43","1.71","0.14","34.52","78.1","10.98","61.04","3.57","56","0.21","0.29","1","5.99","59.52","2.28","43.75","1.85","4.85","73.53","","","0","0","","",""
"G. Kukavica","Slovenia 1.","Jesenice","LB","24","0","","10","619","0","0.07","0","0.44","Slovenia","unknown","0","no","11.63","6.25","60.47","2.91","45","1.02","9.02","0","0.01","0","2","0.29","50","0","1.16","25","0.58","50","4.07","28.57","0.44","0.44","0","29.37","65.84","14.25","53.06","8.29","43.86","0.06","0","0.44","6.54","60","1.74","33.33","0.29","9.6","50","","","0","0","","",""
"K. Laščak","Slovenia 1.","Gorica","LB","21","0","","8","613","0","0","1","0.72","Slovenia","unknown","0","no","12.48","11.01","66.67","4.11","32.14","0.15","7.84","0","0","0","0","0","0","0","1.62","36.36","2.06","57.14","4.85","39.39","0.29","1.62","0.15","28.78","80.1","11.01","69.33","3.52","41.67","0.11","0","0.44","3.38","60.87","2.5","47.06","0.59","5.73","71.79","","","0","0","","",""
"A. Zabukovnik","Slovenia 1.","Bistrica","RDMF, RCMF","19","0","2028-06-30","7","610","1","0.31","0","0.06","Slovenia","","0","yes","11.21","12.69","60.47","3.69","60","0.44","4.18","0.15","0.05","0","6","0.89","16.67","16.667","0.15","100","0.44","33.33","2.21","33.33","0.74","0.74","0","35.56","74.27","16.52","61.61","7.52","47.06","0.01","0.15","0","8.56","58.62","1.48","30","0.59","7.38","64","","","0","0","","",""
"N. Leko","Slovenia 1.","Rudar","CF, AMF","29","100000","2026-06-30","16","610","0","1.33","1","0.66","Bosnia and Herzegovina","right","187","no","6.49","4.13","75","6.05","36.59","0","4.7","0","0.2","0","8","1.18","37.5","0","0.44","33.33","0.89","66.67","6.93","42.55","2.21","0.44","0","20.95","80.99","4.87","66.67","0.3","0","0.1","0","0.3","1.62","63.64","0.44","100","0.74","2.66","50","","","0","0","","",""
"D. Leban","Slovenia 1.","ND Slovan Ljubljana","RB, RW","22","0","","13","607","0","0.5","1","0.59","Slovenia","right","0","no","8.3","6.23","66.67","2.37","37.5","0.15","5.65","0","0.07","0","5","0.74","40","0","1.78","50","2.67","50","4.89","51.52","2.08","2.22","0.3","18.53","72.8","6.82","52.17","3.11","57.14","0.09","0","0.3","1.93","53.85","2.22","40","1.04","5.34","61.11","","","0","0","","",""
"K. Dakič","Slovenia 1.","Jesenice","RW, RAMF, RWF","24","0","","14","605","2","1.11","1","1.78","Slovenia","unknown","0","no","3.42","3.72","48","3.12","42.86","0","2.44","0.3","0.17","0.15","13","1.93","15.38","15.385","1.49","30","2.38","50","9.67","27.69","3.72","2.08","0.74","23.95","77.02","5.5","70.27","2.83","57.89","0.26","0","0.74","2.83","68.42","2.38","43.75","1.19","3.12","80.95","","","0","0","","",""
"G. Bajde","Slovenia 1.","Nafta","CF, AMF","32","200000","2026-06-30","13","602","2","2.37","2","1.35","Slovenia","right","186","no","2.84","2.24","80","6.73","28.89","0","1.72","0.3","0.35","0","18","2.69","44.44","11.111","0.9","83.33","1.94","46.15","7.48","34","5.53","0.45","0","15.55","75","3.59","54.17","0.6","100","0.2","0.15","1.05","0.9","83.33","1.79","91.67","1.5","2.39","68.75","","","0","0","","",""
"J. Kolenc","Slovenia 1.","Bilje","DMF, AMF, RDMF","32","0","","12","600","0","0.31","1","1.81","Slovenia","right","181","no","9","7.5","76","1.65","45.45","0","4.65","0","0.05","0","6","0.9","50","0","1.2","50","1.05","42.86","4.65","45.16","0.3","0.6","0.15","60.75","78.52","23.4","67.31","7.35","44.9","0.27","0.15","0.6","12.3","65.85","3.6","41.67","0.75","11.4","75","","","0","0","","",""
"M. Dobnikar","Slovenia 1.","Brinje-Grosuplje","RB, LCB, RCB","29","100000","2026-06-30","7","590","0","0.03","0","0.11","Slovenia","right","180","yes","9.76","7.78","66.67","3.36","63.64","0.31","5.56","0","0","0","2","0.31","50","0","2.75","22.22","1.07","71.43","3.2","52.38","0.15","0.92","0","33.1","67.28","14.64","56.25","6.1","60","0.02","0","0","6.25","60.98","1.98","7.69","0","9.92","66.15","","","0","0","","",""
"F. Mekić","Slovenia 1.","Gorica","LB","23","200000","2026-06-15","11","585","0","0.06","0","0.21","Croatia","","0","no","8.15","6.92","60","2.46","62.5","0.15","4.38","0","0.01","0","3","0.46","0","0","2","7.69","0.46","33.33","3.23","52.38","0.46","0.15","0","35.69","75","15.08","65.31","4.31","46.43","0.03","0","0.31","6","64.1","2.31","26.67","0.46","7.69","64","","","0","0","","",""
"U. Akuazaoku","Slovenia 1.","Tabor Sežana","CF","22","0","2027-06-30","7","583","2","2.8","1","0.57","Canada","","190","yes","3.4","3.24","47.62","10.5","39.71","0","3.19","0.31","0.43","0.15","15","2.32","20","13.333","1.23","0","2.32","66.67","11.42","36.49","4.63","1.39","0","14.2","59.78","3.55","52.17","0.15","100","0.09","0","0.15","1.23","87.5","0.93","33.33","0.62","1.39","66.67","","","0","0","","",""
"J. Krajnc","Slovenia 1.","Tabor Sežana","RB, LB, RW","19","0","","21","578","0","0.11","1","0.78","Slovenia","unknown","0","no","8.72","8.1","48.08","2.18","42.86","0","7.76","0","0.02","0","3","0.47","0","0","2.96","42.11","3.27","66.67","5.92","47.37","1.71","2.02","0.47","36.28","67.81","14.01","52.22","4.98","31.25","0.12","0","0.62","4.67","40","2.96","42.11","0.62","7.94","56.86","","","0","0","","",""
"S. Kričković","Slovenia 1.","Jesenice","LCB, RCB, RDMF","25","0","","11","576","0","0.01","0","0.01","Slovenia","","0","no","9.38","5.94","73.68","1.72","63.64","0.78","5.64","0","0","0","1","0.16","0","0","0.16","0","0.16","0","0.78","80","0.31","0.16","0","33.28","83.1","16.25","75.96","6.25","52.5","0","0","0","3.13","55","0.47","33.33","0.16","6.41","58.54","","","0","0","","",""
"Rob Rudonja","Slovenia 1.","Gorica","RCB","24","0","","6","574","0","0.8","0","0","Slovenia","right","0","no","11.92","4.55","65.52","4.7","50","0.94","10.43","0","0.13","0","3","0.47","33.33","0","0.16","0","0","0","4.23","22.22","0.78","0.94","0","36.06","77.83","16.31","63.46","6.74","46.51","0","0","0","4.23","44.44","0.63","25","0.16","8.94","49.12","","","0","0","","",""
"R. Domjanić","Slovenia 1.","Krka","RCB, LCMF, CF","19","0","2027-05-31","12","572","0","0.38","0","0.01","Croatia","unknown","0","no","11.64","5.03","62.5","7.4","65.96","0.31","9.87","0","0.06","0","5","0.79","0","0","0.16","0","0.47","66.67","1.42","44.44","0.79","1.1","0","47.2","81.67","17.31","71.82","6.29","57.5","0","0","0.16","6.77","58.14","1.1","28.57","0.31","9.28","66.1","","","0","0","","",""
"B. Rozmaric","Slovenia 1.","Dravinja","LB","28","0","","6","568","0","0.08","0","0.3","Slovenia","unknown","0","no","12.2","11.25","69.01","1.58","50","0.16","5.44","0","0.01","0","5","0.79","0","0","1.43","44.44","0.32","0","3.8","29.17","0.48","0.63","0.16","26.78","61.54","16.32","57.28","9.98","39.68","0.05","0","0.16","6.5","43.9","1.9","41.67","0.32","8.87","62.5","","","0","0","","",""
"K. D'Almeida","Slovenia 1.","Gorica","CF, RWF","21","0","","8","563","2","1.64","1","0.37","Italy","right","0","no","2.4","2.4","60","7.19","42.22","0.16","1.12","0.32","0.26","0.16","7","1.12","57.14","28.571","0.16","100","1.28","62.5","9.11","36.84","1.6","0.48","0","12.31","71.43","2.08","30.77","0.64","0","0.06","0","0.16","1.12","42.86","0.48","66.67","0.16","1.28","25","","","0","0","","",""
"E. Taghizada","Slovenia 1.","Bistrica","GK","22","0","","6","562","0","0","0","0","Azerbaijan","right","187","yes","2.24","0","0","0.8","100","0","2.9","0","0","0","0","0","0","0","0","0","0","0","0","0","0","0","0","11.05","85.51","6.57","75.61","3.2","70","0","0","0","1.76","72.73","0.16","100","0.16","3.04","78.95","0.96","2.72","64.71","0.76","-1.28","-0.205","2.4"
"L. Skof","Slovenia 1.","Ilirija","RB, RW","21","0","","10","558","0","0.18","0","0.55","Slovenia","unknown","0","no","11.13","10.81","70.15","2.26","50","0","5.41","0","0.03","0","2","0.32","50","0","2.26","28.57","1.45","44.44","4.35","29.63","0.81","0.65","0.16","27.74","75","10.16","69.84","3.71","52.17","0.09","0","0.48","3.06","57.89","2.74","47.06","0.97","5.65","74.29","","","0","0","","",""
"L. Brkič","Slovenia 1.","Ilirija","RCB","23","0","","6","554","1","0.96","0","0","Slovenia","right","0","no","13.48","8.94","74.55","4.39","62.96","0.49","8.95","0.16","0.16","0","9","1.46","22.22","11.111","0.32","0","1.46","100","3.41","57.14","0.97","1.62","0.32","44.35","83.52","20.47","72.22","7.15","45.45","0","0","0","7.31","66.67","1.14","42.86","0.32","7.64","76.6","","","0","0","","",""
"M. Vrdoljak","Slovenia 1.","Bistrica","CF","21","0","","7","552","3","1.8","0","0.53","Croatia","","0","no","4.57","4.57","50","6.68","39.02","0","3.02","0.49","0.29","0","9","1.47","44.44","33.333","1.3","25","1.96","66.67","12.07","40.54","3.75","0.82","0.16","22.01","79.26","6.52","75","0.82","40","0.09","0","0.16","2.28","64.29","1.79","63.64","0.98","2.61","81.25","","","0","0","","",""
"M. Blaj","Slovenia 1.","Bistrica","CF","23","0","","10","549","5","4.99","3","0.96","Slovenia","unknown","0","no","6.39","6.07","59.46","9.02","40","0","3.33","0.49","0.82","0.49","23","3.77","47.83","21.739","0.98","50","0.82","20","8.85","14.81","4.59","0.98","0.33","13.61","66.27","4.1","48","0.98","50","0.16","0.16","0.49","1.8","36.36","1.31","37.5","0.82","1.64","70","","","0","0","","",""
"A. Dergić","Slovenia 1.","Brinje-Grosuplje","RB, RWB, LCMF","23","0","","9","549","0","0","1","0.68","Slovenia","unknown","0","no","5.74","7.05","46.51","2.79","52.94","0","3.68","0","0","0","0","0","0","0","2.62","18.75","1.31","50","4.59","39.29","1.31","2.62","0.33","30.66","67.38","14.75","61.11","3.93","33.33","0.11","0","0.16","5.41","57.58","2.3","50","0.82","9.18","75","","","0","0","","",""
"A. Talić","Slovenia 1.","Jesenice","RDMF, DMF, RCMF","26","0","","12","548","0","0.02","0","0","Slovakia","unknown","0","no","10.35","9.2","60.71","2.96","33.33","0.49","5.65","0","0","0","3","0.49","0","0","0.66","25","0.16","100","3.28","15","0.33","0.16","0","28.08","70.76","12.32","56","4.93","40","0","0","0","5.26","46.88","1.81","27.27","0.49","5.75","51.43","","","0","0","","",""
"Kalani","Slovenia 1.","Bilje","LAMF, LW","24","50000","2027-06-30","6","548","1","0.65","0","0.82","Brazil","right","177","no","4.11","3.94","50","1.97","8.33","0","2.77","0.16","0.11","0","7","1.15","57.14","14.286","1.97","33.33","2.46","66.67","11.66","40.85","1.31","1.64","0.49","25.29","78.57","7.88","64.58","1.15","28.57","0.13","0","0.33","1.81","36.36","2.46","33.33","0.66","3.45","61.9","","","0","0","","",""
"R. Ljutić","Slovenia 1.","Tabor Sežana","RCB","22","50000","2027-05-31","6","537","1","0.47","0","0.12","Slovenia","right","188","no","7.21","3.02","77.78","8.38","64","1.68","7.64","0.17","0.08","0.17","3","0.5","66.67","33.333","0.5","66.67","2.35","64.29","3.52","47.62","0.84","1.68","0","59.16","87.54","21.28","76.38","6.87","48.78","0.02","0","0.17","6.87","60.98","1.17","57.14","0.34","8.88","71.7","","","0","0","","",""
"N. Graj","Slovenia 1.","Beltinci","RB","20","0","2026-06-30","13","528","0","0.04","0","0","Slovenia","","0","no","9.38","10.23","51.67","2.9","35.29","0.17","6","0","0.01","0","2","0.34","100","0","3.41","30","0.51","100","3.58","71.43","0.51","1.53","0.17","32.39","68.95","13.3","61.54","6.14","44.44","0","0","0.17","7.33","65.12","2.9","41.18","0.51","9.55","69.64","","","0","0","","",""
"F. Penezić","Slovenia 1.","Krško","CF, LCMF","19","0","","12","522","1","2.15","0","0.32","Croatia","unknown","0","no","7.59","6.55","47.37","2.93","29.41","0.17","3.92","0.17","0.37","0","14","2.41","35.71","7.143","0.86","40","1.9","45.45","5.52","37.5","3.1","0.17","0","18.28","74.53","4.31","76","1.9","27.27","0.05","0","0","1.9","54.55","0.86","80","0.86","2.76","50","","","0","0","","",""
"L. Kerin","Slovenia 1.","Rudar","RB, RW","27","150000","","11","510","0","0.15","0","0.09","Slovenia","right","179","no","9.35","5.47","64.52","2.65","60","0.35","7.15","0","0.03","0","3","0.53","33.33","0","3.35","42.11","1.94","54.55","7.41","33.33","1.76","1.41","0.18","30.35","68.02","11.47","49.23","4.41","40","0.02","0.18","0.18","5.12","65.52","1.94","45.45","0.18","6","58.82","","","0","0","","",""
"F. Čordaš","Slovenia 1.","Dekani","RCMF, RW, RDMF","22","0","","6","505","0","0.14","1","0.42","Croatia","unknown","0","no","7.49","7.66","51.16","1.07","66.67","0.18","3.92","0","0.02","0","7","1.25","28.57","0","0.89","60","1.43","75","5.17","31.03","1.43","1.6","0.36","18.36","66.99","6.42","50","2.67","33.33","0.08","0","0.18","3.39","52.63","1.6","44.44","0.18","4.81","66.67","","","0","0","","",""
"D. Nwolokor","Croatia 1.","Opatija","GK","30","50000","2026-06-30","17","1637","0","0","1","0","Nigeria","right","185","no","1.32","0.11","100","0.38","85.71","0","1.44","0","0","0","0","0","0","0","0","0","0.11","100","0.16","100","0","0","0","18.42","81.49","12.48","74.45","8.36","63.82","0","0","0","3.08","66.07","0.16","0","0","6.49","77.12","1.15","3.52","67.19","0.9","-4.61","-0.253","2.03"
"I. Cvetko","Croatia 1.","Rudeš","LCB","20","0","2027-06-19","17","1631","2","0.4","0","0.19","Croatia","left","0","no","6.84","4.19","60.53","4.08","60.81","0.94","5.45","0.11","0.02","0.11","4","0.22","50","50","0.33","66.67","0.06","100","0.88","56.25","0.28","1.32","0.06","55.62","89.78","19.04","77.68","4.91","43.82","0.01","0.11","0.06","5.9","71.96","0.66","58.33","0.17","8.61","69.87","","","0","0","","",""
"D. Žabec","Croatia 1.","Cibalia","CF","29","0","2026-06-30","18","1556","5","4.24","2","1.47","Croatia","left","186","no","3.76","2.66","54.35","3.24","33.93","0.06","1.66","0.29","0.25","0.06","23","1.33","47.83","21.739","0.52","22.22","1.04","61.11","14.52","30.28","4.16","0.29","0","11.63","68.66","2.08","58.33","0.4","28.57","0.08","0","0.81","0.52","55.56","0.64","45.45","1.16","0.87","60","","","0","0","","",""
"D. Ušalj","Croatia 1.","Opatija","LB, RB","22","0","","18","1513","0","0.36","0","1.48","Croatia","","0","no","11.54","9.34","65.61","3.99","58.21","0.18","6.3","0","0.02","0","7","0.42","14.29","0","2.26","28.95","1.67","53.57","4.82","45.68","1.55","0.83","0","32.72","74.36","14.1","65.82","3.87","46.15","0.09","0","0.36","4.7","78.48","2.32","51.28","0.83","8.27","71.22","","","0","0","","",""
"T. Kulenović","Croatia 1.","Sesvete","RCB, LCB","29","150000","","16","1483","0","0.54","0","0.03","Croatia","right","189","no","9.95","3.94","70.77","6.55","59.26","0.85","8.15","0","0.03","0","7","0.42","57.14","0","0.06","0","0","0","0.55","33.33","0.49","0.49","0","37.26","80.46","16.63","66.06","6.61","33.94","0","0","0","5.64","47.31","0.79","15.38","0.12","7.22","65.55","","","0","0","","",""
"I. Djorić","Croatia 1.","Rudeš","LDMF, DMF, RCMF","30","250000","2026-06-26","15","1397","0","0.68","4","1.14","Serbia","right","183","no","9.08","7.6","66.95","3.35","50","0.19","4.79","0","0.04","0","9","0.58","11.11","0","1.35","33.33","0.71","54.55","3.35","51.92","1.03","1.29","0","57.53","83.54","21.26","69.39","8.63","60.45","0.07","0.13","0.32","11.08","73.84","2.83","36.36","0.77","11.4","74.58","","","0","0","","",""
"A. Utrobičić","Croatia 1.","Dugopolje","LB","19","0","2028-06-30","15","1396","0","1.43","0","0.31","Croatia","left","0","no","10.51","8.38","71.54","3.93","67.21","0.26","6.19","0","0.09","0","6","0.39","66.67","0","3.42","18.87","0.71","63.64","2.84","40.91","0.9","1.22","0.13","39.33","73.11","16.63","67.05","5.93","41.3","0.02","0.06","0","4.84","50.67","3.03","21.28","0.06","7.93","64.23","","","0","0","","",""
"V. Šare","Croatia 1.","Sesvete","RB, LB","22","0","","16","1393","1","0.14","1","1.26","Croatia","unknown","0","no","10.53","9.5","63.27","2.46","31.58","0.13","4.85","0.06","0.01","0","6","0.39","33.33","16.667","3.23","28","3.17","44.9","6.72","33.65","0.9","1.1","0.13","25.65","59.7","13.24","53.66","6.53","42.57","0.08","0","0.32","4.39","42.65","2","29.03","0.26","7.95","57.72","","","0","0","","",""
"K. Bungić","Croatia 1.","Dugopolje","LCB, RCB","23","75000","","15","1385","0","0.7","0","0","Germany","right","190","no","7.15","4.74","72.6","1.88","48.28","0.45","5.39","0","0.05","0","4","0.26","25","0","0.19","0","0.45","57.14","2.27","48.57","0.26","1.75","0","56.53","88.16","24.89","79.9","7.28","59.82","0","0","0","6.76","68.27","0.71","27.27","0.19","10.4","73.75","","","0","0","","",""
"Xavi Fernandes","Croatia 1.","Rudeš","RDMF, LDMF, RAMF","28","0","2026-06-30","16","1373","1","1.06","2","1.78","Portugal","right","172","no","6.75","6.42","64.29","3.02","41.3","0","3.66","0.07","0.07","0.07","13","0.85","23.08","7.692","0.72","27.27","1.44","54.55","6.42","33.67","1.25","1.64","0.07","42.02","85.8","9.83","68","3.21","53.06","0.12","0.07","0.39","6.36","78.35","1.57","50","0.66","4.46","70.59","","","0","0","","",""
"V. Celjak","Croatia 1.","Rudeš","RCB","34","250000","2026-06-26","14","1350","1","1.3","1","0.36","Croatia","right","188","no","6.47","3.47","65.38","3.2","66.67","0.33","6","0.07","0.09","0.07","7","0.47","14.29","14.286","0.73","36.36","0.07","0","0.67","70","0.8","0.73","0","64.93","90.25","29.2","83.11","6.93","57.69","0.02","0","0.13","7.93","72.27","1.67","28","0.2","12.8","82.29","","","0","0","","",""
"I. Djilas","Croatia 1.","Bijelo Brdo","GK","26","0","","14","1334","0","0","0","0.08","Croatia","right","0","no","1.28","0.07","100","0.34","100","0","1.71","0","0","0","0","0","0","0","0.07","0","0","0","0.34","80","0","0","0","23.82","85.27","11.87","73.86","8.91","63.64","0.01","0","0","3.51","50","0.4","0","0.07","6.21","80.43","1.15","3.17","63.83","1.07","-1.08","-0.073","1.75"
"D. Korač","Croatia 1.","Rudeš","CF","20","0","2028-05-31","17","1333","6","7.72","1","0.31","Croatia","","0","no","2.7","2.5","56.76","4.12","18.03","0.14","1.74","0.41","0.52","0","35","2.36","48.57","17.143","0.34","40","2.16","46.88","11.82","27.43","3.78","0.95","0.14","13.5","70.5","2.03","60","0.47","42.86","0.02","0.14","0.07","1.22","72.22","0.74","45.45","0.47","0.88","61.54","","","0","0","","",""
"V. Krušlin","Croatia 1.","Jarun","LB","21","0","2027-06-15","15","1276","0","0.36","0","0.34","Croatia","left","0","yes","12.34","7.34","71.15","2.12","50","0.42","8.76","0","0.03","0","9","0.63","22.22","0","4.09","36.21","0.28","50","1.69","58.33","0.63","1.34","0.07","51.91","79.08","17.99","67.06","5.29","61.33","0.02","0.07","0","7.05","70","3.81","46.3","0.49","12.55","72.47","","","0","0","","",""
"D. Stranput","Croatia 1.","Bijelo Brdo","LDMF, LCMF, RDMF","25","200000","","14","1256","0","0.23","0","0.78","Croatia","right","0","no","8.96","6.95","69.07","4.01","62.5","0.14","5.42","0","0.02","0","11","0.79","18.18","0","1","42.86","1.15","68.75","5.37","44","0.57","1.58","0.14","42.21","80.98","17.34","66.12","4.66","36.92","0.06","0.07","0.14","8.38","63.25","2.01","53.57","0.79","6.88","76.04","","","0","0","","",""
"M. Karabatic","Croatia 1.","Dugopolje","RB, LCMF, LB","26","50000","","14","1255","0","0.04","0","0.13","Croatia","right","181","no","9.61","7.82","68.81","2.65","59.46","0.36","5","0","0","0","2","0.14","0","0","2.29","46.88","1.15","37.5","4.37","34.43","0.43","0.79","0.07","37.08","78.53","15.13","68.72","5.38","41.33","0.01","0","0","5.09","57.75","2.58","47.22","0.14","8.18","65.79","","","0","0","","",""
"V. Baždarić","Croatia 1.","Orijent 1919","GK","26","50000","2026-06-30","13","1253","0","0","0","0.03","Croatia","right","184","no","1.08","0.07","0","0.14","100","0","1.48","0","0","0","0","0","0","0","0","0","0.07","100","0.36","80","0","0","0","25.43","90.11","10.85","78.81","6.32","62.5","0","0","0","2.87","52.5","0.29","0","0","4.53","76.19","1.44","3.74","61.54","1.16","-3.86","-0.277","1.15"
"B. Burcul","Croatia 1.","Orijent 1919","RCMF, DMF, RB","21","0","2026-06-30","15","1246","1","0.88","1","0.87","Croatia","","0","no","9.68","7.51","70.19","2.24","38.71","0.22","5.77","0.07","0.06","0","22","1.59","36.36","4.545","1.73","37.5","1.08","33.33","3.32","34.78","0.58","0.58","0","41.17","76.67","13.36","55.68","5.2","29.17","0.06","0.22","0.22","8.45","47.01","2.89","42.5","0.51","7.3","71.29","","","0","0","","",""
"L. Miletic","Croatia 1.","Bijelo Brdo","RCB","24","0","2026-06-30","13","1240","1","1.86","0","0.15","Bosnia and Herzegovina","","0","no","7.69","5.08","70","6.46","58.43","1.02","5.75","0.07","0.14","0","9","0.65","44.44","11.111","0.07","0","0.07","100","0.44","66.67","0.8","0.44","0","41.95","84.95","15.53","69.16","6.17","51.76","0.01","0","0.07","4.94","55.88","0.44","33.33","0.22","7.98","65.45","","","0","0","","",""
"M. Kordić-Gružić","Croatia 1.","Orijent 1919","CB","24","0","","14","1229","0","1.12","0","0.1","Croatia","right","185","no","9.89","7.98","70.64","4.03","60","0.37","5.5","0","0.08","0","7","0.51","14.29","0","0.15","0","0.37","60","2.05","46.43","0.51","0.95","0","64.52","91.15","16.7","79.39","6.22","55.29","0.01","0","0.15","4.47","72.13","0.44","0","0.07","8.35","68.42","","","0","0","","",""
"G. Ajayi","Croatia 1.","Opatija","LW, CF, LAMF","31","0","2026-05-15","16","1217","2","4.45","2","0.82","Nigeria","right","176","no","5.55","4.51","62.3","4.29","24.14","0.07","3.09","0.07","0.33","0","37","2.74","27.03","5.405","2.59","25.71","4.07","54.55","9.17","38.71","3.92","2.81","0.07","27.51","67.2","7.99","46.3","1.85","40","0.06","0","0.22","3.11","57.14","2.44","39.39","1.04","4.81","64.62","","","0","0","","",""
"D. Bosak","Croatia 1.","Cibalia","RDMF, DMF, RCMF","20","0","","13","1208","1","1.35","0","0.04","Croatia","unknown","0","no","8.79","5.89","60.76","6.78","62.64","0.45","6.34","0.07","0.1","0","17","1.27","17.65","5.882","0.22","66.67","1.12","93.33","5.96","57.5","0.37","1.34","0.07","34.27","79.57","12.22","64.63","4.77","51.56","0","0.15","0","5.66","61.84","0.52","57.14","0.22","6.03","65.43","","","0","0","","",""
"A. Balić","Croatia 1.","Dugopolje","LCMF, LDMF","28","200000","","15","1203","3","2.5","3","2.03","Croatia","right","180","no","4.71","3.07","56.1","1.2","31.25","0.07","4.24","0.15","0.19","0","35","2.62","22.86","8.571","0.75","20","1.05","50","4.11","36.36","1.2","0.3","0.07","47.06","84.42","14.36","70.83","4.64","59.68","0.15","0.3","0.15","7.56","78.22","1.95","30.77","0.52","8.53","76.32","","","0","0","","",""
"L. Romac","Croatia 1.","Bijelo Brdo","RDMF, RCMF, LDMF","22","0","","13","1202","0","0.31","0","0.64","Croatia","","177","no","8.84","6.59","63.64","3.37","57.78","0.3","6.13","0","0.02","0","12","0.9","25","0","1.12","20","0.82","54.55","4.04","44.44","1.2","1.57","0.07","34.97","78.59","12.88","69.19","2.47","30.3","0.05","0","0","5.77","66.23","1.42","36.84","0.52","5.39","69.44","","","0","0","","",""
"D. Prpić","Croatia 1.","Orijent 1919","RCB","25","0","","13","1181","1","1.32","0","0.47","Croatia","","0","no","6.55","4.88","54.69","3.35","61.36","0.53","4.85","0.08","0.1","0.08","10","0.76","10","10","0.61","25","0.53","71.43","1.98","57.69","1.22","1.83","0","60.43","88.9","25.68","82.79","4.27","30.36","0.04","0","0.38","7.54","70.71","1.45","42.11","0.38","10.29","77.78","","","0","0","","",""
"M. Tadejević","Croatia 1.","Orijent 1919","LCB","36","25000","2026-06-15","13","1170","2","1.46","0","0.44","Croatia","left","184","no","9.31","5.23","70.59","3.77","63.27","0.31","6.68","0.08","0.11","0.08","11","0.85","27.27","18.182","0.85","45.45","0.08","0","0.69","55.56","0.38","1","0.08","57.46","81.12","30.23","73.79","12.77","48.19","0.03","0","0.38","13.31","63.01","2.23","37.93","0.54","16.69","74.19","","","0","0","","",""
"P. Antolković","Croatia 1.","Sesvete","RDMF, RCMF","20","0","","14","1156","0","0.12","1","0.83","Croatia","","0","no","10.74","8.17","62.86","3.89","50","0.54","6.4","0","0.01","0","4","0.31","0","0","0.39","20","0.93","66.67","3.5","35.56","0.47","0.78","0","32.47","81.29","10.43","63.43","4.52","48.28","0.06","0","0.16","5.06","63.08","0.78","40","0.39","4.59","61.02","","","0","0","","",""
"I. Križanović","Croatia 1.","Jarun","GK","24","100000","2027-06-30","12","1147","0","0","0","0","Croatia","right","195","no","0.94","0","0","0.31","75","0","1.12","0","0","0","0","0","0","0","0","0","0","0","0.08","100","0","0","0","14.05","75.98","7.69","58.16","6.2","53.16","0","0.08","0","2.59","33.33","0.08","0","0","3.84","67.35","0.94","4.08","76.92","0.99","0.58","0.046","1.49"
"A. Galešić","Croatia 1.","Orijent 1919","LCMF, DMF, RCMF","23","0","","13","1127","2","1.17","0","0.87","Croatia","right","185","no","6.71","5.99","64","3.51","59.09","0.16","3.43","0.16","0.09","0.08","23","1.84","39.13","8.696","0.88","36.36","1.6","55","5.99","33.33","1.04","1.04","0.08","42.24","82.04","12.94","68.52","6.87","68.6","0.07","0","0.48","7.75","67.01","2.32","51.72","0.72","7.99","75","","","0","0","","",""
"L. Ćubel","Croatia 1.","Bijelo Brdo","LCB","27","0","2026-05-31","12","1125","1","0.54","0","0","Croatia","","0","no","8.16","5.2","70.77","3.76","61.7","0.88","6.25","0.08","0.04","0.08","7","0.56","28.57","14.286","0","0","0.08","100","0.64","37.5","0.8","0.88","0.08","40.08","84.03","19.2","73.75","6.56","51.22","0","0","0.08","6.4","65","1.2","20","0.24","9.76","72.95","","","0","0","","",""
"B. Graonić","Croatia 1.","Radomlje","LB","20","0","","13","1121","0","0.1","1","0.65","Croatia","left","183","no","14.05","9.31","79.31","3.29","56.1","0.32","6.68","0","0.01","0","4","0.32","25","0","2.25","42.86","2.17","66.67","5.62","52.86","0.56","1.93","0.4","26.74","71.17","13.65","62.94","5.54","50.72","0.05","0","0.24","4.5","58.93","1.85","52.17","0.48","7.07","64.77","","","0","0","","",""
"R. Bagadur","Croatia 1.","Opatija","RCB, CB","30","150000","2026-05-31","13","1121","0","0.19","0","0.06","Croatia","right","189","no","10.04","6.5","64.2","4.82","68.33","1.04","6.38","0","0.02","0","3","0.24","0","0","0","0","0.4","100","2.57","59.38","0.32","0.32","0","32.03","83.71","13.49","70.24","5.46","51.47","0","0","0","4.66","60.34","0.24","0","0.08","6.58","65.85","","","0","0","","",""
"R. Marijanović","Croatia 1.","Sesvete","LCMF, AMF, LDMF","23","0","2026-07-14","13","1117","2","1.84","1","1.07","Croatia","right","180","no","9.75","6.69","65.06","3.38","33.33","0.32","5.66","0.16","0.15","0.08","16","1.29","31.25","12.5","0.48","33.33","1.21","73.33","5.96","41.89","2.09","0.81","0.16","38.51","78.87","14.58","69.06","5.4","55.22","0.09","0.08","0.32","7.09","62.5","2.26","67.86","1.61","7.17","75.28","","","0","0","","",""
"P. Korov","Croatia 1.","Bijelo Brdo","RAMF, RW","21","0","","15","1115","1","1.67","1","0.59","Croatia","","0","no","5.89","4.12","66.67","4.2","25","0.32","4.29","0.08","0.14","0.08","15","1.21","33.33","6.667","4.2","30.77","4.44","54.55","12.83","35.85","2.83","2.1","0.16","22.44","65.47","7.59","63.83","1.13","64.29","0.05","0","0.4","2.66","60.61","3.39","47.62","0.65","4.6","77.19","","","0","0","","",""
"A. Bubnjar","Croatia 1.","Cibalia","RW, RAMF","28","400000","2026-06-15","15","1108","1","1.68","1","1.1","Croatia","right","189","no","6.01","6.66","58.54","4.47","30.91","0","2.23","0.08","0.14","0","23","1.87","21.74","4.348","3.25","32.5","4.71","65.52","12.35","40.13","3.33","2.36","0.32","24.21","71.81","5.6","56.52","1.62","40","0.09","0.08","0.81","2.03","68","3.09","55.26","1.22","3.98","73.47","","","0","0","","",""
"D. Simčić","Croatia 1.","Karlovac 1919","RW, LWF, LW","23","0","2026-06-30","13","1103","4","3.16","4","3.51","Croatia","right","177","yes","4.41","3.92","72.92","3.75","17.39","0","1.88","0.33","0.26","0","29","2.37","37.93","13.793","3.51","25.58","3.67","55.56","10.85","38.35","4","1.96","0","24.32","71.14","6.28","68.83","1.88","60.87","0.29","0","0.49","2.04","64","2.53","38.71","0.98","3.83","72.34","","","0","0","","",""
"D. Balić","Croatia 1.","Dugopolje","DMF, RCMF, RCB","29","150000","","18","1102","1","0.23","0","0.43","Croatia","right","190","no","9.72","5.96","58.9","2.94","61.11","0.33","7.97","0.08","0.02","0","7","0.57","57.14","14.286","0.57","42.86","0.33","75","3.76","45.65","0.33","0.82","0","61.17","86.92","19.03","72.96","5.31","49.23","0.04","0.16","0.16","9.39","66.96","1.14","57.14","0.49","8.09","68.69","","","0","0","","",""
"G. Stepinac","Croatia 1.","Karlovac 1919","DMF","22","0","","12","1098","0","0.24","0","0","Croatia","unknown","0","no","8.11","6.31","67.53","4.75","62.07","0.57","4.4","0","0.02","0","5","0.41","20","0","0.08","0","0.49","50","3.28","50","0.41","0.08","0","28.52","78.16","9.34","60.53","3.77","47.83","0","0","0","4.92","70","0.57","28.57","0.33","4.92","63.33","","","0","0","","",""
"J. Balić","Croatia 1.","Dugopolje","LW, RW, LAMF","22","0","","16","1077","3","2.21","1","1.64","Croatia","","0","no","7.19","5.6","64.18","2.26","37.04","0.17","4.86","0.25","0.18","0","22","1.84","45.45","13.636","2.09","12","2.26","59.26","9.36","40.18","2.42","1.5","0.08","26.91","76.71","5.68","66.18","1.67","55","0.14","0.08","0.25","1.75","71.43","2.17","26.92","0.58","2.59","48.39","","","0","0","","",""
"A. Benić","Croatia 1.","Bijelo Brdo","RB, LB","25","50000","2026-05-31","13","1076","0","0.44","1","1.13","Croatia","right","180","no","9.28","8.03","65.63","1.92","39.13","0.08","4.69","0","0.04","0","11","0.92","9.09","0","2.43","31.03","1.76","57.14","5.86","40","0.59","3.18","0.67","41.49","78.23","17.23","66.5","8.62","48.54","0.09","0","0.75","9.7","65.52","2.68","25","0.33","10.87","74.62","","","0","0","","",""
"M. Vrdoljak","Croatia 1.","Dubrava Zagreb","RCMF, LCMF, RDMF","24","0","","12","1067","0","1.4","0","1.29","Croatia","right","0","no","12.06","9.28","64.55","3.88","52.17","0.17","6.57","0","0.12","0","8","0.67","25","0","1.69","50","0.93","18.18","4.05","25","1.18","0.93","0.08","40.4","74.95","17.8","66.35","4.98","32.2","0.11","0.08","0.42","8.35","61.62","2.95","60","1.18","10.29","75.41","","","0","0","","",""
"D. Juranović","Croatia 1.","Sesvete","LW, LAMF, CF","32","300000","2026-06-30","15","1061","1","2.45","5","3.39","Croatia","right","178","no","5.51","4.5","66.04","2.71","31.25","0.08","2.76","0.08","0.21","0","18","1.53","33.33","5.556","1.1","23.08","1.95","43.48","6.53","36.36","3.31","1.27","0.17","20.7","76.23","6.62","64.1","1.78","28.57","0.29","0","0.68","2.38","46.43","1.53","33.33","1.02","2.54","76.67","","","0","0","","",""
"K. Luetić","Croatia 1.","Jarun","AMF, RCMF, CF","29","0","2026-06-30","11","1053","2","3.89","3","1.08","Croatia","left","183","no","2.74","1.71","40","5.3","48.39","0.17","2.42","0.09","0.33","0.09","35","2.99","31.43","5.714","0.85","40","2.48","51.72","11.03","35.66","2.39","1.11","0.51","18.46","77.78","5.64","71.21","1.28","53.33","0.09","0.26","0.43","2.74","65.63","1.37","43.75","0.17","2.99","65.71","","","0","0","","",""
"K. Žiger","Croatia 1.","Sesvete","GK","24","250000","2026-06-30","11","1052","0","0","0","0","Croatia","right","187","no","1.45","0.09","100","0.43","80","0","1.73","0","0","0","0","0","0","0","0","0","0","0","0.09","100","0","0","0","11.81","70.29","9.41","63.64","7.02","56.1","0","0","0","3.17","43.24","0.34","25","0.09","4.53","81.13","0.34","2.31","85.19","0.49","1.77","0.151","1.2"
"M. Maloča","Croatia 1.","Jarun","RCB, LCB","36","100000","2026-06-30","11","1046","0","0","0","0.23","Croatia","right","190","no","9.03","2.41","60.71","2.93","47.06","0.6","8.18","0","0","0","0","0","0","0","0","0","0","0","0.86","40","0","0.43","0","37.94","87.07","17.47","77.34","5.76","55.22","0.02","0","0","4.04","70.21","0.43","40","0.17","8.09","67.02","","","0","0","","",""
"D. Mulac","Croatia 1.","Rudeš","RCB, LCB, AMF","27","400000","2027-06-30","11","1036","3","3.29","1","1.02","Croatia","right","185","yes","6.78","3.04","71.43","3.39","51.28","0.96","6.12","0.09","0.29","0","17","1.48","29.41","17.647","1.22","35.71","0.43","60","1.74","55","1.65","2.43","0","50.04","83.85","18.85","75.12","6.6","57.89","0.09","0.26","0.35","8.51","64.29","2.61","46.67","0.78","9.21","82.08","","","0","0","","",""
"I. Horvat","Croatia 1.","Opatija","RDMF, DMF, RCMF","24","0","","13","1031","0","0.3","0","0.51","Slovenia","unknown","0","no","10.13","6.81","48.72","3.67","64.29","0.61","7.81","0","0.03","0","11","0.96","36.36","0","0.61","57.14","1.05","58.33","4.1","48.94","0.35","1.22","0.26","38.76","78.15","12.83","63.27","7.25","55.42","0.04","0","0","7.59","59.77","1.4","56.25","0.61","7.68","68.18","","","0","0","","",""
"K. Kamenar","Croatia 1.","Rudeš","AMF","32","250000","2026-06-26","16","1025","3","1.89","2","1.27","Croatia","right","175","no","5.18","3.34","78.95","2.9","39.39","0","2.98","0.26","0.17","0","15","1.32","46.67","20","1.58","11.11","1.32","33.33","5.36","36.07","1.67","1.14","0.09","42.15","75","12.56","55.24","4.74","42.59","0.11","0.79","0.26","6.76","46.75","3.34","36.84","0.97","5.97","66.18","","","0","0","","",""
"A. Matić","Croatia 1.","Dubrava Zagreb","CF","22","0","","11","1025","2","4.17","3","2.11","Croatia","right","180","no","4.13","4.3","61.22","3.34","21.05","0.09","1.73","0.09","0.37","0","35","3.07","28.57","5.714","3.6","29.27","5.27","53.33","13.7","39.1","2.55","1.76","0.35","26.34","64","6.41","49.32","1.76","35","0.19","0","0.44","3.07","42.86","3.42","35.9","0.53","3.34","81.58","","","0","0","","",""
"T. Agić","Croatia 1.","Sesvete","LCB","23","0","2026-06-30","12","1012","2","0.9","0","0","Croatia","right","188","no","8","3.11","68.57","6.05","63.24","0.8","7.01","0.18","0.08","0","4","0.36","50","50","0","0","0.09","0","0.98","18.18","0.44","0.18","0.09","28.64","80.75","13.96","66.88","5.69","46.88","0","0.09","0","4.62","50","0.89","10","0.09","6.4","66.67","","","0","0","","",""
"N. Gajzler","Croatia 1.","Orijent 1919","CF, LW, RW","21","0","2026-06-15","13","1009","1","3.39","0","2.21","Croatia","right","176","no","3.75","3.84","55.81","1.78","25","0.09","1.76","0.09","0.3","0","38","3.39","34.21","2.632","2.77","29.03","3.48","56.41","10.53","38.14","3.66","0.98","0.27","32.74","77.11","7.31","70.73","3.21","75","0.2","0.27","0.36","3.39","73.68","3.39","52.63","1.52","4.73","83.02","","","0","0","","",""
"A. Bolanča","Croatia 1.","Bijelo Brdo","LB","23","0","","12","1002","0","0.38","2","1.22","Croatia","unknown","0","no","9.25","7.72","72.09","5.12","63.16","0.09","5.24","0","0.03","0","10","0.9","40","0","2.87","18.75","0.9","30","3.41","26.32","1.26","1.71","0.09","37.1","73.85","17.16","67.02","6.02","44.78","0.11","0","0.36","6.29","61.43","2.78","41.94","0.99","10.06","68.75","","","0","0","","",""
"B. Bogolin","Croatia 1.","Opatija","RW, RAMF, LAMF","26","0","","16","997","1","1.29","0","0.79","Croatia","right","175","no","6.23","4.24","59.57","1.99","50","0.18","3.8","0.09","0.12","0","5","0.45","60","20","2.53","28.57","1.72","52.63","4.33","35.42","0.99","0.18","0.09","19.32","55.14","9.12","51.49","4.96","36.36","0.07","0","0.27","4.15","41.3","2.62","41.38","0.54","5.87","60","","","0","0","","",""
"F. Braut","Croatia 1.","Orijent 1919","RB, RWB","23","250000","2026-06-15","11","994","0","0.19","1","0.97","Croatia","right","179","no","7.7","6.61","67.12","2.17","50","0.45","3.84","0","0.02","0","4","0.36","75","0","3.35","24.32","1.99","59.09","4.71","46.15","1.54","1.99","0.45","43.46","75.42","14.4","62.89","3.44","47.37","0.09","0","0.45","4.44","69.39","3.17","45.71","0.81","9.42","66.35","","","0","0","","",""
"S. Sopić","Croatia 1.","Cibalia","RCB","19","0","","11","992","0","0.41","0","0.04","Croatia","right","0","no","9.07","5.35","74.58","2.99","63.64","0.82","5.76","0","0.04","0","3","0.27","33.33","0","0.09","100","0","0","0.54","50","0.27","0.54","0","48.18","85.88","19.05","71.9","7.35","41.98","0","0","0","6.71","51.35","0.82","11.11","0.09","8.07","71.91","","","0","0","","",""
"K. Stapić","Croatia 1.","Cibalia","LCB, RCB, LB","23","100000","2026-06-15","11","992","2","0.57","0","0","Bosnia and Herzegovina","right","188","no","9.71","5.81","67.19","2.81","58.06","0.45","7.15","0.18","0.05","0","4","0.36","50","50","0.09","0","0.45","40","2.45","29.63","0.45","1.27","0.18","46.45","91.41","15.51","82.46","4.35","75","0","0","0","5.26","75.86","0.27","33.33","0.18","6.99","76.62","","","0","0","","",""
"M. Suto","Croatia 1.","Široki Brijeg","LCB, RCB","24","100000","2026-06-30","10","965","1","1.58","0","0","Croatia","","0","no","11.47","6.99","80","4.48","41.67","0.84","6.9","0","0.15","0","10","0.93","50","10","0.09","0","0.09","0","0.56","16.67","0.19","0.56","0","42.44","85.93","17.16","73.37","8.11","54.02","0","0","0","5.5","50.85","1.12","25","0.28","7.27","61.54","","","0","0","","",""
"F. Barbić","Croatia 1.","Rudeš","GK","25","0","2027-05-31","10","962","0","0","0","0","Croatia","","0","no","1.5","0.09","0","0.65","100","0","2.11","0","0","0","0","0","0","0","0","0","0","0","0.19","100","0","0","0","18.8","85.07","11.41","78.69","6.17","57.58","0","0.09","0","1.31","35.71","0","0","0","4.68","82","0.94","3.65","74.36","1.11","1.84","0.172","2.71"
"B. Kardum","Croatia 1.","Sesvete","CF","19","0","2026-06-30","13","959","5","4.25","0","0.06","Croatia","left","0","no","5.35","4.41","59.57","7.32","32.05","0.09","3.05","0.47","0.4","0.09","23","2.16","60.87","21.739","0.47","20","2.53","29.63","15.02","18.75","3.85","0.38","0","18.77","73","4.32","52.17","1.6","41.18","0.01","0.19","0.19","2.44","53.85","1.22","53.85","0.94","1.22","61.54","","","0","0","","",""
"M. Galic","Croatia 1.","Cibalia","GK","27","0","2026-06-15","10","958","0","0","0","0","Bosnia and Herzegovina","right","186","no","1.6","0.09","0","0.38","100","0","2.14","0","0","0","0","0","0","0","0","0","0","0","0","0","0","0","0","16.63","81.92","8.92","74.74","5.54","54.24","0","0","0","1.69","16.67","0.09","0","0","3.85","65.85","0.75","2.82","73.33","0.72","-0.36","-0.034","0.94"
"P. Tabinas","Croatia 1.","Dinamo Zagreb","RB, RWB","23","0","2027-06-30","10","954","1","1.12","2","1.56","Japan","right","185","no","6.13","4.53","64.58","2.36","56","0","4.29","0.09","0.11","0.09","7","0.66","28.57","14.286","4.53","29.17","1.7","72.22","5.75","49.18","2.45","1.04","0.09","38.68","80","10.94","75","2.74","48.28","0.15","0","0.85","4.15","81.82","3.49","32.43","0.57","7.17","71.05","","","0","0","","",""
"F. Shatri","Croatia 1.","Dugopolje","RCMF, RDMF, DMF","22","0","2026-06-15","12","954","0","0.34","1","1.12","Kosovo","right","181","no","7.36","6.23","62.12","2.36","64","0.28","4.74","0","0.03","0","11","1.04","18.18","0","0.57","33.33","0.85","44.44","3.4","44.44","0.57","0.94","0.19","58.21","84.93","17.55","71.51","7.08","54.67","0.11","0.09","0.28","10.28","76.15","1.6","41.18","0.85","10.19","75","","","0","0","","",""
"C. Saho","Croatia 1.","Opatija","CF","21","0","2028-06-30","13","954","2","1.8","0","1.02","Gambia","","0","no","2.26","3.3","37.14","6.13","26.15","0","1.29","0.19","0.17","0","18","1.7","11.11","11.111","0.75","12.5","2.26","50","8.96","31.58","3.11","1.89","0.47","13.3","75.18","1.98","61.9","0.47","60","0.1","0","0.38","1.6","82.35","0.75","75","0.75","1.13","66.67","","","0","0","","",""
"I. Žutić","Croatia 1.","Rudeš","RB","25","0","","12","953","0","0.55","1","1.04","Croatia","","0","no","10.2","9.73","66.99","3.78","57.5","0.28","4.73","0","0.05","0","3","0.28","33.33","0","4.44","36.17","1.7","44.44","5.76","34.43","0.57","1.51","0.19","34.94","76.22","10.1","66.36","3.02","40.63","0.1","0","0.38","3.12","60.61","3.49","51.35","0.57","7.08","57.33","","","0","0","","",""
"J. Lyendjock","Croatia 1.","Croatia Zmijavci","DMF, LDMF, RDMF","22","0","","11","941","0","0.27","0","0","Cameroon","unknown","0","no","12.53","7.84","68.29","3.54","45.95","0.96","8.26","0","0.03","0","7","0.67","28.57","0","0","0","0.67","71.43","3.54","48.65","0.19","0.57","0.29","35.39","85.95","10.33","72.22","3.54","51.35","0","0.1","0.1","6.03","76.19","0.38","25","0.1","5.83","55.74","","","0","0","","",""
"A. Korça","Croatia 1.","Dubrava Zagreb","RCB","25","200000","2026-06-30","10","940","0","0.61","0","0","United States","right","191","no","9.1","5.74","73.33","5.36","73.21","0.29","6.62","0","0.06","0","3","0.29","33.33","0","0","0","0","0","0.67","42.86","0.77","0.19","0.1","35.33","87.8","14.46","74.17","4.4","45.65","0","0","0","2.97","58.06","0.29","33.33","0.19","4.79","66","","","0","0","","",""
"B. Brajković","Croatia 1.","Croatia Zmijavci","RB, RWB","25","400000","2026-06-15","10","936","0","0.31","0","0.68","Croatia","right","178","no","7.69","7.21","61.33","1.63","29.41","0.19","4.67","0","0.03","0","8","0.77","0","0","4.13","23.26","3.08","59.38","5.87","47.54","1.63","2.21","0.1","36.35","72.49","14.9","67.1","4.71","59.18","0.07","0","0.48","4.52","78.72","4.04","28.57","0.58","8.46","82.95","","","0","0","","",""
"S. Oluwatimilehin Akanni","Croatia 1.","Bijelo Brdo","CF","22","0","","12","931","2","4.67","0","0.24","United States","unknown","0","no","2.9","2.71","46.43","10.44","45.37","0.19","2.26","0.1","0.45","0","21","2.03","42.86","9.524","0.58","33.33","1.74","61.11","11.12","32.17","2.42","0.97","0.29","13.34","69.57","3.87","60","0.29","33.33","0.02","0","0.1","1.55","62.5","1.06","36.36","0.1","1.35","57.14","","","0","0","","",""
"D. Šimunić","Croatia 1.","Karlovac 1919","LB, RCB, LCB","22","0","","11","929","1","0.72","0","0.23","Croatia","unknown","187","no","10.17","7.75","65","2.81","68.97","0.39","5.81","0.1","0.07","0","9","0.87","22.22","11.111","1.26","38.46","1.74","55.56","5.52","35.09","0.68","1.36","0.1","37.88","81.84","15.4","69.18","4.65","47.92","0.02","0","0.1","5.91","68.85","1.55","50","0.39","8.72","72.22","","","0","0","","",""
"M. Pervan","Croatia 1.","Cibalia","AMF, RCMF, LCMF","30","150000","2026-06-15","13","919","2","1.95","4","3.49","Croatia","right","180","no","5.78","4.7","58.33","1.57","25","0.1","3.96","0.2","0.19","0.1","27","2.64","37.04","7.407","1.27","23.08","1.66","29.41","7.54","22.08","1.76","1.18","0","34.96","75.35","12.83","66.41","3.53","55.56","0.34","0.1","0.29","5.68","72.41","3.33","41.18","1.47","6.56","74.63","","","0","0","","",""
"J. Cundeković","Croatia 1.","Dubrava Zagreb","GK","19","0","","10","911","0","0","0","0","Croatia","right","189","no","0.99","0.2","100","0","0","0","1.12","0","0","0","0","0","0","0","0","0","0","0","0","0","0","0","0","17.78","83.33","10.47","73.58","5.93","55","0","0","0","1.28","53.85","0","0","0","4.64","70.21","1.48","4.74","68.75","1.56","0.83","0.082","0.99"
"T. Grdenic","Croatia 1.","Jarun","RB, LB, RAMF","26","0","","11","908","0","0.03","0","0.44","Croatia","right","0","no","11.2","11.3","61.4","1.49","26.67","0.2","4.96","0","0","0","2","0.2","50","0","2.38","16.67","2.18","54.55","5.75","55.17","0.59","1.78","0.69","27.06","66.3","12.79","58.91","6.15","48.39","0.04","0","0.2","5.45","63.64","2.97","30","0.59","6.94","71.43","","","0","0","","",""
"B. Jemo","Croatia 1.","Hrvace","CF","21","0","","14","893","0","1.45","0","0.34","Croatia","right","0","no","2.92","3.02","56.67","8.77","44.83","0.1","1.31","0","0.15","0","8","0.81","12.5","0","0.2","50","0.5","80","10.08","31","2.02","0.71","0","14.21","78.72","3.02","53.33","0.71","100","0.03","0","0","1.51","66.67","0.1","0","0.1","0.91","77.78","","","0","0","","",""
"M. Grujević","Croatia 1.","Cibalia","RB","34","0","2026-06-15","14","889","0","0.28","1","0.64","Croatia","right","175","no","7.29","6.58","58.46","2.43","45.83","0.3","4.4","0","0.03","0","7","0.71","14.29","0","3.24","18.75","1.42","57.14","3.54","40","1.11","2.13","0.51","39.89","72.59","17.21","65.29","5.47","42.59","0.07","0","0.3","6.68","63.64","3.64","41.67","1.01","10.43","68.93","","","0","0","","",""
"M. Kukoč","Croatia 1.","Croatia Zmijavci","RCMF, LDMF","21","0","","12","881","0","0.2","0","1.41","Croatia","right","182","no","10.73","8.68","58.82","4.29","54.76","0.51","5.87","0","0.02","0","4","0.41","50","0","2.15","47.62","0.92","44.44","4.9","39.58","0.82","1.74","0","40.35","73.67","15.12","62.84","5.31","50","0.14","0","0.31","6.33","64.52","2.96","51.72","0.82","8.07","77.22","","","0","0","","",""
"I. Šaranić","Croatia 1.","Sesvete","RAMF, RW","22","500000","2026-07-14","13","876","7","2.78","2","1.69","Croatia","left","185","no","7.5","4.62","68.89","3.18","51.61","0.1","5.11","0.62","0.29","0","25","2.57","60","28","3.29","37.5","4.73","50","8.63","41.67","2.05","1.64","0.62","26.82","65.13","10.58","64.08","3.39","48.48","0.17","0.1","0.31","4.93","68.75","3.8","45.95","1.03","7.4","75","","","0","0","","",""
"N. Macolić","Croatia 1.","Opatija","LB, LDMF, LCMF","22","0","","14","873","0","1.2","0","1.32","Croatia","right","185","no","9.48","6.19","68.33","3.4","60.61","0.41","5.95","0","0.12","0","7","0.72","28.57","0","0.72","28.57","1.03","60","4.23","41.46","1.13","1.13","0.1","32.89","80.56","12.37","68.33","5.46","69.81","0.14","0","0.21","4.43","67.44","1.13","18.18","0.31","6.7","66.15","","","0","0","","",""
"I. Graf","Croatia 1.","Kustošija","LCB, RCB","38","0","2026-06-30","9","863","0","0.2","0","0","Croatia","right","195","no","8.76","5.74","69.09","6.36","77.05","0.31","6.03","0","0.02","0","4","0.42","50","0","0","0","0.1","100","1.67","43.75","0.42","1.04","0","58.19","91.04","21.9","85.24","4.28","58.54","0","0","0","4.07","79.49","0.1","0","0.1","8.86","57.65","","","0","0","","",""
"M. Žuljević","Croatia 1.","Karlovac 1919","CF, RW, RWF","28","0","2026-06-30","11","860","4","3.79","0","0.4","Croatia","right","179","no","3.03","1.99","63.16","4.4","47.62","0.1","1.98","0.31","0.4","0","39","4.08","35.9","10.256","1.05","10","1.36","46.15","10.26","38.78","4.92","0.31","0","13.4","65.63","2.83","51.85","0.73","0","0.04","0.1","0.21","1.05","50","1.15","9.09","0.42","1.05","50","","","0","0","","",""
"P. Rubić","Croatia 1.","Cibalia","LB","27","200000","2026-06-30","9","860","0","0.37","0","0.8","Croatia","left","175","no","6.7","5.55","58.49","2.51","66.67","0.1","4.43","0","0.04","0","1","0.1","0","0","3.24","41.94","1.15","81.82","3.03","48.28","0.21","1.05","0","50.65","78.1","26.27","69.32","7.74","44.59","0.08","0.1","0.1","9.1","65.52","3.24","51.61","0.31","12.66","74.38","","","0","0","","",""
"I. Marić","Croatia 1.","Karlovac 1919","GK","20","0","","9","859","0","0","0","0","Croatia","unknown","0","no","3.25","0.42","75","0.1","100","0","3.58","0","0","0","0","0","0","0","0","0","0","0","0.1","100","0","0","0","19.91","82.63","14.77","78.01","11.21","71.96","0","0","0","4.09","71.79","0.1","0","0","9.22","87.5","1.26","2.83","55.56","0.72","-5.12","-0.536","1.47"
"G. Paracki","Croatia 1.","Karlovac 1919","LCB","39","0","","12","838","0","0.13","0","0.57","Croatia","right","180","no","6.77","3.87","77.78","1.83","70.59","0.21","4.49","0","0.01","0","3","0.32","33.33","0","0.64","50","0.75","57.14","2.9","48.15","0.21","0.86","0","51.44","87.06","23.74","76.92","9.67","57.78","0.06","0","0.11","9.24","69.77","1.5","35.71","0.43","10.42","76.29","","","0","0","","",""
"G. Boban","Croatia 1.","Cibalia","LW, LAMF","36","50000","2026-06-15","10","825","5","3.77","1","0.35","Croatia","right","186","no","3.05","3.38","58.06","3.6","27.27","0","1.34","0.33","0.41","0","15","1.64","53.33","33.333","2.4","31.82","5.24","64.58","16.91","39.35","4.25","3.16","0.55","26.4","76.45","6","60","1.31","66.67","0.04","0.11","0.44","2.07","57.89","2.51","52.17","1.2","2.62","91.67","","","0","0","","",""
"A. Mionić","Croatia 1.","Karlovac 1919","RCMF, LCMF","24","150000","2027-06-15","12","821","0","0.27","0","0.1","Croatia","right","175","no","7.56","5.7","69.23","5.15","55.32","0.22","4.59","0","0.03","0","8","0.88","12.5","0","0.99","11.11","0.99","55.56","8.44","45.45","0.66","0.66","0.11","29.05","78.11","9.65","65.91","2.63","50","0.01","0","0.22","5.48","78","1.86","23.53","0.44","5.04","69.57","","","0","0","","",""
"I. Tomečak","Croatia 1.","Rudeš","LB, RAMF, RB","36","200000","","12","821","0","0.6","2","1.33","Croatia","right","175","no","7.24","4.49","75.61","4.82","45.45","0.11","5.82","0","0.07","0","7","0.77","28.57","0","4.38","45","2.41","45.45","6.03","30.91","2.08","1.53","0.11","35.63","73.85","10.52","58.33","5.04","52.17","0.15","0","0.77","3.95","58.33","4.93","48.89","1.1","9.43","77.91","","","0","0","","",""
"S. Mušura","Croatia 1.","Dugopolje","LW, LAMF, LB","19","0","","16","814","2","1.64","0","0.39","Croatia","unknown","0","no","8.85","5.31","47.92","2.65","41.67","0","8.34","0.22","0.18","0","17","1.88","41.18","11.765","1.44","30.77","2.99","48.15","10.61","30.21","1.77","2.43","0.22","25.76","74.68","7.19","60","1.99","38.89","0.04","0.11","0.33","3.1","60.71","1.88","35.29","0.66","4.64","66.67","","","0","0","","",""
"P. Mrkela","Croatia 1.","Karlovac 1919","RCB, LCB","20","0","","10","810","1","0.16","1","0.17","Croatia","","0","no","7.78","5.56","74","5.11","54.35","0.33","3.65","0.11","0.02","0.11","4","0.44","50","25","0.11","100","0.33","33.33","2","55.56","0.56","1","0","45.89","84.75","21.89","72.08","9.22","59.04","0.02","0","0.22","8.89","57.5","0.78","14.29","0.22","9.22","85.54","","","0","0","","",""
"A. Milanović","Croatia 1.","Opatija","RCB, LCB, RB","22","0","","10","810","1","0.46","1","0","Croatia","unknown","0","no","11","7.44","68.66","4.44","55","0.67","6.88","0.11","0.05","0","2","0.22","100","50","0.11","100","0.78","57.14","3.22","27.59","0.44","1.33","0","28","82.94","12.89","71.55","3.78","41.18","0","0","0","4.11","59.46","0.67","50","0.33","5.56","56","","","0","0","","",""
"B. Zdunić","Croatia 1.","Dugopolje","RW, RAMF, LW","25","600000","2026-06-15","12","804","1","2.41","2","0.77","Croatia","right","186","no","4.7","3.36","46.67","3.36","56.67","0.11","4.36","0.11","0.27","0","13","1.46","30.77","7.692","1.68","46.67","2.69","45.83","10.3","35.87","2.01","1.68","0.78","19.14","69.59","6.04","51.85","1.34","50","0.09","0","0.34","1.68","60","1.23","63.64","0.34","3.25","51.72","","","0","0","","",""
"M. Mršić","Croatia 1.","Opatija","RAMF, LB, LW","32","0","","11","786","1","0.93","0","0.76","Croatia","left","185","no","6.64","4.81","66.67","1.83","25","0.11","3.88","0.11","0.11","0","11","1.26","18.18","9.091","1.6","21.43","3.55","67.74","9.16","40","1.83","1.15","0.34","21.98","70.31","7.1","58.06","2.63","43.48","0.09","0.11","0.11","2.29","60","2.4","47.62","1.03","4.35","57.89","","","0","0","","",""
"A. Pavlešić","Croatia 1.","Rudeš","GK","20","0","2027-06-15","8","767","0","0","0","0","Australia","right","190","no","1.99","0.12","100","0.23","100","0","2.59","0","0","0","0","0","0","0","0","0","0","0","0","0","0","0","0","21.83","91.94","12.32","87.62","7.39","77.78","0","0","0","1.29","63.64","0","0","0","5.05","88.37","1.29","4.11","68.57","1.02","-2.32","-0.272","1.88"
"I. Mandić","Croatia 1.","Casa Pia AC","GK","23","0","2029-06-30","8","763","0","0","0","0","Croatia","","0","no","1.06","0","0","0.47","100","0","1.45","0","0","0","0","0","0","0","0","0","0","0","0.35","66.67","0","0","0","20.05","81.76","11.91","71.29","7.67","53.85","0","0","0","2.12","55.56","0","0","0","6.02","62.75","0.47","2.83","83.33","0.71","2.04","0.241","1.06"
"M. Tadić","Croatia 1.","Vukovar","RCB","33","0","","8","763","0","1.27","0","0","Croatia","","0","no","7.31","3.77","71.88","4.48","73.68","0.24","6.29","0","0.15","0","12","1.42","16.67","0","0.71","16.67","1.06","66.67","2.48","61.9","1.42","2.48","0.12","59.57","87.72","21.94","76.88","6.96","55.93","0","0","0","8.85","64","1.65","21.43","0.47","9.55","76.54","","","0","0","","",""
"H. Alghoul","Croatia 1.","Jarun","CF, LW, LAMF","23","0","","12","744","0","1.63","0","0.6","Croatia","right","178","no","4.96","4.84","52.5","2.9","29.17","0.12","2.73","0","0.2","0","20","2.42","30","0","1.33","27.27","3.63","36.67","11.85","23.47","2.18","0.85","0.24","19.35","65","5.81","56.25","2.66","59.09","0.07","0.24","0.36","3.63","46.67","2.9","54.17","0.6","4.23","74.29","","","0","0","","",""
"V. Matijević","Croatia 1.","Jarun","RAMF, RW","22","0","","10","741","2","2","0","1.12","Croatia","right","190","no","5.22","4.13","64.71","6.32","34.62","0.12","3.06","0.24","0.24","0","11","1.34","54.55","18.182","3.16","23.08","3.64","43.33","8.87","39.73","2.91","1.46","0","13.6","60.71","4.13","61.76","0.36","33.33","0.14","0","0.24","1.58","46.15","1.94","43.75","0.61","2.79","82.61","","","0","0","","",""
"A. Kordic","Croatia 1.","Dugopolje","RB","27","0","","8","740","0","0.1","1","0.35","Bosnia and Herzegovina","","0","no","10.46","7.66","66.67","3.16","61.54","0.12","8.03","0","0.01","0","4","0.49","25","0","5.35","25","4.26","57.14","9.36","41.56","0.85","3.16","0.36","40.99","72.11","11.92","55.1","4.74","28.21","0.04","0","0.36","2.92","45.83","3.41","39.29","0.36","7.78","51.56","","","0","0","","",""
"A. Babić","Croatia 1.","Velež","RDMF, LDMF, LCMF","21","0","2027-06-30","10","713","0","0.29","0","0.13","Croatia","right","181","no","11.11","9.47","69.33","2.9","26.09","0.25","4.24","0","0.04","0","6","0.76","16.67","0","0.25","50","0.63","40","4.42","54.29","0.76","0.88","0.25","37.36","85.81","9.97","72.15","2.15","52.94","0.02","0","0","5.43","72.09","1.39","36.36","0.5","4.92","53.85","","","0","0","","",""
"J. Karabatić","Croatia 1.","Dugopolje","LCB","25","50000","","8","713","0","0.19","0","0","Croatia","right","197","no","7.32","3.53","71.43","4.67","54.05","0.88","6.44","0","0.02","0","1","0.13","0","0","0","0","0.13","100","1.01","62.5","0.25","0.63","0","43.17","86.84","16.91","73.13","5.55","50","0","0","0","2.78","36.36","0.5","50","0.38","6.31","58","","","0","0","","",""
"V. Dalić","Croatia 1.","Opatija","LCB","30","150000","","9","691","0","0.02","0","0","Croatia","right","186","no","8.21","5.86","71.11","2.87","50","0.78","4.74","0","0","0","1","0.13","0","0","0","0","0","0","0.91","14.29","0","1.43","0","33.34","79.3","15.11","62.93","8.34","54.69","0","0","0","5.73","56.82","0.65","40","0.26","7.42","59.65","","","0","0","","",""
"R. Mašala","Croatia 1.","Rudeš","LAMF, LW, RAMF","22","0","2026-06-30","10","685","1","0.56","0","0.56","Bosnia and Herzegovina","right","170","no","4.99","4.86","51.35","1.05","37.5","0.13","3.51","0.13","0.07","0","10","1.31","20","10","1.05","12.5","2.23","58.82","10.77","43.9","1.97","2.5","0.26","34.82","89.81","5.52","83.33","1.05","50","0.07","0","0.13","1.71","84.62","1.45","36.36","0.92","2.1","75","","","0","0","","",""
"T. Gudelj","Croatia 1.","Croatia Zmijavci","CF","28","0","2026-06-30","9","682","1","1.76","1","0.29","Croatia","","0","no","2.64","1.06","62.5","5.28","32.5","0.26","3","0.13","0.23","0","13","1.72","30.77","7.692","0.92","42.86","2.77","61.9","8.45","37.5","3.17","1.19","0.4","18.34","69.06","4.09","54.84","1.45","36.36","0.04","0.13","0.13","1.58","58.33","1.85","35.71","1.06","2.38","55.56","","","0","0","","",""
"B. Prusina","Croatia 1.","Široki Brijeg","RCB, LCB","22","0","2027-05-31","8","680","0","0","0","0","Bosnia and Herzegovina","right","0","no","10.99","7.41","58.93","3.71","53.57","0.79","7.95","0","0","0","0","0","0","0","0.4","33.33","0.26","100","1.99","53.33","0","0.79","0.13","56.38","86.38","20.91","74.68","6.22","46.81","0","0","0","6.09","47.83","0.93","14.29","0.13","8.6","70.77","","","0","0","","",""
"I. Krstanović","Croatia 1.","Croatia Zmijavci","LB, LWB","20","0","","7","676","0","0.1","0","0.07","Croatia","left","0","yes","12.51","9.45","67.61","2.26","52.94","0.4","6.79","0","0.01","0","3","0.4","0","0","2.53","36.84","2","80","5.46","48.78","0.53","0.8","0.27","28.22","63.21","13.71","56.31","6.66","44","0.01","0","0.27","7.32","49.09","2.26","35.29","0.13","7.59","59.65","","","0","0","","",""
"T. Jukić","Croatia 1.","Lokomotiva Zagreb","LCB, CB","24","400000","2027-06-30","7","667","0","1.08","1","1","Germany","right","190","no","8.1","4.72","68.57","4.86","52.78","0.27","6.08","0","0.15","0","10","1.35","30","0","0.13","100","0.27","100","2.29","70.59","1.35","4.32","0.27","63.82","88.37","31.17","81.82","8.64","70.31","0.13","0.4","0.54","12.41","76.09","1.35","60","0.94","14.98","85.59","","","0","0","","",""
"P. Mohorović","Croatia 1.","Primorje","GK","26","100000","2028-06-30","7","664","0","0","0","0.75","Croatia","","0","no","1.22","0","0","0.41","100","0","1.59","0","0","0","0","0","0","0","0","0","0","0","0","0","0","0","0","25.75","88.95","12.33","79.12","8.27","72.13","0.1","0","0.14","1.49","45.45","0.14","100","0.14","5.56","70.73","0.41","3.52","88.46","0.82","3.07","0.416","1.08"
"T. Arković","Croatia 1.","Croatia Zmijavci","RCB, LCB","20","0","2026-06-30","9","664","0","0.07","0","0.09","Croatia","right","0","no","13.69","7.45","74.55","4.07","66.67","0.95","9.83","0","0.01","0","1","0.14","0","0","0.14","0","2.17","68.75","6.23","52.17","0.41","0.68","0.14","41.34","74.1","17.76","62.6","9.49","38.57","0.01","0","0","5.56","39.02","0.68","20","0.14","9.08","43.28","","","0","0","","",""
"T. Duka","Croatia 1.","Zadar","GK","33","150000","","7","657","0","0","0","0","Croatia","right","191","no","2.33","0.14","0","0.27","50","0","3.04","0","0","0","0","0","0","0","0","0","0","0","0.14","0","0","0","0","17.12","74.4","10.55","59.74","6.58","45.83","0","0","0","2.88","42.86","0.55","0","0","4.66","64.71","2.19","6.58","66.67","1.82","-2.71","-0.371","1.1"
"F. Svraka","Croatia 1.","Bijelo Brdo","LAMF, LW","20","0","","13","655","2","0.83","1","0.08","Croatia","","0","no","10.03","5.91","81.4","4.26","19.35","0.14","5.67","0.27","0.11","0.14","13","1.79","38.46","15.385","0.82","16.67","1.79","23.08","7.56","29.09","2.2","0.82","0.27","18.41","69.4","7.15","55.77","1.92","35.71","0.01","0","0.27","2.06","33.33","1.1","25","0.41","3.57","57.69","","","0","0","","",""
"D. Đurković","Croatia 1.","Rudeš","RDMF, LCMF, AMF","23","0","","11","654","3","0.64","0","0.22","","unknown","0","no","8.53","8.53","62.9","2.48","61.11","0.14","4.62","0.41","0.09","0.28","11","1.51","63.64","27.273","1.1","12.5","1.79","69.23","8.53","48.39","0.55","1.65","0","51.61","85.07","13.49","72.45","3.3","45.83","0.03","0.28","0.14","5.64","63.41","2.2","25","0.41","4.95","63.89","","","0","0","","",""
"D. Ravlić","Croatia 1.","Hrvace","DMF, LDMF","22","0","","8","652","0","0.38","0","0.15","Croatia","unknown","0","no","10.21","7.59","70.91","2.35","35.29","0.14","6.44","0","0.05","0","9","1.24","11.11","0","0.69","60","1.38","50","3.73","37.04","0.28","0.97","0","41.27","80.27","15.46","64.29","6.9","58","0.02","0","0.14","9.25","70.15","1.38","50","0.41","8.83","76.56","","","0","0","","",""
"K. Čabrajić","Croatia 1.","Vukovar","LB, RDMF, LDMF","21","0","2027-06-30","8","650","0","0.66","0","0.15","Croatia","left","171","yes","10.38","7.34","54.72","1.8","46.15","0.28","8.13","0","0.09","0","6","0.83","16.67","0","1.66","8.33","1.25","77.78","5.4","41.03","0.83","1.52","0.14","37.66","84.19","11.08","76.25","3.74","59.26","0.02","0","0","3.88","67.86","1.8","30.77","0.55","4.57","63.64","","","0","0","","",""
"M. Kuzminski","Croatia 1.","Cibalia","AMF, LCMF, RCMF","24","0","","10","650","0","0.08","0","0.41","Croatia","","0","no","9.69","7.75","55.36","3.6","30.77","0.14","5.28","0","0.01","0","5","0.69","0","0","0.83","0","1.66","50","9.55","44.93","1.11","0.83","0","37.25","76.21","9.42","61.76","3.88","42.86","0.06","0.42","0.14","7.34","66.04","2.63","42.11","0.97","4.43","65.63","","","0","0","","",""
"P. Majdandžić","Croatia 1.","Orijent 1919","LB, LWB","21","0","2026-06-15","10","649","0","0.04","3","1.25","Croatia","left","0","no","10.82","8.18","62.71","4.58","57.58","0.28","6.54","0","0.01","0","2","0.28","0","0","6.38","28.26","2.77","55","7.49","38.89","0.97","1.53","0.69","35.08","60.87","12.76","45.65","3.88","35.71","0.17","0","0.97","5.27","42.11","5.41","30.77","0.14","6.8","61.22","","","0","0","","",""
"D. Ereiz","Croatia 1.","Karlovac 1919","RB","24","0","","8","648","0","0","0","0.95","Croatia","","0","no","8.33","5.56","62.5","1.94","42.86","0.42","4.35","0","0","0","1","0.14","0","0","2.5","44.44","0.97","14.29","4.17","36.67","0.83","0.14","0","29.86","73.02","10.42","60","6.53","44.68","0.13","0","0.56","4.17","53.33","3.61","53.85","0.69","7.36","67.92","","","0","0","","",""
"F. Mažar","Croatia 1.","Slaven Belupo","LAMF, LW, AMF","21","0","2028-06-30","12","645","1","1.04","0","0.74","Croatia","right","0","no","7.12","6.28","57.78","4.05","34.48","0","4.89","0.14","0.14","0","13","1.81","53.85","7.692","1.81","7.69","5.02","66.67","13.26","42.11","3.63","2.23","0.56","28.33","78.82","10.6","73.68","1.67","50","0.1","0.14","0.28","5.16","62.16","1.67","33.33","0.84","4.47","78.13","","","0","0","","",""
"R. Žlibanović","Croatia 1.","Opatija","RCMF, LCMF, RDMF","19","0","2028-06-30","8","643","0","0.14","0","0.45","Croatia","","0","no","5.74","5.46","61.54","3.5","16","0.14","2.97","0","0.02","0","5","0.7","0","0","0.84","16.67","1.4","60","5.46","30.77","1.54","0.98","0","25.19","74.44","7.28","55.77","2.94","47.62","0.06","0","0.14","3.64","65.38","0.98","57.14","0.98","3.92","60.71","","","0","0","","",""
"I. Dominić","Croatia 1.","Dubrava Zagreb","LB, RB, LWB","23","0","","8","641","0","0.35","0","0.09","Croatia","left","182","no","12.22","6.74","75","2.11","33.33","0.28","9.31","0","0.05","0","8","1.12","12.5","0","2.53","5.56","2.11","53.33","5.48","48.72","0.84","0.98","0.14","37.91","72.96","14.74","67.62","6.04","55.81","0.01","0","0.28","6.46","63.04","2.67","47.37","1.26","7.86","66.07","","","0","0","","",""
"M. Barnabas","Croatia 1.","Sesvete","LDMF, RCMF, LCMF","22","0","2026-06-30","8","635","0","0.02","0","0","Nigeria","right","176","no","9.78","6.66","61.7","2.55","38.89","0.43","6.89","0","0","0","1","0.14","0","0","0","0","0.57","50","4.39","54.84","0.14","0.57","0","31.18","79.09","13.46","64.21","4.96","48.57","0","0","0","4.96","60","0.57","50","0.28","5.67","62.5","","","0","0","","",""
"I. Miličević","Croatia 1.","Dubrava Zagreb","LW, RAMF","24","0","","8","634","2","1.08","0","0.73","Croatia","","0","no","6.53","7.24","64.71","6.67","40.43","0","2.85","0.28","0.15","0.14","7","0.99","42.86","28.571","0.85","16.67","4.68","57.58","13.34","35.11","2.84","1.42","0.43","17.6","60.48","6.39","42.22","1.42","20","0.1","0","0.28","2.41","35.29","0.99","42.86","0.57","2.56","50","","","0","0","","",""
"N. Garic","Croatia 1.","Dugopolje","RCMF, CF","22","50000","2026-06-15","12","633","1","1.52","1","0.92","Germany","unknown","0","yes","4.41","4.12","58.62","1.14","12.5","0.43","2.5","0.14","0.22","0","12","1.71","25","8.333","1.85","38.46","1.85","69.23","6.4","40","1.28","1.99","0.43","28.15","80.3","7.25","76.47","2.13","66.67","0.13","0.28","0.43","3.55","84","1.99","35.71","0.57","4.27","80","","","0","0","","",""
"J. Vrcić","Croatia 1.","Birkirkara","RAMF, RW, AMF","21","0","2026-06-30","10","633","2","1.92","1","1.24","Croatia","left","0","no","7.11","4.83","61.76","2.27","37.5","0.28","5.15","0.14","0.27","0","16","2.27","43.75","12.5","1.56","27.27","3.55","64","10.09","46.48","2.13","1.71","0.43","22.04","67.74","6.54","45.65","1.85","61.54","0.18","0.14","0.43","1.99","50","1.28","44.44","0.57","3.55","56","","","0","0","","",""
"P. Jug","Croatia 1.","Jarun","LDMF, LCMF, RCMF","24","50000","2026-05-31","10","628","0","0.13","0","0.25","Croatia","right","182","no","10.75","9.32","64.62","4.16","51.72","0.57","5","0","0.02","0","2","0.29","50","0","0.14","0","0","0","3.3","34.78","0.72","1","0","22.21","64.52","7.6","33.96","3.87","25.93","0.04","0","0","4.16","41.38","0.86","0","0.14","4.16","37.93","","","0","0","","",""
"J. Palić","Croatia 1.","Dubrava Zagreb","RB","24","200000","","10","626","1","0.1","1","0.07","Croatia","","0","no","10.06","7.91","76.36","4.31","50","0.43","5.38","0.14","0.01","0","4","0.58","50","25","2.59","5.56","0.29","50","2.01","35.71","0.14","0.58","0.14","43.56","74.92","18.12","64.29","7.76","59.26","0.01","0.14","0","7.04","71.43","2.44","11.76","0.14","10.06","65.71","","","0","0","","",""
"A. Buneta","Croatia 1.","Karlovac 1919","RCB","19","0","","8","622","1","0.42","0","0","Croatia","","0","no","6.95","4.92","73.53","2.89","40","0.14","3.91","0.14","0.06","0.14","3","0.43","33.33","33.333","0.29","0","0.14","0","2.03","35.71","0.58","0.43","0","48.47","82.09","17.51","66.94","12.01","54.22","0","0","0","9.26","57.81","0.72","20","0.14","8.97","79.03","","","0","0","","",""
"R. Gonzales","Croatia 1.","Vukovar","AMF, LW, CF","27","0","","7","617","1","1.2","2","1.24","Colombia","","0","no","6.56","5.4","78.38","1.02","14.29","0.15","2.88","0.15","0.18","0","12","1.75","8.33","8.333","1.31","33.33","3.35","43.48","14.29","37.76","2.48","2.04","0.15","32.53","82.51","10.06","65.22","3.06","42.86","0.18","0","0.73","4.52","54.84","3.21","68.18","2.04","4.81","84.85","","","0","0","","",""
"V. Kanižaj","Croatia 1.","Sesvete","LW, LAMF","23","0","2026-06-30","12","607","0","1.23","0","0.64","Croatia","right","176","no","4.45","4.15","50","2.82","31.58","0.15","2.92","0","0.18","0","13","1.93","30.77","0","2.37","31.25","4.3","58.62","11.27","31.58","2.08","2.37","1.04","23.13","71.15","6.82","67.39","1.19","25","0.09","0.15","0.44","1.33","55.56","2.22","46.67","0.74","4.6","54.84","","","0","0","","",""
"T. Buljan","Croatia 1.","Solin","LCB","23","0","","7","605","0","0.33","0","0.06","Croatia","right","185","no","8.48","4.31","75.86","4.31","58.62","0.6","6.71","0","0.05","0","4","0.6","0","0","0","0","0.3","50","1.49","40","0.6","1.19","0","57.27","85.45","22.31","75.33","10.12","58.82","0.01","0.3","0","9.37","66.67","0.74","80","0.6","12.64","80","","","0","0","","",""
"N. Jakovljevic","Croatia 1.","Dubrava Zagreb","RW, RWB","22","0","","10","604","0","0.62","0","0.62","Croatia","","0","no","7.45","6.85","56.52","4.17","28.57","0.15","4.93","0","0.09","0","8","1.19","62.5","0","2.24","26.67","3.73","44","9.09","37.7","1.79","1.94","0.3","31.44","77.25","9.98","80.6","1.34","55.56","0.09","0","0.6","3.13","80.95","2.38","31.25","0.89","5.36","66.67","","","0","0","","",""
"J. Olaleke","Croatia 1.","Sesvete U19","RB, RCB","20","0","","9","603","0","0.02","0","0.35","Nigeria","unknown","0","no","12.24","5.82","74.36","4.48","66.67","0.3","9.68","0","0","0","1","0.15","0","0","1.64","54.55","0.9","66.67","4.03","48.15","0.3","1.94","0","38.51","77.13","16.72","65.18","7.31","51.02","0.05","0","0.3","5.97","50","2.39","62.5","0.6","8.81","64.41","","","0","0","","",""
"F. Petković","Croatia 1.","Jarun","CF, LAMF, RAMF","22","0","","11","599","4","2.18","0","0.75","Croatia","unknown","0","no","4.06","4.06","33.33","8.86","33.9","0.15","3.12","0.6","0.33","0","17","2.55","41.18","23.529","2.25","26.67","2.4","56.25","8.11","25.93","2.7","1.05","0.3","19.08","60.63","5.71","44.74","2.7","55.56","0.11","0.45","0.15","2.25","60","2.4","25","0.75","2.4","81.25","","","0","0","","",""
"Darío Serra","Croatia 1.","Vukovar","LAMF, LW, LWB","23","0","","7","592","1","0.81","0","0.51","Spain","right","180","no","3.8","2.89","36.84","2.58","23.53","0.15","3.62","0.15","0.12","0","13","1.98","23.08","7.692","1.52","40","4.56","40","13.38","36.36","3.34","2.13","0.46","25.84","77.65","6.08","60","1.22","50","0.08","0","0.3","2.13","78.57","1.37","77.78","0.91","5.02","63.64","","","0","0","","",""
"K. Pavičić","Croatia 1.","Vukovar","LB, LCB","26","50000","2026-06-30","8","582","0","0.08","0","0.73","Croatia","right","0","no","11.13","6.03","74.36","2.78","61.11","0.15","8.5","0","0.01","0","3","0.46","0","0","1.39","22.22","0.46","33.33","2.63","58.82","0.93","0.15","0.15","35.72","76.19","12.37","56.25","4.48","41.38","0.11","0","0","3.87","72","1.86","33.33","0.93","6.8","56.82","","","0","0","","",""
"A. Vukušić","Croatia 1.","Città di Acireale","CF, AMF","34","150000","2026-06-30","10","580","1","0.53","0","0.34","Croatia","right","180","no","2.48","2.48","50","4.5","24.14","0","1.36","0.16","0.08","0","6","0.93","33.33","16.667","0.47","66.67","0.78","60","4.19","48.15","2.79","0.62","0.16","19.09","75.61","4.03","61.54","1.4","44.44","0.05","0","0.16","2.33","53.33","1.09","71.43","0.78","2.02","69.23","","","0","0","","",""
"N. Cindrić","Croatia 1.","Sesvete","LCB, RCB","20","0","","8","578","0","0","0","0","Croatia","unknown","0","no","9.34","4.67","76.67","4.83","64.52","0.62","7.18","0","0","0","0","0","0","0","0","0","0.31","50","1.09","42.86","0.16","1.4","0","57.46","91.6","24.91","85","5.45","57.14","0","0","0","6.23","77.5","0","0","0","8.41","79.63","","","0","0","","",""
"M. Caktaš","Croatia 1.","Dugopolje","AMF, LCMF, CF","33","1100000","2026-05-31","6","576","2","0.89","0","0.6","Croatia","right","179","no","4.06","3.13","70","2.34","46.67","0","3.3","0.31","0.14","0.16","15","2.34","40","13.333","0.78","40","0.47","66.67","3.75","25","1.09","0.47","0","46.25","83.78","14.84","74.74","5","56.25","0.09","0.31","0.47","10","73.44","1.88","50","0.94","6.72","79.07","","","0","0","","",""
"T. Tomić","Croatia 1.","Dugopolje","GK","29","100000","","6","576","0","0","0","0","Croatia","right","0","no","1.56","0","0","0","0","0","2.75","0","0","0","0","0","0","0","0","0","0","0","0.31","100","0","0","0","23.91","81.7","13.44","75.58","7.81","54","0","0","0","1.41","33.33","0","0","0","6.25","55","1.41","2.81","50","0.97","-2.77","-0.433","1.41"
"N. Ocvirek","Croatia 1.","Jarun","LAMF, LW","21","0","2027-06-30","7","575","1","0.69","0","0.53","Croatia","right","179","no","4.85","4.85","61.29","2.82","11.11","0","1.62","0.16","0.11","0","11","1.72","27.27","9.091","2.35","33.33","5.95","47.37","12.37","27.85","2.66","2.35","0.47","17.69","61.06","4.23","51.85","1.88","25","0.08","0","0.47","2.03","46.15","1.72","45.45","0.31","2.82","66.67","","","0","0","","",""
"M. Gudelj","Croatia 1.","Croatia Zmijavci","GK","34","100000","","6","575","0","0","0","0","Croatia","","0","no","1.1","0.16","0","0","0","0","1.32","0","0","0","0","0","0","0","0","0","0","0","0","0","0","0","0","19.57","81.6","12.83","71.95","10.96","68.57","0","0","0","2.66","70.59","0","0","0","8.61","81.82","0.94","4.85","80.65","0.93","-0.06","-0.009","1.25"
"N. Curcija","Croatia 1.","Osijek","GK","24","50000","2028-06-30","6","573","0","0","0","0","Canada","right","195","no","2.04","0.16","0","0.79","100","0","2.29","0","0","0","0","0","0","0","0","0","0","0","0","0","0","0","0","11.94","65.79","6.75","44.19","5.18","36.36","0","0","0","2.04","30.77","0.47","0","0","2.98","57.89","0.94","4.24","77.78","1.54","3.83","0.602","1.1"
"J. Vukman","Croatia 1.","Hrvace","GK","22","0","","6","571","0","0","0","0.06","Croatia","unknown","0","no","1.58","0","0","0.95","100","0","2.36","0","0","0","0","0","0","0","0","0","0","0","0","0","0","0","0","33.73","82.24","19.23","73.77","12.14","57.14","0.01","0","0.16","1.73","27.27","0.16","0","0","9.14","63.79","0.79","4.57","82.76","1.16","2.38","0.375","1.42"
"S. Šuke","Croatia 1.","Opatija","RB","21","0","","6","571","0","0.06","0","0.08","Croatia","right","185","no","10.4","7.25","71.74","5.52","62.86","0.16","4.48","0","0.01","0","2","0.32","50","0","2.52","18.75","0.79","60","2.05","69.23","0.79","0.63","0","30.26","69.27","13.87","57.95","4.26","40.74","0.01","0","0","6.3","62.5","2.21","14.29","0.32","8.35","69.81","","","0","0","","",""
"I. Mamić","Croatia 1.","Jarun","LCB, DMF, RDMF","25","125000","","8","570","1","0.67","0","0","Canada","right","194","no","12.95","6.79","74.42","5.53","60","0.95","7.83","0.16","0.11","0","4","0.63","50","25","0.63","25","0.63","75","2.21","64.29","0.63","1.11","0","26.05","70.91","11.84","60","5.05","40.63","0","0","0","4.42","50","1.74","27.27","0.16","5.84","64.86","","","0","0","","",""
"Guilherme","Croatia 1.","Bijelo Brdo","LB, LCB","22","0","","6","570","1","0.57","0","0.18","Brazil","unknown","0","no","9.47","6.95","65.91","4.42","67.86","0.16","6.67","0.16","0.09","0.16","4","0.63","25","25","0.63","75","0.47","33.33","1.58","40","0.79","1.74","0","42.95","81.25","14.53","63.04","4.74","50","0.03","0","0.32","5.05","56.25","0.79","60","0.16","7.89","58","","","0","0","","",""
"T. Knöll","Croatia 1.","Al Ta'ee","CF, AMF","28","600000","2026-06-30","9","563","5","3.41","0","0.32","Germany","right","184","no","2.4","3.04","47.37","4.64","37.93","0","1.34","0.64","0.55","0.16","14","2.24","57.14","35.714","1.12","14.29","0.96","83.33","10.39","27.69","3.2","0.64","0","17.74","70.27","4.64","48.28","1.28","37.5","0.05","0.16","0.32","1.76","27.27","1.12","14.29","0.64","0.96","66.67","","","0","0","","",""
"R. Brajkovic","Croatia 1.","Rudeš","AMF, CF","22","0","2026-06-01","10","559","1","1.15","1","0.68","Croatia","unknown","0","no","4.67","4.03","68","5.31","33.33","0.32","2.47","0.16","0.18","0","11","1.77","45.45","9.091","0.32","100","1.45","66.67","12.24","44.74","3.22","1.93","0.16","19.96","70.16","5.64","62.86","1.45","44.44","0.11","0","0.97","2.9","61.11","1.29","87.5","0.97","2.58","68.75","","","0","0","","",""
"T. Ljubanović","Croatia 1.","Dubrava Zagreb","LCB, CB","25","50000","","7","559","0","0.17","0","0.02","Croatia","","0","no","7.08","3.7","82.61","4.51","50","0.81","5.71","0","0.03","0","1","0.16","0","0","0","0","0","0","1.29","62.5","0.16","0.32","0","36.55","84.14","15.94","76.77","5.47","64.71","0","0","0","4.19","73.08","0.16","100","0.16","9.18","70.18","","","0","0","","",""
"M. Stipić","Croatia 1.","Karlovac 1919","LCMF, RCMF","21","0","2027-12-31","7","552","3","1.03","1","0.36","Croatia","unknown","0","no","7.01","6.2","55.26","3.91","16.67","0.16","3.95","0.49","0.17","0.16","6","0.98","66.67","50","1.3","12.5","1.79","36.36","6.68","36.59","2.12","0.98","0","23.48","75","7.01","62.79","1.96","25","0.06","0.16","0.33","4.73","65.52","1.14","57.14","0.98","3.26","70","","","0","0","","",""
"D. Bagarić","Croatia 1.","Uskok Klis","RW, CF, LW","33","150000","","7","551","0","0.24","1","0.57","Austria","right","193","no","7.68","5.23","59.38","9.15","50","0.49","6.09","0","0.04","0","2","0.33","50","0","2.78","35.29","2.61","37.5","8.66","26.42","1.96","0.82","0","24.66","71.52","7.02","60.47","2.12","38.46","0.09","0.16","0.33","3.92","62.5","3.27","40","0.49","4.25","69.23","","","0","0","","",""
"G. Groznica","Croatia 1.","Opatija","AMF, LCMF, CF","24","0","","11","551","0","0.03","1","0.81","Croatia","right","173","no","8.66","6.21","65.79","4.9","36.67","0.33","4.72","0","0","0","3","0.49","0","0","0.49","33.33","3.59","59.09","11.76","45.83","1.47","2.29","0.33","30.87","75.13","10.78","62.12","2.61","50","0.13","0","0.49","3.76","56.52","1.31","50","1.47","4.57","60.71","","","0","0","","",""
"M. Gašpar","Croatia 1.","Karlovac 1919","LW, LWF","20","0","2027-06-15","12","547","1","0.91","0","0.4","Bosnia and Herzegovina","right","0","no","4.11","3.29","65","4.61","25","0","2.32","0.16","0.15","0","6","0.99","66.67","16.667","1.48","22.22","1.65","60","10.69","36.92","1.97","1.15","0.16","21.88","72.93","5.43","51.52","2.14","30.77","0.07","0","0.16","1.32","75","1.97","25","0.49","3.78","43.48","","","0","0","","",""
"M. Barać","Croatia 1.","Karlovac 1919","RB, LB","25","0","2027-06-30","6","529","0","0.08","0","0.08","Croatia","right","0","yes","10.89","6.12","75","3.23","63.16","0","7.6","0","0.01","0","6","1.02","0","0","3.74","22.73","1.53","33.33","3.23","21.05","0.68","1.36","0.34","29.09","66.67","10.72","55.56","5.78","44.12","0.01","0","0.17","5.27","54.84","3.06","27.78","0","7.32","74.42","","","0","0","","",""
"I. Mihaljević","Croatia 1.","Mladost Ždralovi","AMF, RDMF, RWF","26","0","2026-06-30","16","528","0","1.46","1","0.55","Croatia","left","0","no","6.14","5.63","60.61","4.94","44.83","0.17","2.73","0","0.25","0","16","2.73","25","0","0.85","60","2.22","38.46","8.01","29.79","2.39","1.36","0.17","23.35","78.83","6.48","60.53","3.24","31.58","0.09","0.34","0","3.75","54.55","1.53","44.44","0.17","4.09","70.83","","","0","0","","",""
"J. Mijić","Croatia 1.","Hrvace","RCB","22","0","","6","524","0","0","0","0","Croatia","right","180","no","6.35","5.67","57.58","3.44","55","0.34","3.91","0","0","0","0","0","0","0","0.34","50","0.17","0","3.26","57.89","0","1.37","0.34","62.18","85.64","21.3","70.97","12.02","52.86","0","0","0","9.1","64.15","1.03","16.67","0","12.19","71.83","","","0","0","","",""
"N. Šepić","Croatia 1.","Dubrava Zagreb","LB, LCB","19","0","","6","522","1","0.53","0","0.43","Croatia","","0","yes","10.52","7.24","66.67","3.97","65.22","0.34","7.87","0.17","0.09","0","7","1.21","28.57","14.286","1.55","33.33","0.86","60","2.76","43.75","1.72","0.69","0","39.66","77.39","18.28","66.98","5.52","59.38","0.07","0","0.34","4.83","60.71","1.03","33.33","0.69","10.52","59.02","","","0","0","","",""
"D. Ropar","Croatia 1.","Hrvace","RB","20","0","","6","522","0","0.97","1","0.61","Croatia","","0","no","11.55","7.93","67.39","2.76","56.25","0.17","8.53","0","0.17","0","6","1.03","0","0","2.76","43.75","0.86","60","4.66","44.44","0.86","1.55","0.17","41.03","73.11","15.69","57.14","5.86","29.41","0.11","0","0.52","5.86","55.88","2.24","30.77","0","8.45","61.22","","","0","0","","",""
"I. Weitzer","Croatia 1.","Opatija","RCMF, AMF, LCMF","37","0","","11","522","2","1.1","1","1.19","Croatia","right","172","no","4.14","5","41.38","4.83","32.14","0.17","2.48","0.34","0.19","0.17","22","3.79","22.73","9.091","1.72","40","3.97","73.91","10.17","52.54","2.07","1.38","0.17","38.97","73.89","17.07","67.68","5.69","54.55","0.2","0.17","0.52","8.1","68.09","5.52","59.38","2.41","9.66","82.14","","","0","0","","",""
"L. Kapulica","Croatia 1.","Karlovac 1919","LCMF, AMF","21","0","2029-06-30","8","516","1","0.55","2","0.71","Croatia","right","179","no","6.98","5.41","61.29","3.84","27.27","0","4.5","0.17","0.1","0","7","1.22","42.86","14.286","0.7","0","2.97","47.06","13.43","33.77","1.92","2.27","0.52","25.47","78.08","8.2","70.21","1.57","77.78","0.12","0","0.35","3.66","76.19","1.57","77.78","1.22","4.36","76","","","0","0","","",""
"A. Švrljuga","Croatia 1.","Opatija","RB, LB","40","25000","2026-05-31","7","516","0","0.23","0","0.06","Croatia","right","176","no","10.29","6.8","61.54","2.09","41.67","0","5.13","0","0.04","0","3","0.52","66.67","0","1.92","9.09","0.87","60","2.44","57.14","0.87","0.52","0","27.03","70.97","13.6","66.67","7.33","47.62","0.01","0","0.17","6.1","74.29","1.4","12.5","0.35","8.55","69.39","","","0","0","","",""
"F. Brekalo","Croatia 1.","Neretva Metković","LB","23","100000","","7","514","0","0.08","0","0","Bosnia and Herzegovina","left","0","no","7.53","6.48","67.57","1.58","33.33","0","4.03","0","0.01","0","4","0.7","0","0","3.68","14.29","2.45","64.29","5.6","50","0.7","1.23","0.53","25.21","63.89","11.38","60","3.5","40","0","0","0","3.5","65","3.15","22.22","0.18","5.78","57.58","","","0","0","","",""
"F. Mlinar","Croatia 1.","Jarun","RDMF, LCMF, LDMF","33","150000","2027-06-30","7","513","0","0.04","1","0.29","Croatia","right","182","no","9.3","7.19","65.85","2.81","43.75","0","5.15","0","0.01","0","1","0.18","0","0","0.18","100","0.18","100","2.28","61.54","0.53","0.35","0","36.84","77.14","14.56","55.42","7.89","53.33","0.05","0","0.35","8.77","60","2.11","50","0.53","6.32","75","","","0","0","","",""
"J. Bilajac","Croatia 1.","Orijent 1919","RW, LWF, LCMF","20","0","2027-06-15","11","512","1","0.41","0","0.72","Croatia","","0","no","5.8","4.75","55.56","1.41","37.5","0.18","3.52","0.18","0.07","0","6","1.05","33.33","16.667","4.22","33.33","2.99","64.71","6.33","36.11","3.16","1.41","0.18","26.19","63.76","7.21","48.78","1.41","62.5","0.13","0.18","0.7","2.64","60","3.87","45.45","0.88","3.87","63.64","","","0","0","","",""
"T. Polić","Croatia 1.","Bijelo Brdo","AMF, CF","23","0","","10","512","0","0.72","1","0.21","Croatia","right","0","no","6.15","5.8","66.67","6.68","15.79","0","2.54","0","0.13","0","11","1.93","18.18","0","1.93","36.36","2.11","16.67","8.09","30.43","2.81","1.05","0.18","20.39","58.62","6.5","56.76","2.46","50","0.04","0","0.88","3.69","61.9","2.81","37.5","0.88","5.1","72.41","","","0","0","","",""
"Z. Jakovljevic","Croatia 1.","Bijelo Brdo","RB, RCB","20","0","","9","509","0","0.23","0","0","Croatia","right","0","no","13.26","9.55","70.37","6.54","70.27","0.35","8.97","0","0.04","0","3","0.53","0","0","0.71","0","0.71","25","4.6","42.31","0.35","1.06","0","39.78","73.78","20.51","65.52","5.66","50","0","0.18","0.18","5.83","63.64","1.41","12.5","0.18","9.9","57.14","","","0","0","","",""
"D. Rešetar","Croatia 1.","Orijent 1919","CF, RWF, RW","25","200000","2026-06-15","12","498","0","0.56","2","0.39","Croatia","right","183","no","4.34","3.43","47.37","4.16","39.13","0.18","3.88","0","0.1","0","9","1.63","22.22","0","0.72","0","1.81","60","4.16","56.52","1.99","1.27","0","17.17","67.37","4.34","54.17","1.08","50","0.07","0","0.36","1.99","63.64","0.9","40","0.9","2.71","53.33","","","0","0","","",""
"M. Novak-Stanko","Croatia 1.","Dubrava Zagreb","LCB, RCB","22","0","","8","494","0","0.41","0","0.02","Croatia","left","188","no","7.65","4.74","69.23","4.92","59.26","0.36","6.05","0","0.08","0","7","1.28","14.29","0","1.09","16.67","0.18","100","0.73","75","1.09","1.28","0.18","56.84","77.24","34.25","65.96","14.94","45.12","0","0","0","14.03","55.84","2.91","43.75","1.28","15.3","70.24","","","0","0","","",""
"M. Brkljača","Croatia 1.","PAS Giannina","RCMF, DMF, AMF","21","0","2026-06-30","7","489","1","0.08","0","0.28","Croatia","left","176","no","6.81","5.15","67.86","1.47","25","0","3.24","0.18","0.02","0","1","0.18","100","100","1.1","33.33","2.02","54.55","5.52","40","0.92","0.92","0","31.47","71.35","11.96","60","3.87","38.1","0.05","0","0.18","4.23","56.52","2.02","45.45","0.55","5.89","46.88","","","0","0","","",""
"D. Trajkov","Croatia 1.","Dugopolje","CF, RW","21","0","2028-06-30","8","489","2","1.68","1","0.99","North Macedonia","left","184","yes","2.21","2.58","42.86","5.15","25","0.18","1.39","0.37","0.31","0.18","6","1.1","50","33.333","0.74","75","2.21","41.67","9.75","26.42","2.21","0.92","0.18","14.72","76.25","2.58","50","0.55","66.67","0.18","0","0.55","0.37","50","0.55","33.33","0.18","1.29","71.43","","","0","0","","",""
"M. Ljevar","Croatia 1.","Rudeš","RB","23","0","","8","485","0","0.05","1","0.65","Croatia","","0","no","9.84","8.72","48.94","2.78","53.33","0.37","7.96","0","0.01","0","1","0.19","100","0","3.9","42.86","1.11","66.67","3.34","50","0.93","2.04","0.74","38.41","78.74","17.63","74.74","5.38","65.52","0.12","0","1.11","5.57","60","2.6","64.29","0.37","8.91","81.25","","","0","0","","",""
"G. Makuochukwu","Croatia 1.","Udarnik Kurilovec","LCB, RCB","23","0","","9","484","0","0","0","0.04","Nigeria","unknown","0","no","8.55","5.76","67.74","3.9","57.14","0.56","6.64","0","0","0","0","0","0","0","0.19","100","0.19","100","1.86","50","0.19","0.37","0","38.12","86.83","16.55","75.28","6.69","63.89","0.01","0","0","4.83","61.54","0.56","100","0.56","8.55","73.91","","","0","0","","",""
"J. Dizdar","Croatia 1.","Croatia Zmijavci","GK","24","0","","6","484","0","0","0","0","Croatia","right","187","no","1.86","0.37","100","0.37","100","0","1.91","0","0","0","0","0","0","0","0","0","0","0","0","0","0","0","0","13.02","87.14","6.32","73.53","4.28","60.87","0","0","0","1.67","33.33","0.37","0","0","2.79","73.33","1.49","6.51","77.14","2.26","4.16","0.774","1.3"
"D. Buličić","Croatia 1.","Dugopolje","RB","21","0","","6","480","0","0.69","0","0.02","Croatia","unknown","0","no","12.94","11.81","68.25","5.81","54.84","0","7.04","0","0.13","0","9","1.69","11.11","0","4.13","27.27","2.81","66.67","7.69","43.9","1.88","2.44","0.19","33.19","65.54","16.13","60.47","5.63","46.67","0","0","0","5.81","58.06","3","43.75","0.56","9","70.83","","","0","0","","",""
"L. Perić","Croatia 1.","Dugopolje","RW, RAMF, RCMF","24","0","","11","477","2","0.45","0","0.57","Croatia","","0","no","5.47","7.17","57.89","1.13","0","0","1.5","0.38","0.08","0","8","1.51","50","25","1.89","10","2.83","40","10.38","38.18","2.64","1.13","0","18.49","65.31","5.09","74.07","1.51","50","0.11","0","0.19","1.7","44.44","2.26","25","0.19","3.02","75","","","0","0","","",""
"Z. Katalinić","Croatia 1.","Slaven Belupo","RCB","21","0","2028-06-30","5","476","0","0.12","0","0","Croatia","right","0","no","10.02","5.48","51.72","5.86","58.06","2.08","7.92","0","0.02","0","1","0.19","0","0","0.19","0","0.95","100","3.03","56.25","0.38","2.08","0","27.04","83.22","11.91","68.25","5.11","44.44","0","0","0","4.73","48","1.32","28.57","0.38","4.54","58.33","","","0","0","","",""
"K. Kralj","Croatia 1.","Rudeš","GK","24","0","2026-06-15","5","476","0","0","0","0","Croatia","right","190","no","1.51","0","0","0.38","100","0","2.16","0","0","0","0","0","0","0","0","0","0","0","0.19","100","0","0","0","22.69","90","12.48","84.85","6.81","75","0","0","0","1.32","71.43","0.19","0","0","5.48","75.86","0.95","3.59","73.68","1.01","0.34","0.064","0.95"
"F. Andrijašević","Croatia 1.","Orijent 1919","LW, LWF, LCMF","34","700000","2027-06-15","5","476","2","1.24","0","0.24","Croatia","right","188","no","5.11","2.46","76.92","2.84","66.67","0.19","4.29","0.38","0.23","0.19","11","2.08","63.64","18.182","0.19","100","0.95","40","7","29.73","3.03","2.27","0.57","30.82","88.96","10.59","85.71","2.08","45.45","0.04","0.38","0.57","3.78","85","1.32","85.71","1.13","4.35","78.26","","","0","0","","",""
"R. Janjiš","Croatia 1.","Dubrava Zagreb","CF, LCMF","31","100000","","7","471","0","0.19","1","0.22","Croatia","","0","no","6.88","7.07","62.16","1.91","10","0","2.27","0","0.04","0","4","0.76","25","0","0.96","40","0.19","100","4.39","26.09","0.57","1.34","0.19","38.22","81","13.38","62.86","4.39","39.13","0.04","0","0.38","6.88","63.89","2.68","50","1.34","5.16","74.07","","","0","0","","",""
"P. Škarić","Croatia 1.","Hrvace","AMF, CF, LCMF","26","0","","5","468","0","1.15","0","0.44","Croatia","unknown","0","no","8.46","6.35","57.58","5.19","37.04","0.38","7.35","0","0.22","0","16","3.08","18.75","0","1.54","37.5","1.15","66.67","5.96","45.16","2.69","1.35","0","27.31","70.42","11.15","63.79","3.85","50","0.08","0.19","0.38","5.38","64.29","2.69","57.14","0.96","6.15","75","","","0","0","","",""
"J. Biljan","Croatia 1.","Vukovar","RCMF, RDMF, DMF","30","100000","2027-06-30","8","459","0","0.12","1","0.2","Croatia","right","178","no","8.24","7.84","60","1.37","28.57","0.39","3.45","0","0.02","0","2","0.39","50","0","0.2","0","0.2","100","2.35","41.67","0.98","0.98","0.39","32.35","87.88","9.22","76.6","1.76","44.44","0.04","0.39","0.2","4.12","71.43","0.78","50","0.59","3.73","84.21","","","0","0","","",""
"V. Pelko","Croatia 1.","Radomlje","CF","24","0","2027-06-30","7","458","4","3.19","0","0.07","Croatia","unknown","0","no","2.95","3.54","50","4.52","21.74","0","1.62","0.79","0.63","0","14","2.75","50","28.571","0.59","33.33","1.97","40","8.06","31.71","3.73","1.38","0","11.79","71.67","2.36","75","0.79","100","0.01","0","0","0.59","33.33","0","0","0.2","0.39","50","","","0","0","","",""
"I. Pejić","Croatia 1.","Sesvete","RW, RAMF, AMF","25","0","2026-06-30","9","455","0","0.35","1","0.7","Croatia","right","186","no","8.11","6.13","74.19","5.14","34.62","0","4.32","0","0.07","0","8","1.58","12.5","0","2.37","16.67","3.16","37.5","8.31","28.57","1.38","0.99","0.4","19.58","65.66","7.32","59.46","2.18","18.18","0.14","0","0.4","2.97","60","1.98","40","0.59","2.37","83.33","","","0","0","","",""
"R. Tudor","Croatia 1.","Dugopolje","RCB","19","0","","8","453","0","0","0","0.11","Croatia","unknown","0","no","8.94","5.76","75.86","3.97","60","0.6","6","0","0","0","0","0","0","0","0","0","0","0","0.2","100","0.4","0.6","0","43.31","84.4","21.85","75.45","8.54","48.84","0.02","0","0.2","6.75","67.65","0.6","33.33","0.2","10.73","74.07","","","0","0","","",""
"J. Vučković","Croatia 1.","Hrvace","LAMF, RAMF, RW","25","0","","6","450","1","0.93","0","1.23","Croatia","","0","no","7.2","6.2","67.74","5.2","46.15","0","4.5","0.2","0.19","0","10","2","20","10","5","28","4.8","37.5","11.6","29.31","2.4","2.4","0.2","27.6","65.22","6","43.33","3.8","31.58","0.25","0.2","0.8","2","40","4.2","38.1","1.2","5.6","50","","","0","0","","",""
"F. Hrs","Croatia 1.","Bijelo Brdo","AMF, CF","21","0","","8","446","0","0.46","0","0.5","Croatia","","0","no","6.05","5.65","64.29","4.44","27.27","0.4","3.27","0","0.09","0","10","2.02","40","0","1.21","0","4.44","40.91","16.55","23.17","1.82","2.22","0.4","29.06","71.53","11.1","65.45","3.23","43.75","0.1","0","0.4","3.83","57.89","1.41","42.86","1.41","4.84","75","","","0","0","","",""
"R. Peroš","Croatia 1.","Jarun","RAMF, LAMF, CF","20","0","","11","437","0","0.72","0","0","Croatia","unknown","0","no","4.12","3.3","62.5","4.32","28.57","0.21","2.73","0","0.15","0","4","0.82","25","0","1.03","20","2.47","33.33","5.56","22.22","2.88","0.21","0","19.98","72.16","4.94","50","1.65","12.5","0","0","0","2.27","45.45","1.03","20","0","3.09","40","","","0","0","","",""
"A. Pejanović","Croatia 1.","Opatija","RW, CF, LWF","34","0","","12","435","1","2.37","0","0.31","Croatia","right","193","no","6","5.38","57.69","8.07","48.72","0.21","3.53","0.21","0.49","0","16","3.31","18.75","6.25","1.86","66.67","4.14","35","13.86","22.39","4.76","1.86","0.83","17.38","65.48","3.93","57.89","1.86","44.44","0.06","0","0.21","1.66","50","1.45","42.86","0.83","2.69","76.92","","","0","0","","",""
"A. Reyvandi","Croatia 1.","Jarun","LB","22","0","2027-06-30","6","432","0","0","0","0","Iran","left","170","no","10.42","6.04","65.52","2.71","53.85","0.42","6.85","0","0","0","0","0","0","0","0.63","33.33","0.21","100","2.5","41.67","0","0.63","0","24.38","66.67","14.17","55.88","5.42","42.31","0","0","0","3.75","50","0.83","25","0","7.29","60","","","0","0","","",""
"D. Šarić","Croatia 1.","Dugopolje","CF","20","0","","9","431","0","1.33","0","0.69","Croatia","unknown","0","no","4.18","4.39","71.43","8.14","38.46","0","1.58","0","0.28","0","7","1.46","57.14","0","2.71","46.15","1.04","40","11.07","26.42","3.13","0.84","0","21.51","66.99","5.43","38.46","2.51","50","0.14","0","0","3.13","53.33","2.3","45.45","0.42","3.55","64.71","","","0","0","","",""
"S. Muhammad Ibrahim","Croatia 1.","Dubrava Zagreb","LCMF, RDMF, LW","24","0","","7","422","0","0.16","1","0.36","Nigeria","","0","no","4.91","5.55","50","5.97","39.29","0","3.33","0","0.03","0","10","2.13","0","0","0.43","100","1.28","33.33","4.91","47.83","0.43","0.85","0.43","33.06","73.55","14.08","60.61","3.41","43.75","0.08","0","0.21","6.18","58.62","1.49","42.86","0.85","5.76","70.37","","","0","0","","",""
"A. Stojakovic","Croatia 1.","Lokomotiva Zagreb","CF, RW, RAMF","21","0","2027-06-30","7","421","0","0.34","0","0.3","Slovenia","","0","no","6.2","5.99","57.14","9.19","37.21","0.21","2.86","0","0.07","0","7","1.5","28.57","0","0.64","33.33","2.35","45.45","8.55","35","2.78","1.71","0","22.23","65.38","8.34","46.15","3.63","35.29","0.06","0","0.43","4.49","47.62","1.28","66.67","1.5","4.7","59.09","","","0","0","","",""
"F. Žilinski","Croatia 1.","Karlovac 1919","LB, LW","23","0","2027-06-15","9","421","1","0.3","1","0.85","Croatia","left","171","yes","8.76","5.99","71.43","4.28","50","0.21","5.18","0.21","0.06","0","3","0.64","33.33","33.333","4.06","52.63","2.14","40","6.2","31.03","2.57","1.5","0","36.98","75.14","15.82","70.27","3.42","43.75","0.18","0","1.07","6.41","63.33","5.56","53.85","1.71","8.76","82.93","","","0","0","","",""
"F. Shehu","Croatia 1.","Opatija","RDMF, RCMF, DMF","23","50000","2027-01-10","7","421","0","0.29","0","0.35","France","left","187","no","10.05","11.12","55.77","2.99","42.86","0.21","4.1","0","0.06","0","5","1.07","20","0","0","0","1.07","20","5.77","14.81","0.86","1.71","0.43","29.71","76.26","10.05","53.19","4.06","36.84","0.07","0","0.21","4.06","57.89","0.86","25","0.43","4.7","54.55","","","0","0","","",""
"N. Radujković","Croatia 1.","Croatia Zmijavci","LWB, LB, RB","21","0","","5","418","0","0.6","0","0.47","Croatia","","0","no","9.04","8.18","63.16","2.37","45.45","0.43","4.75","0","0.13","0","9","1.94","11.11","0","4.95","30.43","3.23","46.67","6.24","44.83","1.51","1.29","0.43","36.6","61.18","15.29","49.3","8.83","39.02","0.1","0","0.22","4.52","28.57","5.17","37.5","0.43","11.2","59.62","","","0","0","","",""
"P. Mišić","Croatia 1.","Cibalia","LAMF, RAMF, RCMF","31","150000","2026-06-15","10","417","1","0.37","1","0.51","Germany","left","176","no","2.59","4.1","52.63","1.29","0","0","0.59","0.22","0.08","0","11","2.37","27.27","9.091","2.37","36.36","3.24","60","8.63","40","1.29","1.51","0.22","21.58","69","6.47","53.33","1.51","14.29","0.11","0.22","0.43","2.37","36.36","3.88","50","1.08","3.88","77.78","","","0","0","","",""
"L. Ibáñez","Croatia 1.","Sesvete","LCMF, LB, LDMF","37","50000","2026-06-15","6","416","0","0","1","1.05","Argentina","left","170","no","9.95","5.19","58.33","2.16","60","0.65","7","0","0","0","1","0.22","0","0","2.38","36.36","0.22","0","2.16","50","0.22","0.65","0","34.4","63.52","17.31","56.25","11.47","47.17","0.23","0.22","0.65","9.95","47.83","4.98","30.43","1.08","9.95","71.74","","","0","0","","",""
"I. Vukić","Croatia 1.","Cibalia","LDMF, LCMF, AMF","22","0","","9","416","1","0.54","0","0","Croatia","unknown","0","no","8.22","8.44","71.79","1.73","12.5","0.22","3.37","0.22","0.12","0","5","1.08","20","20","0.43","50","1.73","50","4.98","56.52","1.3","1.73","0","34.62","86.88","9.3","88.37","2.16","40","0","0","0","6.06","85.71","0.22","100","0.22","4.76","81.82","","","0","0","","",""
"Allyson","Croatia 1.","Rudeš","LW, LAMF, RW","25","0","2027-06-26","6","411","2","1.56","1","0.49","Brazil","right","0","no","8.98","6.35","58.62","9.85","60","0","7.5","0.44","0.34","0.22","18","3.94","38.89","11.111","2.19","20","5.47","52","14.01","43.75","5.91","2.63","0.22","17.3","70.89","5.04","69.57","1.09","60","0.11","0","0.22","0.66","33.33","1.75","37.5","0.88","3.5","50","","","0","0","","",""
"Z. Nižić","Croatia 1.","Dugopolje","RCB","36","250000","2026-06-15","6","410","0","0","0","0","Croatia","right","195","no","8.12","5.49","68","3.51","68.75","0.22","7.31","0","0","0","0","0","0","0","0","0","0.22","100","0.88","25","0","0.88","0","79.02","92.22","31.83","85.52","9.44","72.09","0","0","0","6.59","83.33","0","0","0","13.39","78.69","","","0","0","","",""
"T. Palić","Croatia 1.","Zrinjski","LB","24","0","","5","408","1","0.33","1","0.8","Croatia","left","0","no","12.13","7.72","60","3.53","50","0.44","8.35","0.22","0.07","0","5","1.1","40","20","1.54","42.86","0.66","66.67","3.75","52.94","2.21","1.54","0","30.88","70.71","13.68","59.68","4.41","55","0.18","0","0.22","2.87","69.23","2.21","40","1.32","7.72","60","","","0","0","","",""
"A. Firmino","Croatia 1.","Renofa Yamaguchi","CF","27","0","2026-06-30","5","408","4","5.24","0","0.13","Brazil","both","186","no","5.29","3.75","52.94","5.96","62.96","0","4.02","0.66","1.16","0.44","17","3.75","64.71","23.529","0.88","25","1.76","37.5","11.03","32","5.74","1.32","0.22","16.54","62.67","4.41","60","1.1","40","0.03","0.22","0","2.65","50","1.32","16.67","0.66","2.21","70","","","0","0","","",""
"K. Nazor","Croatia 1.","Croatia Zmijavci","LCMF, LAMF, CF","21","0","","9","407","1","0.2","0","0.19","Croatia","right","0","no","9.73","9.73","63.64","7.74","34.29","0","3.03","0.22","0.04","0","2","0.44","50","50","0.66","0","2.43","27.27","9.07","26.83","1.77","1.33","0","24.1","70.64","5.75","50","1.77","25","0.04","0.22","0.22","2.87","30.77","0.66","33.33","1.11","2.43","63.64","","","0","0","","",""
"M. Roos-Trujillo","Croatia 1.","Kerala Blasters","RW, RAMF","22","150000","2026-05-31","8","405","0","0.24","0","0.79","Germany","right","180","no","6.22","6.67","56.67","0.67","33.33","0","3.27","0","0.05","0","3","0.67","66.67","0","3.11","35.71","1.11","20","6.44","27.59","2.44","1.56","0.22","32.67","70.75","9.56","60.47","2.22","30","0.18","0","0.67","2.67","58.33","6.22","46.43","2.44","6.22","82.14","","","0","0","","",""
"M. Bužić","Croatia 1.","Jarun","RB","21","0","","8","404","0","0","0","0.17","Croatia","","0","no","7.57","5.79","65.38","2.23","20","0","4.64","0","0","0","0","0","0","0","2.9","30.77","1.34","50","4.9","36.36","0.45","1.56","0","30.97","70.5","14.48","58.46","7.35","45.45","0.04","0","0","4.68","42.86","3.79","29.41","0","6.68","66.67","","","0","0","","",""
"L. Kožić","Croatia 1.","Segesta Sisak","LDMF, LCMF, DMF","28","0","","9","400","0","0.96","0","0.4","Croatia","right","185","no","5.4","7.87","48.57","1.58","42.86","0.23","1.91","0","0.22","0","11","2.48","27.27","0","1.35","16.67","0.9","75","6.3","60.71","1.13","0.9","0","43.43","72.02","18.9","61.9","10.35","45.65","0.09","0","0","10.8","60.42","2.03","22.22","0.45","10.8","68.75","","","0","0","","",""
"C. Spandler","Hungary 1.","Fehérvár","LCB, CB","30","450000","2026-06-30","25","2384","1","0.83","0","0.32","Hungary","left","183","no","7.85","6.15","65.64","4.34","60.87","0.68","4.84","0.04","0.03","0","14","0.53","7.14","7.143","0.98","30.77","0.26","57.14","1.09","44.83","0.45","1.02","0.08","53.87","82.48","25.29","72.99","11.4","53.31","0.01","0","0.04","8.83","59.83","1.7","31.11","0.42","12.57","71.77","","","0","0","","",""
"M. Kovalovszki","Hungary 1.","Karcagi SE","RB, RW","26","0","","27","2383","3","2.47","0","1.86","Hungary","right","188","no","8.69","6.12","61.11","4.15","60","0.3","5.94","0.11","0.09","0.04","23","0.87","47.83","13.043","2.79","28.38","1.21","81.25","2.79","47.3","1.55","1.06","0.15","30.14","68.8","15.26","61.14","5.74","47.37","0.07","0","0.3","4.8","59.84","2.83","46.67","0.6","9.74","68.6","","","0","0","","",""
"Paulo Vinícius","Hungary 1.","BVSC","RCB, CB","36","150000","2026-06-30","25","2383","0","0.59","1","0.31","Brazil","right","184","no","7.55","4","66.98","7.55","62","0.42","5.37","0","0.02","0","11","0.42","45.45","0","0.15","25","0.23","83.33","2.38","66.67","0.57","0.49","0","35.88","80.53","17.18","67.69","8.01","53.77","0.01","0.04","0.04","5.25","58.27","0.49","23.08","0.19","8.27","64.38","","","0","0","","",""
"D. Horvath","Hungary 1.","Kozármisleny","LCB, RCB","24","0","2026-06-30","25","2376","2","2.02","0","0.45","Hungary","","0","no","10.3","4.89","63.57","5.61","61.49","0.83","8.77","0.08","0.08","0","12","0.45","58.33","16.667","0.45","50","0.19","40","0.95","28","0.72","0.38","0","47.84","82.9","19.96","69.07","8.18","49.07","0.02","0.04","0.04","6.86","54.7","1.36","41.67","0.34","9.62","72.05","","","0","0","","",""
"B. Pál","Hungary 1.","Csákvári TK","RCB","19","0","2029-06-30","25","2376","2","1.9","0","0.12","Hungary","unknown","0","no","8.86","5.8","71.9","5.19","54.74","0.61","6.18","0.08","0.07","0.04","9","0.34","55.56","22.222","0.38","10","0.19","80","0.98","46.15","0.76","0.83","0.08","38.86","82.46","16.21","69.39","7.01","50.81","0","0","0.04","4.43","51.28","0.57","20","0.11","7.35","58.76","","","0","0","","",""
"J. Urblík","Hungary 1.","Vasas","LCMF, AMF","29","275000","2028-06-30","26","2367","13","8.71","5","6.98","Slovakia","right","185","no","6.24","4.11","62.96","1.06","57.14","0.11","5.64","0.34","0.33","0.04","92","3.5","36.96","14.13","2.09","38.18","5.13","51.11","12.05","43.53","1.98","1.71","0.04","59.39","80.22","23.88","69.11","10","54.75","0.27","0.42","0.57","12.89","68.14","5.02","46.97","1.75","12.74","82.09","","","0","0","","",""
"C. Belényesi","Hungary 1.","Kecskeméti TE","CB, RCB","32","325000","2027-06-30","25","2362","1","1.85","0","0.15","Hungary","left","193","no","8.95","4.88","65.63","4.84","63.78","0.5","8.08","0.08","0.07","0","11","0.42","27.27","18.182","0","0","0.04","0","0.72","63.16","0.53","0.42","0.04","42.45","87.34","17.91","76.81","5.07","55.64","0.01","0.04","0","4.84","66.93","0.5","61.54","0.27","8.15","72.9","","","0","0","","",""
"K. Csernik","Hungary 1.","BVSC","LCMF, LDMF, RCMF","27","150000","","27","2341","4","2","1","2.63","Hungary","right","179","no","8.8","8.34","58.06","3.96","30.1","0.19","4.23","0.15","0.08","0","37","1.42","32.43","10.811","1.54","42.5","2.65","53.62","7.42","39.9","1.38","1.31","0.27","27.99","72.53","10.34","56.51","2.81","34.25","0.1","0.08","0.27","4.77","50.81","2.15","53.57","0.62","5","66.15","","","0","0","","",""
"T. Tujvel","Hungary 1.","Honvéd","GK","42","25000","2026-06-30","24","2307","0","0.08","0","0","Slovakia","right","190","no","1.29","0","0","0.43","100","0","2.07","0","0","0","1","0.04","100","0","0","0","0","0","0.16","75","0","0","0","13.46","84.35","7.88","75.74","5.89","67.55","0","0","0","2.18","53.57","0.2","0","0","4.72","81.82","0.78","2.89","72.97","0.86","2.11","0.082","1.4"
"A. Szabó","Hungary 1.","Kecskeméti TE","RCB","27","300000","2026-06-30","25","2283","1","1.8","2","0.77","Hungary","right","185","no","7.96","5.05","60.94","5.52","50","0.47","7.23","0.04","0.07","0","24","0.95","45.83","4.167","1.26","56.25","0.39","70","1.85","40.43","0.91","1.1","0.08","46.71","81.01","23.02","71.06","10.6","54.28","0.03","0.04","0.16","10.76","65.57","1.97","36","0.28","12.38","78.34","","","0","0","","",""
"K. Szűcs","Hungary 1.","Karcagi SE","RCMF, DMF, LCMF","29","75000","2026-06-30","26","2266","0","0.17","0","1.04","Hungary","right","176","no","10.6","8.46","61.03","2.5","42.86","0.48","6.22","0","0.01","0","7","0.28","57.14","0","0.36","22.22","0.36","55.56","1.51","55.26","0.2","0.24","0","28.91","71.02","13.54","54.25","5.76","37.93","0.04","0","0.04","6.67","50.6","1.27","25","0.2","6.35","62.5","","","0","0","","",""
"Á. Király","Hungary 1.","BVSC","LB, LCB","27","75000","2026-06-30","27","2212","0","0.26","0","0.47","Hungary","","0","no","11.88","8.3","66.67","3.38","43.37","0.37","6.61","0","0.01","0","6","0.24","0","0","1.59","38.46","0.45","63.64","1.83","48.89","0.04","0.77","0","33.44","65.82","17.17","56.16","8.5","44.02","0.02","0","0.16","7.32","45.56","2.2","37.04","0.33","10.74","58.71","","","0","0","","",""
"D. Csontos","Hungary 1.","Honvéd","LCB","23","200000","2026-06-30","23","2211","9","7.79","6","5.97","Hungary","left","185","no","7.12","4.88","68.33","2.56","44.44","0.37","5.78","0.08","0.32","0","30","1.22","53.33","30","2.32","54.39","0.73","72.22","2.28","64.29","0.53","1.34","0","43.31","79.89","20.92","69.46","10.58","55.77","0.24","0","0.49","9.36","65.22","3.05","62.67","0.77","12.78","78.98","","","0","0","","",""
"Á. Bódi","Hungary 1.","Duna Aszfalt Tiszakécskei","RW, RWF, RAMF","35","200000","","24","2155","5","4.26","4","4.95","Hungary","right","173","no","4.93","4.05","53.61","2.51","40","0.08","3.6","0.08","0.18","0","35","1.46","42.86","14.286","3.42","35.37","1.59","73.68","4.43","47.17","0.88","0.71","0.08","40.01","72.76","13.99","63.28","5.22","54.4","0.21","0.13","0.46","7.85","61.17","4.09","47.96","1","8.81","81.04","","","0","0","","",""
"T. Turi","Hungary 1.","Kozármisleny","LB, LCB","30","0","2026-06-30","24","2143","0","0.13","3","3.72","Hungary","left","179","no","8.82","7.6","60.77","3.23","59.74","0.13","5.23","0","0.01","0","7","0.29","0","0","1.64","33.33","0.92","54.55","2.56","55.74","0.34","2.39","0.21","48.3","73.04","27.05","62.73","8.48","37.62","0.16","0","0.42","10.67","55.12","2.48","38.98","0.5","12.64","73.09","","","0","0","","",""
"J. Varga","Hungary 1.","Duna Aszfalt Tiszakécskei","RCB","37","50000","","23","2128","0","0.62","2","0.5","Hungary","right","175","no","8.46","4.53","71.96","2.66","53.97","0.68","7.18","0","0.03","0","9","0.38","11.11","0","0.34","37.5","0.25","66.67","1.61","47.37","0.59","0.68","0","42.93","83.94","21.65","78.32","6.85","59.26","0.02","0.04","0.08","6.01","69.01","0.59","42.86","0.34","9.69","72.05","","","0","0","","",""
"Á. Umathum","Hungary 1.","Csákvári TK","LCB","20","0","","23","2127","1","2.74","0","0.11","Hungary","right","190","no","7.66","5.2","63.41","3.39","50","0.76","5.57","0.04","0.12","0","16","0.68","31.25","6.25","0","0","0.13","100","0.93","54.55","0.85","0.72","0.04","38.17","85.92","16.25","76.56","5.5","58.46","0","0","0","4.15","61.22","0.25","16.67","0.04","7.02","63.86","","","0","0","","",""
"B. Lehoczki","Hungary 1.","Csákvári TK","GK","19","0","2029-06-30","22","2090","0","0","0","0","Hungary","right","0","yes","1.12","0","0","0.86","95","0","1.54","0","0","0","0","0","0","0","0","0","0","0","0.17","100","0","0","0","21.32","77.78","14.34","68.77","12.27","64.21","0","0","0","2.41","53.57","0.09","50","0.04","8.96","75.48","1.29","4.52","71.43","1.59","6.94","0.299","2.28"
"A. Doktorics","Hungary 1.","Vasas","LB","24","175000","","24","2089","0","0.76","2","2.42","Hungary","right","172","no","10.56","6.29","78.08","2.41","57.14","0.22","8.2","0","0.03","0","10","0.43","30","0","2.33","42.59","2.15","54","5.86","44.12","0.78","2.07","0.43","56.87","85.3","25.94","78.41","4.57","46.23","0.1","0","0.47","9.44","73.06","2.93","48.53","0.73","11.42","82.26","","","0","0","","",""
"R. Zsolnai","Hungary 1.","Békéscsaba","LCMF, RCMF","31","125000","","25","2084","2","1.54","3","3.08","Hungary","left","0","no","7.69","6.95","49.69","3.28","50","0.39","5.48","0.09","0.07","0","31","1.34","32.26","6.452","2.16","42","1.43","48.48","6.52","33.11","2.07","0.73","0.13","36.84","74.44","13.56","64.01","4.28","43.43","0.13","0.3","0.17","5.96","57.25","2.72","50.79","0.78","6.31","69.18","","","0","0","","",""
"D. Veszelinov","Hungary 1.","Szeged 2011","GK","24","200000","2027-06-30","22","2080","0","0","0","0","Hungary","right","186","no","2.6","0","0","0.39","100","0","3.5","0","0","0","0","0","0","0","0","0","0.04","100","0.13","66.67","0","0","0","34.92","83.27","20.16","72.32","13.24","60.13","0","0","0","6.4","53.38","0.61","14.29","0.09","9.65","78.92","1.21","3.72","67.44","1.14","-1.57","-0.068","1.38"
"H. Kuzma","Hungary 1.","Békéscsaba","RCB, LCB, RB","19","0","2027-06-30","23","2072","0","0.5","1","0.64","Hungary","unknown","0","no","10.08","7.3","64.29","4.13","55.79","0.3","7.42","0","0.02","0","13","0.56","7.69","0","0.91","33.33","0.52","75","3.21","48.65","0.65","0.87","0.13","41.92","81.76","18.98","72.77","5.99","53.62","0.03","0","0.09","4.95","64.91","0.91","38.1","0.35","8.12","65.24","","","0","0","","",""
"M. Bíró","Hungary 1.","Kozármisleny","RB, RWB","22","0","","24","2063","1","1.1","1","1.78","Hungary","right","168","no","14.27","10.3","63.56","3.14","47.22","0.48","8.1","0.04","0.05","0","16","0.7","25","6.25","2.7","25.81","2.62","65","6.11","54.29","1.22","1.09","0.04","28.53","63.15","12.43","51.58","5.28","36.36","0.08","0","0.26","4.49","42.72","2.57","33.9","0.44","7.37","59.76","","","0","0","","",""
"Z. Pap","Hungary 1.","Karcagi SE","LB, LW","27","0","","26","2057","3","3.12","0","1.24","Hungary","","0","no","7.96","5.82","57.89","6.34","57.24","0.18","5.42","0.13","0.14","0","40","1.75","27.5","7.5","2.71","24.19","1.62","70.27","4.46","46.08","2.28","1.01","0.04","27.74","65.14","11.07","57.31","5.73","48.09","0.05","0","0.09","4.38","53","2.93","35.82","0.7","7.44","65.29","","","0","0","","",""
"P. Bányai","Hungary 1.","Csákvári TK","CF","25","0","","25","2048","9","10.49","3","1.99","Hungary","right","182","yes","5.19","3.3","52","10.63","34.3","0.18","4.8","0.4","0.46","0.18","66","2.9","37.88","13.636","1.45","30.3","2.77","39.68","11.65","33.58","4.44","0.97","0.13","20.3","64.94","5.14","46.15","1.49","35.29","0.09","0.09","0.44","2.68","36.07","1.8","36.59","0.75","1.98","48.89","","","0","0","","",""
"S. Hangya","Hungary 1.","Honvéd","LWB, LB","32","200000","","23","2038","0","1.33","3","2.19","Hungary","left","176","no","8.96","6.27","67.61","3.36","59.21","0.09","6.54","0","0.06","0","24","1.06","20.83","0","3.49","45.57","1.24","57.14","4.15","45.74","2.16","1.72","0.26","36.43","72","17.53","65.24","5.48","50.81","0.1","0.04","0.49","7.02","64.78","3.67","55.42","0.62","10.64","76.76","","","0","0","","",""
"A. Farkas","Hungary 1.","Csákvári TK","LCMF, LDMF, DMF","32","75000","","23","2035","1","0.86","0","0.53","Hungary","right","182","no","10","5.97","57.78","4.86","57.27","0.31","8.25","0.04","0.04","0","13","0.57","30.77","7.692","0.22","60","0.22","60","3.05","59.42","0.4","0.49","0","32.29","84.25","13.4","78.55","2.92","60.61","0.02","0","0.04","5.17","70.94","0.49","27.27","0.04","6.1","76.09","","","0","0","","",""
"S. Lekai","Hungary 1.","Kozármisleny","GK","30","0","2027-06-30","22","2032","0","0","0","0","Hungary","right","188","no","1.99","0.18","50","0.49","81.82","0","2.66","0","0","0","0","0","0","0","0","0","0","0","0.09","100","0","0","0","34.77","83.06","19.62","73.14","12.62","58.6","0","0","0","4.21","49.47","0.31","28.57","0.18","9.26","70.33","1.51","4.87","69.09","1.45","-1.17","-0.052","1.99"
"K. Horváth","Hungary 1.","Soroksár SC","LB","26","0","","24","2027","1","0.12","1","1.62","Hungary","left","0","no","9.99","7.24","66.87","2.84","51.56","0.31","6.42","0.04","0.01","0","2","0.09","50","50","2.62","30.51","1.42","75","3.6","50.62","0.4","1.29","0.09","36.72","70.5","18.83","61.32","8.3","45.99","0.07","0","0.44","6.04","57.35","2.26","47.06","0.44","10.21","60","","","0","0","","",""
"Z. Tar","Hungary 1.","Ajka","LCB, CB, RCB","33","75000","","22","2020","1","1.82","0","0","Hungary","right","190","no","9.31","6.5","63.7","4.37","48.98","0.94","6.47","0.04","0.08","0","17","0.76","23.53","5.882","0.09","0","0.18","75","1.69","42.11","0.94","0.31","0.04","32.08","81.53","14.79","69.88","6.42","56.94","0","0","0","5.03","65.49","0.49","27.27","0.13","7.26","60.74","","","0","0","","",""
"J. Szalai","Hungary 1.","Mezőkövesd-Zsóry","CF","23","0","2029-06-30","23","2009","10","8.04","0","0.79","Hungary","right","194","no","2.96","1.3","58.62","8.87","43.94","0.18","3.03","0.36","0.36","0.04","32","1.43","59.38","31.25","0.18","25","1.79","37.5","10.48","31.62","2.11","0.63","0.09","17.2","76.82","3.9","51.72","0.94","42.86","0.04","0","0.31","1.7","60.53","0.49","27.27","0.4","1.52","52.94","","","0","0","","",""
"J. Uram","Hungary 1.","Vasas","GK","25","200000","2029-06-30","21","2006","0","0","0","0","Hungary","right","192","no","1.17","0","0","0.31","85.71","0.04","1.88","0","0","0","0","0","0","0","0","0","0","0","0","0","0","0","0","15.48","85.51","8.93","76.88","5.88","62.6","0","0","0","1.75","56.41","0.04","0","0","4.13","78.26","0.54","1.93","72.09","0.58","0.87","0.039","0.9"
"T. Szekszardi","Hungary 1.","Karcagi SE","RCB, LCB","32","25000","","22","2001","1","1.24","2","0.06","Hungary","right","188","no","8.01","6.3","55","6.07","45.93","0.85","5.64","0.04","0.06","0","13","0.58","30.77","7.692","0.04","0","0","0","0.36","37.5","0.72","0.58","0","37.51","84.17","19.52","76.5","7.96","63.28","0","0","0.04","6.07","72.59","0.58","46.15","0.18","10.57","71.06","","","0","0","","",""
"D. Szivacski","Hungary 1.","Szentlőrinc SE","RB, RCB","29","250000","","21","1998","0","0.06","1","0.87","Hungary","right","184","no","10","5.63","55.2","2.43","44.44","0.41","9.14","0","0","0","1","0.05","0","0","1.98","47.73","1.13","60","2.88","32.81","0.36","0.77","0.09","39.73","78.23","18.83","70.81","6.89","54.9","0.04","0","0.32","6.62","67.35","2.48","58.18","0.45","11.4","70.75","","","0","0","","",""
"D. Póser","Hungary 1.","Békéscsaba","GK","36","0","","21","1991","0","0.19","0","0","Hungary","right","189","no","2.49","0.23","60","0.45","100","0","3.5","0","0.01","0","1","0.05","0","0","0","0","0.05","100","0.32","100","0.09","0","0","21.65","81.84","12.79","72.08","8.77","58.76","0","0","0","2.26","50","0.05","0","0","6.78","70.67","1.13","4.07","72.22","1.35","4.76","0.215","1.63"
"Myke","Hungary 1.","Duna Aszfalt Tiszakécskei","CF","33","175000","2026-06-30","24","1970","10","9.23","0","1.03","Brazil","both","185","no","4.8","3.15","55.07","7.54","53.94","0.14","3.96","0.41","0.42","0.09","67","3.06","38.81","14.925","0.64","21.43","4.11","48.89","13.57","34.68","4.75","1.05","0.14","20.79","72.31","4.66","45.1","0.82","33.33","0.05","0.05","0.09","2.38","57.69","1.1","45.83","0.69","2.01","47.73","","","0","0","","",""
"Z. Szilágyi","Hungary 1.","Szeged 2011","RCB, RB","28","250000","","21","1960","1","1.97","1","2.29","Hungary","right","191","no","8.36","5.65","58.54","4.55","70.71","0.55","6.17","0.05","0.09","0.05","11","0.51","54.55","9.091","1.38","63.33","0.51","63.64","1.7","43.24","0.73","0.87","0","46.24","83.81","18.37","73.25","5.65","57.72","0.11","0","0.46","6.34","68.12","1.88","51.22","0.18","10.19","71.17","","","0","0","","",""
"L. Fazekas","Hungary 1.","Karcagi SE","LCB","23","0","","25","1952","1","1.21","0","0.09","Hungary","","0","no","6.78","4.2","67.03","4.01","63.22","0.74","4.62","0.05","0.06","0.05","11","0.51","9.09","9.091","0.09","100","0.09","50","0.88","31.58","0.83","0.69","0.05","39.05","86.19","17.75","76.88","6.87","57.72","0","0","0","4.38","58.95","0.55","25","0.23","8.02","72.41","","","0","0","","",""
"Z. Petroff","Hungary 1.","BVSC","GK","19","0","","21","1947","0","0","0","0","Hungary","unknown","0","no","1.62","0.09","50","0.65","100","0","1.9","0","0","0","0","0","0","0","0","0","0","0","0.42","77.78","0","0","0","17.7","81.98","11.88","73.54","9.48","66.34","0","0","0","2.91","49.21","0.14","0","0.05","7.12","83.77","0.88","3.56","75.32","1.02","3.06","0.141","1.71"
"Lucas","Hungary 1.","Duna Aszfalt Tiszakécskei","LCMF, RCMF","37","100000","","21","1946","0","1.65","2","2.93","Brazil","right","176","no","7.95","4.53","60.2","2.54","40","0.23","6.55","0","0.08","0","25","1.16","8","0","1.29","35.71","0.65","21.43","4.35","43.62","2.08","0.79","0.09","63.55","87.12","20.81","77.11","4.35","56.38","0.14","0.32","0.28","9.06","77.55","2.13","54.35","1.2","9.25","82","","","0","0","","",""
"A. Girsik","Hungary 1.","Vasas","RB","20","0","","24","1931","2","1.46","4","1.79","Romania","right","0","no","9.51","8.62","61.08","3.03","43.08","0.09","6.35","0.09","0.07","0","8","0.37","37.5","25","2.24","39.58","1.91","70.73","7.08","43.42","1.03","2.47","0.47","40.69","79.15","15.85","70","4.99","54.21","0.08","0.05","0.47","5.78","73.39","2.56","47.27","0.65","8.9","70.68","","","0","0","","",""
"G. Kocsis","Hungary 1.","Fehérvár","CB, DMF, RCMF","32","300000","2026-06-30","22","1923","2","1.09","0","1.01","Hungary","right","188","no","9.27","6.69","59.44","4.59","55.1","0.42","6.91","0.09","0.05","0.05","10","0.47","30","20","0.94","30","0.84","66.67","4.17","44.94","0.7","0.89","0.05","46.43","82.86","14.79","66.77","6.97","55.7","0.05","0","0.05","6.46","60.87","1.36","48.28","0.66","8.66","70.27","","","0","0","","",""
"G. Pálinkás","Hungary 1.","Kecskeméti TE","CF","29","275000","2028-06-30","23","1923","13","10.71","3","1.45","Hungary","left","190","no","4.63","3.6","63.64","10.86","46.55","0.14","3.39","0.51","0.5","0.23","54","2.53","53.7","24.074","0.47","10","1.92","60.98","11.33","28.93","4.17","0.84","0.05","16.52","66.01","4.82","53.4","0.7","53.33","0.07","0.05","0.19","2.34","58","1.5","50","0.94","1.45","80.65","","","0","0","","",""
"M. Szolgai","Hungary 1.","Szentlőrinc SE","RDMF, RCMF","22","0","2026-06-30","21","1920","3","1.76","0","0.37","Slovakia","right","182","no","8.48","6.23","63.91","3.19","63.24","0.38","5.56","0.14","0.08","0","38","1.78","21.05","7.895","0.75","37.5","2.25","79.17","8.53","51.65","0.66","1.73","0.28","43.88","81.94","13.78","65.31","4.41","55.32","0.02","0.09","0.05","6.66","70.42","1.78","55.26","0.84","7.45","69.18","","","0","0","","",""
"B. Varga","Hungary 1.","Budafoki MTE","AMF, RW, RCMF","22","0","","25","1914","2","2.19","3","2.74","Hungary","","177","yes","8.65","8.32","61.58","1.93","29.27","0.14","3.92","0.09","0.1","0","35","1.65","25.71","5.714","2.21","36.17","3.62","54.55","10.39","40.27","1.69","1.6","0.05","28.03","71.81","9.55","60.1","3.57","46.05","0.13","0.05","0.47","4.23","56.67","2.77","50.85","0.94","5.22","67.57","","","0","0","","",""
"B. Babinszky","Hungary 1.","Kozármisleny","CF, RAMF, RW","25","0","","26","1913","8","7.83","0","1.92","Hungary","","0","no","5.22","4.47","63.16","2.82","18.33","0.09","2.73","0.33","0.37","0.05","38","1.79","55.26","21.053","1.65","34.29","3.58","51.32","10.49","32.74","3.39","1.27","0.28","17.08","73.28","2.73","53.45","0.56","58.33","0.09","0","0.38","1.08","65.22","1.55","54.55","0.85","1.83","61.54","","","0","0","","",""
"A. Szabó","Hungary 1.","Honvéd","RCB, CB","23","0","2028-06-30","21","1912","0","1.06","0","1.58","Hungary","right","189","no","9.32","5.46","67.24","2.59","70.91","0.8","8.31","0","0.05","0","8","0.38","0","0","1.74","40.54","0.56","50","1.69","63.89","1.6","1.18","0.24","45.24","77.94","21.94","68.88","9.74","52.17","0.07","0.05","0.24","9.56","66.5","2.49","41.51","0.85","12.52","76.69","","","0","0","","",""
"R. Mikló","Hungary 1.","Békéscsaba","LB","27","0","","22","1909","2","1.99","0","1.08","Hungary","","0","no","9.81","7.07","58.67","3.49","32.43","0.24","7.68","0.05","0.09","0","18","0.85","38.89","11.111","3.39","36.11","2.83","51.67","9.38","39.2","0.85","2.07","0.85","38.89","69.7","15.75","58.68","6.74","43.36","0.05","0.09","0.19","6.32","52.24","3.54","40","0.38","10.18","67.13","","","0","0","","",""
"V. Hei","Hungary 1.","Vasas","RCB, RB","30","350000","2028-06-30","21","1909","0","0.52","0","0.22","Ukraine","right","183","no","9.66","6.22","68.94","3.96","45.24","0.52","7.5","0","0.02","0","7","0.33","14.29","0","0.57","33.33","0.33","28.57","1.46","48.39","0.61","1.41","0.14","55.11","84.77","25.46","76.67","7.12","52.98","0.01","0.05","0.09","8.01","68.24","0.9","26.32","0.19","11.36","74.69","","","0","0","","",""
"G. Nagy","Hungary 1.","Fehérvár","GK","31","300000","2026-06-30","20","1907","0","0","0","0","Hungary","left","197","no","1.04","0.09","100","0.19","100","0","1.25","0","0","0","0","0","0","0","0","0","0","0","0.19","100","0","0","0","18.36","80.72","9.44","65","6.98","52.7","0","0","0","2.6","41.82","0.24","0","0","4.58","69.07","0.94","3.92","75.9","1.05","2.31","0.109","1.27"
"D. Márkvárt","Hungary 1.","Szeged 2011","RCMF, DMF","31","150000","2026-06-30","22","1896","0","1.71","3","4.85","Hungary","right","177","no","5.17","2.85","55","1","47.62","0.28","4.83","0","0.08","0","29","1.38","17.24","0","2.47","42.31","1.19","44","3.66","59.74","1.66","1.42","0.24","42.44","80.2","14.05","69.26","4.65","55.1","0.23","0.05","0.28","7.59","71.25","2.52","41.51","0.47","8.02","82.84","","","0","0","","",""
"B. Varga","Hungary 1.","Kecskeméti TE","GK","30","300000","2026-06-30","20","1895","0","0","0","0.15","Hungary","right","192","no","1.76","0.09","50","0.57","91.67","0","2.58","0","0","0","0","0","0","0","0","0","0","0","0.14","66.67","0.05","0","0","23.41","76.47","17.67","69.09","13.92","62.46","0.01","0","0.05","6.84","54.17","0.43","11.11","0.05","9.78","85.44","1.33","3.32","60","1.05","-5.95","-0.283","1.76"
"A. Somogyi","Hungary 1.","Fehérvár","DMF, RCMF, LCMF","18","0","","24","1893","1","1.56","0","1.19","Hungary","unknown","0","no","10.7","7.75","68.71","3.99","42.86","0.14","7.55","0.05","0.07","0","18","0.86","16.67","5.556","0.19","75","0.76","56.25","4.04","30.59","0.76","0.48","0.05","34.8","80.05","15.17","66.77","4.75","55","0.06","0.14","0.19","6.7","66.67","1.38","62.07","0.67","7.84","69.7","","","0","0","","",""
"C. Lakatos","Hungary 1.","Soroksár SC","RCB, LCB, CB","20","0","","20","1886","3","2.47","0","0.13","Hungary","unknown","0","no","10.02","5.49","73.91","4.92","60.19","0.67","7.75","0.14","0.12","0.1","13","0.62","46.15","23.077","0.05","0","0.29","66.67","1.29","44.44","0.95","0.62","0","47.53","85.54","19.9","71.22","6.16","44.96","0.01","0","0.05","6.01","61.9","0.38","37.5","0.24","8.92","69.52","","","0","0","","",""
"P. Poór","Hungary 1.","Szentlőrinc SE","LCB, RCB","32","100000","","21","1886","0","0.42","0","0.12","Hungary","right","182","no","8.92","6.35","64.66","7.01","44.22","0.67","6.49","0","0.02","0","4","0.19","0","0","0.1","0","0.14","66.67","1.19","40","0.57","0.33","0","42.95","86.89","17.94","75.27","5.77","54.55","0.01","0.05","0.05","3.67","62.34","0.33","42.86","0.29","7.83","64.02","","","0","0","","",""
"B. Keresztes","Hungary 1.","Mezőkövesd-Zsóry","LCB, RCB","29","0","","21","1867","1","0.93","0","0.22","Hungary","right","190","no","14.27","7.52","75","6.07","72.22","1.11","11.45","0.05","0.04","0.05","11","0.53","9.09","9.091","0.05","0","0.39","50","1.69","40","0.58","1.06","0","59.82","86.7","25.6","78.53","8.97","60.75","0.01","0.05","0.05","7.76","70.19","0.77","56.25","0.43","12.92","69.78","","","0","0","","",""
"B. Balázs","Hungary 1.","Duna Aszfalt Tiszakécskei","RB, RCB","36","50000","","21","1860","1","0.69","0","0.56","Hungary","right","178","no","9.48","7.98","64.85","3.39","45.71","0.39","6.07","0.05","0.03","0.05","7","0.34","14.29","14.286","2.32","41.67","1.35","71.43","4.55","53.19","0.73","1.89","0.48","41.42","78.86","18.05","72.92","5.61","49.14","0.03","0","0.24","5.9","59.84","2.08","51.16","0.29","9.39","68.04","","","0","0","","",""
"M. Lorentz","Hungary 1.","Csákvári TK","RB","31","150000","","23","1859","0","0.49","2","1.54","Hungary","right","184","no","9.59","7.36","61.18","3.82","49.37","0.34","6.78","0","0.02","0","8","0.39","50","0","2.76","42.11","1.4","55.17","4.02","38.55","1.11","0.77","0.15","29.44","68.75","12.59","55.77","4.74","36.73","0.07","0","0.44","4.94","47.06","2.47","49.02","0.29","7.46","66.23","","","0","0","","",""
"L. Bertus","Hungary 1.","Mezőkövesd-Zsóry","LCMF, LW","35","100000","","25","1858","2","1.2","2","3.28","Hungary","left","175","no","4.75","4.46","56.52","1.07","31.82","0.15","2.53","0.1","0.06","0","19","0.92","36.84","10.526","3.1","31.25","1.94","47.5","4.94","33.33","1.4","1.4","0.19","43.64","77.25","15.79","66.26","5.38","46.85","0.16","0.1","0.48","6.68","71.01","3.63","41.33","0.73","9.3","77.08","","","0","0","","",""
"P. Nyári","Hungary 1.","Szentlőrinc SE","AMF, LDMF, RCMF","25","125000","2026-06-30","23","1845","4","2.69","1","0.86","Hungary","right","186","no","7.17","5.61","63.48","4","31.71","0.29","4.93","0.2","0.13","0","32","1.56","40.63","12.5","1.07","22.73","2","63.41","8.93","39.34","1.46","1.17","0.1","32.54","77.66","10.34","58.02","4.29","54.55","0.04","0.1","0.15","5.76","61.02","1.95","42.5","0.59","5.56","68.42","","","0","0","","",""
"B. Kozics","Hungary 1.","Kozármisleny","LCMF, LDMF, DMF","29","0","","22","1844","6","3.53","0","0.07","Hungary","","0","no","13.37","6.88","65.25","3.17","55.38","0.54","10.51","0.1","0.17","0","21","1.02","38.1","28.571","0.78","43.75","0.73","73.33","2.98","42.62","0.39","0.44","0","43.19","72.99","16.35","53.73","6.54","33.58","0","0.1","0.05","7.91","47.53","2.2","33.33","0.34","7.91","58.64","","","0","0","","",""
"N. Kovács","Hungary 1.","Ajka","RB","27","150000","2027-06-30","20","1840","1","1.63","3","1.31","Hungary","right","178","no","12.57","8.07","66.06","4.01","50","0.29","6.77","0.05","0.08","0","22","1.08","13.64","4.545","1.47","43.33","1.17","62.5","5.09","49.04","1.08","0.73","0.05","37.96","72.94","20.01","62.1","8.85","49.17","0.06","0","0.29","8.17","53.29","2.59","37.74","0.39","10.27","67.62","","","0","0","","",""
"A. Denes","Hungary 1.","BVSC","LW, LAMF, LB","22","0","2027-06-30","27","1838","7","3.02","4","2.92","Hungary","left","184","yes","7.49","6.41","58.02","5.19","47.17","0.1","4.08","0.34","0.15","0.05","41","2.01","29.27","17.073","2.4","18.37","3.87","54.43","9.3","39.47","3.04","2.2","0.29","21.84","67.04","7.25","59.46","1.52","35.48","0.14","0","0.44","2.55","55.77","2.11","39.53","0.73","5.09","70.19","","","0","0","","",""
"M. Tóth","Hungary 1.","Vasas","LW, CF, LWF","24","450000","2028-06-30","22","1827","7","10.98","5","4.93","Hungary","right","180","no","4.68","3.05","53.23","4.29","44.83","0.1","4.53","0.2","0.54","0","50","2.46","42","14","2.17","36.36","5.22","54.72","16.65","40.53","5.52","2.66","0.2","30.69","82.99","6.65","80.74","0.49","40","0.24","0.1","0.89","1.97","72.5","2.12","55.81","1.58","3.69","82.67","","","0","0","","",""
"S. Hidi","Hungary 1.","Vasas","DMF, RDMF, LDMF","25","200000","2028-06-30","25","1814","1","0.43","1","0.45","Ukraine","right","180","no","10.37","8.29","64.07","2.03","51.22","0.15","7.26","0.05","0.02","0","12","0.6","16.67","8.333","0.25","40","0.74","53.33","4.51","35.16","0.64","0.69","0.2","46.79","85.9","16.47","75.9","4.02","56.79","0.02","0.1","0.25","6.8","80.29","1.04","57.14","0.6","6.9","72.66","","","0","0","","",""
"D. Kocsis","Hungary 1.","Kozármisleny","RCMF, RDMF","22","0","","20","1812","2","0.83","1","1.75","Hungary","right","0","no","7.45","6.21","64","0.89","33.33","0.2","4.63","0.1","0.04","0","10","0.5","30","20","1.14","21.74","1.79","61.11","6.61","42.11","1.49","0.79","0","33.18","77.99","13.21","67.29","3.08","43.55","0.09","0.1","0.45","5.12","67.96","1.84","43.24","0.89","6.26","65.08","","","0","0","","",""
"B. Murka","Hungary 1.","Fehérvár","RCMF, RCB","28","125000","2027-06-30","20","1810","2","1.6","1","0.74","Hungary","right","180","no","10.04","7.26","60.96","5.77","50","0.85","7.16","0.1","0.08","0","16","0.8","25","12.5","0.99","30","1.34","59.26","5.92","38.66","1.29","0.99","0.05","36.55","75.92","16.06","64.4","5.72","51.3","0.04","0.05","0.25","4.97","58","1.94","30.77","0.55","7.26","57.53","","","0","0","","",""
"P. Zachán","Hungary 1.","Mezőkövesd-Zsóry","DMF, LCMF","28","0","2027-06-30","21","1786","0","1.23","1","0.59","Hungary","right","188","no","11.14","8.11","60.87","4.13","45.12","0.35","8.23","0","0.06","0","16","0.81","31.25","0","0.55","36.36","0.66","53.85","3.43","42.65","0.96","0.5","0.05","45.5","77.08","17.33","62.21","5.14","50.98","0.03","0.05","0.2","6.1","57.85","1.01","60","0.55","8.37","56.02","","","0","0","","",""
"A. Viczián","Hungary 1.","Békéscsaba","CB, RCB","30","75000","","21","1778","1","1.4","1","1.14","Hungary","right","187","no","8.86","4.45","71.59","4.35","56.98","0.1","8.03","0.05","0.07","0.05","15","0.76","40","6.667","0.71","21.43","0.61","83.33","4.1","51.85","0.91","0.51","0.05","32.6","78.42","14.78","68.84","5.77","52.63","0.06","0.05","0.1","5.37","57.55","0.96","31.58","0.25","7.74","71.9","","","0","0","","",""
"F. Borsos","Hungary 1.","Békéscsaba","CF","25","100000","","25","1770","7","5.86","0","1.31","Hungary","right","185","no","3.61","1.73","70.59","7.37","38.62","0.1","3.55","0.31","0.3","0.05","33","1.68","42.42","21.212","0.71","28.57","2.39","57.45","9.71","39.27","2.75","1.02","0.1","14.19","66.67","3.25","50","0.46","22.22","0.07","0.1","0.2","1.07","66.67","1.12","59.09","0.61","1.73","50","","","0","0","","",""
"H. Attila Mihály","Hungary 1.","Kecskeméti TE","RCMF, LCMF","29","175000","2026-06-30","23","1769","0","0.61","0","0.93","Hungary","right","177","no","9.16","6.51","64.84","3.66","47.22","0.15","6.6","0","0.03","0","24","1.22","16.67","0","0.81","37.5","0.76","66.67","4.38","47.67","0.86","0.36","0","40.96","85.47","12.06","71.31","3.36","51.52","0.05","0","0.25","5.65","67.57","1.12","50","0.36","6","74.58","","","0","0","","",""
"B. Pataki","Hungary 1.","Duna Aszfalt Tiszakécskei","LW, LCMF","22","0","","26","1768","4","4.41","0","0.91","Hungary","","0","no","4.89","4.63","52.75","2.29","15.56","0.15","3.49","0.2","0.22","0.05","42","2.14","35.71","9.524","2.19","27.91","3.56","55.71","9.67","42.63","2.8","1.22","0.1","27.39","78.81","7.13","70.71","1.88","37.84","0.05","0.05","0.46","2.49","73.47","2.34","52.17","0.97","3.97","57.69","","","0","0","","",""
"B. Selyem","Hungary 1.","Budafoki MTE","RB","19","0","","21","1758","2","1.73","1","1.07","Hungary","unknown","0","yes","11.57","7.78","63.16","4.86","42.11","0.56","7.52","0.1","0.09","0.05","15","0.77","26.67","13.333","3.28","28.13","2.1","60.98","6.81","47.37","1.59","0.97","0.15","23.5","62.75","8.45","50.3","3.79","36.49","0.05","0","0.15","3.02","52.54","2.76","38.89","0.31","6.09","55.46","","","0","0","","",""
"Z. Medgyes","Hungary 1.","Honvéd","LWF, LW","30","200000","","23","1756","7","9.63","2","2.07","Hungary","right","172","no","4.97","4.2","60.98","3.59","41.43","0.15","3.81","0.36","0.49","0","80","4.1","38.75","8.75","1.38","29.63","5.89","57.39","12.4","41.74","5.69","2.46","0.26","22.86","73.09","8.15","63.52","1.64","43.75","0.11","0.36","0.56","3.02","62.71","2.67","51.92","1.49","3.9","76.32","","","0","0","","",""
"V. Csörgő","Hungary 1.","Mezőkövesd-Zsóry","LCB, RCB","24","200000","","21","1756","0","0.55","0","0","Hungary","right","186","no","10.56","6.56","68.75","2.87","53.57","1.03","7.78","0","0.03","0","4","0.21","0","0","0","0","0.26","20","1.44","46.43","0.15","1.08","0","50.64","86.03","22.45","77.63","8.1","58.86","0","0.05","0","6.77","66.67","0.31","50","0.15","10.51","71.71","","","0","0","","",""
"M. Sándor","Hungary 1.","Szeged 2011","RB, RWB","19","0","","20","1755","0","0.34","0","0.61","Hungary","unknown","0","no","11.28","9.33","59.34","3.69","40.28","0.21","7.29","0","0.02","0","6","0.31","16.67","0","1.03","40","1.49","62.07","4.77","43.01","0.51","1.08","0","39.9","73.39","17.74","59.25","6.05","51.69","0.03","0","0.05","7.28","61.27","1.44","39.29","0.26","10.46","67.65","","","0","0","","",""
"P. Posztobányi","Hungary 1.","Budafoki MTE","DMF, RCMF, RDMF","23","75000","2027-06-30","22","1751","1","1.89","0","1.18","Hungary","right","180","no","9.77","9.35","54.95","5.81","61.06","0.05","5.67","0.05","0.1","0.05","16","0.82","31.25","6.25","0.62","41.67","1.18","60.87","4.52","44.32","1.39","0.87","0.05","41.02","78.7","18.97","67.75","6.78","51.52","0.06","0","0.1","9.05","64.2","1.59","48.39","0.57","9.15","71.91","","","0","0","","",""
"K. Milán","Hungary 1.","Soroksár SC","AMF, LCMF, LDMF","24","0","","21","1749","1","1.49","8","3.43","Hungary","","183","no","6.84","6.74","54.2","2.73","50.94","0.31","3.39","0","0.08","0","17","0.87","29.41","5.882","1.13","22.73","0.98","52.63","3.34","35.38","0.87","0.82","0.05","33.5","73.43","13.95","61.62","6.48","38.89","0.18","0.05","0.36","6.9","52.99","2.68","44.23","1.03","6.9","65.67","","","0","0","","",""
"A. Eördögh","Hungary 1.","Kecskeméti TE","LWB, RWB","24","150000","","26","1721","3","1.47","1","1.56","Hungary","left","187","no","9.15","6.38","68.85","3.71","45.07","0.31","6.62","0.16","0.08","0","16","0.84","31.25","18.75","3.82","35.62","4.34","72.29","9.57","57.92","2.41","2.67","0.16","29.23","71.91","9.52","62.09","2.3","43.18","0.08","0","0.47","3.56","61.76","2.51","50","0.37","5.96","75.44","","","0","0","","",""
"M. Engedi","Hungary 1.","Karcagi SE","GK","19","0","2027-06-30","18","1716","0","0","0","0","Hungary","right","188","no","1.36","0.05","0","0.26","100","0","1.72","0","0","0","0","0","0","0","0","0","0","0","0.16","100","0","0","0","24.44","83.91","11.22","67.29","7.87","54.67","0","0","0","2.05","33.33","0.31","0","0","5.56","65.09","1.26","3.88","67.57","1.25","-0.22","-0.012","1.15"
"Z. Csizmadia","Hungary 1.","Ajka","AMF, RDMF, RCMF","35","100000","2026-06-30","23","1713","2","2.69","0","1.06","Hungary","","0","no","7.41","5.94","63.72","7.2","58.39","0.32","4.5","0.11","0.14","0.05","19","1","52.63","10.526","0.63","25","0.89","41.18","6.41","38.52","2.42","0.63","0.21","30.53","68.33","11.66","55.41","3.1","37.29","0.06","0","0.26","5.2","56.57","1.47","25","0.58","5.94","49.56","","","0","0","","",""
"A. Girsik","Hungary 1.","Karcagi SE","LW, LAMF, RCMF","25","50000","2026-06-30","22","1707","2","5.87","6","6.03","Romania","right","172","no","5.91","5.11","58.76","1.69","28.13","0.05","3.91","0","0.31","0","39","2.06","23.08","5.128","2.74","44.23","7.17","55.15","18.61","47.31","2.69","3.11","0.42","22.41","79.06","6.17","70.09","1.21","56.52","0.32","0.05","0.63","2.27","79.07","2.53","64.58","1.11","3.85","86.3","","","0","0","","",""
"B. Lovrencsics","Hungary 1.","Soroksár SC","CF","34","125000","","20","1702","3","3.91","2","2.43","Hungary","both","184","no","5.18","2.49","59.57","8.35","53.8","0.42","4.41","0.16","0.21","0.05","27","1.43","48.15","11.111","0.53","40","0.48","66.67","6.61","47.2","3.81","0.32","0","20.78","68.7","6.19","43.59","1.75","48.48","0.13","0.05","0.48","3.01","47.37","0.9","41.18","0.95","2.86","55.56","","","0","0","","",""
"R. Vajda","Hungary 1.","Kozármisleny","RCB, CB, LCB","20","0","2026-06-30","20","1693","1","0.38","1","0.19","Hungary","unknown","0","yes","9.3","7.28","59.85","4.47","60.71","1.17","6.08","0.05","0.02","0.05","2","0.11","50","50","0.21","25","0.16","66.67","1.01","31.58","0.37","0.9","0","38.97","82.26","18.23","70.85","6.7","50.79","0.01","0","0","4.89","50","0.8","33.33","0.37","8.77","66.67","","","0","0","","",""
"I. Csirmaz","Hungary 1.","Mezőkövesd-Zsóry","RB","30","125000","","18","1663","0","0.27","2","1.18","Hungary","right","172","no","9.63","8.23","59.21","2.98","36.36","0.27","6.63","0","0.01","0","9","0.49","22.22","0","2","24.32","1.89","48.57","4.76","43.18","0.92","1.46","0.11","37.13","72.16","18.08","63.47","4.38","34.57","0.06","0.05","0.22","5.25","63.92","2.11","25.64","0.38","10.01","60","","","0","0","","",""
"M. Vidnyánszky","Hungary 1.","Mezőkövesd-Zsóry","RCMF, LCMF","20","0","","24","1657","2","2.92","1","0.47","Hungary","left","0","yes","9.29","7.55","62.59","3.26","55","0.11","5.37","0.11","0.16","0","27","1.47","25.93","7.407","0.54","10","2.55","68.09","8.85","53.37","1.85","0.98","0.05","31.94","78.91","9.67","61.24","2.99","47.27","0.03","0.05","0.16","4.29","64.56","1.36","40","0.49","5.16","64.21","","","0","0","","",""
"A. Lapu","Hungary 1.","Budafoki MTE","LCB, LB","20","0","","19","1641","0","0.35","0","0.38","Hungary","unknown","0","yes","7.9","6.47","64.41","3.62","51.52","0.6","4.54","0","0.02","0","5","0.27","60","0","0.77","28.57","0.88","50","2.69","34.69","0.33","1.1","0.05","42.18","81.92","18.37","71.94","6.36","50.86","0.02","0","0.05","5.98","67.89","1.37","28","0.22","9.05","66.67","","","0","0","","",""
"M. Gyorfi","Hungary 1.","Kecskeméti TE","RWB","19","0","2026-06-30","22","1641","1","2.11","4","4.28","Hungary","unknown","0","yes","8.83","7.02","60.94","2.14","17.95","0.16","6.73","0.05","0.12","0","24","1.32","29.17","4.167","6.25","34.21","6.97","55.12","13","44.73","2.3","2.19","0.16","24.41","63.37","6.47","63.56","1.43","38.46","0.23","0","0.88","2.08","57.89","5.32","50.52","0.88","5.87","77.57","","","0","0","","",""
"M. Helembai","Hungary 1.","Csákvári TK","LB","22","0","","20","1637","0","0.16","1","0.83","Hungary","left","0","no","10.06","7.37","56.72","2.25","43.9","0.38","6.93","0","0.01","0","8","0.44","0","0","2.42","31.82","1.26","69.57","3.68","62.69","0.22","1.43","0.49","33.65","61.27","18.58","48.22","10.01","39.01","0.05","0.05","0.27","7.81","39.44","2.86","34.62","0.33","10.28","57.22","","","0","0","","",""
"A. Hársfalvi","Hungary 1.","Budafoki MTE","GK","29","225000","","17","1631","0","0","0","0","Hungary","right","192","no","1.55","0.17","0","0.44","100","0","2.09","0","0","0","0","0","0","0","0","0","0","0","0.22","100","0","0","0","17.27","77.96","11.59","69.52","8.33","56.29","0","0","0","2.43","54.55","0.22","0","0","6.18","69.64","1.49","3.92","61.97","1.43","-1.07","-0.059","1.55"
"A. Kekesi","Hungary 1.","Soroksár SC","LCB, RCB","32","100000","2026-06-30","18","1630","1","1.47","0","0.13","Hungary","right","0","no","8.5","4.91","70.79","6.02","53.21","0.66","6.84","0.06","0.08","0","5","0.28","60","20","0.17","33.33","0.11","50","1.49","59.26","0.66","0.5","0","39.09","83.62","15.46","69.64","5.52","49","0.01","0","0.06","5.36","59.79","1.16","42.86","0.5","7.62","65.94","","","0","0","","",""
"B. Szabó","Hungary 1.","Csákvári TK","CF, RW, RAMF","28","75000","","26","1629","1","2.22","3","4.9","Hungary","left","181","no","6.57","4.59","66.27","3.7","22.39","0.11","4.66","0.06","0.12","0","27","1.49","37.04","3.704","1.6","41.38","2.32","50","8.9","43.48","1.1","1.49","0.39","25.91","70.79","9.56","55.49","2.82","31.37","0.27","0.17","0.61","4.25","49.35","2.54","45.65","0.99","4.36","68.35","","","0","0","","",""
"Z. Varjas","Hungary 1.","Mezőkövesd-Zsóry","RCB, CF","25","125000","","23","1611","3","2.55","0","0.4","Hungary","right","182","no","7.04","5.14","68.48","6.7","51.67","0.28","4.81","0.17","0.14","0.06","14","0.78","50","21.429","0.17","33.33","0.28","40","2.07","24.32","1.23","0.67","0.11","40.73","85.32","15.53","73.38","7.6","60.29","0.02","0","0.11","5.98","66.36","0.67","50","0.39","8.88","72.33","","","0","0","","",""
"P. Kiss-Szemán","Hungary 1.","Szentlőrinc SE","LB","23","0","","22","1594","1","0.81","2","2.32","Hungary","","187","no","10.05","7.68","63.24","3.22","40.35","0.4","7.06","0.06","0.05","0.06","9","0.51","55.56","11.111","3.11","32.73","1.69","60","4.97","46.59","1.36","1.3","0.11","33.65","72.99","15.64","67.15","5.53","51.02","0.13","0.06","0.4","4.23","65.33","2.31","36.59","0.23","9.65","63.16","","","0","0","","",""
"B. Kovács","Hungary 1.","Kecskeméti TE","LCMF, RCMF, AMF","23","200000","2027-06-30","21","1583","3","2.44","3","2.66","Hungary","right","181","no","11.6","9.44","60.84","2.5","38.64","0.34","7.05","0.17","0.14","0","27","1.54","48.15","11.111","1.36","16.67","1.14","80","3.47","54.1","2.39","1.48","0.11","44.91","74.05","19.73","64.27","4.72","40.96","0.15","0","0.63","10.12","64.61","2.73","43.75","1.48","8.76","75.32","","","0","0","","",""
"A. Baki","Hungary 1.","Honvéd","CB, LCB","31","200000","","17","1574","3","2.72","0","0","Hungary","right","194","no","8.41","5.37","60.64","7.55","65.91","0.4","7.55","0.17","0.16","0.11","10","0.57","60","30","0.17","33.33","0","0","0.69","66.67","0.8","0","0","39.85","82.5","15.95","68.1","6.4","48.21","0","0.06","0","4.97","50.57","0.51","33.33","0.17","9.09","67.3","","","0","0","","",""
"S. Bakó","Hungary 1.","Kozármisleny","CF, AMF, LCMF","19","0","","22","1571","3","1.77","0","2.48","Hungary","unknown","0","yes","4.98","4.64","60.49","2.35","26.83","0","2.47","0.17","0.1","0","19","1.09","21.05","15.789","0.52","44.44","4.3","48","11.23","43.88","1.78","1.89","0.23","28.47","73.04","8.94","56.41","1.6","64.29","0.14","0.23","0.34","3.32","68.97","1.83","53.13","0.8","4.93","66.28","","","0","0","","",""
"D. Zsótér","Hungary 1.","Fehérvár","LWB, LCMF","30","250000","","20","1564","1","2.35","1","1.7","Hungary","left","168","no","7.42","6.21","53.7","3.22","32.14","0.12","4.68","0.06","0.14","0","27","1.55","37.04","3.704","3.86","31.34","1.61","57.14","5.47","43.16","0.98","1.5","0.35","41.89","71.02","16","58.99","8.06","55","0.1","0.06","0.4","7.02","56.56","3.97","34.78","0.63","9.84","66.67","","","0","0","","",""
"D. László","Hungary 1.","Karcagi SE","LB, RW, LW","24","75000","","22","1562","3","1.76","0","0.62","Hungary","both","174","no","9.68","6.57","62.28","6.86","42.02","0.12","6.91","0.17","0.1","0.17","20","1.15","50","15","1.27","22.73","2.65","39.13","8.3","45.14","2.13","0.81","0","22.36","69.33","10.2","55.93","2.88","52","0.04","0.06","0.12","2.88","48","1.79","38.71","0.63","4.84","59.52","","","0","0","","",""
"M. Palincsár","Hungary 1.","BVSC","RCMF, LCMF, RB","27","125000","2026-06-30","21","1560","0","0.56","1","1.07","Hungary","right","176","no","9.69","8.48","61.22","3.23","39.29","0.17","4.01","0","0.03","0","8","0.46","50","0","1.44","44","1.56","66.67","5.13","46.07","0.69","0.75","0.06","26.83","73.12","11.31","57.65","4.96","38.37","0.06","0.06","0.17","4.79","48.19","2.08","44.44","0.69","5.02","74.71","","","0","0","","",""
"Z. Kenderes","Hungary 1.","Ajka","LCB","36","50000","2026-06-30","20","1526","0","0.01","1","0.11","Hungary","right","182","no","11.68","7.02","67.23","2.95","50","0.59","8.89","0","0","0","1","0.06","0","0","0.41","71.43","0.24","100","1.24","57.14","0.06","0.77","0.12","43.17","74.32","22.12","62.67","12.39","48.1","0.01","0","0.06","8.32","48.94","1.42","62.5","0.41","11.26","67.54","","","0","0","","",""
"G. Toth","Hungary 1.","Ajka","DMF, LCMF, RCMF","33","0","2026-06-30","20","1519","0","0.18","0","0.11","Hungary","","178","no","10.43","5.69","62.5","3.79","59.38","0.41","8.24","0","0.01","0","4","0.24","0","0","0.89","40","0.36","33.33","1.24","19.05","0.59","0.3","0.06","28.97","72.6","12.5","62.56","4.09","49.28","0.01","0","0.12","5.27","69.66","1.66","60.71","0.59","6.58","58.56","","","0","0","","",""
"Z. Garai","Hungary 1.","Ajka","LB, LWB","18","0","2028-06-30","17","1513","0","0.22","0","0.96","Hungary","unknown","0","no","9.28","7.97","58.21","3.09","34.62","0.06","5.01","0","0.01","0","8","0.48","25","0","3.15","39.62","3.69","51.61","7.08","47.06","0.83","1.43","0.18","25.64","59.4","14.57","55.92","5.65","41.05","0.06","0","0.36","5.18","52.87","2.56","34.88","0.12","7.08","63.03","","","0","0","","",""
"R. Hajdú","Hungary 1.","Budafoki MTE","LW, RAMF, RW","23","0","","24","1512","6","4.43","2","2.11","Hungary","right","171","no","4.7","5.18","52.87","0.6","20","0.06","2.41","0.24","0.26","0.06","45","2.68","42.22","13.333","2.14","33.33","4.05","42.65","9.35","33.76","3.69","1.85","0.06","28.69","75.73","6.85","53.91","2.5","38.1","0.13","0.06","0.3","2.8","42.55","3.04","45.1","1.07","3.75","68.25","","","0","0","","",""
"G. Stumpf","Hungary 1.","Budafoki MTE","RDMF, RCMF, LCMF","19","0","2027-06-30","22","1503","2","0.66","0","0.46","Hungary","unknown","0","yes","11.92","9.34","59.62","3.89","52.31","0.12","7.23","0.12","0.04","0.06","7","0.42","28.57","28.571","0.24","25","0.42","57.14","2.63","43.18","0.54","0.42","0","36.35","80.56","14.37","68.33","3.53","38.98","0.03","0","0","5.27","68.18","0.6","20","0.12","7.37","60.98","","","0","0","","",""
"B. Pethő","Hungary 1.","Vasas","CF","27","100000","2028-06-30","21","1503","9","7.63","1","1.42","Hungary","right","190","no","3.95","3.29","65.45","6.65","51.35","0.12","2.92","0.54","0.46","0.36","50","2.99","40","18","0.24","75","2.4","52.5","10","32.93","4.01","0.36","0","21.2","75.71","3.53","47.46","0.78","61.54","0.09","0.24","0.36","1.86","64.52","1.02","58.82","0.78","1.44","66.67","","","0","0","","",""
"M. Könczey","Hungary 1.","Soroksár SC","RB, RCB, LCB","26","150000","","16","1489","1","0.12","0","0.16","Hungary","right","180","no","9.43","6.29","66.35","2.12","37.14","0.48","6.55","0.06","0.01","0","3","0.18","33.33","33.333","1.21","20","0.42","57.14","1.39","26.09","0.12","0.6","0.06","39.47","78.1","16.56","64.96","6.95","40.87","0.01","0","0","6.29","53.85","1.51","24","0.18","8.22","61.76","","","0","0","","",""
"D. Miskolczi","Hungary 1.","Szeged 2011","LAMF, LW, LCMF","18","0","","21","1486","2","1.26","2","2.23","Hungary","unknown","0","no","4.54","5.63","49.46","2.06","32.35","0.06","2.41","0.12","0.08","0","22","1.33","27.27","9.091","1.39","43.48","3.82","60.32","10.96","47.51","1.57","2.06","0.12","24.59","78.08","5.75","65.26","1.03","47.06","0.14","0.06","0.42","2.12","77.14","1.82","46.67","0.91","3.45","66.67","","","0","0","","",""
"E. Horváth","Hungary 1.","Duna Aszfalt Tiszakécskei","RCMF, LCMF","26","0","","21","1471","0","1.33","1","0.68","Hungary","","0","no","6.36","5.81","52.63","2.02","27.27","0.12","4.59","0","0.08","0","20","1.22","10","0","0.98","31.25","1.96","59.38","6.49","45.28","0.86","1.1","0.12","48.64","80.25","15.79","67.44","5.14","47.62","0.04","0.06","0.24","7.95","63.08","1.96","43.75","0.86","7.4","71.9","","","0","0","","",""
"V. Sejben","Hungary 1.","Ajka","RCMF, LCMF, LDMF","29","100000","2026-06-30","20","1470","1","0.45","0","0.14","Hungary","right","182","no","7.84","4.65","63.16","1.04","35.29","0.24","6.45","0.06","0.03","0","10","0.61","20","10","1.71","46.43","1.9","61.29","8.33","45.59","0.61","1.41","0.12","37.29","76.19","13.65","64.57","4.9","52.5","0.01","0.06","0.06","7.84","62.5","2.76","62.22","0.98","6.92","73.45","","","0","0","","",""
"Z. Gálfi","Hungary 1.","Soroksár SC","LAMF, RW, RAMF","26","0","","20","1467","5","4.03","2","2.38","Hungary","","0","no","4.85","5.64","45.65","2.15","28.57","0.06","2.65","0.25","0.25","0","36","2.21","41.67","13.889","1.84","43.33","6.01","60.2","14.05","44.1","2.7","3.37","0.61","19.51","73.9","4.85","55.7","1.1","38.89","0.15","0.18","0.55","1.84","53.33","1.84","46.67","0.37","3.07","62","","","0","0","","",""
"M. Zámbó","Hungary 1.","Duna Aszfalt Tiszakécskei","CF, LWF, LWB","19","0","","22","1450","2","2.34","1","0.92","Hungary","unknown","0","no","6.08","4.84","64.1","2.73","29.55","0.06","4.02","0.12","0.15","0.06","23","1.43","43.48","8.696","1.92","38.71","4.41","56.34","11.92","45.31","1.86","1.92","0.43","23.71","78.53","5.71","65.22","0.74","41.67","0.06","0.06","0.25","2.17","51.43","2.11","47.06","0.5","3.29","64.15","","","0","0","","",""
"R. Varga","Hungary 1.","Fehérvár","CF, AMF, LCMF","36","350000","2026-06-30","21","1446","7","5.93","3","2.6","Hungary","right","182","no","1.37","1.18","47.37","1.56","32","0.12","0.93","0.37","0.37","0.06","33","2.05","42.42","21.212","1.06","41.18","1.24","55","5.41","41.38","2.61","0.56","0.06","20.79","73.35","5.85","54.26","1.8","34.48","0.16","0.06","0.44","2.8","62.22","1.43","56.52","0.87","3.36","55.56","","","0","0","","",""
"B. Bacsa","Hungary 1.","Ajka","RCB, RB","20","0","2027-06-30","17","1444","0","0.32","0","0.19","Hungary","unknown","0","yes","11.34","9.41","67.55","5.24","59.52","0.69","6.2","0","0.02","0","5","0.31","0","0","0.62","40","0.19","33.33","1.12","55.56","0.69","0.31","0.06","37.83","70.68","18.2","56.85","8.41","37.78","0.01","0","0.06","5.86","42.55","1.31","28.57","0.44","8.73","55","","","0","0","","",""
"L. Kurdics","Hungary 1.","Szeged 2011","LB, LWB","23","75000","","23","1442","0","0.99","2","1.59","Hungary","","183","no","8.55","6.12","58.16","2.62","47.62","0.25","6.45","0","0.06","0","22","1.37","18.18","0","3.99","34.38","3.5","64.29","7.36","44.92","1.5","1.44","0.5","26.4","62.88","10.55","53.85","4.56","35.62","0.1","0","0.31","3.56","56.14","3.18","41.18","0.19","6.68","57.94","","","0","0","","",""
"K. Sarkadi","Hungary 1.","BVSC","RW, RAMF, RB","20","0","","20","1439","2","1.68","3","2.14","Hungary","unknown","0","no","5","4.25","58.82","2.69","37.21","0.13","2.82","0.13","0.11","0","16","1","43.75","12.5","4.07","38.46","5.5","62.5","9.51","51.97","2.19","1.69","0.25","17.64","59.93","5.5","48.86","1.44","43.48","0.13","0.06","0.63","1.38","36.36","3.06","46.94","0.31","3.82","63.93","","","0","0","","",""
"C. Novák","Hungary 1.","Szeged 2011","CF","31","200000","2028-06-30","23","1435","9","8.35","2","2.8","Hungary","right","201","no","2.76","1.19","42.11","13.05","60.1","0.06","2.92","0.5","0.52","0.19","49","3.07","34.69","18.367","0.69","27.27","2.2","45.71","11.1","33.9","4.2","1.13","0","15.18","63.22","3.45","54.55","0.25","50","0.18","0","0.31","1.63","50","1.13","55.56","0.88","1.63","57.69","","","0","0","","",""
"F. Ujvary","Hungary 1.","Honvéd","RWB, RB, RW","17","0","","19","1435","1","1.22","2","0.97","Hungary","unknown","0","no","9.6","7.28","68.1","4.95","41.77","0.19","6.91","0.06","0.08","0.06","13","0.82","46.15","7.692","3.89","32.26","2.13","55.88","5.08","41.98","1.94","1.38","0.13","26.03","60.72","11.67","55.38","4.83","37.66","0.06","0","0.19","4.7","54.67","3.26","51.92","0.63","7.84","68","","","0","0","","",""
"M. Deczki","Hungary 1.","Mezőkövesd-Zsóry","GK","26","0","2026-06-30","15","1435","0","0","0","0","Hungary","right","0","no","1.51","0.06","0","0.63","100","0","2.12","0","0","0","0","0","0","0","0","0","0","0","0.13","100","0","0","0","24.21","84.72","12.17","73.71","9.16","63.01","0","0","0","1.63","46.15","0.13","0","0","7.15","67.54","1.19","3.95","69.84","1.14","-0.81","-0.051","1.94"
"K. Balla","Hungary 1.","Békéscsaba","RCMF, LCMF","19","0","","21","1433","0","0.68","1","0.87","Hungary","","0","no","4.9","5.15","57.32","0.88","35.71","0.06","2.88","0","0.04","0","14","0.88","14.29","0","1.82","20.69","1.63","80.77","5.59","58.43","1.32","1.38","0.19","36.55","81.96","11.81","68.09","3.39","62.96","0.05","0.19","0.25","5.65","71.11","2.58","46.34","0.88","5.9","74.47","","","0","0","","",""
"B. Tóth","Hungary 1.","Szeged 2011","CB, LCB, RCB","27","225000","2027-06-30","16","1426","0","1.03","0","0.16","Hungary","left","189","no","10.22","6.82","62.04","3.72","69.49","0.69","7.35","0","0.07","0","5","0.32","40","0","0","0","0.19","33.33","0.69","54.55","0.44","1.2","0","52.76","87.8","22.41","78.31","9.4","63.76","0.01","0","0.06","8.65","67.88","0.44","28.57","0.32","12.56","83.92","","","0","0","","",""
"R. Rabatin","Hungary 1.","Szeged 2011","LCMF, DMF, LDMF","26","75000","","20","1411","1","0.23","0","1.14","Hungary","right","183","no","7.85","5.04","51.9","2.55","52.5","0.51","6.52","0.06","0.01","0","8","0.51","25","12.5","1.47","47.83","0.64","90","3.25","52.94","0.77","0.7","0.06","47.9","83.62","16.46","70.93","3.95","56.45","0.07","0.19","0.26","7.4","62.93","2.17","52.94","0.57","7.4","87.07","","","0","0","","",""
"L. Vágó","Hungary 1.","Szeged 2011","DMF, CB, RCMF","33","300000","","22","1403","1","1.66","1","0.96","Hungary","right","179","no","9.24","6.54","56.86","6.03","73.4","0.45","6.87","0.06","0.11","0.06","12","0.77","58.33","8.333","0.13","0","0.45","71.43","2.89","57.78","1.03","0.9","0","44.45","87.01","14.31","72.65","4.11","54.69","0.06","0","0.32","6.54","70.59","0.45","57.14","0.26","6.22","76.29","","","0","0","","",""
"A. Merenyi","Hungary 1.","Mezőkövesd-Zsóry","LW, LWF, CF","22","0","","23","1401","3","3.41","3","2.46","Hungary","left","0","yes","4.3","3.92","55.74","2.31","19.44","0.06","2.83","0.19","0.22","0.06","42","2.7","28.57","7.143","2.12","30.3","3.66","56.14","10.99","45.61","2.83","2.25","0.26","19.79","73.7","5.78","65.56","1.09","41.18","0.16","0.06","0.32","1.99","61.29","2.18","52.94","0.39","3.08","66.67","","","0","0","","",""
"M. Németh","Hungary 1.","Budafoki MTE","LCMF, LDMF, RCMF","31","75000","","23","1399","0","0.8","2","3.6","Hungary","both","170","no","6.05","7.98","48.39","1.87","41.38","0","2.93","0","0.05","0","17","1.09","35.29","0","1.22","36.84","1.09","47.06","5.15","48.75","1.09","0.96","0.19","39.89","82.26","10.55","62.2","4.05","47.62","0.23","0","0.32","4.82","60","2.25","51.43","0.84","5.08","69.62","","","0","0","","",""
"Á. Borvető","Hungary 1.","Szeged 2011","CF","27","175000","2026-06-30","21","1398","6","7.61","3","0.18","Hungary","both","189","no","2.77","2.06","65.63","9.59","47.65","0.19","1.78","0.39","0.49","0.13","37","2.38","40.54","16.216","0.52","37.5","1.55","62.5","10.82","33.33","3.8","0.84","0.19","12.3","75.92","2.32","66.67","0.13","0","0.01","0","0.19","0.77","58.33","0.71","81.82","0.45","0.64","70","","","0","0","","",""
"B. Banó-Szabó","Hungary 1.","Vasas","AMF, RWF, RCMF","26","450000","2028-06-30","24","1390","7","4.28","1","5.21","Hungary","left","180","no","3.17","2.46","63.16","1.42","36.36","0.13","2.41","0.45","0.28","0.06","30","1.94","40","23.333","2.53","28.21","1.1","41.18","5.57","37.21","2.72","0.58","0.13","37.36","81.8","11.01","74.12","4.01","61.29","0.34","0.26","0.78","6.67","75.73","4.14","48.44","1.75","6.47","84","","","0","0","","",""
"K. Kovács","Hungary 1.","Fehérvár","RB, RWB, LWB","25","375000","2026-06-30","22","1382","1","0.65","3","2.59","Hungary","right","175","no","11.85","8.34","60.94","1.76","33.33","0.2","7.38","0.07","0.04","0","8","0.52","25","12.5","2.8","46.51","2.41","67.57","6.38","51.02","1.5","1.37","0","28.39","76.61","9.25","67.61","3.84","55.93","0.17","0","0.39","2.74","66.67","2.6","67.5","0.98","6.77","67.31","","","0","0","","",""
"N. Kundrák","Hungary 1.","Soroksár SC","RAMF, LW, CF","26","75000","","22","1376","4","3.48","0","0.21","Hungary","right","180","no","6.08","4.84","54.05","6.15","43.62","0.26","3.97","0.26","0.23","0.13","27","1.77","40.74","14.815","0.98","46.67","3.92","61.67","11.18","40.94","2.16","1.37","0.33","15.57","78.15","3.66","60.71","0.78","41.67","0.01","0","0.13","1.5","65.22","0.65","50","0.2","2.35","61.11","","","0","0","","",""
"O. Dinnyés","Hungary 1.","Szentlőrinc SE","RCB","25","150000","","17","1366","2","1.43","1","0.07","Hungary","right","190","no","9.22","6.19","64.89","3.82","56.9","0.4","7.01","0.13","0.09","0","5","0.33","60","40","0.26","75","0.26","50","1.58","33.33","0.66","0.86","0.07","42.69","81.79","18.84","67.83","7.12","49.07","0","0.07","0.07","6.92","53.33","1.05","31.25","0.26","9.42","65.03","","","0","0","","",""
"B. Farkas","Hungary 1.","BVSC","CF","24","0","2027-06-30","25","1365","9","7.01","2","1.19","Hungary","","0","no","3.1","3.63","45.45","10.29","27.56","0.13","1.47","0.59","0.46","0.13","28","1.85","64.29","32.143","0.73","18.18","1.38","66.67","8.51","30.23","3.56","0.46","0.07","15.03","65.79","4.42","46.27","1.25","26.32","0.08","0","0.33","2.64","55","1.25","36.84","0.79","1.58","66.67","","","0","0","","",""
"M. Jagodics","Hungary 1.","Budafoki MTE","CB, LCB, RCB","34","100000","","16","1357","0","0.87","0","0","Hungary","right","190","no","10.88","8.03","69.42","5.44","63.41","0.86","5.88","0","0.06","0","5","0.33","100","0","0.07","0","0.6","44.44","3.25","63.27","0.66","0.6","0","36.94","79.89","16.65","67.33","8.62","53.08","0","0","0","6.7","55.45","0.73","18.18","0.07","9.09","65.69","","","0","0","","",""
"D. Cipf","Hungary 1.","Ajka","CF, LW","25","75000","2026-06-30","19","1355","4","3.15","3","2.58","Hungary","right","180","no","4.38","4.45","55.22","4.65","32.86","0","1.96","0.2","0.21","0.07","28","1.86","42.86","14.286","2.59","20.51","5.05","40.79","15.81","32.35","2.66","2.19","0.33","24.71","66.94","6.64","49","2.06","32.26","0.17","0.13","0.53","2.66","45","2.39","25","0.4","2.99","68.89","","","0","0","","",""
"Á. Vass","Hungary 1.","Soroksár SC","LDMF, RDMF, LCMF","37","50000","","22","1347","0","0.08","0","0.13","Hungary","right","175","no","8.75","5.61","60.71","2.47","64.86","0.8","6.39","0","0.01","0","7","0.47","14.29","0","0.13","50","0.2","66.67","2.74","60.98","0.07","0.2","0","38.82","86.23","12.9","72.54","3.88","51.72","0.01","0","0","5.61","75","0.67","30","0.07","6.75","68.32","","","0","0","","",""
"A. Szamosi","Hungary 1.","Honvéd","LCMF, RCMF","19","0","","18","1345","4","3.91","1","0.88","Hungary","unknown","0","yes","5.09","6.69","49","5.02","37.33","0","2.72","0.27","0.26","0","27","1.81","51.85","14.815","0.87","30.77","1.81","40.74","8.77","37.4","3.21","1.27","0.2","27.23","76.66","8.57","68.75","2.81","59.52","0.06","0.2","0.54","4.15","64.52","2.34","54.29","1.54","4.15","79.03","","","0","0","","",""
"G. Csatári","Hungary 1.","Mezőkövesd-Zsóry","DMF, RCMF, RB","23","0","","22","1336","1","1.44","0","0.08","Hungary","right","0","no","9.3","7.75","54.78","4.65","56.52","0.07","6.88","0.07","0.1","0","13","0.88","7.69","7.692","0.54","25","1.08","68.75","4.31","53.13","0.94","0.67","0","32.54","77.64","11.12","53.94","4.04","50","0.01","0","0","4.92","64.38","1.08","37.5","0.47","5.25","51.28","","","0","0","","",""
"Á. Ésik","Hungary 1.","Békéscsaba","LW, CF, LAMF","20","0","2026-06-30","21","1335","2","3.09","0","0.8","Hungary","unknown","0","yes","4.65","5.06","49.33","3.24","41.67","0.07","2.88","0.13","0.21","0.07","34","2.29","35.29","5.882","1.28","42.11","4.04","43.33","10.99","30.06","2.56","1.55","0.27","16.72","64.92","4.99","54.05","0.74","36.36","0.05","0","0.27","1.75","57.69","1.55","65.22","0.67","3.03","55.56","","","0","0","","",""
"R. Nagy","Hungary 1.","Békéscsaba","CF, LAMF, AMF","32","150000","","20","1334","5","3.84","3","1.62","Hungary","right","182","no","2.63","1.96","48.28","1.42","9.52","0.07","2.38","0.27","0.26","0.07","28","1.89","39.29","17.857","4.05","33.33","2.83","38.1","9.65","39.16","2.02","1.55","0.07","32.59","72.67","10.32","64.05","3.51","55.77","0.11","0.13","0.47","4.59","64.71","4.99","41.89","1.21","5.8","79.07","","","0","0","","",""
"O. Hesz","Hungary 1.","Fehérvár","LCB, RCB","30","0","2027-06-30","18","1333","1","0.66","0","0.18","Hungary","right","184","no","9.11","5.81","65.12","5.74","52.94","0.47","5.76","0.07","0.04","0","5","0.34","80","20","0","0","0","0","0.88","46.15","0.61","0.54","0","32.95","83.2","13.84","67.32","4.46","37.88","0.01","0","0","4.52","53.73","0.27","25","0.27","6.55","62.89","","","0","0","","",""
"I. Szabados","Hungary 1.","Ajka","GK","28","75000","","14","1331","0","0","0","0","Hungary","","192","no","2.23","0.07","0","0.54","87.5","0","2.97","0","0","0","0","0","0","0","0","0","0","0","0.07","100","0","0","0","20.62","79.02","13.52","70.5","11.77","65.52","0","0","0","3.18","55.32","0.27","0","0","8.99","74.44","1.22","4.46","72.73","1.22","0.11","0.007","1.42"
"Á. Szekér","Hungary 1.","Duna Aszfalt Tiszakécskei","RB, DMF, LDMF","24","100000","","18","1330","0","1.18","1","1.07","Hungary","right","186","no","10.89","9.34","58.7","2.84","47.62","0.27","7.05","0","0.08","0","11","0.74","9.09","0","1.15","52.94","0.88","76.92","3.86","49.12","1.35","0.81","0","54.07","83.6","21.32","72.38","4.87","48.61","0.07","0.2","0.34","7.44","63.64","1.83","40.74","0.54","10.42","72.73","","","0","0","","",""
"I. Harsányi","Hungary 1.","Szentlőrinc SE","RW, LAMF, RAMF","29","200000","","23","1323","2","1.85","3","2.62","Hungary","both","178","no","4.42","3.4","58","2.24","39.39","0.07","2.94","0.07","0.13","0","25","1.7","24","8","2.65","23.08","2.59","47.37","10.41","41.18","2.38","0.68","0.07","27.28","72.07","6.87","65.35","3.27","56.25","0.18","0","0.14","2.72","60","2.52","29.73","0.75","4.29","69.84","","","0","0","","",""
"Á. Zuigéber","Hungary 1.","Honvéd","RWF, RW, RCMF","23","150000","2027-06-30","21","1321","10","4.61","1","2.36","Hungary","left","174","no","8.18","6.34","64.52","4.56","28.36","0.07","6.07","0.68","0.31","0.14","50","3.41","36","20","3.41","42","3.07","60","7.36","49.07","3.88","1.16","0","28.34","72.12","10.42","62.75","3.07","60","0.16","0.14","0.75","4.7","66.67","3.68","50","1.36","6.81","75","","","0","0","","",""
"B. Sain","Hungary 1.","Karcagi SE","AMF, CF, RCMF","19","0","","22","1320","1","2.82","0","1.03","Hungary","unknown","0","no","7.3","7.36","52.78","4.84","36.62","0.41","4.38","0.07","0.19","0","26","1.77","11.54","3.846","0.82","50","3.14","60.87","9.61","46.1","1.98","1.77","0.14","25.36","77.96","7.91","63.79","2.18","46.88","0.07","0.14","0.2","3.95","65.52","1.91","64.29","1.02","5.18","67.11","","","0","0","","",""
"B. Vörös","Hungary 1.","Mezőkövesd-Zsóry","RW, LW","17","0","","20","1316","3","2.74","1","0.74","Hungary","both","168","no","4.92","4.65","60.29","2.46","22.22","0.14","2.67","0.21","0.19","0","27","1.85","48.15","11.111","1.37","35","5.2","57.89","12.31","44.44","3.01","1.09","0.14","22.5","72.64","6.36","63.44","1.57","43.48","0.05","0","0.34","2.74","52.5","1.57","56.52","0.96","2.67","64.1","","","0","0","","",""
"Z. Derekas","Hungary 1.","Kecskeméti TE","LCMF, AMF, RCMF","27","100000","2026-06-30","22","1297","4","4.83","2","1.03","Hungary","right","182","no","8.67","7.7","54.95","6.59","52.63","0.76","6.2","0.21","0.33","0","25","1.73","28","16","2.15","25.81","1.94","46.43","8.19","38.14","2.15","1.11","0.21","28.8","76.39","10.06","66.9","1.73","64","0.07","0.21","0.56","4.3","64.52","2.01","55.17","0.76","4.02","81.03","","","0","0","","",""
"M. Kotula","Hungary 1.","Békéscsaba","LCB, LB","24","150000","2026-06-30","16","1262","0","0.14","0","0.11","Hungary","left","181","yes","9.2","6.99","61.22","2.92","46.34","0.21","6.84","0","0.01","0","2","0.14","50","0","1.21","41.18","1.14","50","3.92","38.18","0.21","2","0.36","42.79","78.83","20.75","70.45","6.56","40.22","0.01","0","0","6.35","56.18","1.85","34.62","0.43","9.63","68.89","","","0","0","","",""
"B. Bolgár","Hungary 1.","Kecskeméti TE","LWB, LB","18","0","2026-12-31","23","1251","1","0.38","0","1.34","Hungary","unknown","0","no","8.13","6.19","70.93","2.73","21.05","0.22","5.42","0.07","0.03","0","8","0.58","25","12.5","4.17","32.76","2.73","50","8.63","40","1.58","1.37","0.14","30.14","69.45","10.58","57.14","3.88","38.89","0.1","0","0.29","4.82","55.22","3.6","46","0.36","6.47","73.33","","","0","0","","",""
"K. Herjeczki","Hungary 1.","Csákvári TK","RW, RAMF, RWF","27","175000","","20","1246","2","1.7","2","3.25","Hungary","right","173","no","3.9","3.18","68.18","1.66","8.7","0.07","2.2","0.14","0.12","0","33","2.38","21.21","6.061","3.61","50","5.78","45","9.61","36.09","2.02","1.44","0.07","23.55","63.5","7.37","41.18","4.04","28.57","0.24","0","0.58","3.54","36.73","3.76","51.92","0.58","5.27","69.86","","","0","0","","",""
"P. Bacsa","Hungary 1.","BVSC","CF","33","100000","","27","1246","2","1.49","2","0.59","Hungary","right","192","no","3.54","2.89","55","9.39","32.31","0.22","2.2","0.14","0.11","0.07","9","0.65","22.22","22.222","0.36","0","0.79","54.55","6.93","31.25","2.17","0.65","0.07","13.65","66.67","4.19","43.1","0.51","14.29","0.04","0","0.29","2.09","44.83","0.51","14.29","0.36","1.73","45.83","","","0","0","","",""
"D. Kovács","Hungary 1.","Budafoki MTE","CF, AMF","34","125000","","23","1236","2","2.82","2","1.98","Hungary","right","180","no","3.79","2.62","47.22","4.51","30.65","0.07","3.5","0.07","0.21","0.07","26","1.89","50","7.692","1.17","56.25","1.09","53.33","6.26","48.84","2.77","1.02","0.15","21.77","67.22","7.86","50","1.97","33.33","0.14","0.15","0.36","3.13","55.81","2.18","53.33","1.09","4.44","65.57","","","0","0","","",""
"B. Bedi","Hungary 1.","Fehérvár","LCMF, AMF, LAMF","29","275000","2026-06-30","21","1229","1","0.64","1","0.95","Hungary","left","182","no","7.54","6.08","66.27","4.32","42.37","0.29","4.34","0.07","0.05","0","15","1.1","20","6.667","1.54","33.33","1.03","57.14","5.49","45.33","1.61","0.66","0.15","30.39","77.59","9.23","57.14","2.71","32.43","0.07","0.07","0.37","3.59","59.18","1.83","36","0.59","3.73","70.59","","","0","0","","",""
"C. Máté","Hungary 1.","Kozármisleny","LAMF, LW","19","0","","15","1226","1","0.6","1","0.45","Hungary","unknown","0","no","7.05","7.05","51.04","2.64","22.22","0.44","3.6","0.07","0.04","0","7","0.51","42.86","14.286","0.81","45.45","3.08","40.48","9.76","33.83","0.88","1.25","0.29","20.63","73.67","6.31","56.98","2.06","39.29","0.03","0","0.15","2.5","61.76","1.98","48.15","0.81","3.74","60.78","","","0","0","","",""
"M. Virágh","Hungary 1.","Fehérvár","RCB, LB","18","0","","16","1220","0","0.31","1","0.81","Hungary","unknown","0","no","12.39","11.07","57.33","3.98","35.19","0.74","7.93","0","0.02","0","4","0.3","25","0","0.52","71.43","0.89","58.33","2.58","45.71","0.52","1.03","0","36.15","78.98","14.31","65.98","5.24","59.15","0.06","0","0.15","4.65","60.32","1.4","47.37","0.37","7.82","67.92","","","0","0","","",""
"L. Pekár","Hungary 1.","BVSC","CF, LW","33","125000","2026-06-30","21","1216","1","2.3","0","1.23","Hungary","right","173","no","3.92","4.74","50","2.89","20.51","0","1.67","0.07","0.17","0","33","2.44","30.3","3.03","3.4","19.57","4.37","52.54","10.14","39.42","2.59","1.7","0","25.98","70.66","6.29","57.65","2.59","45.71","0.09","0.07","0.15","3.33","60","2.89","33.33","0.44","4.14","67.86","","","0","0","","",""
"O. Nagy","Hungary 1.","Soroksár SC","RB","23","0","","16","1206","2","1.05","1","0.78","Hungary","right","177","yes","8.73","6.79","69.23","2.01","25.93","0.3","5.55","0.15","0.08","0","13","0.97","23.08","15.385","1.79","41.67","1.19","81.25","3.66","59.18","0.67","1.27","0.07","34.4","75.92","13.81","65.95","5.07","52.94","0.06","0.15","0.37","6.42","59.3","2.91","53.85","0.67","8.51","69.3","","","0","0","","",""
"V. Visinka","Hungary 1.","Duna Aszfalt Tiszakécskei","LCB","19","0","","13","1198","1","2.01","2","0.96","Hungary","unknown","0","no","8.64","8.04","57.94","7.44","58.59","0.23","5.58","0.08","0.15","0","8","0.6","25","12.5","0.75","40","0.3","50","1.35","33.33","0.83","1.2","0.08","47.85","83.2","22.76","73.6","6.69","53.93","0.07","0","0.15","6.39","54.12","1.28","23.53","0.3","9.24","69.11","","","0","0","","",""
"B. Reho","Hungary 1.","Budafoki MTE","LW, LAMF","20","0","","21","1183","0","0.94","0","0.66","Hungary","unknown","0","no","6.54","5.71","66.67","3.42","35.56","0.15","3.33","0","0.07","0","9","0.68","33.33","0","3.2","28.57","4.03","77.36","9.66","49.61","2.66","1.07","0.23","18.33","60.58","4.79","52.38","0.76","30","0.05","0","0.46","1.22","43.75","2.21","37.93","0.46","3.27","53.49","","","0","0","","",""
"O. Kalmár","Hungary 1.","Szeged 2011","LB","24","100000","","21","1177","0","0.42","1","1.8","Hungary","left","173","no","9.18","6.19","66.67","3.21","66.67","0.15","6.62","0","0.03","0","5","0.38","40","0","3.44","48.89","3.06","72.5","6.27","53.66","0.92","1.76","0.15","35.94","74.47","14.68","70.83","5.66","51.35","0.14","0.23","0.69","6.42","66.67","3.67","60.42","0.92","10.25","75.37","","","0","0","","",""
"B. Kocsis","Hungary 1.","Szentlőrinc SE","CF, RAMF, AMF","25","250000","","18","1174","1","2.43","2","0.66","Romania","left","180","no","5.6","4.91","64.06","3.6","31.91","0","2.79","0.08","0.19","0","28","2.15","39.29","3.571","1.3","29.41","2.99","43.59","9.12","37.82","1.99","1.3","0.15","23.38","69.18","7.97","55.77","1.92","32","0.05","0.08","0.23","3.83","48","1.38","50","0.38","3.68","66.67","","","0","0","","",""
"B. Barkóczi","Hungary 1.","Vasas","RWF, LW, RAMF","18","0","","23","1166","3","2.83","1","1.14","Hungary","unknown","0","no","5.71","5.09","54.55","2.62","29.41","0.08","4.48","0.23","0.22","0","33","2.55","39.39","9.091","2.24","24.14","4.17","46.3","10.34","40.3","3.55","1.08","0.31","23.7","73.94","6.33","53.66","1.39","27.78","0.09","0.15","0.39","1.78","43.48","1.85","45.83","0.69","3.16","53.66","","","0","0","","",""
"K. Tóth-Gábor","Hungary 1.","Szeged 2011","CF","24","150000","","20","1165","4","3.68","1","0.9","Hungary","right","194","no","3.01","2.78","47.22","9.58","50","0.15","2.24","0.15","0.28","0.08","20","1.55","40","20","0.62","12.5","2.39","51.61","11.51","35.57","3.32","1","0","15.53","74.13","2.39","45.16","0.08","100","0.07","0","0.15","0.46","33.33","0.7","55.56","0.77","1.7","45.45","","","0","0","","",""
"I. Pekár","Hungary 1.","Honvéd","RCMF","22","0","2026-06-30","17","1164","1","1.44","3","1.01","Hungary","","0","no","11.13","9.51","56.1","3.94","50.98","0.31","8.17","0.08","0.11","0.08","10","0.77","10","10","0.54","42.86","0.77","60","3.25","50","1.01","0.46","0","35.8","76.46","14.07","62.64","3.94","45.1","0.08","0.08","0.31","4.87","58.73","1.08","78.57","0.7","6.11","63.29","","","0","0","","",""
"Á. Madarász","Hungary 1.","Soroksár SC","LDMF, RCMF, RDMF","19","0","","13","1149","0","0.49","1","1.14","Hungary","unknown","0","no","6.19","4.15","56.6","1.8","26.09","0.23","5.29","0","0.04","0","12","0.94","16.67","0","1.96","36","1.25","50","3.45","45.45","0.39","2.04","0.16","49.03","78.59","16.53","55.92","7.75","41.41","0.09","0.16","0.47","11.51","59.86","3.37","41.86","0.7","9.24","77.12","","","0","0","","",""
"Ádám Bagi","Hungary 1.","Soroksár SC","AMF, CF, RW","19","0","","20","1149","4","2.92","0","0.32","Hungary","right","0","no","5.25","3.92","60","5.72","46.58","0.08","3.98","0.31","0.23","0","26","2.04","34.62","15.385","0.86","18.18","2.9","56.76","9.24","50","2.74","0.94","0.23","26.79","77.19","8.15","68.27","1.49","52.63","0.03","0.39","0.31","3.6","71.74","1.96","56","0.94","4.62","76.27","","","0","0","","",""
"M. Gyurján","Hungary 1.","Szentlőrinc SE","GK","30","175000","","12","1146","0","0","0","0","Hungary","right","186","no","1.41","0","0","0.08","100","0","2.14","0","0","0","0","0","0","0","0","0","0","0","0.08","100","0","0","0","21.05","79.85","12.33","68.15","9.97","60.63","0","0","0","3.22","46.34","0.31","0","0","6.05","74.03","1.65","4.63","64.41","1.12","-6.75","-0.53","1.34"
"M. Fekete","Hungary 1.","Budafoki MTE","RCB, RB, LB","30","50000","","15","1145","0","0.32","0","0.03","Hungary","right","184","no","9.43","7.62","56.7","2.99","57.89","0.39","6.41","0","0.02","0","4","0.31","0","0","1.1","14.29","0.63","100","2.91","62.16","0.47","0.79","0.08","33.17","76.3","14.46","63.59","5.74","46.58","0","0","0","6.05","64.94","1.49","26.32","0.24","7.23","58.7","","","0","0","","",""
"P. Iyinbor","Hungary 1.","Vasas","LCB","24","0","2029-06-30","12","1142","0","0.15","0","0","Hungary","right","188","no","9.54","4.81","68.85","5.91","72","0.24","9.13","0","0.01","0","2","0.16","50","0","0","0","0.16","100","1.26","43.75","0.39","0.24","0","51.15","89.68","19.23","78.28","3.55","44.44","0","0","0","3.47","68.18","0.39","20","0.16","6.7","61.18","","","0","0","","",""
"D. Lukacs","Hungary 1.","Soroksár SC","RB, RAMF","22","0","","15","1139","1","0.44","1","0.37","Hungary","","0","no","8.61","7.27","59.78","3.4","51.16","0.32","5.24","0.08","0.03","0.08","5","0.4","40","20","2.84","36.11","2.61","66.67","5.85","47.3","0.95","1.42","0","29.24","68.38","14.46","61.2","5.37","47.06","0.03","0","0.24","6.24","60.76","3.24","53.66","0.63","7.9","71","","","0","0","","",""
"D. Németh","Hungary 1.","Fehérvár","CF","22","250000","2026-06-30","19","1138","10","8.42","0","1.19","Hungary","right","181","yes","3.24","2.69","58.82","5.93","25.33","0.24","2.15","0.71","0.67","0","32","2.53","56.25","31.25","0.71","22.22","1.34","58.82","9.25","25.64","3.48","0.87","0.24","10.44","71.21","2.53","56.25","0.47","0","0.09","0","0.55","0.79","40","1.27","68.75","0.95","1.03","69.23","","","0","0","","",""
"A. Szojma","Hungary 1.","Kecskeméti TE","LCB","19","0","","16","1133","0","0","1","0.43","Hungary","unknown","0","no","8.98","6.12","64.94","4.61","58.62","0.32","6.12","0","0","0","0","0","0","0","1.03","23.08","0.56","71.43","2.46","51.61","0.24","1.35","0","40.91","79.61","18.03","70.93","4.53","42.11","0.03","0","0.08","6.75","65.88","1.67","23.81","0.4","8.66","66.97","","","0","0","","",""
"R. Lehoczky","Hungary 1.","BVSC","LCB","24","125000","","12","1133","1","0.8","0","0.57","Hungary","right","184","no","8.18","5.08","62.5","4.45","58.93","0.48","5.22","0.08","0.06","0.08","6","0.48","33.33","16.667","0.48","66.67","0.16","100","1.19","33.33","0.64","0.79","0.08","39.48","82.09","17.56","67.87","6.75","43.53","0.05","0","0.08","6.12","48.05","0.71","33.33","0.16","7.15","63.33","","","0","0","","",""
"K. Körmendi","Hungary 1.","Duna Aszfalt Tiszakécskei","LB, LCB","24","0","2026-06-30","12","1132","0","0.68","1","1.14","Hungary","left","180","yes","7.23","6.28","64.56","2.78","34.29","0.16","4.19","0","0.05","0","10","0.8","0","0","2.31","62.07","1.35","82.35","3.74","57.45","1.35","1.51","0.32","43.65","77.23","19.56","64.63","8.59","49.07","0.09","0","0.48","5.57","62.86","1.91","62.5","0.48","10.89","58.39","","","0","0","","",""
"N. Benkő-Bíró","Hungary 1.","BVSC","RCB, RB","33","50000","2026-06-30","18","1132","0","0.95","0","0","Romania","","0","no","10.42","7.23","74.73","5.01","53.97","0.48","5.22","0","0.08","0","5","0.4","60","0","0.24","0","0.16","50","0.8","20","0.56","0.24","0","27.51","76.59","13.28","65.27","5.57","48.57","0","0.08","0","4.45","57.14","0.56","42.86","0.16","6.36","65","","","0","0","","",""
"Z. Magyar","Hungary 1.","Csákvári TK","AMF, CF, RCMF","24","75000","2029-06-30","13","1130","8","4.16","3","3.37","Hungary","right","196","no","5.1","4.62","46.55","2.55","12.5","0","3.02","0.4","0.33","0","34","2.71","47.06","23.529","2.79","28.57","2.55","65.63","6.85","50","1.35","0.8","0","35.04","67.73","13.22","55.42","6.61","46.99","0.27","0.32","0.24","8.84","53.15","3.9","38.78","0.88","7.25","74.73","","","0","0","","",""
"G. Ominger","Hungary 1.","BVSC","RDMF, RCMF, LDMF","23","125000","2026-06-30","18","1130","0","1.28","1","0.46","Hungary","","183","yes","8.92","7.65","48.96","3.27","51.22","0.24","5.71","0","0.1","0","20","1.59","20","0","0.88","36.36","0.96","66.67","4.54","56.14","1.12","0.56","0.08","29.71","73.73","13.86","66.09","4.3","53.7","0.04","0.08","0.16","4.38","58.18","1.43","44.44","0.64","6.29","62.03","","","0","0","","",""
"M. Simuț","Hungary 1.","Fehérvár","RWB, LW","22","0","2026-06-30","18","1128","1","1.12","2","1.66","Romania","right","186","no","6.38","5.74","62.5","3.75","51.06","0.24","3.96","0.08","0.09","0","12","0.96","41.67","8.333","2.95","35.14","3.51","54.55","8.22","45.63","1.76","2.23","0.16","33.51","72.38","11.41","57.34","3.67","39.13","0.13","0","0.48","3.35","57.14","3.11","46.15","0.96","6.94","65.52","","","0","0","","",""
"M. Hodonicki","Hungary 1.","Békéscsaba","RCB, RB","25","0","","20","1098","0","0.19","0","0.49","Hungary","","168","no","12.46","9.43","71.3","4.34","52.83","0.33","8.13","0","0.02","0","6","0.49","50","0","2.38","20.69","1.39","64.71","4.67","47.37","0.57","1.48","0.49","35.57","75.58","14.26","68.39","4.67","49.12","0.04","0.08","0.25","6.15","68","2.54","29.03","0.41","8.2","63","","","0","0","","",""
"P. Hidi","Hungary 1.","Karcagi SE","LCMF, LDMF, CB","35","175000","","19","1095","0","1.29","1","2.56","Hungary","left","186","no","9.53","6.08","62.16","2.79","50","0.33","6.68","0","0.11","0","7","0.58","42.86","0","1.23","20","0.9","63.64","5.01","27.87","0.74","0.41","0","35.18","77.1","15.21","64.32","6.25","51.32","0.21","0","0.08","5.75","54.29","2.14","19.23","0.16","8.38","66.67","","","0","0","","",""
"P. Ternován","Hungary 1.","Mezőkövesd-Zsóry","RB, LB","28","100000","","17","1090","0","0.54","0","0.16","Hungary","left","173","no","8.09","6.69","59.26","2.64","53.13","0.08","5.18","0","0.04","0","5","0.41","20","0","1.9","21.74","2.15","69.23","5.61","52.94","0.74","1.32","0","32.2","73.85","13.05","62.66","3.39","31.71","0.01","0.08","0.08","3.55","62.79","2.56","29.03","0.25","7.6","63.04","","","0","0","","",""
"D. Székely","Hungary 1.","Karcagi SE","CF","29","0","","15","1088","1","2.38","1","1.02","Hungary","right","0","no","3.47","2.56","54.84","5.21","47.62","0.17","2.49","0.08","0.2","0","17","1.41","41.18","5.882","1.16","28.57","1.49","77.78","7.2","36.78","3.56","0.41","0.25","17.95","65.9","5.46","48.48","1.82","13.64","0.08","0","0.25","3.39","41.46","1.16","50","0.66","2.23","59.26","","","0","0","","",""
"B. Szabó","Hungary 1.","Békéscsaba","RB, DMF","24","100000","","17","1087","2","1.05","0","0.44","Hungary","right","177","no","8.94","6.62","52.5","3.31","45","0.33","7.5","0.17","0.09","0.08","12","0.99","41.67","16.667","1.24","33.33","1.08","53.85","3.31","45","0.99","0.58","0","34.61","79.67","12.59","67.11","2.15","46.15","0.04","0.08","0","4.39","69.81","1.66","45","0.5","7.2","63.22","","","0","0","","",""
"L. Babós","Hungary 1.","BVSC","RB","22","0","2026-06-30","12","1086","1","0.36","0","0.95","Hungary","right","0","yes","11.19","7.54","67.03","5.64","51.47","0.41","6.56","0.08","0.03","0","4","0.33","25","25","1.57","15.79","0.33","0","2.24","33.33","0.75","0.75","0.08","34.06","74.94","15.58","68.62","4.97","50","0.08","0.08","0.08","6.88","71.08","2.32","39.29","0.66","7.38","71.91","","","0","0","","",""
"C. Bukta","Hungary 1.","Budafoki MTE","RB, CF, RW","24","250000","2026-06-30","20","1082","2","1.82","0","0.94","Hungary","right","176","yes","5.74","4.66","62.5","2.83","47.06","0.17","3.43","0.17","0.15","0","23","1.91","21.74","8.696","3.41","29.27","3.08","56.76","6.4","38.96","2.58","1.66","0.25","26.45","66.98","8.32","63","4.24","43.14","0.08","0.08","0.25","3.41","60.98","2.74","36.36","0.75","5.82","57.14","","","0","0","","",""
"D. Kálnoki-Kis","Hungary 1.","Budafoki MTE","RCB","34","100000","2026-06-30","12","1076","0","0","0","0","Hungary","right","188","no","8.45","5.86","75.71","5.1","45.9","0.5","4.89","0","0","0","0","0","0","0","0.17","100","0.08","100","0.84","30","0.42","0.25","0","37.22","77.3","17.9","61.21","8.87","47.17","0","0","0","7.28","47.13","0.84","20","0.17","9.03","67.59","","","0","0","","",""
"C. Molnár","Hungary 1.","Vasas","LAMF, LW, RAMF","19","0","","18","1074","1","1.94","2","0.87","Hungary","right","0","no","5.2","5.95","49.3","1.93","26.09","0.08","3.25","0.08","0.16","0","25","2.09","28","4","2.18","38.46","5.95","46.48","15.25","33.52","2.93","3.35","0.59","23.38","79.93","5.78","69.57","1.09","53.85","0.07","0.25","0.67","2.01","75","1.93","65.22","1.09","4.02","79.17","","","0","0","","",""
"B. Pávkovics","Hungary 1.","Vasas","RCB, RB, LB","29","275000","2026-06-30","15","1074","0","0.69","0","0.3","Hungary","right","186","no","8.3","6.12","60.27","5.7","57.35","0.34","7.07","0","0.06","0","11","0.92","54.55","0","1.68","25","1.09","53.85","2.43","44.83","1.26","1.59","0.25","51.62","81.33","21.54","73.15","7.04","48.81","0.02","0","0.08","7.54","60","1.76","19.05","0.08","9.47","71.68","","","0","0","","",""
"Á. Pintér","Hungary 1.","Mezőkövesd-Zsóry","RW, CF, RAMF","24","50000","","21","1073","3","2.5","1","1.26","Hungary","left","179","no","5.7","5.7","69.12","2.18","30.77","0.08","2.29","0.25","0.21","0","20","1.68","25","15","3.52","35.71","7.55","52.22","19.04","33.48","3.19","4.36","0.5","28.27","75.37","6.79","69.14","1.76","57.14","0.11","0.17","0.34","2.26","74.07","3.61","44.19","1.01","4.61","72.73","","","0","0","","",""
"P. Törőcsik","Hungary 1.","BVSC","AMF, CF","24","0","2026-06-30","14","1070","4","2.03","0","0.66","Hungary","right","183","yes","6.73","4.54","51.85","4.79","28.07","0.17","5.15","0.34","0.17","0.17","20","1.68","45","20","1.26","20","2.44","51.72","11.69","41.01","2.44","1.18","0.08","25.15","80.94","6.81","66.67","1.01","66.67","0.06","0.42","0.08","3.62","74.42","1.35","56.25","0.5","2.94","71.43","","","0","0","","",""
"B. Kun","Hungary 1.","Budafoki MTE","LB, LWB","27","0","2026-06-30","17","1069","3","1.36","0","0.22","Hungary","left","177","no","8","6.74","63.75","3.62","60.47","0.17","4.79","0.25","0.11","0.08","7","0.59","57.14","42.857","3.03","33.33","2.02","62.5","5.05","41.67","1.35","2.27","0.34","35.44","74.82","13.72","65.64","4.8","40.35","0.02","0","0.17","4.71","64.29","2.27","40.74","0.34","7.66","62.64","","","0","0","","",""
"L. Doncsecz","Hungary 1.","Ajka","LW, CF, RAMF","22","0","","19","1062","1","1.98","1","1.1","Hungary","","0","no","3.81","3.31","48.72","3.47","29.27","0","2.53","0.08","0.17","0","12","1.02","33.33","8.333","2.88","47.06","2.37","50","7.03","30.12","2.29","1.19","0","21.53","60.24","6.86","51.85","1.53","44.44","0.09","0","0.25","1.86","54.55","3.22","60.53","0.85","4.75","67.86","","","0","0","","",""
"K. Korozmán","Hungary 1.","Soroksár SC","AMF, LAMF, CF","29","75000","2026-06-30","21","1054","5","3.02","1","0.64","Hungary","both","179","no","6.23","5.46","60.94","2.99","11.43","0.09","3.42","0.34","0.26","0.17","30","2.56","36.67","13.333","1.62","15.79","1.54","55.56","4.27","44","2.39","1.02","0.09","24.17","71.73","7.86","65.22","2.9","52.94","0.05","0","0.26","3.76","72.73","1.96","47.83","0.85","4.44","75","","","0","0","","",""
"S. Kaye","Hungary 1.","Karcagi SE","CF, RAMF","20","0","2026-06-30","20","1051","3","3.13","1","0.8","Nigeria","right","175","yes","4.37","4.62","46.3","7.45","39.08","0","2.67","0.26","0.27","0.09","29","2.48","34.48","10.345","1.8","19.05","4.28","44","12.42","37.24","4.28","1.63","0.17","16.53","62.18","4.54","58.49","1.2","35.71","0.07","0","0.26","2.23","57.69","1.37","62.5","0.51","3.17","59.46","","","0","0","","",""
"B. Ominger","Hungary 1.","Csákvári TK","LW, RAMF, RW","23","0","","19","1051","1","2.1","1","1","Hungary","","0","no","5.91","6.51","53.95","3.17","24.32","0.09","3.02","0.09","0.18","0","25","2.14","28","4","2.48","13.79","3.43","42.5","11.56","25.93","3.08","2.23","0.43","13.19","53.9","3","37.14","0.94","27.27","0.09","0","0.09","1.37","62.5","1.54","27.78","0.34","2.4","67.86","","","0","0","","",""
"M. Radics","Hungary 1.","Csákvári TK","RDMF, RCMF, RB","24","100000","","20","1051","1","0.26","0","0.01","Hungary","right","182","no","9.93","8.14","57.89","3.51","43.9","0.26","6.24","0.09","0.02","0.09","6","0.51","16.67","16.667","0.69","37.5","0.69","25","3.6","35.71","0.26","0.17","0","27.57","76.4","11.73","60.58","3.85","51.11","0","0","0","3.94","52.17","1.28","26.67","0.26","4.37","66.67","","","0","0","","",""
"D. Radnoti","Hungary 1.","Soroksár SC","GK","19","0","","11","1047","0","0","0","0","Hungary","","0","no","0.69","0.17","100","0.52","83.33","0","0.6","0","0","0","0","0","0","0","0","0","0","0","0","0","0","0","0","24.33","88.69","11.95","79.86","7.91","66.3","0","0","0","1.46","23.53","0.17","0","0","4.73","89.09","1.63","5.33","69.35","1.66","0.36","0.031","1.63"
"Z. Vasvári","Hungary 1.","Budafoki MTE","CF","22","0","2027-06-30","22","1044","2","4.33","1","0.68","Hungary","right","0","no","2.93","2.24","65.38","10","34.48","0","1.85","0.17","0.37","0","24","2.07","33.33","8.333","0.52","33.33","1.29","46.67","7.76","47.78","3.53","0.43","0","15.43","79.89","3.19","59.46","0.52","83.33","0.06","0","0.17","1.38","56.25","0.6","42.86","0.69","1.12","69.23","","","0","0","","",""
"R. Kostyak","Hungary 1.","Szentlőrinc SE","GK","20","0","","11","1041","0","0","0","0","Hungary","","0","no","1.12","0.17","100","0.35","100","0","1.31","0","0","0","0","0","0","0","0","0","0","0","0","0","0","0","0","17.64","83.82","10.63","77.24","7.44","68.6","0","0","0","1.64","52.63","0.17","0","0","6.31","72.6","1.21","4.15","70.83","1.07","-1.6","-0.138","1.38"
"D. Kelemen","Hungary 1.","Békéscsaba","CB, LCB","33","150000","","11","1041","0","0.87","0","0.04","Hungary","right","185","no","7.69","6.31","61.64","5.79","50.75","0.69","5.29","0","0.08","0","4","0.35","25","0","0.26","33.33","0.17","100","0.86","50","1.04","0.17","0.09","33.29","83.9","13.14","69.74","4.06","46.81","0","0","0.09","2.07","62.5","0.17","100","0.17","5.53","51.56","","","0","0","","",""
"M. Katona","Hungary 1.","BVSC","RCMF, DMF, RDMF","28","225000","2026-06-30","12","1037","0","0.17","2","0.64","Hungary","right","176","no","10.59","6.25","66.67","3.04","51.43","0.26","6.32","0","0.01","0","6","0.52","0","0","0.35","50","0.35","50","2.52","51.72","0.35","0.69","0.09","32.46","74.33","13.45","56.77","5.81","37.31","0.06","0.09","0.35","5.47","58.73","1.65","42.11","0.52","6.25","61.11","","","0","0","","",""
"R. Jelena","Hungary 1.","Ajka","CF","28","200000","2026-06-30","20","1036","3","2.57","2","0.63","Hungary","left","191","yes","3.04","3.47","50","7.38","31.76","0.09","1.86","0.26","0.22","0.09","27","2.35","37.04","11.111","1.04","8.33","2.78","53.13","11.99","34.78","4","1.39","0.17","15.81","68.68","3.47","55","0.87","40","0.05","0","0.26","1.48","52.94","0.69","25","0.69","1.22","78.57","","","0","0","","",""
"D. Winter","Hungary 1.","Mezőkövesd-Zsóry","GK","23","0","","11","1033","0","0","0","0","Hungary","","0","no","2.35","0.09","0","0.44","100","0","3.33","0","0","0","0","0","0","0","0","0","0","0","0.09","100","0","0","0.09","25","89.9","10.89","79.2","7.14","67.07","0","0","0","1.13","53.85","0","0","0","5.05","63.79","0.87","3.05","71.43","1.09","2.46","0.214","2.09"
"D. Holman","Hungary 1.","Szeged 2011","CF, AMF, RCMF","33","200000","","19","1027","1","1.94","1","0.86","Hungary","right","188","no","5.87","5.7","56.92","2.63","30","0.09","3.21","0.09","0.17","0","21","1.84","19.05","4.762","1.67","15.79","2.54","48.28","10.95","36.8","2.37","2.1","0.61","39.87","76.92","14.28","68.1","2.45","39.29","0.08","0.53","0.35","6.57","72","3.33","44.74","1.23","5.26","83.33","","","0","0","","",""
"G. Gajág","Hungary 1.","Kozármisleny","LCB, CB, RCB","32","100000","","14","1027","0","0.42","1","0.34","Hungary","right","188","no","9.29","6.22","57.75","7.54","60.47","0.61","7.59","0","0.04","0","2","0.18","100","0","0.09","0","0","0","0.88","50","0.18","0.09","0","49.16","83.6","19.89","69.6","7.62","52.87","0.03","0","0.09","7.01","65","0.96","36.36","0.26","10.08","66.96","","","0","0","","",""
"A. Győri","Hungary 1.","Karcagi SE","RB","22","0","2026-06-30","18","1023","0","0.26","0","0.95","Hungary","right","0","no","10.12","8.62","45.92","5.45","35.48","0.18","8.41","0","0.02","0","7","0.62","14.29","0","2.38","37.04","1.14","38.46","2.29","34.62","1.67","0.62","0.09","36.77","70.33","19.09","63.59","5.89","49.25","0.08","0","0.35","6.6","46.67","2.9","42.42","0.53","9.5","73.15","","","0","0","","",""
"K. Otigba","Hungary 1.","Vasas","LCB, RCB","33","225000","","11","1009","2","0.58","0","0.33","Nigeria","right","190","no","7.22","4.55","54.9","5.89","68.18","0.8","7.12","0.18","0.05","0.18","3","0.27","66.67","66.667","0.09","0","0.09","100","0.89","60","0.45","0.09","0","54.41","92.79","17.22","82.9","3.75","59.52","0.03","0","0.09","3.66","70.73","0.18","50","0.09","6.69","69.33","","","0","0","","",""
"S. Vajda","Hungary 1.","Mezőkövesd-Zsóry","LB","34","225000","","16","1004","0","0.1","0","0.88","Hungary","left","175","no","9.32","6.72","65.33","2.33","53.85","0.09","6.95","0","0.01","0","5","0.45","0","0","3.59","32.5","2.42","66.67","4.93","47.27","0.9","1.7","0.09","55.67","73.75","25.46","63.73","11.12","60.48","0.08","0","0.09","6.9","66.23","4.75","50.94","1.52","15.78","73.86","","","0","0","","",""
"D. Horgosi","Hungary 1.","Budafoki MTE","LCB, CB, RCB","26","75000","","11","972","0","1.52","2","0.51","Hungary","right","186","no","10.09","6.3","69.12","6.02","64.62","0.93","7.15","0","0.14","0","7","0.65","28.57","0","0","0","0.46","0","1.2","30.77","0.83","1.02","0","47.69","84.66","22.59","72.95","7.13","51.95","0.05","0","0.09","6.11","56.06","0.37","50","0.46","8.98","75.26","","","0","0","","",""
"Z. Debreceni","Hungary 1.","Budafoki MTE","LB","23","0","","13","968","0","0.09","0","0.44","Hungary","right","188","no","9.58","5.76","59.68","2.98","50","0.09","7.63","0","0.01","0","3","0.28","0","0","2.6","32.14","1.49","50","3.9","50","0.19","1.02","0.37","34.87","67.47","15.43","54.22","7.16","42.86","0.04","0","0.19","5.3","49.12","2.42","30.77","0.09","8.83","55.79","","","0","0","","",""
"A. Debreceni","Hungary 1.","Kecskeméti TE","LCB","23","150000","2026-06-30","13","965","0","0.38","0","0.53","Hungary","left","187","yes","9.05","6.99","73.33","4.57","63.27","0.28","5.71","0","0.04","0","7","0.65","0","0","0.47","80","0.65","57.14","2.89","51.61","0.47","1.68","0.09","40.1","85.12","16.79","72.22","5.5","54.24","0.05","0","0.19","6.44","72.46","1.12","58.33","0.28","9.7","74.04","","","0","0","","",""
"P. Beke","Hungary 1.","Kecskeméti TE","AMF, CF, LWF","25","200000","2026-06-30","14","965","5","6","1","1.36","Hungary","right","181","yes","3.82","3.73","57.5","1.96","33.33","0","2.14","0.47","0.56","0","43","4.01","48.84","11.628","2.33","32","4.66","64","9.89","43.4","3.92","2.05","0.09","23.6","67.98","6.9","54.05","1.31","71.43","0.13","0.19","0.56","2.7","65.52","3.36","52.78","1.77","3.64","76.92","","","0","0","","",""
"R. Prokop","Hungary 1.","Duna Aszfalt Tiszakécskei","GK","30","25000","","10","961","0","0","0","0","Slovakia","","187","no","1.69","0","0","0.56","66.67","0","2.58","0","0","0","0","0","0","0","0","0","0.09","100","0.19","100","0","0","0","23.69","82.61","14.7","74.52","9.08","62.89","0","0","0","3.28","48.57","0.09","0","0","7.4","75.95","1.5","3.93","61.9","1.28","-2.35","-0.22","1.69"
"L. Őri","Hungary 1.","Soroksár SC","GK","23","0","","10","960","0","0","0","0","Hungary","","0","no","1.5","0","0","0.38","75","0","2.18","0","0","0","0","0","0","0","0","0","0","0","0","0","0","0","0","20.44","78.44","14.53","73.55","11.91","65.35","0","0","0","2.44","34.62","0.09","0","0","8.81","80.85","1.41","3.75","62.5","1.31","-0.99","-0.093","1.13"
"Á. Gyurcsó","Hungary 1.","Honvéd","LWF, RW, RWF","35","400000","2027-06-30","17","960","1","1.6","1","1.84","Hungary","right","181","no","1.88","1.78","42.11","1.78","36.84","0","1.57","0.09","0.15","0","17","1.59","23.53","5.882","2.63","28.57","2.06","54.55","5.63","38.33","2.72","1.97","0.56","26.06","79.5","6.75","72.22","1.97","66.67","0.17","0.19","0.19","2.16","78.26","3.75","52.5","1.41","3.47","83.78","","","0","0","","",""
"L. Milovanovic","Hungary 1.","Szentlőrinc SE","LCB, LB","22","0","","17","949","0","0.46","0","0.09","Serbia","","0","no","9.86","6.83","66.67","4.84","50.98","0.66","7.36","0","0.04","0","4","0.38","25","0","0.47","80","0.09","0","0.38","25","0.38","0.76","0","40.78","84.65","15.84","71.86","5.97","47.62","0.01","0","0.19","4.08","60.47","0.76","37.5","0","7.11","65.33","","","0","0","","",""
"M. Adamcsek","Hungary 1.","Szentlőrinc SE","CF","28","150000","","16","933","1","2.53","0","0.4","Hungary","right","184","no","2.41","2.32","45.83","5.88","29.51","0.1","1.41","0","0.24","0","24","2.32","25","4.167","1.74","44.44","1.06","45.45","9.45","31.63","3.38","0.1","0","18.91","70.41","3.57","51.35","1.54","50","0.04","0.29","0.19","2.41","60","2.03","33.33","0.58","2.8","72.41","","","0","0","","",""
"A. Gyenes","Hungary 1.","Duna Aszfalt Tiszakécskei","CF","20","0","","14","930","1","1.76","0","0.39","Hungary","unknown","0","no","4.74","5.81","56.67","2.13","22.73","0","2.05","0.1","0.17","0","12","1.16","25","8.333","2.03","19.05","3.97","51.22","14.23","40.14","2.42","0.97","0.19","17.42","63.33","4.65","43.75","0.87","22.22","0.04","0","0.19","1.94","45","2.03","38.1","0.87","2.32","75","","","0","0","","",""
"Á. Czékus","Hungary 1.","Kecskeméti TE","AMF, CF","23","0","","22","925","1","3.46","0","0.87","Serbia","right","178","no","4.18","4.18","55.81","3.99","26.83","0","2.87","0.1","0.34","0","21","2.04","23.81","4.762","3.7","23.68","3.5","50","13.62","40.71","4.48","1.26","0.19","21.11","70.51","4.77","65.31","0.88","33.33","0.08","0","0.58","1.85","52.63","2.72","39.29","0.97","3.11","75","","","0","0","","",""
"K. Kállai","Hungary 1.","Honvéd","RWB, LCMF, RB","24","400000","","16","922","0","1.08","1","1.11","Hungary","right","178","no","7.61","6.93","50.7","4","43.9","0.1","5.87","0","0.11","0","13","1.27","15.38","0","4.98","35.29","4.49","56.52","10.15","47.12","1.66","1.76","0.1","29.58","66.67","11.91","55.74","5.08","51.92","0.11","0","0.68","5.27","57.41","4.69","54.17","0.98","8.39","75.58","","","0","0","","",""
"B. Somfalvi","Hungary 1.","Csákvári TK","RCMF, RW, RAMF","19","0","","15","921","1","2.05","0","0.62","Austria","both","172","yes","10.26","10.85","51.35","3.22","33.33","0.2","5.75","0.1","0.2","0","12","1.17","16.67","8.333","1.07","9.09","0.88","77.78","5.08","40.38","1.76","0.88","0","35.28","71.19","11.04","50.44","3.71","39.47","0.06","0.1","0.29","4.59","51.06","2.15","31.82","0.59","6.25","35.94","","","0","0","","",""
"K. Mondovics","Hungary 1.","Csákvári TK","LW, LAMF, CF","19","0","2028-06-30","12","916","3","1.99","2","1.09","Hungary","unknown","0","no","5.99","5.21","67.92","3.44","20","0.1","3.28","0.29","0.2","0","21","2.06","47.62","14.286","2.06","33.33","5.5","48.21","11","39.29","4.13","1.77","0.2","17.98","71.58","4.72","60.42","0.98","40","0.11","0","0.88","1.87","63.16","1.47","66.67","0.79","2.26","73.91","","","0","0","","",""
"Z. Takacs","Hungary 1.","Duna Aszfalt Tiszakécskei","RCB, LCB, CB","27","75000","","12","909","0","1.15","0","0","Hungary","right","185","no","8.91","6.93","52.86","4.26","53.49","1.19","6.86","0","0.11","0","7","0.69","14.29","0","0","0","0","0","0.3","33.33","0.99","0.79","0","37.52","84.7","19.01","77.6","6.24","57.14","0","0","0","4.26","62.79","0.4","0","0","8.02","69.14","","","0","0","","",""
"B. Zamostny","Hungary 1.","Kozármisleny","CF","34","75000","","16","890","3","3.4","0","0.23","Hungary","left","189","no","4.15","2.63","53.85","9.61","42.11","0.2","3.42","0.3","0.34","0.1","25","2.53","32","12","0.1","0","1.01","60","6.98","33.33","2.22","0.2","0","24.27","77.08","8.7","62.79","2.02","50","0.02","0.2","0.2","4.35","53.49","1.11","54.55","0.81","3.13","77.42","","","0","0","","",""
"M. Króner","Hungary 1.","Soroksár SC","LCB, RCB","32","150000","","11","881","0","0.28","0","0","Hungary","right","188","no","8.89","8.07","67.09","5.62","67.27","0.72","3.85","0","0.03","0","2","0.2","50","0","0.2","50","0.2","50","1.53","53.33","0.41","0.72","0","46.07","80.71","23.09","68.14","6.64","43.08","0","0","0","5.62","41.82","0.92","22.22","0.1","8.58","59.52","","","0","0","","",""
"N. Kóródi","Hungary 1.","Békéscsaba","CF, LB, LW","26","0","","19","879","1","0.87","1","0.45","Hungary","","183","no","7.27","5.63","76.36","5.73","25","0.31","3.75","0.1","0.09","0","10","1.02","20","10","1.64","25","1.84","50","10.44","36.27","2.35","0.92","0.2","23.65","65.37","8.4","48.78","2.46","45.83","0.05","0","0.41","3.89","50","2.25","40.91","0.51","4.1","62.5","","","0","0","","",""
"K. Kántor","Hungary 1.","Honvéd","CF","25","0","","15","879","3","3.21","1","0.65","Hungary","","0","no","3.79","3.38","42.42","8.09","46.84","0","3.2","0.31","0.33","0.2","20","2.05","50","15","0.41","0","1.43","50","10.14","31.31","4.4","0.31","0","13.31","74.62","2.66","61.54","0.31","33.33","0.07","0.1","0.31","0.92","33.33","0.92","55.56","1.02","1.43","64.29","","","0","0","","",""
"D. Horváth","Hungary 1.","Ajka","GK","30","175000","2026-06-30","9","860","0","0","0","0","Hungary","right","188","no","1.99","0","0","0.52","80","0","2.64","0","0","0","0","0","0","0","0","0","0.21","0","0.31","33.33","0","0","0","18.52","75.14","13.71","69.47","11.41","63.3","0","0","0","2.41","39.13","0.21","0","0.1","8.06","75.32","1.36","4.29","68.29","1.28","-0.72","-0.075","1.57"
"D. Esery","Hungary 1.","Duna Aszfalt Tiszakécskei","GK","18","0","2026-06-30","9","857","0","0","0","0","Hungary","unknown","0","no","1.68","0.11","100","0.21","100","0","2.17","0","0","0","0","0","0","0","0","0","0","0","0","0","0","0","0","16.28","82.58","11.45","77.06","8.93","70.59","0","0","0","1.16","27.27","0.11","0","0","6.62","77.78","1.16","3.89","70.27","1.34","1.75","0.184","1.16"
"D. Szalka","Hungary 1.","Kozármisleny","RW, LAMF, RAMF","27","0","","18","855","0","0.89","3","1.17","Hungary","right","180","no","8.74","8.95","62.35","1.26","25","0.32","4.18","0","0.09","0","10","1.05","20","0","1.58","46.67","1.58","53.33","7.16","50","1.37","1.47","0.21","34","70.28","12.53","55.46","4.63","34.09","0.12","0.53","0.63","6","47.37","4","57.89","1.89","7.47","67.61","","","0","0","","",""
"T. Imre Adrián","Hungary 1.","Szentlőrinc SE","LAMF, RAMF, LW","20","0","","13","850","2","1.24","1","0.33","Hungary","unknown","0","no","6.35","5.08","54.17","2.86","0","0.11","4.78","0.21","0.13","0.11","10","1.06","50","20","0.64","0","2.54","45.83","9.42","35.96","2.65","1.06","0","18.64","72.73","4.76","57.78","1.27","50","0.04","0","0.21","2.12","40","0.85","37.5","0.95","2.33","45.45","","","0","0","","",""
"A.  Lőrinczy","Hungary 1.","Mezőkövesd-Zsóry","AMF, RCMF","32","225000","","19","847","2","2.61","2","3.75","Hungary","right","176","no","5.42","3.61","58.82","1.28","8.33","0.32","4.18","0.21","0.28","0","23","2.44","47.83","8.696","1.81","35.29","3.93","62.16","10.63","40","1.7","1.28","0.11","35.38","71.17","11.9","55.36","5.1","45.83","0.4","0.21","0.64","7.12","52.24","4.25","37.5","1.81","7.12","68.66","","","0","0","","",""
"V. Haragos","Hungary 1.","Csákvári TK","LAMF, LW, RW","24","0","","14","845","4","2.74","1","1.3","Hungary","right","180","no","7.56","6.18","60.34","2.77","19.23","0.21","5.44","0.43","0.29","0","19","2.02","42.11","21.053","2.88","33.33","4.47","47.62","7.99","38.67","3.73","1.7","0.11","20.13","63.49","4.47","50","2.02","57.89","0.14","0.11","0.75","2.45","30.43","1.81","41.18","0.85","2.88","66.67","","","0","0","","",""
"A. Rac","Hungary 1.","Szentlőrinc SE","RB, RDMF","23","0","","15","841","0","0.14","0","0.1","Serbia","unknown","0","no","7.17","5.56","53.85","3.1","44.83","0.43","5.15","0","0.01","0","4","0.43","50","0","0.64","16.67","0.54","60","3.64","41.18","0.21","0.64","0.43","24.93","72.1","10.27","64.58","3.85","50","0.01","0.11","0.11","5.46","58.82","0.64","50","0.21","5.24","65.31","","","0","0","","",""
"Z. Hös","Hungary 1.","Vasas","RCMF, AMF, LCMF","18","0","","15","841","0","0.3","1","0.33","Hungary","unknown","0","no","5.67","5.67","47.17","2.46","26.09","0.21","3.5","0","0.03","0","6","0.64","33.33","0","0.86","25","2.03","42.11","9.95","32.26","0.96","0.43","0.11","34.67","86.42","9.95","78.49","1.93","61.11","0.03","0.21","0.11","3.75","77.14","1.71","50","0.64","4.6","76.74","","","0","0","","",""
"B. Rab","Hungary 1.","Vasas","DMF, RCMF, RDMF","20","0","2028-06-30","16","840","0","0.4","1","0.79","Hungary","right","0","no","9.54","9.43","61.36","3","42.86","0.32","6.14","0","0.04","0","3","0.32","33.33","0","0.43","75","0.86","25","5.89","29.09","1.39","0.54","0.11","48.21","87.78","13.29","75","3.32","58.06","0.08","0","0.21","6.75","66.67","1.07","50","0.54","4.71","77.27","","","0","0","","",""
"P. Pinte","Hungary 1.","Honvéd","CF, RWF","29","150000","2027-06-30","18","834","1","1.19","2","0.43","Slovakia","right","178","no","2.91","3.02","57.14","4.53","33.33","0.22","1.8","0.11","0.13","0","12","1.29","25","8.333","2.16","35","1.83","41.18","8.96","30.12","3.35","1.19","0.22","15.86","67.35","4.64","67.44","0.76","28.57","0.05","0","0.32","1.51","71.43","2.16","50","0.76","2.81","80.77","","","0","0","","",""
"B. Pintér","Hungary 1.","Békéscsaba","DMF, LCMF","30","50000","2026-06-30","12","833","0","0.27","0","0","Hungary","right","185","no","10.8","9.08","50","4.21","46.15","0.43","8.09","0","0.03","0","12","1.3","8.33","0","0.43","0","0.76","57.14","3.24","43.33","0.11","0.65","0.11","39.54","79.23","16.1","65.77","5.83","59.26","0","0","0","5.73","67.92","0.97","22.22","0.22","7.24","61.19","","","0","0","","",""
"L. Marta","Hungary 1.","Szentlőrinc SE","LB","19","0","","12","829","0","0.04","1","1","Hungary","unknown","0","no","9.66","9.12","67.86","2.93","48.15","0.11","4.87","0","0","0","3","0.33","33.33","0","2.06","36.84","2.17","45","5.75","45.28","0.43","1.63","0.11","40.49","73.19","19.32","60.11","4.99","52.17","0.11","0","0.22","5.65","75","2.71","48","0.76","12.05","66.67","","","0","0","","",""
"T. Horváth","Hungary 1.","Fehérvár","LB, LWB","18","0","","11","824","0","0.08","0","0.07","Hungary","unknown","0","no","7.75","8.74","56.25","2.95","14.81","0.22","3.5","0","0.01","0","2","0.22","0","0","1.75","25","0.55","40","2.29","66.67","0.22","0.22","0","32.55","70.81","13.87","61.42","4.37","37.5","0.01","0","0.33","4.92","53.33","2.73","32","0.44","9.94","63.74","","","0","0","","",""
"E. Czérna","Hungary 1.","Szentlőrinc SE","RB, RAMF, LAMF","23","50000","","19","815","1","0.52","2","1.58","Hungary","right","171","no","8.72","6.96","68.25","5.08","52.17","0.22","6.1","0.11","0.06","0","13","1.44","15.38","7.692","3.09","17.86","4.2","44.74","10.27","41.94","1.21","2.54","0","30.81","69.18","12.15","62.73","5.08","52.17","0.17","0","0.44","5.96","68.52","3.09","35.71","0.66","8.83","61.25","","","0","0","","",""
"B. Kovács","Hungary 1.","Fehérvár","DMF, LCMF, RCMF","22","0","2026-06-30","15","812","1","0.9","0","0.55","Hungary","","186","no","8.87","7.76","65.71","3.33","26.67","0.11","4","0.11","0.1","0","13","1.44","23.08","7.692","0.78","14.29","2.66","41.67","9.64","31.03","1.77","1.66","0.11","28.6","75.19","8.53","61.04","2.99","40.74","0.06","0","0.11","4.43","55","1.55","35.71","1","4.54","60.98","","","0","0","","",""
"G. Nagy","Hungary 1.","Békéscsaba","RCMF, DMF, RDMF","33","150000","","14","809","0","0.09","0","0.29","Hungary","right","172","no","12.01","9.57","65.12","2.78","32","0.33","6.77","0","0.01","0","8","0.89","0","0","0.44","25","0.22","100","3.89","48.57","0.33","1.11","0","41.83","85.37","13.24","76.47","3.23","55.17","0.03","0.11","0.33","6.12","76.36","1.11","50","0.44","5.34","75","","","0","0","","",""
"B. Tifán -Peter","Hungary 1.","Csákvári TK","LB","22","0","","13","805","0","0.01","0","0.54","Hungary","unknown","0","no","10.4","8.94","60","1.9","17.65","0.22","6.98","0","0","0","2","0.22","0","0","1.45","38.46","1.45","46.15","4.25","34.21","0","1.01","0.34","29.07","64.23","16.1","51.39","8.94","42.5","0.06","0","0.11","6.6","42.37","2.57","26.09","0.34","8.61","54.55","","","0","0","","",""
"B. Mohos","Hungary 1.","Ajka","RW, AMF, RAMF","20","0","","15","805","2","1.3","0","0.34","Hungary","left","0","no","4.02","3.24","48.28","3.69","48.48","0.22","2.85","0.22","0.15","0","16","1.79","50","12.5","1.34","58.33","1.68","46.67","5.59","54","1.68","1.57","0.56","24.37","74.31","6.6","61.02","1.9","35.29","0.04","0","0","3.02","44.44","2.12","52.63","0.45","4.25","63.16","","","0","0","","",""
"M. Kohut","Hungary 1.","Karcagi SE","CF","20","0","","16","797","4","2.78","0","0.49","Hungary","unknown","0","no","3.5","3.39","53.33","7.23","31.25","0.11","1.86","0.45","0.31","0.11","19","2.15","42.11","21.053","1.36","33.33","1.69","73.33","10.28","28.57","2.71","1.13","0.23","15.58","73.19","2.71","62.5","0.34","66.67","0.05","0","0.23","1.47","53.85","1.13","70","0.56","1.58","85.71","","","0","0","","",""
"B. Pauljević","Hungary 1.","Honvéd","RCB, RB","36","100000","","11","793","0","0.57","1","1","Serbia","right","179","no","6.36","5.45","50","2.27","50","0.45","5.52","0","0.06","0","6","0.68","33.33","0","1.02","66.67","1.25","54.55","3.4","43.33","0.79","1.36","0.23","28.94","74.9","13.73","61.98","5.79","49.02","0.11","0.23","0.34","4.43","53.85","1.36","75","0.57","7.72","66.18","","","0","0","","",""
"Z. Kojnok","Hungary 1.","Fehérvár","RB, LCB, RCB","25","100000","","12","790","0","0.13","1","0.21","Hungary","right","182","no","11.16","6.04","77.36","2.96","38.46","0.68","8.64","0","0.01","0","4","0.46","50","0","1.48","46.15","1.59","71.43","6.84","33.33","0.46","1.94","0","48.53","78.64","20.05","66.48","7.29","46.88","0.02","0","0.11","7.18","60.32","1.94","35.29","0.23","11.51","67.33","","","0","0","","",""
"E. Kocs-Washburn","Hungary 1.","Duna Aszfalt Tiszakécskei","CF, RW, LAMF","23","0","2026-06-30","20","789","1","2.7","1","1.11","United States","","180","no","5.59","4.56","55","1.94","41.18","0.23","4.24","0.11","0.31","0","17","1.94","23.53","5.882","2.05","33.33","4.45","51.28","12.43","39.45","3.88","1.94","0.23","27.38","67.5","6.96","42.62","2.97","26.92","0.13","0.23","0.68","2.62","39.13","2.97","42.31","1.48","3.99","57.14","","","0","0","","",""
"D. Pejović","Hungary 1.","Szeged 2011","LCB","27","150000","","11","782","1","0.69","0","0","Serbia","left","190","no","7.48","4.14","75","5.64","67.35","0.69","5.4","0.12","0.08","0.12","5","0.58","20","20","0.69","50","0.81","57.14","1.15","50","0.81","0.69","0","51.1","83.78","23.36","76.85","9.44","63.41","0","0","0","10.59","69.57","1.15","50","0.35","13.24","78.26","","","0","0","","",""
"N. Dencinger","Hungary 1.","Csákvári TK","RCMF, RDMF, LCMF","26","0","","13","774","0","0","0","0.1","Hungary","unknown","0","no","7.33","6.74","55.17","3.02","34.62","0.47","4.95","0","0","0","0","0","0","0","0.12","0","0.12","0","1.74","40","0.12","0","0.12","29.77","82.03","9.19","65.82","1.98","29.41","0.01","0","0","3.6","70.97","0.93","50","0.81","4.65","62.5","","","0","0","","",""
"A. Samson","Hungary 1.","Szentlőrinc SE","RAMF, RW, AMF","19","0","2027-06-30","15","766","1","1.12","0","0.27","Hungary","","0","no","8.46","5.87","56","6.46","29.09","0.12","5.34","0.12","0.13","0","10","1.17","40","10","0.94","25","4.35","59.46","18.21","41.94","2.35","2","0.12","16.45","80.71","3.05","73.08","0.47","50","0.03","0","0.12","0.94","75","0.47","25","0.23","1.88","56.25","","","0","0","","",""
"B. Herczeg","Hungary 1.","Kozármisleny","LWB, LW, LCMF","19","0","","17","764","0","0.65","1","0.54","Hungary","unknown","0","yes","8.95","6.36","66.67","2.36","50","0","6.1","0","0.08","0","12","1.41","25","0","2.47","23.81","3.77","53.13","8.6","38.36","2","1.53","0.59","31.81","67.78","12.49","55.66","2.95","56","0.06","0.24","0.35","3.65","48.39","2.95","44","1.06","6.24","60.38","","","0","0","","",""
"G. Major","Hungary 1.","Békéscsaba","RB","25","0","","11","764","1","1.42","0","0.27","Hungary","right","189","no","8.01","6.6","60.71","3.42","48.28","0.12","5.78","0.12","0.17","0","7","0.82","14.29","14.286","2.59","31.82","1.3","54.55","4.59","28.21","2.24","0.94","0.24","25.45","62.5","11.07","51.06","4.36","37.84","0.03","0","0.12","4.24","58.33","2.12","61.11","0.59","6.95","59.32","","","0","0","","",""
"N. Lawrenzo Mascoe","Hungary 1.","Szentlőrinc SE","CF, LAMF, RW","21","0","","14","757","3","1.61","0","0","Canada","","0","no","3.92","4.76","52.5","6.06","23.53","0.12","1.74","0.36","0.19","0","11","1.31","63.64","27.273","0.95","0","2.97","52","11.06","37.63","3.09","0.71","0.12","11.65","66.33","1.9","56.25","0.12","100","0","0.12","0","0.71","83.33","1.07","22.22","0.48","1.19","70","","","0","0","","",""
"K. Laszlo","Hungary 1.","Kozármisleny","LCMF, LWF","19","0","","10","755","0","0.15","1","0.42","Hungary","unknown","0","no","6.56","5.36","71.11","4.05","23.53","0.12","3.3","0","0.02","0","5","0.6","20","0","1.07","22.22","2.74","39.13","9.06","38.16","2.26","1.55","0.24","29.09","82.38","4.53","71.05","1.31","45.45","0.05","0.36","0.36","2.03","70.59","1.43","58.33","1.19","2.98","60","","","0","0","","",""
"B. Baráth","Hungary 1.","Vasas","RCB, LCB","34","225000","","9","753","0","0.62","0","0.06","Hungary","right","188","no","8.13","5.38","77.78","5.5","60.87","0.6","6.71","0","0.07","0","5","0.6","20","0","0.36","100","0.12","100","1.31","45.45","1.2","0.24","0","61.55","89.32","21.99","76.63","8.13","54.41","0.01","0","0.12","6.1","52.94","1.67","42.86","0.12","9.68","76.54","","","0","0","","",""
"B. Németh","Hungary 1.","Vasas","CF","24","0","2028-06-30","20","743","5","3.89","1","0.24","Hungary","right","194","no","2.91","1.57","46.15","8.96","48.65","0.24","3.62","0.61","0.47","0.24","15","1.82","46.67","33.333","0.36","0","1.21","60","9.93","26.83","2.79","0.24","0","10.17","64.29","1.94","37.5","0.12","100","0.03","0","0.12","0.73","33.33","0.73","50","0.61","0.36","66.67","","","0","0","","",""
"D. Csoka","Hungary 1.","Ajka","CF, RWB","22","10000","2027-06-30","14","740","1","0.76","0","0.38","Hungary","right","181","no","5.11","3.77","64.52","7.78","48.44","0.24","2.7","0.12","0.09","0","8","0.97","37.5","12.5","1.34","18.18","2.19","50","11.07","35.16","1.95","0.97","0","23.11","67.89","7.66","60.32","1.22","50","0.05","0","0.49","3.04","64","2.43","45","1.22","4.74","58.97","","","0","0","","",""
"M. Gyurkó","Hungary 1.","Budafoki MTE","CF","23","0","2026-06-30","16","740","1","2.11","1","0.6","Hungary","unknown","0","yes","1.95","2.31","26.32","12.41","41.18","0","1.85","0.12","0.26","0","13","1.58","38.46","7.692","0.49","50","2.31","63.16","15.08","33.87","3.04","0.24","0","14.11","73.28","2.92","54.17","0.73","50","0.07","0","0.24","1.58","46.15","0.73","50","0.36","0.97","87.5","","","0","0","","",""
"A. Radó","Hungary 1.","Vasas","RW, RAMF, RWF","32","300000","2026-06-30","20","739","5","1.82","4","3.09","Hungary","both","169","no","3.04","3.53","44.83","1.58","38.46","0.24","2.31","0.61","0.22","0","15","1.83","66.67","33.333","5.72","38.3","1.46","50","8.28","41.18","4.14","1.34","0.12","35.68","80.55","5.12","69.05","1.22","50","0.38","0.12","1.46","1.58","69.23","5.12","59.52","1.46","4.51","83.78","","","0","0","","",""
"C. Hornyák","Hungary 1.","Mezőkövesd-Zsóry","LB","19","0","2027-06-30","9","737","1","0.6","0","0.12","Hungary","left","177","yes","7.82","7.08","58.62","1.22","10","0.24","3.91","0.12","0.07","0","4","0.49","50","25","1.95","50","0.85","57.14","2.44","45","0.61","0.98","0.24","40.05","78.96","17.83","67.12","6.11","42","0.02","0","0.12","4.4","66.67","2.08","70.59","0.49","9.77","67.5","","","0","0","","",""
"K. Tóth","Hungary 1.","BVSC","LCMF, DMF, RCMF","27","75000","","10","729","0","0.22","0","0.08","Hungary","right","183","no","10.62","9.26","54.67","5.19","50","0.25","4.81","0","0.03","0","6","0.74","0","0","0.25","0","0.49","75","2.84","56.52","0.74","0.25","0","26.91","67.89","13.46","59.63","5.43","43.18","0.01","0.25","0.12","6.79","49.09","0.62","0","0","5.8","65.96","","","0","0","","",""
"B. Gólik","Hungary 1.","Soroksár SC","CF, AMF, RW","18","0","","13","721","3","2.4","1","0.88","Hungary","right","175","no","3.5","3.99","62.5","2.75","18.18","0","1.61","0.37","0.3","0","18","2.25","33.33","16.667","1","12.5","4.37","54.29","12.61","45.54","4.24","1.62","0.37","23.34","81.82","4.37","65.71","1.12","44.44","0.11","0.12","0.5","1.87","53.33","1.62","69.23","1","2.37","78.95","","","0","0","","",""
"G. Megyeri","Hungary 1.","BVSC","GK","29","0","","8","718","0","0","0","0","Hungary","right","0","no","1","0","0","0.5","100","0","1.01","0","0","0","0","0","0","0","0","0","0","0","0","0","0","0","0","18.93","70.2","13.41","58.88","12.41","54.55","0","0","0","5.89","34.04","0.13","0","0","7.52","85","1","3.89","74.19","1.28","2.17","0.272","0.75"
"I. Blyzniuk","Hungary 1.","BVSC","RW, RB","20","0","","16","706","0","0.65","0","0.17","Hungary","unknown","0","yes","8.67","8.41","62.12","5.1","42.5","0","3.71","0","0.08","0","5","0.64","60","0","1.53","33.33","1.53","41.67","5.35","33.33","1.91","0.64","0.51","23.2","63.19","11.73","46.74","4.21","27.27","0.02","0","0.25","5.23","39.02","2.17","35.29","0.38","5.99","68.09","","","0","0","","",""
"F. Bence","Hungary 1.","Karcagi SE","LB","21","0","","12","673","0","0.01","0","0.08","Hungary","unknown","0","no","6.69","6.02","53.33","2.67","40","0","4.36","0","0","0","1","0.13","0","0","1.34","30","1.2","66.67","4.68","62.86","0.8","0.94","0","29.42","75.91","14.58","66.06","4.28","43.75","0.01","0","0.13","4.01","56.67","2.14","31.25","0.27","7.22","55.56","","","0","0","","",""
"K. Kirchner","Hungary 1.","Ajka","LAMF, CF, LCMF","32","250000","","11","672","1","1.33","1","0.58","Hungary","","0","no","3.48","4.96","51.35","2.54","31.58","0.13","1.2","0.13","0.18","0","12","1.61","41.67","8.333","1.47","36.36","1.07","75","8.44","33.33","3.08","1.07","0.67","25.98","77.32","7.9","62.71","2.28","52.94","0.08","0.13","0.27","4.15","58.06","2.28","52.94","1.21","5.09","86.84","","","0","0","","",""
"M. Horváth","Hungary 1.","Szeged 2011","LCB, RCB","24","100000","2026-06-30","8","671","0","0.9","0","0","Hungary","right","193","no","8.45","5.77","65.12","4.56","67.65","0.8","5.8","0","0.12","0","4","0.54","25","0","0.13","0","0","0","0.54","0","0.67","1.21","0","46.41","87.57","16.9","72.22","4.43","39.39","0","0","0","4.29","50","0.8","16.67","0","6.04","66.67","","","0","0","","",""
"A. Décsy","Hungary 1.","Szentlőrinc SE","LDMF, RDMF","18","0","","8","669","0","0.02","0","0","Hungary","unknown","0","no","9.69","5.38","57.5","1.35","30","0.54","8.54","0","0","0","1","0.13","0","0","0.27","0","0.67","100","2.69","65","0.27","0.4","0","34.04","79.05","11.03","67.07","2.15","62.5","0","0","0","4.57","70.59","0.81","33.33","0.27","5.52","51.22","","","0","0","","",""
"V. Zvekanov","Hungary 1.","Szeged 2011","RCMF, RDMF, DMF","25","100000","","17","666","1","1","0","0.25","Serbia","both","186","no","10.14","8.51","50.79","4.46","33.33","0.14","6.69","0.14","0.13","0","9","1.22","11.11","11.111","0.95","14.29","0.95","57.14","3.78","46.43","1.62","0.68","0","28.24","75.6","11.22","68.67","2.3","88.24","0.03","0","0.27","4.05","66.67","1.35","50","0.41","5","59.46","","","0","0","","",""
"D. Dóra","Hungary 1.","Kozármisleny","DMF, LDMF, RCMF","24","0","","16","662","0","0.61","0","0.21","Hungary","","187","no","7.89","3.53","61.54","5.03","64.86","0.95","7.13","0","0.08","0","4","0.54","25","0","0.27","50","0.41","100","1.63","66.67","0.95","0","0","29.77","88.13","8.43","77.42","2.04","46.67","0.03","0","0","2.58","73.68","0.41","66.67","0.41","2.72","80","","","0","0","","",""
"A. Grunvald","Hungary 1.","Duna Aszfalt Tiszakécskei","LB, LCB","34","75000","","9","661","1","0.39","1","0.3","Hungary","left","184","no","7.62","6.4","57.45","2.72","50","0.41","5.64","0.14","0.05","0","3","0.41","66.67","33.333","1.77","53.85","0.14","0","1.77","30.77","1.36","0.54","0","39.89","84.3","14.7","79.63","3.68","51.85","0.04","0","0.27","3.13","65.22","1.09","50","0.14","8.31","70.49","","","0","0","","",""
"G. Kovacs","Hungary 1.","Békéscsaba","LCB, CB, RCB","23","0","","11","659","0","0.16","0","0.03","Hungary","","0","no","11.61","6.01","75","5.05","59.46","0.55","9.23","0","0.02","0","1","0.14","0","0","0.14","0","0.14","100","0.41","100","0.14","0.96","0","39.88","87.33","16.12","77.12","3.55","42.31","0","0","0","3.28","62.5","0.14","0","0","6.69","59.18","","","0","0","","",""
"P. Szalai","Hungary 1.","Csákvári TK","RB, RW, RAMF","24","0","2026-06-30","18","656","1","0.35","0","0.75","Hungary","","0","no","6.72","7.41","64.81","3.98","20.69","0","2.71","0.14","0.05","0","9","1.23","22.22","11.111","1.92","28.57","2.74","50","7","45.1","1.37","1.23","0.14","25.79","69.68","12.07","61.36","6.59","39.58","0.1","0","0.14","4.66","64.71","1.51","36.36","0.41","7.82","64.91","","","0","0","","",""
"B. Szabó","Hungary 1.","Kecskeméti TE","AMF, LCMF","25","400000","2028-06-30","11","656","3","1.16","2","1.31","Hungary","left","179","no","7","5.49","52.5","0.55","25","0","4.32","0.41","0.16","0","11","1.51","45.45","27.273","2.88","28.57","5.08","51.35","14.95","33.94","1.78","2.06","0.27","34.57","71.43","11.94","57.47","4.66","52.94","0.18","0","0.55","6.86","64","4.94","41.67","1.1","7.41","72.22","","","0","0","","",""
"B. Sós","Hungary 1.","Duna Aszfalt Tiszakécskei","LB, CF","31","250000","2027-06-30","7","655","0","0.64","1","1.51","Hungary","left","178","no","4.26","3.3","33.33","3.57","42.31","0.27","4.58","0","0.09","0","7","0.96","57.14","0","4.26","25.81","1.92","64.29","5.77","64.29","2.47","0.27","0","34.35","70.8","14.7","61.68","2.75","45","0.21","0","0.41","4.12","50","3.57","30.77","0.69","6.46","70.21","","","0","0","","",""
"F. Sàghy","Hungary 1.","Karcagi SE","RCB, RDMF","25","0","2026-06-30","14","649","1","1.36","0","0.19","Hungary","","0","no","9.85","7.49","59.26","5.13","45.95","0.28","6.08","0.14","0.19","0","5","0.69","40","20","0","0","0.42","100","1.66","41.67","0.97","0.69","0","36.47","82.51","17.47","68.25","5.41","46.15","0.03","0.14","0.14","5.13","64.86","0.69","20","0.28","8.74","63.49","","","0","0","","",""
"D. Sztojka","Hungary 1.","Vasas","RCMF, RDMF, DMF","22","0","2026-06-30","14","646","0","0.67","0","0.67","Hungary","right","193","no","9.61","5.85","66.67","4.88","48.57","0.28","9.84","0","0.09","0","20","2.79","30","0","1.53","18.18","2.23","75","5.71","68.29","1.11","1.53","0.14","53.5","82.81","17.14","74.8","8.64","54.84","0.09","0.28","0.14","8.5","63.93","2.93","47.62","1.11","10.03","70.83","","","0","0","","",""
"D. Valencsik","Hungary 1.","Duna Aszfalt Tiszakécskei","LCB, CB","29","75000","","8","645","0","0.44","0","0.24","Hungary","left","185","no","8.65","5.3","65.79","5.44","38.46","0.28","6.89","0","0.06","0","1","0.14","0","0","0.28","50","0.28","50","1.4","50","0.56","0.14","0","56.37","88.86","19.12","81.02","2.51","38.89","0.03","0","0.14","5.02","75","0.28","0","0.14","7.95","45.61","","","0","0","","",""
"B. Bodnár","Hungary 1.","Szeged 2011","LW, RW, LAMF","19","0","","11","636","0","0.45","1","0.85","Hungary","unknown","0","no","7.92","5.94","73.81","2.55","33.33","0","3.93","0","0.06","0","9","1.27","11.11","0","1.84","23.08","5.09","52.78","14.15","46","1.98","1.42","0.28","21.37","67.55","8.92","61.9","2.12","40","0.12","0.71","0.42","3.11","54.55","3.11","31.82","0.71","3.68","73.08","","","0","0","","",""
"B. Bocskay","Hungary 1.","Kecskeméti TE","RCMF, DMF, LCMF","24","200000","2027-06-30","17","632","0","0.21","1","0.51","Hungary","right","185","no","6.98","4.56","71.88","1.99","57.14","0.14","6.05","0","0.03","0","6","0.85","16.67","0","0.57","0","0.28","50","1.99","71.43","0.14","0.43","0","36.31","83.14","13.96","70.41","6.55","63.04","0.07","0","0.28","7.83","69.09","1.14","25","0","6.84","79.17","","","0","0","","",""
"E. Németh","Hungary 1.","Soroksár SC","RDMF, RCMF, LDMF","25","125000","","10","626","0","0.05","0","0","Hungary","right","184","no","12.51","10.06","48.57","3.88","51.85","0.72","8.49","0","0.01","0","4","0.58","0","0","0.43","33.33","0.58","100","3.16","59.09","0.29","0.29","0","34.79","76.86","12.65","60.23","6.47","55.56","0","0","0","6.47","55.56","1.44","50","0.58","7.04","65.31","","","0","0","","",""
"Z. Horváth Szabolcs","Hungary 1.","BVSC","RW, RAMF, CF","19","0","","13","603","1","1.48","1","0.01","Hungary","unknown","0","yes","3.73","4.33","44.83","3.28","36.36","0","1.66","0.15","0.22","0","5","0.75","60","20","0.3","0","3.13","57.14","6.87","43.48","1.64","2.24","0.15","13.58","69.23","3.58","29.17","0.6","0","0","0","0.3","1.94","30.77","0.3","50","0.3","1.64","27.27","","","0","0","","",""
"Á. Nyers","Hungary 1.","Honvéd","CF","18","0","2027-06-30","10","603","4","2.7","0","0.28","Hungary","unknown","0","no","3.28","5.22","51.43","5.52","24.32","0.15","0.97","0.6","0.4","0","11","1.64","45.45","36.364","0.15","0","2.09","64.29","11.49","24.68","2.99","0.3","0","7.31","75.51","0.9","66.67","0","0","0.04","0","0.3","0.75","60","0.75","40","0.45","0.75","100","","","0","0","","",""
"A. Suljić","Hungary 1.","Szeged 2011","RW, AMF, CF","34","100000","","14","601","0","0.75","1","0.68","Bosnia and Herzegovina","right","173","no","8.99","8.69","55.17","1.95","46.15","0","5.04","0","0.11","0","5","0.75","0","0","2.1","64.29","2.55","52.94","11.68","46.15","2.4","1.35","0","35.19","80.43","9.73","60","1.95","46.15","0.1","0.15","0.3","4.64","67.74","3","70","1.35","6.14","90.24","","","0","0","","",""
"A. Mona","Hungary 1.","Karcagi SE","LCB","19","0","","8","589","0","0.93","0","0","Hungary","unknown","0","no","7.49","5.35","65.71","5.35","34.29","0.76","5.41","0","0.14","0","3","0.46","66.67","0","0","0","0.15","0","0.46","33.33","0.61","0.15","0","32.24","75.83","16.66","64.22","7.49","48.98","0","0","0","3.82","44","1.07","14.29","0.46","7.64","50","","","0","0","","",""
"Á. Kopácsi","Hungary 1.","Ajka","LB, RCMF, AMF","20","0","","10","587","0","0.14","0","0","Hungary","unknown","0","no","6.9","5.67","56.76","4.29","35.71","0.31","5.04","0","0.02","0","4","0.61","25","0","1.53","20","2.45","50","7.36","39.58","0.46","0.61","0.31","23.76","73.55","8.43","67.27","1.07","42.86","0","0","0","2.3","66.67","1.53","40","0.31","4.45","68.97","","","0","0","","",""
"B. Csonka","Hungary 1.","Honvéd","CB, RCB","29","75000","","11","573","0","0.32","0","0.1","Hungary","right","192","no","9.27","8.48","66.67","7.85","54","0","5.5","0","0.05","0","2","0.31","50","0","0.47","66.67","0.63","50","2.67","35.29","1.1","1.1","0","39.74","79.84","15.71","64","6.44","41.46","0.02","0","0.31","6.44","58.54","1.1","42.86","0.16","7.85","58","","","0","0","","",""
"M. Esceri","Hungary 1.","Budafoki MTE","GK","20","0","","6","571","0","0","0","0","Hungary","","0","no","1.1","0","0","0.32","100","0","1.38","0","0","0","0","0","0","0","0","0","0","0","0.16","100","0","0","0","17.18","79.82","9.77","72.58","8.04","58.82","0","0","0","1.26","87.5","0","0","0","5.99","65.79","2.36","4.57","48.28","1.41","-6.06","-0.955","1.42"
"J. Takács","Hungary 1.","Békéscsaba","GK","25","75000","","6","570","0","0","0","0","Hungary","right","196","no","2.37","0","0","0.47","100","0","3.21","0","0","0","0","0","0","0","0","0","0","0","0.63","100","0","0","0","20.05","76.38","12.47","64.56","10.26","55.38","0","0","0","4.74","36.67","0.32","0","0","6.63","83.33","1.89","6.95","72.73","2.03","0.86","0.136","1.89"
"Z. Haraszti","Hungary 1.","Fehérvár","CF, AMF","34","150000","2026-06-30","8","567","0","1.24","2","0.95","Hungary","right","181","yes","3.81","2.7","52.94","2.38","20","0","2.93","0","0.2","0","16","2.54","31.25","0","1.9","41.67","1.59","30","5.24","42.42","2.38","0.95","0","29.84","77.13","8.89","64.29","1.9","83.33","0.15","0.16","0.48","3.49","68.18","2.54","62.5","0.79","4.76","70","","","0","0","","",""
"O. Fekete","Hungary 1.","Karcagi SE","CF, AMF","26","0","","11","567","1","2.1","1","0.39","Hungary","right","181","no","5.87","4.76","50","3.33","9.52","0.32","5.12","0.16","0.33","0","8","1.27","25","12.5","1.59","30","2.54","56.25","11.9","45.33","3.02","1.75","0.48","19.52","60.16","7.14","55.56","0.95","33.33","0.06","0","0.32","2.7","64.71","2.22","21.43","0.63","4.6","68.97","","","0","0","","",""
"Á. Kiss","Hungary 1.","Duna Aszfalt Tiszakécskei","GK","25","100000","2028-06-30","6","567","0","0","0","0","Hungary","right","191","no","1.75","0","0","1.11","85.71","0","2.73","0","0","0","0","0","0","0","0","0","0","0","0","0","0","0","0","20.63","81.54","13.02","74.39","8.1","56.86","0","0","0","1.9","41.67","0.16","0","0","5.24","63.64","2.22","5.08","56.25","1.87","-2.24","-0.356","1.9"
"B. Ruisz","Hungary 1.","Kecskeméti TE","GK","24","250000","","6","560","0","0","0","0.26","Hungary","right","191","no","3.21","0","0","0.8","100","0","4.69","0","0","0","0","0","0","0","0","0","0","0","0","0","0","0","0","21.86","77.21","15.43","68.75","12.21","59.21","0.04","0","0.16","6.11","55.26","0.64","50","0.32","8.68","81.48","0.8","2.25","64.29","0.72","-0.55","-0.088","1.45"
"G. Bolla","Hungary 1.","Szentlőrinc SE","LCB","26","75000","2026-06-30","6","558","1","0.36","0","0","Hungary","left","0","no","11.29","6.77","50","5","58.06","0.97","9.86","0.16","0.06","0","5","0.81","20","20","0","0","0.65","75","1.61","70","0.65","0.81","0","43.55","72.59","24.19","58","9.68","36.67","0","0","0","6.29","35.9","1.29","12.5","0.16","10.97","51.47","","","0","0","","",""
"M. Györgye","Hungary 1.","Karcagi SE","RCMF, DMF, LCMF","22","0","","14","557","1","0.59","0","0.03","Hungary","unknown","0","no","7.43","5.82","50","4.2","30.77","0.16","5.28","0.16","0.1","0.16","6","0.97","33.33","16.667","0.32","0","1.78","63.64","7.11","36.36","0.81","0.65","0","26.98","79.04","9.53","74.58","2.1","53.85","0","0.32","0","4.85","73.33","2.26","57.14","0.81","4.69","65.52","","","0","0","","",""
"D. Bertok","Hungary 1.","Fehérvár","CF","19","0","","11","551","1","1.84","0","0.08","Hungary","unknown","0","no","3.27","4.41","48.15","3.92","33.33","0","0.97","0.16","0.3","0","10","1.63","30","10","1.63","20","4.41","59.26","10.94","44.78","2.94","1.31","0.16","14.21","71.26","2.78","64.71","0.65","50","0.01","0","0","0.65","75","1.96","41.67","0.33","1.31","62.5","","","0","0","","",""
"I. Katona","Hungary 1.","Ajka","CF","19","0","","15","538","2","2.2","0","0.04","Hungary","right","187","yes","3.01","3.01","61.11","7.86","31.91","0","0.98","0.33","0.37","0","9","1.51","66.67","22.222","0.33","0","0.5","0","7.36","38.64","2.84","0.67","0","11.71","70","1.34","50","0.17","100","0.01","0","0","0.67","75","0.17","0","0.84","0.67","25","","","0","0","","",""
"A. Bolyki","Hungary 1.","Kecskeméti TE","CF, AMF","31","125000","","16","538","2","3.46","0","0","Hungary","both","187","no","2.51","1.84","72.73","7.86","40.43","0","2.16","0.33","0.58","0.33","13","2.17","46.15","15.385","0.5","33.33","1.67","50","7.53","33.33","4.18","0.84","0","12.55","65.33","2.84","52.94","0.67","25","0","0","0","0.84","40","0.67","50","1","1.17","71.43","","","0","0","","",""
"K. Sármány","Hungary 1.","Békéscsaba","CF, RW, RWF","25","0","","18","533","0","0.36","1","0.43","Hungary","","0","no","3.71","4.05","58.33","3.38","25","0","2.31","0","0.06","0","8","1.35","25","0","2.87","17.65","2.87","47.06","5.23","38.71","3.88","1.01","0","23.13","66.42","5.23","61.29","0.84","60","0.07","0","0.34","2.7","75","2.36","50","1.01","4.05","66.67","","","0","0","","",""
"E. Fedinisinec","Hungary 1.","Karcagi SE","GK","25","0","2026-06-30","6","523","0","0","0","0","Hungary","right","191","no","2.93","0.17","100","0.34","100","0","4.07","0","0","0","0","0","0","0","0","0","0","0","0","0","0","0","0","23.75","88.41","9.81","73.68","6.02","60","0","0","0","2.41","42.86","0.17","0","0","3.96","78.26","1.55","3.96","60.87","1.3","-1.42","-0.244","1.55"
"L. Szakács","Hungary 1.","Karcagi SE","RW, CF, RAMF","20","0","","8","520","0","0.61","1","0.69","Hungary","unknown","0","no","3.98","3.63","57.14","3.29","21.05","0","1.51","0","0.11","0","7","1.21","28.57","0","2.08","33.33","0.87","40","4.33","36","1.04","0.69","0","18.52","61.68","6.4","45.95","2.08","8.33","0.12","0","0.35","2.94","35.29","2.25","30.77","0.35","2.77","68.75","","","0","0","","",""
"M. Ryashko","Hungary 1.","Szeged 2011","RCB","29","250000","2026-06-30","6","514","0","0.04","0","0.05","Ukraine","right","192","no","9.98","6.13","62.86","5.25","60","1.23","7.97","0","0.01","0","3","0.53","66.67","0","0.18","100","0","0","0.88","60","1.23","0","0","40.97","77.35","16.63","58.95","6.3","44.44","0.01","0","0.18","5.25","43.33","0.53","66.67","0.7","8.4","56.25","","","0","0","","",""
"M. Herczeg","Hungary 1.","Szentlőrinc SE","RAMF, AMF, LDMF","19","0","","15","510","0","0.51","0","0.05","Hungary","unknown","0","no","7.76","7.76","61.36","5.12","41.38","0","4.29","0","0.09","0","5","0.88","20","0","2.12","16.67","1.41","62.5","7.76","40.91","1.59","0.88","0","25.59","75.17","6.71","50","1.41","50","0.01","0","0","2.12","66.67","1.94","27.27","0.53","3.88","68.18","","","0","0","","",""
"Á. Papp","Hungary 1.","Békéscsaba","RB, RW, CF","21","0","","11","501","0","0.89","0","0.6","Hungary","right","0","no","5.57","5.03","42.86","7.19","47.5","0.18","4.85","0","0.16","0","7","1.26","14.29","0","2.87","12.5","2.87","68.75","4.49","64","2.34","1.8","0","20.12","62.5","5.57","61.29","1.44","37.5","0.11","0","0.72","2.34","92.31","1.98","18.18","0.36","4.85","51.85","","","0","0","","",""
"A. Simic","Serbia 1.","Trayal Kruševac","GK","25","0","","30","2891","0","0","0","0","Serbia","right","193","no","1.49","0.16","60","0.56","100","0","2","0","0","0","0","0","0","0","0","0","0","0","0.06","50","0","0","0","30.17","86.38","17.18","78.08","10.58","65.88","0","0","0","2.74","50","0.28","22.22","0.06","8.19","73","1.12","3.33","66.36","1","-3.99","-0.124","1.84"
"I. Petrovic","Serbia 1.","Loznica","LCB, RCB","25","0","","29","2806","0","0.6","0","0.64","Serbia","","189","no","7.44","3.56","66.67","4.3","67.91","0.26","6.38","0","0.02","0","5","0.16","20","0","0.03","0","0.1","100","0.87","48.15","0.38","0.48","0.06","36.6","86.85","12.83","71.25","3.59","43.75","0.02","0","0.03","2.37","50","0.13","0","0.06","4.97","47.1","","","0","0","","",""
"M. Živković","Serbia 1.","Zemun","GK","36","100000","2026-06-30","29","2796","0","0","0","0","Serbia","right","188","no","1.13","0.06","50","0.42","100","0","1.34","0","0","0","0","0","0","0","0","0","0.03","100","0.13","75","0","0","0","18.57","79.9","10.94","68.82","9.62","62.88","0","0","0","2.35","43.84","0.23","14.29","0.03","5.95","76.76","0.8","3.25","75.25","0.86","1.67","0.054","1.87"
"J. Mitrović","Serbia 1.","Smederevo 1924","RCB, LCB","25","0","2026-06-30","29","2795","2","0.81","0","0.44","Serbia","","0","no","9.08","5.99","66.67","4.89","57.89","0.77","7.31","0.06","0.03","0.06","11","0.35","36.36","18.182","0.26","25","0.16","60","1.38","46.51","0.61","0.77","0","52.29","83.19","23.6","71.35","9.21","44.41","0.01","0","0.03","7.79","50.41","1.35","21.43","0.23","10.14","68.25","","","0","0","","",""
"D. Jovanović","Serbia 1.","Zemun","LCB","25","0","2026-06-30","29","2792","0","1.09","0","0","Serbia","","0","no","8.28","4.06","68.25","4.35","65.93","0.81","6.2","0","0.04","0","4","0.13","0","0","0","0","0.03","100","1","48.39","0.29","0.42","0.03","34.39","84.91","12.31","65.45","4.96","50.65","0","0","0","2.61","53.09","0.19","0","0","5.29","49.39","","","0","0","","",""
"F. Stamenkovic","Serbia 1.","Dinamo","RCB, CB, LCB","27","175000","","28","2737","0","0.55","1","0.85","Serbia","right","192","no","6.25","2.73","71.08","4.83","71.43","0.3","6.23","0","0.02","0","8","0.26","37.5","0","0.07","50","0.03","0","0.76","34.78","0.53","0.07","0","20.65","76.91","10.26","63.46","4.21","42.97","0.03","0","0.03","3.49","44.34","0.33","20","0.13","5","57.89","","","0","0","","",""
"N. Kodžić","Serbia 1.","Smederevo 1924","LAMF, LW","28","300000","2026-06-30","29","2639","9","4.73","2","2.83","Serbia","right","186","no","5.83","4.71","69.57","4.19","44.72","0","3.62","0.31","0.16","0.07","40","1.36","37.5","22.5","1.91","33.93","3.04","55.06","8.63","33.2","2.01","2.73","0.07","33.25","75.49","12.04","64.02","3.38","43.43","0.1","0.17","0.55","5.22","56.86","3.38","49.49","1.43","6.14","76.67","","","0","0","","",""
"M. Jevtović","Serbia 1.","Borac Čačak","LAMF, LW, CF","32","250000","2026-06-30","28","2614","6","7.87","2","4.8","Serbia","right","184","no","6.95","4.99","59.31","1.72","34","0.17","4.84","0.1","0.27","0.03","48","1.65","33.33","12.5","3.96","29.57","4.44","53.49","9.02","40.08","3.37","2.2","0.28","29.61","69.65","10.05","63.36","2.2","48.44","0.17","0.07","0.55","3.89","63.72","4.03","47.86","1.21","5.54","73.29","","","0","0","","",""
"F. Vasiljevic","Serbia 1.","Grafičar","DMF, LCMF","23","0","","27","2611","0","0.47","2","0.39","Serbia","","172","no","11.69","8.41","70.9","2.45","38.03","0.17","9.5","0","0.02","0","6","0.21","33.33","0","0.28","37.5","0.45","30.77","4.41","56.25","0.1","1.17","0.07","45.95","87.4","15.51","75.11","3.48","51.49","0.01","0.07","0.1","7.1","74.76","0.59","41.18","0.1","6.34","76.63","","","0","0","","",""
"A. Stanković","Serbia 1.","OFK Vršac","GK","28","50000","2026-06-30","27","2608","0","0","0","0","Serbia","right","191","no","1.21","0.03","100","0.17","100","0.03","1.78","0","0","0","0","0","0","0","0","0","0","0","0","0","0","0","0","24.95","89.35","12.98","81.91","8.28","70","0","0","0","2.17","50.79","0.14","0","0","5.73","83.13","0.86","2.73","68.35","0.89","0.83","0.029","1.07"
"V. Nedeljkovic","Serbia 1.","Trayal Kruševac","LB","23","0","2026-06-30","27","2577","0","0.43","1","1.54","Serbia","left","179","no","11.8","8.77","57.77","3.35","48.96","0.21","8.82","0","0.02","0","8","0.28","12.5","0","2.86","31.71","0.98","46.43","3.28","52.13","0.56","1.05","0.07","47.43","76.51","17.43","62.73","7.3","43.54","0.05","0","0.38","6.53","50.8","2.9","36.14","0.21","9.36","62.69","","","0","0","","",""
"K Janjic","Serbia 1.","OFK Vršac","LB","25","0","2026-06-15","28","2545","1","0.13","1","1.25","Serbia","left","176","no","6.9","6.15","54.6","2.19","53.23","0.04","4.67","0.04","0","0","7","0.25","14.29","14.286","2.05","20.69","1.1","61.29","4.39","45.97","0.64","0.85","0.04","32.29","74.59","16.83","70.59","5.87","53.01","0.04","0.04","0","6.05","71.35","1.7","39.58","0.21","9.48","71.64","","","0","0","","",""
"P. Popadic","Serbia 1.","Dinamo","LCB","25","0","","26","2540","1","1.21","0","0.05","Serbia","unknown","0","no","7.3","4.04","69.3","3.97","65.18","0.43","6.24","0.04","0.04","0","9","0.32","33.33","11.111","0.14","50","0.35","70","1.98","60.71","0.46","0.39","0.07","31.18","80.11","14.21","69.08","6.41","53.04","0","0","0.04","4.39","56.45","0.39","27.27","0.07","6.66","69.15","","","0","0","","",""
"V. Prodanic","Serbia 1.","Voždovac","LB","18","0","","28","2538","0","0.59","0","0.72","Serbia","unknown","0","no","9.75","7.98","61.78","1.42","30","0.18","6.83","0","0.02","0","6","0.21","50","0","2.94","31.33","1.35","60.53","4.18","45.76","0.85","1.06","0.11","37.06","72.92","13.23","60.32","5.35","49.67","0.03","0.11","0.11","4.72","51.88","2.84","36.25","0.35","8.16","59.13","","","0","0","","",""
"S. Sladojević","Serbia 1.","Mačva Šabac","LCB","23","150000","2027-06-30","26","2526","2","0.78","1","0.12","Serbia","","0","no","8.27","4.99","71.43","4.88","64.96","0.46","6.41","0.07","0.03","0.07","7","0.25","42.86","28.571","0.04","0","0.25","57.14","1.53","51.16","0.5","0.18","0.04","37.23","85.36","15.07","69.74","6.7","54.26","0","0","0.04","4.52","52.76","0.29","12.5","0.11","6.34","67.98","","","0","0","","",""
"A. Vidović","Serbia 1.","Smederevo 1924","LB","24","50000","2026-06-30","29","2521","1","0.95","3","6.85","Bosnia and Herzegovina","left","182","no","6.68","4.03","77.88","2","57.14","0.14","5.22","0.04","0.03","0","21","0.75","19.05","4.762","7.53","40.76","2.64","66.22","5.28","50.68","1.29","1.43","0.29","36.38","68.69","14.64","61.71","5.11","47.55","0.24","0.04","0.75","5.18","56.55","5.89","49.7","0.25","9.28","77.31","","","0","0","","",""
"S. Lukovic","Serbia 1.","Dubočica","RB, RCB, RWB","20","0","2028-06-30","27","2520","2","1.32","1","1.4","Serbia","unknown","0","no","8.21","7.14","58","2.71","48.68","0.21","5.54","0.07","0.05","0","13","0.46","23.08","15.385","1.96","36.36","1.57","50","5.07","38.73","1","1.07","0.14","30","76.9","14.21","69.85","4.29","50.83","0.05","0.04","0.18","3.93","60.91","1.96","43.64","0.25","7.46","69.86","","","0","0","","",""
"S. Purtić","Serbia 1.","Loznica","LDMF, LCMF, DMF","27","250000","","26","2472","5","3.79","4","1.06","Serbia","right","188","no","9.54","5.75","60.13","3.42","46.81","0.29","5.23","0.07","0.14","0","40","1.46","27.5","12.5","1.2","36.36","0.51","57.14","2.58","33.8","0.76","0.47","0","45.98","80.44","17.11","68.09","5.32","41.1","0.04","0.07","0.29","8.05","64.71","2.15","42.37","0.47","8.88","71.31","","","0","0","","",""
"L. Nikolić","Serbia 1.","Trayal Kruševac","LCMF, AMF, RCMF","26","0","2026-06-30","26","2471","8","6.42","3","4.28","Serbia","right","0","no","4.15","2.88","62.03","0.69","42.11","0.04","3.04","0.18","0.23","0","34","1.24","50","23.529","2.59","38.03","2.29","49.21","5.57","35.95","2","1.89","0.47","42.32","78.74","13.66","66.13","3.42","43.62","0.16","0.15","0.58","5.65","60.65","3.42","52.13","0.84","6.19","78.82","","","0","0","","",""
"F. Stanic","Serbia 1.","Borac Čačak","GK","20","0","","26","2461","0","0","0","0","Serbia","unknown","0","no","1.68","0.26","28.57","0.33","77.78","0","2.15","0","0","0","0","0","0","0","0","0","0","0","0.11","66.67","0","0","0","18.8","77.82","11.74","66.98","9.22","58.33","0","0","0","2.63","44.44","0.22","0","0","6.58","74.44","0.99","3.73","73.53","1.37","10.5","0.384","1.06"
"M. Vidović","Serbia 1.","Borac Čačak","RCB, CB, LCB","36","200000","2026-06-30","26","2461","0","0.88","1","0.04","Serbia","right","186","no","7.64","3.51","65.63","3.8","51.92","0.77","7.51","0","0.03","0","6","0.22","50","0","0.18","20","0.18","100","1.13","70.97","0.62","0.55","0","39.35","81.51","18.14","69.35","8.23","52","0","0.07","0","5.12","52.86","0.77","33.33","0.33","8.67","68.35","","","0","0","","",""
"S. Mitrović","Serbia 1.","Loznica","RB, RAMF","24","0","2028-12-31","27","2453","0","1.44","4","3.77","Serbia","right","170","yes","9.06","6.75","72.28","2.53","40.58","0.29","4.84","0","0.05","0","18","0.66","27.78","0","2.31","30.16","1.17","56.25","4.77","47.69","1.25","0.99","0.22","26.71","72.66","12.03","66.77","3.38","42.39","0.14","0.04","0.48","4.29","61.54","2.2","45","0.59","6.79","70.27","","","0","0","","",""
"S. Radojicić","Serbia 1.","OFK Vršac","RCB, LCB","24","100000","2026-06-30","26","2444","1","0.96","0","0.04","Serbia","right","187","no","6.15","2.5","66.18","3.9","57.55","0.48","5.96","0.04","0.04","0","9","0.33","33.33","11.111","0.11","33.33","0","0","0.33","44.44","0.77","0.33","0","41.94","81.21","16.79","65.13","9.17","46.18","0","0","0.04","6.81","54.05","0.88","25","0.26","8.73","63.71","","","0","0","","",""
"Y. Horike","Serbia 1.","Trayal Kruševac","DMF, RCMF, LDMF","24","0","2026-06-30","26","2440","0","1.6","2","0.7","Japan","right","182","no","9.15","7.01","66.32","3.14","51.76","0.41","6.42","0","0.06","0","17","0.63","11.76","0","0.33","0","0.55","73.33","2.03","47.27","0.48","0.3","0","41.09","83.66","14.98","67","3.5","36.84","0.03","0","0.07","5.09","68.12","1.14","29.03","0.33","5.94","57.14","","","0","0","","",""
"P. Ćirković","Serbia 1.","Loznica","LB, RB","26","500000","2027-05-31","28","2429","2","0.65","0","3.05","Serbia","left","173","no","8.89","6.26","60.36","3.19","56.98","0.19","6.46","0.07","0.02","0","16","0.59","25","12.5","3.3","37.08","1.07","41.38","3.19","30.23","0.63","1.07","0.19","33.09","65.51","15.3","53.03","5.89","33.96","0.11","0","0.33","4.93","44.36","3.26","38.64","0.22","9.11","56.91","","","0","0","","",""
"D. Lazić","Serbia 1.","Grafičar","RCB","31","150000","2027-06-30","25","2422","2","2.19","0","0","Serbia","right","189","no","7.17","4.83","64.62","4.2","66.37","0.52","6.79","0.07","0.08","0.07","11","0.41","54.55","18.182","0.07","0","0.41","72.73","1.82","65.31","0.63","1.04","0.07","58.15","84.66","24.6","70.24","11","51.69","0","0","0","10.7","60.76","1.56","23.81","0.33","11.82","75.16","","","0","0","","",""
"T. Petrović","Serbia 1.","Voždovac","RCB","31","300000","","27","2403","1","0.9","2","1.21","Bosnia and Herzegovina","right","190","no","7.6","5.36","63.64","2.25","60","0.34","5.72","0.04","0.03","0.04","10","0.37","20","10","0.04","100","0.37","70","2.1","44.64","0.45","1.5","0","49.44","82.8","22.36","70.52","9.55","56.47","0.05","0","0.15","8.65","61.47","1.16","41.94","0.64","10.04","71.64","","","0","0","","",""
"A. Paic","Serbia 1.","Jedinstvo Ub","RCB, LCB, CB","22","0","2027-06-30","26","2401","1","1.66","0","0.27","Serbia","right","191","no","5.81","3.15","72.62","4.72","57.94","0.45","4.65","0.04","0.06","0.04","10","0.37","40","10","0.04","0","0.11","66.67","1.39","62.16","0.37","0.82","0.15","41.57","84.76","18.82","72.71","8.66","51.52","0.01","0.04","0.07","5.77","57.79","0.64","23.53","0.22","9","75.42","","","0","0","","",""
"B. Blagojevic","Serbia 1.","Smederevo 1924","LCB, RCB","24","0","2026-06-30","25","2386","0","0.32","1","0.32","Serbia","left","188","yes","6.71","3.58","61.05","2.98","58.23","0.75","6.69","0","0.01","0","5","0.19","0","0","0.08","50","0.04","0","0.6","50","0.23","0.53","0","45.91","83.32","20.1","68.11","8.26","45.66","0.01","0.04","0.04","6.56","54.6","0.49","46.15","0.23","9.02","64.44","","","0","0","","",""
"V. Braunović","Serbia 1.","Voždovac","LDMF, RDMF, LCMF","22","0","2027-06-30","26","2361","1","1.35","1","0.37","Serbia","","0","no","10.14","6.63","62.64","4.5","59.32","0.19","8.25","0.04","0.05","0","21","0.8","23.81","4.762","0.53","35.71","0.65","64.71","3.62","49.47","0.57","0.91","0.19","39.45","82.03","13.07","67.06","3.16","43.37","0.01","0.04","0.08","6.44","68.05","0.88","52.17","0.3","6.14","59.63","","","0","0","","",""
"I. Ostojić","Serbia 1.","Zemun","RCB","36","150000","2026-06-30","25","2361","2","1.31","0","0.14","Serbia","right","190","no","7.93","3.09","80.25","5.72","68.67","0.72","6.38","0.08","0.05","0.08","8","0.3","62.5","25","0.19","60","0.23","50","1.3","32.35","0.53","0.61","0","30.95","78.82","15.32","66.67","6.59","47.98","0.01","0","0","4.19","55.45","0.69","27.78","0.08","7.47","63.78","","","0","0","","",""
"N. Todosijevic","Serbia 1.","Borac Čačak","LCB","22","0","2026-06-30","25","2333","0","1.81","0","0.49","Serbia","","0","no","6.94","4.09","69.81","3.55","53.26","0.23","5.3","0","0.07","0","19","0.73","42.11","0","0.5","46.15","0.15","75","1.35","42.86","0.39","1.16","0.08","41.35","80.6","20.99","69.49","10.38","51.67","0.02","0","0.15","6.4","55.42","1.31","38.24","0.27","9.3","69.29","","","0","0","","",""
"L. Konstantinov","Serbia 1.","Tekstilac Odžaci","LB","20","0","2026-06-30","26","2328","0","0.4","1","1.66","Serbia","left","178","yes","9.12","7.96","58.25","2.98","51.95","0.08","5.85","0","0.02","0","14","0.54","21.43","0","2.59","25.37","1.01","34.62","3.75","31.96","0.23","1.16","0.19","33.71","71.44","17.44","65.63","4.79","41.13","0.06","0.08","0.04","6.46","68.26","2.59","38.81","0.27","9.32","69.71","","","0","0","","",""
"M. Nikolić","Serbia 1.","Mačva Šabac","RCB","28","100000","","25","2326","5","1.75","0","0.5","Serbia","right","189","no","8.4","5.46","70.92","4.22","57.8","0.46","6.21","0.19","0.07","0.15","15","0.58","53.33","33.333","0.77","60","0.23","66.67","1.39","41.67","0.74","1.43","0","49.64","79.27","25.31","67.74","12.88","51.05","0.02","0","0.04","9.52","58.13","1.39","44.44","0.39","12.77","70.3","","","0","0","","",""
"M. Pavic","Serbia 1.","Kabel Novi Sad","RCB","20","0","","26","2313","0","1.34","1","0","Serbia","unknown","0","no","8.48","5.72","76.19","4.75","59.84","0.54","4.99","0","0.05","0","5","0.19","20","0","0","0","0.19","100","1.52","48.72","0.31","0.7","0.08","37.47","80.17","17.24","63.88","8.02","44.66","0","0","0","6.38","50.61","0.74","21.05","0.12","8.52","66.67","","","0","0","","",""
"D. Stojanovic","Serbia 1.","Tekstilac Odžaci","RW, CF, LAMF","22","0","2026-06-30","28","2290","4","5.02","3","2.93","Serbia","","0","yes","6.05","5.15","54.2","2.16","30.91","0","3.62","0.12","0.2","0","57","2.24","38.6","7.018","2.75","18.57","4.13","60","10.1","46.3","1.85","1.57","0.28","27.43","64.18","10.93","53.24","4.44","43.36","0.12","0.2","0.31","6.56","57.49","3.03","35.06","0.83","6.05","76.62","","","0","0","","",""
"N. Kočović","Serbia 1.","Kabel Novi Sad","LB, LCB","31","450000","","25","2274","0","0.61","1","0.78","Serbia","left","183","no","7.84","5.11","71.32","2.22","46.43","0.51","5.47","0","0.02","0","6","0.24","0","0","1.11","28.57","0.79","50","2.89","38.36","0.36","0.83","0","36.73","75.32","19.04","65.7","8.51","43.26","0.03","0","0.08","7.16","58.01","1.46","35.14","0.2","9.38","59.49","","","0","0","","",""
"V. Ilić","Serbia 1.","Mačva Šabac","RB","27","250000","","24","2244","0","0.2","1","1.23","Serbia","right","180","no","9.26","6.62","60","3.25","62.96","0.16","7.32","0","0.01","0","7","0.28","28.57","0","2.17","35.19","1.16","62.07","4.93","43.9","0.32","0.92","0.24","26.19","72.43","11.71","64.04","4.81","43.33","0.05","0","0.2","3.53","53.41","1.97","38.78","0.12","6.38","59.75","","","0","0","","",""
"N. Lainović","Serbia 1.","OFK Vršac","RB","24","75000","2026-06-30","27","2236","1","1.11","3","4.55","Serbia","","181","no","7.57","5.39","70.9","0.93","47.83","0.12","5.01","0.04","0.04","0","32","1.29","18.75","3.125","4.39","40.37","5.07","59.52","10.87","49.63","1.57","4.11","0.64","32.76","73.22","12.16","71.19","4.03","61","0.18","0.08","0.44","4.59","69.3","3.58","46.07","0.36","8.57","66.67","","","0","0","","",""
"A. Pivas","Serbia 1.","Kabel Novi Sad","LDMF, LCMF","21","0","","25","2232","4","2.43","1","0.85","Serbia","unknown","0","no","8.06","6.53","59.26","6.94","58.72","0.28","4.63","0.16","0.1","0.04","35","1.41","37.14","11.429","0.2","20","1.69","71.43","8.47","50.95","1.13","0.81","0.2","30.36","72.38","11.57","59.23","5.73","45.77","0.03","0.04","0.04","6.21","53.9","0.93","26.09","0.24","5.85","60.69","","","0","0","","",""
"O. Dimitrić","Serbia 1.","Voždovac","AMF, CF, LCMF","27","450000","","29","2231","7","4.11","4","3.68","Serbia","left","171","no","5.61","4.68","66.38","1.73","27.91","0.08","3.17","0.28","0.17","0","30","1.21","46.67","23.333","1.37","29.41","1.82","62.22","9.44","46.15","1.73","1.69","0.04","34.94","74.71","12.51","60.32","4.36","40.74","0.15","0.44","0.32","5.53","59.12","3.31","36.59","1.09","6.58","65.03","","","0","0","","",""
"N. Janković","Serbia 1.","Voždovac","RB","32","200000","2026-06-30","25","2231","1","0.59","2","2.28","Serbia","right","179","no","7.34","6.01","53.02","1.73","44.19","0.12","5.31","0.04","0.02","0","12","0.48","16.67","8.333","3.07","39.47","1.61","62.5","5.41","42.54","1.01","1.37","0.16","36.23","73.94","14.08","64.47","4.16","50.49","0.09","0.04","0.44","4.68","62.93","2.99","47.3","0.85","9","66.37","","","0","0","","",""
"D. Nešić","Serbia 1.","Dinamo","RB, RWB","23","0","","26","2212","0","0.25","0","0.21","Serbia","right","0","no","10.09","7.2","67.23","2.48","54.1","0.08","6.8","0","0.01","0","7","0.28","28.57","0","1.87","26.09","1.51","64.86","6.02","43.92","0.33","1.42","0.16","26.32","66.15","14.04","59.71","3.62","41.57","0.01","0","0.12","4.68","57.39","2.2","42.59","0.45","7.36","67.4","","","0","0","","",""
"N. Obucina","Serbia 1.","Priboj","RB, RWB","21","0","2026-06-30","26","2201","0","0.58","4","4.61","Serbia","unknown","0","no","7.48","4.62","70.8","2.37","37.93","0.12","6.25","0","0.02","0","9","0.37","11.11","0","3.93","43.75","1.06","50","2.7","45.45","0.9","0.78","0.16","30.71","71.24","14.07","65.41","5.68","55.4","0.19","0.04","0.45","5.64","65.22","3.39","54.22","0.57","8.96","74.89","","","0","0","","",""
"D. Djordjic","Serbia 1.","Mačva Šabac","AMF","21","0","","28","2194","5","3.38","2","0.55","Serbia","unknown","175","no","6.4","6.89","58.93","2.01","30.61","0.16","3.43","0.21","0.14","0","28","1.15","35.71","17.857","0.9","36.36","1.72","69.05","7.34","42.46","1.44","0.9","0.21","25.35","74.6","8.66","62.09","1.85","60","0.02","0","0.29","4.23","61.17","1.35","57.58","0.57","4.14","68.32","","","0","0","","",""
"D. Kiković","Serbia 1.","OFK Vršac","LDMF, RDMF, LCMF","31","100000","2026-06-30","27","2181","3","3.34","3","2.36","Serbia","right","187","no","10.44","7.55","53.55","3.47","44.05","0.45","8.36","0.12","0.14","0.08","25","1.03","48","12","0.58","35.71","0.78","52.63","3.67","49.44","1.53","0.58","0","37.26","75.97","16.63","64.52","5.12","45.16","0.1","0","0.41","6.81","64.85","1.77","53.49","0.87","8.05","66.15","","","0","0","","",""
"M. Pantić","Serbia 1.","Tekstilac Odžaci","RCMF, RDMF, LCMF","27","0","","27","2168","0","0.67","1","1.06","Serbia","right","188","no","8.63","6.56","57.59","2.7","49.23","0.46","6.57","0","0.03","0","16","0.66","37.5","0","0.25","16.67","0.08","50","3.53","42.35","0.42","0.21","0","32.26","79.67","11.83","66.32","4.82","49.14","0.04","0.04","0.21","5.94","60.14","0.71","52.94","0.42","5.81","67.14","","","0","0","","",""
"N. Nikić","Serbia 1.","Borac Čačak","LB","24","100000","2026-06-30","25","2147","0","0.83","0","1.09","Bosnia and Herzegovina","left","183","no","9.35","6.41","65.36","3.19","48.68","0.17","6.41","0","0.03","0","11","0.46","9.09","0","4.07","23.71","0.75","66.67","3.06","49.32","0.84","1.26","0.17","33.74","62.73","17.44","57.21","5.24","39.2","0.05","0.04","0.34","6.87","48.78","4.23","34.65","0.59","9.18","63.47","","","0","0","","",""
"I. Matejević","Serbia 1.","Trayal Kruševac","RB, RW","29","250000","","25","2119","1","2.51","2","3.38","Serbia","right","181","no","6.5","4.54","60.75","2.8","53.03","0.17","5.02","0.04","0.11","0.04","20","0.85","30","5","3.53","42.17","0.81","84.21","2.63","46.77","1.49","0.93","0.21","31.01","73.29","12.95","68.52","3.31","55.13","0.14","0.17","0.59","3.99","57.45","2.93","56.52","0.42","7.6","70.95","","","0","0","","",""
"M. Mirosavljev","Serbia 1.","Priboj","CF","31","350000","","23","2117","14","10.29","2","1.86","Serbia","right","188","no","3.06","2","55.32","9.44","42.79","0.17","3.06","0.55","0.44","0.09","47","2","55.32","29.787","0.55","7.69","1.02","62.5","12.33","29.66","3.66","0.3","0.04","21.26","75.8","3.78","53.93","0.89","66.67","0.08","0.04","0.26","1.79","57.14","0.89","33.33","0.68","1.83","53.49","","","0","0","","",""
"V. Boskan","Serbia 1.","Kabel Novi Sad","CF","20","0","2027-06-30","26","2110","11","11.05","0","0.61","Serbia","unknown","0","no","3.75","2.73","78.13","8.66","36.45","0.21","1.91","0.38","0.47","0.09","46","1.96","56.52","23.913","0.34","12.5","0.85","45","7.55","30.51","2.94","0.43","0","15.1","70.34","3.33","50","0.98","47.83","0.03","0.04","0.13","2.05","58.33","0.73","29.41","0.3","1.58","59.46","","","0","0","","",""
"U. Savkovic","Serbia 1.","Jedinstvo Ub","LB, LWB","22","0","2028-06-30","24","2094","0","0.73","5","3.01","Serbia","left","180","no","9.93","6.58","71.24","3.09","41.67","0.09","7.28","0","0.03","0","17","0.73","11.76","0","2.79","40","1.12","73.08","4.64","49.07","0.9","1.07","0.21","38.81","75.53","18.48","68.6","6.7","48.08","0.13","0.09","0.3","7.09","58.18","1.98","47.83","0.09","10.19","72.15","","","0","0","","",""
"S. Popovic","Serbia 1.","Ušće NB","LCB, RCB","21","0","","23","2092","1","0.72","0","0","Serbia","unknown","0","no","7.96","4.86","71.68","4","49.46","0.56","6.18","0.04","0.03","0.04","5","0.22","40","20","0","0","0.09","50","1.2","64.29","0.26","0.47","0","39.36","85.36","19.06","75.17","6.24","48.28","0","0","0","4.56","56.6","0.22","20","0.04","7.79","67.96","","","0","0","","",""
"S. Mladenovic","Serbia 1.","Ušće NB","RB, LB","23","0","","25","2068","0","0.47","0","0.14","Serbia","right","0","no","10.31","8.09","64.52","3.22","44.59","0.35","7.05","0","0.02","0","7","0.3","28.57","0","1.18","22.22","0.57","61.54","2.31","50.94","0.57","0.26","0.04","26.81","76.14","12.66","71.48","3.79","48.28","0.01","0","0.09","4.26","69.39","1","30.43","0.09","6.31","66.21","","","0","0","","",""
"D. Terzic","Serbia 1.","Mačva Šabac","RDMF, RCMF","27","0","","23","2064","4","2.4","1","0.52","Serbia","left","186","no","9.07","7.24","67.47","3.4","60.26","0.13","5.84","0.17","0.1","0","31","1.35","32.26","12.903","0.35","25","0.78","55.56","4.8","42.73","0.7","0.48","0","34.53","80.05","11.86","61.03","6.63","55.92","0.02","0.04","0.09","5.97","63.5","0.96","31.82","0.26","5.93","70.59","","","0","0","","",""
"S. Radanovic","Serbia 1.","Grafičar","GK","17","0","2028-06-30","22","2063","0","0","0","0","Bosnia and Herzegovina","unknown","0","no","1.88","0.04","0","0.48","81.82","0","3.39","0","0","0","0","0","0","0","0","0","0","0","0.22","60","0","0","0","22.07","84.39","10.73","72.76","7.77","57.87","0","0","0","1.53","45.71","0.09","50","0.04","5.15","65.25","0.92","2.79","67.19","0.88","-0.79","-0.034","1.53"
"V. Vukojević","Serbia 1.","Grafičar","CF, RW","19","0","","26","2061","6","5.09","0","2.2","Serbia","right","178","no","3.32","2.62","56.67","2.75","31.75","0.04","3.03","0.26","0.22","0.09","31","1.35","51.61","19.355","1.44","33.33","2.45","69.64","9.21","37.91","2.49","1.66","0.09","20.61","80.3","3.41","70.51","0.92","61.9","0.1","0.04","0.22","1.83","76.19","1.44","63.64","0.7","2.88","71.21","","","0","0","","",""
"V. Radosavljevic","Serbia 1.","Tekstilac Odžaci","RB","20","0","2027-06-30","26","2059","0","0.49","1","0.33","Serbia","unknown","0","no","9.31","7.21","65.45","2.45","51.79","0.35","5.38","0","0.02","0","7","0.31","71.43","0","1.62","32.43","1.14","53.85","4.2","42.71","0.35","0.79","0.13","30.95","69.92","16.61","61.84","5.07","49.14","0.01","0.09","0.04","4.41","55.45","2.01","43.48","0.39","8.65","57.07","","","0","0","","",""
"M. Kolarevic","Serbia 1.","Borac Čačak","RB, RWB","25","0","2026-06-30","25","2054","0","0.92","4","1.95","Serbia","right","176","no","10.21","9.2","64.29","1.88","41.86","0.04","5.45","0","0.04","0","11","0.48","9.09","0","4.51","43.69","2.72","59.68","6.27","44.76","1.31","2.1","0.61","30.67","68.14","12.44","57.04","5.65","39.53","0.09","0","0.61","5.13","58.97","3.55","54.32","0.35","8.19","68.98","","","0","0","","",""
"M. Vranjes","Serbia 1.","Dinamo","RW, RAMF, CF","22","0","","29","2054","3","3.71","2","1.59","Serbia","unknown","0","no","4.95","3.37","61.04","4.82","41.82","0.04","3.7","0.13","0.16","0","28","1.23","39.29","10.714","3.72","23.53","3.46","63.29","9.07","49.76","2.5","1.14","0.22","16.04","56.01","3.99","49.45","1.18","37.04","0.07","0","0.13","1.45","48.48","2.72","27.42","0.22","2.23","66.67","","","0","0","","",""
"D. Tabaković","Serbia 1.","Zemun","LAMF, LW","21","0","2026-06-30","28","2046","4","4.73","1","0.99","Serbia","right","0","no","5.54","5.41","56.1","2.07","23.4","0.04","2.32","0.18","0.21","0","32","1.41","37.5","12.5","1.72","23.08","1.94","54.55","5.98","36.03","2.68","1.54","0.26","21.33","70.93","5.72","60","2.68","40.98","0.04","0.04","0.22","2.24","49.02","1.85","40.48","0.97","3.74","51.76","","","0","0","","",""
"M. Petrović","Serbia 1.","Dinamo","RDMF, RCB, RCMF","36","50000","","26","2039","0","0.23","0","0.28","Serbia","right","181","no","10.28","7.55","69.01","2.96","61.19","0.35","6.9","0","0.01","0","9","0.4","33.33","0","0.62","35.71","0.57","69.23","3.44","57.69","0.26","0.49","0","33.77","71.5","17.74","61.19","10.11","45.85","0.01","0","0.04","9.23","55.02","1.24","46.43","0.26","10.11","70.31","","","0","0","","",""
"N. Tasić","Serbia 1.","Priboj","GK","31","0","","21","2038","0","0","0","0","Serbia","right","188","no","2.47","0.22","60","0.44","90","0","3.59","0","0","0","0","0","0","0","0","0","0.09","0","0.09","0","0","0","0","17.27","78.77","11.92","71.48","8.96","62.56","0","0","0","3.53","57.5","0.04","0","0","6.4","79.31","1.15","3.14","63.38","1.05","-2.16","-0.095","1.99"
"F. Samurović","Serbia 1.","Tekstilac Odžaci","GK","23","450000","2028-06-30","21","2032","0","0","0","0","Serbia","right","193","no","1.86","0.22","100","0.22","100","0","2.24","0","0","0","0","0","0","0","0","0","0","0","0.09","100","0","0","0","17.5","80","10.67","69.29","8.42","60","0","0","0","2.48","44.64","0.13","0","0.04","5.98","73.33","1.55","3.28","52.7","1.06","-11.08","-0.491","1.42"
"S. Djurić","Serbia 1.","Voždovac","LAMF, LW","28","250000","","29","2015","6","5.92","1","1.42","Serbia","right","179","no","5.85","5.36","60","2.1","55.32","0.13","3.42","0.27","0.26","0.04","32","1.43","53.13","18.75","0.8","22.22","2.77","45.16","8.04","38.33","2.59","1.03","0.04","17.64","69.11","5.27","53.39","1.34","40","0.06","0.22","0.22","1.74","64.1","1.25","53.57","0.85","3.66","51.22","","","0","0","","",""
"M. Ostojić","Serbia 1.","OFK Vršac","LCB","34","50000","","23","1998","0","0.68","0","0.13","Serbia","right","185","no","8.92","5.05","82.14","2.7","58.33","0.5","6.66","0","0.03","0","5","0.23","40","0","0.05","100","0.18","25","0.86","42.11","0.36","0.41","0","50.86","88.66","17.93","75.38","7.03","52.56","0.01","0","0","5.77","53.91","0.41","22.22","0.14","7.97","74.01","","","0","0","","",""
"A. Tanasin","Serbia 1.","Kabel Novi Sad","RB","34","250000","","21","1995","0","0.35","2","1.68","Serbia","right","176","no","8.98","7.08","63.69","2.53","53.57","0.23","5.91","0","0.02","0","7","0.32","0","0","2.39","41.51","1.76","64.1","4.02","57.3","0.45","0.86","0.14","33.07","70.67","16.96","61.7","6.5","43.75","0.08","0.05","0.23","6.36","59.57","2.8","41.94","0.41","10.51","71.67","","","0","0","","",""
"M. Ergelas","Serbia 1.","Mačva Šabac","RAMF, RW","23","1200000","","25","1988","6","4.63","3","2.92","Serbia","left","178","no","7.65","5.84","55.04","2.54","42.86","0.27","6.09","0.18","0.21","0.09","57","2.58","29.82","10.526","1.99","27.27","3.58","46.84","9.78","45.83","1.13","1.09","0.09","24.72","65.75","9.69","54.21","3.76","44.58","0.13","0.14","0.36","3.67","49.38","2.72","31.67","0.54","5.34","68.64","","","0","0","","",""
"N. Gojkov","Serbia 1.","OFK Vršac","LAMF, RAMF, LW","20","0","2027-06-30","28","1985","1","1.73","4","3.74","Serbia","right","171","no","8.66","8.57","65.08","1.59","25.71","0.09","3.96","0.05","0.08","0","15","0.68","26.67","6.667","3.17","34.29","5.8","50","17","35.2","2.45","2.22","0.09","30.29","72.46","11.43","67.86","1.68","40.54","0.17","0.09","0.73","4.31","67.37","4.62","50","1.77","7.53","81.33","","","0","0","","",""
"L. Nedovic","Serbia 1.","Voždovac","LCB","20","0","2028-06-30","22","1980","0","0.26","0","0.09","Serbia","left","191","no","9.14","5.68","72","5","62.73","0.45","6.9","0","0.01","0","3","0.14","33.33","0","0.09","50","0.23","40","2.18","50","0.32","1.36","0.05","50.41","82.15","23.95","67.55","8.95","45.18","0","0.05","0","8.23","64.64","0.68","20","0.14","10.5","65.37","","","0","0","","",""
"Z. Bogdanovic","Serbia 1.","Priboj","AMF, LCMF, RDMF","20","0","","25","1979","2","1.39","1","1.45","Serbia","unknown","0","no","6.37","6.59","55.86","2.59","31.58","0.05","3.59","0.09","0.06","0","26","1.18","38.46","7.692","1.23","22.22","1.68","70.27","6.73","44.59","0.96","1.36","0.27","29.33","69.46","9.78","54.88","5.14","32.74","0.07","0.05","0.23","6","50","1.96","39.53","0.41","4.37","65.63","","","0","0","","",""
"Ž. Arsić","Serbia 1.","Ušće NB","RW, RAMF, CF","28","100000","","25","1962","1","2.51","2","2.56","Serbia","left","173","no","4.17","3.21","68.57","1.1","29.17","0","2.66","0.05","0.11","0","30","1.38","6.67","3.333","2.48","33.33","5.46","61.34","12.61","45.09","1.83","4.22","0.18","30.09","70.73","10.55","56.09","3.21","44.29","0.12","0.32","0.5","5.09","58.56","3.39","39.19","1.1","6.61","74.31","","","0","0","","",""
"V. Marković","Serbia 1.","Borac Čačak","RB, AMF, RWB","24","0","2026-06-30","25","1959","2","2.43","2","0.97","Serbia","right","181","no","9.28","7.63","65.06","4.23","45.65","0.14","5.75","0.09","0.11","0.05","27","1.24","29.63","7.407","1.1","37.5","0.83","33.33","4.04","34.09","1.38","0.92","0.18","27.61","75.37","11.94","65.38","2.48","55.56","0.04","0","0.32","4.13","70","2.11","58.7","0.92","6.66","70.34","","","0","0","","",""
"N. Toroman","Serbia 1.","Kabel Novi Sad","GK","25","75000","2026-06-30","21","1957","0","0","0","0","Serbia","right","190","no","0.78","0","0","0.09","100","0","1.06","0","0","0","0","0","0","0","0","0","0","0","0.09","100","0","0","0","16.92","83.7","9.75","72.64","7.22","63.69","0","0","0","1.66","52.78","0.05","0","0","5.66","72.36","1.29","3.59","64.1","1.11","-3.91","-0.18","0.92"
"A. Cvetkovic","Serbia 1.","Ušće NB","DMF, LDMF, RCMF","21","0","","25","1956","0","0.12","0","0.28","Serbia","unknown","0","yes","8.93","7.27","56.96","2.99","33.85","0.37","6.82","0","0.01","0","5","0.23","40","0","0.28","16.67","0.14","66.67","2.71","54.24","0.05","0.28","0","35.89","74.36","16.61","64.27","7.64","42.17","0.01","0","0.09","7.41","57.76","0.92","25","0.18","7.22","68.79","","","0","0","","",""
"B. Milošević","Serbia 1.","Priboj","RCB, CB","37","0","","20","1939","0","0.33","0","0.17","Serbia","right","187","no","7.15","3.02","58.46","4.08","61.36","0.93","7.27","0","0.02","0","9","0.42","11.11","0","0.37","37.5","0.37","75","1.3","50","0.28","1.3","0.37","34.95","78.62","17.13","65.31","6.73","46.21","0.01","0","0.05","6.96","58.67","0.7","26.67","0.14","8.31","70.39","","","0","0","","",""
"N. Kalat","Serbia 1.","Zemun","RAMF, RW, LAMF","20","0","","29","1936","6","3.54","1","1.26","Serbia","unknown","0","no","6.18","3.44","66.22","3.77","53.09","0.14","4.27","0.23","0.16","0","23","1.07","47.83","26.087","1.81","23.08","1.91","58.54","6.28","32.59","2.23","1.12","0.14","17.43","57.87","5.63","44.63","2.93","42.86","0.06","0","0.23","3.02","43.08","1.91","34.15","0.37","3.39","57.53","","","0","0","","",""
"S. Veličković","Serbia 1.","Grafičar","RB, LB","27","100000","2026-06-30","22","1922","2","0.58","1","0.32","Serbia","right","175","no","8.9","7.45","65.41","3.18","54.41","0.28","6.19","0.09","0.03","0","9","0.42","33.33","22.222","3.84","26.83","2.2","51.06","4.96","49.06","0.66","1.31","0.14","45.09","73","21.26","64.32","7.35","45.22","0.01","0.05","0.14","6.98","58.39","3.7","37.97","0.28","10.86","68.1","","","0","0","","",""
"I. Zulfic","Serbia 1.","Tekstilac Odžaci","AMF, CF, RCMF","25","0","2027-06-30","21","1909","3","3.83","4","3.53","Serbia","unknown","0","no","7.26","6.22","51.52","2.45","26.92","0.28","4.36","0.14","0.18","0","30","1.41","43.33","10","2.31","24.49","1.46","54.84","7.02","40.94","2.07","0.9","0.05","34.98","69.41","12.07","55.86","4.2","50.56","0.17","0.28","0.42","6.55","46.76","2.83","38.33","0.8","6.51","68.12","","","0","0","","",""
"A. Ouanda","Serbia 1.","Voždovac","RAMF, LW","20","0","2030-12-31","21","1905","6","4.89","4","4.87","Côte d'Ivoire","unknown","0","yes","7.51","6.85","61.38","3.45","36.99","0.14","4.21","0.28","0.23","0","45","2.13","35.56","13.333","1.65","31.43","4.54","51.04","11.76","43.37","3.02","2.55","0.28","20.65","71.17","5.29","60.71","1.09","34.78","0.23","0.14","0.47","1.65","51.43","1.61","55.88","1.09","3.4","69.44","","","0","0","","",""
"F. Ivelja","Serbia 1.","Smederevo 1924","RCMF, RDMF, LDMF","23","0","","27","1904","2","1.38","2","0.71","Serbia","unknown","0","no","9.22","6.76","59.44","4.54","54.17","0.43","7.39","0.09","0.07","0","12","0.57","41.67","16.667","0.19","25","1.32","60.71","5.72","38.84","1.18","0.57","0.05","27.61","80.31","9.88","69.38","1.56","48.48","0.03","0","0.19","3.4","69.44","0.8","58.82","0.61","4.68","71.72","","","0","0","","",""
"N. Vujičić","Serbia 1.","Loznica","RDMF, RCMF","29","0","","23","1899","2","0.82","0","0.32","Serbia","right","183","no","9.57","6.21","63.36","2.37","46","0.33","6.52","0.09","0.04","0","22","1.04","31.82","9.091","0.62","15.38","0.52","72.73","2.61","49.09","0.57","0.57","0","37.77","75.78","14.64","63.43","6.68","53.19","0.02","0.09","0.09","7.25","63.4","1.33","39.29","0.52","7.77","68.29","","","0","0","","",""
"D. Stanojević","Serbia 1.","Loznica","LCB, LB","28","0","","20","1892","1","0.93","0","0.55","Serbia","left","187","no","6.99","3.33","70","1.9","50","0.52","5.62","0.05","0.04","0","5","0.24","40","20","1.71","27.78","0.95","65","2.28","60.42","0.48","1","0.05","33.92","75.04","17.74","69.17","7.42","47.44","0.03","0","0.1","6.28","61.36","1.9","27.5","0.24","8.75","69.02","","","0","0","","",""
"L. Lazarevic","Serbia 1.","Priboj","RDMF, RCMF, RCB","27","0","","21","1890","2","1.08","0","1.16","Serbia","unknown","0","no","8.43","5.14","72.22","5.86","65.85","0.05","5.83","0.1","0.05","0","8","0.38","50","25","0.52","36.36","0.38","75","3.05","62.5","1.19","0.29","0","31.48","79.27","11.24","63.14","4.1","50","0.06","0","0.19","5.43","63.16","0.9","36.84","0.52","5.76","66.94","","","0","0","","",""
"E. Hoard","Serbia 1.","Jedinstvo Ub","CF","24","0","2028-12-31","21","1888","8","7.58","5","2.9","United States","right","196","no","2.67","2.91","47.54","7.44","42.95","0.1","1.93","0.33","0.36","0.19","46","2.19","39.13","17.391","0.52","27.27","2.76","37.93","11.39","29.71","3.77","1.19","0.19","18.31","71.09","3.67","57.14","0.52","27.27","0.14","0.14","0.62","1.38","62.07","1.24","38.46","0.86","1.91","67.5","","","0","0","","",""
"Srdjan Kocic","Serbia 1.","Dubočica","LWB, LCB, LB","27","175000","2026-06-30","28","1888","0","0.12","1","1.36","Serbia","right","176","no","7.15","6.2","64.62","1.62","23.53","0.14","4.65","0","0.01","0","5","0.24","0","0","2.72","33.33","2.1","50","6.91","44.14","0.67","2.67","0.43","36.61","74.74","15.16","62.26","6.2","43.85","0.07","0.05","0.14","5.77","58.68","2.48","32.69","0.33","8.96","66.49","","","0","0","","",""
"S. Gudelj","Serbia 1.","Grafičar","LCB","19","0","2029-06-30","20","1878","0","1.69","0","0.16","Bosnia and Herzegovina","unknown","0","yes","8.58","5.8","70.25","6.66","58.27","0.48","7.07","0","0.08","0","14","0.67","50","0","0.1","0","0.05","100","1.34","42.86","0.96","2.88","0.14","63.55","89.52","21.47","76.34","5.18","51.85","0.01","0.05","0","6.71","71.43","0.72","33.33","0.19","8.67","67.4","","","0","0","","",""
"D. Ranković","Serbia 1.","Grafičar","LCMF, LW","18","0","","23","1870","2","3.36","4","3.93","Serbia","right","0","no","5.68","6.74","55","2.6","37.04","0.1","3.04","0.05","0.16","0","33","1.59","42.42","6.061","1.01","9.52","3.8","60.76","11.36","40.68","2.21","2.7","0.1","29.89","77.78","7.8","69.14","3.37","62.86","0.19","0.05","0.29","4.52","69.15","1.88","51.28","1.06","4.33","77.78","","","0","0","","",""
"D. Miladinović","Serbia 1.","Zemun","LDMF, LCMF","24","300000","2026-06-30","26","1868","0","0.94","1","1.32","Serbia","right","0","no","9.11","6.22","56.59","1.98","41.46","0.24","6.16","0","0.05","0","16","0.77","31.25","0","0.39","12.5","1.2","44","6.5","35.56","1.01","1.06","0.1","31.56","77.71","9.83","61.27","3.52","39.73","0.06","0.1","0.19","4.58","52.63","1.4","51.72","1.06","4.91","52.94","","","0","0","","",""
"O. Ilić","Serbia 1.","Jedinstvo Ub","AMF, LDMF, LCMF","26","350000","2026-06-30","24","1864","1","0.74","1","2.22","Serbia","right","184","no","7.97","6.28","58.46","3.38","55.71","0.29","5.39","0.05","0.04","0","13","0.63","23.08","7.692","1.4","37.93","1.35","50","7.48","46.45","1.16","1.11","0.19","41.91","81.11","14.73","69.18","5.5","50","0.11","0.05","0.39","8.26","70.18","1.69","51.43","0.53","6.9","74.83","","","0","0","","",""
"Nik. Motika","Serbia 1.","Loznica","RCB","22","50000","","22","1863","2","1.04","0","0.23","Germany","right","181","no","10.72","6.09","69.84","4.01","48.19","0.63","8.12","0.1","0.05","0.05","8","0.39","25","25","0.24","20","0.34","42.86","1.74","50","0.72","0.97","0.05","48.65","82.52","21.74","71.78","8.65","51.4","0.01","0","0.1","8.26","62.57","0.72","6.67","0.14","11.5","71.85","","","0","0","","",""
"J. Rasljanin","Serbia 1.","Voždovac","LW, LAMF, RW","23","0","2026-06-30","27","1854","7","5.09","1","1.38","Serbia","right","182","no","6.89","7.28","54.67","2.96","32.79","0.15","3.42","0.29","0.25","0","48","2.33","31.25","14.583","1.6","6.06","2.57","56.6","7.28","38","1.99","0.83","0.19","18.16","66.84","5","54.37","2.09","39.53","0.07","0.05","0.29","1.89","48.72","1.84","28.95","0.53","2.77","56.14","","","0","0","","",""
"V. Djokic","Serbia 1.","Trayal Kruševac","LCB","20","0","","21","1841","0","0.33","0","0.07","Serbia","unknown","0","no","7.97","5.38","71.82","2.05","54.76","0.64","5.43","0","0.02","0","3","0.15","33.33","0","0.2","50","0.44","55.56","2.44","26","0.15","0.68","0.1","47.66","81.54","21.31","68.35","10.76","47.73","0","0","0","6.65","47.79","0.54","36.36","0.2","10.22","64.11","","","0","0","","",""
"V. Tomic","Serbia 1.","Dubočica","RCMF, LCMF, DMF","20","0","","20","1838","1","0.21","0","0.01","Serbia","unknown","0","no","7.05","3.77","61.04","3.13","43.75","0.34","5.94","0.05","0.01","0","5","0.24","20","20","0.15","0","0.83","64.71","3.77","49.35","0.1","1.08","0.1","26.1","81.43","9.21","65.43","2.6","47.17","0","0.05","0","3.82","66.67","0.69","21.43","0.15","3.97","65.43","","","0","0","","",""
"K. Rakonic","Serbia 1.","Mačva Šabac","GK","21","0","","19","1837","0","0","0","0","Serbia","","0","no","1.03","0.05","0","0","0","0","1.51","0","0","0","0","0","0","0","0","0","0","0","0.15","66.67","0","0","0","16.02","90.52","6.03","77.24","3.48","60.56","0","0","0","0.44","11.11","0.1","0","0","2.55","63.46","0.54","2.2","75.56","0.46","-1.53","-0.075","1.08"
"M. Vukomanovic","Serbia 1.","Ušće NB","LCB","20","0","","19","1832","1","0.57","0","0.24","Serbia","unknown","0","no","9.28","5.55","69.03","3.29","49.25","0.54","7.32","0.05","0.03","0","7","0.34","42.86","14.286","0","0","0","0","1.08","36.36","0.44","0.49","0","38.17","74.52","21.62","62.27","11.15","45.37","0.01","0","0.05","7.96","53.7","0.74","20","0.1","10.41","67.92","","","0","0","","",""
"M. Stanojević","Serbia 1.","Trayal Kruševac","RCB","28","100000","","21","1823","0","0.24","0","0.21","Serbia","right","187","no","9.82","5.43","69.09","3.11","44.44","0.39","7.15","0","0.01","0","2","0.1","50","0","0.15","100","0.15","66.67","1.04","71.43","0.2","0.49","0","47.64","82.38","19.9","66.25","8.79","47.75","0.01","0","0.05","7.01","55.63","0.54","27.27","0","9.63","65.13","","","0","0","","",""
"F. Halabrin","Serbia 1.","Dubočica","CF, LAMF","19","0","2026-06-30","24","1819","9","5.91","2","2","Serbia","right","169","no","2.52","2.82","49.12","1.04","14.29","0.05","1.53","0.3","0.29","0","44","2.18","31.82","20.455","1.58","37.5","4.21","50.59","10.44","46.45","2.03","3.02","0.4","17.32","68","5.39","55.05","1.09","36.36","0.1","0","0.25","1.98","42.5","2.52","56.86","1.19","2.72","76.36","","","0","0","","",""
"M. Miraljemović","Serbia 1.","Priboj","LDMF, LB, RB","22","0","","23","1818","0","0.15","0","0.39","Serbia","right","177","no","12.23","8.07","71.17","2.82","35.09","0.25","7.74","0","0.01","0","9","0.45","11.11","0","0.79","25","0.94","57.89","5.54","49.11","0.05","0.45","0.05","31.24","76.07","13.37","67.78","5.45","52.73","0.02","0","0.2","6.73","69.85","1.53","38.71","0.3","7.28","68.03","","","0","0","","",""
"L. Stojanovic","Serbia 1.","Dinamo","RCMF, LCMF, RDMF","21","0","","22","1810","0","0.03","0","1.21","Serbia","right","186","no","7.01","4.38","68.18","2.44","44.9","0.25","5.63","0","0","0","5","0.25","0","0","0.7","35.71","0.7","42.86","2.93","33.9","0.15","0.6","0.1","31.38","73.85","12.93","63.08","4.43","48.31","0.06","0.05","0.2","6.31","63.78","1.34","44.44","0.55","6.56","64.39","","","0","0","","",""
"Dejan Paradjina","Serbia 1.","Zemun","RB","27","75000","2026-06-30","21","1791","1","0.13","2","0.86","Serbia","right","177","no","10.35","7.59","57.62","2.91","46.55","0.5","6.52","0.05","0.01","0","4","0.2","25","25","2.56","25.49","0.6","83.33","2.81","48.21","0.45","0.9","0.15","24.62","57.76","13.37","50.75","5.88","40.17","0.04","0","0.2","3.72","40.54","2.21","29.55","0.2","7.04","50","","","0","0","","",""
"D. Popovic","Serbia 1.","Trayal Kruševac","DMF, RDMF, LDMF","21","0","","28","1768","1","2.12","1","0.78","Serbia","","0","no","7.23","6.52","61.72","3.97","53.85","0.1","4.26","0.05","0.11","0","21","1.07","28.57","4.762","0.51","30","0.51","50","5.14","39.6","0.97","0.46","0.1","25.5","77.84","9.11","63.13","2.19","55.81","0.04","0.05","0.15","3.87","67.11","0.76","53.33","0.36","4.43","56.32","","","0","0","","",""
"M. Milivojevic","Serbia 1.","OFK Vršac","RAMF, LAMF, RW","24","0","2027-06-30","26","1765","5","6.5","0","1.23","Serbia","right","183","no","5.66","5.41","61.32","3.47","30.88","0.1","3.13","0.2","0.33","0.05","29","1.48","51.72","17.241","0.82","12.5","1.38","48.15","5.97","32.48","2.6","1.27","0.15","16.62","65.34","5.05","49.49","1.53","43.33","0.06","0","0.25","2.04","50","0.97","42.11","0.61","2.29","55.56","","","0","0","","",""
"N. Lukić","Serbia 1.","Voždovac","CF","33","500000","","29","1764","12","8.2","5","2.64","Serbia","left","185","no","1.73","1.28","48","3.52","42.03","0.15","1.54","0.31","0.42","0.2","37","1.89","56.76","32.432","0.51","40","1.17","52.17","5.77","35.4","2.6","0.46","0","19.49","58.9","7.86","45.45","3.11","40.98","0.13","0.36","0.61","4.54","44.94","3.01","38.98","1.43","3.83","69.33","","","0","0","","",""
"B. Balaž","Serbia 1.","Smederevo 1924","RB","25","300000","2026-06-30","23","1759","2","0.67","1","0.53","Serbia","right","184","yes","9.82","7.21","62.41","3.27","70.31","0.36","6.98","0.1","0.03","0","8","0.41","25","25","0.82","25","0.77","73.33","3.07","58.33","0.51","1.02","0.05","39.04","78.24","20.06","68.88","7.21","53.19","0.03","0","0.15","8.03","59.87","1.13","36.36","0.2","9.16","70.39","","","0","0","","",""
"L. Serdar","Serbia 1.","OFK Vršac","AMF, CF","22","0","","26","1755","3","6.1","2","1.38","Serbia","right","186","no","6.92","5.38","57.14","2.62","41.18","0.41","4.41","0.15","0.31","0","44","2.26","34.09","6.818","0.41","12.5","3.28","53.13","10.82","36.49","2.62","1.49","0.1","26.1","72.1","9.95","56.19","3.28","37.5","0.07","0.31","0.26","4.97","51.55","1.69","42.42","0.62","4.31","64.29","","","0","0","","",""
"V. Vraneš","Serbia 1.","Priboj","GK","28","0","2026-05-31","18","1745","0","0","0","0.73","Serbia","right","0","no","1.81","0.05","100","0.31","100","0","2.41","0","0","0","0","0","0","0","0","0","0.05","100","0.05","100","0","0","0","24.4","80.34","15.68","70.39","12.38","63.75","0.04","0","0.05","3.71","59.72","0.21","25","0.05","9.64","74.33","1.44","4.07","64.56","1.27","-3.29","-0.17","1.6"
"N. Filipović","Serbia 1.","Voždovac","GK","38","25000","","18","1735","0","0","0","0","Serbia","right","191","no","0.78","0.05","0","0.47","88.89","0","1.13","0","0","0","0","0","0","0","0","0","0","0","0.1","100","0","0","0","15.87","78.43","10.22","69.54","7","56.3","0","0","0","1.76","41.18","0.16","33.33","0.05","4.98","64.58","0.88","3.48","74.63","0.86","-0.43","-0.022","1.45"
"F. Antonijević","Serbia 1.","Priboj","LB","25","150000","2026-07-19","21","1735","1","0.97","0","1.41","Serbia","left","175","no","8.35","6.22","65","3.27","28.57","0.36","6.03","0.05","0.05","0","13","0.67","15.38","7.692","2.54","36.73","1.61","58.06","5.86","44.25","1.24","1.71","0.36","29.05","76.43","13.23","72.16","4.56","52.27","0.07","0","0.26","5.14","74.75","2.28","38.64","0.47","7.05","72.79","","","0","0","","",""
"M. Dukić","Serbia 1.","Mačva Šabac","LB","24","0","","24","1729","0","0.15","2","1.17","Serbia","left","178","no","7.34","6.3","62.81","1.93","48.65","0.21","4.74","0","0.01","0","11","0.57","18.18","0","3.85","28.38","1.3","60","3.85","51.35","0.26","0.78","0.05","32.01","68.78","14.94","64.11","6.04","44.83","0.06","0","0.42","5","54.17","3.38","33.85","0.31","8.8","68.64","","","0","0","","",""
"V. Dekić","Serbia 1.","Dubočica","GK","26","50000","2026-06-30","18","1706","0","0","0","0.18","Serbia","right","191","no","1.48","0.16","66.67","0.32","100","0","2","0","0","0","0","0","0","0","0","0","0","0","0.16","100","0.05","0","0","22","73.86","14.61","62.82","12.34","55.98","0.01","0","0","4.11","43.59","0.21","50","0.11","8.07","76.47","1.16","4.33","73.17","1.18","0.4","0.021","1.69"
"I. Cvetojevic","Serbia 1.","Trayal Kruševac","RCB, LCB","24","0","2026-06-30","20","1705","0","0.67","0","0.04","Serbia","right","188","no","9.92","5.17","68.37","2.69","47.06","0.84","7.06","0","0.04","0","5","0.26","40","0","0.42","0","0.32","100","2.32","63.64","0.26","1","0","46.98","79.1","21.91","64.82","10.45","50","0","0.05","0.05","8.82","47.9","1.43","25.93","0.37","11.45","68.2","","","0","0","","",""
"T. Todorović","Serbia 1.","Ušće NB","LCMF, AMF, RCMF","28","0","2026-06-30","26","1699","3","3.63","2","2.46","Serbia","right","174","yes","6.62","6.3","56.3","3.76","40.85","0.16","4.32","0.16","0.19","0.05","43","2.28","37.21","6.977","1.43","37.04","1.11","66.67","3.55","52.24","1.64","0.58","0.05","27.39","66.54","9.96","47.34","4.71","39.33","0.13","0.05","0.32","5.4","55.88","1.91","30.56","0.21","5.93","54.46","","","0","0","","",""
"Fallou Coly","Serbia 1.","Tekstilac Odžaci","LCB, LB","19","0","","20","1695","2","0.75","0","0.76","Serbia","unknown","0","no","7.65","5.63","65.09","4.04","64.47","0.53","5","0.11","0.04","0.11","6","0.32","66.67","33.333","0.8","46.67","1.17","72.73","4.04","55.26","0.53","1.01","0","32.12","83.97","13.91","73.28","3.35","46.03","0.04","0","0.21","3.13","66.1","0.74","50","0.05","6","61.06","","","0","0","","",""
"L. Vasić","Serbia 1.","Tekstilac Odžaci","LCMF, RCMF, RDMF","22","0","2026-06-30","25","1685","1","1.77","2","0.84","Serbia","right","184","no","8.23","8.49","54.72","2.14","40","0.11","4.55","0.05","0.09","0","11","0.59","36.36","9.091","0.53","20","0.75","57.14","5.82","37.61","0.48","0.85","0","29.22","76.42","9.99","60.43","3.42","37.5","0.04","0.16","0.16","5.93","54.05","1.55","31.03","0.37","5.07","73.68","","","0","0","","",""
"Z. Karać","Serbia 1.","Kabel Novi Sad","RDMF, AMF, RCMF","30","100000","","24","1681","1","1.4","2","2.82","Serbia","right","180","no","4.18","4.93","52.17","1.12","38.1","0.05","1.82","0.05","0.07","0","25","1.34","28","4","1.61","33.33","1.5","60.71","4.6","41.86","1.07","0.75","0","32.82","77","11.51","73.49","5.19","53.61","0.15","0.11","0.21","5.51","66.02","1.87","42.86","0.54","6.05","77.88","","","0","0","","",""
"D. Knežević","Serbia 1.","Voždovac","RDMF, RCMF, LDMF","21","0","2028-06-30","28","1668","2","1.59","1","0.58","Serbia","both","185","no","8.53","7.12","59.85","3.67","48.53","0.16","5.34","0.11","0.09","0","20","1.08","30","10","0.49","11.11","0.59","54.55","4.05","42.67","0.7","0.86","0.05","35.83","79.07","12.36","66.81","3.18","47.46","0.03","0","0.16","5.77","71.03","1.46","44.44","0.59","5.94","66.36","","","0","0","","",""
"L. Pejovic","Serbia 1.","Mačva Šabac","LAMF, LW","26","0","","22","1663","2","2.97","4","3.43","Serbia","","0","no","6.87","7.41","56.93","3.41","42.86","0","3.71","0.11","0.16","0.05","32","1.73","25","6.25","2.98","29.09","3.3","47.54","11.47","34.43","3.14","2.81","0.38","22.24","65.94","6.01","52.25","2","40.54","0.19","0","0.7","2","37.84","2.6","39.58","0.81","3.41","58.73","","","0","0","","",""
"M. Kesikj","Serbia 1.","Jedinstvo Ub","LCB, RCB","18","0","2026-06-30","18","1655","0","0.37","0","0","North Macedonia","right","182","no","8.21","4.08","76","4.35","46.25","0.38","6.49","0","0.02","0","4","0.22","25","0","0","0","0.05","100","0.98","38.89","0.33","0.65","0","42.8","88.31","15.44","72.54","5.87","61.11","0","0","0","3.64","64.18","0.16","0","0.05","6.8","64.8","","","0","0","","",""
"M. Vukadinovič","Serbia 1.","Grafičar","LW, LWF","33","250000","2026-06-30","24","1652","2","1.96","2","1.75","Serbia","right","180","no","2.94","2.56","48.94","1.69","19.35","0","2.6","0.11","0.11","0","32","1.74","31.25","6.25","3.7","14.71","3.7","48.53","8.61","42.41","2.78","3.38","0.33","34.59","77.17","8.5","68.59","2.56","44.68","0.1","0","0.38","3.6","74.24","3.81","37.14","0.98","5.5","75.25","","","0","0","","",""
"D. Ivić","Serbia 1.","Trayal Kruševac","CF","21","0","2027-06-30","21","1646","2","4.37","1","1.26","Serbia","","0","yes","2.84","3.77","37.68","10.01","32.79","0.05","1.87","0.11","0.24","0.11","19","1.04","47.37","10.526","0.87","18.75","0.93","47.06","6.51","33.61","2.24","0.44","0.05","15.53","67.61","2.9","49.06","0.55","30","0.07","0.05","0.27","1.75","37.5","1.42","26.92","0.55","1.37","72","","","0","0","","",""
"M. Petrić","Serbia 1.","Kabel Novi Sad","LCB, RCB, CB","31","200000","","20","1642","0","0.22","0","0","Bosnia and Herzegovina","right","186","no","7.95","4.71","63.95","3.78","55.07","0.49","6.38","0","0.01","0","1","0.05","0","0","0.05","100","0.11","50","1.15","52.38","0.16","0.38","0","43.25","88.85","16.83","76.55","4.93","50","0","0","0","3.4","64.52","0.55","30","0.11","6.91","65.08","","","0","0","","",""
"D. Petronijević","Serbia 1.","OFK Vršac","RDMF, RCMF, LDMF","24","250000","","21","1622","5","1.56","0","0.81","Serbia","right","176","no","10.71","7.49","59.26","2.83","35.29","0.44","7.74","0.28","0.09","0.06","22","1.22","36.36","22.727","1.17","28.57","1.05","63.16","4.83","45.98","1.22","0.55","0.17","36.9","74.44","14.37","63.32","5.72","47.57","0.04","0","0.22","6.38","61.74","1.61","55.17","1","7.1","68.75","","","0","0","","",""
"V. Mijailovic","Serbia 1.","Trayal Kruševac","RW, RAMF","25","0","","22","1619","3","2.23","1","2.91","Serbia","left","181","no","4.39","3.34","63.33","2.67","29.17","0.06","3.15","0.17","0.12","0","20","1.11","55","15","2","33.33","2.67","52.08","9.28","35.93","1.72","1.06","0.17","27.52","75.35","8.06","65.52","1.61","31.03","0.16","0.11","0.39","2.95","50.94","2.5","46.67","0.72","4.06","72.6","","","0","0","","",""
"A. Kadijević","Serbia 1.","Zemun","LB","23","0","2026-06-30","17","1618","0","0.28","0","0.59","Serbia","left","177","no","9.79","6.23","64.29","3.34","46.67","0.17","6.89","0","0.02","0","5","0.28","20","0","1.39","24","0.72","15.38","4.39","44.3","0.17","0.67","0.06","29.31","70.21","16.08","61.25","6.9","42.74","0.03","0","0.06","4.84","56.32","1.56","32.14","0.22","8.45","61.18","","","0","0","","",""
"L. Krstovic","Serbia 1.","Ušće NB","RCMF, RDMF, DMF","20","0","","23","1609","1","1.64","0","0.26","Serbia","right","191","no","7.5","8.22","56.46","5.71","44.12","0","3.75","0.06","0.09","0","19","1.06","31.58","5.263","0.5","33.33","0.89","62.5","9.29","39.76","0.73","0.84","0.06","31.04","74.23","10.29","55.98","4.31","45.45","0.01","0.06","0","5.65","52.48","1.12","25","0.28","4.92","54.55","","","0","0","","",""
"S. Stojanović","Serbia 1.","Loznica","CF","37","100000","","22","1608","5","4.48","1","0.83","Serbia","right","179","no","2.18","1.34","62.5","7.61","35.29","0.06","1.63","0.28","0.25","0","36","2.01","36.11","13.889","1.62","27.59","1.18","66.67","7.28","28.46","2.69","0.78","0.11","18.75","64.18","4.53","43.21","0.95","52.94","0.05","0.06","0.22","2.24","42.5","1.57","46.43","0.67","2.18","64.1","","","0","0","","",""
"M. Jelenic","Serbia 1.","Loznica","LAMF, RW, LW","20","0","","26","1603","2","1.81","0","1.49","Serbia","unknown","0","no","8.08","6.68","52.1","3.14","39.29","0.11","4.72","0.11","0.1","0","23","1.29","17.39","8.696","1.8","34.38","2.86","64.71","7.58","34.81","1.74","0.84","0.06","19.82","69.97","6.63","57.63","1.91","52.94","0.08","0","0.34","2.3","51.22","2.13","52.63","0.73","3.87","65.22","","","0","0","","",""
"S. Čarapić","Serbia 1.","Loznica","RAMF, RW","23","0","","26","1601","1","2.08","4","1.48","Serbia","left","179","no","6.86","6.46","58.26","2.87","33.33","0","3.62","0.06","0.12","0","25","1.41","24","4","1.63","20.69","5.34","50.53","11.64","37.68","2.59","1.8","0.17","17.03","67.99","4.67","59.04","1.24","36.36","0.08","0","0.45","1.41","48","1.74","58.06","0.79","3.26","62.07","","","0","0","","",""
"B. Rmuš","Serbia 1.","Smederevo 1924","DMF, LDMF, RDMF","25","0","2026-06-30","21","1596","0","0.36","2","0.36","Montenegro","right","178","no","8.52","7.5","54.14","2.14","36.84","0.06","5.08","0","0.02","0","13","0.73","15.38","0","0.23","50","0.39","57.14","3.05","57.41","0.28","0.79","0.06","39.76","83.55","11.84","66.67","5.24","48.39","0.02","0","0.06","7.39","66.41","1.02","50","0.39","6.03","72.9","","","0","0","","",""
"V. Milosavljev","Serbia 1.","Ušće NB","CF, LW, LAMF","39","0","2026-06-30","26","1592","7","5.4","0","1.63","Serbia","left","172","no","4.13","4.69","51.81","4.52","38.75","0.06","2.16","0.4","0.31","0","30","1.7","43.33","23.333","1.58","32.14","1.64","62.07","6.28","28.83","2.04","0.9","0.17","19.28","71.55","5.14","58.24","1.3","47.83","0.09","0","0.17","2.43","53.49","1.75","38.71","0.51","3.05","79.63","","","0","0","","",""
"K. Janjic","Serbia 1.","OFK Vršac","LB","25","0","","18","1578","1","0.07","0","0.8","Serbia","left","176","no","8.21","6.9","61.16","2.4","54.76","0.06","5.37","0.06","0","0","4","0.23","25","25","1.54","22.22","1.14","60","3.76","43.94","0.63","0.63","0.06","32.57","76.01","16.71","72.7","5.7","54","0.05","0.06","0","6.44","70.8","1.6","42.86","0.29","9.58","70.83","","","0","0","","",""
"U. Kojic","Serbia 1.","Borac Čačak","CF","22","0","","18","1578","7","9.29","0","0.92","Serbia","unknown","0","no","3.48","2.91","50.98","9.07","32.08","0.23","2.46","0.4","0.53","0.06","55","3.14","38.18","12.727","0.29","20","1.31","39.13","9.58","30.36","4.22","0.4","0","11.35","61.31","3.02","41.51","0.68","41.67","0.05","0","0.17","1.6","50","0.8","35.71","0.51","1.08","52.63","","","0","0","","",""
"M. Gvozdenovic","Serbia 1.","Mačva Šabac","LDMF, LCMF","23","0","","22","1558","1","1.22","2","0.74","Serbia","unknown","184","no","11.55","7.91","64.96","3.75","63.08","0.23","6.68","0.06","0.07","0","17","0.98","23.53","5.882","0.35","0","1.39","45.83","5.2","44.44","0.52","1.21","0.23","32.29","73.17","13.86","58.33","7.05","43.44","0.04","0","0.06","7.91","57.66","1.1","26.32","0.35","7.57","64.89","","","0","0","","",""
"M. Terzic","Serbia 1.","Jedinstvo Ub","AMF, CF, LCMF","20","0","2026-06-30","24","1551","4","3.2","0","0.68","Serbia","unknown","0","no","8.01","8.3","56.64","2.61","26.67","0.35","3.75","0.23","0.19","0","28","1.62","28.57","14.286","1.16","45","1.04","44.44","6.32","45.87","1.86","0.93","0.17","28.43","75.71","9.17","55.7","3.42","42.37","0.04","0.17","0.12","5.22","61.11","1.74","56.67","0.75","5.05","74.71","","","0","0","","",""
"V. Plazinić","Serbia 1.","Priboj","LAMF, LB, CF","34","0","","18","1524","4","6.38","0","1.77","Serbia","","0","no","3.25","3.19","59.26","5.26","48.31","0.06","1.97","0.24","0.38","0","59","3.48","25.42","6.78","4.9","28.92","8.62","54.11","18.01","46.56","3.37","3.66","0.06","24.21","58.54","7.74","49.62","3.9","48.48","0.1","0.06","0.35","3.78","50","3.96","41.79","0.47","4.67","78.48","","","0","0","","",""
"P. Djuričković","Serbia 1.","Dinamo","AMF, CF","34","150000","","20","1492","2","2.85","0","2.18","Serbia","left","178","no","4.71","4.52","61.33","3.26","33.33","0.06","2.39","0","0.17","0","35","2.11","20","5.714","1.33","13.64","2.29","60.53","9.71","38.51","0.84","0.66","0","27.99","73.92","10.92","66.85","3.44","50.88","0.13","0.24","0.18","6.03","61","3.62","48.33","1.63","5.55","83.7","","","0","0","","",""
"E. Pavlov","Serbia 1.","Dubočica","CF","35","150000","2026-06-30","20","1490","4","5.18","1","0.92","Ukraine","right","191","no","4.23","3.08","50.98","8.09","43.28","0.24","3.36","0.24","0.31","0.06","32","1.93","34.38","12.5","0.12","0","0.36","83.33","6.64","33.64","3.32","0.3","0","18.12","70","3.81","52.38","0.54","0","0.06","0","0.18","1.57","61.54","0.36","16.67","0.36","2.05","35.29","","","0","0","","",""
"S. Ilić","Serbia 1.","Voždovac","LAMF, LW, RW","27","350000","","22","1489","2","3.31","0","1.45","Serbia","right","173","no","4.23","4.17","50.72","2.72","31.11","0","2.71","0.12","0.2","0","27","1.63","25.93","7.407","1.69","17.86","2.84","59.57","7.98","46.97","3.63","2.48","0.6","16.02","67.92","3.87","57.81","0.73","33.33","0.09","0","0.48","1.21","65","1.33","31.82","0.6","2.06","50","","","0","0","","",""
"U. Gajić","Serbia 1.","Smederevo 1924","AMF, LCMF, CF","25","350000","2026-06-30","20","1466","1","2.54","1","1.36","Serbia","right","184","no","7.37","6.2","61.39","1.72","39.29","0.06","4.36","0","0.16","0","26","1.6","23.08","3.846","0.8","23.08","1.17","52.63","6.2","47.52","1.78","0.55","0.18","29.28","81.55","7.98","61.54","2.89","55.32","0.08","0.12","0.18","4.24","63.77","1.29","47.62","0.55","4.42","75","","","0","0","","",""
"M. Jokić","Serbia 1.","Zemun","RDMF, LDMF, RCMF","31","250000","2026-06-30","22","1462","2","2.47","2","1.79","Serbia","right","179","no","7.88","6.03","67.35","3.02","51.02","0.31","4.57","0","0.15","0","16","0.98","25","12.5","0.98","31.25","0.8","46.15","3.26","49.06","0.18","0.86","0.06","41.49","72.7","18.71","58.22","9.05","40.14","0.11","0.06","0.12","10.59","53.49","1.97","31.25","0.31","9.66","68.79","","","0","0","","",""
"M. Zekic","Serbia 1.","Tekstilac Odžaci","RAMF, RW, CF","22","0","","21","1459","1","2.44","2","1.27","Serbia","unknown","0","no","7.4","5.92","72.92","2.1","32.35","0.12","4.09","0.06","0.15","0","24","1.48","29.17","4.167","2.59","23.81","4.26","52.17","11.54","40.64","2.96","2.59","0.74","20.91","65.19","5.55","52.22","1.17","42.11","0.08","0.06","0.43","1.85","50","1.6","34.62","0.49","2.84","63.04","","","0","0","","",""
"L. Savić","Serbia 1.","Loznica","GK","24","50000","2026-12-31","15","1450","0","0","0","0","Serbia","left","202","no","0.99","0","0","0.43","100","0","1.29","0","0","0","0","0","0","0","0","0","0","0","0.06","100","0","0","0","14.77","75.21","10.49","66.86","8.44","59.56","0","0","0","3.1","38","0.37","0","0","5.83","75.53","0.56","2.67","79.07","0.77","3.45","0.214","1.37"
"P. Antonic","Serbia 1.","Loznica","GK","21","0","","15","1445","0","0","0","0","Serbia","","0","no","1.37","0.06","0","0.12","100","0","1.69","0","0","0","0","0","0","0","0","0","0","0","0.31","100","0","0","0","20.62","85.2","9.9","75.47","7.91","70.08","0","0","0","1.62","42.31","0.19","0","0","6.1","75.51","1","3.8","73.77","0.88","-1.82","-0.113","1.37"
"S. Filipović","Serbia 1.","Tekstilac Odžaci","RCB","31","250000","","17","1440","0","0","0","0","Serbia","right","186","no","7.38","4.44","56.34","4.69","57.33","0.63","6.27","0","0","0","0","0","0","0","0","0","0.06","100","0.63","70","0.38","0.31","0","35.94","81.22","16.31","69.73","6.38","44.12","0","0","0","4.56","43.84","0.19","33.33","0.06","6.5","60.58","","","0","0","","",""
"N. Andrijanić","Serbia 1.","OFK Vršac","GK","26","200000","2026-06-30","15","1426","0","0","1","0","Montenegro","right","190","no","1.58","0.06","100","0.44","100","0","1.99","0","0","0","0","0","0","0","0","0","0","0","0.13","50","0","0","0","24.68","79.28","14.01","66.22","9.03","52.45","0","0","0.06","4.8","36.84","0.38","16.67","0","5.81","75","1.07","4.29","75","1.19","1.81","0.114","1.83"
"I. Miodragović","Serbia 1.","Dinamo","LB, LWB","22","250000","2026-06-30","18","1401","0","0.24","0","0.31","Serbia","left","0","no","9.31","7.45","63.79","2.51","48.72","0.26","5.83","0","0.02","0","6","0.39","16.67","0","2.51","23.08","1.73","44.44","6.3","37.76","0.71","1.41","0.32","25.76","67.58","11.5","59.78","3.34","30.77","0.02","0","0.06","3.98","48.39","1.61","40","0.26","6.49","66.34","","","0","0","","",""
"D. Petrovic","Serbia 1.","Zemun","RCMF, RDMF, AMF","28","0","","24","1393","2","1.39","3","1.15","Serbia","right","0","no","8.4","4.65","56.94","2.2","26.47","0.45","6.45","0.13","0.09","0","10","0.65","40","20","0.58","33.33","0.58","66.67","2.78","58.14","0.71","0.26","0","30.56","76.74","11.82","61.2","4.91","44.74","0.07","0","0.13","4.78","59.46","0.97","20","0.32","5.75","56.18","","","0","0","","",""
"A. Hameed Ayinde","Serbia 1.","Loznica","RW, RAMF","20","0","","23","1382","1","1.67","2","2.47","Nigeria","right","0","yes","7.62","7.75","60.5","2.41","18.92","0.07","4.24","0.07","0.11","0","22","1.43","22.73","4.545","3.97","29.51","6.06","47.31","16.02","38.21","2.67","3.58","0.78","20.77","64.89","4.36","58.21","1.56","58.33","0.16","0.2","0.65","1.63","52","4.04","45.16","1.82","4.17","81.25","","","0","0","","",""
"V. Novevski","Serbia 1.","Kabel Novi Sad","RB, LB, LAMF","23","0","","15","1379","0","0.41","0","1.79","Serbia","unknown","183","yes","7.51","6.85","72.38","1.76","48.15","0","3.54","0","0.03","0","11","0.72","18.18","0","4.7","38.89","4.63","64.79","10.64","54.6","0.98","1.89","0.13","27.8","68.54","9.85","61.59","3.85","45.76","0.12","0","0.39","3.26","64","3.59","47.27","0.39","7.05","62.04","","","0","0","","",""
"V. Novevski","Serbia 1.","Kabel Novi Sad","RB, LB, LAMF","23","150000","","15","1379","0","0.41","0","1.79","Serbia","right","183","no","7.51","6.85","72.38","1.76","48.15","0","3.54","0","0.03","0","11","0.72","18.18","0","4.7","38.89","4.63","64.79","10.64","54.6","0.98","1.89","0.13","27.8","68.54","9.85","61.59","3.85","45.76","0.12","0","0.39","3.26","64","3.59","47.27","0.39","7.05","62.04","","","0","0","","",""
"B. Matić","Serbia 1.","Voždovac","CF","34","175000","","28","1368","5","5.11","3","1.48","Serbia","right","191","no","2.24","1.64","44","7.5","45.61","0.2","1.94","0.26","0.34","0.07","31","2.04","48.39","16.129","1.12","17.65","0.59","33.33","4.61","41.43","3.22","0.53","0","14.61","60.36","4.28","49.23","1.05","18.75","0.1","0.07","0.26","1.51","65.22","1.05","43.75","0.66","1.91","58.62","","","0","0","","",""
"F. Novakovic","Serbia 1.","Dinamo","GK","23","0","","14","1367","0","0","0","0","Serbia","","0","no","3.09","0.26","75","0.33","80","0","4.36","0","0","0","0","0","0","0","0","0","0","0","0.26","100","0","0","0","20.8","79.11","14.68","72.2","12.64","68.75","0","0","0","3.88","57.63","0.2","0","0","9.48","84.72","0.66","2.04","67.74","0.65","-0.2","-0.013","1.38"
"B. Vukotić","Serbia 1.","Grafičar","LB","21","0","2027-06-30","18","1364","0","0.82","1","2.74","Montenegro","left","182","no","7.59","6.2","60.64","3.76","63.16","0.13","7.04","0","0.05","0","11","0.73","45.45","0","3.7","37.5","1.52","52.17","5.94","42.22","1.32","2.44","0.4","51.4","77.66","21.31","69.66","6.86","41.35","0.18","0","0.33","8.05","63.11","4.16","39.68","0.92","11.02","75.45","","","0","0","","",""
"Q. Seedorf","Serbia 1.","Dubočica","LWB, LB, LAMF","25","150000","2026-06-30","17","1360","1","2.39","2","2.62","Netherlands","left","178","no","7.01","5.69","52.33","2.58","43.59","0.13","5.79","0.07","0.16","0","12","0.79","16.67","8.333","2.78","30.95","3.04","63.04","7.61","44.35","2.32","2.78","0.2","31.9","72.41","13.7","67.15","2.58","28.21","0.17","0.07","0.53","4.96","60","3.11","44.68","0.73","7.54","71.05","","","0","0","","",""
"B. Nikolic","Serbia 1.","Kabel Novi Sad","GK","21","0","","14","1358","0","0","0","0","Serbia","unknown","187","no","0.86","0","0","0.2","100","0","1.25","0","0","0","0","0","0","0","0","0","0","0","0.07","100","0","0","0","16.83","77.56","7.49","53.1","5.7","44.19","0","0","0","2.39","25","0.46","0","0","3.78","61.4","1.33","3.38","60.78","1.08","-3.75","-0.249","1.39"
"D. Glavinic","Serbia 1.","Smederevo 1924","CF, RAMF","22","0","","17","1349","4","5.87","0","0.18","Serbia","","0","no","4.47","4.34","60","5.67","41.18","0.13","2.57","0.27","0.39","0","32","2.13","34.38","12.5","0.8","33.33","1.07","50","7.34","26.36","3.2","0.4","0.07","12.81","70.31","2.4","38.89","1","46.67","0.01","0","0.07","1","46.67","0.8","33.33","0.2","1.2","61.11","","","0","0","","",""
"V. Petrović","Serbia 1.","Loznica","CF, AMF","29","200000","","20","1348","3","2.57","1","0.47","Serbia","right","181","no","4.01","4.34","60","3.81","42.11","0","1.69","0.2","0.17","0.07","29","1.94","37.93","10.345","2.2","21.21","3.2","47.92","13.29","38.19","2.07","1.74","0.13","27.31","70.42","8.75","62.6","2.8","50","0.03","0.2","0.27","4.94","58.11","2.87","32.56","0.47","3.94","74.58","","","0","0","","",""
"M. Spasojević","Serbia 1.","Smederevo 1924","CF","22","150000","2028-06-30","26","1341","2","3.35","1","0.86","Serbia","right","181","yes","3.42","3.29","65.31","6.58","29.59","0.13","1.8","0.07","0.22","0","21","1.41","47.62","9.524","0.34","60","2.55","65.79","11.21","39.52","2.62","0.87","0","17.38","79.15","2.82","66.67","0.2","33.33","0.06","0.07","0.13","1.54","52.17","0.74","63.64","0.74","1.14","76.47","","","0","0","","",""
"D. Starcevic","Serbia 1.","Loznica","AMF, CF","23","0","","23","1321","2","2.84","0","0.67","Serbia","","0","no","6.34","6.4","58.51","5.45","43.75","0.07","2.93","0.14","0.19","0.07","23","1.57","21.74","8.696","0.89","30.77","2.11","45.16","9.2","32.59","2.25","1.7","0.48","21.53","70.89","7.83","58.26","1.64","37.5","0.05","0.07","0.14","3.54","55.77","1.29","63.16","0.61","2.59","68.42","","","0","0","","",""
"S. Mbacké Coly","Serbia 1.","Tekstilac Odžaci","LCB, LB","19","0","","16","1306","2","0.75","0","0.43","Senegal","","0","no","8.2","5.86","67.06","4.34","66.67","0.41","5.57","0.14","0.05","0.14","6","0.41","66.67","33.333","0.76","45.45","1.17","76.47","4","56.9","0.62","1.03","0","31.77","82","13.51","70.41","3.45","40","0.03","0","0.14","2.83","60.98","0.76","36.36","0","6","55.17","","","0","0","","",""
"A. Vuletic","Serbia 1.","Ušće NB","LW, LAMF, LWF","19","0","","21","1295","1","1.99","2","3.24","Serbia","unknown","0","no","5.35","4.52","58.46","2.29","39.39","0","3.75","0.07","0.14","0","13","0.9","46.15","7.692","2.78","30","5.56","43.75","12.65","32.97","2.43","2.57","0.76","18.14","65.13","4.45","60.94","1.6","30.43","0.22","0.14","0.35","1.25","50","2.08","43.33","0.9","3.2","63.04","","","0","0","","",""
"M. Mitrović","Serbia 1.","Jedinstvo Ub","AMF, RAMF, RDMF","21","0","","23","1292","2","1.98","1","1.08","Serbia","right","172","no","7.31","7.38","64.15","1.25","33.33","0.14","3.4","0.14","0.14","0","16","1.11","43.75","12.5","1.81","57.69","0.77","54.55","3.48","32","0.91","0.49","0.14","32.11","74.19","10.1","52.41","4.74","41.18","0.07","0.14","0.28","6.97","52","2.72","41.03","0.28","5.5","69.62","","","0","0","","",""
"V. Bogdanović","Serbia 1.","Dubočica","CB, RCB","24","100000","2027-06-30","14","1291","1","0.1","0","0","Serbia","right","190","no","7.6","5.86","64.29","5.23","57.33","0.35","5.47","0.07","0.01","0.07","2","0.14","50","50","0.07","0","0","0","1.25","33.33","0.21","0.21","0","27.26","87.47","8.3","76.47","3.21","58.7","0","0","0","1.67","45.83","0.14","0","0","3.63","61.54","","","0","0","","",""
"E. Atem","Serbia 1.","OFK Vršac","LDMF, LCMF, DMF","19","0","","26","1290","0","0.2","1","0.13","Nigeria","","0","no","11.44","8.3","74.79","3","48.84","0.21","6.67","0","0.01","0","7","0.49","0","0","0","0","0.98","92.86","5.86","50","0","0.77","0.14","29.44","79.62","10.05","59.72","2.51","38.89","0.01","0.07","0.07","5.02","61.11","0.77","27.27","0.07","4.67","52.24","","","0","0","","",""
"M. Abiodun","Serbia 1.","Tekstilac Odžaci","LW, LAMF","21","0","2028-06-30","24","1289","2","1.44","1","0.67","Nigeria","unknown","0","no","6.07","5.24","56","2.37","23.53","0","4.1","0.14","0.1","0","18","1.26","55.56","11.111","2.02","20.69","3.56","49.02","9.71","38.13","2.09","2.16","0.14","17.94","64.98","5.73","54.88","2.09","43.33","0.05","0","0.28","1.96","50","2.3","30.3","0.56","3.63","67.31","","","0","0","","",""
"M. Spremo","Serbia 1.","Dinamo","LB, LWB","31","200000","","16","1289","3","1.1","3","1.48","Serbia","left","175","no","6.28","4.96","63.38","2.65","39.47","0.14","4.8","0.21","0.08","0","15","1.05","26.67","20","2.3","39.39","2.02","65.52","5.87","53.57","0.91","2.65","0.42","33.17","67.79","16.48","59.32","6.56","45.74","0.1","0.07","0.49","7.33","50.48","2.86","34.15","0.35","10.05","70.83","","","0","0","","",""
"V. Karajcic","Serbia 1.","Smederevo 1924","AMF, LCMF, RDMF","22","0","2026-06-30","19","1283","1","1.62","2","2.76","France","unknown","181","yes","3.86","3.37","58.33","3.44","53.06","0.07","2.49","0.07","0.11","0","18","1.26","16.67","5.556","2.53","44.44","2.1","60","5.19","55.41","1.61","0.7","0.14","27.99","70.68","11.64","58.43","2.95","42.86","0.19","0.28","0.49","4.77","60.29","3.65","51.92","0.84","6.59","76.6","","","0","0","","",""
"F. Djurović","Serbia 1.","Trayal Kruševac","CF, LW","27","0","","25","1267","5","3.19","2","0.77","Serbia","right","180","no","5.4","5.54","55.13","3.69","28.85","0.21","2.85","0.36","0.23","0","29","2.06","37.93","17.241","1.85","23.08","2.49","62.86","7.03","45.45","2.63","1.49","0.07","16.91","63.87","4.55","43.75","1.14","31.25","0.05","0","0.14","2.13","43.33","1.35","36.84","0.21","2.7","50","","","0","0","","",""
"I. Adamu","Serbia 1.","Borac Čačak","LCMF, LDMF, RDMF","20","0","","20","1264","4","2.6","0","0.87","Nigeria","unknown","0","no","8.76","7.41","59.62","4.41","40.32","0.07","5.35","0.28","0.19","0","21","1.5","33.33","19.048","0.57","12.5","0.36","80","4.27","36.67","2.49","1","0.14","34.25","74.84","14.6","61.95","3.42","45.83","0.06","0.07","0.07","8.05","57.52","1.64","39.13","0.78","6.05","74.12","","","0","0","","",""
"N. Stevanovic","Serbia 1.","Borac Čačak","DMF, RDMF, LCMF","27","0","","15","1258","0","0.15","0","0.11","Serbia","","187","no","11.02","10.66","57.05","3.86","44.44","0.07","6.27","0","0.01","0","6","0.43","16.67","0","0.72","50","1.22","58.82","4.94","57.97","0.36","0.79","0.14","35.56","69.22","17.96","56.97","9.73","46.32","0.01","0.07","0","9.59","53.73","1.14","25","0.07","8.51","65.55","","","0","0","","",""
"M. Susnjar","Serbia 1.","Priboj","RB, AMF, RW","22","0","","25","1255","0","2.07","1","0.86","Bosnia and Herzegovina","right","183","no","6.53","5.38","61.33","2.01","50","0.22","4.85","0","0.15","0","12","0.86","8.33","0","1.72","25","1.65","47.83","7.39","35.92","1.08","0.93","0","24.67","70.06","12.05","66.67","2.37","45.45","0.06","0.07","0.22","4.09","68.42","1.94","40.74","0.5","6.81","66.32","","","0","0","","",""
"M. Gemović","Serbia 1.","Mačva Šabac","LAMF, CF, RAMF","31","400000","","20","1252","1","1.42","1","1.98","Serbia","right","184","no","5.68","5.61","53.85","3.16","50","0","3.66","0.07","0.1","0","21","1.51","47.62","4.762","4.89","35.29","7.12","49.49","14.52","41.09","3.45","2.52","0.29","29.54","63.02","7.98","51.35","2.37","27.27","0.14","0.29","0.5","3.45","50","4.89","38.24","1.08","5.89","67.07","","","0","0","","",""
"U. Paunovic","Serbia 1.","Kabel Novi Sad","RAMF, RW","21","0","","22","1251","0","0.96","0","0.63","Serbia","unknown","0","no","8.63","7.84","66.06","3.24","35.56","0.07","4.55","0","0.07","0","12","0.86","25","0","3.31","19.57","4.03","53.57","10.65","37.84","2.66","2.37","0.22","21.37","68.35","4.82","62.69","1.01","42.86","0.05","0.07","0.29","1.65","56.52","2.59","47.22","0.86","3.31","67.39","","","0","0","","",""
"L. Selenić","Serbia 1.","Dinamo","LCMF, AMF, LDMF","26","50000","2026-06-15","18","1246","1","1.02","1","0.64","Serbia","right","189","no","5.27","4.19","56.9","2.53","40","0.14","4.86","0.07","0.07","0","17","1.23","35.29","5.882","1.23","35.29","0.79","54.55","3.76","40.38","0.87","0.79","0","35.75","75.96","13","65","3.54","40.82","0.05","0","0.22","6.72","64.52","1.73","45.83","0.43","6.65","73.91","","","0","0","","",""
"V. Matejić","Serbia 1.","Tekstilac Odžaci","LB, LCB","22","0","","16","1243","1","0.34","0","0.21","Montenegro","","0","no","8.91","6.23","69.77","2.9","47.5","0.36","5.94","0.07","0.02","0","1","0.07","100","100","0.14","0","0.43","83.33","2.46","50","0.07","0.22","0","35.12","75.26","20.06","67.15","8.91","45.53","0.02","0","0","5.94","52.44","0.43","0","0","10.14","63.57","","","0","0","","",""
"U. Vukićević","Serbia 1.","Zemun","AMF, RDMF, RCMF","25","0","2026-06-30","19","1234","2","1.16","0","0.13","Serbia","right","173","no","6.56","5.69","56.41","2.33","34.38","0.07","3.59","0.15","0.08","0","9","0.66","33.33","22.222","0.66","33.33","1.31","72.22","5.62","48.05","0.88","0.66","0","31.51","80.09","11.3","67.1","3.21","47.73","0.01","0.29","0.07","4.08","66.07","1.39","63.16","0.58","5.69","61.54","","","0","0","","",""
"N. Eskić","Serbia 1.","Dubočica","RCMF, LDMF, LCMF","28","100000","2026-12-31","16","1233","0","0.68","1","0.5","Bosnia and Herzegovina","right","182","no","10.44","6.28","66.28","4.16","54.39","0.58","8.46","0","0.05","0","10","0.73","20","0","1.75","33.33","1.75","50","9.85","41.48","1.09","1.02","0","38.03","77.93","14.6","65.5","4.82","50","0.04","0.15","0.15","6.79","68.82","2.26","48.39","0.58","6.42","79.55","","","0","0","","",""
"M. Grek","Serbia 1.","OFK Vršac","CF, RW, RAMF","24","0","","23","1225","2","2.66","0","1.4","Serbia","unknown","0","no","5.88","5","55.88","5.29","30.56","0","3.56","0.15","0.2","0","22","1.62","36.36","9.091","2.57","28.57","3.09","59.52","9.7","34.09","3.82","1.18","0.07","18.07","62.2","4.7","46.88","1.25","52.94","0.1","0.07","0.37","1.69","39.13","2.13","51.72","1.03","2.94","62.5","","","0","0","","",""
"J. Jevremović","Serbia 1.","Grafičar","RCMF, LCMF","22","250000","2026-06-30","23","1222","3","1.54","1","0.82","Serbia","right","187","no","7","7.59","55.34","2.73","56.76","0.29","4.91","0.22","0.11","0","18","1.33","33.33","16.667","0.88","8.33","1.84","52","6.7","35.16","1.1","1.62","0.07","32.92","74.94","12.59","66.67","2.36","40.63","0.06","0.15","0.29","5.67","63.64","1.77","45.83","0.81","4.71","68.75","","","0","0","","",""
"S. Stojanović","Serbia 1.","Zemun","RW, AMF, CF","22","300000","2026-06-30","20","1217","2","3.11","4","2.4","Serbia","right","173","no","4.88","4.44","56.67","2.29","29.03","0.15","3.43","0.15","0.23","0","26","1.92","42.31","7.692","3.18","37.21","4.51","57.38","9.98","44.44","2.74","1.18","0","25.07","69.62","7.4","59","2.07","39.29","0.18","0","0.59","3.25","63.64","3.48","48.94","1.26","4.73","75","","","0","0","","",""
"A. Popov","Serbia 1.","OFK Vršac","CF","19","0","","23","1201","4","3.96","0","1.13","Serbia","right","177","no","2.47","2.4","59.38","4.87","29.23","0.15","1.4","0.15","0.3","0.07","16","1.2","75","25","0.3","0","0.97","53.85","7.19","29.17","3.22","0.3","0","19.03","72.83","3.07","51.22","0.9","41.67","0.08","0","0.45","1.95","46.15","0.97","46.15","1.12","1.87","60","","","0","0","","",""
"O. Cvijanović","Serbia 1.","Zemun","CF, AMF, RAMF","31","150000","2026-06-30","27","1198","5","3.76","2","0.63","Bosnia and Herzegovina","right","185","no","4.13","3.46","56.52","6.16","25.61","0.08","2.73","0.38","0.28","0.15","25","1.88","48","20","0.98","30.77","2.18","58.62","9.77","38.46","2.63","0.68","0.15","17.5","69.1","5.71","53.95","1.8","62.5","0.05","0.08","0.08","2.7","52.78","1.2","56.25","0.38","3.01","72.5","","","0","0","","",""
"S. Savija","Serbia 1.","Kabel Novi Sad","CF","25","0","","25","1190","6","3.58","0","0.36","Serbia","unknown","0","no","3.4","3.63","45.83","6.96","44.57","0.08","2.24","0.45","0.27","0.15","19","1.44","47.37","31.579","0.61","12.5","1.06","57.14","11.34","25.33","2.72","0.23","0.08","15.35","63.55","3.4","46.67","0.38","0","0.03","0.08","0.15","1.51","40","0.83","18.18","0.38","0.83","54.55","","","0","0","","",""
"U. Kilibarda","Serbia 1.","Mačva Šabac","CF","23","75000","2026-06-30","23","1186","4","2.63","2","1.1","Serbia","right","192","no","3.57","3.04","57.5","7.21","43.16","0.15","2.71","0.3","0.2","0.08","20","1.52","35","20","0.38","20","0.38","40","6.83","27.78","3.34","0.23","0","19.43","67.97","4.93","47.69","0.68","44.44","0.08","0.15","0.23","2.05","37.04","0.61","25","0.3","1.67","59.09","","","0","0","","",""
"S. Knezevic","Serbia 1.","Zemun","RB, RAMF, RW","21","0","","22","1185","2","1.64","2","1.01","Serbia","right","184","no","10.1","8.05","61.32","2.51","39.39","0.15","6.17","0.15","0.12","0","13","0.99","46.15","15.385","2.51","36.36","2.13","57.14","6.53","40.7","1.22","1.44","0.3","23.47","66.02","9.42","57.26","4.18","34.55","0.08","0","0.38","3.04","47.5","2.28","33.33","0.3","5.54","57.53","","","0","0","","",""
"I. Vićentijević","Serbia 1.","Zemun","LB","34","125000","2026-06-30","13","1178","0","0.06","3","0.72","Serbia","left","180","no","7.49","5.12","61.19","2.75","47.22","0","4.77","0","0","0","3","0.23","33.33","0","2.75","30.56","0.92","58.33","4.35","52.63","0.31","1.38","0.23","33.31","73.17","17.95","68.51","6.04","32.91","0.06","0","0.23","6.19","53.09","2.83","27.03","0.08","8.56","67.86","","","0","0","","",""
"A. Pavlovic","Serbia 1.","Dubočica","RCB, LCB","22","0","","13","1178","0","0.18","0","0","Serbia","right","172","no","9.17","5.42","64.79","3.74","67.35","0.61","7.39","0","0.01","0","4","0.31","0","0","0.38","20","0.23","100","2.52","48.48","0.46","0.99","0","34.76","74.73","18.18","62.61","7.87","47.57","0","0","0","6.88","48.89","0.76","10","0.08","8.4","60.91","","","0","0","","",""
"T. Grbovic","Serbia 1.","Smederevo 1924","RAMF, RW","22","0","","25","1174","3","2.35","0","0.94","Serbia","","0","no","6.98","5.37","61.43","4.98","36.92","0","4.87","0.23","0.18","0","29","2.22","41.38","10.345","1.53","45","4.14","57.41","13.26","38.15","2.91","1.61","0.08","18.32","68.2","4.83","50.79","1.61","52.38","0.07","0.08","0.38","2.61","47.06","1.84","58.33","0.92","3.76","69.39","","","0","0","","",""
"V. Kijevčanin","Serbia 1.","Jedinstvo Ub","LDMF, LCMF, RDMF","26","600000","2026-06-30","14","1172","1","1.96","0","0.31","Serbia","left","185","no","7.83","7.06","66.3","2.92","52.63","0.08","4.75","0.08","0.15","0.08","25","1.92","32","4","1.08","21.43","1.23","93.75","7.6","48.48","1.23","0.84","0","45.54","81.62","17.05","67.57","7.22","58.51","0.02","0.31","0.31","8.83","66.96","3.15","46.34","1.31","9.45","79.67","","","0","0","","",""
"M. Debeljakovic","Serbia 1.","Voždovac","GK","20","0","","12","1155","0","0","0","0","Serbia","unknown","0","no","1.32","0.08","0","0.23","100","0","1.82","0","0","0","0","0","0","0","0","0","0","0","0.31","50","0","0","0","29.69","88.19","14.18","79.12","7.64","61.22","0","0","0","1.17","53.33","0","0","0","5.69","60.27","0.47","3.19","85.37","0.73","3.31","0.258","1.4"
"L. Kljajić","Serbia 1.","Kabel Novi Sad","LB","23","25000","","19","1150","0","0.36","0","0.89","Serbia","right","184","no","8.77","6.26","67.5","2.27","44.83","0.08","6.34","0","0.03","0","2","0.16","50","0","2.35","26.67","1.96","60","4.38","41.07","0.63","0.63","0.08","25.67","65.24","12.44","57.86","4.93","38.1","0.07","0","0.23","4.23","48.15","2.5","31.25","0.23","6.34","64.2","","","0","0","","",""
"I. Rogač","Serbia 1.","Kabel Novi Sad","RCB, LCB, CB","33","200000","2026-12-31","13","1140","0","0.24","0","0.06","Montenegro","right","192","no","8.68","5.05","67.19","4.74","58.33","0.79","6.9","0","0.02","0","2","0.16","50","0","0","0","0","0","0.32","50","0.24","0.87","0.08","49.89","78.01","26.45","65.37","13.18","50.9","0.01","0","0.08","10.26","54.62","1.26","12.5","0.24","13.74","68.39","","","0","0","","",""
"S. Bastaja","Serbia 1.","Ušće NB","RB, LCMF","21","0","2026-06-30","15","1139","0","0.07","0","0.02","Serbia","unknown","0","no","8.22","8.22","62.5","2.77","40","0.08","4.06","0","0.01","0","2","0.16","50","0","1.03","15.38","1.26","56.25","5.29","50.75","0.16","0.63","0.24","28.29","70.67","15.72","61.81","7.27","50","0","0","0","5.61","53.52","1.34","35.29","0.32","7.43","62.77","","","0","0","","",""
"S. Drašković","Serbia 1.","Borac Čačak","RCB","35","0","2026-06-30","17","1135","1","0.82","0","0.02","Serbia","","190","no","6.98","4.68","55.93","4.92","62.9","0.63","6.4","0.08","0.07","0.08","4","0.32","50","25","0.24","33.33","0.16","0","2.22","67.86","0.79","0.16","0.08","33.78","77.46","16.1","61.08","6.19","41.03","0","0","0","4.36","40","0.56","28.57","0.16","6.03","55.26","","","0","0","","",""
"N. Stevanovic","Serbia 1.","Mačva Šabac","LB","24","0","","19","1134","0","0.23","3","0.96","Serbia","","170","no","11.11","9.29","65.81","2.3","55.17","0.32","6.83","0","0.02","0","9","0.71","22.22","0","2.62","18.18","1.83","60.87","4.76","51.67","0.87","1.75","0.16","28.1","64.69","15.08","60.53","5.48","39.13","0.08","0.16","0.24","4.37","58.18","1.98","32","0.24","8.1","52.94","","","0","0","","",""
"I. Jovanovic","Serbia 1.","Jedinstvo Ub","GK","37","0","","12","1133","0","0","0","0","Serbia","unknown","0","no","1.51","0.08","100","0.32","100","0","2.05","0","0","0","0","0","0","0","0","0","0","0","0","0","0","0","0","21.69","82.78","13.5","76.47","9.45","65.55","0","0","0","2.86","58.33","0.16","0","0","8.26","75","1.03","3.89","73.47","1.07","0.42","0.033","1.35"
"L. Milošev","Serbia 1.","Zemun","CF","29","200000","2026-06-30","25","1129","5","3.01","1","1.44","Serbia","right","180","no","3.51","3.51","47.73","7.02","35.23","0.08","2.19","0.4","0.24","0.24","23","1.83","65.22","21.739","1.51","21.05","1.36","64.71","8.37","33.33","2.55","0.56","0","14.59","63.39","4.3","48.15","0.64","25","0.11","0.16","0.32","1.99","44","1.99","36","0.48","1.75","81.82","","","0","0","","",""
"A. Dimeski","Serbia 1.","Voždovac","RCB, RB, LCB","21","0","","13","1117","0","0.57","1","0.49","North Macedonia","unknown","0","no","8.62","4.67","60.34","3.55","54.55","0.32","6.99","0","0.05","0","3","0.24","33.33","0","0.89","27.27","0.24","66.67","2.09","42.31","0.56","1.21","0.16","35.45","79.77","13.86","68.02","4.83","43.33","0.04","0","0.16","5.32","60.61","1.29","25","0.24","7.82","68.04","","","0","0","","",""
"O. Todorović","Serbia 1.","Priboj","RAMF, LAMF, CF","37","0","2026-06-30","20","1117","1","0.88","2","1.13","Bosnia and Herzegovina","right","181","no","4.11","4.11","37.25","1.61","25","0","2.75","0.08","0.07","0","20","1.61","25","5","3.95","20.41","4.83","51.67","8.94","42.34","2.34","1.21","0.08","22.96","57.54","7.65","52.63","2.01","40","0.09","0.16","0.56","3.55","52.27","3.46","23.26","0.48","4.27","71.7","","","0","0","","",""
"I. Lakićević","Serbia 1.","Grafičar","RB","32","300000","2026-06-30","15","1106","0","0.01","1","0.6","Serbia","right","180","no","7.16","5.37","75.76","1.71","28.57","0.08","5.64","0","0","0","1","0.08","0","0","3.01","43.24","1.06","53.85","2.93","44.44","0.33","0.73","0.08","36.37","70.69","17.5","60","7","46.51","0.05","0","0.08","7.49","51.09","2.77","41.18","0.16","8.95","77.27","","","0","0","","",""
"I. Abass","Serbia 1.","Jedinstvo Ub","LAMF, CF","27","225000","2026-06-30","16","1105","6","4.75","1","0.39","Ghana","right","173","no","4.56","5.7","55.71","1.87","26.09","0","1.86","0.33","0.39","0","37","3.01","32.43","16.216","2.04","28","3.58","47.73","9.04","36.04","3.01","1.79","0.16","26.47","73.23","7","63.95","2.69","51.52","0.03","0.16","0.16","2.28","67.86","3.1","52.63","1.14","4.81","74.58","","","0","0","","",""
"S. Abdullahi","Serbia 1.","Mačva Šabac","CF, RW","21","0","","23","1100","3","2.31","0","1.09","Nigeria","unknown","0","no","6.38","5.48","58.21","9.08","29.73","0.16","4.66","0.25","0.19","0.08","15","1.23","26.67","20","1.23","20","0.98","41.67","7.2","32.95","3.35","1.23","0.08","14.56","62.92","3.27","50","0.82","10","0.09","0","0.25","1.64","55","1.47","22.22","0.49","1.8","81.82","","","0","0","","",""
"P. Sukacev","Serbia 1.","Kabel Novi Sad","RAMF, LAMF, AMF","20","0","2029-06-30","14","1093","1","2.57","1","1.97","Serbia","left","173","no","6.51","6.42","58.97","3.71","42.22","0","3.2","0.08","0.21","0","36","2.96","25","2.778","2.39","24.14","7.25","37.5","17.7","30.23","2.14","2.55","0.49","18.77","59.21","4.69","57.89","2.55","35.48","0.16","0.08","0.58","2.8","44.12","2.88","28.57","0.58","3.71","62.22","","","0","0","","",""
"V. Djordjevic","Serbia 1.","Trayal Kruševac","RB","20","0","","14","1091","1","0.23","0","1.01","Serbia","unknown","0","yes","8.41","6.35","59.74","3.88","44.68","0.16","5.78","0.08","0.02","0","5","0.41","20","20","1.57","36.84","0.58","71.43","2.72","45.45","0.91","0.41","0.16","27.47","72.07","11.8","60.14","4.54","43.64","0.08","0","0.16","3.79","54.35","1.48","33.33","0.25","5.28","59.38","","","0","0","","",""
"U. Vukašinović","Serbia 1.","Ušće NB","LCB, RCB, RCMF","28","0","","15","1080","0","0.16","0","0","Serbia","","183","no","7.75","4.33","73.08","3.33","60","0.5","7.26","0","0.01","0","2","0.17","0","0","0.17","50","0.42","40","2.42","37.93","0.17","0.67","0","48.67","84.59","20.83","73.6","8","56.25","0","0","0.08","6.5","53.85","0.33","50","0.08","9.75","68.38","","","0","0","","",""
"O. Laušević","Serbia 1.","Tekstilac Odžaci","CF","20","0","2026-05-31","22","1074","2","2.39","2","0.75","Serbia","","185","no","3.02","3.52","54.76","5.11","40.98","0","1.54","0.17","0.2","0.08","17","1.42","58.82","11.765","0.92","9.09","0.67","62.5","4.78","38.6","2.18","0.84","0.42","15.34","65.57","3.52","54.76","1.59","36.84","0.06","0","0.42","2.77","60.61","0.75","22.22","0.25","2.68","65.63","","","0","0","","",""
"Z. Lambulić","Serbia 1.","Tekstilac Odžaci","LCB, RCB","27","250000","","12","1072","0","0.47","0","0.1","Serbia","right","193","no","9.07","4.2","62","5.96","69.01","1.18","8.61","0","0.04","0","3","0.25","0","0","0","0","0.08","100","0.84","40","0.42","0.84","0","37.44","87","13.26","75.32","3.86","54.35","0.01","0","0.08","3.69","63.64","0.67","50","0.25","6.13","60.27","","","0","0","","",""
"N. Colić","Serbia 1.","Borac Čačak","RAMF, AMF, RW","23","250000","2027-06-30","19","1069","1","2.11","2","3.55","Serbia","both","175","yes","3.87","5.05","45","5.39","31.25","0.08","2.6","0.08","0.18","0","22","1.85","27.27","4.545","3.96","34.04","4.88","50","11.2","41.35","3.2","1.35","0.25","21.89","69.23","6.15","67.12","0.67","25","0.3","0.17","0.67","1.52","55.56","3.62","44.19","0.42","3.54","66.67","","","0","0","","",""
"Mateja Stojanović","Serbia 1.","Dubočica","RCB, LCB, CB","23","0","2026-06-30","14","1063","0","0.21","0","0.45","Serbia","right","190","no","7.45","5.59","51.52","4.32","49.02","0.17","6.21","0","0.02","0","2","0.17","50","0","0","0","0.08","0","1.19","21.43","0.17","0.17","0","33.1","78.26","15.75","66.67","7.62","45.56","0.04","0","0.08","5.16","36.07","1.1","15.38","0.17","7.11","66.67","","","0","0","","",""
"O. Ajdar","Serbia 1.","Grafičar","LCMF, RCMF, CF","23","0","2027-06-30","17","1062","1","1.97","0","1.61","Serbia","right","175","no","5.34","5.34","65.08","2.88","41.18","0","3.38","0","0.17","0","15","1.27","46.67","6.667","1.95","30.43","2.2","50","8.98","39.62","1.27","0.59","0","32.37","75.39","10.51","61.29","3.05","36.11","0.14","0.08","0.08","5.42","57.81","3.05","44.44","0.68","5","67.8","","","0","0","","",""
"M. Bojović","Serbia 1.","Priboj","CF","39","75000","2027-06-30","15","1061","3","3.35","0","0.46","Serbia","right","187","no","2.63","1.02","41.67","12.89","37.5","0","3.08","0.17","0.28","0.08","18","1.53","33.33","16.667","0.42","20","0.51","33.33","4.24","36","2.29","0","0","19.09","59.11","5.77","39.71","1.44","23.53","0.04","0.17","0.08","3.48","36.59","0.93","18.18","0.34","1.87","50","","","0","0","","",""
"B. Simic","Serbia 1.","Trayal Kruševac","CF, RW, RCMF","20","0","","22","1060","0","0.26","2","0.98","Serbia","","0","no","6.37","6.45","68.42","3.65","37.21","0","2.76","0","0.02","0","5","0.42","0","0","1.1","46.15","0.85","60","5.18","37.7","0.93","0.59","0.08","21.06","79.03","5.69","73.13","1.19","71.43","0.08","0.08","0.25","2.21","65.38","1.61","68.42","0.68","3.48","75.61","","","0","0","","",""
"B. Vukmirović","Serbia 1.","Ušće NB","GK","25","0","","11","1057","0","0","0","0","Serbia","right","190","no","1.02","0","0","0.26","100","0","1.64","0","0","0","0","0","0","0","0","0","0","0","0.09","100","0","0","0","20.86","83.27","8.86","66.35","5.36","42.86","0","0","0","1.7","15","0.17","0","0","2.72","56.25","1.28","2.81","54.55","0.74","-6.34","-0.54","0.51"
"D. Milicevic","Serbia 1.","Dinamo","CF, LAMF, LW","21","0","","20","1036","3","2.74","0","0.16","Serbia","unknown","0","no","4.6","4.78","54.55","6.95","36.25","0.09","3.24","0.26","0.24","0","20","1.74","35","15","1.91","4.55","2.95","55.88","10.69","30.89","3.04","1.39","0.09","17.72","56.86","5.3","49.18","2","34.78","0.01","0.26","0","3.13","38.89","1.74","20","0.43","2.87","66.67","","","0","0","","",""
"M. Rošević","Serbia 1.","Zemun","CF","24","0","2026-06-30","19","1035","9","2.83","1","0.88","Serbia","right","187","no","4.43","3.65","52.38","7.04","34.57","0","3","0.78","0.25","0.09","25","2.17","56","36","1.04","33.33","4.09","61.7","17.3","39.7","2.35","1.39","0.26","18.7","55.81","7.39","49.41","2.87","48.48","0.08","0.09","0.26","5.13","47.46","1.74","40","0.52","3.91","75.56","","","0","0","","",""
"R. Denzell","Serbia 1.","Jedinstvo Ub","LAMF, LW, CF","21","0","2026-06-30","26","1026","5","5.33","0","0.55","Ghana","unknown","0","no","4.82","5.61","53.13","2.81","12.5","0.09","2.72","0.44","0.47","0","41","3.6","39.02","12.195","1.93","22.73","4.56","65.38","12.19","41.01","4.04","3.42","1.14","22.63","70.54","7.02","61.25","3.42","41.03","0.05","0.18","0.18","2.72","58.06","2.81","31.25","0.88","4.04","67.39","","","0","0","","",""
"D. Milićević","Serbia 1.","Zemun","CF, AMF","34","150000","2026-06-30","15","1023","2","0.93","2","0.75","Serbia","right","181","no","6.16","4.31","63.27","2.99","32.35","0.26","4.11","0.18","0.08","0","7","0.62","71.43","28.571","0.88","20","0.44","80","4.31","42.86","1.67","0.7","0.09","27.98","76.42","8.53","64.95","2.46","50","0.07","0.18","0.44","4.13","65.96","1.58","55.56","0.88","5.19","67.8","","","0","0","","",""
"N. Marinković","Serbia 1.","Trayal Kruševac","LW, LB, LAMF","22","0","2028-05-31","14","1014","1","1.02","1","0.42","Serbia","left","186","no","7.63","9.14","56.31","4.26","35.42","0.09","3.32","0.09","0.09","0","10","0.89","10","10","3.02","20.59","1.78","60","7.63","39.53","1.51","1.15","0.27","18.46","62.02","6.83","55.84","1.95","27.27","0.04","0","0","3.2","50","2.31","38.46","0.18","3.55","65","","","0","0","","",""
"K. Boskovic","Serbia 1.","Jedinstvo Ub","LB, RB, RCB","24","0","2026-06-30","14","1006","0","0.04","0","0.81","Serbia","unknown","0","no","8.14","6.98","60.26","3.76","52.38","0.09","5.69","0","0","0","1","0.09","0","0","1.25","28.57","0.63","14.29","2.86","37.5","0.09","0.89","0.09","40.35","80.49","17.71","67.17","7.78","54.02","0.07","0","0.09","5.55","59.68","1.52","47.06","0.36","9.21","72.82","","","0","0","","",""
"A. Muydinov","Serbia 1.","Trayal Kruševac","RCMF, AMF, LW","25","125000","","17","1002","1","1.63","0","0.54","Uzbekistan","left","175","no","8.53","9.16","48.04","3.14","34.29","0","4.96","0.09","0.15","0","15","1.35","33.33","6.667","0.63","0","0.72","50","7.01","46.15","1.44","1.08","0.45","29.64","78.18","7.63","56.47","1.89","42.86","0.05","0.27","0.27","3.23","50","1.44","50","0.63","3.05","67.65","","","0","0","","",""
"K. Ackah","Serbia 1.","Loznica","RB","20","0","2027-06-30","17","990","0","0.11","0","0.62","Ghana","unknown","0","no","12.36","8.73","63.54","1.82","45","0.45","8.21","0","0.01","0","3","0.27","0","0","1.73","42.11","0.55","66.67","3.55","43.59","0.45","1.55","0.18","35.45","76.41","17.45","71.35","5.82","51.56","0.06","0","0.36","4.73","71.15","1.64","44.44","0.09","10","69.09","","","0","0","","",""
"E. Okain","Serbia 1.","Jedinstvo Ub","RW, CF, RAMF","18","0","","20","986","2","1.12","1","0.14","Ghana","","0","no","8.22","8.58","64.89","5.02","32.73","0.09","3.25","0.18","0.1","0","19","1.73","52.63","10.526","3.01","39.39","5.75","61.9","13.87","36.84","3.19","2.37","0.37","22","68.46","6.12","61.19","2.01","63.64","0.01","0.27","0.37","1.83","80","1.92","66.67","0.91","4.56","68","","","0","0","","",""
"L. Svetlicic","Serbia 1.","Voždovac","RAMF, RW, LAMF","26","0","","26","978","1","0.56","0","0.61","Serbia","both","180","no","8.93","7.82","72.94","2.94","43.75","0.18","5.05","0.09","0.05","0","7","0.64","42.86","14.286","2.3","32","1.84","60","9.02","39.8","2.12","0.83","0.18","28.62","71.06","9.11","53.54","2.58","35.71","0.06","0.28","0.28","3.31","52.78","2.85","38.71","0.55","4.79","59.62","","","0","0","","",""
"A. Kovačević","Serbia 1.","Voždovac","RDMF, LDMF, DMF","34","150000","","18","965","1","0.56","0","0.25","Serbia","right","173","no","5.78","5.69","42.62","2.7","41.38","0","4.79","0.09","0.05","0","13","1.21","23.08","7.692","0.84","33.33","0.47","40","4.29","41.3","0.47","1.12","0","45.7","81.22","18.19","65.64","6.81","46.58","0.02","0","0","10.82","66.38","2.52","40.74","0.75","8.86","77.89","","","0","0","","",""
"L. Vidic","Serbia 1.","Smederevo 1924","RB","19","0","","13","959","0","0.05","0","0.28","Serbia","unknown","0","no","13.14","7.6","66.67","3.1","42.42","0.19","12.88","0","0","0","2","0.19","0","0","1.41","53.33","0.47","60","3","50","0.28","0.66","0","38.67","76.94","18.39","68.37","6.29","41.79","0.03","0","0.09","5.82","69.35","1.88","45","0.38","10.79","60","","","0","0","","",""
"D. Janjic","Serbia 1.","Kabel Novi Sad","RDMF, CF, RCMF","20","0","","19","958","0","0.91","0","0.29","Serbia","unknown","0","no","10.15","9.21","56.12","3.66","41.03","0.19","6.21","0","0.09","0","11","1.03","27.27","0","0.56","33.33","0.66","57.14","4.89","40.38","1.13","0.94","0.28","34.01","77.62","11.37","64.46","4.13","50","0.03","0.19","0","6.11","55.38","0.85","44.44","0.38","5.45","74.14","","","0","0","","",""
"M. Cubrak","Serbia 1.","Borac Čačak","RB","19","0","","12","957","0","0.28","0","0.43","Serbia","","0","no","9.97","8.56","67.03","1.97","47.62","0.28","5.3","0","0.03","0","7","0.66","28.57","0","3.48","35.14","0.66","42.86","2.26","41.67","0.38","0.75","0.19","34.33","64.66","19.37","58.74","8.46","42.22","0.04","0","0.19","6.3","52.24","2.92","35.48","0.09","10.63","64.6","","","0","0","","",""
"J. Tucker","Serbia 1.","Grafičar","RCMF, CF, AMF","20","0","","19","942","0","2.18","0","0.27","Canada","both","179","no","7.55","6.59","66.67","5.06","41.51","0.19","4.95","0","0.21","0","14","1.34","28.57","0","1.05","18.18","1.34","57.14","6.59","43.48","2.68","0.96","0","20.83","77.98","6.88","65.28","1.43","73.33","0.03","0.1","0","2.48","84.62","1.43","46.67","0.86","2.2","78.26","","","0","0","","",""
"O. Prince Benjamin","Serbia 1.","Smederevo 1924","CF, RAMF, RW","20","0","2027-06-30","18","941","3","3.15","0","0.21","Nigeria","left","178","yes","3.63","4.97","34.62","4.97","34.62","0","3.2","0.29","0.3","0.1","17","1.63","52.94","17.647","0.96","10","2.49","65.38","9.28","25.77","3.63","1.72","0.19","16.45","69.77","3.73","58.97","0.77","25","0.02","0","0.1","1.63","58.82","0.77","25","0.48","1.63","47.06","","","0","0","","",""
"A. Damjanović","Serbia 1.","Grafičar","CF","17","0","2028-06-30","13","937","0","2.11","1","1.07","Serbia","left","0","no","2.59","2.88","40","9.32","44.33","0.19","2.55","0","0.2","0","12","1.15","41.67","0","0.48","20","0.29","33.33","8.64","27.78","3.17","0.19","0","17","68.36","3.46","61.11","0.38","50","0.1","0","0.38","1.34","57.14","0.77","37.5","0.77","1.82","57.89","","","0","0","","",""
"J. Aboosah","Serbia 1.","Dubočica","LCMF, RCMF","24","0","2026-06-30","15","920","0","0.13","0","0.03","Ghana","right","182","no","7.53","6.26","54.69","3.91","50","0.49","5.36","0","0.01","0","6","0.59","0","0","0.59","0","0.68","71.43","5.67","48.28","0.39","0.49","0","35.22","71.39","12.42","47.24","4.6","34.04","0","0.1","0","6.36","49.23","1.17","8.33","0.1","5.77","55.93","","","0","0","","",""
"S. Olawoyin Shedrack","Serbia 1.","Ušće NB","RW, RB, LAMF","20","0","","21","903","0","1.29","1","0.8","Nigeria","unknown","0","no","7.57","7.38","64.86","2.99","30","0.1","3.93","0","0.13","0","12","1.2","16.67","0","1.99","25","6.48","40","12.26","38.21","2.59","2.19","0.4","16.84","58.58","5.28","39.62","1.4","21.43","0.08","0","0.4","1.3","53.85","1.79","27.78","0.5","3.29","36.36","","","0","0","","",""
"M. Bakic","Serbia 1.","Ušće NB","CF, RW, RWF","20","0","2026-06-30","17","899","5","3.27","0","0.94","Serbia","left","0","no","4.4","4.91","59.18","3.6","27.78","0","1.61","0.5","0.33","0","24","2.4","37.5","20.833","0.4","25","5.21","50","16.02","30","2.5","1.1","0.1","12.71","62.2","4.61","54.35","1.2","41.67","0.09","0","0.2","1.3","53.85","0.9","55.56","0.5","2.1","42.86","","","0","0","","",""
"S. Nikolić","Serbia 1.","OFK Vršac","RCB, LCB","21","0","","12","887","0","0.62","0","0","Serbia","right","187","no","7.61","3.75","78.38","2.84","53.57","0.3","6.05","0","0.06","0","2","0.2","0","0","0","0","0.1","100","0.91","66.67","0.2","0.3","0","31.96","73.65","16.74","61.21","8.52","39.29","0","0","0","5.17","45.1","0.3","0","0.1","8.22","60.49","","","0","0","","",""
"N. Ninkovic","Serbia 1.","Kabel Novi Sad","LAMF, LW","19","0","","22","883","0","1.18","0","1.07","Serbia","unknown","0","no","7.13","7.24","57.75","2.55","20","0.1","3.86","0","0.12","0","13","1.33","38.46","0","2.45","37.5","4.28","40.48","9.78","34.38","2.04","1.43","0.2","18.45","77.35","5.71","71.43","1.83","55.56","0.11","0.1","0.31","2.34","60.87","1.94","52.63","0.51","3.36","84.85","","","0","0","","",""
"K. Djordjevic","Serbia 1.","Tekstilac Odžaci","CF","32","0","","13","882","4","3.29","2","0.84","Serbia","right","179","no","3.27","3.37","42.42","6.22","21.31","0","2.46","0.2","0.34","0.1","14","1.43","71.43","28.571","0.92","33.33","0.92","44.44","8.57","33.33","2.45","0.41","0","12.86","73.02","3.16","58.06","0.82","37.5","0.09","0","0.51","1.84","44.44","0.61","50","0.2","1.73","52.94","","","0","0","","",""
"V. Prazic","Serbia 1.","Dinamo","RCB, CB","22","0","","12","872","0","0.28","0","0","Serbia","","0","no","7.53","5.47","60.38","3.92","42.11","0.72","6.28","0","0.03","0","3","0.31","0","0","0.21","0","0.1","100","0.41","75","0.31","0.21","0","24.67","74.48","12.59","64.75","5.06","42.86","0","0","0","4.44","60.47","0.52","0","0.1","5.47","67.92","","","0","0","","",""
"N. Puskar","Serbia 1.","Tekstilac Odžaci","LB, CB, LCB","20","0","","14","869","1","1.34","0","0","Serbia","unknown","0","yes","9.01","8.18","55.7","4.45","51.16","0.21","6.03","0.1","0.14","0","6","0.62","33.33","16.667","0","0","0.62","33.33","3.83","43.24","0.62","0.62","0.21","25.48","76.02","11.91","59.13","2.49","33.33","0","0","0","3.11","56.67","0.52","20","0","5.59","46.3","","","0","0","","",""
"D. Djuric","Serbia 1.","Dinamo","RDMF, RCMF, AMF","25","0","","20","856","1","0.8","0","0.35","Serbia","unknown","0","no","8.41","7.15","64.71","2.94","28.57","0.32","5.51","0.11","0.08","0","2","0.21","50","50","0.84","37.5","0.32","100","3.15","50","0.63","0.32","0","34.07","77.16","12.41","66.95","5.68","50","0.04","0","0.21","6.1","58.62","1.47","28.57","0.21","6.2","72.88","","","0","0","","",""
"L. Abadzija","Serbia 1.","Dinamo","AMF, RDMF","22","0","","17","850","2","1.54","1","0.55","Serbia","right","182","no","4.45","3.49","63.64","2.12","30","0.11","3.33","0.21","0.16","0","10","1.06","30","20","0.74","14.29","1.38","38.46","5.08","22.92","1.59","0.85","0","18.64","77.27","6.56","70.97","0.95","77.78","0.06","0.11","0.21","2.65","80","1.16","36.36","0.42","2.33","63.64","","","0","0","","",""
"A. Paolucci","Serbia 1.","Jedinstvo Ub","RAMF","","0","","16","840","3","1.03","0","0.84","United States","","172","no","5.68","6.43","58.33","2.14","35","0","2.98","0.32","0.11","0","10","1.07","60","30","1.5","28.57","2.04","36.84","7.82","26.03","2.04","1.07","0.11","19.07","67.42","5.57","50","2.14","35","0.09","0","0.43","1.39","23.08","2.57","45.83","1.29","3","75","","","0","0","","",""
"N. Ugljesic","Serbia 1.","Ušće NB","GK","18","0","","9","833","0","0","0","0","Serbia","unknown","0","no","1.73","0.22","50","0.22","50","0","2.14","0","0","0","0","0","0","0","0","0","0","0","0","0","0","0","0","14.26","75","7.13","57.58","4.97","43.48","0","0","0","1.4","23.08","0","0","0","3.78","42.86","1.3","4","67.57","1.2","-0.93","-0.1","0.97"
"E. Ajdinović","Serbia 1.","Priboj","RDMF, LDMF, RCMF","24","250000","","11","830","0","0.1","1","0.55","Serbia","right","184","no","5.96","5.42","54","3.9","55.56","0","4.44","0","0.01","0","4","0.43","0","0","1.19","54.55","0.43","50","2.93","33.33","0.54","0.43","0","31.01","73.78","12.14","58.04","4.66","39.53","0.06","0.11","0.22","4.77","50","1.63","60","0.43","4.99","71.74","","","0","0","","",""
"A. Popović","Serbia 1.","Tekstilac Odžaci","RW, RB","26","150000","","18","814","0","0.55","0","0.83","Serbia","right","171","no","7.63","7.63","62.32","3.98","19.44","0.11","3.77","0","0.06","0","10","1.11","0","0","4.31","28.21","1.66","40","5.86","37.74","1.44","1","0.11","24.55","61.71","8.73","51.9","3.65","33.33","0.09","0","0.44","3.98","52.78","3.65","36.36","0.44","4.09","81.08","","","0","0","","",""
"D. Živković","Serbia 1.","Dubočica","AMF, RAMF, RB","29","75000","2026-06-30","17","812","2","0.73","1","1.15","Serbia","left","179","no","6.54","7.32","53.03","1.44","30.77","0.11","3.77","0.22","0.08","0","10","1.11","40","20","1.22","45.45","3.1","50","12.97","45.3","1","2.33","0.33","27.49","74.19","10.31","58.06","2.33","33.33","0.13","0.22","0.44","4.1","54.05","1.88","52.94","0.55","4.21","63.16","","","0","0","","",""
"A. Lokosa","Serbia 1.","Smederevo 1924","CF","28","75000","2026-06-30","16","811","3","2.26","2","0.72","Nigeria","right","185","no","3.11","2.66","66.67","5.1","28.26","0","2.31","0.33","0.25","0","18","2","44.44","16.667","0.67","16.67","1.22","72.73","7.88","33.8","3.11","1.22","0.11","12.98","71.79","1.89","58.82","0.11","100","0.08","0","0.44","0.78","71.43","0.89","25","0.67","0.78","57.14","","","0","0","","",""
"M. Divac","Serbia 1.","Priboj","RCB, LDMF, RCMF","21","0","2026-06-30","15","799","0","0.66","0","0.44","Serbia","right","0","no","7.1","4.17","67.57","4.62","46.34","0.45","5.9","0","0.07","0","8","0.9","12.5","0","0.11","0","0","0","0.34","33.33","0.34","0.11","0","32.1","77.89","15.77","62.14","10.03","53.93","0.05","0","0","9.12","59.26","0.9","25","0.45","9.35","74.7","","","0","0","","",""
"M. Nikolic","Serbia 1.","Dinamo","CF","21","0","","23","798","3","2.76","0","0.02","Serbia","unknown","0","no","5.75","4.51","70","13.98","37.9","0.23","3.68","0.34","0.31","0.11","14","1.58","42.86","21.429","0.23","0","0.34","33.33","6.99","32.26","2.82","0","0","10.83","64.58","2.71","54.17","0.11","0","0","0","0.11","0.56","40","0.56","40","0.45","0.68","33.33","","","0","0","","",""
"D. Dinga","Serbia 1.","Voždovac","LCB, RCB","28","150000","","10","791","0","0.23","0","0.08","Serbia","right","187","no","6.37","4.1","66.67","7.62","50.75","0.57","5.55","0","0.03","0","1","0.11","0","0","0","0","0.34","33.33","1.82","68.75","0.23","0.8","0.11","43.58","89.56","16.95","81.88","3.75","60.61","0.01","0","0.11","4.21","83.78","0.23","100","0.11","6.83","63.33","","","0","0","","",""
"B. Marić","Serbia 1.","Grafičar","LCB","21","0","","12","791","0","0.83","0","0.01","Serbia","","0","no","8.65","5.8","62.75","4.55","47.5","0.8","8.82","0","0.09","0","4","0.46","25","0","0.68","83.33","0.11","0","1.02","22.22","0.46","0.23","0","59.96","89.94","22.76","81.5","8.08","56.34","0","0","0","8.53","73.33","1.02","66.67","0","11.04","82.47","","","0","0","","",""
"B. Brać","Serbia 1.","Tekstilac Odžaci","GK","37","125000","2026-06-30","8","784","0","0","0","0","Serbia","left","191","no","1.26","0.11","100","0","0","0","1.52","0","0","0","0","0","0","0","0","0","0","0","0.11","100","0","0","0","15.27","80.45","9.3","71.6","6.2","59.26","0","0","0","1.38","41.67","0","0","0","5.28","65.22","0.57","2.87","80","0.72","1.27","0.146","1.26"
"S. Pantić","Serbia 1.","Tekstilac Odžaci","RCB","31","0","2026-06-30","8","784","2","0.12","0","0.1","Serbia","","184","no","8.15","3.21","67.86","5.4","53.19","1.26","7.42","0.23","0.01","0.11","2","0.23","100","100","1.15","20","0","0","0.69","50","0.34","0.34","0","33.06","73.96","17.45","63.82","7.58","46.97","0.01","0","0.11","5.05","47.73","1.38","33.33","0.23","8.61","57.33","","","0","0","","",""
"D. Pavličić","Serbia 1.","Jedinstvo Ub","GK","29","100000","2026-06-30","8","778","0","0","0","0.21","Montenegro","right","193","no","1.16","0.12","0","0.35","100","0","1.5","0","0","0","0","0","0","0","0","0","0","0","0","0","0","0","0","16.2","81.43","8.33","68.06","7.52","61.54","0.02","0","0","1.62","50","0","0","0","5.09","77.27","0.69","3.59","80.65","0.78","0.77","0.089","1.62"
"P. Djordjevic","Serbia 1.","Dubočica","RWB, RB, RAMF","19","0","","13","777","0","0.31","0","0.85","Serbia","unknown","0","no","7.64","6.02","63.46","2.78","29.17","0.23","4.29","0","0.04","0","4","0.46","0","0","4.98","32.56","1.97","64.71","6.37","58.18","1.51","0.81","0.12","23.86","54.85","8.92","50.65","3.36","37.93","0.1","0.23","0.58","4.05","34.29","3.13","44.44","0.46","6.72","65.52","","","0","0","","",""
"W. Radoslaw Waldemar","Serbia 1.","Ušće NB","LCMF, AMF","19","0","","13","776","0","0.18","1","0.81","Poland","unknown","0","yes","6.96","6.73","63.79","2.2","36.84","0.23","4.17","0","0.02","0","4","0.46","25","0","0.7","50","1.97","64.71","7.54","52.31","1.39","1.04","0","27.72","76.99","8.47","61.64","3.02","38.46","0.09","0.12","0.35","4.52","51.28","0.7","66.67","0.58","3.71","68.75","","","0","0","","",""
"M. Mitrović","Serbia 1.","Dubočica","GK","35","200000","2026-06-30","8","770","0","0","0","0.07","Serbia","","187","no","2.34","0","0","0.12","100","0","3.02","0","0","0","0","0","0","0","0","0","0","0","0.23","100","0","0","0","25.36","84.33","16.01","75.91","11.1","66.32","0.01","0","0.12","2.57","36.36","0.47","25","0.12","7.36","71.43","1.17","4.32","72.97","0.96","-1.81","-0.212","1.4"
"A. Jovanović","Serbia 1.","Dubočica","RCB, CB","26","350000","","8","770","1","0.18","0","0","Serbia","right","191","no","6.31","2.57","59.09","2.45","80.95","0.58","5.88","0.12","0.02","0.12","2","0.23","100","50","0","0","0.47","50","1.17","60","0.47","0.23","0","35.06","91.67","11.69","81","2.1","44.44","0","0","0","1.64","64.29","0.12","0","0.12","4.09","62.86","","","0","0","","",""
"N. Veselinovic","Serbia 1.","Priboj","CF","26","0","","14","769","1","3.41","0","0","Serbia","unknown","0","no","4.21","3.16","74.07","12.64","34.26","0","2.2","0.12","0.4","0.12","18","2.11","27.78","5.556","0.35","0","0.59","40","4.21","33.33","3.86","0.35","0","11.7","68","2.69","39.13","0.12","0","0","0","0.12","1.05","66.67","0.47","0","0.23","0.94","37.5","","","0","0","","",""
"O. Lukić","Serbia 1.","Smederevo 1924","GK","22","200000","2026-06-30","8","768","0","0","0","0","Serbia","right","193","yes","1.52","0","0","0.23","100","0","2.31","0","0","0","0","0","0","0","0","0","0","0","0.12","100","0","0","0","24.26","90.34","9.73","80.72","6.91","67.8","0","0","0","1.17","40","0.12","0","0","4.22","77.78","0.7","3.05","76.92","0.72","0.14","0.016","1.05"
"V. Vidaković","Serbia 1.","Kabel Novi Sad","RDMF, RCMF, DMF","27","300000","2026-05-31","8","767","1","0.85","0","0.39","Serbia","right","193","no","9.86","6.22","71.7","3.05","76.92","0.12","6.68","0.12","0.1","0","11","1.29","36.36","9.091","0.59","0","0.7","66.67","2.58","50","0.82","0.59","0","37.9","80.5","14.08","74.17","3.87","69.7","0.05","0","0.23","7.86","70.15","1.41","41.67","0.7","5.98","70.59","","","0","0","","",""
"S. Bošnjak","Serbia 1.","Dubočica","LCB, LB","27","0","2026-06-30","14","765","0","0.61","0","0","Serbia","left","184","no","11.06","6.35","59.26","4.12","54.29","0.47","9.3","0","0.07","0","2","0.24","0","0","0.24","100","0.24","0","0.94","37.5","0.35","0.35","0","42.24","76.32","21.53","65.03","9.41","53.75","0","0.12","0","6.47","52.73","0.71","33.33","0","10.94","63.44","","","0","0","","",""
"S. Denić","Serbia 1.","Mačva Šabac","LDMF, RDMF, LCMF","26","300000","","18","761","0","0.53","0","0.19","Serbia","right","181","no","11.83","9.82","77.11","3.55","43.33","0.35","6.56","0","0.06","0","5","0.59","40","0","1.18","40","1.42","66.67","6.03","43.14","0.59","0.47","0","35.12","71.38","17.27","60.96","5.44","41.3","0.02","0","0.12","8.16","53.62","2.13","44.44","0.24","7.81","62.12","","","0","0","","",""
"B. Čečarić","Serbia 1.","Kabel Novi Sad","CF, LAMF","32","400000","","13","758","0","1.45","0","0.14","Serbia","right","190","no","4.39","3.92","51.52","9.26","43.59","0.12","3.2","0","0.17","0","7","0.83","57.14","0","0.36","0","0.59","60","7.84","25.76","2.02","0.36","0","19.47","71.34","5.7","62.5","0.83","57.14","0.02","0","0.24","2.61","68.18","0.71","50","0.83","2.37","65","","","0","0","","",""
"N. Furtula","Serbia 1.","Borac Čačak","CF","28","200000","2026-06-01","8","756","2","2.48","2","0.52","Serbia","right","189","no","2.38","1.07","55.56","12.38","47.12","0.36","2.56","0.24","0.3","0.12","22","2.62","40.91","9.091","0.48","50","0.95","37.5","7.26","34.43","4.05","0.36","0","14.76","60.48","3.1","38.46","0.95","37.5","0.06","0.36","0.36","1.19","50","1.31","36.36","0.71","2.02","41.18","","","0","0","","",""
"N. Milekic","Serbia 1.","Borac Čačak","LDMF, AMF, LCMF","28","0","2026-06-30","14","756","0","0.07","0","0.17","Serbia","","180","no","8.69","3.69","80.65","1.55","46.15","0.12","7.02","0","0.01","0","4","0.48","25","0","0.95","12.5","0.48","100","2.86","66.67","1.07","1.43","0","48.57","76.96","21.67","68.68","6.31","56.6","0.02","0.12","0.12","10.83","71.43","1.9","31.25","0.48","9.88","73.49","","","0","0","","",""
"I. Milicević","Serbia 1.","Dubočica","LCB","24","200000","2026-06-30","8","744","0","0.22","0","0","Serbia","right","190","no","8.47","4.6","71.05","3.27","37.04","0.85","6.58","0","0.03","0","2","0.24","50","0","0","0","0","0","0.24","50","0.48","0.12","0","33.39","81.52","15.85","69.47","7.5","48.39","0","0","0","4.84","45","0.73","33.33","0.24","7.62","68.25","","","0","0","","",""
"L. Zaric","Serbia 1.","Grafičar","RWF, RW, LW","17","0","2028-06-30","9","741","1","1.14","1","0.48","Serbia","","0","no","4.37","2.91","66.67","1.58","23.08","0.12","4.56","0.12","0.14","0","12","1.46","41.67","8.333","3.4","35.71","4.86","65","11.78","54.64","2.79","1.82","0.24","21.13","71.26","3.28","70.37","1.09","77.78","0.06","0","0.24","1.82","73.33","2.43","35","0.24","3.16","73.08","","","0","0","","",""
"M. Janković","Serbia 1.","OFK Vršac","RB, RWB, LB","25","150000","","16","739","0","0","1","0.47","Serbia","right","181","no","7.92","7.67","50.79","2.19","44.44","0.49","4.89","0","0","0","0","0","0","0","0.97","12.5","0.85","71.43","2.07","41.18","0.37","0.73","0.12","28.62","73.19","13.4","59.09","4.99","36.59","0.06","0","0.12","5.48","48.89","1.22","10","0","6.21","72.55","","","0","0","","",""
"P. Barac","Serbia 1.","OFK Vršac","CF","20","0","2028-06-30","14","738","1","1.21","0","0.02","Montenegro","right","185","no","2.32","2.56","52.38","5.98","30.61","0","1.1","0.12","0.15","0","4","0.49","25","25","0.49","25","0.98","25","6.46","28.3","1.71","0.24","0","10.49","74.42","1.95","50","0.49","75","0","0","0","1.59","38.46","0.49","25","0.24","0.61","40","","","0","0","","",""
"B. Mladenović","Serbia 1.","Dubočica","AMF, RW, RAMF","30","150000","2026-06-30","17","738","1","0.84","0","0.81","Serbia","left","183","no","3.41","4.15","50","1.22","40","0.12","1.56","0.12","0.1","0","16","1.95","18.75","6.25","1.46","16.67","2.32","36.84","8.54","32.86","1.46","0.98","0","30.49","75.6","9.76","60","2.56","52.38","0.1","0.49","0","4.27","68.57","2.93","33.33","0.85","5.24","83.72","","","0","0","","",""
"N. Ahčin","Serbia 1.","Tekstilac Odžaci","LDMF, LCMF, RCMF","32","0","2026-06-30","9","725","0","0.33","1","0.13","Serbia","right","181","yes","9.81","5.96","56.25","2.36","42.11","0.37","7.21","0","0.04","0","7","0.87","28.57","0","0.74","16.67","0.99","50","5.96","50","0.87","0.62","0.25","36","77.24","13.66","60.91","5.59","44.44","0.02","0.12","0.25","7.08","52.63","1.99","37.5","0.74","5.96","64.58","","","0","0","","",""
"O. Joseph","Serbia 1.","Smederevo 1924","DMF, RDMF, LDMF","20","0","2029-06-30","14","723","0","0.15","0","0.01","Nigeria","","0","no","10.58","7.47","61.67","2.99","54.17","0","7.95","0","0.02","0","7","0.87","0","0","0.37","66.67","0.75","66.67","5.98","39.58","0","0.87","0.12","45.68","80.38","15.19","58.2","5.98","60.42","0","0.12","0.12","9.71","61.54","1.49","33.33","0.25","7.84","73.02","","","0","0","","",""
"D. Šušnjar","Serbia 1.","Loznica","CF","34","200000","","17","720","1","2.62","0","0.37","Serbia","right","185","no","5.13","4","62.5","9.5","50","0.25","2.53","0.13","0.33","0","16","2","43.75","6.25","1","25","2.5","55","9","38.89","3.38","0.5","0.13","16","67.19","3.25","38.46","0.63","40","0.05","0","0.13","0.88","42.86","1.38","27.27","0.5","1.62","69.23","","","100","0.01","","",""
"E. Eugene","Serbia 1.","Zemun","RAMF, RW, LAMF","20","0","","14","719","2","1.53","0","0.08","Nigeria","","0","no","6.01","6.13","55.1","6.76","38.89","0","3.33","0.25","0.19","0","18","2.25","33.33","11.111","1.38","0","2.75","45.45","11.52","21.74","1.88","0.75","0.13","18.15","63.45","4.76","42.11","1.38","18.18","0.01","0","0.13","1.5","41.67","1.13","11.11","0.25","3.13","44","","","0","0","","",""
"D. Trajchevski","Serbia 1.","Dinamo","DMF, RCMF, CF","35","125000","","11","705","0","0.08","1","0.15","North Macedonia","right","183","no","10.85","9.19","55.56","4.21","63.64","0.77","7.22","0","0.01","0","1","0.13","100","0","0.64","40","0.77","66.67","5.87","39.13","1.4","0.51","0","24.64","73.58","12","60.64","2.43","52.63","0.02","0","0.13","4.85","60.53","0.77","83.33","0.38","5.74","64.44","","","0","0","","",""
"Diogo Teixeira","Serbia 1.","Dubočica","LCMF, CF","27","150000","","8","698","0","0.28","0","0.24","Portugal","right","178","no","6.96","7.09","65.45","1.55","25","0.39","2.89","0","0.04","0","5","0.64","20","0","1.42","18.18","2.45","57.89","7.22","39.29","0.39","1.55","0.13","33.4","74.9","10.83","54.76","5.29","46.34","0.03","0.13","0.13","6.19","58.33","2.32","27.78","0.39","7.22","66.07","","","0","0","","",""
"I. Vučićević","Serbia 1.","Ušće NB","LB","26","0","","10","698","0","0.01","0","0.67","Serbia","left","176","no","9.54","7.48","70.69","3.22","36","0.26","5.65","0","0","0","2","0.26","0","0","4.13","34.38","2.58","60","6.7","38.46","0","0.9","0.13","32.49","63.49","16.63","60.47","7.35","50.88","0.09","0","0.26","6.58","56.86","3.22","40","0","9.28","61.11","","","0","0","","",""
"L. Nikolic","Serbia 1.","Mačva Šabac","DMF, LCB, RCB","23","0","","12","690","0","0","0","0.12","Serbia","right","190","no","7.3","5.61","62.79","3.39","42.31","0.13","5.12","0","0","0","0","0","0","0","0.13","100","0","0","0.91","28.57","0.26","0.13","0","35.35","85.98","13.04","75","5.22","52.5","0.02","0","0","5.09","64.1","0.52","50","0.13","6.26","68.75","","","0","0","","",""
"B. Vraštanović","Serbia 1.","Mačva Šabac","RDMF, RCMF, LDMF","31","300000","2026-06-30","11","684","1","0.14","0","0.13","Serbia","right","176","no","8.42","8.16","56.45","2.76","52.38","0.26","5.83","0.13","0.02","0","3","0.39","33.33","33.333","0.39","0","0.26","0","1.84","28.57","0.39","0.53","0","39.21","81.21","14.34","66.06","3.55","37.04","0.02","0","0","5.53","54.76","0.53","25","0.13","6.45","59.18","","","0","0","","",""
"V. Maksimović","Serbia 1.","Ušće NB","RCB, LCB","28","0","","12","683","0","0.05","0","0.02","Serbia","","188","no","12.91","7.91","80","3.16","54.17","0.79","8.57","0","0.01","0","1","0.13","0","0","0","0","0.13","0","1.19","11.11","0.4","0.92","0","50.34","81.41","21.87","69.88","5.01","50","0","0","0","4.35","57.58","0.26","0","0","8.17","50","","","0","0","","",""
"M. Otasevic","Serbia 1.","Priboj","AMF, LCMF","19","0","","19","682","1","1.08","0","0.27","Serbia","unknown","0","no","5.01","5.67","60.47","1.19","44.44","0.13","1.88","0.13","0.14","0","17","2.24","29.41","5.882","1.98","33.33","2.9","31.82","8.45","26.56","1.98","0.92","0","21.11","78.75","5.54","66.67","2.11","75","0.04","0","0","2.24","76.47","2.24","29.41","0.66","3.7","75","","","0","0","","",""
"V. Rakic","Serbia 1.","Mačva Šabac","AMF, CF, LW","18","0","","21","680","0","0.84","0","0.06","Serbia","","0","no","4.76","5.43","65.85","2.78","28.57","0.13","1.81","0","0.11","0","6","0.79","16.67","0","0.79","33.33","1.46","18.18","7.28","21.82","1.46","1.19","0.13","16.15","77.05","4.5","70.59","0.53","100","0.01","0","0","2.25","82.35","0.13","0","0.4","2.78","66.67","","","0","0","","",""
"L. Milunović","Serbia 1.","Dubočica","AMF, CF","33","400000","2026-06-30","13","678","1","0.12","2","0.63","Serbia","right","180","no","2.65","3.05","47.83","4.12","41.94","0","1.81","0.13","0.02","0","4","0.53","25","25","0.8","50","0.53","50","7.57","38.6","1.59","0.93","0","36.37","78.47","11.42","61.63","2.79","52.38","0.08","0.13","0.27","6.5","59.18","1.99","40","1.19","4.91","78.38","","","0","0","","",""
"A. Milić","Serbia 1.","Dubočica","RCMF, DMF, RDMF","24","75000","2026-06-30","7","676","0","0.66","1","0.43","Serbia","right","179","no","12.38","8.12","52.46","5.06","52.63","0.93","10.06","0","0.09","0","19","2.53","5.26","0","0.4","33.33","1.2","66.67","5.86","54.55","0.27","0.53","0","35.55","74.91","15.31","60","5.99","40","0.06","0","0.13","7.86","54.24","1.07","37.5","0.4","6.39","60.42","","","0","0","","",""
"N. Marinkovic","Serbia 1.","Borac Čačak","RCMF, AMF, RAMF","21","0","","14","675","0","0.4","1","1.62","Serbia","unknown","0","no","8.4","6.53","69.39","3.73","35.71","0.13","4.53","0","0.05","0","7","0.93","0","0","1.87","21.43","0.8","33.33","3.33","40","2.4","0.8","0.13","28.27","71.7","10","57.33","2.8","47.62","0.22","0","0.4","5.73","62.79","1.47","36.36","1.07","4.4","72.73","","","0","0","","",""
"A. Desančić","Serbia 1.","Borac Čačak","LDMF, LCMF, AMF","30","0","2026-06-01","8","672","1","0.38","0","0.64","Serbia","right","180","no","9.78","7.9","61.02","3.08","34.78","0.27","6.62","0.13","0.05","0","6","0.8","16.67","16.667","1.88","42.86","1.88","35.71","7.5","33.93","2.14","1.61","0.27","33.35","77.11","12.32","70.65","2.68","35","0.09","0.13","0.4","3.08","56.52","0.94","28.57","0.13","4.96","56.76","","","0","0","","",""
"M. Delimedjac","Serbia 1.","Jedinstvo Ub","RDMF, LDMF, DMF","26","200000","2026-06-30","12","669","1","0.17","0","0.37","Serbia","right","179","no","8.48","9.55","56.34","1.08","75","0.27","4.34","0.13","0.02","0","7","0.94","28.57","14.286","1.08","50","0.54","75","3.9","55.17","0.13","0.67","0","33.77","77.29","11.84","56.82","3.63","51.85","0.05","0","0.13","6.32","63.83","2.56","21.05","0.13","6.59","67.35","","","0","0","","",""
"L. Milojević","Serbia 1.","OFK Vršac","LCMF, AMF, RCMF","22","0","2027-05-31","16","667","0","0.61","1","0.72","Serbia","left","190","no","7.69","5.94","59.09","3.91","44.83","0","6.64","0","0.08","0","5","0.67","40","0","1.48","54.55","2.16","56.25","7.02","44.23","1.48","0.94","0.13","34.95","83.01","11.87","72.73","3.51","57.69","0.1","0","0.4","5.53","75.61","1.48","72.73","0.67","8.37","85.48","","","0","0","","",""
"V. Vojvodic","Serbia 1.","Grafičar","GK","20","0","","7","653","0","0","0","0","Serbia","unknown","0","no","1.38","0","0","0","0","0","2.29","0","0","0","0","0","0","0","0","0","0","0","0","0","0","0","0","27.98","86.21","11.72","71.76","6.2","44.44","0","0","0","2.21","37.5","0.41","33.33","0.14","4.69","52.94","0.69","2.76","75","0.64","-0.36","-0.05","0.55"
"M. Gashtarov","Serbia 1.","Borac Čačak","RDMF, DMF, LDMF","19","0","2028-06-30","7","650","0","0.19","1","0.19","North Macedonia","unknown","0","yes","11.77","9","69.23","4.02","75.86","0.14","6.56","0","0.03","0","7","0.97","28.57","0","0.14","0","3.05","50","9.42","42.65","0.55","1.38","0.28","33.37","73.44","12.46","52.22","7.48","42.59","0.03","0","0.28","6.65","58.33","1.11","50","0.28","6.51","61.7","","","0","0","","",""
"O. Mudrinski","Serbia 1.","Dubočica","CF","34","200000","2026-06-30","13","647","1","3.19","0","0","Serbia","right","186","no","3.2","1.39","70","8.76","41.27","0.42","2.94","0.14","0.44","0","12","1.67","33.33","8.333","0.56","25","0.28","50","3.62","15.38","1.95","0.42","0","21.98","73.42","5.15","59.46","1.39","60","0","0","0","2.5","66.67","1.11","25","0.14","2.5","66.67","","","0","0","","",""
"V. Apostolovski","Serbia 1.","Kabel Novi Sad","AMF, CF","21","0","","16","645","0","1.12","0","0.4","Serbia","unknown","0","no","8.79","6.84","57.14","3.91","42.86","0.14","5.36","0","0.16","0","10","1.4","20","0","1.4","20","0.7","60","7.53","29.63","2.09","0.98","0.14","23.86","76.61","6.84","63.27","1.67","58.33","0.06","0","0.28","2.65","63.16","1.67","50","1.12","2.65","68.42","","","0","0","","",""
"N. Gavrić","Serbia 1.","Dinamo","LW, LAMF, RAMF","34","225000","","7","636","0","0.44","0","0.34","Serbia","right","176","no","5.24","3.82","66.67","3.4","33.33","0","3.44","0","0.06","0","7","0.99","14.29","0","2.55","38.89","2.69","47.37","9.2","33.85","1.84","1.7","0.42","19.1","65.19","5.8","56.1","1.84","30.77","0.05","0","0.57","2.41","29.41","1.84","69.23","0.85","2.97","76.19","","","0","0","","",""
"N. Stojković","Serbia 1.","Smederevo 1924","RDMF, LCMF, AMF","31","150000","2026-06-30","19","633","1","1.17","1","0.32","Serbia","right","183","no","5.83","6.68","53.19","3.13","54.55","0.14","2.52","0.14","0.17","0.14","12","1.71","16.67","8.333","0.85","66.67","1.99","28.57","7.39","44.23","1.71","0.57","0","28.86","76.35","10.81","61.84","5.55","53.85","0.05","0.57","0.43","5.83","63.41","1.71","50","0.85","5.4","76.32","","","0","0","","",""
"M. Jović","Serbia 1.","Ušće NB","CF","27","0","","19","628","1","2.86","0","0.13","Serbia","right","191","no","2.01","2.44","41.18","6.74","31.91","0","1.76","0","0.41","0","14","2.01","35.71","7.143","0","0","0.57","25","5.3","40.54","2.87","0","0","11.61","66.67","1.72","50","0.86","33.33","0.02","0","0","1.29","44.44","0.14","100","0.14","0.57","50","","","0","0","","",""
"J. Rakonjac","Serbia 1.","Borac Čačak","RAMF, LAMF, RW","21","0","","18","628","0","0.4","0","0.54","Serbia","unknown","0","no","8.03","6.74","65.96","3.58","40","0.43","4.01","0","0.06","0","3","0.43","66.67","0","1.86","53.85","3.73","34.62","8.6","28.33","1.86","1.86","0.14","19.92","63.31","5.3","48.65","1","57.14","0.08","0","0.29","2.01","42.86","1.72","66.67","0.57","3.01","61.9","","","0","0","","",""
"L. Petrović","Serbia 1.","Smederevo 1924","RAMF, RW, RDMF","28","0","","9","628","0","0.65","0","0.85","Serbia","both","180","no","3.87","4.3","50","1.43","30","0","2.71","0","0.09","0","9","1.29","22.22","0","3.44","37.5","8.31","53.45","15.76","48.18","2.15","2.72","0.29","21.35","65.1","5.88","51.22","2.15","53.33","0.12","0","0.29","2.87","50","2.87","50","0.57","4.44","67.74","","","0","0","","",""
"M. Andjelkovic","Serbia 1.","Priboj","LAMF, LW","20","0","2029-06-30","8","627","1","1.67","0","0.45","Serbia","","0","yes","6.89","5.17","50","3.73","46.15","0","7.83","0.14","0.24","0","12","1.72","33.33","8.333","2.87","40","6.03","59.52","14.93","41.35","3.59","2.58","0.14","24.11","72.62","5.74","65","1.58","36.36","0.07","0","0.43","1.44","70","2.58","55.56","0.72","3.44","75","","","0","0","","",""
"D. Dubačkić","Serbia 1.","Priboj","LCB","26","0","2026-12-31","7","623","0","0.24","0","0.03","Bosnia and Herzegovina","right","0","no","6.07","5.06","54.29","7.8","57.41","0.43","5.45","0","0.03","0","2","0.29","0","0","0.29","0","0.14","100","1.3","22.22","0.58","1.01","0","36.55","83.4","18.64","75.19","5.35","62.16","0","0","0","5.49","68.42","0.72","0","0.14","9.25","73.44","","","0","0","","",""
"N. Jovanovic","Serbia 1.","Mačva Šabac","RB","23","0","2026-06-30","14","620","0","0.07","0","0.29","Serbia","","0","no","7.84","5.81","72.5","2.47","52.94","0.29","4.39","0","0.01","0","1","0.15","100","0","2.76","57.89","1.31","55.56","3.19","40.91","0.87","1.02","0","25.26","70.69","11.9","60.98","5.23","50","0.04","0","0.29","4.35","50","2.32","56.25","0.44","8.27","68.42","","","0","0","","",""
"Aleksa Mitic","Serbia 1.","Ušće NB","CF","16","0","","7","617","1","0.78","0","0.03","Norway","unknown","0","no","1.9","2.19","40","12.84","44.32","0","1.32","0","0.11","0","2","0.29","50","50","0.15","100","0.15","100","3.5","33.33","0.58","0.29","0","11.96","60.98","4.23","41.38","0.44","33.33","0","0","0.15","2.19","46.67","0.44","66.67","0.15","1.9","53.85","","","0","0","","",""
"B. Francis Antwi","Serbia 1.","Priboj","RAMF, RW","20","0","2028-06-30","8","617","1","1.55","1","0.98","Ghana","","0","no","6.71","6.56","60","6.56","33.33","0","4.39","0.15","0.23","0","11","1.6","45.45","9.091","2.63","5.56","3.35","60.87","10.5","37.5","3.65","1.9","0.15","22.46","68.83","4.81","51.52","0.88","50","0.14","0.15","0.44","1.6","72.73","1.9","46.15","0.88","2.48","76.47","","","0","0","","",""
"N. Jokic","Serbia 1.","Jedinstvo Ub","RCMF, RDMF","18","0","","7","608","1","0.49","1","0.15","Serbia","","0","no","7.85","4.88","54.55","1.33","33.33","0.3","6.6","0.15","0.07","0","5","0.74","20","20","0.44","33.33","0.59","25","3.26","36.36","0.59","0.59","0","40.12","84.5","11.55","71.79","6.07","68.29","0.02","0","0.3","5.77","76.92","1.33","33.33","0.59","5.77","74.36","","","0","0","","",""
"Diogo Ferreira","Serbia 1.","Jedinstvo Ub","RB","19","0","","7","605","0","0","0","1.27","Portugal","right","188","no","7.88","7.44","62","2.08","42.86","0","4.01","0","0","0","0","0","0","0","4.31","48.28","2.38","37.5","5.65","31.58","0.6","1.34","0.45","40.76","71.9","18.89","62.99","6.55","43.18","0.19","0","0.6","9.82","59.09","3.72","56","0.3","11.45","81.82","","","0","0","","",""
"D. Lisanin","Serbia 1.","Jedinstvo Ub","CF","19","0","","11","602","0","1.38","1","0.72","Serbia","unknown","0","no","3.14","2.84","36.84","9.87","39.39","0.45","2.29","0","0.21","0","9","1.35","33.33","0","0","0","0.75","60","7.03","19.15","3.44","0.3","0","13.46","76.67","3.14","38.1","0.3","0","0.11","0","0.6","1.64","45.45","0.3","0","0.6","0.6","0","","","0","0","","",""
"I. Milanovic","Serbia 1.","Mačva Šabac","CF, RAMF","31","0","2026-06-30","13","598","1","2.18","2","0.48","Serbia","unknown","0","no","4.67","3.31","72.73","9.63","40.63","0","2.52","0.15","0.33","0","11","1.66","27.27","9.091","1.2","25","1.05","57.14","5.27","34.29","4.21","0.75","0.15","15.2","58.42","3.76","48","1.2","62.5","0.07","0","0.6","1.51","20","1.05","42.86","1.05","2.11","42.86","","","0","0","","",""
"D. Djurić","Serbia 1.","Grafičar","LB","20","0","","14","587","0","0.23","0","1.9","Serbia","left","0","no","7.05","5.83","57.89","3.53","39.13","0","5.83","0","0.04","0","2","0.31","50","0","5.98","41.03","2.76","72.22","6.13","52.5","0.77","1.53","0","51.52","74.7","25.14","69.51","10.12","62.12","0.29","0","0.46","11.35","63.51","6.44","40.48","0.77","14.87","72.16","","","0","0","","",""
"V. Ilić","Serbia 1.","Grafičar","RCMF, AMF","20","0","","11","586","0","1.83","0","0.05","Serbia","unknown","0","no","4.76","4.3","50","3.07","40","0.15","4.86","0","0.28","0","11","1.69","0","0","1.23","37.5","2.76","66.67","11.52","52","2.61","1.38","0.31","16.59","74.07","5.22","67.65","0.31","50","0.01","0.31","0","1.69","63.64","0.77","80","0.46","2.61","70.59","","","0","0","","",""
"V. Zivojinović","Serbia 1.","Dubočica","LW, LWF, LAMF","27","0","","8","579","1","2.35","1","0.15","Serbia","right","177","no","3.73","2.95","73.68","1.4","33.33","0.16","1.94","0.16","0.37","0","22","3.42","27.27","4.545","2.49","25","4.82","61.29","9.02","39.66","3.89","1.55","0.31","19.12","69.92","5.6","66.67","1.71","45.45","0.02","0","0.62","2.49","68.75","2.49","25","0.62","3.58","60.87","","","0","0","","",""
"L. Lazin","Serbia 1.","OFK Vršac","GK","18","0","","6","576","0","0","0","0","Serbia","unknown","0","no","1.72","0.16","100","0","0","0","2.52","0","0","0","0","0","0","0","0","0","0.16","100","0.16","100","0","0","0","18.91","76.86","11.88","63.16","7.66","44.9","0","0","0","3.13","30","0.16","0","0","4.69","70","0.78","2.97","73.68","0.81","0.17","0.027","0.47"
"R. Baha","Serbia 1.","Priboj","LDMF, LCMF, DMF","29","0","","13","566","0","0.21","0","0.12","Cameroon","right","185","no","7.63","5.88","54.05","4.29","62.96","0.32","6.23","0","0.03","0","2","0.32","50","0","0.64","50","0.8","60","3.66","43.48","0.16","0.8","0.16","32.28","79.31","12.4","69.23","5.09","53.13","0.02","0","0","5.72","83.33","1.91","41.67","0.32","6.84","76.74","","","0","0","","",""
"L. Janković","Serbia 1.","Dubočica","RWB, RCB, RW","23","0","","7","562","0","0.21","1","0.62","Bosnia and Herzegovina","right","182","no","7.53","4.8","56.67","2.56","50","0.48","6.61","0","0.03","0","2","0.32","50","0","1.76","36.36","2.08","30.77","4.8","36.67","0.64","0.8","0","26.42","60.61","15.85","49.49","6.89","32.56","0.1","0","0.32","6.89","44.19","1.92","41.67","0.16","8.01","58","","","0","0","","",""
"K. Bilić","Serbia 1.","Jedinstvo Ub","LCB","32","50000","2026-06-30","7","555","0","0.01","0","0.4","Croatia","left","188","no","7.95","4.22","69.23","2.92","55.56","0.65","7.44","0","0","0","1","0.16","0","0","0.16","0","0.32","100","2.11","69.23","0.32","0.32","0","48.65","81.67","23.68","66.44","6.97","39.53","0.06","0.16","0.16","5.51","55.88","0.32","0","0.32","11.03","55.88","","","0","0","","",""
"I. Josović","Serbia 1.","Priboj","LCB, RCB, CB","36","100000","","11","540","0","0","0","0.02","Serbia","left","182","no","8.83","4.67","75","4.17","48","0.83","7.26","0","0","0","1","0.17","0","0","0.5","33.33","1","33.33","3","38.89","0.33","0.67","0.17","44.83","83.27","18","73.15","9","57.41","0","0.17","0.17","7","52.38","1","16.67","0","9","68.52","","","0","0","","",""
"D. Djurić","Serbia 1.","Ušće NB","RCB, CB","34","25000","","6","538","0","0","0","0","Serbia","right","186","no","8.03","4.52","59.26","3.35","80","0.84","7.1","0","0","0","0","0","0","0","0.17","100","0","0","1","50","0.33","0.84","0","35.3","81.99","17.23","76.7","5.19","51.61","0","0","0","4.18","72","0.33","100","0","8.2","61.22","","","0","0","","",""
"M. Stojanovic","Serbia 1.","Dinamo","LW, LAMF, CF","23","0","","12","538","1","1.09","0","0","Serbia","right","0","no","5.19","5.52","48.48","4.52","40.74","0.17","3.21","0.17","0.18","0","9","1.51","33.33","11.111","1.84","0","2.34","42.86","9.87","37.29","1.84","0.67","0","18.74","57.14","7.7","63.04","2.17","53.85","0","0","0.17","4.18","52","1.84","18.18","0.33","3.85","73.91","","","0","0","","",""
"M. Mijić","Serbia 1.","Borac Čačak","AMF, RCMF, CF","36","150000","2026-06-30","8","536","0","0.56","1","1.11","Serbia","both","175","no","5.54","5.21","54.84","2.35","28.57","0","3.33","0","0.09","0","10","1.68","20","0","5.04","30","3.69","45.45","9.91","37.29","2.18","1.18","0.34","35.43","71.09","9.07","62.96","4.03","41.67","0.19","0.17","0.5","2.85","70.59","4.87","31.03","0.84","4.2","64","","","0","0","","",""
"D. Belić","Serbia 1.","Dinamo","LCMF, LDMF","28","300000","","7","532","0","0.5","0","0.13","Serbia","right","184","no","6.77","4.06","58.33","1.18","14.29","0.17","6.67","0","0.08","0","7","1.18","42.86","0","0.51","33.33","1.69","40","5.75","38.24","0.51","1.18","0.34","31.8","73.94","12.18","59.72","4.57","33.33","0.02","0","0","6.94","53.66","0.85","20","0.17","5.08","76.67","","","0","0","","",""
"A. Hamadu","Serbia 1.","Jedinstvo Ub","RAMF, RW, CF","19","0","","12","523","1","0.92","0","0.16","Ghana","","0","no","5.51","5.51","56.25","2.93","23.53","0.17","3.03","0.17","0.16","0","17","2.93","41.18","5.882","3.1","22.22","5.33","48.39","11.01","48.44","3.79","3.27","0.69","18.76","63.3","5.68","57.58","1.38","25","0.03","0","0.17","1.03","50","2.24","46.15","0.52","3.44","80","","","0","0","","",""
"A. Klopp","Serbia 1.","OFK Vršac","LAMF, RW, RAMF","26","0","2026-05-31","7","522","0","0.42","1","1.22","France","right","0","no","4.31","3.97","52.17","4.66","44.44","0.17","2.81","0","0.07","0","10","1.72","20","0","4.14","25","3.97","56.52","8.97","38.46","2.93","2.07","0","19.66","60.53","5.17","60","1.38","37.5","0.21","0","1.03","1.38","50","2.76","25","0.69","2.59","73.33","","","0","0","","",""
"C. Atule","Serbia 1.","Trayal Kruševac","CF","21","0","2029-05-31","14","514","0","0.55","0","0.27","Nigeria","right","188","no","2.8","3.5","50","6.83","33.33","0","1.57","0","0.1","0","4","0.7","25","0","1.05","33.33","2.63","73.33","7.35","38.1","1.93","1.58","0","16.28","75.27","2.63","46.67","0.35","50","0.05","0","0.35","1.05","16.67","1.23","57.14","0.53","1.23","57.14","","","0","0","","",""
"T. Bamigboye","Serbia 1.","Borac Čačak","LB, LWB","21","0","2026-06-30","13","514","0","0.01","0","0.22","Nigeria","left","0","no","10.68","6.48","51.35","2.8","50","0.18","8.81","0","0","0","1","0.18","0","0","3.33","26.32","0.7","50","4.73","59.26","0.7","1.58","0.18","33.97","79.38","10.68","73.77","3.33","52.63","0.04","0","0.35","3.15","61.11","2.98","29.41","0.18","6.65","63.16","","","0","0","","",""
"Eric Vales","Serbia 1.","Tekstilac Odžaci","LCB, RCB, RCMF","25","100000","2026-06-30","9","510","0","0","0","0","Andorra","right","0","no","7.24","5.82","48.48","2.47","50","0.35","5.8","0","0","0","0","0","0","0","0","0","0","0","0.71","25","0","0","0","25.06","67.61","11.12","52.38","4.24","20.83","0","0","0","4.06","39.13","0.35","0","0","4.59","38.46","","","0","0","","",""
