"Player","League","Team","Position","Age","Market value","Contract expires","Matches played","Minutes played","Goals","xG","Assists","xA","Birth country","Foot","Height","Successful defensive actions per 90","Defensive duels per 90","Defensive duels won, %","Aerial duels per 90","Aerial duels won, %","Shots blocked per 90","PAdj Interceptions","Successful attacking actions per 90","Non-penalty goals per 90","xG per 90","Head goals per 90","Shots per 90","Shots on target, %","Goal conversion, %","Crosses per 90","Accurate crosses, %","Dribbles per 90","Successful dribbles, %","Offensive duels per 90","Offensive duels won, %","Touches in box per 90","Progressive runs per 90","Accelerations per 90","Passes per 90","Accurate passes, %","Forward passes per 90","Accurate forward passes, %","Long passes per 90","Accurate long passes, %","xA per 90","Smart passes per 90","Key passes per 90","Passes to final third per 90","Accurate passes to final third, %","Passes to penalty area per 90","Accurate passes to penalty area, %","Deep completions per 90","Progressive passes per 90","Accurate progressive passes, %"
"Sun Guowen","China 1.","Zhejiang Professional","LWB, RWB, LB","32","200000","2026-12-31","30","3046","0","1.11","2","2.36","China PR","right","182","6.23","4.76","56.52","1.42","41.67","0.15","4.47","1.86","0","0.03","0","0.44","26.67","0","1.71","39.66","2.33","41.77","5.17","35.43","1.24","2.63","0.41","36.9","83.43","12.91","73.91","3.07","42.31","0.07","0.12","0.33","4.28","77.93","2.04","55.07","0.77","6.91","66.67"
"Lucas Possignolo","China 1.","Zhejiang Professional","CB, LCB, RCB","31","1000000","2025-12-31","29","3032","3","3.01","0","0","Brazil","right","188","8.34","4.69","71.52","4.42","55.03","0.65","6.29","0.27","0.09","0.09","0.09","0.56","47.37","15.789","0.03","0","0","0","0.45","73.33","0.62","0.36","0","41.59","93.86","10.18","83.97","3.18","65.42","0","0","0","1.57","77.36","0.12","50","0.09","4.24","61.54"
"Juan Antonio","China 1.","Tianjin Tigers","CB, RCB, LCB","29","300000","2026-12-31","29","3024","1","3.03","1","0.18","Spain","right","188","7.77","3.96","68.42","4.94","54.22","0.98","6.68","0.36","0.03","0.09","0","0.6","30","5","0.06","100","0.18","66.67","0.95","46.88","0.92","0.63","0","48.51","87.85","19.14","74.96","7.41","57.43","0.01","0","0.03","4.02","60.74","0.45","46.67","0.33","7.86","63.26"
"Guo Quanbo","China 1.","Meizhou Hakka","GK","28","100000","2026-12-31","29","3011","0","0","0","0","China PR","right","183","1.2","0.18","33.33","0.24","75","0","1.5","0","0","0","0","0","0","0","0","0","0","0","0.06","100","0","0","0","9.03","80.46","5.56","72.58","3.47","57.76","0","0","0","0.6","45","0","0","0","2.84","63.16"
"Zhao Bo","China 1.","Zhejiang Professional","GK","32","225000","2026-12-31","29","3008","0","0","1","0.15","China PR","","186","1.02","0.03","100","0.24","87.5","0","1.27","0","0","0","0","0","0","0","0","0","0","0","0.03","100","0","0","0","11.58","81.65","6.88","71.74","4.73","58.23","0","0","0.03","0.81","33.33","0.03","0","0","3.44","67.83"
"Wilson Manafá","China 1.","Shanghai Shenhua","RB","31","1300000","2025-12-31","30","2983","0","1.41","4","3.55","Portugal","right","177","7.3","5.91","62.24","1.72","43.86","0.27","5.43","3.62","0","0.04","0","0.48","12.5","0","3.59","28.57","3.32","74.55","6.94","52.17","1.81","3.68","0.84","45.47","80.23","14.33","72","4.44","60.54","0.11","0.06","0.6","6.37","77.73","4.01","51.88","1.3","9.68","78.5"
"Li Hao","China 1.","Qingdao West Coast","GK","21","0","","29","2981","0","0","0","0","China PR","right","188","1.3","0.21","42.86","0.54","88.89","0","1.63","0","0","0","0","0","0","0","0","0","0.03","0","0.12","75","0","0","0","11.47","73.42","8.6","67.37","7.43","61.38","0","0","0","2.02","37.31","0.06","0","0","4.98","78.18"
"Felipe","China 1.","Chengdu Rongcheng","CF","33","500000","2026-12-31","30","2976","15","15.05","4","4.69","Brazil","left","193","3.75","2.81","61.29","10.16","42.26","0.15","3.07","3.42","0.42","0.46","0.09","2.66","47.73","17.045","0.82","44.44","2.6","62.79","11.61","35.68","5.75","1.24","0.15","20.47","79.03","4.54","64","0.57","57.89","0.14","0.18","0.73","1.57","65.38","1.45","64.58","1.54","1.54","74.51"
"Hou Yongyong","China 1.","Yunnan Yukun","LCMF, AMF","27","300000","2026-12-31","30","2958","5","7.24","2","1.25","Norway","right","183","3.53","3.01","57.58","2.86","35.11","0.24","2.31","1.37","0.15","0.22","0.03","1.37","46.67","11.111","0.76","28","0.7","65.22","1.95","53.13","1.98","0.7","0.03","19.26","83.25","5.72","70.21","1.19","38.46","0.04","0.12","0.24","2.04","65.67","1.28","42.86","0.7","1.95","76.56"
"F. Abreu","China 1.","Beijing Guoan","CF","32","1500000","2026-12-31","30","2949","28","21.12","6","4.37","Portugal","right","184","1.68","1.5","65.31","4.76","38.46","0.12","1.34","3.11","0.73","0.64","0.24","3.11","50.98","27.451","0.58","52.63","1.89","61.29","8.39","44.73","4.49","1.1","0.12","13.61","83.41","2.78","68.13","0.34","54.55","0.13","0.21","0.55","1.13","86.49","1.31","55.81","1.31","1.22","80"
"Riccieli","China 1.","Qingdao West Coast","RCB, LCB","27","3000000","2027-06-30","29","2949","2","2.78","0","0.62","Brazil","right","184","6.81","3.57","60.68","5.01","53.05","0.7","6.1","0.34","0.06","0.08","0.06","0.61","40","10","0","0","0.09","100","0.98","50","0.76","0.58","0","32.53","86.4","12.57","74.27","5.01","55.49","0.02","0.03","0.06","4.3","62.41","0.61","45","0.31","6.01","67.01"
"Li Tixiang","China 1.","Zhejiang Professional","RCMF, DMF, LCMF","36","50000","2025-12-31","29","2927","0","0.07","6","2.24","China PR","left","182","7.44","6.76","62.27","2.03","48.48","0.25","4.02","0.61","0","0","0","0.15","0","0","0.58","31.58","0.8","46.15","3.57","50.86","0.22","1.05","0.31","42.96","85.9","12.67","71.6","7.04","63.32","0.07","0.12","0.22","6.8","69.23","2.28","44.59","0.74","6.21","74.75"
"Lucas Maia","China 1.","Henan","LCB","32","800000","2025-12-31","28","2906","6","5.6","2","2.05","Brazil","left","192","7.77","4.49","61.38","6.94","60.27","0.53","7.63","0.74","0.19","0.17","0.09","0.9","55.17","20.69","0.34","36.36","0.12","100","0.4","53.85","1.58","1.18","0","45.4","87.04","20.01","77.09","5.36","51.45","0.06","0","0.09","5.45","76.14","0.87","57.14","0.53","8.52","71.64"
"Matheus Jussa","China 1.","Shanghai Port","LDMF, DMF, RDMF","29","1500000","2025-12-31","28","2901","1","2.17","1","1.43","Brazil","left","183","7.35","5.93","57.07","2.2","59.15","0.25","5.76","1.09","0.03","0.07","0","0.68","22.73","4.545","0.43","50","1.02","60.61","3.78","40.16","0.47","1.05","0.03","50.91","87.87","17.31","77.24","3.32","52.34","0.04","0.16","0.16","8.84","81.4","1.27","58.54","0.65","7.6","80"
"Alberto Quiles","China 1.","Tianjin Tigers","CF","30","1000000","2026-12-31","29","2901","16","12.91","2","0.95","Spain","left","188","3.57","2.82","59.34","4.65","44","0.12","2.53","2.2","0.5","0.4","0.03","2.11","41.18","23.529","0.09","33.33","2.33","56","10.61","33.33","2.48","1.33","0.34","13.77","76.35","3.63","59.83","0.65","71.43","0.03","0","0.16","1.49","68.75","0.56","55.56","0.34","2.08","61.19"
"N. Radmanovac","China 1.","Qingdao Hainiu","RCB","28","700000","2025-12-31","29","2890","0","2.01","2","0.33","Serbia","right","189","7.26","4.17","56.72","4.11","77.27","0.56","6.09","0.4","0","0.06","0","0.59","10.53","0","0.59","36.84","0.25","50","1.09","57.14","0.69","1.03","0.03","40.98","88.07","17.66","81.48","3.33","52.34","0.01","0","0.09","4.83","76.77","0.62","35","0.09","6.66","70.56"
"Bruno Nazário","China 1.","Henan","CF, AMF","30","1300000","2026-12-31","29","2881","5","9.47","8","11.26","Brazil","left","178","4.28","3.25","58.65","2.69","41.86","0.12","3.45","3.5","0.06","0.3","0","2.66","30.59","5.882","2.44","48.72","2.5","47.5","9.06","41.38","2.87","1.34","0.22","38.83","79.81","12.68","70.94","5.87","62.77","0.35","0.41","0.72","7.28","69.53","4.53","60","2.19","7.43","83.19"
"Rodrigo Henrique","China 1.","Meizhou Hakka","AMF, CF","32","350000","2025-12-31","29","2840","5","5.62","4","5.05","Brazil","right","178","3.55","3.68","58.62","2.5","20.25","0","1.89","6.91","0.13","0.18","0","1.55","38.78","10.204","3.87","31.15","8.68","58.03","21.2","43.8","3.33","3.39","0.35","35.46","76.41","10.68","69.73","2.82","58.43","0.16","0.25","0.41","4.94","76.28","3.77","41.18","1.01","5.07","86.25"
"Lu Zhuoyi","China 1.","Dalian Young Boy","RB","24","0","","29","2839","2","1.11","4","4.51","China PR","","175","11.41","8.81","62.59","3.04","46.88","0.13","6.77","2.12","0.06","0.04","0","0.98","9.68","6.452","2.28","34.72","2.5","49.37","5.04","41.51","0.98","1.52","0.29","29.96","71.43","14.55","62.31","5.99","46.03","0.14","0.06","0.19","5.2","60.98","2.44","41.56","0.57","8.62","65.44"
"Bruno Xadas","China 1.","Tianjin Tigers","RW, RWF, CF","27","1200000","2025-12-31","29","2831","7","5.92","7","9.48","Portugal","left","179","5.02","4.1","62.02","0.79","36","0.16","3.34","2.45","0.13","0.19","0.03","1.94","40.98","11.475","2.42","38.16","1.49","42.55","5.88","32.97","1.18","0.83","0.16","34.81","79.09","10.81","67.65","4.39","52.9","0.3","0.16","0.67","6.23","68.37","3.47","46.79","1.18","7.18","82.3"
"V. Qazaishvili","China 1.","Shandong Taishan","AMF, LWF, LW","32","1800000","2025-12-31","30","2813","27","20.7","5","4.35","Georgia","right","174","2.88","2.56","61.25","0.48","40","0.03","1.94","4.38","0.83","0.66","0.06","3.23","48.51","26.733","1.22","13.16","4.1","64.06","11.36","45.35","4.74","2.62","0.42","38.17","84.41","10.43","76.69","1.41","56.82","0.14","0.13","0.61","4.74","81.08","2.82","60.23","1.89","4.32","83.7"
"Liu Dianzuo","China 1.","Chengdu Rongcheng","GK","35","175000","2026-12-31","27","2805","0","0","0","0","China PR","right","190","0.87","0.03","100","0.39","91.67","0","1.31","0","0","0","0","0","0","0","0","0","0","0","0.13","100","0","0","0","14.57","80.84","9.5","72.3","7.06","63.18","0","0","0","1.8","55.36","0.1","0","0","5.13","75.63"
"Iago Maidana","China 1.","Henan","RCB, CB","29","1200000","2026-12-31","28","2803","4","3.56","4","0.98","Brazil","right","195","6.65","3.34","66.35","4.82","62.67","0.8","6.8","0.48","0.13","0.11","0.13","0.87","37.04","14.815","0.13","25","0.22","57.14","0.83","50","1.64","0.93","0.03","43.64","88.74","16.6","77.76","5.04","57.96","0.03","0","0.1","4.94","71.43","0.48","46.67","0.32","6.94","73.15"
"Davidson","China 1.","Qingdao West Coast","LAMF, LW","34","850000","2025-12-31","28","2798","8","6.86","3","4.52","Brazil","right","177","7.56","6.21","64.77","3.35","25","0.1","4.77","4.31","0.19","0.22","0","1.9","33.9","13.559","2.25","31.43","5.31","53.94","16.85","41.6","2.99","2.19","0.71","30.33","77.31","7.72","62.08","2.67","44.58","0.15","0.26","0.51","3.92","55.74","2.77","40.7","0.87","4.12","79.69"
"Mateus Vital","China 1.","Shanghai Port","RDMF, LDMF, AMF","27","3000000","2026-12-31","30","2784","5","3.2","7","6.11","Brazil","right","175","4.69","3.62","53.57","1.1","38.24","0.19","4.2","3.01","0.13","0.1","0","1.68","38.46","9.615","1.65","43.14","2.65","60.98","8.83","51.65","0.78","3.1","0.32","53.73","89.35","17.88","83.54","3.49","56.48","0.2","0.1","0.45","10.44","82.04","2.97","53.26","0.81","8.34","88.37"
"Y. Gurfinkel","China 1.","Chengdu Rongcheng","LB, LWB","27","500000","2026-01-31","28","2782","2","3.43","5","7.37","Israel","left","171","7.86","6.7","69.08","2.46","42.11","0.06","5.08","4.17","0.06","0.11","0","1.07","15.15","6.061","5.34","39.39","3.17","58.16","6.7","49.76","2.78","2.01","0.45","36.91","74.67","11.45","64.97","3.91","47.11","0.24","0.13","0.94","4.53","66.43","4.63","41.96","0.87","8.12","74.1"
"O. Omoijuanfo","China 1.","Changchun Yatai","CF, AMF, LW","31","1800000","2026-12-31","30","2780","6","7.72","4","1.36","Norway","right","188","4.6","3.69","60.53","6.12","41.27","0.06","3.11","2.23","0.16","0.25","0","1.68","42.31","11.538","0.97","16.67","2.49","53.25","7.67","39.24","2.82","1.65","0.32","26.94","78.49","7.15","60.63","0.94","41.38","0.04","0.1","0.23","2.65","53.66","1.55","27.08","0.45","2.53","60.26"
"Liu Haofan","China 1.","Zhejiang Professional","RCB, LCB","22","0","","27","2775","0","0.05","0","0.19","China PR","","0","7.91","6.62","62.75","1.98","39.34","0.36","4.68","0.32","0","0","0","0.03","0","0","0","0","0.39","83.33","2.3","53.52","0.13","0.97","0.06","47.35","87.81","20.85","79.47","7.95","59.59","0.01","0","0.03","5.84","72.78","0.65","35","0.19","8.95","67.03"
"Yan Junling","China 1.","Shanghai Port","GK","34","350000","2025-12-31","27","2769","0","0","0","0","China PR","right","191","0.94","0.03","100","0.29","100","0","1.44","0","0","0","0","0","0","0","0","0","0","0","0.03","100","0","0","0","16.32","92.03","7.93","85.66","2.99","66.3","0","0","0","0.68","28.57","0","0","0","2.34","69.44"
"A. Yakubu","China 1.","Qingdao West Coast","CF","27","3000000","2026-01-31","30","2761","10","10.81","7","4.64","Ghana","right","187","3.13","2.77","50.59","5.38","21.21","0.1","2.39","2.31","0.29","0.35","0.03","1.5","54.35","21.739","1.7","28.85","1.83","51.79","7.04","30.09","3.62","1.08","0.46","14.54","71.3","3.39","66.35","0.52","37.5","0.15","0.1","0.52","1.43","63.64","1.7","44.23","0.88","1.79","72.73"
"T. Letschert","China 1.","Chengdu Rongcheng","RCB","32","650000","2025-12-31","28","2756","5","4.95","2","2.82","Netherlands","right","188","7.9","5.29","74.07","4.18","57.81","0.33","6.26","2.06","0.16","0.16","0.07","1.11","32.35","14.706","1.14","74.29","1.31","60","3.66","51.79","1.7","2.55","0","53.82","88.53","22.57","80.75","8.03","67.89","0.09","0.07","0.36","9.73","79.19","2.25","69.57","1.11","11.53","86.12"
"Chow Tim","China 1.","Chengdu Rongcheng","RCMF","31","1200000","2026-01-31","27","2754","5","10.04","2","3.02","England","right","180","7.61","5.69","58.05","3.5","43.93","0.39","6.3","1.41","0.13","0.33","0.03","1.37","45.24","11.905","0.88","48.15","0.56","64.71","2.52","41.56","2.45","0.36","0.13","35.92","84.99","10.82","73.41","2.78","58.82","0.1","0","0.39","4.51","76.09","1.24","57.89","0.82","4.8","70.07"
"R. Dugalic","China 1."," Shenzhen Peng City","CB, RCB","33","700000","2025-12-31","27","2753","4","3.55","1","0.83","Serbia","right","194","10.2","4.05","74.19","7.29","72.65","1.18","8.72","0.33","0.13","0.12","0.07","0.75","34.78","17.391","0.13","0","0.13","50","0.85","30.77","1.27","0.33","0.03","34.52","87.22","15.79","79.3","3.79","56.9","0.03","0","0.1","2.29","65.71","0.46","28.57","0.33","6.7","63.9"
"Wang Shangyuan","China 1.","Henan","LCMF, LDMF, RDMF","32","500000","2026-12-31","28","2751","0","0.52","3","4.09","China PR","right","185","4.06","3.63","53.15","1.31","37.5","0.07","3.07","0.79","0","0.02","0","0.56","17.65","0","0.92","60.71","0.23","42.86","2.52","48.05","0.36","0.65","0","44.1","86.65","15.31","76.28","6.87","63.81","0.13","0.1","0.33","9.26","77.39","2.72","57.83","1.01","8.64","82.95"
"Wang Guoming","China 1.","Henan","GK","35","125000","2025-12-31","27","2750","0","0","0","0","China PR","right","187","1.44","0.16","80","0.16","80","0","1.96","0","0","0","0","0","0","0","0","0","0.03","0","0.03","0","0","0","0","13.68","89.71","8.71","85.71","5.14","76.43","0","0","0","0.49","66.67","0","0","0","4.09","79.2"
"Wu Xi","China 1.","Shanghai Shenhua","LCMF, LDMF","36","50000","2025-12-31","28","2737","9","8.05","5","4.17","China PR","right","180","6.77","4.21","59.38","3.52","42.99","0.2","5.72","1.58","0.2","0.26","0","1.61","42.86","18.367","0.62","42.11","0.95","55.17","3.42","46.15","2.63","0.72","0.03","37.19","81.08","13.84","68.88","5.92","56.11","0.14","0.16","0.49","6.68","68.47","2.76","47.62","1.18","7.37","78.57"
"Nené","China 1.","Yunnan Yukun","DMF, LCMF, RCMF","30","1500000","2026-12-31","28","2737","2","2.82","0","2.08","Portugal","left","187","8.62","6.21","53.97","2.1","51.56","0.59","6.1","1.68","0.07","0.09","0","1.28","23.08","5.128","0.66","45","1.78","57.41","5.75","49.14","0.62","0.69","0.1","34.26","80.71","11.8","64.07","4.93","54","0.07","0.16","0.26","7.23","65.45","2.1","42.19","0.62","5.13","76.28"
"Liao Junjian","China 1.","Meizhou Hakka","RCB","31","200000","2025-12-31","28","2725","1","1.2","1","0.56","China PR","right","183","8.98","5.09","62.99","5.09","52.6","1.19","7.72","0.23","0.03","0.04","0.03","0.33","30","10","0.23","42.86","0.1","33.33","0.53","37.5","0.5","0.53","0","34.45","84.66","15.82","74.74","6.9","59.81","0.02","0","0.07","5.12","64.52","0.92","42.86","0.36","7.03","70.42"
"Gustavo Sauer","China 1.","Wuhan Three Towns","CF, RW, AMF","32","1400000","2026-12-31","28","2714","7","8.23","7","6.04","Brazil","left","181","5.14","5.87","53.11","1.76","45.28","0","2.26","4.18","0.2","0.27","0.03","2.42","50.68","9.589","1.66","36","4.21","54.33","10.51","46.37","2.02","2.25","0.96","19.27","79.86","5.31","70.63","1.56","55.32","0.2","0.13","0.3","2.16","75.38","1.92","50","0.6","3.02","78.02"
"Cryzan","China 1.","Shandong Taishan","CF, AMF, LAMF","29","4500000","2027-12-31","27","2711","11","11.4","10","6.95","Brazil","right","190","5.61","5.28","53.46","4.42","30.83","0.13","4.1","6.08","0.27","0.38","0.03","4.02","28.1","9.091","2.86","43.02","7.57","47.37","20.12","39.77","5.11","4.02","0.53","35.82","79.8","9.53","75.26","2.86","68.6","0.23","0.3","0.8","3.88","77.78","4.75","64.34","2.62","5.68","85.38"
"Leo","China 1.","Shanghai Port","CF, AMF","28","3500000","2027-12-31","30","2702","21","13.82","5","2.9","Brazil","right","180","1.7","1.97","42.37","1.67","28","0.07","1.23","3.03","0.7","0.46","0.03","2.93","48.86","23.864","0.7","23.81","2.13","54.69","7.03","35.07","4.46","0.57","0","19.85","70.47","5.5","54.55","1.1","57.58","0.1","0.43","0.47","2.53","69.74","1.8","51.85","1.33","2.8","70.24"
"F. Acheampong","China 1.","Henan","LAMF, LW","32","1200000","2025-12-31","30","2701","13","9.7","3","3.79","Ghana","left","169","3.4","3.03","57.14","2.43","31.51","0.07","2.35","3.9","0.43","0.32","0.2","1.77","47.17","24.528","2.43","34.25","3.3","67.68","10.6","48.74","4.3","2.43","0.53","18.96","79.09","3.43","74.76","0.77","65.22","0.13","0.03","0.4","1.1","81.82","1.63","67.35","1.13","2.33","82.86"
"M. Palacios","China 1.","Wuhan Three Towns","LW, CF, LAMF","32","300000","2025-12-31","30","2697","3","5.89","2","5.85","Colombia","right","180","4.87","5.01","59.33","2.84","41.18","0.07","2.41","7.68","0.1","0.2","0","1.54","39.13","6.522","5.47","35.98","8.84","57.74","18.19","43.12","3.14","3.5","0.8","28.16","72.04","5.24","69.43","1.8","62.96","0.2","0.07","0.73","1.94","62.07","4.47","47.76","1.1","4.44","75.94"
"Wellington Silva","China 1.","Qingdao Hainiu","LW, CF, LWF","32","400000","2025-12-31","29","2690","11","9.33","1","3.62","Brazil","right","170","3.71","3.35","59","1.37","26.83","0.03","2.25","4.48","0.33","0.31","0","2.51","36","14.667","1.14","26.47","5.35","57.5","11.58","44.8","2.94","3.65","0.4","22.88","80.26","5.22","70.51","1.41","64.29","0.12","0.3","0.47","1.97","77.97","2.17","56.92","1.17","2.94","81.82"
"Zhen Ma","China 1.","Yunnan Yukun","GK","27","200000","2026-12-31","26","2688","0","0","0","0","China PR","","196","1.57","0.27","62.5","0.4","83.33","0","1.78","0.03","0","0","0","0","0","0","0","0","0.03","100","0.07","100","0","0","0.03","12.69","78.89","9.61","74.56","6.5","62.89","0","0","0","2.54","65.79","0.13","0","0.03","5.16","76.62"
"Jiang Shenglong","China 1.","Shanghai Shenhua","RCB","24","750000","2026-12-31","26","2682","4","3.85","0","0.38","China PR","right","193","6.71","3.15","59.57","4.5","63.43","0.74","7.14","0.47","0.13","0.13","0.1","0.6","44.44","22.222","0.3","55.56","0.07","50","0.54","31.25","1.04","0.7","0","42.82","89.81","16.54","80.73","4.97","56.08","0.01","0","0.07","5.44","68.52","1.04","51.61","0.47","6.41","75.92"
"Zhu Chenjie","China 1.","Shanghai Shenhua","LCB","25","650000","2025-12-31","27","2682","1","3.29","2","1.26","China PR","right","185","6.14","3.69","76.36","3.66","55.05","0.57","4.87","0.4","0.03","0.11","0.03","0.74","31.82","4.545","0.17","20","0.13","50","0.64","42.11","1.17","0.97","0","46.17","92.59","16.98","85.97","3.72","57.66","0.04","0.07","0.13","4.83","77.78","0.4","25","0.34","6.51","78.35"
"Park Ji-Soo","China 1.","Wuhan Three Towns","LCB","31","650000","2025-12-31","26","2652","1","1.13","0","0.26","Korea Republic","left","188","8.79","4.65","62.77","3.83","67.26","0.71","7.5","0.44","0.03","0.04","0.03","0.24","42.86","14.286","0.2","66.67","0.27","75","1.49","56.82","0.51","1.12","0.17","45.1","88.56","18.09","80.68","6.86","65.35","0.01","0.07","0.07","5.16","75","0.54","37.5","0.17","8.11","67.78"
"Shinichi Chan","China 1.","Shanghai Shenhua","LB","23","300000","2026-12-31","28","2638","4","3.18","4","3.16","Japan","left","184","7.47","5.63","63.64","2.66","46.15","0.17","5.58","3.31","0.14","0.11","0","0.99","34.48","13.793","4.74","32.37","2.83","50.6","4.67","43.8","2.18","1.4","0.14","37.53","74.45","13.13","66.23","4.03","47.46","0.11","0","0.44","4.44","65.38","3.72","44.95","0.51","7.74","66.96"
"Rômulo","China 1.","Chengdu Rongcheng","RW, RWF","30","2500000","2027-01-31","29","2617","8","7.31","6","9.06","Brazil","left","172","3.58","3.58","57.69","1.24","30.56","0.03","2.35","3.44","0.28","0.25","0.07","2.54","43.24","10.811","2.79","25.93","1.96","61.4","6.29","51.91","2.61","0.89","0.14","40.68","77.26","13.14","68.32","4.75","65.94","0.31","0.86","0.72","7.08","72.33","5.64","49.39","2.51","7.74","88"
"João Teixeira","China 1.","Shanghai Shenhua","AMF","32","1000000","2025-12-31","27","2600","6","3.97","3","3.47","Portugal","right","177","6.02","5.37","60.65","1.38","35","0.17","3.93","3.57","0.21","0.14","0","1.8","38.46","11.538","1.63","36.17","3.84","57.66","13.12","48.28","2.49","2.91","0.31","46.14","84.17","14.64","73.05","5.5","63.52","0.12","0.21","0.52","7.44","73.95","3.57","58.25","2.01","7.65","89.14"
"Liu Yang","China 1.","Shandong Taishan","LB, LWB","30","600000","2027-12-31","29","2594","2","3.01","3","2.86","China PR","left","184","8.22","5.97","62.79","3.64","71.43","0.17","6.02","2.88","0.07","0.1","0","0.69","45","10","2.98","39.53","2.12","62.3","4.3","45.16","1.14","1.6","0.24","42.54","81","14.61","73.4","4.72","55.88","0.1","0.17","0.38","5.66","72.39","3.23","49.46","0.56","8.92","77.43"
"Guga","China 1.","Beijing Guoan","LCMF, LW","28","2500000","2025-12-31","30","2588","4","3.62","6","5.91","Portugal","right","168","5.49","4.24","62.3","0.73","38.1","0.17","4.91","1.98","0.14","0.13","0","1.39","32.5","10","1.67","35.42","1.46","52.38","6.09","45.71","1.91","1.81","0.42","49.28","91.32","11.27","85.8","1.32","57.89","0.21","0.24","0.49","6.33","89.01","2.33","70.15","1.29","5.08","88.36"
"Liao Jintao","China 1.","Dalian Young Boy","RCMF","25","100000","2026-12-31","29","2576","0","0.6","0","0.6","China PR","left","177","8.45","5.9","63.31","2.17","50","0.31","5.79","0.63","0","0.02","0","0.52","20","0","0.45","46.15","0.38","54.55","3.49","39","0.56","0.52","0.07","36.93","81.65","13.42","65.89","4.65","51.13","0.02","0.14","0.1","7.72","66.97","1.82","48.08","0.59","6.29","76.11"
"Wang Jianan","China 1.","Meizhou Hakka","LB, RB","32","100000","2025-12-31","28","2571","0","0.28","1","1.33","China PR","right","180","8.12","6.62","66.14","2.35","43.28","0.18","4.89","1.47","0","0.01","0","0.28","12.5","0","1.72","30.61","1.79","50.98","3.68","42.86","0.18","0.63","0.07","32.24","78.83","15.51","74.72","3.85","50","0.05","0","0.18","4.76","74.26","2.14","40.98","0.28","7.81","66.82"
"J. Mbekeli","China 1.","Meizhou Hakka","LW, LAMF","27","400000","2026-12-31","27","2571","5","4.95","3","3.55","Cameroon","both","175","6.76","6.72","61.46","3.36","42.71","0.07","3.21","6.02","0.18","0.17","0","2.59","32.43","6.757","3.43","33.67","7.53","53.02","14.84","40.8","2.66","3.43","0.67","23.77","67.16","7.39","56.87","2.98","43.53","0.12","0.11","0.49","2.63","60","2.91","48.19","0.7","4.73","70.37"
"Tan Long","China 1.","Changchun Yatai","CF","37","50000","2026-12-31","28","2556","9","6.39","2","2.44","China PR","right","185","2.32","2.11","55","6.58","29.95","0.07","1.56","1.41","0.32","0.23","0.11","1.3","56.76","24.324","0.77","40.91","0.99","35.71","4.4","31.2","1.97","0.35","0","12.71","76.45","2.5","69.01","0.39","72.73","0.09","0.04","0.35","0.81","73.91","0.81","52.17","0.39","1.27","77.78"
"Jin Yangyang","China 1.","Qingdao Hainiu","CB, LCB","32","100000","2025-12-31","27","2555","0","0.21","1","0.12","China PR","right","192","9.37","5.53","63.69","4.02","61.4","0.53","7.26","0.18","0","0.01","0","0.14","25","0","0.07","100","0.07","100","0.46","38.46","0.18","0.07","0","35.15","87.37","13.88","76.65","4.61","55.73","0","0","0.07","2.47","64.29","0.14","50","0","5.11","56.55"
"L. Rosić","China 1.","Changchun Yatai","LCB, CB","32","400000","2025-12-31","25","2540","1","1.22","0","0.58","Serbia","right","190","8.65","4.29","65.29","5.85","66.67","0.78","7.57","0.32","0.04","0.04","0.04","0.43","25","8.333","0.35","30","0.14","75","1.1","64.52","0.46","0.39","0.04","37.24","85.06","17.11","74.33","7.37","58.65","0.02","0","0.14","6.02","65.29","0.92","42.31","0.32","7.87","73.42"
"O. Maritu","China 1.","Yunnan Yukun","RW, CF","26","900000","2026-12-31","26","2538","9","8.87","8","4.88","Congo DR","right","182","2.52","1.84","55.77","12.98","50.27","0","1.87","2.8","0.25","0.31","0.07","1.81","43.14","17.647","2.38","25.37","2.2","62.9","8.48","33.89","3.69","1.56","0.25","15.74","59.91","3.62","44.12","1.1","35.48","0.17","0.04","0.53","1.63","30.43","2.16","36.07","0.85","2.41","66.18"
"Hou Sen","China 1.","Beijing Guoan","GK","36","100000","2027-12-31","25","2518","0","0","0","0","China PR","right","188","1.57","0.21","33.33","0.29","100","0","2.76","0","0","0","0","0","0","0","0","0","0","0","0.07","50","0","0","0","19.52","89.93","11.37","84.28","5.97","70.06","0","0","0","0.61","41.18","0.04","0","0","4.79","76.12"
"Matheus Índio","China 1.","Qingdao West Coast","LDMF, RDMF, LCMF","26","800000","2026-12-31","26","2499","5","3.76","1","2.12","Brazil","right","182","8.43","5.87","66.87","2.99","36.14","0.25","5.76","1.19","0.14","0.14","0.07","0.97","29.63","18.519","0.5","35.71","0.86","75","4.65","53.49","0.94","1.3","0.18","35.51","84.58","13.15","73.15","2.81","52.56","0.08","0.11","0.22","5.69","72.15","0.68","47.37","0.47","5.26","73.29"
"Dawhan","China 1.","Beijing Guoan","DMF, RCMF, LCMF","29","1200000","2027-12-31","26","2496","1","1.01","5","2.75","Brazil","right","177","6.13","4.54","61.11","2.67","52.7","0.36","6.19","1.08","0.04","0.04","0.04","0.5","35.71","7.143","0.5","57.14","0.72","70","4.18","42.24","0.94","1.33","0.18","54.66","92.35","13.99","84.02","2.6","68.06","0.1","0.14","0.47","6.96","83.42","1.55","67.44","1.08","6.06","79.76"
"E. Karzev","China 1."," Shenzhen Peng City","DMF, LCMF, RCMF","25","1800000","2027-12-31","27","2468","1","1.08","4","3.3","Israel","right","186","7.22","6.89","51.85","1.82","48","0.11","3.59","1.86","0.04","0.04","0","1.17","37.5","3.125","0.95","46.15","1.68","54.35","5","41.61","0.47","0.95","0.04","36.9","81.62","11.12","62.3","5.14","59.57","0.12","0.29","0.11","7.22","66.67","1.79","53.06","0.44","5.94","75.46"
"C. Malele","China 1.","Dalian Young Boy","CF","31","1200000","2027-12-31","26","2448","6","8.54","2","3.06","Angola","right","185","2.79","3.35","49.45","7.21","39.29","0","1.49","2.9","0.15","0.31","0.04","1.65","44.44","13.333","1.73","36.17","2.06","71.43","13.01","35.88","4.41","2.02","0.44","22.76","72.37","4.49","58.2","0.74","55","0.11","0.29","0.48","1.8","61.22","1.95","52.83","1.29","2.57","80"
"Wang Yudong","China 1.","Zhejiang Professional","CF, AMF, LWF","19","0","2029-12-31","28","2446","11","9","4","3.77","China PR","unknown","0","3.13","2.87","55.13","2.21","26.67","0.04","1.83","3.02","0.4","0.33","0.07","2.39","38.46","16.923","1.25","32.35","3.13","52.94","7.21","45.92","3.79","2.02","0.37","26.01","82.46","4.38","61.34","1.88","62.75","0.14","0.18","0.33","2.76","62.67","1.36","43.24","0.52","2.8","68.42"
"Huang Ruifeng","China 1.","Henan","LB, RB, RCB","26","150000","2026-12-31","28","2442","0","0.53","0","1.77","China PR","right","180","9.18","8.11","60.91","2.8","55.26","0.22","6.09","0.77","0","0.02","0","0.29","0","0","1.66","31.11","0.96","23.08","2.8","31.58","0.7","1.25","0.11","31.77","77.84","14.04","68.5","3.06","49.4","0.07","0.07","0.29","4.72","71.09","2.36","48.44","0.7","7.04","75.92"
"N. Yennaris","China 1.","Shanghai Shenhua","DMF, RDMF","32","300000","2025-12-31","28","2432","0","0.85","0","0.65","England","right","171","7.85","6.62","65.92","3.03","40.24","0.15","4.89","0.26","0","0.03","0","0.59","18.75","0","0.33","33.33","0.3","12.5","1.78","29.17","0.3","0.37","0.07","36.56","87.45","11.77","77.04","2.52","57.35","0.02","0.04","0.07","5.07","81.02","1.26","41.18","0.44","5.03","67.65"
"D. Morris","China 1.","Meizhou Hakka","LCB","30","500000","2025-12-31","24","2416","1","1.28","0","0","United States","right","186","7.26","4.25","72.81","2.64","52.11","0.67","5.54","0.22","0.04","0.05","0","0.19","20","20","0","0","0.26","71.43","1.42","47.37","0.19","0.63","0.11","36.43","88.75","15.83","79.06","4.06","51.38","0","0","0","4.21","71.68","0.37","30","0.07","5.89","66.46"
"S. Sunzu","China 1.","Changchun Yatai","CB, RCB","36","100000","2025-12-31","26","2410","0","1.35","0","0.03","Zambia","right","192","8.81","4.29","65.22","5.53","66.89","1.01","7.56","0.11","0","0.05","0","0.37","0","0","0","0","0.19","60","0.82","63.64","0.56","0.11","0.04","31.56","85.56","12.14","72","6.01","65.84","0","0","0","2.99","63.75","0.34","44.44","0.11","6.05","64.2"
"B. Jočić","China 1.","Meizhou Hakka","RCMF, RDMF","31","200000","2025-12-31","25","2408","1","3.42","1","0.75","Serbia","right","182","8.63","6.58","57.95","3.96","49.06","0.41","6.45","0.26","0.04","0.13","0.04","0.49","23.08","7.692","0.22","50","0.19","20","1.31","68.57","0.75","0.41","0","33.41","79.87","12.97","63.11","4.63","53.23","0.03","0","0.07","4.9","65.65","0.86","47.83","0.22","5.46","59.59"
"Pedro Henrique","China 1.","Yunnan Yukun","CF","29","1400000","2026-12-31","29","2391","11","11.65","2","1.48","Brazil","right","188","3.05","2.63","52.86","10.92","42.76","0.08","2.18","1.43","0.34","0.44","0.11","2.15","42.11","19.298","0.53","21.43","0.64","64.71","7.45","32.83","3.54","0.41","0","14.42","70.5","2.82","54.67","0.94","40","0.06","0.04","0.23","1.47","48.72","0.94","36","0.56","1.66","61.36"
"I. Alimi","China 1.","Dalian Young Boy","LCMF, DMF","31","900000","2026-12-31","25","2389","0","2.44","1","0.99","North Macedonia","left","186","9.15","7.2","62.83","3.43","54.95","0.19","5.68","1.32","0","0.09","0","1.24","12.12","0","0.6","43.75","1.62","48.84","5.39","39.16","1.88","0.83","0.08","46.83","81.26","18.31","70.16","6.56","62.64","0.04","0.19","0.19","8.66","75.65","2.67","59.15","1.51","9.15","77.37"
"Wang Dalei","China 1.","Shandong Taishan","GK","36","200000","2026-12-31","24","2368","0","0","0","0.23","China PR","right","185","0.72","0.27","42.86","0.19","100","0","0.89","0","0","0","0","0","0","0","0","0","0.04","0","0.15","75","0","0","0","12.73","78.81","8.67","69.74","6.23","60.37","0.01","0","0.04","2.2","50","0.15","25","0.04","4.71","76.61"
"Guilherme Madruga","China 1.","Shandong Taishan","RCMF, LCMF","25","0","2026-12-31","28","2367","4","3.3","1","2.08","Brazil","right","187","9.47","7","53.26","4.26","63.39","0.46","7.51","1.67","0.15","0.13","0","1.67","38.64","9.091","0.3","25","1.25","72.73","6.58","50.29","1.52","0.72","0.11","36.31","87.43","10.72","75.53","2.66","57.14","0.08","0.19","0.23","4.83","80.31","1.18","58.06","0.76","4.94","76.15"
"Nélson da Luz","China 1.","Qingdao West Coast","RAMF, RW","27","800000","2027-12-31","27","2342","5","8.94","0","3.69","Angola","left","183","7.88","6.49","60.95","3.5","36.26","0.23","5.61","4.19","0.19","0.34","0","2.57","34.33","7.463","1.88","30.61","5.15","50.75","11.99","40.71","3.3","1.92","0.5","22.79","75.21","5.19","58.52","1.15","36.67","0.14","0.23","0.54","1.81","68.09","2.61","42.65","0.88","3.46","57.78"
"A. Tudorie","China 1.","Wuhan Three Towns","CF","29","750000","2025-12-31","26","2336","10","12.88","0","1.7","Romania","right","192","2.85","2.08","61.11","7.82","39.41","0.15","2.12","1.43","0.27","0.5","0.12","2.31","38.33","16.667","0.23","50","0.77","50","4.89","33.86","3.66","0.46","0.04","13.99","76.58","2.27","54.24","0.35","77.78","0.07","0.04","0.19","0.81","61.9","0.62","56.25","0.85","1.04","51.85"
"Gabrielzinho","China 1.","Shanghai Port","LAMF, LW, LWF","29","450000","2026-06-30","26","2329","11","11.17","5","4.79","Brazil","right","171","4.02","3.28","62.35","2.32","16.67","0.08","3.08","4.06","0.31","0.43","0.04","2.13","47.27","20","1.74","35.56","4.71","50.82","14.22","35.33","3.9","4.06","0.89","25.97","84.82","3.32","66.28","0.31","25","0.18","0.04","0.46","0.93","54.17","2.16","53.57","1.39","2.32","85"
"Li Shuai","China 1.","Shanghai Port","LB","30","325000","2025-12-31","25","2323","2","1.63","6","2.1","China PR","left","180","5.77","5","48.06","1.28","30.3","0.08","4.86","2.13","0.08","0.06","0.04","0.46","16.67","16.667","2.79","31.94","1.51","76.92","3.45","49.44","1.78","2.05","0.15","39.05","82.24","14.18","78.14","2.71","40","0.08","0","0.43","5.54","79.72","2.17","41.07","0.46","6.51","76.19"
"Chen Zhechao","China 1.","Wuhan Three Towns","LB","30","125000","2026-12-31","26","2310","0","0.07","0","0.97","China PR","left","177","7.36","6.19","58.49","1.21","35.48","0.23","4.91","1.79","0","0","0","0.16","25","0","2.65","25","1.71","63.64","3.7","58.95","0.47","1.44","0.04","40.99","82.41","16.91","77.88","3.97","50","0.04","0.04","0.27","5.42","78.42","2.77","32.39","0.35","7.71","70.71"
"Felippe Cardoso","China 1.","Henan","CF","27","800000","2028-06-30","25","2292","10","15.28","6","2.24","Brazil","right","187","2.51","2.2","55.36","6.64","33.73","0.08","2.05","3.42","0.12","0.6","0.04","3.02","44.16","12.987","0.63","31.25","3.49","52.81","13.74","33.14","4.28","1.77","0.39","15.43","76.08","4.28","72.48","0.35","44.44","0.09","0.12","0.39","1.34","79.41","1.06","66.67","1.37","1.81","71.74"
"Xue Qinghao","China 1.","Shanghai Shenhua","GK","25","100000","2025-12-31","22","2282","0","0","0","0","China PR","right","195","1.74","0.08","100","0.32","87.5","0","2.38","0","0","0","0","0","0","0","0","0","0","0","0.04","100","0","0","0","15.62","86.87","8.72","78.73","5.21","63.64","0","0","0","0.99","48","0.04","0","0","3.94","74"
"Wang Qiuming","China 1.","Tianjin Tigers","LCMF, RW, LW","32","300000","2026-12-31","30","2281","5","5.01","1","2.24","China PR","right","174","4.73","4.89","54.84","1.78","11.11","0.39","2.54","1.54","0.2","0.2","0.04","0.99","56","20","0.28","42.86","1.46","59.46","5.01","44.09","1.58","0.55","0.04","18.54","85.74","4.22","72.9","0.91","56.52","0.09","0.08","0.24","1.78","68.89","0.59","46.67","0.43","2.01","62.75"
"Deng Hanwen","China 1.","Wuhan Three Towns","RB","30","400000","2025-12-31","24","2278","1","1.49","3","1.92","China PR","right","178","9.4","7.94","67.16","2.09","30.19","0.28","4.91","2.41","0.04","0.06","0","0.71","11.11","5.556","2.69","39.71","2.13","59.26","6.2","44.59","1.03","1.34","0.24","32.71","83.09","12.25","78.39","2.88","54.79","0.08","0","0.43","4.15","76.19","2.65","55.22","0.55","7.11","80.56"
"Xu Bin","China 1.","Qingdao West Coast","RDMF, LDMF, RCMF","21","0","2025-12-31","27","2248","0","0.42","3","1.54","China PR","unknown","175","10.41","7.09","65.54","2.36","38.98","0.4","7.5","0.84","0","0.02","0","0.2","20","0","0.72","38.89","1","48","3.16","36.71","0.24","0.44","0.16","34.83","76.9","13.85","65.32","5.2","53.85","0.06","0.2","0.16","7.25","61.33","1.56","30.77","0.4","6.73","71.43"
"Yang Yiming","China 1."," Shenzhen Peng City","RCB","30","250000","2026-12-31","26","2246","2","1.16","1","0.59","China PR","right","192","7.85","6.89","61.05","3.37","51.19","0.64","4.5","1.28","0.08","0.05","0.04","0.4","40","20","0.96","33.33","1.32","60.61","3.57","41.57","0.6","0.72","0","31.06","79.61","13.18","68.09","5.01","57.6","0.02","0.04","0.12","4.09","62.75","1.08","40.74","0.28","6.73","61.9"
"Li Yang","China 1.","Chengdu Rongcheng","LCB, CB","28","100000","2026-01-04","29","2241","0","1.09","0","0.76","China PR","right","186","6.47","5.02","67.2","4.98","52.42","0.32","4.43","0.68","0","0.04","0","0.4","40","0","0.44","54.55","0.36","77.78","2.17","48.15","0.64","0.96","0.12","44.22","86.56","18.96","75.42","5.86","50","0.03","0","0.08","7.03","67.43","1.04","50","0.52","7.43","72.43"
"Darlan","China 1.","Wuhan Three Towns","LCMF, LDMF, AMF","27","1200000","2025-12-31","30","2231","1","2.08","1","3.08","Brazil","left","174","5.97","4.68","58.62","0.85","23.81","0.12","4.46","2.06","0.04","0.08","0","0.97","25","4.167","1.65","43.9","1.53","65.79","5.93","46.26","1.57","1.69","0.24","45.63","83.02","14.64","68.04","7.02","56.9","0.12","0.16","0.48","8.11","72.14","3.27","46.91","1.17","7.18","72.47"
"Cao Yongjing","China 1.","Beijing Guoan","RW, RWB, CF","28","175000","2029-12-31","28","2220","3","4.94","2","2.93","China PR","right","180","7.3","7.26","56.42","0.85","28.57","0.08","5.54","3.85","0.12","0.2","0","1.66","34.15","7.317","2.72","31.34","3.69","61.54","9.73","41.25","2.43","2.19","0.41","39.65","81.6","10.05","73.39","1.46","52.78","0.12","0.32","0.61","3.36","83.13","3.36","54.22","1.46","6.73","77.71"
"Cristian Salvador","China 1.","Tianjin Tigers","RCMF, LCMF","31","800000","2026-12-31","24","2212","1","0.73","3","1.85","Spain","right","183","10.25","9.11","68.75","3.01","43.24","0.28","5.12","1.63","0.04","0.03","0","0.81","5","5","0.53","53.85","1.99","61.22","6.92","41.18","0.73","1.3","0.28","43.54","85.33","12.86","71.52","4.23","60.58","0.08","0.12","0.24","5.9","74.48","1.18","62.07","0.69","7.28","68.16"
"Ba Dun","China 1.","Tianjin Tigers","RB, RWB","30","400000","2027-12-31","26","2206","0","0.86","2","1.47","China PR","right","181","8.28","6.57","61.49","2.16","39.62","0.16","5.83","2.94","0","0.04","0","0.53","30.77","0","3.1","42.11","2.94","48.61","7.26","35.96","0.9","1.67","0.37","37.62","81.24","10.85","66.92","3.88","49.47","0.06","0.12","0.33","4.49","65.45","2.98","56.16","0.69","7.75","71.05"
"Yang Mingyang","China 1.","Chengdu Rongcheng","LCMF, RCMF","30","200000","2027-01-31","26","2190","3","2.15","0","0.42","Switzerland","right","175","6.62","5.79","61.7","1.93","40.43","0","3.94","1.27","0.12","0.09","0.04","1.03","40","12","0.9","27.27","1.03","52","2.67","41.54","0.82","1.15","0.33","44.05","88.06","11.63","75.27","2.75","70.15","0.02","0.12","0.08","5.92","80.56","1.44","42.86","0.53","5.34","76.92"
"E. Sarić","China 1.","Qingdao Hainiu","LCMF, RCMF","35","200000","2025-12-31","23","2190","5","4.5","2","3.91","Croatia","left","180","7.4","6.74","51.83","1.32","56.25","0.08","4.79","3.08","0.12","0.18","0","1.93","36.17","10.638","2.47","36.67","2.92","46.48","9.62","36.75","1.19","1.32","0","41.92","79.71","10.03","63.52","4.19","50.98","0.16","0.33","0.41","5.71","66.19","3.58","37.93","0.7","5.88","66.43"
"Dilmurat Mawlanyaz","China 1.","Yunnan Yukun","LB, RB, RWB","27","100000","2025-12-31","23","2187","2","0.52","0","0.53","China PR","right","169","10.99","8.52","65.7","1.77","48.84","0.45","6.28","1.6","0.08","0.02","0","0.37","33.33","22.222","2.02","44.9","0.82","70","3.17","40.26","0.25","0.86","0","30.86","75.47","13.54","63.53","6.42","48.08","0.02","0","0.12","5.1","58.06","2.72","53.03","0.66","8.11","68.02"
"Li Yuanyi","China 1.","Shandong Taishan","LCMF, RCMF, LDMF","32","325000","2026-12-31","28","2180","1","2.85","5","4.68","China PR","left","183","5.86","5.12","54.84","1.78","48.84","0.33","4.21","1.44","0.04","0.12","0","1.24","26.67","3.333","1.82","31.82","1.11","48.15","3.51","42.35","1.49","0.78","0.12","39.8","84.23","12.92","75.08","3.34","54.32","0.19","0","0.45","7.39","73.74","2.27","38.18","0.58","6.23","76.16"
"Liu Junshuai","China 1.","Qingdao Hainiu","LCB, RCB","30","150000","2027-12-31","27","2180","2","1.07","0","0.38","China PR","right","185","9.12","6.36","60.39","5.37","50.77","0.83","7.03","0.37","0.08","0.04","0.08","0.29","57.14","28.571","0.25","50","0.12","66.67","0.5","50","0.7","0.29","0","37.86","81.57","17.46","69.74","6.07","40.82","0.02","0","0.08","4.95","50.83","0.7","47.06","0.29","6.73","59.51"
"M. Ngadeu-Ngadjui","China 1.","Beijing Guoan","CB, RCB","35","800000","2025-12-31","22","2173","1","2.04","0","0.46","Cameroon","right","190","7.99","4.18","65.35","3.98","71.88","0.46","9.61","0.41","0.04","0.08","0.04","0.66","37.5","6.25","0.08","50","0.12","100","1.2","44.83","0.95","0.66","0","71.53","90.1","27.21","80.82","8.45","57.35","0.02","0","0.04","7.08","64.33","1.12","40.74","0.46","10.11","71.31"
"Jiang Guangtai","China 1.","Shanghai Port","RCB, CB","31","800000","2026-12-31","22","2171","0","0.67","0","0","England","right","187","7.05","3.44","60.24","4.73","65.79","0.79","7.58","0.04","0","0.03","0","0.17","0","0","0","0","0.04","100","0.91","45.45","0.25","0.08","0.04","51.49","88.73","19.61","78.01","4.19","47.52","0","0","0","5.64","69.12","0.04","0","0","8.37","67.82"
"Wu Yake","China 1.","Changchun Yatai","GK","34","100000","","21","2159","0","0","0","0","China PR","right","186","1.5","0","0","0.25","66.67","0","1.96","0.04","0","0","0","0","0","0","0","0","0.04","100","0.13","100","0","0","0","12.76","84.31","9.13","80.37","6.29","73.51","0","0","0","0.92","68.18","0","0","0","4.84","74.14"
"Yan Bingliang","China 1.","Tianjin Tigers","GK","25","0","2026-12-31","21","2146","0","0","0","0","China PR","","0","1.55","0.13","100","0.46","90.91","0","1.9","0","0","0","0","0","0","0","0","0","0","0","0.13","100","0","0","0","15.27","84.34","8.89","75.47","6","63.64","0","0","0","1.05","60","0","0","0","4.7","69.64"
"Filipe Augusto","China 1.","Qingdao Hainiu","LCMF, RCMF, DMF","32","700000","","23","2146","2","1.88","1","1.8","Brazil","left","182","8.05","7.3","57.47","1.68","42.5","0.21","4.89","1.09","0.04","0.08","0","1.05","16","8","0.59","50","1.01","58.33","4.45","33.02","0.75","1.05","0.04","49.24","90.37","14.55","80.98","3.02","69.44","0.08","0.13","0.13","6.75","87.58","1.17","46.43","0.34","7.21","75.58"
"Xu Haofeng","China 1.","Changchun Yatai","RB, LB, RWB","26","150000","2026-12-31","22","2114","0","0.26","0","0.83","China PR","right","182","9.71","9.28","66.06","2.55","53.33","0.09","4.52","2.04","0","0.01","0","0.21","0","0","2","29.79","2.38","60.71","7.41","43.1","0.94","2.13","0.26","29.63","76.15","11.96","62.99","4.43","50","0.04","0","0.09","3.45","60.49","2.6","49.18","0.94","6.56","68.83"
"André Luis","China 1.","Shanghai Shenhua","CF","31","1500000","2025-12-31","23","2114","10","12.27","2","1.19","Brazil","right","184","2.21","2.38","39.29","6.64","54.49","0.13","1.8","2.04","0.3","0.52","0.09","2.85","32.84","14.925","0.68","25","1.7","50","5.83","44.53","4.39","0.94","0.04","17.92","75.77","3.19","57.33","0.51","41.67","0.05","0.13","0.38","0.85","55","1.4","54.55","0.98","1.28","66.67"
"Long Wei","China 1.","Wuhan Three Towns","RCMF, LCMF, LDMF","30","100000","2026-12-31","28","2102","1","0.46","0","0.37","China PR","right","182","7.11","6.29","59.18","1.54","33.33","0.21","4.27","0.69","0.04","0.02","0","0.51","25","8.333","0.26","66.67","0.6","64.29","3.43","38.75","0.04","0.56","0","34.68","85.19","10.28","67.08","3.64","42.35","0.02","0.09","0.04","5.14","70.83","1.07","36","0.26","4.54","66.98"
"Yuan Mincheng","China 1.","Chengdu Rongcheng","CB, LCB","30","200000","2026-12-31","24","2101","2","1.58","1","0.25","China PR","right","186","5.01","4.84","61.06","3.6","55.95","0.3","3.18","0.21","0.09","0.07","0","0.26","33.33","33.333","0.21","20","0.21","40","1.11","34.62","0.94","0.21","0.04","38.21","90.81","12.89","82.06","3.21","61.33","0.01","0","0.04","2.27","71.7","0.3","57.14","0.13","5.44","66.14"
"A. Ioniţă","China 1.","Yunnan Yukun","RCMF","30","700000","2027-12-31","25","2091","3","2.73","4","3.49","Romania","left","178","6.67","6.03","62.14","1.68","51.28","0.09","3.34","3.36","0.13","0.12","0","1.68","28.21","7.692","1.68","20.51","4.22","57.14","9.12","43.87","1.25","2.71","0.22","27.37","72.33","10.07","65.38","2.84","43.94","0.15","0.3","0.43","5.47","65.35","2.2","33.33","0.6","5.16","75.83"
"Zeca","China 1.","Shandong Taishan","CF","28","750000","2026-12-31","23","2076","12","9.34","8","3.23","Brazil","right","190","4.6","5.12","55.93","6.98","49.07","0.09","2.47","2.34","0.52","0.41","0.13","2.12","57.14","24.49","1.04","29.17","1.95","37.78","9.71","30.36","4.99","1.73","0.35","23.8","72.5","5.68","65.65","0.69","56.25","0.14","0.13","0.69","1.82","66.67","2.3","64.15","1.73","2.21","66.67"
"Zhang Xiaobin","China 1."," Shenzhen Peng City","DMF, LCMF, RCMF","32","150000","2026-12-31","26","2071","0","0.12","1","0.2","China PR","right","188","5.21","4.65","60.75","1.43","51.52","0.26","2.56","0.43","0","0.01","0","0.17","25","0","0.3","42.86","0.22","100","1.87","37.21","0.26","0.22","0","31.42","82.57","9.69","67.26","2.61","55","0.01","0.09","0.09","3.69","67.06","1.09","28","0.22","4.3","61.62"
"Edu García","China 1."," Shenzhen Peng City","RW, CF, LW","35","100000","2025-12-31","25","2069","6","4.61","6","2.04","Spain","right","182","5.18","5","52.17","4.39","43.56","0.17","2.91","3","0.26","0.2","0.09","1.91","40.91","13.636","1.87","41.86","2.44","53.57","6.35","43.84","2.35","2.09","0.43","29.19","76.6","8.22","58.73","2.31","50.94","0.09","0.35","0.43","3.83","63.64","2.61","46.67","0.91","4.31","72.73"
"Abduhamit Abdugheni","China 1.","Changchun Yatai","RCB, RB","27","150000","2025-12-31","24","2032","0","0.57","0","0.26","China PR","right","185","9.52","6.82","61.69","3.94","43.82","0.44","6.09","0.44","0","0.03","0","0.31","0","0","0.71","25","0.8","33.33","2.7","39.34","0.44","0.4","0.09","29.76","80.8","12.58","69.72","4.92","49.55","0.01","0","0.09","2.83","60.94","0.58","61.54","0.18","5.31","60"
"A. Yang","China 1.","Qingdao West Coast","RB","20","0","2025-12-31","21","2028","0","0.37","0","0.66","Spain","right","0","13.31","11.05","65.46","2.4","27.78","0.36","7.65","1.33","0","0.02","0","0.18","25","0","1.2","14.81","1.78","62.5","3.99","52.22","0.49","0.75","0.04","26.89","68.81","13.45","56.44","4.66","40","0.03","0.09","0.13","4.62","48.08","2","24.44","0.44","7.06","55.97"
"Wang Gang","China 1.","Beijing Guoan","RB, RCB","36","50000","2025-12-31","24","2018","0","0.16","2","0.54","China PR","right","188","7.8","7.09","58.49","2.45","38.18","0.27","6.8","0.89","0","0.01","0","0.22","20","0","0.67","20","1.34","53.33","3.21","44.44","0.4","1.43","0.27","53.83","88.15","17.79","78.45","3.84","55.81","0.02","0","0.18","6.65","76.51","1.29","34.48","0.49","8.47","74.21"
"Piao Taoyu","China 1.","Changchun Yatai","RCMF","32","50000","2025-12-31","26","2015","0","0.4","0","1.73","China PR","right","177","10.72","8.31","61.83","1.03","30.43","0.31","6.23","2.01","0","0.02","0","0.4","33.33","0","1.61","38.89","1.79","67.5","5.72","42.97","0.36","0.58","0.18","35.87","74.35","15.32","62.39","6.03","48.89","0.08","0.18","0.4","7.37","58.18","3.35","45.33","0.89","8.53","70.16"
"Cheng Jin","China 1.","Zhejiang Professional","LCMF, LDMF","30","400000","2025-12-31","22","2002","0","0.4","3","1.59","China PR","right","175","6.25","5.26","64.96","0.49","0","0.09","3.39","0.9","0","0.02","0","0.4","0","0","0.81","38.89","0.85","57.89","3.96","37.5","0.49","1.93","0.22","51.74","88.53","15.1","72.92","4.95","57.27","0.07","0.27","0.4","8.05","73.18","2.65","47.46","0.99","5.84","80.77"
"He Yiran","China 1.","Changchun Yatai","LCB","20","0","","24","1988","0","0.14","1","0.29","China PR","","184","8.33","5.7","66.67","1.49","48.48","0.54","5.92","0.5","0","0.01","0","0.09","50","0","0.45","20","0.5","54.55","1.77","33.33","0.36","0.72","0.14","32.73","82.99","14.35","75.39","4.3","60","0.01","0.09","0.09","4.53","67","0.63","35.71","0.23","6.07","70.9"
"Serginho","China 1.","Beijing Guoan","RCMF, CF","30","2000000","2028-12-31","27","1980","7","3.88","4","4.58","Brazil","left","180","4.41","3.09","64.71","2.23","51.02","0.18","4.7","2.64","0.32","0.18","0.09","1.32","37.93","24.138","2.73","40","1.82","52.5","6.05","43.61","3.82","2.14","0.32","44","80.06","11.86","68.58","2.73","48.33","0.21","0.5","0.77","5.95","69.47","3.86","55.29","1.91","6","79.55"
"Sun Ming Him","China 1.","Tianjin Tigers","LB, LW","25","300000","2026-12-31","29","1980","0","0.92","0","1.09","Hong Kong","left","178","9.27","8.59","65.61","2.77","42.62","0.27","4.68","2.09","0","0.04","0","0.59","15.38","0","1.82","25","2.59","59.65","8","43.18","1.05","1.36","0.14","25.64","70.92","9.82","55.09","2.86","30.16","0.05","0.05","0.23","3.14","52.17","1.68","40.54","0.41","5.45","48.33"
"Lin Liangming","China 1.","Beijing Guoan","LWB, LW, LB","28","300000","2026-12-31","25","1978","6","5.4","2","1.78","China PR","right","180","6.73","3.82","69.05","5.73","61.9","0.09","7.63","3.64","0.27","0.25","0.23","1.73","55.26","15.789","1.87","26.83","3.28","63.89","8.87","43.08","4.14","2.78","0.36","35.17","85.12","6.51","73.43","1.5","60.61","0.08","0.14","0.41","1.73","71.05","2.18","58.33","1.59","4.19","75"
"Yang Chaosheng","China 1.","Meizhou Hakka","CF, RW, RAMF","32","100000","2025-12-31","30","1975","3","4.31","0","0.82","China PR","right","173","4.37","4.33","49.47","4.47","38.78","0.09","2.94","1.55","0.14","0.2","0","1.5","33.33","9.091","1.28","21.43","1.64","47.22","4.92","33.33","3.74","0.68","0.09","17.73","68.38","4.92","54.63","1.05","47.83","0.04","0.14","0.18","1.37","63.33","1.18","34.62","0.55","2.46","55.56"
"Umidjan Yusup","China 1.","Shanghai Port","LCB, RCB","21","0","2027-12-31","21","1958","0","0.26","0","0.28","China PR","","0","8.73","5.38","61.54","3.59","57.69","0.87","7.41","0.09","0","0.01","0","0.09","50","0","0","0","0.09","50","1.2","38.46","0.18","0.32","0","55.89","89.06","24.27","79.92","5.47","46.22","0.01","0","0.05","6.53","74.65","0.28","0","0","9.61","70.81"
"He Guan","China 1.","Wuhan Three Towns","RCB, LCB","32","100000","2025-12-31","23","1956","0","0.95","0","0.09","China PR","both","181","6.95","3.77","70.73","2.99","52.31","0.64","5.75","0.18","0","0.04","0","0.23","20","0","0.14","100","0.05","0","0.83","50","0.46","0.74","0","39.98","89.18","13.3","76.82","5.66","57.72","0","0","0","4.6","76","0.41","77.78","0.23","5.52","66.67"
"Hu Ruibao","China 1."," Shenzhen Peng City","LCB","29","225000","2026-12-31","21","1952","0","0.25","0","0.42","China PR","left","185","6.22","4.15","55.56","1.94","47.62","0.23","4.4","0.37","0","0.01","0","0.09","50","0","0.55","50","0.14","33.33","0.78","52.94","0.41","0.74","0.14","26.19","82.75","13.28","78.13","5.81","62.7","0.02","0","0","4.1","74.16","0.88","47.37","0.28","6.5","73.76"
"Xie Wenneng","China 1.","Shandong Taishan","RWB, RAMF, RW","24","0","2028-12-31","29","1938","4","3.56","8","4.36","China PR","","175","7.11","6.27","63.7","2.37","31.37","0.05","4.57","3.58","0.19","0.17","0","1.76","36.84","10.526","3.34","38.89","2.79","55","6.55","45.39","2.97","1.16","0.23","28.51","75.57","9.29","68","2.23","62.5","0.2","0.09","0.74","2.93","68.25","2.97","57.81","0.88","6.13","75"
"Zhong Haoran","China 1.","Meizhou Hakka","LCMF, LDMF","31","50000","2025-12-31","26","1932","1","0.64","1","1.73","China PR","right","183","8.99","6.48","60.43","2.33","40","0.42","5.25","0.65","0.05","0.03","0","0.61","15.38","7.692","0.56","33.33","0.42","66.67","2.93","42.86","0.61","0.7","0.05","35.45","84.36","13.7","74.83","4.38","60.64","0.08","0.09","0.05","6.38","73.72","1.58","41.18","0.61","5.4","74.14"
"Wang Shenchao","China 1.","Shanghai Port","RB, LB","36","75000","2025-12-31","28","1930","4","1.3","1","0.8","China PR","right","180","8.44","6.76","60","4.8","52.43","0.23","6.49","1.59","0.19","0.06","0.09","0.65","35.71","28.571","2.47","33.96","1.21","42.31","2.56","38.18","1.54","1.17","0.19","37.26","80.73","13.76","70.51","3.26","42.86","0.04","0","0.28","4.15","61.8","2.52","42.59","0.7","6.16","75"
"Wang Xianjun","China 1.","Tianjin Tigers","LCB","25","100000","2025-12-31","24","1930","0","0.42","0","0.02","China PR","left","185","7.27","4.99","61.68","2.66","49.12","0.33","5.68","0.47","0","0.02","0","0.28","66.67","0","0.51","27.27","0.14","100","1.31","46.43","0.23","0.84","0","40.06","77.65","18.05","62.53","9.09","41.54","0","0","0","5.5","52.54","1.03","27.27","0.09","9","56.99"
"M. Traoré","China 1.","Dalian Young Boy","RCB, LCB","31","900000","2026-12-31","21","1919","1","2.15","0","0.19","Mali","right","191","8.44","3.14","64.18","6.43","59.85","0.47","8.31","0.42","0.05","0.1","0.05","0.75","31.25","6.25","0.09","100","0.09","100","0.8","35.29","0.98","0.33","0.05","34.8","82.08","17.35","74.05","5.21","56.76","0.01","0.05","0.05","4.83","68.93","0.84","50","0.14","8.39","67.04"
"Wang Shiqin","China 1.","Zhejiang Professional","LCB, LWB, LB","22","0","2028-12-31","26","1916","0","0.04","0","0.44","China PR","unknown","0","6.48","6.62","63.12","1.64","34.29","0.14","2.97","0.56","0","0","0","0.14","0","0","1.08","26.09","0.75","37.5","3.24","37.68","0.14","0.7","0.05","48.66","83.3","22.27","73.21","5.82","41.94","0.02","0.05","0.05","6.11","63.08","1.36","27.59","0.09","9.77","65.87"
"Huang Jiahui","China 1.","Tianjin Tigers","LCMF, DMF, RCMF","25","100000","2026-12-31","27","1904","0","0.68","0","0.33","China PR","right","183","8.84","7.42","62.42","2.17","32.61","0.38","4.81","0.47","0","0.03","0","0.43","33.33","0","0.14","66.67","0.38","50","2.46","46.15","0.24","0.24","0.05","39.52","86.6","12.81","71.22","3.26","55.07","0.02","0.09","0.05","4.92","73.08","0.61","61.54","0.33","5.34","68.14"
"Hu Hetao","China 1.","Chengdu Rongcheng","RB","22","0","2027-02-28","21","1887","1","2.66","2","1.23","China PR","left","180","7.34","5.96","66.4","2.43","41.18","0.14","4.91","2.48","0.05","0.13","0","0.76","43.75","6.25","1.72","38.89","2.62","56.36","6.87","44.44","2.1","1.19","0.19","33.62","81.28","9.44","66.67","2.48","61.54","0.06","0.1","0.24","3.39","66.2","2.29","58.33","0.76","5.39","75.22"
"Jiang Zhipeng","China 1."," Shenzhen Peng City","LB, LWB","36","25000","2025-12-31","24","1880","0","0.66","4","3.58","China PR","left","178","7.66","7.23","57.62","1.15","41.67","0.05","4.22","3.16","0","0.03","0","0.53","18.18","0","3.3","34.78","2.97","62.9","7.04","57.14","0.48","2.35","0.19","33.56","69.61","13.84","62.28","6.65","59.71","0.17","0.14","0.67","6.03","64.29","3.73","60.26","1.1","10.39","69.12"
"Z. Labyad","China 1.","Dalian Young Boy","RW","32","700000","2025-12-31","23","1879","5","4.51","2","3.86","Netherlands","both","175","4.22","3.93","58.54","1.15","37.5","0.05","2.31","2.68","0.24","0.22","0","1.92","35","12.5","2.73","47.37","1.48","41.94","5.03","29.52","2.25","1.48","0.38","31.33","75.84","10.06","63.33","2.59","53.7","0.18","0.29","0.57","4.6","58.33","3.26","50","0.86","6.56","75.91"
"Song Long","China 1.","Qingdao Hainiu","LB, LWB","36","50000","2025-12-31","26","1870","0","0.47","1","0.39","China PR","left","180","7.56","4.28","57.3","2.5","55.77","0.19","6.47","1.35","0","0.02","0","0.24","40","0","2.21","28.26","0.82","76.47","2.26","70.21","0.53","0.87","0.1","39.47","77.68","16.12","67.76","5.92","51.22","0.02","0.1","0.14","5.44","75.22","2.26","38.3","0.58","9.53","70.2"
"Wei Shihao","China 1.","Chengdu Rongcheng","LW, LWF","30","800000","2026-02-20","24","1851","10","10.13","7","5.08","China PR","right","178","3.4","2.87","55.93","2.29","42.55","0.1","2.46","3.45","0.39","0.49","0.15","3.01","40.32","16.129","1.94","32.5","3.35","46.38","7.88","40.12","4.57","2.72","0.19","25.09","81.59","3.74","67.53","1.8","64.86","0.25","0.24","0.88","1.85","76.32","2.48","54.9","1.31","3.21","83.33"
"Gao Tianyi","China 1.","Shanghai Shenhua","RCMF, RAMF","27","450000","2026-12-31","28","1849","2","2.65","8","7.52","China PR","right","185","9","10.08","50.72","1.85","36.84","0.1","5.98","3.7","0.1","0.13","0.05","2.14","40.91","4.545","3.46","46.48","2.19","53.33","7.69","42.41","1.65","2.34","0.29","45.71","81.36","15.04","68.93","5.5","52.21","0.37","0.1","0.58","8.71","70.95","4.14","51.76","0.83","8.86","81.32"
"Song Yue","China 1.","Dalian Young Boy","LCB, CB","34","50000","2025-12-31","20","1841","0","0.07","0","0.6","China PR","left","185","9.88","6.01","73.17","2.84","56.9","0.24","6.97","0.54","0","0","0","0.1","50","0","0.59","58.33","0.24","60","1.42","48.28","0.15","0.2","0","37.98","86.49","15.59","77.43","5.08","58.65","0.03","0","0.2","3.18","69.23","0.93","52.63","0.1","8.26","68.64"
"Ji Jiabao","China 1."," Shenzhen Peng City","GK","23","0","2026-12-31","18","1834","0","0","0","0","China PR","","192","1.57","0.1","50","0.39","87.5","0","1.72","0","0","0","0","0","0","0","0","0","0","0","0.1","50","0","0","0","10.89","85.59","7.12","77.93","5.25","71.96","0","0","0","0.29","50","0","0","0","4.37","78.65"
"Li Songyi","China 1.","Yunnan Yukun","RCB, LCB","32","125000","2026-12-31","20","1833","1","0.99","1","0.15","China PR","right","187","7.17","5.35","55.96","4.17","56.47","0.44","5.28","0.2","0.05","0.05","0.05","0.29","33.33","16.667","0.15","0","0.1","100","0.49","50","0.54","0.88","0.05","29.41","82.64","12.18","69.76","6.53","57.89","0.01","0","0.05","5.89","65","1.42","37.93","0.59","6.43","74.05"
"Zhu Pengyu","China 1.","Dalian Young Boy","CF, LW","20","0","2027-12-31","29","1830","3","5.69","2","1.99","China PR","","189","5.36","4.48","58.24","8.26","32.14","0.2","3.17","1.97","0.15","0.28","0","1.62","45.45","9.091","0.64","23.08","2.11","51.16","8.21","38.32","2.95","1.52","0.39","15.34","76.92","4.03","71.95","0.98","55","0.1","0.05","0.34","2.31","68.09","0.84","64.71","0.79","2.26","80.43"
"Yue Tze Nam","China 1.","Meizhou Hakka","RB","27","350000","2025-12-31","19","1826","3","0.76","0","0.99","Hong Kong","right","172","6.75","5.22","61.32","1.33","33.33","0.2","4.35","1.38","0.15","0.04","0","1.18","37.5","12.5","0.94","42.11","1.23","40","5.18","41.9","0.79","1.18","0.44","34.06","81.19","14.49","72.45","3.25","40.91","0.05","0.1","0.39","5.37","65.14","2.02","48.78","0.39","6.51","75"
"Zhang Chengdong","China 1.","Qingdao West Coast","LCB, RB, RCMF","36","25000","2025-12-31","26","1822","0","0","0","0.34","China PR","right","185","7.06","5.04","60.78","3.41","39.13","0.54","5.52","0.25","0","0","0","0","0","0","0.25","20","0.2","75","1.14","47.83","0.3","0.15","0.05","35.22","83.31","14.72","70.13","4.89","46.46","0.02","0.05","0.05","4.99","63.37","0.64","23.08","0.3","6.47","64.89"
"Wu Shaocong","China 1.","Beijing Guoan","LCB, RCB","25","375000","2027-12-31","21","1819","0","0.46","0","0.91","China PR","left","192","7.42","5.94","62.5","4.21","62.35","0.3","6.32","0.25","0","0.02","0","0.2","25","0","0.25","40","0.1","100","0.79","56.25","0.4","1.09","0.1","62.29","88.72","27.26","79.67","6.83","47.83","0.05","0.05","0","8.16","71.52","0.89","44.44","0.35","10.19","79.13"
"Duan Liuyu","China 1.","Qingdao West Coast","AMF, CF","27","150000","2025-12-31","27","1817","6","4.34","2","2.28","China PR","left","176","4.51","4.41","59.55","1.39","25","0","2.49","1.83","0.3","0.22","0","1.63","33.33","18.182","1.29","30.77","1.73","48.57","7.08","37.76","2.23","0.64","0.1","26.1","79.89","8.82","64.04","2.13","48.84","0.11","0.2","0.4","3.47","61.43","2.33","51.06","1.09","3.47","81.43"
"Y. Fan","China 1.","Tianjin Tigers","RCB, LCB","29","200000","2026-12-31","24","1788","0","0.35","0","0.29","China PR","right","180","8.31","5.74","69.3","2.52","52","0.15","5.44","0.6","0","0.02","0","0.2","0","0","0.6","58.33","0.76","33.33","2.27","31.11","0.15","0.25","0.1","41.43","82.38","18.47","68.39","7.95","48.1","0.01","0","0.1","6.34","60.32","1.66","39.39","0.55","8.26","70.73"
"Xie Weijun","China 1.","Tianjin Tigers","RCB, CF","28","300000","2026-12-31","30","1777","1","2.57","1","0.32","China PR","right","190","8","4.71","60.22","6.89","50.74","0.41","6.6","0.66","0.05","0.13","0","0.76","26.67","6.667","0.05","0","0.71","64.29","2.68","47.17","1.11","0.46","0.1","24.16","84.28","9.77","77.2","2.63","40.38","0.02","0","0.05","1.52","56.67","0.25","20","0.2","4.1","53.09"
"Lucas Gazal","China 1.","Shandong Taishan","RCB","26","550000","2025-12-31","17","1752","1","0.97","0","0.4","Brazil","right","187","6.27","3.75","53.42","5.09","61.62","0.46","6.11","0.36","0.05","0.05","0.05","0.46","44.44","11.111","0.21","75","0","0","0.31","33.33","0.51","0.46","0","33.29","86.42","13.1","71.76","5.8","57.52","0.02","0","0.21","4.98","64.95","0.62","66.67","0.36","6.22","76.03"
"He Longhai","China 1.","Qingdao West Coast","LB, RB","24","100000","2026-12-31","27","1740","0","1.42","3","1.28","China PR","","0","9.72","8.9","50","3.72","44.44","0","6.96","1.81","0","0.07","0","0.52","30","0","1.91","32.43","2.17","47.62","5.33","44.66","1.4","1.66","0.41","33.26","74.81","12.47","59.34","4.66","38.89","0.07","0.05","0.36","3.41","50","1.34","34.62","0.31","6.83","56.82"
"Huang Zhengyu","China 1.","Shandong Taishan","LCB, DMF, LCMF","28","400000","2027-12-31","25","1739","1","0.18","0","0.54","China PR","right","178","7.35","6.99","57.78","2.17","52.38","0.52","4.53","0.83","0.05","0.01","0","0.31","66.67","16.667","0.67","53.85","0.36","57.14","1.76","29.41","0.26","0.62","0","37.68","84.2","13.61","68.82","5.69","48.18","0.03","0.05","0.1","6.42","62.9","1.19","52.17","0.41","6.47","72.8"
"Zhang Wei","China 1."," Shenzhen Peng City","RB, LB","32","100000","2025-12-31","22","1724","0","0.85","0","0.54","China PR","right","177","6.73","5.48","55.24","2.3","45.45","0.1","4.59","1.2","0","0.04","0","0.52","10","0","1.67","53.13","0.37","71.43","2.14","53.66","0.89","0.68","0","29.6","78.66","11.8","71.68","5.64","59.26","0.03","0","0.1","5.17","72.73","2.09","42.5","0.42","7.73","77.7"
"Wang Peng","China 1.","Qingdao West Coast","LCB","32","100000","2025-12-31","18","1722","0","0.2","0","0.09","China PR","right","185","7.06","4.34","66.27","2.51","54.17","0.37","5.74","0.16","0","0.01","0","0.05","0","0","0.05","0","0.16","66.67","1.1","57.14","0.21","0.63","0","36.85","85.96","15.52","73.06","8.21","59.87","0","0.05","0","5.12","70.41","0.68","46.15","0.31","7.58","71.03"
"D. Owusu-Sekyere","China 1.","Zhejiang Professional","RWF, RW, RAMF","26","0","","27","1711","3","2.97","7","4.35","Netherlands","right","184","4.1","4.89","49.46","1.53","17.24","0.05","2.15","6.21","0.16","0.16","0","2.1","45","7.5","2.84","29.63","6.79","64.34","17.2","41.28","3.42","2.89","0.16","21.04","75.5","2.58","71.43","1.16","59.09","0.23","0.11","0.74","1.21","73.91","2.63","44","0.74","2.42","84.78"
"Zhong Yihao","China 1.","Henan","RAMF, RW, CF","29","175000","2026-12-31","26","1706","5","3.34","0","1.82","China PR","right","178","7.23","6.33","61.67","1.69","40.63","0.11","4.89","2.16","0.26","0.18","0","1.58","26.67","16.667","2.8","32.08","1.9","41.67","7.6","38.89","3.17","1","0.16","27.33","76.64","7.28","68.84","1.64","64.52","0.1","0.16","0.32","1.48","75","2.53","52.08","0.9","4.06","70.13"
"Liu Zhurun","China 1.","Dalian Young Boy","LW","24","125000","2027-12-31","24","1696","5","3.39","2","1.25","China PR","right","183","8.07","6.21","65.81","2.6","44.9","0.05","4.68","3.87","0.27","0.18","0","1.49","50","17.857","1.96","18.92","4.19","59.49","10.51","40.91","4.03","2.33","0.27","24.46","72.02","6.31","57.98","0.96","27.78","0.07","0.27","0.37","2.18","51.22","2.18","36.59","0.96","3.71","74.29"
"Liu Yun","China 1.","Meizhou Hakka","RW, RAMF","30","100000","2025-12-31","28","1686","3","2.42","2","1.01","China PR","left","175","6.09","4.86","57.14","2.62","26.53","0.05","4.34","1.55","0.11","0.13","0","1.28","25","12.5","1.44","33.33","1.81","41.18","6.19","32.76","1.49","1.17","0.21","26.69","75","9.29","69.54","2.4","48.89","0.05","0","0.27","3.15","67.8","2.51","48.94","0.69","5.66","68.87"
"Wei Zhen","China 1.","Shanghai Port","LCB, RCB","28","225000","2027-12-31","20","1674","0","0.98","0","0.04","China PR","right","188","9.52","6.99","66.92","4.46","61.45","0.48","6.28","0.27","0","0.05","0","0.22","75","0","0.11","0","0.16","66.67","0.7","76.92","0.38","0.86","0","48.39","87.33","23.01","79.21","6.45","47.5","0","0","0","6.77","63.49","0.54","10","0.11","8.55","78.62"
"Ye Chugui","China 1.","Yunnan Yukun","RW, LW, RCMF","31","250000","2026-12-31","27","1671","3","2.3","0","1.88","China PR","right","178","7.49","6.62","59.35","1.94","30.56","0.05","4.42","2.37","0.16","0.12","0","1.24","47.83","13.043","2.05","39.47","1.4","65.38","4.85","43.33","1.67","0.92","0.22","24.94","73.43","9.05","62.5","2.59","47.92","0.1","0.22","0.48","3.72","72.46","2.37","50","0.7","5.71","69.81"
"Huang Zihao","China 1.","Dalian Young Boy","GK","24","75000","2026-12-31","16","1668","0","0","0","0","China PR","right","190","1.62","0.16","100","0.59","100","0","1.87","0","0","0","0","0","0","0","0","0","0","0","0.16","100","0","0","0","14.68","79.78","9.55","72.32","6.37","55.08","0","0","0","1.46","37.04","0.27","0","0","4.37","67.9"
"Jin Pengxiang","China 1.","Dalian Young Boy","RCB, LCB","35","25000","2025-12-31","20","1661","0","0.53","0","0.05","China PR","right","188","8.07","5.58","73.79","2.93","53.7","0.54","4.79","0.11","0","0.03","0","0.16","0","0","0.05","0","0.05","100","1.41","50","0.27","0.38","0","28.28","86.21","14.47","77.15","4.66","51.16","0","0.05","0","3.52","55.38","0.54","40","0.22","5.31","76.53"
"Tiago","China 1."," Shenzhen Peng City","CF, LW","33","700000","2025-12-31","28","1653","3","5.25","0","0.49","Brazil","right","185","3.48","3.54","46.15","5.5","32.67","0.05","2.49","1.85","0.16","0.29","0","2.45","28.89","6.667","0.38","14.29","2.18","47.5","8.82","29.63","3.21","1.31","0.11","20.2","78.17","3.92","59.72","1.09","45","0.03","0.16","0.05","2.29","64.29","0.87","62.5","0.44","1.85","76.47"
"Shao Puliang","China 1.","Wuhan Three Towns","GK","36","100000","2025-12-31","16","1647","0","0","0","0","China PR","right","187","1.58","0.22","25","0.16","66.67","0","1.98","0","0","0","0","0","0","0","0","0","0","0","0.05","0","0","0","0","13.88","79.13","8.52","68.59","6.61","59.5","0","0","0","0.82","46.67","0.05","0","0","4.97","64.84"
"Yang Zihao","China 1.","Tianjin Tigers","LB, LWB","24","125000","2025-12-31","26","1636","0","0.29","1","0.63","China PR","left","180","7.26","8.42","52.94","2.97","53.7","0.28","3.7","1.05","0","0.02","0","0.33","0","0","1.71","45.16","0.77","28.57","3.41","35.48","0.33","0.55","0.06","29.54","75.79","11.88","67.59","4.51","36.59","0.03","0.06","0.17","3.8","59.42","2.31","50","0.5","6.44","62.39"
"Zhang Chenliang","China 1.","Yunnan Yukun","RB, RCB","27","125000","2027-12-31","23","1635","0","1.24","0","0.67","China PR","right","183","10.73","7.16","69.23","4.51","56.1","0.44","7.19","0.5","0","0.07","0","0.44","25","0","0.77","28.57","0.39","42.86","1.82","30.3","0.88","0.28","0","22.84","73.01","12.28","63.68","5.17","48.94","0.04","0","0.11","4.13","56","0.99","44.44","0.39","6.17","64.29"
"Mu Pengfei","China 1.","Qingdao Hainiu","GK","36","75000","2026-12-31","17","1619","0","0","0","0","China PR","right","193","1.28","0.11","50","0.17","100","0","1.62","0","0","0","0","0","0","0","0","0","0","0","0.11","50","0","0","0","9.62","76.88","8.39","74.83","7.28","72.52","0","0","0","0.61","54.55","0","0","0","5.89","75.47"
"Jin Yonghao","China 1.","Qingdao Hainiu","RB, RW, LB","22","0","2026-12-31","29","1607","1","1.11","0","1.57","China PR","","0","9.13","9.18","55.49","2.3","36.59","0.17","4.51","3.19","0.06","0.06","0.06","1.18","38.1","4.762","2.24","37.5","3.08","60","9.86","37.5","1.46","1.4","0.11","33.55","78.3","9.86","61.36","3.42","52.46","0.09","0.11","0.5","2.63","65.96","2.41","46.51","0.5","6.1","66.06"
"Yeljan Shinar","China 1.","Henan","RB","26","175000","2026-12-31","22","1603","0","0.03","0","0.88","China PR","right","178","8.87","8.31","55.41","2.02","63.89","0.28","5.8","2.75","0","0","0","0.17","0","0","2.75","36.73","2.19","79.49","3.99","61.97","0.67","1.18","0.17","30.99","78.44","12.35","68.64","4.49","56.25","0.05","0","0.45","4.15","71.62","2.25","55","0.45","6.74","75"
"Tong Lei","China 1.","Zhejiang Professional","RWB, RB","27","200000","2027-12-31","26","1592","2","0.53","2","1.78","China PR","right","178","8.14","5.94","60.95","1.24","36.36","0.11","4.73","2.37","0.11","0.03","0","0.34","50","33.333","3.05","37.04","1.75","61.29","4.35","42.86","0.62","2.2","0.45","36.18","72.81","13.91","63.41","5.94","50.48","0.1","0","0.51","5.71","67.33","3.34","38.98","0.4","10.12","67.6"
"Lu Peng","China 1.","Dalian Young Boy","LCB, RCMF","36","25000","2025-12-31","27","1583","0","0.52","0","0.16","China PR","right","182","6.99","4.26","69.33","1.48","50","0.34","4.13","0.23","0","0.03","0","0.11","50","0","0.11","0","0.23","75","2.1","54.05","0.57","0.57","0.06","32.86","83.04","12.56","69.23","3.01","41.51","0.01","0.11","0","4.61","64.2","0.8","21.43","0.4","4.26","66.67"
"Zhang Yudong","China 1."," Shenzhen Peng City","LCMF, RCMF","33","100000","2025-12-31","25","1574","2","0.95","0","0.27","China PR","right","175","7.72","5.78","60.4","1.43","40","0.17","4.4","1.09","0.11","0.05","0","0.34","50","33.333","1.03","16.67","1.03","72.22","5.26","47.83","0.86","0.8","0","33.05","84.78","9.72","70.59","2.74","54.17","0.02","0.06","0.06","3.6","69.84","1.2","28.57","0.4","4.46","67.95"
"Wen Jiabao","China 1.","Dalian Young Boy","LB","26","125000","2026-12-31","23","1557","0","0.17","0","0.47","China PR","left","177","8.84","7.86","62.5","1.97","29.41","0.17","4.09","1.45","0","0.01","0","0.52","0","0","1.97","41.18","1.16","50","2.37","53.66","0.64","0.64","0.12","34.8","75.25","17.51","68.32","7.17","50","0.03","0.06","0.23","6.71","63.79","2.31","55","0.46","9.54","70.3"
"A. Mitriță","China 1.","Zhejiang Professional","LW, AMF, LWF","30","3500000","2026-12-31","16","1554","8","3.26","5","3.69","Romania","right","167","1.91","1.62","64.29","0.69","33.33","0.12","1.14","5.79","0.46","0.19","0","2.37","36.59","19.512","1.91","33.33","7.36","54.33","15","43.24","2.72","5.39","0.58","30.69","77.92","8.22","70.42","2.61","57.78","0.21","0.58","0.87","4.86","59.52","4.58","59.49","2.43","5.04","89.66"
"F. Andrijašević","China 1.","Zhejiang Professional","CF, AMF","34","700000","2025-12-31","24","1553","10","7.12","4","1.88","Croatia","right","188","3.54","2.67","52.17","3.36","44.83","0.06","2.77","1.62","0.52","0.41","0.23","2.09","55.56","27.778","0.52","33.33","0.35","33.33","3.48","45","3.25","2.2","0.29","23.82","85.64","5.8","74","1.22","71.43","0.11","0.23","0.35","3.65","77.78","0.64","54.55","0.64","2.38","82.93"
"Xuan Zhijian","China 1.","Changchun Yatai","LB, RW","20","0","2029-12-31","21","1545","0","0.21","1","2.14","China PR","","0","8.33","7.17","54.47","2.16","32.43","0.06","4.68","2.62","0","0.01","0","0.52","0","0","2.85","36.73","2.97","52.94","6.23","38.32","0.99","1.4","0.29","23.53","74.26","7.86","64.44","2.8","50","0.12","0","0.64","2.85","65.31","2.62","48.89","0.7","5.3","65.93"
"Zheng Zheng","China 1.","Shandong Taishan","LCB","36","50000","2026-12-31","20","1536","0","0.06","0","0.35","China PR","left","185","7.62","6.09","57.69","2.93","66","0.47","5.53","0.23","0","0","0","0.47","12.5","0","0.29","20","0.06","100","1","35.29","0.12","0.64","0","44.65","89.63","18.57","83.28","6.62","66.37","0.02","0.06","0","6.86","78.63","0.76","53.85","0.41","8.67","77.03"
"Bai Yang","China 1.","Beijing Guoan","LCB, RCB","27","150000","2026-12-31","18","1529","0","0.47","1","0.15","China PR","left","192","8.71","4.71","71.25","3.83","56.92","0.71","9.57","0.24","0","0.03","0","0.24","0","0","0.41","28.57","0.12","100","0.82","42.86","0.65","0.71","0","60.33","88.88","24.25","80.1","6.42","51.38","0.01","0","0.06","5.95","78.22","0.41","42.86","0.06","11.01","71.66"
"Li Shenyuan","China 1.","Changchun Yatai","RB, RWB","28","150000","2026-12-31","20","1507","0","0.45","0","0.2","China PR","right","180","7.47","6.09","65.69","1.19","35","0","4.1","1.91","0","0.03","0","0.36","0","0","1.91","40.63","1.79","63.33","5.97","45","1.37","1.13","0.42","24.07","72.7","10.21","62.57","2.99","40","0.01","0","0.12","2.45","51.22","1.79","43.33","0.3","4.6","67.53"
"Liu Ruofan","China 1.","Shanghai Port","RAMF, RW","26","225000","2026-12-31","25","1507","5","4.9","4","3.65","China PR","both","186","4.66","3.88","66.15","3.17","54.72","0.12","3.27","4.12","0.3","0.29","0.06","2.57","39.53","11.628","2.93","36.73","3.46","51.72","8.36","43.57","3.4","1.97","0.3","22.99","70.91","6.15","66.02","1.07","55.56","0.22","0.36","0.84","2.21","67.57","3.58","51.67","1.25","4.54","75"
"Han Rongze","China 1.","Qingdao Hainiu","GK","32","100000","2025-12-31","14","1475","0","0","0","0","China PR","left","190","1.65","0.18","66.67","0.12","50","0.06","2.3","0","0","0","0","0","0","0","0","0","0","0","0","0","0","0","0","9.76","81.88","7.63","77.6","4.88","65","0","0","0","0.92","46.67","0","0","0","3.6","83.05"
"Zhang Yuning","China 1.","Beijing Guoan","CF","28","650000","2028-12-31","27","1467","6","7.85","3","2.52","China PR","right","185","3.5","3.44","53.57","4.91","30","0.06","2.89","2.52","0.37","0.48","0","3.31","40.74","11.111","0.49","12.5","2.27","37.84","12.27","28.5","4.6","1.41","0.31","22.52","73.57","5.4","62.5","0.67","27.27","0.15","0.49","0.49","2.58","73.81","1.96","56.25","1.72","2.27","70.27"
"A. Ademi","China 1.","Tianjin Tigers","LW, LWF, RW","26","750000","2025-12-31","20","1464","4","5","2","1.36","Albania","right","173","3.5","3.63","54.24","1.72","21.43","0","2.17","6.58","0.18","0.31","0","2.21","55.56","11.111","2.77","33.33","7.38","58.33","15.49","42.46","3.07","2.95","0.74","21.02","76.02","4.24","69.57","0.61","60","0.08","0.31","0.55","1.23","70","2.89","48.94","0.92","3.26","77.36"
"Lin Chuangyi","China 1.","Qingdao Hainiu","RCMF, LCMF, RW","32","100000","2026-12-31","25","1453","2","1.34","1","2.27","China PR","right","178","6.19","5.08","65.85","1.98","40.63","0","3.13","1.73","0.12","0.08","0","1.49","33.33","8.333","1.11","11.11","1.73","57.14","5.08","48.78","0.93","0.87","0","34.93","81.38","11.4","70.11","3.22","51.92","0.14","0.19","0.19","4.65","65.33","1.92","41.94","1.05","4.71","69.74"
"Liu Yixin","China 1.","Henan","LB, RB","24","0","2026-12-31","21","1427","0","0.17","1","1.74","China PR","","0","8.64","6.81","55.56","2.9","50","0.19","7.45","2.21","0","0.01","0","0.19","66.67","0","2.46","28.21","2.08","60.61","4.1","44.62","0.57","2.27","0.32","36.2","77.7","12.74","66.34","3.41","48.15","0.11","0.13","0.38","4.48","73.24","3.09","53.06","0.95","8.51","68.89"
"He Chao","China 1.","Henan","LDMF, RCMF, DMF","30","175000","2026-12-31","25","1417","1","0.17","1","0.47","China PR","right","178","8.89","7.37","56.9","1.84","37.93","0.25","7.06","0.76","0.06","0.01","0","0.44","14.29","14.286","0.7","45.45","0.51","75","2.16","52.94","0.25","0.13","0.06","37.03","86.79","10.04","67.72","5.4","63.53","0.03","0","0.19","7.11","72.32","1.14","61.11","0.32","4.89","77.92"
"Sui Weijie","China 1.","Dalian Young Boy","GK","42","25000","2025-12-31","14","1411","0","0","0","0","China PR","right","188","1.53","0.06","0","1.21","84.21","0","1.99","0","0","0","0","0","0","0","0","0","0","0","0.13","100","0","0","0","13.71","81.4","11.23","80.68","8.74","72.99","0","0","0","1.59","64","0","0","0","7.21","82.3"
"E. Ómarsson","China 1.","Meizhou Hakka","CF","30","500000","2026-07-09","14","1402","4","5.79","1","0.59","Iceland","right","180","1.8","1.54","50","3.02","34.04","0","1.32","1.99","0.26","0.37","0","1.86","41.38","13.793","0.64","0","1.99","54.84","6.36","34.34","2.38","0.58","0","10.14","68.35","2.57","70","0.58","55.56","0.04","0.19","0.51","1.67","57.69","0.77","50","0.58","1.54","75"
"Wang Qiao","China 1."," Shenzhen Peng City","LCB, RB","30","75000","2025-12-31","15","1393","0","0.14","0","0.1","China PR","right","170","6.46","4.91","53.95","1.62","44","0.58","4.54","0.84","0","0.01","0","0.19","0","0","1.03","31.25","0.71","72.73","1.81","50","0.32","0.65","0","35.28","86.08","12.92","76","4.07","52.38","0.01","0","0.13","3.55","63.64","1.16","22.22","0.19","5.81","66.67"
"Zheng Haoqian","China 1.","Wuhan Three Towns","CF, RW, LW","27","125000","2027-12-31","27","1376","2","3.22","1","0.94","China PR","","0","6.21","5.23","51.25","5.23","33.75","0.07","3.96","1.77","0.13","0.21","0","1.18","50","11.111","0.72","45.45","1.37","61.9","5.49","40.48","2.42","0.85","0.07","18.31","76.07","3.66","64.29","0.59","44.44","0.06","0","0.33","1.18","44.44","0.92","42.86","0.39","2.22","61.76"
"Liu Jiashen","China 1.","Qingdao Hainiu","CB, RCB","34","75000","2025-12-31","16","1348","0","1.37","0","0","China PR","right","190","10.08","7.28","57.8","5.27","62.03","0.67","7.12","0.47","0","0.09","0","0.67","20","0","0.13","50","0.27","100","0.93","78.57","0.73","0.33","0","29.31","81.32","11.48","68.02","4.34","50.77","0","0.07","0","3.61","59.26","0.27","25","0.07","5.27","55.7"
"Zhao Yingjie","China 1.","Changchun Yatai","LCMF, RCMF","33","100000","2025-12-31","22","1329","0","0.33","1","0.77","China PR","right","179","7.86","5.49","53.09","2.98","40.91","0.41","5.95","0.95","0","0.02","0","0.41","33.33","0","1.15","52.94","0.34","60","2.57","39.47","0.27","0.2","0","31.22","80.69","11.04","63.19","5.62","51.81","0.05","0.07","0.07","6.16","61.54","2.78","43.9","0.68","4.81","73.24"
"Tsui Wang Kit","China 1.","Yunnan Yukun","LB, LWB","28","250000","2025-12-31","13","1301","3","1.1","1","1.42","Hong Kong","right","177","10.86","6.71","65.98","2.91","45.24","0.48","7.01","1.31","0.21","0.08","0.07","0.55","50","37.5","0.55","62.5","1.31","52.63","3.67","43.4","0.62","0.55","0.07","22.14","76.88","10.93","68.35","2.97","58.14","0.1","0.07","0.14","3.04","75","1.04","66.67","0.28","5.88","62.35"
"Wesley","China 1."," Shenzhen Peng City","CF","28","0","2027-12-31","13","1289","10","5.56","1","0.36","Brazil","right","191","2.79","1.96","75","7.96","50.88","0.14","1.8","2.09","0.63","0.39","0","2.02","58.62","34.483","0.63","0","1.05","80","9.15","43.51","2.72","0.28","0.07","16.76","69.17","4.19","55","0.63","22.22","0.02","0.14","0.14","1.89","51.85","1.47","38.1","0.7","1.89","74.07"
"Yi Teng","China 1.","Yunnan Yukun","RCB, LCB, CB","35","50000","2025-12-31","17","1284","0","0.17","0","0","China PR","right","190","9.53","4.91","78.57","3.64","53.85","0.56","7.17","0.07","0","0.01","0","0.14","0","0","0.07","0","0.14","50","1.12","37.5","0.42","0.35","0","28.95","78.93","13.53","66.84","4.91","57.14","0","0","0","3.36","58.33","0.35","60","0.21","6.66","55.79"
"Saulo Mineiro","China 1.","Shanghai Shenhua","CF","28","350000","2026-12-31","14","1267","8","6.87","5","4.02","Brazil","right","184","2.49","1.78","60","4.12","36.21","0","2.24","4.55","0.57","0.49","0.28","3.41","37.5","16.667","1.7","25","4.19","67.8","9.45","45.11","6.11","2.98","0.28","11.51","67.28","1.99","64.29","0.5","42.86","0.29","0","0.43","0.43","83.33","0.78","18.18","0.71","0.57","75"
"D. Lamkel Zé","China 1.","Qingdao Hainiu","CF","29","1000000","2025-12-31","12","1256","7","10.04","2","1.82","Cameroon","right","192","1.58","1.29","61.11","9.96","38.85","0","1.22","4.08","0.5","0.72","0","3.15","43.18","15.909","2.15","26.67","3.65","56.86","12.61","34.66","5.23","2.01","0.36","23.93","74.25","4.44","51.61","1.22","64.71","0.13","0.14","0.57","2.72","60.53","2.29","50","1.43","2.08","72.41"
"Liao Chengjian","China 1.","Wuhan Three Towns","RCMF, RDMF","32","200000","2026-12-31","22","1255","1","1.19","1","1.16","China PR","right","179","8.96","7.24","56.44","3.44","47.92","0.22","5.2","0.86","0.07","0.09","0","1.15","12.5","6.25","0.93","53.85","0.72","30","4.95","40.58","1.29","0.07","0","31.41","82.19","10.25","70.63","4.16","65.52","0.08","0","0.29","3.66","70.59","1.22","52.94","0.5","5.16","65.28"
"Cao Haiqing","China 1.","Dalian Young Boy","LB, RB","32","100000","2026-12-31","20","1255","0","0.11","0","0.92","China PR","left","175","7.1","6.6","61.96","3.8","45.28","0.22","3.58","1.15","0","0.01","0","0.36","0","0","2.08","34.48","1.22","35.29","3.8","33.96","0.57","0.65","0.29","28.25","78.17","13.05","70.33","3.3","60.87","0.07","0","0.22","2.73","73.68","1.86","38.46","0.29","6.31","63.64"
"R. Beric","China 1.","Changchun Yatai","CF, RWF","34","550000","2025-12-31","14","1236","2","4.28","1","0.3","Slovenia","right","188","4.95","3.42","63.83","4.3","23.73","0.15","3.54","2.48","0.15","0.31","0","2.4","45.45","6.061","1.53","14.29","2.18","50","12.52","30.81","3.71","1.24","0.15","22.06","71.62","3.93","59.26","1.24","35.29","0.02","0.15","0.15","1.97","48.15","1.02","42.86","0.36","2.26","61.29"
"Zhao Yuhao","China 1.","Yunnan Yukun","RCB, DMF","32","75000","2025-12-31","22","1230","0","0.81","0","0.18","China PR","right","181","9.44","6.37","64.37","5.34","47.95","0.73","5.64","0.22","0","0.06","0","0.44","33.33","0","0.07","100","0.07","0","0.8","36.36","0.8","0.07","0","21.07","76.74","9.29","63.78","4.32","54.24","0.01","0","0.07","3.51","66.67","0.51","57.14","0.37","4.24","60.34"
"Han Zilong","China 1.","Yunnan Yukun","LW, LWF","31","125000","2026-12-31","24","1227","3","3.08","1","0.63","China PR","","181","5.43","3.23","65.91","2.13","34.48","0.15","3.71","3.01","0.22","0.23","0","2.35","34.38","9.375","1.98","33.33","2.42","63.64","6.89","40.43","2.93","0.66","0.22","21.34","74.23","4.91","59.7","1.69","39.13","0.05","0.29","0.29","2.71","62.16","2.64","38.89","0.51","3.81","73.08"
"Luís Asué","China 1.","Shanghai Shenhua","CF, RWF","24","0","2027-12-31","14","1194","4","6.16","1","1.75","Equatorial Guinea","left","184","3.92","3.24","53.49","6.33","30.95","0.15","2.99","3.39","0.3","0.46","0.08","3.54","46.81","8.511","0.38","60","2.71","55.56","7.99","32.08","4.22","1.36","0","9.95","72.73","3.02","62.5","0.68","44.44","0.13","0.08","0.3","0.9","75","1.36","66.67","0.98","1.13","73.33"
"Gao Zhunyi","China 1.","Shandong Taishan","RCB, CB, RB","30","400000","2026-12-31","14","1189","0","0.27","2","1.54","China PR","right","186","8.1","5","59.09","2.8","48.65","0.38","6.39","1.21","0","0.02","0","0.3","25","0","1.59","52.38","0.61","50","2.2","37.93","1.06","0.76","0.08","42.77","85.66","15.67","72.46","5.98","55.7","0.12","0","0.38","5.75","73.68","1.74","47.83","0.53","8.02","69.81"
"Guo Jiayu","China 1.","Wuhan Three Towns","GK","21","0","","12","1188","0","0","0","0","China PR","","185","0.98","0.08","0","0.53","71.43","0","1.4","0","0","0","0","0","0","0","0","0","0","0","0","0","0","0","0","14.39","86.32","8.56","82.3","5.38","66.2","0","0","0","0.68","33.33","0","0","0","3.79","72"
"Zhang Huachen","China 1.","Changchun Yatai","DMF, RCMF, LCMF","27","100000","2025-12-31","22","1170","1","0.42","0","0.99","China PR","right","175","8.69","6.54","58.82","2.92","39.47","0.08","6.2","0.77","0.08","0.03","0","0.77","20","10","0.62","12.5","0.77","60","3.31","32.56","0.23","0.23","0","33.08","79.53","13.46","70.86","4.15","64.81","0.08","0.15","0","5.46","70.42","1.62","38.1","0.54","6.54","71.76"
"Yan Dinghao","China 1.","Chengdu Rongcheng","LCMF, RCMF","27","350000","2026-01-24","24","1168","2","1.6","1","1.15","China PR","right","180","7.01","5.93","54.55","2.31","50","0.39","5.15","1.85","0.15","0.12","0","1","46.15","15.385","2.08","48.15","0.54","57.14","4.01","30.77","1.54","0.62","0","51.78","85.42","16.64","78.7","6.7","65.52","0.09","0.15","0.39","9.48","75.61","3.54","60.87","1.23","8.55","81.98"
"Denny Wang Yi","China 1.","Wuhan Three Towns","LB, RB","27","150000","2025-12-31","18","1163","0","0.19","0","0.09","Italy","right","176","13","10.91","60.28","2.09","55.56","0.23","7.42","0.85","0","0.01","0","0.23","0","0","1.24","37.5","0.54","71.43","2.09","48.15","0.46","1.32","0.23","29.56","72.77","13.08","63.91","3.17","39.02","0.01","0","0.15","3.48","62.22","1.16","60","0.15","6.5","57.14"
"Wang Jinxian","China 1.","Wuhan Three Towns","RW, RAMF, LW","29","225000","2026-12-31","24","1155","1","0.64","2","2.2","China PR","right","175","6.23","6.31","67.9","3.27","28.57","0","2.4","3.97","0.08","0.05","0.08","0.47","50","16.667","3.35","44.19","3.74","60.42","11.92","36.6","1.71","2.42","0.39","26.73","69.97","9.04","54.31","2.65","64.71","0.17","0","0.86","3.19","65.85","3.35","58.14","0.78","5.22","71.64"
"Zhao Honglue","China 1.","Qingdao West Coast","LB","35","50000","2025-12-31","21","1144","0","0.26","0","0.23","China PR","left","174","8.26","6.14","53.85","3.15","35","0.31","6.18","2.2","0","0.02","0","0.47","0","0","2.52","46.88","1.73","59.09","3.54","44.44","0.55","1.18","0.31","38.16","80","15.97","69.46","5.82","52.7","0.02","0.08","0.24","5.59","64.79","2.99","50","0.31","9.05","79.13"
"Daniel Penha","China 1.","Dalian Young Boy","CF, LCMF, RW","27","750000","2025-12-31","12","1144","2","2.71","1","1.69","Brazil","left","170","4.01","3.93","62","3.3","35.71","0.08","1.85","2.2","0.16","0.21","0","2.67","29.41","5.882","1.34","11.76","1.97","56","5.98","44.74","1.97","2.05","0.55","30.84","73.21","10.23","63.85","2.6","48.48","0.13","0.31","0.55","4.8","68.85","2.83","47.22","1.42","6.22","72.15"
"Óscar Melendo","China 1.","Shanghai Port","AMF, RCMF","28","2000000","2026-12-31","13","1140","1","1.12","1","1.57","Spain","left","167","4.11","3.39","60.47","1.26","37.5","0.24","2.87","2.53","0.08","0.09","0","1.26","43.75","6.25","1.66","52.38","1.5","68.42","6.39","48.15","1.42","1.89","0.16","36.24","82.79","11.21","70.42","3.08","64.1","0.12","0.24","0.32","4.5","68.42","3.47","63.64","1.66","4.97","85.71"
"A. Zhang","China 1.","Zhejiang Professional","RCB, RB","20","0","","12","1139","0","0.1","1","0.27","China PR","unknown","0","8.77","7.74","67.35","1.9","41.67","0.4","4.24","0.55","0","0.01","0","0.08","0","0","0.16","0","0.63","87.5","2.13","66.67","0.4","0.71","0","37.77","87.45","14.86","77.13","3.16","37.5","0.02","0","0.16","3.87","59.18","0.32","50","0.16","6.16","69.23"
"Shi Ke","China 1.","Shandong Taishan","LCB, RCB","32","275000","2026-12-31","17","1139","0","0.07","0","0.02","China PR","right","184","6.8","3.87","65.31","3.16","52.5","0.47","5.95","0.24","0","0.01","0","0.16","50","0","0","0","0.24","66.67","0.55","57.14","0.08","0.16","0","33.5","84.91","14.62","75.14","7.9","60","0","0","0","5.06","70.31","0.63","62.5","0.32","7.43","70.21"
"Zhang Xiuwei","China 1.","Qingdao West Coast","AMF, LCMF, CF","29","125000","2025-12-31","25","1135","1","0.84","1","0.43","China PR","right","173","8.48","6.03","63.16","1.51","31.58","0.24","4.08","0.71","0.08","0.07","0","0.56","14.29","14.286","0.56","42.86","0.79","50","3.65","47.83","0.71","0.24","0","28.39","82.68","7.3","67.39","1.67","57.14","0.03","0.08","0.08","4.12","73.08","1.11","50","0.32","3.81","66.67"
"Matt Orr","China 1."," Shenzhen Peng City","CF, LW","28","400000","2025-12-31","23","1132","2","1.57","1","0.98","Hong Kong","left","188","2.94","3.02","44.74","7.16","46.67","0.08","2.11","2.07","0.16","0.12","0","0.95","16.67","16.667","1.91","33.33","1.75","68.18","5.64","38.03","2.23","1.11","0.16","16.7","77.62","2.31","48.28","0.24","100","0.08","0.08","0.16","0.87","63.64","1.51","47.37","0.32","1.27","62.5"
"Luo Jing","China 1.","Yunnan Yukun","LW, RW","32","100000","2025-12-31","24","1119","2","1.83","4","1.98","China PR","right","180","2.9","3.22","45","2.33","27.59","0","1.76","2.41","0.16","0.15","0.08","1.29","31.25","12.5","2.33","34.48","2.49","48.39","6.27","41.03","1.45","1.45","0.08","22.52","70","6.6","62.2","2.9","44.44","0.16","0","0.72","3.22","67.5","3.14","48.72","1.37","3.7","84.78"
"Tang Miao","China 1.","Yunnan Yukun","RB","35","75000","2026-12-31","13","1110","1","0.47","2","2.55","China PR","right","177","8.03","7.3","46.67","1.3","50","0.24","5.83","3.41","0.08","0.04","0","0.49","16.67","16.667","4.7","50","1.38","70.59","3","54.05","1.14","1.3","0","31.05","74.67","12.32","67.76","7.14","54.55","0.21","0","0.41","5.35","59.09","4.86","51.67","0.81","8.76","81.48"
"Mao Weijie","China 1.","Dalian Young Boy","RW, LCMF","20","0","2026-12-31","23","1103","1","0.94","1","0.97","China PR","unknown","175","10.28","10.85","59.4","1.8","36.36","0.08","3.9","2.28","0.08","0.08","0","1.06","23.08","7.692","1.22","26.67","3.26","52.5","9.14","39.29","1.47","1.14","0.16","34.11","77.03","12.32","62.91","3.43","54.76","0.08","0.16","0.49","4.57","64.29","2.28","60.71","0.98","5.71","68.57"
"Maiwulang Mijiti","China 1.","Qingdao Hainiu","RW, CF","21","0","2027-12-31","15","1098","0","0.93","1","0.28","China PR","unknown","179","6.89","7.3","62.92","3.69","28.89","0.08","3.07","1.64","0","0.08","0","0.82","30","0","2.05","32","0.82","90","7.21","32.95","1.31","1.23","0.08","25.66","73.8","7.79","63.16","1.39","47.06","0.02","0","0.25","2.79","64.71","2.46","50","0.57","3.77","60.87"
"Yu Rui","China 1."," Shenzhen Peng City","RCB, CB","33","100000","2025-12-31","15","1066","0","0.04","0","0.14","China PR","right","183","7.77","4.81","63.16","4.22","56","0.34","5.33","0.34","0","0","0","0.08","0","0","0.34","75","0.17","50","0.42","60","0.42","0","0","30.98","82.29","13.17","71.15","3.97","40.43","0.01","0","0","3.55","50","1.35","25","0.17","5.74","58.82"
"Lluis López","China 1.","Shandong Taishan","CB","28","500000","2026-12-31","10","1054","0","0.36","0","0.01","Spain","right","182","6.32","4.7","60","2.82","51.52","0.17","4.81","0.26","0","0.03","0","0.26","33.33","0","0","0","0.26","66.67","0.77","55.56","0.17","0.34","0.09","43.12","92.28","12.3","77.78","3.16","45.95","0","0","0","2.22","88.46","0.17","100","0.17","5.29","67.74"
"Li Xinxiang","China 1.","Shanghai Port","RAMF, LAMF, RW","20","0","2026-12-31","23","1050","6","2.6","3","1.9","China PR","right","180","7.8","6.77","51.9","2.23","61.54","0","5.57","3.77","0.51","0.22","0","1.89","40.91","27.273","2.91","14.71","4.89","52.63","8.74","45.1","2.66","2.23","0.34","23.31","63.6","4.71","52.73","1.54","22.22","0.16","0.09","0.51","2.14","48","2.83","36.36","1.29","2.91","73.53"
"Chen Xuhuang","China 1.","Meizhou Hakka","RDMF, LCMF, RCMF","22","0","2025-12-31","22","1040","0","0.04","0","0.23","China PR","right","173","8.91","8.05","58.06","2.08","37.5","0.26","5.22","1.04","0","0","0","0.35","0","0","0.52","50","1.82","42.86","4.76","38.18","0.09","0.87","0","33.66","83.29","10.99","73.23","3.72","51.16","0.02","0","0.09","5.19","70","1.82","33.33","0.43","4.5","75"
"Zheng Kaimu","China 1.","Wuhan Three Towns","CB, LDMF, RDMF","33","75000","2026-12-31","21","1039","0","0.21","0","0.01","China PR","right","186","9.1","6.06","65.71","5.54","50","0.17","6.3","0.52","0","0.02","0","0.52","33.33","0","0.43","60","0.35","25","2.95","38.24","0.26","0.09","0","29.45","82.94","11.35","64.89","3.98","56.52","0","0","0","3.64","66.67","0.78","44.44","0.09","4.68","66.67"
"Rao Weihui","China 1.","Meizhou Hakka","LB","36","25000","2025-12-31","21","1034","0","0.1","1","0.32","China PR","left","178","7.66","6.62","60.53","1.22","50","0.17","4.17","1.39","0","0.01","0","0.35","0","0","2.26","42.31","0.78","55.56","2.44","35.71","0.09","0.26","0","32.64","71.73","16.8","63.21","7.22","36.14","0.03","0","0.09","5.14","49.15","2.96","35.29","0.26","8.62","69.7"
"Gan Chao","China 1.","Chengdu Rongcheng","RWB, RB","30","350000","2026-01-24","22","1031","1","0.33","1","1.21","China PR","right","175","7.68","7.16","67.07","1.83","33.33","0.17","4.65","2.88","0.09","0.03","0","0.61","42.86","14.286","4.89","41.07","0.87","70","4.71","50","1.66","1.22","0","45.74","80.53","12.31","72.34","5.32","57.38","0.11","0.09","0.44","5.94","76.47","4.36","56","0.87","9.43","81.48"
"Ming Tian","China 1.","Shanghai Port","RB","30","250000","2026-12-31","14","1025","0","0.27","1","0.81","China PR","right","180","7.2","6.76","61.04","2.02","39.13","0.18","4.18","2.63","0","0.02","0","0.26","33.33","0","4.39","38","1.84","47.62","4.3","42.86","0.61","1.4","0.35","33.37","77.89","9.92","65.49","2.9","42.42","0.07","0.09","0.44","4.04","69.57","4.13","42.55","0.09","6.23","70.42"
"Feng Boyuan","China 1.","Qingdao Hainiu","CF","30","100000","2025-12-31","15","1016","1","1.89","1","0.54","China PR","right","192","2.57","2.39","48.15","9.57","49.07","0.27","1.75","0.53","0.09","0.17","0","0.71","37.5","12.5","0.09","0","0.71","37.5","11.69","32.58","2.3","0.27","0","12.05","81.62","1.51","58.82","0.35","75","0.05","0","0.18","0.97","45.45","0.09","0","0.27","0.71","62.5"
"Behram Abduweli","China 1."," Shenzhen Peng City","RW, CF","22","0","2027-12-31","18","1005","0","1","0","0.29","China PR","unknown","0","7.97","8.24","60.87","6.81","47.37","0.09","3.64","1.88","0","0.09","0","0.81","55.56","0","1.52","17.65","2.33","50","11.46","35.16","2.42","1.52","0.36","18.99","73.58","3.4","50","0.45","20","0.03","0","0","1.16","38.46","1.07","33.33","0.18","0.9","60"
"Xu Haoyang","China 1.","Shanghai Shenhua","RCMF, LB, RAMF","26","350000","2026-12-31","26","1001","1","0.75","1","1.33","China PR","left","180","9.08","7.82","54.02","1.8","50","0.09","6.25","2.43","0.09","0.07","0.09","0.81","55.56","11.111","2.52","32.14","2.16","54.17","5.21","37.93","1.53","1.71","0.09","33.9","76.13","12.23","63.24","4.95","50.91","0.12","0.18","0.27","6.65","59.46","3.33","43.24","1.08","7.37","76.83"
"Liu Yiming","China 1.","Wuhan Three Towns","RCB","30","175000","2025-12-31","19","987","0","0.12","0","0","China PR","right","190","7.84","5.47","55","2.28","36","0.55","6.05","0.55","0","0.01","0","0.09","0","0","0.73","25","0.36","100","1.28","78.57","0.55","0.46","0","33.19","80.77","16.05","73.3","7.84","61.63","0","0","0","4.65","64.71","0.82","11.11","0.18","9.03","65.66"
"Pedro Delgado","China 1.","Chengdu Rongcheng","LW, RW, LWF","28","300000","2026-12-31","21","984","3","5.31","0","0.9","Portugal","left","188","6.4","6.49","57.75","3.29","41.67","0","4.15","2.65","0.27","0.49","0","3.02","24.24","9.091","2.1","26.09","2.2","62.5","8.96","40.82","4.66","2.56","0.09","32.74","78.49","8.32","61.54","1.55","41.18","0.08","0.18","0.37","3.29","72.22","2.65","48.28","1.55","3.75","90.24"
"S. Fan","China 1.","Beijing Guoan","RCB, DMF","20","0","2028-12-31","17","979","0","0.08","0","0","China PR","","177","4.78","5.52","56.67","1.65","33.33","0.18","3.33","0.37","0","0.01","0","0.28","33.33","0","0","0","0.55","50","1.75","31.58","0","1.01","0.28","56.72","93.68","15.08","83.54","3.59","58.97","0","0","0","6.16","82.09","0.55","50","0.18","5.52","73.33"
"Fang Jingqi","China 1.","Tianjin Tigers","GK","32","125000","2026-12-31","10","977","0","0","0","0","China PR","right","188","0.74","0.09","0","0.64","100","0","1.01","0","0","0","0","0","0","0","0","0","0","0","0","0","0","0","0","13.91","85.43","7.55","76.83","5.53","65","0","0","0","0.83","55.56","0.09","100","0.09","4.05","75"
"Lu Yongtao","China 1.","Henan","RDMF, RCMF","25","0","2025-12-31","18","960","2","1.96","0","0.62","China PR","","185","9.38","9.56","54.9","5.06","40.74","0.47","5.88","0.84","0.19","0.18","0.09","0.84","55.56","22.222","0.19","50","0.47","60","4.88","44.23","1.97","0.56","0.19","30.47","84.92","9.19","64.29","2.81","50","0.06","0.09","0.09","4.97","66.04","1.03","27.27","0.66","3.56","63.16"
"Ren Hang","China 1.","Wuhan Three Towns","RCB, LCB","36","25000","2025-12-31","16","957","0","0.29","0","0.01","China PR","right","182","8.84","5.92","76.19","6.77","62.5","0.19","5.36","0.09","0","0.03","0","0.19","50","0","0.19","0","0","0","0.56","66.67","0.38","0.28","0","32.73","80.75","13.35","64.79","5.64","45","0","0","0","3.1","48.48","0.38","25","0.09","5.64","50"
"Xinli Peng","China 1.","Changchun Yatai","LCMF, RWF, RCMF","34","100000","2025-12-31","17","952","0","0.41","3","1.55","China PR","left","177","7.85","8.6","63.74","1.51","12.5","0.09","2.71","2.46","0","0.04","0","0.85","33.33","0","1.61","58.82","1.7","66.67","7","60.81","1.51","1.04","0.09","31.95","84.02","8.98","69.47","2.17","47.83","0.15","0.28","0.28","4.73","68","3.21","55.88","1.13","4.07","76.74"
"Leung Nok Hang","China 1.","Zhejiang Professional","LCB, RCB","31","350000","2025-12-31","14","952","0","0.18","0","0","Hong Kong","right","184","7.66","4.92","61.54","4.82","49.02","0.28","5.69","0","0","0.02","0","0.28","0","0","0","0","0","0","0.28","66.67","0.57","0.09","0","47.46","90.44","20.04","83.96","3.69","48.72","0","0","0","3.88","85.37","0.09","0","0.09","9.36","71.72"
"Gustavo","China 1.","Shanghai Port","CF","31","850000","2025-12-31","13","947","7","7.68","2","0.98","Brazil","right","189","2.57","2.28","45.83","6.65","47.14","0.1","2.47","2.28","0.57","0.73","0.19","3.42","38.89","19.444","0.76","62.5","1.05","45.45","6.08","29.69","4.47","0.38","0","13.5","69.72","3.33","34.29","0.67","42.86","0.09","0.19","0.29","0.95","50","1.24","30.77","0.67","1.62","47.06"
"Yang Haoyu","China 1.","Shanghai Shenhua","RCMF, AMF","19","0","2026-12-31","22","929","3","1.37","1","1.42","China PR","unknown","180","7.17","8.23","57.65","1.36","21.43","0.1","3.46","2.52","0.29","0.13","0","1.07","36.36","27.273","2.13","31.82","2.81","48.28","6.78","38.57","2.42","1.36","0.19","27.42","79.15","7.17","75.68","1.45","40","0.14","0.1","0.29","3.39","74.29","2.03","42.86","0.68","4.36","75.56"
"Li Zhi","China 1."," Shenzhen Peng City","LB, LWB","32","100000","2025-12-31","16","927","0","0.16","1","0.92","China PR","left","178","7.77","6.02","67.74","1.84","52.63","0.29","3.91","1.94","0","0.02","0","0.49","0","0","2.14","36.36","1.55","75","2.72","67.86","0.49","1.07","0","24.56","68.38","9.61","55.56","5.05","48.08","0.09","0","0.19","2.62","51.85","2.04","57.14","0.39","6.99","56.94"
"A. Burcă","China 1.","Yunnan Yukun","LCB","32","3000000","2026-12-31","9","923","0","0.15","0","0.08","Romania","right","188","8.09","3.71","68.42","4.97","62.75","0.68","7.18","0.2","0","0.01","0","0.78","0","0","0.29","33.33","0.29","33.33","1.66","23.53","0.2","0.88","0","36.47","81.82","19.21","73.1","8.58","60.23","0.01","0","0","6.83","55.71","0.68","28.57","0.29","9.36","77.08"
"Yang Shuai","China 1.","Chengdu Rongcheng","LCB","28","250000","2026-01-27","17","907","0","0.98","0","0","China PR","left","186","6.85","5.76","67.24","3.67","51.35","0.5","4.55","0.5","0","0.1","0","0.5","20","0","0.2","100","0.1","100","0.5","60","0.99","0.69","0.1","47.03","87.13","25.4","80.86","6.25","57.14","0","0.1","0","8.14","79.27","0.69","71.43","0.5","12.01","80.17"
"J. Salazar","China 1.","Changchun Yatai","LW, LWF","28","300000","2026-12-31","11","905","2","1.2","0","1.1","Colombia","right","170","4.77","4.67","53.19","0.99","30","0.1","2.85","5.17","0.2","0.12","0.1","1.99","45","10","2.39","20.83","6.17","59.68","11.54","52.59","3.08","2.69","0.1","22.38","69.78","6.86","68.12","1.59","62.5","0.11","0.3","0.3","2.49","68","2.39","54.17","1.09","3.98","72.5"
"Wei Suowei","China 1.","Qingdao Hainiu","LB, RB","20","0","2025-12-31","14","900","0","0.57","0","0.06","China PR","right","177","10","8.5","65.88","2.9","27.59","0.4","4.9","2.6","0","0.06","0","0.6","66.67","0","1.9","36.84","3.2","46.88","7.2","34.72","0.9","1.2","0.1","25.4","78.74","7.1","59.15","2.2","31.82","0.01","0","0.1","2.3","47.83","2.1","38.1","0.5","3.5","62.86"
"Oliver Gerbig","China 1.","Henan","RCB","26","0","2026-12-31","15","890","0","0.35","1","0.23","Hong Kong","right","188","7.89","3.44","67.65","3.94","46.15","0.71","7.54","0.2","0","0.04","0","0.3","33.33","0","0.2","50","0.1","0","0.3","66.67","0.61","0.3","0.1","32.87","81.54","15.17","71.33","6.57","53.85","0.02","0","0.1","4.35","65.12","0.51","40","0.1","6.88","61.76"
"Zhang Yujie","China 1."," Shenzhen Peng City","RB, RWB, RW","23","0","2027-12-31","12","886","2","1.3","1","1.29","China PR","right","177","9.04","8.74","66.28","2.34","30.43","0.2","3.8","2.03","0.2","0.13","0","0.51","40","40","3.25","21.88","2.54","44","5.49","31.48","2.03","1.52","0","24.38","67.5","8.23","65.43","2.54","32","0.13","0","0.51","2.64","53.85","2.74","25.93","0.41","5.28","67.31"
"Z. Lyu","China 1.","Dalian Young Boy","RB, RWB","24","0","","9","886","0","0.19","0","1.4","","","0","8.53","7.52","59.46","2.95","37.93","0","4.83","1.93","0","0.02","0","0.51","20","0","1.83","33.33","2.34","52.17","5.18","37.25","0.51","1.83","0.2","27.43","71.11","12.8","58.73","5.08","40","0.14","0","0.2","4.47","59.09","2.34","43.48","0.51","7.72","57.89"
"Guo Hao","China 1.","Tianjin Tigers","RCMF, LCMF","32","125000","2026-12-31","19","883","1","0.14","0","0.26","China PR","right","172","5.61","4.18","53.66","2.96","48.28","0.1","3.88","0.82","0.1","0.01","0","0.41","75","25","0.41","75","0.1","100","0.92","33.33","0.2","0.41","0","38.73","87.37","11.72","68.7","3.36","51.52","0.03","0.1","0.2","5.81","71.93","0.82","37.5","0.31","5.71","67.86"
"Che Shiwei","China 1.","Qingdao Hainiu","RW, LCMF, LW","29","25000","2026-12-31","19","881","1","1.05","0","0.72","China PR","left","183","6.95","6.23","65.57","2.15","47.62","0.31","4.02","0.72","0.1","0.11","0","1.63","25","6.25","0.61","0","0.92","33.33","6.33","22.58","2.15","0.61","0","28.81","81.91","7.76","67.11","1.84","44.44","0.07","0.31","0","3.27","65.63","1.63","37.5","0.82","3.17","67.74"
"Xu Xin","China 1.","Shanghai Port","RDMF, RCMF, LDMF","31","300000","2026-12-31","16","864","1","0.87","1","1.74","China PR","right","179","6.56","6.15","49.15","1.46","28.57","0.1","4.59","1.56","0.1","0.09","0","0.73","28.57","14.286","1.25","50","1.04","60","4.27","34.15","0.52","0.52","0.1","56.56","85.08","17.92","67.44","4.58","54.55","0.18","0.52","0.21","8.85","69.41","3.13","40","0.83","6.77","76.92"
"Song Wenjie","China 1.","Qingdao Hainiu","RB, CF","34","50000","2025-12-31","14","862","1","1.77","1","0.37","China PR","right","185","6.37","4.28","70.73","5.95","54.39","0.42","5.13","2.71","0.1","0.19","0","0.94","33.33","11.111","2.92","39.29","2.09","60","6.16","45.76","2.19","1.15","0.1","26.83","76.26","6.79","60","1.67","56.25","0.04","0","0.52","1.98","57.89","2.4","47.83","0.1","4.59","68.18"
"Yago Cariello","China 1.","Zhejiang Professional","CF","26","550000","2025-12-31","14","858","10","6.57","0","0.43","Brazil","left","187","3.25","2.52","45.83","3.36","53.13","0.21","2.78","3.99","1.05","0.69","0.31","3.99","52.63","26.316","0.52","0","2.62","72","8.39","41.25","5.35","0.94","0.1","12.8","77.05","3.15","63.33","0.73","71.43","0.04","0","0.21","1.15","63.64","0.63","16.67","0.52","1.36","53.85"
"Li Lei","China 1.","Beijing Guoan","LB, LWB, LCB","33","200000","2027-12-31","16","849","1","0.52","0","0.63","China PR","left","182","7.95","7.42","52.86","2.01","63.16","0.21","6.77","1.59","0.11","0.06","0","0.32","33.33","33.333","2.76","30.77","0.95","66.67","2.44","52.17","0.85","0.32","0","46.43","82.19","14.31","71.11","4.56","51.16","0.07","0","0.32","5.72","68.52","3.6","35.29","0.21","9.12","76.74"
"Zhong Jinbao","China 1.","Wuhan Three Towns","RCMF, RW, RAMF","31","125000","2026-12-31","23","847","2","1.79","3","0.65","China PR","right","181","7.97","7.33","55.07","3.61","26.47","0.32","4.83","1.38","0.21","0.19","0.11","1.06","50","20","0.64","50","1.06","50","4.36","34.15","2.13","0.74","0.11","30.81","78.62","9.03","57.65","3.4","46.88","0.07","0","0.32","3.83","58.33","1.81","52.94","0.85","4.68","61.36"
"Yang Mingrui","China 1.","Dalian Young Boy","LW, RAMF","18","0","2027-07-02","18","841","1","1.11","0","0.23","China PR","unknown","0","5.67","5.78","53.7","2.57","41.67","0","3.85","3.21","0.11","0.12","0","1.28","16.67","8.333","3.21","23.33","4.71","47.73","11.34","35.85","3.1","2.14","0","23.44","66.21","6.74","50.79","0.86","37.5","0.02","0","0.21","2.14","60","2.57","41.67","0.43","4.28","57.5"
"Sun Jie","China 1.","Qingdao West Coast","RCB, LCB","34","50000","2026-12-31","13","840","0","0.39","0","0","China PR","right","191","6.43","3.86","61.11","3","35.71","0.64","5.38","0","0","0.04","0","0.21","0","0","0.11","0","0","0","0.43","75","0.32","0","0","37.5","80.57","16.29","63.16","8.46","46.84","0","0","0","6","51.79","0.64","16.67","0.21","7.07","68.18"
"Peng Peng","China 1."," Shenzhen Peng City","GK","24","100000","2026-12-31","8","840","0","0","0","0","China PR","","185","1.29","0.11","100","0.21","100","0","1.65","0","0","0","0","0","0","0","0","0","0","0","0","0","0","0","0","12.75","83.19","8.89","77.11","5.79","68.52","0","0","0","0.75","85.71","0","0","0","5.14","70.83"
"W. Cyprien","China 1.","Changchun Yatai","LCMF, DMF, RCMF","30","1500000","2026-12-31","12","838","2","0.66","0","1.85","Guadeloupe","right","180","5.48","3.54","60.61","1.5","21.43","0.32","4.35","1.29","0.21","0.07","0","1.29","41.67","16.667","1.18","18.18","1.07","40","6.87","51.56","0.21","0.64","0.11","53.81","82.24","17.83","69.28","4.94","39.13","0.2","0.21","0.32","7.73","58.33","2.58","50","0.86","9.34","65.52"
"Chen Pu","China 1.","Shandong Taishan","LAMF, AMF, LW","28","325000","2026-12-31","16","836","1","1.17","1","1.53","China PR","left","177","4.31","4.84","51.11","2.37","22.73","0","2.91","2.69","0.11","0.13","0","0.97","44.44","11.111","3.12","34.48","1.94","61.11","6.35","37.29","1.61","0.97","0.22","25.3","72.34","6.46","61.67","1.94","44.44","0.16","0","0.75","1.94","77.78","3.23","46.67","0.65","4.31","82.5"
"Qian Jiegei","China 1.","Zhejiang Professional","RCMF, LCMF","33","150000","2025-12-31","12","834","0","0.05","1","0.5","Gabon","both","178","8.31","8.42","66.67","1.73","56.25","0.11","3.24","0.97","0","0.01","0","0.32","33.33","0","0.76","71.43","0.76","42.86","3.78","34.29","0.65","0.65","0","45.76","89.15","11.01","70.59","2.59","62.5","0.05","0.11","0.22","5.5","76.47","1.4","69.23","0.54","5.72","64.15"
"M. Sarkaria","China 1."," Shenzhen Peng City","CF, LCMF, RCMF","29","2500000","2028-06-30","14","830","1","0.53","1","0.96","Austria","left","180","2.93","5.1","44.68","2.82","26.92","0.11","0.89","3.47","0.11","0.06","0.11","1.08","40","10","3.04","32.14","2.6","75","7.59","41.43","1.3","1.3","0","32.64","73.75","8.57","56.96","3.14","62.07","0.1","0.65","0.43","4.12","65.79","3.8","51.43","0.87","4.55","78.57"
"Bao Yaxiong","China 1.","Shanghai Shenhua","GK","28","325000","2026-12-31","8","821","0","0","0","0","China PR","right","192","1.53","0.11","100","0.22","100","0","2.28","0","0","0","0","0","0","0","0","0","0","0","0.22","100","0","0","0","16.44","84","9.87","73.33","6.69","60.66","0","0","0","1.32","58.33","0","0","0","4.71","69.77"
"U. Spajić","China 1.","Beijing Guoan","RCB, RB","32","1800000","2027-12-31","11","812","0","0.77","1","0.32","Serbia","right","188","6.1","5.1","63.04","3.66","63.64","0.22","5.17","0.55","0","0.09","0","0.55","40","0","0.22","0","0.55","60","2.55","56.52","0.78","1.22","0","60.85","90.89","20.06","82.87","5.54","64","0.04","0","0.11","6.98","68.25","0.67","66.67","0.44","8.53","79.22"
"Liu Chengyu","China 1.","Shanghai Shenhua","CF","19","0","2026-12-31","17","809","5","3.45","0","0.46","China PR","unknown","180","3.56","4.67","47.62","4.34","30.77","0","1.95","1.45","0.56","0.38","0","1.22","72.73","45.455","0.33","0","1","55.56","7.01","22.22","2.89","0.44","0","11.12","75","1.45","61.54","0.44","50","0.05","0","0.22","0.56","60","0.33","33.33","0.44","0.56","80"
"José Martínez","China 1.","Yunnan Yukun","LCB","32","400000","","11","787","0","0.25","0","0","Spain","left","191","6.52","4.12","75","2.86","60","0.23","4.16","0.11","0","0.03","0","0.34","0","0","0.11","0","0.11","100","0.34","66.67","0.46","0.34","0","26.42","78.79","13.61","67.23","7.2","53.97","0","0","0","6.18","55.56","0.91","50","0.46","7.78","75"
"Peng Xiao","China 1.","Shandong Taishan","RCB","20","0","","11","780","0","0.05","0","0.01","China PR","","185","8.19","4.85","61.9","4.62","62.5","1.15","7.46","0.35","0","0.01","0","0.35","33.33","0","0.23","50","0.35","33.33","0.58","20","0","0.81","0","46.15","83.75","20.19","73.14","7.85","51.47","0","0.12","0","8.65","70.67","1.04","33.33","0.12","10.38","71.11"
"Zhang Linpeng","China 1.","Shanghai Port","LCB, RCB","36","100000","2025-12-31","15","779","1","0.42","0","0","China PR","right","185","10.74","4.62","67.5","5.31","52.17","1.04","9.94","0.58","0.12","0.05","0","0.46","50","25","0.12","100","0.23","100","1.39","50","0.35","0.92","0.35","50.49","89.7","20.8","82.22","4.16","58.33","0","0","0","7.86","73.53","0.92","50","0.35","9.7","85.71"
"Luo Senwen","China 1.","Qingdao Hainiu","LCMF, RCMF, DMF","32","100000","2026-12-31","17","763","0","0.35","0","0.05","China PR","right","188","8.49","6.02","56.86","2.24","36.84","0.35","6.69","0.59","0","0.04","0","0.59","0","0","0","0","1.06","55.56","3.18","40.74","0.12","0.24","0","39.04","82.48","12.5","67.92","4.25","50","0.01","0","0","5.9","68","0.47","50","0.24","5.43","58.7"
"Yang Yilin","China 1.","Henan","LB, RAMF, RW","26","75000","2025-12-31","19","747","1","1.7","0","0.58","China PR","right","0","7.83","8.07","52.24","1.93","37.5","0.12","5.77","3.13","0.12","0.21","0","1.2","50","10","2.29","26.32","3.49","55.17","7.95","43.94","2.77","2.77","0.84","26.02","83.33","6.63","72.73","1.57","38.46","0.07","0.12","0.24","1.45","66.67","2.05","47.06","0.96","2.53","71.43"
"M. Cheukoua","China 1.","Meizhou Hakka","CF, RAMF","28","300000","","14","745","3","1.6","1","0.27","Cameroon","right","181","3.5","3.74","58.06","4.71","33.33","0","1.86","2.3","0.24","0.19","0","0.85","42.86","42.857","1.09","22.22","2.66","59.09","9.42","44.87","1.45","1.09","0.24","19.09","79.75","2.9","79.17","1.57","69.23","0.03","0.12","0.48","1.69","71.43","1.45","83.33","0.72","2.17","83.33"
"Wu Xinghan","China 1.","Shandong Taishan","RB, LB","32","200000","2026-12-31","14","745","0","0.01","0","0.6","China PR","right","183","7.13","6.16","72.55","3.02","52","0","3.75","2.42","0","0","0","0.24","50","0","2.54","33.33","2.3","63.16","6.64","45.45","0.48","1.21","0.24","29.36","80.25","10.75","69.66","3.74","51.61","0.07","0","0.36","2.9","83.33","3.02","44","0.48","6.89","71.93"
"Yang Yihu","China 1.","Meizhou Hakka","LB","34","50000","2025-12-31","18","737","0","0.56","1","0.38","China PR","right","175","9.65","9.16","64","2.69","13.64","0.12","5.03","1.83","0","0.07","0","0.61","20","0","3.05","28","2.08","41.18","5.13","40.48","0.73","0.37","0","31.99","75.95","15.39","70.63","5.74","40.43","0.05","0","0.24","5.62","56.52","3.18","34.62","0.61","8.18","74.63"
"Huang Zichang","China 1.","Henan","AMF, CF, RAMF","28","250000","2025-12-31","18","726","1","1.75","0","0.06","China PR","both","170","6.57","5.58","68.89","4.71","13.16","0.12","4.03","1.98","0.12","0.22","0.12","0.99","37.5","12.5","1.24","10","1.98","68.75","10.54","40","2.73","1.36","0.5","20.21","72.39","6.57","66.04","0.74","50","0.01","0.5","0","1.86","66.67","2.98","45.83","1.36","1.74","71.43"
"I. Amadou","China 1.","Shanghai Shenhua","DMF, LCB, RDMF","32","1000000","2026-12-31","13","721","0","0.39","1","0.05","Cameroon","right","183","7.49","3.5","75","2.62","47.62","0.12","7.04","1","0","0.05","0","1.12","11.11","0","0.87","42.86","0.75","66.67","3.25","38.46","0.5","1","0.12","44.94","86.94","15.6","74.4","4.62","54.05","0.01","0","0.12","6.74","77.78","0.87","42.86","0.12","7.24","72.41"
"Liu Bin","China 1.","Henan","LWB, LB","27","100000","2025-12-31","16","718","0","0.6","1","0.71","China PR","left","180","8.27","6.27","72","3.89","67.74","0.13","5","2.26","0","0.08","0","0.38","33.33","0","3.64","31.03","1.88","53.33","4.26","50","1.13","1.63","0.38","32.09","69.53","15.67","67.2","6.14","48.98","0.09","0","0.5","7.14","70.18","4.01","37.5","0.75","10.65","74.12"
"Liao Lisheng","China 1."," Shenzhen Peng City","LCMF, RCMF","32","200000","2027-12-31","13","694","0","0.17","1","0.43","China PR","right","178","8.56","6.87","60.38","1.95","40","0.26","6.19","0.65","0","0.02","0","0.91","28.57","0","0.78","50","0","0","1.56","33.33","0.39","0.39","0","40.33","81.35","13.23","67.65","5.71","52.27","0.06","0.13","0.13","6.74","67.31","1.43","54.55","0.65","7.52","72.41"
"Wang Zhifeng","China 1.","Changchun Yatai","GK","28","125000","2025-12-31","8","690","0","0","0","0","China PR","right","195","2.22","0.26","50","0.52","100","0","2.73","0","0","0","0","0","0","0","0","0","0","0","0.13","100","0","0","0","9.52","67.12","8.09","62.9","6.52","56","0","0","0","1.04","37.5","0.13","0","0","4.7","72.22"
"Yao Xuchen","China 1.","Changchun Yatai","LCMF, LW, RCMF","26","125000","2025-12-31","12","680","0","0.25","1","0.71","China PR","left","176","4.9","5.03","52.63","1.99","13.33","0.26","2.79","2.25","0","0.03","0","0.79","50","0","2.38","33.33","1.85","57.14","5.56","42.86","0.93","0.66","0.13","30.84","73.39","10.72","64.2","3.84","41.38","0.09","0","0.13","4.1","67.74","2.12","37.5","0","5.03","60.53"
"Tian Ziyi","China 1.","Meizhou Hakka","LCB, RCB","24","75000","","16","658","0","0","0","0","China PR","","176","8.48","5.88","53.49","3.42","52","0.82","6.94","0","0","0","0","0","0","0","0","0","0","0","0.27","0","0.41","0.14","0","27.08","79.29","11.49","66.67","3.56","46.15","0","0","0","2.46","55.56","0.14","0","0","4.79","45.71"
"Liu Xinyu","China 1.","Henan","CF, RW, RWF","34","50000","2025-12-31","18","650","2","1.9","0","0.4","China PR","right","183","4.43","4.43","53.13","5.54","45","0.14","3","1.25","0.28","0.26","0.14","1.11","62.5","25","0.14","0","0.97","57.14","7.34","33.96","3.46","0.28","0","12.18","69.32","3.6","53.85","0.42","0","0.06","0","0.14","1.11","75","0.42","66.67","0.42","1.25","44.44"
"Zhang Yuan","China 1.","Beijing Guoan","RCMF, LCMF","28","100000","2025-12-31","14","650","0","0.58","1","0.4","China PR","right","184","7.48","9","49.23","1.8","46.15","0","5.18","1.38","0","0.08","0","0.69","40","0","0.42","0","1.66","50","8.03","27.59","1.11","1.8","0","50.68","81.69","14.4","64.42","4.02","55.17","0.06","0.28","0.42","9.42","70.59","2.49","38.89","0.97","7.06","64.71"
"Yang Liyu","China 1.","Beijing Guoan","LW, RW, CF","28","325000","2026-12-31","16","647","1","1.52","4","1.4","China PR","right","179","5.15","4.59","57.58","2.92","38.1","0.14","4.62","3.76","0.14","0.21","0","1.25","33.33","11.111","2.92","52.38","2.92","61.9","5.98","39.53","2.64","1.53","0.28","25.73","84.86","4.31","70.97","0.7","40","0.19","0","0.56","0.56","50","1.81","61.54","1.11","3.76","70.37"
"Yu Jinyong","China 1.","Shandong Taishan","GK","21","0","2026-12-31","7","647","0","0","0","0","China PR","unknown","198","0.83","0","0","0.7","100","0","1.26","0","0","0","0","0","0","0","0","0","0","0","0.14","0","0","0","0","13.63","80.61","9.88","73.24","5.15","62.16","0","0","0","1.39","30","0","0","0","4.17","80"
"Wang Yu","China 1.","Changchun Yatai","LCMF, RCMF, DMF","23","100000","2026-12-31","15","629","0","0.08","0","0.33","China PR","right","178","9.3","7.87","52.73","2.43","52.94","0.14","5.4","1","0","0.01","0","0.86","16.67","0","0.72","20","0.72","100","2.86","50","0.14","0.72","0","34.63","80.58","11.02","75.32","3.86","40.74","0.05","0","0.14","6.44","66.67","1.43","50","0.57","4.58","75"
"Bi Jinhao","China 1.","Dalian Young Boy","RCB, CF, LCB","34","75000","2025-12-31","14","626","1","0.86","0","0.12","China PR","right","190","7.91","3.88","74.07","6.76","36.17","0.14","6.85","0.29","0.14","0.12","0.14","0.29","100","50","0","0","0.14","0","1.58","27.27","0.86","0.58","0","24.87","79.77","10.64","67.57","3.02","52.38","0.02","0.14","0","1.87","61.54","0.58","50","0.58","4.6","56.25"
"Kuai Jiwen","China 1.","Shanghai Port","AMF, RCMF","19","0","2028-12-31","18","624","0","2.65","4","1.63","China PR","unknown","174","3.17","3.17","54.55","1.44","20","0","2.46","2.74","0","0.38","0","2.45","17.65","0","1.15","25","3.03","61.9","9.09","42.86","3.61","3.03","1.3","36.78","83.14","8.8","62.3","1.88","53.85","0.24","0.58","1.15","4.04","71.43","3.46","41.67","2.16","4.18","82.76"
"A. Boupendza","China 1.","Zhejiang Professional","CF","29","5000000","2026-06-30","6","615","4","3.25","2","0.51","Gabon","left","180","3.51","3.37","56.52","3.8","19.23","0.15","1.94","2.2","0.59","0.48","0.15","2.2","53.33","26.667","1.02","42.86","1.9","30.77","9.66","27.27","3.95","1.02","0","22.54","76.62","4.39","53.33","0.59","75","0.07","0.29","0.44","1.76","50","1.61","45.45","0.88","1.76","83.33"
"Chi Zhongguo","China 1.","Beijing Guoan","DMF, LCMF, RCMF","36","50000","2025-12-31","10","614","0","0.33","0","0.52","China PR","right","174","8.79","6.01","56.1","1.32","44.44","0.15","9.34","0.73","0","0.05","0","0.88","50","0","0.15","0","0.29","50","2.2","46.67","0.29","0.88","0","69.19","90.68","18.32","80","4.54","58.06","0.08","0.15","0.29","8.65","72.88","2.05","57.14","1.03","6.45","79.55"
"Tao Qianglong","China 1.","Zhejiang Professional","CF, RWF, RW","24","200000","2027-12-31","19","614","6","4.24","1","0.49","China PR","right","172","5.86","4.54","74.19","1.17","37.5","0.15","3.31","3.22","0.88","0.62","0","2.49","47.06","35.294","1.17","37.5","2.64","55.56","9.38","35.94","3.37","1.61","0.29","24.92","81.18","5.28","61.11","1.47","70","0.07","0.29","0.29","1.47","60","1.76","50","0.59","1.32","55.56"
"Hanchao Yu","China 1.","Shanghai Shenhua","CF, AMF","38","25000","2027-12-31","20","608","6","3.59","3","0.76","China PR","right","178","2.96","3.26","54.55","2.66","66.67","0","1.75","2.81","0.89","0.53","0.3","3.11","47.62","28.571","1.48","10","1.78","58.33","5.33","38.89","5.18","1.48","0.15","25.02","81.66","4.74","71.88","0.74","60","0.11","0.15","0.59","1.78","83.33","1.92","69.23","1.33","3.11","76.19"
"Han Pengfei","China 1.","Chengdu Rongcheng","CB, RCB","32","225000","2027-12-31","12","608","0","0.17","0","0","China PR","right","187","6.07","2.52","64.71","3.85","50","0.15","6.1","0.15","0","0.03","0","0.3","0","0","0.3","50","0.15","0","0.74","60","1.18","0.3","0","47.37","89.06","16.58","82.14","4.14","42.86","0","0","0","3.55","83.33","0.89","16.67","0.3","5.63","60.53"
"Chen Po-liang","China 1.","Qingdao West Coast","RCMF, RDMF, LDMF","37","50000","2025-12-31","12","602","0","0.03","2","0.7","Chinese Taipei","right","180","8.52","5.83","64.1","4.49","46.67","0.6","6.34","0","0","0","0","0.3","0","0","0.3","0","0","0","1.05","85.71","0.15","0","0","33.34","80.72","16.3","69.72","4.34","34.48","0.11","0","0","8.22","69.09","0.6","50","0.15","7.18","70.83"
"Wang Tong","China 1.","Shandong Taishan","RB, RWB","32","0","","13","595","1","0.46","0","0.46","China PR","right","182","6.2","4.08","59.26","1.06","28.57","0.3","4.96","2.12","0.15","0.07","0","0.61","25","25","3.48","43.48","1.21","37.5","1.82","41.67","1.36","2.27","0.45","36.61","82.23","13.16","78.16","3.78","48","0.07","0","0.76","6.5","69.77","3.48","47.83","0.61","8.47","85.71"
"Fernando Karanga","China 1.","Dalian Young Boy","CF","34","100000","","12","593","3","2.4","0","0.08","Brazil","right","189","4.86","5.01","57.58","7.44","36.73","0.15","2.81","1.82","0.46","0.36","0.3","1.52","50","30","1.37","11.11","2.12","42.86","10.17","26.87","4.1","0.61","0.15","14.72","61.86","3.64","58.33","0.3","50","0.01","0","0.15","0.91","66.67","1.97","46.15","1.06","2.12","71.43"
"Jiaqi Han","China 1.","Beijing Guoan","GK","26","175000","2026-12-31","6","592","0","0","0","0","China PR","right","185","1.22","0","0","0.61","50","0","2.24","0","0","0","0","0","0","0","0","0","0","0","0.15","100","0","0","0","23.26","84.31","13.07","77.91","8.82","67.24","0","0","0","1.67","36.36","0","0","0","6.84","66.67"
"Xiangxin Wei","China 1.","Meizhou Hakka","LW, LAMF, RAMF","17","0","2027-12-31","17","590","1","1.85","0","0.19","China PR","unknown","0","8.39","9.46","64.52","2.14","35.71","0","2.66","3.36","0","0.28","0","1.98","38.46","7.692","1.22","37.5","3.36","63.64","9.61","49.21","3.05","2.29","0.46","19.07","76.8","4.73","58.06","1.53","60","0.03","0","0.15","1.98","69.23","1.22","37.5","0.76","2.44","75"
"Fang Hao","China 1.","Beijing Guoan","RWB, RW, RB","25","250000","2027-12-31","16","585","2","0.5","1","0.42","China PR","right","177","6","6.15","62.5","1.69","45.45","0","3.4","3.85","0.31","0.08","0","1.23","37.5","25","4","19.23","5.69","45.95","11.54","40","2.92","2.15","0.46","31.38","77.94","5.69","64.86","2.15","57.14","0.07","0","0.46","2","53.85","3.54","43.48","1.08","4.31","71.43"
"Naibijiang Mohemati","China 1.","Beijing Guoan","LB, LWB, LW","24","0","2027-12-31","13","573","0","0.05","2","1.01","China PR","left","176","4.24","5.65","38.89","3.93","28","0","3.36","1.41","0","0.01","0","0.16","0","0","2.2","35.71","2.04","30.77","4.55","24.14","1.41","1.26","0.31","32.04","79.41","8.48","55.56","2.2","28.57","0.16","0","0.63","3.3","47.62","2.83","55.56","0.63","5.03","78.13"
"Wang Dongsheng","China 1.","Chengdu Rongcheng","RB, RWB","28","150000","2027-01-31","13","569","0","0.2","0","0.31","China PR","right","175","5.54","5.54","54.29","1.58","40","0","3.72","2.06","0","0.03","0","0.63","25","0","3.95","32","2.21","28.57","6.49","29.27","0.79","1.74","0.79","31.48","77.89","8.07","76.47","3.16","70","0.05","0","0.32","2.85","61.11","3.48","36.36","0.32","5.06","71.88"
"Asqer Afrden","China 1.","Changchun Yatai","RW, RWF","22","175000","2026-12-31","12","568","1","1.46","0","0.01","China PR","right","180","7.76","7.13","64.44","2.69","11.76","0","3.36","3.8","0.16","0.23","0","1.27","37.5","12.5","2.85","33.33","5.07","46.88","13.15","40.96","2.54","1.43","0.48","18.54","76.07","3.33","47.62","0.48","33.33","0","0","0","0.63","25","3.01","68.42","0.95","3.01","73.68"
"Abudulam Abdurasul","China 1.","Henan","LDMF, RW, LAMF","24","100000","2026-12-31","11","563","1","0.32","0","0.01","China PR","","174","5.75","5.12","53.13","0.96","50","0","3.97","0.8","0.16","0.05","0","0.48","33.33","33.333","1.12","0","1.28","37.5","6.07","28.95","0.8","0.96","0.16","40.6","82.68","11.51","72.22","1.92","25","0","0.16","0","6.07","63.16","2.56","18.75","0.16","3.52","63.64"
"Zhang Xiangshuo","China 1.","Yunnan Yukun","LB","24","100000","2027-12-31","11","545","0","0","0","0.05","China PR","left","181","7.6","6.77","65.85","3.47","28.57","0.17","3.93","0.66","0","0","0","0","0","0","1.32","25","0.83","40","2.48","26.67","0","1.49","0.33","32.53","76.65","15.19","65.22","6.61","55","0.01","0.33","0.17","4.62","71.43","1.49","33.33","0.5","9.41","61.4"
"Zhang Chi","China 1.","Qingdao Hainiu","RB, LB","38","25000","2025-12-31","13","544","0","0.24","0","0.13","China PR","right","182","8.77","8.44","62.75","2.65","31.25","0.17","5.94","1.99","0","0.04","0","0.99","16.67","0","2.81","35.29","2.32","35.71","5.79","37.14","0.66","1.65","0.33","34.41","78.85","12.08","68.49","3.64","59.09","0.02","0","0","5.63","73.53","3.14","36.84","0.33","7.28","79.55"
"He Yupeng","China 1.","Beijing Guoan","LB, RB, RCB","25","325000","2027-12-31","10","530","0","0","1","0.42","China PR","right","182","8.32","7.3","53.49","3.57","61.9","0.34","8.43","0.85","0","0","0","0","0","0","2.04","8.33","1.19","57.14","3.06","61.11","0.51","0.34","0","45.17","86.84","18.34","81.48","2.89","58.82","0.07","0","0.17","4.42","76.92","2.04","25","0.68","7.64","75.56"
"Jia Feifan","China 1.","Qingdao Hainiu","RB, RWB","24","0","2025-12-31","11","521","1","0.86","0","0.28","China PR","unknown","178","7.26","7.77","55.56","1.38","37.5","0","3.03","2.25","0.17","0.15","0","0.86","40","20","2.07","16.67","3.97","39.13","7.95","36.96","1.21","1.55","0.17","34.03","71.07","11.75","57.35","5.36","54.84","0.05","0.17","0","6.05","65.71","3.11","27.78","0.35","6.22","72.22"
"Nan Song","China 1."," Shenzhen Peng City","RB, RW","28","100000","2026-12-31","9","521","0","0.07","0","0.27","China PR","right","170","7.08","8.64","42","2.42","21.43","0.17","2.87","1.38","0","0.01","0","0.17","100","0","2.59","26.67","1.21","42.86","6.05","31.43","0.86","0","0","21.07","68.85","6.56","55.26","3.45","50","0.05","0","0.17","2.25","61.54","2.07","16.67","0.17","5.53","65.63"
"Zhang Yufeng","China 1.","Yunnan Yukun","DMF, LCMF, RB","27","150000","2026-12-31","18","519","0","0.08","0","0.06","China PR","right","177","8.15","7.63","56.82","2.25","46.15","0","4.05","1.39","0","0.01","0","0.35","0","0","2.25","38.46","0.87","60","3.12","50","0.35","0.69","0.35","22.37","72.87","8.67","64","2.25","30.77","0.01","0","0","4.51","65.38","2.08","33.33","0.17","5.03","72.41"
"Shen Zigui","China 1.","Wuhan Three Towns","LW, LAMF","24","0","2025-12-31","12","513","0","0.92","0","0.31","Chinese Taipei","right","180","5.26","6.32","50","2.81","37.5","0.18","2.7","5.79","0","0.16","0","2.11","58.33","0","1.23","14.29","6.67","63.16","15.79","36.67","3.51","3.16","0.35","22.63","82.95","4.04","56.52","1.05","16.67","0.05","0.35","0.35","1.58","66.67","1.23","42.86","0.53","2.63","73.33"
"Su Yuanjie","China 1.","Tianjin Tigers","RWB, RB, LB","30","125000","2025-12-31","14","509","0","0.01","0","0","China PR","right","178","7.25","5.13","58.62","2.83","37.5","0","4.6","1.41","0","0","0","0.18","0","0","1.41","37.5","1.24","71.43","5.83","42.42","0.35","0.88","0.18","26.7","74.17","9.02","58.82","4.07","43.48","0","0","0.18","3.71","47.62","1.41","50","0.35","4.24","58.33"
"Zhang Xizhe","China 1.","Beijing Guoan","CF, LCMF, RCMF","34","150000","2026-12-31","17","507","4","2.74","4","2.37","China PR","right","180","3.02","2.13","58.33","0.36","0","0","3.04","2.49","0.53","0.49","0","2.31","46.15","30.769","2.66","26.67","1.42","25","6.04","29.41","3.2","1.07","0","45.8","79.46","12.96","61.64","3.91","45.45","0.42","0.53","0.71","6.57","72.97","5.68","46.88","2.31","6.39","86.11"
"Raphaël Merkies","China 1.","Shandong Taishan","AMF, CF, RWB","23","0","2029-12-31","11","503","3","2.18","0","0.54","France","right","182","6.8","8.05","62.22","2.68","13.33","0.18","2.61","2.15","0.54","0.39","0.36","1.61","55.56","33.333","1.79","30","2.68","26.67","7.51","26.19","3.94","0.18","0","16.46","76.09","3.76","71.43","0.54","66.67","0.1","0","0.72","1.07","100","1.43","25","0.36","2.15","66.67"
"Liu Junxian","China 1.","Tianjin Tigers","LW, CF, RW","24","75000","2025-12-31","22","499","0","0.38","1","0.42","China PR","","174","3.43","4.51","48","7.39","34.15","0","1.81","2.16","0","0.07","0","0.72","25","0","3.25","27.78","1.44","75","9.74","25.93","2.16","0.72","0.18","27.6","71.9","5.23","34.48","2.71","40","0.08","0","0.54","2.71","60","2.89","43.75","0.72","3.43","73.68"
"Mutellip Iminqari","China 1.","Qingdao West Coast","RW, RAMF, LAMF","21","0","2027-02-28","13","491","0","0.75","0","0.19","China PR","left","0","8.98","8.25","73.33","2.57","21.43","0.37","3.07","2.2","0","0.14","0","1.47","12.5","0","1.65","22.22","2.57","64.29","7.15","35.9","2.57","1.65","0.18","21.63","72.88","7.15","66.67","1.28","28.57","0.03","0.18","0.37","2.93","75","2.02","54.55","0.92","4.95","59.26"
"Xu Yue","China 1.","Changchun Yatai","RCMF, RW, DMF","26","100000","2026-12-31","11","491","1","0.02","0","0.15","China PR","right","173","8.62","6.42","57.14","1.47","50","0.37","5.45","0.92","0.18","0","0","0.18","100","100","0.73","25","0.55","100","2.38","69.23","0.18","0.37","0","24.2","79.55","8.25","62.22","3.12","41.18","0.03","0","0","4.22","56.52","0.92","40","0.18","3.3","61.11"
"Gao Di","China 1.","Qingdao West Coast","CF, AMF","35","50000","2025-12-31","23","487","2","1.77","0","0.44","China PR","right","175","4.62","4.8","57.69","7.76","23.81","0","3.26","0.55","0.37","0.33","0.18","2.03","27.27","18.182","1.11","0","0.37","0","2.96","25","1.85","0","0","16.45","73.03","2.59","35.71","0.92","40","0.08","0","0.18","0.55","33.33","1.48","12.5","0.37","0.74","50"
"Zheng Dalun","China 1.","Henan","RB, RWB","31","125000","2026-12-31","12","483","0","0.11","0","0.3","China PR","right","170","9.5","11.74","50.79","2.24","41.67","0.37","4.18","2.05","0","0.02","0","0.19","0","0","2.42","38.46","1.68","66.67","3.35","33.33","0.56","0.75","0","23.66","76.38","6.15","60.61","2.98","50","0.06","0","0","2.05","54.55","2.05","63.64","0.56","5.4","72.41"
"Feng Jin","China 1.","Shanghai Port","RAMF, RW","32","150000","2026-12-31","10","480","1","2.24","0","0.2","China PR","right","175","5.06","7.69","53.66","2.44","23.08","0","1.35","3.38","0.19","0.42","0","1.5","12.5","12.5","3","43.75","3","62.5","8.06","48.84","3.75","1.13","0","24","79.69","3.94","61.9","1.13","83.33","0.04","0","0.19","0.56","66.67","2.63","35.71","0.38","2.06","54.55"
"Wang Haijian","China 1.","Shanghai Shenhua","DMF, RCMF, LCMF","25","225000","2027-12-31","15","468","1","0.05","0","0.37","China PR","right","185","10","7.31","71.05","1.54","62.5","0.19","6.12","0.96","0.19","0.01","0","1.35","0","14.286","1.92","40","0.38","50","2.88","53.33","0.96","0.19","0","45.19","89.79","15.58","83.95","2.5","69.23","0.07","0","0.38","5.96","83.87","2.12","54.55","0.58","6.15","78.13"
"Wang Ziming","China 1.","Beijing Guoan","CF","29","150000","2025-12-31","12","467","2","1.95","0","0.68","China PR","right","187","4.63","3.66","84.21","3.85","30","0","2.89","1.93","0.39","0.38","0.19","2.12","54.55","18.182","0.39","50","1.54","37.5","8.29","34.88","4.05","0.58","0","21.58","84.82","2.7","57.14","0.39","50","0.13","0","0","0.96","60","0.77","50","0.77","1.16","66.67"
"Zhang Jiaqi","China 1.","Zhejiang Professional","LCMF, RCMF","33","175000","2025-12-31","13","462","0","0.04","0","0","China PR","right","192","6.23","3.7","52.63","6.04","45.16","0.39","5.13","0.78","0","0.01","0","0.39","50","0","0.19","100","0.58","66.67","3.31","64.71","0.39","0","0","32.53","89.82","7.01","75","0.97","60","0","0","0","2.53","84.62","0.19","0","0","2.92","46.67"
"Ji Shengpan","China 1.","Meizhou Hakka","RW, LW, CF","26","100000","2026-12-31","15","461","2","1.31","0","0.14","China PR","","178","4.1","3.12","50","3.51","27.78","0.2","3.75","2.34","0.39","0.26","0","1.76","22.22","22.222","2.34","16.67","4.3","36.36","8.79","28.89","4.88","2.34","0.59","28.7","73.47","8.2","57.14","1.95","10","0.03","0.2","0","2.93","60","1.37","42.86","0.59","4.88","52"
"Xiao Kun","China 1.","Qingdao Hainiu","LCMF, RCMF","30","100000","2025-12-31","13","458","1","0.53","0","0.04","China PR","right","188","10.81","8.25","59.52","3.93","35","0.39","6.77","1.18","0.2","0.1","0","1.18","16.67","16.667","0.2","100","1.38","57.14","4.13","66.67","1.57","0.59","0","37.53","79.58","14.15","68.06","4.52","60.87","0.01","0","0.2","6.09","67.74","1.38","71.43","0.39","5.11","80.77"
"Dong Yanfeng","China 1.","Chengdu Rongcheng","CB, RCB","29","100000","2028-01-31","10","437","0","0.02","0","0","China PR","right","182","4.53","4.32","38.1","3.5","41.18","0.41","3.6","0","0","0","0","0.41","0","0","0","0","0","0","0.82","50","0.41","0.21","0","42.43","91.75","17.51","82.35","4.74","65.22","0","0.21","0","4.74","69.57","0.62","0","0","6.59","81.25"
"Wong Ho Chun Anson","China 1.","Qingdao Hainiu","RW, LB, RWF","23","0","2026-12-31","13","429","0","0.38","0","0.57","Hong Kong","both","173","4.62","5.87","46.43","1.47","28.57","0","1.78","2.1","0","0.08","0","1.47","28.57","0","1.68","37.5","2.31","45.45","8.81","30.95","0.84","0.84","0.21","24.13","70.43","8.6","56.1","2.52","33.33","0.12","0","0.42","3.36","31.25","2.31","36.36","0.63","4.2","50"
"Yu Jianxian","China 1.","Yunnan Yukun","GK","24","0","2027-12-31","4","416","0","0","0","0","China PR","unknown","188","2.16","0.22","0","1.73","100","0","2.97","0","0","0","0","0","0","0","0","0","0","0","0","0","0","0","0","10.82","82","7.79","75","5.19","66.67","0","0","0","0.87","75","0","0","0","3.68","82.35"
"Zhao Shi","China 1."," Shenzhen Peng City","GK","32","75000","2025-12-31","4","413","0","0","0","0","China PR","right","187","0.65","0.22","100","0","0","0","0.57","0","0","0","0","0","0","0","0","0","0","0","0.22","100","0","0","0","9.59","81.82","5.01","69.57","3.92","61.11","0","0","0","0","0","0","0","0","3.49","62.5"
"Ding Haifeng","China 1.","Qingdao West Coast","LB","34","75000","2025-12-31","10","398","0","0.04","0","0.1","China PR","left","182","4.97","3.62","62.5","2.04","33.33","0.23","3.95","0.9","0","0.01","0","0.45","0","0","2.04","22.22","0.9","50","3.84","47.06","0","0.68","0","39.12","84.39","16.28","77.78","4.07","44.44","0.02","0","0.23","7.01","70.97","2.49","36.36","0.23","7.69","88.24"
"Li Yongjia","China 1.","Tianjin Tigers","RB, LCMF","24","0","2026-12-31","13","392","0","0","0","0.18","China PR","right","173","7.58","6.43","71.43","2.3","50","0.23","3.19","1.38","0","0","0","0","0","0","2.53","27.27","1.61","42.86","4.13","44.44","1.15","0.92","0.46","19.06","71.08","6.66","55.17","1.61","57.14","0.04","0.23","0.46","2.53","81.82","2.98","38.46","0.46","4.36","47.37"
"Rongxiang Liao","China 1.","Chengdu Rongcheng","LW, LWF, RW","21","0","2027-03-31","11","391","1","0.92","0","0.4","China PR","","0","5.75","9.21","42.5","2.53","9.09","0","2.93","5.52","0.23","0.21","0","2.07","44.44","11.111","4.14","16.67","4.37","89.47","9.67","52.38","5.29","2.53","0","26.7","75","4.37","68.42","0.69","66.67","0.09","0.23","0.69","0.92","25","2.53","45.45","1.61","2.99","76.92"
"J. Saeter","China 1.","Yunnan Yukun","LCMF, CF, LW","27","0","","4","385","1","1.11","0","0","Norway","right","183","3.97","2.81","58.33","3.97","29.41","0","2.68","0.94","0.23","0.26","0.23","1.4","33.33","16.667","0.23","0","0.23","100","0.7","33.33","1.64","0.23","0","13.32","80.7","6.08","65.38","0.47","0","0","0.47","0.23","2.1","66.67","1.4","33.33","0.47","1.4","100"
"Zhiwei Wei","China 1.","Meizhou Hakka","LCMF, LDMF, RDMF","20","0","2028-12-31","10","377","0","0.47","0","0.01","China PR","","0","10.98","8.12","58.82","5.49","43.48","0.48","6.98","0.48","0","0.11","0","1.91","25","0","0.24","0","0.72","0","3.58","40","1.43","0.24","0.48","33.18","74.1","10.27","53.49","3.58","46.67","0","0","0","4.77","65","0.48","100","0.24","5.01","52.38"
"Chen Chunxin","China 1.","Qingdao Hainiu","RB, RWB","27","100000","2025-12-31","8","368","0","0.01","0","0","China PR","right","181","8.56","7.58","45.16","3.67","20","0.49","5.24","0.49","0","0","0","0.24","0","0","0.98","0","0.73","66.67","2.93","58.33","0.49","1.96","0.24","26.9","60","14.67","50","6.85","35.71","0","0","0","3.91","25","1.47","16.67","0.49","6.36","46.15"
"Feng Boxuan","China 1.","Beijing Guoan","RWB","28","200000","2026-12-31","8","367","0","0.18","0","0.29","China PR","right","181","4.66","5.15","42.86","1.23","80","0.25","5.09","3.19","0","0.05","0","1.23","0","0","2.7","63.64","2.94","50","5.89","33.33","0.98","1.47","0","33.11","80","6.87","50","2.7","18.18","0.07","0","0.98","2.45","50","2.94","66.67","0.49","6.38","69.23"
"Li Ning","China 1."," Shenzhen Peng City","LW, RW, LB","24","0","2027-12-31","12","358","1","0.25","0","0.19","China PR","","175","8.3","9.05","52.78","2.51","30","0","4.47","3.77","0.25","0.06","0","2.01","25","12.5","3.02","16.67","4.27","64.71","13.32","52.83","2.77","2.26","0","25.14","70","6.79","55.56","3.52","50","0.05","0.25","0.25","4.27","47.06","3.27","53.85","0.75","4.53","72.22"
"Shunkai Jin","China 1.","Shanghai Shenhua","RCB","24","0","2026-12-31","4","356","0","0","0","0.01","China PR","","186","8.34","3.79","80","5.56","40.91","0.76","6.79","0","0","0","0","0","0","0","0","0","0","0","0","0","0.76","0.25","0","45.76","87.85","13.9","74.55","7.33","51.72","0","0","0","4.8","52.63","0.25","0","0","6.32","68"
"Deng Yubiao","China 1.","Meizhou Hakka","LCMF, AMF, LDMF","28","75000","2026-12-31","7","349","0","0.07","0","0","China PR","right","182","9.03","7.48","58.62","3.09","33.33","0.26","4.42","0.26","0","0.02","0","0.26","0","0","1.03","0","0.26","100","2.58","30","0","0.26","0","25.27","85.71","10.06","79.49","2.58","90","0","0","0","4.38","88.24","1.03","25","0.26","3.87","93.33"
"Chen Wei","China 1.","Shanghai Port","GK","27","100000","2027-12-31","4","344","0","0","0","0","China PR","right","187","2.35","0","0","0.52","100","0","3.75","0","0","0","0","0","0","0","0","0","0","0","0.26","100","0","0","0","23.81","83.52","14.91","78.95","5.76","54.55","0","0","0","1.83","28.57","0.26","0","0","4.97","63.16"
"Fu Huan","China 1.","Shanghai Port","LB, LCB, RB","32","100000","2025-12-31","10","343","0","0","0","0.05","China PR","right","182","6.03","4.99","63.16","4.46","70.59","0","5.08","1.57","0","0","0","0","0","0","2.62","20","1.57","66.67","3.67","57.14","0.79","2.36","0.26","57.2","86.24","15.22","79.31","2.36","66.67","0.01","0","0","6.3","83.33","3.41","30.77","0.52","8.13","80.65"
"Aidi Fulangxisi","China 1.","Shanghai Shenhua","LCB, RCB","34","75000","2025-12-31","4","341","0","0","0","0","China PR","right","180","5.01","4.22","50","2.11","50","0","3.65","0","0","0","0","0","0","0","0.26","0","0","0","0.79","100","0.26","2.9","0.26","41.7","91.14","15.84","80","3.96","66.67","0","0","0","4.49","64.71","1.85","42.86","0.79","6.86","88.46"
"Wang Zhenghao","China 1.","Tianjin Tigers","RB, RCB","25","125000","2026-12-31","8","340","0","0.17","0","0","China PR","right","185","5.29","4.5","47.06","3.71","35.71","0.26","3.79","0.26","0","0.04","0","0.53","50","0","0.53","0","0.26","0","3.18","33.33","0.53","0.53","0","32.03","74.38","17.74","61.19","6.35","54.17","0","0","0","5.03","68.42","0.53","0","0","6.88","46.15"
"Liu Binbin","China 1.","Shandong Taishan","RB, RCMF","32","275000","2026-12-31","10","338","1","0.56","1","0.91","China PR","right","172","8.79","6.92","73.08","1.33","40","0.27","4.02","1.33","0.27","0.15","0","1.33","40","20","1.6","50","0.27","0","2.66","20","1.86","0.53","0","23.96","90","6.12","82.61","1.07","75","0.24","0","1.07","1.07","75","1.6","33.33","0.53","2.66","80"
"Dezhi Duan","China 1.","Yunnan Yukun","LCB, DMF","24","0","2026-12-31","10","335","0","0.08","0","0.17","China PR","","186","9.67","7.25","66.67","1.88","42.86","0.54","6.21","0.27","0","0.02","0","0.27","100","0","0.27","0","0","0","0.54","0","0.81","0","0","19.61","65.75","9.4","48.57","6.72","44","0.05","0","0","4.03","53.33","0.27","0","0.27","6.45","45.83"
"Liu Xiaolong","China 1.","Qingdao West Coast","RAMF, RW, LW","22","0","2025-12-31","13","333","0","0.37","0","0.02","China PR","unknown","0","4.86","5.68","57.14","2.7","10","0","2.77","5.41","0","0.1","0","1.62","50","0","2.43","33.33","7.03","53.85","14.32","35.85","2.16","2.97","0.27","15.41","71.93","2.43","33.33","1.08","50","0","0","0","1.08","75","1.62","33.33","0.27","2.43","44.44"
"Niu Ziyi","China 1.","Henan","LB, LCMF","26","100000","2025-12-31","13","327","0","0.2","0","0","China PR","left","183","8.53","9.36","58.82","4.68","29.41","0","4.41","0.55","0","0.06","0","0.55","50","0","0.28","0","0","0","2.75","80","0.55","0.55","0","31.65","86.09","11.01","80","1.93","71.43","0","0.28","0.28","3.85","57.14","0.83","100","0.83","4.68","82.35"
"Yang Ruiqi","China 1.","Meizhou Hakka","RCB, LCB, CF","21","0","2025-12-31","8","320","1","0.58","0","0","China PR","unknown","185","9","7.59","62.96","5.34","47.37","0.56","5.38","0.84","0.28","0.16","0","0.84","33.33","33.333","0.56","50","0.28","100","0.84","66.67","2.25","0","0","27","77.08","12.38","72.73","4.5","62.5","0","0","0.28","2.53","44.44","1.41","60","1.13","5.06","61.11"
"Jian Tao","China 1.","Chengdu Rongcheng","GK","24","0","2027-01-31","3","316","0","0","0","0","China PR","right","186","1.42","0","0","0.28","100","0","2.34","0","0","0","0","0","0","0","0","0","0","0","0","0","0","0","0","12.82","97.78","4.84","94.12","1.99","85.71","0","0","0","0.57","100","0","0","0","1.71","83.33"
"Yang Zexiang","China 1.","Shanghai Shenhua","LB, RB","30","325000","2026-12-31","13","312","1","1.77","0","0.42","China PR","right","182","7.79","5.77","55","2.31","75","0.29","8.14","2.88","0.29","0.51","0","1.73","66.67","16.667","2.6","11.11","2.6","55.56","3.75","46.15","5.19","4.04","0.87","40.1","79.86","8.94","64.52","2.6","44.44","0.12","0","0","2.88","90","1.15","0","0.87","5.19","77.78"
"Shi Yan","China 1.","Tianjin Tigers","RB, LW, RW","23","125000","2026-12-31","9","306","0","0.51","0","0.19","China PR","right","170","6.76","7.65","46.15","1.47","20","0","4.58","2.06","0","0.15","0","0.88","0","0","2.35","0","3.82","53.85","7.65","42.31","2.35","0","0","18.53","77.78","2.35","87.5","0.59","50","0.06","0","0.29","0","0","1.47","0","0.59","0.88","33.33"
"Wang Zhenao","China 1.","Shanghai Port","RB","25","350000","2025-12-31","4","297","0","0.58","0","0.22","China PR","left","175","13.03","9.09","50","1.21","0","0.3","12.93","2.12","0","0.18","0","0.91","0","0","1.82","66.67","1.82","50","6.06","40","0.61","0.3","0.3","48.48","86.88","13.94","71.74","1.82","50","0.07","0","0.3","2.73","44.44","1.82","100","0.61","9.39","67.74"
"Bao Shengxin","China 1.","Zhejiang Professional","RCMF, RWF","22","0","","6","291","0","0.11","0","0","China PR","","0","8.66","5.88","57.89","0.93","0","0","7.06","1.24","0","0.03","0","1.24","25","0","0.93","33.33","1.24","50","4.95","50","0.31","0.93","0.31","43.61","88.65","10.21","72.73","2.47","100","0","0.31","0","4.33","92.86","1.55","40","0.31","5.57","61.11"
"Z. An","China 1.","Changchun Yatai","GK","18","0","2029-12-31","3","289","0","0","0","0","China PR","unknown","187","0.31","0","0","0.31","100","0","0.4","0","0","0","0","0","0","0","0","0","0","0","0","0","0","0","0","14.33","84.78","9.03","75.86","5.61","66.67","0","0","0","1.25","75","0","0","0","4.67","66.67"
"K. Wang","China 1.","Wuhan Three Towns","LB","19","0","","4","281","0","0.05","0","0.12","China PR","unknown","175","7.05","6.09","68.42","1.6","80","0.32","3.12","0.96","0","0.02","0","0.64","50","0","1.28","50","0.32","0","1.28","25","0.32","0.96","0","34.27","83.18","12.81","70","3.52","27.27","0.04","0","0.32","3.2","70","1.28","50","0","7.37","56.52"
"Li Shenglong","China 1.","Shanghai Port","CF, RW","33","100000","2025-12-31","13","280","1","0.58","0","0","China PR","right","181","6.11","5.46","52.94","7.07","31.82","0","3.96","0.96","0.32","0.19","0.32","0.64","100","50","0.96","0","1.61","20","7.07","13.64","0.96","0.32","0","18.96","71.19","5.14","62.5","0.64","0","0","0","0","1.61","60","0.32","0","0.32","1.29","75"
"Dilyimit Tudi","China 1.","Changchun Yatai","AMF, RCMF, RW","26","150000","","6","273","0","0","0","0.45","China PR","right","180","7.91","6.26","68.42","1.98","0","0","4.07","1.65","0","0","0","0","0","0","2.64","0","3.3","50","10.88","30.3","0.33","1.32","0","36.92","66.96","16.48","54","6.92","52.38","0.15","0","0","10.22","61.29","3.63","45.45","1.32","7.58","73.91"
"Xu Jiamin","China 1.","Henan","GK","31","150000","2026-12-31","3","273","0","0","0","0","China PR","right","192","0.33","0.33","0","0.33","100","0","0.54","0","0","0","0","0","0","0","0","0","0","0","0","0","0","0","0","9.23","85.71","6.26","78.95","3.63","72.73","0","0","0","0.33","0","0","0","0","2.97","77.78"
"Zhao Jianfei","China 1.","Shandong Taishan","LCB, RCB","26","100000","2027-12-31","8","273","0","0","0","0","China PR","right","178","6.59","4.29","46.15","2.31","42.86","0.66","6.39","0.33","0","0","0","0","0","0","0.33","100","0","0","0.66","50","0","0.33","0","29.01","84.09","12.86","74.36","3.63","63.64","0","0","0","4.29","61.54","0.33","100","0","8.24","68"
"J. Kouassi","China 1.","Zhejiang Professional","LWF, LAMF","30","900000","2025-12-31","7","272","1","2.04","1","0.25","Côte d'Ivoire","right","180","3.64","2.98","77.78","3.64","36.36","0","2.07","3.31","0","0.68","0","4.3","23.08","7.692","2.32","14.29","3.97","50","12.24","45.95","4.3","4.3","0.33","32.76","87.88","6.29","89.47","0.66","100","0.08","0","0.66","1.65","100","2.32","57.14","1.65","3.64","90.91"
"Wei Minzhe","China 1.","Wuhan Three Towns","GK","26","0","","3","266","0","0","0","0","China PR","right","193","1.02","0.34","0","0.68","100","0","1.61","0","0","0","0","0","0","0","0","0","0","0","0","0","0","0","0","18.27","92.59","8.12","83.33","5.75","82.35","0","0","0","0.34","0","0","0","0","4.4","84.62"
"Sun Bo","China 1.","Dalian Young Boy","RW, LW","34","50000","2025-12-31","7","256","0","0.34","0","0.61","China PR","right","177","6.33","9.14","38.46","2.46","57.14","0","2.95","1.76","0","0.12","0","1.05","33.33","0","1.05","33.33","1.76","60","3.87","45.45","1.76","0.7","0","26.02","71.62","7.73","68.18","3.87","54.55","0.22","0","0.35","4.57","69.23","2.11","50","0.35","6.33","83.33"
"Yang Shiyuan","China 1.","Shanghai Port","RDMF, LCMF, RCMF","31","100000","2026-12-31","10","243","0","0.33","0","0","China PR","right","173","9.26","8.15","50","3.33","88.89","1.11","6.92","2.22","0","0.12","0","1.11","66.67","0","1.48","50","1.11","66.67","2.59","57.14","1.48","0","0","47.78","85.27","14.81","70","2.22","16.67","0","0","0","5.56","66.67","1.85","40","0","5.19","92.86"
"Sun Xuelong","China 1.","Yunnan Yukun","RCMF, LW, AMF","26","50000","2025-12-31","11","242","1","0.22","0","0.21","China PR","","175","4.46","4.83","38.46","0.74","100","0.37","4.12","1.49","0.37","0.08","0.37","0.37","100","100","0.37","100","1.12","66.67","4.46","58.33","0.37","0.37","0","19.71","84.91","6.69","72.22","0.37","0","0.08","0","0.37","2.23","83.33","0.37","100","0","3.35","66.67"
"Tian Yuda","China 1.","Changchun Yatai","CF, AMF","23","75000","2026-12-31","14","240","0","0.6","0","0","China PR","right","191","3.75","3.38","55.56","11.63","29.03","0","3.66","0.75","0","0.23","0","1.5","50","0","0.38","0","0.38","0","3.75","40","3","0.38","0.38","12.38","63.64","3","50","0","0","0","0","0","1.88","60","0.38","0","0.38","1.13","66.67"
"Li Xingxian","China 1.","Henan","RW, RWB, LDMF","20","0","","6","235","0","0.84","0","0.09","China PR","left","180","3.06","5.74","33.33","2.68","14.29","0","2.25","1.53","0","0.32","0","2.68","0","0","2.3","16.67","3.06","37.5","9.19","33.33","2.68","0.38","0","16.47","72.09","2.3","66.67","0.77","100","0.04","0","0.38","0.38","100","1.53","25","0.38","1.15","100"
"M. Li","China 1.","Chengdu Rongcheng","LW, LWF, RCMF","20","0","2029-12-31","11","229","1","1.34","0","0","China PR","unknown","175","6.68","8.25","38.1","4.72","0","0","6.43","2.36","0.39","0.53","0","2.75","42.86","14.286","0.79","0","6.68","17.65","13.36","17.65","3.93","1.97","0.79","17.69","80","3.14","75","0.39","100","0","0.39","0","0","0","0.39","0","0.39","2.36","66.67"
"Sha Yibo","China 1.","Qingdao Hainiu","LCB, RWB, RCB","34","50000","2026-12-31","6","224","0","0","0","0","China PR","","185","6.43","6.43","50","6.83","29.41","0","3.89","0","0","0","0","0","0","0","0","0","0","0","2.01","40","0","0","0","25.31","73.02","12.46","54.84","6.03","40","0","0","0","3.21","50","0","0","0","5.63","57.14"
"Yue Xin","China 1.","Zhejiang Professional","LWB, LB","30","325000","2025-12-31","5","221","0","0.05","0","0.18","China PR","","178","6.92","4.89","75","3.26","87.5","0","2.68","2.85","0","0.02","0","0.81","0","0","5.29","15.38","3.26","62.5","8.96","54.55","1.63","1.22","0.41","33.8","68.67","6.52","50","2.85","14.29","0.07","0.41","0.81","1.63","0","4.07","30","0.81","4.89","41.67"
"Yan Peng","China 1.","Dalian Young Boy","CF, LW","30","100000","2025-12-31","4","220","0","1.63","0","0.02","China PR","right","180","4.91","4.91","50","4.91","41.67","0","2.95","0.41","0","0.67","0","3.27","0","0","0.41","0","0.82","50","6.14","46.67","5.32","0.82","0","12.27","76.67","2.45","66.67","0.41","0","0.01","0","0","1.64","50","0.41","100","0.82","1.23","66.67"
"Xie Pengfei","China 1.","Shanghai Shenhua","AMF, CF","32","450000","2026-12-31","5","218","1","0.66","1","1.16","China PR","left","179","7.02","6.61","62.5","4.13","20","0","3.13","4.54","0.41","0.27","0","1.65","75","25","2.06","40","3.72","66.67","11.97","41.38","3.3","1.65","0.41","41.7","88.12","5.37","84.62","2.48","66.67","0.48","0","1.24","3.72","88.89","4.95","75","3.3","6.19","93.33"
"Wu Lei","China 1.","Shanghai Port","RAMF, RW","33","1200000","2028-12-31","6","218","1","2.65","1","0.73","China PR","right","174","1.65","1.65","50","4.13","50","0","0.75","2.89","0","1.1","0","4.54","27.27","9.091","2.06","60","1.24","33.33","3.72","22.22","4.95","0.83","0.41","18.17","84.09","3.72","44.44","1.65","75","0.3","0","0.41","1.24","100","2.06","80","1.24","2.48","100"
