League,Season,Team,Matches,Wins,Draws,Losses,Points,Expected Points,Goals For,Goals Against,Goal Difference,Avg Age,Possession %,Goals p90,xG p90,Shots p90,Shot Accuracy %,Crosses p90,Dribbles p90,Touches in Box p90,xG Against p90,Goals Against p90,Shots Against p90,Defensive Duels p90,Defensive Duels Won %,Aerial Duels p90,Aerial Duels Won %,PPDA,Passes p90,Pass Accuracy %,Through Passes p90,Passes to Final Third p90,Passes to Final Third Acc %,Long Passes p90,Long Pass Accuracy %,Progressive Passes p90,Progressive Runs p90
Albania 1,2024-25,Egnatia Rrogozhinë,38.0,17.0,12.0,9.0,63.0,69.1,51.0,30.0,21.0,27.4,59.3,1.22,1.42,10.51,31.2,16.18,16.32,17.9,0.81,0.72,7.25,67.98,64.9,39.76,46.4,6.85,410.0,83.6,4.09,48.18,68.3,48.93,60.0,70.3,14.31
Albania 1,2024-25,Dinamo City,38.0,14.0,13.0,11.0,55.0,51.9,51.0,45.0,6.0,27.3,54.4,1.23,1.39,10.75,34.2,10.65,19.35,14.81,1.35,1.09,11.14,66.71,61.3,30.51,44.4,8.95,373.77,83.8,3.24,45.51,69.2,35.8,53.6,60.97,15.82
Albania 1,2024-25,Laçi,36.0,8.0,13.0,15.0,37.0,42.3,31.0,37.0,-6.0,26.3,51.0,0.79,0.84,8.77,31.0,10.95,17.59,11.95,1.15,0.94,9.94,73.3,64.3,41.89,47.0,7.91,340.81,78.9,3.28,44.12,62.7,50.25,57.2,67.58,7.7
Albania 1,2024-25,AF Elbasani,36.0,11.0,17.0,8.0,50.0,50.6,40.0,38.0,2.0,27.5,50.2,1.01,1.22,9.9,32.4,14.83,20.26,13.87,1.16,0.96,10.44,69.48,61.7,38.03,44.6,8.78,326.57,80.1,3.31,46.31,64.0,45.51,58.2,65.42,12.03
Albania 1,2024-25,Tirana,36.0,7.0,18.0,11.0,39.0,56.1,43.0,44.0,-1.0,27.2,49.0,1.09,1.29,9.97,30.1,14.39,18.5,14.79,1.01,1.11,8.63,69.0,65.7,38.79,44.4,9.45,312.45,79.4,3.18,43.61,64.2,45.88,56.1,61.13,10.78
Albania 1,2024-25,Teuta Durrës,36.0,10.0,15.0,11.0,45.0,42.2,29.0,41.0,-12.0,28.0,48.8,0.74,0.97,8.62,32.2,13.8,19.34,11.86,1.28,1.05,10.33,65.46,59.5,47.76,45.4,9.1,302.88,78.5,4.18,45.61,63.8,46.05,57.0,61.79,9.49
Albania 1,2024-25,Skënderbeu Korçë,36.0,9.0,11.0,16.0,38.0,44.0,35.0,45.0,-10.0,24.6,47.9,0.89,1.11,9.18,38.8,11.37,21.29,11.88,1.34,1.14,10.68,65.5,62.0,40.29,44.3,8.45,288.72,78.4,3.87,41.51,63.6,45.89,53.9,60.06,11.78
Albania 1,2024-25,Bylis Ballsh,36.0,11.0,9.0,16.0,42.0,41.0,33.0,50.0,-17.0,24.9,46.6,0.84,0.95,8.05,32.7,11.04,16.89,12.19,1.28,1.28,9.71,70.84,63.1,38.52,42.2,9.71,308.06,78.3,3.3,41.64,62.8,42.28,53.7,61.72,10.19
Albania 1,2024-25,Partizani Tirana,38.0,14.0,15.0,9.0,57.0,56.9,40.0,34.0,6.0,25.2,46.1,0.96,1.18,10.29,36.2,10.92,20.3,13.66,1.0,0.79,8.98,66.04,64.0,40.22,46.0,9.26,298.26,78.8,3.54,42.83,65.8,41.25,56.2,61.55,12.06
Albania 1,2024-25,Vllaznia Shkodër,38.0,15.0,13.0,10.0,58.0,51.3,55.0,44.0,11.0,27.0,45.8,1.32,1.11,10.14,34.6,13.49,18.03,13.08,1.15,1.06,9.42,67.67,63.5,45.46,48.4,9.6,286.9,77.7,3.65,37.52,62.7,45.02,54.5,58.1,10.19
Argentina 1,2024-25,River Plate,27.0,11.0,10.0,6.0,43.0,47.4,38.0,21.0,17.0,29.5,62.8,1.28,1.47,13.83,36.7,17.72,26.03,19.2,0.85,0.71,8.11,62.99,63.5,37.43,49.1,6.09,479.85,83.5,4.12,64.1,75.7,42.3,57.2,82.12,16.3
Argentina 1,2024-25,Argentinos Juniors,27.0,8.0,6.0,13.0,30.0,36.2,22.0,28.0,-6.0,27.9,56.4,0.75,0.96,11.69,26.4,17.42,25.18,14.94,1.03,0.95,8.3,68.04,65.9,38.39,43.5,8.38,385.75,80.6,4.47,54.18,67.0,48.52,57.0,71.67,13.76
Argentina 1,2024-25,Talleres Córdoba,27.0,13.0,9.0,5.0,48.0,40.3,34.0,27.0,7.0,29.4,55.5,1.15,1.15,11.57,31.8,14.26,23.23,13.35,1.02,0.91,9.17,59.58,63.6,35.68,47.0,9.46,382.56,83.6,4.35,50.07,73.1,43.03,61.4,69.06,14.3
Argentina 1,2024-25,Boca Juniors,27.0,11.0,9.0,7.0,42.0,33.4,30.0,23.0,7.0,29.1,55.4,1.0,1.09,8.87,36.3,15.11,24.01,12.72,1.23,0.76,10.43,64.13,65.4,29.56,46.3,8.37,377.14,82.2,4.58,44.97,70.7,42.34,53.0,61.8,13.65
Argentina 1,2024-25,Racing Club,27.0,14.0,4.0,9.0,46.0,43.9,42.0,30.0,12.0,28.5,54.4,1.42,1.39,12.69,33.9,15.47,22.24,16.04,1.04,1.02,9.58,63.43,64.7,36.18,48.3,8.03,371.88,79.8,5.38,57.85,67.4,55.88,55.1,73.92,11.95
Argentina 1,2024-25,Estudiantes,27.0,8.0,12.0,7.0,36.0,38.0,36.0,34.0,2.0,30.2,54.3,1.23,1.13,11.31,38.1,16.6,21.93,15.81,1.11,1.16,10.08,63.84,64.9,44.68,45.0,8.28,420.76,82.0,4.71,58.03,71.0,46.93,57.8,75.93,12.94
Argentina 1,2024-25,Vélez Sarsfield,27.0,14.0,9.0,4.0,51.0,48.0,38.0,16.0,22.0,28.6,53.9,1.29,1.42,10.84,35.1,15.19,25.18,16.95,0.81,0.54,9.07,64.55,63.6,38.9,45.0,8.46,357.04,78.1,4.01,47.8,69.7,43.32,56.8,72.1,18.01
Argentina 1,2024-25,Defensa y Justicia,27.0,7.0,11.0,9.0,32.0,36.6,27.0,33.0,-6.0,26.9,53.9,0.92,1.12,11.63,31.9,13.33,19.38,12.82,1.15,1.12,10.68,61.34,63.9,38.05,48.0,9.32,369.04,80.5,3.47,50.97,70.7,48.89,58.4,73.54,12.44
Argentina 1,2024-25,San Lorenzo,27.0,7.0,8.0,12.0,29.0,37.0,20.0,26.0,-6.0,27.0,53.8,0.67,0.93,8.88,30.3,13.14,23.09,11.08,0.9,0.87,8.38,63.05,66.6,41.49,46.7,7.93,330.32,79.5,4.09,49.81,68.8,43.82,55.7,65.25,12.54
Argentina 1,2024-25,Central Córdoba SdE,27.0,8.0,7.0,12.0,31.0,35.1,29.0,36.0,-7.0,25.7,52.7,0.98,0.99,9.82,33.1,10.64,22.29,11.31,1.09,1.22,8.6,65.95,62.3,32.48,42.4,9.1,373.11,80.7,4.3,51.11,67.1,46.98,55.2,68.73,15.01
Argentina 1,2024-25,Independiente,27.0,9.0,13.0,5.0,40.0,37.3,25.0,17.0,8.0,29.2,52.4,0.84,0.93,9.65,40.6,12.02,20.46,13.87,0.86,0.57,7.97,63.84,64.1,38.08,46.7,8.34,313.92,79.5,2.8,43.95,67.8,47.8,60.0,64.38,11.17
Argentina 1,2024-25,Tigre,27.0,8.0,10.0,9.0,34.0,33.0,27.0,30.0,-3.0,26.5,52.3,0.92,0.92,9.01,36.7,14.81,20.67,13.24,1.15,1.02,10.51,65.3,64.3,37.43,46.9,9.44,382.21,80.7,2.83,48.48,67.8,43.91,55.2,70.21,14.26
Argentina 1,2024-25,Newell's Old Boys,27.0,7.0,7.0,13.0,28.0,40.4,22.0,35.0,-13.0,28.1,52.1,0.74,1.13,10.14,34.3,14.5,21.03,11.77,0.89,1.18,9.47,61.5,62.7,41.55,46.1,9.57,319.7,79.0,3.31,46.93,65.9,43.78,59.7,62.38,13.46
Argentina 1,2024-25,Rosario Central,27.0,8.0,8.0,11.0,32.0,36.3,27.0,30.0,-3.0,29.6,51.5,0.91,0.9,8.45,32.5,14.19,19.82,11.37,0.98,1.01,9.73,64.24,65.8,37.34,47.8,8.2,327.53,77.4,3.39,46.43,64.1,44.38,52.6,66.52,12.01
Argentina 1,2024-25,Lanús,27.0,8.0,12.0,7.0,36.0,34.8,28.0,31.0,-3.0,30.6,50.0,0.95,1.0,10.57,36.2,13.83,23.31,12.3,1.16,1.05,11.28,62.82,64.0,38.09,50.1,9.83,344.68,79.6,3.39,44.25,65.5,44.29,53.1,62.32,11.25
Argentina 1,2024-25,Gimnasia La Plata,27.0,8.0,8.0,11.0,32.0,34.9,21.0,23.0,-2.0,29.1,49.8,0.7,0.96,9.33,36.7,17.83,21.95,13.56,1.07,0.77,10.17,78.42,62.9,42.36,44.6,7.78,333.88,76.3,4.16,56.87,65.9,56.16,60.3,77.75,12.86
Argentina 1,2024-25,Unión Santa Fe,27.0,11.0,7.0,9.0,40.0,41.6,27.0,26.0,1.0,27.6,49.6,0.91,1.18,11.06,31.1,17.43,19.39,14.13,0.94,0.88,8.7,67.07,66.6,41.0,44.5,10.07,313.74,77.5,3.17,48.73,64.2,49.64,57.3,68.92,12.61
Argentina 1,2024-25,Godoy Cruz,27.0,8.0,11.0,8.0,35.0,33.9,31.0,28.0,3.0,26.5,49.0,1.05,0.99,9.54,33.5,14.54,20.65,11.82,1.14,0.95,9.37,67.21,64.1,38.07,42.8,8.91,314.35,78.2,3.26,48.12,63.7,50.74,59.3,65.51,11.28
Argentina 1,2024-25,Huracán,27.0,12.0,10.0,5.0,46.0,37.0,28.0,18.0,10.0,30.6,48.0,0.94,0.88,8.4,32.7,12.35,17.48,12.05,0.9,0.6,9.64,69.24,65.2,44.63,43.7,9.31,325.88,78.4,4.22,46.77,63.3,49.39,54.7,66.93,10.45
Argentina 1,2024-25,Instituto,27.0,10.0,6.0,11.0,36.0,35.6,32.0,31.0,1.0,26.7,47.7,1.08,0.98,10.39,32.2,14.55,16.01,12.63,1.05,1.05,9.92,60.21,62.1,45.56,46.4,8.84,308.42,75.9,3.18,51.85,66.1,51.58,55.8,69.73,8.97
Argentina 1,2024-25,Banfield,27.0,5.0,9.0,13.0,24.0,33.0,22.0,36.0,-14.0,26.5,47.6,0.74,0.97,8.29,34.7,14.88,19.62,11.2,1.08,1.22,10.45,68.9,67.8,41.84,45.1,9.2,270.98,75.6,3.08,39.03,64.6,45.76,53.2,59.93,10.55
Argentina 1,2024-25,Belgrano,27.0,8.0,11.0,8.0,35.0,34.6,33.0,32.0,1.0,29.8,47.4,1.12,0.99,8.47,39.2,16.3,18.54,13.79,1.03,1.08,10.81,64.76,62.7,35.65,46.0,9.46,327.84,78.3,4.03,45.3,66.2,42.56,54.1,64.35,10.98
Argentina 1,2024-25,Atlético Tucumán,27.0,11.0,7.0,9.0,40.0,40.4,28.0,27.0,1.0,28.1,46.4,0.95,1.14,10.62,34.2,12.38,16.55,15.71,1.04,0.92,10.45,69.78,66.0,48.04,47.8,7.65,297.04,73.7,4.38,51.33,62.5,52.55,52.2,68.12,7.63
Argentina 1,2024-25,Barracas Central,27.0,4.0,11.0,12.0,23.0,26.2,15.0,33.0,-18.0,28.0,46.0,0.51,0.84,9.47,29.0,12.21,24.01,9.43,1.49,1.13,12.45,73.54,61.7,41.78,45.2,9.49,294.04,76.3,3.09,42.19,65.5,43.97,54.6,62.7,10.26
Argentina 1,2024-25,Independiente Rivadavia,27.0,10.0,8.0,9.0,38.0,34.0,23.0,25.0,-2.0,28.5,44.6,0.77,0.84,8.44,35.1,13.93,21.97,10.3,0.95,0.84,10.46,61.07,65.9,44.31,43.7,10.59,275.55,75.4,2.66,44.28,61.8,45.05,50.9,58.84,10.9
Argentina 1,2024-25,Platense,27.0,10.0,9.0,8.0,39.0,37.0,20.0,18.0,2.0,28.1,40.9,0.67,0.84,7.98,35.9,14.78,15.62,10.8,0.75,0.61,8.65,72.33,67.6,49.41,49.4,10.25,245.97,70.5,1.92,43.12,61.0,44.19,51.9,59.0,7.17
Argentina 1,2024-25,Sarmiento,27.0,5.0,11.0,11.0,26.0,28.5,18.0,28.0,-10.0,30.0,37.5,0.61,0.81,8.41,33.6,12.15,17.12,10.48,1.19,0.95,13.24,69.71,58.7,42.31,40.5,12.14,237.76,69.9,3.06,42.07,57.7,48.2,48.2,57.76,8.03
Argentina 1,2024-25,Deportivo Riestra,27.0,8.0,11.0,8.0,35.0,33.9,26.0,27.0,-1.0,31.0,32.8,0.87,1.07,7.99,40.3,9.34,13.74,11.35,1.17,0.91,11.65,69.65,62.3,49.84,42.3,13.35,192.66,65.6,3.79,44.33,58.3,51.62,54.8,59.51,5.68
Armenia 1,2024-25,Noah,30.0,24.0,3.0,3.0,75.0,65.9,92.0,20.0,72.0,28.8,59.2,2.72,2.24,15.44,43.4,15.62,20.26,24.04,0.7,0.59,8.15,62.3,63.6,24.42,52.0,7.43,421.12,84.5,4.81,55.98,73.6,38.59,59.8,72.25,14.26
Armenia 1,2024-25,Ararat-Armenia,29.0,20.0,3.0,6.0,63.0,60.3,72.0,28.0,44.0,26.8,57.6,2.23,2.04,15.35,40.3,15.69,24.3,24.42,0.94,0.87,7.24,69.02,63.0,25.63,48.6,7.07,433.84,83.7,3.34,60.23,71.8,40.85,54.0,78.86,16.65
Armenia 1,2024-25,Urartu,30.0,18.0,5.0,7.0,59.0,44.7,62.0,33.0,29.0,27.3,54.1,1.86,1.3,9.92,38.7,14.36,18.31,17.2,1.23,0.99,10.67,64.35,61.6,26.19,49.9,9.82,403.25,83.7,4.23,51.07,71.7,41.15,56.2,69.47,12.71
Armenia 1,2024-25,BKMA,30.0,10.0,6.0,14.0,36.0,33.4,44.0,54.0,-10.0,22.6,54.1,1.32,1.07,10.14,37.3,6.75,22.98,11.37,1.4,1.62,12.48,73.23,64.2,25.17,46.4,8.9,378.3,82.8,3.3,42.39,67.7,36.72,52.0,64.53,14.01
Armenia 1,2024-25,Pyunik,29.0,16.0,2.0,11.0,50.0,53.5,56.0,37.0,19.0,32.2,50.6,1.72,1.57,10.48,36.8,14.56,19.19,17.84,0.89,1.13,8.8,59.41,63.0,32.98,47.0,10.96,353.59,82.2,2.7,46.5,66.6,39.76,56.2,62.47,13.15
Armenia 1,2024-25,Van,30.0,15.0,7.0,8.0,52.0,41.4,56.0,36.0,20.0,24.8,48.5,1.72,1.38,11.72,35.4,8.77,19.94,15.6,1.24,1.08,10.8,68.37,64.5,32.0,43.0,9.29,301.14,79.7,3.85,41.57,61.8,40.92,52.5,58.28,11.57
Armenia 1,2024-25,Shirak,30.0,10.0,5.0,15.0,35.0,36.6,30.0,50.0,-20.0,27.5,47.3,0.92,0.98,11.18,27.8,11.34,17.25,11.65,1.26,1.54,9.03,66.43,60.6,35.31,44.8,9.81,285.25,77.5,4.22,45.88,62.2,46.09,52.9,61.75,10.66
Armenia 1,2024-25,Ararat,29.0,8.0,5.0,16.0,29.0,33.4,33.0,59.0,-26.0,24.2,46.7,1.02,1.11,9.78,35.4,8.29,22.78,11.67,1.64,1.83,12.69,63.63,64.6,26.0,45.6,15.48,311.38,80.9,3.47,40.51,62.6,40.39,51.2,56.39,12.57
Armenia 1,2024-25,Alashkert,29.0,5.0,8.0,16.0,23.0,29.5,21.0,52.0,-31.0,28.5,46.2,0.65,0.85,8.17,30.8,10.56,20.1,10.62,1.53,1.62,12.4,67.48,63.8,30.82,45.5,11.87,316.79,79.3,3.23,41.66,61.5,44.86,53.0,61.88,10.03
Armenia 1,2024-25,West Armenia,27.0,8.0,2.0,17.0,26.0,20.8,24.0,67.0,-43.0,26.6,44.2,0.85,0.84,7.94,33.2,10.04,15.14,9.76,1.8,2.17,13.89,68.67,64.3,32.37,43.8,12.98,296.5,79.4,2.53,38.32,63.7,42.24,55.1,59.73,7.87
Armenia 1,2024-25,Gandzasar FC,29.0,2.0,4.0,23.0,10.0,21.9,16.0,70.0,-54.0,26.1,39.3,0.54,0.92,8.51,31.5,11.82,17.52,10.15,1.94,2.24,14.0,68.3,63.7,33.8,42.4,15.31,268.69,78.2,3.58,36.11,62.2,44.25,54.3,58.52,11.32
Australia 1,2024-25,Sydney,26.0,10.0,7.0,9.0,37.0,36.8,53.0,46.0,7.0,27.5,58.1,1.84,1.6,14.53,35.9,13.24,23.77,20.29,1.61,1.6,11.08,61.96,62.7,29.12,43.4,9.78,457.68,85.0,4.55,55.25,74.0,33.78,54.2,70.89,15.19
Australia 1,2024-25,Melbourne City,29.0,16.0,7.0,6.0,55.0,51.5,46.0,26.0,20.0,26.7,56.0,1.45,1.57,13.46,37.0,14.53,20.39,20.83,1.04,0.82,8.63,63.21,63.4,33.4,44.4,9.63,455.83,84.9,3.75,53.92,68.4,44.97,53.3,70.15,17.58
Australia 1,2024-25,Adelaide United,27.0,10.0,8.0,9.0,38.0,42.2,55.0,58.0,-3.0,26.6,52.4,1.85,1.85,11.99,37.0,15.85,22.33,22.8,1.57,1.95,11.32,61.59,64.9,29.99,45.1,13.04,444.76,84.0,3.29,53.8,70.3,40.63,46.5,68.57,15.35
Australia 1,2024-25,Melbourne Victory,30.0,14.0,7.0,9.0,49.0,46.7,48.0,39.0,9.0,28.4,52.2,1.45,1.54,13.31,34.7,11.26,23.24,19.95,1.26,1.18,9.51,59.25,64.5,30.78,48.3,10.48,388.79,82.6,5.04,52.79,71.4,39.05,51.2,68.15,15.36
Australia 1,2024-25,Macarthur,26.0,9.0,6.0,11.0,33.0,39.7,50.0,45.0,5.0,29.4,50.5,1.75,1.61,12.04,40.4,16.45,18.38,19.5,1.38,1.58,12.64,65.15,65.3,27.76,47.0,11.69,411.56,83.0,4.69,49.22,73.1,42.6,52.1,69.52,12.46
Australia 1,2024-25,Newcastle Jets,26.0,8.0,6.0,12.0,30.0,31.9,43.0,44.0,-1.0,25.5,50.5,1.5,1.39,11.88,33.8,13.11,20.55,17.65,1.66,1.54,13.6,63.96,62.0,24.47,41.7,14.19,436.79,85.3,4.44,44.6,70.8,37.4,53.0,63.86,15.94
Australia 1,2024-25,Western Sydney Wanderers,27.0,13.0,7.0,7.0,46.0,39.1,59.0,42.0,17.0,27.1,50.2,1.98,1.58,13.66,38.1,13.76,20.11,20.31,1.53,1.41,12.52,61.26,62.6,30.92,50.5,11.44,404.75,85.0,4.2,45.76,70.7,41.16,55.9,65.36,15.07
Australia 1,2024-25,Brisbane Roar,26.0,5.0,6.0,15.0,21.0,36.9,32.0,51.0,-19.0,27.6,49.2,1.12,1.22,10.69,37.4,11.15,20.12,17.78,1.17,1.79,10.9,57.39,62.2,30.64,46.8,15.01,411.64,84.6,4.17,48.42,65.9,36.57,44.2,59.57,15.29
Australia 1,2024-25,Western United,29.0,15.0,6.0,8.0,51.0,48.6,59.0,43.0,16.0,25.7,49.1,1.88,1.9,12.22,41.7,14.49,21.01,19.71,1.43,1.37,11.87,65.39,65.3,33.49,43.3,12.13,410.97,81.4,4.27,45.94,61.8,41.77,48.6,68.42,13.24
Australia 1,2024-25,Central Coast Mariners,26.0,5.0,11.0,10.0,26.0,21.3,29.0,51.0,-22.0,25.3,48.4,1.02,0.85,9.72,31.5,11.02,18.8,14.01,1.59,1.8,12.11,59.12,64.7,27.25,47.5,15.6,383.94,83.3,3.91,43.1,69.0,40.81,53.6,62.43,15.67
Australia 1,2024-25,Auckland FC,28.0,16.0,8.0,4.0,56.0,46.0,50.0,29.0,21.0,28.4,47.5,1.62,1.54,12.42,31.6,15.82,18.58,18.16,1.17,0.94,9.37,71.49,65.4,39.52,49.7,10.22,347.23,79.3,3.6,44.12,64.4,38.9,50.3,64.97,10.31
Australia 1,2024-25,Wellington Phoenix,26.0,6.0,6.0,14.0,24.0,20.3,27.0,43.0,-16.0,27.8,45.8,0.96,0.87,7.19,31.5,7.72,16.48,11.44,1.76,1.52,16.69,67.78,63.0,30.3,43.7,15.42,392.6,83.6,5.0,37.91,64.2,39.12,50.2,59.53,11.02
Australia 1,2024-25,Perth Glory,26.0,4.0,5.0,17.0,17.0,29.1,22.0,56.0,-34.0,27.6,39.6,0.78,1.08,9.94,33.2,11.68,15.3,14.98,1.63,1.99,14.52,71.96,64.1,31.53,41.9,14.13,334.83,78.3,4.51,42.96,58.5,42.89,44.5,59.36,8.98
Austria 1,2024-25,Salzburg,32.0,16.0,9.0,7.0,57.0,57.1,53.0,36.0,17.0,23.7,62.2,1.53,1.72,14.53,33.8,17.94,32.27,23.37,1.11,1.04,8.49,57.24,65.9,36.09,49.5,8.73,502.3,84.3,4.13,64.46,74.3,37.65,56.1,81.53,22.83
Austria 1,2024-25,Rapid Wien,34.0,13.0,8.0,13.0,47.0,56.1,47.0,45.0,2.0,25.7,57.6,1.27,1.54,11.83,36.2,16.17,19.23,19.61,1.12,1.22,9.17,54.66,63.3,26.45,53.3,10.15,438.2,83.4,3.96,53.98,70.5,37.73,55.9,75.52,15.9
Austria 1,2024-25,LASK,35.0,18.0,6.0,11.0,60.0,57.5,56.0,40.0,16.0,28.1,56.9,1.48,1.45,10.74,38.3,14.56,18.79,16.94,1.05,1.06,9.23,55.38,62.1,27.63,51.4,9.82,467.52,83.5,6.31,52.74,65.8,45.44,50.1,71.5,12.82
Austria 1,2024-25,Austria Wien,32.0,18.0,6.0,8.0,60.0,47.8,47.0,32.0,15.0,28.6,53.1,1.35,1.3,10.28,36.3,16.88,17.8,19.18,1.11,0.92,9.9,59.4,62.3,38.18,48.3,9.58,379.29,79.7,4.82,53.08,65.8,49.23,53.9,71.77,12.95
Austria 1,2024-25,Sturm Graz,32.0,19.0,6.0,7.0,63.0,52.9,66.0,39.0,27.0,25.3,51.2,1.9,1.65,12.27,34.7,12.48,23.2,18.11,1.19,1.12,10.09,58.44,64.0,38.49,44.9,9.05,367.73,79.4,3.59,53.24,63.9,41.65,49.1,69.76,13.68
Austria 1,2024-25,Hartberg,33.0,11.0,11.0,11.0,44.0,42.8,40.0,42.0,-2.0,26.3,50.3,1.12,1.21,8.72,39.1,10.87,15.82,14.14,1.44,1.17,11.18,56.88,63.0,32.11,43.2,11.44,377.78,80.1,4.89,45.75,58.7,46.9,52.5,68.31,11.26
Austria 1,2024-25,Rheindorf Altach,32.0,5.0,11.0,16.0,26.0,41.3,29.0,46.0,-17.0,27.6,47.7,0.83,1.05,8.39,33.0,12.65,17.64,13.9,1.22,1.31,10.33,59.4,60.9,42.47,44.4,10.8,322.66,77.9,3.63,47.81,61.5,49.12,55.3,67.68,9.13
Austria 1,2024-25,Austria Klagenfurt,32.0,6.0,9.0,17.0,27.0,33.2,33.0,70.0,-37.0,26.9,45.9,0.95,1.19,9.01,37.6,9.84,16.3,12.11,1.8,2.01,12.05,61.16,66.2,41.15,42.5,14.18,330.27,79.4,3.64,48.39,63.9,47.81,55.4,66.35,11.36
Austria 1,2024-25,Wolfsberger AC,32.0,16.0,7.0,9.0,55.0,50.4,60.0,38.0,22.0,26.1,45.5,1.73,1.43,11.21,39.1,13.31,17.08,16.22,1.07,1.09,8.73,64.3,65.1,38.83,45.3,11.76,348.59,76.5,3.57,52.98,61.2,48.28,53.8,72.4,12.27
Austria 1,2024-25,WSG Swarovski Tirol,32.0,7.0,9.0,16.0,30.0,30.7,35.0,50.0,-15.0,26.1,45.4,1.01,0.97,8.44,33.2,10.75,18.12,13.12,1.63,1.44,11.61,60.44,64.1,37.82,41.9,13.0,347.72,79.5,3.5,42.41,59.9,46.29,49.4,62.47,10.23
Austria 1,2024-25,Grazer AK,32.0,5.0,13.0,14.0,28.0,34.4,34.0,54.0,-20.0,28.2,41.5,0.97,1.06,9.4,35.4,11.72,18.28,11.35,1.55,1.55,11.95,63.09,61.4,34.27,45.3,12.31,299.94,76.2,3.95,43.5,57.8,47.42,48.7,61.43,8.94
Austria 1,2024-25,Blau-Weiß Linz,32.0,11.0,5.0,16.0,38.0,36.6,37.0,45.0,-8.0,27.3,40.3,1.07,1.07,9.28,39.3,12.55,14.8,13.82,1.38,1.3,11.54,69.91,63.2,43.14,45.8,12.85,301.05,73.4,3.79,46.06,56.1,50.31,48.0,68.35,8.47
Austria 2,2024-25,Ried,30.0,20.0,5.0,5.0,65.0,62.3,59.0,23.0,36.0,28.5,56.4,1.82,1.72,11.57,37.6,13.95,17.35,18.7,0.69,0.71,6.98,57.65,63.3,47.31,49.7,7.5,368.49,79.5,4.57,52.96,63.2,50.25,55.9,70.56,9.44
Austria 2,2024-25,Liefering,30.0,13.0,4.0,13.0,43.0,41.7,43.0,43.0,0.0,20.1,55.4,1.33,1.3,10.3,35.2,11.04,22.79,15.35,1.3,1.33,10.3,65.87,67.7,43.45,51.2,7.18,365.21,75.7,4.62,58.58,58.3,51.92,45.3,75.36,15.44
Austria 2,2024-25,Rapid Wien II,30.0,11.0,4.0,15.0,37.0,39.8,49.0,57.0,-8.0,20.8,54.7,1.53,1.39,13.09,38.8,11.9,27.49,17.06,1.51,1.78,12.65,73.41,63.5,34.9,47.3,8.79,395.97,80.9,5.29,51.9,66.1,42.82,52.0,75.6,16.4
Austria 2,2024-25,Admira,30.0,18.0,5.0,7.0,59.0,54.8,48.0,31.0,17.0,27.1,53.2,1.49,1.5,12.64,35.5,18.98,20.78,17.34,0.82,0.96,7.25,69.03,64.2,44.35,39.0,7.63,376.6,77.6,4.12,55.44,62.8,59.53,56.2,79.41,12.48
Austria 2,2024-25,First Vienna,30.0,15.0,4.0,11.0,49.0,35.9,49.0,44.0,5.0,26.0,52.9,1.53,1.15,10.37,35.8,12.78,21.37,14.37,1.43,1.37,10.68,60.92,62.1,30.86,45.6,10.11,388.8,80.7,3.12,50.23,63.1,49.3,55.3,73.1,14.31
Austria 2,2024-25,Lafnitz,30.0,3.0,7.0,20.0,16.0,32.0,40.0,81.0,-41.0,24.0,51.4,1.25,1.29,11.12,39.4,12.96,21.76,12.93,1.88,2.54,12.43,71.12,63.1,40.3,45.5,9.55,358.12,77.7,4.07,48.41,60.2,53.24,53.8,73.06,12.12
Austria 2,2024-25,Floridsdorfer AC,30.0,9.0,10.0,11.0,37.0,38.4,30.0,35.0,-5.0,27.4,50.5,0.94,0.9,8.17,41.2,11.41,21.33,11.79,1.04,1.09,10.1,67.11,63.0,40.32,42.8,10.53,367.36,79.9,3.18,45.34,58.9,50.33,50.7,68.33,9.82
Austria 2,2024-25,St. Pölten,30.0,15.0,8.0,7.0,53.0,51.4,56.0,34.0,22.0,26.3,49.2,1.74,1.63,12.37,36.9,15.89,21.42,17.91,1.1,1.06,10.88,64.82,67.3,43.77,49.4,10.43,347.44,78.9,4.29,52.48,63.7,51.73,52.3,72.99,13.43
Austria 2,2024-25,Sturm Graz II,30.0,11.0,9.0,10.0,42.0,36.5,48.0,43.0,5.0,21.0,49.0,1.49,1.36,11.33,36.8,11.33,23.84,13.29,1.55,1.34,12.73,78.27,64.2,40.15,44.9,8.39,323.09,75.2,4.11,49.14,56.3,49.26,46.9,69.02,12.73
Austria 2,2024-25,Bregenz,30.0,11.0,5.0,14.0,38.0,36.8,51.0,57.0,-6.0,26.1,48.9,1.59,1.45,11.95,36.6,13.07,17.22,14.35,1.64,1.78,12.95,64.2,59.0,35.75,41.5,10.17,356.85,78.4,3.53,53.69,62.3,51.22,54.9,75.74,10.67
Austria 2,2024-25,Austria Lustenau,30.0,8.0,13.0,9.0,37.0,37.6,24.0,26.0,-2.0,26.7,48.6,0.74,1.06,9.27,34.1,14.02,20.41,12.9,1.25,0.81,10.45,65.69,62.9,50.06,43.4,9.23,330.44,76.0,2.95,49.99,59.2,57.13,56.0,70.49,10.39
Austria 2,2024-25,Stripfing,30.0,8.0,10.0,12.0,34.0,33.0,39.0,43.0,-4.0,26.0,48.2,1.22,1.1,8.97,34.8,12.88,17.41,12.69,1.47,1.34,12.47,65.62,63.0,47.14,46.3,10.14,342.43,76.5,2.53,50.27,56.7,52.36,48.3,67.27,9.44
Austria 2,2024-25,Kapfenberger SV,30.0,17.0,3.0,10.0,54.0,44.8,53.0,49.0,4.0,25.0,46.6,1.63,1.54,9.75,42.9,11.02,19.26,14.22,1.42,1.51,12.43,69.88,61.8,45.45,53.6,9.39,290.0,75.4,2.25,39.66,55.7,48.68,53.0,63.23,10.86
Austria 2,2024-25,Voitsberg,30.0,9.0,5.0,16.0,32.0,46.4,30.0,41.0,-11.0,26.5,46.5,0.93,1.3,11.41,31.6,15.74,19.87,17.45,1.1,1.28,8.55,68.04,63.5,45.9,44.1,9.16,314.35,73.3,4.85,52.87,60.8,56.57,54.1,75.1,7.9
Austria 2,2024-25,Horn,30.0,8.0,6.0,16.0,30.0,30.0,40.0,61.0,-21.0,24.3,46.4,1.25,1.05,8.93,36.0,10.8,22.95,11.62,1.6,1.9,12.24,75.79,62.6,37.82,42.7,11.59,364.56,77.2,4.59,43.75,53.6,54.71,49.4,71.98,11.21
Austria 2,2024-25,Amstetten,30.0,12.0,6.0,12.0,42.0,42.3,49.0,40.0,9.0,26.8,41.6,1.52,1.28,11.66,35.7,13.28,15.27,16.58,1.25,1.24,9.89,71.0,66.6,63.63,45.8,8.38,282.38,69.0,2.71,54.58,56.0,55.23,50.1,72.34,7.68
Azerbaijan 1,2024-25,Qarabag,36.0,28.0,5.0,3.0,89.0,75.1,86.0,18.0,68.0,28.5,66.2,2.25,2.0,15.07,39.1,16.63,26.26,28.3,0.81,0.47,7.22,54.04,61.6,20.74,52.1,7.04,526.4,87.8,4.16,62.93,82.2,34.81,64.8,75.98,20.01
Azerbaijan 1,2024-25,Neftchi,36.0,10.0,13.0,13.0,43.0,43.5,39.0,49.0,-10.0,30.1,56.3,1.0,1.01,10.14,33.8,13.67,18.3,14.96,1.27,1.26,10.81,61.73,60.9,27.98,46.7,8.47,409.87,84.3,3.42,47.96,70.8,38.46,54.6,67.47,14.24
Azerbaijan 1,2024-25,Sabah,36.0,10.0,18.0,8.0,48.0,64.1,50.0,46.0,4.0,27.5,51.6,1.29,1.48,12.42,34.7,15.15,21.25,17.01,0.86,1.19,7.59,66.2,61.7,32.71,51.1,8.53,379.44,82.0,4.13,50.76,69.8,40.9,56.4,70.3,12.78
Azerbaijan 1,2024-25,Zira,36.0,23.0,5.0,8.0,74.0,57.0,59.0,27.0,32.0,28.3,51.1,1.53,1.15,9.11,41.2,11.1,17.91,14.13,0.78,0.7,8.28,64.07,64.8,32.63,46.3,11.08,378.58,82.2,3.16,45.83,65.3,43.32,54.9,62.83,12.83
Azerbaijan 1,2024-25,Sumqayıt,36.0,9.0,6.0,21.0,33.0,37.0,31.0,53.0,-22.0,28.9,51.0,0.8,1.02,8.2,32.5,11.75,15.14,13.04,1.54,1.37,12.65,61.95,60.3,28.57,41.7,11.2,372.91,83.1,3.7,42.23,71.3,42.85,58.1,66.22,11.28
Azerbaijan 1,2024-25,Araz,36.0,15.0,13.0,8.0,58.0,50.5,33.0,29.0,4.0,30.7,48.5,0.85,1.0,9.69,31.4,10.46,15.23,13.35,1.0,0.75,8.37,60.37,59.2,31.46,45.5,10.14,333.0,80.1,4.41,44.37,61.1,44.42,53.7,59.0,10.44
Azerbaijan 1,2024-25,Sabail,36.0,4.0,10.0,22.0,22.0,32.8,28.0,59.0,-31.0,27.3,47.8,0.72,0.68,8.29,35.2,7.62,18.05,10.22,1.42,1.52,10.9,64.39,61.0,25.84,43.3,12.36,347.58,82.2,2.3,40.48,65.1,41.49,50.7,60.1,12.13
Azerbaijan 1,2024-25,Kapaz,36.0,8.0,8.0,20.0,32.0,34.1,28.0,65.0,-37.0,28.1,43.9,0.72,0.93,8.32,35.0,11.51,15.35,10.82,1.6,1.67,13.09,64.73,61.4,31.32,41.9,10.62,278.94,78.2,2.65,42.24,63.8,42.94,54.5,58.24,9.17
Azerbaijan 1,2024-25,Turan-T,36.0,14.0,13.0,9.0,55.0,55.4,45.0,39.0,6.0,27.1,43.9,1.18,1.13,8.62,36.0,10.85,15.0,11.4,0.85,1.0,8.01,61.46,66.0,38.08,44.6,12.13,280.17,76.3,5.28,44.46,59.5,46.12,50.7,57.76,7.41
Azerbaijan 1,2024-25,Shamakhi FK,36.0,9.0,9.0,18.0,36.0,42.4,32.0,46.0,-14.0,26.3,38.3,0.85,1.02,8.42,37.7,11.8,15.08,11.72,1.25,1.19,11.3,67.48,62.5,32.68,43.5,13.51,252.8,76.3,2.81,35.94,61.0,39.46,51.5,54.33,9.26
Belgium 1,2024-25,Genk,40.0,25.0,6.0,9.0,81.0,66.6,69.0,44.0,25.0,25.0,57.7,1.56,1.8,12.55,37.7,14.27,23.74,19.32,1.32,1.0,10.38,58.6,64.9,26.62,46.4,11.02,483.03,86.9,4.44,50.81,75.2,46.64,63.2,75.37,16.45
Belgium 1,2024-25,Club Brugge,40.0,24.0,10.0,6.0,82.0,82.4,86.0,42.0,44.0,26.9,56.9,1.96,2.08,15.06,39.7,17.7,21.12,26.56,0.99,0.96,7.99,57.07,64.6,29.1,46.9,11.32,498.72,87.1,4.51,55.46,76.0,44.9,62.8,74.66,16.7
Belgium 1,2024-25,Anderlecht,40.0,18.0,7.0,15.0,61.0,58.7,62.0,40.0,22.0,26.8,56.5,1.42,1.32,10.73,38.9,15.7,23.58,19.61,1.22,0.91,11.09,59.39,62.8,27.14,46.4,10.91,443.88,85.2,3.79,52.61,71.0,43.0,55.0,68.06,16.41
Belgium 1,2024-25,Antwerp,41.0,14.0,13.0,14.0,55.0,47.4,57.0,52.0,5.0,27.4,52.2,1.27,1.24,10.86,36.8,12.37,19.7,16.85,1.61,1.15,12.39,61.55,62.3,27.27,40.6,10.39,429.53,84.5,4.26,47.28,68.0,46.05,55.0,70.59,12.59
Belgium 1,2024-25,Mechelen,40.0,12.0,14.0,14.0,50.0,57.5,62.0,57.0,5.0,27.4,52.2,1.41,1.51,11.69,39.3,15.2,19.77,20.34,1.47,1.3,11.26,61.02,64.0,31.26,43.2,12.84,437.15,84.5,3.91,51.26,69.5,49.05,55.5,70.3,13.65
Belgium 1,2024-25,Charleroi,41.0,17.0,10.0,14.0,61.0,64.9,57.0,47.0,10.0,25.7,51.2,1.27,1.52,12.33,34.8,16.62,20.1,19.72,1.19,1.05,10.16,60.78,65.5,39.9,46.6,11.66,423.55,83.9,3.95,51.73,73.7,45.15,59.1,73.89,16.06
Belgium 1,2024-25,OH Leuven,40.0,9.0,18.0,13.0,45.0,50.8,39.0,52.0,-13.0,25.7,50.5,0.9,1.13,10.3,28.6,12.21,22.14,15.66,1.29,1.2,11.82,62.83,63.3,31.26,45.2,10.69,359.4,83.1,2.71,40.23,67.1,43.56,56.8,61.1,15.22
Belgium 1,2024-25,Gent,40.0,12.0,12.0,16.0,48.0,45.8,45.0,65.0,-20.0,27.1,49.6,1.04,1.19,9.82,37.0,13.23,17.05,16.66,1.59,1.5,12.77,65.27,61.9,31.08,45.5,11.97,397.11,81.6,4.03,47.58,67.5,47.02,54.8,68.67,14.68
Belgium 1,2024-25,Westerlo,40.0,13.0,12.0,15.0,51.0,59.8,69.0,65.0,4.0,24.6,48.7,1.55,1.62,13.11,39.7,14.51,24.51,19.55,1.53,1.46,11.22,62.85,63.5,35.71,47.3,11.59,347.09,80.2,2.84,47.85,67.5,43.05,54.9,65.98,15.86
Belgium 1,2024-25,Union Saint-Gilloise,40.0,24.0,11.0,5.0,83.0,76.2,71.0,28.0,43.0,25.7,48.1,1.62,1.66,11.45,40.4,12.09,26.25,19.69,0.93,0.61,7.47,71.29,64.9,33.81,49.3,10.0,363.78,80.6,3.12,49.16,66.4,39.89,54.7,67.71,15.76
Belgium 1,2024-25,Cercle Brugge,36.0,9.0,12.0,15.0,39.0,53.8,39.0,57.0,-18.0,24.5,47.5,0.97,1.43,10.99,36.7,13.6,24.29,18.34,1.38,1.42,9.97,63.99,65.7,56.46,44.2,7.69,296.86,73.3,4.66,55.91,61.2,47.54,51.3,66.13,11.41
Belgium 1,2024-25,Sint-Truiden,36.0,10.0,11.0,15.0,41.0,47.2,50.0,66.0,-16.0,26.9,47.4,1.26,1.46,11.57,36.0,14.98,22.76,17.23,1.49,1.67,11.52,68.2,64.6,33.17,47.5,13.15,401.65,81.8,4.04,44.36,67.3,47.97,55.1,70.78,13.79
Belgium 1,2024-25,Beerschot VA,36.0,5.0,9.0,22.0,24.0,33.7,36.0,69.0,-33.0,26.1,47.2,0.9,1.12,8.98,34.4,10.74,23.01,13.03,1.84,1.73,13.25,67.54,64.3,28.03,40.3,13.67,360.5,82.0,3.84,42.16,66.0,42.54,49.4,61.09,14.36
Belgium 1,2024-25,Kortrijk,36.0,10.0,7.0,19.0,37.0,39.0,40.0,63.0,-23.0,25.4,45.6,1.01,1.04,9.01,34.2,15.42,22.85,15.25,1.5,1.59,10.91,69.5,65.5,43.27,45.4,12.05,333.34,78.4,2.78,47.61,68.8,46.43,56.4,66.62,12.29
Belgium 1,2024-25,Dender,40.0,11.0,12.0,17.0,45.0,43.3,53.0,72.0,-19.0,27.0,44.1,1.21,1.14,8.89,35.6,14.17,17.04,15.79,1.61,1.64,12.6,67.6,63.2,40.69,46.7,13.96,359.38,79.5,3.51,46.05,66.3,50.22,57.8,72.96,10.03
Belgium 1,2024-25,Standard Liège,40.0,10.0,16.0,14.0,46.0,45.0,27.0,43.0,-16.0,25.1,42.1,0.62,1.05,8.57,31.3,11.59,17.32,15.33,1.44,0.99,11.73,65.35,65.8,39.04,45.1,14.5,331.75,78.4,3.67,40.55,59.8,46.74,51.8,62.18,11.96
Belgium 2,2024-25,Lommel SK,28.0,8.0,5.0,15.0,29.0,34.6,32.0,46.0,-14.0,23.3,56.4,1.02,1.19,9.87,38.3,12.19,24.19,15.49,1.57,1.49,11.46,60.03,62.0,33.05,45.8,9.66,444.06,84.9,3.78,49.21,68.9,44.79,54.5,65.62,15.02
Belgium 2,2024-25,Club Brugge II,28.0,14.0,5.0,9.0,47.0,36.8,46.0,35.0,11.0,21.2,56.2,1.48,1.25,10.49,38.7,12.99,23.26,15.7,1.45,1.19,11.52,70.96,62.3,35.41,42.2,9.54,451.35,83.9,3.22,48.76,67.0,44.0,52.9,72.28,13.22
Belgium 2,2024-25,RWD Molenbeek,30.0,18.0,6.0,6.0,60.0,57.3,45.0,25.0,20.0,24.7,56.1,1.34,1.65,13.97,35.9,18.39,26.9,22.75,0.93,0.81,7.76,66.77,63.9,32.7,46.0,7.89,418.02,81.7,5.82,57.12,68.3,47.63,52.7,73.49,20.51
Belgium 2,2024-25,SK Beveren,30.0,14.0,9.0,7.0,51.0,40.5,44.0,32.0,12.0,29.6,54.0,1.31,1.24,10.53,39.4,15.13,16.91,16.2,1.33,1.04,11.13,67.48,60.4,49.17,47.7,8.09,402.52,81.3,3.83,50.89,66.5,48.99,57.1,74.01,12.55
Belgium 2,2024-25,Zulte-Waregem,28.0,18.0,5.0,5.0,59.0,52.1,55.0,30.0,25.0,26.0,53.6,1.74,1.69,13.7,37.0,16.05,22.62,22.02,1.04,1.02,8.82,60.21,62.5,35.21,47.5,10.08,427.57,82.0,6.28,54.91,67.7,46.35,54.1,73.69,17.13
Belgium 2,2024-25,Genk II,28.0,3.0,5.0,20.0,14.0,30.4,30.0,62.0,-32.0,20.4,52.8,0.96,1.16,10.27,38.8,14.83,28.89,14.12,1.73,2.02,12.13,65.73,63.7,29.08,43.0,10.1,385.77,81.8,4.14,45.51,65.4,45.48,52.6,65.0,17.2
Belgium 2,2024-25,Deinze,1.0,0.0,0.0,1.0,0.0,21.3,0.0,3.0,-3.0,20.7,51.9,0.0,1.55,12.13,36.6,16.97,18.42,18.69,1.44,1.33,11.66,66.01,60.6,36.32,48.2,11.58,427.33,83.0,3.05,54.08,67.8,47.92,57.5,81.19,12.39
Belgium 2,2024-25,Eupen,28.0,8.0,6.0,14.0,30.0,36.4,38.0,47.0,-9.0,25.2,51.6,1.25,1.29,9.03,40.4,13.33,17.04,14.15,1.31,1.54,12.11,70.67,64.9,38.3,41.0,10.54,369.42,79.1,3.84,46.18,61.0,47.2,48.4,67.25,16.38
Belgium 2,2024-25,Anderlecht II,28.0,5.0,8.0,15.0,23.0,34.4,41.0,54.0,-13.0,20.5,51.1,1.31,1.39,9.74,38.7,11.5,20.93,15.72,1.73,1.85,11.73,71.98,65.1,31.98,42.2,9.69,389.3,81.8,5.65,46.9,64.4,48.75,54.1,68.4,14.22
Belgium 2,2024-25,Lierse Kempenzonen,28.0,11.0,7.0,10.0,40.0,36.5,40.0,35.0,5.0,25.0,50.0,1.27,1.18,10.05,38.3,12.41,21.95,12.38,1.36,1.15,11.42,72.12,63.9,42.06,48.7,9.49,352.33,79.2,3.21,41.83,64.0,51.7,56.6,70.08,12.76
Belgium 2,2024-25,Lokeren-Temse,32.0,13.0,6.0,13.0,45.0,40.2,38.0,41.0,-3.0,29.4,49.6,1.06,1.14,10.01,37.2,15.02,16.35,15.71,1.37,1.14,11.12,70.0,61.6,37.07,46.7,9.33,360.28,79.9,3.64,44.3,64.5,46.31,56.0,67.92,11.24
Belgium 2,2024-25,Francs Borains,28.0,8.0,4.0,16.0,28.0,36.5,29.0,50.0,-21.0,26.7,48.8,0.93,1.13,9.67,33.0,15.0,20.55,14.81,1.34,1.6,10.05,65.81,63.7,37.69,46.3,11.16,344.94,78.7,5.49,47.17,61.6,50.17,53.6,67.05,12.99
Belgium 2,2024-25,RFC Seraing,28.0,3.0,10.0,15.0,19.0,28.6,28.0,55.0,-27.0,23.8,44.0,0.89,1.14,8.8,37.0,13.97,17.41,13.91,1.78,1.75,12.57,67.58,62.0,43.88,45.7,11.05,304.16,76.3,3.95,47.04,57.7,54.12,54.4,64.87,9.44
Belgium 2,2024-25,La Louvière,28.0,17.0,8.0,3.0,59.0,54.5,50.0,24.0,26.0,26.1,43.1,1.59,1.71,11.73,39.0,14.02,27.44,18.41,0.93,0.79,7.82,70.7,62.3,33.44,46.0,9.64,265.33,73.1,4.32,44.95,59.7,45.17,50.0,61.64,14.81
Belgium 2,2024-25,Liège,29.0,10.0,7.0,12.0,37.0,42.1,41.0,44.0,-3.0,28.8,42.8,1.3,1.79,12.14,39.3,15.1,22.06,19.39,1.76,1.4,13.32,70.58,60.8,38.37,43.7,11.75,302.39,77.2,4.2,44.83,61.8,52.07,57.9,69.53,13.83
Belgium 2,2024-25,Patro Eisden,32.0,16.0,11.0,5.0,59.0,57.7,59.0,33.0,26.0,29.5,37.3,1.65,1.71,11.77,41.2,13.37,20.85,17.38,1.16,0.95,9.7,70.16,62.5,58.72,45.9,12.06,233.48,70.8,2.86,40.19,58.6,51.21,56.7,60.12,12.05
Brazil 1,2024-25,São Paulo,38.0,17.0,8.0,13.0,59.0,53.6,53.0,43.0,10.0,30.2,56.9,1.24,1.07,9.93,38.0,13.19,19.09,14.03,0.97,1.0,9.39,55.67,59.3,28.52,49.8,11.11,442.54,88.3,3.31,48.19,80.3,37.45,65.1,66.04,14.45
Brazil 1,2024-25,Atlético Mineiro,38.0,11.0,14.0,13.0,47.0,51.3,47.0,54.0,-7.0,29.9,56.1,1.1,1.13,10.96,34.1,14.47,18.37,12.53,1.17,1.26,9.84,59.8,62.7,32.82,48.9,9.23,425.45,86.0,3.76,49.18,75.5,42.87,58.0,65.34,14.73
Brazil 1,2024-25,Flamengo,38.0,20.0,10.0,8.0,70.0,67.0,61.0,42.0,19.0,29.1,55.8,1.43,1.42,12.39,39.0,13.94,22.98,18.56,0.86,0.99,9.34,57.29,63.6,28.77,47.5,10.64,421.6,86.5,4.18,55.5,79.8,37.2,61.1,66.7,17.6
Brazil 1,2024-25,Bahia,38.0,15.0,8.0,15.0,53.0,56.9,49.0,49.0,0.0,29.7,54.6,1.16,1.3,10.87,36.9,13.74,18.25,15.32,1.14,1.16,10.18,54.85,59.7,26.94,49.3,13.4,457.19,87.4,3.8,50.96,77.7,35.97,59.2,66.52,15.3
Brazil 1,2024-25,Fluminense,38.0,12.0,10.0,16.0,46.0,45.5,33.0,39.0,-6.0,32.1,54.6,0.77,0.94,9.6,36.8,12.14,24.74,12.44,1.16,0.91,10.74,59.98,61.8,29.42,41.5,10.16,424.7,87.2,2.72,45.95,78.3,33.47,58.9,59.84,14.6
Brazil 1,2024-25,Palmeiras,38.0,22.0,7.0,9.0,73.0,67.1,60.0,33.0,27.0,28.6,53.6,1.4,1.52,14.39,35.0,16.44,23.74,17.19,0.94,0.77,9.59,67.26,62.8,34.82,44.9,8.18,367.21,82.7,4.55,53.71,73.3,41.86,57.9,66.72,17.4
Brazil 1,2024-25,Botafogo,38.0,23.0,10.0,5.0,79.0,64.1,59.0,29.0,30.0,29.9,53.4,1.38,1.36,11.8,39.1,15.37,20.24,16.47,0.9,0.68,9.4,60.57,60.8,33.47,46.8,9.95,398.27,85.8,4.9,51.98,76.6,38.06,61.2,68.96,13.46
Brazil 1,2024-25,Internacional,38.0,18.0,11.0,9.0,65.0,69.7,53.0,36.0,17.0,29.1,53.0,1.24,1.5,11.77,38.5,14.85,21.55,17.58,0.83,0.84,8.22,66.37,62.1,37.78,43.6,9.15,389.45,85.2,3.74,48.32,75.5,36.41,59.0,62.14,15.53
Brazil 1,2024-25,Cruzeiro,38.0,14.0,10.0,14.0,52.0,48.9,43.0,41.0,2.0,28.5,51.9,1.01,0.98,10.63,32.8,14.63,18.03,13.72,1.12,0.96,10.14,59.33,60.6,29.27,44.8,11.01,400.43,84.7,4.12,47.43,74.3,38.28,57.9,62.07,15.64
Brazil 1,2024-25,Corinthians,38.0,15.0,11.0,12.0,56.0,57.2,54.0,45.0,9.0,27.3,50.8,1.24,1.23,11.94,38.5,13.2,19.43,14.19,1.11,1.03,10.84,62.53,60.9,29.95,44.9,9.78,353.43,84.2,3.47,42.78,72.5,36.33,58.9,61.71,13.64
Brazil 1,2024-25,Vasco da Gama,38.0,14.0,8.0,16.0,50.0,46.0,43.0,56.0,-13.0,29.0,49.3,1.01,1.0,9.47,33.2,14.67,18.68,12.14,1.26,1.31,12.35,63.96,61.8,33.59,48.2,11.9,362.48,84.0,3.12,45.63,74.7,42.28,64.9,62.98,12.73
Brazil 1,2024-25,Red Bull Bragantino,38.0,10.0,14.0,14.0,44.0,42.8,44.0,48.0,-4.0,26.6,48.4,1.03,0.88,10.19,36.2,13.45,23.02,13.31,1.26,1.13,11.24,61.42,63.0,38.3,41.8,10.68,327.26,81.2,3.75,48.04,69.7,42.17,57.3,61.93,13.78
Brazil 1,2024-25,Juventude,38.0,11.0,12.0,15.0,45.0,44.9,48.0,59.0,-11.0,29.7,47.9,1.11,1.05,10.28,38.1,13.29,17.87,12.27,1.39,1.37,12.11,59.99,62.7,34.89,44.2,11.05,327.4,82.8,3.43,39.69,67.2,35.1,58.2,54.32,11.18
Brazil 1,2024-25,Athletico Paranaense,38.0,11.0,9.0,18.0,42.0,52.1,40.0,46.0,-6.0,28.1,47.4,0.94,1.18,12.35,33.7,15.24,20.8,15.33,1.17,1.08,11.08,61.89,61.8,39.33,47.0,12.06,344.74,83.1,3.52,47.92,74.7,40.32,60.9,64.31,13.22
Brazil 1,2024-25,Atlético GO,38.0,7.0,9.0,22.0,30.0,46.8,29.0,58.0,-29.0,28.2,47.0,0.68,1.06,11.2,34.3,14.53,19.79,13.55,1.22,1.35,10.99,61.69,59.2,36.39,45.0,11.53,334.46,83.4,2.65,46.14,74.0,38.32,59.3,60.29,12.15
Brazil 1,2024-25,Grêmio,38.0,12.0,9.0,17.0,45.0,48.3,44.0,50.0,-6.0,30.3,46.3,1.03,1.12,9.51,40.5,11.61,25.37,15.46,1.26,1.17,12.47,63.62,64.1,31.83,46.2,12.61,340.34,83.0,2.26,40.95,72.2,36.7,56.0,59.08,13.11
Brazil 1,2024-25,Fortaleza,38.0,19.0,11.0,8.0,68.0,51.0,53.0,39.0,14.0,31.4,43.6,1.24,1.08,9.65,34.6,11.68,19.81,11.89,1.22,0.91,11.38,60.21,62.9,32.36,44.0,13.6,309.7,81.2,2.83,42.97,67.6,42.01,54.0,55.56,12.24
Brazil 1,2024-25,Criciúma,38.0,9.0,11.0,18.0,38.0,44.7,42.0,61.0,-19.0,31.9,43.6,0.98,1.01,10.6,35.9,12.65,16.17,12.81,1.31,1.42,13.21,68.2,60.4,33.96,46.3,13.18,320.16,81.8,3.78,42.92,70.6,42.9,58.2,62.09,10.64
Brazil 1,2024-25,Cuiabá,38.0,6.0,12.0,20.0,30.0,40.4,29.0,49.0,-20.0,29.6,43.0,0.68,0.81,7.89,32.8,11.18,18.58,9.71,1.19,1.14,11.23,60.71,63.1,30.39,46.0,15.63,317.43,83.3,3.97,38.25,71.9,35.71,58.2,55.69,10.2
Brazil 1,2024-25,Vitória,38.0,13.0,8.0,17.0,47.0,48.8,45.0,52.0,-7.0,29.3,42.8,1.04,1.05,9.52,35.9,13.34,20.54,11.12,1.2,1.21,11.19,60.32,62.5,36.34,45.0,14.55,308.83,82.6,2.27,38.9,70.4,37.06,56.4,56.58,11.93
Brazil 2,2024-25,Paysandu,38.0,12.0,14.0,12.0,50.0,48.2,41.0,43.0,-2.0,30.0,55.7,0.95,0.94,10.54,32.1,17.32,19.54,13.45,1.08,1.0,10.79,58.49,62.4,34.96,46.2,7.85,357.82,83.5,3.33,52.05,72.7,37.35,54.5,62.17,14.61
Brazil 2,2024-25,América Mineiro,38.0,15.0,13.0,10.0,58.0,57.7,50.0,35.0,15.0,29.9,55.3,1.18,1.32,12.18,31.3,16.06,19.84,16.34,1.11,0.82,9.71,59.29,61.9,29.25,47.8,10.77,419.67,84.7,4.47,54.69,74.1,39.43,56.3,68.79,15.71
Brazil 2,2024-25,Sport Recife,38.0,19.0,9.0,10.0,66.0,59.4,57.0,37.0,20.0,30.0,55.0,1.33,1.23,10.56,31.3,15.64,18.62,16.69,0.89,0.86,10.21,63.75,61.0,37.53,46.2,8.85,375.73,83.6,3.87,52.05,72.5,41.0,59.6,65.8,14.41
Brazil 2,2024-25,Operário PR,38.0,16.0,10.0,12.0,58.0,48.9,34.0,32.0,2.0,29.6,54.5,0.81,0.9,11.55,30.1,12.51,18.57,10.52,0.95,0.72,9.35,57.15,60.1,36.4,48.1,8.85,364.27,83.1,4.0,49.58,68.8,39.25,53.7,60.62,14.16
Brazil 2,2024-25,CRB,38.0,11.0,10.0,17.0,43.0,46.4,38.0,45.0,-7.0,29.6,53.6,0.89,0.94,10.15,32.6,14.07,18.66,12.14,1.15,1.05,10.71,66.06,60.3,36.83,46.5,8.48,364.95,82.9,3.07,51.04,70.6,40.53,55.4,65.13,12.43
Brazil 2,2024-25,Santos,38.0,20.0,8.0,10.0,68.0,61.1,57.0,32.0,25.0,30.2,52.7,1.33,1.2,12.41,36.6,14.96,18.89,14.8,0.88,0.75,10.3,60.78,63.4,38.0,46.8,9.99,392.45,84.9,3.25,52.66,73.1,40.2,55.4,64.43,12.17
Brazil 2,2024-25,Mirassol,38.0,19.0,10.0,9.0,67.0,58.3,42.0,26.0,16.0,31.2,51.5,0.98,1.05,9.34,34.8,12.29,19.29,11.78,0.84,0.61,11.12,49.31,61.8,31.09,50.5,13.17,384.44,85.2,3.63,47.95,72.1,36.81,56.3,62.3,13.95
Brazil 2,2024-25,Coritiba,38.0,14.0,8.0,16.0,50.0,54.1,41.0,44.0,-3.0,26.9,51.1,0.97,1.09,11.07,36.6,13.9,19.43,13.87,1.05,1.04,10.72,65.97,62.5,37.03,45.6,10.18,363.63,84.3,3.63,44.56,73.7,38.96,58.2,62.25,13.17
Brazil 2,2024-25,Amazonas,38.0,14.0,10.0,14.0,52.0,50.3,31.0,37.0,-6.0,30.3,50.6,0.73,1.04,11.19,30.3,12.01,18.54,12.1,1.06,0.87,10.96,59.16,61.3,34.16,42.4,12.5,366.51,84.5,3.04,46.22,72.9,40.83,55.7,65.79,14.05
Brazil 2,2024-25,Goiás,38.0,18.0,9.0,11.0,63.0,54.9,56.0,32.0,24.0,30.5,50.5,1.3,1.22,10.79,36.1,14.07,20.74,13.16,1.09,0.75,11.44,58.76,60.7,35.48,44.6,10.9,321.81,82.5,3.19,45.41,72.1,38.67,56.8,59.46,14.93
Brazil 2,2024-25,Vila Nova,38.0,16.0,7.0,15.0,55.0,45.6,42.0,54.0,-12.0,29.0,49.7,0.97,0.99,10.1,32.9,14.02,18.64,11.12,1.23,1.25,11.7,64.4,61.1,36.95,45.9,9.74,327.04,81.8,3.78,45.3,69.2,38.08,54.1,62.68,12.02
Brazil 2,2024-25,Ceará,38.0,19.0,7.0,12.0,64.0,66.5,59.0,41.0,18.0,28.8,49.2,1.37,1.33,11.44,37.2,17.6,19.5,15.25,0.85,0.93,9.02,60.11,63.9,41.89,44.5,9.38,318.21,80.9,3.09,48.44,68.4,39.56,53.5,59.39,13.37
Brazil 2,2024-25,Guarani,38.0,8.0,9.0,21.0,33.0,50.9,33.0,53.0,-20.0,29.9,48.8,0.77,1.02,11.8,33.3,15.36,21.5,12.55,1.02,1.24,8.88,58.2,63.0,36.53,45.4,11.15,363.19,83.0,3.77,47.47,71.6,37.99,53.9,60.8,13.16
Brazil 2,2024-25,Avaí,38.0,14.0,11.0,13.0,53.0,53.1,34.0,32.0,2.0,30.9,47.9,0.8,1.06,10.27,28.5,12.3,19.29,12.56,1.04,0.76,10.04,62.96,62.9,40.62,49.7,10.33,354.19,82.4,5.2,48.48,67.0,40.69,55.3,60.24,10.93
Brazil 2,2024-25,Brusque,38.0,8.0,12.0,18.0,36.0,41.8,24.0,44.0,-20.0,31.8,47.1,0.57,0.85,9.83,27.9,10.97,18.01,10.35,1.22,1.04,12.74,65.94,61.8,37.86,43.0,11.93,332.82,81.6,4.04,44.57,67.3,41.24,55.1,62.75,12.17
Brazil 2,2024-25,Chapecoense,38.0,11.0,11.0,16.0,44.0,45.0,34.0,45.0,-11.0,29.7,46.5,0.82,1.0,10.86,32.9,14.32,17.46,12.09,1.2,1.01,13.0,60.05,58.1,40.5,46.7,12.27,307.17,81.0,3.0,41.08,65.7,41.08,52.9,56.76,12.49
Brazil 2,2024-25,Ituano,38.0,11.0,4.0,23.0,37.0,42.6,43.0,63.0,-20.0,28.8,46.4,1.01,1.11,9.94,34.8,11.68,19.2,11.05,1.55,1.48,13.66,56.08,61.2,32.91,42.9,12.57,300.58,82.0,3.48,41.09,66.1,37.42,53.0,54.18,10.44
Brazil 2,2024-25,Botafogo SP,38.0,11.0,12.0,15.0,45.0,46.7,36.0,51.0,-15.0,28.7,46.0,0.85,0.92,9.71,32.0,12.9,20.28,11.42,1.13,1.2,9.78,57.85,61.4,37.77,44.0,12.33,309.98,81.2,2.82,40.01,66.7,35.23,49.8,53.52,13.23
Brazil 2,2024-25,Ponte Preta,38.0,10.0,8.0,20.0,38.0,47.5,37.0,55.0,-18.0,29.7,45.9,0.86,1.05,9.81,34.0,12.58,16.3,11.86,1.18,1.28,11.42,64.39,60.3,34.16,41.6,11.54,326.57,81.2,3.92,45.13,67.3,45.13,54.0,62.78,9.74
Brazil 2,2024-25,Grêmio Novorizontino,38.0,18.0,10.0,10.0,64.0,57.7,43.0,31.0,12.0,31.5,41.6,1.0,1.04,11.09,31.4,15.43,17.53,11.07,0.81,0.72,9.13,65.14,61.3,44.8,51.2,11.13,278.78,76.1,3.29,44.94,63.9,42.07,53.6,63.34,9.57
Bulgaria 1,2024-25,CSKA Sofia,,,,,,,,,,27.7,61.9,1.44,1.68,14.76,38.4,16.49,24.63,20.91,0.85,0.71,7.5,60.71,66.4,27.7,47.4,7.82,472.28,85.0,5.47,61.47,70.9,42.04,54.3,71.56,17.91
Bulgaria 1,2024-25,Ludogorets,,,,,,,,,,28.0,58.7,1.81,1.48,12.97,36.1,14.65,19.14,17.0,0.66,0.57,7.16,53.71,65.0,28.03,46.5,11.09,470.23,86.5,3.98,55.62,71.5,43.81,56.2,69.82,14.18
Bulgaria 1,2024-25,Levski Sofia,,,,,,,,,,25.9,57.3,1.62,1.36,13.31,39.0,16.07,21.94,17.24,0.67,0.73,7.09,58.46,64.9,32.4,49.1,8.24,397.48,84.0,3.21,53.63,71.5,42.17,60.6,71.07,13.79
Bulgaria 1,2024-25,Botev Plovdiv,,,,,,,,,,26.3,54.8,1.11,1.24,11.41,32.3,14.61,22.0,17.6,1.18,1.11,9.71,60.73,62.8,28.08,42.4,9.88,424.57,83.8,4.38,53.26,70.3,42.67,53.4,68.82,18.32
Bulgaria 1,2024-25,CSKA 1948 Sofia,,,,,,,,,,26.7,54.3,1.16,1.45,13.15,36.6,16.23,23.83,17.16,0.91,1.18,8.95,60.82,63.9,28.92,43.1,9.99,389.38,82.4,3.29,52.28,69.1,44.46,55.8,67.74,17.98
Bulgaria 1,2024-25,Slavia Sofia,,,,,,,,,,28.4,52.6,1.24,1.15,9.36,37.7,12.84,20.14,14.5,1.14,1.29,11.12,74.88,64.5,37.04,43.5,8.99,375.94,81.4,3.38,47.79,65.1,47.84,54.0,65.2,12.96
Bulgaria 1,2024-25,Cherno More,,,,,,,,,,29.8,52.5,1.12,1.13,10.54,33.6,16.1,18.77,14.26,0.84,0.76,8.71,64.79,63.7,34.43,47.6,8.68,373.78,79.2,2.88,51.52,67.0,39.8,53.2,70.11,15.08
Bulgaria 1,2024-25,Lokomotiv Plovdiv,,,,,,,,,,26.9,50.7,0.91,0.97,9.06,34.8,11.8,19.7,12.83,1.18,1.21,10.54,75.42,64.9,33.05,43.7,8.65,332.73,78.5,4.06,49.11,61.9,43.25,50.2,60.42,12.34
Bulgaria 1,2024-25,Arda,,,,,,,,,,30.6,48.7,1.36,1.13,8.78,41.6,11.82,15.94,12.21,1.18,1.04,9.89,64.07,62.3,29.06,49.5,12.55,356.0,81.5,2.74,43.4,66.0,48.92,58.3,64.07,12.63
Bulgaria 1,2024-25,Septemvri Sofia,,,,,,,,,,23.4,46.0,1.07,1.02,7.87,37.3,12.8,21.98,11.35,1.6,1.41,12.55,66.59,62.3,40.81,44.6,10.79,297.27,77.4,2.81,42.32,61.5,40.3,51.8,56.35,14.67
Bulgaria 1,2024-25,Hebar 1918,,,,,,,,,,26.8,45.0,0.7,0.83,7.53,32.2,11.9,16.53,11.68,1.52,1.6,11.2,68.83,64.2,35.6,45.0,12.08,300.1,77.7,2.5,41.05,60.9,46.08,54.8,62.13,10.45
Bulgaria 1,2024-25,Spartak Varna,,,,,,,,,,27.7,45.0,1.16,1.21,9.51,34.1,14.13,16.91,12.86,1.33,1.37,11.78,63.91,64.0,31.19,44.8,11.65,332.49,80.0,3.56,44.73,64.5,43.05,53.2,63.06,10.54
Bulgaria 1,2024-25,Beroe,,,,,,,,,,25.6,43.9,1.05,1.06,9.62,36.8,14.81,21.3,13.63,1.21,1.1,11.47,67.72,66.0,34.36,44.9,12.19,319.99,79.3,2.64,43.76,65.2,44.32,54.1,60.13,13.27
Bulgaria 1,2024-25,Lokomotiv Sofia 1929,,,,,,,,,,27.7,42.9,1.07,1.06,9.0,37.4,14.14,15.14,12.47,1.28,1.27,10.75,65.16,63.9,32.95,46.4,13.54,304.57,76.9,3.92,43.55,58.1,49.64,52.1,61.46,10.2
Bulgaria 1,2024-25,Botev Vratsa,,,,,,,,,,30.1,42.3,0.85,0.68,7.77,36.5,11.85,15.51,9.39,1.34,1.62,11.63,66.07,61.3,38.1,46.7,12.56,261.81,75.7,3.59,41.51,62.3,44.45,54.1,57.18,9.36
Bulgaria 1,2024-25,Krumovgrad,,,,,,,,,,28.4,42.2,0.5,0.75,7.37,33.3,10.3,14.92,9.65,1.27,1.13,11.83,67.56,62.1,37.78,43.2,11.52,287.22,75.4,3.64,41.21,56.8,48.01,49.9,60.12,9.0
Canada 1,2024-25,Cavalry,30.0,14.0,12.0,4.0,54.0,53.4,42.0,28.0,14.0,28.3,53.6,1.28,1.41,11.97,34.5,13.76,22.57,16.71,0.86,0.85,8.87,61.3,61.7,30.62,48.1,8.97,407.51,85.2,2.86,53.13,72.3,38.91,53.6,68.4,12.21
Canada 1,2024-25,Forge,31.0,16.0,5.0,10.0,53.0,42.2,47.0,34.0,13.0,27.3,52.4,1.39,1.25,11.18,38.5,14.35,22.6,17.5,1.25,1.01,10.23,61.74,63.5,19.9,46.9,13.03,419.81,85.0,4.45,55.1,73.3,35.44,53.4,65.48,16.49
Canada 1,2024-25,Atlético Ottawa,30.0,11.0,12.0,7.0,47.0,46.2,43.0,33.0,10.0,28.0,51.5,1.29,1.19,10.9,35.4,12.04,17.31,15.14,0.94,1.02,8.07,61.34,62.4,26.25,50.3,11.83,391.58,84.6,3.61,47.2,67.3,44.94,54.9,60.11,14.0
Canada 1,2024-25,Inter Toronto,30.0,12.0,7.0,11.0,42.0,34.8,38.0,37.0,1.0,27.0,51.4,1.14,0.87,7.63,33.9,14.53,19.27,12.34,1.13,1.14,9.94,63.37,60.5,26.12,40.2,12.62,412.54,84.6,4.11,47.25,68.9,44.1,54.9,64.96,12.67
Canada 1,2024-25,HFX Wanderers FC,28.0,7.0,9.0,12.0,30.0,40.7,37.0,43.0,-6.0,26.8,50.3,1.2,1.37,10.75,36.0,11.79,20.88,16.1,1.26,1.4,9.35,64.77,65.3,26.01,51.9,12.8,402.4,85.2,6.17,50.81,70.1,39.16,55.6,66.59,13.47
Canada 1,2024-25,Vancouver FC,28.0,7.0,9.0,12.0,30.0,32.9,29.0,43.0,-14.0,29.6,47.6,0.95,1.06,8.87,32.4,14.29,20.32,12.66,1.37,1.4,10.9,64.49,60.4,32.07,44.8,11.1,354.29,81.5,3.49,43.39,65.9,39.89,54.8,60.05,12.0
Canada 1,2024-25,Pacific FC,29.0,9.0,7.0,13.0,34.0,43.4,27.0,34.0,-7.0,24.6,47.1,0.84,1.15,9.44,35.4,12.32,22.1,13.6,1.0,1.06,10.1,70.96,64.0,31.14,46.3,11.72,361.03,82.4,3.06,46.2,68.5,37.23,53.0,65.09,13.97
Canada 1,2024-25,Valour FC,28.0,7.0,7.0,14.0,28.0,28.0,31.0,42.0,-11.0,26.9,45.2,1.01,0.94,7.93,39.8,11.77,19.87,11.41,1.48,1.37,11.54,68.61,60.6,29.69,38.2,13.6,338.57,82.5,3.15,40.12,64.3,44.61,53.9,58.66,11.32
Chile 1,2024-25,Colo Colo,30.0,21.0,4.0,5.0,67.0,57.4,49.0,21.0,28.0,29.3,64.3,1.44,1.5,12.28,39.4,13.33,22.13,18.52,0.76,0.62,7.33,58.26,68.3,30.27,49.0,7.71,512.28,86.6,5.01,59.58,76.2,41.56,60.7,72.33,17.38
Chile 1,2024-25,Universidad de Chile,30.0,19.0,8.0,3.0,65.0,51.9,53.0,24.0,29.0,30.4,57.3,1.55,1.51,14.44,34.2,19.09,22.08,16.96,0.94,0.7,9.09,63.83,63.9,33.65,49.1,7.9,399.56,82.2,3.6,52.66,74.0,38.22,57.1,72.28,14.09
Chile 1,2024-25,Unión Española,30.0,13.0,6.0,11.0,45.0,43.8,53.0,45.0,8.0,29.0,53.9,1.55,1.55,11.55,38.9,13.65,23.13,15.99,1.42,1.31,12.4,59.66,61.2,31.13,40.8,9.8,396.35,83.8,5.31,47.09,71.4,41.89,60.5,67.04,13.39
Chile 1,2024-25,Universidad Católica,30.0,13.0,7.0,10.0,46.0,40.0,44.0,34.0,10.0,31.3,52.7,1.29,1.11,8.87,40.6,12.03,17.42,11.95,1.11,1.0,10.31,56.83,64.8,35.05,48.4,9.39,319.92,80.7,5.21,42.07,67.3,43.95,57.1,61.42,10.1
Chile 1,2024-25,Deportes Iquique,30.0,14.0,6.0,10.0,48.0,43.4,53.0,48.0,5.0,31.3,52.2,1.55,1.47,12.15,37.1,15.67,21.53,18.25,1.4,1.41,10.92,63.73,63.8,36.37,47.0,8.26,330.01,79.7,4.63,49.5,68.0,47.5,57.4,66.45,12.04
Chile 1,2024-25,Palestino,30.0,13.0,7.0,10.0,46.0,45.8,46.0,33.0,13.0,30.6,49.6,1.36,1.26,9.89,32.5,14.25,19.45,14.9,1.03,0.97,10.5,60.58,64.6,37.74,41.9,10.08,317.98,79.7,5.49,46.12,66.2,47.98,58.8,65.27,10.65
Chile 1,2024-25,Huachipato,30.0,9.0,7.0,14.0,34.0,37.9,28.0,44.0,-16.0,27.4,49.2,0.83,1.18,10.26,39.7,17.25,17.51,15.62,1.32,1.3,10.76,63.35,62.8,40.3,48.4,9.72,342.58,79.5,3.07,49.94,67.8,47.52,61.6,72.05,11.44
Chile 1,2024-25,Cobreloa,30.0,9.0,4.0,17.0,31.0,28.2,33.0,62.0,-29.0,28.1,49.0,0.97,1.0,11.14,34.4,15.41,22.04,12.29,1.81,1.83,12.11,58.08,64.3,32.24,44.6,11.49,301.68,80.8,3.57,42.38,69.6,44.0,58.1,60.94,13.14
Chile 1,2024-25,Everton,30.0,12.0,9.0,9.0,45.0,45.6,47.0,41.0,6.0,29.4,48.9,1.37,1.43,11.25,40.9,14.16,23.37,16.26,1.26,1.19,11.19,59.93,62.1,35.43,44.9,9.72,313.21,79.2,4.4,42.95,67.0,46.79,63.0,67.92,12.99
Chile 1,2024-25,Cobresal,30.0,8.0,9.0,13.0,33.0,39.9,42.0,51.0,-9.0,31.5,48.1,1.22,1.42,11.26,37.2,14.44,19.85,14.84,1.45,1.48,13.39,60.05,62.0,29.6,43.2,13.33,332.23,82.6,4.02,45.12,68.8,37.37,55.8,63.16,13.62
Chile 1,2024-25,Ñublense,30.0,11.0,7.0,12.0,40.0,42.9,40.0,34.0,6.0,31.7,46.9,1.17,1.34,10.45,36.9,12.72,19.41,16.63,1.28,0.99,11.79,65.57,61.6,40.54,42.3,9.1,310.42,80.3,4.61,43.19,69.3,42.72,59.9,61.28,10.97
Chile 1,2024-25,O'Higgins,30.0,8.0,7.0,15.0,31.0,37.5,34.0,53.0,-19.0,28.4,46.8,1.0,1.15,11.06,33.8,13.26,19.55,13.85,1.35,1.56,10.26,68.83,66.7,44.51,47.0,9.25,297.73,77.6,3.53,47.98,66.0,46.6,58.5,64.48,10.85
Chile 1,2024-25,Audax Italiano,30.0,10.0,4.0,16.0,34.0,39.7,36.0,39.0,-3.0,28.2,46.4,1.06,1.19,9.72,38.5,13.52,19.65,14.26,1.29,1.15,10.46,60.78,65.1,35.71,46.5,10.98,309.12,78.9,3.3,43.54,64.8,41.33,55.7,61.78,11.28
Chile 1,2024-25,Copiapó,30.0,7.0,3.0,20.0,24.0,34.4,40.0,61.0,-21.0,31.5,44.9,1.18,1.26,11.12,33.9,12.74,18.12,13.59,1.71,1.79,13.45,64.64,62.1,32.98,44.2,11.64,272.09,77.1,7.15,46.02,61.6,52.58,54.6,58.22,8.77
Chile 1,2024-25,Coquimbo Unido,30.0,12.0,9.0,9.0,45.0,40.6,37.0,34.0,3.0,30.2,44.8,1.09,1.06,9.22,36.0,15.65,17.64,13.88,1.06,1.0,9.1,66.28,65.6,42.33,43.3,10.95,306.66,76.6,3.58,47.94,63.3,46.41,53.3,60.97,10.92
Chile 1,2024-25,Unión La Calera,30.0,9.0,7.0,14.0,34.0,35.9,29.0,40.0,-11.0,29.6,44.3,0.85,0.97,9.08,35.5,9.7,18.25,9.55,1.2,1.17,10.69,68.09,64.7,39.7,48.3,11.24,281.95,75.8,3.11,40.52,61.2,42.95,52.0,58.97,9.02
China 1,2024-25,Zhejiang Professional,30.0,11.0,5.0,14.0,38.0,48.7,55.0,60.0,-5.0,30.9,57.6,1.57,1.78,15.58,35.3,16.06,25.77,23.91,1.36,1.72,11.17,55.92,59.4,26.97,44.4,9.0,407.42,85.6,7.79,54.29,76.6,36.91,58.3,66.38,15.92
China 1,2024-25,Shanghai Port,30.0,25.0,3.0,2.0,78.0,67.7,96.0,30.0,66.0,31.9,57.4,2.79,2.5,16.87,41.5,22.94,24.94,30.25,0.93,0.87,8.65,58.41,61.8,29.41,51.0,7.71,424.89,83.9,4.44,55.74,77.3,30.34,54.5,72.09,15.39
China 1,2024-25,Shanghai Shenhua,30.0,24.0,5.0,1.0,77.0,63.3,73.0,20.0,53.0,31.1,55.4,2.13,1.95,14.63,39.9,17.34,23.21,23.53,0.75,0.58,7.77,60.25,60.6,37.1,45.3,8.49,413.33,85.3,6.01,56.95,76.0,43.12,62.2,74.18,14.1
China 1,2024-25,Wuhan Three Towns,30.0,8.0,7.0,15.0,31.0,41.1,31.0,44.0,-13.0,29.8,53.9,0.9,1.1,10.66,36.9,14.38,24.93,14.24,1.08,1.27,9.76,57.97,61.7,31.45,47.1,11.51,382.3,85.1,5.08,46.13,70.5,41.25,59.2,60.08,15.02
China 1,2024-25,Beijing Guoan,30.0,16.0,8.0,6.0,56.0,44.7,65.0,35.0,30.0,31.1,53.3,1.89,1.42,10.97,43.7,11.76,19.54,14.02,1.25,1.02,12.08,58.79,60.1,35.56,49.3,11.61,390.22,85.7,4.96,42.56,69.6,38.15,53.6,61.03,12.77
China 1,2024-25,Chengdu Rongcheng,30.0,18.0,5.0,7.0,59.0,61.2,65.0,31.0,34.0,30.6,52.9,1.88,1.84,12.46,41.8,18.06,20.2,22.2,0.83,0.9,6.53,61.94,64.9,34.36,49.9,9.08,359.86,82.6,6.16,47.95,72.5,40.95,59.9,64.77,12.46
China 1,2024-25,Shandong Taishan,30.0,13.0,9.0,8.0,48.0,47.4,49.0,40.0,9.0,30.4,50.9,1.43,1.48,13.47,36.5,16.59,24.18,19.61,1.24,1.16,10.45,70.01,61.9,38.55,41.9,8.88,339.17,81.7,4.07,45.31,72.6,41.06,55.8,60.67,15.57
China 1,2024-25,Tianjin Tigers,30.0,12.0,6.0,12.0,42.0,39.8,44.0,47.0,-3.0,30.0,50.4,1.28,1.39,10.61,40.8,15.55,21.53,14.24,1.49,1.37,12.32,59.31,58.4,36.38,46.5,10.11,339.31,83.1,4.27,41.5,69.9,41.24,55.7,60.07,11.48
China 1,2024-25,Shenzhen Peng City,30.0,7.0,8.0,15.0,29.0,35.8,29.0,55.0,-26.0,29.9,50.0,0.83,1.07,9.85,33.7,11.2,19.24,12.83,1.47,1.57,9.68,58.27,64.0,35.25,46.9,11.15,328.07,83.3,4.55,41.55,70.8,37.51,55.6,56.73,11.57
China 1,2024-25,Nantong Zhiyun,30.0,5.0,7.0,18.0,22.0,31.9,32.0,66.0,-34.0,28.4,49.0,0.92,0.81,9.49,30.2,13.65,21.85,11.64,1.22,1.89,9.72,61.53,61.1,40.31,41.6,10.24,297.95,79.4,4.33,40.89,65.2,41.32,54.3,57.66,11.81
China 1,2024-25,Qingdao West Coast,30.0,8.0,8.0,14.0,32.0,25.9,41.0,58.0,-17.0,31.2,47.9,1.19,0.96,8.45,39.0,11.51,20.97,12.21,1.9,1.68,13.37,59.57,58.6,33.18,42.2,11.75,316.06,81.3,3.76,39.0,66.6,38.82,53.1,57.16,11.05
China 1,2024-25,Changchun Yatai,30.0,8.0,8.0,14.0,32.0,34.4,46.0,58.0,-12.0,30.3,47.8,1.33,1.18,8.55,36.5,12.33,17.09,12.68,1.67,1.67,11.67,63.44,59.2,35.8,42.3,10.55,318.02,79.8,5.05,39.53,63.2,43.37,53.1,58.53,9.27
China 1,2024-25,Henan,30.0,9.0,9.0,12.0,36.0,39.2,34.0,39.0,-5.0,30.8,47.4,0.97,1.22,10.28,33.4,14.69,17.0,16.17,1.39,1.12,10.99,60.57,60.7,43.65,48.0,10.66,287.83,79.7,3.95,42.88,67.6,39.88,59.1,59.28,10.56
China 1,2024-25,Meizhou Hakka,30.0,6.0,9.0,15.0,27.0,34.6,29.0,55.0,-26.0,31.4,44.7,0.84,1.12,8.56,38.3,12.33,23.18,12.94,1.55,1.6,13.29,62.15,61.1,34.79,42.5,12.56,278.41,78.9,3.97,38.04,65.9,37.78,50.3,53.79,9.17
China 1,2024-25,Qingdao Hainiu,30.0,8.0,5.0,17.0,29.0,32.3,28.0,55.0,-27.0,32.5,42.3,0.82,1.12,8.95,33.6,12.77,16.59,12.22,1.63,1.6,13.32,64.26,60.0,41.34,47.3,14.05,303.67,81.3,4.2,39.36,67.0,41.95,59.4,57.23,10.15
China 1,2024-25,Cangzhou Mighty Lions,30.0,7.0,8.0,15.0,29.0,22.7,33.0,57.0,-24.0,32.4,39.4,0.96,0.82,7.43,36.5,9.36,19.24,9.3,1.98,1.66,16.09,60.17,60.6,33.12,47.9,20.92,294.61,81.9,4.34,34.84,63.4,37.99,54.6,54.2,9.74
Colombia 1,2024-25,Fortaleza,38.0,13.0,12.0,13.0,51.0,50.8,41.0,40.0,1.0,27.0,56.9,0.97,1.05,10.57,32.3,12.09,19.74,11.56,1.12,0.95,9.45,56.47,64.3,33.79,44.5,8.84,363.89,84.3,4.27,49.41,72.9,41.28,58.0,64.34,12.09
Colombia 1,2024-25,Junior,49.0,19.0,15.0,15.0,72.0,72.9,59.0,51.0,8.0,31.9,55.2,1.08,1.23,9.41,36.4,12.34,19.71,14.2,1.07,0.93,10.46,54.85,65.6,25.59,47.4,10.44,380.87,84.9,4.38,50.53,72.7,35.66,54.5,61.96,13.13
Colombia 1,2024-25,Medellín,38.0,15.0,13.0,10.0,58.0,57.3,45.0,46.0,-1.0,26.2,53.3,1.08,1.15,10.55,32.3,11.97,20.07,13.31,0.92,1.1,9.35,53.93,61.5,32.93,48.9,9.18,364.87,83.6,4.1,47.31,71.2,41.53,59.8,64.29,12.61
Colombia 1,2024-25,Tolima,52.0,27.0,12.0,13.0,93.0,85.6,73.0,46.0,27.0,28.7,53.1,1.27,1.25,10.6,38.4,12.8,18.7,13.51,0.88,0.8,10.06,54.65,63.6,26.78,45.2,11.17,394.25,85.4,4.77,46.89,74.4,38.32,56.4,65.41,12.29
Colombia 1,2024-25,Deportivo Pereira,44.0,19.0,12.0,13.0,69.0,52.2,53.0,44.0,9.0,28.3,51.8,1.1,0.9,9.0,31.3,11.16,18.07,11.33,1.13,0.91,10.87,58.78,63.4,27.63,44.7,10.9,324.79,82.1,4.09,45.66,70.2,35.62,53.7,58.84,10.52
Colombia 1,2024-25,Atlético Nacional,45.0,20.0,13.0,12.0,73.0,69.9,64.0,42.0,22.0,29.5,51.5,1.28,1.19,12.69,38.0,12.09,18.35,12.63,0.88,0.84,9.27,54.46,61.3,32.04,49.0,10.76,343.99,83.4,4.28,50.53,70.9,38.65,57.0,62.56,12.51
Colombia 1,2024-25,Águilas Doradas,38.0,12.0,10.0,16.0,46.0,54.7,38.0,46.0,-8.0,28.1,50.9,0.9,1.01,9.14,35.1,12.11,16.1,10.59,0.86,1.09,9.28,56.59,62.7,36.31,47.5,10.98,315.12,82.1,4.37,44.6,67.5,42.44,57.6,56.11,8.62
Colombia 1,2024-25,América de Cali,44.0,19.0,12.0,13.0,69.0,72.3,55.0,40.0,15.0,29.3,50.4,1.12,1.24,11.45,35.4,12.1,19.87,14.76,0.85,0.82,8.59,52.98,64.2,29.62,47.8,10.78,322.53,82.8,5.38,47.18,70.0,39.29,58.5,62.38,11.69
Colombia 1,2024-25,Millonarios,50.0,24.0,14.0,12.0,86.0,69.6,68.0,42.0,26.0,30.5,50.0,1.22,1.06,10.19,39.0,12.94,18.59,13.61,1.02,0.76,9.36,59.49,63.1,27.07,45.7,9.78,348.97,82.2,5.06,49.77,72.0,36.02,54.2,62.5,12.56
Colombia 1,2024-25,Santa Fe,52.0,26.0,13.0,13.0,91.0,79.7,61.0,41.0,20.0,31.5,49.1,1.06,1.12,10.77,31.9,14.38,16.05,13.34,0.89,0.71,9.4,59.83,62.8,33.77,44.8,9.64,303.96,79.0,4.39,50.22,68.1,42.22,55.1,63.16,9.92
Colombia 1,2024-25,Patriotas Boyacá,38.0,9.0,8.0,21.0,35.0,47.0,31.0,53.0,-22.0,27.4,49.0,0.75,1.02,10.44,30.3,12.22,19.82,10.35,1.14,1.24,9.52,54.07,62.1,27.8,46.2,12.92,293.64,81.0,3.63,43.82,66.1,35.03,49.8,54.0,12.29
Colombia 1,2024-25,Deportivo Cali,38.0,9.0,11.0,18.0,38.0,48.0,39.0,51.0,-12.0,28.3,48.6,0.95,0.98,9.19,33.3,11.59,20.66,12.42,1.07,1.22,11.81,59.69,60.1,30.67,46.4,10.72,321.89,82.2,4.35,43.07,72.0,40.81,56.2,59.16,10.26
Colombia 1,2024-25,Alianza,38.0,8.0,9.0,21.0,33.0,42.8,32.0,54.0,-22.0,29.0,48.5,0.75,0.92,9.45,33.8,10.84,17.1,9.9,1.28,1.27,12.06,56.32,60.0,31.25,44.5,11.78,311.25,82.0,5.69,41.51,67.3,37.18,52.2,56.35,11.5
Colombia 1,2024-25,Deportivo Pasto,44.0,16.0,8.0,20.0,56.0,60.2,44.0,45.0,-1.0,30.2,48.5,0.9,0.93,10.27,31.9,14.47,15.83,10.37,0.93,0.92,9.54,58.19,64.8,34.37,43.0,11.48,320.04,80.5,3.83,49.86,67.8,40.96,54.1,62.39,9.9
Colombia 1,2024-25,Boyacá Chicó,38.0,9.0,6.0,23.0,33.0,43.9,35.0,69.0,-34.0,29.1,47.9,0.83,0.85,10.29,30.3,10.66,15.81,9.93,1.07,1.63,9.48,51.4,59.5,32.3,43.1,11.28,285.92,80.3,3.54,44.89,69.9,40.79,57.0,57.7,7.86
Colombia 1,2024-25,Once Caldas,50.0,21.0,14.0,15.0,77.0,65.1,50.0,44.0,6.0,29.4,47.8,0.9,0.99,10.44,30.1,13.46,17.94,11.83,1.08,0.8,10.62,59.99,61.9,28.1,45.2,11.92,307.31,80.7,4.72,44.79,66.2,40.47,50.1,56.84,11.44
Colombia 1,2024-25,Jaguares de Córdoba,38.0,8.0,13.0,17.0,37.0,45.0,26.0,44.0,-18.0,30.4,47.4,0.62,1.08,9.56,30.8,11.32,20.77,10.49,1.41,1.05,13.11,60.57,62.7,29.33,43.4,14.7,312.06,82.6,2.83,40.99,69.6,35.66,54.4,58.62,11.09
Colombia 1,2024-25,Atlético Bucaramanga,46.0,22.0,11.0,13.0,77.0,61.1,52.0,33.0,19.0,31.3,47.0,1.02,0.91,8.89,33.0,10.32,17.42,10.45,0.94,0.65,9.85,57.03,63.1,32.91,47.2,11.01,292.55,81.0,3.92,43.07,70.7,36.0,54.8,57.34,10.79
Colombia 1,2024-25,Envigado,38.0,6.0,11.0,21.0,29.0,39.0,24.0,50.0,-26.0,26.1,46.4,0.57,0.94,10.02,29.0,8.04,17.29,9.97,1.49,1.19,13.07,59.98,60.9,29.59,45.8,12.87,287.05,80.9,4.79,38.85,62.4,39.47,51.6,52.8,9.97
Colombia 1,2024-25,Inter Bogotá,44.0,14.0,13.0,17.0,55.0,54.9,45.0,54.0,-9.0,29.4,45.1,0.95,1.07,11.03,32.6,10.61,16.96,10.4,1.18,1.11,10.26,62.07,63.1,30.25,43.8,10.84,269.92,78.7,4.12,45.46,64.6,42.73,51.7,56.56,8.72
Croatia 1,2024-25,Dinamo Zagreb,36.0,19.0,8.0,9.0,65.0,69.4,69.0,41.0,28.0,26.8,59.6,1.75,1.6,13.95,35.6,16.58,23.13,21.46,0.8,1.04,7.04,56.03,65.5,29.66,50.1,9.13,449.42,85.1,4.76,56.26,74.3,40.62,57.6,71.73,18.25
Croatia 1,2024-25,Hajduk Split,36.0,17.0,12.0,7.0,63.0,57.7,49.0,34.0,15.0,27.3,52.8,1.22,1.19,10.57,30.9,15.38,22.09,17.18,0.9,0.85,8.43,58.34,63.8,34.58,49.2,9.37,364.21,81.0,5.56,51.11,67.6,44.2,55.3,67.66,13.89
Croatia 1,2024-25,Varaždin,36.0,11.0,16.0,9.0,49.0,50.4,28.0,24.0,4.0,28.5,50.6,0.71,1.03,10.08,31.3,12.2,21.72,13.47,0.97,0.61,8.5,64.26,65.9,32.23,44.3,10.41,373.75,80.3,5.09,47.71,65.2,50.13,54.4,69.33,16.22
Croatia 1,2024-25,Istra 1961,36.0,11.0,15.0,10.0,48.0,48.0,39.0,42.0,-3.0,25.1,49.5,1.0,1.09,9.17,31.2,11.55,18.65,14.89,1.14,1.07,9.84,65.19,62.7,33.54,45.8,10.29,350.32,80.1,4.29,46.03,62.2,42.71,51.7,62.46,14.64
Croatia 1,2024-25,Lokomotiva Zagreb,36.0,10.0,9.0,17.0,39.0,40.3,45.0,54.0,-9.0,28.0,49.4,1.15,1.05,10.26,34.8,13.53,19.19,15.01,1.48,1.38,10.98,63.86,62.3,40.92,45.0,8.3,332.13,78.7,4.52,49.03,60.2,45.54,51.1,62.38,11.66
Croatia 1,2024-25,Slaven Belupo,36.0,13.0,9.0,14.0,48.0,46.6,42.0,45.0,-3.0,28.8,49.3,1.08,1.2,9.98,34.4,16.44,18.98,15.8,1.28,1.15,10.52,67.2,62.9,39.83,45.0,8.22,357.38,79.2,4.8,52.07,65.7,48.45,55.3,70.64,14.0
Croatia 1,2024-25,Rijeka,36.0,18.0,11.0,7.0,65.0,61.0,49.0,21.0,28.0,26.2,48.7,1.25,1.2,11.03,32.5,12.28,19.6,14.53,0.75,0.54,8.11,60.3,62.2,36.97,44.8,10.48,326.33,78.4,4.27,47.43,60.5,47.25,50.2,64.57,14.1
Croatia 1,2024-25,Osijek,36.0,11.0,9.0,16.0,42.0,46.5,46.0,52.0,-6.0,26.9,48.6,1.16,1.14,9.79,36.1,14.11,20.9,13.81,1.23,1.31,11.38,64.03,62.6,36.82,44.1,11.16,354.12,80.3,3.81,46.77,66.5,41.54,52.2,66.02,13.81
Croatia 1,2024-25,Gorica,36.0,9.0,10.0,17.0,37.0,33.7,29.0,51.0,-22.0,28.4,46.0,0.74,0.79,7.07,34.4,9.55,15.34,9.7,1.43,1.31,13.75,65.78,60.3,37.46,39.8,12.44,332.32,80.3,4.3,39.35,60.1,42.79,50.7,59.91,10.32
Croatia 1,2024-25,Šibenik,36.0,7.0,9.0,20.0,30.0,40.5,28.0,60.0,-32.0,27.6,44.8,0.72,0.88,7.64,32.0,11.78,13.51,11.11,1.19,1.54,11.14,60.0,63.6,41.35,49.3,13.94,304.35,76.9,3.37,38.54,57.8,44.33,51.8,61.13,9.65
Czech 1,2024-25,Sparta Praha,35.0,19.0,6.0,10.0,63.0,60.0,61.0,44.0,17.0,26.5,59.1,1.59,1.53,13.58,36.5,15.85,18.46,21.86,0.99,1.15,8.57,52.44,65.6,41.32,48.6,8.08,412.68,82.3,5.25,58.01,67.4,45.18,51.6,72.08,12.95
Czech 1,2024-25,Slavia Praha,35.0,29.0,3.0,3.0,90.0,81.3,77.0,18.0,59.0,26.3,59.0,2.03,2.18,15.4,39.7,22.72,18.41,27.44,0.6,0.47,6.35,55.98,68.5,41.39,53.4,7.19,405.79,81.1,3.9,56.95,67.1,55.61,57.4,75.18,14.69
Czech 1,2024-25,Viktoria Plzeň,35.0,23.0,5.0,7.0,74.0,64.1,71.0,36.0,35.0,25.8,54.0,1.86,1.78,12.53,34.7,16.67,18.69,23.31,1.12,0.94,9.25,55.21,67.7,48.21,47.2,8.47,386.06,80.9,4.06,49.94,68.1,50.96,56.5,74.69,12.82
Czech 1,2024-25,Karviná,32.0,11.0,8.0,13.0,41.0,40.4,40.0,57.0,-17.0,26.5,53.9,1.15,1.32,10.88,36.1,13.15,20.65,15.38,1.66,1.63,13.29,58.41,64.6,41.53,46.7,9.04,352.32,81.7,3.18,44.8,65.5,44.11,57.1,64.94,11.83
Czech 1,2024-25,Mladá Boleslav,35.0,11.0,8.0,16.0,41.0,43.4,48.0,48.0,0.0,28.7,53.7,1.28,1.35,10.95,32.3,12.78,22.54,18.02,1.6,1.28,13.32,56.22,62.4,36.04,38.9,9.43,388.44,82.7,4.78,44.89,65.0,46.89,57.5,68.28,15.2
Czech 1,2024-25,Baník Ostrava,35.0,22.0,5.0,8.0,71.0,55.0,58.0,34.0,24.0,27.0,52.2,1.52,1.54,12.94,33.9,16.62,18.92,22.21,1.23,0.89,11.0,56.86,64.5,35.36,47.7,10.98,381.14,80.1,4.26,53.49,68.9,46.99,56.6,78.61,15.55
Czech 1,2024-25,Slovan Liberec,32.0,12.0,9.0,11.0,45.0,46.2,47.0,35.0,12.0,24.4,49.0,1.35,1.32,11.09,40.3,14.61,17.24,17.5,1.21,1.0,9.97,55.77,63.8,41.28,43.3,9.94,313.4,77.7,3.87,44.54,62.8,44.46,50.6,64.02,11.11
Czech 1,2024-25,Jablonec,35.0,19.0,6.0,10.0,63.0,54.4,60.0,33.0,27.0,29.1,48.6,1.56,1.49,12.05,39.4,16.71,18.25,18.69,1.19,0.86,10.56,53.5,65.1,36.14,47.8,11.19,347.98,80.0,3.68,45.86,65.5,44.01,53.3,67.24,12.8
Czech 1,2024-25,Sigma Olomouc,35.0,12.0,9.0,14.0,45.0,42.5,48.0,53.0,-5.0,26.7,48.4,1.25,1.01,8.83,36.4,13.84,15.57,15.07,1.32,1.38,10.5,61.66,64.9,48.45,39.8,8.67,321.03,74.9,3.73,48.92,59.6,56.13,51.4,71.69,9.3
Czech 1,2024-25,Pardubice,35.0,6.0,7.0,22.0,25.0,39.4,25.0,56.0,-31.0,25.6,48.4,0.65,0.96,8.24,32.3,12.15,15.18,12.44,1.38,1.46,12.34,61.78,63.4,37.45,44.6,9.98,328.78,78.6,3.68,43.76,60.2,47.46,53.0,66.14,10.67
Czech 1,2024-25,Slovácko,35.0,9.0,11.0,15.0,38.0,38.6,31.0,56.0,-25.0,30.0,47.8,0.82,0.98,8.85,31.8,14.01,17.96,12.77,1.34,1.47,11.56,64.91,64.2,43.97,44.9,11.55,318.84,78.3,3.63,46.34,61.0,48.63,52.8,67.01,10.03
Czech 1,2024-25,Bohemians 1905,34.0,10.0,10.0,14.0,40.0,42.5,37.0,46.0,-9.0,29.8,47.0,1.0,1.15,10.86,29.8,16.71,17.78,17.0,1.39,1.24,11.32,61.25,63.3,49.07,51.6,9.73,296.27,75.6,3.07,47.24,60.7,48.15,53.6,65.67,9.16
Czech 1,2024-25,Teplice,35.0,12.0,8.0,15.0,44.0,49.3,41.0,45.0,-4.0,25.3,46.0,1.08,1.13,10.55,31.8,15.27,16.0,14.77,1.15,1.18,9.84,59.41,65.1,49.11,44.2,10.18,304.94,76.2,4.07,49.18,60.8,52.38,52.4,67.49,9.63
Czech 1,2024-25,Hradec Králové,34.0,14.0,7.0,13.0,49.0,44.3,40.0,32.0,8.0,26.9,45.4,1.08,1.18,10.13,38.7,14.4,18.13,16.97,1.35,0.86,12.1,59.41,62.4,37.91,44.0,12.63,318.39,77.4,3.92,46.36,62.8,44.58,50.8,66.84,12.19
Czech 1,2024-25,Dukla Praha,35.0,8.0,10.0,17.0,34.0,34.5,34.0,55.0,-21.0,29.1,45.1,0.9,0.93,8.62,32.1,13.3,16.39,13.7,1.51,1.46,12.08,58.9,63.3,45.25,44.3,12.92,298.2,77.3,3.46,42.11,61.3,47.78,54.7,64.49,10.64
Czech 1,2024-25,České Budějovice,35.0,0.0,6.0,29.0,6.0,29.7,16.0,86.0,-70.0,27.7,42.2,0.42,0.9,8.52,28.0,11.28,16.61,12.58,1.77,2.28,12.26,61.89,63.3,41.62,43.9,13.79,280.88,76.3,3.16,40.95,59.6,44.35,52.3,61.26,9.42
Denmark 1,2024-25,Nordsjælland,32.0,13.0,7.0,12.0,46.0,50.2,53.0,56.0,-3.0,25.9,59.1,1.52,1.6,12.45,40.5,13.23,18.15,20.75,1.31,1.6,10.45,54.82,60.9,21.78,46.9,12.22,600.4,89.8,7.5,66.47,77.7,38.59,55.2,76.6,14.23
Denmark 1,2024-25,København,32.0,18.0,9.0,5.0,63.0,59.2,60.0,33.0,27.0,27.1,55.2,1.68,1.68,12.72,39.2,14.04,19.25,20.23,0.95,0.92,7.93,59.12,65.4,33.79,49.3,10.83,451.77,85.8,5.52,57.1,71.5,44.41,56.7,70.97,16.14
Denmark 1,2024-25,Brøndby,32.0,13.0,12.0,7.0,51.0,52.0,58.0,46.0,12.0,26.9,52.6,1.65,1.58,12.77,39.5,15.28,19.86,21.86,1.22,1.31,9.78,61.67,64.5,27.44,46.1,13.08,486.11,86.4,5.22,53.58,76.4,40.73,56.3,72.5,15.7
Denmark 1,2024-25,AGF,32.0,10.0,10.0,12.0,40.0,51.6,53.0,46.0,7.0,29.6,51.3,1.51,1.54,11.28,40.7,19.11,17.69,17.57,1.19,1.31,8.43,55.85,66.4,36.14,44.1,13.93,412.21,83.7,3.05,46.25,64.9,41.58,50.5,63.63,13.76
Denmark 1,2024-25,Silkeborg,33.0,14.0,10.0,9.0,52.0,51.1,59.0,42.0,17.0,25.7,50.8,1.66,1.44,10.99,39.1,11.52,14.5,18.8,1.21,1.18,10.23,58.87,62.0,23.57,46.6,20.23,534.38,87.8,4.41,53.05,77.8,33.61,51.4,70.56,14.67
Denmark 1,2024-25,Midtjylland,32.0,19.0,5.0,8.0,62.0,45.4,64.0,42.0,22.0,25.0,49.3,1.81,1.55,12.22,37.4,15.23,22.26,21.55,1.48,1.19,11.46,58.7,62.8,35.59,44.5,12.08,371.85,82.7,4.22,46.56,68.8,41.34,56.9,63.71,16.53
Denmark 1,2024-25,Viborg,32.0,12.0,11.0,9.0,47.0,46.0,57.0,50.0,7.0,25.3,49.0,1.61,1.52,11.11,34.9,12.44,23.15,17.33,1.46,1.41,11.76,53.62,62.5,28.35,45.5,14.25,399.86,85.6,3.28,44.32,76.1,34.63,58.2,66.93,15.6
Denmark 1,2024-25,Lyngby,32.0,5.0,12.0,15.0,27.0,35.2,26.0,43.0,-17.0,27.4,47.9,0.74,1.07,9.09,28.3,14.4,17.14,16.23,1.52,1.23,11.77,59.66,62.7,34.94,43.2,13.3,388.26,82.2,3.6,49.8,65.9,48.29,56.0,70.09,11.31
Denmark 1,2024-25,Sønderjyske,32.0,10.0,7.0,15.0,37.0,34.0,47.0,64.0,-17.0,26.3,46.5,1.34,1.13,9.47,36.6,10.58,16.82,14.1,1.73,1.83,12.53,62.17,60.5,33.83,46.0,14.01,378.53,82.5,3.15,45.64,64.1,46.13,55.4,64.23,11.75
Denmark 1,2024-25,AaB,32.0,5.0,9.0,18.0,24.0,35.8,34.0,67.0,-33.0,24.2,46.4,0.97,1.2,10.12,28.7,15.59,17.79,17.13,1.64,1.91,12.8,62.35,63.5,32.24,43.0,15.1,388.25,82.8,3.68,47.07,66.3,40.51,51.2,62.46,13.4
Denmark 1,2024-25,Randers,33.0,13.0,9.0,11.0,48.0,45.5,58.0,53.0,5.0,27.9,46.2,1.59,1.3,9.06,37.0,10.48,18.97,17.54,1.29,1.45,11.23,61.29,62.6,31.92,49.4,13.93,393.46,83.1,3.57,49.19,69.3,41.31,53.8,67.55,13.17
Denmark 1,2024-25,Vejle,32.0,7.0,7.0,18.0,28.0,31.5,37.0,64.0,-27.0,27.0,44.4,1.06,1.07,9.76,34.6,14.11,17.43,14.0,1.7,1.83,12.71,63.52,60.8,37.21,46.6,15.44,342.62,81.1,3.18,41.79,66.4,45.0,53.5,64.12,11.28
Denmark 2,2024-25,OB,32.0,18.0,11.0,3.0,65.0,59.7,69.0,35.0,34.0,26.3,55.2,2.0,1.9,13.67,40.1,17.32,23.99,23.07,1.11,1.02,9.05,55.04,63.9,39.72,50.9,9.89,445.88,84.9,4.7,53.5,70.6,46.83,58.8,73.03,18.57
Denmark 2,2024-25,Horsens,32.0,15.0,6.0,11.0,51.0,51.2,49.0,48.0,1.0,25.0,53.0,1.42,1.62,13.9,36.6,17.07,18.52,21.78,1.17,1.4,8.96,61.21,65.2,42.98,51.4,9.69,421.27,81.4,3.2,58.91,68.2,48.3,55.0,79.36,17.24
Denmark 2,2024-25,Hvidovre,32.0,12.0,9.0,11.0,45.0,42.4,33.0,35.0,-2.0,30.0,52.6,0.97,1.28,10.03,37.6,15.74,17.78,16.0,1.34,1.02,11.49,67.51,63.2,37.64,44.7,10.97,429.03,81.6,3.63,50.19,64.6,55.92,58.7,78.56,11.85
Denmark 2,2024-25,Hillerød,32.0,14.0,10.0,8.0,52.0,55.5,56.0,38.0,18.0,27.1,52.3,1.63,1.52,12.55,38.7,13.77,15.93,17.24,0.98,1.11,9.06,59.08,64.9,45.57,46.7,11.21,479.26,84.0,6.76,68.98,69.3,63.15,57.0,84.41,13.83
Denmark 2,2024-25,B.93,32.0,9.0,8.0,15.0,35.0,29.6,42.0,61.0,-19.0,28.3,52.2,1.21,1.04,9.71,36.6,10.92,17.72,15.46,1.85,1.76,14.83,65.23,64.5,34.48,44.1,11.64,465.35,82.7,3.24,57.31,62.9,53.96,51.0,78.47,14.74
Denmark 2,2024-25,Kolding IF,32.0,14.0,8.0,10.0,50.0,55.0,36.0,28.0,8.0,23.7,49.9,1.04,1.32,11.7,36.7,14.84,20.06,19.05,0.79,0.81,7.38,65.65,67.3,44.67,45.4,10.27,380.84,81.1,2.82,54.58,64.8,48.73,54.3,70.23,14.21
Denmark 2,2024-25,Roskilde,32.0,7.0,5.0,20.0,26.0,31.7,37.0,61.0,-24.0,25.6,49.2,1.08,0.94,8.74,37.1,12.19,17.71,15.28,1.5,1.78,11.95,64.96,65.0,40.59,42.3,12.87,416.02,81.2,4.38,55.67,63.0,60.49,52.2,79.16,13.79
Denmark 2,2024-25,Fredericia,32.0,20.0,4.0,8.0,64.0,51.0,65.0,30.0,35.0,24.8,49.0,1.9,1.57,11.46,42.3,13.83,23.76,20.87,1.24,0.88,12.16,59.13,64.9,25.58,41.5,15.09,443.1,83.4,3.54,50.71,69.5,43.29,51.9,73.25,19.2
Denmark 2,2024-25,Hobro,32.0,10.0,9.0,13.0,39.0,43.8,39.0,51.0,-12.0,25.7,48.3,1.13,1.33,10.73,39.5,16.24,18.61,17.57,1.41,1.48,11.45,59.85,62.0,34.39,40.5,15.42,422.6,82.7,3.13,47.78,67.7,45.2,55.7,73.27,17.37
Denmark 2,2024-25,Vendsyssel,32.0,7.0,9.0,16.0,30.0,36.7,35.0,49.0,-14.0,26.4,47.6,1.01,1.12,10.67,33.5,16.17,15.37,15.65,1.53,1.41,12.66,64.89,63.1,43.9,49.2,10.88,366.37,78.8,4.27,49.18,63.5,50.28,54.1,70.6,12.91
Denmark 2,2024-25,Esbjerg,32.0,13.0,2.0,17.0,41.0,45.0,52.0,56.0,-4.0,25.4,46.6,1.52,1.61,12.72,40.8,14.21,15.64,18.85,1.55,1.63,12.72,63.94,63.0,36.97,49.6,13.67,384.72,81.0,3.68,49.87,64.5,49.11,54.0,74.1,13.6
Denmark 2,2024-25,HB Køge,32.0,9.0,7.0,16.0,34.0,30.9,36.0,57.0,-21.0,25.1,44.3,1.04,0.95,9.08,39.9,8.99,16.91,11.34,1.74,1.65,13.25,65.49,64.5,38.34,40.4,15.36,365.74,80.8,4.12,46.73,59.3,54.38,51.1,65.29,13.52
Ecuador 1,2024-25,Independiente del Valle,32.0,20.0,8.0,4.0,68.0,61.2,57.0,25.0,32.0,29.0,59.9,1.6,1.56,14.72,38.9,14.74,18.86,18.95,0.79,0.67,6.81,52.78,64.2,26.66,50.5,8.14,408.04,86.8,4.04,53.45,77.5,39.69,59.5,68.36,12.58
Ecuador 1,2024-25,Universidad Católica,30.0,15.0,6.0,9.0,51.0,56.0,59.0,44.0,15.0,30.7,57.9,1.76,1.75,13.66,36.0,15.33,18.94,18.35,1.01,1.31,8.56,50.29,60.3,22.73,48.2,10.18,390.52,84.9,3.19,52.74,73.5,39.11,56.6,68.01,13.72
Ecuador 1,2024-25,Barcelona,30.0,16.0,8.0,6.0,56.0,45.7,54.0,29.0,25.0,29.8,54.8,1.62,1.21,10.66,41.1,14.27,20.31,14.57,1.0,0.87,9.28,66.72,64.5,28.93,47.1,7.38,351.08,83.7,2.46,45.69,71.3,33.7,58.1,62.99,12.23
Ecuador 1,2024-25,LDU Quito,32.0,21.0,5.0,6.0,68.0,47.8,63.0,32.0,31.0,28.3,52.7,1.75,1.43,11.29,37.4,12.99,19.11,15.07,1.24,0.89,10.9,59.43,62.6,27.06,45.3,9.34,317.48,82.9,3.89,42.91,70.0,37.27,56.2,59.02,12.04
Ecuador 1,2024-25,Orense,30.0,10.0,10.0,10.0,40.0,38.8,28.0,33.0,-5.0,28.7,52.2,0.86,1.12,9.87,35.3,14.9,18.23,14.16,1.17,1.02,10.21,62.4,63.6,34.82,47.9,9.55,326.01,80.6,2.44,46.36,66.6,47.56,57.8,61.93,12.37
Ecuador 1,2024-25,Emelec,30.0,9.0,10.0,11.0,37.0,39.5,29.0,32.0,-3.0,30.6,51.9,0.86,1.04,10.25,32.3,13.2,18.69,14.0,1.18,0.94,11.4,57.99,62.0,30.89,45.6,9.1,336.05,81.5,4.43,46.71,68.4,33.54,51.7,59.65,10.87
Ecuador 1,2024-25,Aucas,30.0,12.0,9.0,9.0,45.0,46.0,47.0,40.0,7.0,28.4,51.6,1.42,1.41,11.11,38.1,15.44,18.5,15.5,1.18,1.21,12.63,62.14,63.1,28.31,48.8,9.28,322.75,82.4,4.06,46.03,71.1,40.43,58.0,62.65,11.75
Ecuador 1,2024-25,Imbabura,30.0,6.0,6.0,18.0,24.0,32.2,34.0,60.0,-26.0,27.4,51.0,1.06,1.06,11.58,38.9,9.31,20.58,10.96,1.54,1.83,12.44,58.59,61.4,28.27,45.4,11.64,301.03,82.0,4.47,39.1,64.6,38.95,53.6,51.89,11.86
Ecuador 1,2024-25,Deportivo Cuenca,30.0,7.0,11.0,12.0,32.0,42.5,40.0,45.0,-5.0,30.9,50.0,1.2,1.23,9.02,38.0,14.66,14.93,12.53,1.16,1.35,11.81,57.4,62.0,30.86,47.0,11.12,318.92,79.8,3.49,45.65,64.6,43.45,52.6,63.56,8.83
Ecuador 1,2024-25,Técnico Universitario,30.0,10.0,8.0,12.0,38.0,42.3,39.0,36.0,3.0,31.9,47.4,1.16,1.14,10.7,33.1,13.77,17.44,11.42,1.06,1.07,9.72,58.76,62.8,30.29,42.3,11.58,312.39,81.6,2.98,44.6,68.2,42.87,56.7,56.85,10.17
Ecuador 1,2024-25,Cumbayá,30.0,6.0,6.0,18.0,24.0,24.0,25.0,53.0,-28.0,28.7,46.6,0.76,0.72,8.62,33.2,8.04,18.33,9.35,1.51,1.61,13.79,65.58,62.8,25.18,42.1,11.88,314.67,81.9,3.62,39.64,66.0,39.76,53.7,59.55,10.96
Ecuador 1,2024-25,Libertad,30.0,7.0,10.0,13.0,31.0,33.7,28.0,43.0,-15.0,28.7,46.5,0.87,1.0,9.04,34.0,13.17,18.66,12.17,1.27,1.3,12.33,63.2,65.3,34.5,45.9,10.35,266.65,78.4,2.73,41.24,64.3,38.76,54.4,55.22,12.02
Ecuador 1,2024-25,Macará,30.0,8.0,9.0,13.0,33.0,39.4,26.0,40.0,-14.0,29.7,45.2,0.81,1.24,11.93,28.2,12.61,17.03,13.58,1.3,1.25,10.74,60.63,59.7,29.06,47.1,10.78,270.59,78.1,4.39,43.82,63.2,44.53,53.7,58.89,9.31
Ecuador 1,2024-25,El Nacional,30.0,13.0,4.0,13.0,43.0,36.1,33.0,36.0,-3.0,29.2,44.7,0.99,1.0,10.09,34.0,12.27,14.39,10.75,1.29,1.07,10.84,58.93,61.9,38.12,43.3,10.03,247.79,78.3,3.19,41.94,68.1,40.09,56.2,53.91,8.39
Ecuador 1,2024-25,Mushuc Runa,30.0,10.0,11.0,9.0,41.0,41.5,45.0,43.0,2.0,29.4,43.8,1.34,1.44,13.4,34.4,16.23,14.32,14.2,1.45,1.28,11.46,64.01,62.3,41.23,43.2,8.84,231.39,74.7,3.25,46.32,65.2,45.16,58.4,59.48,8.48
Ecuador 1,2024-25,Delfin,30.0,8.0,7.0,15.0,31.0,35.8,29.0,45.0,-16.0,28.8,41.1,0.87,1.21,9.63,35.1,10.26,20.12,12.8,1.51,1.35,13.43,62.28,61.5,33.07,47.3,12.99,234.51,76.0,3.71,37.7,64.6,38.75,54.2,53.37,10.52
Egypt 1,2024-25,Zamalek,25.0,13.0,8.0,4.0,47.0,38.5,44.0,22.0,22.0,29.1,58.0,1.62,1.21,9.74,31.3,13.9,16.73,16.07,0.9,0.81,8.6,50.77,65.9,34.19,47.4,9.58,443.6,84.7,4.56,54.52,70.7,44.3,55.4,69.78,12.06
Egypt 1,2024-25,Pyramids,25.0,17.0,5.0,3.0,56.0,43.4,47.0,20.0,27.0,30.5,57.3,1.74,1.45,11.12,35.7,15.94,23.35,17.13,0.93,0.59,8.23,58.34,62.5,43.63,46.6,7.58,400.77,81.5,5.34,52.9,66.1,51.41,55.9,67.02,15.38
Egypt 1,2024-25,Al Masry,25.0,11.0,9.0,5.0,42.0,34.2,29.0,20.0,9.0,28.4,57.2,1.08,1.11,9.39,35.6,17.37,22.9,18.04,1.08,0.74,8.87,58.53,62.7,35.63,44.7,9.54,413.55,83.4,4.19,51.14,71.6,43.91,57.5,68.21,16.11
Egypt 1,2024-25,Al Ahly,25.0,17.0,7.0,1.0,58.0,46.7,52.0,18.0,34.0,29.8,56.5,1.94,1.93,14.3,37.0,14.04,19.26,21.79,0.89,0.56,7.41,60.12,63.4,34.12,49.9,9.52,431.6,83.8,6.67,56.81,71.9,46.86,56.0,72.38,14.79
Egypt 1,2024-25,Ceramica,25.0,10.0,7.0,8.0,37.0,38.1,38.0,33.0,5.0,29.2,54.3,1.34,1.29,10.72,37.0,10.12,19.47,19.36,1.09,1.16,8.57,59.04,62.6,38.06,44.5,8.85,404.77,81.8,5.1,51.69,69.1,39.54,50.4,67.75,13.0
Egypt 1,2024-25,Modern Sport,25.0,6.0,9.0,10.0,27.0,37.2,21.0,28.0,-7.0,31.5,52.8,0.75,1.13,8.96,31.0,16.56,15.75,13.26,0.94,1.0,8.14,59.36,64.9,46.95,43.8,9.04,364.59,79.7,3.7,56.09,67.4,52.46,58.0,68.53,9.63
Egypt 1,2024-25,Al Ittihad,25.0,5.0,11.0,9.0,26.0,26.8,14.0,21.0,-7.0,29.1,51.4,0.5,0.69,6.75,30.2,11.67,16.31,10.1,1.09,0.75,8.68,58.83,64.4,44.41,47.8,9.89,345.86,79.9,4.0,44.73,63.5,49.91,56.4,64.44,10.21
Egypt 1,2024-25,Smouha,25.0,6.0,7.0,12.0,25.0,35.2,15.0,28.0,-13.0,28.4,51.2,0.54,1.03,8.99,33.9,13.14,18.62,14.18,1.0,1.0,8.05,59.64,64.6,48.9,41.4,8.73,318.65,77.0,3.54,52.3,65.4,49.26,52.7,68.48,12.6
Egypt 1,2024-25,ZED FC,25.0,6.0,14.0,5.0,32.0,34.2,24.0,18.0,6.0,26.2,50.2,0.9,0.98,8.84,34.5,13.66,21.63,13.66,0.87,0.6,8.65,59.26,62.3,45.87,44.6,10.09,347.51,80.1,6.06,46.62,65.7,47.22,54.3,65.05,11.4
Egypt 1,2024-25,Ismaily,25.0,4.0,9.0,12.0,21.0,25.7,15.0,28.0,-13.0,27.0,49.8,0.55,0.67,6.86,23.7,11.28,16.55,11.61,1.03,0.96,8.89,57.7,66.1,47.86,47.8,12.52,330.73,78.2,5.27,49.63,62.0,50.73,51.6,63.12,10.84
Egypt 1,2024-25,Ghazl El Mehalla,25.0,6.0,5.0,14.0,23.0,29.5,20.0,36.0,-16.0,27.9,48.8,0.74,0.92,8.8,35.0,14.6,18.05,10.51,1.11,1.26,8.95,58.02,65.8,43.57,46.5,11.97,316.95,78.6,4.16,47.43,64.5,48.81,56.2,66.78,12.52
Egypt 1,2024-25,Pharco,25.0,8.0,8.0,9.0,32.0,32.1,25.0,35.0,-10.0,26.6,48.2,0.93,1.05,8.6,33.2,9.3,14.31,10.01,1.14,1.22,9.56,55.53,65.5,42.85,44.8,11.15,309.74,79.4,3.3,43.41,63.0,47.56,55.1,63.42,9.04
Egypt 1,2024-25,National Bank of Egypt,25.0,10.0,8.0,7.0,38.0,33.8,35.0,30.0,5.0,29.0,46.7,1.42,1.32,8.96,30.8,14.3,19.98,14.06,1.08,1.05,9.56,61.51,67.4,41.29,46.2,11.45,338.0,78.3,3.81,49.11,62.2,50.29,51.2,65.36,11.95
Egypt 1,2024-25,El Geish,25.0,6.0,11.0,8.0,29.0,33.1,18.0,24.0,-6.0,31.2,45.5,0.64,0.9,8.73,26.1,12.71,16.63,12.11,1.0,0.85,9.47,63.72,65.1,46.05,47.6,10.92,304.44,76.7,4.49,48.47,63.3,51.46,55.2,65.82,11.61
Egypt 1,2024-25,ENPPI,25.0,6.0,9.0,10.0,27.0,26.4,18.0,26.0,-8.0,26.6,43.9,0.64,0.88,6.4,31.1,11.88,16.25,10.88,1.36,0.92,10.31,52.27,65.8,54.8,45.3,11.71,277.15,75.3,3.73,45.76,60.1,50.28,53.5,61.73,8.85
Egypt 1,2024-25,Haras El Hodood,25.0,6.0,6.0,13.0,24.0,18.9,20.0,35.0,-15.0,27.6,43.4,0.74,0.62,6.58,31.1,11.3,15.31,10.0,1.34,1.26,10.81,62.65,64.1,49.68,42.6,10.86,287.39,75.0,3.23,43.77,60.8,53.77,53.8,63.17,8.7
Egypt 1,2024-25,El Gounah,25.0,8.0,6.0,11.0,30.0,29.6,20.0,22.0,-2.0,27.5,42.1,0.71,0.96,9.03,29.2,10.38,12.42,10.21,1.21,0.79,10.31,62.77,62.4,55.88,43.4,12.17,268.22,73.7,4.14,45.39,58.7,53.28,53.6,62.13,7.92
Egypt 1,2024-25,Petrojet,25.0,6.0,9.0,10.0,27.0,32.0,24.0,35.0,-11.0,27.7,41.9,0.95,1.24,11.98,28.9,15.09,19.94,13.32,1.24,1.26,11.51,67.22,64.7,57.1,46.3,10.67,281.43,72.0,7.41,54.22,59.6,60.41,53.7,72.11,10.52
England 1,2024-25,Manchester City,38.0,21.0,8.0,9.0,71.0,65.9,72.0,44.0,28.0,28.1,62.1,1.74,1.69,13.86,36.3,14.73,24.34,29.12,1.16,1.06,7.93,45.94,60.8,19.79,47.1,12.29,538.63,89.8,5.35,59.03,84.5,31.84,60.3,59.87,26.83
England 1,2024-25,Liverpool,38.0,25.0,9.0,4.0,84.0,76.4,86.0,41.0,45.0,28.4,57.2,2.04,2.04,14.47,37.2,15.13,22.39,26.54,0.99,0.97,8.56,60.59,59.2,24.03,47.1,9.89,466.18,86.8,6.9,56.81,75.5,38.62,54.5,67.44,18.43
England 1,2024-25,Arsenal,38.0,20.0,14.0,4.0,74.0,72.4,69.0,34.0,35.0,26.9,56.9,1.64,1.73,12.14,34.6,14.88,23.86,27.52,0.91,0.81,8.06,49.03,61.0,27.09,46.8,10.12,438.33,88.1,4.11,49.84,79.4,29.02,58.3,53.5,17.82
England 1,2024-25,Chelsea,38.0,20.0,9.0,9.0,69.0,64.6,64.0,43.0,21.0,25.5,56.5,1.5,1.69,12.97,37.9,14.41,23.25,23.25,1.19,1.01,8.6,53.31,60.5,21.88,45.4,11.62,454.02,87.1,4.23,54.11,74.5,36.53,50.8,63.2,19.49
England 1,2024-25,Tottenham Hotspur,38.0,11.0,5.0,22.0,38.0,50.3,64.0,65.0,-1.0,26.3,54.0,1.52,1.44,10.83,39.0,15.54,26.61,21.0,1.58,1.54,11.57,58.73,58.6,24.92,44.4,11.01,417.21,85.0,4.89,46.16,74.9,29.65,49.4,60.49,17.84
England 1,2024-25,Brighton,38.0,16.0,13.0,9.0,61.0,59.3,66.0,59.0,7.0,26.0,53.0,1.54,1.56,11.5,37.6,14.54,22.16,21.52,1.33,1.38,9.18,57.77,61.6,28.86,48.7,10.16,401.72,85.6,4.88,46.06,72.9,34.31,55.9,58.38,17.81
England 1,2024-25,Manchester United,38.0,11.0,9.0,18.0,42.0,54.8,44.0,54.0,-10.0,27.1,53.0,1.04,1.38,11.67,34.9,12.79,19.82,19.37,1.32,1.28,9.12,59.93,63.9,26.16,45.5,11.24,437.83,85.8,5.02,44.47,71.9,41.58,57.6,60.78,15.22
England 1,2024-25,Fulham,38.0,15.0,9.0,14.0,54.0,55.9,54.0,54.0,0.0,29.5,51.9,1.28,1.35,11.35,35.8,17.57,21.11,20.58,1.21,1.28,9.45,58.5,60.9,30.7,45.1,13.24,425.07,85.4,3.7,46.22,75.4,40.48,58.8,66.66,16.9
England 1,2024-25,Aston Villa,38.0,19.0,9.0,10.0,66.0,55.9,58.0,51.0,7.0,28.5,51.2,1.36,1.44,10.66,35.7,11.74,21.34,18.97,1.34,1.2,9.89,55.08,60.4,23.69,44.7,12.45,371.69,86.5,3.9,39.96,76.5,27.89,58.1,51.09,15.97
England 1,2024-25,Newcastle United,38.0,20.0,6.0,12.0,66.0,58.2,68.0,47.0,21.0,28.7,50.1,1.61,1.62,11.38,34.9,15.0,20.59,21.92,1.37,1.11,10.89,55.57,57.5,26.83,46.8,10.29,394.55,83.9,5.24,42.27,70.6,30.18,49.2,58.76,15.52
England 1,2024-25,Bournemouth,38.0,15.0,11.0,12.0,56.0,63.2,58.0,46.0,12.0,26.4,48.9,1.38,1.63,12.95,35.5,16.67,21.5,20.53,1.25,1.09,10.43,69.68,61.0,34.88,44.0,9.1,352.27,81.5,4.24,50.6,69.0,43.17,55.5,63.66,17.92
England 1,2024-25,Wolverhampton Wanderers,38.0,12.0,6.0,20.0,42.0,42.8,54.0,69.0,-15.0,28.2,48.8,1.27,1.09,9.55,38.8,11.72,18.6,15.07,1.45,1.63,10.42,64.37,62.2,27.3,44.0,11.54,372.85,84.4,4.98,40.89,70.8,37.77,54.1,58.4,14.12
England 1,2024-25,Southampton,38.0,2.0,6.0,30.0,12.0,29.2,26.0,86.0,-60.0,26.6,48.4,0.61,0.92,7.36,34.3,10.28,19.03,13.63,1.96,2.03,14.81,64.2,60.8,25.7,44.9,14.38,392.42,87.5,2.07,37.21,75.4,30.79,58.6,51.8,14.74
England 1,2024-25,Brentford,38.0,16.0,8.0,14.0,56.0,49.1,66.0,57.0,9.0,27.1,48.3,1.57,1.39,9.74,43.5,14.1,18.05,19.24,1.62,1.36,14.67,59.25,61.9,33.39,47.4,12.01,361.26,82.4,4.6,43.13,67.6,39.22,54.5,59.25,13.79
England 1,2024-25,West Ham United,38.0,11.0,10.0,17.0,43.0,44.2,46.0,62.0,-16.0,29.7,47.8,1.09,1.24,10.1,31.1,12.9,21.53,16.83,1.56,1.47,12.76,58.8,60.6,34.32,45.6,12.01,386.81,85.1,4.06,39.9,70.3,41.68,59.6,56.97,14.59
England 1,2024-25,Leicester City,38.0,6.0,7.0,25.0,25.0,29.4,33.0,80.0,-47.0,28.0,45.2,0.78,0.92,7.34,35.3,12.16,18.38,12.49,2.05,1.9,14.08,67.16,60.8,30.72,41.3,14.08,363.82,84.2,3.44,38.82,69.1,35.59,55.0,55.05,12.35
England 1,2024-25,Crystal Palace,38.0,13.0,14.0,11.0,53.0,56.6,51.0,51.0,0.0,26.6,42.2,1.22,1.41,10.93,38.5,12.12,14.44,16.93,1.27,1.22,10.35,65.13,62.7,34.29,43.0,13.64,333.63,79.9,5.28,42.2,64.1,42.99,51.9,63.67,10.71
England 1,2024-25,Everton,38.0,11.0,15.0,12.0,48.0,47.1,42.0,44.0,-2.0,29.4,41.8,1.0,1.06,8.62,37.8,13.79,17.24,14.21,1.24,1.05,10.57,61.9,62.4,35.1,46.9,14.7,313.6,81.4,3.74,43.43,68.8,39.98,57.8,60.12,11.95
England 1,2024-25,Ipswich Town,38.0,4.0,10.0,24.0,22.0,31.5,36.0,82.0,-46.0,26.8,40.8,0.86,0.95,8.43,34.7,9.57,19.61,12.38,1.84,1.95,13.31,60.58,59.4,30.68,48.9,14.8,306.82,82.7,1.95,34.94,66.3,33.66,53.7,49.94,11.35
England 1,2024-25,Nottingham Forest,38.0,19.0,8.0,11.0,65.0,53.6,58.0,46.0,12.0,27.1,39.7,1.37,1.34,10.21,38.7,11.54,19.86,15.82,1.26,1.09,11.39,64.02,59.9,33.64,45.5,14.21,299.39,81.9,3.83,38.56,70.0,36.34,58.2,54.96,13.5
England 2,2024-25,Leeds United,46.0,29.0,13.0,4.0,100.0,101.7,95.0,30.0,65.0,26.6,60.3,1.88,1.92,13.91,36.3,15.08,23.35,23.07,0.61,0.59,5.44,53.91,64.8,33.11,45.4,9.93,500.86,87.0,4.91,56.77,75.0,29.05,48.8,70.07,18.36
England 2,2024-25,Swansea City,46.0,17.0,10.0,19.0,61.0,61.4,51.0,56.0,-5.0,28.0,58.3,1.02,1.2,8.96,34.5,16.88,19.41,14.27,1.29,1.12,9.68,60.75,60.6,38.25,38.7,9.46,451.94,83.9,3.61,52.47,66.6,48.04,53.3,71.07,15.5
England 2,2024-25,Norwich City,46.0,14.0,15.0,17.0,57.0,69.8,71.0,68.0,3.0,26.2,57.6,1.41,1.41,10.0,36.4,12.63,18.24,15.82,1.15,1.35,9.86,62.32,61.4,29.23,45.3,10.58,493.23,86.3,4.14,48.69,67.3,39.62,48.9,65.6,14.18
England 2,2024-25,Burnley,46.0,28.0,16.0,2.0,100.0,75.4,69.0,16.0,53.0,26.5,56.6,1.37,1.22,10.35,34.2,13.84,19.97,17.92,0.81,0.32,7.59,53.96,61.7,32.6,43.9,10.42,457.13,85.7,3.07,49.04,68.6,40.98,50.9,61.88,16.17
England 2,2024-25,Middlesbrough,46.0,18.0,10.0,18.0,64.0,74.2,64.0,56.0,8.0,25.8,54.8,1.27,1.42,12.33,33.9,12.66,22.78,20.83,1.13,1.11,9.01,57.61,64.7,29.36,44.3,12.56,471.65,85.8,3.76,52.23,71.9,35.81,48.8,66.92,17.81
England 2,2024-25,West Bromwich Albion,46.0,15.0,19.0,12.0,64.0,68.0,57.0,47.0,10.0,28.3,54.7,1.13,1.21,10.84,30.6,14.73,23.33,17.0,1.02,0.93,9.07,55.08,63.7,36.51,48.1,12.88,427.8,85.3,3.71,46.8,68.6,38.12,54.7,63.71,17.21
England 2,2024-25,Coventry City,48.0,21.0,9.0,18.0,72.0,80.3,66.0,60.0,6.0,25.4,53.7,1.24,1.46,10.61,35.5,16.52,17.55,17.58,1.04,1.14,9.47,55.98,63.4,38.37,47.5,10.59,405.93,83.6,3.99,51.5,67.6,42.48,52.0,67.24,13.1
England 2,2024-25,Watford,46.0,16.0,9.0,21.0,57.0,55.6,53.0,61.0,-8.0,26.9,52.2,1.04,1.09,9.53,32.8,12.5,21.0,14.94,1.3,1.2,10.44,56.54,62.4,36.72,45.9,13.08,393.99,84.0,3.26,42.88,66.6,41.5,51.8,61.49,15.65
England 2,2024-25,Hull City,46.0,12.0,13.0,21.0,49.0,56.2,44.0,54.0,-10.0,26.9,51.4,0.88,1.06,9.37,35.2,15.4,20.09,15.1,1.28,1.08,10.69,62.28,61.1,40.53,44.9,12.1,397.47,83.8,3.2,45.16,65.3,42.76,52.9,60.7,15.2
England 2,2024-25,Sheffield United,49.0,30.0,8.0,11.0,98.0,76.5,70.0,38.0,32.0,25.7,50.4,1.3,1.26,10.56,34.7,10.1,16.75,16.83,0.99,0.7,8.75,56.4,65.2,37.27,50.8,11.17,386.86,83.9,2.91,46.67,66.3,38.48,50.7,60.88,12.99
England 2,2024-25,Bristol City,48.0,17.0,17.0,14.0,68.0,64.4,59.0,61.0,-2.0,26.7,50.1,1.13,1.21,10.57,35.2,14.67,17.36,17.51,1.24,1.17,10.4,59.52,63.2,39.3,48.1,12.05,408.82,81.4,4.07,56.84,64.4,44.52,48.0,70.19,12.47
England 2,2024-25,Sunderland,49.0,23.0,13.0,13.0,82.0,73.5,62.0,47.0,15.0,24.5,49.2,1.14,1.19,10.7,33.4,13.6,26.05,18.43,1.04,0.86,9.05,59.08,62.2,34.28,44.7,12.59,370.91,83.3,3.86,46.21,70.2,36.28,49.2,58.92,18.64
England 2,2024-25,Blackburn Rovers,46.0,19.0,9.0,18.0,66.0,55.1,53.0,48.0,5.0,27.4,48.0,1.04,0.97,8.1,36.7,13.15,15.47,13.9,1.18,0.94,9.95,64.68,64.9,45.23,46.6,11.89,373.27,81.8,2.95,41.59,62.1,46.42,55.6,64.35,11.28
England 2,2024-25,Sheffield Wednesday,46.0,15.0,13.0,18.0,58.0,60.2,60.0,69.0,-9.0,28.2,47.7,1.19,1.25,10.51,32.8,15.48,18.59,17.0,1.38,1.37,9.32,58.41,62.3,40.95,48.8,11.86,344.48,80.8,3.72,40.22,63.3,39.23,49.3,59.76,12.03
England 2,2024-25,Preston North End,46.0,10.0,20.0,16.0,50.0,58.9,48.0,59.0,-11.0,28.5,47.4,0.95,1.05,8.9,33.4,12.06,13.81,13.25,1.21,1.17,9.83,67.32,64.5,42.53,48.9,11.26,354.67,79.9,3.61,50.0,61.5,52.52,52.9,66.56,10.26
England 2,2024-25,Cardiff City,46.0,9.0,17.0,20.0,44.0,62.1,48.0,73.0,-25.0,28.0,47.3,0.94,1.15,9.93,37.0,14.07,22.68,13.89,1.26,1.44,9.97,61.59,65.2,41.69,46.0,13.15,346.86,81.1,2.87,42.85,66.6,40.37,51.7,60.53,10.92
England 2,2024-25,Queens Park Rangers,46.0,14.0,14.0,18.0,56.0,57.9,53.0,63.0,-10.0,27.5,46.7,1.05,1.02,9.67,35.5,11.0,16.46,13.86,1.12,1.24,9.14,58.63,63.2,41.59,46.6,13.68,348.45,81.6,2.51,40.53,60.9,43.77,52.7,61.49,10.96
England 2,2024-25,Stoke City,46.0,12.0,15.0,19.0,51.0,52.7,45.0,62.0,-17.0,26.0,46.5,0.89,1.05,8.43,35.1,11.17,17.21,13.23,1.48,1.22,11.94,60.07,60.4,37.33,43.3,11.76,343.85,81.1,3.49,43.31,59.5,43.31,51.0,58.3,11.0
England 2,2024-25,Luton Town,46.0,13.0,10.0,23.0,49.0,62.4,45.0,69.0,-24.0,27.3,44.9,0.89,1.15,9.36,33.8,14.26,21.43,16.38,1.2,1.37,10.33,62.22,63.1,51.93,46.9,10.63,293.19,78.7,3.01,46.0,64.5,45.9,56.4,60.94,10.07
England 2,2024-25,Portsmouth,46.0,14.0,12.0,20.0,54.0,57.7,58.0,71.0,-13.0,27.9,44.7,1.14,1.19,9.04,36.8,15.57,17.76,12.91,1.41,1.4,11.08,59.23,61.9,55.04,46.7,9.78,294.41,76.5,2.85,48.68,58.8,45.24,51.9,59.29,9.04
England 2,2024-25,Derby County,46.0,13.0,11.0,22.0,50.0,61.9,48.0,56.0,-8.0,29.7,43.8,0.95,1.11,7.88,35.5,14.51,18.76,13.32,1.14,1.11,9.61,64.73,64.5,47.32,46.5,10.55,298.05,76.5,2.18,41.13,56.7,42.66,47.9,56.59,9.65
England 2,2024-25,Plymouth Argyle,46.0,11.0,13.0,22.0,46.0,40.6,51.0,88.0,-37.0,26.7,43.5,1.01,0.81,7.67,36.9,9.13,15.77,10.77,1.61,1.74,12.84,66.19,62.9,43.65,41.6,13.93,308.86,79.3,3.06,39.38,58.8,41.91,48.5,56.83,9.74
England 2,2024-25,Millwall,46.0,18.0,12.0,16.0,66.0,63.2,47.0,49.0,-2.0,28.5,43.2,0.93,1.1,8.95,34.6,12.4,18.34,13.9,1.08,0.97,9.03,64.25,65.3,51.72,45.7,10.82,283.82,76.8,2.78,43.36,59.0,43.58,52.5,58.82,8.62
England 2,2024-25,Oxford United,46.0,13.0,14.0,19.0,53.0,44.4,49.0,65.0,-16.0,27.6,42.9,0.97,0.83,8.01,35.7,9.34,15.18,10.25,1.39,1.29,11.98,61.76,63.1,42.57,45.4,14.85,334.33,80.2,2.68,42.51,56.0,48.81,48.0,58.68,9.04
England 3,2024-25,Birmingham City,46.0,34.0,9.0,3.0,111.0,83.9,84.0,31.0,53.0,27.7,65.1,1.64,1.33,10.75,36.2,17.6,19.95,18.62,0.68,0.61,6.07,54.72,66.9,42.27,50.2,7.29,519.46,85.1,5.01,63.35,66.3,47.12,48.9,73.95,15.0
England 3,2024-25,Crawley Town,46.0,12.0,10.0,24.0,46.0,57.9,57.0,83.0,-26.0,26.7,57.0,1.14,1.14,10.06,33.7,10.28,21.04,14.86,1.32,1.63,10.2,61.05,63.6,44.99,42.6,10.09,418.64,82.5,4.44,52.34,63.0,48.7,47.1,70.27,15.58
England 3,2024-25,Bolton Wanderers,46.0,20.0,8.0,18.0,68.0,67.7,67.0,70.0,-3.0,29.2,55.8,1.32,1.29,10.92,34.1,13.45,18.37,17.72,1.15,1.38,9.07,60.58,66.4,44.93,47.3,8.37,400.1,81.3,4.1,51.89,62.4,45.96,45.6,68.73,13.9
England 3,2024-25,Peterborough United,46.0,13.0,12.0,21.0,51.0,57.9,68.0,81.0,-13.0,23.7,54.4,1.34,1.23,8.73,41.4,11.06,22.99,15.07,1.46,1.6,11.54,58.95,64.7,36.74,44.0,12.36,415.41,83.2,3.2,41.64,62.4,39.15,48.0,66.53,16.93
England 3,2024-25,Huddersfield Town,46.0,19.0,7.0,20.0,64.0,71.8,58.0,55.0,3.0,27.2,52.6,1.15,1.23,10.78,34.4,15.98,19.57,15.78,0.95,1.09,8.17,59.99,66.8,50.97,45.3,9.52,385.65,78.8,4.34,55.82,59.6,49.26,49.5,72.89,11.5
England 3,2024-25,Stockport County,48.0,25.0,14.0,9.0,88.0,87.8,75.0,45.0,30.0,27.4,52.5,1.41,1.46,10.87,41.1,14.77,19.61,15.6,0.83,0.83,6.69,57.11,66.7,50.05,51.0,9.93,375.2,80.1,3.48,58.35,60.0,57.43,51.8,69.43,13.09
England 3,2024-25,Reading,46.0,21.0,12.0,13.0,75.0,52.6,68.0,57.0,11.0,26.1,52.5,1.35,1.14,9.39,37.8,11.11,15.45,13.68,1.49,1.13,11.25,61.11,62.8,49.94,43.2,9.69,354.59,79.5,3.9,49.88,60.9,51.25,51.6,69.58,11.76
England 3,2024-25,Leyton Orient,49.0,24.0,8.0,17.0,82.0,64.0,75.0,52.0,23.0,27.1,51.5,1.37,1.08,9.72,38.8,12.63,19.82,15.54,1.18,0.95,8.99,60.48,63.5,54.97,43.0,8.34,349.24,76.3,3.79,56.84,53.6,56.97,45.4,67.84,12.11
England 3,2024-25,Barnsley,46.0,17.0,10.0,19.0,61.0,59.3,69.0,73.0,-4.0,27.8,51.5,1.36,1.19,11.23,40.9,13.83,17.4,15.73,1.34,1.44,9.63,58.82,63.8,54.42,49.5,9.84,341.21,78.3,4.46,52.75,58.5,53.49,51.4,65.71,12.33
England 3,2024-25,Exeter City,46.0,15.0,11.0,20.0,56.0,47.8,49.0,65.0,-16.0,26.6,51.5,0.97,0.95,8.0,31.1,13.14,18.6,12.59,1.44,1.28,10.32,59.09,63.3,41.48,41.4,10.19,365.83,80.0,3.72,45.53,60.0,49.6,50.1,67.89,11.05
England 3,2024-25,Wycombe Wanderers,48.0,24.0,13.0,11.0,85.0,84.7,70.0,46.0,24.0,26.4,49.8,1.33,1.4,10.11,36.3,12.65,17.47,16.85,0.87,0.87,7.53,53.78,64.8,56.23,46.3,10.56,333.04,77.1,4.9,52.84,56.6,57.15,53.0,70.78,9.96
England 3,2024-25,Blackpool,46.0,17.0,16.0,13.0,67.0,71.8,72.0,60.0,12.0,26.9,49.6,1.42,1.47,11.08,36.8,14.31,20.86,16.42,1.16,1.19,10.01,58.91,64.6,51.41,45.1,11.51,369.16,80.2,3.64,46.23,61.2,53.39,52.9,66.87,14.01
England 3,2024-25,Wigan Athletic,46.0,13.0,17.0,16.0,56.0,58.4,40.0,42.0,-2.0,25.1,49.4,0.8,0.95,8.43,34.1,12.34,21.01,12.14,1.04,0.84,9.27,59.18,61.3,47.52,42.9,12.33,355.63,80.4,3.42,44.32,59.0,44.94,45.9,59.9,15.5
England 3,2024-25,Charlton Athletic,49.0,27.0,11.0,11.0,92.0,78.8,69.0,43.0,26.0,26.1,48.9,1.28,1.16,9.72,37.7,15.02,19.38,15.72,0.83,0.8,7.99,61.9,66.5,70.54,47.4,8.15,313.06,75.5,4.16,54.41,55.7,55.69,51.4,68.26,11.13
England 3,2024-25,Bristol Rovers,46.0,12.0,7.0,27.0,43.0,45.2,44.0,76.0,-32.0,27.6,47.9,0.86,0.9,7.54,34.1,11.51,16.38,11.86,1.48,1.47,11.43,62.17,67.4,53.35,46.7,10.65,311.94,76.3,2.46,45.75,58.1,49.91,50.3,64.27,10.84
England 3,2024-25,Mansfield Town,46.0,15.0,9.0,22.0,54.0,61.3,60.0,73.0,-13.0,30.6,47.7,1.19,1.26,10.06,32.6,17.9,17.14,17.6,1.3,1.45,10.44,64.94,63.0,50.75,48.2,10.52,369.49,78.4,3.88,54.17,59.1,56.77,53.1,76.1,12.49
England 3,2024-25,Stevenage,46.0,15.0,12.0,19.0,57.0,67.3,42.0,50.0,-8.0,28.8,47.4,0.84,1.0,8.97,33.3,10.28,16.3,12.89,0.89,1.0,7.85,60.6,64.4,56.6,46.0,9.94,295.31,75.2,3.55,57.89,57.4,56.78,50.7,67.18,9.23
England 3,2024-25,Wrexham,46.0,27.0,11.0,8.0,92.0,69.6,67.0,34.0,33.0,28.4,47.4,1.33,1.2,9.74,36.5,16.97,18.12,14.09,0.99,0.68,8.72,62.38,66.2,62.93,51.8,11.53,340.74,77.2,4.81,52.98,58.7,57.93,53.3,71.72,10.79
England 3,2024-25,Rotherham United,46.0,16.0,11.0,19.0,59.0,67.2,54.0,59.0,-5.0,29.4,46.9,1.07,1.32,10.28,35.3,16.26,18.78,14.93,1.19,1.17,10.54,61.05,65.3,63.65,45.5,9.91,292.55,75.7,3.16,48.86,63.1,50.11,57.1,68.26,9.51
England 3,2024-25,Lincoln City,46.0,16.0,13.0,17.0,61.0,69.5,64.0,56.0,8.0,26.5,45.2,1.27,1.16,8.95,38.1,14.3,17.61,15.69,0.94,1.11,8.28,61.25,65.7,55.01,45.1,9.65,313.98,75.7,4.54,50.68,57.1,53.98,51.6,67.24,10.74
England 3,2024-25,Northampton Town,46.0,12.0,15.0,19.0,51.0,50.1,48.0,66.0,-18.0,28.6,44.2,0.95,0.91,7.77,38.8,11.84,14.54,12.83,1.21,1.31,10.0,58.37,65.1,61.6,43.0,10.98,270.28,72.3,3.23,47.94,53.3,52.0,48.6,60.35,7.36
England 3,2024-25,Cambridge United,46.0,9.0,11.0,26.0,38.0,58.6,45.0,73.0,-28.0,28.5,44.0,0.89,1.11,8.17,34.0,12.89,15.35,13.96,1.3,1.45,10.95,60.43,63.5,59.46,41.6,11.84,293.4,74.3,2.62,47.8,54.6,51.11,49.7,63.46,7.68
England 3,2024-25,Burton Albion,46.0,11.0,14.0,21.0,47.0,53.5,49.0,66.0,-17.0,25.4,43.5,0.96,0.93,7.6,39.0,12.18,17.72,11.93,1.22,1.3,11.12,64.2,63.5,51.39,42.3,13.61,304.11,75.6,3.89,43.31,55.9,48.95,49.3,65.24,10.89
England 3,2024-25,Shrewsbury Town,46.0,8.0,9.0,29.0,33.0,45.4,41.0,79.0,-38.0,28.5,41.6,0.81,0.96,7.42,33.2,12.73,14.75,11.78,1.56,1.57,10.77,70.31,66.9,59.64,47.3,10.39,269.09,73.6,2.6,43.48,57.1,48.62,51.3,62.04,7.51
England 4,2024-25,Chesterfield,48.0,19.0,13.0,16.0,70.0,76.0,74.0,58.0,16.0,28.5,61.6,1.39,1.39,10.83,35.9,14.68,24.62,18.25,1.04,1.09,7.97,54.02,64.6,41.17,45.4,8.33,443.2,83.0,3.4,61.07,62.7,52.29,47.6,73.35,16.45
England 4,2024-25,Notts County,48.0,20.0,12.0,16.0,72.0,79.0,68.0,51.0,17.0,26.1,61.2,1.29,1.47,11.53,35.5,16.78,24.02,17.59,1.08,0.97,9.45,54.45,61.3,35.95,46.4,9.94,489.41,84.9,3.37,50.97,68.9,40.45,47.8,70.27,19.15
England 4,2024-25,Milton Keynes Dons,46.0,14.0,10.0,22.0,52.0,58.2,52.0,66.0,-14.0,27.5,59.2,1.03,1.02,9.03,38.4,13.46,17.88,14.04,1.14,1.31,9.88,60.44,64.2,47.42,44.7,9.0,473.99,83.5,4.61,57.43,62.9,50.29,47.3,72.91,15.7
England 4,2024-25,Salford City,46.0,18.0,15.0,13.0,69.0,61.9,64.0,54.0,10.0,27.3,53.1,1.26,1.13,10.63,36.1,13.53,24.4,15.0,1.13,1.06,9.55,63.52,64.8,55.9,45.7,6.65,308.16,74.9,3.94,56.84,57.9,57.45,50.9,70.27,12.98
England 4,2024-25,Swindon Town,46.0,15.0,17.0,14.0,62.0,67.9,71.0,63.0,8.0,26.2,52.4,1.4,1.25,10.54,31.0,13.96,16.11,14.77,1.09,1.25,8.78,57.48,64.9,55.61,45.6,9.66,332.05,75.6,4.01,56.4,57.6,56.46,47.7,71.0,9.73
England 4,2024-25,Carlisle United,47.0,10.0,12.0,25.0,42.0,54.5,44.0,73.0,-29.0,28.2,52.1,0.87,1.11,9.34,34.3,14.67,20.45,13.49,1.39,1.4,10.89,62.14,63.0,52.76,46.5,10.78,362.52,78.2,3.22,51.5,60.4,52.48,49.7,70.99,14.16
England 4,2024-25,Doncaster Rovers,46.0,24.0,12.0,10.0,84.0,84.4,73.0,50.0,23.0,27.0,51.3,1.45,1.57,11.98,33.6,15.2,22.69,18.91,0.91,0.99,7.58,62.22,65.1,59.77,48.6,8.75,328.98,75.9,4.75,53.67,58.1,50.27,51.0,71.45,13.07
England 4,2024-25,Crewe Alexandra,46.0,15.0,17.0,14.0,62.0,63.3,49.0,48.0,1.0,25.3,51.0,0.96,1.08,8.61,34.9,14.0,18.95,14.57,1.08,0.94,10.63,61.17,64.0,53.91,41.7,9.25,316.6,76.3,3.26,44.6,52.9,53.23,47.8,63.82,10.9
England 4,2024-25,Colchester United,46.0,16.0,19.0,11.0,67.0,63.2,52.0,47.0,5.0,28.7,50.8,1.01,1.02,9.16,35.2,12.52,20.07,15.25,1.08,0.91,9.22,56.84,62.8,43.6,48.4,9.73,336.55,77.9,3.05,47.61,60.9,48.21,48.2,68.1,13.63
England 4,2024-25,Tranmere Rovers,46.0,12.0,15.0,19.0,51.0,58.6,45.0,65.0,-20.0,29.6,50.5,0.89,1.03,9.99,32.8,14.66,18.41,16.66,1.19,1.26,9.61,62.78,65.7,62.66,45.8,9.14,343.26,76.1,3.75,57.04,59.7,56.76,53.3,73.18,10.52
England 4,2024-25,Bradford City,46.0,22.0,12.0,12.0,78.0,72.9,64.0,45.0,19.0,28.3,50.3,1.26,1.31,9.84,36.2,16.31,15.21,15.39,0.97,0.89,8.13,65.6,65.5,56.61,48.3,8.59,337.67,75.6,3.78,57.38,60.2,60.05,52.8,74.67,11.43
England 4,2024-25,Port Vale,46.0,22.0,14.0,10.0,80.0,67.0,65.0,46.0,19.0,29.2,49.0,1.28,1.14,9.86,35.3,14.48,18.78,14.61,1.03,0.9,8.7,59.12,64.1,61.42,49.9,9.62,326.29,77.0,3.57,49.44,58.3,51.44,53.5,71.1,10.1
England 4,2024-25,Grimsby Town,46.0,20.0,8.0,18.0,68.0,59.3,61.0,67.0,-6.0,26.4,48.7,1.2,1.15,9.36,36.7,11.38,18.76,14.48,1.24,1.31,9.6,64.78,63.4,57.74,47.1,8.47,291.88,73.5,4.04,47.26,55.3,47.57,46.2,64.62,9.66
England 4,2024-25,Gillingham,46.0,14.0,16.0,16.0,58.0,56.1,41.0,46.0,-5.0,27.7,48.7,0.81,0.9,8.82,32.5,15.4,18.9,13.42,1.06,0.91,8.92,63.84,65.5,60.48,44.9,9.53,309.23,75.3,3.36,49.37,57.2,56.78,53.7,68.51,9.15
England 4,2024-25,AFC Wimbledon,49.0,23.0,13.0,13.0,82.0,79.4,59.0,35.0,24.0,27.3,47.7,1.1,1.13,9.76,36.3,13.77,17.18,14.03,0.83,0.65,7.74,62.28,66.1,61.68,45.2,8.6,307.33,74.6,3.49,54.98,57.4,56.42,49.4,67.39,8.58
England 4,2024-25,Fleetwood Town,46.0,15.0,15.0,16.0,60.0,63.4,60.0,60.0,0.0,25.6,47.5,1.18,1.21,9.76,34.7,12.37,18.71,15.1,1.22,1.18,9.24,59.12,65.0,57.65,47.5,11.84,311.98,76.2,3.98,47.94,55.9,50.53,49.6,65.43,12.12
England 4,2024-25,Newport County,46.0,13.0,10.0,23.0,49.0,43.1,52.0,76.0,-24.0,25.8,47.4,1.02,0.95,7.3,36.2,10.27,16.67,9.67,1.61,1.49,13.17,65.03,62.0,54.42,43.4,11.46,320.45,76.6,3.66,42.6,52.5,54.27,48.9,65.36,9.55
England 4,2024-25,Barrow,46.0,15.0,14.0,17.0,59.0,69.9,52.0,50.0,2.0,29.6,47.2,1.03,1.15,9.61,35.2,15.48,21.12,13.57,0.91,0.99,8.15,58.0,65.6,51.87,44.4,11.63,313.68,75.2,3.38,50.59,58.3,52.54,50.3,66.74,11.73
England 4,2024-25,Cheltenham Town,46.0,16.0,12.0,18.0,60.0,50.6,60.0,70.0,-10.0,27.9,46.8,1.18,0.94,8.51,35.3,14.73,22.3,11.49,1.31,1.38,11.24,68.57,65.8,66.73,45.0,8.12,254.65,69.5,3.38,53.15,54.8,55.34,52.4,65.25,10.82
England 4,2024-25,Morecambe,46.0,10.0,6.0,30.0,36.0,46.1,40.0,72.0,-32.0,27.8,44.9,0.8,0.97,8.58,32.8,15.09,15.27,13.01,1.55,1.44,11.91,62.5,63.3,61.8,46.0,10.06,272.25,71.5,3.21,49.89,55.3,54.28,49.3,65.79,8.02
England 4,2024-25,Accrington Stanley,46.0,12.0,14.0,20.0,50.0,55.9,53.0,69.0,-16.0,26.8,43.9,1.05,0.93,8.11,35.1,12.59,13.68,10.08,1.05,1.36,8.6,62.58,64.5,68.37,45.9,8.76,268.75,69.2,3.36,52.16,52.5,54.87,47.4,67.74,7.49
England 4,2024-25,Walsall,49.0,23.0,14.0,12.0,83.0,85.5,79.0,56.0,23.0,25.5,43.7,1.47,1.39,10.8,34.4,15.37,19.53,16.54,0.9,1.04,7.63,56.6,64.1,56.49,43.6,10.58,274.6,70.9,3.99,52.33,54.6,55.02,47.4,67.0,11.44
England 4,2024-25,Harrogate Town,46.0,14.0,11.0,21.0,53.0,50.8,43.0,61.0,-18.0,29.8,43.6,0.86,1.0,8.73,33.9,11.76,17.18,11.8,1.42,1.22,11.98,64.99,65.2,71.26,44.1,10.34,280.23,71.1,2.88,51.15,56.0,58.58,51.4,69.91,8.61
England 4,2024-25,Bromley,46.0,17.0,15.0,14.0,66.0,60.8,64.0,59.0,5.0,28.0,42.3,1.26,1.24,8.86,36.7,13.64,19.03,14.86,1.35,1.16,11.53,59.67,62.6,60.97,47.3,11.74,237.96,69.6,3.4,45.99,56.1,52.41,51.3,59.55,9.55
Finland 1,2024-25,KuPS,27.0,17.0,5.0,5.0,56.0,50.7,46.0,24.0,22.0,25.6,56.3,1.59,1.62,11.19,37.0,18.09,20.78,20.96,0.85,0.83,8.46,57.45,65.1,28.24,43.8,10.4,480.66,86.4,5.35,61.69,77.2,39.91,55.4,77.33,15.95
Finland 1,2024-25,Ilves,27.0,16.0,6.0,5.0,54.0,45.7,56.0,27.0,29.0,27.7,56.3,1.93,1.57,11.9,37.9,11.42,24.19,20.71,1.08,0.93,8.84,66.19,64.8,23.88,47.8,10.68,522.39,87.5,5.33,58.25,76.8,33.34,49.6,71.66,16.1
Finland 1,2024-25,Inter Turku,28.0,12.0,6.0,10.0,41.0,44.1,47.0,35.0,12.0,25.8,55.1,1.54,1.39,11.39,38.3,14.34,27.24,19.33,1.12,1.18,9.19,59.34,61.4,29.02,41.9,10.75,440.78,85.5,4.37,48.45,71.1,38.76,54.7,68.21,16.67
Finland 1,2024-25,HJK,27.0,13.0,6.0,8.0,45.0,41.6,44.0,27.0,17.0,28.1,53.5,1.51,1.44,12.59,33.7,15.46,25.07,19.43,1.09,0.92,9.37,63.45,63.2,30.55,48.3,10.02,425.47,83.9,3.52,53.98,73.9,40.81,56.7,68.83,16.01
Finland 1,2024-25,SJK,29.0,12.0,8.0,9.0,44.0,45.6,50.0,47.0,3.0,24.9,51.8,1.6,1.63,12.78,36.3,18.7,21.62,19.83,1.34,1.51,10.09,60.69,61.5,32.22,47.7,11.12,403.88,84.6,3.17,48.65,74.1,36.93,57.2,69.21,15.69
Finland 1,2024-25,VPS,28.0,11.0,6.0,11.0,39.0,43.1,43.0,46.0,-3.0,27.6,50.4,1.43,1.63,10.76,34.1,15.52,21.58,17.89,1.32,1.53,10.66,65.02,64.1,36.11,49.1,10.26,409.13,83.9,5.26,48.33,65.7,48.2,55.7,68.78,13.86
Finland 1,2024-25,Haka,31.0,11.0,8.0,12.0,45.0,35.6,46.0,50.0,-4.0,25.4,48.3,1.35,1.28,10.44,41.5,16.06,21.41,14.86,1.65,1.49,12.72,65.61,61.5,30.54,45.9,12.15,362.69,82.1,3.31,41.12,67.6,40.51,53.9,67.86,15.65
Finland 1,2024-25,Oulu,27.0,7.0,7.0,13.0,28.0,33.9,32.0,40.0,-8.0,25.3,47.1,1.09,1.14,8.45,39.9,11.86,19.42,14.18,1.48,1.36,10.43,64.61,64.9,36.4,47.5,12.61,376.29,82.1,4.09,41.64,66.0,47.3,54.6,66.9,9.88
Finland 1,2024-25,Gnistan,29.0,11.0,8.0,10.0,40.0,41.7,43.0,45.0,-2.0,29.5,46.6,1.37,1.28,11.4,40.2,15.66,20.28,19.52,1.18,1.46,10.51,72.94,59.7,35.53,44.2,10.57,351.05,79.4,4.62,50.81,61.9,50.4,49.9,65.68,10.89
Finland 1,2024-25,Mariehamn,27.0,7.0,5.0,15.0,26.0,31.7,27.0,44.0,-17.0,26.7,46.5,0.93,1.17,8.9,37.2,14.69,21.59,14.14,1.52,1.52,11.1,63.34,66.0,31.83,45.3,13.31,367.76,80.9,4.28,42.55,63.9,43.76,50.0,64.28,14.17
Finland 1,2024-25,Lahti,27.0,4.0,12.0,11.0,24.0,25.3,31.0,47.0,-16.0,25.9,45.3,1.07,0.94,8.56,33.3,11.89,18.9,11.72,1.61,1.62,12.92,64.3,61.7,28.97,45.9,14.29,337.63,80.2,4.05,39.93,60.2,42.34,50.7,62.06,10.1
Finland 1,2024-25,Ekenäs IF,27.0,4.0,7.0,16.0,19.0,23.9,24.0,57.0,-33.0,27.4,42.4,0.82,0.99,8.29,33.3,10.64,18.7,13.03,1.82,1.94,12.28,64.04,60.9,31.69,40.3,14.86,352.87,81.4,3.24,45.55,63.4,46.91,51.1,62.95,12.35
France 1,2024-25,PSG,34.0,26.0,6.0,2.0,84.0,73.1,92.0,35.0,57.0,25.0,67.5,2.48,2.16,15.96,46.8,14.29,28.52,29.43,0.97,0.94,7.79,57.74,63.9,16.55,51.1,8.27,659.0,90.8,5.71,70.89,84.8,35.93,66.3,77.55,24.69
France 1,2024-25,Olympique Marseille,34.0,20.0,5.0,9.0,65.0,59.7,74.0,47.0,27.0,26.3,63.2,1.98,1.78,12.13,44.5,13.62,22.44,19.02,1.18,1.26,8.01,53.19,62.2,19.42,49.1,11.8,586.27,89.3,5.13,58.77,78.9,31.39,55.7,65.05,16.99
France 1,2024-25,Lille,34.0,17.0,9.0,8.0,60.0,51.9,52.0,36.0,16.0,27.3,57.2,1.38,1.51,10.73,40.6,12.88,19.97,20.24,1.27,0.96,8.5,61.72,62.0,24.8,49.1,9.76,486.67,87.2,4.73,54.25,78.3,35.16,58.3,65.75,18.64
France 1,2024-25,Olympique Lyonnais,34.0,17.0,6.0,11.0,57.0,52.7,65.0,46.0,19.0,28.7,55.9,1.72,1.64,10.88,44.7,15.31,21.38,23.1,1.38,1.21,11.06,61.09,60.1,21.6,40.2,10.42,470.57,86.1,4.51,50.9,76.2,33.42,56.2,68.09,18.59
France 1,2024-25,Monaco,34.0,18.0,7.0,9.0,61.0,66.0,63.0,41.0,22.0,25.7,53.9,1.67,1.9,12.53,39.0,13.06,22.0,22.06,0.97,1.09,8.49,66.11,62.5,28.45,44.5,8.63,435.69,83.9,5.68,55.26,72.4,39.65,52.9,69.51,15.87
France 1,2024-25,Lens,34.0,15.0,7.0,12.0,52.0,49.9,42.0,39.0,3.0,27.1,51.9,1.12,1.49,11.54,34.9,15.88,19.96,19.61,1.33,1.04,9.67,65.94,61.9,29.65,45.7,9.59,447.6,84.4,5.67,51.5,72.5,41.27,58.6,67.89,14.95
France 1,2024-25,Rennes,34.0,13.0,2.0,19.0,41.0,51.7,51.0,50.0,1.0,28.4,51.3,1.35,1.51,10.65,40.4,11.97,21.13,16.96,1.28,1.33,9.32,60.32,62.9,27.58,48.5,11.19,414.19,85.4,3.21,45.0,75.0,34.7,57.5,65.18,17.84
France 1,2024-25,Strasbourg,34.0,16.0,9.0,9.0,57.0,41.5,56.0,44.0,12.0,23.0,50.7,1.49,1.22,9.01,42.5,11.0,20.85,14.03,1.49,1.17,11.24,59.21,64.4,22.82,48.0,13.25,433.26,86.5,3.85,37.24,69.7,31.48,52.9,57.67,15.43
France 1,2024-25,Brest,34.0,15.0,5.0,14.0,50.0,46.7,52.0,59.0,-7.0,29.5,48.3,1.38,1.4,10.19,41.0,12.49,16.19,13.86,1.48,1.56,9.79,63.07,63.3,35.03,47.8,12.23,385.29,84.1,4.55,43.81,69.0,46.67,62.8,61.35,12.04
France 1,2024-25,Nice,34.0,17.0,9.0,8.0,60.0,57.5,66.0,41.0,25.0,28.1,47.2,1.76,1.7,12.01,41.7,14.22,22.02,20.34,1.17,1.09,11.16,62.33,63.5,26.6,48.7,12.21,394.22,84.1,4.95,42.02,69.5,34.8,54.9,59.7,17.15
France 1,2024-25,Montpellier,34.0,4.0,4.0,26.0,16.0,29.7,23.0,79.0,-56.0,27.9,46.1,0.62,1.01,9.45,32.7,14.3,21.53,12.24,1.82,2.14,13.57,64.08,61.5,28.25,42.2,14.1,360.33,82.6,3.9,43.47,69.0,42.14,58.1,60.4,13.79
France 1,2024-25,Saint-Étienne,34.0,8.0,6.0,20.0,30.0,31.6,39.0,77.0,-38.0,27.2,45.7,1.05,1.13,9.29,35.2,9.48,18.28,14.42,2.12,2.08,13.55,69.51,60.8,26.02,44.4,13.47,404.7,84.4,4.86,44.84,70.5,36.87,54.1,62.68,13.28
France 1,2024-25,Toulouse,34.0,11.0,9.0,14.0,42.0,57.2,44.0,43.0,1.0,26.4,45.4,1.18,1.5,9.67,43.1,13.12,20.1,17.72,1.03,1.15,8.55,62.18,61.8,29.23,44.1,14.25,361.02,82.2,5.48,44.2,67.0,37.36,50.8,61.01,14.83
France 1,2024-25,Reims,34.0,8.0,9.0,17.0,33.0,36.9,33.0,47.0,-14.0,25.7,45.1,0.88,1.09,9.59,31.8,13.74,22.23,14.59,1.61,1.26,12.16,59.69,61.4,28.36,39.8,15.14,358.74,83.1,3.94,42.04,67.5,36.74,52.4,58.32,15.45
France 1,2024-25,Auxerre,34.0,11.0,9.0,14.0,42.0,37.0,48.0,51.0,-3.0,27.0,43.9,1.27,1.08,9.55,40.8,11.69,18.62,13.5,1.58,1.35,11.16,61.57,62.0,27.76,45.6,16.02,341.57,81.4,2.84,40.57,63.9,41.79,52.4,59.58,12.73
France 1,2024-25,Le Havre,34.0,10.0,4.0,20.0,34.0,33.9,40.0,71.0,-31.0,28.3,43.8,1.06,1.15,8.4,35.8,15.16,18.56,13.35,1.75,1.89,12.07,63.14,63.8,29.52,47.5,15.55,341.46,82.5,2.26,36.54,68.4,36.57,56.1,57.05,13.43
France 1,2024-25,Angers SCO,34.0,10.0,6.0,18.0,36.0,34.4,32.0,53.0,-21.0,28.7,40.6,0.85,0.99,7.87,32.2,13.02,18.25,11.79,1.64,1.41,11.93,64.33,59.5,25.83,41.1,17.24,344.23,82.4,3.92,36.82,66.7,34.45,51.1,56.17,12.73
France 1,2024-25,Nantes,34.0,8.0,12.0,14.0,36.0,42.6,39.0,52.0,-13.0,27.4,40.1,1.04,1.15,8.56,38.1,13.98,20.78,14.41,1.37,1.39,10.0,62.03,61.5,28.9,44.4,17.05,339.47,82.7,3.61,43.05,66.8,40.8,54.2,56.02,13.05
France 2,2024-25,Paris,34.0,21.0,6.0,7.0,69.0,52.9,55.0,33.0,22.0,28.4,59.5,1.52,1.33,11.14,40.1,15.0,20.07,18.77,1.04,0.91,8.66,64.83,62.9,26.46,43.6,9.27,497.77,87.0,5.51,55.71,73.3,45.18,61.3,76.44,16.59
France 2,2024-25,Metz,35.0,19.0,11.0,5.0,68.0,61.0,65.0,34.0,31.0,27.6,58.7,1.69,1.62,11.03,39.8,15.62,21.4,19.22,1.07,0.88,9.47,54.09,63.1,30.72,45.2,9.99,478.23,86.8,4.93,52.2,74.2,46.13,59.6,71.19,20.31
France 2,2024-25,Dunkerque,36.0,18.0,5.0,13.0,59.0,59.2,48.0,41.0,7.0,27.9,57.2,1.22,1.29,10.32,38.3,13.51,18.53,17.59,0.93,1.04,7.86,52.86,58.9,33.69,41.3,9.65,437.4,84.3,5.22,47.61,66.4,43.02,53.9,64.65,16.0
France 2,2024-25,Lorient,34.0,22.0,5.0,7.0,71.0,67.2,68.0,31.0,37.0,26.1,56.2,1.83,1.72,13.06,40.3,16.37,21.18,19.4,0.8,0.83,6.99,59.39,64.0,31.23,46.6,10.08,451.02,85.3,5.16,53.67,70.8,43.4,57.8,66.94,19.0
France 2,2024-25,Guingamp,35.0,17.0,4.0,14.0,55.0,50.3,57.0,46.0,11.0,28.0,53.4,1.49,1.44,11.13,41.2,14.44,20.69,17.85,1.3,1.2,9.88,57.87,63.4,34.68,52.4,11.26,445.73,85.7,3.2,49.46,74.7,42.6,62.1,71.6,16.39
France 2,2024-25,Red Star,34.0,9.0,11.0,14.0,38.0,39.5,37.0,51.0,-14.0,27.0,52.9,1.0,1.1,8.66,35.8,13.6,19.62,13.79,1.41,1.38,10.52,62.1,63.1,33.63,46.8,13.07,407.28,83.6,3.62,46.04,66.0,45.01,58.4,68.98,14.57
France 2,2024-25,Caen,34.0,5.0,7.0,22.0,22.0,41.8,31.0,58.0,-27.0,26.7,52.5,0.83,1.12,8.81,35.7,17.25,18.92,15.99,1.38,1.56,11.02,60.73,60.7,35.61,47.8,11.45,420.6,84.1,4.89,51.28,70.1,50.2,59.4,70.49,13.38
France 2,2024-25,Bastia,34.0,11.0,15.0,8.0,48.0,59.0,43.0,37.0,6.0,26.6,52.1,1.15,1.47,12.29,38.6,13.18,27.85,15.54,0.95,0.99,7.89,66.65,63.8,38.88,44.3,9.31,358.79,82.1,4.48,48.14,64.1,44.84,55.5,63.52,17.95
France 2,2024-25,Clermont,34.0,7.0,12.0,15.0,33.0,36.7,30.0,46.0,-16.0,26.6,51.2,0.82,1.12,8.8,34.4,14.43,22.54,14.43,1.54,1.24,11.22,59.35,61.5,29.52,42.8,12.08,406.04,83.5,4.67,47.91,67.9,44.75,53.9,66.17,17.02
France 2,2024-25,Ajaccio,34.0,12.0,6.0,16.0,42.0,39.2,30.0,42.0,-12.0,27.2,47.8,0.81,1.0,8.5,34.4,10.12,15.51,11.45,1.34,1.14,10.88,60.23,60.5,40.87,46.8,12.26,329.01,79.1,4.68,46.42,58.5,53.76,56.1,63.18,10.07
France 2,2024-25,Pau,34.0,10.0,12.0,12.0,42.0,51.0,39.0,53.0,-14.0,27.3,47.6,1.05,1.47,11.64,36.0,15.86,19.74,16.83,1.29,1.43,10.49,57.71,62.3,30.28,42.5,13.52,378.47,83.3,3.9,48.03,69.9,44.56,60.9,69.43,15.11
France 2,2024-25,Grenoble,34.0,13.0,7.0,14.0,46.0,37.8,43.0,44.0,-1.0,27.8,45.8,1.16,1.22,9.28,39.1,10.55,19.15,14.36,1.62,1.19,12.2,64.68,62.1,34.49,46.1,13.89,368.95,82.3,5.28,47.2,66.8,47.56,55.6,63.11,11.04
France 2,2024-25,Troyes,34.0,13.0,5.0,16.0,44.0,49.6,36.0,34.0,2.0,26.8,45.6,0.98,1.37,11.37,36.5,11.75,21.88,15.52,1.19,0.92,9.31,53.22,61.7,35.01,44.4,16.57,365.21,84.1,3.66,45.76,70.2,41.44,57.8,62.37,13.49
France 2,2024-25,Amiens SC,34.0,13.0,4.0,17.0,43.0,36.3,38.0,50.0,-12.0,27.6,44.3,1.02,1.09,9.38,41.5,12.6,20.05,12.42,1.49,1.34,12.15,70.38,63.2,29.64,43.4,14.83,336.83,80.2,2.45,39.91,65.7,38.48,51.5,58.58,11.77
France 2,2024-25,Rodez ,34.0,9.0,12.0,13.0,39.0,55.6,56.0,54.0,2.0,25.9,44.0,1.5,1.52,11.6,38.2,19.36,20.06,18.66,1.22,1.45,9.91,68.92,63.2,34.07,43.4,12.41,314.19,76.5,4.11,51.61,61.2,47.47,51.3,66.24,17.75
France 2,2024-25,Martigues,34.0,9.0,5.0,20.0,32.0,26.8,29.0,56.0,-27.0,28.4,43.7,0.78,0.87,7.7,35.9,12.93,15.85,11.45,1.86,1.5,13.6,65.45,62.0,38.63,45.0,14.36,327.68,78.6,3.62,44.99,63.3,50.19,56.8,66.98,11.13
France 2,2024-25,Laval,34.0,14.0,8.0,12.0,50.0,42.8,44.0,38.0,6.0,29.2,43.3,1.19,1.19,8.94,37.9,14.41,15.5,15.01,1.38,1.03,10.7,67.62,61.0,37.71,46.6,15.05,347.1,79.9,3.87,44.54,63.5,46.11,55.9,65.21,12.52
France 2,2024-25,Annecy,34.0,14.0,9.0,11.0,51.0,43.2,42.0,43.0,-1.0,28.4,41.9,1.12,0.98,8.51,40.3,8.51,19.52,13.28,1.18,1.15,9.69,60.02,60.9,48.48,46.8,9.33,301.0,74.5,3.13,46.04,57.4,39.78,46.2,56.7,10.07
Georgia 1,2024-25,Dinamo Batumi,36.0,15.0,10.0,11.0,55.0,47.2,42.0,41.0,1.0,27.4,60.3,1.04,1.03,9.95,31.8,14.84,22.14,14.4,1.13,1.01,9.8,64.2,62.3,25.48,45.6,8.33,465.34,87.0,3.09,52.69,77.2,33.94,57.4,67.24,15.73
Georgia 1,2024-25,Dila,36.0,19.0,11.0,6.0,68.0,65.2,58.0,30.0,28.0,25.3,54.7,1.42,1.38,13.06,35.8,14.23,26.58,15.84,0.89,0.73,7.29,61.39,63.8,27.63,45.2,8.46,350.83,83.2,5.01,47.92,69.9,35.13,50.6,59.78,16.92
Georgia 1,2024-25,Dinamo Tbilisi,36.0,9.0,12.0,15.0,39.0,49.0,33.0,44.0,-11.0,23.6,52.4,0.82,1.03,10.55,32.6,14.06,18.16,13.81,1.01,1.09,9.04,65.26,61.5,31.36,46.1,9.75,371.79,83.0,3.83,47.27,66.7,40.68,56.8,62.1,11.64
Georgia 1,2024-25,Torpedo Kutaisi,36.0,21.0,7.0,8.0,70.0,54.9,58.0,40.0,18.0,30.7,51.6,1.42,1.35,11.54,37.4,12.08,18.36,13.5,1.12,0.98,10.95,52.02,59.4,25.31,51.6,14.07,416.98,86.5,3.46,49.76,74.3,36.24,56.8,62.82,12.23
Georgia 1,2024-25,Iberia 1999,36.0,23.0,6.0,7.0,75.0,63.3,74.0,46.0,28.0,26.7,50.8,1.81,1.68,14.29,36.0,13.8,19.48,15.35,1.07,1.13,9.99,64.52,62.4,28.59,46.4,10.19,366.36,84.1,5.34,50.3,74.8,35.07,54.1,66.38,14.22
Georgia 1,2024-25,Samgurali,36.0,11.0,11.0,14.0,44.0,52.0,51.0,49.0,2.0,27.1,48.5,1.26,1.31,11.12,35.9,11.39,18.81,13.68,1.23,1.21,11.36,66.11,62.7,26.15,43.9,10.94,356.94,83.3,4.14,45.06,69.1,37.22,54.4,60.07,12.84
Georgia 1,2024-25,Gagra,36.0,11.0,5.0,20.0,38.0,39.6,36.0,53.0,-17.0,28.0,47.3,0.9,0.88,9.24,34.6,11.71,16.43,11.71,1.23,1.32,12.66,64.79,64.2,24.74,43.3,14.89,388.41,84.1,3.35,40.37,68.8,41.39,55.7,64.36,11.61
Georgia 1,2024-25,Kolkheti Poti,36.0,9.0,14.0,13.0,41.0,47.4,48.0,58.0,-10.0,25.1,45.5,1.18,1.15,9.96,36.0,9.32,21.44,10.75,1.24,1.42,10.85,59.99,62.5,26.03,44.5,13.16,317.58,83.4,3.51,40.26,68.4,38.65,56.4,54.54,11.61
Georgia 1,2024-25,Samtredia,36.0,5.0,12.0,19.0,27.0,32.3,33.0,61.0,-28.0,26.6,44.7,0.82,0.87,7.23,32.6,9.64,19.21,9.87,1.65,1.52,13.5,63.5,62.3,29.9,42.8,15.12,323.89,81.1,3.11,40.07,62.5,39.05,49.2,56.47,11.61
Georgia 1,2024-25,Telavi,36.0,8.0,10.0,18.0,34.0,44.2,32.0,43.0,-11.0,28.5,44.5,0.78,0.93,8.52,31.0,10.85,17.36,12.78,1.05,1.05,10.19,62.08,62.1,32.42,45.0,13.49,289.64,79.1,3.18,41.56,64.9,41.71,54.5,55.1,9.7
Germany 1,2024-25,Bayern München,34.0,25.0,7.0,2.0,82.0,73.4,99.0,32.0,67.0,29.1,67.1,2.78,2.19,16.71,43.4,15.13,26.72,27.87,0.79,0.87,5.88,45.37,66.6,25.45,50.2,10.03,663.72,90.1,6.47,82.04,84.7,40.25,61.6,83.9,21.46
Germany 1,2024-25,Borussia Dortmund,34.0,17.0,6.0,11.0,57.0,54.7,70.0,51.0,19.0,28.1,59.5,1.94,1.73,12.37,36.8,17.03,24.55,21.11,1.24,1.39,9.62,54.0,63.3,31.2,46.3,10.57,508.49,87.3,4.58,56.14,76.5,40.44,58.5,70.97,17.28
Germany 1,2024-25,Bayer Leverkusen,34.0,19.0,12.0,3.0,69.0,59.4,72.0,43.0,29.0,28.3,58.0,1.93,1.68,12.55,40.0,16.68,19.41,21.45,1.01,1.15,8.2,42.55,62.8,29.28,48.5,12.53,533.08,87.5,5.01,61.53,80.8,37.16,60.4,72.71,16.09
Germany 1,2024-25,Stuttgart,34.0,14.0,8.0,12.0,50.0,58.1,64.0,53.0,11.0,26.5,57.7,1.72,1.82,11.78,41.8,16.4,19.06,21.86,1.26,1.43,9.65,52.73,62.8,31.89,46.5,10.22,484.31,86.5,4.68,55.29,74.3,43.51,58.5,71.88,13.42
Germany 1,2024-25,RB Leipzig,34.0,13.0,12.0,9.0,51.0,41.1,53.0,48.0,5.0,28.1,51.8,1.44,1.4,10.53,38.8,13.04,20.98,17.88,1.78,1.31,12.9,56.5,60.2,33.39,46.5,11.2,453.67,84.0,5.09,52.23,71.9,40.09,52.5,70.41,14.26
Germany 1,2024-25,Mainz 05,34.0,14.0,10.0,10.0,52.0,48.0,55.0,43.0,12.0,28.5,49.8,1.47,1.41,10.4,36.8,14.25,17.49,18.26,1.46,1.15,11.2,52.94,63.4,43.8,44.7,10.0,395.8,80.8,4.14,52.11,64.7,51.39,54.1,70.64,10.86
Germany 1,2024-25,Eintracht Frankfurt,34.0,17.0,9.0,8.0,60.0,57.1,68.0,46.0,22.0,26.1,49.2,1.82,1.78,12.12,38.9,11.88,18.07,19.68,1.4,1.23,11.47,55.66,64.2,30.54,45.4,14.18,420.88,84.4,4.66,47.0,71.0,40.8,55.6,69.79,14.42
Germany 1,2024-25,Freiburg,34.0,16.0,7.0,11.0,55.0,49.8,49.0,53.0,-4.0,28.4,49.1,1.33,1.48,10.35,35.7,13.37,15.46,15.81,1.32,1.44,10.97,53.08,64.2,40.56,44.6,13.29,401.18,83.4,4.73,48.35,68.9,43.27,57.3,64.95,12.8
Germany 1,2024-25,Werder Bremen,34.0,14.0,9.0,11.0,51.0,50.0,54.0,57.0,-3.0,28.6,48.9,1.45,1.46,10.57,36.7,14.4,16.78,18.49,1.37,1.53,11.53,52.69,63.3,31.9,46.9,13.69,422.09,82.6,5.46,45.82,68.6,43.41,52.9,70.3,11.56
Germany 1,2024-25,Hoffenheim,34.0,7.0,11.0,16.0,32.0,37.5,46.0,68.0,-22.0,27.3,48.9,1.25,1.24,11.03,38.1,17.18,18.59,17.96,1.73,1.84,12.38,60.77,64.4,38.74,44.5,12.36,401.78,81.5,4.06,49.8,68.2,46.14,53.7,70.17,11.57
Germany 1,2024-25,Borussia M'gladbach,34.0,13.0,6.0,15.0,45.0,41.1,55.0,57.0,-2.0,27.8,48.6,1.54,1.5,10.4,42.2,14.29,14.99,16.44,1.75,1.54,14.21,56.49,60.5,33.14,49.7,15.71,431.35,83.6,3.97,41.45,69.7,47.6,56.0,70.0,13.12
Germany 1,2024-25,Wolfsburg,34.0,11.0,10.0,13.0,43.0,46.0,56.0,54.0,2.0,24.9,47.4,1.5,1.37,10.81,34.9,11.93,16.8,16.5,1.45,1.44,11.71,53.76,62.3,35.68,45.6,14.1,359.81,81.6,4.15,45.28,69.2,44.29,57.2,64.86,11.82
Germany 1,2024-25,Bochum,34.0,5.0,8.0,21.0,23.0,36.1,32.0,68.0,-36.0,29.2,45.0,0.86,1.18,10.9,33.2,14.46,16.52,14.63,1.75,1.84,12.12,61.04,63.0,48.12,44.9,11.11,332.93,79.1,3.94,44.88,63.4,47.98,57.8,67.93,8.28
Germany 1,2024-25,Augsburg,34.0,11.0,10.0,13.0,43.0,43.1,35.0,51.0,-16.0,28.4,44.8,0.95,1.09,9.92,32.2,13.46,17.16,16.0,1.3,1.38,11.38,49.14,60.6,35.14,49.0,14.22,358.68,81.9,3.08,44.43,68.6,38.41,56.9,65.35,10.24
Germany 1,2024-25,Heidenheim,34.0,8.0,5.0,21.0,29.0,38.5,37.0,64.0,-27.0,28.3,44.2,1.04,1.2,9.98,35.1,12.41,16.42,13.87,1.54,1.71,11.94,65.93,65.0,39.42,44.0,16.47,354.98,80.7,3.03,39.31,61.7,42.79,56.8,65.82,13.39
Germany 1,2024-25,St. Pauli,34.0,8.0,8.0,18.0,32.0,39.9,28.0,41.0,-13.0,28.5,44.1,0.76,1.0,9.49,32.6,13.07,16.22,14.76,1.3,1.11,9.49,55.31,65.2,38.06,39.9,15.59,368.46,81.9,4.04,45.14,65.3,46.14,55.6,64.69,11.53
Germany 1,2024-25,Holstein Kiel,34.0,6.0,7.0,21.0,25.0,32.6,49.0,79.0,-30.0,26.8,43.9,1.31,1.14,9.09,40.6,10.43,13.61,12.73,1.85,2.11,13.59,58.31,61.7,39.32,45.1,13.77,327.99,80.4,4.04,36.03,60.4,41.78,53.7,61.94,8.16
Germany 1,2024-25,Union Berlin,34.0,10.0,11.0,13.0,41.0,41.3,36.0,50.0,-14.0,28.5,40.4,0.97,1.15,10.03,31.5,12.73,15.18,15.31,1.45,1.35,10.46,56.19,61.9,45.67,46.0,15.33,326.3,79.1,3.86,42.87,63.1,43.25,56.2,64.28,8.68
Germany 2,2024-25,Magdeburg,34.0,14.0,11.0,9.0,53.0,48.1,64.0,52.0,12.0,27.6,58.6,1.73,1.49,12.4,38.6,14.16,25.87,20.64,1.48,1.41,11.29,54.95,60.7,31.72,48.0,10.26,440.06,85.3,8.34,54.28,68.8,42.63,52.4,68.47,18.12
Germany 2,2024-25,Hamburger SV,34.0,16.0,11.0,7.0,59.0,54.0,78.0,44.0,34.0,27.6,54.8,2.09,1.76,12.51,42.1,15.65,25.8,20.06,1.47,1.18,11.81,56.65,62.5,31.36,47.0,10.48,429.27,85.9,2.12,43.71,73.0,32.73,51.8,61.97,18.42
Germany 2,2024-25,Schalke 04,34.0,10.0,8.0,16.0,38.0,43.1,52.0,62.0,-10.0,27.2,53.7,1.4,1.4,11.31,33.3,15.72,18.73,17.54,1.62,1.64,11.47,54.19,62.4,38.69,46.9,10.69,407.15,83.4,3.76,47.98,70.1,44.19,58.1,67.27,14.35
Germany 2,2024-25,Hertha BSC,34.0,12.0,8.0,14.0,44.0,50.0,49.0,51.0,-2.0,26.3,53.0,1.32,1.4,11.17,37.7,17.26,23.01,20.2,1.24,1.38,10.06,60.39,64.4,30.34,48.6,10.61,398.46,83.1,3.8,48.49,70.5,38.51,55.2,70.12,15.21
Germany 2,2024-25,Paderborn,34.0,15.0,10.0,9.0,55.0,56.5,56.0,46.0,10.0,26.1,52.3,1.5,1.59,12.47,35.3,17.99,18.64,19.07,1.19,1.23,10.08,57.26,61.5,35.96,45.5,11.45,393.74,83.6,3.46,45.83,70.2,43.5,58.8,69.59,15.69
Germany 2,2024-25,Elversberg,34.0,16.0,10.0,8.0,58.0,51.3,64.0,37.0,27.0,26.2,52.2,1.71,1.39,12.17,35.8,11.69,18.16,17.55,1.15,0.99,10.19,59.51,64.3,31.59,41.6,10.49,388.62,82.8,5.38,44.59,66.3,39.21,54.2,66.22,15.08
Germany 2,2024-25,Köln,34.0,18.0,7.0,9.0,61.0,60.0,53.0,38.0,15.0,26.6,52.0,1.42,1.73,13.7,34.1,16.73,16.17,22.82,1.11,1.02,8.8,58.73,64.1,34.38,49.6,10.75,419.27,83.0,4.59,51.38,68.1,40.71,50.7,70.88,13.68
Germany 2,2024-25,Kaiserslautern,34.0,15.0,8.0,11.0,53.0,46.4,56.0,55.0,1.0,27.9,51.3,1.5,1.54,12.19,40.2,12.89,16.53,15.08,1.57,1.47,11.41,60.9,63.7,34.67,45.6,11.11,381.92,83.7,3.43,44.8,68.7,43.81,57.2,64.44,11.52
Germany 2,2024-25,Darmstadt 98,34.0,11.0,9.0,14.0,42.0,55.9,56.0,55.0,1.0,27.1,51.0,1.49,1.55,12.33,37.2,13.13,16.44,17.4,1.17,1.44,10.91,56.59,63.2,31.86,48.2,12.26,393.46,84.4,4.38,48.14,70.5,43.33,61.8,69.91,12.91
Germany 2,2024-25,Nürnberg,34.0,14.0,6.0,14.0,48.0,46.1,60.0,57.0,3.0,24.9,50.7,1.61,1.38,10.17,44.3,9.29,20.08,15.73,1.48,1.53,12.05,63.02,63.1,26.47,44.2,14.23,401.79,84.7,3.44,34.17,68.9,35.27,53.1,62.89,17.42
Germany 2,2024-25,Fortuna Düsseldorf,34.0,14.0,11.0,9.0,53.0,43.1,57.0,52.0,5.0,26.6,50.3,1.54,1.37,10.56,38.9,15.13,17.53,15.32,1.56,1.4,12.75,55.7,62.5,33.82,45.7,15.91,416.97,85.7,3.32,48.21,72.9,38.65,58.3,66.69,12.88
Germany 2,2024-25,Hannover 96,34.0,13.0,12.0,9.0,51.0,49.1,41.0,36.0,5.0,27.5,49.8,1.11,1.48,11.92,30.8,16.06,20.52,17.52,1.37,0.97,11.76,56.69,60.1,35.17,46.1,9.78,344.51,81.6,3.51,47.26,70.6,40.44,57.3,67.16,13.98
Germany 2,2024-25,Ulm,34.0,6.0,12.0,16.0,30.0,41.5,36.0,48.0,-12.0,26.8,46.7,0.96,1.14,10.23,34.3,10.49,19.54,14.56,1.39,1.28,11.81,63.39,63.9,37.08,43.1,11.28,318.61,80.4,2.92,37.45,63.9,37.99,56.4,62.51,12.42
Germany 2,2024-25,Karlsruher SC,34.0,14.0,10.0,10.0,52.0,44.1,57.0,55.0,2.0,28.0,46.5,1.53,1.39,10.69,33.9,16.62,14.29,18.59,1.48,1.48,12.41,55.0,62.5,35.8,47.3,13.1,374.26,82.7,2.07,41.95,66.6,42.86,58.1,67.92,11.25
Germany 2,2024-25,Eintracht Braunschweig,34.0,8.0,11.0,15.0,35.0,38.4,38.0,64.0,-26.0,28.7,46.0,1.02,1.2,10.4,34.3,12.95,17.59,13.49,1.59,1.72,12.84,59.28,61.1,32.6,48.8,13.13,338.82,80.7,2.87,41.88,62.8,44.88,53.9,63.67,10.97
Germany 2,2024-25,Greuther Fürth,34.0,10.0,9.0,15.0,39.0,44.1,45.0,59.0,-14.0,27.7,45.1,1.21,1.38,10.99,31.5,11.92,16.21,16.24,1.51,1.58,11.44,55.7,63.5,27.62,43.3,13.94,353.65,81.8,4.34,44.05,63.4,43.51,51.4,64.28,10.15
Germany 2,2024-25,Preußen Münster,34.0,8.0,12.0,14.0,36.0,49.2,40.0,43.0,-3.0,28.9,44.2,1.07,1.29,10.13,33.1,13.16,17.31,15.46,1.22,1.15,11.39,59.46,62.3,41.45,44.0,12.99,295.64,79.8,3.72,37.11,64.3,45.15,56.7,60.15,10.42
Germany 2,2024-25,Jahn Regensburg,34.0,6.0,7.0,21.0,25.0,28.2,23.0,71.0,-48.0,27.6,40.4,0.62,0.99,9.42,28.9,11.96,20.79,12.02,1.88,1.92,12.31,68.72,60.5,43.99,42.2,11.93,262.87,75.8,3.54,40.23,61.3,42.61,53.0,57.84,9.21
Germany 3,2024-25,Verl,38.0,15.0,12.0,11.0,57.0,56.2,62.0,55.0,7.0,26.6,59.1,1.51,1.34,12.1,38.3,14.2,14.98,16.84,1.14,1.34,8.13,59.45,65.7,34.68,41.9,7.57,503.64,85.1,3.2,50.47,67.0,44.22,54.2,75.75,12.79
Germany 3,2024-25,Arminia Bielefeld,38.0,21.0,9.0,8.0,72.0,67.5,64.0,36.0,28.0,25.1,57.4,1.61,1.7,14.71,31.7,19.13,22.22,19.93,0.98,0.88,9.39,56.46,60.3,44.76,47.2,9.24,394.82,81.0,3.64,51.19,67.1,48.88,58.1,74.94,14.01
Germany 3,2024-25,Dynamo Dresden,38.0,20.0,10.0,8.0,70.0,62.8,71.0,40.0,31.0,26.6,56.3,1.74,1.81,14.04,36.3,20.68,21.07,19.89,1.4,0.98,11.49,57.54,63.0,42.26,47.7,8.39,402.31,81.1,3.72,50.22,65.8,54.36,56.6,76.45,13.11
Germany 3,2024-25,Osnabrück,38.0,13.0,9.0,16.0,48.0,51.8,46.0,55.0,-9.0,26.5,53.1,1.12,1.29,11.12,33.8,16.1,19.86,15.9,1.29,1.34,10.55,59.39,62.5,32.61,46.2,9.25,351.43,80.1,2.44,42.65,64.0,41.16,52.5,65.3,13.58
Germany 3,2024-25,Stuttgart II,38.0,12.0,11.0,15.0,47.0,41.9,49.0,59.0,-10.0,23.2,52.6,1.22,1.1,9.27,39.1,10.39,22.08,13.29,1.62,1.42,12.14,59.7,60.5,30.52,46.6,10.95,406.54,82.8,3.15,48.21,65.2,37.42,49.3,67.79,13.94
Germany 3,2024-25,Viktoria Köln,38.0,18.0,5.0,15.0,59.0,56.6,59.0,48.0,11.0,24.8,52.6,1.44,1.33,9.56,42.7,11.0,21.78,12.54,1.13,1.17,10.22,62.89,62.6,31.59,43.7,10.63,387.95,82.3,4.03,41.83,61.1,42.64,49.4,64.55,15.53
Germany 3,2024-25,Energie Cottbus,38.0,18.0,8.0,12.0,62.0,56.6,64.0,54.0,10.0,28.8,51.0,1.56,1.67,13.19,41.5,16.14,21.73,17.89,1.47,1.31,11.05,63.52,61.0,34.8,42.0,10.38,394.22,80.3,4.31,49.89,67.1,48.16,55.4,73.45,14.41
Germany 3,2024-25,Saarbrücken,38.0,18.0,11.0,9.0,65.0,62.0,59.0,47.0,12.0,27.5,50.8,1.43,1.6,11.93,37.3,16.3,18.83,18.97,1.25,1.14,10.52,61.24,64.7,40.4,45.4,10.17,363.09,80.8,3.01,46.4,65.3,50.31,58.1,71.54,11.51
Germany 3,2024-25,Hansa Rostock,38.0,18.0,6.0,14.0,60.0,54.8,54.0,46.0,8.0,27.4,50.6,1.31,1.28,10.78,37.9,15.16,19.98,16.37,1.18,1.12,11.05,65.86,64.2,39.98,51.7,8.31,358.35,78.4,3.92,48.22,62.7,46.89,52.0,74.36,11.63
Germany 3,2024-25,Erzgebirge Aue,38.0,15.0,5.0,18.0,50.0,42.0,52.0,65.0,-13.0,27.7,50.4,1.31,1.16,9.24,37.2,13.84,16.11,13.96,1.56,1.57,11.92,60.13,61.9,31.62,45.2,12.3,383.91,81.1,3.94,45.81,65.3,49.47,55.6,67.15,11.14
Germany 3,2024-25,Waldhof Mannheim,38.0,11.0,13.0,14.0,46.0,52.4,43.0,45.0,-2.0,28.2,50.0,1.05,1.34,10.49,33.8,17.57,19.65,18.21,1.28,1.08,10.54,60.42,61.3,45.29,46.5,9.45,341.64,78.1,3.67,46.12,61.7,49.3,55.5,69.47,12.32
Germany 3,2024-25,Hannover 96 II,38.0,9.0,10.0,19.0,37.0,45.6,51.0,70.0,-19.0,23.0,48.6,1.28,1.32,11.22,34.5,13.38,25.56,15.9,1.59,1.71,12.48,65.74,62.3,43.04,43.9,8.36,303.83,75.1,2.91,42.41,61.7,41.69,50.4,65.01,14.11
Germany 3,2024-25,Rot-Weiss Essen,38.0,16.0,8.0,14.0,56.0,55.4,55.0,54.0,1.0,27.0,48.4,1.34,1.47,13.35,32.8,13.25,21.07,15.45,1.33,1.32,12.3,58.11,63.6,36.81,47.9,12.46,347.06,80.7,3.51,43.98,66.3,39.79,53.3,65.2,14.37
Germany 3,2024-25,Sandhausen,38.0,9.0,8.0,21.0,35.0,41.0,49.0,69.0,-20.0,28.7,48.3,1.23,1.25,10.73,35.7,14.51,20.44,15.48,1.66,1.68,12.33,64.26,61.7,41.05,45.5,11.25,350.92,80.5,4.33,46.9,65.0,50.38,58.9,69.56,12.91
Germany 3,2024-25,Ingolstadt,38.0,14.0,12.0,12.0,54.0,45.5,72.0,63.0,9.0,26.7,47.3,1.79,1.35,12.1,39.9,13.04,14.11,15.16,1.63,1.49,13.09,59.01,60.7,45.55,45.2,11.31,339.74,79.7,4.18,43.46,62.4,51.27,57.5,69.19,10.13
Germany 3,2024-25,1860 München,38.0,15.0,8.0,15.0,53.0,50.1,57.0,61.0,-4.0,27.8,47.3,1.4,1.25,10.37,41.8,13.65,18.8,14.39,1.3,1.5,10.64,60.46,61.9,39.07,44.0,11.27,343.94,78.4,2.96,47.25,61.5,49.03,53.0,69.13,12.12
Germany 3,2024-25,Wehen Wiesbaden,38.0,15.0,10.0,13.0,55.0,52.2,59.0,60.0,-1.0,27.7,45.5,1.49,1.3,10.24,36.9,13.72,16.74,16.14,1.17,1.49,9.99,67.91,63.5,38.08,48.1,11.94,350.06,78.8,3.48,44.16,65.0,47.41,53.6,72.17,10.59
Germany 3,2024-25,Borussia Dortmund II,38.0,11.0,10.0,17.0,43.0,49.9,53.0,60.0,-7.0,23.1,45.2,1.3,1.5,10.93,41.4,13.13,20.31,15.11,1.71,1.47,14.79,68.73,60.7,40.5,49.7,10.83,336.58,77.7,5.52,47.98,61.7,45.42,51.3,71.23,13.42
Germany 3,2024-25,Alemannia Aachen,38.0,12.0,14.0,12.0,50.0,59.8,44.0,44.0,0.0,27.9,43.2,1.07,1.29,11.13,35.7,13.01,15.64,16.33,0.99,1.07,9.3,58.62,63.9,49.22,45.7,9.68,293.57,74.2,4.1,46.64,59.5,43.63,48.2,63.25,9.03
Germany 3,2024-25,Unterhaching,38.0,4.0,13.0,21.0,25.0,36.1,40.0,72.0,-32.0,27.2,41.9,1.0,1.12,9.25,37.4,12.86,14.37,15.35,1.82,1.78,14.07,64.0,61.7,43.31,44.5,13.5,305.88,76.8,3.16,41.68,58.1,51.91,57.0,66.7,8.53
Greece 1,2024-25,AEK Athens,32.0,16.0,5.0,11.0,53.0,62.6,48.0,28.0,20.0,30.8,63.5,1.37,1.64,14.18,30.4,16.41,23.41,24.64,0.76,0.8,5.66,54.5,63.7,35.5,47.7,6.45,440.28,85.4,4.29,55.99,76.6,41.96,58.0,71.94,18.72
Greece 1,2024-25,Olympiacos Piraeus,32.0,23.0,6.0,3.0,75.0,65.2,58.0,22.0,36.0,27.1,58.4,1.66,1.72,13.14,37.5,24.18,23.87,21.66,0.74,0.63,6.3,60.04,65.1,44.18,51.4,7.54,396.26,80.5,3.41,65.3,68.0,48.85,52.6,69.97,17.63
Greece 1,2024-25,PAOK,32.0,18.0,4.0,10.0,58.0,54.5,62.0,37.0,25.0,30.1,56.7,1.83,1.53,11.11,41.1,14.38,17.59,21.33,1.02,1.03,8.34,50.23,59.4,31.46,49.9,7.92,415.86,83.0,4.89,55.09,68.6,45.01,52.4,65.67,15.91
Greece 1,2024-25,Panathinaikos,32.0,17.0,8.0,7.0,59.0,52.9,42.0,32.0,10.0,29.5,56.3,1.19,1.49,12.2,38.4,13.9,24.34,19.38,1.08,0.91,9.05,58.25,62.7,34.16,43.7,8.87,396.23,84.1,4.65,50.96,73.8,37.25,55.9,62.93,15.92
Greece 1,2024-25,Aris,32.0,16.0,8.0,8.0,56.0,44.4,42.0,32.0,10.0,30.7,53.1,1.23,1.17,10.09,36.9,12.44,16.96,15.34,1.05,0.91,9.36,59.32,60.6,26.84,43.7,11.11,400.78,84.2,3.55,48.61,70.4,45.18,57.4,64.48,14.2
Greece 1,2024-25,Levadiakos,36.0,13.0,11.0,12.0,50.0,49.8,50.0,43.0,7.0,28.2,49.6,1.31,1.14,9.33,33.9,12.26,16.58,12.39,1.07,1.07,9.15,59.49,60.0,35.14,47.2,10.31,355.69,81.1,2.2,44.53,66.3,42.65,52.6,66.6,11.77
Greece 1,2024-25,Volos NFC,36.0,11.0,6.0,19.0,39.0,46.0,36.0,52.0,-16.0,29.9,48.2,0.97,1.08,8.85,36.5,14.67,16.82,11.73,1.08,1.24,10.42,58.56,60.2,32.11,42.3,10.77,336.45,81.0,3.04,41.37,67.5,42.17,56.8,60.18,13.05
Greece 1,2024-25,OFI,32.0,10.0,8.0,14.0,38.0,34.2,40.0,47.0,-7.0,28.9,48.1,1.21,1.11,10.08,34.6,12.54,17.01,11.97,1.51,1.34,12.18,55.37,60.9,28.49,43.7,12.32,337.95,81.7,3.92,39.24,65.4,42.92,55.3,59.38,13.12
Greece 1,2024-25,Panserraikos,36.0,10.0,7.0,19.0,37.0,36.0,40.0,61.0,-21.0,28.6,47.9,1.05,1.02,9.67,37.5,10.12,17.51,12.09,1.63,1.52,12.8,59.72,59.4,25.37,44.6,12.15,362.13,81.9,3.6,46.24,65.7,41.85,52.1,64.4,11.07
Greece 1,2024-25,Atromitos,32.0,12.0,7.0,13.0,43.0,43.1,39.0,37.0,2.0,29.2,46.3,1.15,1.08,9.19,36.4,15.16,16.89,13.48,1.05,1.06,9.14,59.51,60.4,34.48,42.4,10.59,322.64,79.5,3.2,44.21,63.5,41.39,48.6,58.66,10.34
Greece 1,2024-25,Athens Kallithea,36.0,8.0,12.0,16.0,36.0,44.4,36.0,52.0,-16.0,29.6,45.9,0.92,1.22,8.9,35.8,12.93,19.61,13.29,1.4,1.33,11.96,59.7,58.9,33.43,47.6,11.34,316.11,80.0,2.32,38.92,66.7,41.67,55.3,59.68,12.78
Greece 1,2024-25,Asteras Tripolis,32.0,13.0,5.0,14.0,44.0,36.0,35.0,40.0,-5.0,30.2,45.3,1.04,0.97,8.5,37.3,10.78,14.04,11.52,1.34,1.15,11.14,53.16,58.4,33.73,44.1,13.98,332.96,80.6,3.94,43.62,64.9,42.59,52.4,59.76,9.27
Greece 1,2024-25,Panetolikos FC,36.0,13.0,9.0,14.0,48.0,43.1,29.0,31.0,-2.0,27.8,43.9,0.74,0.89,8.15,30.2,9.57,14.04,9.68,1.2,0.79,11.99,58.74,59.4,29.23,44.7,14.84,319.01,81.2,2.9,39.69,62.1,43.93,53.9,57.93,9.24
Greece 1,2024-25,Lamia,36.0,4.0,8.0,24.0,20.0,26.6,21.0,64.0,-43.0,28.3,41.3,0.54,0.63,7.24,29.0,9.47,15.27,8.72,1.55,1.64,11.59,61.37,61.4,32.95,45.3,14.75,299.32,78.7,2.38,40.34,62.5,38.53,51.1,55.97,10.72
Hungary 1,2024-25,Ferencváros,33.0,20.0,9.0,4.0,69.0,68.3,64.0,31.0,33.0,28.6,61.1,1.79,1.83,12.84,39.5,18.08,27.02,22.84,0.8,0.87,8.13,51.68,64.1,39.07,46.1,8.97,474.92,85.3,5.91,61.44,73.3,43.64,62.3,80.02,16.9
Hungary 1,2024-25,MTK,33.0,13.0,7.0,13.0,46.0,50.9,53.0,47.0,6.0,27.0,53.9,1.5,1.49,12.14,38.6,14.37,21.86,16.04,1.3,1.33,10.82,67.78,61.0,35.98,46.5,10.47,441.67,84.5,3.67,47.3,75.1,46.99,65.0,76.25,15.64
Hungary 1,2024-25,Győri ETO,33.0,14.0,11.0,8.0,53.0,45.3,49.0,37.0,12.0,26.5,53.6,1.36,1.35,12.45,36.1,15.11,21.46,19.24,1.33,1.03,9.73,62.8,61.5,41.23,48.5,9.3,378.85,80.2,5.32,50.24,64.1,50.6,56.2,75.17,13.92
Hungary 1,2024-25,Újpest,33.0,9.0,14.0,10.0,41.0,41.2,38.0,44.0,-6.0,28.5,53.2,1.06,1.15,10.37,34.7,12.29,18.0,14.63,1.37,1.23,11.23,60.16,60.5,37.76,44.4,10.12,398.15,82.0,4.46,47.95,68.3,44.36,54.0,71.61,13.79
Hungary 1,2024-25,Debrecen,33.0,9.0,7.0,17.0,34.0,42.7,52.0,59.0,-7.0,29.2,50.6,1.49,1.41,12.33,30.9,16.39,18.05,17.79,1.51,1.66,12.07,62.51,60.0,46.03,43.4,9.19,363.38,79.9,4.32,48.43,66.7,48.03,56.6,70.72,11.76
Hungary 1,2024-25,Puskás FC,33.0,20.0,6.0,7.0,66.0,50.2,58.0,38.0,20.0,29.3,49.0,1.68,1.55,11.52,38.0,14.89,19.36,18.17,1.17,1.1,10.13,70.44,62.8,44.9,46.3,9.63,371.73,80.6,5.05,49.95,64.2,48.85,55.6,72.82,11.0
Hungary 1,2024-25,Fehérvár,33.0,8.0,7.0,18.0,31.0,39.0,34.0,52.0,-18.0,26.6,47.9,0.95,1.13,10.18,36.5,12.61,17.17,14.26,1.44,1.45,11.63,63.35,61.3,40.05,43.7,11.83,341.15,79.9,4.59,43.57,63.6,47.6,53.5,65.02,11.86
Hungary 1,2024-25,Paksi FC,33.0,16.0,9.0,8.0,57.0,50.0,65.0,47.0,18.0,30.1,47.8,1.82,1.71,12.79,37.7,21.29,21.55,20.65,1.47,1.32,11.5,71.09,61.2,51.37,46.5,8.67,366.2,77.2,3.39,58.52,66.1,53.78,56.6,83.21,12.15
Hungary 1,2024-25,Diósgyőr,33.0,11.0,11.0,11.0,44.0,35.1,43.0,51.0,-8.0,28.1,47.6,1.2,1.16,8.69,37.3,15.48,20.29,14.76,1.71,1.43,14.81,64.37,60.1,41.76,43.7,9.82,335.96,78.3,3.66,45.87,63.1,46.12,52.2,69.34,10.68
Hungary 1,2024-25,Kecskeméti TE,33.0,4.0,13.0,16.0,25.0,39.8,31.0,53.0,-22.0,28.1,47.4,0.87,1.14,10.33,31.9,15.93,19.65,16.64,1.45,1.49,11.91,62.44,62.8,41.1,46.0,12.3,369.32,80.8,4.76,51.55,67.0,52.47,57.5,72.1,12.33
Hungary 1,2024-25,Zalaegerszegi TE,33.0,7.0,13.0,13.0,34.0,44.1,35.0,42.0,-7.0,26.8,44.9,0.98,1.1,10.58,33.7,13.83,24.04,16.75,1.13,1.18,9.29,67.89,66.0,38.91,43.9,13.34,335.87,78.7,3.82,50.02,65.9,47.27,54.1,70.11,13.72
Hungary 1,2024-25,Nyíregyháza Spartacus,33.0,9.0,9.0,15.0,36.0,38.8,31.0,52.0,-21.0,27.3,42.3,0.86,1.06,8.88,34.5,14.2,18.18,12.84,1.39,1.45,11.78,64.3,61.6,45.28,50.0,10.81,281.03,74.8,4.2,43.36,57.9,43.72,48.5,58.25,8.21
Iceland 1,2024-25,Víkingur Reykjavík,27.0,18.0,5.0,4.0,59.0,48.9,68.0,33.0,35.0,28.2,60.5,2.33,1.7,13.19,44.2,19.64,22.28,21.8,1.06,1.13,8.47,49.87,65.4,33.35,49.9,9.87,454.66,84.2,4.97,62.0,68.7,47.71,57.0,80.27,16.35
Iceland 1,2024-25,Stjarnan,27.0,12.0,6.0,9.0,42.0,37.2,51.0,43.0,8.0,27.2,56.1,1.73,1.44,11.52,39.8,12.54,23.31,21.2,1.43,1.46,13.62,63.81,64.5,28.03,46.9,8.64,415.52,81.6,6.46,53.37,63.8,41.45,47.9,74.71,15.12
Iceland 1,2024-25,Breidablik,27.0,19.0,5.0,3.0,62.0,49.0,63.0,31.0,32.0,30.5,54.9,2.14,1.87,14.25,36.3,17.14,22.24,20.41,1.18,1.05,10.65,59.22,63.8,37.48,43.5,9.23,413.4,81.9,4.73,55.68,66.0,47.38,52.5,76.43,14.39
Iceland 1,2024-25,KR,27.0,9.0,7.0,11.0,34.0,36.0,56.0,49.0,7.0,26.9,52.8,1.9,1.6,13.75,41.6,19.84,24.07,20.52,1.59,1.66,10.97,63.39,63.8,32.74,48.4,10.07,383.4,79.5,4.2,53.36,66.4,43.07,50.1,71.95,16.15
Iceland 1,2024-25,Valur,27.0,12.0,8.0,7.0,44.0,49.2,66.0,42.0,24.0,31.2,52.5,2.24,2.06,15.9,40.3,16.82,20.65,24.99,1.3,1.42,11.53,55.04,61.9,28.42,47.4,9.46,401.34,81.3,5.43,56.77,66.5,45.88,49.4,71.86,14.79
Iceland 1,2024-25,FH,27.0,9.0,7.0,11.0,34.0,44.3,43.0,50.0,-7.0,25.8,50.5,1.45,1.57,12.79,35.6,17.95,22.34,18.46,1.19,1.69,9.48,59.22,63.9,46.54,47.4,9.07,336.04,77.5,3.61,49.17,61.3,48.76,55.2,69.89,12.96
Iceland 1,2024-25,KA,27.0,10.0,7.0,10.0,37.0,36.4,44.0,48.0,-4.0,30.5,50.0,1.5,1.54,12.88,37.9,18.24,23.36,20.08,1.62,1.64,12.02,63.26,58.5,32.41,44.0,11.81,364.85,79.8,6.39,53.35,62.5,54.34,53.9,74.53,15.06
Iceland 1,2024-25,Fylkir,27.0,5.0,6.0,16.0,21.0,31.4,32.0,60.0,-28.0,26.1,46.0,1.11,1.4,11.84,36.7,15.28,25.32,15.63,1.76,2.08,13.37,67.01,63.1,35.88,38.6,13.09,328.74,79.4,4.03,46.79,63.8,45.36,52.1,68.26,15.42
Iceland 1,2024-25,Fram,27.0,8.0,6.0,13.0,30.0,33.9,38.0,49.0,-11.0,28.1,45.7,1.3,1.2,10.78,35.1,17.23,16.24,17.77,1.38,1.67,11.74,60.93,63.3,35.38,45.7,14.02,339.8,79.2,4.84,48.28,64.0,50.49,52.9,69.6,12.01
Iceland 1,2024-25,ÍA,27.0,11.0,4.0,12.0,37.0,36.5,49.0,47.0,2.0,26.6,45.6,1.66,1.43,11.03,42.0,18.51,15.98,17.09,1.49,1.59,12.69,63.43,60.8,38.08,48.0,12.71,351.91,78.7,3.62,45.19,59.3,51.35,52.7,69.76,10.9
Iceland 1,2024-25,Vestri,27.0,6.0,7.0,14.0,25.0,24.0,32.0,53.0,-21.0,29.7,44.8,1.09,1.0,9.03,34.6,13.07,17.59,13.14,1.82,1.8,13.72,62.13,61.5,35.51,44.4,15.46,324.96,78.7,3.87,43.69,60.2,50.89,54.1,66.54,11.0
Iceland 1,2024-25,HK,27.0,7.0,4.0,16.0,25.0,24.2,34.0,71.0,-37.0,26.6,40.5,1.16,1.1,9.21,40.0,14.77,14.47,13.24,2.1,2.42,17.98,67.38,60.0,44.39,47.6,12.89,275.05,73.8,3.82,45.1,59.6,54.35,54.2,69.87,9.21
Ireland 1,2024-25,Shamrock Rovers,36.0,17.0,10.0,9.0,61.0,65.8,50.0,35.0,15.0,28.8,61.7,1.27,1.54,12.85,36.0,17.46,25.78,20.31,0.85,0.89,7.84,57.53,63.5,38.8,49.9,7.46,466.95,83.5,5.95,59.36,65.5,50.43,50.7,75.29,13.41
Ireland 1,2024-25,Derry City,36.0,14.0,13.0,9.0,55.0,55.5,48.0,31.0,17.0,29.3,55.2,1.22,1.24,11.0,33.8,19.64,23.92,16.61,0.99,0.79,8.1,57.55,63.3,51.89,51.2,9.7,387.46,80.0,5.32,54.26,62.1,57.85,56.0,71.96,12.35
Ireland 1,2024-25,Shelbourne,36.0,17.0,12.0,7.0,63.0,48.5,40.0,27.0,13.0,28.2,53.0,1.01,1.02,9.4,36.5,11.27,20.29,13.16,1.05,0.68,9.93,59.81,60.8,42.27,47.6,10.46,399.06,82.3,4.06,50.23,62.5,51.16,51.4,67.44,11.95
Ireland 1,2024-25,St. Patrick's Ath.,36.0,17.0,8.0,11.0,59.0,57.0,51.0,37.0,14.0,27.0,52.0,1.28,1.29,11.13,36.4,15.42,25.24,14.76,1.0,0.93,10.45,65.72,61.4,43.7,48.1,9.38,358.74,79.4,4.71,49.8,59.7,51.26,49.2,68.87,13.4
Ireland 1,2024-25,Bohemians,36.0,10.0,12.0,14.0,42.0,45.7,39.0,43.0,-4.0,26.9,51.7,0.99,1.13,10.43,32.5,14.84,19.01,14.78,1.31,1.09,10.91,63.04,61.6,51.06,44.1,8.95,348.15,77.7,3.95,51.87,61.4,52.66,50.3,72.23,10.23
Ireland 1,2024-25,Waterford FC,36.0,13.0,6.0,17.0,45.0,40.7,43.0,47.0,-4.0,26.4,50.2,1.09,0.97,8.83,36.0,13.15,20.66,11.98,1.25,1.2,11.19,64.36,63.4,52.3,39.5,9.96,316.7,76.9,3.51,47.8,57.2,51.84,50.3,63.7,9.72
Ireland 1,2024-25,Sligo Rovers,36.0,13.0,10.0,13.0,49.0,37.8,40.0,51.0,-11.0,25.2,48.2,1.02,1.0,8.69,37.0,11.83,20.98,11.09,1.53,1.3,13.08,69.58,63.3,50.8,44.7,8.98,319.8,74.9,5.45,52.74,55.7,53.09,45.1,63.87,10.17
Ireland 1,2024-25,Dundalk,36.0,5.0,11.0,20.0,26.0,42.1,23.0,50.0,-27.0,25.4,47.6,0.58,0.91,9.63,30.1,13.98,22.69,14.18,1.15,1.27,10.24,61.92,63.3,54.55,47.2,10.43,307.35,74.4,4.01,47.59,55.1,49.47,46.9,64.97,10.47
Ireland 1,2024-25,Drogheda United,36.0,7.0,13.0,16.0,34.0,47.0,41.0,58.0,-17.0,26.8,39.7,1.04,1.14,9.29,34.4,11.43,16.56,13.56,1.26,1.47,10.72,60.36,61.4,55.49,43.3,11.7,236.68,69.9,3.45,45.36,54.4,51.35,49.3,59.63,8.38
Ireland 1,2024-25,Galway United,36.0,13.0,13.0,10.0,52.0,53.6,33.0,29.0,4.0,30.9,39.1,0.84,1.15,10.61,29.3,16.75,18.83,15.35,1.02,0.74,9.42,59.2,65.3,68.87,47.5,10.35,232.2,69.1,3.74,48.84,56.7,52.66,53.8,63.2,7.97
Israel 1,2024-25,Beitar Jerusalem,36.0,15.0,9.0,12.0,54.0,57.7,58.0,54.0,4.0,26.6,61.2,1.49,1.48,11.98,34.2,14.13,20.94,19.56,1.14,1.33,8.32,56.48,59.5,24.48,48.5,6.77,418.94,84.7,4.89,52.05,72.4,34.26,52.7,64.27,15.67
Israel 1,2024-25,Hapoel Be'er Sheva,35.0,24.0,7.0,4.0,79.0,67.9,75.0,28.0,47.0,28.6,59.4,1.99,1.88,14.11,40.6,14.59,23.93,23.02,0.89,0.72,6.92,55.7,61.4,24.54,50.4,6.85,404.8,84.4,2.63,50.98,72.4,30.95,54.2,67.14,19.39
Israel 1,2024-25,Maccabi Haifa,36.0,17.0,10.0,9.0,61.0,59.5,67.0,53.0,14.0,28.1,58.1,1.77,1.82,12.81,41.5,13.97,24.74,20.69,1.26,1.3,9.58,58.69,61.5,22.86,48.5,7.48,398.98,84.4,3.63,50.7,75.9,33.61,56.1,64.89,16.2
Israel 1,2024-25,Maccabi Tel Aviv,36.0,23.0,9.0,4.0,78.0,73.1,84.0,37.0,47.0,27.2,57.8,2.17,2.16,14.02,41.1,14.84,23.97,22.27,1.03,0.93,8.66,51.96,58.7,23.33,47.9,8.18,383.38,85.3,4.58,51.59,78.0,34.97,61.2,64.32,19.71
Israel 1,2024-25,Maccabi Bnei Raina,33.0,12.0,5.0,16.0,41.0,45.3,36.0,43.0,-7.0,30.4,50.1,0.98,1.13,9.24,38.2,14.49,16.87,14.79,1.16,1.18,8.48,57.33,61.8,25.89,43.4,10.67,345.81,81.0,4.46,42.81,64.9,51.15,56.0,64.77,10.99
Israel 1,2024-25,Hapoel Jerusalem,33.0,11.0,11.0,11.0,44.0,41.8,47.0,42.0,5.0,24.8,49.0,1.31,1.19,10.33,40.3,10.92,19.22,13.08,1.34,1.17,11.36,56.25,60.5,25.97,42.2,10.73,322.25,82.9,3.03,44.64,69.6,35.78,50.8,56.22,14.42
Israel 1,2024-25,Bnei Sakhnin,32.0,10.0,7.0,15.0,37.0,30.1,27.0,42.0,-15.0,27.6,48.4,0.79,0.77,7.98,33.8,12.91,20.59,11.03,1.41,1.23,10.09,57.85,62.7,29.95,44.2,11.27,321.04,80.4,3.67,44.38,63.8,42.21,53.2,59.67,12.88
Israel 1,2024-25,Hapoel Haifa,36.0,15.0,7.0,14.0,52.0,43.6,51.0,50.0,1.0,29.3,47.6,1.34,1.11,8.96,38.9,9.38,16.95,12.5,1.39,1.26,11.06,60.05,63.0,22.09,44.1,13.23,352.82,83.4,3.22,32.41,69.0,34.56,56.5,58.74,12.66
Israel 1,2024-25,Ashdod,33.0,8.0,11.0,14.0,35.0,42.0,48.0,55.0,-7.0,27.1,47.4,1.32,1.2,9.8,40.2,11.34,20.58,12.66,1.29,1.51,9.96,59.98,63.0,27.6,42.8,11.85,324.15,80.1,3.66,43.31,63.7,38.96,52.5,60.48,13.23
Israel 1,2024-25,Maccabi Netanya,36.0,13.0,6.0,17.0,45.0,44.6,51.0,58.0,-7.0,25.7,47.3,1.29,1.27,10.64,36.4,13.43,17.53,15.81,1.58,1.47,11.78,62.59,61.8,26.27,47.3,11.13,343.33,80.9,2.94,39.01,69.7,41.19,56.4,63.99,13.45
Israel 1,2024-25,Maccabi Petah Tikva,33.0,8.0,9.0,16.0,33.0,43.5,31.0,50.0,-19.0,27.2,45.8,0.86,1.04,8.77,40.6,12.79,14.15,12.76,1.1,1.39,10.58,62.12,60.4,32.26,46.4,10.86,324.26,80.4,3.87,42.06,66.5,39.53,55.0,63.04,11.36
Israel 1,2024-25,Ironi Kiryat Shmona,33.0,11.0,4.0,18.0,37.0,31.1,32.0,52.0,-20.0,27.1,44.1,0.88,0.97,8.67,36.0,10.14,17.46,11.27,1.71,1.41,14.14,57.76,61.5,24.36,44.7,13.08,296.57,80.9,4.01,36.08,63.9,37.07,52.3,53.12,11.3
Israel 1,2024-25,Hapoel Hadera,33.0,5.0,12.0,16.0,27.0,36.3,31.0,57.0,-26.0,30.1,42.2,0.88,1.15,8.56,33.4,10.18,12.53,11.88,1.56,1.59,11.91,59.26,62.7,29.91,47.6,12.54,295.43,78.9,4.71,39.95,64.5,39.75,51.9,57.16,9.75
Israel 1,2024-25,Ironi Tiberias,33.0,8.0,11.0,14.0,35.0,35.8,28.0,45.0,-17.0,28.2,41.3,0.78,0.98,8.39,32.7,10.82,15.31,11.82,1.47,1.25,12.54,59.88,62.6,30.37,46.6,12.7,283.18,78.2,2.74,39.12,61.5,42.38,53.6,56.36,9.8
Israel 2,2024-25,Bnei Yehuda,37.0,15.0,5.0,17.0,50.0,56.0,49.0,51.0,-2.0,28.3,56.8,1.22,1.43,11.44,39.3,16.86,18.55,16.71,1.19,1.24,10.29,62.08,65.0,29.44,47.4,8.87,421.23,84.4,3.48,52.88,73.3,42.56,57.9,68.59,17.1
Israel 2,2024-25,Hapoel Petah Tikva,37.0,27.0,7.0,3.0,88.0,69.0,64.0,20.0,44.0,26.5,56.5,1.62,1.77,11.84,38.9,13.89,21.66,17.74,0.96,0.51,9.01,52.6,63.9,29.07,48.5,10.05,412.27,85.0,5.24,51.62,71.5,42.23,58.0,68.39,16.65
Israel 2,2024-25,Hapoel Tel Aviv,37.0,27.0,7.0,3.0,88.0,73.0,78.0,25.0,53.0,27.4,55.5,1.97,1.73,13.53,39.1,18.3,23.16,20.55,0.78,0.63,8.42,59.28,64.1,24.29,48.4,9.52,428.18,85.0,3.62,51.45,75.9,33.6,56.5,68.99,19.9
Israel 2,2024-25,Hapoel Rishon LeZion,37.0,13.0,7.0,17.0,46.0,52.5,50.0,55.0,-5.0,23.9,55.0,1.24,1.27,10.54,34.7,13.66,19.54,15.91,1.2,1.36,10.34,60.34,64.7,21.72,42.4,11.07,417.0,83.7,3.44,45.72,71.2,41.66,51.7,66.45,18.16
Israel 2,2024-25,Hapoel Ramat Gan,37.0,22.0,5.0,10.0,71.0,56.3,71.0,35.0,36.0,27.2,53.9,1.8,1.47,13.61,33.6,11.92,24.47,15.31,1.21,0.89,9.77,60.07,64.7,22.65,50.6,9.28,397.24,84.3,4.66,47.92,69.7,38.71,55.8,63.18,17.94
Israel 2,2024-25,Hapoel Raanana,37.0,10.0,13.0,14.0,43.0,40.1,40.0,45.0,-5.0,28.9,50.7,1.01,1.02,10.05,34.4,12.85,17.55,12.95,1.48,1.11,10.81,65.81,63.7,30.53,42.0,11.61,399.97,82.5,3.11,51.72,69.2,46.82,56.4,68.99,13.96
Israel 2,2024-25,Hapoel Kfar Shalem,37.0,19.0,6.0,12.0,63.0,53.5,65.0,53.0,12.0,27.3,50.2,1.59,1.42,11.48,39.3,12.19,19.51,15.7,1.31,1.3,9.57,60.26,63.3,25.47,42.2,10.85,376.37,81.5,4.74,49.27,65.4,45.83,49.3,63.65,13.69
Israel 2,2024-25,Maccabi Kabilio Jaffa,37.0,9.0,14.0,14.0,41.0,46.9,44.0,53.0,-9.0,25.9,49.1,1.1,1.05,10.57,37.6,11.79,22.19,13.59,1.19,1.22,11.29,64.91,63.4,26.06,47.4,10.84,324.12,80.3,3.82,45.4,65.3,38.18,51.5,59.87,16.22
Israel 2,2024-25,Hapoel Afula,37.0,4.0,14.0,19.0,26.0,38.5,30.0,61.0,-31.0,24.7,48.4,0.73,0.98,8.61,36.1,16.42,18.94,11.04,1.5,1.49,11.75,62.91,62.3,30.66,46.4,11.57,350.58,81.1,2.99,47.25,68.0,44.17,58.8,66.36,14.09
Israel 2,2024-25,Hapoel Acre,37.0,17.0,4.0,16.0,55.0,47.3,42.0,49.0,-7.0,26.9,47.9,1.04,1.2,10.18,36.7,14.11,20.96,12.92,1.22,1.21,12.48,64.47,62.0,29.41,44.8,12.11,334.79,80.1,3.39,43.05,65.4,47.82,57.0,67.29,13.42
Israel 2,2024-25,Kfar Kasem,37.0,13.0,11.0,13.0,50.0,54.9,35.0,33.0,2.0,26.4,47.8,0.91,1.13,11.09,32.2,15.37,16.54,13.17,0.91,0.83,9.03,63.08,67.0,33.47,44.4,11.78,365.11,80.6,3.23,49.59,62.9,51.44,55.1,65.61,13.02
Israel 2,2024-25,Hapoel Nof HaGalil,37.0,8.0,8.0,21.0,32.0,44.8,36.0,56.0,-20.0,23.8,47.1,0.96,1.12,10.21,33.1,15.38,17.87,12.67,1.22,1.42,10.29,62.67,62.8,35.77,45.2,9.6,321.9,78.6,3.72,49.65,63.0,50.67,55.8,67.36,11.95
Israel 2,2024-25,Hapoel Ramat HaSharon,37.0,14.0,6.0,17.0,48.0,52.1,62.0,71.0,-9.0,26.7,46.4,1.53,1.5,12.09,40.7,13.35,20.83,15.0,1.44,1.72,12.21,67.69,64.6,24.67,46.2,12.82,335.4,79.2,2.71,41.29,65.5,43.53,51.3,64.24,17.16
Israel 2,2024-25,Hapoel Kfar Saba,37.0,12.0,11.0,14.0,47.0,39.1,43.0,49.0,-6.0,26.8,45.6,1.06,1.0,9.72,35.9,11.27,18.81,9.77,1.5,1.21,13.91,60.51,62.2,30.94,48.5,14.7,335.09,81.3,3.77,41.46,64.3,43.35,56.7,60.04,12.87
Israel 2,2024-25,Maccabi Herzliya,37.0,15.0,6.0,16.0,51.0,39.8,46.0,64.0,-18.0,28.1,45.5,1.17,1.13,10.79,37.1,13.05,20.95,13.32,1.59,1.57,12.61,65.63,62.9,27.51,41.7,13.29,336.44,80.8,3.01,46.91,65.0,46.46,56.5,64.97,15.0
Israel 2,2024-25,Hapoel Umm al-Fahm,37.0,5.0,8.0,24.0,23.0,36.7,29.0,64.0,-35.0,27.5,42.9,0.76,0.95,8.48,28.9,11.82,17.69,9.86,1.47,1.57,12.32,60.36,64.5,29.43,41.2,14.69,291.4,78.0,4.07,43.13,61.5,46.24,50.8,59.29,10.46
Italy 1,2024-25,Bologna,38.0,16.0,14.0,8.0,62.0,62.2,57.0,47.0,10.0,27.9,59.1,1.38,1.34,11.12,36.8,15.16,18.89,17.51,0.95,1.14,7.29,59.99,59.8,34.97,45.2,8.12,419.19,85.4,3.68,54.49,72.7,45.07,58.8,68.18,13.44
Italy 1,2024-25,Internazionale,38.0,24.0,9.0,5.0,81.0,72.6,79.0,35.0,44.0,30.5,58.6,1.92,1.86,13.02,34.9,15.01,12.78,21.67,1.06,0.85,8.87,51.6,62.9,30.27,53.9,10.81,504.07,88.8,5.61,50.53,77.8,36.32,63.4,65.0,16.18
Italy 1,2024-25,Juventus,38.0,18.0,16.0,4.0,70.0,65.8,58.0,35.0,23.0,26.6,56.9,1.42,1.43,12.14,36.2,13.09,24.52,18.56,1.02,0.86,8.92,55.9,60.5,28.1,45.4,10.41,480.16,88.8,3.58,48.47,79.3,32.44,60.6,65.12,19.17
Italy 1,2024-25,Lazio,38.0,18.0,11.0,9.0,65.0,67.5,61.0,49.0,12.0,28.1,54.7,1.48,1.56,12.0,39.1,17.2,22.28,20.03,0.99,1.19,8.66,52.82,59.5,29.9,43.1,12.15,426.71,87.1,3.89,50.38,78.2,34.13,59.3,62.21,18.55
Italy 1,2024-25,Milan,38.0,18.0,9.0,11.0,63.0,65.5,61.0,43.0,18.0,26.3,54.1,1.48,1.63,12.62,35.5,12.91,24.1,19.33,1.11,1.04,9.64,53.96,60.8,24.56,49.7,13.8,420.38,87.8,4.75,45.75,76.9,28.07,57.1,59.24,20.61
Italy 1,2024-25,Atalanta,38.0,22.0,8.0,8.0,74.0,69.9,78.0,37.0,41.0,28.3,54.1,1.9,1.86,11.83,38.8,17.04,25.41,22.14,1.12,0.9,9.44,60.93,64.0,31.8,50.0,11.07,467.87,86.1,3.29,56.33,77.4,35.19,57.1,70.83,17.82
Italy 1,2024-25,Como,38.0,13.0,10.0,15.0,49.0,56.3,49.0,52.0,-3.0,26.5,53.9,1.19,1.22,11.49,37.1,12.73,20.25,17.07,1.08,1.26,8.56,60.11,60.8,27.93,45.1,11.29,419.57,85.8,4.32,48.25,72.1,36.47,55.9,64.78,13.19
Italy 1,2024-25,Napoli,38.0,24.0,10.0,4.0,82.0,69.7,59.0,27.0,32.0,29.6,53.5,1.43,1.49,11.45,34.0,13.49,22.01,18.74,0.82,0.65,8.04,53.0,61.3,29.32,49.1,12.03,442.71,87.2,3.32,43.61,77.6,35.06,59.7,66.3,18.04
Italy 1,2024-25,Roma,38.0,20.0,9.0,9.0,69.0,58.6,56.0,35.0,21.0,28.1,52.8,1.37,1.41,11.97,33.5,12.53,19.63,18.28,1.14,0.86,10.18,55.9,61.3,27.56,45.4,12.52,450.54,87.3,4.43,54.02,75.8,38.06,58.3,63.76,15.4
Italy 1,2024-25,Fiorentina,38.0,19.0,8.0,11.0,65.0,56.2,60.0,41.0,19.0,26.3,49.8,1.45,1.37,10.18,41.0,12.22,21.16,14.25,1.19,0.99,10.13,53.81,60.6,29.5,46.1,13.22,380.94,84.9,4.29,42.27,69.3,42.88,55.0,61.98,14.81
Italy 1,2024-25,Udinese,38.0,12.0,8.0,18.0,44.0,46.6,41.0,56.0,-15.0,27.5,49.3,0.99,1.13,9.58,34.4,13.68,19.64,13.44,1.37,1.36,11.03,53.69,60.6,32.09,49.6,12.6,352.46,83.6,3.88,41.57,69.7,40.19,56.7,60.02,14.96
Italy 1,2024-25,Torino,38.0,10.0,14.0,14.0,44.0,43.5,39.0,45.0,-6.0,29.0,48.9,0.95,1.06,8.92,34.9,13.15,15.29,13.01,1.46,1.09,11.33,54.99,58.8,32.97,44.2,12.69,371.28,83.7,4.21,44.1,66.8,37.32,52.2,57.52,13.01
Italy 1,2024-25,Monza,38.0,3.0,9.0,26.0,18.0,30.1,28.0,69.0,-41.0,29.8,47.8,0.68,0.78,7.53,33.4,13.06,16.21,10.49,1.64,1.69,13.06,62.2,61.0,36.01,42.8,13.85,381.81,85.2,2.47,35.6,72.3,42.22,60.7,60.42,11.71
Italy 1,2024-25,Genoa,38.0,10.0,13.0,15.0,43.0,46.3,37.0,49.0,-12.0,28.1,46.1,0.9,1.01,8.36,34.5,12.17,16.12,12.94,1.24,1.19,10.86,64.77,63.2,42.13,44.3,11.62,335.25,82.4,2.67,35.27,67.1,41.47,58.5,60.53,11.03
Italy 1,2024-25,Venezia,38.0,5.0,14.0,19.0,29.0,38.4,32.0,56.0,-24.0,26.9,45.3,0.78,0.99,8.74,33.4,10.78,19.37,12.95,1.58,1.36,12.61,66.68,58.8,32.39,41.8,12.67,322.2,80.9,3.5,39.99,65.9,40.5,54.3,59.41,12.07
Italy 1,2024-25,Lecce,38.0,8.0,10.0,20.0,34.0,36.1,27.0,58.0,-31.0,27.5,45.0,0.66,0.93,10.15,28.9,11.73,17.82,11.82,1.62,1.41,11.85,61.98,63.2,41.13,47.6,12.85,320.09,81.4,3.45,37.34,64.8,41.22,55.1,61.47,12.07
Italy 1,2024-25,Parma,38.0,7.0,15.0,16.0,36.0,43.4,44.0,58.0,-14.0,24.1,44.6,1.07,1.13,9.66,37.4,9.52,19.03,13.35,1.53,1.41,12.38,58.2,60.3,31.54,45.4,15.26,340.16,83.5,3.33,40.93,65.9,34.96,53.5,56.64,12.82
Italy 1,2024-25,Cagliari,38.0,9.0,9.0,20.0,36.0,45.6,40.0,56.0,-16.0,28.2,42.9,0.97,1.08,9.38,31.2,14.37,16.7,13.66,1.37,1.36,11.08,62.63,62.4,36.28,44.2,15.59,339.33,81.6,3.46,40.62,64.7,43.81,57.0,63.07,12.35
Italy 1,2024-25,Empoli,38.0,6.0,13.0,19.0,31.0,36.7,33.0,59.0,-26.0,26.2,41.6,0.81,0.84,8.35,31.9,12.11,15.45,11.67,1.39,1.44,11.59,66.62,61.4,38.1,39.8,12.26,292.75,78.3,3.83,40.67,60.2,46.4,56.4,59.49,9.3
Italy 1,2024-25,Hellas Verona,38.0,10.0,7.0,21.0,37.0,39.4,34.0,66.0,-32.0,26.5,39.1,0.83,0.9,8.47,28.4,10.92,15.27,11.17,1.37,1.62,11.51,67.71,61.6,40.3,44.0,13.55,289.81,79.5,3.63,43.34,63.1,41.58,52.6,56.25,9.45
Italy 2,2024-25,Mantova,38.0,10.0,14.0,14.0,44.0,50.8,47.0,56.0,-9.0,28.8,62.2,1.14,1.25,11.69,32.3,11.64,19.96,14.69,1.37,1.35,11.66,55.86,57.3,29.37,45.4,9.37,453.39,87.8,2.64,40.55,74.9,39.19,62.5,65.85,11.93
Italy 2,2024-25,Cremonese,42.0,18.0,14.0,10.0,68.0,70.6,69.0,48.0,21.0,28.4,58.5,1.52,1.5,12.69,35.3,19.65,21.87,19.34,1.04,1.05,8.67,60.49,60.8,37.04,50.0,7.61,427.41,84.7,4.41,53.24,72.6,43.06,58.7,71.58,14.49
Italy 2,2024-25,Catanzaro,41.0,12.0,20.0,9.0,56.0,47.7,53.0,49.0,4.0,29.9,54.5,1.19,1.0,9.49,33.8,13.5,17.2,14.6,1.33,1.1,11.35,49.77,58.4,28.44,48.2,12.09,404.7,85.3,3.81,45.01,70.5,43.02,57.8,61.16,12.65
Italy 2,2024-25,Juve Stabia,41.0,16.0,13.0,12.0,61.0,56.2,45.0,45.0,0.0,26.1,52.6,1.0,1.12,8.54,35.4,13.95,17.28,13.3,1.11,1.0,9.63,65.58,59.6,45.47,40.4,7.41,325.61,80.7,3.94,42.42,66.1,47.47,57.2,62.82,11.99
Italy 2,2024-25,Salernitana,40.0,11.0,9.0,20.0,42.0,53.1,37.0,51.0,-14.0,27.9,52.3,0.85,1.19,11.08,31.5,15.17,17.78,16.41,1.28,1.17,10.14,58.17,61.1,37.17,45.7,9.15,371.2,83.3,3.95,46.22,70.3,41.72,56.2,62.37,13.49
Italy 2,2024-25,Bari,38.0,10.0,18.0,10.0,48.0,47.6,41.0,40.0,1.0,30.7,50.4,0.98,1.2,11.06,29.9,15.3,20.53,17.51,1.42,0.95,11.87,60.88,60.1,40.97,48.6,10.27,343.99,82.8,3.12,42.01,71.7,36.26,57.9,62.64,12.59
Italy 2,2024-25,Sassuolo,38.0,25.0,7.0,6.0,82.0,60.5,78.0,38.0,40.0,26.6,50.0,1.9,1.49,12.22,41.3,11.83,18.24,18.46,1.12,0.93,10.78,56.18,62.5,34.67,44.9,11.79,426.03,86.0,5.75,50.99,72.7,38.72,54.5,65.76,15.51
Italy 2,2024-25,Spezia,42.0,19.0,16.0,7.0,73.0,79.4,65.0,37.0,28.0,27.2,49.8,1.41,1.83,12.61,33.9,19.03,19.94,20.44,1.04,0.8,9.61,58.8,59.9,47.71,47.8,7.91,312.2,80.2,3.86,45.8,69.4,43.94,60.7,66.11,12.71
Italy 2,2024-25,Carrarese,38.0,11.0,12.0,15.0,45.0,44.0,39.0,49.0,-10.0,26.7,49.5,0.95,1.06,9.81,33.4,15.0,20.93,14.86,1.39,1.19,12.14,58.75,61.1,40.18,48.4,10.67,350.51,80.1,4.05,43.63,64.9,46.81,54.6,65.82,11.97
Italy 2,2024-25,Palermo,39.0,14.0,10.0,15.0,52.0,62.0,52.0,44.0,8.0,27.6,48.7,1.23,1.5,12.51,34.5,16.1,18.68,17.68,1.21,1.04,11.26,56.17,60.8,35.93,47.4,11.66,344.51,82.4,3.38,43.28,70.3,41.01,55.8,62.59,14.92
Italy 2,2024-25,Cosenza,38.0,7.0,13.0,18.0,30.0,44.0,32.0,56.0,-24.0,26.8,48.6,0.77,1.14,11.69,30.3,15.23,20.21,14.06,1.43,1.34,10.8,60.42,59.3,40.11,45.2,10.44,318.5,80.1,3.14,46.84,67.9,40.45,51.6,59.01,12.12
Italy 2,2024-25,Cesena,39.0,14.0,11.0,14.0,53.0,53.1,46.0,48.0,-2.0,26.9,48.5,1.08,1.15,10.15,36.2,12.65,19.04,14.55,1.2,1.12,9.64,59.71,60.2,30.22,40.9,11.64,374.99,83.0,4.12,41.02,67.2,41.59,48.9,60.97,12.77
Italy 2,2024-25,Frosinone,38.0,9.0,16.0,13.0,43.0,48.7,37.0,50.0,-13.0,25.4,48.3,0.9,1.23,10.85,31.5,13.05,21.91,15.08,1.36,1.21,10.73,56.44,61.9,34.84,44.3,12.43,340.29,83.7,2.86,42.54,71.8,39.44,57.1,60.17,15.4
Italy 2,2024-25,Modena,38.0,10.0,15.0,13.0,45.0,50.1,48.0,50.0,-2.0,27.4,48.1,1.16,1.21,10.28,32.9,11.66,16.06,15.87,1.29,1.21,11.17,61.63,64.1,36.43,49.7,13.07,357.65,82.2,2.85,43.1,69.1,41.48,54.7,62.98,13.52
Italy 2,2024-25,Sampdoria,40.0,10.0,17.0,13.0,47.0,51.4,42.0,49.0,-7.0,28.0,48.1,0.96,1.22,10.27,32.9,14.67,17.68,15.13,1.36,1.12,11.59,63.33,59.3,41.38,42.7,9.51,311.66,80.1,3.9,44.6,67.7,42.68,55.4,60.91,11.36
Italy 2,2024-25,Brescia,38.0,9.0,16.0,13.0,39.0,48.8,42.0,48.0,-6.0,27.7,46.9,1.01,1.15,11.23,33.7,15.49,17.18,16.51,1.33,1.16,12.22,67.04,61.4,43.04,44.0,10.86,332.94,81.1,3.08,46.75,67.0,46.17,58.2,67.3,11.45
Italy 2,2024-25,Pisa,37.0,22.0,7.0,8.0,76.0,65.7,61.0,36.0,25.0,25.6,46.0,1.52,1.48,10.91,32.3,15.66,15.84,18.42,0.92,0.9,8.55,60.49,61.9,52.11,50.0,10.42,319.92,79.1,3.01,43.96,65.3,44.35,55.4,61.01,11.49
Italy 2,2024-25,Cittadella,37.0,10.0,9.0,18.0,39.0,40.1,30.0,53.0,-23.0,28.7,45.6,0.75,0.96,9.49,27.7,16.52,17.04,13.81,1.42,1.32,11.85,68.81,60.2,46.85,42.7,9.06,312.93,76.5,3.83,48.76,63.0,50.58,53.3,67.79,11.45
Italy 2,2024-25,Reggiana,38.0,11.0,11.0,16.0,44.0,53.4,42.0,52.0,-10.0,27.7,45.6,1.02,1.23,9.7,35.9,11.85,19.85,14.36,1.17,1.26,11.2,67.39,63.0,41.06,44.9,10.65,318.7,81.0,3.17,37.75,66.8,39.68,53.1,58.01,14.73
Italy 2,2024-25,Südtirol,38.0,12.0,10.0,16.0,46.0,46.2,50.0,57.0,-7.0,29.6,43.6,1.21,1.18,10.05,32.3,14.56,16.88,16.47,1.37,1.38,11.96,65.08,60.4,49.36,46.3,10.05,302.72,78.5,3.75,45.99,64.2,47.91,56.2,62.39,9.18
Italy 3,2024-25,Picerno,38.0,12.0,18.0,8.0,54.0,52.2,48.0,30.0,18.0,27.1,61.7,1.17,1.16,10.56,34.6,12.56,20.17,13.56,1.15,0.73,10.48,57.74,61.4,30.85,48.5,8.62,451.07,84.3,3.05,51.23,70.1,50.64,58.3,72.57,13.24
Italy 3,2024-25,Trento,39.0,14.0,15.0,10.0,57.0,55.5,48.0,44.0,4.0,27.5,58.1,1.14,1.31,12.2,33.1,20.69,24.12,15.72,1.24,1.05,11.01,65.38,62.9,37.15,47.8,7.61,427.93,81.4,4.23,57.06,68.3,53.02,54.6,74.23,16.17
Italy 3,2024-25,Atalanta U23,44.0,19.0,11.0,14.0,68.0,71.7,80.0,60.0,20.0,21.6,57.6,1.69,1.73,11.72,43.3,11.12,22.42,18.82,1.28,1.27,10.49,60.31,60.8,33.39,42.2,8.97,471.61,84.0,3.62,63.23,73.5,40.54,50.6,78.37,18.21
Italy 3,2024-25,Benevento,37.0,15.0,13.0,9.0,58.0,66.6,56.0,40.0,16.0,26.6,56.1,1.4,1.57,13.79,34.1,16.69,23.44,18.69,0.94,1.0,8.87,62.42,60.2,30.53,43.9,7.82,430.59,82.5,5.12,55.39,69.2,48.42,55.1,74.68,14.74
Italy 3,2024-25,Padova,40.0,27.0,8.0,5.0,89.0,74.3,66.0,25.0,41.0,28.5,55.1,1.53,1.54,12.25,35.4,18.93,17.63,17.95,0.79,0.58,8.23,62.23,64.6,42.26,49.2,9.7,452.09,83.5,3.78,54.19,69.0,55.51,59.1,77.31,15.08
Italy 3,2024-25,Potenza,39.0,15.0,14.0,10.0,59.0,56.6,64.0,53.0,11.0,26.0,54.2,1.52,1.33,11.04,37.6,13.0,21.29,13.48,1.13,1.26,10.8,60.02,57.2,26.43,44.7,8.66,387.02,83.0,2.98,45.92,67.1,40.5,51.6,63.85,16.15
Italy 3,2024-25,Torres,40.0,20.0,11.0,9.0,71.0,61.5,58.0,44.0,14.0,29.6,54.0,1.35,1.16,10.94,32.9,19.63,20.69,16.07,0.86,1.02,7.41,63.59,63.8,40.81,47.1,8.38,389.47,79.2,3.95,57.37,62.0,55.97,53.2,75.34,12.63
Italy 3,2024-25,Pescara,47.0,25.0,11.0,11.0,86.0,75.7,71.0,43.0,28.0,26.9,53.7,1.38,1.27,12.21,36.2,17.73,22.77,16.6,0.92,0.84,8.65,67.31,64.0,39.31,47.5,7.11,375.7,78.0,3.41,59.42,63.6,47.38,48.5,72.12,14.57
Italy 3,2024-25,Arezzo,40.0,20.0,7.0,13.0,67.0,60.1,51.0,39.0,12.0,29.2,53.5,1.24,1.17,11.86,35.4,15.04,20.47,13.61,0.84,0.9,8.64,64.33,62.9,40.54,46.9,8.63,357.31,80.2,4.8,51.74,64.5,52.86,57.5,68.17,12.37
Italy 3,2024-25,Ternana,44.0,25.0,11.0,8.0,84.0,78.1,70.0,26.0,44.0,28.3,53.3,1.46,1.27,11.11,37.2,16.0,18.65,15.22,0.69,0.54,7.98,60.1,63.6,34.35,48.9,9.96,418.84,83.9,3.9,48.38,69.4,46.29,56.1,67.32,12.07
Italy 3,2024-25,Avellino,39.0,23.0,11.0,5.0,80.0,71.0,65.0,30.0,35.0,28.6,53.2,1.54,1.37,10.79,38.8,19.1,17.96,16.38,0.76,0.71,9.61,65.08,63.4,34.93,46.1,8.94,387.55,82.2,3.22,52.3,67.9,44.8,56.4,77.43,14.06
Italy 3,2024-25,Triestina,40.0,12.0,10.0,18.0,41.0,55.4,40.0,45.0,-5.0,27.6,53.2,0.93,1.13,11.17,28.7,16.44,20.57,17.6,1.1,1.04,10.1,69.41,62.5,36.03,40.9,8.33,391.13,82.3,5.06,56.27,69.8,41.2,55.4,72.13,12.05
Italy 3,2024-25,Crotone,41.0,18.0,10.0,13.0,64.0,59.7,74.0,56.0,18.0,26.0,53.0,1.66,1.22,11.99,36.2,17.21,19.62,13.97,1.09,1.26,9.54,67.1,63.4,29.83,47.4,10.0,357.39,79.8,4.25,48.61,62.9,44.43,49.0,63.75,14.69
Italy 3,2024-25,Milan Futuro,40.0,8.0,13.0,19.0,37.0,49.2,37.0,59.0,-22.0,21.6,52.8,0.86,1.02,9.47,30.6,13.31,21.61,12.31,1.22,1.37,9.93,63.99,62.1,36.96,46.8,8.95,363.22,81.7,3.29,45.87,66.9,46.49,54.2,65.79,13.82
Italy 3,2024-25,Carpi,38.0,11.0,11.0,16.0,44.0,38.3,41.0,48.0,-7.0,25.6,52.6,1.0,0.97,9.39,33.8,9.04,17.19,12.24,1.51,1.17,14.14,70.74,61.1,40.08,45.1,8.43,389.57,81.4,3.66,48.17,63.6,52.8,50.4,68.21,11.73
Italy 3,2024-25,Gubbio,39.0,13.0,9.0,17.0,48.0,46.1,33.0,45.0,-12.0,26.8,52.5,0.78,0.83,9.45,34.2,12.8,18.09,10.94,1.09,1.07,9.95,59.07,61.0,30.82,48.8,10.22,371.66,80.5,3.87,47.48,60.9,47.55,51.3,65.29,12.01
Italy 3,2024-25,Rimini,40.0,13.0,15.0,12.0,52.0,53.9,49.0,40.0,9.0,25.6,52.2,1.17,1.15,10.43,33.8,17.15,19.84,14.1,1.08,0.91,10.17,69.64,65.5,38.49,45.4,9.42,373.27,80.4,3.95,44.96,62.3,50.85,54.2,69.85,13.41
Italy 3,2024-25,Foggia,39.0,11.0,11.0,17.0,44.0,49.2,42.0,52.0,-10.0,29.2,52.1,0.99,1.07,9.99,35.7,13.88,22.43,12.8,1.25,1.23,10.62,62.07,62.7,32.65,45.3,9.58,372.68,79.6,3.64,51.56,62.7,49.37,51.2,66.06,13.76
Italy 3,2024-25,FeralpiSalò,40.0,22.0,9.0,9.0,75.0,62.7,56.0,34.0,22.0,26.6,51.9,1.3,1.25,12.52,34.6,17.19,23.85,17.38,1.0,0.79,8.7,60.01,63.5,40.56,46.1,10.71,407.54,82.5,2.98,53.68,71.8,41.42,54.6,68.73,14.66
Italy 3,2024-25,Lumezzane,38.0,9.0,15.0,14.0,42.0,44.9,40.0,55.0,-15.0,27.5,51.9,1.01,1.1,10.2,38.2,13.87,20.2,12.73,1.31,1.37,11.03,62.06,62.1,35.46,44.0,11.1,394.12,82.8,3.67,48.59,66.1,54.31,58.4,69.6,13.52
Italy 3,2024-25,GIANA Erminio,44.0,21.0,9.0,14.0,72.0,64.4,54.0,44.0,10.0,26.4,51.8,1.17,1.2,11.6,33.0,13.94,18.09,14.9,1.02,0.96,9.25,70.56,63.7,41.29,43.2,9.58,374.96,81.6,3.71,51.28,66.8,52.97,57.2,69.06,12.16
Italy 3,2024-25,AlbinoLeffe,39.0,16.0,12.0,11.0,60.0,62.0,47.0,41.0,6.0,26.2,51.6,1.13,1.38,10.73,31.0,16.39,21.13,15.59,1.07,0.98,9.41,66.64,65.2,36.99,48.0,9.92,377.03,81.7,2.61,44.58,69.2,45.66,56.9,70.57,14.95
Italy 3,2024-25,Vicenza,42.0,27.0,9.0,6.0,90.0,75.3,63.0,28.0,35.0,29.4,51.4,1.42,1.5,13.61,34.4,18.55,21.7,16.27,0.8,0.63,8.07,58.68,61.1,36.12,47.0,9.14,369.85,81.3,4.51,57.26,69.0,45.97,56.9,69.97,12.75
Italy 3,2024-25,Audace Cerignola,41.0,21.0,13.0,7.0,76.0,74.1,62.0,41.0,21.0,27.8,51.3,1.4,1.6,13.08,35.1,15.81,19.94,17.39,0.9,0.93,8.6,63.98,64.0,34.53,46.7,8.44,382.77,80.8,4.4,53.82,66.8,48.87,55.7,73.11,12.94
Italy 3,2024-25,SPAL,40.0,10.0,11.0,19.0,38.0,53.3,43.0,62.0,-19.0,28.6,51.1,1.0,1.1,11.11,32.9,17.68,19.09,14.53,1.2,1.43,12.27,58.92,61.9,32.75,44.6,11.21,382.31,80.9,3.33,55.61,67.7,50.98,53.7,70.79,12.89
Italy 3,2024-25,Vis Pesaro,44.0,17.0,15.0,12.0,66.0,61.9,53.0,45.0,8.0,26.5,50.8,1.12,1.18,12.27,32.2,12.58,22.91,13.76,1.15,0.95,11.78,63.43,58.7,43.63,45.0,7.34,305.26,78.8,3.18,46.43,65.6,42.83,54.6,61.96,12.79
Italy 3,2024-25,Juventus Next Gen,38.0,14.0,10.0,14.0,52.0,41.5,51.0,47.0,4.0,23.8,50.7,1.28,1.06,8.79,35.0,12.11,19.89,11.66,1.55,1.18,12.66,64.95,61.7,31.92,44.7,10.75,403.35,83.4,2.79,49.7,68.4,43.28,53.2,70.36,12.74
Italy 3,2024-25,Casertana,38.0,9.0,15.0,14.0,42.0,57.3,40.0,39.0,1.0,27.1,50.3,0.98,1.29,10.89,34.5,15.58,19.73,14.55,1.0,0.95,10.11,62.14,60.5,36.11,47.4,9.24,356.92,80.6,4.47,51.1,63.7,48.08,49.7,66.46,11.5
Italy 3,2024-25,Perugia,38.0,11.0,14.0,13.0,47.0,50.3,43.0,41.0,2.0,27.6,50.2,1.05,0.98,10.35,34.2,14.7,21.05,13.19,1.05,1.0,10.72,62.34,65.7,36.8,44.6,9.79,348.43,81.6,2.93,47.27,66.0,45.12,53.3,63.78,13.33
Italy 3,2024-25,Trapani,38.0,14.0,9.0,15.0,51.0,62.8,53.0,42.0,11.0,29.6,50.2,1.29,1.53,11.27,33.7,18.31,21.11,18.01,1.06,1.02,9.47,67.97,64.4,35.3,48.1,8.74,362.24,79.9,3.75,51.15,65.1,45.77,55.3,68.19,13.58
Italy 3,2024-25,Lecco,38.0,10.0,13.0,15.0,43.0,47.1,36.0,47.0,-11.0,29.3,50.1,0.9,1.12,10.09,30.9,15.28,17.56,12.94,1.27,1.15,10.74,63.8,61.3,44.08,45.4,8.9,354.41,79.9,3.65,50.84,63.1,50.89,54.7,65.7,11.31
Italy 3,2024-25,Campobasso,38.0,11.0,10.0,17.0,43.0,58.7,36.0,46.0,-10.0,26.1,50.0,0.87,1.13,10.2,32.2,13.44,19.12,13.03,0.86,1.11,8.7,64.06,64.9,35.46,41.9,10.58,355.7,80.1,4.86,49.0,63.4,48.81,51.9,65.97,12.45
Italy 3,2024-25,Virtus Verona,39.0,15.0,11.0,13.0,56.0,48.1,52.0,44.0,8.0,25.1,49.5,1.24,1.21,10.19,41.7,11.57,23.65,13.19,1.46,1.05,13.41,66.07,65.0,36.15,48.4,13.11,395.1,81.9,4.63,47.55,66.6,44.59,52.8,67.91,14.58
Italy 3,2024-25,Pineto,39.0,15.0,12.0,12.0,57.0,46.6,46.0,50.0,-4.0,27.8,49.4,1.09,0.9,8.96,37.4,11.96,15.76,10.1,1.14,1.18,11.06,66.62,62.7,37.13,48.5,10.7,332.56,79.5,3.07,46.64,61.9,49.28,56.2,66.15,10.52
Italy 3,2024-25,Messina,39.0,9.0,12.0,18.0,35.0,44.8,36.0,56.0,-20.0,31.1,49.1,0.85,1.07,10.58,31.0,13.19,18.61,11.97,1.38,1.32,10.74,68.44,61.6,33.46,47.7,9.23,338.4,78.1,6.67,51.95,61.9,50.09,52.2,65.38,11.57
Italy 3,2024-25,Union Clodiense Chioggia,38.0,4.0,9.0,25.0,21.0,40.4,34.0,67.0,-33.0,26.0,48.7,0.83,0.98,9.48,30.0,16.42,19.11,11.34,1.44,1.64,11.27,55.13,62.4,45.72,46.0,11.94,365.88,80.5,3.04,51.29,65.6,50.04,54.8,66.92,12.23
Italy 3,2024-25,Cavese,37.0,12.0,11.0,14.0,47.0,56.7,40.0,42.0,-2.0,24.8,48.5,1.0,1.24,11.77,35.2,13.84,18.23,14.44,1.06,1.05,10.05,65.66,62.4,37.33,44.1,9.4,332.52,78.7,3.74,46.01,62.9,50.87,55.1,65.86,11.9
Italy 3,2024-25,Giugliano,39.0,15.0,7.0,17.0,52.0,51.5,59.0,60.0,-1.0,25.1,48.3,1.42,1.25,10.78,35.6,13.09,22.67,12.27,1.23,1.45,11.12,68.75,60.4,28.75,45.9,10.18,335.62,80.7,3.26,49.24,66.6,48.57,57.6,64.05,13.36
Italy 3,2024-25,Pro Patria,40.0,7.0,16.0,17.0,37.0,59.8,33.0,45.0,-12.0,26.4,48.2,0.77,1.19,9.86,33.6,14.49,18.83,13.59,1.0,1.04,9.83,70.73,64.5,51.69,41.1,9.04,329.88,75.9,5.38,51.37,60.6,58.81,52.9,68.69,10.57
Italy 3,2024-25,Sorrento,38.0,11.0,10.0,17.0,43.0,50.1,36.0,51.0,-15.0,25.7,48.1,0.89,1.14,11.76,33.1,12.38,22.86,12.72,1.2,1.26,11.59,66.28,61.9,34.18,45.5,10.34,331.3,79.9,3.64,44.57,64.3,47.37,54.9,64.5,12.08
Italy 3,2024-25,Pianese,40.0,16.0,8.0,16.0,56.0,53.8,50.0,50.0,0.0,26.2,47.9,1.19,1.18,10.37,33.0,13.71,17.55,12.83,1.14,1.09,11.6,63.17,61.3,37.67,44.0,9.58,318.51,76.2,3.27,49.93,58.1,50.55,46.6,66.4,10.44
Italy 3,2024-25,Latina,38.0,11.0,8.0,19.0,41.0,39.2,33.0,61.0,-28.0,27.3,47.8,0.8,0.84,9.1,29.9,13.14,17.2,11.68,1.4,1.48,10.63,62.41,60.0,27.35,48.8,12.14,346.13,80.6,2.63,43.41,67.2,42.09,55.5,63.43,11.68
Italy 3,2024-25,Monopoli,39.0,18.0,12.0,9.0,66.0,52.6,47.0,31.0,16.0,27.0,47.6,1.12,1.0,8.81,33.4,13.78,18.03,11.45,1.02,0.74,10.05,60.59,62.1,31.02,45.0,11.18,345.96,79.9,2.95,44.25,61.9,47.79,56.4,65.44,10.38
Italy 3,2024-25,Lucchese,40.0,11.0,15.0,14.0,42.0,51.4,49.0,66.0,-17.0,30.9,47.5,1.14,1.17,12.43,31.8,12.57,21.0,12.06,1.34,1.54,11.1,67.98,62.5,33.36,49.0,9.88,310.27,76.3,4.31,47.98,55.8,54.85,49.6,65.67,13.29
Italy 3,2024-25,Virtus Entella,40.0,24.0,15.0,1.0,87.0,71.7,63.0,25.0,38.0,27.9,47.5,1.47,1.25,10.63,35.7,17.46,19.32,15.38,0.67,0.58,7.04,59.98,63.5,39.25,47.1,11.18,328.23,77.1,2.61,46.48,58.3,48.88,51.5,65.38,12.47
Italy 3,2024-25,Calcio Caldiero Terme,40.0,8.0,11.0,21.0,35.0,45.2,39.0,64.0,-25.0,27.1,47.3,0.91,0.98,9.26,29.4,13.67,18.47,11.91,1.36,1.49,11.98,63.58,63.8,44.37,49.6,11.65,337.51,78.6,4.0,48.7,63.5,56.47,57.6,70.79,10.14
Italy 3,2024-25,Alcione Milano,38.0,13.0,8.0,17.0,47.0,39.4,33.0,37.0,-4.0,26.3,47.3,0.86,0.9,7.91,38.4,11.1,16.0,10.14,1.28,0.91,12.42,68.68,61.4,41.65,48.6,11.98,350.56,79.6,3.27,41.6,57.2,45.83,51.6,63.99,8.64
Italy 3,2024-25,Ascoli,38.0,9.0,13.0,16.0,40.0,55.8,37.0,46.0,-9.0,25.9,46.8,0.9,1.17,10.16,33.5,14.59,19.16,12.54,1.02,1.12,9.0,64.86,64.4,37.05,43.2,10.5,323.34,77.5,3.67,48.94,60.6,50.01,49.2,64.69,10.7
Italy 3,2024-25,Novara,38.0,14.0,12.0,12.0,52.0,46.9,42.0,39.0,3.0,26.0,46.6,1.03,0.98,9.18,35.6,13.33,20.5,11.62,1.2,0.96,11.08,61.91,61.8,36.25,47.5,13.87,353.93,80.8,3.39,49.09,65.1,46.14,55.3,63.63,12.84
Italy 3,2024-25,Turris,29.0,3.0,8.0,18.0,6.0,22.1,17.0,55.0,-38.0,29.3,46.3,0.55,0.75,8.99,29.4,11.5,17.88,10.38,1.83,1.77,12.99,67.93,63.9,33.03,37.8,13.58,343.08,80.4,4.35,46.56,65.3,54.65,57.0,62.8,10.76
Italy 3,2024-25,Pro Vercelli,40.0,10.0,10.0,20.0,40.0,43.9,31.0,52.0,-21.0,27.4,45.9,0.73,0.74,8.72,33.7,15.68,16.49,11.61,1.02,1.23,9.67,66.66,64.7,49.82,46.7,10.08,298.14,77.1,3.06,47.03,58.5,52.05,54.7,61.43,10.14
Italy 3,2024-25,Team Altamura,37.0,11.0,11.0,15.0,44.0,43.3,43.0,50.0,-7.0,26.3,45.0,1.08,1.1,9.93,36.3,14.06,20.59,12.88,1.28,1.25,11.78,67.99,63.3,39.32,44.0,11.45,334.74,79.4,3.6,45.0,64.5,45.65,54.7,62.91,13.38
Italy 3,2024-25,Catania,40.0,18.0,13.0,9.0,66.0,70.2,61.0,40.0,21.0,29.5,44.6,1.41,1.43,10.36,33.6,15.64,19.54,14.88,0.92,0.92,9.06,66.34,62.1,34.51,50.7,9.73,319.27,77.6,3.34,49.2,62.9,44.26,51.7,62.64,10.59
Italy 3,2024-25,Legnago Salus,38.0,6.0,11.0,21.0,29.0,35.3,30.0,63.0,-33.0,26.4,44.3,0.74,0.8,8.18,30.3,10.84,15.43,10.42,1.41,1.55,12.9,72.48,63.2,43.03,44.2,9.63,290.69,74.9,3.51,43.87,57.0,51.29,51.1,62.47,8.06
Italy 3,2024-25,Sestri Levante,40.0,7.0,13.0,20.0,34.0,39.4,36.0,56.0,-20.0,26.2,44.3,0.83,0.81,7.98,37.5,12.48,16.0,10.53,1.33,1.3,12.36,67.83,62.7,41.7,43.7,12.33,322.83,77.9,3.69,43.39,58.5,48.51,52.9,62.24,10.37
Italy 3,2024-25,Pergolettese,38.0,11.0,9.0,18.0,42.0,44.4,36.0,49.0,-13.0,26.6,44.1,0.91,1.02,8.43,33.7,14.41,15.65,11.77,1.25,1.18,10.31,65.98,64.4,43.77,47.0,11.51,309.72,78.8,3.24,42.28,61.9,50.61,59.1,61.85,9.36
Italy 3,2024-25,Arzignano Valchiampo,39.0,15.0,9.0,15.0,54.0,51.3,45.0,46.0,-1.0,25.7,44.0,1.08,1.01,10.57,33.3,16.89,16.25,14.45,1.13,1.1,10.45,69.54,65.2,40.52,41.3,12.47,341.96,77.7,5.32,53.63,61.4,50.58,50.6,65.63,12.15
Italy 3,2024-25,Renate,40.0,18.0,7.0,15.0,61.0,43.6,36.0,38.0,-2.0,27.6,44.0,0.84,0.9,8.47,36.6,14.67,18.45,11.26,1.36,0.89,12.45,71.55,60.8,42.82,42.7,10.76,309.11,76.2,3.13,46.76,60.7,52.89,54.8,66.98,10.7
Italy 3,2024-25,Pontedera,39.0,13.0,10.0,16.0,49.0,50.0,55.0,55.0,0.0,24.9,43.5,1.31,1.16,9.9,39.7,13.28,15.85,13.26,1.3,1.31,12.43,66.17,61.9,42.87,46.6,13.15,310.35,77.5,3.93,46.2,58.0,57.91,53.6,65.65,9.09
Italy 3,2024-25,Taranto,28.0,3.0,4.0,21.0,13.0,14.0,13.0,73.0,-60.0,30.8,37.4,0.43,0.43,4.85,29.7,8.7,13.78,5.99,2.11,2.44,15.52,67.42,61.5,39.18,38.9,19.08,254.74,76.0,2.17,33.83,56.4,43.49,50.1,50.49,7.06
Japan 1,2024-25,Yokohama F. Marinos,38.0,15.0,7.0,16.0,52.0,57.5,61.0,62.0,-1.0,30.0,58.5,1.42,1.58,12.5,33.3,14.57,20.71,19.01,1.32,1.44,13.03,48.71,58.4,27.95,45.2,9.44,464.48,85.9,5.42,57.53,72.9,34.0,48.5,71.47,12.2
Japan 1,2024-25,Albirex Niigata,38.0,10.0,12.0,16.0,42.0,48.6,44.0,59.0,-15.0,29.2,57.7,1.04,1.15,10.84,33.9,13.09,21.15,16.81,1.27,1.4,10.43,52.49,62.5,31.46,42.5,12.66,508.73,87.8,4.67,50.69,73.3,39.12,56.4,67.26,12.21
Japan 1,2024-25,Urawa Reds,38.0,12.0,12.0,14.0,48.0,53.9,49.0,45.0,4.0,30.0,56.3,1.16,1.28,11.01,37.6,11.89,19.09,16.67,1.22,1.07,10.42,53.46,63.5,33.63,43.6,11.5,462.84,85.8,5.66,51.39,69.1,42.75,48.8,65.75,12.41
Japan 1,2024-25,Kawasaki Frontale,38.0,13.0,13.0,12.0,52.0,56.8,66.0,57.0,9.0,29.0,55.9,1.54,1.6,12.03,37.3,15.02,20.41,21.11,1.41,1.33,10.79,53.97,62.5,31.88,42.9,10.15,440.31,85.6,4.81,51.63,74.2,37.67,51.6,67.93,11.56
Japan 1,2024-25,Consadole Sapporo,38.0,9.0,10.0,19.0,37.0,38.4,43.0,66.0,-23.0,30.2,53.8,1.01,1.01,9.54,31.5,12.0,20.22,15.88,1.6,1.55,11.72,57.94,62.1,37.77,47.3,9.78,425.95,83.0,5.78,54.37,65.5,51.95,53.5,70.46,12.94
Japan 1,2024-25,Cerezo Osaka,38.0,13.0,13.0,12.0,52.0,55.1,43.0,48.0,-5.0,30.0,52.6,1.01,1.32,11.24,30.4,12.48,21.57,16.18,1.23,1.12,10.44,48.78,64.4,37.59,43.4,10.6,387.17,82.9,5.06,52.88,65.8,44.66,50.1,64.22,10.3
Japan 1,2024-25,Gamba Osaka,38.0,18.0,12.0,8.0,66.0,53.4,49.0,35.0,14.0,29.2,52.0,1.15,1.24,10.24,37.8,12.1,19.73,15.88,1.15,0.82,10.81,55.84,60.7,34.39,44.5,12.22,390.89,84.2,4.3,49.85,70.0,38.2,50.2,63.85,12.78
Japan 1,2024-25,Shonan Bellmare,38.0,12.0,9.0,17.0,45.0,54.9,53.0,58.0,-5.0,30.0,51.8,1.25,1.32,10.58,34.9,11.38,18.63,16.74,1.26,1.36,11.05,60.02,62.4,36.5,42.8,9.05,371.85,82.7,4.19,48.85,67.1,41.48,53.0,65.24,10.44
Japan 1,2024-25,Vissel Kobe,38.0,21.0,9.0,8.0,72.0,70.3,61.0,36.0,25.0,30.8,50.8,1.42,1.46,11.49,35.6,18.31,18.4,18.26,0.82,0.84,8.73,49.02,64.3,55.3,47.3,9.81,330.9,79.8,3.29,49.95,67.4,48.34,60.4,68.61,8.64
Japan 1,2024-25,Sanfrecce Hiroshima,38.0,19.0,11.0,8.0,68.0,71.7,72.0,43.0,29.0,29.2,50.0,1.7,1.78,15.2,33.3,18.63,18.54,21.76,0.98,1.02,8.77,59.38,60.7,45.47,47.9,9.28,367.59,79.7,4.94,55.1,65.4,47.51,51.7,70.4,9.79
Japan 1,2024-25,Kashima Antlers,38.0,18.0,11.0,9.0,65.0,56.1,60.0,41.0,19.0,28.7,49.2,1.42,1.25,11.04,33.3,12.77,18.86,17.1,1.16,0.97,9.83,51.98,59.8,39.37,47.1,11.54,346.45,81.2,5.19,47.12,66.3,44.85,54.8,67.71,10.52
Japan 1,2024-25,Sagan Tosu,38.0,10.0,5.0,23.0,35.0,41.4,48.0,68.0,-20.0,30.5,48.8,1.12,1.17,9.92,38.4,13.38,17.4,13.4,1.66,1.59,13.19,54.08,60.7,37.81,44.7,12.49,381.76,82.3,4.88,44.88,63.8,40.31,44.7,62.61,9.57
Japan 1,2024-25,Tokyo,38.0,15.0,9.0,14.0,54.0,48.9,53.0,51.0,2.0,29.2,48.1,1.24,1.11,9.21,35.0,12.34,18.65,13.51,1.2,1.19,12.06,54.89,61.5,36.82,43.6,10.91,357.55,82.0,4.23,42.55,66.3,34.48,47.9,60.83,9.79
Japan 1,2024-25,Kashiwa Reysol,38.0,9.0,14.0,15.0,41.0,55.3,39.0,51.0,-12.0,27.5,47.2,0.91,1.26,11.6,33.7,14.99,19.58,19.18,1.13,1.19,9.19,51.5,63.2,39.76,48.7,12.48,330.16,79.9,5.03,49.26,65.0,42.29,53.3,65.28,9.31
Japan 1,2024-25,Kyoto Sanga,38.0,12.0,11.0,15.0,47.0,44.5,43.0,55.0,-12.0,27.2,46.5,0.99,1.15,10.86,33.5,14.64,17.96,15.19,1.45,1.27,12.2,56.04,59.9,46.64,42.1,8.95,264.49,74.6,4.66,44.17,59.4,40.99,47.8,54.71,8.41
Japan 1,2024-25,Nagoya Grampus,38.0,15.0,5.0,18.0,50.0,48.2,44.0,47.0,-3.0,30.9,45.5,1.03,1.12,8.89,35.7,12.63,12.77,13.83,1.23,1.11,10.7,53.83,61.7,46.23,46.6,12.58,324.84,80.0,4.56,47.2,66.5,41.77,53.8,63.64,7.01
Japan 1,2024-25,Tokyo Verdy,38.0,14.0,14.0,10.0,56.0,50.6,51.0,51.0,0.0,27.6,45.4,1.2,1.06,9.8,38.9,11.34,16.78,14.02,1.11,1.2,9.97,57.01,62.2,40.89,47.0,13.54,341.15,81.5,4.17,45.39,64.3,43.34,49.9,59.39,8.58
Japan 1,2024-25,Machida Zelvia,38.0,19.0,9.0,10.0,66.0,60.2,54.0,34.0,20.0,27.7,44.6,1.27,1.19,10.36,28.5,15.19,17.6,17.32,0.9,0.8,8.95,54.56,58.4,48.89,47.0,10.85,270.33,77.0,3.8,46.9,64.5,44.16,54.4,61.99,9.33
Japan 1,2024-25,Júbilo Iwata,38.0,10.0,8.0,20.0,38.0,38.3,47.0,68.0,-21.0,29.9,41.9,1.09,1.05,9.16,31.8,14.45,15.22,13.13,1.69,1.57,12.37,57.3,62.3,49.83,43.9,13.01,291.64,79.0,3.24,36.26,63.0,43.31,55.3,59.48,7.33
Japan 1,2024-25,Avispa Fukuoka,38.0,12.0,14.0,12.0,50.0,44.6,33.0,38.0,-5.0,29.8,40.6,0.78,0.79,9.33,32.1,12.99,16.78,11.81,1.07,0.9,10.04,59.65,61.2,45.95,49.2,11.46,281.01,76.9,3.28,43.29,63.9,43.83,54.4,59.13,10.44
Japan 2,2024-25,Roasso Kumamoto,38.0,13.0,7.0,18.0,46.0,52.1,53.0,62.0,-9.0,28.0,55.9,1.28,1.18,11.22,34.3,16.83,21.89,16.09,1.19,1.49,10.55,57.27,67.2,42.31,38.1,9.77,478.2,84.8,6.12,60.52,69.2,38.51,41.5,70.32,11.46
Japan 2,2024-25,Montedio Yamagata,39.0,20.0,6.0,13.0,66.0,53.4,55.0,39.0,16.0,28.6,55.2,1.29,1.22,10.44,34.6,14.91,17.54,17.17,1.23,0.91,12.05,53.86,61.1,38.5,47.1,12.17,414.33,83.5,5.39,52.36,67.5,44.72,51.9,69.79,10.41
Japan 2,2024-25,Shimizu S-Pulse,38.0,26.0,4.0,8.0,82.0,67.2,68.0,38.0,30.0,30.0,54.3,1.62,1.46,13.08,36.1,13.44,21.89,18.63,0.93,0.91,9.22,48.1,63.7,35.78,48.0,12.68,458.19,86.1,3.81,51.43,73.3,36.66,52.0,67.7,12.67
Japan 2,2024-25,Fujieda MYFC,38.0,14.0,4.0,20.0,46.0,37.2,38.0,57.0,-19.0,27.1,53.1,0.91,0.95,10.22,28.6,13.02,17.24,12.67,1.58,1.36,13.1,53.15,60.9,41.9,42.1,11.03,381.05,82.0,4.45,51.93,64.4,42.31,48.7,65.41,11.76
Japan 2,2024-25,V-Varen Nagasaki,39.0,21.0,12.0,6.0,75.0,64.2,75.0,43.0,32.0,29.1,52.9,1.75,1.51,11.94,37.6,11.99,22.99,17.34,1.14,1.0,11.03,52.04,64.6,33.77,47.1,14.16,390.23,85.0,4.56,47.08,70.5,40.4,52.7,65.42,14.27
Japan 2,2024-25,JEF United,38.0,19.0,4.0,15.0,61.0,59.3,67.0,48.0,19.0,28.4,52.2,1.59,1.39,12.5,36.2,16.51,18.13,17.39,1.06,1.14,9.75,55.83,62.5,41.74,48.9,10.03,361.45,80.7,5.36,52.58,66.5,45.82,50.1,69.17,10.06
Japan 2,2024-25,Tokushima Vortis,38.0,16.0,7.0,15.0,55.0,55.7,42.0,44.0,-2.0,28.7,51.8,1.01,1.13,10.13,30.7,12.28,18.48,13.6,1.03,1.05,9.82,56.31,62.2,39.55,42.5,10.93,400.97,84.6,4.09,41.59,63.4,40.8,51.6,61.27,10.18
Japan 2,2024-25,Oita Trinita,38.0,10.0,13.0,15.0,43.0,45.7,33.0,47.0,-14.0,28.0,51.8,0.79,0.99,9.21,26.7,14.15,15.1,14.48,1.21,1.12,10.88,52.19,62.1,48.71,48.5,9.44,350.08,81.4,3.29,47.21,65.8,40.12,49.9,62.57,8.04
Japan 2,2024-25,Yokohama,38.0,22.0,10.0,6.0,76.0,66.2,60.0,27.0,33.0,29.7,51.8,1.44,1.36,12.79,31.3,20.38,18.12,19.06,0.78,0.65,7.54,48.53,66.2,43.44,48.6,10.93,396.22,81.8,5.33,55.39,67.2,47.78,53.2,73.87,9.48
Japan 2,2024-25,Iwaki,38.0,15.0,9.0,14.0,54.0,54.0,53.0,41.0,12.0,25.7,51.4,1.28,1.14,11.36,32.4,13.86,15.23,15.04,1.07,0.99,9.45,62.86,64.3,59.23,46.5,7.23,333.18,77.0,4.62,55.45,61.6,50.74,51.1,70.34,7.46
Japan 2,2024-25,Kagoshima United,38.0,7.0,9.0,22.0,30.0,43.5,35.0,59.0,-24.0,28.7,49.8,0.84,0.91,9.18,32.8,14.57,18.26,15.61,1.29,1.42,11.49,59.41,60.4,47.25,44.4,10.58,341.31,80.4,6.24,51.61,62.7,47.08,49.7,62.88,7.97
Japan 2,2024-25,Vegalta Sendai,40.0,19.0,10.0,11.0,67.0,56.2,54.0,47.0,7.0,28.3,49.7,1.23,1.24,10.51,36.8,13.74,18.59,14.38,1.16,1.07,10.38,57.5,63.1,48.79,43.5,11.5,361.39,81.6,4.23,51.84,66.9,46.47,53.9,67.15,9.94
Japan 2,2024-25,Renofa Yamaguchi,38.0,15.0,8.0,15.0,53.0,56.1,43.0,44.0,-1.0,28.9,48.4,1.02,1.09,10.62,30.3,16.83,19.26,14.9,0.97,1.05,8.62,55.07,64.4,67.45,42.3,8.99,288.74,76.9,3.52,49.71,62.1,50.43,51.6,63.48,7.38
Japan 2,2024-25,Ventforet Kofu,38.0,12.0,9.0,17.0,45.0,58.2,54.0,57.0,-3.0,30.2,48.2,1.29,1.33,11.44,32.4,13.57,19.56,16.05,1.09,1.36,10.32,51.38,62.9,40.2,44.4,13.74,366.5,83.3,5.37,45.91,64.2,39.7,51.5,61.22,11.63
Japan 2,2024-25,Mito Hollyhock,38.0,11.0,11.0,16.0,44.0,55.0,39.0,51.0,-12.0,26.2,47.6,0.94,1.21,10.32,31.6,13.41,16.53,13.94,1.11,1.22,11.18,54.03,63.9,49.55,45.0,11.17,326.89,79.9,3.74,46.64,64.8,45.54,51.1,61.88,8.25
Japan 2,2024-25,Thespa Gunma,38.0,3.0,9.0,26.0,18.0,33.1,24.0,62.0,-38.0,28.4,47.0,0.58,0.72,7.91,28.9,13.4,17.06,11.6,1.44,1.49,12.61,49.22,61.5,43.16,44.9,13.83,348.55,82.6,3.56,41.57,64.6,37.91,47.8,56.66,7.75
Japan 2,2024-25,Tochigi SC,38.0,7.0,13.0,18.0,34.0,42.9,33.0,57.0,-24.0,27.7,45.7,0.79,0.99,9.43,27.3,13.42,14.6,12.58,1.38,1.37,11.04,56.08,63.4,56.9,46.6,11.17,314.89,78.3,4.07,49.94,63.6,45.45,52.5,63.8,7.48
Japan 2,2024-25,Fagiano Okayama,40.0,19.0,14.0,7.0,71.0,64.2,53.0,29.0,24.0,29.0,45.6,1.21,1.38,11.04,34.9,15.08,19.51,17.84,1.01,0.66,9.74,56.18,62.6,51.18,46.0,9.9,313.04,78.1,3.65,51.28,66.6,43.43,51.4,65.17,8.51
Japan 2,2024-25,Ehime,38.0,10.0,10.0,18.0,40.0,32.6,41.0,69.0,-28.0,27.3,44.7,0.98,0.92,9.4,29.7,12.4,14.22,12.12,1.7,1.65,14.77,57.7,62.4,53.55,44.5,11.04,300.34,77.3,2.89,45.49,62.3,39.62,48.5,62.0,7.47
Japan 2,2024-25,Blaublitz Akita,38.0,15.0,9.0,14.0,54.0,57.8,36.0,35.0,1.0,30.9,39.6,0.86,1.25,10.87,25.3,15.7,14.53,15.77,1.04,0.84,10.2,52.92,62.6,74.04,49.0,9.39,203.87,67.9,2.6,45.18,63.2,45.04,55.1,57.75,4.16
Kazakhstan 1,2024-25,Astana,24.0,14.0,4.0,6.0,46.0,42.9,39.0,19.0,20.0,29.8,59.7,1.49,1.51,11.8,37.9,13.9,24.94,17.84,0.8,0.73,9.59,55.73,63.5,33.43,44.9,9.51,431.85,84.8,4.13,55.35,69.6,42.63,53.8,66.89,17.04
Kazakhstan 1,2024-25,Tobol,24.0,11.0,6.0,7.0,39.0,37.8,33.0,23.0,10.0,30.1,56.0,1.26,1.22,10.98,34.5,11.47,25.21,16.06,0.94,0.88,8.03,63.76,64.4,30.91,46.9,8.17,371.9,82.1,4.25,51.98,69.2,44.33,54.8,65.14,15.38
Kazakhstan 1,2024-25,Ordabasy,24.0,12.0,6.0,6.0,42.0,34.1,36.0,24.0,12.0,31.3,55.7,1.38,1.12,12.56,30.9,13.64,17.75,14.25,1.03,0.92,10.33,62.3,61.8,43.29,50.1,8.07,403.44,82.7,3.99,56.39,70.0,48.13,55.1,72.83,12.41
Kazakhstan 1,2024-25,Aktobe,24.0,12.0,7.0,5.0,43.0,38.8,39.0,26.0,13.0,30.0,54.9,1.49,1.27,10.94,40.4,12.97,24.33,13.39,0.96,0.99,10.87,59.19,60.3,37.87,47.7,8.46,364.23,81.8,5.15,49.42,69.8,46.11,54.7,65.33,14.57
Kazakhstan 1,2024-25,Yelimay Semey,24.0,10.0,7.0,7.0,37.0,41.0,35.0,32.0,3.0,29.9,54.1,1.33,1.37,14.0,28.7,17.57,19.2,17.8,0.91,1.21,7.55,62.23,64.3,46.52,44.0,7.23,339.17,79.3,3.72,54.98,65.1,50.2,55.6,69.4,11.69
Kazakhstan 1,2024-25,Kyzyl-Zhar,24.0,8.0,5.0,11.0,29.0,29.6,29.0,26.0,3.0,30.3,51.4,1.11,0.96,10.28,31.6,13.11,23.77,14.25,1.17,0.99,10.74,61.83,62.4,40.13,47.3,8.86,323.46,79.7,3.17,47.66,67.7,48.65,55.6,64.17,14.06
Kazakhstan 1,2024-25,Zhetysu,24.0,5.0,8.0,11.0,23.0,24.0,17.0,33.0,-16.0,27.4,49.6,0.65,0.74,8.05,30.3,8.77,16.97,8.28,1.21,1.26,10.68,64.03,62.2,43.17,43.2,10.13,336.43,80.6,4.84,46.6,61.5,54.04,56.7,65.14,8.47
Kazakhstan 1,2024-25,Kairat,24.0,14.0,5.0,5.0,47.0,43.0,39.0,21.0,18.0,30.4,49.6,1.48,1.42,14.9,34.4,11.22,25.32,14.9,0.87,0.8,8.72,59.37,60.7,44.92,48.3,8.76,302.0,78.4,4.28,46.86,64.2,42.19,51.6,61.49,12.89
Kazakhstan 1,2024-25,Atyrau,24.0,9.0,8.0,7.0,35.0,37.9,28.0,20.0,8.0,31.2,47.8,1.06,1.23,10.13,30.6,10.63,24.2,12.03,0.91,0.76,9.42,62.21,63.6,40.12,49.3,11.92,304.98,78.5,3.4,45.68,67.1,46.02,56.9,61.41,13.92
Kazakhstan 1,2024-25,Shakhtyor Karagandy,24.0,2.0,4.0,18.0,10.0,23.0,12.0,45.0,-33.0,28.5,45.9,0.46,0.76,8.31,33.5,10.68,16.06,10.26,1.35,1.72,11.86,67.65,61.2,42.94,43.2,10.43,306.0,78.0,2.97,44.08,62.6,41.45,51.3,59.91,8.92
Kazakhstan 1,2024-25,Zhenys,24.0,6.0,6.0,12.0,24.0,28.1,18.0,32.0,-14.0,28.4,45.0,0.69,0.87,8.45,28.6,9.45,15.93,10.83,1.17,1.23,11.83,64.31,61.4,39.39,47.9,14.16,329.24,79.6,3.15,41.35,62.0,42.62,45.6,57.67,10.56
Kazakhstan 1,2024-25,Turan Turkistan,24.0,5.0,5.0,14.0,20.0,16.7,16.0,39.0,-23.0,29.8,41.5,0.61,0.66,7.65,30.3,10.05,18.46,9.25,1.68,1.48,14.51,65.33,60.0,33.35,40.8,12.46,274.34,76.7,3.58,38.41,58.6,43.82,51.0,56.73,9.37
Kazakhstan 1,2024-25,Kaisar,24.0,9.0,7.0,8.0,34.0,30.3,28.0,29.0,-1.0,30.2,38.3,1.07,1.13,8.71,39.0,10.96,14.05,11.8,1.27,1.11,12.72,62.93,60.4,50.44,43.6,10.9,236.7,74.3,5.15,41.39,56.5,50.48,54.8,57.01,6.38
Korea 1,2024-25,Gwangju,38.0,14.0,5.0,19.0,47.0,54.8,42.0,49.0,-7.0,28.0,58.0,0.98,1.19,10.1,34.9,13.27,24.69,15.6,1.11,1.14,9.3,51.6,63.3,28.24,44.7,10.58,424.4,86.8,4.29,48.75,77.4,28.26,56.4,63.63,18.79
Korea 1,2024-25,Ulsan Hyundai,38.0,21.0,9.0,8.0,72.0,55.1,62.0,40.0,22.0,31.2,54.5,1.45,1.38,10.81,41.9,14.56,16.46,17.7,1.2,0.94,10.2,55.74,63.7,27.58,44.6,10.97,463.58,86.1,4.53,51.99,74.7,38.57,57.5,68.52,15.27
Korea 1,2024-25,Pohang Steelers,38.0,14.0,11.0,13.0,53.0,50.7,53.0,50.0,3.0,29.5,53.2,1.24,1.1,9.86,35.5,13.78,18.02,14.64,1.19,1.17,10.94,56.6,66.1,29.1,46.9,12.46,438.13,86.1,5.61,49.28,70.6,42.92,57.3,64.65,13.47
Korea 1,2024-25,Seoul,38.0,16.0,10.0,12.0,58.0,56.4,55.0,42.0,13.0,30.6,51.9,1.28,1.23,9.46,39.6,12.51,17.76,14.2,1.01,0.98,9.46,55.76,67.5,31.43,45.3,11.34,431.13,85.6,3.11,48.23,74.3,38.4,55.6,63.62,12.69
Korea 1,2024-25,Suwon,38.0,15.0,8.0,15.0,53.0,52.8,54.0,57.0,-3.0,29.9,49.9,1.27,1.22,11.38,35.3,13.24,21.64,17.07,1.18,1.34,9.74,58.25,63.9,30.17,45.7,12.57,417.57,85.7,4.68,53.69,75.4,40.45,57.6,70.34,12.23
Korea 1,2024-25,Gimcheon Sangmu,38.0,18.0,9.0,11.0,63.0,58.1,55.0,41.0,14.0,32.6,49.8,1.3,1.31,11.95,33.1,14.99,21.36,17.16,1.09,0.97,9.03,63.03,64.8,31.71,42.0,11.84,401.39,83.5,3.39,49.48,75.5,38.47,59.7,66.36,16.57
Korea 1,2024-25,Gangwon,38.0,19.0,7.0,12.0,64.0,57.5,62.0,56.0,6.0,27.0,49.1,1.45,1.29,10.29,38.4,10.2,20.0,13.83,1.07,1.31,8.8,55.84,63.6,28.89,45.7,14.09,399.84,86.1,3.51,43.16,72.2,35.42,55.0,61.69,14.08
Korea 1,2024-25,Jeonbuk Motors,38.0,10.0,12.0,16.0,42.0,49.2,49.0,59.0,-10.0,28.5,48.8,1.13,1.18,9.53,30.8,13.99,17.47,15.42,1.33,1.36,10.94,58.35,63.0,31.07,47.6,13.0,402.15,85.0,3.95,45.84,70.5,38.8,56.5,60.2,11.08
Korea 1,2024-25,Incheon United,38.0,9.0,12.0,17.0,39.0,51.4,38.0,49.0,-11.0,31.0,47.4,0.88,1.12,9.91,32.2,13.98,18.43,14.08,1.19,1.14,9.91,58.1,64.4,32.6,47.3,14.47,411.17,84.1,4.05,48.3,69.8,40.04,55.5,64.34,13.24
Korea 1,2024-25,Daejeon Citizen,38.0,12.0,12.0,14.0,48.0,46.5,43.0,47.0,-4.0,27.2,46.3,1.0,0.99,8.02,38.1,10.42,17.19,12.71,1.29,1.1,11.94,62.69,63.8,36.24,45.5,14.22,365.92,83.2,3.85,41.63,69.7,40.04,56.1,60.68,10.26
Korea 1,2024-25,Jeju SK,38.0,15.0,4.0,19.0,49.0,45.9,38.0,54.0,-16.0,30.0,45.9,0.89,1.1,10.69,35.4,12.05,20.05,13.34,1.33,1.26,11.49,61.36,63.9,34.55,46.2,11.41,362.9,82.7,3.86,43.58,67.5,37.83,54.5,61.81,9.9
Korea 1,2024-25,Daegu,38.0,9.0,13.0,16.0,40.0,48.7,45.0,52.0,-7.0,28.7,44.5,1.05,1.16,10.96,33.5,13.54,22.11,12.63,1.29,1.22,11.17,63.51,65.0,31.53,45.6,13.48,348.57,82.4,3.02,41.6,70.6,38.07,57.5,64.51,13.12
Korea 2,2024-25,Suwon Bluewings,36.0,15.0,11.0,10.0,56.0,60.0,46.0,35.0,11.0,27.3,54.7,1.12,1.32,12.8,33.6,13.78,20.52,16.95,0.95,0.86,9.85,59.36,64.7,39.38,47.3,9.43,411.03,84.6,4.54,53.26,71.0,39.67,56.8,67.72,14.68
Korea 2,2024-25,Busan I'Park,37.0,16.0,9.0,12.0,57.0,57.1,55.0,45.0,10.0,29.8,53.0,1.32,1.32,11.66,39.3,13.08,19.8,14.09,1.04,1.06,9.82,61.58,65.4,36.14,45.6,11.75,441.0,84.8,3.96,56.3,71.6,41.26,53.9,71.62,13.39
Korea 2,2024-25,Jeonnam Dragons,38.0,16.0,11.0,11.0,59.0,51.6,63.0,52.0,11.0,29.6,52.8,1.46,1.17,9.9,36.3,13.57,20.67,11.92,1.2,1.21,10.88,58.76,62.1,37.55,43.5,12.98,383.85,82.9,5.01,53.79,69.8,46.11,57.8,70.12,12.99
Korea 2,2024-25,Chungbuk Cheongju,36.0,8.0,16.0,12.0,40.0,44.9,32.0,42.0,-10.0,29.5,52.6,0.79,0.96,8.44,39.9,10.26,19.78,12.2,1.05,1.03,8.73,64.32,65.7,41.91,44.5,9.23,405.46,83.7,3.98,48.19,66.5,48.68,56.5,65.55,9.37
Korea 2,2024-25,Seoul E-Land,37.0,17.0,8.0,12.0,59.0,61.7,64.0,47.0,17.0,27.4,50.9,1.53,1.38,11.83,40.7,14.11,22.13,16.36,0.97,1.13,9.2,55.17,63.3,33.61,47.8,11.67,409.35,83.8,4.1,55.15,71.1,41.42,54.5,67.55,13.3
Korea 2,2024-25,Gyeongnam,36.0,6.0,15.0,15.0,33.0,47.1,45.0,62.0,-17.0,28.2,50.6,1.11,1.19,10.45,37.2,13.47,18.71,14.03,1.3,1.53,10.97,56.96,61.7,40.42,44.5,10.92,367.52,82.5,4.16,47.85,68.9,40.37,56.5,61.11,12.62
Korea 2,2024-25,Chungnam Asan,36.0,17.0,9.0,10.0,60.0,55.7,60.0,44.0,16.0,28.6,50.5,1.46,1.25,10.34,36.3,12.9,20.14,14.8,1.03,1.07,8.53,51.63,63.4,39.56,47.3,11.8,368.43,82.8,4.66,50.53,69.8,42.15,54.2,65.26,13.68
Korea 2,2024-25,Seongnam,36.0,5.0,11.0,20.0,26.0,40.0,34.0,66.0,-32.0,29.4,50.4,0.84,0.95,8.54,38.0,14.7,19.67,11.75,1.3,1.63,10.83,56.54,64.3,31.52,43.2,13.83,402.62,83.7,3.92,48.88,69.2,40.51,54.8,63.97,10.86
Korea 2,2024-25,Ansan Greeners,36.0,9.0,10.0,17.0,37.0,39.3,35.0,48.0,-13.0,28.1,49.8,0.86,0.79,8.28,39.9,11.63,17.62,9.91,1.13,1.18,10.1,58.26,66.2,35.04,43.6,13.26,422.32,83.9,2.81,48.5,67.2,40.93,52.6,66.83,10.82
Korea 2,2024-25,Cheonan City,36.0,11.0,10.0,15.0,43.0,37.7,48.0,57.0,-9.0,31.1,49.4,1.16,0.99,9.0,39.4,11.67,17.3,11.11,1.46,1.38,12.04,58.84,62.4,42.29,47.8,12.23,350.27,81.5,3.4,43.27,66.0,40.5,54.9,64.13,9.68
Korea 2,2024-25,Anyang,36.0,18.0,9.0,9.0,63.0,51.9,51.0,36.0,15.0,30.7,47.3,1.24,1.03,10.08,39.0,11.74,18.42,13.85,0.93,0.87,9.55,57.81,65.8,37.3,46.7,11.79,361.65,82.4,3.81,47.62,67.5,36.81,51.4,60.09,10.57
Korea 2,2024-25,Bucheon 1995,36.0,12.0,13.0,11.0,49.0,50.9,44.0,45.0,-1.0,29.2,47.0,1.08,1.17,10.36,35.9,10.63,20.35,13.61,1.13,1.11,10.06,59.39,66.7,40.2,42.5,10.91,359.58,82.5,6.08,47.98,65.2,44.07,52.9,62.37,9.74
Korea 2,2024-25,Gimpo Citizen,36.0,14.0,12.0,10.0,54.0,48.9,43.0,41.0,2.0,29.9,40.2,1.06,1.08,9.17,41.8,9.69,16.62,10.57,1.16,1.01,10.38,62.11,65.1,43.57,45.7,14.6,288.69,77.9,3.69,42.71,61.6,45.05,53.4,57.66,8.85
Malta 1,2024-25,Gzira United,32.0,11.0,9.0,12.0,42.0,49.6,34.0,42.0,-8.0,30.6,57.4,0.98,1.18,10.06,30.5,13.01,23.38,12.89,0.91,1.18,7.98,62.37,65.3,31.76,47.0,7.85,338.64,80.3,5.23,48.87,64.9,46.65,52.9,62.31,15.23
Malta 1,2024-25,Hamrun Spartans,34.0,16.0,8.0,10.0,58.0,56.5,49.0,28.0,21.0,29.6,54.8,1.33,1.28,9.98,37.5,12.12,20.39,11.85,0.83,0.76,8.81,63.81,63.6,36.81,44.6,8.14,375.45,81.1,5.04,53.13,65.3,46.44,52.7,68.15,13.2
Malta 1,2024-25,Hibernians,32.0,14.0,7.0,11.0,49.0,45.5,43.0,40.0,3.0,27.4,53.1,1.24,1.26,10.91,35.0,11.95,15.08,13.28,1.23,1.16,10.22,58.46,61.8,31.46,49.0,10.56,381.44,82.0,5.41,53.22,65.2,44.48,53.9,70.23,11.17
Malta 1,2024-25,Sliema Wanderers,34.0,17.0,8.0,9.0,58.0,54.4,50.0,31.0,19.0,29.3,52.8,1.36,1.2,10.76,36.5,14.88,21.46,13.96,0.84,0.87,8.73,61.14,59.2,28.16,48.1,9.89,377.07,80.6,4.25,56.26,65.0,51.41,54.8,73.77,14.63
Malta 1,2024-25,Marsaxlokk,32.0,13.0,8.0,11.0,47.0,48.6,47.0,39.0,8.0,30.5,52.6,1.37,1.35,10.82,36.7,14.91,23.4,16.4,1.14,1.14,8.93,71.82,64.3,32.38,47.6,9.02,362.77,80.0,3.73,49.01,66.8,47.67,55.0,69.67,13.83
Malta 1,2024-25,Floriana,34.0,18.0,12.0,4.0,65.0,53.8,52.0,23.0,29.0,27.1,51.2,1.41,1.31,10.28,34.7,13.64,16.89,15.26,0.94,0.62,8.47,64.16,62.2,35.83,46.6,8.89,350.88,79.7,3.73,53.06,66.2,48.0,56.2,69.76,13.1
Malta 1,2024-25,Balzan,32.0,6.0,11.0,15.0,29.0,38.8,34.0,50.0,-16.0,26.7,48.8,0.99,1.28,11.1,30.1,14.53,23.51,15.02,1.55,1.45,11.42,70.82,62.7,35.72,44.5,9.76,324.49,78.2,3.11,49.55,64.0,46.38,54.9,69.98,14.27
Malta 1,2024-25,Zabbar St. Patrick,32.0,10.0,6.0,16.0,36.0,43.4,45.0,50.0,-5.0,27.3,47.9,1.3,1.31,10.35,37.8,11.25,20.04,13.4,1.27,1.45,10.64,67.85,61.4,38.07,46.8,9.48,300.56,79.2,3.94,40.62,63.0,40.68,54.0,58.95,14.03
Malta 1,2024-25,Birkirkara,34.0,16.0,9.0,9.0,59.0,52.1,45.0,29.0,16.0,26.9,47.1,1.21,1.12,9.19,36.7,11.93,17.73,12.8,0.88,0.78,8.92,69.96,68.2,42.27,48.7,8.83,268.44,74.2,4.07,43.18,58.3,44.37,49.3,57.86,13.04
Malta 1,2024-25,Mosta,32.0,12.0,2.0,18.0,38.0,34.2,35.0,53.0,-18.0,25.3,47.1,1.02,1.1,10.68,32.1,11.41,21.85,10.59,1.54,1.54,13.58,69.95,61.3,34.36,42.1,11.53,305.32,77.4,3.63,44.67,57.1,45.57,50.4,62.86,11.73
Malta 1,2024-25,Naxxar Lions,33.0,9.0,8.0,16.0,35.0,31.6,31.0,55.0,-24.0,27.8,43.6,0.87,0.91,9.54,28.4,10.61,16.65,10.33,1.58,1.54,11.92,65.65,65.5,38.73,40.8,13.5,263.14,75.7,3.72,42.68,58.2,49.09,52.3,58.32,10.38
Malta 1,2024-25,Melita,33.0,7.0,8.0,18.0,29.0,32.5,38.0,63.0,-25.0,26.8,43.3,1.08,1.18,9.12,36.6,9.29,17.25,10.59,1.83,1.78,13.37,78.02,60.5,34.28,46.0,11.27,310.48,74.7,3.6,48.16,57.6,46.06,44.3,65.41,9.52
Mexico 1,2024-25,Club Tijuana,38.0,16.0,7.0,15.0,55.0,49.3,61.0,65.0,-4.0,27.6,58.1,1.41,1.29,11.32,38.7,10.76,20.79,15.6,1.5,1.5,11.46,65.58,63.9,26.99,48.2,10.31,431.85,86.2,3.17,51.11,75.9,39.84,61.4,69.61,14.4
Mexico 1,2024-25,Cruz Azul,42.0,26.0,10.0,6.0,88.0,77.1,78.0,40.0,38.0,29.8,56.6,1.65,1.52,12.46,35.6,15.12,14.91,18.38,0.86,0.84,7.48,62.8,66.4,23.38,41.2,9.34,410.0,84.9,5.68,52.8,71.0,44.27,58.6,68.6,13.12
Mexico 1,2024-25,Monterrey,44.0,22.0,9.0,13.0,75.0,68.3,79.0,57.0,22.0,29.2,54.4,1.59,1.33,11.34,37.9,14.64,20.06,16.16,1.06,1.14,9.19,60.39,64.6,25.2,48.0,9.68,418.1,85.5,5.18,54.99,76.3,37.46,60.5,66.69,15.08
Mexico 1,2024-25,Tigres UANL,40.0,20.0,11.0,9.0,71.0,62.3,52.0,38.0,14.0,30.6,53.9,1.13,1.28,11.82,33.7,17.66,22.58,17.62,0.99,0.83,9.6,61.28,66.6,27.81,46.3,10.03,386.09,84.4,4.18,51.11,73.2,35.28,54.7,63.43,15.96
Mexico 1,2024-25,Toluca,42.0,24.0,11.0,7.0,83.0,72.2,89.0,47.0,42.0,28.4,53.6,1.89,1.51,11.6,44.5,11.18,16.91,16.21,1.01,1.0,9.84,62.21,64.8,21.93,46.6,12.1,406.06,85.6,4.8,48.02,71.7,40.75,55.8,63.97,14.92
Mexico 1,2024-25,América,47.0,24.0,12.0,11.0,84.0,82.3,78.0,42.0,36.0,28.4,53.3,1.5,1.45,10.7,41.3,12.26,21.67,17.19,0.8,0.79,8.46,52.62,66.0,26.31,49.5,13.08,395.83,86.6,3.66,44.39,76.5,35.35,61.0,61.82,16.83
Mexico 1,2024-25,Atlético de San Luis,38.0,17.0,4.0,17.0,55.0,44.3,53.0,58.0,-5.0,29.8,52.6,1.24,1.09,9.29,40.5,12.28,16.2,12.47,1.39,1.35,11.72,59.04,60.8,24.21,46.8,12.45,412.41,84.7,2.54,46.62,68.4,41.79,53.5,62.96,14.75
Mexico 1,2024-25,Guadalajara,35.0,12.0,10.0,13.0,46.0,53.3,43.0,38.0,5.0,25.7,51.9,1.07,1.19,9.92,34.5,15.11,19.78,14.21,0.96,0.95,9.54,65.02,66.8,26.4,43.9,10.55,366.14,83.7,3.6,45.76,71.8,41.09,58.4,61.97,16.39
Mexico 1,2024-25,Pachuca,37.0,12.0,9.0,16.0,45.0,54.3,51.0,55.0,-4.0,25.7,51.6,1.25,1.13,12.21,35.3,12.31,26.18,16.79,0.99,1.35,9.67,67.39,63.7,25.47,49.3,9.8,357.68,83.4,4.55,48.69,74.4,38.15,58.1,62.86,19.21
Mexico 1,2024-25,Juárez,35.0,11.0,9.0,15.0,42.0,37.4,39.0,58.0,-19.0,26.4,49.0,0.99,0.86,9.49,36.0,13.84,22.18,11.26,1.32,1.47,10.5,60.58,61.5,26.99,47.4,12.14,323.5,82.5,2.76,40.12,68.1,35.49,55.7,55.04,14.24
Mexico 1,2024-25,León,36.0,12.0,12.0,12.0,48.0,46.4,48.0,49.0,-1.0,29.9,48.3,1.17,1.1,10.0,36.7,12.82,16.34,12.96,1.24,1.19,11.0,67.74,65.3,24.5,49.3,13.07,337.88,82.7,4.13,46.1,68.0,40.64,57.5,61.84,13.09
Mexico 1,2024-25,Pumas UNAM,38.0,15.0,8.0,15.0,53.0,58.1,48.0,48.0,0.0,27.6,48.2,1.11,1.23,10.49,34.5,12.77,16.92,13.09,1.0,1.11,9.03,64.7,64.5,27.02,45.0,11.37,349.3,83.7,3.16,46.87,71.5,40.25,55.8,62.35,14.46
Mexico 1,2024-25,Santos Laguna,34.0,4.0,5.0,25.0,17.0,28.8,27.0,66.0,-39.0,26.5,47.1,0.7,0.93,8.72,33.0,10.87,17.36,9.86,1.75,1.71,14.56,68.49,62.5,27.66,44.5,14.65,332.1,83.5,3.06,37.21,69.1,36.67,57.3,59.27,11.11
Mexico 1,2024-25,Mazatlán,34.0,6.0,13.0,15.0,31.0,39.8,26.0,45.0,-19.0,29.2,47.0,0.66,0.96,8.8,31.4,13.98,18.02,12.36,1.28,1.14,10.28,65.97,62.8,28.44,44.2,13.13,331.07,82.4,2.69,44.15,69.9,35.88,55.4,59.65,14.13
Mexico 1,2024-25,Atlas,36.0,10.0,13.0,13.0,43.0,43.2,44.0,59.0,-15.0,30.6,45.0,1.07,0.98,9.72,28.8,11.59,15.33,12.1,1.2,1.43,10.96,59.97,61.6,31.83,46.0,11.64,301.54,81.2,3.23,39.02,64.1,36.42,51.8,53.16,8.67
Mexico 1,2024-25,Necaxa,36.0,13.0,9.0,14.0,48.0,47.5,58.0,57.0,1.0,26.6,44.0,1.41,1.31,12.28,37.9,12.33,23.04,13.11,1.38,1.38,11.34,68.29,63.0,27.18,44.7,11.58,285.7,80.0,3.73,44.04,66.4,38.4,54.3,57.9,13.11
Mexico 1,2024-25,Querétaro,34.0,9.0,5.0,20.0,32.0,32.4,30.0,55.0,-25.0,29.3,39.9,0.78,0.78,7.89,34.7,11.74,16.04,10.26,1.42,1.43,13.41,63.23,62.9,29.19,43.9,16.04,279.4,79.8,3.33,37.45,66.1,35.26,53.1,55.34,9.84
Mexico 1,2024-25,Puebla,34.0,6.0,5.0,23.0,23.0,38.1,29.0,56.0,-27.0,28.2,38.7,0.75,0.98,9.59,34.4,11.67,19.9,10.63,1.33,1.45,12.91,70.2,63.5,30.11,39.4,14.4,277.82,79.1,2.29,38.58,64.6,36.66,49.9,54.15,11.38
Morocco 1,2024-25,FAR Rabat,30.0,16.0,9.0,5.0,57.0,51.2,48.0,24.0,24.0,28.4,58.0,1.43,1.26,10.5,38.5,15.11,18.2,16.27,0.82,0.71,8.83,51.45,63.6,31.02,53.8,10.22,409.34,83.4,3.15,50.62,70.3,42.71,56.9,70.01,15.38
Morocco 1,2024-25,Wydad Casablanca,30.0,14.0,12.0,4.0,54.0,51.1,45.0,27.0,18.0,27.6,57.2,1.34,1.34,10.79,36.9,12.72,19.4,17.03,0.86,0.8,6.72,54.64,61.5,35.86,41.4,7.42,377.03,82.4,5.41,52.59,65.6,44.66,52.4,64.15,11.86
Morocco 1,2024-25,Raja Casablanca,30.0,12.0,12.0,6.0,48.0,44.8,38.0,25.0,13.0,28.1,56.3,1.13,1.1,9.66,32.4,15.14,20.54,15.86,0.92,0.75,9.84,57.74,60.6,28.92,47.2,9.01,391.96,83.4,4.44,50.17,70.8,40.13,54.2,67.19,13.47
Morocco 1,2024-25,JS Soualem,30.0,6.0,7.0,17.0,25.0,30.5,21.0,42.0,-21.0,27.6,52.8,0.65,0.76,7.76,38.4,13.93,16.45,9.5,1.13,1.27,9.37,57.66,65.1,34.85,42.0,11.7,354.91,80.2,3.63,46.92,63.4,48.69,54.0,64.99,12.94
Morocco 1,2024-25,Ittihad Tanger,30.0,9.0,10.0,11.0,37.0,35.1,35.0,37.0,-2.0,30.8,52.8,1.14,1.05,9.54,36.0,12.45,15.78,12.54,1.13,1.05,10.03,59.19,60.9,38.91,46.3,9.1,343.11,79.5,5.49,52.73,63.1,48.51,51.9,65.43,9.8
Morocco 1,2024-25,RSB Berkane,30.0,21.0,7.0,2.0,70.0,59.2,49.0,14.0,35.0,28.4,51.7,1.46,1.42,10.57,34.6,14.85,17.38,16.72,0.58,0.42,7.07,52.16,65.8,34.84,51.2,11.72,372.5,83.0,4.13,51.27,68.8,42.53,57.8,68.47,11.52
Morocco 1,2024-25,Maghreb Fès,30.0,12.0,10.0,8.0,46.0,40.6,34.0,29.0,5.0,29.6,51.6,1.07,1.08,7.73,36.7,12.53,17.14,11.81,1.01,0.82,8.87,57.45,62.5,37.03,45.3,10.92,333.7,80.3,4.42,49.12,64.5,46.47,53.1,64.94,10.64
Morocco 1,2024-25,Difaâ El Jadida,30.0,10.0,9.0,11.0,39.0,45.7,35.0,43.0,-8.0,30.5,50.7,1.07,1.17,9.61,32.1,15.43,16.41,13.85,0.85,1.25,8.3,59.84,65.7,38.15,47.5,11.49,360.27,81.4,4.06,51.33,67.8,46.72,55.7,70.66,11.35
Morocco 1,2024-25,Moghreb Tétouan,30.0,5.0,8.0,17.0,23.0,25.2,25.0,40.0,-15.0,27.8,49.9,0.76,0.81,7.67,32.7,8.64,15.42,9.62,1.64,1.16,13.04,57.6,63.6,39.33,39.1,11.51,335.23,80.2,4.24,40.13,62.3,45.9,55.3,61.45,7.24
Morocco 1,2024-25,FUS Rabat,30.0,15.0,8.0,7.0,53.0,48.9,53.0,26.0,27.0,26.7,49.7,1.71,1.32,11.29,35.9,16.19,18.98,15.06,0.76,0.77,7.63,60.24,64.5,38.52,47.5,10.47,343.11,80.1,5.02,52.87,65.9,52.8,57.8,69.57,13.32
Morocco 1,2024-25,UTS Rabat,30.0,8.0,11.0,11.0,35.0,39.7,29.0,34.0,-5.0,27.0,48.7,0.93,1.02,8.86,31.2,12.9,18.39,12.2,0.96,1.06,8.28,54.31,63.9,48.72,46.2,10.74,323.73,78.5,4.43,51.8,64.0,45.64,53.7,63.58,11.39
Morocco 1,2024-25,Khemis Zemamra,30.0,15.0,5.0,10.0,50.0,36.2,35.0,28.0,7.0,27.7,47.7,1.08,0.97,10.51,32.8,9.4,16.76,12.32,1.11,0.83,9.52,61.62,61.6,28.35,48.7,11.78,331.47,80.3,4.16,45.75,64.6,40.24,52.9,62.12,12.14
Morocco 1,2024-25,Olympic Safi,30.0,12.0,10.0,8.0,46.0,40.7,37.0,33.0,4.0,28.2,47.0,1.15,1.13,9.3,34.0,12.15,16.87,13.92,1.03,0.93,7.97,63.21,62.8,35.16,46.4,9.33,314.18,77.7,3.66,45.7,60.7,43.12,49.9,63.46,10.54
Morocco 1,2024-25,CODM Meknès,30.0,9.0,9.0,12.0,36.0,36.2,27.0,44.0,-17.0,29.4,44.4,0.81,1.05,9.75,27.5,10.23,16.13,12.23,1.34,1.31,12.08,65.79,62.6,44.58,42.7,9.55,276.35,77.7,5.43,44.82,63.4,45.66,54.0,62.21,9.39
Morocco 1,2024-25,Chabab Mohammédia,30.0,0.0,4.0,26.0,4.0,17.9,13.0,71.0,-58.0,24.4,41.1,0.4,0.64,7.67,32.4,9.57,15.16,7.98,1.79,2.08,12.08,70.15,63.8,37.25,41.9,12.04,253.78,75.5,2.49,36.19,59.5,39.89,50.2,53.22,6.65
Morocco 1,2024-25,Hassania Agadir,30.0,8.0,5.0,17.0,29.0,33.4,31.0,38.0,-7.0,26.7,38.9,0.95,0.8,7.94,31.4,12.09,18.33,10.21,1.06,1.17,9.66,61.55,64.9,39.0,45.8,11.89,233.83,73.1,3.91,40.08,60.7,41.34,54.0,55.43,8.74
Netherlands 1,2024-25,PSV,34.0,25.0,4.0,5.0,79.0,78.3,103.0,39.0,64.0,27.6,66.4,2.81,2.36,17.05,43.3,24.51,29.75,34.75,0.83,1.07,7.05,50.98,63.6,29.37,52.5,8.35,580.6,86.7,5.3,76.53,78.8,43.28,62.2,92.46,22.35
Netherlands 1,2024-25,Feyenoord,34.0,20.0,8.0,6.0,68.0,64.8,76.0,38.0,38.0,25.6,57.4,2.05,1.72,13.76,40.5,14.22,26.74,23.32,0.95,1.02,8.08,47.1,63.5,28.03,45.8,10.72,448.49,85.6,3.58,55.85,74.2,38.99,55.8,68.97,21.38
Netherlands 1,2024-25,Ajax,34.0,24.0,6.0,4.0,78.0,63.2,67.0,32.0,35.0,26.9,56.4,1.82,1.65,11.86,39.4,15.64,19.55,23.24,0.9,0.87,8.66,50.42,63.6,29.81,49.6,13.43,510.41,87.7,3.86,53.81,78.9,40.97,60.5,72.92,18.41
Netherlands 1,2024-25,Heerenveen,35.0,12.0,7.0,16.0,43.0,44.0,43.0,61.0,-18.0,25.5,53.4,1.13,1.26,11.19,33.7,13.22,22.01,17.76,1.48,1.61,10.34,64.78,63.5,32.45,41.8,9.88,437.55,83.9,4.72,50.4,71.5,40.66,55.1,71.37,15.67
Netherlands 1,2024-25,Twente,36.0,15.0,10.0,11.0,57.0,56.4,66.0,54.0,12.0,28.1,52.6,1.67,1.56,12.07,39.9,16.41,18.54,19.91,1.3,1.37,9.84,56.65,65.2,35.27,44.3,11.07,427.2,83.2,5.22,51.56,71.0,43.29,54.1,73.19,14.86
Netherlands 1,2024-25,AZ,36.0,18.0,9.0,9.0,63.0,61.6,65.0,40.0,25.0,24.2,51.8,1.66,1.6,12.6,40.5,13.77,19.84,22.44,1.03,1.02,8.36,57.38,61.9,29.81,44.6,11.52,434.6,84.0,5.2,55.67,73.1,46.11,56.6,72.63,17.55
Netherlands 1,2024-25,Go Ahead Eagles,34.0,14.0,9.0,11.0,51.0,51.1,57.0,55.0,2.0,26.8,51.2,1.54,1.61,11.79,34.8,13.59,15.0,20.44,1.43,1.48,13.57,53.48,61.7,30.83,44.4,14.13,413.64,83.2,4.05,50.6,69.1,47.79,53.9,68.99,12.95
Netherlands 1,2024-25,NEC,35.0,12.0,8.0,15.0,43.0,50.1,53.0,48.0,5.0,26.4,49.3,1.37,1.31,10.83,37.1,15.63,19.07,15.52,1.24,1.27,11.43,61.99,63.8,35.97,43.3,11.95,383.87,82.5,3.5,47.89,70.2,42.81,54.1,66.57,13.89
Netherlands 1,2024-25,Sparta Rotterdam,34.0,9.0,12.0,13.0,39.0,46.6,39.0,43.0,-4.0,25.2,49.3,1.03,1.35,11.69,36.5,15.82,19.45,17.78,1.38,1.14,11.87,59.13,60.8,38.64,49.9,11.86,392.92,82.9,3.6,49.56,71.1,47.39,60.3,73.52,16.25
Netherlands 1,2024-25,PEC Zwolle,34.0,10.0,11.0,13.0,41.0,38.3,43.0,51.0,-8.0,25.7,48.8,1.16,1.1,9.77,34.9,10.07,20.77,15.81,1.5,1.38,11.75,64.44,62.4,32.79,44.3,11.82,403.59,83.4,3.9,47.33,69.2,43.7,51.4,67.93,14.51
Netherlands 1,2024-25,Groningen,34.0,10.0,9.0,15.0,39.0,41.1,40.0,53.0,-13.0,26.0,46.8,1.08,1.05,9.22,41.2,9.35,15.97,12.96,1.42,1.44,10.52,56.82,63.6,40.64,46.2,12.84,373.99,81.8,4.12,49.96,67.7,44.67,53.6,68.88,11.41
Netherlands 1,2024-25,Utrecht,34.0,18.0,10.0,6.0,64.0,51.1,62.0,45.0,17.0,27.5,46.7,1.67,1.45,12.19,34.7,16.66,21.89,20.44,1.26,1.21,10.27,59.42,64.9,36.72,47.8,13.98,358.71,81.5,2.45,45.78,71.5,42.87,55.2,69.75,14.29
Netherlands 1,2024-25,Heracles,34.0,9.0,11.0,14.0,38.0,38.2,42.0,63.0,-21.0,25.9,46.1,1.13,1.17,9.42,35.0,14.41,19.08,13.82,1.69,1.69,12.75,65.33,60.8,33.04,46.1,12.15,333.13,80.7,2.47,42.81,67.3,44.96,57.1,64.88,13.5
Netherlands 1,2024-25,Fortuna Sittard,34.0,11.0,8.0,15.0,41.0,42.4,37.0,54.0,-17.0,27.5,45.5,1.01,1.19,8.98,32.1,13.39,18.26,14.09,1.39,1.47,11.13,61.87,62.8,36.62,43.8,12.1,329.23,79.6,3.13,43.45,61.6,45.49,51.6,61.62,12.81
Netherlands 1,2024-25,RKC Waalwijk,34.0,6.0,7.0,21.0,25.0,33.3,44.0,74.0,-30.0,26.6,44.7,1.2,1.19,10.17,35.1,12.93,20.15,13.8,1.95,2.02,14.73,62.26,64.5,30.87,44.4,17.82,348.05,81.0,2.43,40.66,69.1,44.21,54.8,68.18,14.81
Netherlands 1,2024-25,Willem II,34.0,6.0,8.0,20.0,26.0,25.8,34.0,56.0,-22.0,26.9,44.2,0.91,0.8,7.35,38.7,12.62,16.7,10.36,1.71,1.5,14.71,59.7,61.6,35.59,43.3,16.8,348.24,82.6,2.85,40.96,70.1,41.74,58.2,63.48,14.15
Netherlands 1,2024-25,Almere City,34.0,4.0,10.0,20.0,22.0,39.5,23.0,64.0,-41.0,26.7,44.0,0.62,1.01,10.46,29.8,14.71,19.24,16.01,1.42,1.73,12.06,60.93,61.7,42.7,43.5,13.15,322.29,79.5,2.57,48.2,67.3,45.38,55.4,65.73,13.93
Netherlands 1,2024-25,NAC Breda,34.0,8.0,9.0,17.0,33.0,35.5,34.0,58.0,-24.0,26.4,43.8,0.92,1.13,9.42,35.5,12.28,17.11,14.28,1.67,1.57,12.98,64.09,63.1,38.01,47.7,13.6,347.34,80.6,3.46,44.0,66.0,43.11,56.2,62.03,15.06
Netherlands 2,2024-25,AZ II,38.0,14.0,10.0,14.0,52.0,42.0,69.0,63.0,6.0,21.8,58.0,1.79,1.31,11.47,40.0,8.49,25.19,18.61,1.67,1.58,11.93,69.97,63.0,28.01,39.6,9.85,444.82,84.8,3.88,55.68,73.0,47.01,54.4,78.3,20.76
Netherlands 2,2024-25,Cambuur,38.0,22.0,5.0,11.0,71.0,65.6,63.0,42.0,21.0,25.2,55.9,1.54,1.7,13.98,35.9,13.86,25.71,19.37,1.11,1.03,9.55,67.64,65.5,36.73,45.9,8.6,405.8,83.0,5.58,53.22,65.1,49.64,55.2,70.09,18.47
Netherlands 2,2024-25,PSV II,38.0,8.0,6.0,24.0,30.0,37.4,55.0,86.0,-31.0,20.5,54.8,1.43,1.31,10.59,39.0,11.96,21.98,15.73,1.96,2.13,14.74,65.81,59.7,31.82,47.7,10.58,441.49,84.8,2.78,50.48,72.1,48.66,59.9,76.74,19.36
Netherlands 2,2024-25,Excelsior,38.0,22.0,8.0,8.0,74.0,70.1,74.0,38.0,36.0,23.6,54.6,1.83,1.66,13.84,36.9,17.42,25.36,20.82,0.95,0.94,8.31,62.2,62.2,40.21,47.4,9.71,418.22,82.8,3.9,60.72,69.4,50.5,61.0,78.7,18.31
Netherlands 2,2024-25,Vitesse,38.0,11.0,11.0,16.0,44.0,44.6,54.0,73.0,-19.0,24.1,54.3,1.39,1.34,11.87,37.6,18.86,23.45,18.22,1.55,1.81,11.59,76.32,63.8,41.41,41.7,9.12,392.02,82.3,3.23,53.98,70.6,54.62,60.3,78.6,15.38
Netherlands 2,2024-25,Emmen,38.0,17.0,5.0,16.0,56.0,54.9,56.0,53.0,3.0,26.1,53.4,1.37,1.45,11.35,40.3,15.66,21.65,17.03,1.32,1.3,10.79,67.76,63.8,38.24,48.9,9.08,396.6,81.1,4.48,52.67,64.1,51.47,54.2,71.09,16.49
Netherlands 2,2024-25,De Graafschap,38.0,19.0,8.0,11.0,65.0,60.1,73.0,50.0,23.0,25.8,52.6,1.79,1.65,13.77,38.3,18.03,25.46,23.6,1.31,1.23,9.8,68.61,64.8,37.12,47.0,9.97,408.54,81.7,3.97,53.17,70.4,48.32,58.0,76.57,18.74
Netherlands 2,2024-25,Roda JC,38.0,13.0,10.0,15.0,49.0,50.4,49.0,57.0,-8.0,26.0,50.6,1.23,1.39,12.71,39.8,13.08,24.18,16.88,1.49,1.41,11.78,66.63,61.8,35.53,48.0,10.87,378.17,81.7,4.88,51.66,64.8,52.26,55.7,72.14,15.1
Netherlands 2,2024-25,Telstar,38.0,17.0,10.0,11.0,61.0,58.9,69.0,47.0,22.0,27.3,50.5,1.8,1.54,12.88,37.2,16.01,18.54,20.41,1.19,1.15,9.44,64.94,62.6,33.82,44.8,10.69,356.98,81.0,4.04,47.69,64.9,53.97,58.0,70.08,13.37
Netherlands 2,2024-25,Ajax II,38.0,9.0,9.0,20.0,36.0,36.9,37.0,52.0,-15.0,20.2,50.3,0.99,1.24,10.94,38.0,11.15,24.33,16.46,1.78,1.28,13.28,67.38,63.8,29.05,43.7,12.34,378.81,83.4,3.41,43.85,71.0,43.64,54.2,68.21,18.78
Netherlands 2,2024-25,Dordrecht,38.0,20.0,8.0,10.0,68.0,57.6,69.0,46.0,23.0,24.1,49.9,1.73,1.55,11.58,40.4,16.13,25.89,17.93,1.25,1.15,10.76,73.47,61.0,36.35,43.7,9.73,344.44,78.1,3.73,48.2,61.6,52.28,51.1,71.51,14.68
Netherlands 2,2024-25,Volendam,38.0,26.0,4.0,8.0,82.0,67.4,87.0,48.0,39.0,28.0,49.8,2.2,2.08,13.18,40.0,13.58,25.11,20.85,1.32,1.17,11.22,67.07,62.9,31.6,52.8,11.24,379.74,82.2,3.7,48.47,66.4,46.55,50.7,67.68,16.93
Netherlands 2,2024-25,Helmond Sport,38.0,12.0,10.0,16.0,46.0,49.5,53.0,61.0,-8.0,25.8,48.7,1.35,1.34,10.53,39.3,14.77,22.01,15.53,1.45,1.52,11.47,71.7,61.3,35.91,48.3,10.74,353.48,81.8,4.04,42.84,66.0,46.6,60.2,69.82,14.72
Netherlands 2,2024-25,ADO Den Haag,38.0,20.0,10.0,8.0,70.0,66.2,69.0,47.0,22.0,24.6,48.2,1.68,1.69,12.99,38.1,14.02,17.99,19.36,1.14,1.15,8.58,68.06,64.9,43.24,45.7,9.04,346.81,78.5,4.07,54.04,64.7,52.53,55.5,71.35,12.92
Netherlands 2,2024-25,Den Bosch,38.0,15.0,10.0,13.0,55.0,50.2,53.0,48.0,5.0,24.9,46.4,1.37,1.32,10.63,39.3,15.53,23.95,15.5,1.28,1.14,11.22,75.04,63.7,35.95,43.0,11.6,336.15,78.6,4.38,46.56,61.1,56.51,57.2,73.0,15.63
Netherlands 2,2024-25,VVV Venlo,38.0,11.0,8.0,19.0,41.0,47.8,44.0,69.0,-25.0,25.2,46.2,1.15,1.33,11.81,34.7,16.45,22.1,15.98,1.45,1.72,11.55,72.09,62.7,41.08,46.3,12.13,329.06,78.4,3.02,43.92,65.2,50.2,59.7,69.07,14.93
Netherlands 2,2024-25,MVV,38.0,10.0,10.0,18.0,40.0,44.4,52.0,59.0,-7.0,25.4,44.6,1.34,1.34,9.99,38.2,13.71,17.01,14.59,1.55,1.42,14.07,77.53,62.9,36.48,46.6,12.57,365.81,79.6,4.31,47.84,64.5,51.76,59.9,78.41,13.04
Netherlands 2,2024-25,Utrecht II,38.0,4.0,11.0,23.0,23.0,37.2,31.0,82.0,-51.0,20.9,44.6,0.78,1.06,9.26,38.3,9.56,18.61,11.73,1.72,2.0,14.01,69.44,62.9,36.67,42.8,13.13,356.69,81.1,2.6,42.1,61.1,52.85,54.0,68.1,12.34
Netherlands 2,2024-25,TOP Oss,38.0,8.0,14.0,16.0,38.0,34.8,31.0,61.0,-30.0,25.9,43.5,0.76,1.0,7.63,35.8,13.51,18.5,13.61,1.83,1.5,15.6,71.13,61.0,36.91,43.2,10.96,302.48,77.5,2.83,42.86,62.7,50.63,56.9,66.53,12.6
Netherlands 2,2024-25,Eindhoven,38.0,14.0,9.0,15.0,51.0,47.8,58.0,64.0,-6.0,26.3,42.4,1.51,1.32,9.31,42.0,12.7,16.14,13.74,1.4,1.67,11.27,68.56,63.9,37.97,44.8,16.6,368.66,79.9,3.81,45.2,60.7,55.47,53.9,70.21,9.57
Northern Ireland 1,2024-25,Cliftonville,39.0,18.0,7.0,14.0,61.0,61.1,60.0,41.0,19.0,28.0,55.4,1.48,1.45,11.49,36.0,16.0,19.86,15.97,1.08,0.94,9.35,68.1,65.6,46.19,47.0,10.69,444.49,81.8,5.09,64.9,61.7,59.14,50.1,84.07,15.31
Northern Ireland 1,2024-25,Larne,38.0,17.0,12.0,9.0,63.0,60.3,46.0,33.0,13.0,29.7,54.8,1.12,1.17,8.57,38.5,14.7,17.95,13.8,0.86,0.81,7.81,64.34,65.9,53.89,47.3,8.95,385.17,79.0,5.4,62.46,58.1,61.65,50.9,79.65,10.77
Northern Ireland 1,2024-25,Linfield,38.0,27.0,4.0,7.0,85.0,70.3,68.0,28.0,40.0,27.0,54.2,1.66,1.46,11.85,39.2,18.93,23.84,20.98,0.77,0.68,7.33,62.69,67.4,56.91,47.6,9.54,344.37,77.4,3.66,57.54,61.2,53.07,52.0,71.73,13.19
Northern Ireland 1,2024-25,Coleraine,39.0,16.0,10.0,13.0,58.0,64.0,56.0,50.0,6.0,25.3,54.1,1.33,1.33,10.44,38.6,15.59,19.22,15.38,0.93,1.19,7.71,59.39,65.4,52.13,46.1,11.43,388.28,78.7,4.06,62.74,59.5,59.77,52.8,78.37,12.53
Northern Ireland 1,2024-25,Glentoran,39.0,17.0,10.0,12.0,61.0,55.9,49.0,39.0,10.0,26.0,50.8,1.17,1.36,10.94,36.7,16.32,19.67,16.53,1.26,0.93,8.59,65.43,67.8,70.38,45.3,7.59,318.92,72.4,5.42,62.41,55.3,60.27,49.7,72.83,10.06
Northern Ireland 1,2024-25,Glenavon,38.0,12.0,10.0,16.0,46.0,47.6,42.0,47.0,-5.0,27.1,50.4,1.05,1.05,9.43,33.4,14.86,18.57,14.41,1.15,1.15,9.63,72.61,69.7,57.42,45.2,11.55,325.72,73.0,3.98,57.55,56.1,63.38,49.9,72.51,11.03
Northern Ireland 1,2024-25,Dungannon Swifts,38.0,17.0,6.0,15.0,57.0,51.7,51.0,47.0,4.0,27.6,49.3,1.26,1.08,10.36,39.0,12.17,20.29,12.86,1.1,1.14,9.87,65.15,63.3,52.29,45.4,12.35,373.5,78.3,3.85,60.19,58.1,53.5,48.9,78.13,13.08
Northern Ireland 1,2024-25,Crusaders,39.0,16.0,6.0,17.0,54.0,45.6,47.0,54.0,-7.0,29.7,49.1,1.12,1.2,9.6,34.1,13.18,18.3,13.42,1.49,1.29,11.3,72.37,63.3,57.78,46.8,10.24,327.75,74.4,4.06,61.55,54.8,69.72,52.2,78.34,8.84
Northern Ireland 1,2024-25,Portadown,38.0,16.0,8.0,14.0,56.0,49.3,48.0,45.0,3.0,29.2,48.8,1.18,1.1,8.93,36.8,13.17,18.34,14.0,1.22,1.1,10.57,74.06,64.0,54.93,44.0,9.39,315.29,70.5,5.4,61.31,53.2,66.46,47.5,78.5,10.23
Northern Ireland 1,2024-25,Loughgall,38.0,5.0,7.0,26.0,22.0,31.1,36.0,85.0,-49.0,26.5,47.0,0.89,0.86,8.09,35.0,11.46,19.36,11.95,1.77,2.09,12.72,71.97,66.6,58.64,44.8,12.36,313.27,72.8,3.39,55.44,53.9,66.39,50.3,73.2,10.18
Northern Ireland 1,2024-25,Ballymena United,38.0,14.0,5.0,19.0,47.0,47.7,47.0,54.0,-7.0,28.2,44.6,1.14,1.13,9.2,45.2,12.61,17.65,11.27,1.3,1.31,11.18,72.71,64.1,57.81,44.6,10.69,294.28,70.8,4.72,56.52,53.6,60.78,48.6,71.54,10.47
Northern Ireland 1,2024-25,Carrick Rangers,38.0,7.0,11.0,20.0,32.0,46.7,32.0,59.0,-27.0,29.3,40.0,0.78,1.1,8.03,39.3,11.31,19.04,13.36,1.37,1.44,11.01,71.38,65.2,60.44,45.3,12.0,238.48,65.3,4.85,49.67,48.5,59.51,46.4,62.96,7.46
Norway 1,2024-25,Bodø / Glimt,30.0,18.0,8.0,4.0,62.0,59.6,71.0,31.0,40.0,27.4,63.0,2.16,1.86,12.77,39.4,15.48,25.32,27.85,0.95,0.94,8.38,59.72,66.0,26.05,46.9,10.92,557.76,88.5,4.94,67.79,82.9,38.24,56.4,70.2,24.86
Norway 1,2024-25,Brann,30.0,17.0,8.0,5.0,59.0,51.4,55.0,33.0,22.0,29.0,61.6,1.66,1.75,12.94,35.0,13.39,24.01,26.96,1.23,1.0,9.32,64.33,65.2,35.41,46.9,7.14,479.71,85.0,3.83,62.07,75.7,42.65,55.0,72.96,19.27
Norway 1,2024-25,Rosenborg,30.0,16.0,5.0,9.0,53.0,46.3,52.0,39.0,13.0,24.7,54.9,1.58,1.55,11.9,35.0,15.8,25.57,23.8,1.36,1.19,9.31,65.8,66.3,28.91,42.5,10.08,437.46,84.7,4.93,57.62,76.6,40.21,56.3,71.8,18.99
Norway 1,2024-25,Viking,30.0,16.0,9.0,5.0,57.0,48.7,62.0,39.0,23.0,27.7,53.4,1.86,1.65,13.49,35.4,16.29,21.88,22.9,1.16,1.17,9.17,57.4,61.6,35.25,48.1,10.74,431.13,83.7,4.15,61.18,74.5,45.47,54.1,75.16,14.45
Norway 1,2024-25,Sandefjord,30.0,9.0,7.0,14.0,34.0,40.9,41.0,46.0,-5.0,26.4,52.6,1.24,1.28,11.23,35.0,13.74,24.09,16.52,1.32,1.39,10.8,65.91,64.0,34.92,42.4,11.52,420.4,84.4,4.84,55.92,71.4,53.56,58.1,66.24,17.07
Norway 1,2024-25,Lillestrøm,30.0,7.0,3.0,20.0,24.0,37.1,33.0,63.0,-30.0,29.6,50.9,1.0,1.28,9.35,32.7,15.83,21.61,18.8,1.47,1.91,10.08,64.42,65.8,33.66,49.9,11.03,420.76,84.0,2.97,52.13,74.1,38.81,56.2,65.12,15.89
Norway 1,2024-25,Sarpsborg 08,30.0,10.0,7.0,13.0,37.0,37.4,43.0,56.0,-13.0,26.8,50.4,1.31,1.33,10.46,39.1,15.99,24.59,18.49,1.61,1.71,11.35,63.21,63.0,32.58,46.0,10.53,402.56,83.7,3.87,52.78,74.7,42.47,54.7,65.59,17.15
Norway 1,2024-25,Molde,30.0,15.0,7.0,8.0,52.0,56.1,64.0,36.0,28.0,27.7,50.2,1.96,1.7,11.61,40.9,16.38,18.8,24.1,0.96,1.1,8.54,65.99,64.9,33.78,46.2,11.54,450.21,84.9,4.38,55.58,76.2,43.67,56.6,71.44,12.52
Norway 1,2024-25,Haugesund,30.0,9.0,6.0,15.0,33.0,32.1,29.0,46.0,-17.0,25.4,50.2,0.88,1.16,11.17,32.2,11.96,24.96,15.99,1.74,1.4,12.84,63.49,61.9,30.02,47.0,12.86,399.84,84.3,3.05,48.26,70.1,39.57,53.2,62.21,17.85
Norway 1,2024-25,KFUM,30.0,9.0,10.0,11.0,37.0,43.5,35.0,36.0,-1.0,28.6,49.6,1.06,1.05,8.53,37.6,12.58,16.09,14.91,0.95,1.09,7.68,63.99,66.6,33.57,42.4,12.31,415.13,83.0,4.35,51.35,68.0,43.61,50.5,65.63,13.55
Norway 1,2024-25,Tromsø,30.0,9.0,6.0,15.0,33.0,36.8,34.0,44.0,-10.0,27.3,46.7,1.03,1.29,9.71,38.2,12.51,20.61,17.93,1.58,1.34,11.75,65.83,64.0,28.94,46.2,13.48,404.92,84.9,5.11,52.2,71.4,44.83,57.6,68.45,13.73
Norway 1,2024-25,Strømsgodset,30.0,10.0,8.0,12.0,38.0,37.7,32.0,40.0,-8.0,28.0,44.2,0.98,1.45,11.65,32.3,15.32,19.69,18.77,1.71,1.22,14.67,60.5,62.0,36.29,52.2,12.65,361.28,82.6,3.58,45.37,71.4,50.93,61.9,68.29,12.81
Norway 1,2024-25,Odds,30.0,5.0,8.0,17.0,23.0,29.5,26.0,54.0,-28.0,28.4,43.5,0.79,1.04,7.66,34.8,9.02,20.23,11.96,1.65,1.64,12.26,62.11,65.7,35.82,40.3,16.04,335.32,83.0,3.06,39.16,65.6,42.15,54.6,56.78,10.45
Norway 1,2024-25,Fredrikstad,30.0,14.0,9.0,7.0,51.0,43.7,39.0,35.0,4.0,26.1,43.4,1.19,1.29,9.25,34.9,13.02,17.95,19.25,1.19,1.06,10.74,60.98,64.3,47.3,44.2,11.44,314.74,78.9,3.59,48.36,65.3,41.61,54.4,62.35,10.58
Norway 1,2024-25,Kristiansund,30.0,8.0,10.0,12.0,34.0,34.0,32.0,45.0,-13.0,26.4,43.3,0.97,1.17,9.23,34.5,11.02,25.65,12.32,1.61,1.37,11.84,63.32,62.7,31.48,47.7,14.66,336.84,82.7,3.1,41.52,68.9,44.62,53.5,57.7,11.96
Norway 1,2024-25,HamKam,30.0,8.0,9.0,13.0,33.0,32.9,34.0,39.0,-5.0,28.9,41.5,1.03,1.1,10.48,29.6,16.1,13.85,17.01,1.49,1.18,12.73,56.38,61.3,44.13,45.2,13.06,322.18,79.3,4.83,51.94,67.3,44.1,53.0,64.91,9.48
Norway 2,2024-25,Ranheim,30.0,10.0,9.0,11.0,39.0,46.0,48.0,46.0,2.0,26.5,57.4,1.46,1.54,11.29,39.0,12.48,22.13,18.61,1.34,1.4,11.5,58.61,63.6,32.02,44.2,11.62,435.31,84.2,4.13,56.03,68.8,45.62,56.0,69.91,17.42
Norway 2,2024-25,Egersund,31.0,14.0,5.0,12.0,47.0,43.9,58.0,58.0,0.0,26.1,56.4,1.71,1.57,11.72,38.3,16.92,25.45,18.51,1.54,1.71,11.57,65.11,63.1,38.95,46.2,10.09,437.89,83.6,4.16,60.53,70.6,52.82,55.7,73.76,16.95
Norway 2,2024-25,Vålerenga,30.0,21.0,6.0,3.0,69.0,58.6,82.0,31.0,51.0,26.3,56.0,2.52,2.08,14.54,41.0,20.04,19.36,25.54,1.07,0.95,9.74,54.99,68.3,34.7,42.4,11.95,444.31,85.2,4.46,59.69,75.6,44.6,60.0,73.13,18.93
Norway 2,2024-25,Kongsvinger,33.0,12.0,12.0,9.0,50.0,50.4,52.0,55.0,-3.0,29.6,53.2,1.43,1.44,12.99,34.8,15.02,23.62,18.72,1.23,1.51,10.14,67.55,64.4,38.23,45.1,10.08,446.33,83.3,4.03,63.09,71.5,50.43,52.1,74.87,14.25
Norway 2,2024-25,Stabæk,30.0,12.0,6.0,12.0,42.0,44.1,57.0,59.0,-2.0,24.6,52.8,1.76,1.85,14.62,34.4,13.45,32.77,19.62,1.71,1.82,12.19,61.92,65.0,36.53,46.4,11.73,436.79,84.2,5.06,60.13,71.9,39.12,51.8,73.8,17.59
Norway 2,2024-25,Moss,31.0,17.0,5.0,9.0,56.0,52.9,57.0,43.0,14.0,25.3,52.0,1.67,1.64,12.47,36.7,15.17,21.77,19.95,1.17,1.26,9.48,63.89,64.9,42.65,52.1,9.07,365.51,80.9,5.13,49.22,67.4,48.58,56.6,68.94,15.28
Norway 2,2024-25,Åsane,30.0,10.0,7.0,13.0,37.0,37.5,46.0,52.0,-6.0,27.8,51.9,1.42,1.26,10.23,36.4,15.68,19.35,16.11,1.47,1.6,11.43,58.97,62.7,35.83,44.4,12.84,449.75,85.2,3.39,59.9,74.1,47.51,53.4,74.13,14.27
Norway 2,2024-25,Mjøndalen,30.0,8.0,8.0,14.0,32.0,34.9,38.0,50.0,-12.0,26.3,50.0,1.15,1.18,10.38,36.3,15.39,19.43,16.82,1.54,1.52,12.45,68.02,60.3,43.98,41.4,10.18,379.37,80.5,3.79,59.4,66.6,54.64,55.6,74.79,12.11
Norway 2,2024-25,Bryne,30.0,18.0,4.0,8.0,58.0,45.9,50.0,29.0,21.0,25.8,48.0,1.53,1.36,13.17,35.5,15.67,19.22,19.7,1.13,0.89,10.26,71.21,66.4,55.08,47.7,8.75,346.83,78.2,4.89,54.71,63.7,51.69,54.1,73.87,8.19
Norway 2,2024-25,Aalesund,30.0,12.0,4.0,14.0,40.0,42.1,45.0,49.0,-4.0,26.7,47.6,1.38,1.52,12.42,33.0,12.97,24.93,20.04,1.61,1.5,11.32,63.75,64.4,45.7,47.7,10.43,340.39,79.2,3.55,54.02,66.5,48.52,54.7,68.31,12.11
Norway 2,2024-25,Lyn,31.0,12.0,11.0,8.0,46.0,48.2,57.0,41.0,16.0,26.7,46.8,1.68,1.65,12.76,37.6,18.92,19.39,19.69,1.34,1.24,12.32,63.77,63.4,49.39,42.8,10.73,331.47,77.3,4.04,55.87,67.6,52.13,54.4,69.93,12.26
Norway 2,2024-25,Levanger,30.0,6.0,11.0,13.0,29.0,37.2,47.0,51.0,-4.0,28.4,46.4,1.45,1.31,11.59,33.3,14.55,16.99,17.8,1.59,1.58,12.73,62.53,63.3,52.18,44.5,12.37,327.53,79.1,3.77,60.0,66.7,61.17,59.3,71.93,9.39
Norway 2,2024-25,Sogndal,30.0,9.0,7.0,14.0,34.0,39.7,34.0,40.0,-6.0,25.9,46.3,1.04,1.17,9.08,36.2,12.8,23.49,15.45,1.22,1.22,11.52,62.52,65.0,40.06,41.8,14.86,352.81,81.9,4.69,49.72,67.4,46.86,52.7,65.17,12.86
Norway 2,2024-25,Sandnes Ulf,30.0,4.0,5.0,21.0,17.0,25.5,26.0,80.0,-54.0,27.5,44.9,0.8,1.07,10.12,31.3,12.24,18.09,13.84,2.0,2.46,14.67,64.56,63.9,42.72,47.0,13.54,356.06,81.2,5.44,49.31,66.1,52.72,52.6,67.42,11.29
Norway 2,2024-25,Raufoss,30.0,11.0,8.0,11.0,41.0,32.0,34.0,35.0,-1.0,26.4,44.3,1.04,0.99,9.37,34.5,13.85,16.75,12.48,1.42,1.07,12.87,64.77,63.4,43.57,47.5,12.06,326.38,79.7,2.99,46.16,64.1,45.18,56.3,63.09,12.14
Norway 2,2024-25,Start,30.0,9.0,8.0,13.0,35.0,37.9,45.0,57.0,-12.0,26.3,44.1,1.37,1.49,11.3,37.0,13.1,18.38,15.21,1.75,1.74,14.29,64.35,62.0,45.2,50.9,13.41,343.11,80.2,4.86,46.3,64.8,46.48,51.5,67.34,13.5
Paraguay 1,2024-25,Club Libertad,44.0,21.0,11.0,12.0,74.0,70.1,65.0,45.0,20.0,31.3,58.9,1.34,1.22,10.67,39.9,16.72,21.15,14.82,0.92,0.93,8.81,55.0,65.1,47.01,48.7,9.92,464.41,84.5,5.5,58.19,71.5,53.54,61.9,79.4,12.34
Paraguay 1,2024-25,Cerro Porteño,44.0,21.0,12.0,11.0,75.0,77.0,66.0,42.0,24.0,28.8,58.7,1.37,1.34,12.06,37.1,16.99,21.27,18.72,0.83,0.87,7.02,57.67,65.1,41.32,47.0,8.6,404.26,81.7,4.89,59.82,69.2,49.3,57.2,73.41,13.07
Paraguay 1,2024-25,2 de Mayo,44.0,17.0,12.0,15.0,63.0,62.1,50.0,43.0,7.0,27.8,53.2,1.04,1.11,9.87,32.1,12.2,21.91,12.14,1.03,0.9,8.68,57.83,64.0,40.21,46.0,9.94,349.25,80.1,3.35,48.25,66.7,42.5,56.0,65.22,13.18
Paraguay 1,2024-25,Olimpia,44.0,21.0,17.0,6.0,80.0,65.2,57.0,34.0,23.0,27.8,52.4,1.18,1.09,10.56,36.7,13.86,21.21,13.18,0.95,0.7,9.88,63.27,64.9,47.11,49.0,8.71,339.85,78.0,6.02,55.92,63.3,53.03,53.6,70.71,11.24
Paraguay 1,2024-25,Guaraní,44.0,15.0,21.0,8.0,66.0,60.6,53.0,40.0,13.0,27.0,51.1,1.1,1.11,9.85,33.8,15.44,22.92,14.15,1.07,0.83,10.3,58.13,62.9,46.12,46.8,9.63,348.07,79.6,4.16,48.89,67.5,45.44,56.6,69.39,10.76
Paraguay 1,2024-25,Sportivo Luqueño,44.0,16.0,13.0,15.0,61.0,63.3,52.0,54.0,-2.0,32.2,48.9,1.08,1.2,10.26,34.1,13.65,20.18,14.56,1.11,1.12,10.71,62.73,64.0,50.33,46.1,9.8,332.52,78.1,3.93,51.03,65.5,51.37,55.2,69.8,10.94
Paraguay 1,2024-25,Tacuary,44.0,9.0,13.0,22.0,40.0,43.8,43.0,73.0,-30.0,31.2,47.9,0.89,0.89,8.19,35.0,12.11,21.97,11.8,1.41,1.51,11.8,53.44,63.0,50.86,45.8,13.64,328.64,78.8,3.4,46.32,66.3,46.46,56.9,65.76,11.02
Paraguay 1,2024-25,Sportivo Trinidense,44.0,12.0,10.0,22.0,46.0,53.4,55.0,62.0,-7.0,30.4,47.5,1.14,1.14,9.56,34.2,15.24,16.49,14.85,1.33,1.28,11.79,62.39,62.2,53.45,43.9,9.2,306.98,75.3,4.22,54.19,63.1,57.75,57.3,70.72,8.4
Paraguay 1,2024-25,Sportivo Ameliano,44.0,15.0,11.0,18.0,56.0,59.1,38.0,48.0,-10.0,28.8,47.2,0.79,0.93,9.12,33.1,14.08,17.23,12.93,0.96,0.99,8.75,58.48,62.5,52.05,50.3,11.36,310.12,77.4,3.49,51.1,65.2,51.18,56.6,66.47,9.39
Paraguay 1,2024-25,Nacional Asunción,44.0,14.0,13.0,17.0,55.0,57.6,46.0,51.0,-5.0,28.3,45.3,0.96,1.11,10.2,33.4,15.33,18.96,13.09,1.18,1.06,12.11,62.89,64.5,52.74,44.7,10.58,303.84,75.5,4.4,50.08,62.1,55.15,54.5,69.94,9.89
Paraguay 1,2024-25,General Caballero JLM,44.0,9.0,20.0,15.0,47.0,56.6,40.0,56.0,-16.0,30.6,44.9,0.82,1.08,9.77,33.8,11.73,18.03,11.98,1.26,1.15,10.75,63.74,63.1,60.31,42.5,10.96,268.91,74.7,3.39,50.3,64.6,51.06,57.9,63.17,8.76
Paraguay 1,2024-25,Sol de América,44.0,12.0,11.0,21.0,47.0,53.5,48.0,65.0,-17.0,29.6,43.1,1.0,1.08,10.96,34.2,13.79,16.81,12.12,1.26,1.35,10.41,65.17,64.5,55.7,43.6,10.9,288.16,75.2,3.94,51.05,62.7,53.49,56.9,70.96,9.04
Peru 1,2024-25,ADT,34.0,14.0,9.0,11.0,51.0,52.3,47.0,40.0,7.0,30.5,55.0,1.23,1.31,12.62,34.0,15.47,20.62,16.23,1.09,1.05,9.43,55.45,62.9,31.52,44.6,10.4,339.07,82.2,5.46,51.45,71.9,47.04,63.5,68.41,11.39
Peru 1,2024-25,Atlético Grau,34.0,12.0,15.0,7.0,51.0,50.7,44.0,28.0,16.0,29.7,55.0,1.15,1.2,9.14,38.9,14.18,16.58,15.02,0.96,0.73,8.41,54.9,64.8,35.41,41.1,9.05,338.74,80.7,4.44,53.8,65.9,51.97,54.7,67.64,9.09
Peru 1,2024-25,Alianza Lima,34.0,22.0,3.0,9.0,69.0,71.4,57.0,27.0,30.0,30.2,54.9,1.52,1.67,11.89,37.3,13.9,17.88,17.32,0.57,0.72,6.39,57.12,64.8,32.85,51.4,9.32,347.89,82.8,5.35,52.02,70.9,42.15,60.1,65.81,13.23
Peru 1,2024-25,César Vallejo,34.0,6.0,12.0,16.0,30.0,42.5,34.0,55.0,-21.0,31.2,54.9,0.89,1.05,9.19,36.4,13.95,22.61,12.69,1.28,1.45,10.82,54.46,64.2,34.98,43.9,9.87,350.97,82.1,4.79,46.88,69.5,44.09,58.6,66.55,11.56
Peru 1,2024-25,Cusco,34.0,18.0,6.0,10.0,60.0,51.5,50.0,44.0,6.0,29.7,54.2,1.31,1.31,10.94,33.2,13.51,16.06,13.28,1.17,1.16,11.31,49.93,62.0,28.24,47.6,10.27,373.12,84.2,4.92,47.12,67.6,35.71,49.3,62.02,12.04
Peru 1,2024-25,Melgar,34.0,21.0,7.0,6.0,70.0,67.3,66.0,35.0,31.0,30.7,52.8,1.74,1.81,13.91,38.3,16.07,17.45,18.58,0.86,0.92,8.71,54.9,64.3,30.7,48.4,9.52,337.12,81.7,4.94,51.55,70.3,47.53,58.2,67.86,11.59
Peru 1,2024-25,Universitario,34.0,23.0,8.0,3.0,77.0,65.4,63.0,17.0,46.0,33.2,51.8,1.67,1.45,13.34,36.2,15.72,20.95,16.52,0.7,0.45,8.09,55.66,65.3,34.95,50.4,9.2,336.35,81.7,4.59,51.79,70.1,48.16,60.2,66.11,11.48
Peru 1,2024-25,Sport Huancayo,34.0,10.0,8.0,16.0,38.0,42.3,39.0,57.0,-18.0,33.2,51.5,1.03,1.01,10.48,38.5,13.07,18.24,11.46,1.25,1.5,12.57,53.78,62.6,27.19,49.3,13.15,351.82,84.0,3.99,47.71,72.6,45.65,58.5,64.15,9.72
Peru 1,2024-25,Cienciano,34.0,14.0,10.0,10.0,52.0,38.7,48.0,44.0,4.0,30.8,51.3,1.26,1.0,9.74,34.3,14.06,13.87,11.92,1.28,1.16,12.03,50.33,60.4,34.33,47.8,9.84,303.25,81.2,3.82,45.01,65.8,39.91,53.4,56.78,9.29
Peru 1,2024-25,Sporting Cristal,34.0,23.0,5.0,6.0,74.0,55.3,91.0,35.0,56.0,27.2,50.1,2.42,1.76,11.94,42.2,16.27,20.12,16.3,1.29,0.93,10.83,60.96,64.9,32.91,44.4,9.11,311.62,80.9,4.01,43.5,69.2,38.19,54.7,61.73,12.69
Peru 1,2024-25,Comerciantes Unidos,34.0,9.0,8.0,17.0,35.0,32.0,36.0,60.0,-24.0,28.8,50.1,0.94,0.73,8.05,32.2,11.09,18.7,6.98,1.47,1.57,12.93,55.52,61.8,34.8,47.4,10.23,270.03,80.2,3.25,35.9,62.5,43.79,57.7,51.56,10.12
Peru 1,2024-25,Los Chankas,34.0,10.0,9.0,15.0,39.0,40.8,42.0,47.0,-5.0,30.0,49.3,1.11,1.04,10.25,34.4,16.06,17.38,12.29,1.27,1.22,11.76,58.21,58.9,33.33,43.3,12.97,298.56,79.1,5.54,46.52,65.4,48.09,54.4,61.57,10.6
Peru 1,2024-25,Sport Boys,34.0,9.0,8.0,17.0,35.0,37.6,32.0,51.0,-19.0,30.7,47.3,0.84,0.91,9.44,31.6,11.15,13.08,9.49,1.26,1.34,10.36,63.61,64.6,42.68,42.2,9.46,271.29,79.1,3.88,38.62,63.6,40.39,58.4,56.39,6.7
Peru 1,2024-25,Alianza Atlético,34.0,11.0,11.0,12.0,44.0,45.5,28.0,34.0,-6.0,29.6,45.8,0.72,0.93,8.6,34.4,10.41,13.55,9.69,0.94,0.88,8.6,58.73,60.7,38.59,45.7,10.18,231.16,76.6,2.7,37.2,64.3,41.16,56.1,52.78,8.04
Peru 1,2024-25,Unión Comercio,34.0,3.0,8.0,23.0,17.0,30.1,30.0,79.0,-49.0,29.4,45.7,0.79,0.87,8.76,30.9,9.1,16.88,10.12,1.69,2.08,12.83,58.13,61.7,37.36,44.6,12.2,273.47,79.9,4.18,39.39,64.6,43.83,54.2,56.56,9.6
Peru 1,2024-25,Carlos Mannucci,34.0,7.0,10.0,17.0,31.0,36.9,34.0,64.0,-30.0,32.1,44.1,0.9,0.99,10.43,31.1,12.44,18.78,11.6,1.53,1.69,13.18,62.05,63.0,40.15,47.0,11.21,252.17,76.3,2.03,41.68,64.1,39.15,54.5,57.09,9.64
Peru 1,2024-25,UTC Cajamarca,34.0,7.0,10.0,17.0,31.0,41.0,35.0,53.0,-18.0,32.7,42.1,0.92,0.97,10.46,33.0,11.8,18.63,10.7,1.26,1.4,10.85,54.38,62.3,35.83,46.0,12.17,238.31,78.4,3.03,38.94,67.7,36.73,58.0,53.75,8.27
Peru 1,2024-25,Deportivo Garcilaso,34.0,10.0,7.0,17.0,37.0,45.3,37.0,43.0,-6.0,30.5,41.9,0.97,1.16,12.02,33.5,12.44,18.74,12.94,1.27,1.12,12.0,54.66,62.9,30.35,44.4,11.66,224.78,76.2,3.45,39.31,64.4,34.24,48.8,51.76,10.17
Poland 1,2024-25,Lech Poznań,34.0,22.0,4.0,8.0,70.0,55.8,68.0,31.0,37.0,27.3,57.6,1.84,1.55,13.1,37.1,15.69,18.6,21.2,1.16,0.84,11.13,57.08,60.4,25.68,45.2,9.09,457.88,84.5,4.37,53.01,74.2,37.61,50.6,73.47,15.93
Poland 1,2024-25,Pogoń Szczecin,34.0,17.0,7.0,10.0,58.0,60.2,59.0,40.0,19.0,29.4,55.2,1.61,1.72,13.06,36.9,17.09,16.49,21.55,1.13,1.09,10.4,52.47,60.9,32.9,48.3,9.88,418.62,82.7,3.54,50.89,68.7,42.35,50.7,68.17,13.09
Poland 1,2024-25,Górnik Zabrze,34.0,13.0,8.0,13.0,47.0,47.9,43.0,39.0,4.0,28.7,55.0,1.15,1.27,12.43,34.1,14.31,20.78,16.94,1.2,1.05,10.9,56.65,62.9,23.9,43.5,13.69,474.76,86.0,2.42,49.13,75.0,46.75,58.2,72.98,15.73
Poland 1,2024-25,Legia Warszawa,34.0,15.0,9.0,10.0,54.0,55.9,60.0,45.0,15.0,27.2,53.8,1.62,1.76,12.75,34.1,17.12,24.04,23.63,1.37,1.22,10.45,52.91,60.2,31.87,47.8,9.42,397.44,82.3,3.84,51.81,71.6,37.82,51.4,66.72,15.29
Poland 1,2024-25,Raków Częstochowa,34.0,20.0,9.0,5.0,69.0,57.3,51.0,23.0,28.0,28.3,53.8,1.35,1.35,11.55,35.9,16.03,25.45,17.94,0.93,0.61,8.52,50.35,61.4,38.94,46.8,9.4,368.09,83.5,3.58,42.76,70.5,37.93,53.0,57.94,17.6
Poland 1,2024-25,Jagiellonia Białystok,34.0,17.0,10.0,7.0,61.0,52.0,56.0,42.0,14.0,27.0,53.3,1.51,1.57,12.04,33.4,13.63,19.7,21.21,1.37,1.13,11.58,53.11,61.4,31.9,43.9,9.72,408.93,84.1,4.18,49.33,72.6,38.43,53.2,68.14,13.57
Poland 1,2024-25,Widzew Łódź,34.0,11.0,7.0,16.0,40.0,39.5,38.0,49.0,-11.0,27.6,50.0,1.02,1.14,10.92,28.9,12.8,18.46,14.5,1.53,1.32,11.78,56.44,59.8,29.06,45.3,11.64,371.51,83.2,3.77,41.35,66.6,41.29,51.6,58.76,14.56
Poland 1,2024-25,Katowice,34.0,14.0,7.0,13.0,49.0,42.1,49.0,47.0,2.0,30.2,49.3,1.34,1.5,12.49,33.5,15.16,18.83,18.06,1.69,1.28,14.21,52.68,57.5,37.6,47.0,10.57,372.98,81.7,3.17,40.16,66.5,45.66,55.8,65.52,12.65
Poland 1,2024-25,Stal Mielec,34.0,7.0,10.0,17.0,31.0,47.5,39.0,56.0,-17.0,29.2,48.8,1.06,1.5,11.2,32.5,15.17,16.42,16.04,1.48,1.52,12.34,58.25,60.3,33.68,47.4,11.94,379.33,82.3,2.5,41.59,68.9,41.94,56.7,67.6,12.61
Poland 1,2024-25,Śląsk Wrocław,34.0,6.0,12.0,16.0,30.0,46.0,38.0,53.0,-15.0,26.6,48.7,1.02,1.32,11.92,31.2,14.54,20.28,17.42,1.33,1.43,11.68,61.01,60.3,35.2,50.3,10.81,335.19,81.2,3.83,41.4,65.4,41.05,54.9,62.44,13.27
Poland 1,2024-25,Korona Kielce,34.0,11.0,12.0,11.0,45.0,42.3,37.0,45.0,-8.0,26.8,48.2,0.99,1.2,10.88,31.9,12.58,18.81,14.62,1.37,1.21,10.88,63.45,61.1,34.72,43.3,9.96,323.8,79.5,2.88,42.92,65.4,40.1,54.1,61.68,13.76
Poland 1,2024-25,Motor Lublin,34.0,14.0,7.0,13.0,49.0,44.7,48.0,59.0,-11.0,28.0,48.1,1.29,1.45,10.79,34.0,15.24,18.72,16.54,1.56,1.59,13.76,58.49,60.6,29.03,43.9,12.6,367.31,81.4,3.51,44.95,67.8,37.23,48.1,64.37,15.38
Poland 1,2024-25,Lechia Gdańsk,34.0,10.0,7.0,17.0,37.0,38.3,44.0,59.0,-15.0,24.5,48.0,1.19,1.3,10.68,35.7,13.65,21.93,16.76,1.73,1.6,12.14,65.53,63.9,34.79,40.6,10.64,353.73,81.4,3.33,43.69,70.3,40.85,52.9,59.45,14.68
Poland 1,2024-25,Radomiak Radom,34.0,11.0,8.0,15.0,41.0,47.4,48.0,52.0,-4.0,28.0,47.7,1.31,1.39,11.39,31.8,14.27,15.5,16.7,1.36,1.42,11.44,58.89,61.1,42.49,48.1,9.66,329.68,80.5,2.91,39.91,65.9,42.38,54.9,61.23,10.35
Poland 1,2024-25,Piast Gliwice,34.0,11.0,12.0,11.0,45.0,48.1,37.0,36.0,1.0,29.0,47.4,1.0,1.1,11.08,33.4,13.06,13.0,17.49,1.07,0.97,7.98,54.07,63.1,43.8,40.1,12.07,378.25,82.4,3.51,46.91,70.1,44.8,55.5,66.1,9.98
Poland 1,2024-25,Zagłębie Lubin,34.0,10.0,6.0,18.0,36.0,43.1,33.0,51.0,-18.0,27.0,46.4,0.9,1.31,12.37,32.9,16.01,17.66,18.04,1.46,1.38,12.89,59.99,61.7,41.65,45.8,10.6,338.35,78.8,2.77,43.6,66.5,42.95,55.0,65.93,13.3
Poland 1,2024-25,Cracovia Kraków,34.0,14.0,9.0,11.0,51.0,45.7,58.0,53.0,5.0,28.8,46.2,1.57,1.31,11.47,34.5,15.38,20.45,15.43,1.36,1.44,11.82,58.73,60.4,39.02,48.1,10.34,341.29,80.6,3.93,45.34,69.6,40.02,54.5,65.6,11.93
Poland 1,2024-25,Puszcza Niepołomice,34.0,6.0,10.0,18.0,28.0,35.7,37.0,63.0,-26.0,28.0,40.9,1.01,1.16,9.14,33.6,13.39,14.45,14.96,1.79,1.71,15.48,63.34,60.0,45.98,47.4,10.23,258.14,76.4,2.69,38.58,62.8,47.67,59.0,58.85,8.11
Portugal 1,2024-25,Porto,34.0,22.0,5.0,7.0,71.0,61.0,65.0,30.0,35.0,25.7,61.7,1.79,1.7,12.24,39.3,15.54,21.86,19.94,0.91,0.71,6.65,54.47,60.8,28.87,48.0,7.34,464.3,86.7,6.05,55.85,73.7,36.63,56.2,66.21,14.99
Portugal 1,2024-25,Sporting CP,34.0,25.0,7.0,2.0,82.0,74.4,88.0,27.0,61.0,25.2,61.2,2.42,2.11,15.87,37.7,15.13,29.46,26.99,0.65,0.71,6.21,53.81,62.8,24.33,48.6,8.94,465.98,87.8,5.38,62.21,80.9,31.66,59.8,71.63,18.81
Portugal 1,2024-25,Benfica,34.0,25.0,5.0,4.0,80.0,37.7,84.0,28.0,56.0,26.6,58.1,4.04,1.92,13.81,40.4,15.98,22.86,22.96,0.93,0.77,8.57,56.98,64.1,29.02,50.6,10.22,450.48,84.3,5.68,59.25,72.3,40.91,57.8,70.03,15.74
Portugal 1,2024-25,Sporting Braga,34.0,19.0,9.0,6.0,66.0,55.9,55.0,30.0,25.0,27.2,56.7,1.52,1.42,11.48,39.8,16.68,19.72,18.78,0.91,0.8,7.88,62.56,60.5,32.58,45.0,8.29,457.08,84.3,5.28,56.84,68.5,45.08,52.2,70.31,13.88
Portugal 1,2024-25,Vitória Guimarães,34.0,14.0,12.0,8.0,54.0,57.2,47.0,37.0,10.0,27.5,55.0,1.29,1.38,11.17,34.6,17.22,17.96,16.34,0.93,0.99,8.05,56.82,62.2,33.7,44.8,8.57,412.77,83.8,3.78,53.21,71.0,38.16,58.0,69.36,12.13
Portugal 1,2024-25,Arouca,34.0,9.0,11.0,14.0,38.0,43.0,35.0,49.0,-14.0,25.9,51.4,0.96,1.15,10.05,34.1,12.46,14.37,12.68,1.31,1.29,10.98,60.78,58.6,29.11,43.9,10.54,375.96,82.3,5.8,44.19,64.7,42.8,51.7,60.95,9.86
Portugal 1,2024-25,Gil Vicente,34.0,8.0,10.0,16.0,34.0,40.8,34.0,47.0,-13.0,27.0,51.2,0.93,0.93,8.21,32.4,10.03,17.23,12.42,1.13,1.15,10.25,56.46,63.9,30.36,46.7,11.23,381.13,83.5,3.19,39.45,65.0,40.69,53.8,60.69,12.28
Portugal 1,2024-25,Famalicão,34.0,12.0,11.0,11.0,47.0,49.2,44.0,39.0,5.0,25.4,50.8,1.21,1.14,10.21,35.4,13.2,21.09,13.75,1.02,0.97,9.39,60.21,62.1,33.29,49.1,10.58,348.85,81.0,3.62,44.53,67.3,39.04,51.7,60.54,11.62
Portugal 1,2024-25,Estoril,34.0,12.0,10.0,12.0,46.0,39.4,48.0,53.0,-5.0,26.5,48.8,1.33,1.05,8.43,38.2,10.12,19.77,11.7,1.32,1.39,9.82,62.63,61.9,34.49,44.1,10.71,360.33,82.5,4.13,41.92,64.9,40.2,52.7,57.84,11.4
Portugal 1,2024-25,Nacional,34.0,9.0,7.0,18.0,34.0,37.9,32.0,50.0,-18.0,26.6,48.6,0.87,1.01,11.12,32.1,12.32,16.36,12.13,1.35,1.28,11.42,58.86,60.8,35.14,43.5,10.53,297.48,79.1,4.53,40.51,62.1,41.22,54.0,56.0,10.5
Portugal 1,2024-25,Rio Ave,34.0,9.0,11.0,14.0,38.0,36.2,39.0,55.0,-16.0,28.0,47.9,1.05,1.0,9.11,35.7,9.46,21.45,11.96,1.64,1.48,13.04,63.31,61.7,28.28,45.5,11.25,347.23,81.4,4.35,41.64,62.6,38.36,49.6,61.05,12.31
Portugal 1,2024-25,Moreirense,34.0,10.0,10.0,14.0,40.0,40.4,42.0,50.0,-8.0,28.6,46.6,1.15,0.94,8.97,37.3,9.71,15.59,10.95,1.09,1.29,10.56,59.08,61.1,34.98,42.2,11.67,338.27,82.2,3.57,38.99,64.3,37.34,50.5,58.28,10.65
Portugal 1,2024-25,Casa Pia AC,34.0,12.0,9.0,13.0,45.0,38.0,39.0,44.0,-5.0,27.9,46.4,1.04,0.91,7.71,34.3,10.91,17.16,11.13,1.31,1.17,11.9,56.49,58.2,35.14,45.8,11.46,322.43,80.0,4.06,40.93,61.8,42.93,51.8,59.34,8.59
Portugal 1,2024-25,Santa Clara,34.0,17.0,6.0,11.0,57.0,53.8,36.0,32.0,4.0,27.8,45.6,0.99,1.22,9.62,35.0,10.77,17.21,12.09,0.92,0.77,8.77,60.59,61.5,36.78,48.8,10.41,298.47,78.7,4.19,42.15,60.1,40.51,48.8,56.04,9.92
Portugal 1,2024-25,Estrela Amadora,34.0,7.0,8.0,19.0,29.0,36.5,24.0,50.0,-26.0,27.1,45.4,0.66,0.84,8.08,31.5,10.76,17.82,9.94,1.2,1.34,10.98,60.43,60.8,36.55,45.5,10.32,280.16,77.6,3.92,39.35,58.9,40.25,50.0,54.51,8.54
Portugal 1,2024-25,AVS ,34.0,5.0,12.0,17.0,27.0,31.7,25.0,60.0,-35.0,28.0,43.2,0.69,0.89,8.31,28.6,11.6,16.55,9.72,1.54,1.49,12.02,59.7,60.0,35.77,46.7,13.17,315.3,80.0,2.29,38.2,59.9,42.04,51.8,57.57,8.67
Portugal 1,2024-25,Farense,34.0,6.0,9.0,19.0,27.0,33.8,25.0,46.0,-21.0,28.9,42.4,0.68,0.83,9.11,33.4,12.35,18.47,11.56,1.38,1.17,11.18,66.87,60.5,41.74,45.2,10.05,259.39,76.1,4.0,38.55,60.8,42.69,53.6,55.28,8.62
Portugal 1,2024-25,Boavista,34.0,6.0,6.0,22.0,24.0,36.8,24.0,59.0,-35.0,28.7,40.2,0.66,1.06,9.16,32.0,11.62,12.86,10.64,1.5,1.54,12.53,59.3,59.6,33.14,45.2,13.32,281.08,76.7,5.21,43.31,57.7,43.59,52.3,56.97,6.8
Portugal 2,2024-25,Vizela,34.0,17.0,11.0,6.0,62.0,57.0,50.0,30.0,20.0,26.0,58.9,1.34,1.39,12.36,30.8,16.92,19.79,17.75,0.93,0.8,9.65,56.1,61.1,32.42,45.7,7.44,393.17,83.9,3.73,51.78,68.7,39.31,51.0,66.03,16.22
Portugal 2,2024-25,Benfica II,34.0,15.0,10.0,9.0,55.0,50.6,53.0,38.0,15.0,21.8,54.2,1.4,1.3,11.23,34.4,10.6,14.85,14.85,1.19,1.0,10.83,56.84,58.5,34.43,47.8,9.78,374.08,82.8,4.07,50.05,64.3,43.76,52.5,64.63,12.18
Portugal 2,2024-25,Porto II,34.0,8.0,11.0,15.0,35.0,44.1,36.0,47.0,-11.0,22.3,53.4,0.99,1.12,10.34,33.7,10.91,24.08,12.37,1.2,1.29,9.63,57.01,61.6,37.35,46.0,9.1,336.83,80.7,4.09,45.55,63.0,44.95,49.8,61.67,13.05
Portugal 2,2024-25,Felgueiras 1932,34.0,11.0,13.0,10.0,46.0,57.3,43.0,38.0,5.0,27.9,53.2,1.14,1.44,11.51,34.6,18.46,17.55,17.82,0.99,1.01,8.17,62.93,62.2,45.88,45.7,6.61,314.07,78.8,2.78,50.22,67.2,42.72,55.1,68.34,11.83
Portugal 2,2024-25,Torreense,34.0,15.0,9.0,10.0,54.0,47.4,49.0,42.0,7.0,26.0,53.1,1.28,1.24,11.07,34.3,15.31,20.13,14.92,1.2,1.1,10.31,57.42,59.9,38.18,49.5,7.55,313.57,77.8,3.09,43.86,59.2,43.86,50.5,61.16,11.78
Portugal 2,2024-25,União de Leiria,34.0,15.0,7.0,12.0,52.0,53.9,49.0,37.0,12.0,28.6,52.6,1.31,1.29,11.21,34.9,12.65,19.87,14.46,0.97,0.99,10.41,57.27,62.0,31.78,48.3,10.68,350.57,82.8,4.74,40.09,65.3,38.33,54.1,60.81,14.84
Portugal 2,2024-25,Marítimo,34.0,10.0,13.0,11.0,43.0,48.0,42.0,48.0,-6.0,26.9,51.9,1.12,1.15,11.5,34.1,18.04,19.16,14.81,1.03,1.28,9.21,62.68,62.5,38.45,48.6,8.07,320.83,79.8,4.94,47.39,67.0,38.4,52.1,60.36,14.73
Portugal 2,2024-25,Chaves,34.0,14.0,9.0,11.0,51.0,49.5,40.0,34.0,6.0,29.1,50.4,1.08,1.21,11.44,35.1,14.67,17.96,13.49,1.08,0.92,9.84,59.33,61.1,32.85,42.2,10.18,342.42,81.5,3.43,41.51,67.8,39.48,55.9,61.17,11.35
Portugal 2,2024-25,UD Oliveirense,34.0,7.0,8.0,19.0,29.0,30.5,30.0,64.0,-34.0,28.5,49.8,0.8,0.88,9.12,32.6,14.63,15.19,11.61,1.65,1.71,11.9,64.51,61.1,39.26,42.7,8.51,320.23,77.6,4.57,45.95,59.7,45.6,51.3,63.44,9.6
Portugal 2,2024-25,Mafra,34.0,6.0,9.0,19.0,27.0,41.3,29.0,54.0,-25.0,25.9,49.2,0.77,1.02,8.64,34.6,12.16,14.8,11.55,1.26,1.44,10.4,54.63,59.7,39.77,47.1,9.68,300.78,77.2,4.11,44.95,59.8,46.41,51.3,62.1,9.15
Portugal 2,2024-25,Alverca,34.0,17.0,12.0,5.0,63.0,52.3,58.0,33.0,25.0,28.1,48.7,1.53,1.22,9.85,40.8,14.03,18.33,16.09,0.98,0.87,9.99,55.32,62.4,35.42,48.8,11.19,341.38,82.6,3.8,39.57,66.1,38.67,53.7,63.21,11.49
Portugal 2,2024-25,Leixões,34.0,10.0,11.0,13.0,41.0,42.6,37.0,42.0,-5.0,30.3,48.6,0.98,0.97,9.02,32.4,13.85,17.37,12.84,1.1,1.11,10.82,62.1,61.5,39.6,42.4,8.74,303.02,77.2,2.89,45.2,61.1,42.6,49.4,59.97,10.5
Portugal 2,2024-25,Feirense,34.0,13.0,10.0,11.0,49.0,41.1,35.0,34.0,1.0,28.4,47.7,0.97,0.95,10.98,30.7,15.61,16.16,12.25,1.16,0.91,10.32,60.38,62.8,35.91,41.6,12.49,356.33,80.2,2.7,43.19,66.3,44.96,53.9,66.78,9.9
Portugal 2,2024-25,Paços de Ferreira,34.0,9.0,6.0,19.0,33.0,38.9,33.0,50.0,-17.0,28.6,47.6,0.88,1.01,10.71,34.3,16.04,16.41,12.79,1.31,1.33,11.51,66.71,62.4,36.82,43.3,8.3,290.86,78.2,3.68,41.62,62.5,39.43,49.9,59.04,11.99
Portugal 2,2024-25,Portimonense,34.0,9.0,7.0,18.0,34.0,33.9,38.0,54.0,-16.0,25.7,45.9,1.06,0.96,8.78,34.7,11.91,18.74,10.26,1.43,1.4,12.05,59.4,60.3,36.95,47.3,11.12,284.91,79.9,3.61,39.35,61.7,40.02,54.1,58.26,11.08
Portugal 2,2024-25,Académico de Viseu F.C.,34.0,11.0,12.0,11.0,45.0,45.4,43.0,41.0,2.0,27.5,45.0,1.15,1.03,8.36,37.1,12.64,14.91,11.38,1.06,1.1,10.93,59.01,60.3,41.62,45.2,10.63,296.87,77.4,3.47,42.21,56.5,42.93,49.0,59.17,8.15
Portugal 2,2024-25,Tondela,34.0,17.0,13.0,4.0,64.0,57.8,58.0,35.0,23.0,30.5,44.9,1.54,1.41,10.81,38.1,14.69,13.95,14.48,0.95,0.93,8.5,58.44,63.1,41.79,48.0,9.98,293.7,78.0,3.45,41.44,63.2,39.66,50.2,58.79,9.88
Portugal 2,2024-25,Penafiel,34.0,12.0,9.0,13.0,45.0,43.5,45.0,47.0,-2.0,28.1,44.2,1.18,1.07,8.74,33.3,11.28,13.56,10.89,1.19,1.23,11.28,58.0,60.2,43.28,45.5,10.37,268.71,77.0,2.54,37.3,60.2,37.72,49.6,54.59,8.53
Romania 1,2024-25,FCS Bucureşti,40.0,22.0,14.0,4.0,80.0,71.0,61.0,33.0,28.0,27.5,57.6,1.39,1.59,12.78,36.7,12.23,21.57,18.22,0.94,0.75,8.77,61.71,63.9,36.1,46.0,8.23,416.58,82.6,6.49,49.48,66.0,47.15,55.7,68.09,14.78
Romania 1,2024-25,Universitatea Craiova,40.0,18.0,12.0,10.0,66.0,71.0,58.0,39.0,19.0,28.0,55.1,1.32,1.43,11.8,39.3,14.04,24.06,17.92,0.88,0.89,8.79,59.79,64.4,33.04,49.7,9.4,425.64,83.4,4.73,52.17,69.3,46.03,55.3,67.37,17.01
Romania 1,2024-25,Dinamo Bucureşti,40.0,14.0,14.0,12.0,56.0,56.4,51.0,45.0,6.0,28.0,55.0,1.16,1.09,9.72,33.3,12.5,17.69,15.46,1.03,1.02,9.38,59.24,64.5,37.61,49.8,9.9,420.08,83.0,3.37,45.65,63.8,40.98,50.1,64.27,12.09
Romania 1,2024-25,Universitatea Cluj,40.0,18.0,11.0,11.0,65.0,62.0,55.0,42.0,13.0,30.9,54.9,1.26,1.31,10.64,33.5,14.65,20.39,16.43,1.04,0.96,9.0,62.97,64.4,36.92,46.4,9.35,440.32,82.6,3.48,53.63,68.1,51.78,55.7,75.85,13.34
Romania 1,2024-25,Farul Constanţa,39.0,11.0,15.0,13.0,48.0,43.9,41.0,47.0,-6.0,27.2,53.2,0.96,1.01,10.97,32.5,11.56,19.95,12.45,1.39,1.1,12.5,65.88,60.9,35.33,46.9,10.38,414.18,80.2,5.84,53.87,62.0,55.44,53.1,75.98,12.78
Romania 1,2024-25,Oţelul,39.0,13.0,12.0,14.0,51.0,55.0,37.0,37.0,0.0,30.8,50.0,0.87,1.13,9.57,32.4,15.54,18.79,14.79,1.09,0.87,9.83,65.99,64.8,51.1,47.2,9.38,353.18,77.0,2.87,52.04,62.9,53.69,54.6,71.54,11.15
Romania 1,2024-25,Botoşani,39.0,11.0,11.0,17.0,44.0,52.8,37.0,49.0,-12.0,28.8,49.8,0.86,1.12,11.71,33.4,10.83,20.86,15.58,1.12,1.14,9.03,63.99,62.0,43.4,43.0,9.89,332.38,76.9,3.26,47.83,60.3,51.81,52.7,66.25,12.02
Romania 1,2024-25,Petrolul 52,39.0,12.0,15.0,12.0,51.0,50.9,39.0,39.0,0.0,29.0,49.3,0.91,0.97,9.57,33.0,14.04,16.99,11.86,1.03,0.91,9.36,63.32,63.3,43.55,45.6,10.7,349.84,78.2,2.39,46.19,61.7,42.29,48.2,64.45,10.44
Romania 1,2024-25,Rapid Bucureşti,40.0,13.0,17.0,10.0,56.0,59.6,47.0,43.0,4.0,24.4,49.2,1.06,1.24,10.99,33.4,13.23,20.55,15.91,1.05,0.97,11.06,60.86,63.0,36.73,41.8,12.0,373.57,81.2,4.4,49.19,64.5,47.88,51.9,64.37,14.07
Romania 1,2024-25,Sepsi,39.0,12.0,10.0,17.0,46.0,49.0,45.0,51.0,-6.0,29.8,48.2,1.06,1.14,9.79,36.5,14.85,20.01,14.76,1.33,1.21,11.16,65.67,64.2,39.02,43.8,9.35,356.31,77.6,4.33,54.81,63.2,51.57,51.3,69.97,11.02
Romania 1,2024-25,CFR Cluj,40.0,18.0,16.0,6.0,70.0,69.5,73.0,43.0,30.0,28.0,47.8,1.67,1.45,11.79,37.4,13.27,17.93,16.63,0.91,0.98,8.02,57.11,64.4,45.18,47.6,10.91,337.23,78.6,4.23,50.44,64.4,43.86,52.4,62.61,10.3
Romania 1,2024-25,Hermannstadt,39.0,15.0,11.0,13.0,56.0,51.8,46.0,48.0,-2.0,29.8,46.8,1.09,1.16,9.56,36.6,15.07,19.51,14.36,1.33,1.14,12.42,60.06,62.5,30.2,46.8,16.6,399.88,80.9,3.36,49.79,66.2,44.25,53.6,71.79,15.68
Romania 1,2024-25,AS FC Buzău,39.0,7.0,6.0,26.0,27.0,34.4,29.0,65.0,-36.0,29.6,46.8,0.68,0.75,8.19,34.2,11.02,16.88,10.83,1.52,1.53,12.62,60.33,64.0,39.98,41.9,12.49,339.09,77.8,2.85,44.65,60.5,47.78,49.8,64.31,9.98
Romania 1,2024-25,Unirea Slobozia,39.0,10.0,10.0,19.0,40.0,43.8,39.0,55.0,-16.0,31.0,45.8,0.91,0.94,9.52,32.3,13.73,17.7,12.94,1.3,1.29,12.21,70.29,61.9,50.39,45.3,9.44,309.7,74.8,2.55,46.5,59.9,49.66,52.0,66.16,9.66
Romania 1,2024-25,Poli Iaşi,39.0,11.0,10.0,18.0,43.0,48.5,38.0,51.0,-13.0,29.1,44.9,0.88,1.09,10.93,32.9,12.32,20.11,11.34,1.25,1.18,11.76,60.49,63.2,39.11,44.0,12.1,310.01,75.5,3.69,48.39,60.1,52.07,49.8,63.97,10.37
Romania 1,2024-25,UTA Arad,39.0,12.0,12.0,15.0,48.0,46.5,37.0,46.0,-9.0,28.1,44.7,0.87,1.03,10.39,34.8,13.04,15.88,12.85,1.31,1.08,12.43,63.9,64.4,42.12,42.5,11.76,326.75,78.2,3.21,47.09,62.5,47.81,50.9,63.53,11.35
Russia 1,2024-25,Spartak Moskva,30.0,17.0,6.0,7.0,57.0,59.9,56.0,25.0,31.0,26.6,61.4,1.7,1.82,14.06,38.4,17.57,23.63,21.17,0.88,0.76,8.0,59.31,62.8,34.14,48.5,6.57,451.94,85.9,3.88,54.16,78.7,36.5,59.8,66.55,20.87
Russia 1,2024-25,Zenit,30.0,20.0,6.0,4.0,66.0,60.1,58.0,18.0,40.0,27.4,60.5,1.76,1.94,13.1,39.9,18.94,23.75,25.63,0.86,0.55,7.97,51.9,66.8,33.45,48.7,10.21,479.89,87.2,4.1,55.92,78.5,38.65,61.6,72.18,18.09
Russia 1,2024-25,Krasnodar,30.0,20.0,7.0,3.0,67.0,51.0,59.0,23.0,36.0,28.3,57.2,1.77,1.68,11.91,37.2,13.2,19.69,19.19,1.22,0.69,10.12,61.03,64.4,40.11,47.9,7.11,370.42,83.3,3.23,46.6,73.0,45.85,58.6,66.18,13.35
Russia 1,2024-25,CSKA Moskva,30.0,17.0,8.0,5.0,59.0,51.0,47.0,21.0,26.0,28.2,52.7,1.43,1.52,11.97,40.6,13.16,17.05,17.62,0.98,0.64,8.9,55.36,65.5,34.67,49.4,12.93,426.36,84.7,3.8,46.49,74.9,43.3,57.8,72.35,12.79
Russia 1,2024-25,Rostov,30.0,10.0,9.0,11.0,39.0,43.8,41.0,43.0,-2.0,27.0,52.2,1.24,1.57,12.47,31.8,16.58,17.37,19.73,1.38,1.3,10.32,58.44,64.5,57.8,48.7,8.23,340.18,79.4,4.3,51.93,67.3,58.13,58.1,71.45,12.89
Russia 1,2024-25,Dinamo Moskva,30.0,16.0,8.0,6.0,56.0,48.0,61.0,35.0,26.0,26.7,51.7,1.83,1.73,13.88,37.8,12.26,20.56,19.42,1.36,1.05,10.82,63.84,63.3,34.62,48.1,9.61,359.94,81.0,4.11,46.36,71.8,40.13,57.4,71.27,14.63
Russia 1,2024-25,Orenburg,30.0,4.0,7.0,19.0,19.0,33.1,28.0,56.0,-28.0,25.6,50.8,0.85,1.26,13.31,30.1,20.43,25.46,19.58,1.74,1.7,12.91,65.14,64.8,39.26,44.2,9.17,341.96,79.2,4.15,48.29,68.6,50.53,57.5,70.54,15.55
Russia 1,2024-25,Lokomotiv Moskva,30.0,15.0,8.0,7.0,53.0,39.4,51.0,41.0,10.0,26.0,48.7,1.54,1.47,12.26,37.5,13.83,20.85,19.7,1.53,1.24,11.11,62.01,61.6,42.94,44.0,9.89,350.13,81.5,3.72,47.81,69.9,38.07,55.6,63.37,13.5
Russia 1,2024-25,Akron Togliatti,30.0,10.0,5.0,15.0,35.0,32.2,39.0,55.0,-16.0,27.4,48.6,1.19,1.32,10.38,32.3,16.38,18.97,17.96,1.97,1.67,15.01,64.61,61.7,44.57,46.6,10.18,320.57,78.1,2.53,46.22,70.7,48.17,60.9,69.08,13.21
Russia 1,2024-25,Akhmat Grozny,30.0,4.0,13.0,13.0,25.0,43.2,27.0,48.0,-21.0,29.1,48.0,0.81,1.36,11.33,30.5,10.19,23.18,16.8,1.32,1.44,10.58,62.74,63.2,47.34,45.7,8.76,296.99,78.6,3.1,45.99,64.6,49.51,57.6,60.9,13.74
Russia 1,2024-25,Krylya Sovetov,30.0,8.0,7.0,15.0,31.0,38.3,36.0,51.0,-15.0,27.9,47.9,1.09,1.27,9.88,37.8,13.46,15.47,14.07,1.44,1.55,11.7,62.32,63.6,32.48,41.9,12.65,368.66,80.3,2.58,42.08,66.6,41.11,49.8,64.36,12.73
Russia 1,2024-25,Khimki,30.0,6.0,11.0,13.0,29.0,33.7,35.0,56.0,-21.0,28.7,46.8,1.06,1.28,9.38,36.8,12.25,17.03,16.91,1.78,1.69,14.79,60.08,62.3,42.38,45.0,12.66,326.24,78.8,2.84,40.96,68.5,43.99,56.8,61.99,10.74
Russia 1,2024-25,Fakel,30.0,2.0,12.0,16.0,18.0,32.5,14.0,42.0,-28.0,29.5,43.3,0.42,0.91,8.7,24.2,13.39,14.5,14.35,1.42,1.26,11.52,67.91,63.8,58.22,42.0,9.52,257.42,74.8,3.1,41.22,65.0,49.44,61.8,61.84,7.22
Russia 1,2024-25,Rubin Kazan',30.0,13.0,6.0,11.0,45.0,38.3,42.0,45.0,-3.0,27.8,43.3,1.27,1.3,9.82,35.1,9.97,16.62,14.44,1.52,1.36,11.36,66.44,61.5,43.44,48.0,10.13,289.76,76.4,3.81,44.32,63.1,44.38,51.3,60.97,8.7
Russia 1,2024-25,Dynamo Makhachkala,30.0,6.0,11.0,13.0,29.0,34.9,27.0,35.0,-8.0,25.9,43.3,0.82,0.97,9.18,33.3,12.9,20.29,14.05,1.27,1.06,10.21,70.56,64.8,49.63,42.2,8.8,274.6,73.3,5.42,46.18,58.3,48.54,52.0,59.87,8.72
Russia 1,2024-25,Nizhny Novgorod,30.0,7.0,6.0,17.0,27.0,28.4,27.0,54.0,-27.0,27.5,41.7,0.81,1.08,7.65,31.6,9.54,15.9,10.64,1.82,1.61,13.9,61.36,61.4,44.6,43.9,12.55,283.57,78.6,2.69,37.84,64.6,45.73,55.6,58.44,9.06
Saudi 1,2024-25,Al Nassr,34.0,21.0,7.0,6.0,70.0,67.5,80.0,38.0,42.0,29.5,61.6,2.02,1.92,13.64,39.7,17.0,20.52,22.87,1.02,1.01,8.45,57.03,62.3,20.57,49.9,7.77,452.05,86.9,5.44,54.37,76.2,32.21,58.5,64.47,16.83
Saudi 1,2024-25,Al Hilal,34.0,23.0,6.0,5.0,75.0,75.1,95.0,41.0,54.0,30.4,59.9,2.39,2.09,14.43,41.7,17.75,22.15,25.68,0.82,1.03,6.97,50.65,60.1,21.68,47.5,8.42,454.05,87.1,4.88,57.37,79.7,32.17,62.6,68.98,20.77
Saudi 1,2024-25,Al Ittihad,34.0,26.0,5.0,3.0,83.0,61.5,79.0,35.0,44.0,29.8,57.4,2.0,1.62,9.69,48.8,13.79,21.89,20.25,1.07,0.89,9.67,53.63,62.9,15.36,46.6,11.08,472.5,87.8,4.86,54.87,78.4,28.9,54.6,62.79,19.06
Saudi 1,2024-25,Al Shabab,34.0,18.0,6.0,10.0,60.0,55.4,65.0,41.0,24.0,29.8,54.3,1.65,1.51,10.7,40.3,14.27,20.38,18.35,1.11,1.04,9.73,54.72,60.9,20.15,47.5,10.93,417.36,86.5,5.45,51.55,72.2,38.19,58.2,63.34,14.6
Saudi 1,2024-25,Al Ahli,34.0,21.0,4.0,9.0,67.0,67.6,69.0,36.0,33.0,27.7,54.0,1.71,1.93,11.64,44.2,12.71,17.08,19.55,0.97,0.89,8.18,61.57,62.3,20.66,51.8,8.43,340.03,83.0,6.48,47.24,67.6,37.08,54.3,59.2,13.6
Saudi 1,2024-25,Al Taawon,34.0,12.0,9.0,13.0,45.0,37.9,40.0,39.0,1.0,29.0,53.0,1.02,0.96,9.02,33.9,11.62,18.75,12.66,1.36,0.99,10.57,58.08,61.8,22.98,44.2,12.42,412.09,86.4,3.8,49.62,73.6,43.08,60.0,60.48,11.57
Saudi 1,2024-25,Al Qadisiyah,34.0,21.0,5.0,8.0,68.0,68.5,53.0,31.0,22.0,28.4,52.9,1.36,1.91,12.63,39.8,18.89,23.43,19.22,0.87,0.8,7.13,57.82,63.4,21.61,43.6,10.82,417.28,85.3,5.75,48.61,71.4,39.39,57.1,62.03,15.09
Saudi 1,2024-25,Al Ettifaq,34.0,14.0,8.0,12.0,50.0,43.0,44.0,45.0,-1.0,29.4,52.4,1.11,1.09,9.67,37.7,13.17,20.6,13.34,1.27,1.13,9.9,52.19,59.3,20.13,45.2,12.84,368.12,85.0,4.52,45.18,72.1,34.22,56.4,58.32,14.4
Saudi 1,2024-25,Al Feiha,34.0,8.0,12.0,14.0,36.0,38.1,27.0,49.0,-22.0,30.1,49.3,0.69,0.89,7.0,33.7,11.11,19.4,13.49,1.23,1.26,10.08,62.01,59.5,22.68,42.4,11.48,356.59,83.4,4.44,42.2,69.2,35.82,54.9,59.21,13.26
Saudi 1,2024-25,Al Fateh,34.0,11.0,6.0,17.0,39.0,43.1,47.0,61.0,-14.0,28.7,49.1,1.18,1.24,10.9,37.8,15.68,22.93,15.88,1.5,1.53,11.75,64.02,59.3,23.96,47.7,10.66,322.29,82.4,3.73,44.04,69.2,38.16,55.6,57.97,13.28
Saudi 1,2024-25,Al Khaleej,34.0,10.0,7.0,17.0,37.0,39.4,40.0,57.0,-17.0,31.0,49.1,1.01,1.04,9.16,38.4,12.68,19.26,12.55,1.47,1.44,11.47,61.1,62.5,22.3,40.9,13.44,354.43,83.5,3.62,44.44,69.6,40.9,60.3,57.78,12.73
Saudi 1,2024-25,Al Riyadh,34.0,10.0,8.0,16.0,38.0,33.2,37.0,52.0,-15.0,30.1,45.7,0.93,0.86,8.96,36.6,13.21,19.04,11.52,1.55,1.31,10.18,52.22,59.6,22.6,39.9,16.51,313.79,82.7,3.59,43.11,70.4,37.5,56.0,56.79,14.82
Saudi 1,2024-25,Al Akhdoud,34.0,9.0,7.0,18.0,34.0,45.9,33.0,56.0,-23.0,30.7,45.1,0.83,1.03,9.87,29.8,13.25,18.31,14.69,1.15,1.41,8.82,53.32,60.5,19.87,45.5,15.14,307.18,81.1,4.16,45.57,65.9,39.45,51.9,58.09,11.79
Saudi 1,2024-25,Dhamk,34.0,9.0,8.0,17.0,35.0,40.5,37.0,50.0,-13.0,29.9,44.4,0.93,1.01,8.81,35.4,9.59,21.45,10.6,1.36,1.26,11.0,58.78,57.9,18.3,45.9,15.48,280.6,80.6,3.45,37.41,63.1,44.58,56.0,50.9,11.18
Saudi 1,2024-25,Al Wehda,34.0,9.0,6.0,19.0,33.0,33.5,42.0,67.0,-25.0,30.7,44.0,1.07,0.92,8.87,37.1,12.31,13.22,12.28,1.5,1.71,11.85,57.33,61.2,21.94,43.6,15.9,313.14,81.1,4.15,45.05,65.8,37.87,50.7,57.0,10.14
Saudi 1,2024-25,Al Raed,34.0,6.0,3.0,25.0,21.0,29.6,41.0,66.0,-25.0,28.9,44.0,1.04,0.86,7.63,37.4,8.92,18.41,12.07,1.63,1.67,12.68,56.18,61.2,20.51,41.0,17.16,314.31,82.0,3.28,36.45,64.7,38.39,53.5,52.44,9.9
Saudi 1,2024-25,Al Kholood,34.0,12.0,4.0,18.0,40.0,41.5,42.0,64.0,-22.0,29.5,43.3,1.07,1.21,10.8,38.4,9.17,28.63,14.95,1.51,1.63,11.0,59.94,63.0,17.09,45.3,14.45,286.43,81.3,3.24,36.28,68.2,30.19,50.6,48.99,17.12
Saudi 1,2024-25,Al Orubah,34.0,9.0,3.0,22.0,30.0,30.9,31.0,74.0,-43.0,30.6,39.8,0.79,0.87,8.03,35.6,10.58,13.23,9.28,1.6,1.84,12.13,57.25,58.9,25.31,45.3,17.39,292.3,79.8,3.75,40.73,62.5,39.76,51.5,56.02,9.2
Scotland 2,2024-25,Falkirk,36.0,22.0,7.0,7.0,73.0,71.4,72.0,33.0,39.0,26.7,57.2,1.86,1.86,13.62,38.2,21.35,25.16,22.78,0.88,0.85,6.86,57.85,63.4,49.98,47.5,8.73,412.31,80.8,3.36,57.0,65.0,52.03,51.9,74.24,17.11
Scotland 2,2024-25,Livingston,36.0,20.0,10.0,6.0,70.0,59.0,55.0,27.0,28.0,30.1,56.9,1.41,1.29,10.85,36.4,17.67,17.82,18.21,0.9,0.69,8.0,60.95,63.4,64.97,46.4,7.93,410.51,80.0,3.28,59.56,61.9,61.97,55.5,80.18,13.49
Scotland 2,2024-25,Ayr United,36.0,18.0,9.0,9.0,63.0,59.1,57.0,39.0,18.0,25.9,52.2,1.52,1.27,10.41,37.1,19.75,21.64,14.32,0.82,1.01,7.69,56.81,63.1,60.08,48.3,9.29,353.48,76.7,3.09,56.86,63.9,55.16,52.9,76.21,12.51
Scotland 2,2024-25,Dunfermline Athletic,36.0,9.0,8.0,19.0,35.0,46.3,28.0,43.0,-15.0,25.9,50.1,0.72,1.03,9.33,32.4,15.5,22.29,13.3,1.07,1.11,8.34,58.87,67.2,62.7,46.2,7.92,301.9,74.6,2.14,50.68,56.5,51.66,50.9,64.99,11.24
Scotland 2,2024-25,Partick Thistle,36.0,15.0,10.0,11.0,55.0,50.1,43.0,38.0,5.0,29.7,49.4,1.12,1.1,8.56,38.0,15.91,19.58,14.67,1.1,0.99,10.19,64.62,63.3,57.91,51.4,11.45,341.28,74.8,3.85,51.1,53.3,63.09,47.6,69.27,11.81
Scotland 2,2024-25,Queen's Park,36.0,9.0,8.0,19.0,35.0,32.7,36.0,55.0,-19.0,25.5,48.1,0.96,0.85,8.03,37.0,14.19,19.09,13.3,1.55,1.45,12.47,65.29,60.8,49.44,42.1,12.46,367.66,78.0,3.83,50.81,60.0,57.07,48.0,70.7,12.47
Scotland 2,2024-25,Greenock Morton,36.0,12.0,12.0,12.0,48.0,37.0,42.0,48.0,-6.0,27.2,47.4,1.12,0.89,7.68,39.4,11.81,17.59,10.47,1.41,1.26,10.9,65.45,62.6,54.4,44.8,11.29,302.36,73.5,2.78,47.65,51.8,58.87,45.8,63.79,9.37
Scotland 2,2024-25,Airdrieonians,36.0,7.0,8.0,21.0,29.0,38.9,34.0,62.0,-28.0,24.1,47.4,0.88,1.09,9.67,36.0,15.18,20.82,15.52,1.66,1.61,12.43,66.08,62.1,51.55,40.5,10.51,334.91,76.2,3.72,48.33,57.7,58.23,50.2,71.75,9.93
Scotland 2,2024-25,Hamilton Academical,36.0,10.0,6.0,20.0,36.0,39.1,38.0,64.0,-26.0,27.8,45.7,0.98,1.05,9.24,37.8,14.27,17.14,12.53,1.47,1.66,11.63,67.03,60.5,59.5,45.0,12.08,306.3,73.3,3.37,54.63,51.8,60.22,47.5,65.71,8.62
Scotland 2,2024-25,Raith Rovers,36.0,15.0,8.0,13.0,53.0,56.3,47.0,43.0,4.0,30.0,45.4,1.25,1.23,8.92,36.9,12.66,16.38,12.58,0.81,1.11,7.99,60.59,66.7,59.56,45.9,10.46,322.58,74.0,3.85,55.07,54.5,57.57,47.1,68.74,8.17
Serbia 1,2024-25,Crvena Zvezda,37.0,32.0,4.0,1.0,100.0,86.2,123.0,35.0,88.0,27.0,63.7,3.14,2.53,17.82,40.4,21.11,27.8,30.36,0.9,0.89,7.51,55.58,61.9,24.89,47.7,7.42,505.53,87.3,4.49,61.74,80.1,37.15,63.6,77.21,19.07
Serbia 1,2024-25,Bačka Topola,37.0,15.0,5.0,17.0,50.0,59.4,59.0,58.0,1.0,26.3,58.3,1.48,1.63,12.46,36.2,13.54,22.59,19.05,1.3,1.45,8.87,65.16,59.7,26.7,42.5,6.8,399.48,83.1,4.21,56.33,71.8,38.71,54.5,68.99,15.94
Serbia 1,2024-25,Radnički Kragujevac,37.0,15.0,8.0,14.0,53.0,54.8,60.0,53.0,7.0,27.2,54.7,1.5,1.4,12.7,37.1,16.92,25.61,18.89,1.29,1.32,10.48,76.2,62.1,29.33,45.2,6.08,329.75,79.5,3.74,46.0,70.4,41.91,57.7,64.47,21.19
Serbia 1,2024-25,Čukarički,37.0,12.0,13.0,12.0,49.0,50.1,47.0,49.0,-2.0,26.2,53.3,1.19,1.25,10.74,36.5,14.65,21.22,16.57,1.33,1.24,10.13,71.91,62.6,34.96,46.7,8.51,385.08,81.3,5.53,55.37,67.1,50.17,53.3,71.28,13.56
Serbia 1,2024-25,Radnički Niš,37.0,11.0,10.0,16.0,43.0,44.8,50.0,67.0,-17.0,26.0,53.2,1.3,1.29,11.41,35.7,14.31,23.36,14.62,1.53,1.69,10.89,76.31,60.3,30.47,46.6,7.7,379.32,81.6,4.23,49.29,67.3,45.35,54.3,66.2,15.61
Serbia 1,2024-25,Vojvodina,37.0,14.0,11.0,12.0,53.0,62.1,57.0,49.0,8.0,25.9,53.1,1.43,1.64,12.71,39.4,15.6,21.54,18.24,1.16,1.23,9.74,68.36,63.6,32.56,47.3,9.27,384.13,82.4,3.72,49.44,71.7,42.85,56.8,70.22,14.79
Serbia 1,2024-25,Partizan,37.0,21.0,10.0,6.0,73.0,54.7,73.0,40.0,33.0,28.0,51.0,1.83,1.57,10.64,46.0,11.82,16.69,18.3,1.44,1.0,11.3,66.05,60.0,29.57,48.8,10.45,409.46,84.1,4.42,49.36,71.2,43.93,58.1,69.67,14.01
Serbia 1,2024-25,OFK Beograd,37.0,15.0,8.0,14.0,53.0,52.6,53.0,54.0,-1.0,26.1,50.4,1.36,1.54,10.91,38.8,14.6,22.3,16.32,1.43,1.33,11.52,65.77,58.6,29.51,42.6,10.46,340.47,80.2,4.52,48.68,60.8,46.86,50.1,61.39,15.12
Serbia 1,2024-25,Novi Pazar,37.0,15.0,9.0,13.0,54.0,40.3,60.0,65.0,-5.0,27.2,49.6,1.5,1.06,10.3,39.6,9.95,18.68,15.1,1.42,1.63,11.18,70.09,59.6,28.28,45.0,9.68,364.25,82.2,2.68,44.01,70.1,40.44,54.0,63.57,13.2
Serbia 1,2024-25,Železničar Pancevo,37.0,13.0,10.0,14.0,49.0,54.4,49.0,43.0,6.0,27.9,48.9,1.23,1.15,9.22,39.9,10.41,20.62,14.34,1.09,1.08,9.3,64.7,58.6,31.86,52.2,10.47,355.84,82.0,3.3,45.64,64.7,46.63,53.4,60.92,13.71
Serbia 1,2024-25,IMT Novi Beograd,37.0,13.0,9.0,15.0,48.0,54.2,49.0,55.0,-6.0,27.6,47.9,1.25,1.56,11.81,36.0,15.4,22.25,19.57,1.45,1.4,10.13,73.79,59.5,35.3,44.0,9.05,344.6,79.1,2.95,46.45,68.2,46.02,56.5,68.54,15.02
Serbia 1,2024-25,Tekstilac Odžaci,37.0,11.0,4.0,22.0,37.0,34.7,33.0,65.0,-32.0,26.7,46.3,0.86,0.91,7.81,35.1,9.48,17.37,11.97,1.55,1.67,10.74,73.15,59.9,33.18,42.9,9.09,327.71,78.9,1.91,40.42,60.8,43.03,50.3,59.02,11.16
Serbia 1,2024-25,Spartak Subotica,37.0,11.0,11.0,15.0,44.0,45.0,35.0,51.0,-16.0,26.8,46.3,0.91,1.07,8.56,39.3,13.25,24.68,14.18,1.3,1.27,11.05,69.8,60.1,29.54,46.6,12.18,338.32,78.8,4.71,48.66,61.3,44.29,46.3,64.42,13.17
Serbia 1,2024-25,Jedinstvo Ub,37.0,7.0,4.0,26.0,25.0,35.7,32.0,73.0,-41.0,24.5,44.5,0.84,1.09,9.33,34.3,11.4,16.59,12.5,1.78,1.91,13.89,72.31,58.0,35.85,44.3,10.22,318.04,77.6,3.17,45.31,61.9,51.95,54.5,70.74,11.45
Serbia 1,2024-25,Napredak Kruševac,37.0,11.0,9.0,17.0,42.0,48.7,35.0,48.0,-13.0,27.9,41.8,0.91,1.13,9.77,34.0,14.38,17.67,14.56,1.16,1.24,11.35,70.77,60.3,38.35,46.6,10.91,296.46,76.3,3.19,42.97,62.4,46.59,54.3,63.13,9.41
Serbia 1,2024-25,Mladost Lučani,37.0,12.0,11.0,14.0,47.0,34.9,38.0,48.0,-10.0,33.3,37.6,0.96,1.04,7.31,39.1,12.37,15.66,12.04,1.75,1.21,15.74,70.06,58.8,35.78,43.9,15.28,291.3,78.0,3.62,38.41,61.4,45.39,54.2,62.12,9.46
Slovakia 1,2024-25,Žilina,32.0,15.0,9.0,8.0,54.0,47.8,55.0,40.0,15.0,24.6,58.9,1.59,1.43,13.12,33.5,11.82,20.46,19.18,1.32,1.16,9.13,65.7,61.3,34.27,44.0,7.62,424.26,83.8,4.68,55.18,69.1,41.09,56.0,75.96,14.71
Slovakia 1,2024-25,Slovan Bratislava,32.0,22.0,6.0,4.0,72.0,55.6,74.0,39.0,35.0,27.9,56.2,2.12,1.99,14.2,38.6,11.73,19.93,24.32,1.34,1.12,12.02,56.9,61.2,26.53,51.6,9.47,448.22,84.6,4.33,53.09,71.6,40.01,56.8,72.5,16.26
Slovakia 1,2024-25,DAC,34.0,15.0,12.0,7.0,57.0,59.2,53.0,37.0,16.0,25.1,54.1,1.43,1.69,13.85,30.7,17.35,26.12,17.97,1.08,1.0,9.58,58.18,63.5,35.77,49.3,8.71,360.51,82.4,4.17,45.27,68.1,44.81,57.3,66.06,15.41
Slovakia 1,2024-25,Trenčín,32.0,7.0,14.0,11.0,35.0,35.5,37.0,48.0,-11.0,26.4,53.7,1.08,1.05,10.93,33.8,13.26,23.67,15.5,1.48,1.4,11.81,65.22,60.5,37.4,45.7,9.13,373.73,82.0,3.08,45.22,66.6,45.65,56.7,67.09,15.32
Slovakia 1,2024-25,Podbrezová,34.0,8.0,14.0,12.0,40.0,47.0,44.0,48.0,-4.0,25.6,50.7,1.19,1.35,11.43,40.4,12.92,18.86,18.32,1.27,1.3,11.76,67.92,63.4,33.68,42.2,9.52,348.51,79.9,4.54,46.51,62.8,45.14,52.3,66.11,13.32
Slovakia 1,2024-25,Zemplín Michalovce,33.0,10.0,10.0,13.0,40.0,44.9,49.0,58.0,-9.0,27.0,50.2,1.36,1.45,10.64,38.0,13.33,23.45,17.77,1.59,1.61,12.92,71.1,61.2,35.7,44.4,8.87,354.6,80.4,3.22,45.18,64.0,43.68,53.4,65.41,13.39
Slovakia 1,2024-25,Spartak Trnava,32.0,14.0,10.0,8.0,52.0,43.5,46.0,34.0,12.0,29.5,47.9,1.36,1.35,11.58,37.2,17.79,22.27,21.12,1.37,1.0,11.52,66.08,62.1,33.17,43.0,10.23,348.16,79.7,2.89,51.14,65.7,42.01,51.5,66.55,12.76
Slovakia 1,2024-25,Ružomberok,32.0,10.0,6.0,16.0,36.0,43.1,35.0,50.0,-15.0,26.1,47.3,1.05,1.39,10.41,33.4,17.62,19.03,17.77,1.42,1.44,11.52,61.22,63.5,44.65,43.8,9.9,312.01,76.5,4.08,50.81,62.9,52.07,55.9,67.61,10.05
Slovakia 1,2024-25,FC Košice,33.0,11.0,12.0,10.0,44.0,50.0,47.0,40.0,7.0,27.3,46.6,1.29,1.6,11.58,37.1,12.21,17.93,19.61,1.49,1.1,11.69,68.74,60.9,35.17,50.0,9.89,335.97,80.6,4.45,48.64,68.1,43.89,56.1,66.3,11.55
Slovakia 1,2024-25,Dukla Banská Bystrica,32.0,5.0,7.0,20.0,22.0,35.5,35.0,60.0,-25.0,28.2,46.5,1.02,1.1,10.1,35.9,13.87,16.98,14.78,1.44,1.76,12.76,70.42,64.6,46.36,46.2,12.81,331.35,77.9,4.74,48.35,63.4,49.99,55.3,69.63,9.6
Slovakia 1,2024-25,Skalica,32.0,10.0,8.0,14.0,38.0,40.7,36.0,45.0,-9.0,29.3,44.9,1.04,1.12,9.79,36.8,16.07,16.76,16.09,1.38,1.3,11.14,67.72,60.8,39.7,46.3,10.27,322.23,77.1,3.17,46.67,64.3,44.88,57.0,70.02,11.46
Slovakia 1,2024-25,Komárno,32.0,11.0,6.0,15.0,39.0,35.6,36.0,48.0,-12.0,28.3,42.2,1.04,1.2,10.0,32.1,15.17,16.21,16.53,1.62,1.39,12.08,65.44,62.8,44.58,43.0,11.71,299.24,76.3,2.63,42.85,62.0,48.45,55.3,64.95,9.65
Slovenia 1,2024-25,Celje,36.0,17.0,10.0,9.0,61.0,65.1,76.0,51.0,25.0,26.3,66.9,2.02,1.93,14.95,39.0,18.83,23.19,24.89,1.11,1.3,9.12,60.21,61.0,23.88,53.8,7.31,520.29,86.6,7.1,69.36,77.2,41.2,59.9,78.99,21.99
Slovenia 1,2024-25,Olimpija,36.0,21.0,11.0,4.0,74.0,75.0,63.0,20.0,43.0,25.8,58.7,1.62,1.8,12.71,39.0,16.13,25.99,19.78,0.72,0.51,6.52,60.62,66.1,27.79,47.4,8.08,400.84,84.8,3.31,48.42,70.0,39.99,53.9,64.03,17.67
Slovenia 1,2024-25,Maribor,36.0,19.0,10.0,7.0,67.0,51.6,64.0,32.0,32.0,27.4,53.9,1.68,1.29,11.74,38.1,13.5,23.34,20.11,1.15,0.84,9.89,63.24,61.0,30.34,45.1,8.66,392.13,83.1,3.74,50.24,72.4,41.21,58.2,69.05,15.37
Slovenia 1,2024-25,Koper,36.0,19.0,9.0,8.0,66.0,53.8,60.0,35.0,25.0,26.2,53.5,1.54,1.37,11.16,34.6,13.67,26.98,18.58,1.17,0.9,9.29,56.49,63.2,33.05,43.9,10.59,365.15,82.9,3.2,42.82,68.3,38.37,55.5,58.8,16.92
Slovenia 1,2024-25,Primorje,36.0,11.0,10.0,15.0,43.0,36.9,41.0,61.0,-20.0,24.9,50.8,1.13,1.05,9.86,37.3,9.91,15.74,11.65,1.52,1.57,11.41,71.88,63.3,35.68,44.6,9.76,362.04,80.1,4.09,44.71,59.9,50.29,54.2,66.89,9.94
Slovenia 1,2024-25,Radomlje,36.0,10.0,5.0,21.0,35.0,37.2,37.0,69.0,-32.0,25.4,47.4,0.99,1.21,9.36,35.1,11.29,17.44,13.83,1.84,1.74,12.98,65.49,60.6,32.67,44.8,12.22,358.96,81.1,3.32,44.46,64.1,43.02,52.8,62.76,11.74
Slovenia 1,2024-25,NK Bravo,36.0,14.0,13.0,9.0,55.0,58.9,52.0,44.0,8.0,24.4,44.4,1.36,1.57,10.81,38.0,15.88,18.34,17.82,1.17,1.15,10.81,70.22,62.4,40.76,43.8,10.84,340.01,77.7,4.37,50.47,63.7,39.74,50.4,65.46,15.75
Slovenia 1,2024-25,Domžale,36.0,7.0,8.0,21.0,29.0,33.5,35.0,66.0,-31.0,25.9,42.0,0.94,0.94,8.79,32.8,12.56,20.18,12.19,1.67,1.68,13.23,70.01,60.8,34.42,48.0,13.09,274.04,76.0,3.1,38.08,62.1,39.25,49.5,56.44,11.38
Slovenia 1,2024-25,Mura,36.0,9.0,8.0,19.0,35.0,41.2,37.0,51.0,-14.0,27.8,40.9,0.96,1.06,9.19,33.5,12.24,13.07,12.3,1.43,1.32,12.58,73.05,60.8,39.65,43.5,10.42,282.32,75.6,3.11,42.68,61.2,46.0,50.4,57.83,9.4
Slovenia 1,2024-25,Nafta,36.0,6.0,10.0,20.0,28.0,35.0,33.0,69.0,-36.0,26.0,40.5,0.91,0.98,9.25,34.9,10.75,16.19,11.71,1.51,1.8,12.43,72.04,61.6,39.28,45.6,12.21,314.59,78.1,2.15,40.14,61.2,43.92,51.6,61.44,9.01
South Africa 1,2024-25,Mamelodi Sundowns,29.0,25.0,1.0,3.0,76.0,54.2,67.0,14.0,53.0,29.4,68.1,2.3,1.54,11.22,41.0,9.47,16.48,19.08,0.71,0.41,7.28,43.22,63.1,20.87,48.7,7.75,540.62,88.4,6.42,54.82,71.9,39.13,55.9,70.64,14.42
South Africa 1,2024-25,Orlando Pirates,29.0,19.0,5.0,5.0,62.0,52.5,43.0,20.0,23.0,27.7,59.4,1.45,1.46,12.42,39.0,10.52,17.26,19.42,0.7,0.54,6.73,52.82,64.4,28.83,46.4,8.94,412.17,83.6,6.36,54.0,69.5,39.62,53.8,68.31,14.45
South Africa 1,2024-25,Kaizer Chiefs,29.0,8.0,9.0,12.0,33.0,45.3,27.0,34.0,-7.0,28.4,56.9,0.85,1.16,11.67,32.6,10.66,16.36,16.23,0.89,1.07,8.4,52.16,65.0,33.94,47.6,9.67,400.33,83.2,4.97,52.53,67.1,41.96,52.9,66.5,12.49
South Africa 1,2024-25,AmaZulu,29.0,11.0,5.0,13.0,38.0,35.9,31.0,35.0,-4.0,29.9,50.8,1.11,1.25,9.63,30.4,12.91,15.58,14.3,1.22,1.18,11.16,55.95,60.8,33.2,48.1,12.05,389.63,83.4,5.28,53.56,68.8,43.72,53.9,66.29,10.63
South Africa 1,2024-25,Stellenbosch FC,28.0,13.0,9.0,6.0,48.0,35.1,34.0,21.0,13.0,27.9,50.8,1.16,1.03,9.43,39.1,13.29,13.05,15.85,1.08,0.68,8.68,57.21,64.4,42.93,39.9,12.08,391.8,79.0,4.37,56.83,62.3,51.88,46.9,76.71,9.26
South Africa 1,2024-25,TS Galaxy FC,29.0,9.0,11.0,9.0,38.0,23.1,33.0,31.0,2.0,27.9,50.5,1.38,0.9,9.3,28.3,13.51,14.47,15.85,1.42,1.13,9.38,58.26,64.0,37.58,43.8,10.12,346.4,79.1,5.38,50.46,64.0,46.67,49.8,69.36,10.59
South Africa 1,2024-25,Cape Town,29.0,7.0,7.0,15.0,28.0,25.8,16.0,32.0,-16.0,28.8,48.8,0.64,0.88,8.0,32.7,13.3,16.88,14.26,1.22,1.08,11.13,56.89,62.9,37.81,45.6,10.46,350.2,79.7,4.3,48.7,63.9,45.64,51.7,68.99,10.73
South Africa 1,2024-25,Golden Arrows,30.0,8.0,11.0,11.0,35.0,23.7,23.0,34.0,-11.0,28.1,48.2,0.97,0.98,7.56,33.3,10.25,12.77,15.0,1.4,1.09,11.34,60.97,62.1,31.47,45.8,13.54,346.34,80.6,2.9,45.04,63.9,40.08,52.6,67.61,10.08
South Africa 1,2024-25,Sekhukhune United,29.0,13.0,7.0,9.0,46.0,31.4,39.0,33.0,6.0,29.5,48.0,1.7,1.37,10.09,36.8,12.23,19.22,13.76,1.23,1.09,10.75,52.3,62.7,41.85,48.2,11.75,308.23,79.1,4.06,47.32,64.3,44.0,50.7,62.74,11.93
South Africa 1,2024-25,SuperSport United,29.0,6.0,10.0,13.0,28.0,32.1,18.0,30.0,-12.0,28.8,46.7,0.73,1.0,9.88,31.8,15.89,11.69,14.48,0.93,1.01,8.02,48.35,62.9,49.15,45.5,11.74,320.73,78.8,2.82,51.09,65.8,49.11,57.1,68.87,7.74
South Africa 1,2024-25,Marumo Gallants,28.0,8.0,8.0,12.0,32.0,28.0,26.0,39.0,-13.0,31.4,46.7,1.05,1.1,10.42,27.0,10.09,15.8,12.95,1.37,1.37,10.7,59.88,63.5,42.06,41.6,10.93,327.18,80.7,2.65,44.24,64.6,43.35,53.0,60.97,12.67
South Africa 1,2024-25,Royal AM,11.0,1.0,5.0,5.0,8.0,7.2,10.0,14.0,-4.0,33.0,45.0,1.31,1.07,8.63,31.8,11.9,11.12,11.77,1.52,1.57,12.03,54.68,66.0,29.96,41.5,16.1,305.19,77.5,3.66,42.38,67.3,47.09,54.4,66.45,7.06
South Africa 1,2024-25,Chippa United,28.0,8.0,7.0,13.0,31.0,25.3,22.0,28.0,-6.0,28.4,43.6,0.92,0.94,8.31,31.7,11.91,14.62,11.87,1.12,0.96,11.03,52.27,63.6,39.61,46.7,12.48,291.06,75.4,2.51,42.45,59.1,42.33,47.3,63.38,9.74
South Africa 1,2024-25,Polokwane City,29.0,9.0,10.0,10.0,37.0,28.2,20.0,25.0,-5.0,29.5,42.4,0.84,0.87,9.77,31.8,10.52,13.79,12.2,0.97,0.84,9.43,56.26,63.4,45.4,45.4,13.12,279.1,75.5,4.11,49.25,59.7,51.69,50.0,61.58,8.59
South Africa 1,2024-25,Richards Bay,29.0,9.0,7.0,13.0,34.0,30.8,19.0,26.0,-7.0,26.5,41.3,0.76,0.92,8.81,29.5,14.06,16.18,13.78,0.94,0.84,9.53,56.56,64.2,45.1,46.6,13.53,291.35,76.8,2.76,46.42,64.5,47.54,54.3,65.13,9.13
South Africa 1,2024-25,Magesi,29.0,8.0,8.0,13.0,32.0,16.7,19.0,31.0,-12.0,31.5,37.2,0.98,0.62,6.04,35.0,8.98,10.99,7.43,1.21,1.08,12.18,61.88,62.6,43.09,45.4,15.13,247.35,73.1,2.58,38.86,56.3,46.91,46.8,54.19,6.45
Spain 1,2024-25,Barcelona,38.0,28.0,4.0,6.0,88.0,80.5,102.0,39.0,63.0,26.1,67.5,2.43,2.15,15.35,38.5,16.11,28.33,24.88,0.92,0.93,6.48,48.9,63.7,21.87,49.5,7.34,564.52,88.7,8.41,66.34,81.8,31.76,58.4,69.13,19.59
Spain 1,2024-25,Real Madrid,38.0,26.0,6.0,6.0,84.0,74.0,78.0,38.0,40.0,27.8,59.6,1.88,1.98,14.64,40.1,11.75,27.64,23.45,0.98,0.91,8.93,48.03,63.6,18.88,48.9,11.77,534.29,89.9,6.31,60.87,81.9,34.5,60.2,61.11,23.52
Spain 1,2024-25,Girona,38.0,11.0,8.0,19.0,41.0,47.4,44.0,60.0,-16.0,29.1,57.3,1.05,1.04,8.74,38.6,16.96,19.5,16.41,1.29,1.44,10.32,57.25,60.0,22.81,43.6,12.09,468.57,87.6,3.78,52.77,77.5,34.47,57.8,63.03,17.82
Spain 1,2024-25,Real Sociedad,38.0,13.0,7.0,18.0,46.0,50.0,35.0,46.0,-11.0,26.2,54.5,0.85,1.05,8.78,35.8,14.02,22.22,14.67,1.14,1.11,9.77,62.71,64.1,36.31,44.3,9.11,403.25,83.7,3.48,46.78,69.4,38.17,53.3,58.98,14.89
Spain 1,2024-25,Real Betis,38.0,16.0,12.0,10.0,60.0,58.4,57.0,50.0,7.0,28.4,51.9,1.35,1.42,11.65,37.1,12.69,22.65,17.96,1.18,1.19,9.06,58.21,60.5,28.94,45.3,10.82,409.79,84.9,3.72,46.45,73.4,39.85,57.8,64.38,16.13
Spain 1,2024-25,Celta de Vigo,38.0,16.0,7.0,15.0,55.0,57.7,59.0,57.0,2.0,28.3,51.8,1.4,1.31,10.04,42.4,11.5,18.02,16.07,1.1,1.36,8.74,60.77,60.3,23.54,43.5,12.56,459.05,85.7,4.69,52.99,74.7,35.78,55.6,68.48,15.26
Spain 1,2024-25,Rayo Vallecano,38.0,13.0,13.0,12.0,52.0,46.3,41.0,45.0,-4.0,30.6,51.7,0.97,1.03,11.25,34.2,14.5,18.48,14.45,1.28,1.07,10.35,64.56,61.6,30.28,44.0,8.93,376.37,82.0,3.54,48.78,65.8,42.59,50.0,64.49,12.39
Spain 1,2024-25,Atlético Madrid,38.0,22.0,10.0,6.0,76.0,64.9,68.0,30.0,38.0,29.7,50.9,1.63,1.44,10.61,40.9,14.68,18.17,18.36,0.93,0.72,8.88,58.3,62.5,26.43,49.2,14.33,464.49,85.9,4.53,49.51,75.6,35.77,57.5,66.11,16.3
Spain 1,2024-25,Sevilla,38.0,10.0,11.0,17.0,41.0,51.9,42.0,55.0,-13.0,27.3,50.1,1.0,1.07,10.51,33.4,11.89,20.64,13.67,1.08,1.31,8.8,56.92,61.6,28.88,50.3,11.98,384.53,83.4,3.63,42.66,67.6,38.91,48.4,58.47,13.41
Spain 1,2024-25,Las Palmas,38.0,8.0,8.0,22.0,32.0,37.1,40.0,61.0,-21.0,28.0,49.9,0.95,0.96,9.26,36.1,12.62,16.43,13.07,1.57,1.44,11.69,61.5,61.8,32.83,43.3,11.87,382.39,83.4,3.55,43.41,69.0,43.44,55.6,61.66,11.41
Spain 1,2024-25,Valencia,38.0,11.0,13.0,14.0,46.0,50.7,44.0,54.0,-10.0,26.3,49.0,1.05,1.11,8.5,32.8,15.61,18.21,13.78,1.24,1.29,9.38,58.91,62.7,30.9,40.8,12.56,375.54,82.5,2.64,44.89,68.0,39.66,52.6,60.13,12.45
Spain 1,2024-25,Athletic Club,38.0,19.0,13.0,6.0,70.0,62.5,54.0,29.0,25.0,28.1,47.9,1.31,1.33,10.51,35.9,15.5,24.96,15.64,0.9,0.7,7.51,58.72,61.5,31.5,44.0,11.6,374.33,82.4,3.97,52.81,71.2,39.93,54.7,66.42,15.79
Spain 1,2024-25,Mallorca,38.0,13.0,9.0,16.0,48.0,46.1,35.0,44.0,-9.0,29.9,47.4,0.84,0.99,7.94,33.2,14.61,16.89,12.12,1.26,1.06,12.43,59.1,60.0,38.01,47.0,12.44,343.08,82.2,3.14,43.57,66.9,44.17,57.6,62.22,11.76
Spain 1,2024-25,Villarreal,38.0,20.0,10.0,8.0,70.0,63.1,71.0,51.0,20.0,27.6,47.1,1.68,1.65,11.82,36.0,13.62,19.36,19.62,1.26,1.21,10.83,55.56,61.9,27.38,48.8,13.65,377.66,84.5,4.54,46.03,73.0,39.69,58.3,67.0,14.63
Spain 1,2024-25,Osasuna,38.0,12.0,16.0,10.0,52.0,51.2,48.0,52.0,-4.0,28.7,45.9,1.14,1.22,8.84,35.0,16.49,20.81,13.87,1.25,1.24,10.37,62.88,62.6,33.77,48.3,12.02,331.11,80.8,2.55,42.14,67.0,40.04,55.4,59.85,11.92
Spain 1,2024-25,Deportivo Alavés,38.0,10.0,12.0,16.0,42.0,50.4,38.0,48.0,-10.0,28.0,44.6,0.9,1.07,8.5,37.2,14.89,15.53,13.5,1.16,1.13,8.8,69.4,62.4,40.33,41.1,10.53,298.84,77.8,3.68,46.25,64.4,42.66,56.1,58.05,9.58
Spain 1,2024-25,Real Valladolid,38.0,4.0,4.0,30.0,16.0,34.2,26.0,90.0,-64.0,26.8,44.2,0.62,0.87,7.21,33.4,12.44,20.87,9.65,1.74,2.15,13.47,59.46,60.2,31.19,45.4,15.98,319.57,82.6,3.1,34.82,63.0,38.04,53.5,53.27,11.77
Spain 1,2024-25,Leganés,38.0,9.0,13.0,16.0,40.0,35.5,39.0,56.0,-17.0,29.0,43.1,0.93,0.86,7.85,34.0,9.45,17.01,9.85,1.59,1.34,12.53,61.63,58.8,32.55,39.1,12.86,314.76,81.5,3.27,40.28,62.9,43.54,53.3,56.83,9.52
Spain 1,2024-25,Getafe,38.0,11.0,9.0,18.0,42.0,48.4,34.0,39.0,-5.0,29.2,42.5,0.81,0.93,9.29,33.2,12.87,17.94,11.88,1.06,0.92,8.2,61.75,61.1,44.94,46.2,10.05,252.89,75.8,4.03,46.13,61.4,46.36,54.6,56.32,7.77
Spain 1,2024-25,Espanyol,38.0,11.0,9.0,18.0,42.0,39.7,40.0,51.0,-11.0,26.6,39.9,0.95,0.81,7.6,30.6,12.45,14.89,10.74,1.34,1.21,12.3,66.84,59.2,29.88,47.1,15.66,292.57,79.3,3.52,36.32,61.0,41.54,52.6,55.58,10.9
Spain 2,2024-25,Elche,42.0,22.0,11.0,9.0,77.0,65.1,59.0,34.0,25.0,27.2,62.0,1.28,1.26,10.72,39.6,16.61,21.81,15.4,0.98,0.74,8.47,57.03,64.1,25.17,47.8,9.38,475.6,87.9,3.88,55.67,77.8,37.95,59.4,66.97,18.3
Spain 2,2024-25,Castellón,42.0,14.0,11.0,17.0,53.0,58.7,65.0,63.0,2.0,27.5,57.0,1.4,1.51,11.33,37.6,15.22,21.88,20.91,1.46,1.36,9.65,58.46,64.2,39.06,42.9,8.16,384.59,81.5,5.02,50.92,68.8,44.78,55.0,71.96,16.26
Spain 2,2024-25,Córdoba,42.0,14.0,13.0,15.0,55.0,57.6,59.0,63.0,-4.0,27.5,56.7,1.27,1.28,12.82,34.2,16.77,23.43,18.28,1.3,1.36,8.91,62.62,61.8,32.43,46.5,7.03,353.53,80.6,3.71,49.28,67.1,45.4,56.2,66.39,16.92
Spain 2,2024-25,Deportivo La Coruña,42.0,13.0,14.0,15.0,53.0,57.0,56.0,54.0,2.0,29.0,53.7,1.22,1.25,10.26,36.7,12.4,22.16,15.73,1.24,1.18,10.61,59.1,64.0,30.94,47.1,10.61,408.7,84.4,4.47,46.66,68.9,39.03,54.4,65.46,13.73
Spain 2,2024-25,Málaga,42.0,12.0,17.0,13.0,53.0,46.1,42.0,46.0,-4.0,27.7,53.5,0.91,0.99,9.07,33.2,12.58,23.01,13.57,1.42,1.0,11.28,66.21,61.2,32.47,40.6,9.79,357.29,83.1,2.86,43.23,70.2,43.01,59.9,64.0,13.98
Spain 2,2024-25,Almería,44.0,19.0,13.0,12.0,70.0,72.3,74.0,58.0,16.0,26.8,52.2,1.52,1.53,13.18,35.1,14.64,19.62,17.03,1.16,1.19,9.26,50.59,61.0,28.48,51.0,9.9,377.5,83.8,4.57,46.6,69.3,38.73,53.6,62.77,15.47
Spain 2,2024-25,Real Oviedo,46.0,23.0,13.0,10.0,82.0,68.7,61.0,46.0,15.0,29.2,52.2,1.19,1.19,9.86,35.0,14.04,20.49,14.9,1.03,0.9,8.59,58.66,62.7,35.17,50.4,9.86,359.4,83.6,2.9,42.73,69.0,41.52,58.9,60.82,13.3
Spain 2,2024-25,Granada,42.0,18.0,11.0,13.0,65.0,65.6,65.0,54.0,11.0,28.1,52.0,1.4,1.31,10.8,36.6,16.05,22.05,14.6,1.05,1.17,9.85,59.09,62.6,29.81,45.2,10.96,356.35,83.2,3.13,41.73,68.6,40.48,56.9,63.52,14.82
Spain 2,2024-25,Real Zaragoza,42.0,13.0,12.0,17.0,51.0,57.9,56.0,63.0,-7.0,27.1,50.7,1.21,1.28,11.44,36.0,14.19,19.06,15.14,1.29,1.36,10.53,61.29,60.6,35.77,47.7,8.84,344.88,80.9,4.24,49.55,66.0,43.24,55.0,63.12,13.09
Spain 2,2024-25,Racing Santander,44.0,20.0,12.0,12.0,72.0,68.8,69.0,58.0,11.0,26.4,50.0,1.41,1.49,11.18,39.7,11.57,18.02,17.74,1.23,1.19,10.03,57.98,62.4,29.49,47.1,8.88,349.78,79.3,3.8,50.01,65.3,36.46,46.2,64.84,12.32
Spain 2,2024-25,Eibar,42.0,15.0,13.0,14.0,58.0,61.1,44.0,41.0,3.0,28.6,49.4,0.96,1.13,10.36,37.6,14.48,17.2,13.65,0.96,0.9,9.22,63.4,61.0,40.18,49.9,10.47,384.8,81.9,2.54,46.53,66.0,46.75,54.8,67.68,12.71
Spain 2,2024-25,Cádiz,42.0,14.0,13.0,15.0,55.0,56.7,55.0,53.0,2.0,29.2,48.8,1.18,1.2,9.27,37.2,14.92,21.47,14.51,1.26,1.13,9.82,57.7,62.1,33.86,46.7,10.55,328.24,81.8,3.79,43.94,65.3,42.04,56.6,60.89,12.46
Spain 2,2024-25,Burgos,42.0,15.0,10.0,17.0,55.0,55.5,41.0,48.0,-7.0,28.6,48.7,0.89,1.01,8.69,38.3,13.97,16.99,12.3,1.07,1.04,9.21,62.63,64.4,37.9,47.9,11.05,354.68,80.7,3.11,44.06,64.6,48.08,54.7,64.01,10.68
Spain 2,2024-25,Tenerife,42.0,8.0,12.0,22.0,36.0,51.0,35.0,55.0,-20.0,28.7,48.3,0.76,1.05,9.28,29.1,13.36,15.57,14.7,1.29,1.19,8.74,65.91,61.5,34.06,44.3,9.17,336.91,79.4,3.27,45.32,62.0,45.84,51.2,60.81,11.94
Spain 2,2024-25,Sporting Gijón,42.0,14.0,14.0,14.0,56.0,59.4,57.0,54.0,3.0,28.1,48.0,1.22,1.23,10.05,38.4,13.76,15.74,15.7,1.2,1.15,10.09,65.04,62.4,38.61,43.5,10.25,369.58,80.5,3.93,48.42,66.5,44.54,51.8,67.26,11.01
Spain 2,2024-25,Racing Ferrol,42.0,6.0,12.0,24.0,30.0,43.3,22.0,64.0,-42.0,29.7,47.2,0.49,0.81,8.39,28.5,13.79,16.41,10.18,1.27,1.43,10.63,60.48,61.5,37.6,46.5,11.15,322.82,79.4,2.35,41.81,62.4,38.34,52.1,59.85,10.9
Spain 2,2024-25,Levante,42.0,22.0,13.0,7.0,79.0,67.0,69.0,42.0,27.0,28.9,47.2,1.48,1.5,11.04,38.0,14.03,16.61,17.88,1.2,0.9,11.02,55.7,60.9,27.8,42.6,12.82,377.26,82.9,5.83,47.95,65.5,42.42,50.5,64.99,12.33
Spain 2,2024-25,Mirandés,46.0,24.0,10.0,12.0,82.0,74.0,68.0,46.0,22.0,26.1,46.6,1.33,1.34,10.04,35.8,13.85,17.35,15.24,1.01,0.92,9.14,59.97,64.8,43.03,45.6,11.34,303.94,79.3,3.4,41.44,65.4,43.89,58.0,60.77,12.43
Spain 2,2024-25,Eldense,42.0,11.0,12.0,19.0,45.0,54.8,44.0,63.0,-19.0,30.1,46.0,0.95,1.15,10.33,32.8,15.3,16.18,13.88,1.28,1.35,11.26,53.65,58.8,30.59,42.9,11.28,298.55,79.6,4.13,41.49,62.2,45.42,52.8,57.84,11.3
Spain 2,2024-25,Huesca,42.0,18.0,10.0,14.0,64.0,56.1,58.0,49.0,9.0,28.9,44.4,1.25,1.15,8.21,37.7,12.69,16.93,11.9,1.16,1.05,11.19,58.15,59.0,33.68,44.1,14.4,315.43,81.0,2.81,37.68,64.6,38.49,55.1,58.04,12.78
Spain 2,2024-25,Albacete,42.0,15.0,13.0,14.0,58.0,59.9,57.0,57.0,0.0,28.1,44.2,1.22,1.4,10.4,36.5,13.61,18.75,14.83,1.32,1.22,12.32,55.04,60.2,28.04,43.7,14.26,307.66,79.3,3.52,41.9,67.7,40.92,54.6,56.2,12.84
Spain 2,2024-25,Cartagena,42.0,6.0,5.0,31.0,23.0,29.8,33.0,78.0,-45.0,30.4,40.6,0.74,0.83,7.0,38.3,11.49,16.36,9.59,1.84,1.72,14.66,62.42,59.0,31.96,45.9,14.93,300.73,79.7,3.42,40.12,62.6,42.33,52.2,57.77,10.64
Spain 3,2024-25,FC Andorra,42.0,19.0,13.0,10.0,70.0,67.1,54.0,39.0,15.0,27.6,60.9,1.2,1.31,12.29,33.0,13.22,24.1,15.4,0.93,0.86,8.2,59.21,63.3,29.77,44.7,8.45,456.03,85.4,4.14,54.14,71.4,43.66,52.8,69.36,17.3
Spain 3,2024-25,Barcelona Atlètic,38.0,10.0,15.0,13.0,45.0,49.7,53.0,57.0,-4.0,20.6,60.5,1.28,1.32,10.8,40.3,10.1,24.49,14.03,1.42,1.38,12.39,60.34,61.1,27.25,45.8,9.22,495.27,86.9,3.79,55.14,76.0,36.88,52.8,69.01,19.95
Spain 3,2024-25,Betis Deportivo,38.0,11.0,13.0,14.0,46.0,48.4,44.0,59.0,-15.0,21.9,57.4,1.07,1.19,10.84,36.0,12.52,24.24,14.27,1.37,1.44,9.45,65.89,62.6,28.52,43.6,8.21,406.81,85.5,2.87,49.74,71.5,41.38,55.6,67.98,18.19
Spain 3,2024-25,Ibiza,40.0,18.0,9.0,13.0,63.0,59.3,51.0,36.0,15.0,28.7,56.7,1.18,1.12,10.56,35.9,17.05,21.56,14.12,0.87,0.83,7.51,64.37,65.7,30.62,45.8,8.64,421.6,82.8,3.58,51.85,69.0,43.67,51.1,71.4,15.41
Spain 3,2024-25,Antequera,40.0,15.0,16.0,9.0,61.0,53.1,56.0,51.0,5.0,29.4,56.7,1.27,1.03,8.91,38.0,13.86,18.63,13.68,1.04,1.16,8.52,63.44,60.9,32.01,44.8,8.05,367.73,81.3,3.82,50.08,62.7,45.9,52.0,66.85,12.22
Spain 3,2024-25,Celta Fortuna,38.0,15.0,8.0,15.0,53.0,50.5,54.0,50.0,4.0,22.3,55.9,1.31,1.15,11.31,40.1,9.32,21.46,13.69,1.18,1.21,10.17,64.15,62.4,23.88,42.1,10.23,447.31,84.3,4.78,54.51,69.7,42.52,49.1,70.24,18.45
Spain 3,2024-25,Atlético Madrid B,38.0,13.0,15.0,10.0,54.0,59.8,42.0,35.0,7.0,22.2,55.0,1.01,1.27,10.88,36.7,13.93,17.59,13.16,1.0,0.84,8.86,62.78,64.1,28.64,48.7,9.35,411.23,83.4,3.87,53.76,64.6,46.35,51.1,68.27,13.33
Spain 3,2024-25,Athletic Bilbao,38.0,15.0,9.0,14.0,54.0,57.0,49.0,45.0,4.0,22.0,54.4,1.2,1.25,11.76,37.8,15.69,23.31,15.74,1.1,1.1,9.3,61.28,67.0,35.26,43.5,9.29,391.5,80.9,3.29,52.22,68.3,45.27,54.7,72.62,17.33
Spain 3,2024-25,Ceuta,40.0,18.0,17.0,5.0,71.0,58.7,52.0,40.0,12.0,28.2,54.3,1.2,1.21,9.75,38.1,17.66,17.46,15.61,1.1,0.92,9.29,59.01,63.8,30.67,46.5,9.3,392.31,82.4,2.97,48.26,72.7,40.1,56.1,70.91,14.69
Spain 3,2024-25,Cultural Leonesa,40.0,18.0,12.0,10.0,66.0,70.6,60.0,49.0,11.0,29.1,52.8,1.39,1.56,12.44,35.6,16.42,20.18,17.39,0.99,1.13,8.61,60.61,63.5,32.12,44.9,10.11,394.06,82.3,3.3,52.85,69.0,41.91,49.4,67.95,17.82
Spain 3,2024-25,Gimnàstic Tarragona,42.0,18.0,12.0,12.0,66.0,64.9,64.0,47.0,17.0,29.2,52.2,1.39,1.24,10.5,35.1,14.14,21.12,15.17,0.97,1.05,10.18,58.9,61.2,39.81,47.8,9.0,356.58,79.2,4.34,49.42,60.4,53.65,50.0,68.54,11.2
Spain 3,2024-25,Barakaldo,38.0,13.0,10.0,15.0,49.0,58.3,49.0,44.0,5.0,26.1,52.1,1.18,1.32,11.97,39.4,17.59,21.63,16.8,1.04,1.06,8.6,70.49,63.2,40.04,46.2,7.37,314.77,74.0,3.89,58.45,60.1,63.97,54.1,71.47,13.05
Spain 3,2024-25,Real Madrid Castilla,38.0,12.0,18.0,8.0,54.0,62.3,58.0,36.0,22.0,21.4,51.3,1.41,1.36,10.73,40.9,16.12,20.56,14.1,0.91,0.88,8.71,59.37,63.5,32.9,44.6,11.36,404.24,83.7,3.66,51.83,69.5,39.73,50.0,67.83,15.76
Spain 3,2024-25,Amorebieta,38.0,10.0,11.0,17.0,41.0,33.1,42.0,57.0,-15.0,26.7,51.2,1.02,0.76,7.44,39.7,13.54,22.18,8.95,1.51,1.39,12.47,64.53,64.5,36.23,45.6,15.12,373.15,80.7,3.05,41.35,60.2,49.6,50.7,64.72,13.22
Spain 3,2024-25,Sevilla Atlético,38.0,14.0,11.0,13.0,53.0,51.4,40.0,43.0,-3.0,22.1,51.0,0.96,1.04,9.36,35.8,14.4,16.76,12.15,1.07,1.04,9.53,65.02,62.1,32.94,41.9,9.14,347.48,81.0,3.62,49.03,61.0,47.6,53.1,64.82,11.05
Spain 3,2024-25,Hércules,38.0,13.0,8.0,17.0,47.0,47.0,48.0,49.0,-1.0,27.6,50.9,1.15,0.97,8.7,37.7,13.41,22.83,10.35,1.12,1.17,9.7,67.91,62.6,34.16,47.5,9.06,338.2,81.0,3.45,41.37,62.5,45.59,51.0,56.87,14.73
Spain 3,2024-25,Intercity SJ D' Alacant,38.0,8.0,11.0,19.0,35.0,43.3,37.0,53.0,-16.0,29.2,50.7,0.89,0.98,8.88,34.7,17.02,20.42,12.54,1.31,1.28,11.2,65.44,62.0,33.85,45.7,10.88,343.8,78.9,4.07,48.97,60.5,51.6,51.6,65.87,12.21
Spain 3,2024-25,Marbella,38.0,12.0,10.0,16.0,46.0,48.4,51.0,58.0,-7.0,27.4,50.4,1.22,1.04,8.88,40.3,12.67,20.61,11.68,1.18,1.39,10.84,62.68,64.3,34.69,43.9,10.09,354.39,81.7,3.6,46.44,67.2,40.73,53.5,64.21,11.83
Spain 3,2024-25,Real Sociedad B,42.0,19.0,11.0,12.0,68.0,54.9,55.0,37.0,18.0,22.1,50.1,1.22,1.12,10.54,30.5,12.6,19.93,11.54,1.14,0.82,9.85,68.94,63.4,42.87,44.5,9.39,342.87,79.7,3.2,48.24,64.4,50.97,55.5,67.94,14.07
Spain 3,2024-25,Arenteiro,38.0,12.0,12.0,14.0,48.0,56.4,40.0,42.0,-2.0,27.5,50.0,0.97,1.17,10.51,31.0,15.71,18.9,14.4,0.99,1.02,9.78,63.39,61.5,35.17,44.1,10.52,355.82,79.0,4.18,59.16,64.6,47.46,50.6,72.58,11.16
Spain 3,2024-25,Ponferradina,42.0,20.0,9.0,13.0,69.0,60.5,62.0,45.0,17.0,27.5,50.0,1.41,1.27,11.08,37.2,17.82,19.98,14.4,1.05,1.0,11.36,61.03,62.7,38.09,46.2,8.74,328.6,80.1,2.32,46.83,67.1,47.15,56.9,63.83,13.11
Spain 3,2024-25,Recreativo Huelva,38.0,7.0,16.0,15.0,37.0,50.3,32.0,52.0,-20.0,28.1,49.6,0.77,1.15,10.5,36.6,17.05,17.73,12.0,1.21,1.23,10.4,68.5,62.5,35.24,41.9,9.89,319.99,78.8,3.94,47.87,60.7,54.11,55.3,64.94,12.19
Spain 3,2024-25,Ourense CF,38.0,13.0,12.0,13.0,51.0,45.4,35.0,44.0,-9.0,27.8,48.3,0.86,0.96,8.55,33.7,15.22,15.66,13.49,1.26,1.08,11.31,58.87,60.1,32.23,46.4,12.92,353.99,80.1,2.98,48.48,65.0,49.29,51.3,66.54,13.37
Spain 3,2024-25,Villarreal B,38.0,11.0,16.0,11.0,49.0,59.6,51.0,41.0,10.0,21.5,48.3,1.24,1.38,10.66,38.0,13.93,21.17,13.47,1.13,1.0,9.66,62.84,59.2,29.03,50.8,11.75,348.76,81.2,4.2,47.11,65.6,42.79,49.7,64.05,14.05
Spain 3,2024-25,Algeciras,38.0,12.0,16.0,10.0,52.0,46.4,46.0,46.0,0.0,28.7,48.2,1.11,0.9,7.91,33.5,11.26,19.41,10.27,1.12,1.08,9.84,61.09,59.8,38.0,45.1,10.78,324.1,79.3,3.23,44.43,63.0,46.29,49.8,63.36,12.37
Spain 3,2024-25,Mérida AD,40.0,15.0,14.0,11.0,59.0,52.3,52.0,53.0,-1.0,28.3,48.0,1.19,1.1,9.51,36.2,12.94,18.29,12.57,1.21,1.22,10.06,66.17,62.0,33.64,42.3,10.55,325.7,79.9,3.52,43.75,62.4,42.67,51.5,62.29,13.42
Spain 3,2024-25,Alcorcón,38.0,14.0,10.0,14.0,52.0,51.1,52.0,50.0,2.0,25.8,47.6,1.26,1.09,9.73,38.2,13.36,20.82,12.22,1.15,1.21,9.54,67.54,62.9,30.85,42.8,10.63,336.79,81.5,3.53,45.53,64.5,39.44,48.7,60.02,12.61
Spain 3,2024-25,Sestao River,38.0,11.0,12.0,15.0,45.0,49.0,40.0,45.0,-5.0,29.4,47.2,0.97,0.99,9.22,31.7,15.89,21.0,13.19,1.09,1.1,9.39,65.08,64.2,40.59,47.4,9.55,316.44,73.8,3.33,52.79,55.9,55.73,46.8,66.42,11.07
Spain 3,2024-25,Zamora,38.0,14.0,11.0,13.0,53.0,57.5,44.0,35.0,9.0,29.4,47.1,1.08,1.25,10.39,35.1,15.25,18.92,13.96,0.99,0.86,9.07,66.63,63.4,35.69,45.0,8.48,293.39,73.3,3.89,51.6,58.7,53.6,49.2,65.17,10.56
Spain 3,2024-25,Real Unión,38.0,12.0,8.0,18.0,44.0,49.2,43.0,58.0,-15.0,27.0,47.0,1.04,1.14,9.21,36.8,15.46,19.46,14.39,1.3,1.41,11.83,60.53,62.1,41.51,47.5,11.41,318.8,75.3,3.95,47.93,58.8,52.78,48.3,68.58,12.12
Spain 3,2024-25,Atlético Sanluqueño,38.0,10.0,16.0,12.0,46.0,42.4,41.0,51.0,-10.0,29.5,45.7,0.99,0.89,8.0,35.5,13.1,19.48,11.8,1.26,1.23,10.84,68.25,62.2,31.6,47.0,10.63,299.96,79.2,2.7,39.23,62.6,40.85,51.3,58.11,12.74
Spain 3,2024-25,Lugo,38.0,12.0,10.0,16.0,46.0,46.4,35.0,47.0,-12.0,25.7,45.4,0.85,0.9,9.97,31.6,14.26,18.15,12.2,1.08,1.14,9.27,68.5,62.5,36.48,43.7,10.23,295.34,75.9,2.59,45.48,60.6,51.1,50.9,64.17,11.04
Spain 3,2024-25,Real Murcia,40.0,18.0,11.0,11.0,65.0,65.9,48.0,33.0,15.0,28.8,45.2,1.1,1.25,10.4,36.1,15.57,20.22,15.34,0.84,0.76,9.04,65.87,60.6,38.53,46.4,10.1,295.14,77.8,3.84,41.35,60.1,44.09,51.5,57.71,13.57
Spain 3,2024-25,Gimnástica Segoviana,38.0,9.0,15.0,14.0,42.0,42.2,43.0,69.0,-26.0,28.6,45.0,1.05,0.98,9.85,34.3,13.52,17.46,11.16,1.42,1.68,11.62,77.74,60.7,47.15,45.0,8.68,279.95,71.9,3.5,47.4,55.9,53.09,48.8,66.46,9.0
Spain 3,2024-25,Alcoyano,38.0,10.0,12.0,16.0,42.0,48.1,32.0,47.0,-15.0,29.8,45.0,0.78,0.89,10.02,32.7,15.49,21.09,12.49,0.98,1.15,9.33,71.4,65.5,46.84,47.9,8.78,299.45,74.3,3.18,49.88,58.2,50.14,51.6,64.29,9.19
Spain 3,2024-25,Unionistas de Salamanca,38.0,10.0,16.0,12.0,46.0,49.4,42.0,46.0,-4.0,26.6,44.3,1.01,0.97,9.22,36.1,14.39,18.52,11.93,1.09,1.11,10.12,62.33,60.5,39.98,43.4,10.92,290.4,76.1,3.5,46.81,61.4,48.69,53.3,63.2,10.43
Spain 3,2024-25,Yeclano,38.0,9.0,16.0,13.0,43.0,62.2,36.0,34.0,2.0,25.7,43.4,0.87,1.11,10.32,34.5,15.52,18.31,13.67,0.76,0.82,7.53,59.61,65.3,54.43,46.4,9.58,230.97,71.0,2.89,46.54,59.6,49.26,53.9,61.24,11.65
Spain 3,2024-25,Osasuna Promesas,38.0,12.0,10.0,16.0,46.0,41.8,47.0,59.0,-12.0,22.9,42.4,1.15,1.0,9.78,36.7,12.17,19.88,9.85,1.44,1.44,12.68,65.46,62.4,42.05,49.5,12.06,271.88,73.8,2.51,47.59,57.2,48.61,47.8,61.56,11.02
Spain 3,2024-25,Fuenlabrada,38.0,10.0,13.0,15.0,43.0,44.2,43.0,48.0,-5.0,28.2,42.1,1.05,1.0,9.02,33.0,12.33,13.79,12.48,1.26,1.17,12.75,70.63,62.9,38.65,48.2,11.87,282.01,75.9,3.56,43.38,60.1,47.4,52.2,62.24,8.58
Spain 3,2024-25,Tarazona,38.0,14.0,12.0,12.0,54.0,54.3,41.0,34.0,7.0,26.8,37.7,1.03,1.07,8.22,38.4,14.77,17.8,12.13,0.95,0.8,10.83,65.36,60.9,51.32,47.2,9.99,214.12,64.6,4.51,47.33,50.1,53.62,46.8,55.83,7.09
Sweden 1,2024-25,Malmö FF,30.0,19.0,8.0,3.0,65.0,58.6,67.0,25.0,42.0,28.6,60.5,2.04,1.83,14.86,37.8,17.14,23.06,27.26,0.95,0.76,8.99,58.64,63.5,28.47,50.7,8.62,541.82,88.2,3.28,55.24,79.5,31.96,58.3,72.41,18.32
Sweden 1,2024-25,Hammarby,30.0,16.0,6.0,8.0,54.0,45.8,48.0,25.0,23.0,25.9,58.1,1.46,1.25,12.02,35.9,14.7,24.14,16.22,1.03,0.76,10.87,64.52,65.5,25.05,47.0,9.18,489.29,86.1,5.69,53.35,71.2,34.91,46.3,65.62,18.81
Sweden 1,2024-25,Häcken,30.0,12.0,6.0,12.0,42.0,36.2,54.0,51.0,3.0,28.4,57.7,1.65,1.37,13.01,34.4,16.05,26.37,22.35,1.66,1.56,13.01,64.46,63.9,21.99,47.6,10.58,480.32,87.0,3.64,58.46,80.6,37.11,63.0,77.02,21.74
Sweden 1,2024-25,Sirius,30.0,12.0,5.0,13.0,41.0,40.5,47.0,46.0,1.0,24.8,53.0,1.42,1.41,12.02,34.0,15.44,17.16,16.5,1.45,1.39,12.38,66.45,59.6,27.85,48.0,11.74,438.59,85.9,4.33,52.16,72.7,46.23,58.0,73.74,13.29
Sweden 1,2024-25,Västerås SK,30.0,6.0,5.0,19.0,23.0,44.4,26.0,43.0,-17.0,27.8,52.1,0.78,1.48,12.86,31.8,21.04,21.34,20.46,1.31,1.29,11.24,65.57,63.8,34.68,45.1,10.42,436.48,84.3,3.13,54.9,76.5,43.48,58.9,76.45,16.95
Sweden 1,2024-25,Mjällby,30.0,14.0,8.0,8.0,50.0,46.9,44.0,35.0,9.0,29.6,51.1,1.35,1.42,11.38,33.9,13.4,19.74,17.11,1.14,1.07,10.8,66.04,61.8,37.55,47.8,9.65,407.43,83.8,3.43,42.38,69.3,41.86,55.8,67.17,13.34
Sweden 1,2024-25,Kalmar,30.0,8.0,6.0,16.0,30.0,33.7,38.0,58.0,-20.0,29.7,49.5,1.15,1.14,9.23,35.5,12.17,14.63,14.05,1.48,1.76,12.84,64.72,59.9,33.24,44.8,13.07,434.58,84.8,2.73,42.34,67.2,42.95,55.5,65.08,10.2
Sweden 1,2024-25,AIK,30.0,17.0,3.0,10.0,54.0,41.5,46.0,41.0,5.0,29.0,49.2,1.4,1.1,11.42,34.0,14.34,20.81,17.37,1.07,1.25,9.36,69.22,64.7,35.26,46.3,11.06,403.5,83.5,5.41,49.06,69.7,48.78,54.9,64.67,12.73
Sweden 1,2024-25,IFK Göteborg,30.0,7.0,10.0,13.0,31.0,37.9,33.0,43.0,-10.0,28.4,49.1,0.98,1.13,11.32,34.3,18.97,23.33,19.68,1.34,1.27,11.29,67.74,62.4,35.81,44.0,9.83,354.69,81.1,2.93,45.24,65.5,40.88,55.3,61.54,11.74
Sweden 1,2024-25,Djurgården,30.0,16.0,5.0,9.0,53.0,43.7,45.0,35.0,10.0,26.8,49.1,1.35,1.28,11.65,35.5,14.56,20.97,18.52,1.15,1.05,9.95,69.99,63.6,28.22,48.1,11.24,414.08,84.0,3.69,52.43,70.1,42.63,53.0,67.29,13.27
Sweden 1,2024-25,IFK Norrköping,30.0,9.0,7.0,14.0,34.0,35.7,36.0,57.0,-21.0,29.1,48.2,1.1,1.11,9.57,35.7,15.48,20.69,15.24,1.43,1.74,12.47,64.49,60.5,33.16,43.9,12.98,376.55,83.7,4.57,44.1,67.7,40.57,52.1,59.16,12.83
Sweden 1,2024-25,Värnamo,30.0,7.0,10.0,13.0,31.0,39.4,30.0,40.0,-10.0,27.7,48.2,0.91,1.1,10.85,29.8,14.72,22.4,16.12,1.19,1.22,10.55,61.02,64.2,29.23,44.1,13.6,419.19,83.2,4.57,46.42,69.4,39.16,46.8,65.68,15.06
Sweden 1,2024-25,Brommapojkarna,30.0,8.0,10.0,12.0,34.0,43.4,46.0,53.0,-7.0,26.5,48.1,1.41,1.43,11.41,36.6,20.8,20.49,18.47,1.32,1.63,12.58,68.4,64.0,36.66,47.9,13.54,416.72,84.5,3.65,48.44,69.7,47.64,56.8,69.79,13.5
Sweden 1,2024-25,GAIS,30.0,14.0,6.0,10.0,48.0,41.1,36.0,34.0,2.0,27.5,44.8,1.08,1.2,11.27,32.7,15.86,23.41,18.08,1.25,1.02,11.27,66.5,62.4,36.7,44.3,10.7,343.33,81.5,3.87,41.64,63.7,41.76,52.2,60.32,13.07
Sweden 1,2024-25,Elfsborg,30.0,13.0,6.0,11.0,45.0,45.0,52.0,44.0,8.0,27.8,43.5,1.57,1.31,11.16,36.0,16.25,19.82,18.7,1.14,1.33,10.71,67.55,60.5,30.62,41.3,13.43,345.69,80.8,4.51,48.1,67.9,46.92,53.9,66.52,12.28
Sweden 1,2024-25,Halmstad,30.0,10.0,3.0,17.0,33.0,29.4,32.0,50.0,-18.0,28.7,38.2,0.98,0.92,8.03,34.2,11.79,17.9,10.85,1.53,1.53,13.87,67.97,59.7,36.51,41.4,17.25,308.55,80.3,2.99,41.79,61.4,44.36,52.2,57.1,7.88
Sweden 2,2024-25,Landskrona,30.0,14.0,7.0,9.0,49.0,47.7,46.0,34.0,12.0,24.2,63.6,1.41,1.42,12.41,34.7,15.1,24.09,20.6,1.16,1.04,9.35,57.93,61.4,22.99,42.3,8.41,527.8,88.5,3.61,56.25,81.1,32.1,58.8,67.99,23.05
Sweden 2,2024-25,Sandviken,30.0,12.0,7.0,11.0,43.0,45.5,49.0,41.0,8.0,25.8,61.3,1.48,1.58,12.69,37.6,17.62,24.9,21.37,1.34,1.24,10.67,60.96,65.5,26.41,44.7,8.41,451.3,85.0,6.1,61.59,73.5,44.46,57.6,72.23,21.28
Sweden 2,2024-25,Öster,30.0,15.0,9.0,6.0,54.0,52.8,55.0,31.0,24.0,26.8,55.5,1.67,1.86,14.91,33.6,18.01,19.53,22.99,1.18,0.94,10.36,60.96,64.0,32.44,47.6,9.01,436.73,85.5,3.64,54.49,77.6,40.46,58.6,69.07,16.71
Sweden 2,2024-25,Brage,30.0,11.0,8.0,11.0,41.0,44.7,31.0,29.0,2.0,27.3,52.8,0.98,1.36,12.07,31.3,18.15,17.33,21.81,1.09,0.85,10.75,58.96,62.6,29.97,47.9,13.19,450.69,85.6,5.23,56.03,74.7,42.7,59.5,77.52,16.32
Sweden 2,2024-25,Örebro,30.0,10.0,9.0,11.0,39.0,40.8,37.0,36.0,1.0,27.3,51.5,1.12,1.34,11.45,35.4,20.06,21.87,18.76,1.31,1.09,9.67,62.05,63.5,30.24,45.3,11.55,421.27,83.6,4.98,55.2,69.6,48.19,54.7,70.85,17.95
Sweden 2,2024-25,Trelleborg,30.0,12.0,6.0,12.0,42.0,38.3,33.0,38.0,-5.0,25.9,49.7,1.01,1.26,12.92,34.2,15.93,22.68,19.43,1.47,1.17,11.94,63.82,60.8,31.74,45.4,11.96,413.17,83.2,4.6,52.0,70.1,44.57,53.5,74.44,16.08
Sweden 2,2024-25,Östersunds FK,30.0,8.0,8.0,14.0,32.0,43.1,30.0,44.0,-14.0,26.7,49.4,0.92,1.38,12.58,34.1,16.29,22.46,18.87,1.34,1.35,10.22,61.0,62.5,33.08,49.0,11.66,378.47,83.8,5.37,45.17,66.4,42.93,54.5,64.72,15.43
Sweden 2,2024-25,GIF Sundsvall,30.0,9.0,7.0,14.0,34.0,36.2,29.0,40.0,-11.0,25.9,49.2,0.89,1.07,9.13,33.2,14.43,15.56,12.07,1.34,1.23,12.47,60.9,63.5,29.93,43.8,15.42,402.3,85.0,4.14,46.84,72.3,48.86,59.4,69.23,14.03
Sweden 2,2024-25,Helsingborg,30.0,13.0,8.0,9.0,47.0,46.0,41.0,34.0,7.0,25.4,48.9,1.25,1.41,10.91,33.8,14.11,20.51,16.49,1.19,1.04,12.04,60.74,59.2,33.13,46.6,11.41,384.08,82.1,5.03,50.32,65.4,47.09,53.1,71.26,13.59
Sweden 2,2024-25,Gefle,30.0,8.0,8.0,14.0,32.0,29.3,37.0,54.0,-17.0,28.4,48.0,1.17,1.06,8.66,35.0,15.36,16.4,16.05,1.7,1.64,13.71,64.12,62.8,38.02,45.7,9.85,383.61,83.5,3.03,50.69,71.1,45.76,56.9,69.4,10.4
Sweden 2,2024-25,Utsikten,30.0,11.0,8.0,11.0,41.0,39.5,39.0,38.0,1.0,29.9,47.0,1.18,1.3,10.7,34.3,16.58,14.52,16.12,1.41,1.15,12.27,67.0,60.9,38.12,45.2,8.42,349.64,78.6,3.97,50.73,61.1,51.7,49.6,67.76,10.09
Sweden 2,2024-25,Örgryte,30.0,12.0,8.0,10.0,44.0,38.7,50.0,43.0,7.0,28.6,46.2,1.53,1.4,13.45,37.3,13.82,22.99,17.52,1.54,1.31,13.15,61.81,61.4,30.42,48.5,15.93,395.06,83.4,5.17,46.99,68.6,39.28,51.7,63.43,18.46
Sweden 2,2024-25,Oddevold,30.0,8.0,12.0,10.0,36.0,43.6,34.0,47.0,-13.0,27.0,45.7,1.04,1.2,11.07,32.1,14.84,23.03,19.78,1.14,1.44,8.56,63.02,64.8,38.51,44.9,11.74,365.95,80.9,3.31,47.28,66.6,44.59,50.2,68.84,15.64
Sweden 2,2024-25,Skövde AIK,30.0,5.0,10.0,15.0,25.0,30.0,26.0,52.0,-26.0,25.5,43.6,0.8,1.08,8.87,34.5,14.23,16.77,12.15,1.72,1.59,15.97,68.79,64.5,35.59,48.8,13.5,320.77,80.7,3.12,41.62,65.1,45.47,56.4,60.96,11.87
Sweden 2,2024-25,Degerfors,30.0,15.0,10.0,5.0,55.0,46.4,50.0,28.0,22.0,27.9,43.5,1.52,1.43,12.83,34.8,17.33,21.16,18.58,1.16,0.85,9.3,64.19,64.3,32.59,44.1,13.23,344.98,80.4,5.11,49.8,67.9,43.97,52.8,67.38,12.62
Sweden 2,2024-25,Varbergs,30.0,10.0,9.0,11.0,39.0,39.2,46.0,44.0,2.0,26.9,42.6,1.41,1.31,9.39,39.9,14.73,19.74,16.64,1.38,1.35,13.84,72.87,58.5,40.24,41.5,11.61,302.35,77.9,3.13,43.65,63.2,44.45,52.6,62.59,11.02
Switzerland 1,2024-25,Lugano,38.0,15.0,9.0,14.0,54.0,60.1,55.0,58.0,-3.0,26.7,58.8,1.34,1.6,12.28,39.4,14.31,19.76,18.76,1.31,1.42,10.72,61.96,63.7,29.92,46.2,9.48,456.59,85.4,5.03,49.53,71.5,47.55,59.6,71.88,15.09
Switzerland 1,2024-25,Zürich,38.0,15.0,8.0,15.0,53.0,56.7,56.0,57.0,-1.0,25.6,56.1,1.35,1.54,13.15,34.9,13.57,30.18,19.42,1.34,1.38,10.2,64.63,63.3,32.72,48.2,7.98,379.63,82.1,2.83,48.46,71.1,41.64,57.2,69.69,17.51
Switzerland 1,2024-25,Basel,38.0,22.0,7.0,9.0,73.0,66.8,91.0,43.0,48.0,26.0,53.5,2.22,1.91,14.05,39.3,14.1,21.68,21.58,1.3,1.05,11.73,59.26,61.4,30.62,49.7,9.79,420.46,84.5,4.84,52.34,73.4,37.36,60.2,76.61,16.67
Switzerland 1,2024-25,Young Boys,38.0,17.0,10.0,11.0,61.0,55.9,60.0,49.0,11.0,26.4,51.9,1.45,1.64,13.86,33.6,18.74,22.53,21.49,1.47,1.18,11.54,62.28,62.9,37.14,45.1,8.75,360.05,81.3,3.36,52.67,70.7,45.69,58.8,70.78,15.0
Switzerland 1,2024-25,St. Gallen,38.0,13.0,13.0,12.0,52.0,52.8,52.0,53.0,-1.0,27.0,49.6,1.26,1.4,11.32,36.2,12.8,18.52,17.65,1.42,1.28,11.54,69.32,60.3,35.1,45.1,10.74,376.12,80.2,6.45,50.15,63.0,45.55,49.0,70.17,12.65
Switzerland 1,2024-25,Servette,38.0,17.0,12.0,9.0,63.0,56.6,64.0,55.0,9.0,29.5,49.6,1.55,1.56,12.7,38.2,16.91,24.38,22.0,1.41,1.33,10.98,64.14,64.3,40.78,47.1,10.48,367.17,80.4,3.83,47.84,68.4,47.67,58.1,70.35,14.68
Switzerland 1,2024-25,Lausanne Sport,38.0,14.0,11.0,13.0,53.0,58.2,62.0,54.0,8.0,26.8,49.0,1.5,1.51,12.51,36.7,17.54,24.93,19.52,1.3,1.3,9.76,62.63,66.6,38.48,50.0,9.2,341.93,79.2,3.07,53.09,66.7,43.41,50.2,68.04,14.61
Switzerland 1,2024-25,Luzern,38.0,14.0,10.0,14.0,52.0,56.4,66.0,64.0,2.0,25.0,47.6,1.59,1.61,12.06,38.2,12.59,17.27,16.98,1.45,1.54,11.96,62.55,61.0,35.5,45.1,10.87,339.39,79.6,4.28,45.11,61.2,47.75,57.5,67.93,11.14
Switzerland 1,2024-25,Sion,38.0,11.0,11.0,16.0,44.0,47.4,47.0,57.0,-10.0,28.0,47.5,1.14,1.16,10.61,34.8,15.27,19.93,15.92,1.38,1.38,10.44,68.88,63.7,33.62,38.7,14.87,359.59,81.0,3.23,46.02,70.8,46.33,57.0,69.68,14.66
Switzerland 1,2024-25,Grasshopper,38.0,9.0,12.0,17.0,39.0,48.4,43.0,53.0,-10.0,26.3,47.0,1.04,1.26,9.91,34.6,14.85,16.18,15.69,1.48,1.28,12.72,65.65,61.2,42.56,46.3,10.32,329.99,78.0,2.76,47.18,64.7,49.38,57.1,68.43,9.55
Switzerland 1,2024-25,Yverdon Sport,38.0,9.0,12.0,17.0,39.0,39.5,40.0,68.0,-28.0,27.8,45.1,0.97,1.06,8.79,34.3,9.67,17.85,11.98,1.61,1.66,13.71,67.64,61.3,36.85,50.8,11.37,311.41,78.7,3.04,42.26,62.0,47.84,54.3,61.92,10.25
Switzerland 1,2024-25,Winterthur,38.0,11.0,7.0,20.0,40.0,36.6,43.0,68.0,-25.0,28.4,44.5,1.05,1.18,9.76,36.7,11.12,17.4,13.58,1.96,1.65,15.75,69.43,62.0,33.15,41.9,15.24,355.04,79.6,2.8,43.42,62.9,44.25,51.3,67.76,11.34
Tunisia 1,2024-25,ES Tunis,30.0,19.0,9.0,2.0,66.0,56.8,57.0,22.0,35.0,28.1,63.2,1.97,1.66,12.76,37.4,13.17,21.68,21.51,0.5,0.62,4.63,58.09,66.8,32.02,49.4,6.47,447.51,85.6,5.7,63.07,73.3,38.07,54.2,72.54,16.01
Tunisia 1,2024-25,Club Africain,30.0,14.0,10.0,6.0,52.0,45.8,34.0,21.0,13.0,26.5,59.7,1.21,1.47,12.17,34.0,14.13,21.59,16.84,0.75,0.71,7.46,61.06,67.0,36.54,50.0,6.32,348.01,80.6,4.28,50.53,64.1,46.53,53.0,63.84,14.56
Tunisia 1,2024-25,Zarzis,30.0,15.0,7.0,8.0,52.0,33.7,37.0,30.0,7.0,26.3,54.7,1.44,1.09,8.73,35.3,11.26,18.16,12.32,1.1,1.05,8.07,62.4,62.2,43.97,43.9,7.22,328.0,78.5,4.4,50.36,60.9,47.98,47.0,66.65,9.43
Tunisia 1,2024-25,Stade Tunisien,30.0,13.0,11.0,6.0,50.0,38.6,30.0,20.0,10.0,27.4,54.3,1.17,1.32,10.76,32.6,14.74,18.21,15.79,0.9,0.62,6.12,63.41,64.3,38.14,46.1,7.31,347.68,81.1,3.28,51.16,68.7,41.49,52.3,62.86,12.83
Tunisia 1,2024-25,Monastir,30.0,17.0,11.0,2.0,62.0,40.5,42.0,11.0,31.0,26.7,53.3,1.72,1.41,10.77,34.2,11.96,19.41,14.41,0.59,0.37,6.35,63.1,61.8,38.98,48.1,7.41,338.99,80.3,5.94,46.6,60.5,41.89,49.6,58.02,9.83
Tunisia 1,2024-25,CA Bizertin,30.0,9.0,8.0,13.0,35.0,34.6,29.0,28.0,1.0,24.4,51.9,1.08,1.07,10.03,30.1,13.17,18.46,13.39,0.97,0.9,6.68,64.53,63.9,37.34,48.9,6.3,283.65,76.8,3.17,49.38,64.6,44.91,53.9,60.87,11.3
Tunisia 1,2024-25,Etoile du Sahel,30.0,19.0,4.0,7.0,61.0,41.8,45.0,24.0,21.0,25.9,51.6,1.68,1.29,8.71,45.1,13.09,18.17,14.17,0.8,0.79,7.81,68.16,62.3,39.45,50.1,6.43,289.33,77.7,4.67,41.28,58.8,44.76,49.1,56.2,10.47
Tunisia 1,2024-25,CS Sfaxien,30.0,12.0,10.0,8.0,46.0,44.5,30.0,18.0,12.0,24.9,50.9,1.0,1.14,8.61,39.9,13.05,22.39,9.94,0.75,0.53,8.01,65.64,62.5,40.38,47.6,8.24,298.06,77.6,3.9,45.98,59.9,47.19,51.8,62.0,10.88
Tunisia 1,2024-25,Olympique Béja,30.0,7.0,8.0,15.0,29.0,22.1,19.0,37.0,-18.0,24.7,50.0,0.7,0.72,6.86,28.0,9.55,17.47,9.32,1.24,1.29,9.29,60.44,62.7,35.42,41.6,9.64,286.66,77.3,2.95,41.79,60.5,40.87,50.0,57.57,9.21
Tunisia 1,2024-25,Ben Guerdane,30.0,6.0,13.0,11.0,31.0,21.1,30.0,33.0,-3.0,27.2,46.7,1.12,0.64,5.54,37.2,6.74,17.4,8.46,1.32,1.09,11.71,63.99,60.6,35.03,41.1,9.23,277.11,76.4,3.89,40.12,54.7,48.95,45.6,54.45,8.49
Tunisia 1,2024-25,Métlaoui,30.0,11.0,10.0,9.0,43.0,28.0,32.0,27.0,5.0,27.9,46.5,1.17,0.8,8.6,32.2,9.62,15.78,10.68,1.14,0.87,10.64,58.92,65.0,41.43,44.8,9.82,294.67,77.8,3.43,45.91,59.9,49.88,51.6,59.61,7.51
Tunisia 1,2024-25,AS Soliman,30.0,7.0,10.0,13.0,31.0,22.7,18.0,38.0,-20.0,24.7,44.6,0.71,0.56,6.26,30.2,8.67,10.99,7.29,1.09,1.3,10.95,66.68,62.8,41.36,40.7,12.17,293.0,78.5,2.48,40.81,59.2,49.12,53.0,57.47,7.01
Tunisia 1,2024-25,EGS Gafsa,30.0,6.0,4.0,20.0,22.0,27.5,24.0,42.0,-18.0,29.5,43.7,0.91,0.82,7.44,37.8,9.87,15.65,10.82,1.15,1.1,7.52,61.41,63.9,35.89,41.3,9.64,251.05,73.6,3.68,41.05,55.9,41.81,45.4,56.2,7.52
Tunisia 1,2024-25,Jeunesse Sportive Omrane,30.0,4.0,14.0,12.0,26.0,26.1,25.0,46.0,-21.0,28.1,43.2,0.9,0.81,7.0,32.5,11.08,17.22,9.06,1.29,1.34,10.04,68.63,62.1,42.45,44.2,8.79,243.97,74.8,3.0,36.53,54.5,43.25,46.2,48.99,7.65
Tunisia 1,2024-25,Gabès,30.0,6.0,7.0,17.0,25.0,22.9,17.0,38.0,-21.0,27.2,42.2,0.64,0.64,6.22,30.3,8.82,14.5,7.95,1.21,1.13,10.62,60.73,62.8,44.53,43.0,9.64,222.53,70.3,3.32,36.62,51.6,42.57,47.9,49.99,5.84
Tunisia 1,2024-25,Tataouine,30.0,5.0,4.0,21.0,19.0,24.2,19.0,53.0,-34.0,26.0,42.1,0.69,0.88,7.8,29.9,7.91,16.99,9.04,1.61,1.57,12.69,74.95,62.1,39.77,43.5,11.91,248.6,73.2,4.34,41.56,53.9,47.24,47.2,54.82,6.74
Turkey 1,2024-25,Galatasaray,36.0,30.0,5.0,1.0,95.0,71.6,89.0,31.0,58.0,28.6,57.2,2.27,2.19,15.1,39.1,17.5,18.09,23.35,0.98,0.79,8.38,52.63,61.4,34.49,48.7,7.91,389.97,83.2,4.34,50.58,70.5,41.79,57.2,67.95,14.36
Turkey 1,2024-25,Trabzonspor,36.0,13.0,12.0,11.0,51.0,47.1,58.0,45.0,13.0,27.4,55.7,1.44,1.28,11.26,34.6,13.88,17.73,17.18,1.36,1.12,10.49,53.55,60.7,28.19,48.4,8.81,411.57,85.3,3.5,50.08,72.3,42.57,58.1,63.5,14.43
Turkey 1,2024-25,Beşiktaş,36.0,17.0,11.0,8.0,62.0,62.6,59.0,36.0,23.0,29.5,55.0,1.46,1.44,11.51,35.6,14.62,19.55,20.15,0.99,0.89,9.38,54.14,61.2,28.51,47.0,10.33,413.9,83.6,4.09,53.7,71.4,39.58,51.7,67.89,15.76
Turkey 1,2024-25,Fenerbahçe,36.0,26.0,6.0,4.0,84.0,76.8,90.0,39.0,51.0,30.1,54.0,2.23,2.02,14.27,40.9,19.19,16.79,23.03,0.85,0.96,7.79,51.69,64.0,33.51,48.0,10.3,400.12,83.0,5.86,51.52,69.0,43.33,57.1,71.57,15.04
Turkey 1,2024-25,Eyüpspor,36.0,15.0,8.0,13.0,53.0,45.3,52.0,47.0,5.0,31.5,53.9,1.29,1.2,8.91,42.3,11.02,17.65,14.12,1.44,1.17,11.24,55.82,62.9,28.97,42.8,10.59,365.34,84.5,3.25,40.93,69.5,38.42,56.8,59.62,15.89
Turkey 1,2024-25,İstanbul Başakşehir,36.0,16.0,6.0,14.0,54.0,54.4,60.0,56.0,4.0,29.8,53.7,1.49,1.5,9.93,40.9,13.71,17.12,15.4,1.31,1.39,10.45,52.6,60.8,36.85,50.9,9.5,362.44,83.4,4.21,45.04,69.2,42.9,58.8,61.98,13.09
Turkey 1,2024-25,Kasımpaşa,36.0,11.0,14.0,11.0,47.0,52.0,62.0,63.0,-1.0,30.3,52.9,1.54,1.44,11.91,35.9,15.67,15.82,17.04,1.39,1.57,9.1,55.78,61.4,34.05,46.2,9.51,371.46,81.2,4.43,48.97,66.5,44.27,53.8,67.15,12.29
Turkey 1,2024-25,Rizespor,36.0,15.0,4.0,17.0,49.0,52.7,52.0,58.0,-6.0,29.5,51.7,1.29,1.33,9.8,39.1,15.22,18.61,16.32,1.19,1.44,11.39,59.2,61.9,36.27,45.1,10.69,357.74,83.1,2.49,41.67,71.4,39.33,57.7,67.41,15.85
Turkey 1,2024-25,Antalyaspor,36.0,12.0,8.0,16.0,44.0,41.9,37.0,62.0,-25.0,30.1,51.3,0.92,1.03,8.77,36.2,12.76,16.31,12.24,1.35,1.55,10.24,60.8,61.6,33.55,48.5,10.14,365.87,82.3,2.22,43.39,68.0,39.17,54.8,61.32,11.37
Turkey 1,2024-25,Alanyaspor,36.0,12.0,9.0,15.0,45.0,47.2,43.0,50.0,-7.0,29.6,50.3,1.07,1.19,9.57,31.6,14.47,14.24,15.32,1.27,1.25,9.49,55.64,65.2,30.73,46.2,11.49,377.44,82.9,3.32,46.97,66.9,44.5,57.3,67.41,10.07
Turkey 1,2024-25,Samsunspor,36.0,19.0,7.0,10.0,64.0,51.5,55.0,41.0,14.0,29.2,48.5,1.38,1.2,10.35,38.0,12.71,13.26,14.86,1.13,1.03,10.1,58.42,64.0,35.16,43.5,10.77,365.71,81.6,3.26,47.84,67.9,44.39,56.5,68.67,11.48
Turkey 1,2024-25,Hatayspor,36.0,6.0,8.0,22.0,26.0,27.3,47.0,74.0,-27.0,28.1,48.0,1.18,1.06,9.84,37.5,11.17,18.92,12.77,2.27,1.86,14.13,57.26,61.1,31.64,40.7,12.75,336.84,82.0,4.97,42.73,66.5,41.3,53.6,58.69,14.05
Turkey 1,2024-25,Gaziantep,36.0,12.0,9.0,15.0,45.0,47.6,45.0,50.0,-5.0,29.2,46.6,1.12,1.34,10.37,35.6,9.62,18.55,15.18,1.44,1.24,11.78,53.67,60.1,33.21,44.4,12.07,305.04,81.3,3.52,38.81,66.8,39.16,55.2,57.26,14.38
Turkey 1,2024-25,Kayserispor,36.0,11.0,12.0,13.0,45.0,43.6,45.0,57.0,-12.0,30.5,46.5,1.13,1.22,9.64,38.4,16.16,15.63,15.13,1.47,1.43,12.26,59.49,58.8,37.26,44.4,12.07,333.34,79.9,3.52,42.9,63.4,46.1,54.9,66.31,11.05
Turkey 1,2024-25,Adana Demirspor,36.0,3.0,5.0,28.0,14.0,26.4,34.0,90.0,-56.0,25.1,46.5,0.87,0.9,8.94,37.0,9.45,19.65,10.29,1.99,2.27,13.34,61.03,63.3,27.14,37.1,14.78,303.96,81.0,3.36,36.38,63.5,38.72,54.4,54.25,13.65
Turkey 1,2024-25,Sivasspor,36.0,9.0,8.0,19.0,35.0,35.6,44.0,60.0,-16.0,31.2,46.0,1.1,0.94,8.84,35.8,12.87,17.5,10.9,1.52,1.49,11.38,53.38,61.6,29.95,47.5,15.53,319.69,82.7,4.13,42.32,68.3,40.58,57.7,56.99,13.17
Turkey 1,2024-25,Konyaspor,36.0,13.0,7.0,16.0,46.0,49.2,45.0,50.0,-5.0,30.1,45.5,1.12,1.16,9.65,35.2,15.55,12.95,14.16,1.19,1.24,10.57,55.72,59.9,38.57,46.4,11.84,309.89,78.4,3.5,43.59,59.6,44.55,49.8,57.78,9.95
Turkey 1,2024-25,Göztepe,36.0,13.0,11.0,12.0,50.0,64.9,59.0,50.0,9.0,27.2,44.8,1.46,1.74,12.62,36.3,13.26,17.73,18.35,1.08,1.24,9.6,57.52,60.5,53.48,49.7,8.11,276.99,76.2,4.79,49.56,65.7,43.88,56.9,63.94,10.12
Turkey 1,2024-25,Bodrumspor,36.0,9.0,10.0,17.0,37.0,49.6,26.0,43.0,-17.0,29.1,41.7,0.65,1.11,9.79,29.9,10.76,18.92,13.72,1.09,1.08,9.99,60.44,61.9,31.79,48.5,13.36,278.23,77.0,3.18,38.37,58.6,43.2,50.8,56.36,11.89
Turkey 2,2024-25,Iğdır FK,38.0,16.0,10.0,12.0,58.0,58.1,57.0,33.0,24.0,31.2,58.0,1.35,1.31,10.22,33.7,11.65,16.37,13.83,1.06,0.78,8.46,54.04,62.8,31.73,43.6,8.66,415.85,83.7,3.85,51.64,63.4,49.24,54.9,67.95,12.22
Turkey 2,2024-25,Amed SK,38.0,14.0,15.0,9.0,57.0,55.0,43.0,35.0,8.0,27.8,54.9,1.05,1.35,11.39,35.9,13.97,16.69,17.69,1.16,0.83,8.71,52.75,62.9,31.51,49.0,11.08,412.75,85.2,2.97,47.45,72.2,40.19,57.0,64.67,14.06
Turkey 2,2024-25,Ankaragücü,38.0,14.0,6.0,18.0,48.0,56.5,49.0,48.0,1.0,30.6,54.3,1.16,1.28,11.03,34.9,14.0,19.93,16.93,1.06,1.13,8.81,59.76,64.4,29.87,46.6,10.23,389.84,83.0,3.97,52.6,69.4,39.36,54.2,66.74,15.61
Turkey 2,2024-25,İstanbulspor,39.0,20.0,4.0,15.0,64.0,62.7,68.0,40.0,28.0,28.0,54.3,1.58,1.54,12.65,40.9,16.75,21.41,18.49,1.17,0.93,9.76,64.68,64.5,32.45,44.7,9.05,387.72,82.4,3.96,51.01,68.7,39.46,51.4,68.25,13.86
Turkey 2,2024-25,Çorum FK,38.0,14.0,12.0,12.0,54.0,53.2,49.0,45.0,4.0,30.0,53.2,1.15,1.32,9.89,37.1,15.83,21.18,15.27,1.15,1.06,9.93,54.42,61.9,25.93,45.3,11.37,373.97,83.4,3.1,43.8,69.2,38.42,57.1,62.29,14.42
Turkey 2,2024-25,BB Erzurumspor,39.0,19.0,7.0,13.0,64.0,60.8,53.0,33.0,20.0,31.0,51.0,1.22,1.26,9.57,38.6,12.13,14.18,13.79,0.88,0.76,8.12,61.36,63.3,43.44,49.2,8.25,307.7,79.3,3.8,44.9,63.0,47.41,55.8,65.53,9.45
Turkey 2,2024-25,Kocaelispor,38.0,21.0,9.0,8.0,72.0,70.5,68.0,41.0,27.0,31.9,50.9,1.65,1.62,12.08,35.8,14.85,16.87,17.33,0.84,1.0,7.34,58.91,65.6,36.36,46.3,10.7,369.99,82.1,3.77,46.25,67.9,42.97,57.9,62.88,11.3
Turkey 2,2024-25,Boluspor,41.0,18.0,10.0,13.0,64.0,57.8,69.0,46.0,23.0,28.0,50.6,1.51,1.4,10.67,41.3,10.41,16.48,16.04,1.22,1.01,9.62,61.05,65.7,34.49,46.7,10.75,370.8,81.3,5.13,48.34,66.4,47.71,54.9,69.09,12.58
Turkey 2,2024-25,Ümranıyespor,38.0,14.0,11.0,13.0,53.0,49.1,48.0,42.0,6.0,29.5,50.4,1.15,1.06,9.25,38.2,12.53,16.24,12.6,1.16,1.0,10.07,63.75,64.4,32.06,47.7,10.47,373.77,82.0,2.7,45.88,66.5,40.77,53.7,65.42,12.51
Turkey 2,2024-25,Gençlerbirliği,38.0,19.0,11.0,8.0,68.0,63.6,57.0,34.0,23.0,29.8,50.2,1.36,1.44,11.54,37.3,14.19,19.99,15.91,0.88,0.81,8.12,60.57,63.2,37.55,47.8,9.91,356.66,81.3,2.82,47.01,67.1,44.83,54.8,64.99,15.33
Turkey 2,2024-25, Esenler Erokspor,38.0,13.0,13.0,12.0,52.0,49.0,53.0,50.0,3.0,30.4,50.1,1.26,1.23,9.59,38.8,13.17,16.2,13.79,1.31,1.19,10.88,63.43,64.1,34.54,46.3,11.6,367.63,81.3,3.46,41.6,64.0,45.32,56.1,63.52,12.26
Turkey 2,2024-25,Pendikspor,37.0,12.0,9.0,16.0,45.0,48.6,42.0,51.0,-9.0,28.8,49.7,1.02,1.19,10.09,36.6,12.93,18.76,15.24,1.21,1.24,8.94,60.52,64.3,32.35,48.7,10.94,364.57,82.0,4.52,48.1,66.4,44.57,54.4,60.49,11.37
Turkey 2,2024-25,Ankara Keçiörengücü,38.0,14.0,9.0,15.0,51.0,55.8,60.0,53.0,7.0,27.9,49.5,1.47,1.29,9.72,38.3,13.44,14.13,14.62,1.12,1.27,9.33,60.47,65.9,38.38,48.8,12.25,357.55,81.7,3.23,46.19,66.3,49.76,58.5,65.98,12.47
Turkey 2,2024-25,Manisa F.K.,38.0,14.0,6.0,18.0,48.0,49.6,50.0,52.0,-2.0,27.4,49.0,1.2,1.21,10.23,40.2,13.06,21.04,15.69,1.3,1.24,10.45,64.94,65.1,35.94,49.5,10.36,357.61,80.4,4.11,45.77,65.0,41.63,52.4,62.96,12.94
Turkey 2,2024-25,Fatih Karagümrük,39.0,19.0,10.0,10.0,69.0,61.9,56.0,37.0,19.0,27.1,48.7,1.28,1.33,9.48,39.0,13.44,17.64,15.75,1.0,0.85,8.32,59.6,63.6,38.05,46.3,9.65,344.07,78.8,3.63,48.13,63.9,44.77,51.0,64.45,11.75
Turkey 2,2024-25,Sakaryaspor,38.0,13.0,12.0,13.0,51.0,50.1,48.0,54.0,-6.0,34.4,47.9,1.17,1.11,8.61,36.2,15.3,17.17,13.81,1.23,1.29,9.07,60.14,61.9,33.44,41.2,10.24,328.75,79.0,4.33,45.3,62.6,43.38,51.8,61.89,10.8
Turkey 2,2024-25,Bandırmaspor,42.0,20.0,14.0,8.0,73.0,64.0,60.0,47.0,13.0,30.4,47.3,1.27,1.18,9.73,40.6,11.98,15.61,13.4,0.96,1.03,9.37,60.76,64.5,33.42,46.5,10.03,311.56,78.6,2.83,44.35,62.3,43.08,51.2,59.41,10.25
Turkey 2,2024-25,Şanlıurfaspor,38.0,11.0,7.0,20.0,40.0,46.6,45.0,55.0,-10.0,28.0,46.8,1.07,1.14,9.09,33.9,13.46,16.78,13.86,1.28,1.31,10.37,58.69,64.3,29.65,42.4,14.17,348.32,81.3,4.49,44.94,64.4,47.46,55.1,62.25,11.61
Turkey 2,2024-25,Adanaspor,38.0,7.0,9.0,22.0,30.0,37.9,32.0,75.0,-43.0,27.6,46.7,0.76,0.94,7.86,36.7,12.31,16.93,10.36,1.64,1.79,12.41,62.64,61.5,35.7,43.9,11.06,309.99,79.4,2.88,40.92,65.1,37.65,54.2,57.32,10.31
Turkey 2,2024-25,Yeni Malatyaspor,37.0,0.0,0.0,37.0,0.0,7.1,14.0,150.0,-136.0,22.1,36.1,0.35,0.45,4.19,31.5,3.69,11.72,3.82,3.17,3.74,19.63,71.15,61.5,29.13,32.9,20.01,254.34,77.1,1.8,23.69,50.2,35.26,47.5,47.71,6.06
Ukraine 1,2024-25,Shakhtar Donetsk,30.0,18.0,8.0,4.0,62.0,62.3,69.0,26.0,43.0,24.9,61.5,2.14,1.96,14.6,36.8,14.82,28.05,23.3,0.82,0.81,7.61,47.19,67.0,25.57,50.1,8.83,501.91,87.6,4.5,60.27,76.4,38.9,59.4,70.68,17.96
Ukraine 1,2024-25,Dynamo Kyiv,30.0,20.0,10.0,0.0,70.0,57.0,61.0,19.0,42.0,26.9,59.2,1.93,1.58,14.12,32.9,15.38,19.81,25.65,0.83,0.6,8.21,50.51,65.9,23.53,47.0,9.64,487.43,86.3,3.98,55.82,74.5,38.13,54.5,70.6,18.07
Ukraine 1,2024-25,LNZ Cherkasy,30.0,7.0,10.0,13.0,31.0,34.9,25.0,37.0,-12.0,26.5,55.4,0.77,0.99,9.85,35.5,11.52,20.76,14.25,1.28,1.15,10.75,58.31,64.8,32.87,45.7,11.07,402.6,83.5,3.5,47.71,68.8,47.09,55.5,68.69,13.29
Ukraine 1,2024-25,Karpaty,30.0,13.0,7.0,10.0,46.0,47.1,42.0,36.0,6.0,25.7,53.6,1.31,1.56,11.9,34.7,13.61,21.54,14.73,1.14,1.12,11.34,56.65,62.2,30.36,41.2,9.86,340.92,82.5,4.13,41.61,66.0,44.75,57.7,61.81,12.43
Ukraine 1,2024-25,Polissya,30.0,12.0,12.0,6.0,48.0,52.4,38.0,28.0,10.0,26.4,52.7,1.18,1.45,10.97,37.5,15.92,21.28,18.66,0.86,0.87,7.85,59.38,66.1,36.17,46.4,9.89,355.23,80.6,2.87,51.4,67.0,48.91,55.7,67.26,14.61
Ukraine 1,2024-25,Oleksandria,30.0,20.0,7.0,3.0,67.0,54.0,46.0,22.0,24.0,27.9,51.9,1.43,1.4,11.53,38.2,13.8,17.86,16.8,0.74,0.68,6.94,55.84,63.6,33.82,48.3,10.94,387.96,82.1,4.53,49.7,66.5,51.09,56.6,66.16,14.94
Ukraine 1,2024-25,Kryvbas KR,30.0,13.0,8.0,9.0,47.0,47.3,34.0,26.0,8.0,26.8,51.8,1.06,1.26,11.82,36.9,14.63,21.65,16.72,0.93,0.81,9.51,54.44,65.4,33.94,48.2,10.85,356.51,79.5,6.86,50.35,65.1,47.7,52.3,67.94,12.85
Ukraine 1,2024-25,Vorskla,30.0,6.0,9.0,15.0,27.0,35.7,24.0,38.0,-14.0,27.7,51.4,0.75,0.87,8.62,34.4,12.61,17.39,13.08,1.09,1.19,10.33,60.31,66.0,36.81,43.5,10.94,370.65,80.7,3.5,42.21,61.2,52.88,53.2,66.4,11.58
Ukraine 1,2024-25,Zorya,30.0,12.0,4.0,14.0,40.0,30.5,34.0,39.0,-5.0,25.4,49.2,1.06,1.04,10.19,33.3,14.55,18.29,15.08,1.59,1.21,13.52,63.18,60.5,31.0,52.4,10.2,363.3,81.7,2.15,42.9,69.9,42.18,55.9,66.39,13.71
Ukraine 1,2024-25,Kolos Kovalivka,30.0,8.0,12.0,10.0,36.0,41.8,27.0,25.0,2.0,26.3,48.0,0.84,1.0,9.44,33.7,15.42,18.44,13.86,0.95,0.78,9.5,60.32,61.9,31.52,48.3,14.09,368.88,80.2,2.83,40.67,64.8,44.07,56.5,68.45,12.96
Ukraine 1,2024-25,Rukh Lviv,30.0,9.0,11.0,10.0,38.0,42.5,30.0,27.0,3.0,24.3,46.8,0.93,1.04,9.85,35.5,14.3,17.15,14.89,0.93,0.84,8.89,66.25,64.0,38.73,43.9,9.49,329.91,78.1,4.06,50.9,60.0,47.4,49.5,64.46,10.56
Ukraine 1,2024-25,Inhulets,30.0,5.0,9.0,16.0,24.0,25.0,21.0,47.0,-26.0,27.0,46.4,0.65,0.84,8.66,30.9,11.09,14.52,12.4,1.72,1.46,13.89,65.02,61.7,43.02,40.2,11.08,320.12,79.2,3.58,39.22,63.5,48.26,58.9,65.23,9.07
Ukraine 1,2024-25,Chornomorets,30.0,6.0,5.0,19.0,23.0,26.1,20.0,45.0,-25.0,27.2,45.2,0.62,0.88,7.87,32.9,13.34,14.99,11.9,1.77,1.41,14.46,59.64,64.1,39.39,43.9,13.8,334.29,80.3,3.31,41.24,63.9,49.14,57.2,63.7,9.65
Ukraine 1,2024-25,Obolon,30.0,8.0,8.0,14.0,32.0,31.6,19.0,43.0,-24.0,29.0,43.8,0.59,0.9,10.46,24.6,14.43,16.85,12.41,1.47,1.33,12.2,64.12,60.4,39.48,41.4,12.21,303.11,77.4,3.32,41.31,61.2,46.4,53.4,65.36,9.5
Ukraine 1,2024-25,Veres,30.0,9.0,9.0,12.0,36.0,41.9,33.0,44.0,-11.0,27.9,42.4,1.02,1.24,10.59,36.0,13.16,12.91,14.37,1.29,1.36,10.99,57.34,61.9,39.38,44.7,11.4,289.29,75.9,3.5,42.69,60.3,46.84,52.7,58.98,7.4
Ukraine 1,2024-25,Livyi Bereh,30.0,7.0,5.0,18.0,26.0,30.1,18.0,39.0,-21.0,28.0,38.3,0.56,0.82,7.64,27.9,11.92,15.13,12.41,1.39,1.21,12.04,62.61,64.7,44.23,46.1,12.47,263.62,75.3,2.1,37.23,62.2,45.8,60.5,60.13,7.52
Uruguay 1,2024-25,Peñarol,38.0,29.0,7.0,2.0,93.0,78.3,74.0,18.0,56.0,29.2,57.0,1.78,1.68,13.37,37.0,15.6,21.32,17.72,0.6,0.43,7.54,61.55,67.0,37.26,50.7,7.74,388.14,80.1,3.19,55.21,67.9,50.17,56.6,75.04,11.98
Uruguay 1,2024-25,Defensor Sporting,37.0,16.0,11.0,10.0,59.0,53.9,55.0,39.0,16.0,28.1,56.3,1.36,1.3,11.41,35.7,16.81,22.15,14.89,1.18,0.96,11.48,64.4,62.9,35.65,48.3,8.82,391.85,80.9,4.2,53.48,64.5,54.44,53.9,74.91,15.28
Uruguay 1,2024-25,Nacional,38.0,26.0,9.0,3.0,89.0,79.1,87.0,33.0,54.0,29.0,56.2,2.09,1.73,14.77,36.6,19.48,22.22,19.48,0.74,0.79,7.43,63.21,67.1,38.12,50.2,8.27,406.27,81.1,4.95,63.09,69.9,53.78,57.7,80.57,12.51
Uruguay 1,2024-25,Liverpool,37.0,9.0,12.0,16.0,39.0,49.1,41.0,50.0,-9.0,25.6,55.3,1.01,1.32,12.8,31.7,16.22,26.47,14.56,1.36,1.24,11.22,64.61,64.9,38.02,43.3,9.0,360.99,79.4,4.23,59.03,67.5,53.12,52.3,73.44,14.88
Uruguay 1,2024-25,Boston River,37.0,18.0,6.0,13.0,60.0,51.7,46.0,40.0,6.0,25.9,53.9,1.14,1.18,9.97,34.0,12.32,26.73,13.86,1.17,0.99,10.99,63.32,62.5,37.34,49.7,9.0,353.17,80.3,4.78,49.22,63.9,54.76,55.8,69.41,14.75
Uruguay 1,2024-25,Deportivo Maldonado,37.0,7.0,9.0,21.0,30.0,44.9,31.0,52.0,-21.0,28.9,50.4,0.77,0.94,10.16,28.5,12.53,21.08,11.86,1.18,1.29,11.67,62.22,63.2,44.59,45.6,10.52,344.55,77.3,4.28,52.33,61.5,58.41,54.0,71.56,10.63
Uruguay 1,2024-25,Racing,37.0,13.0,13.0,11.0,52.0,56.6,46.0,42.0,4.0,29.4,50.3,1.14,1.24,10.47,34.6,16.13,22.83,15.09,0.97,1.04,10.32,66.63,65.3,42.9,48.7,9.15,321.76,75.8,5.26,57.15,64.7,49.78,54.3,72.58,12.11
Uruguay 1,2024-25,River Plate,37.0,10.0,10.0,17.0,40.0,40.0,43.0,54.0,-11.0,27.1,49.9,1.05,0.88,9.38,35.5,14.91,23.5,11.26,1.24,1.32,10.94,68.82,65.0,43.14,42.5,8.92,331.48,77.2,3.23,48.72,61.6,51.76,51.8,68.97,10.89
Uruguay 1,2024-25,Cerro Largo,37.0,15.0,9.0,13.0,54.0,56.4,37.0,34.0,3.0,29.1,48.7,0.91,1.29,10.96,33.5,14.02,19.61,13.75,1.1,0.84,10.1,68.86,65.1,50.78,47.2,8.48,306.02,75.6,4.02,52.75,62.5,55.63,56.2,71.42,9.76
Uruguay 1,2024-25,Progreso,37.0,10.0,10.0,17.0,40.0,44.8,42.0,60.0,-18.0,30.5,48.5,1.03,1.01,10.5,28.5,17.29,19.23,14.47,1.24,1.47,11.35,66.87,66.2,46.91,42.3,8.29,296.26,73.7,2.55,52.68,61.9,54.34,54.9,70.99,10.89
Uruguay 1,2024-25,Fénix,37.0,10.0,7.0,20.0,37.0,43.8,35.0,54.0,-19.0,28.5,48.3,0.86,0.96,10.06,34.4,16.36,20.24,12.9,1.18,1.32,10.4,68.51,66.1,46.34,43.9,8.51,299.56,74.6,5.05,52.08,62.1,52.08,55.5,71.95,9.44
Uruguay 1,2024-25,Rampla Juniors,37.0,10.0,9.0,18.0,39.0,39.5,35.0,58.0,-23.0,29.0,47.7,0.86,1.05,10.11,32.6,16.14,19.43,12.05,1.61,1.43,12.4,70.22,65.8,45.97,43.8,9.51,298.02,74.5,3.79,52.71,63.4,52.83,53.4,66.34,8.78
Uruguay 1,2024-25,Danubio,37.0,13.0,14.0,10.0,53.0,53.0,38.0,37.0,1.0,27.7,46.4,0.94,1.12,10.11,34.2,14.83,18.98,12.58,1.02,0.91,9.79,65.87,65.1,45.06,47.1,10.49,309.52,74.0,3.83,49.86,61.9,53.32,51.7,70.57,9.91
Uruguay 1,2024-25,Wanderers,37.0,13.0,9.0,15.0,48.0,46.4,41.0,49.0,-8.0,29.3,46.1,1.01,1.16,11.03,32.6,15.41,19.67,12.87,1.38,1.21,12.95,71.07,64.5,43.25,44.3,9.14,308.25,74.1,4.48,54.77,61.5,59.08,54.4,72.37,9.55
Uruguay 1,2024-25,Miramar Misiones,37.0,9.0,13.0,15.0,40.0,40.9,36.0,53.0,-17.0,29.2,44.5,0.88,0.91,9.22,36.8,13.79,21.73,10.96,1.27,1.3,11.67,65.32,63.7,42.39,45.6,10.9,277.79,73.9,4.45,50.41,61.1,54.12,52.5,66.55,8.38
Uruguay 1,2024-25,Cerro,37.0,9.0,12.0,16.0,39.0,37.3,36.0,50.0,-14.0,30.4,38.5,0.9,0.94,8.5,34.4,12.13,17.53,11.73,1.53,1.25,12.93,68.24,65.0,51.68,41.1,11.65,218.97,69.4,3.03,44.57,61.8,46.55,54.3,58.73,8.33
USA 1,2024-25,Columbus Crew,36.0,19.0,10.0,7.0,66.0,55.9,74.0,43.0,31.0,27.8,60.5,1.82,1.49,11.91,39.1,12.6,20.31,18.88,1.24,1.06,8.5,50.36,63.9,20.02,44.3,12.1,504.87,88.4,4.56,53.07,78.1,32.51,57.7,67.42,16.05
USA 1,2024-25,Houston Dynamo,36.0,15.0,11.0,10.0,54.0,47.9,48.0,40.0,8.0,29.7,58.6,1.19,1.24,11.32,36.0,12.46,17.98,18.95,1.35,0.99,10.37,52.87,59.4,24.3,46.1,10.28,489.32,87.5,4.55,50.23,75.7,38.75,60.6,66.08,12.91
USA 1,2024-25,Real Salt Lake,36.0,16.0,13.0,7.0,59.0,54.5,66.0,49.0,17.0,27.2,54.8,1.63,1.45,12.35,39.8,12.85,22.56,16.08,1.27,1.21,10.7,60.77,59.0,24.28,45.5,10.07,430.26,85.5,4.03,51.83,74.1,39.06,56.0,67.17,16.65
USA 1,2024-25,Inter Miami,37.0,23.0,8.0,6.0,77.0,51.6,84.0,55.0,29.0,29.0,54.7,2.02,1.37,10.34,47.8,11.47,17.79,18.68,1.37,1.33,11.11,61.94,62.1,19.14,45.5,11.36,486.44,86.6,7.76,48.49,75.8,42.85,60.1,68.14,12.73
USA 1,2024-25,Los Angeles Galaxy,39.0,24.0,7.0,8.0,79.0,61.7,87.0,54.0,33.0,29.3,54.5,1.99,1.78,12.44,44.9,8.95,21.23,19.76,1.41,1.24,12.37,54.02,59.2,19.31,43.4,14.38,527.11,89.2,4.42,53.7,79.5,32.84,56.6,67.58,16.05
USA 1,2024-25,Cincinnati,37.0,19.0,6.0,12.0,62.0,60.6,60.0,51.0,9.0,28.6,53.0,1.44,1.45,12.11,38.3,9.05,22.52,17.66,1.08,1.22,9.57,59.32,62.2,28.05,49.0,9.79,415.76,85.1,5.26,46.64,73.2,34.65,53.5,64.44,16.01
USA 1,2024-25,New York City,38.0,15.0,9.0,14.0,56.0,54.6,57.0,53.0,4.0,26.4,52.4,1.32,1.38,11.24,34.8,11.08,21.2,19.19,1.34,1.23,10.17,56.54,60.4,28.43,46.8,10.38,410.31,84.3,5.1,47.76,72.0,32.46,50.3,64.74,14.11
USA 1,2024-25,Orlando City,39.0,17.0,9.0,13.0,61.0,57.7,63.0,52.0,11.0,29.3,51.3,1.43,1.3,10.84,36.2,15.62,18.32,18.43,1.18,1.18,8.95,51.96,62.9,26.07,41.4,12.53,429.82,85.8,4.04,50.89,76.3,37.61,56.9,67.01,13.33
USA 1,2024-25,Seattle Sounders,38.0,16.0,12.0,10.0,66.0,57.7,53.0,38.0,15.0,28.9,51.0,1.25,1.29,11.04,34.3,14.61,20.27,18.07,1.11,0.89,10.03,55.09,64.5,28.52,49.2,13.09,423.17,85.9,3.81,51.78,74.5,37.8,58.6,64.7,15.79
USA 1,2024-25,Austin FC,34.0,11.0,9.0,14.0,42.0,31.8,39.0,48.0,-9.0,30.5,51.0,1.02,0.96,8.21,32.8,13.81,16.58,14.7,1.56,1.26,12.95,54.59,55.9,25.71,44.5,13.66,370.72,85.5,4.0,42.32,71.9,36.77,60.8,58.22,11.12
USA 1,2024-25,New England,34.0,9.0,4.0,21.0,31.0,30.6,37.0,74.0,-37.0,29.5,50.9,0.98,0.97,10.16,36.0,14.54,21.01,15.23,1.78,1.96,13.77,59.46,63.1,27.51,49.0,13.08,417.28,85.2,4.14,44.89,71.7,36.72,54.0,64.16,14.35
USA 1,2024-25,Sporting KC,34.0,8.0,7.0,19.0,31.0,41.8,51.0,66.0,-15.0,30.5,50.7,1.35,1.23,11.11,34.1,12.2,21.01,15.76,1.42,1.75,9.34,57.16,61.6,27.8,42.9,12.06,414.77,85.3,3.82,51.83,74.7,40.29,57.7,65.86,14.06
USA 1,2024-25,CF Montréal,35.0,11.0,11.0,13.0,43.0,40.5,50.0,66.0,-16.0,26.4,50.2,1.28,1.17,8.76,38.4,11.2,17.26,13.13,1.55,1.7,11.92,56.2,60.2,23.07,41.5,14.46,461.48,86.3,3.34,47.13,72.9,35.24,51.4,65.68,12.43
USA 1,2024-25,Chicago Fire,34.0,7.0,9.0,18.0,30.0,41.6,40.0,62.0,-22.0,28.3,49.4,1.05,1.19,9.85,38.3,14.04,18.98,15.84,1.43,1.62,11.18,59.55,61.7,26.0,44.9,11.87,406.66,84.2,5.81,43.89,67.8,39.93,54.3,58.89,13.9
USA 1,2024-25,Toronto,34.0,11.0,4.0,19.0,37.0,44.6,40.0,61.0,-21.0,29.6,49.3,1.05,1.18,9.37,37.5,11.5,24.5,16.38,1.26,1.6,10.08,54.66,60.7,26.1,48.9,13.19,413.9,85.2,4.88,45.32,70.3,41.14,56.5,62.12,13.39
USA 1,2024-25,Portland Timbers,35.0,12.0,11.0,12.0,47.0,49.3,65.0,61.0,4.0,29.2,49.3,1.65,1.51,11.41,39.6,12.22,18.77,17.42,1.45,1.55,11.01,59.82,61.9,28.07,49.1,13.31,397.05,84.4,4.39,48.82,71.9,42.86,58.2,66.67,13.47
USA 1,2024-25,DC United,34.0,10.0,10.0,14.0,40.0,53.9,52.0,70.0,-18.0,29.1,49.0,1.34,1.53,11.32,37.2,14.53,16.57,17.04,1.22,1.81,10.08,59.98,63.5,39.35,51.4,10.27,328.15,80.7,4.29,47.73,65.9,42.58,57.7,59.85,10.73
USA 1,2024-25,Atlanta United,39.0,12.0,11.0,16.0,49.0,54.5,54.0,57.0,-3.0,29.5,48.6,1.23,1.44,11.28,35.3,14.83,21.58,18.49,1.42,1.3,12.07,55.69,59.1,26.54,46.0,14.27,385.69,84.7,4.34,42.79,72.4,42.04,57.9,62.71,14.96
USA 1,2024-25,Dallas,34.0,11.0,8.0,15.0,41.0,39.0,54.0,56.0,-2.0,28.6,48.4,1.42,1.16,10.15,38.6,10.26,14.68,13.65,1.57,1.47,12.15,55.34,59.6,23.85,46.1,13.29,407.63,84.8,5.02,43.63,68.5,39.45,51.8,63.25,9.84
USA 1,2024-25,Vancouver Whitecaps,38.0,15.0,8.0,15.0,53.0,54.6,61.0,52.0,9.0,29.0,47.7,1.45,1.32,10.39,36.8,15.53,13.67,17.67,1.29,1.24,10.15,53.24,61.8,30.77,44.6,15.29,412.53,86.6,3.88,46.87,72.7,38.64,59.0,64.3,12.06
USA 1,2024-25,Colorado Rapids,36.0,15.0,5.0,16.0,50.0,53.3,62.0,69.0,-7.0,27.5,47.7,1.54,1.48,9.64,43.3,13.22,19.9,18.23,1.37,1.71,11.58,55.55,61.7,27.35,42.8,12.98,385.14,84.4,3.75,49.98,73.6,33.29,54.6,61.66,14.09
USA 1,2024-25,Los Angeles FC,38.0,21.0,8.0,9.0,70.0,62.9,67.0,48.0,19.0,30.7,47.5,1.57,1.63,13.2,40.0,12.12,25.16,17.99,1.16,1.15,11.02,62.52,62.2,27.25,47.8,13.31,385.75,84.9,5.18,46.13,72.2,38.9,56.7,63.92,15.36
USA 1,2024-25,Nashville SC,34.0,9.0,9.0,16.0,36.0,44.0,38.0,54.0,-16.0,30.1,47.3,1.0,1.28,9.41,33.7,12.56,17.95,14.17,1.39,1.43,11.4,55.5,61.3,31.94,46.4,13.98,380.2,84.9,4.26,43.41,68.8,41.91,59.7,61.26,10.42
USA 1,2024-25,St. Louis City ,34.0,8.0,13.0,13.0,37.0,44.3,50.0,63.0,-13.0,28.4,46.7,1.3,1.34,12.31,33.2,14.21,21.13,18.55,1.5,1.64,10.49,65.93,61.8,32.26,48.6,10.13,342.8,80.6,4.92,46.16,67.8,39.05,52.6,61.98,11.47
USA 1,2024-25,Philadelphia Union,34.0,9.0,10.0,15.0,37.0,51.0,62.0,55.0,7.0,28.1,46.5,1.62,1.55,12.19,41.0,14.97,13.0,17.29,1.36,1.44,11.22,58.19,61.7,32.1,48.7,12.65,349.3,82.1,3.95,47.77,67.7,43.3,57.9,63.63,10.39
USA 1,2024-25,SJ Earthquakes,34.0,6.0,3.0,25.0,21.0,40.3,41.0,78.0,-37.0,29.4,45.2,1.09,1.3,9.94,32.7,12.45,18.98,14.0,1.57,2.08,12.64,59.61,58.1,27.62,45.1,14.07,357.49,82.4,4.83,40.49,66.6,36.9,53.9,59.24,11.81
USA 1,2024-25,New York RB,39.0,14.0,15.0,10.0,59.0,61.8,62.0,54.0,8.0,26.1,44.8,1.41,1.42,10.97,40.0,10.87,17.13,15.63,1.18,1.23,9.3,56.33,61.0,35.06,44.7,12.3,343.46,81.5,4.8,50.12,66.9,37.63,53.0,62.36,12.74
USA 1,2024-25,Minnesota United,37.0,15.0,9.0,13.0,58.0,58.1,61.0,56.0,5.0,28.9,44.1,1.47,1.46,10.75,41.0,10.89,21.13,17.04,1.16,1.35,9.28,60.51,62.4,32.84,40.9,13.91,334.55,81.6,3.95,40.36,67.9,35.42,53.6,59.47,11.64
USA 1,2024-25,Charlotte FC,37.0,14.0,11.0,12.0,54.0,47.9,47.0,40.0,7.0,29.2,43.6,1.13,1.18,9.41,37.9,13.07,17.94,15.29,1.32,0.96,11.44,50.37,59.8,24.03,41.7,17.51,356.53,83.1,3.56,47.34,66.9,41.17,53.3,64.94,12.74
Venezuela 1,2024-25,Deportivo Táchira,35.0,18.0,13.0,4.0,67.0,57.0,49.0,20.0,29.0,30.0,56.5,1.34,1.21,10.71,35.5,15.66,17.19,13.99,0.68,0.52,8.83,57.15,59.8,31.1,46.3,8.56,375.41,84.7,2.98,53.19,75.2,40.04,59.3,67.26,13.15
Venezuela 1,2024-25,Estudiantes de Mérida,32.0,10.0,6.0,16.0,38.0,39.4,40.0,49.0,-9.0,29.1,54.3,1.19,1.14,9.93,32.0,13.89,16.89,13.29,1.26,1.4,11.12,56.12,60.1,26.65,44.9,9.05,342.99,83.0,3.75,45.95,70.2,37.27,53.6,60.53,12.76
Venezuela 1,2024-25,Caracas,32.0,9.0,11.0,12.0,40.0,45.9,32.0,35.0,-3.0,25.9,53.5,0.93,1.16,10.8,32.4,12.88,20.0,13.35,1.03,0.96,9.61,56.68,58.2,28.6,46.8,9.02,328.19,82.6,4.37,45.85,67.6,38.12,51.0,57.78,13.06
Venezuela 1,2024-25,Deportivo La Guaira,38.0,17.0,11.0,10.0,63.0,51.6,45.0,37.0,8.0,26.1,52.9,1.13,1.12,10.95,33.6,14.41,19.97,13.4,1.0,0.85,9.6,52.84,59.8,30.54,42.3,10.23,369.15,84.4,4.46,49.76,72.2,41.04,54.6,65.27,13.2
Venezuela 1,2024-25,Academia Puerto Cabello,32.0,8.0,14.0,10.0,38.0,49.5,33.0,33.0,0.0,32.5,52.5,0.95,1.32,10.97,32.4,15.64,20.29,16.11,1.01,0.95,8.66,59.92,59.8,32.27,48.2,8.91,338.18,82.2,3.46,48.61,70.2,39.78,56.6,64.54,12.04
Venezuela 1,2024-25,Monagas,32.0,12.0,9.0,11.0,44.0,42.0,45.0,44.0,1.0,28.2,50.7,1.33,1.24,12.26,34.1,14.0,21.46,14.8,1.22,1.21,9.88,61.67,60.1,31.6,43.7,8.29,298.65,80.2,4.6,52.03,67.8,42.04,55.2,62.67,14.77
Venezuela 1,2024-25,Rayo Zuliano,32.0,10.0,7.0,15.0,36.0,42.2,43.0,49.0,-6.0,28.1,49.8,1.25,1.11,9.59,35.3,10.72,20.7,12.0,1.13,1.39,10.0,58.87,61.9,31.74,48.2,12.14,323.54,82.2,3.13,42.93,68.1,36.58,53.8,56.78,14.46
Venezuela 1,2024-25,Portuguesa,32.0,11.0,7.0,14.0,40.0,34.6,39.0,43.0,-4.0,30.2,49.8,1.17,0.93,7.94,35.1,12.62,17.9,10.25,1.21,1.17,10.7,57.41,57.6,31.75,43.6,10.63,322.44,82.3,4.71,43.95,64.7,44.01,54.4,56.06,8.45
Venezuela 1,2024-25,Metropolitanos,33.0,14.0,11.0,8.0,56.0,50.4,48.0,43.0,5.0,29.7,48.7,1.31,1.33,9.65,39.5,14.5,21.02,15.62,1.12,1.17,10.14,66.91,61.1,36.34,45.2,8.41,283.06,80.9,2.84,42.78,70.6,39.07,58.8,57.64,11.51
Venezuela 1,2024-25,UCV,32.0,13.0,13.0,6.0,53.0,47.6,44.0,33.0,11.0,26.1,48.3,1.23,1.19,9.7,30.9,15.75,16.79,12.92,1.05,0.92,9.95,56.11,60.2,38.93,49.1,8.75,288.7,78.9,3.42,43.86,65.3,39.07,56.9,56.45,9.87
Venezuela 1,2024-25,Angostura FC,32.0,9.0,9.0,14.0,35.0,38.1,34.0,45.0,-11.0,28.1,47.3,0.97,1.02,11.44,33.6,11.15,22.01,10.06,1.27,1.29,11.78,60.33,59.2,29.26,44.6,12.94,319.16,82.5,3.75,44.4,70.4,35.94,54.0,58.67,12.55
Venezuela 1,2024-25,Carabobo,42.0,18.0,17.0,7.0,71.0,54.3,54.0,34.0,20.0,30.7,47.0,1.23,1.05,9.84,34.2,11.57,15.84,11.61,1.0,0.73,9.02,54.11,60.9,32.11,43.9,12.56,312.59,82.6,4.61,40.41,66.6,41.8,54.4,55.39,9.82
Venezuela 1,2024-25,Zamora,32.0,7.0,9.0,16.0,32.0,28.9,32.0,49.0,-17.0,29.2,44.9,1.0,0.83,9.46,34.5,11.83,19.51,10.36,1.36,1.46,11.61,59.84,60.3,33.83,46.6,11.34,296.11,81.2,4.89,45.93,65.7,41.58,55.4,60.12,10.99
Venezuela 1,2024-25,Inter de Barinas,32.0,7.0,5.0,20.0,25.0,33.2,27.0,51.0,-24.0,31.3,43.8,0.79,1.06,10.57,30.9,12.21,17.57,12.33,1.51,1.47,13.71,60.3,58.9,34.43,42.8,13.02,275.21,78.5,4.97,42.85,65.8,40.85,54.2,56.8,10.21
Wales 1,2024-25,The New Saints,32.0,26.0,0.0,6.0,78.0,72.1,89.0,31.0,58.0,28.0,68.9,2.59,2.36,17.15,39.7,21.25,28.6,23.75,0.73,0.9,5.61,47.73,70.3,40.73,49.6,7.92,545.81,85.8,7.24,72.97,69.8,58.78,57.2,89.33,24.88
Wales 1,2024-25,Connah's Quay,32.0,12.0,6.0,14.0,42.0,49.8,47.0,35.0,12.0,29.0,59.8,1.36,1.45,11.37,37.2,18.57,21.6,17.21,1.16,1.01,10.32,53.13,66.6,45.58,49.2,10.5,430.65,81.5,4.08,63.25,61.1,57.32,53.9,80.2,19.12
Wales 1,2024-25,Haverfordwest County,33.0,14.0,12.0,7.0,54.0,61.9,42.0,27.0,15.0,27.3,50.8,1.18,1.47,10.81,35.4,13.68,15.29,15.34,0.76,0.76,7.01,61.82,67.6,59.77,44.5,9.89,329.2,75.6,5.86,56.44,52.4,59.09,47.2,70.24,13.77
Wales 1,2024-25,Caernarfon Town,35.0,15.0,7.0,13.0,54.0,46.6,59.0,56.0,3.0,28.7,49.6,1.55,1.32,10.35,36.8,12.74,15.5,15.13,1.4,1.47,11.19,62.26,64.1,57.43,46.0,10.37,293.7,69.8,3.68,56.58,49.2,62.36,44.4,71.22,9.9
Wales 1,2024-25,Penybont,32.0,19.0,7.0,6.0,64.0,50.1,56.0,32.0,24.0,27.8,48.5,1.61,1.31,10.15,43.2,17.36,16.21,16.55,0.95,0.92,8.16,56.03,68.2,68.29,45.7,9.66,301.61,70.4,3.95,59.72,52.4,59.81,47.3,73.07,10.99
Wales 1,2024-25,Barry Town United,33.0,15.0,7.0,11.0,52.0,47.7,57.0,56.0,1.0,27.0,47.9,1.6,1.64,11.9,38.4,15.55,15.66,17.38,1.42,1.57,11.85,58.31,66.3,56.76,48.6,11.34,305.37,72.9,3.73,57.21,53.6,63.39,47.3,71.92,11.59
Wales 1,2024-25,Flint Town United,32.0,13.0,3.0,16.0,42.0,42.5,48.0,62.0,-14.0,24.2,47.9,1.4,1.51,11.92,37.8,11.66,16.72,15.81,1.77,1.8,12.65,70.76,67.3,56.77,42.9,9.93,313.14,72.6,5.0,56.28,50.3,62.99,44.8,73.66,14.39
Wales 1,2024-25,Cardiff MU,34.0,13.0,9.0,12.0,47.0,43.1,44.0,46.0,-2.0,26.2,47.8,1.2,1.04,9.74,37.4,12.89,14.48,13.24,1.3,1.26,9.99,62.53,65.3,59.71,46.9,13.85,312.85,73.0,3.91,58.72,49.1,62.14,43.7,69.42,8.89
Wales 1,2024-25,Newtown,32.0,6.0,8.0,18.0,26.0,36.7,36.0,65.0,-29.0,29.0,46.3,1.04,1.11,10.09,36.8,14.26,18.2,14.41,1.52,1.87,11.7,55.44,65.7,58.31,49.6,13.97,258.67,71.2,3.16,49.31,54.3,50.78,49.2,64.27,10.64
Wales 1,2024-25,Briton Ferry,32.0,9.0,5.0,18.0,32.0,32.2,46.0,65.0,-19.0,25.5,45.2,1.33,1.17,10.06,39.2,13.2,14.56,12.65,1.92,1.89,13.43,65.58,67.3,68.71,42.8,10.88,270.35,65.8,3.54,61.08,48.3,64.68,43.3,70.1,8.88
Wales 1,2024-25,Bala Town,33.0,8.0,13.0,12.0,37.0,41.2,38.0,44.0,-6.0,28.9,43.6,1.06,1.2,8.54,35.9,15.27,17.62,14.41,1.29,1.23,10.83,58.86,65.0,68.89,44.3,10.67,234.17,64.5,3.99,57.24,55.8,62.05,53.1,72.41,8.15
Wales 1,2024-25,Aberystwyth Town,32.0,6.0,3.0,23.0,21.0,20.9,28.0,71.0,-43.0,27.7,39.2,0.81,0.74,6.85,38.4,8.06,15.43,8.12,2.09,2.05,16.06,62.67,61.9,52.27,43.1,14.34,223.74,65.7,3.84,44.67,41.8,56.69,41.5,56.77,8.09
Bosnia 1,2024-25,Zrinjski,33.0,26.0,4.0,3.0,82.0,69.2,72.0,17.0,55.0,29.2,60.3,2.03,1.66,12.75,40.0,15.84,18.88,18.91,0.58,0.48,6.05,55.38,66.1,35.21,52.4,7.91,424.36,83.8,3.57,53.05,69.4,44.21,55.6,70.36,13.45
Bosnia 1,2024-25,Borac Banja Luka,33.0,26.0,3.0,4.0,81.0,66.8,58.0,13.0,45.0,30.6,57.6,1.64,1.6,12.61,35.7,17.99,19.98,20.32,0.6,0.37,6.06,54.24,63.3,31.82,42.9,8.82,405.26,82.8,4.34,54.07,69.2,40.75,54.8,68.07,13.21
Bosnia 1,2024-25,Željezničar,33.0,20.0,5.0,8.0,65.0,51.8,55.0,38.0,17.0,26.2,55.4,1.6,1.46,10.55,36.6,15.75,19.15,15.52,1.05,1.1,9.36,62.89,62.0,38.94,47.5,6.86,359.42,79.6,4.45,49.52,62.0,45.92,53.0,64.48,12.76
Bosnia 1,2024-25,Sarajevo,33.0,18.0,11.0,4.0,65.0,58.5,59.0,24.0,35.0,26.4,54.9,1.7,1.67,13.08,35.9,16.74,18.12,18.81,0.94,0.69,7.43,62.6,63.2,41.83,46.9,7.18,349.77,80.3,3.63,53.12,67.0,46.93,54.8,70.44,12.56
Bosnia 1,2024-25,Velež,33.0,10.0,12.0,11.0,42.0,45.7,45.0,39.0,6.0,26.5,54.6,1.29,1.18,9.72,36.1,15.64,17.86,13.37,1.09,1.09,8.68,58.26,61.5,31.69,44.8,8.91,361.64,80.3,5.03,49.74,63.0,50.12,51.5,68.12,12.97
Bosnia 1,2024-25,Široki Brijeg,33.0,13.0,7.0,13.0,46.0,41.4,43.0,46.0,-3.0,27.4,49.8,1.2,1.05,10.0,34.7,13.56,19.14,12.97,1.23,1.29,10.34,57.58,60.3,38.58,44.1,9.98,344.42,80.0,3.95,48.53,62.4,44.19,54.3,63.58,13.45
Bosnia 1,2024-25,Posušje,33.0,9.0,8.0,16.0,35.0,37.3,34.0,40.0,-6.0,29.2,48.1,0.99,0.99,8.77,33.8,13.68,19.73,10.69,1.27,1.16,10.05,59.73,63.1,31.46,44.0,10.23,289.38,77.3,3.22,41.72,60.4,42.24,49.0,59.32,10.98
Bosnia 1,2024-25,Radnik Bijeljina,33.0,12.0,4.0,17.0,40.0,41.2,44.0,52.0,-8.0,29.8,47.5,1.27,1.31,9.64,35.1,12.68,17.25,13.28,1.33,1.45,9.75,56.17,59.0,35.62,43.9,10.64,301.8,77.4,4.11,45.2,61.1,44.16,52.8,63.52,11.05
Bosnia 1,2024-25,Igman Konjic,33.0,8.0,5.0,20.0,29.0,33.0,30.0,66.0,-36.0,26.9,46.7,0.89,0.93,9.28,32.5,13.77,15.78,12.44,1.59,1.92,11.52,61.1,60.9,38.82,47.9,9.92,308.65,76.1,3.37,47.25,60.9,45.74,51.7,63.91,12.88
Bosnia 1,2024-25,Sloga Doboj,33.0,13.0,5.0,15.0,44.0,40.8,35.0,45.0,-10.0,29.2,44.7,0.99,0.85,7.58,33.3,11.05,13.46,10.25,1.11,1.28,10.51,59.16,60.3,34.05,47.7,13.21,310.47,79.4,1.65,36.78,57.1,40.36,50.5,56.97,8.52
Bosnia 1,2024-25,Sloboda Tuzla,33.0,1.0,8.0,24.0,11.0,25.3,22.0,69.0,-47.0,26.4,40.1,0.66,0.77,6.45,33.5,9.78,13.02,7.8,1.62,1.98,13.8,62.72,59.2,41.68,44.6,11.72,249.65,73.7,2.19,37.3,57.9,39.94,48.2,53.93,6.96
Bosnia 1,2024-25,GOŠK Gabela,33.0,4.0,4.0,25.0,16.0,25.0,28.0,76.0,-48.0,25.1,39.5,0.8,0.8,7.48,38.0,9.1,15.53,8.22,1.92,2.16,14.82,65.66,61.0,33.24,39.3,13.99,244.15,73.4,2.9,34.86,53.1,45.18,46.9,52.09,8.25
Czech 2,2024-25,Slavia Praha II,30.0,9.0,10.0,11.0,37.0,45.4,41.0,37.0,4.0,21.8,59.2,1.28,1.51,11.66,38.3,16.76,24.35,19.01,1.26,1.16,10.41,67.12,65.3,33.32,44.6,7.91,400.8,82.4,3.94,53.46,65.6,46.17,53.7,72.24,16.35
Czech 2,2024-25,Vlašim,30.0,9.0,13.0,8.0,40.0,40.8,43.0,39.0,4.0,25.2,56.1,1.36,1.36,12.42,30.5,14.5,20.27,17.43,1.39,1.23,11.57,62.35,63.7,30.14,46.7,9.33,434.02,82.1,4.1,53.56,67.9,47.76,54.9,76.41,17.56
Czech 2,2024-25,Sparta Praha II,30.0,10.0,10.0,10.0,40.0,41.3,41.0,39.0,2.0,22.0,55.0,1.28,1.31,10.95,38.1,10.67,17.52,16.87,1.34,1.21,11.11,53.56,60.8,34.95,48.4,10.43,395.1,83.8,3.02,48.8,70.2,37.03,53.4,70.49,13.72
Czech 2,2024-25,Zbrojovka Brno,30.0,9.0,12.0,9.0,39.0,41.1,38.0,41.0,-3.0,27.9,52.8,1.19,1.27,11.02,34.8,14.44,15.63,19.02,1.34,1.29,11.8,60.46,60.9,30.98,47.6,11.43,421.46,83.3,4.58,49.03,65.9,46.15,50.0,70.76,13.59
Czech 2,2024-25,Viktoria Žižkov,30.0,11.0,6.0,13.0,39.0,43.1,51.0,49.0,2.0,30.1,52.4,1.6,1.55,11.42,41.9,14.09,18.4,19.06,1.46,1.54,12.77,65.91,64.4,38.93,48.8,9.41,379.87,79.0,4.5,55.91,59.9,58.3,51.7,76.32,11.51
Czech 2,2024-25,Vysočina Jihlava,30.0,8.0,13.0,9.0,37.0,36.1,35.0,39.0,-4.0,27.3,51.4,1.09,1.15,10.44,34.6,15.14,19.38,15.64,1.38,1.21,11.37,70.22,64.4,39.38,43.7,9.22,351.4,79.3,4.05,44.74,61.0,44.58,51.5,71.68,10.72
Czech 2,2024-25,Táborsko,30.0,11.0,8.0,11.0,41.0,45.3,34.0,30.0,4.0,28.3,50.4,1.06,1.38,10.88,32.2,18.26,17.67,17.64,1.17,0.94,9.48,64.54,62.8,41.06,45.2,9.21,334.89,78.8,3.03,51.29,63.2,51.63,54.9,71.05,13.48
Czech 2,2024-25,Chrudim,30.0,15.0,8.0,7.0,53.0,37.2,47.0,30.0,17.0,26.5,49.7,1.48,1.22,10.86,35.7,13.48,16.82,16.82,1.45,0.94,13.04,63.61,64.4,31.11,42.2,11.45,354.21,80.3,3.31,46.42,64.2,44.84,51.5,69.66,13.38
Czech 2,2024-25,Opava,30.0,9.0,9.0,12.0,36.0,42.2,29.0,39.0,-10.0,28.4,49.2,0.9,1.2,9.24,32.7,17.15,20.66,16.34,1.12,1.18,9.49,66.44,64.2,46.0,43.5,9.5,325.27,77.7,3.36,47.83,63.4,50.13,56.0,71.33,13.51
Czech 2,2024-25,Sigma Olomouc II,30.0,6.0,6.0,18.0,24.0,33.5,31.0,54.0,-23.0,25.0,47.5,0.97,0.99,8.27,36.5,13.36,17.74,13.84,1.36,1.7,11.26,62.14,62.8,40.79,42.7,10.39,324.65,77.4,3.24,46.1,57.9,48.21,50.4,61.32,9.65
Czech 2,2024-25,Baník Ostrava II,30.0,9.0,7.0,14.0,34.0,44.6,35.0,46.0,-11.0,22.0,47.3,1.09,1.29,11.34,36.0,16.13,22.98,16.41,1.11,1.43,9.65,61.69,62.7,42.76,47.1,9.59,318.58,78.5,3.52,45.25,62.9,43.66,54.6,65.27,13.64
Czech 2,2024-25,Zlín,30.0,21.0,8.0,1.0,71.0,56.2,45.0,14.0,31.0,30.0,47.3,1.41,1.46,12.57,36.1,15.57,17.29,20.85,0.71,0.44,7.85,61.74,61.6,40.2,45.1,9.44,294.88,76.6,3.53,46.8,59.1,52.05,53.3,64.65,12.0
Czech 2,2024-25,Líšeň,30.0,9.0,12.0,9.0,39.0,35.5,31.0,35.0,-4.0,25.4,46.2,0.97,1.23,9.59,40.7,17.89,16.33,15.11,1.59,1.09,12.43,65.49,63.2,41.63,46.1,10.45,321.81,78.0,2.78,47.34,63.2,51.37,54.5,65.89,9.77
Czech 2,2024-25,Vyškov,30.0,12.0,10.0,8.0,46.0,44.9,33.0,24.0,9.0,27.0,46.0,1.03,1.15,10.86,29.0,15.63,16.75,15.66,0.96,0.75,8.64,58.18,64.0,37.25,47.7,11.72,316.73,78.8,3.71,45.36,62.0,50.97,55.7,68.54,10.39
Czech 2,2024-25,Varnsdorf,30.0,8.0,8.0,14.0,32.0,39.3,39.0,46.0,-7.0,25.3,44.3,1.22,1.34,11.45,36.7,15.62,19.92,16.28,1.48,1.44,11.8,64.72,64.4,37.02,39.6,10.94,290.42,76.0,2.79,43.76,61.3,47.27,51.0,67.54,12.67
Czech 2,2024-25,Prostějov,30.0,9.0,10.0,11.0,37.0,35.1,31.0,42.0,-11.0,28.8,43.7,0.96,1.16,10.95,33.2,14.87,18.01,16.15,1.45,1.31,11.29,63.15,62.3,46.76,50.0,9.36,277.09,74.3,4.23,46.94,57.5,51.05,52.4,62.47,9.18
Scotland 1,2024-25,Celtic,38.0,29.0,5.0,4.0,92.0,88.5,112.0,26.0,86.0,28.5,71.2,2.7,2.39,15.94,39.1,20.06,24.25,30.39,0.72,0.63,6.33,49.26,65.7,34.84,51.2,7.17,660.29,88.9,6.89,80.3,81.5,31.52,50.0,91.3,18.59
Scotland 1,2024-25,Rangers,38.0,22.0,9.0,7.0,75.0,73.1,80.0,41.0,39.0,27.5,61.0,1.91,1.86,16.11,36.9,17.3,24.08,23.01,0.98,0.98,7.85,54.65,65.1,38.54,46.4,9.17,476.11,84.7,5.85,61.58,72.2,43.03,55.3,78.54,17.09
Scotland 1,2024-25,St. Johnstone,38.0,9.0,5.0,24.0,32.0,42.1,38.0,68.0,-30.0,28.0,53.3,0.91,0.95,8.43,33.3,12.93,17.67,12.07,1.36,1.62,11.53,57.09,61.9,43.34,45.9,11.77,388.51,81.4,2.67,48.82,63.0,48.44,52.0,71.19,11.86
Scotland 1,2024-25,Hearts,38.0,15.0,7.0,16.0,52.0,54.8,52.0,47.0,5.0,28.2,52.9,1.25,1.24,10.66,36.3,18.39,17.38,18.36,1.18,1.13,9.0,57.54,67.0,48.93,44.2,10.02,406.14,80.8,4.25,55.36,64.4,46.52,47.1,71.59,13.2
Scotland 1,2024-25,Aberdeen,38.0,15.0,8.0,15.0,53.0,45.4,48.0,61.0,-13.0,27.5,52.3,1.13,1.18,9.85,32.6,16.8,20.76,17.95,1.53,1.44,11.24,59.43,63.0,42.8,47.2,11.22,384.24,80.4,3.57,49.18,61.7,48.85,48.2,65.46,14.55
Scotland 1,2024-25,Hibernian,38.0,15.0,13.0,10.0,58.0,56.6,62.0,50.0,12.0,28.2,45.3,1.47,1.34,9.94,36.5,15.9,18.75,15.71,1.2,1.19,9.4,52.95,59.3,45.64,45.2,12.73,296.96,76.9,3.42,45.66,59.7,44.17,50.9,61.52,10.89
Scotland 1,2024-25,Dundee,38.0,11.0,8.0,19.0,41.0,41.3,57.0,77.0,-20.0,26.9,45.0,1.37,1.11,9.01,37.9,13.09,18.62,14.75,1.62,1.85,13.55,62.85,63.5,55.93,43.7,12.08,279.06,74.0,3.32,46.35,58.2,45.41,46.0,61.63,10.96
Scotland 1,2024-25,Kilmarnock,38.0,12.0,8.0,18.0,44.0,52.1,45.0,64.0,-19.0,27.7,44.7,1.07,1.17,10.22,32.3,16.41,21.04,16.34,1.21,1.52,10.22,56.81,65.1,59.71,47.2,11.95,273.4,73.0,2.83,49.84,58.2,53.33,53.1,65.63,9.77
Scotland 1,2024-25,Dundee United,38.0,15.0,8.0,15.0,53.0,47.0,45.0,54.0,-9.0,27.4,43.2,1.07,1.23,9.36,35.8,15.53,16.18,15.42,1.46,1.28,12.14,60.78,64.0,59.83,47.4,12.59,284.37,74.9,3.16,43.8,60.8,51.16,54.2,65.08,8.05
Scotland 1,2024-25,St. Mirren,38.0,14.0,8.0,16.0,50.0,50.3,53.0,59.0,-6.0,28.8,43.1,1.25,1.18,9.27,38.7,15.68,17.19,14.46,1.31,1.39,9.62,57.31,62.6,51.11,42.8,11.73,259.27,73.2,3.3,49.43,56.5,48.94,50.8,59.98,9.72
Scotland 1,2024-25,Motherwell,38.0,14.0,7.0,17.0,49.0,43.4,46.0,63.0,-17.0,26.1,42.3,1.09,1.03,8.78,35.1,12.56,13.43,12.82,1.41,1.5,12.15,60.36,64.1,50.27,43.2,14.06,287.71,76.4,3.13,43.5,59.2,48.82,52.2,64.79,8.02
Scotland 1,2024-25,Ross County,38.0,9.0,10.0,19.0,37.0,39.9,37.0,65.0,-28.0,27.1,40.6,0.88,0.96,8.44,32.3,12.57,15.73,10.9,1.64,1.55,12.86,64.45,64.2,58.18,47.0,12.77,247.36,71.7,1.89,44.06,57.9,48.14,51.1,61.12,7.82
