"Player","League","Team","Position","Age","Market value","Contract expires","Matches played","Minutes played","Goals","xG","Assists","xA","Birth country","Foot","Height","Successful defensive actions per 90","Defensive duels per 90","Defensive duels won, %","Aerial duels per 90","Aerial duels won, %","Shots blocked per 90","PAdj Interceptions","Non-penalty goals per 90","xG per 90","Head goals per 90","Shots","Shots per 90","Shots on target, %","Goal conversion, %","Crosses per 90","Accurate crosses, %","Dribbles per 90","Successful dribbles, %","Offensive duels per 90","Offensive duels won, %","Touches in box per 90","Progressive runs per 90","Accelerations per 90","Passes per 90","Accurate passes, %","Forward passes per 90","Accurate forward passes, %","Long passes per 90","Accurate long passes, %","xA per 90","Smart passes per 90","Key passes per 90","Passes to final third per 90","Accurate passes to final third, %","Passes to penalty area per 90","Accurate passes to penalty area, %","Deep completions per 90","Progressive passes per 90","Accurate progressive passes, %","Conceded goals per 90","Shots against per 90","Save rate, %","xG against per 90","Prevented goals","Prevented goals per 90","Exits per 90"
"Mohamed Bassam","Egypt 1.","Ceramica","GK","35","600000","2027-06-30","14","1438","0","0","0","0","Egypt","right","191","2","0","0","0.19","100","0.06","3.45","0","0","0","0","0","0","0","0","0","0","0","0.25","100","0","0","0","20.09","83.8","11.08","72.32","6.76","53.7","0","0","0","2.63","38.1","0.25","25","0.06","3.57","77.19","0.38","2.69","86.05","0.77","6.25","0.391","1.19"
"Amr Hossam","Egypt 1.","Wadi Degla","GK","34","200000","2028-06-30","14","1434","0","0","0","0","Egypt","right","183","1.19","0.06","0","0.13","100","0.06","2.18","0","0","0","0","0","0","0","0","0","0","0","0.5","87.5","0","0","0","15.44","84.55","8.22","73.28","6.21","65.66","0","0","0","1.76","53.57","0.06","0","0.06","4.77","71.05","0.82","2.32","64.86","0.72","-1.51","-0.095","0.88"
"Mahmoud El Zanfaly","Egypt 1.","Haras El Hodood","GK","33","200000","2027-06-30","14","1432","0","0","0","0","Egypt","right","190","1.82","0.06","100","1.07","88.24","0","2.42","0","0","0","0","0","0","0","0","0","0","0","0.25","100","0","0","0.06","12.32","73.47","10.37","68.48","8.67","63.77","0","0","0","2.83","51.11","0.13","0","0","6.16","80.61","1.19","4.46","73.24","1.13","-1.07","-0.067","2.33"
"Mostafa Gamal","Egypt 1.","Al Mokawloon","DMF, RCMF, RDMF","35","0","2026-06-30","14","1432","1","0.76","1","0.86","Egypt","","0","6.6","5.66","62.22","5.59","53.93","0.13","5.11","0","0.05","0","2","0.13","50","50","0.25","25","0.25","75","1.82","55.17","0.06","0.69","0","34.57","82.91","11.75","71.12","3.83","57.38","0.05","0.13","0.06","5.91","67.02","1.07","41.18","0.44","4.9","78.21","","","0","0","","",""
"T. Mohamed","Egypt 1.","Petrojet","LB","26","0","","14","1431","0","0.33","1","0.97","Egypt","unknown","0","9.25","5.22","65.06","2.08","48.48","0.25","6.53","0","0.02","0","15","0.94","20","0","3.65","20.69","3.4","50","7.11","41.59","0.82","2.7","0.38","28.62","60.66","12.2","61.34","8.05","44.53","0.06","0.13","0.31","6.48","54.37","3.58","24.56","0.82","8.81","67.86","","","0","0","","",""
"Omar Salah","Egypt 1.","Petrojet","GK","28","100000","2027-06-30","14","1431","0","0","0","0","Egypt","right","187","1.26","0","0","0.82","76.92","0","1.69","0","0","0","0","0","0","0","0","0","0","0","0.06","100","0","0","0.06","11.01","72","8.68","65.94","7.17","57.89","0","0","0","3.27","53.85","0","0","0","5.16","75.61","1.01","3.9","74.19","1.23","3.62","0.228","1.76"
"Ahmed El Aash","Egypt 1.","Ghazl El Mehalla","RCB","27","50000","2028-06-30","14","1430","0","0.25","0","0.04","Egypt","right","0","7.49","3.65","79.31","5.03","58.75","0.69","6.05","0","0.02","0","7","0.44","0","0","0.31","40","0","0","0.76","41.67","0.38","0.44","0","32.6","77.22","18.63","66.22","12.84","63.24","0","0","0","5.98","57.89","1.51","20.83","0.31","10.45","71.69","","","0","0","","",""
"Amer Amer","Egypt 1.","Ghazl El Mehalla","GK","38","100000","2026-06-30","14","1430","0","0","0","0","Egypt","","183","1.83","0","0","0.57","100","0","2.51","0","0","0","0","0","0","0","0","0","0","0","0.06","100","0","0","0","10.13","86.34","5.41","75.58","3.59","70.18","0","0.06","0","0.63","40","0","0","0","2.9","80.43","0.44","2.33","81.08","0.61","2.68","0.169","1.57"
"M. Saeed","Egypt 1.","Pharco","GK","32","0","","14","1421","0","0","0","0","Egypt","unknown","0","1.39","0.38","66.67","1.14","88.89","0","1.4","0","0","0","0","0","0","0","0","0","0.19","33.33","0.51","62.5","0","0","0","12.16","78.13","6.97","71.82","5.76","64.84","0","0","0","1.77","78.57","0","0","0","4.56","63.89","0.89","4.18","78.79","1.02","2.16","0.137","2.85"
"Ragab Nabil","Egypt 1.","Ceramica","LCB, RCB","32","400000","2027-06-30","14","1415","2","1.2","0","0","Egypt","","180","5.92","2.67","54.76","4.83","60.53","0.51","7.25","0.13","0.08","0.06","5","0.32","60","40","0.13","0","0","0","0.57","33.33","0.51","1.14","0","46.88","90.37","20.29","84.64","4.07","46.88","0","0","0","4.39","73.91","0.06","0","0.06","6.49","67.65","","","0","0","","",""
"M. Ahmed","Egypt 1.","Pharco","LCB, CB","22","0","2026-06-30","14","1412","0","0","0","0.17","Egypt","unknown","0","7.97","3.82","66.67","3.19","46","0.38","6.26","0","0","0","0","0","0","0","0.19","33.33","0","0","0.64","50","0.25","0.51","0","26.07","83.13","14.15","78.38","5.23","60.98","0.01","0","0","3.51","61.82","0.38","33.33","0.25","7.33","70.43","","","0","0","","",""
"Adham Hamed","Egypt 1.","Petrojet","LDMF, RDMF, LCMF","25","0","2027-06-30","14","1363","3","2.68","0","0.72","Egypt","right","0","10.37","6.74","67.65","6.6","60","0.33","7.59","0.07","0.18","0.07","13","0.86","38.46","23.077","0.86","38.46","0.99","60","4.69","38.03","0.59","0.86","0.07","29.52","73.83","11.16","56.21","4.56","55.07","0.05","0","0.2","6.4","60.82","1.39","38.1","0.33","6.01","62.64","","","0","0","","",""
"Mohamed Camacho","Egypt 1.","El Geish","LCB","32","325000","","13","1337","0","0.13","0","0.07","Egypt","","0","5.92","2.42","66.67","5.52","56.1","0.4","5.09","0","0.01","0","3","0.2","0","0","0.13","50","0.34","60","1.35","40","0.4","0.13","0","28","84.86","13.19","76.02","4.04","60","0","0","0.07","2.36","54.29","0.4","16.67","0","4.44","56.06","","","0","0","","",""
"Mohamed Shaaban","Egypt 1.","El Geish","GK","31","200000","","13","1337","0","0","0","0","Egypt","right","0","1.41","0.13","50","0.54","87.5","0","1.79","0","0","0","0","0","0","0","0","0","0","0","0.34","80","0","0","0","10.23","78.29","7.07","72.38","4.78","60.56","0","0","0","1.35","65","0.13","50","0","3.3","73.47","1.21","3.16","61.7","1.12","-1.43","-0.096","1.55"
"Ahmed Hamed Shousha","Egypt 1.","Ghazl El Mehalla","LCB","32","175000","2028-06-30","13","1330","3","2.64","0","0.09","Egypt","","0","7.92","3.25","66.67","3.86","56.14","0.61","7.41","0.07","0.18","0","10","0.68","70","30","0","0","0","0","0.54","62.5","0.41","0.54","0.07","33.97","81.27","19.56","74.39","10.15","63.33","0.01","0","0","7.31","63.89","0.54","12.5","0.2","11.23","72.89","","","0","0","","",""
"H. Reyad","Egypt 1.","Petrojet","RCB","27","0","2028-06-30","13","1329","1","0.58","0","0.28","Egypt","","0","10.36","2.71","82.5","7.11","65.71","1.22","9.79","0.07","0.04","0.07","7","0.47","14.29","14.286","0","0","0","0","0.34","40","0.41","0.07","0","21.67","68.13","14.15","59.81","8.53","56.35","0.02","0","0","4.81","52.11","0.47","14.29","0.07","7.86","62.93","","","0","0","","",""
"Aly Lotfi","Egypt 1.","ZED FC","GK","36","250000","2027-06-30","13","1329","0","0","0","0","Egypt","right","187","1.9","0.07","100","0.74","72.73","0","2.73","0","0","0","0","0","0","0","0","0","0","0","0.2","66.67","0","0","0","15.51","87.34","7.92","79.49","5.49","66.67","0","0","0","0.88","61.54","0.07","0","0","4","76.27","0.81","3.66","77.78","0.91","1.49","0.101","1.35"
"M. Ali Okasha","Egypt 1.","Petrojet","RDMF, LDMF","27","0","2026-06-30","13","1325","0","0.14","0","0.16","Egypt","right","0","11.21","9.03","65.41","4.21","45.16","0.14","5.72","0","0.01","0","10","0.68","10","0","0.95","35.71","0.61","44.44","3.87","28.07","0.07","0.75","0.14","31.79","76.07","13.65","65.67","6.79","52","0.01","0.07","0","7.54","64.86","1.63","50","0.54","6.79","69","","","0","0","","",""
"A. Sulieman","Egypt 1.","Kahraba Ismailia","CF, LW, RW","25","0","","15","1317","4","5.66","1","0.97","Eritrea","","0","2.46","1.78","65.38","1.3","5.26","0","1.81","0.14","0.39","0","36","2.46","44.44","11.111","1.37","25","3.62","56.6","7.18","42.86","2.46","2.26","0.41","9.91","61.38","2.32","58.82","0.75","45.45","0.07","0.07","0.34","0.96","57.14","1.3","47.37","0.41","1.57","78.26","","","0","0","","",""
"Ibrahim Abdelhakim","Egypt 1.","Haras El Hodood","RCB, LCB","22","0","2026-06-30","13","1313","3","1.06","0","0.1","Egypt","","0","8.16","5.55","69.14","5.07","66.22","0.55","5.67","0.21","0.07","0.21","7","0.48","57.14","42.857","0","0","0.07","0","0.34","0","0.55","0.14","0","27.01","79.95","13.71","68","8.29","52.07","0.01","0","0","4.66","50","0.48","14.29","0.07","6.79","73.74","","","0","0","","",""
"Y. Zakaria","Egypt 1.","Ghazl El Mehalla","LB","24","0","2029-06-30","14","1308","0","0.19","0","0.3","Egypt","","0","5.16","4.06","59.32","1.72","48","0","3.44","0","0.01","0","2","0.14","100","0","2.41","48.57","1.31","47.37","3.72","33.33","0.28","1.44","0.07","33.78","73.73","16.03","65.24","6.4","52.69","0.02","0.07","0.14","5.71","62.65","2.61","47.37","0.41","9.77","76.06","","","0","0","","",""
"M. Rabia","Egypt 1.","ZED FC","LB","29","0","2028-06-30","13","1294","1","0.57","0","0.03","Egypt","","0","7.44","5.22","57.33","3.69","49.06","0.14","6.38","0.07","0.04","0.07","6","0.42","33.33","16.667","0.77","45.45","0.7","60","2.85","46.34","0.83","0.49","0","35.26","80.87","15.72","68.58","4.73","48.53","0","0","0","5.84","55.95","1.04","33.33","0.21","8.28","68.07","","","0","0","","",""
"A. Tarek","Egypt 1.","ZED FC","LCB","24","0","","13","1291","0","0.78","0","0.4","Egypt","","0","6.34","3.35","70.83","5.09","65.75","0.42","5.09","0","0.05","0","4","0.28","25","0","0","0","0.14","100","1.25","66.67","0.63","0.14","0","34.86","82.8","16.31","72.22","6","51.16","0.03","0","0.07","3.28","59.57","0.28","75","0.35","7.04","52.48","","","0","0","","",""
"R. Arfaoui","Egypt 1.","Ghazl El Mehalla","AMF, LCMF, CF","29","500000","2027-06-30","13","1273","1","0.85","1","1.43","Tunisia","","0","3.46","3.39","52.08","1.48","23.81","0.07","1.91","0.07","0.06","0","10","0.71","30","10","1.63","47.83","3.53","50","10.68","42.38","1.2","0.78","0.07","28","77.27","8.2","62.93","3.25","39.13","0.1","0.21","0.21","3.32","55.32","3.25","54.35","0.92","3.96","76.79","","","0","0","","",""
"Ali Hamdi","Egypt 1.","El Geish","LCMF, DMF","26","0","","13","1270","0","0.33","0","0.16","Egypt","right","0","9.07","5.39","69.74","1.56","36.36","0.43","5.91","0","0.02","0","13","0.92","15.38","0","1.49","33.33","0.43","83.33","3.69","36.54","0.35","1.28","0.21","44.93","79.81","19.06","71","8.43","63.03","0.01","0.07","0.07","10.7","66.23","2.83","45","1.06","10.98","77.42","","","0","0","","",""
"M. Konta","Egypt 1.","Ismaily","RCMF, DMF, LCMF","18","0","2030-06-30","13","1250","1","0.12","0","0.06","Egypt","","0","8.71","7.2","61","2.02","46.43","0.07","5","0.07","0.01","0","8","0.58","25","12.5","0.22","33.33","0.5","42.86","4.97","37.68","0.07","0.58","0","34.92","78.56","12.74","61.02","6.7","50.54","0","0","0.07","5.11","54.93","1.37","36.84","0.29","6.19","59.3","","","0","0","","",""
"Osama Faisal","Egypt 1.","National Bank of Egypt","CF, LAMF, RAMF","25","400000","2027-06-30","13","1249","4","5.28","0","0.89","Egypt","left","0","3.39","2.45","64.71","4.18","37.93","0","2.69","0.22","0.38","0","30","2.16","30","13.333","1.22","17.65","3.03","40.48","11.67","32.72","3.46","1.87","0.14","25","70.32","7.21","64","0.94","23.08","0.06","0.07","0.22","2.02","50","1.87","46.15","1.15","3.03","59.52","","","0","0","","",""
"Ali Fawzi","Egypt 1.","Modern Sport","RB","33","400000","2027-06-30","12","1246","2","2.28","4","2.3","Egypt","right","176","6.07","4.77","65.15","0.65","33.33","0","3.76","0","0.16","0","3","0.22","66.67","66.667","4.84","31.34","1.73","58.33","3.97","41.82","0.36","1.08","0.51","36.04","78.36","15.39","78.87","5.13","60.56","0.17","0","0.29","5.49","76.32","3.83","43.4","0.43","9.17","81.89","","","0","0","","",""
"Amr El Solia","Egypt 1.","Ceramica","DMF, RDMF, RCMF","35","600000","2026-06-30","13","1245","3","2.18","0","0.72","Egypt","right","185","7.66","4.34","78.33","4.05","53.57","0.22","6.88","0.22","0.16","0","9","0.65","44.44","33.333","0.29","50","0.43","66.67","2.24","35.48","0.72","0.51","0.07","57.18","85.34","21.11","74.32","7.45","57.28","0.05","0","0.29","10.63","69.39","2.39","63.64","1.3","10.41","81.25","","","0","0","","",""
"Mahmoud Abou El Saoud","Egypt 1.","Al Mokawloon","GK","38","250000","","12","1241","0","0","0","0","Egypt","right","186","0.94","0.07","0","0.51","85.71","0","1.62","0","0","0","0","0","0","0","0","0","0","0","0.15","100","0","0","0","9.86","81.62","6.96","75","4.28","62.71","0","0","0","1.23","35.29","0.07","0","0","3.26","75.56","0.94","2.61","63.89","0.83","-1.54","-0.112","1.52"
"Sobhi Soliman","Egypt 1.","Al Ittihad","GK","29","150000","2028-06-30","12","1237","0","0","0","0","Egypt","right","0","1.24","0.07","100","0.44","100","0","1.58","0","0","0","0","0","0","0","0","0","0","0","0.29","75","0","0","0.07","12.3","82.25","8.37","76.52","5.75","68.35","0","0","0","2.76","60.53","0.07","100","0.15","4.8","84.85","1.24","4.95","75","1.22","-0.17","-0.012","1.46"
"F. Lakay","Egypt 1.","Ceramica","CF, AMF","28","600000","","13","1236","2","2.85","3","2.29","South Africa","right","170","2.99","2.62","52.78","2.04","28.57","0.15","2.83","0.15","0.21","0","17","1.24","35.29","11.765","0.8","45.45","2.4","45.45","10.27","40.43","3.06","0.58","0.07","34.37","80.08","8.01","66.36","0.58","37.5","0.17","0.07","0.66","3.71","62.75","1.6","59.09","1.53","3.57","69.39","","","0","0","","",""
"Khaled Awad","Egypt 1.","El Geish","RB","22","0","2028-06-30","13","1231","0","0.01","0","0.38","Egypt","","0","8.33","4.39","78.33","3.07","59.52","0.73","6.53","0","0","0","2","0.15","0","0","3.29","33.33","1.75","58.33","5.56","46.05","0.07","1.61","0.44","33.7","76.57","12.65","73.99","2.92","65","0.03","0","0.15","3.58","69.39","2.78","44.74","0.29","7.38","72.28","","","0","0","","",""
"Islam Issa","Egypt 1.","Ceramica","LAMF, AMF, RAMF","29","500000","2027-06-30","14","1230","1","3.04","1","1.96","Egypt","right","0","5.85","3.44","70.21","1.83","32","0.29","4.96","0.07","0.22","0.07","15","1.1","46.67","6.667","1.39","36.84","2.27","58.06","7.1","42.27","3.88","1.46","0.22","34.1","76.61","6.8","58.06","1.98","59.26","0.14","0.15","0.22","2.12","65.52","2.34","53.13","1.39","3.73","68.63","","","0","0","","",""
"Mohamed Dabash","Egypt 1.","Smouha","LCB, RCB","33","150000","2027-06-30","12","1221","0","0.82","0","0","Egypt","right","180","5.23","2.21","60","3.91","62.26","0.15","6.21","0","0.06","0","3","0.22","0","0","0","0","0.07","0","0.52","28.57","0.52","0.29","0.07","31.92","84.76","12.9","70.29","7.67","63.46","0","0","0","3.69","60","0.59","62.5","0.29","6.27","68.24","","","0","0","","",""
"Mohamed Toni","Egypt 1.","Al Ittihad","LCMF, LDMF","29","300000","2026-06-30","13","1217","0","0.64","0","1.57","Egypt","both","178","8.28","7.03","62.11","1.85","56","0.15","5.29","0","0.05","0","12","0.89","16.67","0","0.44","33.33","0.52","71.43","3.92","43.4","0.44","0.67","0.07","42.6","88.89","13.53","82.51","5.03","72.06","0.12","0.07","0.3","6.29","78.82","1.55","57.14","0.89","7.47","86.14","","","0","0","","",""
"M. Alaa","Egypt 1.","El Gounah","GK","26","0","2027-06-30","12","1215","0","0","0","0.09","Egypt","unknown","0","1.93","0.22","33.33","0.52","100","0","2.32","0","0","0","0","0","0","0","0","0","0","0","0.3","100","0","0","0","13.63","66.85","10.15","57.66","8.3","50","0.01","0","0.07","5.11","39.13","0.67","0","0","5.19","74.29","0.74","3.04","75.61","0.97","3.07","0.227","2.37"
"Ahmed El Sageery","Egypt 1.","ZED FC","RDMF, RCMF","27","0","","13","1210","0","0.24","0","0.54","Egypt","","0","5.06","2.75","64.86","2.45","33.33","0.22","4.85","0","0.02","0","6","0.45","16.67","0","0.89","41.67","0.45","50","2.38","43.75","0.15","0.52","0.07","40.61","83.33","15.84","73.71","5.73","49.35","0.04","0.07","0.15","8.4","69.91","1.71","39.13","0.45","8.03","75.93","","","0","0","","",""
"Mohamed Ammar","Egypt 1.","Ismaily","LCB, RCB","26","150000","2027-06-30","12","1206","2","1.23","0","0","Egypt","right","182","10.67","6.34","84.71","7.01","59.57","0.6","6.8","0.07","0.09","0.07","7","0.52","71.43","28.571","0.15","0","0.37","100","1.64","59.09","0.67","0.22","0.07","32.91","77.55","16.64","67.71","8.73","51.28","0","0","0","5.9","54.43","0.52","28.57","0.15","8.43","54.87","","","0","0","","",""
"A. Mohamed","Egypt 1.","Ismaily","RB, LCB","23","0","","13","1203","2","1.45","0","0.26","Egypt","unknown","0","7.93","5.24","71.43","4.86","63.08","0.3","5.06","0.15","0.11","0.15","5","0.37","60","40","0.75","30","0.07","0","1.12","53.33","0.82","0.15","0","21.92","77.47","9.65","65.12","2.54","35.29","0.02","0","0.07","2.32","67.74","0.67","33.33","0.07","4.86","55.38","","","0","0","","",""
"Karim Yehia","Egypt 1.","Kahraba Ismailia","RCB, RB","27","100000","2027-06-30","13","1201","0","0.24","0","0.05","Egypt","right","184","5.92","4.05","61.11","4.65","45.16","0.37","4.38","0","0.02","0","5","0.37","20","0","0.75","20","0","0","1.2","25","0.67","0.22","0.07","24.5","75.54","13.94","70.97","5.25","52.86","0","0","0.07","3.82","64.71","0.82","27.27","0.15","6.82","63.74","","","0","0","","",""
"I. Ouro-Agoro","Egypt 1.","El Geish","CF","29","0","2027-06-30","12","1199","2","3.1","1","1.01","Togo","left","182","3.23","2.93","56.41","10.43","37.41","0.15","2.05","0.08","0.23","0","32","2.4","34.38","6.25","1.05","21.43","3","55","9.98","30.08","3.38","1.28","0","16.74","70.4","3.83","52.94","0.45","16.67","0.08","0.08","0.23","1.58","57.14","1.05","42.86","0.68","1.95","61.54","","","0","0","","",""
"Mohamed Sobhi","Egypt 1.","Zamalek","GK","26","800000","2028-06-30","12","1194","0","0","0","0.28","Egypt","right","185","0.83","0.08","100","0.83","100","0","1.23","0","0","0","0","0","0","0","0.08","0","0","0","0.3","100","0","0","0","22.24","88.47","9.5","76.98","6.56","64.37","0.02","0","0.08","1.28","35.29","0.23","33.33","0.08","4.15","70.91","0.6","2.04","70.37","0.72","1.57","0.118","2.04"
"M. Roqa","Egypt 1.","Haras El Hodood","DMF, RDMF, LCMF","32","0","","13","1189","1","0.89","0","0.68","Egypt","right","175","7.12","2.57","67.65","1.06","21.43","0.45","6.88","0","0.07","0","12","0.91","25","8.333","0.23","33.33","0.83","72.73","1.36","55.56","0.08","0.23","0","36.94","81.97","13.17","70.69","7.42","52.04","0.05","0","0","6.74","65.17","1.14","20","0.15","7.8","69.9","","","0","0","","",""
"Hossam Abdelsalam","Egypt 1.","Zamalek","LCB","24","0","2027-06-30","12","1181","1","1.68","0","0.01","Egypt","","0","6.02","3.73","71.43","6.17","77.78","0.15","4.75","0","0.13","0","12","0.91","25","8.333","0.08","0","0","0","1.22","56.25","0.84","1.52","0","52.66","89","22.4","80.95","7.24","52.63","0","0","0","6.48","72.94","0.46","16.67","0.15","8.76","78.26","","","0","0","","",""
"A. Amer","Egypt 1.","Smouha","LB","34","200000","","12","1161","0","0.25","1","0.59","Egypt","","0","9.38","5.81","76","3.57","60.87","0.08","7.47","0","0.02","0","5","0.39","60","0","1.94","32","0.78","40","2.79","47.22","0.93","0.54","0","31.16","73.38","17.21","69.82","7.75","62","0.05","0.08","0.39","5.58","62.5","2.09","29.63","0.31","8.68","76.79","","","0","0","","",""
"H. Ibrahim","Egypt 1.","El Gounah","RDMF, RCMF, LCMF","23","0","2026-06-30","12","1156","0","1.16","0","0.74","Ghana","unknown","0","6.85","4.98","71.88","3.04","28.21","0.08","4.42","0","0.09","0","12","0.93","50","0","0.47","33.33","1.17","66.67","4.13","54.72","0.47","0.54","0.08","29.58","77.63","11.91","63.4","2.96","50","0.06","0","0","6.46","51.81","1.17","60","0.7","4.67","70","","","0","0","","",""
"A. Amoory","Egypt 1.","Ghazl El Mehalla","RB","27","0","2026-06-30","12","1153","1","0.74","0","0.74","Egypt","unknown","0","9.99","5.93","73.68","5.07","60","0.47","6.33","0.08","0.06","0","9","0.7","11.11","11.111","2.97","39.47","1.25","56.25","3.28","33.33","1.01","0.47","0.23","25.52","73.09","13.35","69.01","5.23","50.75","0.06","0","0.23","4.84","67.74","2.03","57.69","0.23","8.35","75.7","","","0","0","","",""
"Ahmed Bahbah","Egypt 1.","Petrojet","LCB, CF","32","0","2026-06-30","14","1153","1","0.92","1","0.26","Egypt","","0","8.04","5.23","65.67","9.29","47.06","0.23","5.54","0.08","0.07","0.08","8","0.62","25","12.5","0.31","25","0.39","40","2.89","27.03","1.17","0.39","0.08","15.77","68.32","8.74","58.04","5.23","56.72","0.02","0","0.08","3.51","53.33","0.7","33.33","0.23","4.76","60.66","","","0","0","","",""
"A. Liadi","Egypt 1.","Al Ittihad","RB","23","0","2027-06-30","14","1143","0","0.19","2","0.8","Nigeria","","0","7.87","6.22","68.35","1.02","23.08","0.08","5.11","0","0.01","0","4","0.31","25","0","2.83","16.67","1.97","56","6.22","54.43","0.63","1.81","0.63","26.54","69.73","10.79","64.96","5.2","56.06","0.06","0.08","0.39","4.72","68.33","2.68","35.29","0.47","7.17","67.03","","","0","0","","",""
"A. El Solia","Egypt 1.","Ceramica","DMF, RCMF","35","0","","12","1140","2","1.75","0","0.69","Egypt","right","0","7.82","4.34","76.36","3.95","54","0.24","7.36","0.16","0.14","0","8","0.63","37.5","25","0.32","50","0.47","66.67","2.29","34.48","0.71","0.55","0.08","58.58","85.44","21.24","74.35","7.5","56.84","0.05","0","0.16","11.13","69.5","2.37","60","1.26","10.82","81.02","","","0","0","","",""
"Mohamed El Deghemy","Egypt 1.","Haras El Hodood","RB, RWB","32","0","2026-06-30","12","1138","0","0.12","0","1.01","Egypt","right","174","8.07","5.46","57.97","3.4","46.51","0.08","5.84","0","0.01","0","2","0.16","100","0","2.45","45.16","1.66","71.43","3.56","57.78","0.47","0.47","0","26.65","69.14","14.24","59.44","5.38","36.76","0.08","0","0.16","5.06","50","2.53","40.63","0.24","7.83","63.64","","","0","0","","",""
"M. Ismail","Egypt 1.","Al Mokawloon","LCB","32","0","2028-06-30","12","1137","0","0.35","0","0.24","Egypt","left","187","7.2","4.43","57.14","6.49","48.78","0.55","6.94","0","0.03","0","4","0.32","75","0","0.16","100","0.08","100","0.24","66.67","0.63","0.4","0.08","29.45","78.76","15.99","72.77","7.2","56.04","0.02","0","0","4.91","53.23","0.63","50","0.4","7.44","71.28","","","0","0","","",""
"Mohamed Hany","Egypt 1.","Al Ahly","RB","30","1500000","2027-06-30","11","1134","0","0.18","2","1.43","Egypt","right","180","5.87","4.44","67.86","1.75","54.55","0","4.95","0","0.01","0","6","0.48","50","0","4.44","48.21","1.98","64","4.29","48.15","0.95","1.43","0.16","45.4","82.17","17.78","76.79","4.84","60.66","0.11","0.24","0.71","8.97","76.99","6.11","57.14","1.43","12.86","87.04","","","0","0","","",""
"Abdel Aziz El Balouti","Egypt 1.","National Bank of Egypt","GK","32","150000","2027-06-30","11","1133","0","0","0","0","Egypt","","0","1.03","0","0","0.56","85.71","0","1.7","0","0","0","0","0","0","0","0","0","0","0","0.16","100","0","0","0","13.82","91.95","6.67","86.9","3.5","75","0","0","0","0.56","57.14","0","0","0","2.7","82.35","0.48","1.91","75","0.69","2.65","0.211","1.51"
"M. Mohamed Abdelkader Amer","Egypt 1.","Pharco","RCB, CB","21","0","","13","1129","0","0.03","0","0","Egypt","unknown","0","7.49","5.34","74.63","3.59","44.44","0.56","3.58","0","0","0","1","0.08","0","0","0","0","0.4","80","1.83","47.83","0.32","0.24","0","21.92","76","11.24","65.25","6.3","51.9","0","0","0","4.07","52.94","0.4","0","0","5.9","63.51","","","0","0","","",""
"Mohamed Ashraf Roqa","Egypt 1.","Haras El Hodood","DMF, LCMF, RDMF","32","0","2026-06-30","12","1127","1","0.89","0","0.68","Egypt","right","175","7.43","2.56","68.75","1.12","21.43","0.48","7.23","0","0.07","0","11","0.88","27.27","9.091","0.24","33.33","0.8","70","1.28","50","0","0.08","0","36.1","82.52","12.78","71.25","6.95","51.72","0.05","0","0","6.47","66.67","0.88","18.18","0.08","7.35","69.57","","","0","0","","",""
"Abdel Karim Shehata","Egypt 1.","Ismaily","LB, LCB","22","0","","12","1122","0","0.23","2","0.48","Egypt","","0","9.79","5.29","72.73","5.29","71.21","0.16","7.95","0","0.02","0","6","0.48","16.67","0","2.49","16.13","2.33","55.17","7.14","44.94","0.4","1.12","0","31.36","68.03","16.12","57.71","6.34","45.57","0.04","0","0.24","5.61","55.71","2.57","21.88","0.48","8.5","60.38","","","0","0","","",""
"A. Hamza","Egypt 1.","Kahraba Ismailia","LCMF, RCMF","30","0","","14","1121","1","0.91","0","0.22","Egypt","","0","6.74","5.94","55.41","3.61","44.44","0.08","4.75","0.08","0.07","0","10","0.8","50","10","0.64","25","0.8","30","3.69","43.48","0.72","0.64","0.08","26.17","76.99","8.43","60.95","4.17","42.31","0.02","0.08","0.08","5.22","49.23","1.36","35.29","0.48","4.9","67.21","","","0","0","","",""
"Ahmed Samy","Egypt 1.","Pyramids","LCB","34","500000","2027-06-30","11","1120","0","0.96","0","0.13","Egypt","right","184","5.95","3.7","73.91","5.22","55.38","0.24","6.03","0","0.08","0","5","0.4","20","0","0.08","100","0.24","100","1.29","68.75","0.56","2.65","0","56.33","90.44","20.49","81.57","5.79","61.11","0.01","0","0","7.07","76.14","0.8","30","0.16","8.28","74.76","","","0","0","","",""
"J. Ochaya","Egypt 1.","Al Mokawloon","LB","32","450000","","12","1116","0","0.5","1","1.63","Uganda","left","188","8.71","5.73","63.38","2.9","55.56","0.24","8.16","0","0.04","0","11","0.89","36.36","0","2.98","35.14","0.56","71.43","2.26","21.43","0.81","0.16","0","32.26","72","15.65","65.46","4.76","37.29","0.13","0","0.4","6.37","59.49","3.23","37.5","0.32","9.68","75","","","0","0","","",""
"Ahmed Al Shenawy","Egypt 1.","Pyramids","GK","34","800000","2029-06-30","11","1114","0","0","0","0","Egypt","right","195","1.21","0","0","0.57","100","0","2.3","0","0","0","0","0","0","0","0","0","0","0","0.08","100","0","0","0","16.89","85.65","8.08","73","4.36","51.85","0","0","0","0.48","33.33","0","0","0","3.23","55","0.57","1.37","58.82","0.52","-0.6","-0.048","1.45"
"Abdallah Gamal","Egypt 1.","Ismaily","GK","23","0","2030-06-30","11","1112","0","0","0","0","Egypt","","0","0.73","0","0","0.4","100","0","1.02","0","0","0","0","0","0","0","0","0","0","0","0.24","100","0","0","0","14.33","79.66","9.87","72.95","8.09","67","0","0","0","1.86","52.17","0","0","0","5.83","77.78","1.05","3.72","71.74","1.06","0.08","0.006","1.38"
"S. Ashraf","Egypt 1.","El Gounah","RCB, LCB","32","0","2028-06-30","11","1106","1","1.14","0","0","Egypt","unknown","0","7.49","4.64","68.42","7.73","52.63","0.57","5.18","0.08","0.09","0.08","7","0.57","57.14","14.286","0","0","0","0","1.22","40","1.14","0.24","0","23.52","82.01","11.72","73.61","4.48","60","0","0","0","2.12","61.54","0.49","16.67","0.16","5.7","60","","","0","0","","",""
"Ahmed Youssef","Egypt 1.","Modern Sport","RCMF, DMF, RDMF","26","200000","2028-06-30","12","1097","1","0.49","0","0.1","Egypt","","0","8.2","6.81","62.65","2.22","62.96","0.41","5.14","0.08","0.04","0.08","5","0.41","40","20","0","0","0.08","100","2.46","40","0.57","0","0","25.35","86.41","8.29","78.22","2.87","60","0.01","0","0.08","3.28","72.5","0.33","25","0.25","3.12","71.05","","","0","0","","",""
"Mahmoud Diasty","Egypt 1.","Wadi Degla","LWF, LAMF","25","0","2026-06-30","14","1090","3","2.54","3","1.49","Egypt","","0","6.03","5.37","61.54","4.38","41.51","0","4.46","0.25","0.21","0","19","1.57","42.11","15.789","4.21","35.29","3.47","47.62","8.92","33.33","3.55","1.98","0.17","24.69","69.57","4.62","53.57","1.32","37.5","0.12","0","0.58","1.98","58.33","3.39","31.71","0.91","3.39","60.98","","","0","0","","",""
"O. Gaber","Egypt 1.","Zamalek","RB","33","250000","2027-06-30","12","1088","1","0.28","0","0.59","Egypt","right","174","7.11","5.13","69.35","1.32","50","0.08","4.55","0.08","0.02","0","4","0.33","25","25","2.07","36","0.41","60","1.65","35","0.91","1.65","0","31.93","82.12","13.32","78.26","2.4","34.48","0.05","0","0.25","3.47","76.19","1.65","65","0.41","6.87","74.7","","","0","0","","",""
"M. Toure","Egypt 1.","Ghazl El Mehalla","DMF, LDMF, LCMF","23","0","2027-06-30","13","1084","0","0.13","0","0.38","Côte d'Ivoire","unknown","0","9.13","8.22","64.65","3.49","47.62","0.25","4.64","0","0.01","0","6","0.5","16.67","0","0.25","66.67","0.66","37.5","4.48","33.33","0.25","0.5","0.08","29.14","83.48","9.38","66.37","2.99","44.44","0.03","0","0.17","4.65","67.86","0.66","25","0","4.73","70.18","","","0","0","","",""
"Nour El Sayed","Egypt 1.","El Gounah","DMF, LDMF, RDMF","42","50000","2026-06-30","11","1077","0","0.26","0","0.04","Egypt","right","173","7.77","6.6","70.89","3.26","35.9","0.08","4.44","0","0.02","0","7","0.58","28.57","0","0.17","50","0.42","40","2.09","40","0","0.08","0","39.69","82.74","17.05","73.04","8.52","60.78","0","0","0","8.52","67.65","1.17","21.43","0.17","9.03","70.37","","","0","0","","",""
"Mahmoud Shedid","Egypt 1.","Petrojet","RB","34","0","2027-06-30","12","1077","0","0","1","0.23","Egypt","","0","10.36","5.52","63.64","2.92","45.71","0.25","7.78","0","0","0","0","0","0","0","2.92","37.14","0.42","80","1.67","50","0","1.42","0.33","24.99","63.21","13.54","62.35","7.86","58.51","0.02","0","0.08","5.93","66.2","2.92","42.86","0.33","9.78","69.23","","","0","0","","",""
"Mohamed Grendo","Egypt 1.","Ghazl El Mehalla","CF, RAMF, RW","34","200000","2027-06-30","13","1076","1","3.02","0","0.26","Egypt","","0","4.01","3.35","60","12.21","43.15","0.25","2.31","0.08","0.25","0","16","1.34","25","6.25","0.92","36.36","1.51","27.78","6.78","16.05","2.09","0.75","0.08","11.96","67.83","2.68","59.38","1","33.33","0.02","0","0.17","1.51","44.44","1.09","23.08","0.25","1.09","61.54","","","0","0","","",""
"A. El Gazar","Egypt 1.","National Bank of Egypt","LCB","26","0","2030-06-30","11","1067","0","0.16","0","0.02","Egypt","right","181","6.75","3.8","62.22","4.55","53.7","0.42","8.13","0","0.01","0","4","0.34","0","0","0","0","0.34","50","0.84","70","0.59","1.43","0.08","49.34","84.96","24.21","74.56","6.07","51.39","0","0","0","7.42","68.18","0.76","44.44","0.25","10.21","66.12","","","0","0","","",""
"Mohamed Hamdi Zaki","Egypt 1.","Haras El Hodood","CF","34","0","2027-06-30","13","1066","2","3.18","0","0.99","Egypt","right","191","2.95","1.52","61.11","8.95","33.96","0","1.86","0.17","0.27","0.08","19","1.6","26.32","10.526","0.76","33.33","1.94","60.87","7.26","32.56","3.21","1.27","0.17","19.5","75.76","4.22","60","1.35","68.75","0.08","0.08","0.34","1.69","55","0.84","80","0.59","2.28","70.37","","","0","0","","",""
"Ahmed Alaa Eldin","Egypt 1.","El Geish","RCB","31","400000","2026-06-30","12","1064","0","0.41","0","0.02","Egypt","right","185","7.27","3.55","76.19","5.92","54.29","0.51","5.77","0","0.03","0","5","0.42","40","0","0.34","75","0.42","20","1.18","28.57","0.42","0.85","0","34.85","77.43","21.06","69.48","10.57","59.2","0","0","0.08","6.77","56.25","1.35","50","0.76","12.35","69.18","","","0","0","","",""
"Nasser Maher","Egypt 1.","Zamalek","AMF, CF, RAMF","28","300000","2028-06-30","12","1064","4","2.68","1","2.95","Egypt","right","172","3.3","2.03","79.17","0.85","10","0","2.51","0.34","0.23","0","21","1.78","38.1","19.048","2.28","33.33","2.2","69.23","7.19","45.88","3.3","2.54","0.08","37.22","80.68","11.33","70.15","1.18","35.71","0.25","0.34","0.85","5.5","75.38","3.13","64.86","1.52","5.24","79.03","","","0","0","","",""
"Seif Elkhashab","Egypt 1.","Kahraba Ismailia","LCB","27","0","2026-06-30","13","1064","1","0.28","0","0","Egypt","left","186","8.37","4.57","51.85","5.08","60","0.34","7.85","0.08","0.02","0.08","3","0.25","66.67","33.333","0","0","0.25","0","1.69","40","0.34","0.34","0","23.18","74.45","13.79","65.03","7.19","50.59","0","0","0","4.14","46.94","0.85","30","0.25","5.67","68.66","","","0","0","","",""
"M. Rizk","Egypt 1.","Modern Sport","RCB","32","0","","10","1029","1","0.5","0","0.07","Egypt","unknown","190","6.82","3.76","74.42","4.9","73.21","1.05","5.95","0.09","0.04","0.09","3","0.26","33.33","33.333","0","0","0","0","0.52","16.67","0.7","0.52","0","30.44","82.76","17.06","74.87","8.66","68.69","0.01","0","0.09","6.47","64.86","0.87","40","0.44","8.57","77.55","","","0","0","","",""
"Mostafa Ibrahim","Egypt 1.","Al Ittihad","RCB, LCB","25","0","","10","1028","1","0.92","0","0","Egypt","","0","6.57","2.89","90.91","5.69","63.08","0.18","5.02","0.09","0.08","0.09","6","0.53","66.67","16.667","0","0","0.09","0","0.79","44.44","0.7","0.26","0","28.02","79.06","15.15","72.25","6.65","52.63","0","0","0","5.78","62.12","0.35","25","0.18","7.27","66.27","","","0","0","","",""
"Abdelrahman Samir","Egypt 1.","ENPPI","GK","25","0","","10","1026","0","0","0","0","Egypt","","0","1.05","0","0","0.53","100","0","1.57","0","0","0","0","0","0","0","0","0","0.09","100","0.35","100","0","0","0","16.58","86.77","9.91","78.76","7.72","75","0","0","0","1.75","50","0","0","0","6.23","83.1","0.44","2.28","80.77","0.68","2.75","0.241","1.4"
"Mohanad Lasheen","Egypt 1.","Pyramids","RDMF, LDMF","29","0","2027-06-30","11","1023","0","0.47","1","0.37","Egypt","right","179","7.83","5.28","78.33","2.55","55.17","0.18","6.46","0","0.04","0","15","1.32","20","0","0.7","50","1.23","71.43","5.45","56.45","0.79","0.53","0.09","42.23","84.79","12.93","72.79","6.42","61.64","0.03","0.18","0.26","9.5","70.37","1.94","40.91","0.44","5.98","77.94","","","0","0","","",""
"Mohamed Ghanam","Egypt 1.","Modern Sport","AMF, LCMF","28","600000","2026-06-30","13","1023","1","1.02","0","0.02","Egypt","","0","6.51","5.19","66.1","1.85","38.1","0","3.94","0.09","0.09","0.09","14","1.23","28.57","7.143","0.53","50","1.5","64.71","5.89","47.76","0.97","0.79","0.09","27.36","79.42","7.04","62.5","2.99","50","0","0","0.09","3.78","55.81","0.88","30","0.18","4.4","60","","","0","0","","",""
"A. Castelo","Egypt 1.","ZED FC","RCB","27","0","2029-06-30","12","1023","0","0.04","0","0.29","Egypt","right","0","4.4","2.46","60.71","4.93","55.36","0.09","4.14","0","0","0","1","0.09","0","0","0.44","60","0.09","100","1.94","54.55","0.18","0.44","0","32.2","78.14","16.01","67.03","7.13","45.68","0.03","0.09","0","3.52","42.5","1.06","58.33","0.18","9.59","60.55","","","0","0","","",""
"Ahmed Mayhoub","Egypt 1.","Smouha","GK","29","150000","2028-06-30","10","1022","0","0","0","0.19","Egypt","right","184","0.88","0.09","0","0.7","100","0","1.43","0","0","0","0","0","0","0","0","0","0","0","0.35","100","0","0","0.09","13.39","73.03","8.81","66","6.96","54.43","0.02","0","0","2.64","40","0","0","0","4.32","75.51","0.44","2.55","82.76","0.64","2.27","0.2","2.03"
"Mahmoud Shabana","Egypt 1.","Al Ittihad","RCB, LCB, CB","30","250000","2026-06-30","10","1019","0","0.68","0","0.03","Egypt","right","182","6.54","3.53","67.5","6.45","64.38","0.26","5.67","0","0.06","0","3","0.26","0","0","0","0","0","0","0.44","20","0.35","0","0","30.47","82.61","14.84","71.43","7.07","57.5","0","0","0","3.44","58.97","0.26","33.33","0.26","6.36","68.06","","","0","0","","",""
"Fady Farid","Egypt 1.","Al Ittihad","CF, LWF, AMF","28","250000","2027-06-30","14","1012","3","3.41","0","0.07","Egypt","right","186","2.93","2.49","64.29","9.43","46.23","0","1.58","0.27","0.3","0","21","1.87","57.14","14.286","0.44","0","1.78","60","8.8","31.31","2.58","0.53","0","12.63","83.1","1.87","71.43","0.27","66.67","0.01","0","0","1.16","84.62","0.36","25","0.09","0.89","50","","","0","0","","",""
"Amr El Saadawy","Egypt 1.","Al Masry","LB","28","350000","2026-06-30","11","1009","0","0.85","0","0.66","Egypt","","172","7.67","6.6","59.46","1.07","25","0.18","4.87","0","0.08","0","2","0.18","50","0","2.59","27.59","1.16","69.23","2.59","51.72","0.36","0.89","0.09","33.81","79.95","13.91","75.64","4.73","62.26","0.06","0","0.18","4.46","78","2.77","38.71","0.36","8.47","71.58","","","0","0","","",""
"A. Deghmoum","Egypt 1.","Al Masry","AMF, LAMF, RWF","27","0","2027-06-30","11","1007","4","2.39","2","2.18","Algeria","left","178","7.33","7.15","58.75","1.97","27.27","0.09","4.48","0.36","0.21","0","16","1.43","56.25","25","3.84","32.56","4.38","55.1","12.51","50","3.31","3.75","0.89","33.25","75","9.65","67.59","2.77","74.19","0.19","0.27","0.8","4.11","67.39","3.93","47.73","1.25","4.47","82","","","0","0","","",""
"Fawzi El Henawy","Egypt 1.","Haras El Hodood","LB, LWB","27","75000","2026-06-30","11","1006","0","0.43","3","1.47","Egypt","right","0","8.95","5.28","72.88","2.59","34.48","0.18","5.95","0","0.04","0","10","0.89","20","0","3.67","31.71","1.7","63.16","5.01","46.43","0.36","0.63","0","31.04","63.4","15.48","57.23","9.04","47.52","0.13","0","0.27","7.16","51.25","3.85","34.88","0.36","10.38","68.1","","","0","0","","",""
"Samir Fekri","Egypt 1.","Smouha","LW, LWF, LCMF","30","400000","2028-06-30","12","1005","1","1.12","0","1.25","Egypt","right","0","7.7","7.25","62.96","2.33","26.92","0","4.29","0.09","0.1","0","14","1.25","35.71","7.143","4.3","35.42","5.01","60.71","10.03","43.75","2.06","1.34","0","27.22","74.34","6","61.19","2.69","50","0.11","0","0.27","3.58","75","3.4","34.21","0.36","5.1","73.68","","","0","0","","",""
"M. Abdelaati","Egypt 1.","Wadi Degla","LCMF, RCMF","30","0","","14","1003","0","0.26","1","0.79","Egypt","left","165","3.23","2.15","70.83","0.36","25","0","3.45","0","0.02","0","4","0.36","25","0","1.17","38.46","1.08","50","6.64","32.43","0.81","1.08","0.09","38.4","75.47","18.22","66.01","5.56","50","0.07","0.54","0.27","8.97","69","3.41","44.74","1.35","8.79","82.65","","","0","0","","",""
"M. Chibi","Egypt 1.","Pyramids","RB","32","1000000","2028-06-30","10","999","2","0.32","4","6.36","Morocco","right","175","4.68","2.52","71.43","1.35","66.67","0","5.92","0.18","0.03","0","7","0.63","57.14","28.571","5.68","31.75","1.44","68.75","3.69","51.22","1.44","2.52","0","58.02","80.28","24.05","74.53","9.19","53.92","0.57","0.09","0.99","12.16","68.89","6.67","41.89","1.62","12.61","91.43","","","0","0","","",""
"P. Badji","Egypt 1.","Smouha","CF","26","0","","13","999","3","5.91","0","1.12","Senegal","right","183","3.42","2.61","55.17","7.93","31.82","0.27","2.87","0.27","0.53","0.18","32","2.88","25","9.375","0.72","62.5","1.62","66.67","7.12","34.18","5.05","1.08","0.09","9.91","62.73","1.53","35.29","0.45","40","0.1","0","0.54","0.81","66.67","0.36","50","0.27","1.08","58.33","","","0","0","","",""
"B. Ndiaye","Egypt 1.","Pharco","RCB, RB","21","0","","11","997","1","0.32","1","0.27","Senegal","right","185","12.37","7.58","64.29","7.49","60.24","0.81","8.62","0.09","0.03","0","4","0.36","50","25","1.26","28.57","0.18","0","1.26","35.71","0.72","0.27","0.09","28.07","68.81","17.42","65.28","8.94","55.56","0.02","0","0.09","5.96","63.64","1.35","46.67","0.36","9.57","70.75","","","0","0","","",""
"M. Bentayg","Egypt 1.","Zamalek","LB","26","0","","11","994","0","0.18","2","2.22","Morocco","left","181","9.51","7.15","72.15","2.99","42.42","0.09","4.37","0","0.02","0","7","0.63","14.29","0","1.99","40.91","1.18","61.54","3.8","54.76","0.72","1.54","0.09","31.78","84.33","12.95","79.72","2.63","55.17","0.2","0","0.45","3.53","82.05","1.9","38.1","0.27","6.07","79.1","","","0","0","","",""
"Mohamed Adham El Negely","Egypt 1.","Haras El Hodood","CF, RAMF, RW","26","0","","13","992","2","2.46","0","0.11","Egypt","","0","7.26","5.81","67.19","10.71","38.14","0","3.11","0.18","0.22","0","16","1.45","50","12.5","1.09","25","1.91","47.62","9.53","28.57","2.09","1.18","0.09","22.77","73.31","4.35","60.42","0.82","55.56","0.01","0.09","0","2.18","62.5","1.45","25","0.27","2.36","50","","","0","0","","",""
"Hossam Hassan","Egypt 1.","Modern Sport","CF","32","500000","2027-06-30","12","987","2","2.76","0","0.05","Egypt","left","175","4.38","3.1","47.06","7.66","38.1","0.09","4.29","0.18","0.25","0","13","1.19","38.46","15.385","0.64","14.29","0.82","44.44","9.48","25.96","2.1","0.36","0","13.77","76.82","2.28","52","0.46","80","0","0.09","0","1.19","46.15","0.46","0","0.09","1.09","58.33","","","0","0","","",""
"Ibrahim El Kadi","Egypt 1.","Al Mokawloon","RCB, CB","35","0","2026-06-30","10","979","0","1.93","0","0.34","Egypt","","0","6.44","2.48","70.37","4.32","55.32","0.37","7.31","0","0.18","0","11","1.01","18.18","0","0.46","60","0.18","0","1.2","23.08","1.29","0.28","0","34.29","80.43","14.71","63.13","6.99","48.68","0.03","0","0","6.07","60.61","0.92","20","0.09","7.63","63.86","","","0","0","","",""
"Ahmed Fawzi","Egypt 1.","Smouha","RCMF, LDMF","23","0","2026-06-30","13","978","1","1.23","0","0.27","Egypt","right","182","7.36","5.8","68.25","3.5","47.37","0","3.44","0.09","0.11","0.09","14","1.29","21.43","7.143","1.1","41.67","1.01","81.82","4.79","61.54","1.38","0.46","0","28.9","79.62","11.41","67.74","4.42","50","0.02","0.09","0","6.81","66.22","2.21","41.67","0.92","6.53","81.69","","","0","0","","",""
"Karim El Tayeb","Egypt 1.","Pharco","CF, LAMF","27","0","","14","972","0","3.03","1","0.17","Egypt","right","0","3.89","3.33","44.44","8.8","42.11","0.28","3.15","0","0.28","0","18","1.67","38.89","0","0.37","25","1.94","52.38","7.69","28.92","2.78","0.74","0.28","13.24","69.93","3.24","60","1.02","27.27","0.02","0","0.19","1.3","64.29","0.93","40","0.37","1.85","60","","","0","0","","",""
"G. Kamel","Egypt 1.","Pharco","LB, LCB, LWB","29","0","","10","971","0","0.26","0","1.03","Egypt","left","0","6.86","4.36","59.57","3.8","43.9","0","4.96","0","0.02","0","4","0.37","0","0","1.67","38.89","0.93","50","2.5","37.04","0.65","1.48","0.09","26.05","72.95","12.14","67.18","4.08","61.36","0.1","0.09","0.28","3.71","57.5","1.95","28.57","0.09","6.86","63.51","","","0","0","","",""
"A. Sabeha","Egypt 1.","ENPPI","RB, RCB","26","250000","2027-06-30","10","967","0","0.6","2","1","Egypt","right","178","8.1","5.68","70.49","6.98","61.33","0.84","5.53","0","0.06","0","5","0.47","40","0","1.21","23.08","0.37","75","1.3","57.14","1.02","0.56","0.09","27.92","77","13.31","67.13","6.05","50.77","0.09","0","0.28","4.28","50","1.02","27.27","0.56","6.05","78.46","","","0","0","","",""
"Abdel Gawad Taalab","Egypt 1.","El Gounah","RB","23","0","","12","966","0","0.05","1","0.25","Egypt","","0","11.18","8.57","70.65","5.31","54.39","0.56","6.08","0","0","0","1","0.09","100","0","2.24","37.5","1.21","30.77","3.63","38.46","0.93","1.02","0.19","25.62","71.27","11.93","67.97","3.07","42.42","0.02","0","0.19","3.26","71.43","1.58","52.94","0.28","6.61","53.52","","","0","0","","",""
"Salah Mohsen","Egypt 1.","Al Masry","CF","27","175000","2027-06-30","11","964","5","4.88","1","1.55","Egypt","right","184","1.59","0.75","75","6.72","45.83","0","1.52","0.28","0.46","0.09","23","2.15","34.78","21.739","0.75","37.5","2.15","65.22","5.98","42.19","3.64","0.93","0.19","15.59","73.05","2.99","68.75","0.37","100","0.14","0.47","0.28","0.84","66.67","1.21","69.23","1.03","1.87","75","","","0","0","","",""
"Baher El Mohamady","Egypt 1.","Al Masry","RCB","29","500000","2028-06-30","10","959","0","0.52","0","0","Egypt","right","179","6.85","3.1","78.79","2.72","51.72","0.47","6.57","0","0.05","0","4","0.38","0","0","0","0","0.38","75","1.41","60","0.28","0.09","0","34.35","88.52","14.08","81.33","4.69","68","0","0","0","2.44","73.08","0.19","50","0.09","5.82","61.29","","","0","0","","",""
"Mohamed Desouki","Egypt 1.","Modern Sport","LB","28","150000","2027-06-30","10","953","0","0.04","0","0.13","Egypt","left","0","6.33","5.19","56.36","2.08","36.36","0.66","4.19","0","0","0","3","0.28","0","0","2.36","20","1.04","54.55","3.59","47.37","0.38","0.76","0.09","33.71","77.87","16.9","74.86","5.76","60.66","0.01","0","0","4.63","75.51","2.27","33.33","0.38","8.97","74.74","","","0","0","","",""
"Mohamed Ibrahim","Egypt 1.","National Bank of Egypt","AMF, RCMF","33","600000","2026-06-30","13","953","0","0.48","1","0.79","Egypt","right","175","5.1","3.97","71.43","1.13","33.33","0","3.57","0","0.05","0","7","0.66","14.29","0","0.94","10","2.08","50","8.03","36.47","1.42","1.98","0.09","44.58","82.2","14.92","67.72","3.78","52.5","0.07","0.47","0.09","7.46","69.62","2.55","40.74","1.13","6.52","81.16","","","0","0","","",""
"Mahmoud Trézéguet","Egypt 1.","Al Ahly","LCMF, LAMF, RW","31","0","2030-06-30","11","952","4","4.21","0","1.05","Egypt","right","180","5.29","4.16","65.91","3.31","34.29","0.19","4.94","0.19","0.4","0.09","35","3.31","28.57","11.429","2.17","34.78","4.25","51.11","9.45","34","3.69","1.61","0.19","32.62","82.61","9.17","73.2","1.51","50","0.1","0.09","0.28","4.16","72.73","3.03","59.38","1.89","4.63","85.71","","","0","0","","",""
"Omar El Wahsh","Egypt 1.","Al Mokawloon","LCMF, LDMF, RCMF","30","200000","2027-06-30","12","948","0","0.89","0","1.67","Egypt","right","178","8.64","6.74","59.15","2.75","68.97","0","6.55","0","0.08","0","8","0.76","12.5","0","2.09","45.45","1.52","62.5","5.98","52.38","0.85","2.09","0","41.77","80.23","17.28","73.08","6.08","56.25","0.16","0.28","0.28","9.21","73.2","3.42","38.89","0.85","8.54","81.11","","","0","0","","",""
"M. El Nahass","Egypt 1.","El Gounah","CF","23","0","","13","946","2","1.51","1","0.04","Egypt","right","0","3.42","1.43","60","16.46","46.82","0","3.57","0.19","0.14","0.1","12","1.14","41.67","16.667","0.29","33.33","0.76","25","5.23","27.27","2.09","0.1","0.1","13.79","75.86","4.28","60","0.76","75","0","0.1","0.1","2.19","73.91","0.38","0","0.1","2.19","60.87","","","0","0","","",""
"Ahmed Ayman","Egypt 1.","Wadi Degla","RB","30","0","2028-06-30","10","942","0","0","1","1.77","Egypt","right","0","9.17","7.17","65.33","3.34","57.14","0.19","6.88","0","0","0","1","0.1","0","0","3.34","45.71","1.24","92.31","3.25","61.76","0.38","0.76","0.1","42.8","76.56","23.41","72.24","5.06","45.28","0.17","0.1","0.1","7.55","63.29","4.11","46.51","0.38","10.61","73.87","","","0","0","","",""
"Kamal Abou-Fetouh","Egypt 1.","Wadi Degla","LCB","28","0","","11","939","0","0.92","0","0.08","Egypt","left","186","8.05","4.31","71.11","6.13","57.81","0.29","8.2","0","0.09","0","5","0.48","40","0","0.1","0","0.19","100","1.25","30.77","0.96","0.48","0","39.97","86.09","17.73","76.76","5.46","57.89","0.01","0","0","4.31","75.56","0.58","16.67","0.19","7.57","65.82","","","0","0","","",""
"M. Ben Romdhane","Egypt 1.","Al Ahly","RCMF, LCMF","26","0","","10","937","0","1.05","1","0.69","Tunisia","right","185","5.47","5.96","61.29","2.02","47.62","0","3.61","0","0.1","0","11","1.06","27.27","0","1.15","16.67","2.69","57.14","9.61","49","1.92","0.38","0.1","32.08","86.53","9.7","86.14","1.54","81.25","0.07","0.19","0.29","6.05","76.19","1.73","44.44","0.67","4.61","87.5","","","0","0","","",""
"Mahmoud Saber","Egypt 1.","ZED FC","AMF, LDMF, CF","24","400000","2029-06-30","12","935","2","2.03","3","3.6","Egypt","right","0","4.14","3.56","62.16","3.95","51.22","0.1","2.13","0.19","0.2","0","21","2.02","38.1","9.524","1.73","44.44","1.64","82.35","5.39","50","1.64","1.06","0.1","40.72","78.01","13.38","69.78","4.72","51.02","0.35","0.39","0.48","9.91","65.05","3.27","35.29","0.77","7.12","82.43","","","0","0","","",""
"Gabaski","Egypt 1.","Modern Sport","GK","36","700000","2027-06-30","9","930","0","0","0","0","Egypt","right","196","1.45","0","0","0.58","100","0","2.07","0","0","0","0","0","0","0","0","0","0","0","0.19","100","0","0","0","11.42","82.2","5.71","69.49","3.87","55","0","0","0","0.68","42.86","0.1","0","0","3.39","62.86","1.06","2.52","57.69","0.9","-1.66","-0.161","2.03"
"S. Amadi","Egypt 1.","Smouha","RW, RAMF","22","0","2026-06-30","11","930","2","1.8","0","1.52","Nigeria","","0","5.61","4.35","57.78","3.19","39.39","0.1","4.8","0.19","0.17","0","16","1.55","43.75","12.5","1.55","50","2.9","50","8.52","32.95","2.61","1.26","0.29","21.58","78.92","5.81","60","2.13","54.55","0.15","0","0.58","1.94","60","1.94","60","1.16","3.58","78.38","","","0","0","","",""
"Mostafa Saad","Egypt 1.","ZED FC","RAMF, RW, RWF","24","300000","2027-06-30","11","930","2","0.73","1","1.93","Egypt","left","168","3.58","3.48","52.78","3.19","36.36","0","2.46","0.19","0.07","0","5","0.48","80","40","4.65","39.58","4.55","53.19","11.52","46.22","2.03","1.84","0","30.48","70.48","8.03","61.45","3.58","45.95","0.19","0","0.39","4.74","71.43","4.35","51.11","0.77","6.77","81.43","","","0","0","","",""
"Mohamed El Shenawy","Egypt 1.","Al Ahly","GK","37","2000000","2027-06-30","9","929","0","0","0","0","Egypt","right","191","0.87","0.19","50","0.48","80","0","1.44","0","0","0","0","0","0","0","0","0","0","0","0.19","100","0","0","0","16.28","83.93","9.11","76.6","6.3","63.08","0","0","0","2.13","68.18","0","0","0","4.07","73.81","0.78","2.13","63.64","0.77","-0.01","-0.001","0.78"
"Mohamed Shika","Egypt 1.","Kahraba Ismailia","CF","28","0","2026-06-30","14","928","3","2.09","0","1.14","Egypt","right","0","2.04","2.91","40","15.52","45.63","0","1.27","0.29","0.2","0.1","17","1.65","35.29","17.647","0.19","50","0.29","33.33","4.07","19.05","3.88","0.39","0","14.26","62.59","3.2","27.27","0.68","42.86","0.11","0","0.19","1.45","46.67","0.39","25","0.39","1.55","56.25","","","0","0","","",""
"Marwan Dawoud","Egypt 1.","ENPPI","LB","28","0","","10","927","0","0.22","1","0.49","Egypt","left","0","9.51","7.67","70.89","2.82","48.28","0.29","5.8","0","0.02","0","4","0.39","25","0","2.52","38.46","0.97","50","3.3","38.24","0.29","0.78","0.19","31.65","70.86","14.27","61.9","5.44","51.79","0.05","0","0.29","5.05","71.15","2.33","29.17","0.19","8.64","65.17","","","0","0","","",""
"Mohamed Samir","Egypt 1.","ENPPI","RCB, LCB","24","100000","2028-06-30","9","924","0","0.53","0","0.07","Egypt","right","0","8.77","4.58","78.72","6.33","50.77","1.07","7.61","0","0.05","0","4","0.39","0","0","0","0","0","0","0.49","20","0.68","0.29","0","33.12","84.71","14.9","73.86","6.14","58.73","0.01","0","0","3.9","62.5","0.88","22.22","0.1","7.99","64.63","","","0","0","","",""
"M. Kanaria","Egypt 1.","Al Ittihad","RCMF, RW","27","250000","2028-06-30","11","924","0","0.29","0","0.53","Egypt","right","0","5.75","4.77","65.31","3.41","40","0.19","3.5","0","0.03","0","5","0.49","40","0","0.78","12.5","0.88","77.78","4.29","45.45","0.58","1.07","0","42.18","83.37","15.58","75","4.87","58","0.05","0.1","0.1","8.47","74.71","1.27","30.77","0.19","8.28","80","","","0","0","","",""
"Mostafa El Gamal","Egypt 1.","Petrojet","AMF, LAMF","28","0","2027-06-30","14","921","0","0.44","1","0.61","Egypt","","0","4.98","3.91","57.5","3.52","16.67","0","3.33","0","0.04","0","12","1.17","33.33","0","1.07","36.36","1.76","27.78","7.33","28","0.98","1.17","0","25.9","74.72","9.87","68.32","3.03","58.06","0.06","0.1","0.2","4.1","71.43","1.76","50","0.59","5.67","72.41","","","0","0","","",""
"M. Abdelsalam","Egypt 1.","Ghazl El Mehalla","RCMF, RDMF","20","0","2030-06-30","14","917","0","0.17","0","0.11","Egypt","","0","7.85","5.3","79.63","4.81","44.9","0.2","4.03","0","0.02","0","4","0.39","50","0","0.49","40","0.88","66.67","4.02","48.78","0.29","0.79","0.1","22.87","73.82","7.85","50","3.44","28.57","0.01","0","0.1","3.73","47.37","0.59","33.33","0","3.83","43.59","","","0","0","","",""
"Ahmed El Agouz","Egypt 1.","ENPPI","LDMF, RCMF","32","250000","2026-06-30","10","916","2","1.63","0","0.33","Egypt","","0","8.84","4.62","63.83","4.13","50","0.29","7.54","0","0.16","0","6","0.59","50","33.333","0.1","100","0.39","25","2.36","45.83","0.2","0","0","31.34","82.13","10.61","64.81","3.24","54.55","0.03","0","0","3.64","64.86","0.49","60","0.39","4.62","51.06","","","0","0","","",""
"Youssef Oya","Egypt 1.","Wadi Degla","RWF, RAMF","25","0","2026-06-30","11","914","1","1.83","1","1.16","Egypt","","0","5.22","6.11","48.39","1.97","40","0","4.05","0.1","0.18","0","16","1.58","31.25","6.25","2.76","46.43","3.84","48.72","8.17","36.14","2.36","2.46","0.1","29.64","73.75","7.09","70.83","1.97","35","0.11","0.1","0.59","2.95","53.33","3.45","45.71","1.08","5.51","69.64","","","0","0","","",""
"G. Al Madadha","Egypt 1.","El Geish","CF, RAMF, RW","25","0","","13","912","1","1.06","1","1.18","Jordan","unknown","0","4.74","4.74","47.92","1.48","33.33","0","3.14","0.1","0.1","0","19","1.88","26.32","5.263","0.89","44.44","1.09","36.36","5.63","31.58","1.28","0.69","0.1","26.94","76.92","6.51","60.61","2.07","52.38","0.12","0.1","0.1","3.45","60","1.48","33.33","0.2","3.85","56.41","","","0","0","","",""
"M. Ragab","Egypt 1.","Smouha","RCB","26","0","2028-06-30","9","910","0","0.19","0","0","Egypt","right","0","7.02","4.05","78.05","3.96","50","0.4","5.94","0","0.02","0","2","0.2","50","0","0.1","0","0.49","80","1.29","69.23","0.4","0.49","0","33.73","80.35","16.71","69.82","7.91","50","0","0","0","5.84","49.15","1.09","45.45","0.4","7.12","68.06","","","0","0","","",""
"Yassin El Mallah","Egypt 1.","Pharco","RCMF, LCMF","22","0","2027-06-30","13","907","0","0.78","0","0.26","Egypt","","0","10.72","8.34","64.29","5.36","48.15","0","5.87","0","0.08","0","12","1.19","25","0","0.6","50","1.39","64.29","6.95","37.14","0.6","1.69","0","30.86","77.49","10.02","62.38","3.47","51.43","0.03","0","0.1","5.26","73.58","1.49","60","0.4","5.46","56.36","","","0","0","","",""
"F. Mayele","Egypt 1.","Pyramids","CF","31","0","2026-06-30","11","906","3","3.18","1","0.62","Congo DR","right","185","1.39","1.39","57.14","3.87","30.77","0.1","1.18","0.3","0.32","0.1","20","1.99","35","15","0.79","37.5","1.09","54.55","7.85","29.11","3.68","0.4","0.1","10.63","71.96","1.79","55.56","0.4","50","0.06","0","0.2","0.5","80","0.99","70","0.6","0.99","70","","","0","0","","",""
"Ahmed Adel","Egypt 1.","ZED FC","LAMF, LW","28","150000","2027-06-30","14","905","0","1.37","0","1.83","Egypt","right","175","4.38","4.77","60.42","2.69","29.63","0","1.96","0","0.14","0","15","1.49","26.67","0","2.59","46.15","3.48","51.43","9.45","36.84","3.28","3.28","0.2","24.46","73.17","6.17","66.13","1.49","46.67","0.18","0.1","0.5","1.89","68.42","3.28","54.55","1.09","4.57","80.43","","","0","0","","",""
"Nader Farag","Egypt 1.","Ismaily","LW, CF, RW","24","0","2030-06-30","13","903","0","0.21","0","0.23","Egypt","unknown","0","4.98","4.09","68.29","6.98","38.57","0","2.31","0","0.02","0","7","0.7","28.57","0","0.7","42.86","2.29","43.48","8.57","27.91","1.3","0.7","0.2","17.14","70.93","3.69","48.65","0.7","71.43","0.02","0","0.1","1.3","61.54","0.9","55.56","0.4","2.49","52","","","0","0","","",""
"K. Saïdi","Egypt 1.","Ghazl El Mehalla","LW, CF, RAMF","19","0","2028-06-30","13","900","1","1.66","1","0.35","Congo DR","unknown","0","4.8","4.2","59.52","6.4","28.13","0.2","3.11","0.1","0.17","0","10","1","20","10","1.7","23.53","3.4","61.76","10.2","44.12","2.5","1.9","0","21.2","66.98","6.6","56.06","2.2","54.55","0.03","0.1","0.1","2.4","62.5","1.9","42.11","0.6","3.4","70.59","","","0","0","","",""
"A. El Bahrawi","Egypt 1.","Pharco","RCMF, DMF","30","0","","10","895","0","0.9","0","0.03","Egypt","unknown","0","7.74","4.32","65.12","3.12","41.94","0.3","5.72","0","0.09","0","8","0.8","25","0","0.5","40","0.91","77.78","3.12","54.84","0.6","0.7","0","30.67","79.67","10.46","63.46","4.63","52.17","0","0","0","3.72","56.76","0.3","66.67","0.1","6.13","55.74","","","0","0","","",""
"Islam Abou Salima","Egypt 1.","Haras El Hodood","LCB, CB, RCB","32","300000","2026-06-30","9","894","0","0","0","0.06","Egypt","left","182","6.74","2.62","73.08","5.84","48.28","0.3","6.5","0","0","0","0","0","0","0","0.2","0","0","0","0.4","75","0.1","0.1","0","25.77","78.13","14.19","68.79","7.45","55.41","0.01","0","0.1","4.43","61.36","0.6","16.67","0.2","7.15","59.15","","","0","0","","",""
"H. Souissi","Egypt 1.","El Geish","RCMF, DMF, RDMF","28","400000","2028-06-30","10","891","0","0.64","0","0.07","Tunisia","right","0","8.28","6.57","67.69","3.23","46.88","0.1","4.95","0","0.06","0","7","0.71","0","0","0.2","50","0.3","0","4.24","35.71","0.71","0.1","0","33.43","81.57","11.21","71.17","3.43","50","0.01","0","0","5.76","70.18","1.01","30","0.4","4.95","65.31","","","0","0","","",""
"Ali El Fil","Egypt 1.","Modern Sport","LCB","35","300000","2027-06-30","10","889","1","0.19","0","0","Egypt","right","0","5.37","2.63","76.92","2.02","55","0.61","4.22","0.1","0.02","0.1","2","0.2","50","50","0","0","0","0","0.3","0","0.2","0.1","0","25.92","89.84","9.31","83.7","3.04","73.33","0","0","0","1.42","71.43","0.1","100","0","4.15","63.41","","","0","0","","",""
"A. Belhadji","Egypt 1.","Ceramica","LCMF, RCMF","28","800000","2027-06-30","12","883","0","0.75","0","0.92","Morocco","both","176","4.28","3.06","60","1.63","18.75","0.1","4.04","0","0.08","0","11","1.12","18.18","0","0.61","0","0.41","75","2.75","44.44","2.04","0.71","0","59.01","83.25","18.35","68.33","5.81","47.37","0.09","0.31","0","9.28","70.33","2.85","39.29","1.22","8.26","74.07","","","0","0","","",""
"Karim El Deeb","Egypt 1.","Al Ittihad","LB, LW","30","250000","2026-06-30","10","880","1","0.79","0","1.13","Egypt","left","184","5.42","3.68","55.56","4.5","65.91","0.1","4.52","0","0.08","0","5","0.51","20","20","3.78","37.84","1.64","43.75","4.19","34.15","0.31","1.02","0","31.7","75.81","11.25","78.18","4.7","54.35","0.12","0","0.31","5.22","70.59","3.78","43.24","0.61","7.87","77.92","","","0","0","","",""
"Hamed El Gabry","Egypt 1.","El Geish","LB, LW","26","0","2027-06-30","10","873","0","0.77","0","0.28","Egypt","","0","9.38","7.53","67.12","2.58","64","0","4.72","0","0.08","0","9","0.93","11.11","0","1.65","43.75","1.34","53.85","5.67","38.18","1.13","1.03","0.31","22.06","72.9","7.01","61.76","2.37","39.13","0.03","0","0.21","2.78","48.15","1.13","54.55","0.21","4.12","65","","","0","0","","",""
"Essam Tharwat","Egypt 1.","Al Masry","GK","36","200000","","9","872","0","0","0","0","Egypt","","0","1.34","0.1","0","0.72","85.71","0","2.31","0","0","0","0","0","0","0","0","0","0","0","0.41","100","0","0","0","12.18","82.2","7.43","77.78","3.92","52.63","0","0","0","0.72","28.57","0","0","0","2.89","57.14","1.14","2.48","54.17","0.9","-2.31","-0.238","2.17"
"S. Attidjikou","Egypt 1.","Smouha","DMF","21","0","2027-06-30","10","872","0","0.05","0","0.1","Benin","unknown","0","8.57","6.09","66.1","3.92","50","0.31","6.14","0","0.01","0","4","0.41","0","0","0.1","0","0.72","57.14","4.03","43.59","0.21","0.21","0","31.27","83.17","9.5","66.3","3.51","38.24","0.01","0","0.1","4.54","61.36","0.41","50","0.31","4.44","62.79","","","0","0","","",""
"Ahmed Dahroug","Egypt 1.","Wadi Degla","LB","30","0","","10","867","0","0.07","0","0.61","Egypt","right","0","10.38","7.99","67.53","1.97","15.79","0.31","9.02","0","0.01","0","2","0.21","0","0","1.97","31.58","0.52","40","2.08","50","0.73","0.93","0.1","34.05","73.78","15.26","67.35","5.71","41.82","0.06","0","0","5.81","57.14","2.28","40.91","0.42","8.41","71.6","","","0","0","","",""
"F. Akem","Egypt 1.","Al Ittihad","CF, RW, LW","22","0","2029-06-30","13","866","1","1.56","1","0.91","Nigeria","","0","6.24","5.72","63.64","3.43","15.15","0","2.89","0.1","0.16","0.1","15","1.56","13.33","6.667","1.87","27.78","3.33","46.88","8.52","36.59","2.6","1.45","0","23.18","63.68","7.17","60.87","1.04","40","0.09","0.1","0.31","2.91","57.14","2.18","52.38","1.04","4.16","77.5","","","0","0","","",""
"Mody Naser","Egypt 1.","ENPPI","RDMF, RCMF, LCMF","24","0","2026-06-30","10","864","2","0.38","0","0","Egypt","unknown","170","12.19","8.23","70.89","2.29","59.09","0.21","6.56","0.21","0.04","0","3","0.31","100","66.667","0.1","0","0.42","75","2.5","37.5","0.31","0.63","0.1","30.52","84.3","11.56","77.48","2.92","71.43","0","0.1","0","3.96","84.21","0.63","16.67","0.1","4.58","59.09","","","0","0","","",""
"M. Abuzraa","Egypt 1.","Kahraba Ismailia","CB, RCB, LCB","29","0","","9","864","0","0.11","0","0.01","Morocco","right","185","8.65","5.21","70","4.48","53.49","0.63","6.68","0","0.01","0","4","0.42","50","0","0","0","0.1","100","0.52","80","0.21","0","0","29.38","76.95","12.5","57.5","5.63","31.48","0","0","0","3.23","29.03","0.1","0","0.42","5.52","45.28","","","0","0","","",""
"M. Magassa","Egypt 1.","ZED FC","LCMF, LDMF, AMF","22","0","2027-06-30","11","863","1","0.46","1","0.89","Egypt","unknown","0","9.8","6.57","69.84","6.36","59.02","0.52","6.27","0.1","0.05","0.1","6","0.63","33.33","16.667","0.42","0","0.52","80","3.75","52.78","1.56","1.04","0.1","31.39","81.73","9.59","70.65","1.77","52.94","0.09","0.1","0.21","4.48","72.09","0.63","33.33","0.52","4.48","60.47","","","0","0","","",""
"Mohamed Makhlouf","Egypt 1.","Al Masry","RDMF, DMF, LDMF","27","150000","2027-06-30","9","862","1","0.06","1","1.52","Egypt","","0","7.2","4.91","63.83","3.24","51.61","0.31","5.83","0.1","0.01","0","6","0.63","16.67","16.667","1.46","28.57","1.57","46.67","3.55","41.18","0.52","0.84","0.21","43.23","84.78","12.63","80.17","3.45","63.64","0.16","0.1","0.73","6.26","78.33","1.67","37.5","0.42","8.04","75.32","","","0","0","","",""
"I. Adel","Egypt 1.","Wadi Degla","RCB, RCMF, DMF","32","0","","12","859","0","0.22","0","0.81","Egypt","","0","8.38","6.39","55.74","3.88","64.86","0.21","7.5","0","0.02","0","4","0.42","0","0","0.42","0","1.05","30","3.88","35.14","1.78","0.94","0.31","35.94","74.93","15.19","62.76","5.13","40.82","0.09","0.1","0","4.82","60.87","0.52","0","0.21","6.6","50.79","","","0","0","","",""
"Mohamed Nasr","Egypt 1.","Ismaily","RCB","26","0","","9","858","0","0.03","0","0.03","Egypt","","0","7.76","3.99","78.95","4.51","65.12","0.84","6.03","0","0","0","2","0.21","0","0","0","0","0.94","55.56","3.15","56.67","0.31","0.73","0","33.78","83.85","14.69","73.57","6.61","57.14","0","0","0","4.83","65.22","1.05","40","0.31","6.92","66.67","","","0","0","","",""
"Ahmed Atef Socrate","Egypt 1.","ZED FC","CF","27","0","","13","857","3","3.65","0","0.18","Egypt","","0","2.31","1.68","43.75","5.99","29.82","0.11","2.38","0.32","0.38","0.11","17","1.79","52.94","17.647","1.16","18.18","1.47","35.71","6.62","25.4","3.57","0.63","0","18.9","75.56","3.68","60","0.95","33.33","0.02","0.21","0.11","1.37","61.54","1.47","35.71","0.63","2","57.89","","","0","0","","",""
"Amr El Sisi","Egypt 1.","Smouha","LCMF, LW, DMF","31","400000","2026-06-30","11","857","0","0.01","1","0.44","Egypt","","0","8.4","5.04","66.67","3.47","45.45","0.11","7.97","0","0","0","1","0.11","0","0","0.53","40","0.95","88.89","4.52","58.14","0.74","0.74","0","25.94","80.16","9.35","60.67","3.26","51.61","0.05","0","0.11","4.83","69.57","0.63","50","0.21","4.41","71.43","","","0","0","","",""
"A. Atef","Egypt 1.","ZED FC","CF","27","500000","2028-06-30","13","857","3","3.65","0","0.18","Egypt","right","0","2.31","1.68","43.75","5.99","29.82","0.11","2.38","0.32","0.38","0.11","17","1.79","52.94","17.647","1.16","18.18","1.47","35.71","6.62","25.4","3.57","0.63","0","18.9","75.56","3.68","60","0.95","33.33","0.02","0.21","0.11","1.37","61.54","1.47","35.71","0.63","2","57.89","","","0","0","","",""
"Islam Abdelnaim","Egypt 1.","Kahraba Ismailia","LW, LCMF, DMF","33","150000","","11","855","1","0.77","1","0.63","Egypt","","0","5.16","3.58","67.65","3.26","22.58","0.11","3.4","0.11","0.08","0","4","0.42","25","25","1.26","58.33","2","47.37","6.84","41.54","0.74","0.42","0","25.16","79.92","8.95","61.18","2.74","42.31","0.07","0.11","0.32","4.63","59.09","1.79","52.94","0.53","5.05","79.17","","","0","0","","",""
"M. Shalaby","Egypt 1.","National Bank of Egypt","LWF, LAMF, LW","31","600000","2027-06-30","11","853","1","0.9","1","1.41","Egypt","right","0","2.64","2","47.37","0.74","57.14","0","2.38","0.11","0.1","0","20","2.11","40","5","2","26.32","4.64","52.27","10.34","45.92","3.17","4.01","0.63","35.13","80.48","8.02","64.47","1.58","46.67","0.15","0.11","0.32","3.27","58.06","3.17","56.67","1.37","5.17","79.59","","","0","0","","",""
"S. Hussein","Egypt 1.","ZED FC","CF, AMF","32","350000","2027-06-30","13","853","2","2.96","2","0.35","Egypt","right","0","3.69","3.17","53.33","6.23","35.59","0.11","2.54","0.21","0.31","0.11","26","2.74","38.46","7.692","0.21","50","1.48","57.14","7.07","31.34","4.11","0.42","0","20.36","71.5","5.17","48.98","1.27","33.33","0.04","0.21","0.42","2.43","47.83","1.06","20","0.63","2.32","63.64","","","0","0","","",""
"S. Teka","Egypt 1.","Wadi Degla","RCB","34","200000","2026-06-30","9","851","2","0.74","1","0.33","Tunisia","right","184","7.4","4.55","76.74","6.98","68.18","0.63","6.27","0.21","0.08","0.11","4","0.42","50","50","0.21","50","0","0","1.06","40","0.74","0.63","0","42.73","83.91","17.56","75.3","6.13","46.55","0.04","0","0.11","5.92","53.57","0.63","0","0.11","7.09","65.67","","","0","0","","",""
"Juan Alvina","Egypt 1.","Zamalek","RAMF, RW","22","0","2029-06-30","10","847","1","3.34","2","0.65","Brazil","left","165","3.4","3.08","58.62","1.38","30.77","0.11","2.66","0.11","0.35","0","19","2.02","31.58","5.263","1.28","58.33","6.38","61.67","14.24","56.72","3.29","2.98","0.32","19.76","80.11","5.84","74.55","0.96","44.44","0.07","0.11","0.32","1.17","72.73","2.02","63.16","1.17","2.44","82.61","","","0","0","","",""
"Mahmoud Ouka","Egypt 1.","Haras El Hodood","LAMF, AMF, LCMF","23","0","2027-06-30","12","846","1","1.05","0","0.22","Egypt","","0","9.15","7.55","60.56","3.3","16.13","0.11","5.35","0.11","0.11","0","12","1.28","16.67","8.333","1.17","9.09","3.72","42.86","11.17","28.57","1.6","1.91","0","28.4","76.78","5.96","60.71","2.34","50","0.02","0.11","0.11","3.3","48.39","1.49","42.86","0.53","3.3","51.61","","","0","0","","",""
"Ahmed Khalil Kalosha","Egypt 1.","ENPPI","LCB, LCMF","27","0","","9","837","0","0.02","0","0.08","Egypt","right","0","8.17","4.3","72.5","5.7","66.04","0.54","6.95","0","0","0","1","0.11","100","0","0.43","0","0.65","16.67","1.94","11.11","0.65","2.37","0.32","41.4","81.56","20.54","74.87","7.74","61.11","0.01","0","0","6.34","64.41","0.43","25","0.11","9.25","67.44","","","0","0","","",""
"Mohamed Ezz","Egypt 1.","Pharco","LCMF, LDMF","22","0","","13","837","0","0.2","0","0.03","Egypt","","0","9.78","8.28","59.74","1.72","25","0.11","5.76","0","0.02","0","4","0.43","0","0","0.11","100","0.54","60","3.44","31.25","0.32","0.97","0.22","26.34","83.67","8.49","70.89","0.97","55.56","0","0","0","2.26","85.71","0.43","75","0.11","3.76","48.57","","","0","0","","",""
"H. Hafez","Egypt 1.","Smouha","RB","24","0","2027-06-30","9","836","0","0.57","0","0.18","Egypt","right","0","8.29","6.14","75.44","2.05","52.63","0.22","5.72","0","0.06","0","2","0.22","50","0","1.61","26.67","1.08","30","4.09","34.21","0.54","1.08","0.43","26.16","69.14","13.56","61.11","6.35","45.76","0.02","0","0","4.41","58.54","2.26","28.57","0.32","8.07","58.67","","","0","0","","",""
"Abdel Ghani Mohamed","Egypt 1.","Al Ittihad","LCB, LB","23","200000","","9","834","0","0.07","0","0","Egypt","left","185","7.77","4.1","63.16","3.78","62.86","0.11","6.54","0","0.01","0","2","0.22","50","0","0.43","50","0.76","57.14","3.35","61.29","0.32","0.65","0","35.18","83.44","14.24","73.48","3.56","51.52","0","0","0","4.86","66.67","0.54","60","0.22","6.04","73.21","","","0","0","","",""
"Yassin Marei","Egypt 1.","Al Ahly","LCB","24","0","2030-06-30","8","828","2","0.67","0","0.23","Egypt","left","0","4.13","2.93","59.26","4.35","67.5","0.22","4.93","0.22","0.07","0.22","7","0.76","57.14","28.571","0.11","0","0.22","100","1.2","54.55","1.2","1.2","0","49.24","88.08","22.17","80.88","3.91","44.44","0.03","0","0","5.98","60","0.76","14.29","0","8.04","68.92","","","0","0","","",""
"M. Otaka","Egypt 1.","Ceramica","CF, RWF","23","0","","12","822","2","2.62","2","1.2","Egypt","right","0","3.07","2.52","69.57","3.94","55.56","0.33","1.88","0.22","0.29","0.11","14","1.53","42.86","14.286","0.55","20","2.85","38.46","9.31","29.41","3.18","1.31","0.33","22.01","79.6","4.71","72.09","0.22","0","0.13","0.11","0.44","1.42","69.23","1.42","53.85","1.42","1.97","55.56","","","0","0","","",""
"Belal El Sayed","Egypt 1.","El Gounah","AMF, LDMF, RCMF","25","100000","2027-06-30","12","820","0","0.78","0","0.81","Egypt","right","178","7.46","4.72","62.79","1.54","0","0","5.43","0","0.09","0","10","1.1","30","0","1.87","41.18","0.99","66.67","3.51","40.63","1.21","0.77","0","29.63","76.3","9.77","67.42","2.63","41.67","0.09","0","0","3.4","58.06","1.65","53.33","0.33","4.06","54.05","","","0","0","","",""
"Hussein Al Sayed","Egypt 1.","Ceramica","LB","34","400000","2027-06-30","9","820","1","0.14","0","0.47","Egypt","left","171","6.37","4.39","55","6.7","47.54","0.33","5.76","0.11","0.02","0","3","0.33","66.67","33.333","1.32","16.67","1.1","50","3.73","44.12","0.55","0.77","0.11","39.84","80.99","17.45","71.7","4.06","32.43","0.05","0","0","3.95","77.78","1.43","23.08","0.11","8.67","62.03","","","0","0","","",""
"Mohamed Hamdi","Egypt 1.","Pyramids","LB, LCB","30","0","2027-06-30","9","817","0","0.68","2","0.77","Egypt","left","170","5.18","3.3","63.33","7.16","44.62","0","5.47","0","0.07","0","5","0.55","40","0","2.53","47.83","0.44","50","2.09","31.58","1.87","0.88","0","44.28","81.84","16.63","76.82","4.52","51.22","0.08","0.11","0.66","3.97","69.44","2.53","60.87","0.55","8.7","70.89","","","0","0","","",""
"A. Shaaban","Egypt 1.","Pharco","RWB, RB","24","0","","11","812","1","0.8","0","0.61","Egypt","unknown","0","7.32","7.09","45.31","3.44","29.03","0","4.76","0.11","0.09","0","3","0.33","33.33","33.333","3.1","35.71","1.66","53.33","3.88","28.57","0.78","1.22","0.22","25.16","68.72","8.76","63.29","4.54","48.78","0.07","0","0.44","3.66","60.61","2.77","48","0.44","6.65","70","","","0","0","","",""
"Zizo","Egypt 1.","Al Ahly","RCMF, RW, AMF","30","0","2030-06-30","9","809","3","2.99","4","2.75","Egypt","right","180","2.34","1.56","78.57","0.56","0","0","2.46","0.22","0.33","0.11","20","2.22","55","15","4.45","40","5.23","53.19","9.01","53.09","3.78","2","0.22","34.04","81.37","8.34","73.33","1.33","50","0.31","0","0.56","4.23","86.84","4","47.22","0.67","5.01","88.89","","","0","0","","",""
"M. El Zenary","Egypt 1.","National Bank of Egypt","RCB, LCB","26","200000","2027-06-30","8","805","1","0.76","0","0","Egypt","right","175","7.71","3.02","59.26","4.7","47.62","0.34","8.95","0.11","0.08","0.11","3","0.34","66.67","33.333","0","0","0.22","50","1.01","44.44","0.56","0.22","0","39.58","86.16","17.78","76.1","7.38","65.15","0","0","0","4.14","67.57","0.34","0","0","8.61","71.43","","","0","0","","",""
"Ahmed Hany","Egypt 1.","Ceramica","RB","28","400000","2027-06-30","10","805","0","0.14","0","0.48","Egypt","right","170","7.27","5.7","76.47","3.35","60","0.34","4.79","0","0.02","0","4","0.45","0","0","1.68","53.33","0.67","100","2.35","47.62","0.56","1.01","0.11","39.58","87.29","15.43","82.61","2.68","50","0.05","0","0.22","4.7","78.57","2.12","68.42","0.67","6.6","77.97","","","0","0","","",""
"M. Kaandorp","Egypt 1.","Wadi Degla","LCMF, AMF","27","225000","2026-06-30","14","804","0","0.7","0","1.57","Netherlands","right","175","4.25","3.36","56.67","1.01","22.22","0","2.92","0","0.08","0","8","0.9","50","0","1.12","30","1.12","50","3.36","36.67","1.46","1.34","0.22","22.05","76.65","6.6","71.19","1.01","77.78","0.18","0","0.34","3.25","62.07","1.46","76.92","0.9","3.13","71.43","","","0","0","","",""
"A. Bencharki","Egypt 1.","Al Ahly","LW, LAMF, LWF","31","0","2027-06-30","12","804","2","1.52","0","1.39","Morocco","right","176","2.91","2.46","50","1.79","43.75","0","3.26","0.22","0.17","0","15","1.68","26.67","13.333","1.79","43.75","4.14","43.24","9.4","35.71","5.71","3.02","0.11","41.98","85.6","9.07","76.54","1.23","81.82","0.16","0.22","0.45","3.13","92.86","2.69","58.33","1.46","5.71","86.27","","","0","0","","",""
"Mahmoud Marei","Egypt 1.","Pyramids","RCB","27","0","2027-06-30","8","803","0","0","0","0.53","Egypt","right","0","7.62","4.71","66.67","4.6","63.41","0.11","8.06","0","0","0","0","0","0","0","0","0","0","0","1.34","75","0","0.78","0","53.69","89.56","22.3","79.4","7.4","53.03","0.06","0.11","0.11","5.94","67.92","0.56","60","0.34","10.31","72.83","","","0","0","","",""
"Mahmoud Hamada","Egypt 1.","Al Masry","LDMF, RAMF, LCMF","31","0","2026-06-30","10","802","0","0.59","0","0.14","Egypt","right","177","7.63","4.83","81.4","2.69","54.17","0.45","4.92","0","0.07","0","6","0.67","0","0","0","0","0.56","80","3.03","29.63","0.56","0.45","0","42.64","86.32","13.92","77.42","2.24","35","0.02","0","0","5.5","71.43","1.23","45.45","0.45","5.84","63.46","","","0","0","","",""
"I. Yakubu","Egypt 1.","National Bank of Egypt","LB","31","350000","2026-06-30","9","801","0","0.43","2","1.86","Ghana","left","173","5.06","4.72","66.67","2.25","65","0.11","3.07","0","0.05","0","2","0.22","0","0","3.48","38.71","1.35","66.67","2.36","61.9","0.79","1.24","0","40.56","78.67","17.64","76.43","4.61","46.34","0.21","0","0.34","6.18","80","3.03","48.15","0.34","9.78","72.41","","","0","0","","",""
"Nabil Emad Dunga","Egypt 1.","Zamalek","RDMF","29","1000000","2026-06-30","10","800","0","0.26","1","0.02","Egypt","right","0","8.55","6.86","60.66","3.15","57.14","0.23","6.88","0","0.03","0","8","0.9","12.5","0","0.23","50","0.11","0","2.36","57.14","0.34","0.11","0","50.51","85.52","15.41","70.07","6.98","48.39","0","0","0","7.43","71.21","0.79","28.57","0","8.89","70.89","","","0","0","","",""
"Saad Samir","Egypt 1.","Ceramica","RCB","36","200000","2026-06-30","9","799","1","0.88","0","0.03","Egypt","right","186","6.31","4.17","70.27","3.15","57.14","0.56","5.53","0.11","0.1","0","2","0.23","50","50","0.11","100","0.11","100","1.13","70","0.23","0.68","0","47.2","91.65","19.15","85.88","5.07","64.44","0","0","0.11","3.04","66.67","0.56","20","0","6.08","72.22","","","0","0","","",""
"K. Ahmed","Egypt 1.","El Gounah","LB","22","0","2026-06-30","9","797","0","0.45","0","0.84","Egypt","","0","8.47","5.98","73.58","2.26","45","0.23","4.44","0","0.05","0","7","0.79","42.86","0","0.9","25","0.34","66.67","1.58","42.86","0.11","0.68","0","26.88","74.79","12.99","67.83","3.61","31.25","0.09","0","0.11","3.39","73.33","1.24","36.36","0.11","7","66.13","","","0","0","","",""
"Khaled Sobhi","Egypt 1.","Al Masry","LCB","30","200000","2028-06-30","9","785","0","0.09","0","0.23","Egypt","left","0","6.99","2.52","72.73","2.06","44.44","0.23","7.5","0","0.01","0","2","0.23","0","0","0.23","0","0.23","0","0.8","28.57","0.57","0.34","0","43.91","87.21","22.24","81.96","8.48","68.92","0.03","0","0","5.39","68.09","1.15","20","0.34","10.32","75.56","","","0","0","","",""
"S. Sonko","Egypt 1.","Petrojet","CF","21","0","2028-06-30","9","784","2","1.47","1","0.32","Senegal","","0","2.3","1.95","47.06","9.3","33.33","0.23","1.7","0.23","0.17","0.11","12","1.38","25","16.667","0.69","33.33","0.57","20","4.82","23.81","1.95","0.34","0.34","10.22","58.43","2.53","31.82","0.34","0","0.04","0","0.23","1.49","38.46","1.49","30.77","0.57","1.03","55.56","","","0","0","","",""
"E. Traoré","Egypt 1.","Ismaily","RW, LW, RCMF","29","250000","2026-06-30","10","783","0","0.79","1","0.69","Burkina Faso","right","182","4.25","2.87","56","6.32","38.18","0.23","3.75","0","0.09","0","4","0.46","25","0","0.11","100","0.69","50","2.99","34.62","1.38","0.69","0.11","18.16","76.58","5.29","58.7","0.8","42.86","0.08","0","0.46","1.49","69.23","0.57","60","0.46","2.87","44","","","0","0","","",""
"M. Khatary","Egypt 1.","Ismaily","RW, LW, LAMF","21","0","2030-06-30","12","782","0","0.78","0","0.73","Egypt","","0","3.57","3.22","75","1.38","8.33","0","1.63","0","0.09","0","9","1.04","44.44","0","2.3","20","2.42","42.86","4.95","27.91","1.15","1.38","0.35","20.49","65.17","5.29","45.65","2.3","25","0.08","0","0.12","2.07","33.33","1.96","23.53","0.46","2.07","55.56","","","0","0","","",""
"Yasser Ibrahim","Egypt 1.","Al Ahly","RCB","32","600000","2027-06-30","8","779","1","1.18","0","0","Egypt","right","185","5.31","4.16","66.67","3.58","51.61","0.12","3.89","0.12","0.14","0","5","0.58","40","20","0","0","0.35","100","2.2","47.37","0.81","0.58","0","45.06","90.51","17.68","82.35","4.16","58.33","0","0","0","4.85","76.19","0.46","75","0.35","7.51","72.31","","","0","0","","",""
"Ayman Moka","Egypt 1.","Ceramica","RAMF, RW, LWF","29","0","2027-06-30","12","776","0","0.36","1","0.55","Egypt","right","0","5.68","4.87","57.14","1.97","35.29","0","5.43","0","0.04","0","8","0.93","12.5","0","1.97","17.65","5.45","53.19","14.15","38.52","2.44","2.78","0.12","26.68","73.91","6.03","57.69","1.28","45.45","0.06","0.12","0.12","2.2","47.37","2.44","52.38","1.62","4.29","64.86","","","0","0","","",""
"M. Sillah","Egypt 1.","Kahraba Ismailia","DMF, LCMF, RCMF","22","0","","10","774","0","0.15","0","0","Sierra Leone","unknown","0","6.63","5.7","51.02","2.91","44","0","3.75","0","0.02","0","4","0.47","0","0","0.23","50","0.35","100","3.14","25.93","0.12","0","0","25.81","84.23","6.28","68.52","3.02","65.38","0","0","0","3.14","77.78","0.47","50","0.12","4.19","58.33","","","0","0","","",""
"Ahmed El Sheikh","Egypt 1.","Haras El Hodood","LW, LAMF, AMF","35","350000","2027-06-30","14","772","1","1.57","3","1.61","Egypt","right","0","3.96","2.91","68","3.26","42.86","0","2.42","0.12","0.18","0","12","1.4","16.67","8.333","1.98","29.41","1.87","25","4.2","19.44","1.05","0.82","0","24.83","71.36","6.41","63.64","3.38","62.07","0.19","0","0.23","3.15","66.67","3.38","48.28","1.17","5.83","74","","","0","0","","",""
"Khaled El Ghandour","Egypt 1.","Smouha","LCMF, RDMF, RWF","32","350000","2027-06-30","11","771","1","1.47","2","2.33","Egypt","","0","6.77","4.9","66.67","5.6","31.25","0.12","4.77","0","0.17","0","14","1.63","28.57","7.143","1.75","33.33","1.17","30","4.2","30.56","1.4","0.35","0","29.88","73.83","9.69","61.45","3.85","48.48","0.27","0","0.35","5.84","58","3.74","53.13","0.93","5.6","68.75","","","0","0","","",""
"G. Kamel","Egypt 1.","Pharco","LB, LWB","29","0","","8","770","0","0.22","0","1.03","","unknown","0","6.66","4.44","52.63","3.97","44.12","0","4.95","0","0.03","0","3","0.35","0","0","1.87","31.25","1.17","50","2.92","32","0.7","1.64","0.12","23.84","71.08","10.29","65.91","3.04","61.54","0.12","0.12","0.35","3.27","60.71","2.1","22.22","0.12","5.96","62.75","","","0","0","","",""
"S. Ougola","Egypt 1.","Ceramica","LWF, LW, LAMF","25","0","2027-06-30","12","770","6","2.5","2","1.9","Nigeria","","0","3.27","3.04","53.85","0.82","28.57","0","2.26","0.58","0.29","0","21","2.45","61.9","28.571","2.92","36","3.62","54.84","7.01","43.33","2.69","2.69","0.47","31.68","77.86","6.55","73.21","1.4","50","0.22","0.23","0.23","3.39","68.97","3.62","48.39","1.29","5.14","84.09","","","0","0","","",""
"A. Farouk","Egypt 1.","Wadi Degla","CF, RWF","24","0","","13","767","4","3.95","0","0.75","Egypt","unknown","0","4.46","2.93","64","10.91","38.71","0.12","4.29","0.47","0.46","0.12","18","2.11","55.56","22.222","0","0","0.94","37.5","3.05","26.92","3.75","0.35","0","10.33","68.18","2.82","41.67","0.47","50","0.09","0","0.12","1.41","41.67","0.47","25","0.59","0.82","42.86","","","0","0","","",""
"B. Mugisha","Egypt 1.","Al Masry","DMF, AMF, RDMF","25","0","2028-06-30","10","766","0","0.06","0","0.03","Rwanda","right","190","6.93","4.11","65.71","2.11","50","0.12","6.48","0","0.01","0","2","0.23","0","0","0","0","0.47","25","2.82","37.5","0.12","0.47","0","37.72","90.97","12.81","85.32","2.23","68.42","0","0.12","0.12","5.4","84.78","0.35","33.33","0.23","4.93","78.57","","","0","0","","",""
"Mohamed Fathi","Egypt 1.","National Bank of Egypt","DMF, LDMF, RCMF","31","450000","2026-06-30","11","764","0","0.1","1","0","Egypt","right","178","8.48","5.77","71.43","3.77","59.38","0.24","5.88","0","0.01","0","5","0.59","20","0","0.24","100","0.35","66.67","1.77","53.33","0.12","0.35","0","46.06","86.19","15.08","72.66","5.89","62","0","0","0.12","8.13","72.46","0.82","28.57","0.24","7.19","78.69","","","0","0","","",""
"Mohamed Hathout","Egypt 1.","ENPPI","RAMF, RWF, DMF","26","100000","","10","759","2","1.35","0","1.21","Egypt","left","0","4.15","3.44","58.62","1.9","43.75","0.12","1.95","0.24","0.16","0.12","11","1.3","45.45","18.182","1.19","40","3.2","33.33","7.11","28.33","1.66","1.3","0.12","21.46","76.24","6.76","70.18","1.54","30.77","0.14","0","0.12","1.78","46.67","1.9","50","0.47","3.56","70","","","0","0","","",""
"A. Turay","Egypt 1.","El Gounah","LCB, RCB","20","0","2026-06-30","8","757","0","0.44","0","0.1","Sierra Leone","right","0","7.61","3.69","77.42","4.04","50","0.12","6.42","0","0.05","0","1","0.12","0","0","0","0","0","0","0.59","80","0.71","0.12","0","26.39","85.14","12.6","75.47","3.57","50","0.01","0","0.12","1.9","25","0.36","0","0.36","3.69","51.61","","","0","0","","",""
"Abdelrahman El Dah","Egypt 1.","Ismaily","RCMF, LCMF, AMF","26","75000","2028-06-30","13","755","1","0.76","0","0.01","Egypt","","0","6.91","4.05","73.53","4.17","45.71","0.12","5.38","0.12","0.09","0","16","1.91","18.75","6.25","0.83","14.29","1.19","50","5.72","43.75","1.31","0.72","0","30.52","73.05","13.95","62.39","4.53","44.74","0","0.24","0","7.15","60","2.15","33.33","0.72","7.15","76.67","","","0","0","","",""
"Amir Abed","Egypt 1.","Al Mokawloon","RB, RCB","36","100000","","9","754","0","0.2","0","0.34","Egypt","","0","8","5.25","70.45","2.63","40.91","0.48","6.14","0","0.02","0","1","0.12","0","0","1.67","35.71","0.84","100","2.75","52.17","0.36","0.6","0","22.44","68.62","10.38","60.92","5.37","55.56","0.04","0","0.12","3.22","48.15","1.31","54.55","0.12","6.92","60.34","","","0","0","","",""
"A. Fouad","Egypt 1.","Pharco","RCMF, AMF, RWF","27","0","","9","748","0","0.2","0","0.06","Egypt","unknown","0","5.53","5.78","52.08","2.77","30.43","0","2.92","0","0.02","0","5","0.6","40","0","0.72","16.67","1.44","41.67","5.9","28.57","0.72","0.72","0.12","26.95","78.57","8.06","65.67","4.21","57.14","0.01","0","0.12","4.57","55.26","1.44","41.67","0.6","4.93","70.73","","","0","0","","",""
"Islam Abdallah","Egypt 1.","Al Mokawloon","RCB","24","0","","8","747","0","0.86","0","0","Egypt","","0","7.35","3.86","78.13","3.98","51.52","0.36","6.72","0","0.1","0","5","0.6","20","0","0.12","100","0.6","100","2.29","63.16","0.96","0.6","0","31.57","84.73","14.34","76.47","3.98","48.48","0","0","0","4.94","60.98","0.48","50","0.12","5.18","74.42","","","0","0","","",""
"Omar Adly","Egypt 1.","Wadi Degla","LCB, RCB","29","0","2026-06-30","10","745","0","0.29","0","0","Egypt","unknown","0","7.13","3.02","88","9.79","58.02","0","7.5","0","0.03","0","4","0.48","25","0","0.12","0","0.24","0","1.33","18.18","1.09","0.72","0","39.87","85.45","14.98","67.74","5.56","39.13","0","0","0","3.62","50","0.85","14.29","0.24","6.52","64.81","","","0","0","","",""
"Hassan El Shazly","Egypt 1.","Kahraba Ismailia","RB, RWB","30","0","2026-06-30","8","745","0","0.2","2","1.48","Egypt","right","175","5.92","4.83","82.5","1.21","30","0.12","2.26","0","0.02","0","1","0.12","0","0","3.26","40.74","1.33","54.55","2.66","50","0.6","0.72","0","21.99","65.38","7.25","50","4.59","36.84","0.18","0.12","0.48","3.87","62.5","3.02","36","0.36","5.56","67.39","","","0","0","","",""
"Ali Gamal","Egypt 1.","ZED FC","RB, RCB","26","150000","","10","741","1","1.13","0","0.15","Egypt","right","187","11.54","6.92","77.19","4.49","67.57","0.73","7.42","0","0.14","0","7","0.85","28.57","14.286","1.09","22.22","0.73","83.33","3.04","40","0.36","0.49","0","28.66","76.27","14.33","70.34","4.62","57.89","0.02","0","0","4.37","69.44","2.06","35.29","0.61","7.89","72.31","","","0","0","","",""
"Ahmed Scholes","Egypt 1.","Wadi Degla","DMF, LDMF","28","0","2027-06-30","10","741","0","0.01","0","0.07","Egypt","unknown","0","6.32","4.62","57.89","2.79","47.83","0.12","5.91","0","0","0","2","0.24","0","0","0.49","25","1.21","60","4.37","50","0","0.61","0.12","36.44","84.33","11.17","72.83","2.31","63.16","0.01","0.12","0.12","6.19","68.63","1.82","53.33","0.61","5.71","63.83","","","0","0","","",""
"A. Abdelsalam","Egypt 1.","Ismaily","CF","19","0","","12","741","1","1.13","0","0.02","Egypt","","0","2.43","2.31","63.16","10.69","34.09","0","1.49","0.12","0.14","0","9","1.09","44.44","11.111","0.49","25","0.85","42.86","4.98","26.83","1.94","0.49","0","12.39","70.59","2.43","55","0.73","33.33","0","0.12","0.12","1.09","55.56","0.61","60","0.36","0.85","57.14","","","0","0","","",""
"A. Eba","Egypt 1.","Modern Sport","RW, LW, CF","22","0","2027-06-30","11","740","0","1.59","1","0.89","Cameroon","right","0","3.16","4.14","55.88","6.32","38.46","0","1.1","0","0.19","0","15","1.82","20","0","1.95","31.25","1.7","42.86","8.88","31.51","3.16","1.46","0.49","19.34","68.55","5.23","46.51","1.46","50","0.11","0","0.12","1.58","30.77","1.22","40","0.49","2.92","54.17","","","0","0","","",""
"Ewerton","Egypt 1.","Pyramids","LAMF, AMF, LW","29","1200000","2029-06-30","11","734","2","1.18","0","0.05","Brazil","right","175","2.45","2.33","57.89","0.74","0","0","1.96","0.25","0.14","0","14","1.72","42.86","14.286","0.86","57.14","3.8","48.39","8.71","29.58","1.84","1.96","0.12","28.2","83.48","5.27","62.79","1.59","69.23","0.01","0","0.12","2.94","70.83","0.98","75","0.61","2.7","81.82","","","0","0","","",""
"Ahmed Sayed","Egypt 1.","ZED FC","RB, RWB","23","0","2028-06-30","8","733","0","0.04","1","0.25","Egypt","right","0","7.98","5.89","66.67","2.33","52.63","0.12","5.53","0","0","0","2","0.25","0","0","2.46","35","1.23","70","5.28","44.19","0.25","1.47","0","33.27","79.7","12.03","72.45","3.68","53.33","0.03","0","0.25","5.28","72.09","2.95","50","0.61","7.74","76.19","","","0","0","","",""
"M. Mosaad","Egypt 1.","Modern Sport","RW, RAMF, LW","24","0","","12","732","0","0.82","0","0.48","Egypt","unknown","0","5.9","4.8","66.67","1.48","33.33","0.12","3.87","0","0.1","0","8","0.98","0","0","2.34","15.79","3.69","56.67","11.8","38.54","2.46","2.34","0.25","28.03","72.37","6.76","69.09","0.98","37.5","0.06","0.12","0.49","2.95","75","2.95","33.33","0.74","4.8","61.54","","","0","0","","",""
"W. Mostafa","Egypt 1.","Pharco","LWB, LB","26","0","","12","730","0","0.63","0","0.87","Egypt","left","175","9.74","7.4","60","1.85","26.67","0.12","6.17","0","0.08","0","6","0.74","33.33","0","1.48","50","0.62","60","2.1","58.82","0.49","0.99","0.12","27.99","76.21","11.1","57.78","5.05","51.22","0.11","0","0.25","3.7","63.33","1.85","53.33","0.62","7.03","70.18","","","0","0","","",""
"Maged Hany","Egypt 1.","Kahraba Ismailia","LCMF, RW, LW","22","0","2027-06-30","13","724","0","0.6","0","0.6","Egypt","right","0","5.35","6.59","47.17","2.36","31.58","0","3.27","0","0.07","0","10","1.24","20","0","1.37","27.27","1.62","53.85","6.09","40.82","0.87","0.87","0","26.48","68.54","9.57","53.25","4.35","34.29","0.07","0","0.25","5.35","58.14","2.61","38.1","0.37","5.1","60.98","","","0","0","","",""
"Ibrahim El Bahnasi","Egypt 1.","Wadi Degla","RCMF, RDMF, DMF","23","0","2029-06-30","10","723","0","1.4","0","0.67","Egypt","unknown","0","8.34","8.22","54.55","3.86","61.29","0.12","4.35","0","0.17","0","8","1","12.5","0","1.37","63.64","1","62.5","3.24","34.62","1.62","0.75","0.12","29.63","80.25","7.22","55.17","1.87","46.67","0.08","0","0.12","3.11","68","1.24","70","0.25","3.49","75","","","0","0","","",""
"Mostafa Koshari","Egypt 1.","Kahraba Ismailia","RB, LWB, LB","31","0","","13","722","0","0.16","0","0.13","Egypt","right","0","8.48","5.73","63.04","1.37","63.64","0.25","5.93","0","0.02","0","5","0.62","20","0","3.12","32","3.74","60","7.85","52.38","0.75","1.37","0.25","23.19","68.28","8.23","60.61","4.74","55.26","0.02","0","0.12","3.12","44","2.37","36.84","0.12","5.48","54.55","","","0","0","","",""
"Sherif Reda","Egypt 1.","Smouha","RB, LB","29","350000","2026-06-30","10","715","0","0.15","2","1.71","Egypt","","0","10.32","5.66","73.33","2.9","60.87","0.25","10.28","0","0.02","0","3","0.38","33.33","0","2.64","33.33","1.13","55.56","4.41","37.14","0.76","1.13","0.13","29.2","65.52","15.36","60.66","6.55","48.08","0.22","0.13","0.25","5.66","62.22","3.52","39.29","0.76","9.06","62.5","","","0","0","","",""
"Islam Gaber","Egypt 1.","Al Mokawloon","RAMF, LW, LCMF","29","200000","2028-06-30","8","714","0","0.56","0","0.91","Egypt","left","184","7.69","6.18","69.39","2.77","22.73","0","4.38","0","0.07","0","12","1.51","25","0","2.02","43.75","1.89","66.67","5.8","50","0.88","1.51","0","30.5","72.31","10.71","54.12","5.29","45.24","0.11","0","0.13","6.05","47.92","2.39","57.89","0.63","6.05","75","","","0","0","","",""
"Mohamed Magli","Egypt 1.","Haras El Hodood","LDMF, RCMF","30","150000","2026-06-30","9","713","0","0.12","0","0.17","Egypt","right","0","7.32","6.31","60","1.51","25","0.25","4.85","0","0.01","0","2","0.25","50","0","1.01","25","0.38","0","4.04","37.5","0.25","0.25","0","33.58","76.32","12.75","62.38","3.28","53.85","0.02","0.13","0","5.3","64.29","0.88","42.86","0.13","6.19","69.39","","","0","0","","",""
"Abdel Fattah Ashraf","Egypt 1.","Kahraba Ismailia","CB, RCMF, RCB","23","0","2028-06-30","11","710","0","0.05","2","0.28","Egypt","","0","10.27","6.97","60","4.06","62.5","0.38","8.08","0","0.01","0","2","0.25","0","0","0.13","0","0.76","66.67","1.9","53.33","0.51","0.76","0.13","26.75","74.41","11.92","65.96","4.18","48.48","0.04","0.13","0.25","5.58","56.82","0.63","20","0.25","5.32","61.9","","","0","0","","",""
"Mohamed Ismail","Egypt 1.","Zamalek","RCB","26","0","2030-06-30","7","709","0","0.12","0","0","Egypt","right","180","6.35","4.32","73.53","3.43","66.67","0.38","4.58","0","0.01","0","2","0.25","50","0","0.25","50","0.76","66.67","1.65","53.85","0.38","1.02","0","51.66","86.73","18.66","70.07","6.98","54.55","0","0","0","4.44","62.86","0.89","42.86","0.25","9.01","57.75","","","0","0","","",""
"Ahmed Kouka","Egypt 1.","Al Ahly","LB","24","0","2026-06-30","10","708","1","0.32","0","0.16","Egypt","left","178","6.99","6.74","58.49","2.29","66.67","0.25","4.62","0.13","0.04","0","7","0.89","28.57","14.286","1.27","20","0.25","0","1.65","15.38","0.76","1.78","0.13","52.88","86.54","19.32","80.92","3.69","41.38","0.02","0.25","0.13","10.04","82.28","1.91","53.33","0.76","10.42","81.71","","","0","0","","",""
"M. Hashem","Egypt 1.","Al Masry","LCB, RCB","30","0","","8","707","0","0.48","0","0","Egypt","right","0","7.26","3.82","76.67","5.6","45.45","0.76","6.62","0","0.06","0","3","0.38","0","0","0","0","0.13","100","1.02","75","0.38","0.51","0","33.73","87.17","15.4","78.51","5.35","52.38","0","0","0","3.95","67.74","0.25","0","0.13","6.24","69.39","","","0","0","","",""
"A. Dieng","Egypt 1.","Al Ahly","DMF, RDMF","28","3500000","2026-06-30","11","707","0","0.41","0","0.97","Mali","right","181","8.91","5.73","68.89","3.31","76.92","0","9.17","0","0.05","0","6","0.76","16.67","0","0.51","25","1.02","62.5","4.46","22.86","0.89","0.76","0","45.19","86.48","13.62","70.09","1.91","46.67","0.12","0","0.38","7.26","84.21","1.02","50","0.64","6.24","75.51","","","0","0","","",""
"M. Ashraf","Egypt 1.","National Bank of Egypt","LCMF, RDMF","25","0","","11","705","0","0.62","0","0.13","Egypt","","0","4.47","4.98","61.54","7.91","51.61","0","1.94","0","0.08","0","9","1.15","22.22","0","0.38","0","2.04","62.5","7.66","51.67","1.28","1.15","0.13","31.53","81.78","10.47","75.61","2.17","58.82","0.02","0.26","0","6.51","76.47","1.02","37.5","0.64","5.36","73.81","","","0","0","","",""
"A. Magdy Kahraba","Egypt 1.","Al Mokawloon","RB, RCMF","27","0","","10","696","0","0.18","1","0.62","Egypt","","180","9.18","6.98","70.37","3.88","36.67","0","6.55","0","0.02","0","5","0.65","20","0","3.1","45.83","1.55","66.67","4.66","44.44","1.03","0.78","0.13","30.65","71.73","12.67","70.41","6.34","63.27","0.08","0.13","0.26","6.08","68.09","3.36","57.69","0.65","9.7","73.33","","","0","0","","",""
"Ahmed Atef Otta","Egypt 1.","Pyramids","RCMF, LDMF, AMF","23","0","","9","694","1","1.27","1","0.34","Egypt","right","0","7.26","6.1","63.83","3.63","17.86","0","5.81","0.13","0.16","0","12","1.56","41.67","8.333","0.52","25","1.82","71.43","7.26","39.29","1.82","0.78","0","27.23","83.33","9.34","73.61","1.56","58.33","0.04","0.52","0.26","2.85","77.27","1.43","72.73","1.04","5.32","78.05","","","0","0","","",""
"J. Ebuka","Egypt 1.","Al Ittihad","CF","29","800000","2027-06-30","10","694","1","1.18","0","0.14","Nigeria","left","178","0.91","1.04","37.5","6.35","26.53","0","0.8","0.13","0.15","0","12","1.56","33.33","8.333","0.78","16.67","1.95","60","9.99","28.57","2.33","0.91","0","8.95","72.46","1.43","100","0.13","100","0.02","0.13","0","1.17","88.89","0.52","75","0.39","0.91","100","","","0","0","","",""
"Marwan Ateya","Egypt 1.","Al Ahly","DMF, LDMF, RDMF","27","0","2029-06-30","7","694","0","0.24","0","0.2","Egypt","right","170","7.78","6.61","64.71","1.43","45.45","0","5.58","0","0.03","0","11","1.43","45.45","0","0.91","28.57","0.52","50","2.46","36.84","0.13","1.3","0","59.78","84.16","20.62","72.96","10.24","58.23","0.03","0.13","0.26","12.58","75.26","2.46","36.84","0.78","10.89","72.62","","","0","0","","",""
"Oday Dabbagh","Egypt 1.","Zamalek","CF","27","1500000","2029-06-30","10","693","3","2.47","0","0.14","Palestine","left","183","3.25","2.99","65.22","3.12","45.83","0","2.26","0.39","0.32","0.13","13","1.69","46.15","23.077","0.52","0","1.43","54.55","5.71","40.91","3.12","0.13","0","18.44","78.17","1.95","33.33","0.91","100","0.02","0","0.13","0.91","71.43","0.39","0","0.13","0.91","28.57","","","0","0","","",""
"Karim Hafez","Egypt 1.","Pyramids","LB, RB, RAMF","29","500000","2027-06-30","10","693","1","1.13","0","1.03","Egypt","left","175","7.4","5.71","68.18","2.99","34.78","0","6","0","0.15","0","6","0.78","33.33","16.667","2.99","52.17","0.52","75","2.99","47.83","0.13","1.04","0","43.12","81.02","16.75","68.99","5.84","46.67","0.13","0","0.39","6.23","62.5","3.25","60","0.26","8.83","72.06","","","0","0","","",""
"Mahmoud Mamdouh","Egypt 1.","Modern Sport","LW, RW, LAMF","23","0","2029-06-30","12","693","1","1.51","0","0.12","Egypt","right","0","9.35","7.27","66.07","4.16","28.13","0","4.86","0.13","0.2","0","13","1.69","15.38","7.692","2.47","26.32","3.25","40","10.26","29.11","3.12","1.82","0.39","17.27","70.68","2.86","63.64","1.04","75","0.02","0","0.13","0.91","57.14","1.56","33.33","0.39","1.82","64.29","","","0","0","","",""
"M. Dowidar","Egypt 1.","National Bank of Egypt","RB","26","0","","9","691","0","0.11","0","0.31","Egypt","","170","8.21","6.25","81.25","1.95","53.33","0.26","5","0","0.01","0","4","0.52","25","0","3","26.09","1.82","50","5.73","18.18","0.52","0.65","0","37.77","77.59","15.11","75","3.91","60","0.04","0.13","0.13","4.3","81.82","2.87","36.36","0.26","8.6","69.7","","","0","0","","",""
"Mahmoud Farhat","Egypt 1.","Pharco","CF","22","0","2027-06-30","13","686","1","1.23","0","0.07","Egypt","","0","3.94","3.15","50","14.56","42.34","0","3.04","0.13","0.16","0","10","1.31","30","10","0.26","0","1.18","66.67","8.53","26.15","1.71","0.52","0","16.01","68.03","4.59","51.43","0.79","66.67","0.01","0","0.13","1.44","36.36","0.66","40","0.13","1.71","61.54","","","0","0","","",""
"Karim El Eraki","Egypt 1.","Al Masry","RB","28","300000","2027-06-30","11","680","0","0.04","0","0.28","Egypt","right","173","8.07","6.62","66","1.72","46.15","0.13","5.17","0","0.01","0","3","0.4","0","0","1.46","54.55","0.79","83.33","3.04","34.78","0.53","1.32","0.4","28.59","80.09","12.18","68.48","4.5","41.18","0.04","0","0.13","3.44","61.54","1.32","60","0.4","5.03","71.05","","","0","0","","",""
"J. Arthur","Egypt 1.","Ceramica","LCB, CB","17","0","","8","678","0","0","0","0.41","Ghana","right","0","4.25","1.59","66.67","4.51","58.82","0.53","5.41","0","0","0","0","0","0","0","0","0","0.13","0","0.53","0","0.13","0.4","0","43.41","91.44","19.51","83.67","2.79","23.81","0.05","0.13","0.13","2.79","47.62","0.13","0","0.13","4.91","54.05","","","0","0","","",""
"A. Osama Shika","Egypt 1.","Modern Sport","RDMF, LCMF, LDMF","26","350000","2029-06-30","9","670","0","0.1","0","0.02","Egypt","left","0","9.54","6.99","67.31","1.88","64.29","0.13","5.35","0","0.01","0","4","0.54","0","0","0.54","0","1.21","55.56","4.97","45.95","0.27","0.81","0.13","42.18","82.8","13.43","69","5.91","59.09","0","0","0","6.31","70.21","2.15","43.75","0.94","6.58","71.43","","","0","0","","",""
"Naser Naser","Egypt 1.","Al Ittihad","DMF, RDMF, LCMF","29","0","2027-06-30","9","668","0","0.23","0","0.08","Egypt","right","175","7.95","5.12","52.63","3.77","46.43","0.27","6.12","0","0.03","0","3","0.4","0","0","0.54","25","0.81","50","3.5","34.62","0.27","0.4","0","37.86","80.78","15.36","71.93","4.72","60","0.01","0","0.13","8.62","70.31","1.48","54.55","0.67","7.54","82.14","","","0","0","","",""
"M. Temine","Egypt 1.","Al Masry","RAMF, CF, LWF","24","375000","2028-06-30","9","667","2","3.54","1","0.46","Algeria","right","0","3.78","2.56","63.16","4.18","38.71","0","3.24","0.27","0.48","0","12","1.62","41.67","16.667","0.54","50","1.08","62.5","5.8","39.53","4.72","0.94","0","15.92","76.27","3.1","60.87","0.4","66.67","0.06","0","0.27","0.54","50","0.4","66.67","0.94","0.81","66.67","","","0","0","","",""
"Mohamed Fakhri","Egypt 1.","Pharco","CF, LW, AMF","26","200000","2027-06-30","9","662","1","1.02","0","0.79","Egypt","right","185","5.44","3.67","66.67","2.18","18.75","0","3.61","0.14","0.14","0","7","0.95","57.14","14.286","1.5","27.27","2.18","50","8.97","45.45","1.63","1.36","0.27","27.87","72.2","6.8","62","3.26","50","0.11","0","0.27","4.76","54.29","2.18","31.25","0.54","4.62","64.71","","","0","0","","",""
"Ahmed Abdel Rasoul","Egypt 1.","El Gounah","RCB, LCB","30","150000","","7","662","0","0.08","0","0","Egypt","right","180","6.53","2.18","81.25","6.39","46.81","1.09","6.91","0","0.01","0","3","0.41","0","0","0","0","0","0","1.22","22.22","0.82","0.41","0","31.68","75.11","18.08","62.41","11.28","54.22","0","0","0","4.49","51.52","0.14","0","0.14","8.97","62.12","","","0","0","","",""
"M. Ounajem","Egypt 1.","Kahraba Ismailia","LB, RW, RB","34","500000","","10","661","2","1.79","1","0.25","Morocco","right","173","6.67","4.63","70.59","1.36","60","0","4.81","0.27","0.24","0.27","6","0.82","83.33","33.333","2.18","31.25","3.95","34.48","9.67","32.39","1.23","1.5","0","28.73","72.04","8.99","50","2.04","40","0.03","0","0","2.45","77.78","2.45","55.56","0.82","6.67","53.06","","","0","0","","",""
"Youssef Galal","Egypt 1.","Kahraba Ismailia","RCMF, DMF","23","0","","9","660","0","0.07","0","0.11","Egypt","","0","10.5","7.23","69.81","1.91","50","0.55","6.61","0","0.01","0","3","0.41","66.67","0","0.41","100","0.55","50","2.59","42.11","0.27","0.55","0","28.23","73.43","11.18","68.29","4.91","38.89","0.02","0","0.55","5.59","65.85","0.95","71.43","0.55","6.14","64.44","","","0","0","","",""
"A. El Banouby","Egypt 1.","ZED FC","LAMF, RAMF, RW","25","0","2027-06-30","11","660","2","2.76","0","1","Egypt","","0","4.5","2.86","71.43","6.95","45.1","0","3.52","0.27","0.38","0","12","1.64","33.33","16.667","0.68","60","1.64","41.67","5.59","26.83","3.68","1.23","0","25.64","78.19","7.36","74.07","0.82","33.33","0.14","0.14","0.41","2.73","65","1.09","75","0.82","4.09","63.33","","","0","0","","",""
"Ahmed Rayan","Egypt 1.","National Bank of Egypt","CF, RWF","28","1000000","2027-06-30","9","658","4","4.34","1","1.1","Egypt","right","185","3.28","2.05","73.33","6.02","43.18","0.14","2","0.14","0.59","0.14","19","2.6","42.11","21.053","0.14","0","1.78","30.77","6.98","23.53","2.87","0.41","0.14","16.69","72.13","6.29","67.39","1.5","54.55","0.15","0.14","0.55","2.46","72.22","1.64","66.67","1.5","3.01","72.73","","","0","0","","",""
"Mostafa El Badry","Egypt 1.","Petrojet","LAMF, LW","28","200000","2028-06-30","9","654","2","1.01","0","0.49","Egypt","right","185","5.92","5.37","48.72","4.54","33.33","0","4.26","0.28","0.14","0.14","7","0.96","28.57","28.571","2.06","40","1.24","66.67","9.22","41.79","2.2","1.38","0.14","18.72","68.38","3.58","50","2.2","75","0.07","0","0.14","0.96","57.14","1.65","50","0.69","3.17","65.22","","","0","0","","",""
"E. El Fayoumi","Egypt 1.","Kahraba Ismailia","LB, LWB","32","0","2026-06-30","10","647","1","0.28","0","0.38","Egypt","unknown","0","9.74","5.98","62.79","3.89","42.86","0.28","8.34","0.14","0.04","0","3","0.42","33.33","33.333","1.25","11.11","1.11","50","3.62","38.46","0.28","0.97","0.14","29.77","73.83","13.21","70.53","5.15","59.46","0.05","0","0","5.01","69.44","1.53","18.18","0.14","7.37","62.26","","","0","0","","",""
"M. Hassouna","Egypt 1.","El Gounah","RDMF, AMF, RCMF","29","0","2027-06-30","11","644","0","0.03","0","0.36","Egypt","right","177","6.15","4.19","76.67","3.07","45.45","0","3.52","0","0","0","5","0.7","0","0","0.98","100","0.56","50","2.66","21.05","0.14","0.98","0.28","30.75","88.64","9.5","73.53","3.77","59.26","0.05","0","0.14","4.75","73.53","1.26","100","0.42","5.45","84.62","","","0","0","","",""
"Mohamed Antar","Egypt 1.","Al Mokawloon","LAMF, AMF","32","100000","2026-06-30","13","641","0","0.9","1","0.47","Egypt","","171","4.91","4.91","74.29","4.77","29.41","0","2.11","0","0.13","0","8","1.12","50","0","4.07","31.03","4.91","37.14","13.34","28.42","2.25","2.67","0.14","24.71","65.91","8","63.16","2.67","47.37","0.07","0.14","0.14","4.63","57.58","4.91","48.57","1.68","5.62","85","","","0","0","","",""
"Hesham Salah","Egypt 1.","National Bank of Egypt","RB","28","500000","2028-06-30","7","641","0","0.5","0","1.08","Egypt","right","184","6.74","5.2","54.05","2.53","72.22","0.14","7.24","0","0.07","0","3","0.42","0","0","2.67","52.63","0.98","14.29","3.37","25","0.28","1.4","0.14","42.12","75.67","22.89","70.55","5.76","41.46","0.15","0","0.14","5.2","64.86","3.93","57.14","0.98","11.51","70.73","","","0","0","","",""
"Ali El Zahdi","Egypt 1.","El Gounah","RAMF, LAMF, LW","29","100000","","12","632","0","0.46","0","0.87","Egypt","","0","6.98","5.55","61.54","4.98","40","0.14","3.25","0","0.07","0","7","1","28.57","0","0.85","16.67","1.99","21.43","4.7","33.33","1.57","0.71","0","15.38","75","3.28","73.91","1","57.14","0.12","0","0.43","1.99","42.86","1.14","50","0.57","2.14","86.67","","","0","0","","",""
"Y. Annor","Egypt 1.","National Bank of Egypt","RW, CF, RAMF","28","0","2027-06-30","12","629","0","1.23","1","1.35","Ghana","right","176","4.29","3.72","73.08","2.15","26.67","0.14","2.03","0","0.18","0","10","1.43","50","0","1.29","33.33","1.14","75","5.15","41.67","3.72","0.72","0.29","18.46","79.07","3.29","78.26","1","57.14","0.19","0","0.14","1.29","77.78","1","57.14","0.72","3.29","78.26","","","0","0","","",""
"Mostafa El Khawaga","Egypt 1.","El Geish","RCMF, LCMF, DMF","32","0","2026-06-30","11","627","0","0.08","0","0.18","Egypt","right","178","6.46","4.74","72.73","1","28.57","0","3.15","0","0.01","0","7","1","14.29","0","0.86","33.33","0.86","83.33","3.88","55.56","0","0.72","0.14","35.89","84.4","12.78","76.4","6.75","70.21","0.03","0","0.29","7.61","75.47","1","14.29","0","6.46","75.56","","","0","0","","",""
"J. Ojera","Egypt 1.","Al Mokawloon","RW, RAMF, CF","28","0","2026-06-30","9","627","2","1.68","0","0","Uganda","","0","4.31","4.16","41.38","5.89","14.63","0.14","3.02","0.29","0.24","0","9","1.29","22.22","22.222","2.58","16.67","2.01","71.43","9.19","42.19","2.58","0.72","0.43","17.94","68","4.88","61.76","1.29","77.78","0","0.14","0","2.44","70.59","2.3","25","0.43","2.01","85.71","","","0","0","","",""
"C. Ekpenyong","Egypt 1.","Al Mokawloon","AMF, CF, RAMF","21","0","2027-06-30","11","622","0","2.35","0","0.12","Nigeria","unknown","0","5.35","5.21","55.56","4.34","16.67","0","4.21","0","0.34","0","14","2.03","21.43","0","1.74","8.33","2.75","52.63","8.97","35.48","3.04","1.74","0.43","17.94","66.13","5.64","56.41","0.43","66.67","0.02","0.14","0.14","1.88","61.54","1.74","25","0.58","2.17","73.33","","","0","0","","",""
"D. Bah Amadou","Egypt 1.","Petrojet","AMF, RAMF, LAMF","22","0","","13","621","0","0.81","0","0.45","Guinea","","160","10.43","9.57","60.61","5.22","19.44","0.29","6.11","0","0.12","0","8","1.16","37.5","0","1.16","25","0.87","50","5.36","32.43","1.88","0.72","0","25.8","69.1","7.83","50","3.77","42.31","0.06","0.14","0.14","3.91","37.04","2.61","33.33","0.58","3.48","70.83","","","0","0","","",""
"A. Keita","Egypt 1.","El Geish","LB, LCMF","22","0","2028-06-30","9","618","0","0.04","0","0.28","Guinea","left","0","6.41","5.53","55.26","1.02","57.14","0.15","5.04","0","0.01","0","4","0.58","0","0","3.79","26.92","2.18","60","8.74","43.33","0.15","1.31","0","34.81","78.66","10.05","63.77","4.37","53.33","0.04","0","0.44","3.93","51.85","2.18","40","0.29","6.41","70.45","","","0","0","","",""
"Mohamed Sherif","Egypt 1.","Al Ahly","CF","29","1300000","2030-06-30","9","617","2","2.87","1","0.5","Egypt","right","184","1.9","1.75","66.67","3.21","31.82","0.15","1.39","0.29","0.42","0.15","16","2.33","43.75","12.5","0.58","25","0.58","50","4.23","34.48","5.11","0.29","0","10.06","73.91","0.73","60","0.15","0","0.07","0","0.44","0.44","66.67","0.29","50","0.73","0.44","100","","","0","0","","",""
"Mohamed Hagras","Egypt 1.","Kahraba Ismailia","GK","28","0","2026-06-30","6","617","0","0","0","0","Egypt","unknown","0","1.75","0","0","0.88","83.33","0","2.42","0","0","0","0","0","0","0","0","0","0","0","0.58","100","0.15","0","0","15.17","74.04","8.61","67.8","7.73","56.6","0","0","0","2.77","42.11","0","0","0","5.11","74.29","1.17","4.81","75.76","1.2","0.22","0.032","1.31"
"Ali El Gabry","Egypt 1.","Kahraba Ismailia","GK","24","0","2026-06-30","6","610","0","0","0","0","Egypt","right","190","1.03","0.15","100","0.74","80","0","1.34","0","0","0","0","0","0","0","0","0","0","0","0.15","100","0","0","0","14.16","69.79","10.33","62.86","8.56","56.9","0","0.3","0","3.1","52.38","0","0","0","7.23","69.39","2.07","5.46","62.16","1.76","-2.08","-0.307","1.48"
"Mohamed Ehab","Egypt 1.","Ismaily","LB, LCB, LCMF","22","0","","8","604","0","0.1","1","0.67","Egypt","","0","8.49","7.3","55.1","4.92","45.45","0.6","5.71","0","0.02","0","3","0.45","0","0","0.3","0","0.89","66.67","3.58","62.5","0.15","0.3","0","32.04","84.65","14.01","74.47","3.73","48","0.1","0","0","5.36","72.22","1.04","14.29","0.15","6.56","70.45","","","0","0","","",""
"Khaled Al-Nabris","Egypt 1.","Ismaily","CF, AMF","22","0","2026-06-30","9","599","0","0.49","0","0.06","Palestine","unknown","0","3.01","1.65","72.73","4.51","40","0.15","2.16","0","0.07","0","8","1.2","37.5","0","1.2","25","1.8","50","5.86","43.59","0.9","0.45","0.15","26.59","65.54","12.32","54.88","5.26","37.14","0.01","0.3","0.15","7.51","54","4.06","37.04","1.05","6.16","73.17","","","0","0","","",""
"Omar Fathi Saviola","Egypt 1.","Haras El Hodood","AMF, LCMF, RCMF","31","300000","2026-06-30","9","597","0","0.59","1","0.54","Egypt","right","183","6.33","7.09","55.32","1.06","57.14","0.15","2.93","0","0.09","0","10","1.51","30","0","0.9","33.33","2.86","52.63","7.39","34.69","1.36","0.75","0","28.34","81.91","8.89","67.8","3.47","56.52","0.08","0.3","0.15","4.52","63.33","1.66","63.64","0.9","4.52","76.67","","","0","0","","",""
"Mostafa Shakshak","Egypt 1.","ENPPI","RB, LAMF","25","150000","","8","596","0","0.13","0","0.88","Egypt","","0","6.04","4.83","62.5","2.72","44.44","0.6","4.51","0","0.02","0","7","1.06","28.57","0","1.51","40","3.78","68","8.15","40.74","0.45","2.27","1.06","27.03","76.54","11.17","60.81","4.08","59.26","0.13","0.15","0.15","3.78","60","1.66","54.55","0.3","6.8","73.33","","","0","0","","",""
"S. Ojo","Egypt 1.","El Gounah","RW, RAMF, RWF","22","0","","10","594","0","1.9","0","0.21","Nigeria","left","185","2.88","3.48","60.87","6.97","54.35","0","1.14","0","0.29","0","10","1.52","30","0","1.21","50","1.06","71.43","8.33","32.73","2.12","0.91","0","18.33","74.38","4.7","67.74","0.91","33.33","0.03","0","0.15","3.03","55","1.52","70","0.3","2.42","56.25","","","0","0","","",""
"Taher Mohamed","Egypt 1.","Al Ahly","RAMF, CF, RW","28","0","","12","593","0","1.53","0","0.65","Egypt","right","186","6.37","4.55","63.33","5.77","39.47","0","4.72","0","0.23","0","14","2.12","28.57","0","3.04","40","2.43","50","8.65","31.58","3.19","2.28","0.15","30.66","74.26","8.35","61.82","2.12","71.43","0.1","0.15","0","2.28","73.33","3.19","38.1","0.61","3.79","80","","","0","0","","",""
"K. Ahmed","Egypt 1.","El Gounah","LB","22","0","","7","592","0","0.15","0","0.62","Egypt","","0","9.27","7.15","70.21","1.98","53.85","0","4.52","0","0.02","0","5","0.76","20","0","1.06","28.57","0.3","50","1.82","41.67","0","0.46","0","24.93","70.12","12.47","65.85","3.65","25","0.09","0","0.15","3.19","71.43","1.37","44.44","0.15","6.69","56.82","","","0","0","","",""
"Mohamed Hamdi","Egypt 1.","Haras El Hodood","CF, RWF","33","0","","8","592","1","2.06","0","0.99","Egypt","right","183","2.89","1.67","54.55","10.03","31.82","0","1.53","0.15","0.31","0.15","13","1.98","15.38","7.692","0.76","40","2.58","58.82","8.06","33.96","3.19","1.67","0.15","19.61","83.72","4.26","82.14","1.37","77.78","0.15","0.15","0.61","1.67","63.64","1.22","87.5","0.91","2.58","88.24","","","0","0","","",""
"Mohamed Abdel Samiae","Egypt 1.","Ismaily","RCMF, LCMF, RW","25","100000","2026-06-30","8","587","0","0.38","0","0.49","Egypt","","0","4.29","3.53","56.52","2.61","35.29","0.15","2.63","0","0.06","0","9","1.38","11.11","0","1.38","44.44","1.38","55.56","4.14","40.74","0.61","0.92","0","28.21","77.17","10.73","58.57","4.91","53.13","0.08","0","0","6.9","62.22","2.61","29.41","0.15","5.52","75","","","0","0","","",""
"Ahmed Eid","Egypt 1.","Al Masry","RB","25","200000","2026-06-30","7","586","0","0.04","0","0.57","Egypt","right","178","9.83","5.22","61.76","1.84","50","0.31","9.59","0","0.01","0","1","0.15","0","0","2.46","43.75","1.23","75","3.99","42.31","0","1.54","0.31","31.95","76.92","12.59","69.51","3.99","50","0.09","0.15","0.31","5.07","63.64","3.07","55","0.92","7.22","68.09","","","0","0","","",""
"Mohamed Adel","Egypt 1.","Ceramica","RB","30","500000","2027-06-30","8","578","0","0.01","0","0.36","Egypt","","0","8.72","5.45","60","2.18","35.71","0.47","9.81","0","0","0","1","0.16","0","0","0.78","20","0.93","33.33","3.11","50","0.93","0.62","0","50.61","87.38","17.28","81.98","2.02","61.54","0.06","0","0.31","4.36","82.14","1.71","54.55","0.62","8.41","74.07","","","0","0","","",""
"W. El Karti","Egypt 1.","Pyramids","AMF, LDMF, RDMF","31","1500000","2026-06-30","7","575","2","0.64","0","0.12","Morocco","right","185","5.79","3.6","60.87","5.01","56.25","0.31","6.8","0.31","0.1","0.16","8","1.25","62.5","25","0.63","75","0.63","50","4.38","25","2.03","0.63","0","38.03","82.3","8.77","60.71","4.7","63.33","0.02","0.47","0","5.17","72.73","1.25","25","0.31","4.85","64.52","","","0","0","","",""
"B. Moussa","Egypt 1.","Petrojet","LAMF, LW, LWF","26","0","","9","575","2","2.32","1","0.36","Palestine","","0","4.23","3.29","71.43","4.85","25.81","0","2.54","0.16","0.36","0","13","2.03","38.46","15.385","1.88","33.33","4.07","50","10.64","32.35","2.82","2.35","0.94","19.88","63.78","5.01","46.88","1.57","40","0.06","0.16","0.31","2.19","42.86","1.88","41.67","0.63","3.13","60","","","0","0","","",""
"M. Ibrahim Dodo","Egypt 1.","Petrojet","RAMF","23","0","","10","569","1","0.53","0","0.22","Egypt","","0","6.64","6.96","56.82","5.38","32.35","0.16","3.36","0.16","0.08","0.16","7","1.11","14.29","14.286","2.85","16.67","4.59","48.28","11.23","36.62","1.58","1.27","0.32","22.62","73.43","6.8","72.09","2.85","66.67","0.03","0","0","3.16","65","3.01","21.05","0.47","4.75","66.67","","","0","0","","",""
"K. Tarek","Egypt 1.","El Geish","LW, LAMF, LWF","33","300000","2026-06-30","8","568","2","1.25","0","1.58","Egypt","both","173","5.7","4.6","65.52","1.74","9.09","0.16","2.57","0.32","0.2","0","9","1.43","33.33","22.222","3.64","30.43","4.28","40.74","7.76","36.73","3.17","2.69","0.16","17.27","60.55","4.28","44.44","0.79","20","0.25","0","0.79","1.27","0","3.8","50","0.79","3.33","61.9","","","0","0","","",""
"Mostafa Ziko","Egypt 1.","Pyramids","LAMF, LW","28","0","2029-06-30","11","564","2","2.66","1","0.29","Egypt","right","0","6.22","4.95","58.06","5.74","44.44","0.16","5.71","0.32","0.42","0.16","24","3.83","41.67","8.333","1.6","10","2.23","42.86","7.18","26.67","4.95","1.44","0","27.29","74.85","7.02","65.91","1.6","50","0.05","0.16","0","4.15","65.38","2.07","38.46","0.8","4.31","66.67","","","0","0","","",""
"F. Boli","Egypt 1.","Wadi Degla","CF","32","1000000","","11","564","3","2.08","0","1.08","Côte d'Ivoire","right","180","2.39","1.28","62.5","4.31","29.63","0.32","2.62","0.48","0.33","0","11","1.76","36.36","27.273","0.8","40","1.28","62.5","4.79","36.67","4.47","0.8","0","12.13","68.42","2.71","58.82","0.8","40","0.17","0","0.48","0.8","100","0.8","40","1.12","1.28","62.5","","","0","0","","",""
"Mahmoud El-Wensh","Egypt 1.","Zamalek","RCB","30","1000000","2028-06-30","7","556","0","0.29","0","0","Egypt","right","188","3.88","3.24","55","5.83","63.89","0","2.7","0","0.05","0","4","0.65","0","0","0.16","0","0.16","100","1.46","77.78","1.13","0.65","0","42.25","86.21","16.19","72","7.12","59.09","0","0","0","4.37","51.85","0.32","0","0","7.28","68.89","","","0","0","","",""
"A. Zaki","Egypt 1.","ENPPI","CF","23","0","2029-06-30","10","554","1","0.81","0","0.11","Egypt","","0","4.22","3.09","84.21","17.55","22.22","0","1.72","0.16","0.13","0","5","0.81","60","20","0.16","0","0.81","0","5.69","17.14","1.14","0.32","0","10.4","75","2.27","64.29","0.49","66.67","0.02","0.16","0.16","0.97","83.33","0.65","25","0.16","1.3","62.5","","","0","0","","",""
"Mahmoud Abou Gouda","Egypt 1.","Al Mokawloon","CF, RW","28","0","","8","546","1","2.26","0","0.72","Egypt","right","0","1.98","2.64","43.75","11.87","44.44","0","1.35","0.16","0.37","0","12","1.98","33.33","8.333","0.49","0","0.82","60","5.6","17.65","4.78","0.49","0","14.84","72.22","2.8","41.18","0.33","100","0.12","0","0.33","1.65","30","1.98","50","1.48","0.82","100","","","0","0","","",""
"Shokry Naguib","Egypt 1.","Al Mokawloon","CF, AMF","31","200000","2027-06-30","8","541","2","1.16","0","0.9","Egypt","right","180","3.33","2.83","64.71","3.16","31.58","0","2.14","0.33","0.19","0.17","9","1.5","33.33","22.222","1.5","22.22","1.33","25","6.16","29.73","2","0.5","0","17.47","67.62","4.66","64.29","1.66","40","0.15","0.5","0.17","2.5","46.67","1.33","62.5","0.83","2.83","76.47","","","0","0","","",""
"A. Magdi","Egypt 1.","Pyramids","RW, RAMF, RDMF","28","400000","2028-06-30","11","537","0","0.8","0","0.71","Egypt","left","184","3.35","3.35","45","1.68","40","0","3.63","0","0.13","0","9","1.51","44.44","0","3.85","34.78","4.36","46.15","8.55","41.18","1.84","3.85","0","38.38","75.11","10.06","60","3.85","47.83","0.12","0","0.34","3.85","47.83","6.54","46.15","1.51","5.03","93.33","","","0","0","","",""
"Mahmoud El Gazzar","Egypt 1.","National Bank of Egypt","RCB","27","300000","2026-06-30","7","537","0","0.03","0","0","Egypt","right","0","7.37","3.85","73.91","3.52","47.62","0.34","6.37","0","0.01","0","1","0.17","100","0","0.17","0","0.17","100","1.17","57.14","0.17","0","0","47.43","91.17","15.59","84.95","3.18","26.32","0","0","0","4.53","70.37","0.67","25","0.17","5.7","79.41","","","0","0","","",""
"Barakat Haggag","Egypt 1.","Petrojet","LCB, RCB","28","0","2026-06-30","7","536","0","0","0","0","Egypt","","0","8.56","4.7","82.14","7.56","62.22","0.17","6.77","0","0","0","0","0","0","0","0","0","0.17","100","0.84","40","0","0","0","19.81","70.34","12.09","61.11","7.72","54.35","0","0","0","4.37","57.69","0.17","100","0.17","6.72","67.5","","","0","0","","",""
"I. El Mizzayn","Egypt 1.","Pharco","CB, RCB","24","0","2028-06-30","7","535","0","0.37","0","0","Egypt","unknown","0","8.75","4.54","70.37","8.41","64","1.51","7.5","0","0.06","0","6","1.01","33.33","0","0","0","0.34","100","0.67","50","1.01","0.17","0","27.76","82.42","11.78","65.71","6.73","50","0","0","0","4.54","62.96","0.67","25","0.17","5.05","63.33","","","0","0","","",""
"Mohamed Bayoumi","Egypt 1.","Haras El Hodood","RCB, RDMF","25","150000","2026-06-30","9","532","0","0.05","0","0","Egypt","right","179","7.27","5.24","61.29","4.4","34.62","0","5.04","0","0.01","0","1","0.17","100","0","1.02","16.67","0.85","80","2.54","73.33","0.34","0.34","0","25.71","68.42","10.66","58.73","7.78","41.3","0","0","0","5.24","54.84","1.35","12.5","0","5.58","60.61","","","0","0","","",""
"M. El Negely","Egypt 1.","Haras El Hodood","CF, RW, LAMF","25","0","","6","529","1","1.01","0","0","Egypt","unknown","176","6.98","5.78","67.65","9.87","32.76","0","2.83","0.17","0.17","0","7","1.19","57.14","14.286","1.02","33.33","2.55","53.33","9.19","42.59","2.38","0.68","0","21.95","72.87","3.23","52.63","0.68","25","0","0","0","1.19","71.43","1.53","22.22","0","2.04","33.33","","","0","0","","",""
"Abdelrahman Katkot","Egypt 1.","Ismaily","DMF, LCMF, LDMF","20","0","","8","524","0","0.02","0","0","Egypt","","0","12.71","10.31","66.67","2.06","33.33","0.17","6.14","0","0","0","2","0.34","0","0","0.69","50","1.37","37.5","3.78","22.73","0.17","0.34","0.17","40.19","75.64","15.11","56.82","8.24","52.08","0","0","0","7.04","53.66","1.37","25","0.17","7.04","51.22","","","0","0","","",""
"S. Simporé","Egypt 1.","National Bank of Egypt","RCB, DMF, LDMF","33","350000","2026-06-30","8","524","0","0.1","0","0.15","Burkina Faso","right","179","4.47","3.61","47.62","4.98","44.83","0.52","4.71","0","0.02","0","3","0.52","33.33","0","0.69","75","0.34","100","1.37","37.5","0.34","1.89","0","52.21","86.51","20.1","72.65","9.96","65.52","0.03","0","0","11.68","72.06","2.06","41.67","0.52","10.82","87.3","","","0","0","","",""
"A. Kaied","Egypt 1.","Zamalek","LAMF","23","150000","2028-06-30","9","523","0","0.24","1","0.6","Sweden","right","177","3.79","3.44","45","0.69","50","0.17","3.4","0","0.04","0","2","0.34","100","0","0.86","20","3.1","55.56","9.12","35.85","1.55","1.89","0.17","30.11","83.43","7.92","78.26","1.03","50","0.1","0.17","0.69","1.72","80","1.72","60","1.2","3.79","72.73","","","0","0","","",""
"O.  El Saaiy","Egypt 1.","Al Masry","LAMF, AMF, RCMF","23","0","2029-06-30","12","517","4","2.61","0","0.73","Egypt","right","179","4.53","4","56.52","0.7","50","0","4","0.7","0.45","0","22","3.83","54.55","18.182","1.39","37.5","3.83","68.18","7.83","42.22","3.48","0.87","0.17","31.16","78.77","10.27","64.41","2.96","47.06","0.13","0.17","0.35","4.35","64","2.96","58.82","1.22","3.66","85.71","","","0","0","","",""
"A. Jatta","Egypt 1.","El Gounah","LB","30","100000","2026-06-30","8","517","0","0.07","0","0.69","Gambia","","0","6.79","3.13","83.33","4.35","72","0.17","4.75","0","0.01","0","1","0.17","0","0","2.61","40","0.17","0","2.44","35.71","0.17","0.52","0","29.42","72.78","13.75","59.49","5.22","46.67","0.12","0","0","4.35","48","3.13","44.44","0.52","6.96","67.5","","","0","0","","",""
"Ahmed Meteb","Egypt 1.","National Bank of Egypt","LB","29","450000","2028-06-30","7","517","0","0.2","0","0.88","Egypt","left","0","7.49","5.92","70.59","2.96","35.29","0","5.06","0","0.04","0","5","0.87","20","0","5.4","32.26","1.91","72.73","5.22","56.67","1.22","1.39","0","41.78","76.67","15.84","73.63","3.48","45","0.15","0","0","5.22","73.33","5.92","41.18","0.87","8.53","77.55","","","0","0","","",""
"Ramez Medhat","Egypt 1.","Pharco","LWF, CF, AMF","26","0","","7","514","1","0.53","0","0.1","Egypt","right","0","2.45","3.33","52.63","4.38","20","0","0.66","0.18","0.09","0","3","0.53","33.33","33.333","0.18","0","3.5","55","12.61","33.33","1.23","2.8","0.18","21.89","86.4","5.43","74.19","0.53","100","0.02","0","0","1.75","70","1.4","50","0.88","2.45","71.43","","","0","0","","",""
"B. Touré","Egypt 1.","Pyramids","LDMF, LCMF, DMF","31","1500000","2026-06-30","7","513","1","0.22","0","0.17","Côte d'Ivoire","right","171","6.84","5.26","50","0.88","40","0.35","8.63","0.18","0.04","0","4","0.7","50","25","0.53","33.33","0.88","40","5.09","41.38","1.05","0.53","0","52.98","85.1","12.11","63.77","2.46","35.71","0.03","0","0","7.19","65.85","2.28","38.46","0.7","5.61","75","","","0","0","","",""
"Chico Banza","Egypt 1.","Zamalek","LAMF, LW, RWF","27","400000","2029-06-30","8","510","3","2.6","0","1.08","Angola","right","182","6.18","5.29","63.33","3.88","31.82","0.18","4.62","0.53","0.46","0","10","1.76","60","30","2.47","21.43","5.47","32.26","12.18","27.54","4.06","2.82","1.24","26.82","66.45","6.18","48.57","2.12","16.67","0.19","0","0.53","2.82","68.75","2.82","31.25","0.53","3.88","59.09","","","0","0","","",""
"R. Kabou","Egypt 1.","ENPPI","LWF, LAMF, RAMF","33","300000","","10","507","1","0.55","2","0.64","Tunisia","right","165","2.84","3.55","60","1.78","50","0","0.78","0.18","0.1","0","5","0.89","40","20","0.36","50","1.78","40","3.73","28.57","1.78","1.24","0.18","18.11","75.49","3.73","66.67","0.36","50","0.11","0","0.36","1.6","88.89","1.6","44.44","1.07","2.66","73.33","","","0","0","","",""
"Mahmoud Zalaka","Egypt 1.","Pyramids","RAMF, LAMF, LW","26","0","","9","506","2","1.42","0","0.39","Egypt","right","0","5.69","4.98","60.71","3.38","36.84","0","5.32","0.36","0.25","0.18","10","1.78","50","20","2.31","30.77","4.98","60.71","11.38","39.06","5.51","4.62","0.36","29.53","81.33","6.23","80","0","0","0.07","0.18","1.07","1.6","55.56","2.49","42.86","2.13","3.02","88.24","","","0","0","","",""
"N. Gradišar","Egypt 1.","Al Ahly","CF","23","400000","2029-06-30","10","505","3","3.24","0","0.1","Slovenia","right","187","2.32","2.14","50","5.7","31.25","0.18","2.69","0.53","0.58","0.18","14","2.5","50","21.429","0.36","0","0.18","100","3.74","42.86","4.28","0.53","0.36","21.56","76.03","3.03","47.06","0.53","33.33","0.02","0.18","0.18","1.43","75","1.07","50","1.43","1.43","50","","","0","0","","",""
"M. Medhat","Egypt 1.","Kahraba Ismailia","RCB, LCB","19","0","","5","500","0","0.02","0","0.03","Egypt","unknown","0","10.08","7.38","68.29","6.3","57.14","1.26","6.82","0","0","0","1","0.18","0","0","0.36","50","0","0","1.44","37.5","0.36","0","0","23.94","78.95","11.88","72.73","4.14","39.13","0.01","0","0","3.42","57.89","0.54","33.33","0.18","6.3","51.43","","","0","0","","",""
"Ahmed Madbouly","Egypt 1.","National Bank of Egypt","AMF, LCMF, DMF","31","350000","2027-06-30","12","494","0","0.12","1","1.18","Egypt","right","168","5.47","6.01","69.7","2.73","40","0","1.89","0","0.02","0","3","0.55","0","0","1.46","50","2.19","66.67","9.66","41.51","2","2.19","0.18","34.43","76.72","14.57","68.75","5.83","37.5","0.21","0.18","0.18","7.11","58.97","4.01","40.91","1.82","7.11","76.92","","","0","0","","",""
"Y. Oubaba","Egypt 1.","ENPPI","CF","26","0","2028-06-30","9","489","1","2.31","0","0","Morocco","","0","4.6","4.97","48.15","13.99","40.79","0","2.24","0.18","0.42","0","8","1.47","25","12.5","0.18","0","0.74","75","7.18","38.46","2.02","0","0","10.67","65.52","3.31","44.44","0.74","25","0","0","0.18","2.39","53.85","0.55","66.67","0.18","0.92","100","","","0","0","","",""
"Hossam Ashraf","Egypt 1.","Smouha","CF, LAMF","24","0","2029-06-30","12","489","0","2.16","1","0.48","Egypt","right","0","4.23","3.68","65","7.36","47.5","0","3.21","0","0.4","0","12","2.21","25","0","0.74","25","2.02","54.55","7.55","31.71","3.13","0.74","0","15.46","61.9","3.5","47.37","0.74","25","0.09","0.18","0.37","1.66","33.33","1.84","60","1.29","1.84","50","","","0","0","","",""
"Mahmoud El Badry","Egypt 1.","Haras El Hodood","LB, LAMF","26","0","2028-06-30","7","486","0","0","0","0","Egypt","left","185","7.59","5","62.96","1.11","66.67","0.19","5.81","0","0","0","0","0","0","0","1.67","33.33","1.11","83.33","3.52","47.37","0.19","0.37","0","30.93","70.06","15","62.96","6.11","51.52","0","0","0","5","48.15","1.85","50","0.56","7.78","66.67","","","0","0","","",""
"Islam Mohareb","Egypt 1.","El Geish","RWF, AMF, LCMF","34","200000","2026-06-30","9","478","0","0.93","0","0.05","Egypt","left","173","6.59","5.65","56.67","4.14","36.36","0","3.21","0","0.18","0","5","0.94","40","0","0.94","0","1.13","83.33","4.9","38.46","2.26","1.32","0","29.37","69.23","9.23","51.02","1.32","14.29","0.01","0","0","4.33","60.87","1.69","22.22","0.38","3.01","68.75","","","0","0","","",""
"Amr Saleh","Egypt 1.","Al Ittihad","LB, LAMF","30","150000","2026-06-30","8","475","0","0.09","0","0.11","Egypt","left","0","7.01","4.74","72","2.46","30.77","0","4.81","0","0.02","0","4","0.76","25","0","3.03","25","0.19","100","3.03","43.75","0.57","0.57","0","32.78","71.68","11.56","59.02","3.98","38.1","0.02","0","0","3.98","57.14","3.03","31.25","0.38","7.58","67.5","","","0","0","","",""
"A. Ismail","Egypt 1.","ENPPI","RAMF, DMF, LCMF","23","0","","9","472","0","0.95","2","0.5","Egypt","","191","7.63","6.86","69.44","7.06","18.92","0","3.3","0","0.18","0","7","1.33","57.14","0","0.19","0","2.48","53.85","6.48","26.47","2.48","2.1","0.38","16.59","72.41","4.96","76.92","1.53","62.5","0.1","0","0.38","2.29","83.33","0.57","33.33","0.57","2.1","72.73","","","0","0","","",""
"A. Ali","Egypt 1.","Al Masry","AMF, RCMF, RDMF","25","0","2028-06-30","9","469","0","1.11","0","0.11","Egypt","","0","9.02","6.91","61.11","1.73","44.44","0","7.34","0","0.21","0","5","0.96","40","0","1.92","40","1.54","87.5","7.29","36.84","3.26","1.34","0","34.16","68.54","13.82","59.72","2.49","30.77","0.02","0.38","0.19","6.14","65.63","3.26","41.18","0.58","6.72","68.57","","","0","0","","",""
"A. Dabash","Egypt 1.","Al Masry","AMF, RCMF, RDMF","25","0","2028-06-30","9","469","0","1.11","0","0.11","Egypt","","0","9.02","6.91","61.11","1.73","44.44","0","7.34","0","0.21","0","5","0.96","40","0","1.92","40","1.54","87.5","7.29","36.84","3.26","1.34","0","34.16","68.54","13.82","59.72","2.49","30.77","0.02","0.38","0.19","6.14","65.63","3.26","41.18","0.58","6.72","68.57","","","0","0","","",""
"S. Williams","Egypt 1.","Ghazl El Mehalla","LAMF, CF, LW","26","0","2028-06-30","5","462","0","0.72","0","0.2","Nigeria","","0","3.51","3.51","66.67","2.73","28.57","0","1.61","0","0.14","0","8","1.56","25","0","1.17","16.67","1.75","77.78","5.65","34.48","0.97","0.39","0","15.19","69.23","3.51","38.89","1.56","37.5","0.04","0","0.19","2.14","36.36","1.36","28.57","0.39","2.34","58.33","","","0","0","","",""
"P. Williams","Egypt 1.","Ghazl El Mehalla","LAMF, CF, LW","26","0","","5","462","0","0.72","0","0.2","Africa","","0","3.51","3.51","66.67","2.73","28.57","0","1.61","0","0.14","0","8","1.56","25","0","1.17","16.67","1.75","77.78","5.65","34.48","0.97","0.39","0","15.19","69.23","3.51","38.89","1.56","37.5","0.04","0","0.19","2.14","36.36","1.36","28.57","0.39","2.34","58.33","","","0","0","","",""
"R. Metwaly","Egypt 1.","Modern Sport","CF, RCMF, AMF","24","0","2029-06-30","12","458","1","0.74","0","0.67","Egypt","","0","4.72","5.11","57.69","2.16","27.27","0","2.84","0.2","0.14","0","9","1.77","33.33","11.111","1.57","37.5","1.57","12.5","6.68","17.65","1.77","0.98","0","28.69","73.97","9.43","68.75","3.14","50","0.13","0","0.39","3.14","62.5","2.55","53.85","1.18","4.72","70.83","","","0","0","","",""
"Amro Tarek","Egypt 1.","El Geish","LB","33","125000","2028-06-30","7","453","0","0.14","0","0.21","United States","left","189","9.34","5.36","70.37","1.59","75","0.6","6.67","0","0.03","0","1","0.2","0","0","1.99","10","0.79","25","1.59","37.5","0.6","0.6","0","24.24","68.03","14.11","64.79","4.57","43.48","0.04","0","0.2","4.17","57.14","1.79","11.11","0","8.15","60.98","","","0","0","","",""
"A. Randrianantenaina","Egypt 1.","El Gounah","LAMF, LW, LWF","25","0","","8","452","1","0.44","0","0","Madagascar","","0","6.37","5.97","60","4.38","50","0","2.63","0.2","0.09","0","8","1.59","37.5","12.5","0.4","0","4.38","45.45","10.95","30.91","1.99","1.79","0.2","20.71","76.92","3.98","65","1.59","37.5","0","0","0","1.79","66.67","0.4","0","0","1.79","33.33","","","0","0","","",""
"S. Maher","Egypt 1.","Wadi Degla","RB","29","0","","5","452","0","0.01","0","0.03","Egypt","right","0","9.16","5.18","69.23","3.78","42.11","0","8.41","0","0","0","2","0.4","0","0","1","20","0.6","100","3.98","55","0","1.59","0","37.83","81.58","16.92","71.76","4.58","65.22","0.01","0","0.2","3.98","60","1.19","50","0.4","7.96","67.5","","","0","0","","",""
"Mahmoud Emad","Egypt 1.","National Bank of Egypt","DMF, RDMF, LDMF","27","150000","2028-06-30","7","447","1","0.18","0","0.47","Egypt","right","0","6.85","5.23","73.08","3.22","37.5","0.6","5.12","0.2","0.04","0","5","1.01","40","20","0.4","50","1.01","60","5.03","60","0.4","0.6","0","43.09","81.31","15.3","61.84","6.64","54.55","0.1","0","0.2","7.65","63.16","1.41","14.29","0.4","7.65","68.42","","","0","0","","",""
"Mohamed Reda","Egypt 1.","Pyramids","AMF, LCMF","25","1000000","2028-06-30","8","444","0","0.66","0","0.61","Egypt","right","0","5.07","5.88","65.52","2.03","40","0.2","2.65","0","0.13","0","11","2.23","27.27","0","1.82","11.11","2.23","63.64","10.54","42.31","4.86","1.01","0","24.73","68.03","8.72","58.14","2.64","53.85","0.12","0.41","0.41","3.04","66.67","2.84","42.86","1.82","4.86","70.83","","","0","0","","",""
"I. El Nagaway","Egypt 1.","Ismaily","RB, RW, LB","17","0","","5","444","0","0.11","0","0.47","Egypt","","0","8.11","6.89","70.59","2.03","40","0","3.28","0","0.02","0","2","0.41","100","0","2.43","16.67","1.62","50","4.26","42.86","1.22","0.81","0.2","18.65","77.17","4.26","66.67","1.22","66.67","0.09","0","0.2","1.82","66.67","1.82","22.22","0.2","3.24","62.5","","","0","0","","",""
"Ahmed Abdel Rahman Zola","Egypt 1.","El Geish","RWB, RW, LAMF","32","300000","","11","442","0","0.25","1","0.69","Egypt","right","161","5.09","5.09","48","0.61","33.33","0","2.7","0","0.05","0","4","0.81","50","0","3.46","29.41","2.04","50","7.94","46.15","1.22","1.63","0.41","29.93","76.19","10.18","66","3.87","52.63","0.14","0","0.61","5.09","56","4.07","50","1.63","4.89","75","","","0","0","","",""
