"Player","League","Team","Position","Age","Market value","Contract expires","Matches played","Minutes played","Goals","Assists","Birth country","Foot","Height","Successful defensive actions per 90","Defensive duels per 90","Defensive duels won, %","Aerial duels per 90","Aerial duels won, %","Shots blocked per 90","PAdj Interceptions","Successful attacking actions per 90","Non-penalty goals per 90","xG per 90","Head goals per 90","Shots per 90","Shots on target, %","Goal conversion, %","Crosses per 90","Accurate crosses, %","Dribbles per 90","Successful dribbles, %","Offensive duels per 90","Offensive duels won, %","Touches in box per 90","Progressive runs per 90","Accelerations per 90","Passes per 90","Accurate passes, %","Forward passes per 90","Accurate forward passes, %","Long passes per 90","Accurate long passes, %","xA per 90","Second assists per 90","Smart passes per 90","Accurate smart passes, %","Key passes per 90","Passes to final third per 90","Accurate passes to final third, %","Passes to penalty area per 90","Accurate passes to penalty area, %","Deep completions per 90","Progressive passes per 90","Accurate progressive passes, %"
"J. Meierhofer","Austria 1.","Grazer AK","GK","27","350000","2026-06-30","11","1094","0","0","Austria","right","187","2.06","0","0","0.49","83.33","0","2.7","0","0","0","0","0","0","0","0","0","0","0","0.16","50","0","0","0","20.16","81.22","11.35","68.84","8.39","60.78","0","0","0","0","0","4.03","51.02","0.25","0","0.08","6.5","79.75"
"P. Koller","Austria 1.","Rheindorf Altach","LCB","23","1000000","2026-06-30","11","1085","0","0","Austria","left","186","7.63","3.65","75","5.23","57.14","0.08","7.63","0.33","0","0.03","0","0.5","0","0","0.41","20","0.25","100","1.49","55.56","0.58","1.33","0","48.61","86.86","18.08","77.52","5.23","52.38","0.03","0","0","0","0.17","6.3","72.37","1.24","33.33","0.5","7.96","78.13"
"D. Stojanović","Austria 1.","Rheindorf Altach","GK","32","600000","","11","1085","0","0","Austria","left","196","2.07","0.17","100","0.5","83.33","0","3.03","0","0","0","0","0","0","0","0","0","0","0","0.25","100","0","0","0","26.63","83.8","17.42","76.19","13.27","69.38","0","0","0","0","0","5.31","56.25","0.33","0","0","10.12","86.89"
"F. Wilfinger","Austria 1.","Hartberg","LCB","22","0","2026-06-30","11","1076","1","0","Austria","","178","10.12","5.77","63.77","2.68","56.25","0.5","6.15","0.59","0.08","0.04","0.08","0.25","100","33.333","0.33","75","0.25","33.33","1.51","61.11","0.5","0.42","0","36.3","85.02","15.56","77.96","3.6","44.19","0.07","0","0","0","0.08","3.18","73.68","0.59","42.86","0.08","8.03","64.58"
"T. Hülsmann","Austria 1.","Hartberg","GK","21","250000","2026-06-30","11","1076","0","1","Germany","right","200","2.34","0.25","0","0.75","88.89","0","2.36","0","0","0","0","0","0","0","0","0","0","0","0","0","0","0","0","20.16","85.48","10.71","75","7.28","63.22","0.04","0","0","0","0.08","3.76","66.67","0.25","33.33","0.08","5.6","79.1"
"L. Jungwirth","Austria 1.","LASK","GK","21","200000","","11","1074","0","0","Austria","right","177","1.34","0","0","0.25","33.33","0","2.11","0","0","0","0","0","0","0","0","0","0","0","0","0","0","0","0","20.7","89.88","9.05","78.7","4.36","57.69","0","0","0","0","0","0.67","0","0.17","0","0","3.69","70.45"
"J. Italiano","Austria 1.","Grazer AK","LWB, LB","24","125000","","11","1070","0","0","Australia","right","177","9.08","5.8","65.22","1.43","29.41","0.34","7","3.2","0","0.03","0","0.5","16.67","0","2.02","20.83","4.79","56.14","8.41","48","0.59","2.86","1.01","25.82","72.31","10.35","65.04","3.11","54.05","0.02","0","0","0","0.08","2.86","70.59","2.27","48.15","0.76","6.64","65.82"
"B. Markuš","Austria 1.","Hartberg","DMF, RCMF","24","400000","2026-06-30","11","1024","0","1","Slovenia","right","185","8.26","6.33","69.44","2.2","52","0.7","3.88","0.44","0","0.03","0","0.53","16.67","0","0.26","33.33","0.53","50","2.99","38.24","0.44","0.26","0.09","31.38","78.71","12.13","60.87","4.39","54","0.06","0","0","0","0.18","4.48","66.67","0.79","55.56","0.35","6.33","56.94"
"D. Vincze","Austria 1.","Hartberg","RCB","21","200000","","11","1005","0","0","Austria","","188","12","8.33","67.74","3.31","64.86","0.36","6.07","0.36","0","0.03","0","0.27","0","0","0.09","100","0.36","75","2.06","34.78","0.27","0.45","0","27.4","84.31","12.81","76.22","2.78","61.29","0","0","0","0","0","3.4","76.32","0.18","0","0","4.93","54.55"
"B. Owusu","Austria 1.","Grazer AK","LCB, RCB","22","0","2027-06-30","10","993","1","0","France","right","185","9.52","5.17","68.42","3.17","40","0.45","7.62","0.73","0.09","0.06","0","0.27","33.33","33.333","0.18","50","0.73","75","3.99","65.91","0.18","0.54","0.09","38.7","82.2","20.66","72.81","7.89","50.57","0","0","0","0","0","7.25","53.75","1","36.36","0.18","6.89","68.42"
"K. Jørgensen","Austria 1.","LASK","RB, RWB","25","700000","2025-12-31","11","989","1","1","Denmark","right","185","3.82","3.19","51.43","2.37","46.15","0.27","3.29","2.09","0.09","0.16","0","1.09","33.33","8.333","3.09","35.29","1.09","58.33","3.55","41.03","1.82","1.27","0.27","41.77","79.96","13.56","69.13","5.64","54.84","0.06","0","0","0","0.36","5.46","68.33","2.55","50","0.73","8.1","70.79"
"B. Zech","Austria 1.","Rheindorf Altach","RCB, CB","34","200000","","10","989","0","0","Austria","right","186","6.37","4.91","62.96","2.55","71.43","0.55","5.19","0.09","0","0.04","0","0.18","50","0","0","0","0","0","1.46","62.5","0.27","2","0.09","54.6","88.17","22.57","81.05","6.73","52.7","0","0","0","0","0","6.92","73.68","0.55","16.67","0.18","10.01","74.55"
"A. Leitner","Austria 1.","Ried","GK","31","300000","","10","987","0","0","Austria","both","184","3.28","0.46","80","0.36","75","0","4.39","0","0","0","0","0","0","0","0","0","0","0","0.09","100","0","0","0","19.88","80.28","11.4","68.8","8.84","62.89","0","0","0","0","0","4.74","61.54","0.46","40","0.18","7.02","76.62"
"O. Steurer","Austria 1.","Ried","LCB","30","275000","","10","987","1","0","Germany","left","191","9.03","5.2","68.42","4.74","59.62","0.46","8.21","0.09","0.09","0.11","0","0.55","16.67","16.667","0.09","0","0","0","0.36","75","0.73","0.73","0.09","35.93","81.73","17.23","74.07","7.48","51.22","0.01","0","0","0","0.09","5.56","55.74","0.55","0","0.18","8.02","68.18"
"N. Havenaar","Austria 1.","Ried","RCB","30","350000","","10","987","0","1","Japan","right","198","8.48","3.92","60.47","16.41","56.67","0.55","9.2","0.09","0","0.03","0","0.36","25","0","0","0","0","0","1.64","50","1.09","0.09","0","28.18","81.23","14.59","75","4.65","54.9","0.04","0","0","0","0.18","4.74","61.54","0.55","0","0.18","6.38","78.57"
"S. Şahin-Radlinger","Austria 1.","Austria Wien","GK","32","400000","2026-06-30","10","985","0","0","Austria","right","198","2.56","0.27","66.67","0.73","87.5","0","3.58","0.09","0","0.01","0","0.09","100","0","0","0","0","0","0.09","100","0.09","0","0","20.01","90.87","10.42","84.21","4.57","66","0","0","0","0","0","1.46","50","0.09","0","0.09","4.57","76"
"M. Bähre","Austria 1.","Rheindorf Altach","DMF, RCMF, LCMF","30","450000","2026-06-30","10","982","0","0","Germany","right","179","8.34","7.79","64.71","1.19","38.46","0.37","4.86","0.55","0","0.02","0","0.18","0","0","0.64","28.57","0.55","66.67","4.4","54.17","0.46","1.28","0","48.21","86.88","13.11","72.03","2.84","64.52","0.01","0.27","0","0","0.18","6.69","75.34","1.19","23.08","0.37","6.51","74.65"
"N. Hedl","Austria 1.","Rapid Wien","GK","24","2000000","2027-06-30","10","981","0","0","Austria","right","188","1.1","0.18","0","0.09","0","0","1.68","0.09","0","0","0","0","0","0","0","0","0.09","100","0.18","50","0","0","0.09","19.82","87.96","11.56","80.16","7.25","68.35","0","0","0","0","0","1.93","71.43","0.18","0","0","5.96","84.62"
"S. Ingolitsch","Austria 1.","Rheindorf Altach","RB, RWB","28","350000","2026-06-30","11","978","0","1","Austria","right","179","7.73","6.99","47.37","1.93","71.43","0.37","5.86","0.92","0","0.01","0","0.28","0","0","2.3","28","0.92","30","3.68","35","0.55","0.55","0","33.22","70.36","12.98","60.99","6.72","57.53","0.04","0.09","0","0","0.28","6.72","61.64","2.76","43.33","0.74","10.21","74.77"
"A. Schlager","Austria 1.","Salzburg","GK","29","3000000","2027-06-30","10","977","0","0","Austria","right","184","0.62","0","0","0.21","50","0","1.07","0","0","0","0","0","0","0","0","0","0","0","0","0","0","0","0","18.14","89.83","7.89","79.22","4.1","60","0","0","0","0","0","1.23","50","0","0","0","3.49","64.71"
"V. Baier","Austria 1.","Blau-Weiß Linz","GK","20","0","2027-06-30","10","975","0","0","Czech Republic","left","0","1.38","0","0","0.18","100","0","1.66","0.09","0","0","0","0","0","0","0","0","0.09","100","0.28","66.67","0","0","0","19.29","78.47","9.42","57.84","8.12","53.41","0","0","0","0","0","2.95","53.13","0","0","0","5.08","61.82"
"D. Frieser","Austria 1.","Grazer AK","RWB, RB","32","500000","2026-06-30","11","967","0","0","Austria","right","178","5.03","4.1","54.55","2.42","42.31","0.19","3.33","1.4","0","0","0","0.19","0","0","1.68","66.67","0.84","33.33","1.12","33.33","0.37","1.21","0.28","26.43","74.65","11.91","58.59","6.51","52.86","0.12","0.09","0","0","0.65","4.75","56.86","1.95","57.14","0.19","8.47","81.32"
"L. Spendlhofer","Austria 1.","Hartberg","CB","32","200000","","10","960","1","1","Austria","right","187","9.94","2.91","70.97","3.19","70.59","0.47","7.62","0.47","0.09","0.04","0","0.47","40","20","0.19","50","0.28","66.67","1.41","46.67","0.47","0.56","0","34.78","84.37","13.31","71.13","5.63","55","0.01","0","0","0","0.19","3.66","56.41","0.56","16.67","0","6.94","62.16"
"S. Raux-Yao","Austria 1.","Rapid Wien","LCB","26","0","2028-06-30","10","957","0","0","France","left","197","7.52","4.14","72.73","2.26","62.5","0.66","6.4","0","0","0.05","0","0.28","0","0","0","0","0","0","0.94","40","0.38","0.75","0","52.57","91.06","19.66","78.47","4.33","43.48","0","0","0","0","0","7.34","65.38","1.03","9.09","0.19","7.43","77.22"
"E. Bakatukanda","Austria 1.","Blau-Weiß Linz","RCB, LCB","21","250000","","10","957","0","0","Germany","right","193","12.13","8.93","73.68","6.02","57.81","0.66","5.82","0.28","0","0.04","0","0.38","25","0","0.28","66.67","0","0","2.16","30.43","0.56","0.75","0.09","39.87","79.25","16.65","64.41","7.15","48.68","0.01","0","0","0","0","5.27","55.36","0.85","22.22","0.19","8.09","54.65"
"R. Ranftl","Austria 1.","Austria Wien","RB, RWB, RCB","33","500000","2026-06-30","10","953","0","0","Austria","right","180","7.18","4.53","50","2.64","46.43","0","6.79","1.79","0","0.03","0","0.76","25","0","3.31","25.71","1.23","61.54","4.25","51.11","0.76","3.49","0.66","43.25","70.52","19.27","64.22","7.56","48.75","0.08","0","0.09","0","0.47","9.44","64","3.97","33.33","0.66","11.8","72"
"M. Sollbauer","Austria 1.","Ried","CB, RCB","35","200000","2026-06-30","10","953","0","0","Austria","right","187","7.93","5.38","73.68","3.4","38.89","0.38","5.68","0.19","0","0.06","0","0.38","25","0","0","0","0.09","100","0.85","55.56","0.47","0","0","28.8","85.25","9.73","67.96","2.93","38.71","0","0","0","0","0","2.46","38.46","0.47","40","0.19","3.02","53.13"
"R. Renner","Austria 1.","Wolfsberger AC","LWB, LW, LB","31","800000","2026-06-30","10","953","1","0","Austria","left","182","7.37","5.95","58.73","2.74","41.38","0","5.17","1.89","0.09","0.02","0","0.85","11.11","11.111","1.32","35.71","1.7","77.78","5.1","51.85","1.04","1.89","0.38","36.83","80.26","13.6","71.53","2.74","41.38","0.09","0","0","0","0.47","5.29","66.07","2.55","48.15","0.94","7.65","75.31"
"M. Maranda","Austria 1.","Blau-Weiß Linz","CB, LCB","28","500000","","10","952","0","0","Austria","right","188","11.25","5.96","61.9","7","63.51","1.23","8.26","0.09","0","0.02","0","0.38","0","0","0.28","33.33","0","0","0.47","20","0.38","0.38","0","50.39","82.55","19.47","66.5","8.22","48.28","0","0.09","0","0","0","7.56","51.25","1.23","30.77","0.28","10.21","69.44"
"S. Lainer","Austria 1.","Salzburg","RB","33","2500000","2026-06-30","10","950","1","1","Austria","right","175","7.3","4.12","79.49","1.48","35.71","0.21","6.99","3.38","0.11","0.05","0.11","0.85","12.5","12.5","3.81","47.22","2.22","66.67","4.97","53.19","1.8","3.91","0.42","57.43","79.37","23.16","73.97","6.35","50","0.11","0","0","0","1.06","10.05","69.47","4.76","60","1.37","13.22","82.4"
"R. Amane","Austria 1.","Rapid Wien","LDMF, RDMF, LCMF","22","0","2029-06-30","10","941","0","2","Côte d'Ivoire","right","176","8.99","7.17","60","1.53","50","0.1","5.94","1.15","0","0.02","0","0.48","20","0","0.57","33.33","1.05","72.73","6.41","47.76","0.48","1.24","0.38","44","88.48","13.39","77.14","2.39","56","0.11","0","0.1","100","0.57","6.41","86.57","1.91","45","0.77","5.64","76.27"
"M. Hennig","Austria 1.","Hartberg","LB, LWB","19","0","2027-06-30","11","930","0","2","Germany","left","176","7.06","4.94","74.51","1.26","23.08","0.19","3.42","1.26","0","0.04","0","0.19","0","0","1.26","23.08","1.45","60","4.45","52.17","0.58","1.55","0.48","24.39","63.1","11.71","44.63","5.03","40.38","0.07","0","0.1","100","0.29","2.61","51.85","1.55","43.75","0.48","6.19","40.63"
"J. Rasmussen","Austria 1.","Salzburg","LCB","28","3000000","2027-06-30","10","928","0","1","Denmark","left","190","8.25","4.67","76.74","6.73","70.97","0.98","7.59","0.11","0","0.05","0","0.33","33.33","0","0.11","0","0","0","0.87","0","0.87","1.19","0","72.85","93.74","32.24","91.25","1.85","41.18","0.04","0.11","0","0","0.11","8.25","88.16","0.22","0","0.11","10.75","76.77"
"M. Fischer","Austria 1.","Austria Wien","LCMF, DMF","30","800000","2027-06-30","10","918","2","0","Austria","right","179","7.65","5.29","57.41","4.8","40.82","0","6.17","0.39","0.2","0.12","0.1","0.69","57.14","28.571","0.29","0","0.2","0","3.24","24.24","1.96","0.98","0.2","33.92","80.06","13.43","66.42","2.84","62.07","0.02","0","0","0","0.1","6.27","71.88","0.59","66.67","0.59","5.88","73.33"
"S. Horvath","Austria 1.","LASK","LCMF, RDMF","29","2500000","","10","915","1","1","Austria","right","168","5.21","3.84","56.41","0.49","40","0","4.53","1.87","0.1","0.06","0.1","0.98","30","10","1.28","23.08","2.46","52","7.87","36.25","0.69","1.38","0.49","45.05","85.59","14.56","79.05","2.46","64","0.03","0","0.1","0","0.2","6.98","78.87","1.97","45","0.69","6.69","79.41"
"S. Pirkl","Austria 1.","Blau-Weiß Linz","LWB, LCMF","28","500000","2026-06-30","10","913","0","2","Austria","left","176","6.41","4.24","81.4","0.99","30","0","3.45","1.68","0","0.01","0","0.3","0","0","3.25","45.45","0.39","50","2.07","47.62","0.89","1.18","0.1","28.59","69.66","10.15","60.19","6.31","53.13","0.1","0.1","0","0","0.49","4.24","65.12","3.45","54.29","0.79","7.89","82.5"
"M. Ouédraogo","Austria 1.","Rheindorf Altach","LWB, LB","22","0","2027-06-30","10","908","0","0","Burkina Faso","","183","8.72","6.94","62.86","6.54","62.12","0.2","6.67","6.24","0","0.02","0","0.4","50","0","6.24","36.51","4.86","77.55","9.32","54.26","0.69","3.67","0.2","42.92","68.13","13.28","52.99","5.45","40","0.12","0.1","0","0","0.5","4.76","47.92","5.95","46.67","0.79","10.41","71.43"
"P. Pomer","Austria 1.","Ried","LWB, LB","28","350000","2026-06-30","10","905","2","1","Austria","left","180","6.86","3.98","50","1.69","70.59","0.3","7.46","1.09","0.2","0.1","0","0.7","57.14","28.571","2.29","17.39","0.7","42.86","2.39","62.5","0.5","1.19","0","32.82","70","13.03","60.31","7.76","53.85","0.09","0","0","0","0.3","6.96","54.29","3.08","32.26","0.7","8.75","75"
"Y. Maart","Austria 1.","Ried","RCMF","30","1000000","","10","904","0","0","South Africa","right","170","10.55","6.37","65.63","1.59","50","0.2","8.98","0.9","0","0.02","0","0.4","0","0","1.49","33.33","0.4","100","3.19","46.88","0.7","0.6","0.1","35.54","74.79","12.84","60.47","4.98","38","0.08","0","0.1","0","0.2","7.77","62.82","2.09","23.81","0.2","6.77","64.71"
"T. Koch","Austria 1.","Grazer AK","DMF, RCMF, LCMF","24","550000","2027-06-30","10","898","0","1","Austria","right","180","6.71","3.81","57.89","1.6","68.75","0.1","5.02","0.6","0","0.04","0","0.6","16.67","0","0.3","66.67","0.7","42.86","2.91","44.83","0.3","0.3","0.1","32.47","83.33","8.92","61.8","4.21","64.29","0.05","0","0","0","0.2","4.31","74.42","0.7","71.43","0.2","4.51","73.33"
"Y. Massombo","Austria 1.","Rheindorf Altach","LCMF, AMF","25","0","2026-06-30","11","898","0","1","France","left","186","5.21","4.41","52.27","1.4","35.71","0","4.33","1.5","0","0.13","0","0.9","44.44","0","1.6","18.75","1.3","61.54","5.71","33.33","2.2","1.1","0.2","28.16","69.04","9.62","56.25","3.01","40","0.09","0","0","0","0.2","4.31","55.81","1.8","33.33","0.9","4.81","70.83"
"T. Kainz","Austria 1.","Hartberg","LCMF","32","400000","2026-06-30","11","893","0","2","Austria","right","174","5.74","5.34","62.26","1.61","31.25","0","2.25","0.6","0","0.03","0","0.81","12.5","0","0.2","100","0.5","20","3.33","36.36","0.5","0.4","0.1","28.72","70.18","11.79","54.7","4.74","51.06","0.18","0","0.3","66.67","0.5","6.45","56.25","1.01","50","0.4","6.15","59.02"
"D. Lavalée","Austria 1.","Sturm Graz","LCB","28","4000000","2026-06-30","9","892","0","0","Belgium","left","187","8.78","3.63","75","5.45","59.26","0.5","8.57","0.3","0","0.06","0","0.5","0","0","0.61","16.67","0.2","100","1.31","46.15","0.3","1.31","0","46.41","84.13","26.43","80.15","7.97","56.96","0.01","0","0","0","0.1","8.58","74.12","1.01","10","0","12.71","76.98"
"M. Usor","Austria 1.","LASK","RW, CF, RAMF","23","0","2028-06-30","10","887","2","2","Nigeria","left","181","4.46","3.96","53.85","1.22","41.67","0","3.55","3.96","0.1","0.31","0","2.23","31.82","9.091","3.55","31.43","4.77","44.68","10.15","34","2.54","2.74","0.41","25.47","71.71","7.1","65.71","2.23","50","0.19","0.1","0.2","0","0.81","2.13","61.9","3.96","38.46","0.81","4.26","73.81"
"E. Havel","Austria 1.","Hartberg","CF, LW","22","500000","2027-06-30","11","887","5","1","Austria","right","184","2.74","2.84","67.86","3.55","25.71","0","0.78","3.65","0.41","0.56","0","3.25","56.25","15.625","0.61","33.33","3.25","50","8.22","34.57","3.45","1.52","0.41","9.23","61.54","2.44","29.17","0.71","42.86","0.08","0","0.2","0","0.2","0.61","16.67","0.61","16.67","0.3","1.01","60"
"G. Bello","Austria 1.","LASK","LB","23","2000000","","10","882","1","0","Nigeria","left","170","6.02","5.1","68","1.73","29.41","0.31","3.3","3.16","0.1","0.02","0","0.31","33.33","33.333","3.47","23.53","3.16","70.97","6.33","59.68","1.12","2.14","0.2","34.69","77.06","10.82","62.26","3.57","45.71","0.14","0","0","0","0.41","3.57","62.86","2.86","32.14","0.31","6.63","70.77"
"A. Stejskal","Austria 1.","WSG Swarovski Tirol","GK","23","500000","","9","880","0","0","Czech Republic","right","189","1.53","0.1","0","0.31","100","0","1.87","0","0","0","0","0","0","0","0","0","0","0","0","0","0","0.1","0","20.05","87.24","9.92","80.41","5.52","66.67","0","0","0","0","0","1.23","75","0","0","0","5.42","66.04"
"B. Böckle","Austria 1.","WSG Swarovski Tirol","LWB","23","400000","2027-06-30","9","880","2","2","Austria","left","185","6.85","4.7","47.83","1.53","40","0.2","6","2.15","0.2","0.07","0.1","0.82","50","25","2.76","40.74","1.13","54.55","2.15","42.86","1.02","1.43","0","35.8","67.43","11.86","59.48","7.06","46.38","0.1","0","0","0","0.51","4.6","53.33","4.3","42.86","0.92","9.72","64.21"
"J. Lawrence","Austria 1.","WSG Swarovski Tirol","CB, RCB","22","500000","2026-06-30","9","880","0","0","Germany","right","201","8.69","4.19","73.17","5.11","72","0.41","7.2","0.2","0","0.03","0","0.41","0","0","0","0","0.2","50","1.43","64.29","0.92","0.1","0.1","38.25","88.77","12.89","77.78","2.66","73.08","0.01","0","0.1","100","0","1.84","38.89","0.2","50","0.2","5.42","52.83"
"V. Müller","Austria 1.","WSG Swarovski Tirol","RCMF, LCMF","26","450000","2026-06-30","9","880","6","1","Austria","right","175","5.11","2.35","52.17","1.74","58.82","0.2","5.07","1.94","0.41","0.31","0","1.33","61.54","46.154","0.61","33.33","1.13","81.82","4.09","52.5","1.23","0.92","0","38.76","85.22","13.3","76.92","2.66","73.08","0.06","0.1","0","0","0.1","4.3","71.43","0.92","66.67","0.31","5.42","77.36"
"P. Greil","Austria 1.","Rheindorf Altach","AMF, LCMF, LAMF","29","500000","2028-06-30","11","879","2","0","Austria","right","184","3.58","3.28","53.13","1.64","43.75","0","2.68","1.84","0.2","0.23","0","2.35","39.13","8.696","1.95","31.58","1.54","20","4.71","30.43","2.15","0.61","0.1","30.92","80.13","8.81","70.93","1.95","47.37","0.1","0","0","0","0.2","3.69","66.67","2.25","59.09","0.82","4.81","85.11"
"E. Karic","Austria 1.","Sturm Graz","LB","28","1000000","2027-06-30","9","877","0","1","Austria","left","184","9.65","6.77","74.24","2.16","66.67","0.1","7.3","1.85","0","0.01","0","0.21","0","0","3.59","37.14","0.92","55.56","2.67","42.31","0.31","1.13","0","49.87","80.25","19.91","73.71","4.82","51.06","0.12","0","0","0","0.51","10.06","69.39","3.9","55.26","1.13","13.34","88.46"
"A. Andrade","Austria 1.","LASK","LCB, CB","27","2500000","","9","876","1","0","Panama","left","187","11.2","6.27","72.13","6.27","42.62","1.85","9.95","0.62","0.1","0.12","0.1","1.23","16.67","8.333","0.51","40","0.31","66.67","2.36","26.09","1.34","1.13","0","58.05","83.89","28.25","74.18","11.51","50","0.03","0","0","0","0.31","10.58","54.37","3.29","31.25","0.72","10.89","69.81"
"M. Taferner","Austria 1.","WSG Swarovski Tirol","LCMF, LWF","24","600000","","9","871","0","1","Austria","right","170","9.82","7.85","57.89","0.41","25","0.21","6.43","1.34","0","0.01","0","0.41","25","0","1.55","40","0.83","62.5","5.68","45.45","0.31","1.34","0","36.99","79.05","10.75","64.42","4.44","44.19","0.12","0","0.21","50","0.1","5.79","71.43","2.69","38.46","0.52","5.37","75"
"M. Mustapha","Austria 1.","Rheindorf Altach","CF, AMF, RAMF","24","900000","2027-06-30","10","845","0","2","Austria","right","185","3.09","2.34","59.09","2.56","20.83","0.43","2.54","1.81","0","0.21","0","0.96","44.44","0","0.43","50","1.92","44.44","7.78","43.84","2.45","0.96","0.11","12.14","72.81","2.98","57.14","0.21","50","0.16","0","0.32","100","0.75","1.17","72.73","1.17","54.55","0.75","1.28","83.33"
"M. Cissé","Austria 1.","LASK","RCB","20","0","","9","843","0","1","Senegal","","0","7.05","4.06","60.53","4.06","57.89","0.43","6.32","0.21","0","0.07","0","0.75","0","0","0.21","50","0.21","50","0.96","55.56","0.96","0.75","0","54.56","89.04","18.04","75.74","5.55","50","0.04","0","0","0","0.43","6.51","67.21","0.96","44.44","0.64","7.26","67.65"
"Tae-Seok Lee","Austria 1.","Austria Wien","LB, LWB","23","650000","2025-12-31","9","836","1","0","Korea Republic","left","174","7.32","5.49","50.98","1.61","53.33","0.11","5.65","2.26","0.11","0.09","0","1.51","35.71","7.143","3.01","32.14","1.08","60","2.58","58.33","0.97","2.15","0.11","35.74","67.47","16.26","53.64","6.78","42.86","0.02","0.11","0.11","100","0.22","6.89","56.25","4.09","36.84","0.54","9.37","64.37"
"J. Horn","Austria 1.","Rapid Wien","LB","28","1500000","","10","828","0","0","Germany","left","186","4.24","3.04","57.14","1.85","76.47","0.11","3.6","2.28","0","0","0","0.33","0","0","4.24","35.9","0.98","77.78","3.37","67.74","0.33","2.5","0.33","51.85","86.79","15.98","80.95","4.13","65.79","0.09","0","0","0","0.65","6.2","78.95","4.46","41.46","0.22","7.83","84.72"
"A. Bajić","Austria 1.","Ried","RWB, RB","30","400000","2027-06-30","9","821","0","2","Austria","right","183","7.13","5.26","54.17","2.52","47.83","0.11","5.33","3.18","0","0.08","0","0.66","33.33","0","2.85","50","2.08","63.16","7.13","47.69","1.53","1.53","0.11","26.09","64.29","9.54","55.17","4.28","38.46","0.2","0","0.22","100","0.55","3.07","53.57","3.29","63.33","1.43","6.91","73.02"
"D. Pines","Austria 1.","Grazer AK","CB","27","1700000","2026-06-30","9","820","0","0","United States","right","196","8.34","4.06","72.97","6.91","74.6","0.77","7.17","0.33","0","0.06","0","0.44","50","0","0","0","0.11","100","1.1","50","0.99","0.11","0","30.62","86.02","8.89","66.67","2.41","50","0","0","0","0","0.11","2.3","47.62","0.11","0","0.11","4.39","50"
"M. Boras","Austria 1.","WSG Swarovski Tirol","RCB, RB","24","600000","","9","812","0","1","Germany","right","199","9.42","5.32","64.58","4.88","54.55","0.55","7.76","0.55","0","0.04","0","0.33","66.67","0","0.55","60","0.11","0","1","44.44","0.78","0.55","0","43.12","79.95","19.29","68.97","10.31","64.52","0.03","0.22","0","0","0.22","9.09","62.2","1.33","25","0.11","12.52","73.45"
"T. Horvat","Austria 1.","Sturm Graz","RCMF, RAMF, AMF","26","5000000","","9","806","2","3","Slovenia","left","176","6.48","5.69","68.63","1.67","20","0.11","3.95","4.69","0.22","0.12","0","1.9","41.18","11.765","1.67","66.67","3.57","78.13","8.26","44.59","1.34","3.24","0.56","35.73","79.69","10.72","63.54","2.79","60","0.43","0.22","0.11","0","0.78","4.13","70.27","3.13","53.57","1.12","5.14","86.96"
"O. Diawara","Austria 1.","Rheindorf Altach","CF","26","0","","9","798","4","0","Mali","","187","3.61","2.58","45","9.53","32.43","0.26","3.45","2.83","0.13","0.37","0","2.19","41.18","11.765","0.77","16.67","2.96","56.52","12.88","30","4.12","1.42","0","12.1","72.34","2.19","41.18","0.26","100","0.07","0","0.13","100","0.13","0.9","85.71","1.03","50","0.77","0.9","57.14"
"B. Bolla","Austria 1.","Rapid Wien","RB","25","2000000","2027-06-30","9","794","0","0","Hungary","right","179","6.23","4.42","58.97","1.7","53.33","0.11","4.63","3.97","0","0.11","0","1.47","30.77","0","4.42","56.41","2.04","50","4.19","45.95","1.25","2.49","0.11","44.21","77.18","17.57","61.94","6.01","47.17","0.17","0.23","0.11","0","0.79","9.75","48.84","6.01","52.83","1.25","10.77","87.37"
"L. Vraa-Jensen","Austria 1.","Grazer AK","RCB","20","150000","","9","793","0","0","Denmark","right","0","6.13","4.09","61.11","3.86","44.12","0.34","4.72","0.34","0","0.02","0","0.11","0","0","0.45","50","0.11","100","0.34","33.33","0.34","0.57","0","36.2","79.31","17.7","67.31","7.94","50","0.02","0","0","0","0.11","5.56","53.06","1.02","22.22","0.23","8.06","64.79"
"A. Barry","Austria 1.","Austria Wien","RCMF, DMF","25","0","2026-05-31","9","792","2","1","Gambia","unknown","190","8.41","7.84","62.32","1.36","25","0.34","5.09","2.39","0.23","0.14","0","0.91","62.5","25","1.59","35.71","3.07","40.74","9.09","37.5","1.93","2.5","0.34","34.32","77.81","10","62.5","2.27","55","0.08","0.34","0.11","0","0.23","3.3","65.52","2.16","42.11","0.57","3.3","82.76"
"P. Wiesinger","Austria 1.","Austria Wien","LCB, CB","31","0","2026-06-30","9","781","0","0","Austria","both","181","10.26","6.8","61.02","4.15","61.11","0.58","8.44","0.23","0","0","0","0.23","0","0","0.23","100","0","0","1.04","33.33","0.58","1.15","0.12","41.95","85.44","19.94","76.88","6.22","46.3","0.02","0","0","0","0.12","7.03","65.57","1.27","36.36","0.35","9.56","75.9"
"N. Polster","Austria 1.","Wolfsberger AC","GK","23","250000","","8","780","0","0","Austria","right","188","2.08","0","0","0.81","100","0","2.9","0","0","0","0","0","0","0","0","0","0","0","0.35","100","0","0","0","34.27","88.89","15.58","77.78","10.62","68.48","0","0","0","0","0","4.15","61.11","0.12","100","0.12","7.62","81.82"
"D. Zukić","Austria 1.","Wolfsberger AC","AMF, RW, RCMF","24","2000000","2027-06-30","10","779","4","2","Serbia","right","181","3.93","2.89","60","1.73","26.67","0.58","2.94","3.12","0.23","0.4","0.12","2.08","50","22.222","1.27","36.36","2.08","66.67","6.24","44.44","3.23","2.54","0","26.8","81.47","6.7","72.41","0.58","80","0.43","0.12","0.35","66.67","1.16","2.43","71.43","2.2","57.89","1.85","3.93","73.53"
"A. Pašić","Austria 1.","Blau-Weiß Linz","RCMF, RCB","28","300000","","9","777","0","0","Slovenia","right","194","8.34","7.41","59.38","2.43","52.38","0.12","4.32","0.69","0","0.02","0","0.69","0","0","0.23","0","1.16","60","3.47","43.33","0.69","0.35","0","26.06","74.22","12.63","69.72","2.78","58.33","0","0.12","0.12","0","0","4.86","71.43","0.35","33.33","0.12","5.56","68.75"
"N. Wimmer","Austria 1.","Wolfsberger AC","LCB, LB","30","800000","2028-06-30","9","776","0","0","Austria","left","190","7.77","4.64","67.5","4.06","62.86","1.04","6.03","0.93","0","0","0","0.23","0","0","0.58","60","0.7","66.67","3.13","62.96","0.12","1.39","0.23","48.25","84.13","25.63","75.57","11.37","59.18","0","0","0.12","100","0","9.28","68.75","0.81","71.43","0.23","12.53","79.63"
"K. Mutandwa","Austria 1.","Ried","CF, LWF","22","0","","10","772","5","1","Zambia","right","180","3.61","3.26","53.57","8.28","38.03","0.23","2.68","2.45","0.47","0.44","0.23","3.03","38.46","19.231","0.35","66.67","2.22","47.37","8.16","21.43","2.91","0.58","0.23","11.66","75","2.45","33.33","0.47","50","0","0","0.23","0","0","1.05","33.33","0.58","40","0.7","1.17","40"
"J. Eggestein","Austria 1.","Austria Wien","CF, AMF","27","2000000","","10","769","3","3","Germany","right","183","2.46","2.57","59.09","5.85","30","0.23","1.21","1.87","0.23","0.21","0.12","1.52","38.46","23.077","2.46","23.81","1.17","60","9.6","20.73","3.75","1.05","0","23.99","71.71","5.27","62.22","1.05","22.22","0.13","0.12","0","0","0.82","2.11","61.11","2.34","55","0.82","3.04","73.08"
"Q. Butler","Austria 1.","WSG Swarovski Tirol","RWB, RW","24","200000","","9","758","0","1","United States","right","175","6.06","5.22","47.73","2.02","41.18","0","4.31","2.85","0","0.01","0","0.47","25","0","2.61","27.27","4.16","48.57","7.48","41.27","0.95","2.49","0.12","24.1","76.35","7.01","54.24","2.49","38.1","0.08","0","0","0","0.24","2.26","68.42","2.26","42.11","0.71","4.16","68.57"
"M. Grosse","Austria 1.","Ried","RWF, AMF, RW","26","400000","2026-06-30","9","756","3","0","Austria","left","184","4.52","4.17","65.71","1.9","62.5","0.12","2.41","2.02","0.12","0.24","0","2.14","22.22","16.667","0.83","14.29","2.5","57.14","6.43","42.59","0.71","1.31","0.24","24.76","72.12","9.88","61.45","2.62","31.82","0.32","0.24","0.24","0","0.12","5.36","64.44","3.33","35.71","0.95","4.88","73.17"
"D. Baumgartner","Austria 1.","Wolfsberger AC","RCB","29","800000","2026-06-30","8","756","0","1","Austria","right","188","9.76","6.79","57.89","4.52","68.42","0.24","7.27","0.36","0","0.04","0","0.36","0","0","0.36","33.33","0.48","50","1.9","50","0.6","1.43","0.12","51.9","85.32","26.31","76.92","7.62","46.88","0.03","0","0.12","0","0.36","9.76","68.29","0.83","28.57","0","10","83.33"
"O. Christensen","Austria 1.","Sturm Graz","GK","26","3000000","2028-06-30","8","755","0","0","Denmark","right","190","1.79","0","0","1.31","100","0","3","0","0","0","0","0","0","0","0","0","0","0","0.12","100","0","0","0","20.86","85.14","10.73","74.44","6.32","60.38","0","0","0","0","0","2.5","61.9","0.24","0","0","5.13","65.12"
"J. Antiste","Austria 1.","Rapid Wien","CF, AMF","23","1900000","2026-06-30","9","753","1","1","France","right","183","2.87","1.91","62.5","4.54","52.63","0","2.5","1.31","0.12","0.24","0","1.55","30.77","7.692","1.08","33.33","0.72","66.67","4.42","27.03","4.18","0.96","0.12","24.02","77.61","4.78","65","0.84","42.86","0.08","0","0","0","0.48","1.67","64.29","2.27","42.11","1.67","3.35","67.86"
"E. Aiwu","Austria 1.","Sturm Graz","RCB","24","3000000","2028-06-30","8","746","0","0","Austria","right","185","5.79","3.74","70.97","3.26","55.56","0.48","5.1","0","0","0.04","0","0.36","0","0","0","0","0","0","0.72","66.67","0.24","1.21","0","35.35","92.49","13.87","86.09","3.86","65.63","0","0","0","0","0","4.1","91.18","0.36","66.67","0.24","6.88","80.7"
"T. Goiginger","Austria 1.","Blau-Weiß Linz","AMF, RWF, CF","32","400000","2026-06-30","10","740","1","1","Austria","right","181","4.38","4.5","56.76","1.82","13.33","0","2.12","1.7","0.12","0.06","0","0.73","16.67","16.667","2.07","29.41","1.95","50","6.57","24.07","1.7","1.46","0.12","21.89","78.33","6.08","74","1.58","61.54","0.16","0","0","0","0.36","1.95","68.75","2.92","37.5","0.85","3.28","85.19"
"T. Chukwuani","Austria 1.","Sturm Graz","LCMF, LAMF, LDMF","22","1500000","2028-06-30","8","739","1","0","Denmark","right","187","7.06","5.24","65.12","3.29","48.15","0.12","5.28","1.58","0.12","0.08","0.12","1.22","20","10","0.85","42.86","1.22","80","4.99","58.54","1.71","1.22","0","42.63","85.43","15.22","75.2","3.04","52","0.04","0","0","0","0.37","5.6","78.26","2.07","64.71","1.22","6.09","82"
"J. Heil","Austria 1.","Hartberg","RCMF, RB","28","900000","2026-06-30","9","738","0","1","Austria","right","176","10.49","8.41","59.42","1.71","7.14","0.12","4.92","1.95","0","0.03","0","0.98","37.5","0","1.46","16.67","1.95","56.25","5.37","50","1.34","0.49","0","31.95","72.52","12.68","54.81","4.63","50","0.11","0.12","0.49","50","0.73","5.61","54.35","2.93","54.17","1.71","6.71","63.64"
"T. Cipot","Austria 1.","Grazer AK","AMF, CF, LWF","22","600000","2026-06-30","11","736","1","0","Slovenia","right","176","2.32","2.45","60","1.35","45.45","0.12","0.99","3.3","0.12","0.32","0","2.2","38.89","5.556","1.22","30","3.18","65.38","9.05","37.84","2.08","1.35","0.24","13.7","66.07","3.67","46.67","1.35","27.27","0.03","0","0.24","0","0","1.35","36.36","2.08","29.41","0.24","2.2","33.33"
"R. Harakate","Austria 1.","Grazer AK","AMF, CF, RWF","23","100000","","10","734","1","1","France","","0","3.19","3.92","59.38","3.31","7.41","0.12","1.02","3.43","0.12","0.15","0","1.59","23.08","7.692","2.45","20","4.66","55.26","11.65","32.63","2.08","2.57","0.37","19.86","64.2","5.03","41.46","2.08","29.41","0.21","0","0.12","0","0.49","3.07","40","3.31","37.04","0.61","2.33","78.95"
"M. Malone","Austria 1.","Sturm Graz","CF, AMF","25","1000000","2027-06-30","10","728","1","1","Germany","left","186","2.23","1.73","50","5.69","36.96","0.25","2.26","4.33","0.12","0.49","0","3.34","44.44","3.704","1.85","33.33","4.2","52.94","11.13","36.67","5.19","2.23","0.12","18.42","73.83","3.46","57.14","0.49","50","0.05","0","0","0","0.37","0.62","60","1.73","57.14","1.36","2.23","77.78"
"N. Cvetković","Austria 1.","Rapid Wien","RCB","29","900000","","8","718","1","0","Serbia","right","195","9.53","5.52","79.55","5.26","61.9","0.63","8.31","0.5","0.13","0.06","0","0.38","66.67","33.333","0.13","100","0.13","100","1.13","33.33","0.88","1","0","56.41","88.89","22.06","77.27","7.77","51.61","0","0","0","0","0.13","9.4","65.33","1.5","33.33","0.63","9.28","75.68"
"J. Gorenc Stankovič","Austria 1.","Sturm Graz","DMF","29","4500000","2027-06-30","8","716","0","0","Slovenia","right","190","10.06","5.53","63.64","6.66","43.4","0.63","9.49","0.75","0","0.17","0","1.01","50","0","0.13","100","0.5","25","2.39","42.11","0.88","0.13","0","36.45","77.59","15.84","69.05","5.15","53.66","0","0","0","0","0.13","7.42","72.88","1.38","18.18","0.13","7.16","78.95"
"A. Schöpf","Austria 1.","Wolfsberger AC","LCMF, RCMF","31","1200000","","9","712","3","2","Austria","right","178","5.56","3.54","39.29","1.64","23.08","0.51","4.95","1.77","0.38","0.24","0","1.39","45.45","27.273","0.63","40","1.39","63.64","5.81","45.65","2.28","1.52","0.76","43.74","84.39","13.4","67.92","1.77","71.43","0.07","0.13","0","0","0.63","5.31","61.9","1.64","76.92","1.77","4.3","82.35"
"M. Bidstrup","Austria 1.","Salzburg","RDMF, RCMF, DMF","24","9000000","2029-06-30","8","708","0","0","Denmark","right","175","9.28","6.99","69.09","1.27","80","0","7.86","1.02","0","0.01","0","0.51","0","0","0.64","100","1.14","22.22","5.34","38.1","0.25","0.64","0.13","55.55","88.79","15.51","66.39","3.94","45.16","0.01","0","0.13","100","0.13","7.25","78.95","1.53","58.33","0.25","5.97","76.6"
"P. Ratkov","Austria 1.","Salzburg","CF","22","5000000","2028-06-30","10","704","6","2","Serbia","right","193","2.1","1.31","30","7.22","38.18","0","2.95","2.23","0.52","0.56","0.13","2.89","40.91","27.273","0.52","25","1.57","58.33","6.03","26.09","3.94","0.13","0","11.94","79.12","1.31","60","0.52","75","0.02","0","0","0","0.26","0.66","40","0.92","57.14","0.79","0.66","40"
"A. Dragović","Austria 1.","Austria Wien","CB, RCB","34","2500000","2027-06-30","8","698","0","0","Austria","right","186","6.19","2.58","75","3.48","55.56","0.13","5.78","0","0","0.01","0","0.39","0","0","0.13","0","0","0","0.52","0","0.26","0.77","0","51.06","90.4","19.6","78.95","5.8","55.56","0","0","0","0","0","6.45","76","0.64","20","0.13","7.22","69.64"
"T. Sabitzer","Austria 1.","WSG Swarovski Tirol","AMF, LWF, LW","25","400000","2026-06-30","9","696","0","1","Austria","right","182","3.1","2.72","61.9","2.59","50","0.13","1.5","1.03","0","0.05","0","0.78","16.67","0","0.65","40","1.16","44.44","7.63","40.68","2.2","1.16","0.13","22.24","83.14","4.53","71.43","0.78","83.33","0.08","0.13","0.13","100","0.52","1.42","63.64","1.16","66.67","1.03","2.46","73.68"
"M. Wels","Austria 1.","WSG Swarovski Tirol","RWF, AMF, RCMF","21","500000","2026-06-30","8","689","3","0","Austria","left","186","4.05","5.09","48.72","3.53","44.44","0.13","2.12","1.7","0.39","0.32","0","1.57","41.67","25","1.18","33.33","1.7","38.46","5.62","30.23","2.74","2.09","0.26","16.72","75.78","4.18","62.5","0.52","25","0.02","0.13","0.13","0","0","1.7","61.54","1.83","42.86","0.39","2.09","75"
"C. M'Buyi","Austria 1.","Rapid Wien","CF, AMF","26","300000","2026-06-30","10","684","3","2","Congo DR","right","184","3.95","2.11","62.5","10.53","53.75","0.13","4.38","2.63","0.26","0.66","0","2.89","68.18","13.636","0.53","50","0.39","100","7.37","23.21","5.13","0.66","0","16.97","79.84","2.5","68.42","0.13","0","0.14","0.26","0","0","0.66","1.05","50","0.66","40","0.53","0.53","75"
"S. Adeniran","Austria 1.","LASK","CF","27","1500000","","10","674","2","0","United States","left","196","2.94","2.67","45","7.74","46.55","0","2.59","2.54","0.27","0.42","0.13","2.8","28.57","9.524","1.2","22.22","2.67","55","8.01","26.67","4.27","2.14","0.4","10.42","64.1","2.67","45","0.4","33.33","0.02","0.13","0","0","0.27","1.34","30","0.93","28.57","0.53","1.2","55.56"
"D. Radonjic","Austria 1.","Austria Wien","RCB, LCB, RB","20","0","","8","662","1","0","Austria","","0","8.56","5.98","79.55","7.48","45.45","0.27","5","0.27","0.14","0.07","0.14","0.82","33.33","16.667","0.14","0","0.14","0","1.9","35.71","1.09","0.27","0","34.12","83.27","13.87","63.73","5.44","40","0","0","0","0","0","5.44","62.5","0.27","50","0.27","5.44","60"
"J. Gadou","Austria 1.","Salzburg","RCB","18","0","","8","653","0","0","France","right","195","9.56","7.27","70.59","4.71","45.45","0.29","7.14","0","0","0","0","0","0","0","0","0","0.14","0","1.71","16.67","0","1.85","0.14","59.62","89.47","25.25","83.62","2.28","50","0","0.14","0","0","0","8.27","81.03","0.57","25","0.14","8.99","73.02"
"D. Maderner","Austria 1.","Grazer AK","CF","30","450000","2027-06-30","11","651","3","0","Austria","right","190","3.73","2.9","38.1","5.12","40.54","0.28","3.83","1.24","0.28","0.43","0.14","1.38","50","30","0.41","33.33","0.83","50","4.15","30","2.49","0.41","0","10.65","55.84","2.76","45","1.52","45.45","0.04","0.14","0","0","0.14","1.94","35.71","0.97","57.14","0.69","1.38","70"
"C. Diabate","Austria 1.","Wolfsberger AC","CB, LCB, RCB","21","0","2027-06-30","9","649","0","0","Côte d'Ivoire","right","188","11.65","7.07","74.51","2.36","35.29","0.28","8.96","0.42","0","0","0","0.14","0","0","0.28","50","0.28","100","2.22","31.25","0.14","0.55","0.14","55.75","90.55","17.33","80.8","3.74","55.56","0","0","0","0","0","3.61","65.38","0.69","60","0.28","6.8","57.14"
"A. Gattermayer","Austria 1.","Wolfsberger AC","CF","23","200000","2026-06-30","10","639","1","1","Austria","right","182","2.39","2.54","66.67","4.37","35.48","0","0.89","2.68","0.14","0.25","0","1.27","22.22","11.111","1.69","41.67","3.38","50","11.27","37.5","3.66","1.13","0.42","16.62","75.42","3.1","68.18","0.7","60","0.14","0.28","0.14","0","0.42","0.85","50","1.97","50","1.27","1.55","81.82"
"M. Hoffmann","Austria 1.","Hartberg","CF","21","0","","11","638","2","0","Austria","unknown","0","3.95","4.37","41.94","7.76","18.18","0","2.12","3.24","0.28","0.58","0","2.4","41.18","11.765","1.27","55.56","3.1","50","12.98","28.26","3.1","1.41","0.56","18.48","59.54","5.64","32.5","1.97","42.86","0.12","0.14","0.14","0","0.42","3.24","34.78","2.12","26.67","0.99","3.39","58.33"
"K. Alajbegović","Austria 1.","Salzburg","LW, LAMF, RW","18","0","2029-06-30","10","633","2","1","Germany","right","0","4.24","3.75","56.52","0.33","50","0","3.2","8.97","0.33","0.21","0","4.73","41.38","6.897","3.42","28.57","8.64","67.92","18.75","53.04","2.77","5.71","0.82","44.35","77.57","14.67","70","2.61","37.5","0.15","0.33","0.65","25","0.49","5.71","71.43","4.4","55.56","1.14","6.03","86.49"
"I. Coulibaly","Austria 1.","LASK","RCMF, LDMF","24","1000000","","8","624","0","0","Mali","right","183","5.91","4.33","46.67","2.16","66.67","0.58","5.11","0.58","0","0.02","0","0.72","40","0","0.29","0","0.72","40","2.16","33.33","0","0.29","0","48.75","91.42","9.66","80.6","1.59","45.45","0.02","0","0","0","0","6.2","83.72","0.29","50","0.29","3.61","84"
"C. Nwaiwu","Austria 1.","Wolfsberger AC","CB, LCB","22","0","2027-06-30","7","616","0","0","Nigeria","","0","11.1","5.84","70","2.48","58.82","0.58","8.2","0.88","0","0.05","0","0.44","0","0","0.15","100","0.88","83.33","3.36","65.22","0.29","0.44","0","58.88","89.83","17.09","72.65","3.51","50","0","0","0","0","0","2.92","45","0.44","66.67","0","5.99","58.54"
"L. Jäger","Austria 1.","Rheindorf Altach","RCB, DMF, RCMF","31","450000","","7","615","0","0","Austria","right","183","7.02","3.8","73.08","3.22","40.91","0.44","6.46","0.15","0","0","0","0","0","0","0.44","33.33","0.29","0","1.32","22.22","0.59","0.44","0","41.85","80.42","16.39","62.5","4.54","38.71","0","0","0","0","0","6.44","63.64","0.44","33.33","0.44","6","70.73"
"J. Mayer","Austria 1.","Ried","LCMF","21","0","2028-06-30","8","614","0","0","Austria","right","0","6.16","5.13","51.43","2.2","26.67","0.15","5.26","0.15","0","0.05","0","0.59","0","0","0.29","50","0.88","0","2.79","15.79","0.88","0.15","0.15","24.63","71.43","7.92","51.85","3.81","50","0.04","0","0","0","0.29","4.1","57.14","1.61","45.45","1.03","3.22","63.64"
"M. Şatin","Austria 1.","Grazer AK","RCMF, RWB","29","300000","2026-06-30","9","600","0","1","Austria","right","177","5.85","4.35","62.07","1.5","20","0.3","4.09","1.65","0","0.02","0","1.35","22.22","0","2.85","26.32","0.75","80","3.6","37.5","1.35","0.6","0","36.9","74.39","12.6","58.33","5.7","42.11","0.18","0","0","0","0.3","5.85","53.85","2.4","37.5","0.6","5.85","71.79"
"S. Fofana","Austria 1.","Grazer AK","LCMF, DMF","22","500000","2027-06-30","9","599","0","0","Germany","right","192","8.56","7.06","63.83","3.31","40.91","0.15","5.63","0.15","0","0","0","0","0","0","0.15","0","0.3","50","2.85","26.32","0","0.15","0","28.1","70.59","10.97","46.58","5.11","26.47","0","0","0","0","0","5.86","43.59","1.35","0","0","4.21","42.86"
"M. Sarkaria","Austria 1.","Austria Wien","RWF, RCMF, LCMF","29","2500000","","10","597","1","2","Austria","left","180","4.67","4.07","55.56","4.37","24.14","0","2.54","0.9","0.15","0.09","0.15","0.75","60","20","1.66","18.18","0.9","16.67","4.97","15.15","1.66","0.9","0","29.1","68.91","9.2","47.54","1.66","36.36","0.22","0","0","0","0.75","4.07","59.26","2.56","29.41","1.06","3.47","73.91"
"D. Gugganig","Austria 1.","WSG Swarovski Tirol","LCB","28","300000","","7","594","0","0","Austria","left","192","7.88","5","72.73","6.36","42.86","0","5.19","0.15","0","0.04","0","0.3","0","0","0.15","0","0.15","100","0.76","60","1.06","0.15","0","48.94","80.5","26.06","70.93","10.61","51.43","0.02","0","0","0","0.15","9.24","52.46","0.61","25","0.3","10.76","74.65"
"T. Oermann","Austria 1.","Sturm Graz","RB, RCB","22","4000000","","8","590","0","0","Germany","right","187","8.85","6.56","53.49","3.2","52.38","1.07","7.27","1.22","0","0.02","0","0.31","0","0","0.92","50","1.07","71.43","3.66","45.83","0.15","2.29","0.31","37.53","80.08","17.24","68.14","5.64","40.54","0.04","0","0","0","0","7.17","63.83","1.37","55.56","0.31","9.76","68.75"
"M. Kjærgaard","Austria 1.","Salzburg","LAMF, AMF, LCMF","22","13000000","2028-06-30","8","587","1","3","Denmark","left","192","3.68","2.76","55.56","0.46","33.33","0.15","4.12","2.91","0.15","0.16","0","2.45","37.5","6.25","2.45","37.5","1.38","77.78","5.21","50","2.61","2.76","0.77","51.82","80.18","17.17","73.21","3.68","45.83","0.29","0","0","0","0.77","8.28","77.78","3.68","50","1.23","7.97","71.15"
"V. Berisha","Austria 1.","LASK","LWF, RDMF, RCMF","32","1000000","2026-06-30","9","586","0","0","Sweden","right","176","7.68","5.07","63.64","2.3","26.67","0","6.77","0.61","0","0.04","0","0.46","33.33","0","1.23","25","0.31","50","3.69","33.33","0.77","1.08","0.15","49.61","87","13.05","77.65","4.76","83.87","0.09","0","0.15","0","0.15","5.38","82.86","2.15","50","0.46","5.22","70.59"
"S. Seidl","Austria 1.","Blau-Weiß Linz","AMF, RWB, RCMF","23","0","2027-06-30","7","585","2","1","Austria","right","176","5.08","4.92","56.25","2.31","40","0.46","2.96","2.46","0.31","0.07","0","1.08","28.57","28.571","1.85","25","2.31","53.33","9.85","35.94","1.54","2.15","0.31","34.62","77.33","9.69","65.08","2.46","50","0.11","0.15","0.62","75","0.46","3.69","66.67","2.92","36.84","0.77","4.62","73.33"
"M. Pink","Austria 1.","Wolfsberger AC","CF","34","350000","2026-06-30","9","580","6","0","Austria","right","188","2.33","1.86","50","4.03","42.31","0.31","1.88","1.4","0.93","0.3","0","2.02","53.85","46.154","0","0","0.62","50","4.97","50","2.48","0","0","12.72","70.73","3.41","40.91","0.62","25","0.02","0","0.16","0","0.16","1.09","71.43","0.47","66.67","0.47","1.09","57.14"
"A. Van Wyk","Austria 1.","Ried","LWF, LW, CF","23","0","","9","572","1","1","South Africa","right","178","4.41","2.67","64.71","3.15","10","0.16","3.9","4.25","0.16","0.2","0","2.05","53.85","7.692","1.89","33.33","4.41","57.14","10.38","42.42","2.52","2.99","0.63","17.94","73.68","3.46","45.45","0.94","50","0.22","0","0","0","0.31","2.05","46.15","2.2","50","0.94","2.05","84.62"
"K. Daněk","Austria 1.","LASK","AMF, CF, RCMF","22","1000000","2026-06-30","11","570","1","1","Czech Republic","left","182","5.05","4.58","48.28","1.11","57.14","0","4.03","1.74","0.16","0.19","0","0.95","16.67","16.667","1.58","40","1.89","50","6.32","35","1.74","2.37","0.47","27.79","82.39","7.26","71.74","1.42","33.33","0.17","0.32","0","0","0.79","2.37","66.67","2.21","50","0.63","3.32","80.95"
"M. Moormann","Austria 1.","Blau-Weiß Linz","LCB","24","400000","2026-06-30","7","562","0","0","Austria","left","185","9.61","5.77","72.22","4.16","53.85","0.64","6.28","0.8","0","0","0","0.16","0","0","0.64","75","0.32","100","1.12","57.14","0.16","0.64","0","54.61","78.59","26.1","68.1","10.09","38.1","0","0","0","0","0","10.41","49.23","2.08","30.77","0.32","12.01","76"
"O. Kiteishvili","Austria 1.","Sturm Graz","AMF, CF","29","5000000","2027-06-30","7","558","5","1","Georgia","right","173","4.84","4.68","58.62","1.94","25","0.16","3.12","2.42","0.48","0.52","0","2.74","35.29","29.412","0.81","0","1.94","58.33","7.9","57.14","2.58","1.29","0.32","44.52","83.7","14.19","72.73","2.42","73.33","0.22","0.16","0.97","33.33","0.81","6.29","64.1","3.06","68.42","2.58","5.32","93.94"
"T. Anselm","Austria 1.","WSG Swarovski Tirol","CF, RWF","25","250000","","9","543","1","0","Austria","right","186","2.49","1.49","55.56","5.3","18.75","0.33","2.16","1.49","0.17","0.21","0.17","1.99","33.33","8.333","0.83","0","1.66","50","6.3","26.32","3.65","0.99","0.33","12.6","69.74","1.66","50","0.5","66.67","0.01","0","0.17","0","0.17","0.83","80","0.66","25","0.5","1.82","36.36"
"S. Šaljić","Austria 1.","Austria Wien","LWF, LW, LCMF","19","0","2028-06-30","10","538","0","2","Austria","left","177","5.35","6.36","55.26","2.34","21.43","0","2.54","3.51","0","0.11","0","2.34","7.14","0","1.34","25","4.52","62.96","11.54","47.83","2.34","2.34","0.33","20.24","71.9","6.52","74.36","1.17","42.86","0.22","0","0.17","100","0.67","2.68","75","2.01","58.33","1","4.01","62.5"
"Alemão","Austria 1.","LASK","LCB, CB, RCB","22","0","2027-06-30","6","534","1","0","Brazil","right","194","8.6","4.72","75","6.07","55.56","0.84","7.36","0.51","0.17","0.12","0","1.01","50","16.667","0.17","0","0","0","1.01","66.67","1.85","0.67","0.17","56.46","91.34","20.06","83.19","3.37","45","0","0","0","0","0","5.06","76.67","0.17","100","0","8.09","75"
"M. Seidl","Austria 1.","Rapid Wien","RDMF, LDMF, CF","24","2500000","2027-06-30","8","526","0","1","Austria","right","175","9.24","7.36","62.79","2.74","43.75","0.51","6.32","1.71","0","0.26","0","1.54","22.22","0","1.37","50","1.03","66.67","4.28","48","2.57","0.68","0.34","42.09","83.33","12.49","69.86","2.91","58.82","0.11","0","0","0","0.34","5.82","73.53","2.05","50","1.03","6.67","76.92"
"B. Matić","Austria 1.","Wolfsberger AC","RWB, RB","21","0","","6","525","0","2","Serbia","unknown","0","13.03","8.06","70.21","1.89","36.36","0.17","8.66","2.57","0","0","0","0.17","0","0","2.57","53.33","1.71","70","3.94","43.48","0.86","1.37","0.17","39.77","72.41","15.6","61.54","3.77","68.18","0.16","0.17","0","0","1.03","4.29","72","2.4","42.86","0.34","9.43","63.64"
"D. Kovačević","Austria 1.","Hartberg","RB","21","0","2026-06-30","9","525","0","0","Austria","","0","8.91","6.86","65","1.2","14.29","0.34","3.95","2.4","0","0","0","0","0","0","1.37","37.5","4.11","45.83","6.17","44.44","1.2","2.23","0.34","21.94","61.72","8.91","44.23","2.06","33.33","0.05","0","0","0","0.34","1.71","30","1.71","50","0.51","5.49","46.88"
"Y. Vertessen","Austria 1.","Salzburg","CF, LAMF","24","5000000","2028-06-30","9","514","4","0","Belgium","right","174","3.74","3.74","66.67","2.5","57.14","0.18","2.21","3.74","0.71","0.33","0.18","2.14","50","33.333","0.89","60","3.92","54.55","9.62","46.3","5.52","1.43","0.18","18.71","76.19","2.32","69.23","0.18","100","0.18","0.18","0","0","1.07","1.43","87.5","1.07","83.33","1.43","1.6","66.67"
"C. Cvetko","Austria 1.","Blau-Weiß Linz","LCMF, DMF","28","750000","","8","512","0","0","Austria","left","183","7.21","5.8","57.58","2.64","46.67","0.18","3.95","0.35","0","0.06","0","0.88","0","0","0.35","50","0.18","100","1.23","42.86","0.18","0.18","0","28.48","69.14","11.6","42.42","5.45","29.03","0.01","0","0","0","0","6.5","45.95","0.7","25","0.18","6.33","52.78"
"S. Jatta","Austria 1.","Sturm Graz","CF","22","2000000","2027-06-30","9","512","3","0","Norway","right","182","2.64","2.29","38.46","5.98","35.29","0.35","2.6","2.64","0.53","0.51","0.18","2.29","46.15","23.077","1.23","28.57","3.16","38.89","11.78","22.39","4.75","1.05","0.35","9.49","53.7","1.05","33.33","0.18","0","0.01","0.35","0","0","0","0.35","50","1.05","0","0.18","0.35","0"
"L. Grgić","Austria 1.","Sturm Graz","CF, LAMF, RWF","19","0","","9","507","2","0","Austria","right","189","5.33","4.08","69.57","7.28","26.83","0","3.61","3.55","0.36","0.76","0.18","3.91","40.91","9.091","1.78","10","2.84","62.5","7.63","37.21","5.68","1.07","0.18","12.96","54.79","2.31","38.46","0.36","50","0.14","0","0","0","0.18","1.42","37.5","0.53","0","0.36","0.89","40"
"S. Diabaté","Austria 1.","Salzburg","LDMF, LCMF, RCMF","20","0","2027-06-30","9","505","2","0","Mali","right","168","6.65","3.77","64.71","2.44","63.64","0.22","6.84","1.33","0.44","0.15","0","1.11","40","40","0.89","50","0.89","50","4.21","31.58","0.89","0.67","0","52.98","92.05","18.62","89.29","2.22","70","0.02","0.22","0","0","0.67","8.65","87.18","1.77","62.5","1.11","7.54","85.29"
"S. Piesinger","Austria 1.","Wolfsberger AC","RCMF, DMF, LCMF","33","0","","8","487","0","0","Austria","right","196","8.32","5.54","56.67","3.33","50","0.55","6.53","0.18","0","0.18","0","1.29","0","0","0.37","0","0.18","100","1.29","28.57","1.11","0","0","35.3","75.92","14.97","67.9","3.33","61.11","0","0","0","0","0.18","6.84","64.86","1.66","44.44","0.92","7.39","72.5"
"A. Radulović","Austria 1.","Rapid Wien","RAMF, RW, LAMF","23","2500000","2029-06-30","9","483","1","1","Montenegro","right","175","6.34","4.84","50","2.42","46.15","0","5.38","2.05","0.19","0.16","0","2.24","41.67","8.333","1.49","12.5","2.98","31.25","6.15","27.27","2.61","1.68","0.37","20.5","72.73","6.15","57.58","1.12","50","0.18","0","0.19","0","0","1.68","55.56","1.86","40","0.37","2.61","28.57"
"M. Fillafer","Austria 1.","Hartberg","RB, RWB","20","0","2026-06-30","8","483","1","0","Austria","","188","8.76","7.64","53.66","1.3","14.29","0","4.81","1.49","0.19","0.09","0","0.37","50","50","0.93","40","2.42","38.46","7.08","23.68","1.3","0.37","0","16.96","58.24","5.4","48.28","3.54","42.11","0.04","0","0","0","0.19","1.68","11.11","0.93","40","0.75","3.91","38.1"
"Anderson","Austria 1.","Blau-Weiß Linz","RWB, RB","27","500000","2028-06-30","6","475","0","1","Brazil","right","184","7.39","6.44","55.88","3.6","52.63","0","3.62","1.89","0","0.03","0","0.57","33.33","0","3.6","36.84","0.76","50","3.22","23.53","1.33","0.57","0.19","25.2","66.17","7.58","55","4.36","47.83","0.02","0","0","0","0.19","2.84","66.67","2.27","41.67","0.38","6.06","65.63"
"E. Baidoo","Austria 1.","Salzburg","CF, RAMF, LAMF","19","0","","9","473","1","1","Ghana","right","174","2.36","4.48","47.37","1.18","20","0","0.42","5.42","0.24","0.65","0.24","3.53","53.33","6.667","2.83","25","5.89","44","12.25","36.54","6.13","4.95","0.47","26.39","75.89","5.89","64","0.94","25","0.11","0","0.24","100","0.71","1.18","80","2.83","50","2.12","2.36","90"
"M. Bogarde","Austria 1.","LASK","LCB, DMF, RCB","23","400000","2028-05-31","7","472","0","0","Netherlands","right","182","9.53","6.29","63.64","2.86","73.33","0.38","7.21","0.38","0","0.02","0","0.19","0","0","0","0","0.95","40","2.86","46.67","0.19","1.72","0","52.44","89.82","22.31","82.91","3.05","43.75","0","0","0","0","0","8.96","87.23","1.33","28.57","0.38","9.15","75"
"N. Wurmbrand","Austria 1.","Rapid Wien","RAMF, LW","19","0","2028-06-30","8","464","3","0","Austria","both","173","4.66","3.1","56.25","2.13","36.36","0","4.46","6.59","0.58","0.27","0","1.94","70","30","3.69","42.11","6.01","61.29","12.41","48.44","3.69","3.1","1.16","15.32","55.7","5.63","58.62","0.39","0","0.26","0","0","0","1.16","0.39","50","1.94","70","0.97","3.3","70.59"
"F. Wohlmuth","Austria 1.","Wolfsberger AC","RWB, RB","23","400000","2026-06-30","7","455","0","0","Austria","right","188","4.75","3.96","45","4.15","42.86","0.2","3.53","1.78","0","0.08","0","0.99","40","0","4.15","19.05","0.99","60","3.16","56.25","1.98","0.99","0","36.99","70.05","10.09","60.78","5.34","44.44","0.06","0","0","0","0.59","4.15","52.38","3.16","43.75","0.59","8.31","64.29"
"N. Botić","Austria 1.","Austria Wien","CF, RWF","23","350000","","10","437","3","1","Australia","right","183","2.47","2.68","53.85","7.21","25.71","0","1.53","2.27","0.62","0.45","0","2.47","50","25","2.47","25","1.44","28.57","3.3","25","5.15","0.82","0.21","16.89","70.73","3.3","62.5","0.21","0","0.06","0","0","0","0.21","0.82","50","2.06","40","0.41","1.24","100"
"A. Hofleitner","Austria 1.","Grazer AK","CF, AMF","25","0","","10","436","0","1","Austria","","196","5.37","3.72","66.67","9.91","54.17","0.21","3.08","0.62","0","0.04","0","0.62","33.33","0","1.03","20","0.41","50","4.33","33.33","1.65","0.41","0","11.56","57.14","3.72","55.56","0.62","100","0.04","0","0","0","0.21","1.03","60","0.62","0","0","1.44","71.43"
"M. Entrup","Austria 1.","LASK","CF","28","2000000","2029-06-30","9","431","0","1","Austria","right","186","2.3","2.09","60","2.51","50","0","1.6","0.63","0","0.15","0","1.46","42.86","0","0.21","0","0.21","0","4.59","27.27","2.51","0.21","0","16.08","76.62","5.01","58.33","1.46","71.43","0.07","0","0","0","0.42","1.46","42.86","0.84","75","1.04","0.84","50"
"Ronivaldo","Austria 1.","Blau-Weiß Linz","CF, AMF","36","350000","","8","428","2","0","Brazil","right","173","3.15","2.31","45.45","7.78","54.05","0","2.44","1.05","0.42","0.16","0.42","1.05","40","40","0.21","0","0.42","100","3.57","35.29","1.89","0.63","0","24.81","57.63","6.1","37.93","1.68","37.5","0.02","0","0.63","33.33","0.21","3.15","46.67","1.68","62.5","1.26","2.94","50"
"F. Krätzig","Austria 1.","Salzburg","LB","22","2000000","2027-06-30","5","407","0","1","Germany","left","177","7.89","6.14","47.62","1.17","0","0","7.62","3.21","0","0.03","0","0.29","0","0","2.92","50","1.75","100","4.97","64.71","2.05","4.97","1.17","53.18","78.02","21.62","64.86","6.43","36.36","0.05","0.29","0","0","0.88","6.72","52.17","5.84","30","0.88","11.1","71.05"
"P. Dahl","Austria 1.","Rapid Wien","LAMF, LW","21","0","2028-06-30","5","406","2","2","Norway","right","180","5.54","5.32","50","2.22","30","0","4.11","6.65","0.44","0.48","0.22","2.66","25","16.667","2","44.44","9.53","53.49","15.96","38.89","5.1","5.32","0.44","24.83","75.89","6.65","63.33","1.11","60","0.19","0.22","0.22","0","1.11","1.55","57.14","2.88","69.23","2","4.21","78.95"
"P. Mensah","Austria 1.","Blau-Weiß Linz","CF, AMF","26","400000","2026-06-30","8","398","0","2","Ghana","right","178","2.94","2.71","75","5.65","36","0","1.02","1.13","0","0.2","0","1.58","14.29","0","1.58","28.57","1.36","33.33","10.4","26.09","2.94","0.68","0","17.41","71.43","3.39","60","0.9","25","0.16","0","0","0","0.45","0.9","25","1.58","28.57","0.45","1.58","85.71"
"S. Weissman","Austria 1.","Blau-Weiß Linz","AMF, CF","29","1700000","","5","398","4","0","Israel","right","174","3.84","3.17","57.14","4.75","19.05","0.23","1.73","1.81","0.68","0.69","0","2.94","46.15","30.769","0","0","0.23","100","7.46","39.39","2.71","0.45","0","18.32","76.54","4.75","66.67","1.36","83.33","0.1","0.23","0.23","100","0.23","1.81","50","1.36","50","1.13","2.94","46.15"
"S. Nesler-Täubl","Austria 2.","Austria Salzburg","GK","20","0","2026-06-30","11","1064","0","0","Austria","left","187","2.11","0.34","75","0.34","75","0","2.87","0","0","0","0","0","0","0","0","0","0","0","0.08","100","0","0","0","28","84.59","14.21","72.62","7.95","55.32","0","0","0","0","0","2.54","43.33","0.34","0","0","5.92","68.57"
"L. Meisl","Austria 2.","Austria Salzburg","LCB","26","300000","","11","1064","0","0","Austria","right","184","8.46","6.26","67.57","5.33","49.21","0.59","6.26","0.51","0","0.01","0","0.34","50","0","0.17","100","0.25","33.33","1.35","56.25","0.42","1.61","0.08","52.87","84.32","27.49","76.62","11","65.38","0.04","0","0.08","100","0.08","8.04","67.37","1.1","46.15","0.51","15.14","75.42"
"B. Unger","Austria 2.","First Vienna","GK","26","100000","2026-06-30","11","1061","0","0","Austria","right","190","2.38","0.17","100","0.51","100","0","3","0","0","0","0","0","0","0","0","0","0","0","0.08","100","0","0","0","27.57","89.23","13.06","79.87","7.89","66.67","0","0","0","0","0","1.44","35.29","0","0","0","5.6","77.27"
"N. Szerencsi","Austria 2.","First Vienna","RCB","25","250000","2027-06-30","11","1061","0","0","Austria","","0","9.33","5.51","75.38","5.09","65","0.25","6.96","0.17","0","0.12","0","0.59","14.29","0","0.08","0","0.08","100","0.76","66.67","0.68","0.68","0","45.72","82.93","20.02","69.92","9.67","53.51","0","0","0","0","0","7.72","65.93","0.42","20","0.25","10.26","66.12"
"D. Carlson","Austria 2.","St. Pölten","LB, LWB","27","250000","2026-06-30","11","1059","0","1","United States","left","185","5.78","3.82","64.44","3.06","72.22","0.17","5.94","1.02","0","0.02","0","0.34","25","0","2.46","27.59","0.42","60","2.46","48.28","0.68","1.78","0.17","39.86","81.45","9.6","61.95","2.89","47.06","0.03","0.08","0.08","0","0.25","3.4","45","2.12","44","0.51","6.37","62.67"
"D. Marceta","Austria 2.","Bregenz","LCB, RCB","25","200000","","11","1053","2","0","Austria","both","184","10.51","4.87","66.67","5.56","69.23","0.68","9.17","0.77","0.17","0.06","0","0.43","60","40","0.43","20","0.51","66.67","1.11","46.15","0.77","0.43","0","44.96","83.65","22.14","74.9","7.61","50.56","0","0","0.09","100","0","5.64","66.67","0.94","9.09","0.17","12.05","68.79"
"M. Gantschnig","Austria 2.","Austria Klagenfurt","CB, RCB","28","350000","2026-06-30","11","1050","1","1","Austria","right","182","10.03","4.54","81.13","2.83","60.61","0.43","6.72","0.43","0.09","0.06","0.09","0.34","50","25","0.17","0","0.34","75","2.23","50","0.77","0.6","0","43.63","80.16","20.14","64.68","10.2","47.06","0","0","0","0","0.09","7.89","51.09","1.29","6.67","0.09","9.34","75.23"
"K. Jusic","Austria 2.","Austria Wien II","GK","20","0","","11","1048","0","0","Austria","left","0","1.98","0","0","0.26","100","0.09","2.64","0","0","0","0","0","0","0","0","0","0","0","0.09","100","0","0","0","35.55","78.99","19.06","63.06","15.72","55.19","0","0","0","0","0","5.67","40.91","0.94","9.09","0.17","9.7","69.91"
"J. Turi","Austria 2.","Kapfenberger SV","RCB","24","250000","","11","1045","1","0","Austria","right","187","8.1","3.62","73.81","8.78","46.08","0.78","7.59","0.43","0.09","0.12","0.09","0.43","20","20","0.52","33.33","0.17","100","1.12","15.38","1.21","0.34","0","40.48","85.74","17.74","74.76","7.67","52.81","0.02","0","0","0","0.09","6.55","56.58","0.86","40","0.34","7.58","76.14"
"M. Stendera","Austria 2.","St. Pölten","LCMF, DMF","29","200000","","11","1022","6","3","Germany","right","174","8.19","7.05","65","1.85","61.9","0.26","6","2.55","0.26","0.28","0","2.73","35.48","19.355","0.79","44.44","1.5","70.59","5.28","58.33","0.53","1.5","0.18","59.35","80.86","21.05","63.18","10.66","47.11","0.36","0.09","0.18","100","0.53","13.83","60.51","3.52","47.5","1.59","10.66","77.69"
"E. Jandrisevits","Austria 2.","Austria Klagenfurt","LWB, LB","22","150000","2026-06-30","11","1018","1","0","Austria","left","182","9.19","7.69","59.77","2.21","52","0.18","4.49","1.94","0.09","0.03","0","0.71","25","12.5","2.48","25","1.68","68.42","5.57","39.68","1.15","0.71","0","24.22","63.87","8.49","45.83","4.33","40.82","0.01","0","0","0","0","3.62","36.59","1.77","40","0.18","5.04","63.16"
"M. Matkovic","Austria 2.","Austria Klagenfurt","RCB, RB","22","0","","11","1015","0","1","Croatia","right","195","9.75","6.03","64.71","4.61","57.69","0.27","6.35","0.71","0","0.08","0","0.8","22.22","0","0.27","0","0.62","71.43","3.81","53.49","1.06","0.53","0","41.41","83.73","17.56","71.21","5.67","40.63","0.05","0","0.09","100","0.09","5.14","53.45","0.71","12.5","0.27","7.54","69.41"
"R. Žiković","Austria 2.","Liefering","RCB","20","0","2027-06-30","11","1014","1","0","Croatia","right","186","11.18","7.37","73.49","6.39","55.56","0.36","10.38","0.36","0.09","0.06","0","0.36","50","25","0.18","50","0.18","50","0.89","60","0.8","0.89","0","50.77","81.99","20.59","69.83","9.85","48.65","0","0","0","0","0.09","9.05","55.88","1.42","25","0.27","9.85","71.17"
"L. Krasniqi","Austria 2.","St. Pölten","RCMF, LCMF, DMF","25","0","","11","1012","0","1","Austria","right","175","7.2","6.76","51.32","2.58","58.62","0.18","5.81","0.44","0","0.02","0","0.8","22.22","0","0.18","0","0.36","75","5.78","43.08","0.36","0.89","0.18","51.58","86.21","14.32","76.4","3.91","54.55","0.04","0","0","0","0.36","9.16","73.79","1.51","47.06","0.71","7.92","78.65"
"C. Knett","Austria 2.","St. Pölten","GK","35","200000","","11","1009","0","0","Austria","right","188","1.78","0","0","0.09","100","0","3.26","0","0","0","0","0","0","0","0","0","0","0","0.09","100","0","0","0","28.28","91.48","13.47","83.44","6.6","70.27","0","0","0","0","0","2.14","54.17","0.18","0","0","5","76.79"
"S. Aigner","Austria 2.","Austria Salzburg","RCB, CB","24","200000","2026-06-30","11","1004","0","0","Austria","right","180","11.65","7.17","73.75","5.2","63.79","0.36","8.99","0","0","0.02","0","0.27","0","0","0","0","0","0","0.81","44.44","0.27","0.45","0","46.88","86.23","17.57","73.98","6.19","47.83","0","0","0","0","0","3.5","46.15","0.18","0","0.09","8.07","56.67"
"A. Liu","Austria 2.","Austria Klagenfurt","LCB","25","100000","","11","1000","2","0","Spain","right","193","11.52","6.75","74.67","8.73","75.26","0.72","7.29","0.45","0.18","0.07","0.18","0.81","44.44","22.222","0.27","33.33","0.09","0","1.17","38.46","0.99","0.45","0","39.06","78.8","16.83","65.78","7.11","50.63","0","0","0","0","0.09","4.68","51.92","0.81","11.11","0","8.73","59.79"
"O. Lukic","Austria 2.","Liefering","AMF, LAMF","19","0","2029-06-30","11","998","1","4","Austria","right","188","6.04","4.51","72","3.25","36.11","0","4.43","3.79","0.09","0.11","0","1.53","29.41","5.882","2.34","34.62","4.24","53.19","8.93","46.46","2.16","2.25","0.81","41.12","80.7","10.91","71.07","2.43","37.04","0.2","0.18","0.54","50","1.08","4.78","71.7","3.88","55.81","1.8","5.14","85.96"
"S. Thesker","Austria 2.","St. Pölten","LCB","34","125000","2026-06-30","11","995","1","1","Germany","left","190","5.79","3.35","72.97","3.53","74.36","0.45","5.6","0.36","0.09","0.04","0.09","0.36","50","25","0.18","100","0","0","1.72","36.84","0.63","0.45","0","74.08","92.92","27.14","85","9.86","67.89","0.01","0.09","0","0","0.09","10.13","71.43","0.63","42.86","0.18","13.21","86.3"
"B. Barisic","Austria 2.","Austria Klagenfurt","CF","22","400000","2027-06-30","11","993","5","1","Croatia","right","188","1.81","1.36","66.67","8.61","33.68","0.18","1.06","1.72","0.45","0.28","0.27","1.18","61.54","38.462","0.18","50","1.63","55.56","5.98","33.33","1.72","0.54","0","15.05","73.49","2.45","37.04","0.54","33.33","0.03","0","0","0","0.18","1.45","50","0.73","37.5","0.54","0.63","42.86"
"L. Hassler","Austria 2.","Kapfenberger SV","CF, RAMF, RW","21","125000","2026-05-31","11","991","5","1","Austria","right","178","3.72","5.18","45.61","2.18","16.67","0.09","1.92","4","0.45","0.33","0","2.09","52.17","21.739","2.09","30.43","4.09","55.56","11.26","38.71","3","2.27","0.18","24.88","66.79","8.17","53.33","1.82","40","0.24","0.18","0","0","0.27","2.91","59.38","1.82","50","0.73","4","70.45"
"C. Steinbauer","Austria 2.","Admira","GK","23","0","","10","973","0","0","Austria","left","190","2.03","0","0","0.37","75","0","2.86","0","0","0","0","0","0","0","0","0","0","0","0.18","100","0","0","0","23.96","89.19","11.75","79.53","8.51","76.09","0","0.09","0","0","0","2.96","68.75","0","0","0","6.94","81.33"
"M. Meisl","Austria 2.","Admira","LCB, LB, CB","24","500000","2026-06-30","10","973","0","2","Austria","left","188","6.01","4.16","62.22","6.01","44.62","0.28","4.81","0.83","0","0.05","0","0.37","50","0","1.11","41.67","0.18","100","0.65","42.86","0.55","1.29","0","59.48","88.49","27.75","83","9.06","54.08","0.06","0","0","0","0.28","9.53","68.93","1.94","47.62","0.46","10.73","81.03"
"M. Cechal","Austria 2.","WSPG Wels","GK","20","0","2027-06-30","10","972","0","0","Czech Republic","","0","2.22","0.19","0","0.74","87.5","0","2.94","0","0","0","0","0","0","0","0","0","0","0","0","0","0","0","0","18.15","79.59","15.37","77.11","12.5","72.59","0","0","0","0","0","6.3","69.12","0.37","25","0.09","10.19","87.27"
"B. Pernot","Austria 2.","Sturm Graz II","LCB, RCB, DMF","26","150000","","10","970","0","0","Germany","right","188","9.93","6.59","71.83","5.85","50.79","0.46","6.42","0.28","0","0.04","0","0.28","33.33","0","0.09","0","0.37","50","1.3","28.57","0.46","1.02","0.09","42.49","83.84","19.39","71.29","5.85","52.38","0","0","0.09","0","0","8.16","63.64","0.74","37.5","0.37","9.93","70.09"
"Y. Eisschill","Austria 2.","Amstetten","RCMF, DMF, LCMF","20","0","","10","965","0","0","Austria","","0","10.73","7.83","69.05","3.17","58.82","0.09","6.89","0.28","0","0.01","0","0.37","0","0","0.56","0","0.37","75","2.24","50","0.37","0.09","0","26.58","68.42","14.27","52.29","5.22","41.07","0.02","0.09","0.19","0","0","7.18","50.65","1.21","7.69","0.09","5.6","71.67"
"Tiago Estevão","Austria 2.","Amstetten","GK","23","75000","","10","965","0","0","Germany","","193","2.61","0.19","100","1.21","100","0","3.2","0","0","0","0","0","0","0","0","0","0","0","0.28","66.67","0","0","0","17.53","89.36","9.98","83.18","7.65","78.05","0","0","0","0","0","2.89","70.97","0.09","0","0","6.16","87.88"
"S. Mustafic","Austria 2.","Sturm Graz II","RB, LB","20","0","2026-06-30","10","962","0","0","Austria","","0","8.23","5.05","68.52","2.15","43.48","0.09","5.95","1.78","0","0.05","0","0.94","20","0","4.02","25.58","1.03","54.55","4.58","40.82","0.94","1.03","0.19","43.22","70.13","19.74","64.45","6.83","42.47","0.17","0.19","0","0","0","8.23","61.36","4.21","33.33","0.56","10.95","75.21"
"D. Schierl","Austria 2.","Austria Lustenau","GK","31","400000","","10","961","0","0","Austria","right","185","0.75","0","0","0.09","100","0","1.05","0","0","0","0","0","0","0","0","0","0","0","0","0","0","0","0","31.75","85.84","17.51","75.94","13.58","68.97","0","0","0","0","0","5.62","66.67","0.19","50","0.28","10.58","83.19"
"J. Kirchmayr","Austria 2.","Floridsdorfer AC","GK","19","0","","10","960","0","0","Austria","","0","1.03","0.09","0","0.56","100","0","1.36","0","0","0","0","0","0","0","0","0","0","0","0.09","100","0","0","0","20.72","75.57","10.88","58.62","8.34","47.19","0","0","0","0","0","3.09","33.33","0.09","0","0","5.72","60.66"
"Flavio","Austria 2.","Floridsdorfer AC","LWB, LB, LAMF","29","250000","","10","960","0","0","Cape Verde Islands","right","173","4.13","2.63","64.29","1.78","36.84","0","3.1","3.28","0","0.16","0","0.94","20","0","2.44","50","3.56","47.37","8.72","38.71","1.78","1.59","0.28","28.78","79.48","6.47","62.32","2.16","47.83","0.17","0","0.19","100","0.38","1.97","52.38","2.91","51.61","0.56","5.06","62.96"
"M. Hausjell","Austria 2.","St. Pölten","LW, LWF","26","275000","","11","960","8","1","Austria","right","176","2.06","2.91","51.61","1.69","38.89","0","1.02","2.72","0.75","0.45","0.09","2.53","66.67","29.63","1.13","25","1.59","41.18","6.19","40.91","3.19","1.41","0.19","24.47","81.99","6","71.88","1.03","45.45","0.05","0.09","0.09","100","0.47","2.25","79.17","1.88","65","1.5","3.38","72.22"
"J. Bauer","Austria 2.","First Vienna","RB, LCB, CB","27","300000","","10","959","0","0","Austria","right","178","10.42","7.04","66.67","5.82","64.52","0.19","8.14","0.94","0","0.02","0","0.28","0","0","1.22","53.85","0.75","37.5","2.91","45.16","0.66","1.22","0.09","43.17","77.39","17.36","64.86","5.82","48.39","0.05","0.09","0","0","0.28","5.82","58.06","1.78","57.89","0.47","8.63","63.04"
"K. Kretschmer","Austria 2.","Bregenz","GK","24","200000","","10","957","0","0","Austria","","0","2.63","0","0","0.38","100","0","3.39","0","0","0","0","0","0","0","0","0","0","0","0.09","100","0","0","0","28.31","85.38","14.86","74.68","8.56","58.24","0","0","0","0","0","2.07","50","0.09","0","0","6.96","64.86"
"B. Rosenberger","Austria 2.","First Vienna","LB","29","250000","","10","954","1","4","Austria","left","172","7.36","5.94","61.9","1.7","44.44","0","5.13","2.74","0.09","0.02","0","0.66","28.57","14.286","3.49","43.24","1.23","84.62","4.15","45.45","0.57","1.32","0.09","38.4","67.32","18.4","53.33","9.15","37.11","0.25","0.09","0","0","0.47","6.04","53.13","3.87","41.46","0.38","11.32","62.5"
"A. Schmidt","Austria 2.","Admira","CF, LWF","27","300000","","11","954","6","1","Austria","right","193","4.53","2.83","63.33","6.42","27.94","0","3.73","2.55","0.57","0.31","0.19","1.98","38.1","28.571","1.13","50","2.36","52","10.75","31.58","3.4","0.75","0.19","14.25","66.89","3.4","50","0.75","62.5","0.1","0","0","0","0.47","1.98","47.62","1.6","47.06","0.57","3.11","78.79"
"D. Bijelić","Austria 2.","Austria Salzburg","RDMF, RCMF","21","0","","11","954","0","0","Croatia","right","177","8.58","6.6","68.57","1.6","41.18","0.28","5.59","1.13","0","0.02","0","0.47","20","0","0.75","25","1.32","64.29","6.6","41.43","0.19","1.04","0","26.7","79.51","8.68","69.57","2.17","56.52","0","0.09","0.09","0","0","3.11","63.64","0.94","50","0.19","4.34","65.22"
"D. Cosgun","Austria 2.","Austria Salzburg","AMF, LCMF","23","200000","","11","952","4","3","Austria","right","177","7.09","4.92","76.92","1.89","35","0","4.39","2.27","0.28","0.32","0","2.46","38.46","15.385","0.85","33.33","2.27","45.83","15.88","35.12","2.46","1.99","0.19","25.05","73.58","7.47","50.63","2.84","26.67","0.07","0","0.28","0","0.57","4.16","45.45","2.08","45.45","0.95","3.88","70.73"
"J. Brunnhofer","Austria 2.","Rapid Wien II","RCB","19","0","2026-06-30","10","951","0","0","Austria","right","0","10.5","6.91","73.97","4.45","48.94","0.47","6.54","0.19","0","0.04","0","0.28","0","0","0.09","100","0.28","33.33","1.32","28.57","0.47","0.38","0","41.55","78.13","21.1","65.02","9.27","43.88","0","0","0","0","0","6.81","55.56","0.76","12.5","0.19","10.03","63.21"
"Riquelme","Austria 2.","Liefering","RAMF, DMF","19","0","2026-03-27","11","950","0","0","Brazil","","0","10.33","7.01","72.97","3.88","60.98","0.09","7.8","0.85","0","0.02","0","0.47","20","0","0.57","16.67","1.23","46.15","5.12","31.48","0.85","0.95","0.19","35.43","72.73","15.25","58.39","5.12","44.44","0","0","0.28","33.33","0.19","7.48","63.29","1.52","12.5","0.09","7.39","67.95"
"F. Gmeiner","Austria 2.","Austria Lustenau","RB","28","250000","2026-06-30","10","947","0","2","Austria","right","177","6.75","4.75","76","1.71","27.78","0.19","4.36","2.38","0","0.02","0","0.29","33.33","0","2.95","41.94","1.33","71.43","3.42","52.78","1.14","1.05","0","34.78","73.5","15.49","63.19","8.65","54.95","0.14","0","0.19","50","0.38","6.37","58.21","2.66","60.71","0.48","10.26","75"
"G. Marušić","Austria 2.","Austria Salzburg","LB, LCB","22","150000","2026-06-30","11","945","1","0","Germany","left","186","9.33","7.43","67.95","2.57","66.67","0.29","6.12","1.05","0.1","0.04","0","0.19","50","50","0.76","25","1.33","57.14","5.71","51.67","0.1","1.71","0.19","29.24","78.18","11.71","62.6","5.05","50.94","0.01","0","0","0","0.1","5.43","56.14","0.76","37.5","0.19","6.67","70"
"R. Littig","Austria 2.","Kapfenberger SV","LB, LCB","22","175000","2026-06-30","11","938","1","1","Germany","left","184","7.48","5.18","53.7","5.57","50","0.58","6.11","0.86","0.1","0.18","0","0.67","57.14","14.286","0.38","0","0.86","55.56","3.65","34.21","0.96","0.67","0.19","35.5","83.24","15.35","76.25","5.37","57.14","0.04","0","0","0","0.1","4.7","67.35","1.06","27.27","0.38","8.73","70.33"
"M. Krnjic","Austria 2.","Austria Klagenfurt","RCMF, DMF","22","125000","","11","938","0","0","Austria","right","194","7.87","4.7","53.06","2.4","52","0","6.3","0.67","0","0.03","0","0.48","20","0","0.38","25","0.58","83.33","3.84","32.5","0.38","0.29","0","33.39","80.17","12.19","66.14","3.26","41.18","0.01","0","0.1","0","0","6.14","67.19","0.86","11.11","0","5.47","66.67"
"S. Filipovic","Austria 2.","Floridsdorfer AC","LCB, LB, LCMF","21","0","","10","937","0","0","Austria","","195","8.07","4.9","68.63","5.57","60.34","0.38","5.92","0.38","0","0.04","0","0.48","20","0","0.58","16.67","0.48","40","1.54","18.75","0.86","0.58","0","43.8","76.75","20.65","65.12","9.51","44.44","0.05","0","0","0","0.1","7.59","54.43","1.44","26.67","0.29","11.43","67.23"
"P. Lipczinski","Austria 2.","Austria Salzburg","LAMF, RWB, LWF","24","0","2026-06-30","11","936","4","1","Austria","both","182","6.15","4.52","76.6","2.12","31.82","0","4.03","3.17","0.38","0.17","0.1","1.44","60","26.667","2.02","38.1","2.79","51.72","7.5","37.18","1.83","0.67","0","17.79","69.19","5.96","59.68","2.21","34.78","0.12","0","0.1","100","0.19","1.73","44.44","2.31","54.17","0.77","4.04","59.52"
"M. Untergrabner","Austria 2.","Floridsdorfer AC","RCB, RB","23","0","","10","935","2","0","Austria","right","194","9.14","6.83","66.2","6.26","63.08","0.48","5.47","1.44","0.19","0.2","0","1.35","42.86","14.286","0.77","37.5","0.96","60","3.47","44.44","1.35","1.16","0","43.8","72.31","24.26","62.3","13.09","44.85","0.03","0","0.1","0","0.1","12.13","51.59","1.54","37.5","0.67","12.13","72.22"
"W. Amoah","Austria 2.","St. Pölten","RW, RCMF, RWB","25","275000","2026-06-30","11","935","3","2","Austria","right","170","3.27","4.04","47.62","2.31","45.83","0","2.27","5.29","0.29","0.25","0","1.44","60","20","3.08","40.63","4.81","64","9.82","54.9","3.95","2.79","0.1","25.03","66.92","7.7","43.75","1.64","35.29","0.15","0.1","0.19","50","0.39","2.12","59.09","2.21","52.17","1.06","4.91","62.75"
"L. Piskule","Austria 2.","Floridsdorfer AC","RWF, RCMF, AMF","26","250000","2027-06-30","10","932","5","2","Slovenia","right","181","3.86","2.41","60","1.06","36.36","0.1","3.08","5.02","0.29","0.45","0","2.61","40.74","18.519","2.7","53.57","4.25","56.82","8.69","40","2.51","1.55","0.19","29.94","73.55","9.75","58.42","2.61","51.85","0.23","0","0.19","50","0.39","4.25","54.55","3.57","67.57","1.55","6.28","76.92"
"T. Gemicibaşi","Austria 2.","Admira","LCMF, RCMF","29","350000","2026-06-30","10","932","2","3","Germany","left","180","7.92","5.41","62.5","2.03","52.38","0.19","5.79","2.12","0","0.19","0","1.35","35.71","14.286","2.03","57.14","0.48","80","3.38","45.71","0.77","0.68","0.1","35.54","77.72","11.88","60.98","5.02","40.38","0.2","0.19","0.19","50","0.39","5.6","63.79","2.99","67.74","0.97","6.28","69.23"
"M. Maier","Austria 2.","Floridsdorfer AC","DMF, RCMF","29","250000","","10","931","0","1","Austria","both","174","8.8","9.18","60","2.9","40","0.1","3.7","1.93","0","0.02","0","0.58","16.67","0","2.03","33.33","1.45","66.67","5.51","50.88","0.68","0.97","0.29","40.5","80.43","13.34","67.39","5.12","60.38","0.24","0","0.19","100","0.39","8.7","71.11","2.51","34.62","0.29","6.96","81.94"
"E. Stehrer","Austria 2.","Rapid Wien II","LB, LWB","18","0","","10","927","0","1","Austria","unknown","0","7.77","6.41","57.58","2.91","53.33","0.19","4.81","4.66","0","0.06","0","0.58","0","0","4.27","29.55","6.12","55.56","9.71","52","1.26","2.04","0.49","26.7","66.91","10.97","66.37","4.66","37.5","0.08","0","0","0","0.39","4.56","42.55","3.2","42.42","0.29","8.54","71.59"
"D. Velimirović","Austria 2.","Rapid Wien II","CB, LCB, LDMF","24","125000","","10","924","2","0","Austria","right","187","8.18","2.92","76.67","2.82","55.17","0.58","7.63","1.17","0","0.18","0","0.88","44.44","22.222","0.1","100","0.88","77.78","2.73","67.86","0.49","0.88","0","39.25","80.89","15.1","64.52","6.82","44.29","0","0","0","0","0","4.77","46.94","0.97","30","0.29","6.43","62.12"
"P. Offenthaler","Austria 2.","Amstetten","CB, LCB","27","200000","","10","923","1","0","Austria","right","189","11.51","6.44","77.27","7.12","53.42","0.59","7.66","0.49","0.1","0.07","0","0.49","80","20","0.1","0","0.1","100","1.95","45","1.46","0.68","0","36.76","80.11","20.09","70.87","11.51","61.02","0.03","0","0","0","0.1","7.02","65.28","0.49","40","0.49","10.53","73.15"
"M. Mišković","Austria 2.","Kapfenberger SV","DMF, LCMF, AMF","26","0","","10","907","0","2","Greece","right","181","10.92","8.43","54.12","3.47","40","1.09","7.36","1.19","0","0.02","0","0.99","20","0","0.4","75","0.99","70","6.55","36.36","0.1","0.6","0","39.99","75.93","17.76","64.25","7.14","44.44","0.01","0","0","0","0.1","6.95","52.86","1.19","41.67","0.1","7.54","65.79"
"N. Wojnar","Austria 2.","Austria Wien II","RCB, LCB, RB","20","0","","10","907","0","0","Austria","unknown","0","10.82","5.56","66.07","8.04","66.67","0.69","9.34","0.4","0","0.12","0","0.4","75","0","0.1","100","0","0","0.89","22.22","0.69","0.3","0","50.01","79.76","23.12","63.95","8.93","45.56","0.01","0","0","0","0.1","7.34","51.35","0.99","10","0.2","9.23","62.37"
"R. Strebinger","Austria 2.","Kapfenberger SV","GK","32","200000","2027-06-30","10","904","0","0","Austria","right","194","1.59","0.2","50","0.8","100","0","2.23","0","0","0","0","0","0","0","0","0","0","0","0.1","100","0","0","0","27.68","85.25","16.33","78.66","10.25","65.05","0","0","0","0","0","2.99","53.33","0.2","0","0","7.96","72.5"
"P. Gobara","Austria 2.","WSPG Wels","LCB, LB","25","225000","","10","903","2","0","Austria","left","186","5.88","2.99","83.33","2.29","60.87","0.2","4.21","0.2","0.2","0.08","0","0.3","66.67","66.667","0.1","0","0","0","1","30","0.5","0.2","0","36.68","86.14","15.85","80.5","3.39","47.06","0.02","0","0","0","0","4.29","69.77","0.3","66.67","0.1","6.08","62.3"
"N. Pertlwieser","Austria 2.","Amstetten","LCB, LB","21","0","","10","903","0","0","Austria","left","0","11.26","7.48","72","6.08","65.57","0.6","7.6","0.4","0","0.1","0","0.8","0","0","0.4","25","0.4","75","1.4","50","0.8","0.4","0.1","30.9","69.03","15.85","57.86","10.66","51.4","0","0","0","0","0","7.97","58.75","1.2","33.33","0.4","9.97","65"
"M. Bećirović","Austria 2.","Floridsdorfer AC","CB, LCB","36","125000","","10","900","1","0","Bosnia and Herzegovina","right","175","7.8","4.6","76.09","4.4","43.18","0.4","5.41","0.5","0.1","0.11","0","0.5","40","20","0.2","50","0.2","100","2","55","0.5","0.3","0","42.6","87.32","16.9","74.56","5.9","50.85","0.04","0.1","0","0","0","4.8","60.42","0.9","44.44","0.3","7.6","71.05"
"R. Morth","Austria 2.","Austria Wien II","CF, AMF, LW","18","0","","11","896","1","2","Austria","unknown","0","3.31","3.52","57.14","3.21","31.25","0.3","1.61","1.71","0.1","0.1","0","1.21","50","8.333","1.21","25","1.81","44.44","6.73","32.84","2.11","1.41","0.2","22.2","69.68","6.83","54.41","1.51","26.67","0.13","0.3","0.1","0","0.5","3.92","56.41","2.41","33.33","1.1","3.62","69.44"
"B. Luxbacher","Austria 2.","First Vienna","LW, RAMF, LAMF","30","250000","2026-06-30","10","884","2","0","Austria","left","177","6.62","6.92","51.47","0.92","11.11","0.2","3.73","3.87","0.2","0.11","0.1","1.32","38.46","15.385","1.73","52.94","4.07","60","13.13","51.94","2.14","3.36","0.41","31.05","76.72","8.86","60.92","2.55","48","0.08","0","0.1","0","0.41","4.28","69.05","2.24","59.09","0.92","4.79","61.7"
"P. Verhounig","Austria 2.","Liefering","CF","19","0","","11","876","2","0","Austria","right","0","2.47","2.26","54.55","8.73","44.71","0.1","1.99","1.44","0.21","0.3","0.1","1.64","56.25","12.5","0.51","0","2.05","25","10.48","22.55","2.88","0.21","0","13.77","64.18","2.05","35","0.31","0","0.03","0","0.1","0","0.41","0.82","50","1.13","36.36","0.51","1.03","10"
"E. Lorenz","Austria 2.","Sturm Graz II","GK","19","0","","10","874","0","0","Austria","right","0","2.47","0","0","0.21","100","0","2.98","0","0","0","0","0","0","0","0","0","0","0","0.21","100","0","0","0","20.8","79.21","13.28","73.64","8.14","56.96","0","0","0","0","0","3.81","43.24","0.1","0","0","6.18","75"
"R. Voisine","Austria 2.","Austria Lustenau","LCB","23","125000","","9","865","0","0","France","left","188","8.95","5.31","82.35","6.45","50","0.42","6.09","0.42","0","0.02","0","0.31","0","0","0","0","0.31","100","0.83","50","0.62","0.52","0","52.86","87.8","20.18","76.8","6.35","55.74","0","0","0.1","100","0","4.89","72.34","0.1","0","0.1","9.16","59.09"
"J. Weberbauer","Austria 2.","Admira","RWB, RB","27","175000","","11","864","0","1","Austria","right","173","8.75","7.4","66.2","1.88","44.44","0","4.62","3.23","0","0.04","0","0.83","12.5","0","4.48","44.19","1.67","68.75","5.21","50","1.15","1.15","0.31","36.56","73.79","11.15","58.88","4.9","44.68","0.17","0","0","0","0.42","4.48","58.14","4.9","42.55","0.42","8.13","73.08"
"M. Gragger","Austria 2.","Amstetten","LB, LWB, LAMF","23","175000","","9","864","2","1","Austria","right","188","11.35","7.71","56.76","7.4","53.52","0.42","8.65","1.98","0.21","0.2","0.1","1.67","50","12.5","1.67","25","1.46","50","3.75","47.22","2.5","0.42","0.1","21.88","59.52","11.04","50","4.58","38.64","0.02","0.1","0","0","0.31","4.06","46.15","1.56","26.67","0.21","6.25","75"
"P. Grabher","Austria 2.","Austria Lustenau","LDMF, LCMF, RDMF","32","350000","2027-06-30","10","858","0","0","Austria","left","170","7.34","4.72","73.33","2.1","25","0.42","4.59","0.84","0","0.16","0","1.15","9.09","0","0.63","83.33","0.42","50","2.31","50","0.52","0.63","0","42.06","81.05","17.62","64.88","6.61","46.03","0","0","0","0","0","8.81","60.71","1.05","80","0.52","8.6","75.61"
"D. Bareš","Austria 2.","Austria Salzburg","CF","26","0","","10","858","2","1","Czech Republic","right","198","5.56","3.57","76.47","13.53","43.41","0.31","4.15","1.26","0.21","0.24","0","1.47","42.86","14.286","0","0","1.05","60","6.92","24.24","2.52","0.31","0","13.22","61.11","5.56","49.06","0.73","57.14","0.09","0.21","0","0","0.31","2.62","48","0.94","44.44","0.73","2.62","60"
"Matheus Muller","Austria 2.","Stripfing","RCMF, RDMF","22","25000","","10","855","1","1","Italy","right","188","7.79","5.68","59.26","4.53","37.21","0.32","5.15","1.05","0.11","0.1","0.11","0.63","16.67","16.667","1.26","41.67","0.53","80","3.89","21.62","1.37","0.21","0","31.05","68.14","12.11","48.7","6","45.61","0.04","0","0.21","0","0.11","5.79","65.45","2.21","38.1","0.42","6.63","53.97"
"William Rodrigues","Austria 2.","Austria Lustenau","RCB","32","175000","","10","852","1","0","Brazil","right","181","8.35","4.01","78.95","3.8","47.22","0.74","7.11","0.42","0","0.15","0","0.95","33.33","11.111","0.11","100","0.11","0","1.27","33.33","1.37","0.32","0","40.77","85.23","16.06","71.71","7.92","58.67","0","0","0","0","0","5.39","54.9","0.53","20","0.53","6.97","77.27"
"A. Oda","Austria 2.","Austria Klagenfurt","LCMF","21","125000","","11","850","0","0","North Macedonia","right","182","8.89","8.26","61.54","1.91","27.78","0.11","4.58","1.06","0","0.03","0","0.74","28.57","0","0.74","42.86","1.06","50","4.02","34.21","0.21","0.74","0","29.12","80.36","8.68","60.98","2.86","51.85","0.04","0.11","0.11","0","0.42","3.71","62.86","1.91","50","0.74","4.13","69.23"
"M. Lang","Austria 2.","Austria Klagenfurt","RWB, RCMF, RB","27","250000","2026-06-30","10","850","1","2","Austria","both","178","6.56","5.61","64.15","4.13","58.97","0","2.36","2.75","0.11","0.05","0","0.95","22.22","11.111","4.13","28.21","2.54","54.17","5.72","42.59","1.69","1.48","0.11","36","71.18","12.71","65.83","3.07","44.83","0.19","0","0.11","0","0.53","3.18","56.67","3.6","38.24","0.53","7.52","57.75"
"L. Szladits","Austria 2.","Rapid Wien II","LCMF, RDMF","18","0","2027-06-30","9","844","1","0","Austria","","0","8.74","7.57","61.97","4.16","51.28","0.11","5.19","2.77","0.11","0.08","0","1.71","50","6.25","0.96","33.33","3.31","45.16","11.3","43.4","1.07","1.6","0.11","32.2","78.81","10.77","64.36","3.73","54.29","0.06","0","0.11","100","0.21","5.76","62.96","1.81","41.18","0.64","4.91","69.57"
"M. Schmerböck","Austria 2.","Austria Klagenfurt","CF, RWF, AMF","31","150000","","11","841","3","4","Austria","left","180","4.92","4.07","71.05","2.57","8.33","0.21","2.49","2.25","0.21","0.37","0","2.03","52.63","15.789","1.18","18.18","1.71","50","6.85","28.13","2.25","0.96","0","22.15","68.12","7.49","51.43","2.25","23.81","0.22","0.11","0.11","100","0.11","2.57","50","1.93","33.33","0.54","1.82","64.71"
"F. Freissegger","Austria 2.","Stripfing","RB, LB, RWB","24","200000","","9","839","0","1","Austria","right","184","9.65","6.65","67.74","2.68","52","0.21","6.03","2.36","0","0.04","0","0.43","0","0","2.47","34.78","2.47","60.87","5.69","47.17","0.75","1.5","0.43","33.25","71.29","13.73","59.38","4.83","44.44","0.14","0.11","0","0","0.54","4.83","53.33","2.25","33.33","0.43","7.72","58.33"
"D. Nnodim","Austria 2.","Austria Wien II","RB, LB, RAMF","17","0","","11","829","0","1","Austria","unknown","0","7.17","6.19","68.42","4.02","40.54","0","3.64","0.98","0","0.03","0","0.76","28.57","0","1.09","50","0.22","100","3.91","41.67","0.98","0.43","0","29.75","72.99","8.03","44.59","2.61","33.33","0.08","0","0","0","0.33","3.69","35.29","2.61","58.33","1.09","5.75","62.26"
"S. Delaye","Austria 2.","Austria Lustenau","RDMF, AMF, LDMF","23","300000","2026-06-30","10","826","1","2","France","right","171","5.67","4.03","59.46","1.96","22.22","0.11","3.9","2.29","0.11","0.05","0","0.87","75","12.5","1.63","60","1.53","42.86","6.65","37.7","0.98","1.09","0.33","36.07","81.27","12.2","66.07","5.88","61.11","0.2","0.22","0","0","0.44","7.52","62.32","2.07","63.16","0.54","6.54","83.33"
"D. Nisandzic","Austria 2.","Austria Wien II","RCMF, RDMF, DMF","19","0","","9","818","0","1","Austria","","0","7.81","4.84","70.45","1.54","57.14","0.44","5.77","0.33","0","0.02","0","0.66","33.33","0","0.44","25","0.55","0","3.85","34.29","0.22","0.66","0","33.67","83.01","9.46","67.44","2.31","47.62","0.05","0.11","0","0","0","3.85","65.71","0.66","50","0.33","4.73","60.47"
"A. Gashi","Austria 2.","WSPG Wels","LWF, AMF","28","250000","","10","816","4","1","Austria","right","183","5.51","4.52","68.29","2.21","30","0.11","1.88","3.97","0.44","0.16","0","1.88","47.06","23.529","2.32","33.33","3.86","57.14","10.48","48.42","1.76","2.32","0.33","26.03","75","6.95","65.08","1.1","50","0.11","0.11","0.22","50","0.33","2.98","66.67","3.53","46.88","1.1","3.75","67.65"
"A. Bosnjak","Austria 2.","WSPG Wels","CF","29","0","","10","807","0","2","Bosnia and Herzegovina","left","187","3.57","4.35","58.97","14.83","36.84","0.11","0.92","1","0","0.06","0","0.89","50","0","0.45","0","0.89","50","8.48","23.68","3.23","0.45","0","17.96","60.87","4.01","41.67","1.23","54.55","0.08","0","0.22","50","0.45","2.9","38.46","0.78","14.29","0.67","1.67","40"
"K. Kerschbaumer","Austria 2.","Stripfing","LCMF, DMF, RCMF","33","150000","","9","799","0","0","Austria","right","179","4.96","4.51","45","2.03","44.44","0.11","3.47","0.56","0","0.01","0","0.34","66.67","0","0.68","50","0.11","0","1.13","30","0.34","0.34","0","38.86","83.48","12.17","64.81","5.18","50","0.06","0","0","0","0","5.86","57.69","1.46","53.85","0.45","5.86","75"
"M. Neumann","Austria 2.","Floridsdorfer AC","RWB, RB, RAMF","20","0","2026-06-30","10","798","0","2","Austria","right","0","10.94","8.8","66.67","3.05","48.15","0","6.39","4.17","0","0.09","0","1.13","40","0","5.64","44","2.82","44","8.91","44.3","2.03","1.02","0.11","39.47","76.29","10.83","65.63","3.27","41.38","0.19","0","0","0","0.56","2.71","54.17","5.64","46","0.56","8.23","73.97"
"T. Gurmann","Austria 2.","Sturm Graz II","CF, RW, RAMF","19","0","","11","798","0","0","Austria","unknown","0","8.91","8.46","62.67","2.59","13.04","0","4.04","2.03","0","0.06","0","0.34","66.67","0","0.56","40","3.5","45.16","9.92","35.23","1.92","1.58","0.23","22.56","75","6.54","62.07","0.56","40","0.16","0.11","0","0","0.11","2.26","65","1.24","63.64","1.02","3.5","74.19"
"T. Maier","Austria 2.","Kapfenberger SV","LAMF, LW, CF","27","0","","10","795","1","0","Austria","both","183","3.85","2.6","39.13","2.94","34.62","0.23","3.58","2.6","0.11","0.2","0","2.38","23.81","4.762","2.38","42.86","2.72","37.5","7.7","33.82","1.58","1.47","0.11","23.66","67.46","9.62","57.65","2.83","56","0.11","0","0.23","0","0.11","4.53","55","2.83","44","0.91","4.98","79.55"
"M. Striednig","Austria 2.","Liefering","DMF","19","0","","11","794","0","0","Austria","right","186","10.54","6.46","64.91","1.7","66.67","0.23","9.8","1.25","0","0.06","0","0.79","14.29","0","1.02","22.22","1.02","77.78","3.97","57.14","0.45","1.81","0.23","46.02","83.74","16.78","77.7","3.63","53.13","0.07","0","0.11","100","0.23","7.71","73.53","1.7","53.33","0.68","7.59","74.63"
"N. Marinsek","Austria 2.","Austria Klagenfurt","RCMF, AMF, LWF","26","250000","","10","791","1","1","Slovenia","right","180","5.23","3.87","41.18","0.91","25","0","3.78","1.82","0.11","0.17","0","0.91","25","12.5","1.14","60","1.59","57.14","8.76","40.26","1.14","1.02","0","25.15","78.73","6.71","64.41","2.28","70","0.23","0","0","0","0.46","3.75","72.73","2.05","55.56","0.57","3.75","75.76"
"A. Zaizen","Austria 2.","Bregenz","CF, LWF, LW","26","200000","2027-06-30","10","790","3","1","Japan","both","177","5.7","4.22","64.86","4.44","17.95","0","3.02","3.08","0.34","0.18","0.23","2.16","36.84","15.789","1.03","0","5.01","45.45","14.35","42.86","2.51","2.85","0.11","18.46","64.81","5.81","52.94","2.28","30","0.06","0.11","0.11","0","0.23","3.3","48.28","1.48","38.46","0.46","2.62","65.22"
"N. Mikulic","Austria 2.","Kapfenberger SV","LCB, DMF","19","0","","9","787","0","0","Austria","unknown","0","7.43","4","42.86","5.03","54.55","0.91","7.3","0.57","0","0.08","0","0.46","0","0","0.11","0","0.8","71.43","3.55","41.94","1.26","0.23","0","38.2","81.74","15.9","70.5","6.06","49.06","0.01","0","0","0","0","4.8","54.76","0.23","0","0.34","7.55","50"
"S. Skogen","Austria 2.","St. Pölten","RCB, CB","25","175000","","9","786","0","0","Norway","right","188","5.73","3.44","80","6.98","70.49","0.11","5.32","0.11","0","0.04","0","0.23","0","0","0","0","0.11","100","0.57","60","0.69","0.11","0","60.57","91.12","20.15","80.68","4.35","50","0","0","0","0","0","4.01","68.57","0.57","20","0.11","7.1","61.29"
"P. Hosiner","Austria 2.","Austria Wien II","CF, LAMF, LWF","36","0","2026-06-30","9","786","4","0","Austria","right","179","2.4","1.49","53.85","3.55","22.58","0","2.01","2.86","0.34","0.43","0","1.95","58.82","23.529","0.92","12.5","2.06","77.78","8.7","38.16","2.86","1.15","0.34","26.68","72.1","8.93","56.41","2.4","14.29","0.14","0","0","0","0.34","3.89","47.06","2.86","44","1.03","3.44","70"
"J. Moser","Austria 2.","Liefering","LAMF, RAMF, LWB","17","0","2026-06-30","9","783","1","1","Austria","","0","4.25","3.79","60.61","1.03","66.67","0","3.62","3.79","0.11","0.16","0","2.76","37.5","4.167","2.18","26.32","2.53","72.73","6.55","52.63","2.07","2.76","0.23","32.76","72.63","11.03","58.33","2.76","50","0.1","0","0.57","60","0.69","4.6","45","3.33","55.17","1.61","5.98","76.92"
"D. Riegler","Austria 2.","St. Pölten","RB, RCB","22","225000","","9","780","0","1","Austria","right","0","8.77","6.46","67.86","3.92","58.82","1.04","7.5","0.46","0","0.1","0","0.58","0","0","0.92","25","0.58","40","2.19","52.63","0.92","1.04","0.12","61.73","85.61","22.04","75.92","6.35","54.55","0.06","0.12","0","0","0.12","6.46","67.86","1.5","53.85","0.58","10.38","66.67"
"F. Köchl","Austria 2.","Amstetten","RWB, RB","23","150000","","10","780","0","1","Austria","right","176","11.08","8.31","62.5","2.54","50","0.12","7.09","0.92","0","0.04","0","0.69","33.33","0","2.42","19.05","0.81","28.57","3.23","39.29","1.38","1.38","0.12","31.04","60.59","14.31","54.03","6.69","41.38","0.23","0.12","0","0","0.46","7.38","50","4.15","47.22","1.38","8.42","80.82"
"S. Feyrer","Austria 2.","WSPG Wels","CB, RCB, LCB","28","200000","","9","777","1","0","Austria","right","186","9.85","5.56","79.17","8.46","61.64","0.23","6.24","0.81","0.12","0.17","0.12","1.27","45.45","9.091","0.23","50","0.12","100","0.93","50","1.85","0.12","0","32.2","75.9","13.78","57.98","4.63","47.5","0.05","0","0","0","0.23","2.78","50","0.58","20","0.23","6.6","45.61"
"S. Dirnberger","Austria 2.","Bregenz","RCB, CB, LCB","28","175000","2026-05-31","8","764","0","0","Austria","right","186","7.66","2.36","65","4.95","47.62","0.24","8.39","0.24","0","0.01","0","0.12","100","0","0","0","0.12","100","0.24","50","0.24","0","0","34.87","82.09","13.78","66.67","5.65","52.08","0","0","0","0","0","4.59","51.28","0.24","0","0.12","6.71","64.91"
"J. Tartarotti","Austria 2.","Bregenz","AMF, LCMF","26","200000","","10","764","2","1","Austria","right","176","4.12","3.42","72.41","3.77","34.38","0","1.52","1.53","0.24","0.14","0","0.94","62.5","25","1.65","42.86","1.06","22.22","6.6","35.71","1.41","0.24","0","35.58","77.15","10.84","63.04","3.3","35.71","0.15","0","0","0","0.35","5.54","65.96","2.12","50","0.94","7.3","59.68"
"P. Müller","Austria 2.","WSPG Wels","LWB, RCMF, DMF","22","0","","8","762","0","0","Austria","right","176","9.45","6.5","72.73","3.07","53.85","0.47","5.69","1.18","0","0","0","0.47","0","0","0.83","42.86","1.42","58.33","6.38","33.33","0.35","0.83","0","31.3","76.6","11.57","63.27","2.83","37.5","0","0","0","0","0","4.72","57.5","1.06","66.67","0.35","5.31","57.78"
"L. Weinhandl","Austria 2.","Sturm Graz II","LCMF, RAMF, DMF","16","0","","9","762","1","1","Austria","unknown","0","10.75","8.15","66.67","4.02","41.18","0.83","6.43","0.71","0.12","0.15","0","1.3","27.27","9.091","0.83","0","1.3","27.27","5.67","45.83","1.3","1.89","0","31.06","65.78","13.23","54.46","4.37","40.54","0.06","0","0.12","0","0.24","5.79","57.14","1.89","18.75","0.71","6.5","69.09"
"S. Wimmer","Austria 2.","Amstetten","LCMF, RCMF, RAMF","31","150000","","9","760","1","3","Austria","right","187","6.39","5.8","46.94","5.45","65.22","0.24","4.92","0.36","0.12","0.14","0","1.3","27.27","9.091","0.59","0","0.12","0","2.01","41.18","2.01","0.83","0","29.37","64.92","13.97","54.24","6.63","41.07","0.09","0","0","0","0.36","6.75","49.12","1.78","40","1.07","6.16","67.31"
"F. Fischer","Austria 2.","Austria Wien II","RB, LCB","18","0","","10","757","2","1","Austria","unknown","0","8.44","4.76","57.5","4.87","53.66","0.36","7.42","0.48","0.24","0.09","0.12","0.36","100","66.667","0.24","0","0.12","100","1.19","50","0.83","0.71","0","46.01","72.61","23.06","57.22","8.2","36.23","0.01","0","0","0","0.12","8.56","43.06","1.31","18.18","0.59","11.06","62.37"
"D. Peham","Austria 2.","Amstetten","CF","33","175000","","10","755","6","0","Austria","right","184","2.74","1.43","50","12.52","30.48","0","2.31","1.55","0.48","0.31","0.36","2.26","47.37","26.316","0.24","50","0.72","50","5.6","31.91","2.38","0.12","0.12","13.83","66.38","3.1","53.85","0.36","66.67","0.11","0","0","0","0.36","2.15","77.78","0.48","0","0.36","1.55","69.23"
"J. Lahne","Austria 2.","Austria Lustenau","CF, RAMF, LAMF","24","300000","","10","749","5","0","Zambia","right","174","3.72","3.48","65.52","4.81","47.5","0.12","1.64","2.28","0.6","0.14","0","1.56","53.85","38.462","1.92","31.25","1.68","50","5.17","32.56","3","0.48","0","13.58","70.8","2.64","50","0.6","40","0.1","0.12","0","0","0.12","0.84","71.43","1.2","50","0.36","1.2","70"
"D. Kreiker","Austria 2.","Stripfing","RW, RAMF, RB","22","250000","2026-06-30","10","737","1","1","Austria","left","185","6.47","7.82","50","3.18","34.62","0","3.26","4.88","0.12","0.12","0","1.71","35.71","7.143","3.05","48","6.23","45.1","12.09","44.44","1.34","2.32","0.49","18.07","70.27","4.27","54.29","2.08","47.06","0.19","0","0","0","0.24","1.95","43.75","2.81","43.48","0.24","2.93","70.83"
"M. Haïdara","Austria 2.","Rapid Wien II","CF, LAMF","19","0","","8","732","3","0","Mali","","0","2.34","2.34","52.63","3.2","26.92","0","1.53","2.58","0.37","0.21","0.12","1.6","61.54","23.077","0.98","12.5","2.83","52.17","8.85","31.94","3.07","1.97","0.25","15","76.23","2.21","66.67","0","0","0.07","0.12","0","0","0.12","1.11","77.78","1.35","36.36","0.74","1.6","61.54"
"F. Ristanic","Austria 2.","Admira","RWF, AMF, RCMF","21","0","2027-06-30","11","730","3","1","Austria","right","181","4.68","3.08","68","4.44","25","0.37","3.44","3.45","0.37","0.31","0.12","2.34","47.37","15.789","2.22","22.22","2.71","63.64","10.23","36.14","2.84","1.48","0.49","21.21","75","5.18","61.9","1.48","41.67","0.12","0.25","0.37","33.33","0.49","2.47","60","2.59","33.33","0.74","2.96","70.83"
"D. Pecirep","Austria 2.","Stripfing","CF, RWF","34","200000","","8","729","2","1","Croatia","right","188","2.47","2.1","52.94","11.11","33.33","0","1.74","1.48","0.25","0.34","0","1.6","53.85","15.385","0.74","16.67","1.11","44.44","9.01","17.81","3.95","0.49","0","16.3","65.15","3.95","46.88","0.99","37.5","0.03","0.12","0","0","0.12","2.47","25","1.36","45.45","0.62","1.23","80"
"D. Kahrimanović","Austria 2.","Austria Salzburg","LDMF, DMF, RCB","25","0","2026-06-30","9","727","0","1","Bosnia and Herzegovina","","181","12.75","11.39","66.3","3.22","30.77","0.25","6.69","0.62","0","0.02","0","0.5","25","0","0.12","100","0.99","37.5","4.7","28.95","0.25","0.25","0","26","76.19","12.01","63.92","2.97","37.5","0.05","0","0.12","0","0.12","4.33","48.57","0.74","33.33","0.25","4.21","58.82"
"G. Haider","Austria 2.","Sturm Graz II","RCB","23","200000","","8","725","0","1","Austria","right","184","10.18","5.71","86.96","6.58","50.94","0.25","5.91","0.25","0","0.1","0","0.37","33.33","0","0","0","0.12","100","1.99","75","0.5","0","0","47.92","83.42","22.72","72.68","10.8","63.22","0.04","0","0","0","0.12","8.07","64.62","0.74","33.33","0.37","12.17","69.39"
"L. Ibertsberger","Austria 2.","Austria Lustenau","LB","22","400000","","10","725","0","1","Austria","left","181","6.7","5.09","65.85","2.11","64.71","0","3.92","1.61","0","0","0","0","0","0","1.99","43.75","1.24","60","2.36","52.63","0","1.24","0.12","38.36","81.88","14.52","67.52","4.72","34.21","0.12","0","0","0","0.25","3.85","58.06","2.48","45","0.25","7.82","76.19"
"A. Radics","Austria 2.","WSPG Wels","LCMF","24","0","","10","723","0","0","Austria","right","0","7.1","4.48","75","2.86","52.17","0","4.11","1.74","0","0.09","0","1.62","7.69","0","0.5","25","2.37","57.89","5.48","40.91","1","1.49","0.37","34.61","80.58","7.72","61.29","2.49","55","0.01","0","0.12","100","0","4.98","72.5","0.62","40","0.37","4.36","60"
"Luan","Austria 2.","WSPG Wels","RCB","29","0","","9","722","0","0","Brazil","right","186","8.6","4.86","61.54","4.49","47.22","0.5","6.38","0.37","0","0.06","0","0.5","25","0","0.12","100","0.12","100","0.87","28.57","0.62","0.62","0","25.93","87.5","10.84","81.61","3.61","65.52","0","0","0","0","0","2.24","72.22","0.25","100","0.25","4.11","66.67"
"L. Koblar","Austria 2.","Stripfing","LB, LCB","26","200000","","8","716","1","0","Slovenia","left","192","8.17","5.15","53.66","5.28","64.29","0.38","7.33","0.88","0.13","0.08","0.13","0.63","20","20","0.38","100","0.38","100","1.38","54.55","0.88","0.63","0","44.37","78.19","20.74","60.61","12.82","50","0.02","0","0","0","0.25","8.55","47.06","2.01","43.75","1.01","9.18","65.75"
"M. Horvat","Austria 2.","Admira","RCB","26","300000","","8","711","1","1","Croatia","right","180","8.35","5.82","56.52","2.91","43.48","0.25","6.59","0.89","0.13","0.06","0.13","0.76","33.33","16.667","1.01","37.5","0.25","100","1.77","50","1.77","1.27","0","36.71","78.62","14.43","61.4","7.85","53.23","0.05","0","0","0","0.13","6.46","52.94","1.39","54.55","0.38","8.48","73.13"
"F. Lukic","Austria 2.","Austria Wien II","LCMF, LDMF","19","0","","11","708","2","0","Sweden","","0","7.25","7.5","50.85","2.29","16.67","0.25","4.7","1.14","0.25","0.04","0","0.38","66.67","66.667","0.89","14.29","1.27","60","7.25","43.86","0.76","2.03","0.25","41.19","81.79","15.13","72.27","4.07","40.63","0.06","0","0","0","0","7.63","73.33","1.78","35.71","0.76","6.61","82.69"
"O. Okungbowa","Austria 2.","First Vienna","LCB","31","300000","","9","707","0","1","Austria","left","189","8.91","4.07","68.75","6.62","50","0.64","8.65","0.51","0","0.06","0","0.51","25","0","0.13","100","0.25","100","2.16","52.94","0.38","0.13","0","50.41","86.87","20.88","78.05","6.75","45.28","0","0","0","0","0.13","4.84","57.89","0.76","50","0.38","8.66","67.65"
"L. Afrifa","Austria 2.","Sturm Graz II","AMF, LCMF","19","0","2026-06-30","10","706","0","1","Ghana","unknown","0","6.12","5.48","69.77","2.17","23.53","0.25","2.86","3.44","0","0.1","0","1.4","18.18","0","1.78","42.86","3.95","58.06","14.53","40.35","0.51","1.53","0.13","32.38","74.8","9.43","62.16","3.06","50","0.04","0","0.13","100","0.25","5.35","57.14","2.8","59.09","0.89","5.35","76.19"
"A.  Camara","Austria 2.","Liefering","CF","19","0","","11","703","5","2","Burkina Faso","unknown","174","4.74","5.5","62.79","3.33","26.92","0.26","2.44","3.46","0.64","0.32","0","1.92","66.67","33.333","2.18","29.41","3.2","48","12.03","22.34","5.89","2.3","0.51","16","70.4","2.3","72.22","0.9","42.86","0.24","0.13","0","0","0.51","0.77","100","1.28","70","1.28","1.92","80"
"R. Marte","Austria 2.","Bregenz","RB, LB","23","200000","2026-06-30","9","702","0","1","Austria","","172","6.03","5.13","62.5","1.03","37.5","0.13","3.47","2.82","0","0.01","0","0.77","16.67","0","4.36","29.41","1.92","73.33","3.97","54.84","0.77","0.9","0","45","73.5","21.28","69.88","7.69","55","0.1","0","0","0","0.51","8.33","66.15","4.23","36.36","0.26","12.44","70.1"
"S. Haudum","Austria 2.","Admira","CB, LCB","30","250000","","8","702","0","1","Austria","right","188","7.05","3.59","78.57","5.51","53.49","0","5.42","0","0","0.08","0","0.38","0","0","0.13","0","0","0","0.38","33.33","0.64","0.38","0","45","89.17","14.36","71.43","5","56.41","0.05","0","0","0","0.13","3.21","68","0.26","50","0.38","6.41","62"
"L. Jastremski","Austria 2.","Austria Lustenau","CF","24","250000","2026-06-30","9","696","1","0","Germany","both","190","5.56","2.07","56.25","12.54","41.24","0.13","6.27","1.81","0.13","0.53","0","1.94","53.33","6.667","0.39","33.33","1.29","50","7.76","26.67","4.27","0.91","0","16.29","68.25","3.88","56.67","1.03","25","0.1","0.13","0","0","0.26","1.16","66.67","0.91","71.43","0.91","2.97","56.52"
"M. Hofer","Austria 2.","Kapfenberger SV","RB, RAMF","20","0","2026-05-31","10","693","0","0","Austria","right","183","9.61","9.61","68.92","1.82","14.29","0.26","4.06","1.69","0","0","0","0","0","0","1.43","36.36","1.95","60","4.16","43.75","0.39","1.69","0.26","28.7","73.3","10.65","60.98","4.16","50","0.02","0","0","0","0.13","3.12","62.5","1.82","35.71","0.39","7.14","54.55"
"K. Stratznig","Austria 2.","First Vienna","RDMF, LCMF, RCMF","23","200000","","9","691","0","0","Austria","right","183","7.68","6.12","63.83","2.08","31.25","0.26","4.82","0.26","0","0.02","0","0.39","0","0","0.13","0","0.39","66.67","2.21","41.18","0.78","0.39","0","24.88","76.44","9.77","56","4.3","48.48","0","0","0","0","0","3.39","46.15","0.65","0","0.13","4.3","60.61"
"E. Aisowieren","Austria 2.","Floridsdorfer AC","LWF, CF, AMF","20","0","","9","688","3","0","Austria","unknown","182","5.63","4.06","61.29","3.66","32.14","0.26","4.19","4.45","0.39","0.53","0.13","3.01","60.87","13.043","0.92","42.86","3.4","65.38","10.33","39.24","5.23","1.05","0.13","18.71","76.92","3.79","65.52","0.52","50","0.16","0","0.26","0","0.78","1.44","81.82","1.31","60","1.31","2.62","80"
"E. Roka","Austria 2.","Rapid Wien II","RB","18","0","","10","688","0","0","Austria","right","175","6.02","5.1","61.54","2.22","52.94","0.13","3.75","1.96","0","0.01","0","0.13","100","0","1.96","20","2.49","57.89","8.11","38.71","0.78","1.31","0","27.86","73.71","11.25","61.63","3.92","50","0.05","0","0.13","0","0.26","2.62","50","2.75","47.62","0.92","6.28","64.58"
"L. Sandmayr","Austria 2.","Austria Salzburg","RB","26","0","","9","683","1","1","Austria","right","0","8.7","6.33","68.75","2.77","61.9","0.26","6.2","1.58","0.13","0.01","0","0.4","33.33","33.333","1.05","62.5","0.79","83.33","2.37","61.11","0.4","1.58","0","36.9","72.14","20.82","64.56","7.38","51.79","0.1","0","0.13","100","0.13","6.72","60.78","1.05","62.5","0.53","11.99","62.64"
"R. Osayantin","Austria 2.","Sturm Graz II","CF, LWF","18","0","","11","676","3","0","Austria","unknown","0","6.39","3.86","58.62","9.45","32.39","0.13","5.44","2.4","0.4","0.29","0","1.33","50","30","0.8","33.33","2.93","50","11.58","31.03","3.2","1.33","0","18.51","61.87","4.79","47.22","0.4","0","0.14","0","0","0","0.4","1.33","50","1.6","66.67","1.07","2.8","52.38"
"K. Conté","Austria 2.","WSPG Wels","RCMF, DMF","26","0","","8","675","1","0","Guinea","left","171","14.8","11.87","66.29","2.53","57.89","0.13","7.91","0.93","0.13","0.03","0","0.53","25","25","0","0","0.8","100","6.27","65.96","0","0.13","0","40.4","78.55","10.93","54.88","5.07","47.37","0","0","0","0","0","5.73","53.49","1.2","44.44","0.27","4.53","70.59"
"J. Brandtner","Austria 2.","Liefering","LB","19","0","","8","672","1","0","Austria","","0","8.97","7.23","51.85","2.81","61.9","0.13","8.91","1.07","0.13","0.08","0","0.54","50","25","1.47","18.18","0.54","100","2.54","52.63","1.47","2.01","0","39.91","74.16","17.95","60.45","7.5","50","0.02","0","0","0","0.13","8.71","49.23","3.62","29.63","1.07","9.51","76.06"
"L. Stöckl","Austria 2.","Stripfing","RCB, RB","18","0","","10","670","1","0","Austria","right","184","7.79","4.84","63.89","4.43","42.42","0.13","5.15","0.54","0.13","0.14","0","0.67","40","20","0.13","0","0.4","66.67","2.42","66.67","0.67","0.67","0","38.42","81.47","12.36","59.78","6.45","45.83","0","0","0","0","0","6.04","60","0.54","25","0.27","7.66","57.89"
"L. Gabbichler","Austria 2.","Floridsdorfer AC","CF","27","100000","2026-06-30","10","670","1","1","Austria","right","186","2.42","1.88","57.14","8.33","35.48","0.27","1.78","2.15","0.13","0.5","0","2.82","23.81","4.762","2.69","30","1.34","50","5.24","33.33","5.24","1.34","0.27","22.16","69.09","5.1","65.79","1.21","88.89","0.13","0","0","0","0.27","2.42","66.67","2.42","50","0.94","3.49","80.77"
"E. Mušić","Austria 2.","Rapid Wien II","RCMF, AMF, LCMF","18","0","","10","670","3","2","Austria","right","0","5.1","6.04","51.11","1.21","44.44","0","2.41","3.76","0.4","0.13","0","1.07","37.5","37.5","0.54","75","3.9","65.52","12.9","45.83","1.34","1.88","0.13","26.06","62.89","12.36","48.91","4.97","40.54","0.16","0","0.67","60","0.54","7.39","49.09","3.22","62.5","1.48","6.72","74"
"M. Berg","Austria 2.","Kapfenberger SV","DMF, RCMF","22","50000","","9","667","0","0","Germany","right","178","9.31","7.15","67.92","2.83","42.86","0.27","5.17","1.35","0","0.05","0","0.67","40","0","1.08","37.5","1.21","55.56","6.07","48.89","1.75","1.08","0.13","25.5","72.49","12.55","67.74","2.56","63.16","0.02","0","0.13","0","0.13","5.4","75","1.08","37.5","0.13","6.88","86.27"
"L. Deinhofer","Austria 2.","Amstetten","RCB, LCB","31","150000","","8","667","0","0","Austria","both","176","11.87","6.48","68.75","5.94","50","0.67","8.97","0.54","0","0.02","0","0.54","25","0","0.81","16.67","0.27","100","1.21","66.67","0.67","1.08","0","33.06","65.31","18.35","51.47","10.12","45.33","0","0","0","0","0","8.64","46.88","0.81","33.33","0.27","8.91","66.67"
"T. Mayer","Austria 2.","Amstetten","RWF, RW, LW","30","200000","","10","667","0","4","Austria","left","171","4.18","4.59","61.76","2.83","19.05","0.13","1.76","7.29","0","0.24","0","2.83","47.62","0","5.53","31.71","7.29","53.7","12.01","40.45","3.78","2.7","1.08","26.45","59.69","9.18","57.35","2.7","50","0.3","0","0.67","40","1.21","4.05","70","6.48","50","2.29","6.21","80.43"
"F. Prohart","Austria 2.","Kapfenberger SV","CF, RCMF, LCMF","26","225000","","8","666","2","1","Austria","right","172","5.41","4.46","57.58","3.11","34.78","0.27","3.27","1.62","0.27","0.09","0","0.95","42.86","28.571","1.22","66.67","1.89","21.43","9.19","25","1.08","1.76","0.27","30","77.93","8.11","61.67","0.81","33.33","0.09","0","0","0","0.41","2.84","66.67","1.62","83.33","0.68","4.86","52.78"
"A. Conateh","Austria 2.","Amstetten","LWF, CF, RW","18","0","","9","666","4","0","Gambia","right","171","5","4.86","58.33","4.73","22.86","0.14","2.81","4.59","0.54","0.39","0","2.43","61.11","22.222","1.49","18.18","6.08","46.67","13.92","36.89","3.38","2.16","0.41","15","63.06","2.43","38.89","1.62","58.33","0.13","0","0","0","0.54","1.35","20","2.16","50","1.76","2.7","60"
"M. Österreicher","Austria 2.","Austria Wien II","CF, RW, LB","19","0","","10","657","0","0","Austria","","180","6.44","6.16","57.78","4.11","26.67","0","3.71","2.74","0","0.08","0","0.96","42.86","0","1.64","25","4.11","46.67","10.27","36","1.78","1.64","0.14","22.19","53.09","8.63","42.86","3.29","20.83","0.06","0","0","0","0","3.29","37.5","2.19","37.5","0.68","4.66","47.06"
"J. Forst","Austria 2.","Admira","CF, LWF","22","0","","11","648","3","2","Austria","left","180","1.94","2.64","42.11","7.78","42.86","0","1.11","1.94","0.42","0.39","0","2.36","29.41","17.647","1.81","15.38","3.06","31.82","8.61","20.97","4.72","1.53","0.14","13.19","53.68","3.33","37.5","0.56","25","0.14","0","0.14","0","0.56","1.39","30","0.97","42.86","0.42","0.97","71.43"
"B. Zimmermann","Austria 2.","First Vienna","CF, RWF","23","500000","","11","636","5","0","Austria","right","179","3.68","3.4","66.67","5.66","25","0","1.62","1.13","0.71","0.38","0.42","1.84","53.85","38.462","0.57","0","0.42","33.33","4.67","39.39","3.4","0.42","0","13.58","66.67","1.56","36.36","0.57","75","0.04","0","0","0","0.14","0.85","66.67","0.14","100","0.14","0.57","25"
"M. Wade","Austria 2.","Austria Lustenau","AMF","23","0","","10","634","3","2","Senegal","","0","7.38","6.1","67.44","9.23","55.38","0.14","4.58","3.55","0.43","0.18","0.28","2.13","33.33","20","0.99","57.14","3.83","59.26","10.65","41.33","1.99","1.28","0.43","29.24","82.04","6.96","65.31","0.57","50","0.06","0.14","0.14","0","0.85","3.83","77.78","1.7","75","1.14","4.68","72.73"
"D.Berger","Austria 2.","Rapid Wien II","CF","20","0","","10","625","1","0","Austria","unknown","185","1.58","0.72","40","5.76","15","0","1.66","1.01","0.14","0.27","0","1.58","27.27","9.091","0.72","20","1.01","42.86","5.9","17.07","3.02","0.29","0.14","12.67","68.18","2.59","50","0.58","75","0.09","0","0.14","0","0.29","1.58","27.27","0.29","50","0.29","1.01","71.43"
"C. Knasmüllner","Austria 2.","Stripfing","CF, AMF, RWF","33","0","","10","621","2","1","Austria","right","181","2.17","1.88","84.62","3.91","22.22","0","0.62","1.16","0.29","0.16","0","1.59","18.18","18.182","0.58","25","1.01","57.14","6.09","33.33","1.88","0.43","0","23.04","83.02","4.35","66.67","1.59","54.55","0.17","0","0.29","50","0.43","1.45","60","1.59","45.45","0.72","2.32","62.5"
"T. Scharmer","Austria 2.","Sturm Graz II","LW, LB, LCMF","21","0","","8","621","2","0","Austria","left","185","10.29","8.41","65.52","2.9","35","0","5.36","2.61","0.29","0.12","0","0.87","50","33.333","0","0","4.2","51.72","9.57","39.39","0.72","1.45","0.14","27.54","71.05","13.91","59.38","3.62","28","0.05","0","0","0","0","6.09","54.76","1.45","50","0.72","7.1","61.22"
"M. Forjan","Austria 2.","WSPG Wels","RWB, LWB","29","0","","7","620","0","0","Austria","right","188","9.15","6.39","75","4.06","57.14","0.15","5.13","1.16","0","0","0","0","0","0","1.6","45.45","0.44","100","3.34","30.43","0.44","1.16","0","29.47","70.94","9.87","55.88","5.08","40","0.01","0","0.15","0","0","3.19","40.91","1.89","30.77","0.15","6.53","44.44"
"O. Strunz","Austria 2.","Rapid Wien II","CF, RAMF, RW","25","400000","2027-06-30","9","619","1","0","Austria","left","185","5.09","3.63","64","6.4","31.82","0.15","3.9","1.16","0.15","0.1","0","0.73","60","20","0.87","16.67","1.45","40","6.4","29.55","1.45","0.15","0","17.59","71.9","4.8","60.61","1.16","75","0.01","0","0.15","0","0","1.74","75","1.02","14.29","0.29","3.2","40.91"
"K. Nnamdi","Austria 2.","First Vienna","RB","19","0","2027-06-30","10","618","0","1","Austria","","0","8.01","6.41","68.18","1.31","33.33","0","4.29","2.91","0","0.02","0","0.29","0","0","2.91","35","2.91","65","10.05","47.83","1.02","3.5","0.44","28.25","79.38","7.43","74.51","3.35","52.17","0.04","0","0","0","0.15","2.91","75","2.62","50","0.29","6.41","72.73"
"Y. Cotter","Austria 2.","Bregenz","LB","23","100000","","8","614","0","0","Switzerland","left","175","9.09","7.92","53.7","2.05","42.86","0.29","6.47","2.2","0","0","0","0","0","0","2.05","42.86","1.91","69.23","7.18","34.69","0.29","2.49","0","43.97","77.33","19.5","69.17","5.42","45.95","0.03","0","0","0","0.15","7.77","60.38","2.64","55.56","0.29","10.85","77.03"
"Gabryel","Austria 2.","Stripfing","LW, LWF","26","175000","","10","611","1","0","Brazil","right","179","7.07","6.04","63.41","3.54","29.17","0.15","3.42","1.33","0.15","0.09","0","1.03","42.86","14.286","0.59","50","1.33","44.44","5.6","31.58","1.33","1.91","0.29","22.24","73.51","8.84","63.33","3.09","61.9","0.06","0","0.29","0","0.29","3.83","69.23","2.06","42.86","1.03","3.98","77.78"
"L. Dantas","Austria 2.","First Vienna","DMF, LDMF, RCMF","24","0","2026-06-30","7","607","0","0","Brazil","","0","9.49","6.08","60.98","4.15","53.57","0.44","8.12","1.04","0","0.02","0","1.19","25","0","0.15","100","0.89","66.67","5.78","46.15","0.74","0","0","37.96","82.81","9.79","65.15","2.97","50","0.03","0","0","0","0","5.34","77.78","1.04","57.14","0.3","5.34","58.33"
"A. Tambwe-Kasengele","Austria 2.","Admira","RCB, CB","21","200000","","7","603","0","0","Austria","right","187","8.21","5.82","64.1","4.78","56.25","0.9","6.52","0.15","0","0","0","0","0","0","0.3","0","0.3","50","1.19","62.5","0","1.19","0.3","46.42","86.5","20.3","77.94","6.72","73.33","0","0","0","0","0.15","5.82","74.36","0.6","50","0.15","11.04","71.62"
"N. Bitsche","Austria 2.","Floridsdorfer AC","DMF, LCMF","22","0","2026-06-30","8","594","0","0","Austria","right","179","11.06","8.64","70.18","5.15","35.29","0.61","5.45","0.91","0","0.18","0","1.36","44.44","0","0.15","0","0.61","25","3.64","29.17","1.36","0.45","0.15","42.42","81.79","16.06","67.92","6.06","50","0.02","0.15","0.15","100","0.15","11.06","65.75","1.97","61.54","1.21","7.58","74"
"E. Aguilar","Austria 2.","Liefering","AMF, LAMF, RAMF","18","0","","7","588","1","2","Switzerland","unknown","0","4.9","4.59","63.33","2.3","20","0","3.5","2.45","0.15","0.13","0.15","1.38","22.22","11.111","0.92","16.67","4.59","40","12.86","30.95","1.53","1.68","0.92","27.55","69.44","10.1","56.06","3.37","50","0.08","0","0.77","20","0.46","6.12","65","1.84","33.33","0.61","5.97","89.74"
"O. Thiero","Austria 2.","Rapid Wien II","DMF, RCMF, LCMF","19","0","2026-06-30","9","585","0","0","Mali","unknown","0","12.62","9.69","74.6","2.92","42.11","0.15","7.14","0.15","0","0","0","0.15","0","0","0.31","0","0.15","100","2.46","50","0","0","0","37.08","81.74","11.69","68.42","3.85","44","0","0","0","0","0","4.92","59.38","0.77","0","0","5.38","60"
"A. Abdijanović","Austria 2.","First Vienna","LAMF, CF, RAMF","24","300000","","8","581","0","1","Austria","right","180","2.94","2.63","47.06","2.17","21.43","0","2.24","1.08","0","0.08","0","1.7","9.09","0","1.08","14.29","1.7","45.45","3.87","40","1.39","1.24","0","19.36","63.2","7.13","58.7","1.86","41.67","0.11","0","0","0","0.31","4.18","59.26","2.01","46.15","0.77","4.49","65.52"
"C. Zawieschitzky","Austria 2.","Liefering","GK","18","0","2026-06-30","6","580","0","0","Austria","left","185","0.93","0.16","0","0.16","100","0","1.64","0","0","0","0","0","0","0","0","0","0","0","0","0","0","0","0","17.07","79.09","13.03","73.81","8.53","60","0","0","0","0","0","1.86","58.33","0.16","0","0","6.36","75.61"
"K. Bendra","Austria 2.","Sturm Graz II","RCMF, RB, RAMF","19","0","","7","580","0","1","Slovenia","right","0","6.98","5.43","65.71","1.86","58.33","0.16","4.29","3.57","0","0.04","0","0.93","50","0","2.17","21.43","3.26","80.95","8.38","42.59","1.24","2.95","0.47","34.91","74.22","13.66","70.45","3.57","47.83","0.01","0","0.16","0","0.31","6.05","69.23","2.48","31.25","0.47","6.83","72.73"
"L. Eloshvili","Austria 2.","Bregenz","RWF, RW, CF","28","175000","","11","576","1","0","Georgia","left","177","3.59","3.44","50","2.19","57.14","0.16","2.46","3.13","0.16","0.18","0","1.56","60","10","0.94","33.33","2.97","63.16","12.5","37.5","2.19","1.09","0.16","19.84","73.23","4.38","53.57","0.78","40","0.04","0.31","0.31","0","0.16","1.41","66.67","1.41","55.56","0.78","2.34","53.33"
"O. N'Zi","Austria 2.","Kapfenberger SV","LCB, CB","24","175000","","7","573","0","0","Côte d'Ivoire","left","193","7.38","5.65","72.22","2.36","46.67","0.16","4.44","0.31","0","0","0","0","0","0","0.47","66.67","0.16","0","2.04","30.77","0.63","0.63","0","34.87","89.64","14.29","80.22","4.24","66.67","0.05","0","0","0","0.31","3.93","80","0.63","75","0.31","7.38","80.85"
"F. Dursun","Austria 2.","St. Pölten","CF, AMF","20","0","2027-06-30","11","568","3","4","Austria","right","185","2.69","2.85","33.33","5.39","55.88","0.16","2.76","3.33","0.48","0.53","0.16","3.33","57.14","14.286","0.32","50","1.74","72.73","6.18","41.03","4.28","0.79","0","11.88","76","1.9","75","0.16","100","0.1","0","0","0","0.63","0.79","40","0.32","50","0.63","1.27","50"
"Nicolas Rossi","Austria 2.","Bregenz","LCMF, CF, AMF","21","0","","10","567","0","1","Brazil","","0","9.05","7.94","70","3.97","32","0.16","4.17","1.43","0","0.09","0","1.27","25","0","0.63","25","1.59","60","10.16","31.25","2.38","0.79","0","26.67","67.26","11.27","61.97","2.86","38.89","0.19","0","0","0","0.63","5.24","57.58","2.06","69.23","1.27","4.76","70"
"A. Kanurić","Austria 2.","Austria Klagenfurt","GK","25","150000","","6","567","0","0","Austria","right","194","1.43","0.16","100","0.95","83.33","0","1.45","0","0","0","0","0","0","0","0","0","0","0","0.16","100","0","0","0","26.19","84.24","14.29","75.56","10.32","66.15","0","0","0","0","0","1.9","50","0","0","0","9.05","70.18"
"C. Gebauer","Austria 2.","Austria Salzburg","RAMF, CF, RW","31","400000","","6","564","3","1","Austria","right","187","3.03","3.19","55","1.6","30","0.16","1.57","1.76","0.48","0.28","0.16","2.07","38.46","23.077","2.71","17.65","0.48","66.67","4.15","30.77","3.35","0.8","0","15.32","52.08","4.63","44.83","2.87","27.78","0.14","0.16","0.16","100","0.16","2.07","23.08","2.87","22.22","0.8","3.35","47.62"
"M. Sorda","Austria 2.","Austria Salzburg","CF, RAMF, RWF","29","0","","11","554","1","2","Bosnia and Herzegovina","both","177","4.71","4.39","66.67","3.74","21.74","0","2.35","1.62","0","0.17","0","0.97","33.33","16.667","3.09","42.11","0.32","0","4.39","14.81","1.79","0.49","0.16","25.02","68.83","5.85","58.33","2.27","42.86","0.32","0","0","0","0.65","3.41","52.38","3.57","45.45","1.14","4.55","64.29"
"S. Diarra","Austria 2.","Austria Lustenau","LAMF, AMF","21","0","","7","551","3","1","Mali","unknown","0","4.25","3.92","58.33","1.8","36.36","0","2.63","3.43","0.49","0.3","0.16","2.61","37.5","18.75","1.47","55.56","4.41","33.33","10.78","33.33","3.76","3.43","0.16","32.34","78.28","7.02","65.12","0.82","60","0.08","0","0.16","100","0.49","3.1","63.16","2.94","55.56","1.31","3.92","75"
"D. Ungar","Austria 2.","First Vienna","LDMF, RCMF, RDMF","25","150000","2026-06-30","7","548","1","0","Austria","right","190","8.7","4.6","67.86","2.96","55.56","0.16","6.44","0.49","0.16","0.04","0","0.82","20","20","0.33","50","0.82","20","4.43","37.04","0.82","0.66","0","31.53","71.88","9.85","50","4.76","44.83","0.02","0.16","0","0","0","3.12","63.16","1.15","57.14","0.49","5.26","56.25"
"J. Wolf","Austria 2.","Sturm Graz II","LB","19","0","","8","548","0","2","Austria","unknown","0","9.53","7.39","62.22","1.64","30","0.16","5.75","1.64","0","0","0","0","0","0","1.81","63.64","1.64","30","4.76","20.69","0.33","1.64","0.16","35.47","76.39","17.74","62.96","4.43","40.74","0.16","0","0","0","0.33","6.73","68.29","2.14","53.85","0","11.5","72.86"
"L. Nussbaumer","Austria 2.","Bregenz","RCMF, RDMF, RAMF","24","250000","2026-06-30","9","543","0","0","Austria","left","175","6.3","3.48","66.67","1.66","60","0.5","4.89","1.33","0","0.05","0","1.33","12.5","0","0","0","1.33","75","4.97","56.67","0.83","0.5","0","37.79","76.32","13.26","62.5","4.48","48.15","0.05","0","0.17","100","0","6.8","68.29","1.16","28.57","0.5","6.13","67.57"
"R. Young","Austria 2.","St. Pölten","CF","24","0","","6","541","2","0","Nigeria","right","185","3.33","3.66","36.36","5.49","33.33","0.17","3.53","2","0.33","0.27","0.17","1.83","54.55","18.182","0.17","0","3.16","31.58","13.31","26.25","3.33","1","0.33","11.81","80.28","0.83","40","0.17","100","0","0","0","0","0.17","0.33","50","0","0","0","0","0"
"M. Rottensteiner","Austria 2.","Bregenz","DMF, LDMF, LCMF","20","0","","8","537","0","0","Austria","right","174","11.4","9.39","58.93","2.68","37.5","0.17","7.61","0.17","0","0.01","0","0.5","33.33","0","0.34","0","0","0","1.17","71.43","0.34","0.34","0","37.71","81.33","11.4","66.18","6.03","61.11","0","0","0","0","0","5.87","65.71","0.67","100","0.5","7.21","60.47"
"J. Schriebl","Austria 2.","Bregenz","DMF, LDMF, LCMF","23","0","","8","536","0","1","Austria","right","184","8.73","5.88","65.71","5.54","63.64","0","5.74","0.17","0","0.02","0","0.34","0","0","0","0","0.5","33.33","2.18","38.46","0.34","0.34","0","27.37","80.37","12.26","65.75","3.53","47.62","0.05","0","0","0","0.34","5.21","61.29","0.84","40","0.34","5.37","56.25"
"M. Schablas","Austria 2.","Austria Wien II","LB, LWB, LAMF","20","150000","","6","533","0","2","Germany","left","180","9.79","7.09","69.05","1.52","88.89","0.34","6.41","3.21","0","0.08","0","0.84","40","0","2.03","50","2.87","64.71","7.77","54.35","1.01","1.52","0","36.47","74.54","14.18","60.71","5.4","37.5","0.09","0","0","0","0.51","5.74","50","1.52","33.33","0.17","7.94","65.96"
"B. Susso","Austria 2.","First Vienna","CF, LCMF","23","200000","","8","521","0","0","Gambia","right","175","2.07","2.25","53.85","13.65","45.57","0","1.33","0.86","0","0.31","0","1.73","30","0","0.52","66.67","0.52","0","7.43","16.28","2.07","0","0","12.96","73.33","2.42","50","0.52","33.33","0.04","0","0","0","0.17","1.55","44.44","0.86","40","0.17","1.55","66.67"
"C. Messerer","Austria 2.","St. Pölten","CF, RWF, RCMF","23","250000","","7","510","0","0","Austria","right","181","6.18","5.65","71.88","1.94","54.55","0.35","2.97","1.76","0","0.2","0","2.29","15.38","0","1.94","45.45","1.06","50","5.65","31.25","1.94","1.06","0","34.94","73.74","12.18","55.07","3.71","19.05","0.23","0","0.35","0","0.71","8.29","57.45","2.65","53.33","1.06","6.71","65.79"
"K. Aleksa","Austria 2.","Austria Wien II","CF, RWF, RCMF","18","0","","7","508","4","1","Austria","unknown","0","4.07","4.43","52","3.9","18.18","0.18","2.22","2.48","0.71","0.36","0","2.13","58.33","33.333","1.24","28.57","1.77","40","7.44","26.19","4.43","2.66","0.35","18.96","60.75","4.96","42.86","0.53","33.33","0.14","0.18","0.71","25","0.71","1.24","28.57","2.48","50","2.13","3.01","70.59"
"N. Schneider","Austria 2.","Floridsdorfer AC","LCMF, LDMF","21","0","","10","495","0","0","Austria","unknown","0","14.73","9.64","64.15","3.64","35","0","9.21","1.27","0","0.01","0","0.36","50","0","1.09","16.67","1.09","83.33","2.91","56.25","0.55","0.91","0","32.18","69.49","14.36","62.03","5.27","44.83","0.01","0.18","0","0","0.18","7.27","65","1.64","22.22","0.18","7.09","69.23"
"I. Vojic","Austria 2.","Bregenz","RB","19","0","2026-06-30","8","493","0","0","Austria","unknown","0","8.76","6.94","57.89","3.47","52.63","0.37","5.35","1.1","0","0","0","0","0","0","1.1","0","1.46","75","5.11","60.71","0.37","2.01","0.55","24.28","73.68","11.32","69.35","3.47","63.16","0","0.18","0","0","0","3.65","60","0.73","25","0.18","4.93","66.67"
"J. Überbacher","Austria 2.","Stripfing","GK","19","0","","5","487","0","0","Austria","","0","1.29","0","0","0","0","0","1.94","0","0","0","0","0","0","0","0","0","0","0","0","0","0","0","0","26.8","83.45","15.34","73.49","10.72","65.52","0","0","0","0","0","3.33","61.11","0.18","0","0","8.69","65.96"
"L. Orgler","Austria 2.","Rapid Wien II","GK","21","225000","2028-06-30","5","487","0","0","Austria","right","187","1.11","0.18","100","0.92","100","0","1.12","0","0","0","0","0","0","0","0","0","0","0","0","0","0","0.18","0","21.25","85.22","10.9","72.88","4.99","48.15","0","0","0","0","0","1.66","55.56","0.18","0","0","4.25","65.22"
"J. Steiger","Austria 2.","Amstetten","LCMF, RWF, LW","24","175000","","10","487","2","0","Austria","right","185","8.13","6.1","72.73","3.7","35","0.18","4.8","2.77","0.37","0.18","0","1.29","71.43","28.571","1.29","28.57","2.77","53.33","7.21","35.9","2.03","0.74","0","24.21","59.54","8.87","47.92","4.25","56.52","0.16","0","0","0","0","3.51","52.63","2.22","41.67","0.74","4.8","65.38"
"D. Jastrzembski","Austria 2.","Sturm Graz II","CF, LAMF","25","500000","2026-06-30","6","486","2","0","Germany","left","180","2.04","1.3","28.57","1.48","37.5","0","1.84","1.67","0.37","0.4","0","2.04","54.55","18.182","1.11","16.67","1.3","28.57","3.7","20","3.89","2.04","0.37","19.44","68.57","2.59","50","0.74","50","0.06","0","0","0","0.19","0.93","20","1.67","33.33","0.56","1.11","83.33"
"I. Ndukwe","Austria 2.","Austria Wien II","RCB, CB, LCB","17","0","","6","485","0","1","Austria","unknown","0","9.28","3.34","77.78","7.61","43.9","0.37","8.75","0","0","0.01","0","0.19","0","0","0","0","0","0","0.37","50","0.56","0.19","0","54","87.63","17.07","70.65","5.38","48.28","0.03","0","0","0","0.19","2.78","33.33","0.19","100","0.19","6.68","47.22"
"B. Göschl","Austria 2.","Rapid Wien II","GK","19","125000","","5","475","0","0","Austria","right","185","1.71","0.19","100","0.38","100","0","1.86","0","0","0","0","0","0","0","0","0","0","0","0.38","100","0","0","0","20.46","71.3","11.56","54.1","7.96","40.48","0","0","0","0","0","2.08","45.45","0.38","0","0","6.44","55.88"
"E. Scherf","Austria 2.","Stripfing","GK","22","200000","2026-06-30","5","473","0","0","Austria","right","186","1.52","0.19","100","0.38","50","0","1.54","0","0","0","0","0","0","0","0","0","0","0","0.19","100","0","0","0","28.16","81.08","12.56","65.15","11.99","58.73","0","0","0","0","0","3.23","35.29","0.19","0","0","7.23","73.68"
"M. Spasić","Austria 2.","Stripfing","LB, LCMF","27","175000","","8","470","0","0","Austria","left","182","11.49","9.57","66","3.06","37.5","0.19","5.95","0.96","0","0","0","0","0","0","2.3","8.33","2.11","36.36","6.13","25","0.38","2.11","0.19","40.02","75.12","10.91","63.16","3.64","57.89","0.02","0","0","0","0","4.21","59.09","2.11","18.18","0.19","7.47","56.41"
"F. Jaritz","Austria 2.","Austria Klagenfurt","LWF, CF, AMF","28","500000","2026-06-30","10","469","0","1","Austria","left","163","4.22","1.54","50","4.03","28.57","0.19","3.5","0.58","0","0.09","0","0.58","33.33","0","0.96","20","0.38","50","4.22","22.73","1.34","0.77","0","18.04","63.83","4.22","40.91","1.73","22.22","0.1","0.19","0","0","0.77","2.3","58.33","1.54","50","0.96","3.45","55.56"
"J. Hussauf","Austria 2.","Liefering","RB, RWB","19","0","","6","466","0","0","Austria","unknown","0","7.15","5.6","62.07","4.83","56","0","7.04","0.77","0","0.03","0","0.97","0","0","1.35","42.86","0.97","20","2.51","30.77","0.39","1.16","0","31.09","70.19","17.38","64.44","7.34","50","0.01","0","0.19","0","0.19","6.37","54.55","2.7","57.14","1.35","9.66","78"
"L. Malicsek","Austria 2.","Admira","RCMF, LCB, DMF","26","300000","","5","464","0","1","Austria","right","182","10.28","6.21","68.75","5.04","42.31","0.97","6.85","0.19","0","0.01","0","0.78","0","0","0.39","50","0.19","0","1.36","42.86","0.97","0.58","0","35.5","74.86","12.22","65.08","5.24","59.26","0","0","0","0","0.19","6.59","73.53","0.58","33.33","0","8.34","53.49"
"M. Moswitzer","Austria 2.","Liefering","LCB, RCB","20","0","","5","451","1","0","Austria","right","0","12.17","10.58","69.81","4.19","38.1","0.4","6.28","0.6","0.2","0.06","0","0.4","50","50","0.2","100","0.2","100","2","70","0.4","0.6","0","51.49","77.52","25.54","60.94","11.37","36.84","0.03","0","0","0","0.2","12.57","55.56","1.8","11.11","0.2","12.77","64.06"
"M. Schabauer","Austria 2.","Admira","RWF, LWB, RCMF","20","0","","9","444","0","0","Austria","","0","7.3","5.47","66.67","2.64","38.46","0","5.54","2.84","0","0.09","0","1.01","60","0","1.62","37.5","3.04","46.67","7.5","29.73","2.64","2.43","0.2","31.62","82.69","8.92","75","2.43","83.33","0.07","0","0.41","50","0.2","5.07","64","2.03","20","0.61","4.26","95.24"
"S. Pirker","Austria 2.","Sturm Graz II","LCB, RB","19","0","","7","443","0","1","Austria","right","0","10.77","7.31","66.67","2.64","30.77","1.22","5.87","0.61","0","0.01","0","0.41","0","0","0.2","0","0.81","75","1.63","50","0.61","0.2","0","28.44","68.57","14.22","52.86","6.5","34.38","0.08","0","0","0","0.2","5.89","48.28","0.81","0","0.2","7.92","58.97"
"Seo Jong-Min","Austria 2.","First Vienna","RAMF, CF, RW","23","100000","","10","442","1","0","Korea Republic","both","180","6.52","6.72","51.52","2.85","35.71","0","4.69","4.07","0.2","0.21","0","3.87","15.79","5.263","2.44","33.33","4.68","56.52","10.79","43.4","1.63","3.67","1.02","23.01","68.14","6.92","52.94","1.63","37.5","0.06","0.2","0","0","0.2","2.04","50","2.04","30","0.2","3.05","46.67"
"O. Abdi","Austria 2.","Austria Wien II","LW, RCMF, RDMF","19","0","","11","441","0","0","Somalia","unknown","0","13.06","12.86","68.25","3.47","47.06","0.61","5.09","0.61","0","0.05","0","0.82","0","0","0","0","1.22","50","2.45","33.33","0.2","1.22","0","34.08","79.64","9.18","57.78","1.43","28.57","0","0","0","0","0","4.29","71.43","0.82","0","0.2","3.88","42.11"
"S. Umjenovic","Austria 2.","Bregenz","LCB, LB","30","200000","2026-06-30","9","439","0","0","Austria","left","190","11.69","5.33","73.08","4.72","52.17","0","9.29","0.21","0","0","0","0","0","0","0.41","0","0.21","100","0.62","100","0.62","0.62","0","39.98","74.36","20.09","60.2","10.66","53.85","0","0.21","0","0","0","7.18","62.86","1.23","16.67","0.21","12.51","62.3"
"M. Kuttin","Austria 2.","Austria Klagenfurt","GK","31","200000","","5","433","0","0","Austria","right","195","1.04","0","0","0.21","100","0","1.3","0.21","0","0","0","0","0","0","0","0","0.21","100","0.21","100","0","0","0","36.17","81.61","22.66","70.64","15.38","59.46","0","0","0","0","0","7.07","52.94","1.04","40","0.62","11.85","78.95"
"D. Nussbaumer","Austria 2.","Bregenz","CF, AMF","25","50000","","5","429","3","2","Austria","right","188","2.94","3.57","41.18","4.83","26.09","0","1.7","1.68","0.63","0.3","0","1.89","44.44","33.333","0.42","0","0.63","33.33","10.7","23.53","2.52","0","0","25.59","60.66","10.07","56.25","0.84","50","0.22","0.21","0.63","100","0.63","2.73","61.54","3.15","46.67","1.47","4.2","70"
"O. Badarneh","Austria 2.","Rapid Wien II","DMF, RCMF, RB","18","0","","7","425","0","1","Austria","unknown","0","13.98","8.68","63.41","3.18","53.33","0.64","9.71","1.91","0","0.01","0","0.42","0","0","0.85","50","2.12","70","5.72","44.44","0","0.85","0","36","75.88","13.13","58.06","3.81","38.89","0.07","0","0","0","0.42","5.51","57.69","1.91","66.67","0.64","8.68","48.78"
"T. Altersberger","Austria 2.","St. Pölten","RB, RW","25","200000","2026-05-31","10","425","1","1","Austria","","0","5.29","2.54","66.67","1.69","62.5","0.42","6.76","2.75","0.21","0.01","0","0.64","33.33","33.333","4.02","36.84","1.91","55.56","3.6","29.41","1.48","1.06","0.21","62.68","82.09","20.12","70.53","4.45","52.38","0.25","0","0","0","1.06","5.29","60","4.66","27.27","0.64","11.44","77.78"
"M. Brugger","Austria 2.","WSPG Wels","RWB, LB, RB","23","0","","5","412","0","0","Austria","unknown","0","10.7","8.96","58.54","4.15","57.89","0.44","7.21","1.09","0","0.16","0","1.09","40","0","1.53","14.29","1.53","28.57","5.24","12.5","1.09","1.31","0.22","27.31","65.6","9.83","46.67","3.71","41.18","0.07","0","0","0","0.44","2.62","50","1.75","25","0.44","5.46","44"
"M. Djuričin","Austria 2.","First Vienna","AMF, CF","32","150000","","5","408","2","0","Austria","right","183","2.21","2.21","30","2.21","20","0","2.06","3.09","0.44","0.5","0.22","2.87","30.77","15.385","1.1","60","3.31","46.67","9.71","27.27","2.21","0.44","0.22","13.9","60.32","3.09","50","0.44","100","0.04","0.22","0.22","0","0.22","1.32","33.33","2.21","70","0.88","2.43","81.82"
"S. Furtlehner","Austria 2.","Stripfing","RCB, LCB, CB","24","0","2026-06-30","7","405","0","0","Austria","right","190","10.44","7.33","75.76","10.44","72.34","0","5.35","0.22","0","0.01","0","0.22","0","0","0.22","100","0","0","0.22","100","0.67","0","0","31.11","72.86","11.33","45.1","5.33","25","0","0","0","0","0","4.44","30","0.67","33.33","0","5.33","45.83"
"S. Lüchinger","Austria 2.","Bregenz","RCMF, RDMF, DMF","22","100000","","5","404","0","1","Liechtenstein","right","178","7.35","6.91","48.39","1.56","42.86","0.45","4.46","0.22","0","0","0","0.22","0","0","0.22","100","0","0","2","22.22","0","0","0","33.42","82","10.69","72.92","3.12","42.86","0.05","0","0","0","0.22","6.01","70.37","0.67","33.33","0.22","6.24","67.86"
"M. Theiner","Austria 2.","Austria Salzburg","RB, DMF, RCB","27","0","","8","404","0","1","Italy","both","187","11.36","9.36","64.29","3.12","28.57","0.45","7.02","0.67","0","0.05","0","0.45","50","0","0.67","66.67","0.22","0","2.45","45.45","0.89","0","0","29.85","75.37","16.04","69.44","5.57","56","0","0","0","0","0","4.68","71.43","0.89","50","0","10.02","64.44"
"V. Zabransky","Austria 2.","Liefering","LCB","18","0","","6","403","0","0","Austria","right","193","12.95","6.03","66.67","6.7","53.33","1.56","16.52","0.45","0","0.04","0","0.22","0","0","0.45","50","0.22","100","2.23","50","0.22","0.22","0.22","58.73","84.79","31.94","76.22","8.26","56.76","0","0","0","0","0","8.71","76.92","1.12","60","0.45","14.07","82.54"
"M. Thurnwald","Austria 2.","WSPG Wels","RB, LWB, LB","27","300000","","6","399","0","0","Austria","right","172","9.02","5.86","61.54","2.71","16.67","0","6.67","2.03","0","0.04","0","0.9","0","0","2.71","50","0.9","75","5.86","38.46","0","1.58","0.23","36.77","71.78","16.47","68.49","6.09","37.04","0.05","0","0","0","0.23","7.89","57.14","3.83","41.18","0.23","9.02","67.5"
"J. Schwaighofer","Austria 2.","WSPG Wels","AMF, RWF, RW","24","0","2026-06-30","10","398","0","1","Austria","right","0","4.52","5.65","60","0.9","25","0","1.72","2.04","0","0.1","0","2.04","44.44","0","2.04","22.22","2.26","30","8.37","21.62","1.36","1.13","0.23","22.84","70.3","5.43","45.83","2.26","50","0.16","0","0","0","0","2.26","60","1.58","28.57","0.23","3.62","50"
"B. Mane","Austria 2.","St. Pölten","AMF, CF, RWF","24","0","","11","398","0","0","Senegal","left","172","4.07","4.52","70","1.36","16.67","0","1.71","4.07","0","0.27","0","3.39","46.67","0","1.81","0","4.07","61.11","11.08","40.82","3.62","2.49","0.23","26.91","78.15","5.43","62.5","1.36","50","0.04","0","0","0","0","2.94","84.62","2.71","33.33","1.58","1.81","87.5"
"N. Steiner","Austria 2.","Stripfing","RCB, RB","26","0","","7","395","0","0","Austria","right","186","8.89","6.84","63.33","3.19","28.57","0.23","5.31","1.14","0","0","0","0.23","0","0","1.59","28.57","0.68","100","1.82","100","0.23","1.37","0.23","38.51","73.96","18.46","64.2","8.89","51.28","0.01","0","0","0","0","7.97","62.86","2.73","25","0.46","11.16","71.43"
"A. Schwarz","Austria 2.","Admira","LCMF, LWB, LB","21","0","","7","389","3","1","Austria","right","180","9.49","6.71","65.52","3.47","26.67","0.23","7.59","3.01","0.69","0.25","0.23","1.85","50","37.5","3.01","38.46","1.85","50","6.25","44.44","2.08","1.39","0","39.1","80.47","6.71","65.52","2.78","58.33","0.03","0","0.23","0","0.93","4.4","52.63","2.78","50","0","5.78","72"
"J. Murgaš","Austria 2.","Admira","DMF, LCMF, RCMF","21","0","","7","385","0","0","Slovakia","right","178","7.71","5.38","73.91","1.64","14.29","0","4.89","1.17","0","0.02","0","0.94","0","0","0.7","66.67","1.87","25","6.31","33.33","0.94","1.64","0","43.95","80.85","10.52","62.22","3.27","35.71","0.02","0","0.23","100","0","4.91","57.14","1.87","37.5","0.7","5.61","66.67"
"A. Ilić","Austria 2.","Austria Wien II","LCB, LB","20","0","","6","385","0","0","Serbia","unknown","0","7.48","4.91","66.67","2.34","40","0.7","6","0.23","0","0","0","0","0","0","0.23","100","0.23","0","1.4","33.33","0.23","1.17","0","54.7","82.48","23.14","75.76","8.88","57.89","0","0","0","0","0","7.71","60.61","1.64","28.57","0.23","10.99","59.57"
"I. Ivušić","Croatia 1.","Hajduk Split","GK","30","2500000","2026-05-31","11","1102","0","0","Croatia","right","195","1.39","0","0","0.25","66.67","0","2.26","0","0","0","0","0","0","0","0","0","0","0","0.08","0","0","0","0","21.4","84.73","10.54","72.09","7.92","60.82","0","0","0","0","0","1.88","30.43","0.16","0","0","4.66","66.67"
"O. Hadzikić","Croatia 1.","Slaven Belupo","GK","29","700000","","11","1098","0","0","Austria","right","189","0.98","0.08","100","0.33","100","0","0.98","0","0","0","0","0","0","0","0","0","0","0","0","0","0","0","0","21.23","81.47","12.13","68.24","9.67","62.71","0.01","0","0","0","0.08","2.13","42.31","0.16","50","0.08","6.39","67.95"
"D. Kovačić","Croatia 1.","Slaven Belupo","LCB","31","300000","2026-06-30","11","1098","0","0","Croatia","right","192","10.33","6.89","72.62","2.21","59.26","0.49","6.76","0.16","0","0.03","0","0.25","0","0","0.16","0","0.25","66.67","0.57","57.14","0.66","1.15","0","42.38","90.91","18.36","85.27","5.74","67.14","0.01","0","0","0","0.08","3.61","81.82","0.33","50","0.08","6.89","70.24"
"D. Matijaš","Croatia 1.","Gorica","GK","26","800000","2026-06-30","11","1095","0","0","Croatia","right","188","1.97","0","0","0.25","100","0","2.67","0","0","0","0","0","0","0","0","0","0","0","0","0","0","0","0","19.64","84.94","9.29","69.03","6","58.9","0","0","0","0","0","1.56","36.84","0.25","0","0","4.27","71.15"
"J. Filipović","Croatia 1.","Gorica","RCB, CB","33","350000","","11","1083","0","0","Bosnia and Herzegovina","right","191","6.32","4.16","62","4.07","53.06","0.25","4.35","0.17","0","0.03","0","0.25","66.67","0","0","0","0.08","0","0.75","55.56","0.5","0.5","0","43.3","88.48","15.96","80.73","5.32","53.13","0","0","0","0","0","3.49","52.38","0.25","0","0","5.57","68.66"
"F. Kolić","Croatia 1.","Istra 1961","GK","22","450000","2026-05-31","11","1081","0","0","Croatia","right","190","1.17","0.25","66.67","0.33","100","0","1.27","0","0","0","0","0","0","0","0","0","0","0","0","0","0","0","0","16.23","82.05","7.58","67.03","5.33","50","0","0","0","0","0","0.83","20","0.08","0","0","3.75","46.67"
"V. Koski","Croatia 1.","Istra 1961","RCB","23","500000","2027-06-30","11","1081","0","0","Finland","right","185","8.49","4.91","66.1","3.41","53.66","0.75","6.65","0.17","0","0.02","0","0.08","0","0","0","0","0.25","66.67","1.42","41.18","0.33","0.75","0.17","53.03","86.66","19.57","73.19","4.91","35.59","0","0","0","0","0","4.5","55.56","0.33","25","0.08","8.33","65"
"J. Radošević","Croatia 1.","Istra 1961","RDMF, DMF, RCMF","31","1500000","","11","1081","0","0","Croatia","right","180","8.66","6.41","71.43","1.17","57.14","0.33","4.75","1.08","0","0.07","0","0.5","66.67","0","0.67","75","0.58","42.86","2.66","37.5","0.42","0.92","0","34.55","85.06","9.41","69.03","2.66","53.13","0.05","0","0","0","0.17","4.75","68.42","1.75","61.9","0.75","5.33","68.75"
"O. Zelenika","Croatia 1.","Varaždin","GK","32","400000","2026-05-31","11","1080","0","0","Croatia","left","192","2.08","0.17","100","0","0","0","2.35","0.08","0","0","0","0","0","0","0","0","0.08","100","0.17","100","0","0","0","18","83.8","8.83","69.81","5.92","54.93","0","0.08","0","0","0","0.75","22.22","0.08","0","0","3.83","63.04"
"S. Lončar","Croatia 1.","Istra 1961","AMF, RWF, RCMF","28","1000000","","11","1075","3","2","Bosnia and Herzegovina","left","187","3.35","3.68","47.73","1.17","35.71","0.08","2.01","2.85","0.25","0.12","0","1.26","40","20","1.76","33.33","3.68","43.18","7.37","32.95","2.18","2.43","0.5","25.03","74.92","7.12","49.41","2.09","52","0.13","0","0.33","50","0.42","3.77","48.89","3.01","50","1.51","3.93","74.47"
"J. Posavec","Croatia 1.","Lokomotiva Zagreb","GK","29","500000","","11","1069","0","0","Croatia","right","190","1.43","0","0","0.17","50","0","1.83","0","0","0","0","0","0","0","0","0","0","0","0.08","100","0","0","0","29.89","87.61","11.79","77.86","7.91","59.57","0","0","0","0","0","1.68","60","0.08","100","0.08","5.81","65.22"
"C. Mbacke Diop","Croatia 1.","Lokomotiva Zagreb","CB, RCB, LCB","19","0","2029-06-30","11","1063","1","0","Senegal","","0","10.33","4.74","71.43","4.4","50","0.68","8.34","0.17","0.08","0.04","0","0.34","25","25","0.08","0","0.17","50","1.44","52.94","0.85","0.93","0.08","37.51","84.88","14.73","76.44","5","55.93","0","0","0","0","0","3.73","63.64","0.34","25","0.17","6.69","64.56"
"A. Jagušić","Croatia 1.","Slaven Belupo","RAMF, AMF, RCMF","20","0","2028-06-30","11","1002","2","4","Croatia","left","174","6.38","5.3","67.8","1.89","9.52","0.09","2.85","3.32","0.18","0.09","0","2.16","33.33","8.333","1.35","40","4.22","46.81","12.75","38.73","1.8","2.51","0.63","33.14","81.3","8.08","71.11","2.43","70.37","0.21","0","0.27","33.33","0.9","4.31","77.08","2.25","64","1.17","5.75","76.56"
"M. Leš","Croatia 1.","Gorica","LCB, CB","25","300000","2026-06-30","10","997","0","0","Croatia","left","182","6.77","4.96","58.18","3.07","55.88","0.27","5.04","0","0","0","0","0.09","0","0","0.09","0","0.09","0","1.17","46.15","0.18","0.63","0.27","46.31","91.03","16.61","79.89","3.34","43.24","0.01","0","0.09","0","0","4.15","67.39","0.27","33.33","0.27","6.86","71.05"
"M. Malenica","Croatia 1.","Osijek","GK","31","500000","","10","989","0","0","Croatia","right","191","1.09","0","0","0.36","75","0","1.49","0","0","0","0","0","0","0","0","0","0","0","0","0","0","0","0","19.57","91.16","8.19","84.44","5.28","74.14","0","0","0","0","0","1","72.73","0.18","50","0.09","4.73","75"
"J. Pršir","Croatia 1.","Gorica","AMF, LCMF, RCMF","25","2500000","2026-08-31","11","988","2","0","Croatia","right","181","7.11","5.92","66.15","2.55","35.71","0.18","3.52","1.91","0.09","0.18","0","1.82","25","10","1.18","38.46","1.55","64.71","7.47","47.56","2.19","1.55","0.09","29.42","86.38","7.29","68.75","1.37","60","0.11","0","0.18","0","0.55","3.64","75","1.73","52.63","0.73","3.28","80.56"
"M. Zlomislić","Croatia 1.","Rijeka","GK","27","150000","","10","985","0","0","Bosnia and Herzegovina","right","190","0.73","0.09","100","0.73","100","0","0.9","0","0","0","0","0","0","0","0","0","0","0","0.09","100","0","0","0","18.82","84.95","9.23","71.29","6.49","61.97","0","0","0","0","0","1.19","61.54","0.09","0","0","5.3","67.24"
"M. Valinčić","Croatia 1.","Dinamo Zagreb","RB","22","0","","10","979","0","1","Croatia","right","182","9.19","6.44","64.29","1.47","43.75","0.28","7.32","2.21","0","0.04","0","0.64","28.57","0","2.39","23.08","2.57","57.14","5.98","46.15","1.38","2.39","0.64","45.23","80.89","16.46","73.18","3.77","48.78","0.07","0.09","0","0","0.37","6.25","64.71","2.76","36.67","0.83","8.73","76.84"
"I. Nevistić","Croatia 1.","Dinamo Zagreb","GK","27","1500000","2028-06-30","10","979","0","0","Croatia","right","193","1.2","0","0","0.09","100","0","1.69","0","0","0","0","0","0","0","0","0","0","0","0.09","100","0","0","0","24.73","85.5","12.87","73.57","8","58.62","0","0","0","0","0","1.47","56.25","0.18","0","0","5.24","71.93"
"S. McKenna","Croatia 1.","Dinamo Zagreb","LCB","28","9000000","2027-06-30","10","979","1","0","Scotland","left","189","6.25","3.49","73.68","5.79","65.08","0.46","5.49","0.18","0.09","0.03","0.09","0.37","50","25","0","0","0.09","0","1.65","33.33","0.37","1.56","0.28","62.6","92.8","21.24","85.71","4.96","66.67","0","0","0","0","0","6.16","79.1","0.28","100","0.09","8.92","81.44"
"R. Pukštas","Croatia 1.","Hajduk Split","AMF, RCMF","21","0","2027-05-31","11","978","4","0","United States","right","181","6.81","6.63","61.11","8.28","55.56","0.18","4.39","3.22","0.37","0.3","0.18","2.02","31.82","18.182","0.55","50","3.04","72.73","8.83","44.79","3.87","3.13","0.18","20.8","75.22","6.81","68.92","1.47","43.75","0.07","0.09","0.18","50","0.09","3.87","64.29","0.83","66.67","0.92","2.94","56.25"
"D. Maresić","Croatia 1.","Istra 1961","LCB, CB","26","750000","2026-06-30","10","975","0","0","Austria","right","183","8.49","3.32","72.22","2.77","50","0.92","7.38","0.09","0","0","0","0.09","0","0","0","0","0.09","0","1.94","47.62","0.18","2.22","0.09","56.03","85.01","27.42","75.76","11.08","58.33","0.04","0","0.28","33.33","0.09","11.91","64.34","1.02","18.18","0.37","14.03","79.61"
"A. Kavelj","Croatia 1.","Gorica","RCMF, LCMF, LDMF","20","0","","11","974","1","1","Croatia","right","0","7.58","5.17","67.86","2.86","61.29","0.09","4.35","0.74","0.09","0.14","0","0.92","30","10","0.83","22.22","0.65","42.86","2.59","32.14","1.39","0.55","0","23.01","71.49","9.7","60.95","2.13","47.83","0.1","0.09","0","0","0.28","3.6","64.1","1.02","54.55","0.65","4.16","68.89"
"R. Gonzales","Croatia 1.","Vukovar","AMF, CF","26","0","","10","958","4","0","Colombia","","0","5.26","4.89","55.77","1.41","20","0","2.6","3.01","0.28","0.25","0","1.78","42.11","21.053","0.94","40","3.19","58.82","12.49","45.86","2.07","1.78","0.47","26.12","79.14","8.83","75.53","1.69","44.44","0.04","0.19","0.19","0","0.09","3.48","78.38","1.88","60","0.94","4.32","76.09"
"N. Omerović","Croatia 1.","Osijek","LAMF, LW","22","1300000","","10","950","5","0","Bosnia and Herzegovina","right","175","6.16","6.06","59.38","1.52","18.75","0","3.12","5.87","0.47","0.39","0","3.79","27.5","12.5","2.84","36.67","6.92","54.79","16.11","36.47","3.79","2.84","0.38","34.86","74.18","7.11","57.33","3.32","42.86","0.06","0","0","0","0.09","2.94","58.06","4.26","55.56","1.71","6.06","65.63"
"J. Mišić","Croatia 1.","Dinamo Zagreb","DMF, RDMF, LDMF","31","2500000","2029-06-30","10","947","0","0","Croatia","right","187","6.94","5.13","66.67","1.43","60","0","4.71","1.81","0","0.08","0","1.33","35.71","0","0.95","30","1.05","72.73","3.9","46.34","0.76","1.14","0","46.09","88.25","13.78","77.24","3.99","57.14","0.1","0","0.29","100","0","9.69","79.41","2.19","34.78","0.76","7.89","79.52"
"Z. Šarlija","Croatia 1.","Hajduk Split","RCB, LCB","29","2000000","","10","929","1","0","Croatia","right","189","7.85","5.81","53.33","4.17","65.12","0.48","7.78","0.48","0.1","0.06","0","0.29","66.67","33.333","0","0","0.29","100","2.03","80.95","0.78","1.16","0.1","54.64","91.13","18.02","83.87","2.62","29.63","0","0.1","0","0","0","3.58","62.16","0.39","25","0.19","5.43","58.93"
"Renan Guedes","Croatia 1.","Osijek","RB","27","300000","","10","925","0","0","Brazil","right","177","7.69","7.01","52.78","2.72","64.29","0.29","5.45","1.85","0","0.03","0","0.39","0","0","3.89","25","2.04","42.86","7.01","33.33","1.07","1.75","0.49","34.83","74.02","16.05","66.67","4.67","37.5","0.12","0","0","0","0.39","4.86","70","3.11","28.13","0.1","8.37","68.6"
"A. Stojakovic","Croatia 1.","Lokomotiva Zagreb","CF","21","0","","11","911","3","1","Slovenia","","0","2.57","3.26","39.39","3.75","23.68","0.1","1.64","2.17","0.3","0.39","0","1.98","40","15","1.28","38.46","1.58","56.25","6.32","31.25","3.75","1.28","0.2","17.09","73.99","4.25","53.49","1.09","27.27","0.07","0","0","0","0.49","1.68","52.94","0.99","80","1.09","1.78","77.78"
"T. Fruk","Croatia 1.","Rijeka","AMF, CF, RCMF","24","5000000","2027-06-15","10","910","3","1","Croatia","left","177","3.76","3.36","70.59","2.87","27.59","0.1","2","3.07","0.2","0.36","0","1.98","30","15","2.18","36.36","3.66","45.95","11.67","46.61","2.97","1.68","0.49","28.58","78.89","9.4","68.42","2.67","70.37","0.17","0.1","0.1","0","0.59","4.45","75.56","2.87","51.72","1.29","5.04","76.47"
"J. Mitrović","Croatia 1.","Slaven Belupo","RB, LAMF, LW","25","600000","2027-06-30","11","901","4","1","Croatia","right","174","8.49","5.89","61.02","2.1","42.86","0","5.78","3","0.4","0.3","0.1","1.6","43.75","25","2.1","42.86","2.7","48.15","5.29","43.4","3.3","1.4","0.1","25.87","72.97","7.69","59.74","2.8","21.43","0.08","0","0.2","50","0.4","2.2","45.45","2.5","44","0.6","3.9","61.54"
"S. Lawal","Croatia 1.","Istra 1961","RAMF, LAMF, LWF","22","0","","11","891","1","1","Nigeria","right","184","4.14","4.65","58.7","3.64","30.56","0","1.66","3.03","0.1","0.14","0","1.62","25","6.25","2.63","30.77","4.44","40.91","11.11","33.64","3.23","3.64","1.11","19.09","66.14","3.94","48.72","1.11","36.36","0.13","0.1","0","0","0.2","1.82","44.44","2.32","43.48","0.81","2.63","65.38"
"A. Majstorović","Croatia 1.","Rijeka","RCB","31","400000","","9","890","0","1","Croatia","right","185","6.27","4.04","65","4.85","70.83","0.51","4.98","0.1","0","0.02","0","0.3","0","0","0.1","100","0","0","1.01","60","0.51","1.42","0","48.13","84.87","19.21","72.11","7.18","46.48","0","0","0","0","0","6.88","57.35","0.51","20","0","7.69","73.68"
"Ž. Trontelj","Croatia 1.","Gorica","RWB, RW, RB","25","350000","2027-06-30","9","886","1","2","Slovenia","right","177","7.11","5.79","63.16","2.13","42.86","0","3.69","3.05","0.1","0.06","0","0.41","50","25","4.88","43.75","1.63","43.75","4.16","41.46","1.12","1.93","0.41","35.55","74","11.07","66.06","3.86","44.74","0.24","0","0.1","0","1.52","4.57","66.67","5.08","56","1.42","7.72","80.26"
"Iker Pozo","Croatia 1.","Gorica","LCMF, DMF, RCMF","25","350000","2026-06-15","10","879","2","2","Spain","right","176","7.78","7.47","54.79","2.56","36","0.2","4.09","1.74","0.2","0.06","0","0.51","40","40","0.92","44.44","2.05","55","7.06","49.28","1.02","1.43","0.2","45.15","87.76","13.31","76.15","3.69","75","0.08","0.1","0.2","0","0.31","5.43","77.36","2.05","50","0.82","6.35","72.58"
"D. Kolinger","Croatia 1.","Lokomotiva Zagreb","RCB","31","500000","","9","866","0","0","Croatia","right","199","9.35","6.55","55.56","4.05","69.23","0.1","6.64","0.21","0","0.06","0","0.94","22.22","0","0.1","0","0","0","1.14","18.18","0.94","0.94","0","38.45","88.38","17.36","83.23","5.4","55.77","0","0","0","0","0","5.61","68.52","0.31","0","0.1","7.9","75"
"F. Krovinović","Croatia 1.","Hajduk Split","LDMF, LCMF","30","2800000","2027-05-31","11","854","0","0","Croatia","right","175","6.64","4.22","67.5","1.79","58.82","0.42","5.56","1.58","0","0.06","0","1.58","40","0","0.95","44.44","1.05","40","3.9","37.84","1.37","1.69","0.21","51.74","89.41","16.55","78.98","2.32","36.36","0.09","0.11","0.11","100","0.21","8.01","80.26","1.26","58.33","0.74","5.9","76.79"
"A. Kadušić","Croatia 1.","Istra 1961","RB, LB, RWB","28","600000","","10","849","1","1","Bosnia and Herzegovina","right","176","12.3","10.92","62.14","1.7","50","0.53","6.84","1.17","0.11","0.02","0","0.53","20","20","2.44","21.74","0.74","42.86","2.33","27.27","0.95","1.8","0.11","41.55","71.43","16.64","59.24","7.74","52.05","0.02","0","0.21","100","0.11","7.1","53.73","3.29","29.03","0.74","10.07","72.63"
"M. Čabraja","Croatia 1.","Gorica","LB, LCB, RCB","28","500000","2027-06-30","9","839","1","0","Croatia","left","182","7.62","5.04","65.96","2.57","12.5","0.64","5.22","2.25","0.11","0.02","0","0.86","12.5","12.5","2.15","50","1.82","41.18","4.72","50","0.54","2.04","0.43","45.38","84.4","22.85","82.63","6.33","64.41","0.05","0","0.32","100","0.54","7.62","76.06","3.33","67.74","0.97","12.77","83.19"
"L. Ba","Croatia 1.","Varaždin","LCB, CB","28","350000","","9","828","0","0","France","right","188","7.28","5.11","70.21","2.61","54.17","0.65","4.36","0.65","0","0.02","0","0.33","100","0","0","0","0.43","75","1.74","50","0.33","0.33","0","45.98","85.82","20.54","76.19","5.65","51.92","0","0","0","0","0","3.15","51.72","0.22","0","0.11","7.83","52.78"
"B. Bošković","Croatia 1.","Lokomotiva Zagreb","LCMF, LDMF, RCMF","23","100000","2026-06-15","11","822","0","0","Bosnia and Herzegovina","right","190","11.17","7.23","60.61","4.71","60.47","0.66","7.04","0.99","0","0.07","0","0.88","25","0","0.22","50","0.77","85.71","5.15","42.55","0.99","0.44","0","29.01","81.13","7.55","66.67","1.86","70.59","0.02","0","0","0","0","3.07","60.71","1.09","60","0.55","4.38","62.5"
"K. Pavičić","Croatia 1.","Vukovar","RB, LB, LCB","26","50000","","9","820","0","0","Croatia","right","0","11.74","6.59","56.67","2.52","56.52","0.44","7.69","1.21","0","0.04","0","0.55","20","0","2.2","35","0.77","42.86","1.98","44.44","0.77","0.55","0.44","26.67","70.37","10.1","57.61","5.38","48.98","0.01","0","0","0","0.11","3.51","46.88","2.09","36.84","0","6.7","55.74"
"F. Čuić","Croatia 1.","Gorica","CF","22","0","","11","818","4","1","Croatia","right","188","3.74","3.74","50","7.59","39.13","0.11","2.38","1.54","0.44","0.41","0.11","1.76","50","25","0.66","66.67","0.55","40","5.28","22.92","3.3","0.33","0","18.81","71.35","3.85","57.14","0.77","42.86","0.03","0","0.22","0","0.22","2.31","52.38","1.32","50","0.44","2.2","60"
"A. Maurić","Croatia 1.","Istra 1961","LDMF, LCMF","21","0","2027-06-30","11","818","2","0","Croatia","left","187","6.71","5.61","56.86","1.21","36.36","0.11","2.93","0.88","0.22","0.08","0","0.88","25","25","0.55","40","0.88","50","3.52","56.25","0.99","1.1","0","35.65","87.04","9.9","68.89","1.65","53.33","0.01","0","0.33","0","0.22","4.95","73.33","1.43","38.46","0.33","5.06","71.74"
"T. Božić","Croatia 1.","Slaven Belupo","RCB","37","100000","","9","817","0","0","Croatia","right","186","8.59","5.62","72.55","4.63","52.38","0.66","5.27","0.11","0","0.03","0","0.22","0","0","0.22","50","0","0","0.88","75","0.11","1.43","0.22","38.34","85.63","17.63","73.75","5.51","50","0","0","0","0","0","5.73","65.38","0.99","66.67","0.44","7.05","65.63"
"F. Krivak","Croatia 1.","Lokomotiva Zagreb","RAMF, RW, CF","20","0","2026-06-19","11","813","3","1","Croatia","left","180","4.32","3.65","54.55","2.1","31.58","0","2.64","2.99","0.33","0.1","0","1.33","58.33","25","1","44.44","3.1","53.57","9.3","39.29","2.66","2.66","0.55","21.59","77.95","3.21","58.62","1.77","56.25","0.16","0.11","0.11","100","0.89","1.88","58.82","1.44","53.85","1.11","1.55","78.57"
"M. Heister","Croatia 1.","Istra 1961","LB, LWB","33","250000","2026-06-30","9","812","0","0","Germany","left","182","9.64","6.87","66.13","1.88","70.59","0.44","5.56","1.33","0","0.01","0","0.44","25","0","1.88","35.29","1","55.56","3.1","50","0.11","1","0.22","31.81","78.05","10.09","62.64","2.88","46.15","0.04","0","0","0","0.11","3.88","48.57","1.88","29.41","0","3.88","62.86"
"A. Latković","Croatia 1.","Varaždin","AMF, RAMF, RW","24","450000","2027-05-31","11","810","3","0","Montenegro","right","178","5.56","5.44","67.35","1.89","17.65","0","2.11","2.33","0.33","0.17","0","1.22","36.36","27.273","1.11","20","2.89","57.69","9.56","43.02","2.11","1.44","1.56","23.67","80.28","5.67","76.47","0.56","20","0.29","0.11","0","0","0.56","2.78","72","1.56","57.14","0.78","3.22","68.97"
"M. Marina","Croatia 1.","Varaždin","LDMF, RDMF, RCMF","36","150000","","10","801","1","0","Bosnia and Herzegovina","right","184","12.92","9.33","68.67","4.61","39.02","0.22","7.06","0.45","0.11","0.09","0","0.79","28.57","14.286","0.22","0","0.45","50","2.7","37.5","1.57","0.11","0","32.13","77.27","12.7","61.06","5.17","52.17","0","0.11","0.11","0","0","5.84","55.77","1.12","30","0.22","5.62","56"
"Iuri Tavares","Croatia 1.","Varaždin","LAMF, CF","24","600000","2026-12-31","9","800","1","1","Portugal","right","191","6.75","4.84","76.74","2.14","84.21","0","3.18","4.28","0.11","0.13","0.11","1.69","13.33","6.667","1.91","35.29","5.06","64.44","13.84","40.65","2.14","3.38","0.68","25.09","76.68","7.31","81.54","1.01","55.56","0.12","0","0.11","100","0.45","2.7","79.17","2.25","50","1.01","5.63","74"
"A. Pajaziti","Croatia 1.","Hajduk Split","RDMF, LCMF, LDMF","22","200000","","10","797","0","0","England","left","180","8.47","7.11","57.14","0.34","33.33","0.11","5.65","1.13","0","0.06","0","1.24","18.18","0","1.02","22.22","1.92","35.29","9.6","35.29","0.56","2.03","0.45","54.88","88.27","12.99","72.17","4.52","57.5","0.03","0","0","0","0.23","9.71","75.58","1.47","23.08","0.11","6.1","64.81"
"T. Duvnjak","Croatia 1.","Varaždin","RDMF, LDMF, RCMF","22","300000","2026-05-31","10","797","0","1","Croatia","right","172","8.58","7.23","70.31","1.02","66.67","0.34","4.12","1.02","0","0.03","0","0.79","28.57","0","0.68","33.33","1.36","41.67","5.19","32.61","0.34","1.13","0.68","39.3","84.2","12.42","70.91","6.44","64.91","0.01","0","0.11","0","0.11","6.89","70.49","1.24","45.45","0.34","6.21","74.55"
"M. Bulat","Croatia 1.","Vukovar","GK","26","0","","8","786","0","0","Croatia","right","194","0.92","0.23","50","0.23","100","0","0.94","0","0","0","0","0","0","0","0","0","0","0","0","0","0","0","0","14.66","77.34","8.93","62.82","6.87","56.67","0","0","0","0","0","1.49","38.46","0.11","0","0","4.69","75.61"
"M. Mladenovski","Croatia 1.","Varaždin","RCB","25","125000","2027-05-31","9","780","0","0","North Macedonia","right","191","9.58","6.12","64.15","3.81","42.42","0.46","6","0.35","0","0.08","0","0.46","25","0","0.12","100","0.23","50","0.81","42.86","0.46","0.12","0","38.31","85.54","17.08","77.03","6.92","46.67","0","0.12","0","0","0","3.69","59.38","0.12","100","0","7.38","71.88"
"D. Ljubičić","Croatia 1.","Dinamo Zagreb","RCMF, AMF, RDMF","28","5000000","2029-06-30","10","769","0","2","Austria","right","187","4.68","5.27","53.33","0.94","25","0.23","2.54","1.64","0","0.16","0","1.52","38.46","0","1.05","33.33","0.7","66.67","2.57","45.45","2.57","1.4","0.7","35.11","84.33","8.31","73.24","0.47","75","0.23","0","0.23","100","0.82","4.56","69.23","1.76","73.33","1.4","3.86","72.73"
"Tiago Dantas","Croatia 1.","Rijeka","LDMF, LW, RDMF","24","3000000","","10","765","1","1","Portugal","right","169","5.29","3.76","56.25","1.18","60","0.12","4.48","0.71","0.12","0.13","0","1.06","22.22","11.111","0.94","25","0.35","66.67","2.35","35","0.82","1.18","0.12","39.65","85.46","10.47","74.16","5.65","75","0.09","0","0","0","0.24","5.29","82.22","2","52.94","0.82","6.35","74.07"
"M. Agbekpornu","Croatia 1.","Slaven Belupo","RDMF, DMF, LCMF","27","400000","2026-05-31","10","763","1","1","Ghana","right","188","10.62","8.37","64.79","4.95","45.24","0.59","5.88","0.94","0.12","0.04","0","0.47","50","25","0","0","1.06","66.67","5.78","36.73","0.83","0.35","0.12","37.86","87.85","9.67","73.17","2.6","68.18","0.08","0.12","0.12","0","0.12","5.54","85.11","0.83","14.29","0.35","5.78","65.31"
"Sergi Domínguez","Croatia 1.","Dinamo Zagreb","RCB","20","0","2029-06-30","8","758","1","0","Spain","right","191","8.79","5.94","76","5.11","67.44","0.36","5.96","0.83","0.12","0.14","0","1.07","22.22","11.111","0.24","50","0.47","75","1.19","50","1.19","1.9","0.12","66.13","88.51","25.88","78.9","4.75","52.5","0","0","0.36","33.33","0","8.43","70.42","1.19","40","0.24","10.45","70.45"
"M. Pajač","Croatia 1.","Lokomotiva Zagreb","LWB, LB","32","350000","2026-06-30","8","745","1","1","Croatia","left","185","5.44","4.59","60.53","0.24","0","0","2.92","3.62","0","0.14","0","0.6","60","20","5.32","34.09","2.05","70.59","5.68","48.94","0.97","2.66","0.48","47.36","72.19","19.09","62.03","6.28","42.31","0.2","0","0","0","0.48","7.49","53.23","6.4","37.74","0.85","11.84","71.43"
"L. Belcar","Croatia 1.","Varaždin","AMF, LCMF, RDMF","23","400000","2027-12-31","10","740","1","0","Croatia","right","186","5.35","4.86","45","2.07","17.65","0.12","2.69","0.85","0.12","0.11","0","1.22","30","10","0.49","25","1.09","33.33","8.51","27.14","1.22","2.8","0.36","33.45","84","10.22","71.43","4.01","45.45","0","0","0","0","0.24","5.35","68.18","0.73","50","0.24","4.5","70.27"
"A. Orec","Croatia 1.","Rijeka","RB","24","400000","2026-06-30","9","733","1","1","Croatia","right","0","9.7","8.47","72.46","2.82","34.78","0.37","4.94","3.56","0.12","0.04","0","0.86","14.29","14.286","3.44","32.14","2.95","79.17","5.89","64.58","1.11","2.21","0.25","38.43","77.96","14.73","70.83","3.81","48.39","0.14","0","0","0","0.49","4.42","58.33","3.07","44","0.49","7.24","71.19"
"A. Boršić","Croatia 1.","Varaždin","LB, LWB","30","550000","2026-05-31","9","729","1","0","Croatia","left","180","10.25","7.53","72.13","1.6","76.92","0.37","5.18","1.48","0.12","0.03","0","0.74","50","16.667","0.86","57.14","1.23","50","3.58","62.07","0.25","1.36","0.12","42.59","79.71","19.26","67.31","5.93","43.75","0.02","0","0","0","0.25","5.93","62.5","1.48","75","0.62","9.26","66.67"
"B. Goda","Croatia 1.","Dinamo Zagreb","LB","27","2000000","2027-06-30","10","728","0","0","Croatia","left","182","9.4","7.29","67.8","2.72","68.18","0","5.42","1.24","0","0.03","0","0.62","0","0","2.23","16.67","1.61","53.85","6.43","38.46","0.49","1.98","0.37","43.15","78.8","18.17","68.03","4.7","47.37","0.04","0","0","0","0.12","5.69","69.57","1.98","31.25","0.12","7.54","68.85"
"T. Jukić","Croatia 1.","Lokomotiva Zagreb","LCB","24","400000","","9","728","0","0","Germany","right","190","9.4","4.7","76.32","2.35","63.16","0.37","7.07","0.49","0","0","0","0.37","33.33","0","0.25","50","0.37","33.33","2.1","41.18","0.25","1.98","0.25","43.27","86.29","23.12","79.68","4.08","57.58","0","0","0.12","100","0","6.43","78.85","0.74","50","0.25","8.16","66.67"
"M. Devetak","Croatia 1.","Rijeka","LB","26","700000","2027-06-30","9","724","0","1","Serbia","left","184","8.33","8.45","60.29","3.23","50","0.25","4.41","0.99","0","0.03","0","0.25","0","0","1.86","46.67","0.25","50","1.49","66.67","0.62","2.24","0.12","32.2","81.85","14.42","78.45","3.23","42.31","0.05","0","0","0","0.12","5.59","66.67","1.24","70","0.12","6.46","73.08"
"N. Janković","Croatia 1.","Rijeka","LAMF, LDMF, AMF","24","5000000","","9","719","0","1","Croatia","right","188","5.26","4.13","66.67","1.75","50","0.25","3.12","3.5","0","0.16","0","1.88","26.67","0","2.13","29.41","3.13","76","6.38","52.94","1.88","1.75","0.13","24.91","79.9","5.88","65.96","1.13","33.33","0.27","0.13","0","0","0.5","2.5","45","2","50","0.63","2.5","70"
"I. Mamut","Croatia 1.","Varaždin","CF","28","225000","2025-12-31","11","718","4","2","Croatia","left","191","2.51","2.38","47.37","3.89","38.71","0.13","1.52","1.5","0.13","0.6","0","3.13","28","16","0.5","50","0.63","40","6.64","28.3","2.26","0.5","0.13","18.05","74.31","3.26","50","1.13","77.78","0.12","0","0.25","50","0.5","2.38","63.16","1.25","40","0.5","2.13","82.35"
"S. Prevljak","Croatia 1.","Istra 1961","CF","30","900000","","9","711","1","0","Bosnia and Herzegovina","right","187","2.78","3.42","51.85","3.67","27.59","0","1.36","1.14","0.13","0.16","0","1.14","66.67","11.111","0.25","50","0.38","66.67","7.85","37.1","2.41","0.38","0","12.28","71.13","2.15","47.06","0.13","0","0.02","0","0.13","0","0.13","1.14","44.44","0.63","60","0.13","1.65","61.54"
"D. Bukvić","Croatia 1.","Osijek","LB, RAMF","21","0","2027-06-30","9","704","0","0","Croatia","left","174","8.57","8.18","53.13","1.66","30.77","0","5.5","3.45","0","0.11","0","1.15","22.22","0","2.68","33.33","3.71","62.07","8.69","39.71","3.58","3.07","0.38","34.64","76.38","11.89","66.67","1.53","33.33","0.08","0","0","0","0.38","2.68","61.9","2.3","55.56","1.53","6.65","67.31"
"D. Pavičić","Croatia 1.","Gorica","AMF, CF, RCMF","31","600000","2026-06-30","11","703","0","0","Croatia","right","179","4.86","2.43","47.37","1.66","38.46","0.26","3.43","1.15","0","0.14","0","1.28","30","0","0.13","0","1.54","50","7.43","36.21","1.79","1.28","0.13","30.6","88.7","9.09","78.87","1.28","40","0.02","0.13","0.13","0","0.13","3.84","80","1.54","66.67","1.15","4.22","81.82"
"M. Šego","Croatia 1.","Hajduk Split","LAMF, CF","25","700000","2026-05-31","10","703","5","2","Croatia","right","178","3.71","3.58","53.57","2.56","55","0","2.61","5.12","0.38","0.48","0.13","2.3","55.56","27.778","4.1","40.63","3.33","57.69","7.17","48.21","2.69","2.18","0.26","23.17","76.8","3.07","79.17","1.79","57.14","0.18","0","0.26","100","0.77","1.92","86.67","4.99","51.28","1.28","4.86","92.11"
"A. Šuto","Croatia 1.","Slaven Belupo","LAMF, RAMF, LW","25","0","","11","697","4","1","Croatia","left","185","6.07","5.16","60","5.29","29.27","0.26","3","2.45","0.52","0.19","0","1.42","54.55","36.364","1.29","40","3.23","32","11.23","22.99","2.97","1.55","0.39","14.2","70","2.84","63.64","1.29","60","0.01","0","0.13","100","0.26","0.65","40","1.29","40","0.39","1.29","70"
"L. Banovec","Croatia 1.","Vukovar","RAMF, LW, LAMF","23","0","","10","694","1","1","Croatia","right","185","8.17","7","53.7","3.24","32","0.39","4.65","1.95","0.13","0.13","0.13","1.04","37.5","12.5","1.43","54.55","1.82","42.86","7.52","31.03","2.72","1.17","0.13","20.62","69.81","5.84","60","1.43","45.45","0.06","0","0.13","0","0.52","1.17","66.67","1.69","61.54","0.52","2.46","52.63"
"A. Husić","Croatia 1.","Rijeka","LCB, CB, RCB","24","800000","","7","683","1","0","Switzerland","left","186","4.88","2.77","66.67","1.98","46.67","0.53","4.39","0.26","0.13","0.06","0","1.05","12.5","12.5","0.4","0","0.13","100","1.32","30","0.79","0.66","0.13","46.65","87.01","15.68","73.11","5.53","45.24","0.02","0","0","0","0","4.08","45.16","1.05","25","0.4","7.12","66.67"
"R. Henning","Croatia 1.","Vukovar","LCB, RCB","25","325000","","7","680","0","0","Jamaica","right","193","6.75","2.65","55","2.12","43.75","0.4","6.12","0.66","0","0","0","0.13","0","0","0.4","33.33","0.53","75","1.46","36.36","0.13","0.93","0.26","45.13","87.1","21.97","80.72","3.44","42.31","0.01","0","0.13","100","0.13","4.63","82.86","0.79","33.33","0.13","9.66","63.01"
"F. Karačić","Croatia 1.","Hajduk Split","RB, RWB","29","500000","2027-06-15","8","678","1","2","Croatia","right","181","7.43","6.24","57.45","2.26","58.82","0.4","5.1","2.26","0.13","0.05","0.13","1.06","25","12.5","4.25","31.25","1.19","55.56","3.32","44","1.99","1.33","0.13","41.68","72.61","17.12","63.57","4.65","31.43","0.14","0","0","0","0.27","5.71","48.84","4.38","30.3","0.4","9.03","72.06"
"F. Maglica","Croatia 1.","Varaždin","RB, RWB","28","300000","2027-05-31","9","672","0","3","Croatia","right","190","7.37","5.89","79.55","1.47","54.55","0","3.35","3.21","0","0","0","0.27","50","0","4.42","30.3","3.08","56.52","6.56","46.94","0.54","2.68","0.54","37.9","73.85","13.66","66.67","4.69","57.14","0.17","0","0.13","0","0.8","4.55","73.53","4.02","36.67","0.27","9.38","67.14"
"M. Caimacov","Croatia 1.","Slaven Belupo","LDMF, RCMF, LCMF","27","400000","2027-06-30","10","663","1","0","Moldova","left","183","10.18","6.92","64.71","2.58","42.11","0","6.11","1.49","0.14","0.07","0","0.68","80","20","0.54","75","1.63","33.33","8.01","38.98","0.81","1.49","0.27","35.97","85.66","10.05","66.22","2.17","68.75","0","0","0.27","0","0","3.53","73.08","2.58","73.68","1.09","4.07","73.33"
"I. Nestorovski","Croatia 1.","Slaven Belupo","CF","35","300000","","8","653","1","2","North Macedonia","left","182","2.48","2.62","42.11","7.86","36.84","0.14","1.35","1.38","0.14","0.26","0","2.62","26.32","5.263","0.55","25","0.96","57.14","6.2","40","3.31","0","0","23.57","72.51","5.1","59.46","2.34","41.18","0.04","0.14","0","0","0.41","3.03","50","0.96","28.57","0.96","2.48","66.67"
"D. Čolina","Croatia 1.","Osijek","LB, RAMF, RW","25","1000000","2027-06-30","10","650","0","1","Croatia","left","174","8.45","6.51","65.96","2.91","42.86","0","5.42","1.94","0","0.09","0","0.97","28.57","0","2.08","20","2.08","60","5.54","42.5","1.52","1.52","0.14","30.32","74.43","10.25","67.57","2.35","58.82","0.16","0","0.14","0","0.42","3.18","65.22","1.66","58.33","0.83","5.95","65.12"
"E. Shabani","Croatia 1.","Vukovar","LCMF, LDMF","22","175000","","8","648","0","0","Germany","right","180","6.53","6.81","51.02","3.06","50","0.56","3.2","1.25","0","0.11","0","0.56","50","0","1.11","25","1.25","33.33","6.67","39.58","0.69","1.94","0.42","33.89","77.05","13.19","61.05","4.17","40","0.02","0.14","0.42","66.67","0","5.97","60.47","2.08","46.67","0.56","4.44","81.25"
"D. Beljo","Croatia 1.","Dinamo Zagreb","CF","23","4000000","2030-06-30","10","642","5","0","Croatia","left","195","2.38","1.4","60","4.07","37.93","0.14","2.37","3.22","0.56","0.83","0","3.22","69.57","21.739","0","0","3.22","30.43","9.81","32.86","6.03","0.7","0.28","17.38","79.03","3.22","65.22","0.28","0","0.11","0.14","0","0","0.42","0.56","75","0","0","0.84","0.98","42.86"
"M. Lisica","Croatia 1.","Dinamo Zagreb","RAMF, RW, RCMF","22","500000","2029-06-30","9","639","2","3","Croatia","right","178","6.2","5.07","69.44","0.7","60","0","3.33","4.79","0.28","0.17","0","1.41","40","20","3.52","40","4.79","58.82","6.76","52.08","2.96","2.96","0.56","31.55","83.93","6.34","88.89","1.69","66.67","0.38","0.14","0","0","1.13","1.41","100","3.8","51.85","1.83","4.08","86.21"
"B. Mlačić","Croatia 1.","Hajduk Split","RCB, LCB","18","0","","7","634","0","1","Croatia","unknown","0","7.52","5.82","70.73","3.83","70.37","0.28","5.81","0.14","0","0.09","0","0.14","100","0","0","0","0","0","1.99","42.86","0.28","1.42","0","41.31","90.72","14.2","77","2.56","22.22","0.02","0","0","0","0.28","3.26","69.57","0.14","0","0.14","3.83","62.96"
"S. Mkrtchyan","Croatia 1.","Osijek","LCB, CB","22","350000","2027-06-30","8","632","0","0","Armenia","left","190","7.55","4.84","67.65","4.27","46.67","0.57","5.84","0.14","0","0","0","0","0","0","0","0","0.43","33.33","1.57","45.45","0.57","0.57","0","48.56","88.56","20.65","78.62","6.98","57.14","0","0","0","0","0","7.41","78.85","0.57","25","0.28","10.4","83.56"
"L. Vrbančić","Croatia 1.","Osijek","RDMF, AMF, RCMF","20","0","2028-06-30","8","627","0","0","Croatia","right","0","11.34","10.48","63.01","1","0","0","4.66","0.72","0","0.08","0","1.44","0","0","0.14","100","1.44","40","7.03","46.94","1.29","1.72","0.57","42.78","84.56","13.64","72.63","3.3","60.87","0.03","0","0","0","0.14","6.89","77.08","1.29","66.67","0.86","6.32","79.55"
"A. Jakupović","Croatia 1.","Osijek","CF, AMF","27","1000000","2027-06-30","7","622","1","0","Austria","left","186","3.33","2.75","63.16","4.92","23.53","0","1.68","0.87","0.14","0.18","0","1.45","30","10","0.29","0","0.87","50","4.92","38.24","1.74","0.43","0","19.24","72.93","5.21","55.56","0.72","20","0.05","0","0.14","0","0.29","1.88","53.85","1.88","69.23","1.45","2.17","60"
"D. Vuković","Croatia 1.","Lokomotiva Zagreb","LAMF, LWF, LW","23","200000","","10","618","1","0","Montenegro","right","185","5.83","5.39","54.05","2.33","43.75","0.15","3.65","2.91","0.15","0.37","0","1.31","66.67","11.111","1.46","40","3.64","40","10.34","30.99","2.91","1.31","0.15","17.33","70.59","3.93","48.15","0.44","100","0.1","0","0.29","0","0.15","1.89","69.23","1.89","61.54","1.02","2.77","63.16"
"S. Radeljić","Croatia 1.","Rijeka","LCB","28","2000000","2026-06-30","7","613","0","0","Bosnia and Herzegovina","left","201","9.25","5.14","68.57","4.99","52.94","0.44","6.98","0.29","0","0.01","0","0.15","0","0","0.44","0","0.44","66.67","1.47","70","0.59","0.73","0","45.22","80.52","19.53","67.67","5.87","35","0","0","0","0","0","7.78","56.6","1.91","15.38","0.29","7.78","66.04"
"Š. Hrgović","Croatia 1.","Hajduk Split","LB","21","0","2028-06-30","7","611","0","2","Croatia","left","0","6.33","5.16","57.14","1.62","45.45","0","5.12","2.8","0","0.01","0","0.15","0","0","3.39","39.13","2.36","62.5","3.68","48","0.59","1.77","0.44","43.6","78.04","18.27","70.16","3.68","32","0.06","0","0.15","0","0.44","5.6","60.53","3.24","45.45","0.29","8.84","61.67"
"S. Shopov","Croatia 1.","Osijek","AMF, RDMF","23","600000","2028-06-30","10","610","0","1","Bulgaria","right","179","7.08","6.05","60.98","1.03","14.29","0","4.14","1.48","0","0.19","0","1.77","33.33","0","1.03","28.57","1.03","42.86","3.1","23.81","2.36","1.03","0.15","31.28","71.23","10.62","58.33","3.25","45.45","0.16","0.15","0.15","100","0.59","3.54","50","2.21","66.67","1.18","5.16","62.86"
"L. Zuta","Croatia 1.","Slaven Belupo","LB, LCB","33","150000","","7","603","0","0","Sweden","left","183","6.42","5.37","61.11","3.13","66.67","0.3","3.48","0.75","0","0","0","0.15","0","0","1.79","33.33","0.3","50","1.64","45.45","0","0.6","0.15","34.18","71.62","17.76","60.5","8.81","50.85","0.05","0.15","0","0","0","6.87","47.83","3.13","33.33","0.45","8.21","67.27"
"L. Jelenić","Croatia 1.","Osijek","RCB, LCB","25","700000","2027-06-30","6","600","2","0","Croatia","right","188","7.05","5.4","66.67","3.9","57.69","0.75","3.85","0.45","0.3","0.18","0.15","0.45","100","66.667","0","0","0","0","0.75","0","0.6","0.6","0.15","47.1","92.68","15.6","82.69","3.9","61.54","0","0","0","0","0","3.6","75","0.15","0","0","4.8","71.88"
"I. Katić","Croatia 1.","Lokomotiva Zagreb","RCMF, RDMF","20","0","","8","596","0","0","Croatia","unknown","0","6.8","4.83","62.5","1.21","50","0","4.39","1.21","0","0.04","0","0.91","0","0","0.45","0","1.66","72.73","8.31","45.45","0.76","1.51","0.15","34.58","84.28","9.66","73.44","1.96","69.23","0.04","0","0","0","0.15","4.98","75.76","0.76","40","0.45","4.08","74.07"
"L. Vrzić","Croatia 1.","Gorica","LW, LWB, RWB","18","0","2026-06-30","10","582","1","0","Croatia","right","0","6.8","5.1","69.7","1.24","25","0.31","4.29","4.33","0.15","0.17","0","1.7","36.36","9.091","2.94","36.84","4.02","65.38","7.11","43.48","2.94","2.63","0.15","32.63","75.36","8.66","58.93","2.47","50","0.05","0","0","0","0.46","2.63","47.06","3.4","54.55","1.24","5.1","87.88"
"J. Šuver","Croatia 1.","Vukovar","LCB, LB","22","50000","","7","578","0","0","Germany","right","189","7.32","4.2","66.67","2.02","53.85","0.62","5.03","0.78","0","0.01","0","0.16","100","0","0.62","50","0.31","100","0.78","80","0.16","0.31","0","33.17","84.04","17.13","80.91","5.29","44.12","0.01","0","0","0","0","3.11","75","0.62","75","0.16","7.32","70.21"
"D. Petrovič","Croatia 1.","Rijeka","RDMF, LCMF, AMF","27","300000","2026-06-30","7","577","0","0","Slovenia","right","179","7.49","6.24","57.5","2.03","30.77","0","5.24","0.62","0","0","0","0.47","0","0","0.16","100","0.62","75","2.03","61.54","0.16","0.62","0","30.1","87.56","8.27","75.47","2.34","80","0","0","0","0","0","2.96","73.68","0.62","100","0.31","3.74","79.17"
"N. Sigur","Croatia 1.","Hajduk Split","RDMF, RB, DMF","22","0","2028-05-31","9","573","1","1","Canada","right","180","10.37","8.01","66.67","1.73","54.55","0.31","8.79","0.63","0.16","0.02","0","0.16","100","100","0.16","0","0.31","100","3.14","50","0.47","1.57","0.31","45.39","89.27","13.35","77.65","2.98","63.16","0.01","0","0.47","33.33","0.16","3.93","72","1.1","14.29","0.16","5.97","81.58"
"O. Petrusenko","Croatia 1.","Osijek","LDMF, CF, RDMF","27","1000000","2026-06-30","7","568","0","2","Ukraine","right","181","12.2","9.19","67.24","2.22","28.57","0.16","7.5","0.16","0","0.01","0","0.48","33.33","0","0","0","0.16","0","5.39","35.29","0","0.16","0","40.56","91.41","13.15","85.54","3.01","94.74","0.11","0","0","0","0.32","6.97","93.18","0.32","100","0.32","8.08","76.47"
"J. Puljić","Croatia 1.","Vukovar","CF","32","250000","2027-06-30","6","538","2","0","Croatia","both","187","3.68","3.35","50","10.04","38.33","0","2.21","0.84","0.33","0.29","0","1.34","37.5","25","0.67","50","0.17","0","5.52","18.18","2.84","0","0","13.55","70.37","2.84","41.18","0.67","50","0.06","0","0","0","0.33","2.17","46.15","0.84","60","0.67","1.17","85.71"
"M. Vešović","Croatia 1.","Lokomotiva Zagreb","RWB, RB","34","250000","","7","533","0","0","Montenegro","right","180","7.94","6.42","60.53","1.01","33.33","0","4.75","2.36","0","0.03","0","0.34","0","0","3.55","38.1","1.52","66.67","8.11","33.33","1.69","1.69","0.17","31.74","71.81","8.95","45.28","2.2","23.08","0.17","0","0","0","0.34","3.55","42.86","2.87","47.06","0.34","5.91","57.14"
"V. Rozic","Croatia 1.","Istra 1961","LAMF, LW, LWF","22","0","","8","533","0","0","Croatia","right","0","3.55","4.39","50","2.03","16.67","0","1.03","3.55","0","0.24","0","1.86","18.18","0","2.36","14.29","3.88","73.91","9.29","47.27","2.7","2.36","0.34","19.92","72.03","3.55","57.14","1.35","37.5","0.04","0","0","0","0.17","0.84","80","1.35","25","0.17","2.53","40"
"S. Perić","Croatia 1.","Gorica","RB, RCB","28","350000","","7","516","0","0","Austria","right","187","5.58","4.88","57.14","3.14","72.22","0","3.9","0.7","0","0.01","0","0.35","50","0","1.22","14.29","0.7","50","2.79","37.5","0.87","1.4","0.17","41.34","80.59","17.62","72.28","4.53","34.62","0","0","0","0","0","3.66","57.14","1.05","0","0.17","9.24","62.26"
"H. Babec","Croatia 1.","Osijek","LDMF, LCMF","26","1500000","2026-06-30","7","505","0","0","Croatia","right","187","8.02","5.52","51.61","2.5","64.29","0.89","5.77","0.53","0","0.03","0","0.71","50","0","0","0","0.18","0","1.25","42.86","0.53","1.25","0","59.88","88.1","19.07","75.7","4.99","60.71","0.03","0","0.18","100","0.18","9.62","77.78","0.71","50","0.36","8.73","77.55"
"E. Duraković","Croatia 1.","Gorica","LB, LWB","25","200000","2026-05-30","9","500","0","0","Bosnia and Herzegovina","left","186","9.36","7.56","52.38","3.06","29.41","0.36","6.43","2.7","0","0.04","0","1.26","28.57","0","3.96","31.82","2.52","42.86","7.2","30","1.62","1.98","0.18","30.96","72.09","12.06","58.21","3.96","36.36","0.18","0","0","0","0.72","3.96","59.09","2.52","35.71","0.18","5.58","58.06"
"R. Raçi","Croatia 1.","Hajduk Split","LCB","23","0","","8","499","0","0","Kosovo","left","189","9.56","6.13","73.53","2.16","41.67","0.36","5","1.08","0","0.05","0","0.72","0","0","0.18","100","0.72","100","4.33","37.5","0.18","2.53","0","46.35","88.33","18.4","78.43","5.05","57.14","0","0","0.36","50","0","5.23","72.41","0.36","50","0","7.03","64.1"
"M. Tičinović","Croatia 1.","Vukovar","LB, RB","34","150000","2026-06-30","7","486","0","1","Croatia","right","172","7.78","6.48","54.29","3.89","47.62","0.19","4.7","4.07","0","0.01","0","0.37","50","0","4.26","47.83","3.15","58.82","5.74","48.39","0.37","2.04","0.19","32.22","75.86","13.7","64.86","5.74","54.84","0.19","0","0","0","0.19","5.37","62.07","5.19","53.57","0.74","9.44","76.47"
"Y. Touré","Croatia 1.","Osijek","CF","25","0","","9","471","0","1","Senegal","right","184","4.2","1.72","44.44","5.92","29.03","0.38","5.81","1.34","0","0.23","0","1.53","37.5","0","0.57","33.33","0.96","40","6.69","28.57","3.44","1.15","0.38","11.08","75.86","2.1","72.73","0.19","100","0.11","0","0.38","50","0.38","1.15","83.33","0.76","50","0.19","1.53","87.5"
"M. Livaja","Croatia 1.","Hajduk Split","CF","32","5000000","2027-06-30","6","468","1","1","Croatia","right","182","1.35","1.73","66.67","3.46","33.33","0","0.32","3.08","0.19","0.22","0","2.12","36.36","9.091","0.96","40","2.69","64.29","10.77","39.29","4.23","1.15","0","19.62","72.55","5.77","56.67","2.12","54.55","0.08","0","0.58","33.33","0.58","3.27","64.71","2.88","40","1.73","3.08","93.75"
"E. Hasić","Croatia 1.","Osijek","RCB","22","350000","2027-06-30","5","466","0","0","Sweden","right","191","6.95","5.41","64.29","3.09","31.25","0.39","4.59","0","0","0","0","0","0","0","0.19","0","0","0","0.58","66.67","0","1.55","0.19","51.18","89.43","14.87","76.62","5.41","53.57","0","0","0","0","0","5.21","51.85","0.77","25","0.19","6.57","76.47"
"I. Cvijanović","Croatia 1.","Osijek","LCB, LB","22","500000","","6","463","0","0","Croatia","left","185","7","4.47","60.87","3.89","60","0.58","5.45","0","0","0.01","0","0.39","0","0","0.19","0","0","0","0.97","40","0.19","0.97","0","52.87","86.4","25.85","81.95","7.97","58.54","0","0","0","0","0","8.75","68.89","0.78","25","0.39","11.27","70.69"
"E. Frederiksen","Croatia 1.","Istra 1961","LWF, RWF, RAMF","25","800000","2026-12-31","9","463","0","1","Denmark","left","175","6.22","5.64","62.07","2.33","16.67","0.19","3.78","0.78","0","0","0","0.39","0","0","1.75","33.33","0.97","0","4.28","18.18","1.75","1.17","0","24.69","64.57","8.16","52.38","1.56","50","0.27","0","0.19","100","0.78","3.11","56.25","2.72","50","1.56","5.44","78.57"
"Z. Katalinić","Croatia 1.","Slaven Belupo","RB, RCB, LB","21","0","2026-06-30","7","458","0","0","Croatia","right","0","6.29","5.9","56.67","3.34","47.06","0.2","3.75","0.79","0","0","0","0","0","0","1.18","50","0.39","50","2.55","38.46","0.2","2.95","0.59","34.19","82.76","14.54","68.92","3.93","55","0.04","0","0","0","0.2","5.7","68.97","2.16","54.55","0.59","6.88","71.43"
"A. Rebić","Croatia 1.","Hajduk Split","LAMF, CF, LW","32","2200000","","7","455","1","1","Croatia","right","185","4.75","4.35","45.45","3.36","41.18","0","4.38","3.16","0.2","0.33","0","1.98","50","10","1.98","30","3.16","43.75","10.48","39.62","4.75","2.18","0.2","21.96","66.67","5.74","62.07","1.38","57.14","0.2","0","0.2","100","0.4","1.38","71.43","3.16","68.75","2.37","4.55","78.26"
"J. Vasilj","Croatia 1.","Lokomotiva Zagreb","AMF, LW, CF","23","400000","2026-06-30","8","446","0","1","Croatia","right","181","4.24","3.23","81.25","3.83","26.32","0","1.06","4.24","0","0.21","0","1.61","25","0","1.41","28.57","4.04","80","13.92","42.03","4.84","2.42","0.4","30.87","75.82","10.29","70.59","1.61","37.5","0.25","0","0.2","100","0.81","3.43","58.82","2.02","50","1.82","4.04","80"
"Iker Almena","Croatia 1.","Hajduk Split","RAMF, RW, LWB","21","0","","6","442","1","0","Spain","left","176","5.09","4.68","56.52","0.41","50","0.2","3.51","2.65","0.2","0.17","0","1.83","44.44","11.111","1.02","40","2.65","46.15","7.74","34.21","3.46","2.24","0.2","25.25","82.26","6.11","66.67","1.02","40","0.18","0.2","0.41","50","0.61","1.83","77.78","3.26","62.5","2.04","3.46","76.47"
"A. Sanyang","Croatia 1.","Hajduk Split","RAMF, LAMF","26","600000","2027-06-30","9","442","2","2","Gambia","left","173","4.89","4.68","52.17","1.22","0","0","3.18","7.53","0.41","0.33","0.41","2.24","54.55","18.182","3.46","29.41","10.38","50.98","18.33","43.33","4.68","4.48","1.02","25.05","68.29","7.13","65.71","0.81","25","0.22","0","0","0","1.22","1.63","75","4.07","40","1.63","4.48","77.27"
"A. Hoxha","Croatia 1.","Dinamo Zagreb","LWF, LAMF, LW","27","1800000","2027-06-19","9","440","2","1","Kosovo","right","185","3.27","3.07","66.67","1.02","40","0","1.73","5.52","0.41","0.16","0","2.25","36.36","18.182","1.84","44.44","7.36","52.78","20.66","38.61","4.5","4.91","0.61","20.25","83.84","2.25","90.91","0","0","0.21","0","0","0","0.2","0.82","100","1.84","88.89","1.02","2.45","75"
"L. Škaričić","Croatia 1.","Varaždin","LB, LCB, RCB","23","250000","2028-05-31","7","434","1","0","Croatia","right","190","10.37","6.01","62.07","1.87","77.78","0.41","6.39","0.83","0.21","0.22","0","0.83","50","25","0.83","25","0.21","100","1.45","42.86","1.24","1.87","0.41","37.53","84.53","16.38","77.22","5.39","65.38","0.01","0","0.21","0","0","4.15","70","0.62","33.33","0","7.88","71.05"
"L. Stojković","Croatia 1.","Dinamo Zagreb","LCMF, AMF, LW","21","1500000","2028-06-19","8","425","1","1","Croatia","right","182","6.14","4.02","57.89","2.33","45.45","0","6.07","2.54","0.21","0.22","0","2.96","35.71","7.143","1.48","28.57","1.48","71.43","8.26","33.33","2.96","1.69","0.42","40.24","85.79","9.32","75","1.69","87.5","0.32","0","0.21","0","0.21","3.39","93.75","2.96","57.14","1.27","5.93","82.14"
"I. Lepinjica","Croatia 1.","Slaven Belupo","CF, LCMF, AMF","26","0","2026-05-31","8","411","0","0","Croatia","","0","3.72","3.72","58.82","6.35","17.24","0","1.73","0.66","0","0.12","0","0.66","33.33","0","1.09","0","1.09","40","5.26","12.5","1.97","0.44","0","17.52","70","4.16","36.84","0.88","0","0","0.22","0","0","0","1.31","66.67","1.31","16.67","0","1.31","16.67"
"D. Mejía","Croatia 1.","Vukovar","RW, AMF, LW","22","0","2026-06-30","9","410","1","0","Colombia","unknown","163","9.88","9","56.1","2.2","40","0","4.21","3.95","0.22","0.18","0","1.32","33.33","16.667","1.32","66.67","2.85","92.31","9","51.22","2.2","2.63","0.44","28.76","72.52","9.66","50","3.51","31.25","0.04","0","0.66","0","0.22","6.37","51.72","1.76","62.5","0.44","6.15","67.86"
"D. Mulac","Croatia 1.","Vukovar","RCB, RCMF, DMF","26","400000","","5","409","0","0","Croatia","right","185","9.68","3.96","50","1.98","33.33","1.76","8.97","0.66","0","0.06","0","0.88","50","0","0.22","100","0","0","0.66","33.33","0.44","0.44","0","30.81","77.86","12.98","69.49","3.96","33.33","0","0","0","0","0","3.96","44.44","1.1","20","0","4.84","68.18"
"J. Biljan","Croatia 1.","Vukovar","RDMF, RCMF","30","100000","","5","407","0","0","Croatia","right","178","5.31","5.09","60.87","3.1","71.43","0","2.18","0.66","0","0.08","0","0.22","0","0","0.66","33.33","0.66","66.67","2.65","58.33","1.33","1.11","0","23.66","87.85","6.63","80","1.77","62.5","0.03","0","0","0","0.22","3.1","85.71","0.66","33.33","0.22","4.42","65"
"D. Čop","Croatia 1.","Rijeka","CF","35","100000","","8","407","0","0","Croatia","right","184","4.86","3.98","55.56","4.42","25","0","3.79","1.11","0","0.38","0","1.77","25","0","0","0","1.33","50","6.63","13.33","3.54","0.44","0","15.7","76.06","3.32","73.33","0.44","50","0.15","0","0.22","0","0.66","0.66","66.67","0.66","66.67","0.88","1.33","66.67"
"I. Ćubelić","Croatia 1.","Slaven Belupo","RDMF, LDMF","22","250000","","9","405","0","0","Croatia","right","184","9.33","8","61.11","3.11","35.71","0.22","5.76","0.44","0","0.04","0","1.33","16.67","0","0.89","0","0.22","100","1.56","28.57","0.89","0.22","0","40.67","78.69","14.44","61.54","4.89","63.64","0","0","0","0","0","7.33","66.67","1.56","0","0","7.11","68.75"
"M. Tadić","Croatia 1.","Vukovar","RCB","32","0","","6","400","0","0","Croatia","","0","8.55","4.73","61.9","4.28","36.84","0.45","6.88","1.13","0","0.03","0","0.9","50","0","1.13","20","0.68","66.67","3.6","68.75","0.45","0.68","0","43.88","81.54","19.35","76.74","6.75","53.33","0","0.23","0","0","0","8.55","68.42","2.03","44.44","0.9","10.8","70.83"
"L. Crepulja","Croatia 1.","Slaven Belupo","LDMF, RDMF, DMF","32","450000","2026-06-30","7","399","0","0","Bosnia and Herzegovina","right","178","8.12","5.19","56.52","1.8","75","0.23","6.12","0.45","0","0","0","0","0","0","0.68","66.67","0","0","1.8","50","0","0.68","0","51.65","86.46","16.69","71.62","4.51","40","0.01","0","0","0","0","9.02","67.5","1.58","28.57","0.23","6.99","61.29"
"L. Dajcer","Croatia 1.","Lokomotiva Zagreb","LCB, LB","24","300000","","5","395","0","0","Croatia","","0","4.78","5.24","52.17","4.56","70","0","2.55","0.68","0","0.02","0","0.46","50","0","0.91","25","0.46","50","3.42","40","0.46","2.28","0","44.2","80.93","22.33","73.47","5.7","32","0","0","0","0","0","5.01","81.82","1.59","14.29","0","8.2","66.67"
"L. Menalo","Croatia 1.","Rijeka","LAMF, RB, RAMF","29","600000","2026-06-30","7","394","1","0","Croatia","right","181","6.4","8.22","36.11","2.51","36.36","0","4.19","3.65","0.23","0.16","0","1.6","71.43","14.286","2.74","8.33","5.48","41.67","12.34","38.89","4.11","3.43","0.23","25.36","68.47","6.85","63.33","2.51","36.36","0.04","0.23","0","0","0.23","3.43","66.67","2.06","33.33","1.6","5.71","60"
"M. Subotić","Croatia 1.","Lokomotiva Zagreb","RCMF, LCMF, DMF","17","0","2026-06-30","9","391","0","0","Croatia","unknown","0","6.21","4.83","52.38","1.61","14.29","0.23","4.29","0.23","0","0","0","0","0","0","0","0","0.23","100","5.06","59.09","0.23","0.46","0","32.46","89.36","9.21","77.5","2.07","55.56","0","0","0","0","0","3.68","87.5","0.23","100","0","4.14","61.11"
"David Soria","Spain 1.","Getafe","GK","32","5000000","2026-06-30","10","1011","0","0","Spain","right","192","1.51","0","0","0.27","100","0","1.92","0","0","0","0","0","0","0","0","0","0","0","0.09","100","0","0","0","12.73","69.93","11.39","67.97","10.15","64.91","0","0","0","0","0","3.12","54.29","0.09","0","0","7.92","77.53"
"Luis Milla","Spain 1.","Getafe","DMF, RCMF","31","3500000","2027-06-30","10","1007","0","4","Spain","right","175","8.31","5.99","67.16","2.06","26.09","0","5.23","0.63","0","0.03","0","0.54","0","0","0.89","40","0.54","50","4.2","48.94","0.27","0.8","0.18","33.87","79.95","11.53","65.89","5","53.57","0.14","0","0","0","0.36","6.61","70.27","2.06","47.83","0.36","6.26","72.86"
"Aleix Febas","Spain 1.","Elche","LCMF, DMF","29","2200000","","10","1005","0","1","Spain","right","172","6.09","5.19","74.14","1.16","30.77","0","3.29","2.6","0","0.05","0","0.72","37.5","0","0.72","37.5","3.04","67.65","9.31","56.73","0.99","4.12","1.43","55.7","93.09","15.85","87.57","1.88","61.9","0.09","0","0.09","0","0.54","6.99","85.9","1.25","64.29","0.72","4.84","94.44"
"Aarón Escandell","Spain 1.","Real Oviedo","GK","30","1000000","2026-06-30","10","1000","0","0","Spain","right","185","1.35","0","0","0.36","75","0","1.49","0","0","0","0","0","0","0","0","0","0","0","0.18","100","0","0","0","22.05","84.08","12.42","74.64","10.26","67.54","0","0","0","0","0","1.8","40","0","0","0","8.1","73.33"
"Álex Remiro","Spain 1.","Real Sociedad","GK","30","25000000","2027-06-30","10","996","0","0","Spain","right","192","1.45","0.09","0","0.09","100","0","1.99","0","0","0","0","0","0","0","0","0","0","0","0.09","100","0","0","0","22.86","86.56","12.38","78.1","8.04","66.29","0","0","0","0","0","2.17","75","0.09","0","0","6.33","68.57"
"Igor Zubeldía","Spain 1.","Real Sociedad","RCB, LCB","28","22000000","2029-06-30","10","996","0","0","Spain","right","181","7.41","4.97","63.64","4.97","56.36","0.54","5.23","0","0","0.02","0","0.09","0","0","0","0","0.18","0","0.54","33.33","0.27","1.27","0","46.17","86.5","17.26","75.92","5.96","50","0","0","0","0","0","5.51","60.66","0.18","0","0.09","6.87","63.16"
"César Tárrega","Spain 1.","Valencia","RCB","23","0","2030-06-30","10","994","0","0","Spain","right","194","9.24","5.89","75.38","3.62","60","0.63","5.73","0.36","0","0.01","0","0.18","50","0","0","0","0.27","100","1.45","43.75","0.18","0.54","0.09","46.63","85.44","17.11","69.84","7.06","46.15","0.01","0","0","0","0","4.07","60","0.09","100","0.09","7.06","55.13"
"Julen Agirrezabala","Spain 1.","Valencia","GK","24","5000000","2027-06-30","10","994","0","0","Spain","left","187","1.9","0.09","0","0.45","100","0","2.4","0","0","0","0","0","0","0","0","0","0","0","0","0","0","0","0","19.38","84.58","10.68","76.27","6.52","58.33","0","0","0","0","0","1.54","29.41","0.09","0","0","4.26","80.85"
"M. Dmitrović","Spain 1.","Espanyol","GK","33","900000","","10","994","0","0","Serbia","left","189","2.26","0.18","100","0.18","100","0","2.12","0.09","0","0","0","0","0","0","0","0","0.09","100","0.09","100","0","0","0","17.2","79.47","11.77","71.54","9.14","62.38","0","0","0","0","0","2.63","48.28","0.18","50","0.09","6.97","79.22"
"M. Arambarri","Spain 1.","Getafe","LCMF, LDMF","30","5000000","2028-06-30","10","988","1","0","Uruguay","right","175","7.2","6.01","74.24","3.1","44.12","0.18","3.54","0.91","0.09","0.16","0","1.28","28.57","7.143","0.36","0","0.82","66.67","5.92","33.85","1.82","0.64","0.09","20.59","78.32","5.1","64.29","2.37","50","0","0","0","0","0","2.46","59.26","0.64","28.57","0.27","2.91","53.13"
"Álvaro Núñez","Spain 1.","Elche","RB, RCB","25","700000","2026-06-30","10","986","0","0","Spain","right","177","6.02","4.29","72.34","1.46","18.75","0.27","4.64","1.64","0","0","0","0.18","0","0","2.74","43.33","1.1","41.67","3.65","45","0.18","0.73","0.09","47.74","89.87","12.6","83.33","2.46","59.26","0.11","0","0","0","0.37","3.38","86.49","2.46","48.15","0.18","6.66","80.82"
"Unai Simón","Spain 1.","Athletic Club","GK","28","30000000","2029-06-30","10","983","0","0","Spain","right","190","2.01","0","0","0.55","100","0","2.73","0","0","0","0","0","0","0","0","0","0","0","0","0","0","0","0","19.5","83.1","12.45","73.53","7.51","58.54","0","0","0","0","0","2.66","55.17","0.18","50","0","5.31","68.97"
"Mikel Jauregizar","Spain 1.","Athletic Club","LDMF, RDMF, LCMF","21","0","2031-06-30","10","965","1","0","Spain","right","185","7.09","5.97","54.69","2.15","34.78","0","4.85","0.75","0.09","0.03","0","1.03","27.27","9.091","0.93","10","1.31","28.57","3.73","27.5","0.47","0.37","0.09","42.81","83.22","13.99","74","3.64","48.72","0.06","0","0","0","0.19","6.34","75","1.96","52.38","0.84","5.6","71.67"
"Carlos Romero","Spain 1.","Espanyol","LB","23","0","2029-06-30","10","959","2","1","Spain","left","180","8.92","7.32","61.54","0.84","33.33","0.47","4.27","3","0.19","0.13","0","1.03","27.27","18.182","3.19","44.12","2.91","41.94","6.29","34.33","1.13","2.35","0.47","27.31","79.73","9.85","80","3.1","69.7","0.07","0.09","0.09","100","0.56","3.1","87.88","2.16","56.52","0.28","6.1","69.23"
"Mikel Oyarzabal","Spain 1.","Real Sociedad","CF","28","0","2028-06-30","10","952","4","1","Spain","left","181","2.65","2.65","53.57","4.35","30.43","0.09","1.67","2.93","0.19","0.56","0","2.65","46.43","14.286","1.23","23.08","2.93","38.71","6.81","31.94","3.69","1.42","0.28","18.81","75.38","4.35","67.39","0.57","33.33","0.18","0","0.47","60","0.66","1.61","64.71","1.99","66.67","1.61","2.27","75"
"Yuri Berchiche","Spain 1.","Athletic Club","LB","35","1800000","2026-06-30","10","935","0","0","Spain","left","181","7.8","3.95","63.41","3.47","52.78","0","7.08","1.25","0","0","0","0.39","0","0","2.41","24","1.06","63.64","2.98","64.52","0.77","1.35","0.39","50.63","83.84","24.26","82.54","3.47","58.33","0.02","0","0.1","0","0","9.05","82.98","2.02","38.1","0","13.38","80.58"
"Natan","Spain 1.","Real Betis","LCB, RCB","24","0","2028-06-30","9","912","0","0","Brazil","left","188","6.61","4.24","72.09","5.82","61.02","0.2","4.25","0","0","0.02","0","0.39","0","0","0.1","0","0.1","0","0.99","50","0.39","0.79","0","43.22","86.99","16.88","74.27","5.63","42.11","0.01","0","0.1","0","0","4.05","75.61","0.3","33.33","0.2","5.43","61.82"
"J. Oblak","Spain 1.","Atlético Madrid","GK","32","28000000","2028-06-30","9","910","0","0","Slovenia","right","188","1.09","0.1","0","0.49","60","0","1.53","0","0","0","0","0","0","0","0","0","0","0","0.2","100","0","0","0","18.59","90.43","8.21","79.52","5.74","72.41","0","0","0","0","0","0.59","50","0","0","0","4.55","71.74"
"Marcos Llorente","Spain 1.","Atlético Madrid","RB, RCB","30","30000000","2027-06-30","9","910","0","2","Spain","right","184","5.93","4.95","70","1.09","27.27","0","3.49","1.88","0","0.13","0","0.59","66.67","0","1.88","36.84","0.89","88.89","2.67","62.96","1.78","2.37","0.59","58.85","89.08","21.07","83.1","3.46","57.14","0.08","0","0","0","0.4","6.23","79.37","2.97","60","1.58","8.21","73.49"
"Antonio Raíllo","Spain 1.","Mallorca","LCB, CB","34","2000000","2026-06-30","9","904","0","0","Spain","right","187","8.36","4.18","71.43","4.18","52.38","1.19","6.48","0.1","0","0.04","0","0.5","0","0","0.4","0","0.2","50","0.7","57.14","1.19","1.39","0","38.53","88.37","13.74","81.16","2.79","50","0","0","0","0","0","2.99","83.33","0.2","0","0.2","6.57","59.09"
"M. Valjent","Spain 1.","Mallorca","RCB","29","6000000","2029-06-30","9","904","0","0","Slovakia","right","187","8.66","5.28","64.15","2.69","59.26","0.3","6.74","0.6","0","0.02","0","0.6","50","0","0.2","50","0.4","50","1.19","41.67","0.3","1","0.1","36.34","88.49","15.53","80.13","4.58","60.87","0","0","0","0","0","4.28","83.72","0.3","66.67","0.1","6.77","70.59"
"Leo Román","Spain 1.","Mallorca","GK","25","1800000","2030-06-30","9","904","0","0","Spain","right","189","1.29","0.1","100","0.2","100","0","1.4","0","0","0","0","0","0","0","0","0","0","0","0.1","100","0","0","0","19.02","85.86","12.35","80.65","8.86","73.03","0","0","0","0","0","1.39","50","0.2","0","0","6.97","82.86"
"L. Cabrera","Spain 1.","Espanyol","LCB","34","1200000","2026-06-30","9","901","1","0","Uruguay","left","190","7.09","3.7","67.57","4.1","73.17","0.5","4.86","0.2","0.1","0.13","0.1","0.6","33.33","16.667","0.1","0","0","0","0.6","33.33","0.9","0.2","0","34.86","82.52","15.98","71.88","5.49","43.64","0.04","0","0","0","0.1","4.69","53.19","0.8","25","0.2","6.19","74.19"
"Sergio Herrera","Spain 1.","Osasuna","GK","32","6000000","2028-06-30","9","898","0","0","Spain","right","192","1.8","0.2","50","0.5","80","0","1.98","0","0","0","0","0","0","0","0","0","0","0","0.1","0","0","0","0","17.64","81.25","11.12","73.87","6.51","56.92","0","0","0","0","0","1.9","31.58","0.3","0","0","5.61","73.21"
"Alejandro Catena","Spain 1.","Osasuna","CB, LCB","30","4000000","2028-06-30","9","898","1","1","Spain","right","194","7.72","4.11","63.41","4.71","70.21","0.7","5.47","0.3","0.1","0.03","0.1","0.3","33.33","33.333","0","0","0.2","100","0.8","50","0.7","0.1","0","37.88","88.62","13.83","74.64","5.41","57.41","0","0","0","0","0.1","3.61","50","0.3","33.33","0.3","5.31","67.92"
"Antonio Sivera","Spain 1.","Deportivo Alavés","GK","29","6000000","2027-06-30","9","895","0","0","Spain","right","185","1.11","0","0","0.6","83.33","0","1.63","0","0","0","0","0","0","0","0","0","0","0","0.1","0","0","0","0","11.66","84.48","8.85","80.68","7.74","76.62","0","0","0","0","0","2.82","71.43","0","0","0","6.34","88.89"
"A. Rațiu","Spain 1.","Rayo Vallecano","RB, RW","27","3000000","2028-06-30","9","893","0","1","Romania","right","183","6.85","5.14","58.82","1.81","33.33","0","5.22","2.12","0","0.04","0","0.6","66.67","0","2.52","28","1.91","42.11","7.56","24","1.11","2.32","0.4","40.72","80.94","12.8","70.87","3.53","40","0.08","0","0.3","66.67","0.3","4.43","70.45","2.62","46.15","0.81","5.74","75.44"
"A. Batalla","Spain 1.","Rayo Vallecano","GK","29","5000000","","9","893","0","0","Argentina","right","185","2.12","0.2","100","0.5","100","0","2.61","0","0","0","0","0","0","0","0","0","0","0","0.2","50","0","0","0","26.41","82.44","18.14","77.78","13","67.44","0","0","0","0","0","3.73","51.35","0.71","42.86","0.3","9.57","76.84"
"Diego Rico","Spain 1.","Getafe","LCB, LB","32","1500000","2026-06-30","9","893","0","0","Spain","left","183","7.36","6.15","57.38","3.02","33.33","0.3","4.67","1.01","0","0","0","0.4","25","0","1.91","36.84","0.2","100","1.71","64.71","0.2","0.3","0.2","29.03","66.32","15.62","60.65","5.54","36.36","0.02","0","0","0","0","7.66","53.95","2.82","25","0.3","7.76","67.53"
"Robin Le Normand","Spain 1.","Atlético Madrid","RCB, CB","28","0","2029-06-30","9","891","1","0","France","right","187","6.36","4.75","74.47","3.64","47.22","0","4","0.2","0.1","0.07","0.1","0.3","33.33","33.333","0.1","0","0.3","33.33","1.01","40","0.4","1.01","0","50.1","92.54","22.12","88.13","2.73","51.85","0","0","0","0","0","4.95","85.71","0.2","50","0.1","7.78","71.43"
"E. Boyomo","Spain 1.","Osasuna","RCB","24","3000000","2029-05-30","9","890","0","0","France","right","181","9.2","6.27","70.97","3.03","66.67","0.71","5.29","0.51","0","0.01","0","0.2","0","0","0.71","42.86","0.51","40","2.02","40","0.3","0.81","0.1","40.04","83.33","17.7","74.86","5.36","50.94","0.01","0","0","0","0.2","4.55","68.89","1.11","45.45","0.2","7.08","68.57"
"T. Courtois","Spain 1.","Real Madrid","GK","33","28000000","2026-06-30","9","889","0","0","Belgium","left","200","1.11","0.1","0","0.2","50","0","1.86","0","0","0","0","0","0","0","0","0","0","0","0.1","100","0","0","0","21.26","84.76","11.14","71.82","5.57","45.45","0","0","0","0","0","2.53","36","0.2","0","0","3.75","67.57"
"A. Radu","Spain 1.","Celta de Vigo","GK","28","3000000","","9","888","0","0","Romania","right","188","1.22","0.1","100","0.2","100","0","1.39","0","0","0","0","0","0","0","0","0","0","0","0.1","100","0","0","0","16.42","88.27","7.5","75.68","4.66","63.04","0","0","0","0","0","1.22","58.33","0.3","66.67","0.2","3.24","78.13"
"Jonny Otto","Spain 1.","Deportivo Alavés","RB, RCB","31","5000000","2027-06-30","9","881","0","0","Spain","both","175","11.03","7.46","69.86","2.55","56","0.2","7.8","1.02","0","0","0","0.31","33.33","0","1.12","45.45","0.61","66.67","3.98","35.9","0.61","1.43","0.31","51.49","88.49","22.88","85.27","3.58","48.57","0.01","0","0.1","0","0.1","7.66","74.67","1.23","50","0.31","7.56","71.62"
"F. Lejeune","Spain 1.","Rayo Vallecano","RCB, LCB","34","3000000","2027-06-30","9","879","0","0","France","right","190","9.22","6.55","71.88","3.58","45.71","0.61","5.91","0.1","0","0.06","0","1.13","9.09","0","0.2","0","0.1","0","0.72","14.29","0.92","0.31","0.2","54.68","89.51","21.6","77.73","7.99","61.54","0","0","0","0","0.1","6.45","66.67","0.92","33.33","0.2","8.81","73.26"
"Álvaro Carreras","Spain 1.","Real Madrid","LB, LCB","22","0","2031-06-30","9","878","0","0","Spain","left","186","7.48","5.13","52","2.46","62.5","0.21","7.98","1.03","0","0","0","0.31","0","0","1.23","33.33","1.13","54.55","4.31","40.48","1.13","1.74","0.21","66.32","89.64","26.65","84.23","2.46","54.17","0.09","0.1","0.21","0","0.31","9.94","83.51","2.15","52.38","1.13","10.35","76.24"
"J. Toljan","Spain 1.","Levante","RB","31","3500000","","9","866","1","2","Germany","right","182","7.48","5.61","48.15","1.35","15.38","0.21","4.79","1.14","0.1","0.08","0","0.31","33.33","33.333","2.18","47.62","0.1","0","1.87","50","1.14","1.14","0.21","29.41","72.44","11.43","60.91","4.47","44.19","0.12","0","0","0","0.73","3.33","50","1.56","66.67","0.52","7.59","60.27"
"Jon Moncayola","Spain 1.","Osasuna","RCMF, LCMF","27","7000000","2031-06-30","9","865","0","0","Spain","right","182","6.66","6.87","54.55","1.46","85.71","0.21","3.35","1.25","0","0.01","0","0.42","25","0","1.46","42.86","0.52","100","2.29","59.09","0.1","1.04","0.1","42.03","83.17","16.23","74.36","5.51","52.83","0.09","0","0","0","0.1","8.43","67.9","2.71","46.15","0.42","7.91","81.58"
"K. Mbappé","Spain 1.","Real Madrid","CF","26","180000000","2029-06-30","9","851","10","1","France","right","180","0.53","0.63","50","0.63","16.67","0","0.36","5.29","0.85","0.86","0","4.86","41.3","21.739","0.63","83.33","5.18","53.06","10.89","41.75","5.39","3.28","0.42","38.18","90.3","7.19","85.29","1.27","58.33","0.18","0.21","0","0","1.37","2.75","80.77","3.07","75.86","2.54","2.86","96.3"
"Dani Vivian","Spain 1.","Athletic Club","RCB","26","25000000","2032-06-30","9","849","0","0","Spain","right","183","10.49","6.78","68.75","2.12","35","0.53","7.61","0.21","0","0.03","0","0.21","50","0","0.21","0","0.11","100","2.23","42.86","0.53","0.64","0.32","48.13","83.48","22.05","72.6","7.42","52.86","0.08","0","0","0","0","7.42","68.57","0.85","12.5","0.21","9.86","64.52"
"D. Blind","Spain 1.","Girona","LCB, LB","35","3000000","2026-06-30","10","848","0","0","Netherlands","left","180","8.17","4.88","76.09","2.76","50","0.64","5.21","0.11","0","0","0","0","0","0","0.42","25","0.11","0","1.49","57.14","0","1.06","0","55.08","88.44","22.92","81.48","6.79","56.25","0.01","0","0.11","0","0.11","7.75","73.97","0.74","57.14","0.32","9.87","68.82"
"Ander Barrenetxea","Spain 1.","Real Sociedad","LW, LAMF, LWF","23","0","2030-06-30","10","847","1","3","Spain","right","175","5.74","4.14","58.97","0.85","37.5","0.32","3.82","6.59","0.11","0.15","0","1.7","31.25","6.25","4.04","28.95","7.33","62.32","12.96","50.82","4.68","3.72","0.43","35.91","75.44","9.67","67.03","2.23","38.1","0.23","0","0.43","75","1.06","3.08","55.17","3.83","47.22","1.59","5.42","76.47"
"Pedro Bigas","Spain 1.","Elche","LCB","35","800000","","9","845","0","0","Spain","left","181","7.78","5.75","61.11","2.66","60","0.53","6.94","1.07","0","0.03","0","0.32","33.33","0","1.17","27.27","0.64","83.33","1.81","52.94","0.32","0.85","0.32","63.16","88.87","25.88","82.3","5.54","34.62","0.01","0","0.11","100","0.11","9.48","77.53","1.6","26.67","0.11","9.91","72.04"
"L. Dendoncker","Spain 1.","Real Oviedo","RDMF, RCMF, LCMF","30","7000000","2026-06-30","9","843","1","0","Belgium","right","188","8.65","7.15","65.67","3.1","48.28","0.64","4.46","0.53","0.11","0.1","0","0.53","40","20","0.32","66.67","0.43","25","1.81","47.06","0.96","0.53","0.32","30.85","86.85","7.58","74.65","1.49","35.71","0.03","0","0","0","0.21","2.67","72","0.21","100","0.53","4.27","50"
"Álex Moreno","Spain 1.","Girona","LB, LWB","32","13000000","2026-06-30","9","842","0","0","Spain","left","179","6.95","5.56","42.31","1.6","46.67","0.43","5.21","2.24","0","0.03","0","0.53","40","0","2.57","20.83","2.57","58.33","4.7","54.55","1.92","3.63","0.86","30.36","75.7","13.47","69.05","3.1","44.83","0.05","0","0","0","0.21","2.89","59.26","1.82","47.06","0.86","5.45","60.78"
"Pablo Fornals","Spain 1.","Real Betis","LCMF, RDMF, LDMF","29","14000000","2029-06-30","9","841","2","3","Spain","right","178","5.89","4.17","56.41","1.18","54.55","0","4.29","1.71","0.21","0.1","0.11","1.18","36.36","18.182","1.71","25","1.18","54.55","4.82","48.89","1.07","0.96","0","52.44","85.31","17.44","79.14","4.6","62.79","0.1","0.11","0.64","33.33","0.75","10.17","84.21","2.89","48.15","1.07","9.42","87.5"
"L. Agoumé","Spain 1.","Sevilla","RDMF, RCMF, LDMF","23","6000000","2028-06-30","9","840","1","0","Cameroon","right","185","6.75","4.82","62.22","3.11","48.28","0","4.97","0.54","0.11","0.01","0","0.11","100","100","0.54","60","0.11","0","1.82","41.18","0.86","0.96","0.11","38.14","84.27","13.39","69.6","5.25","59.18","0.04","0","0.11","100","0.32","8.57","65","1.71","68.75","0.86","6.64","79.03"
"C. Hernández","Spain 1.","Real Betis","CF","26","13000000","2025-12-31","9","839","4","1","Colombia","right","176","2.79","2.15","40","4.61","27.91","0.11","2.48","2.15","0.43","0.27","0.11","3.11","20.69","13.793","0.97","33.33","2.04","52.63","10.19","27.37","4.72","0.75","0.11","19.85","75.68","3.97","64.86","1.5","71.43","0.09","0","0.21","50","0.21","1.61","86.67","1.07","50","0.64","2.36","77.27"
"P. Gazzaniga","Spain 1.","Girona","GK","33","4000000","2027-06-30","9","838","0","0","Argentina","right","195","1.72","0.32","33.33","0.32","100","0","1.97","0.11","0","0","0","0","0","0","0","0","0.11","100","0.11","100","0","0","0","23.74","84.62","12.57","71.79","8.38","57.69","0","0","0","0","0","2.36","31.82","0.11","0","0","5.69","71.7"
"Juan Iglesias","Spain 1.","Getafe","RCB, RB","27","2500000","2026-06-30","9","835","1","0","Spain","right","187","10.13","8.73","71.6","2.16","35","0.32","4.51","1.29","0.11","0.07","0","0.32","66.67","33.333","1.19","36.36","1.08","60","4.31","55","0.65","0.65","0","24.9","60.17","14.12","53.44","6.57","39.34","0","0","0.11","0","0","6.47","51.67","1.4","23.08","0.11","7.76","52.78"
"D. Affengruber","Spain 1.","Elche","CB, RCB","24","4000000","2026-06-30","9","835","0","0","Austria","right","185","11.21","7.01","78.46","2.59","58.33","0.32","7.92","0.22","0","0","0","0","0","0","0.32","33.33","0.11","100","1.4","76.92","0.22","1.51","0","57.23","90.21","20.16","79.68","3.88","55.56","0.01","0","0","0","0.11","5.82","72.22","0.75","42.86","0.22","6.57","72.13"
"Luis Rioja","Spain 1.","Valencia","RW, RAMF","32","4000000","2026-06-30","10","834","0","3","Spain","left","175","4.64","3.99","62.16","0.86","0","0","2.63","3.45","0","0.06","0","1.08","20","0","3.35","38.71","3.02","64.29","7.77","48.61","2.27","1.73","0.32","30.11","74.91","6.69","58.06","1.83","58.82","0.2","0","0.22","0","0.43","2.59","58.33","3.24","46.67","0.65","5.5","72.55"
"Pedri","Spain 1.","Barcelona","LDMF, LCMF","22","80000000","2030-06-30","9","833","2","1","Spain","right","174","5.4","3.57","66.67","0.54","60","0.11","6.56","3.03","0.22","0.12","0","1.4","46.15","15.385","0.86","75","2.7","64","7.13","48.48","1.19","4.32","0.32","87.3","91.58","21.18","78.06","5.4","60","0.13","0","0.54","0","0.65","14.91","86.23","5.29","65.31","2.7","10.8","88"
"R. Alhassane","Spain 1.","Real Oviedo","LB","23","300000","2027-06-30","10","832","0","0","Niger","left","184","8.22","6.27","51.72","1.3","33.33","0.32","5.14","1.62","0","0","0","0","0","0","3.46","28.13","1.41","46.15","2.92","44.44","0.22","1.62","0.22","35.81","77.95","10.93","67.33","3.25","43.33","0.04","0","0","0","0.32","1.95","44.44","3.68","47.06","0.76","5.63","57.69"
"Pablo Barrios","Spain 1.","Atlético Madrid","RCMF, LCMF","22","0","2030-06-30","9","831","1","0","Spain","right","181","5.85","4.01","72.97","2.17","65","0","4.24","2.06","0.11","0.05","0","1.08","30","10","1.3","25","1.62","80","6.5","45","1.41","2.49","0.22","53.61","87.68","14.84","78.1","2.92","48.15","0.03","0","0.32","33.33","0.32","7.47","82.61","2.82","65.38","1.41","7.36","70.59"
"José Ángel Carmona","Spain 1.","Sevilla","RB, LB, RWB","23","3500000","2028-06-30","9","830","1","3","Spain","right","184","9.43","6.94","70.31","2.28","61.9","0.43","6.34","1.95","0.11","0.07","0","0.65","33.33","16.667","1.19","63.64","1.52","64.29","3.8","48.57","1.3","2.06","0.43","35.67","85.11","13.45","73.39","4.23","48.72","0.07","0","0","0","0.43","3.69","70.59","0.98","55.56","0.11","4.99","63.04"
"Pol Lozano","Spain 1.","Espanyol","RDMF, RCMF, LDMF","26","2000000","2027-06-30","10","828","1","0","Spain","right","176","5.98","8.04","37.84","1.3","33.33","0","2.71","0.76","0.11","0.02","0","0.43","50","25","0.76","57.14","0.54","0","2.39","40.91","0","0.54","0","33.91","87.5","11.63","82.24","2.17","60","0.07","0","0.33","33.33","0.22","5.33","77.55","1.2","63.64","0.33","5.87","83.33"
"Pep Chavarría","Spain 1.","Rayo Vallecano","LB","27","2000000","2027-06-30","9","818","1","1","Spain","left","174","12.21","8.58","80.77","1.76","50","0.66","7.62","1.65","0.11","0.05","0","0.66","16.67","16.667","2.53","21.74","1.76","43.75","4.95","51.11","0.66","3.74","0.99","46.43","81.28","15.84","70.14","5.06","54.35","0.07","0.11","0.33","66.67","0.33","5.06","65.22","2.97","44.44","0.66","9.46","66.28"
"F. Valverde","Spain 1.","Real Madrid","RCMF, RB, RDMF","27","120000000","2029-06-30","9","818","0","1","Uruguay","right","182","5.28","2.97","59.26","2.31","38.1","0.22","5.44","1.32","0","0.08","0","0.88","50","0","1.43","15.38","0.99","66.67","1.98","61.11","1.21","1.21","0.33","56.99","89","16.61","85.43","3.08","60.71","0.11","0","0","0","0.33","8.8","85","2.2","45","0.99","6.49","79.66"
"A. Tchouaméni","Spain 1.","Real Madrid","RDMF, DMF, LDMF","25","100000000","2028-06-30","9","811","0","0","France","right","188","5.88","2","72.22","3.44","80.65","0.67","6.52","0.22","0","0.1","0","1.33","16.67","0","0.22","0","0.11","0","2.44","45.45","0.67","0.22","0","52.16","93.62","15.76","90.14","2","44.44","0","0","0.22","0","0","6.88","83.87","1.11","50","0.33","5.44","85.71"
"Diego López","Spain 1.","Valencia","LW, CF","23","14000000","2027-06-30","10","805","2","0","Spain","right","172","4.92","4.25","73.68","3.58","18.75","0.11","1.99","1.45","0.22","0.09","0","1.01","22.22","22.222","1.57","35.71","1.68","40","5.37","37.5","1.79","1.9","1.12","20.46","71.04","5.14","65.22","0.89","50","0.15","0","0","0","0.22","2.46","68.18","2.01","50","0.89","2.8","64"
"A. Budimir","Spain 1.","Osasuna","CF","34","5000000","2027-06-30","9","801","2","0","Bosnia and Herzegovina","left","190","3.93","3.6","56.25","9.21","50","0.11","2.28","1.24","0.11","0.47","0.11","2.13","31.58","10.526","0.22","0","0.67","83.33","5.39","33.33","2.7","0.45","0","12.13","66.67","3.37","33.33","0.11","0","0.02","0","0.11","0","0.11","1.46","38.46","0.56","40","0.11","0.9","37.5"
"Sergi Darder","Spain 1.","Mallorca","AMF, RCMF, LAMF","31","6000000","2028-06-30","9","801","0","1","Spain","right","180","3.37","2.92","65.38","0.56","20","0","1.62","2.13","0","0.01","0","0.67","16.67","0","1.8","50","2.47","45.45","6.4","42.11","0.45","2.02","0.11","32.36","83.33","7.53","70.15","2.92","42.31","0.21","0","0.22","0","0.56","4.04","63.89","2.58","56.52","0.34","4.27","73.68"
"Jesús Areso","Spain 1.","Athletic Club","RB","26","7500000","2026-06-30","10","800","0","1","Spain","right","182","7.09","5.85","63.46","2.48","68.18","0.34","4.37","3.6","0","0.01","0","0.34","33.33","0","4.61","41.46","2.36","66.67","4.95","52.27","1.01","1.58","0.56","34.76","77.99","8.21","71.23","2.14","52.63","0.04","0","0","0","0.23","3.04","77.78","3.94","48.57","0.45","6.53","77.59"
"N. Tenaglia","Spain 1.","Deportivo Alavés","LCB, RCB, CB","29","2000000","2027-06-30","8","799","1","0","Argentina","right","181","9.24","4.84","72.09","3.15","46.43","0.68","7.21","0.23","0.11","0.13","0","1.01","11.11","11.111","0","0","0.34","33.33","1.13","80","0.9","1.01","0.11","36.05","81.25","15.66","67.63","5.18","34.78","0.01","0","0","0","0","4.62","56.1","0.56","0","0","5.74","49.02"
"Djené","Spain 1.","Getafe","RCB, LCB","33","2500000","","10","796","0","0","Togo","right","178","6.67","4.41","71.79","2.94","57.69","0.23","4.35","0.11","0","0.01","0","0.11","0","0","0","0","0.23","50","2.04","27.78","0.23","0.23","0","24.31","80.93","11.31","70","4.75","47.62","0","0","0","0","0","3.17","50","0.34","0","0.11","4.86","69.77"
"Héctor Bellerín","Spain 1.","Real Betis","RB","30","4000000","2028-06-30","9","795","0","1","Spain","right","178","8.38","5.09","68.89","1.81","62.5","0","5.17","1.7","0","0.02","0","0.34","100","0","2.15","42.11","1.02","44.44","2.04","33.33","1.58","0.91","0.34","46.08","85.75","17.43","80.52","3.62","46.88","0.11","0","0.11","0","0.45","6.23","76.36","2.38","61.9","0.79","7.92","70"
"Jon Aramburu","Spain 1.","Real Sociedad","RB","23","5000000","2030-06-30","9","795","0","0","Venezuela","right","176","10.3","8.72","53.25","2.94","73.08","0.45","6.83","1.13","0","0.08","0","0.79","28.57","0","1.58","42.86","0.34","66.67","2.94","34.62","0.57","0.34","0.23","42.68","79.58","21.06","73.66","3.51","61.29","0.01","0","0.11","0","0.23","7.02","75.81","1.58","42.86","0","9.4","67.47"
"Vitor Reis","Spain 1.","Girona","RCB, CB","19","0","2029-06-30","9","791","0","0","Brazil","right","186","8.99","5.58","67.35","5.46","62.5","1.37","6.49","0","0","0","0","0.11","0","0","0","0","0","0","0.91","25","0.11","0.68","0.11","48.02","92.18","17.18","85.43","3.41","56.67","0","0","0","0","0.11","3.41","80","0.23","0","0.11","5.46","60.42"
"Rafa Marín","Spain 1.","Villarreal","RCB, LCB","23","7500000","2029-06-30","8","783","1","0","Spain","right","191","8.85","5.06","75","2.53","54.55","0.34","5.13","0.11","0.11","0.04","0.11","0.23","50","50","0","0","0","0","0.11","100","0.34","0.11","0","45.98","90.5","15.86","80.43","4.83","54.76","0","0","0","0","0","4.25","81.08","0.23","50","0.11","7.01","62.3"
"Roberto Fernández","Spain 1.","Espanyol","CF","23","600000","2029-06-30","10","780","1","2","Spain","right","186","3.23","2.88","44","7.96","31.88","0","1.7","1.5","0.12","0.41","0","1.96","41.18","5.882","0.35","66.67","0.92","50","7.85","33.82","2.77","0.81","0","11.54","77","1.96","70.59","0.12","0","0.17","0","0.12","0","0.35","0.58","80","0.23","0","0.23","0.81","42.86"
"D. Hancko","Spain 1.","Atlético Madrid","LB, LCB","27","35000000","2030-06-30","9","772","0","1","Slovakia","left","188","5.83","3.61","80.65","2.8","41.67","0.35","4.03","0.47","0","0.09","0","1.17","30","0","1.87","6.25","0.12","0","0.47","50","1.52","1.87","0.23","42.67","83.06","17.49","76.67","4.78","39.02","0.02","0.12","0","0","0.12","6.06","71.15","1.52","30.77","0.47","8.16","68.57"
"Sergi Cardona","Spain 1.","Villarreal","LB","26","6000000","2027-06-30","9","772","0","2","Spain","left","185","9.56","7.23","59.68","1.4","58.33","0.12","5.56","2.1","0","0.02","0","0.35","33.33","0","3.61","48.39","0.35","66.67","1.87","37.5","1.28","1.28","0.12","37.07","81.76","10.61","72.53","2.91","52","0.18","0.12","0","0","0.47","3.03","76.92","3.96","52.94","1.05","8.16","70"
"O. El Hilali","Spain 1.","Espanyol","RB","22","2000000","","10","770","0","2","Spain","right","183","8.65","7.48","57.81","3.27","50","0.12","4.06","1.29","0","0","0","0.12","0","0","2.1","61.11","0.23","0","1.29","9.09","0.12","0.35","0.12","41.38","82.77","19.29","73.33","6.9","49.15","0.16","0","0","0","0.82","5.84","70","1.87","68.75","0.23","10.05","70.93"
"D. Ćaleta-Car","Spain 1.","Real Sociedad","LCB","29","7000000","","8","768","0","0","Croatia","right","193","5.86","3.16","59.26","4.57","64.1","0.59","5.27","0.12","0","0.08","0","0.35","33.33","0","0","0","0","0","0.12","100","0.82","1.76","0","48.98","93.06","17.58","84.67","3.63","70.97","0.02","0","0","0","0.12","4.1","85.71","0.23","100","0.35","5.86","76"
"Antonio Blanco","Spain 1.","Deportivo Alavés","DMF, RCMF, LCMF","25","7500000","2027-06-30","8","765","0","0","Spain","right","176","8.71","7.18","57.38","3.06","46.15","0","6.69","1.06","0","0.03","0","1.06","33.33","0","0.82","28.57","0.71","66.67","3.41","48.28","0.12","0.35","0.12","54.94","87.37","17.41","76.35","5.88","58","0.02","0","0","0","0.12","8","72.06","1.76","33.33","0.35","6.82","70.69"
"Lucas Torró","Spain 1.","Osasuna","RCMF, DMF, LCMF","31","4000000","2027-06-30","9","764","0","0","Spain","right","190","6.6","4.71","55","6.6","73.21","0.12","4.32","0.35","0","0.05","0","0.47","0","0","0.47","25","0.24","100","3.77","53.13","0.59","0.12","0","32.51","80.8","10.13","61.63","2.83","41.67","0","0","0.12","0","0","4.71","70","0.35","33.33","0.12","4.59","61.54"
"Domingos Duarte","Spain 1.","Getafe","CB, RCB","30","2000000","2026-06-30","8","764","0","0","Portugal","right","190","5.3","2.59","59.09","3.42","65.52","0.24","4.56","0.12","0","0.04","0","0.24","50","0","0","0","0","0","0.71","66.67","0.35","0.12","0","23.32","78.28","10.25","64.37","4.83","48.78","0","0","0","0","0","4.24","55.56","0.47","25","0","4.48","65.79"
"A. Danjuma","Spain 1.","Valencia","LW, CF, LAMF","28","13000000","2026-06-30","10","764","3","1","Nigeria","right","178","3.18","3.06","53.85","0.71","33.33","0.12","1.76","4.95","0.35","0.47","0","2.12","50","16.667","2","47.06","4.71","62.5","9.9","46.43","2.59","2.95","0.71","19.2","75.46","3.42","51.72","1.18","50","0.04","0","0","0","0.24","1.65","71.43","1.41","41.67","0.12","1.53","76.92"
"E. Eyong","Spain 1.","Levante","CF","22","0","","9","763","5","2","Cameroon","right","181","4.6","2.83","79.17","5.07","46.51","0.12","2.75","1.77","0.59","0.5","0.35","2.24","52.63","26.316","0.35","33.33","1.18","40","7.55","32.81","3.18","0.59","0","11.09","76.6","2.48","57.14","0.47","25","0.07","0","0","0","0.24","1.42","75","0.35","33.33","0.47","1.18","60"
"Jon Gorrotxategi","Spain 1.","Real Sociedad","DMF, LCMF, RDMF","23","0","2030-06-30","9","760","0","0","Spain","right","177","11.13","6.99","83.05","2.84","54.17","0.24","6.49","0.24","0","0","0","0.36","0","0","0.24","50","0.12","100","2.01","58.82","0","1.07","0.12","42.51","88.02","11.61","75.51","1.78","66.67","0","0","0","0","0","5.68","72.92","0.71","33.33","0.24","2.84","70.83"
"J. Álvarez","Spain 1.","Atlético Madrid","CF","25","90000000","2030-06-30","9","759","6","1","Argentina","right","170","3.08","3.56","53.33","1.19","10","0","1.7","4.15","0.59","0.54","0","2.85","58.33","25","1.07","66.67","2.25","73.68","5.69","39.58","3.2","2.73","0.36","29.41","83.87","6.52","65.45","1.3","63.64","0.2","0","0.24","50","0.83","3.08","76.92","3.91","63.64","2.25","3.56","80"
"S. Mouriño","Spain 1.","Villarreal","RB","23","0","2030-06-30","8","759","0","0","Uruguay","right","186","12.33","12.09","62.75","1.66","42.86","0.12","4.68","0.47","0","0.01","0","0.36","0","0","0.47","25","0.36","100","2.13","50","0.36","0.71","0.12","46.13","88.69","20.04","82.25","4.03","58.82","0","0","0","0","0","7.35","85.48","0.95","50","0.36","9.25","70.51"
"Manu Sánchez","Spain 1.","Levante","LB","25","8000000","2028-06-30","8","755","0","1","Spain","left","171","10.01","8.23","50.72","0.72","66.67","0.48","6.14","1.43","0","0.01","0","0.24","0","0","2.62","45.45","0.95","25","3.22","18.52","1.31","1.79","0.24","27.3","78.17","8.94","68","2.86","45.83","0.07","0.12","0","0","0.24","2.5","80.95","2.03","47.06","0.36","5.25","68.18"
"Eric García","Spain 1.","Barcelona","RCB, RB, LCB","24","0","2026-06-30","9","751","1","0","Spain","right","182","6.95","5.03","64.29","3.48","65.52","0.12","7.37","1.08","0.12","0.19","0","0.84","57.14","14.286","0.96","25","0.36","66.67","1.32","36.36","1.92","1.32","0.24","72.38","91.39","32.12","86.19","2.64","68.18","0.06","0.24","0.12","100","0.24","12.94","90.74","2.16","61.11","1.44","13.3","84.68"
"Iván Romero","Spain 1.","Levante","CF","24","800000","2028-06-30","9","749","4","0","Spain","right","173","3.6","4.57","42.11","3.6","33.33","0.12","1.92","2.64","0.48","0.45","0","2.28","36.84","21.053","0.72","0","2.76","60.87","11.17","43.01","4.09","1.32","0","15.86","68.18","3.72","51.61","0.24","50","0.07","0.24","0.24","50","0.24","1.2","50","0.96","62.5","0.96","1.44","83.33"
"G. Suazo","Spain 1.","Sevilla","LB, LWB","28","3500000","2026-06-30","8","747","0","1","Chile","left","178","10.72","7.83","73.85","1.57","30.77","0.24","5.42","1.81","0","0.01","0","0.12","0","0","2.29","47.37","1.57","46.15","4.22","37.14","1.45","0.96","0.24","37.83","82.48","12.89","78.5","3.01","68","0.1","0","0","0","0.48","3.01","76","2.53","61.9","1.08","7.23","70"
"Germán Valera","Spain 1.","Elche","LWB, LB, RCMF","23","2000000","2028-06-30","9","746","1","1","Spain","left","170","6.39","4.58","73.68","0.84","28.57","0.12","4.2","3.14","0.12","0.14","0","0.97","37.5","12.5","2.77","30.43","3.38","57.14","9.05","46.67","3.5","2.53","0.97","39.69","84.5","9.41","69.23","1.33","45.45","0.11","0.12","0","0","0.72","2.41","75","2.41","50","0.97","5.67","65.96"
"Rafa Mir","Spain 1.","Elche","CF, LW, RWF","28","2500000","2027-06-30","10","737","3","0","Spain","right","191","2.81","3.05","40","2.81","21.74","0.12","2.54","2.56","0.37","0.38","0","2.69","50","13.636","1.1","22.22","1.59","61.54","6.35","34.62","4.03","0.49","0","19.91","80.98","3.18","73.08","1.22","60","0.05","0","0","0","0.12","1.1","55.56","0.85","28.57","0.61","0.73","50"
"Adrián de la Fuente","Spain 1.","Levante","LCB, RCB","26","1200000","2026-06-30","8","734","0","0","Spain","right","179","6.99","3.31","55.56","2.7","50","0.74","5.11","0.74","0","0.03","0","0.49","25","0","0.98","12.5","0.37","100","0.61","80","0.74","0.74","0","36.17","77.97","18.39","70","10.91","49.44","0.01","0.12","0.12","100","0","7.36","51.67","1.59","7.69","0.37","7.11","63.79"
"Sergio Gómez","Spain 1.","Real Sociedad","LB, LW","25","10000000","2030-06-30","10","725","0","0","Spain","left","173","8.94","8.19","65.15","1.24","40","0.25","5.19","2.11","0","0.05","0","0.5","0","0","3.48","46.43","1.12","44.44","1.86","40","1.24","1.99","0.12","56.61","84.87","24.58","80.3","3.72","46.67","0.1","0","0.12","0","0.74","8.57","78.26","3.23","46.15","0.5","10.06","80.25"
"P. Ciss","Spain 1.","Rayo Vallecano","LCB, LCMF, RCB","31","2500000","","9","722","0","0","Senegal","right","186","8.98","4.49","72.22","3.37","51.85","0.87","7.69","0.87","0","0.17","0","0.62","60","0","0","0","0.5","75","2.87","34.78","0.5","0.87","0","54.35","90.14","18.57","83.89","5.61","66.67","0","0","0.12","100","0","9.35","80","0.5","25","0.12","9.47","78.95"
"P. Gueye","Spain 1.","Villarreal","LCMF, LW","26","0","2028-06-30","10","717","2","1","France","left","189","6.03","4.02","50","2.51","50","0.5","4.35","1.13","0.25","0.13","0.13","1.76","28.57","14.286","0.88","0","1.13","44.44","3.89","54.84","1.38","0.63","0","46.57","83.83","16.57","73.48","6.28","48","0.08","0","0.38","33.33","0.25","8.41","74.63","2.76","45.45","1.76","7.66","77.05"
"G. Simeone","Spain 1.","Atlético Madrid","RW, RB, RAMF","22","3000000","2028-06-30","9","716","1","2","Argentina","right","173","8.04","7.29","60.34","2.39","47.37","0.25","4.36","2.39","0.13","0.29","0","1.63","23.08","7.692","2.26","33.33","1.76","71.43","6.66","52.83","5.28","3.14","0.38","37.84","81.06","6.16","67.35","1.01","37.5","0.2","0","0","0","1.01","1.63","76.92","2.14","47.06","0.88","4.15","72.73"
"Javi Puado","Spain 1.","Espanyol","LAMF, LW, CF","27","8000000","2030-06-30","8","715","2","0","Spain","right","177","3.02","2.77","45.45","1.26","10","0","2.01","4.03","0.13","0.44","0.13","1.76","57.14","14.286","2.77","31.82","4.03","53.13","6.8","44.44","2.52","2.77","0.5","26.31","79.43","5.16","68.29","1.26","50","0.06","0","0.25","0","0.38","2.52","75","2.39","42.11","0.38","3.27","84.62"
"Iñaki Williams","Spain 1.","Athletic Club","RAMF, CF, RW","31","25000000","2028-06-30","9","712","1","0","Spain","right","186","1.77","2.53","50","1.9","33.33","0","0.68","2.65","0","0.34","0","2.28","44.44","5.556","2.28","22.22","2.78","40.91","8.34","37.88","4.68","1.01","0.13","19.97","66.46","4.55","61.11","0.88","57.14","0.05","0","0","0","0.13","1.26","80","2.15","47.06","0.88","3.16","72"
"Isi Palazón","Spain 1.","Rayo Vallecano","CF, RW, AMF","30","8000000","2028-06-30","9","710","1","1","Spain","left","169","4.44","3.68","41.38","2.41","42.11","0.38","3.53","2.03","0","0.22","0","1.39","27.27","9.091","0.89","28.57","2.03","56.25","7.73","39.34","0.89","0.63","0.38","30.55","81.33","9.51","68","2.54","45","0.1","0","0.38","66.67","0.38","5.2","58.54","1.65","69.23","0.38","4.94","84.62"
"V. Muriqi","Spain 1.","Mallorca","CF","31","12000000","2029-06-30","8","706","5","0","Kosovo","left","194","2.93","1.27","70","9.31","52.05","0.13","2.25","2.04","0.51","0.48","0.38","3.06","54.17","20.833","0.25","50","0.38","66.67","8.16","25","3.57","0.25","0","15.93","79.2","2.93","43.48","0.51","75","0.02","0","0","0","0","1.27","40","0.51","75","0.38","1.15","44.44"
"T. Dolan","Spain 1.","Espanyol","RAMF, RW","23","5000000","","10","706","0","1","England","right","170","5.74","4.97","66.67","2.04","31.25","0","2.51","4.33","0","0.17","0","1.27","40","0","3.7","48.28","3.44","59.26","10.07","35.44","2.55","2.93","0.51","22.95","75","4.33","52.94","0.89","57.14","0.28","0","0.25","0","0.76","2.17","58.82","3.06","45.83","0","3.7","68.97"
"M. Ryan","Spain 1.","Levante","GK","33","3500000","","7","698","0","0","Australia","right","184","1.68","0.13","0","0.77","83.33","0","1.95","0","0","0","0","0","0","0","0","0","0","0","0","0","0","0","0","16.76","88.46","8.12","76.19","6.96","72.22","0","0","0","0","0","1.16","55.56","0","0","0","4.64","77.78"
"N. Pépé","Spain 1.","Villarreal","CF, RW","30","8500000","2028-06-30","10","698","2","1","France","left","183","3.35","2.97","52.17","1.55","25","0","2.1","5.29","0.26","0.3","0","2.84","45.45","9.091","1.93","46.67","4.9","63.16","12.89","43","6.06","4.38","0.9","34.56","85.45","7.61","72.88","0.64","60","0.28","0.26","0.39","0","0.9","1.93","73.33","4.13","59.38","3.35","4.38","82.35"
"D. Foulquier","Spain 1.","Valencia","RB","32","2500000","2027-06-30","7","697","0","0","France","right","183","6.84","6.2","58.33","2.32","50","0.13","4.03","0.77","0","0.03","0","0.13","0","0","0.9","28.57","0.9","57.14","3.49","48.15","0.13","0.77","0.39","38.35","83.84","14.2","78.18","2.97","43.48","0","0.13","0","0","0","3.74","65.52","1.16","44.44","0.13","7.23","60.71"
"Abel Bretones","Spain 1.","Osasuna","LWB, LB, LW","25","1800000","2029-06-30","7","693","1","0","Spain","left","186","8.96","7.27","64.29","0.78","50","0.26","4.31","1.82","0.13","0.03","0","0.39","66.67","33.333","1.43","54.55","1.04","75","5.58","34.88","0.78","1.43","0.13","24.81","70.16","9.87","56.58","3.77","55.17","0.08","0","0","0","0.26","2.86","54.55","1.3","50","0.13","5.06","61.54"
"Edu Expósito","Spain 1.","Espanyol","LDMF, LCMF, AMF","29","2500000","","9","693","0","3","Spain","right","178","6.1","5.45","59.52","1.56","41.67","0","3","2.99","0","0.04","0","0.91","42.86","0","3.9","33.33","1.82","64.29","5.71","52.27","0.91","2.08","0.78","36.88","80.28","15.32","72.88","3.77","55.17","0.53","0.26","0.26","50","0.78","8.57","72.73","4.68","52.78","1.17","8.7","89.55"
"Carlos Vicente","Spain 1.","Deportivo Alavés","RAMF, RW","26","4000000","2027-06-30","9","690","3","0","Spain","right","179","6.65","7.04","48.15","1.83","35.71","0.26","4.81","4.43","0","0.37","0","0.78","66.67","50","5.74","31.82","3.91","53.33","9.65","51.35","2.09","1.17","0.26","38.48","73.9","7.7","57.63","1.83","28.57","0.04","0","0","0","0.26","1.3","70","3.78","48.28","0.39","5.74","59.09"
"R. Vargas","Spain 1.","Sevilla","AMF, LAMF","27","9000000","2029-06-30","9","689","2","3","Switzerland","right","177","3.92","2.87","77.27","2.61","45","0","2.38","2.74","0.26","0.28","0","2.22","23.53","11.765","1.83","35.71","2.74","57.14","7.05","50","3","2.74","0.78","29.91","73.8","7.97","59.02","2.61","45","0.14","0","0","0","0.39","2.09","56.25","1.7","38.46","0.65","4.18","65.63"
"Luiz Júnior","Spain 1.","Villarreal","GK","24","6000000","2030-06-30","7","684","0","0","Brazil","left","192","0.79","0","0","0.26","50","0","0.94","0","0","0","0","0","0","0","0","0","0","0","0","0","0","0","0","13.95","91.51","6.45","81.63","3.82","68.97","0","0","0","0","0","1.45","63.64","0","0","0","2.76","76.19"
"Iván Martín","Spain 1.","Girona","RCMF, RDMF","26","15000000","2028-06-30","8","684","0","1","Spain","left","178","5.53","5.79","52.27","0.53","50","0","2.9","0.66","0","0.03","0","0.26","100","0","0.53","25","1.05","25","5.79","34.09","0.79","1.18","0.13","45.79","88.79","12.24","76.34","3.95","70","0.02","0","0","0","0.26","5.13","69.23","1.97","46.67","0.66","5.66","72.09"
"Mario Martín","Spain 1.","Getafe","RCMF","21","0","2027-06-30","10","683","1","0","Spain","right","178","6.46","7.12","51.85","6.06","28.26","0.13","2.8","0.92","0.13","0.07","0.13","0.79","33.33","16.667","0.26","100","1.05","37.5","5.4","26.83","1.32","0.79","0","21.87","87.95","4.74","80.56","1.45","54.55","0.01","0","0","0","0","2.24","70.59","0.66","80","0.4","3.43","73.08"
"Vinícius Júnior","Spain 1.","Real Madrid","LAMF, LW, AMF","25","0","2027-06-30","9","677","5","3","Brazil","right","176","3.19","3.19","75","0.66","20","0","1.12","7.05","0.53","0.49","0","3.19","50","20.833","2.26","35.29","9.97","46.67","16.22","40.16","8.38","7.44","1.2","42.01","82.59","7.44","67.86","1.46","54.55","0.25","0","0.27","0","1.2","2.26","58.82","3.19","58.33","2.92","4.65","80"
"T. Buchanan","Spain 1.","Villarreal","RW","26","8000000","2030-06-30","10","677","4","0","Canada","right","183","6.38","4.79","75","0.66","40","0","2.94","2.92","0.53","0.14","0","0.8","66.67","66.667","1.6","16.67","3.19","62.5","8.91","41.79","2.26","2.39","0.8","25.26","82.11","5.72","79.07","0.66","60","0.06","0","0.27","50","0.4","0.8","83.33","1.73","61.54","0.53","3.06","60.87"
"Renato Veiga","Spain 1.","Villarreal","LCB","22","0","2032-06-30","9","669","0","0","Portugal","left","190","5.38","2.02","66.67","2.29","35.29","1.35","3.96","0","0","0","0","0.27","0","0","0.13","0","0","0","0.27","50","0.13","0.67","0","41.57","89","18.97","78.72","4.17","45.16","0","0","0","0","0","4.98","72.97","0.54","0","0","7.94","66.1"
"V. Rosier","Spain 1.","Osasuna","RWB, RB","29","4000000","","8","665","0","1","France","right","175","8.93","6.09","62.22","1.89","50","0.14","5.65","0.81","0","0","0","0.14","0","0","2.17","18.75","1.08","37.5","5.01","29.73","0.81","1.22","0.54","36.81","76.1","14.48","59.81","5.14","31.58","0.15","0","0","0","0.27","4.74","54.29","2.3","29.41","0.27","7.44","60"
"Adrián Liso","Spain 1.","Getafe","CF, AMF","20","0","2029-06-30","7","665","3","0","Spain","left","182","6.23","7.17","54.72","6.36","14.89","0.14","2.73","2.3","0.41","0.15","0","1.49","45.45","27.273","1.76","30.77","1.89","57.14","8.26","36.07","1.89","1.08","0.14","14.21","66.67","2.44","55.56","0.68","20","0.02","0","0","0","0","1.08","50","0.81","16.67","0","1.35","70"
"J. Mojica","Spain 1.","Mallorca","LB","33","2200000","2027-06-30","9","663","0","1","Colombia","left","185","8.55","6.65","55.1","0.81","66.67","0.14","6.25","4.34","0","0.01","0","0.54","50","0","4.62","44.12","2.17","93.75","5.97","59.09","0.54","0.81","0.41","41.4","77.05","17.92","71.97","6.24","50","0.13","0","0","0","0.54","4.89","69.44","3.67","59.26","0.54","11.4","69.05"
"Javi Guerra","Spain 1.","Valencia","RCMF, LCMF, RDMF","22","20000000","2027-06-30","10","662","0","2","Spain","right","187","6.66","4.76","48.57","1.63","50","0.27","5.36","1.22","0","0.08","0","1.22","33.33","0","0.95","42.86","1.9","21.43","5.98","29.55","1.5","1.63","0.54","38.34","79.43","10.06","68.92","3.94","37.93","0.12","0","0.27","0","0.54","5.98","70.45","1.5","45.45","0.54","5.3","53.85"
"Roger Brugué","Spain 1.","Levante","LW, RW","28","1000000","2026-06-30","9","661","0","1","Spain","left","173","4.36","4.77","51.43","3.13","21.74","0.14","2.15","1.91","0","0.28","0","1.77","30.77","0","1.09","62.5","1.63","41.67","4.49","30.3","2.86","0.95","0.27","21.24","83.33","4.36","68.75","1.23","11.11","0.05","0","0.27","0","0.27","1.63","75","1.5","63.64","0.82","2.72","60"
"Álvaro García","Spain 1.","Rayo Vallecano","LW, LAMF","32","3000000","2028-06-30","9","660","3","1","Spain","left","167","5.73","4.77","65.71","2.05","33.33","0.14","3.88","3.55","0.41","0.27","0","1.64","58.33","25","5.18","23.68","2.18","50","3.95","31.03","3.27","0.68","0","28.77","62.56","6.14","51.11","3.14","43.48","0.26","0","0.27","100","1.23","3.27","45.83","3.27","33.33","0.68","5.45","75"
"Jorge de Frutos","Spain 1.","Rayo Vallecano","CF, RW, RAMF","28","4000000","","8","657","4","1","Spain","right","173","4.11","5.48","37.5","3.15","26.09","0","2.5","3.01","0.55","0.52","0","2.19","43.75","25","2.33","35.29","2.74","45","8.22","41.67","3.97","2.74","0.68","15.89","73.28","3.84","64.29","0.41","66.67","0.19","0","0.14","0","0.82","1.64","66.67","1.78","46.15","0.68","2.47","94.44"
"H. Hassan","Spain 1.","Real Oviedo","RAMF, RW","23","2000000","2027-06-30","9","657","0","1","Egypt","left","178","3.15","3.01","63.64","0.27","0","0","0.95","7.12","0","0.08","0","1.78","23.08","0","4.79","31.43","9.32","55.88","14.38","46.67","2.6","8.63","0.96","25.34","73.51","4.66","70.59","2.6","68.42","0.11","0","0","0","0.41","2.6","57.89","3.29","54.17","0.41","4.52","72.73"
"Oriol Rey","Spain 1.","Levante","LCMF, RCMF","27","1600000","","8","651","0","0","Spain","left","180","6.64","5.39","51.28","1.24","22.22","0.41","4.14","0.41","0","0.02","0","0.28","0","0","0.28","100","0.55","25","1.94","57.14","0.14","0.28","0","31.38","85.02","10.65","71.43","2.21","50","0.03","0","0","0","0","4.56","72.73","0.69","60","0.28","4.56","48.48"
"J. Koundé","Spain 1.","Barcelona","RB","26","45000000","","9","649","1","0","France","right","180","7.07","5.96","60.47","2.63","63.16","0.42","6.61","1.8","0.14","0.09","0.14","0.42","66.67","33.333","2.5","33.33","1.11","62.5","4.58","54.55","2.22","1.25","0.42","60.46","86.93","18.72","73.33","2.63","42.11","0.02","0.14","0.28","0","0.42","8.46","81.97","1.39","30","0.14","7.77","73.21"
"Éder Militão","Spain 1.","Real Madrid","RCB, LCB","27","60000000","2028-06-30","7","647","1","0","Brazil","right","186","7.23","4.87","60","4.31","51.61","0.7","7.03","0.83","0.14","0.14","0","0.97","71.43","14.286","0","0","0.14","100","1.67","41.67","0.7","0.28","0","54.39","90.28","17.67","78.74","5.29","55.26","0","0.14","0","0","0","8.07","79.31","0.14","0","0.14","6.54","72.34"
"Marcão","Spain 1.","Sevilla","LCB","29","4000000","2027-06-30","8","641","0","0","Brazil","left","185","5.62","4.49","62.5","4.77","52.94","0.14","3.45","0.28","0","0.04","0","0.42","0","0","0.28","0","0.28","100","2.39","88.24","1.12","1.26","0","34.12","88.89","15.87","86.73","3.93","67.86","0","0","0.14","0","0","5.05","75","0.7","60","0.28","6.04","81.4"
"Pablo Ibáñez","Spain 1.","Deportivo Alavés","AMF, RCMF, LCMF","27","2500000","","9","641","0","0","Spain","right","179","6.18","5.9","50","3.09","50","0.28","4.83","1.83","0","0.1","0","1.68","16.67","0","1.4","20","3.79","33.33","10.95","39.74","1.26","2.11","0.84","42.26","83.39","9.83","65.71","3.65","46.15","0.01","0.14","0.28","0","0.14","6.18","68.18","1.68","16.67","0.14","3.93","71.43"
"Hugo Sotelo","Spain 1.","Celta de Vigo","RCMF","21","2500000","2028-06-30","8","633","0","1","Spain","right","180","6.97","5.55","53.85","0.14","100","0.43","4.82","0.57","0","0.02","0","0.28","100","0","0.43","33.33","0.14","0","1.99","21.43","0.28","0.85","0","61.28","90.72","18.77","80.3","4.12","62.07","0.13","0","0.28","50","0.28","10.66","82.67","1.28","55.56","0.28","8.25","79.31"
"A. Güler","Spain 1.","Real Madrid","AMF, LCMF","20","0","2029-06-30","9","631","3","3","Türkiye","left","175","5.42","4.99","60","1.71","25","0.14","2.98","2.71","0.43","0.45","0.14","2.28","37.5","18.75","1.28","33.33","2.28","43.75","5.28","48.65","3.14","1.85","0.43","56.05","89.06","13.41","84.04","3.99","82.14","0.24","0.14","0.71","60","0.86","6.7","82.98","2.85","60","1.85","6.28","79.55"
"Javi Rodríguez","Spain 1.","Celta de Vigo","RCB","22","0","","8","629","0","0","Spain","right","0","7.15","5.44","55.26","3.58","24","0.43","5.03","0","0","0.01","0","0.14","0","0","0.14","0","0.14","0","1.72","50","0.72","1","0.14","66.82","92.29","19.75","83.33","2.86","30","0.01","0","0","0","0","6.3","90.91","0.72","60","0.57","7.58","64.15"
"Pedro Díaz","Spain 1.","Rayo Vallecano","RCMF, CF, AMF","27","2500000","2028-06-30","9","628","0","0","Spain","right","180","5.73","5.73","55","1.72","33.33","0","3.91","1","0","0.06","0","1.43","0","0","0.72","40","1.29","55.56","4.87","32.35","0.86","1","0","31.53","85","6.16","74.42","2.15","46.67","0.03","0","0.14","0","0.29","2.58","77.78","1.15","50","0.29","2.29","56.25"
"G. Lo Celso","Spain 1.","Real Betis","CF, AMF","29","16000000","2028-06-30","8","627","1","2","Argentina","left","177","4.74","2.58","72.22","0.86","66.67","0.14","3.21","2.58","0.14","0.23","0","1.87","30.77","7.692","0.86","50","1.72","66.67","10.48","47.95","2.01","1","0.14","45.5","88.33","14.35","81","3.16","81.82","0.2","0.29","0.57","75","0.72","5.74","87.5","3.88","62.96","2.01","6.32","88.64"
"Victor Muñoz","Spain 1.","Osasuna","RWF, RW, LWF","22","0","2030-06-30","9","626","1","1","Spain","right","173","3.45","4.17","55.17","1.44","40","0","1.19","3.02","0.14","0.24","0","2.16","33.33","6.667","2.73","15.79","5.61","33.33","15.53","26.85","1.44","3.74","1.29","18.12","74.6","2.3","43.75","0.58","25","0.06","0","0","0","0.29","0.43","0","2.3","18.75","0.14","2.16","46.67"
"S. Rondón","Spain 1.","Real Oviedo","CF","36","1000000","2027-12-31","9","625","2","0","Venezuela","right","189","3.31","2.59","50","8.64","40","0.14","2.01","1.01","0.29","0.35","0.14","2.16","26.67","13.333","0.14","0","0.72","40","9.79","25","2.59","0.14","0.14","15.26","74.53","5.18","55.56","0.72","80","0.04","0","0.14","100","0.29","2.02","71.43","0","0","0.29","1.73","66.67"
"Carlos Álvarez","Spain 1.","Levante","RW","22","1200000","","9","622","2","1","Spain","left","168","6.22","6.8","57.45","1.01","14.29","0","1.99","1.88","0.29","0.12","0","1.16","50","25","0.29","0","1.74","41.67","8.54","30.51","1.16","2.32","0.87","28.22","81.03","8.97","66.13","2.03","50","0.2","0.14","0.58","100","0.72","4.77","78.79","2.89","55","1.74","5.93","68.29"
"Álex Berenguer","Spain 1.","Athletic Club","LAMF, RAMF, CF","30","12000000","2027-06-30","8","616","0","0","Spain","right","175","5.26","3.8","57.69","3.51","12.5","0","4.04","3.94","0","0.18","0","1.31","44.44","0","3.36","21.74","4.53","51.61","12.13","39.76","2.34","1.46","0.44","27.32","77.01","5.99","68.29","1.02","42.86","0.15","0","0.29","100","0.29","2.48","64.71","4.53","38.71","1.61","3.65","96"
"David Carmo","Spain 1.","Real Oviedo","LCB","26","0","2029-06-30","7","616","1","0","Portugal","left","196","8.62","5.26","72.22","4.97","76.47","1.17","5.13","0.29","0.15","0.16","0","0.58","50","25","0","0","0","0","0.88","16.67","0.73","0.73","0","47.19","85.14","19.29","71.97","8.62","55.93","0.01","0","0","0","0.15","7.01","66.67","0.29","0","0","9.79","68.66"
"Dean Huijsen","Spain 1.","Real Madrid","LCB, CB","20","0","","7","615","0","1","Netherlands","right","195","6.59","4.1","64.29","4.68","71.88","0.29","6.14","0.44","0","0.04","0","1.02","14.29","0","0.59","25","0.15","100","1.02","71.43","1.02","1.61","0","71.85","89.41","28.1","82.29","5.41","54.05","0.05","0","0","0","0.15","14.34","83.67","0.29","0","0.15","13.17","91.11"
"André Silva","Spain 1.","Elche","CF","29","6000000","2026-06-30","9","615","4","0","Portugal","right","185","3.51","3.37","60.87","4.39","26.67","0","2.16","1.76","0.59","0.43","0","2.49","41.18","23.529","0.15","0","1.32","44.44","8.78","31.67","3.51","1.46","0.15","21.95","84.67","4.54","64.52","0.44","33.33","0.05","0.15","0.15","100","0.29","1.32","44.44","1.32","66.67","1.17","2.05","78.57"
"Unai Elgezabal","Spain 1.","Levante","RCB, CB","32","700000","","6","611","0","0","Spain","right","185","7.36","3.54","54.17","5.3","63.89","1.33","5.47","0","0","0","0","0","0","0","0","0","0","0","0.15","100","0","0","0","33.14","89.78","15.17","82.52","4.42","50","0","0","0","0","0","2.36","75","0","0","0","5.89","70"
"O. Vlachodimos","Spain 1.","Sevilla","GK","31","7000000","2027-06-30","6","611","0","0","Germany","right","191","1.18","0","0","0.29","100","0","1.73","0","0","0","0","0","0","0","0","0","0","0","0","0","0","0","0","23.13","84.71","11.05","72","7.66","59.62","0","0","0","0","0","1.33","33.33","0","0","0","7.07","66.67"
"Hugo Duro","Spain 1.","Valencia","CF","25","16000000","2028-06-30","10","611","3","0","Spain","left","177","2.8","2.65","50","5.74","20.51","0","1.91","1.03","0.44","0.2","0.15","0.74","80","60","0","0","0.74","60","3.54","25","1.62","0.74","0","16.94","79.13","1.91","92.31","0.29","50","0","0.15","0","0","0","2.21","80","0.59","50","0.44","1.62","63.64"
"Ilaix Moriba","Spain 1.","Celta de Vigo","LCMF","22","3000000","2026-06-30","9","609","0","1","Guinea","right","185","8.28","7.68","73.08","1.77","33.33","0","2.85","0.59","0","0.05","0","1.03","14.29","0","0.3","0","0.89","16.67","5.62","42.11","1.33","0.74","0.15","37.68","88.63","9.61","69.23","1.77","41.67","0.12","0","0.3","100","0.44","5.02","67.65","1.03","57.14","1.03","3.84","69.23"
"F. de Jong","Spain 1.","Barcelona","RDMF, DMF, RCMF","28","70000000","2029-06-30","7","608","0","2","Netherlands","right","181","4.74","4","62.96","1.78","58.33","0.15","3.53","1.18","0","0.04","0","0.3","50","0","0.59","75","0.59","100","4.88","54.55","2.22","2.37","0.74","68.83","93.98","17.76","87.5","2.96","65","0.1","0","0","0","0.59","11.4","90.91","2.07","64.29","1.18","6.96","82.98"
"B. Santamaria","Spain 1.","Valencia","LCMF, RCMF, LDMF","30","10000000","","10","608","1","1","France","right","183","5.18","4.14","57.14","3.85","42.31","0.3","3.39","1.04","0.15","0.05","0.15","0.89","16.67","16.667","0.3","50","1.33","55.56","3.4","47.83","0.59","1.04","0.15","39.67","84.33","14.36","74.23","5.63","65.79","0.11","0","0","0","0.15","9.03","73.77","1.04","57.14","0.44","7.4","70"
"Dani Calvo","Spain 1.","Real Oviedo","LCB, RCB, CB","31","1500000","","6","608","0","0","Spain","right","190","7.25","4.88","78.79","4.29","65.52","0.59","3.57","0","0","0","0","0","0","0","0.3","0","0","0","0.59","0","0.3","0.15","0","34.34","89.66","11.25","85.53","3.7","52","0","0","0","0","0","2.22","53.33","0.3","0","0","3.7","56"
"M. Rashford","Spain 1.","Barcelona","LAMF, LWF, CF","27","0","2028-06-30","9","607","1","4","England","right","186","1.33","0.89","50","0.3","0","0","2","3.86","0.15","0.29","0","3.56","41.67","4.167","3.11","14.29","5.19","37.14","9.64","32.31","4.74","2.37","0.44","35.88","82.23","5.93","70","1.63","54.55","0.31","0","0.15","0","0.74","1.48","70","5.19","45.71","2.82","3.11","76.19"
"Iñigo Ruiz de Galarreta","Spain 1.","Athletic Club","RDMF, RCMF, LDMF","32","5000000","2027-06-30","9","607","0","0","Spain","right","174","6.97","6.67","55.56","2.08","64.29","0.3","4.17","0.89","0","0.04","0","0.59","0","0","1.19","25","1.04","57.14","5.78","41.03","0","0.44","0.15","43.59","82.65","14.83","72","5.34","47.22","0.02","0","0.15","0","0.15","9.93","79.1","3.11","33.33","0.89","7.56","78.43"
"José Gayá","Spain 1.","Valencia","LB","30","25000000","2027-06-30","8","607","0","0","Spain","left","172","7.12","6.38","58.14","1.78","66.67","0.44","3.51","1.33","0","0","0","0","0","0","2.82","31.58","0.44","100","1.93","53.85","1.04","1.04","0","34.7","78.21","10.53","63.38","6.08","51.22","0.07","0","0.15","0","0.3","5.04","52.94","2.97","35","0.44","6.82","69.57"
"Isaac Romero","Spain 1.","Sevilla","CF","25","18000000","","9","605","3","0","Spain","left","184","3.57","4.46","50","3.12","28.57","0","1.81","1.79","0.45","0.27","0","1.79","33.33","25","0.6","0","1.79","58.33","11.16","30.67","3.27","1.04","0.45","16.81","73.45","2.23","46.67","0.3","0","0.09","0","0.15","100","0.3","1.34","77.78","0.3","0","0.15","1.93","53.85"
"Aitor Paredes","Spain 1.","Athletic Club","LCB, RCB","25","22000000","2029-06-30","7","605","1","0","Spain","right","186","6.69","4.91","72.73","2.23","46.67","0.3","3.85","0.3","0.15","0.07","0.15","0.3","100","50","0","0","0.15","0","0.45","66.67","0.45","2.53","0.3","54.3","89.86","19.19","81.4","6.25","71.43","0","0","0.15","0","0","7.44","74","0.45","33.33","0.15","9.22","82.26"
"F. Garcés","Spain 1.","Deportivo Alavés","RCB","26","1800000","","6","604","0","0","Argentina","right","188","8.2","4.02","70.37","4.62","48.39","0.89","6.91","0.3","0","0.03","0","0.45","66.67","0","0","0","0","0","0.15","0","0.45","0","0","31.44","85.78","11.62","61.54","4.62","32.26","0","0","0","0","0","3.43","56.52","0.3","50","0.15","3.87","61.54"
"Pau López","Spain 1.","Real Betis","GK","30","10000000","2026-06-30","6","604","0","0","Spain","left","189","1.49","0.15","100","0.15","100","0","1.6","0","0","0","0","0","0","0","0","0","0","0","0","0","0","0","0","18.18","90.16","8.94","81.67","5.51","70.27","0","0","0","0","0","0.3","50","0","0","0","4.17","75"
"Toni Martínez","Spain 1.","Deportivo Alavés","CF","28","5000000","2028-06-30","9","604","2","1","Spain","right","187","3.87","3.58","58.33","12.67","54.12","0.15","2.86","1.49","0.3","0.14","0.15","1.64","45.45","18.182","0.6","25","0.89","66.67","6.41","23.26","2.53","0.45","0.3","13.56","75.82","2.68","55.56","0.75","60","0.08","0","0","0","0.15","1.19","75","0.89","16.67","0.15","1.34","55.56"
"A. Witsel","Spain 1.","Girona","LCMF, DMF, LDMF","36","3500000","2026-06-30","7","604","1","0","Belgium","right","186","6.26","3.73","64","1.64","63.64","0.45","4.91","0.6","0.15","0.09","0","0.75","20","20","0.3","0","0.75","60","4.17","35.71","1.34","1.19","0","39.49","90.94","13.11","81.82","1.34","22.22","0.03","0","0","0","0.15","4.17","82.14","0.75","60","0.15","4.17","67.86"
"Carles Aleñà","Spain 1.","Deportivo Alavés","LW, LAMF, CF","27","3000000","2026-06-30","9","600","0","3","Spain","left","180","4.8","4.35","41.38","1.5","70","0.15","4.29","1.65","0","0.02","0","0.6","0","0","1.65","63.64","1.05","57.14","4.95","39.39","0.75","0.15","0","39.9","84.59","9.3","66.13","2.7","44.44","0.22","0","0.3","0","0.9","4.65","74.19","1.65","72.73","0.3","4.2","71.43"
"Santi Comesaña","Spain 1.","Villarreal","RCMF","29","6000000","2027-06-30","9","598","1","1","Spain","right","184","6.47","4.36","55.17","3.61","37.5","0.75","4.21","0.9","0.15","0.23","0","1.05","14.29","14.286","0.9","16.67","0.45","100","4.06","40.74","3.01","0.75","0.3","45.45","85.1","13.55","76.67","2.56","64.71","0.12","0","0.15","100","0.6","6.47","83.72","2.41","43.75","1.35","7.07","65.96"
"Hugo Rincón","Spain 1.","Girona","RB, RWB","22","250000","","9","598","0","0","Spain","right","183","7.98","5.72","76.32","2.71","33.33","0.3","4.29","2.26","0","0.05","0","0.15","0","0","2.11","42.86","1.51","90","7.07","61.7","1.51","2.26","0.15","30.4","83.17","8.43","73.21","1.2","12.5","0.03","0","0","0","0.3","1.35","33.33","1.96","53.85","0.45","3.61","62.5"
"Pepelu","Spain 1.","Valencia","RCMF, LCMF","27","22000000","2028-06-30","8","596","0","0","Spain","right","185","7.55","7.25","62.5","2.27","60","0.15","4.01","0.15","0","0.01","0","1.06","0","0","0.45","0","0.15","100","1.81","58.33","0.15","0.15","0","46.36","82.41","15.55","67.96","6.8","60","0.16","0","0.3","0","0","8.61","66.67","1.36","55.56","0.76","6.95","73.91"
"Joan García","Spain 1.","Barcelona","GK","24","800000","2028-06-30","6","595","0","0","Spain","right","191","3.33","0","0","0.45","100","0","7.33","0","0","0","0","0","0","0","0","0","0","0","0.3","100","0","0","0","22.08","93.15","8.62","85.96","2.57","64.71","0","0","0","0","0","0.45","0","0.15","0","0","2.27","73.33"
"Oihan Sancet","Spain 1.","Athletic Club","AMF, CF","25","35000000","2032-06-30","8","593","1","0","Spain","right","188","4.55","4.55","56.67","1.37","22.22","0.46","2.19","1.52","0","0.41","0","1.82","41.67","8.333","0.61","0","0.91","66.67","8.35","25.45","1.67","1.06","0.46","26.86","83.05","7.44","77.55","0.76","20","0.11","0","0.15","100","0.61","2.73","77.78","1.67","45.45","1.06","3.04","65"
"Marc Aguado","Spain 1.","Elche","DMF, RCMF, LCMF","25","0","","9","593","0","0","Spain","right","178","9.26","5.01","63.64","0.61","75","0.61","8.74","0.15","0","0.01","0","0.3","0","0","0.15","0","0.15","100","1.37","44.44","0.46","0.15","0","52.82","93.39","14.11","88.17","1.67","63.64","0","0","0","0","0.15","5.62","81.08","0.15","0","0","5.46","69.44"
"N. Gudelj","Spain 1.","Sevilla","LDMF, RDMF, RCMF","33","3500000","2026-06-30","8","591","1","0","Serbia","right","187","6.85","5.03","51.52","2.28","53.33","0.46","5.86","0.91","0.15","0.06","0","1.37","33.33","11.111","0.46","33.33","0.61","50","1.98","61.54","0.61","0.46","0","35.48","84.55","11.42","69.33","3.05","35","0.05","0","0","0","0.3","4.26","64.29","0.46","66.67","0.15","5.63","45.95"
"Kiko Femenía","Spain 1.","Getafe","RB, RW","34","1400000","2027-06-30","7","588","0","0","Spain","right","174","6.28","4.9","62.5","2.76","27.78","0.15","4.12","1.07","0","0","0","0.15","0","0","1.68","36.36","0.77","60","2.76","44.44","0.61","1.38","0.15","28.16","77.72","10.41","70.59","2.14","64.29","0.04","0","0","0","0.15","3.37","81.82","1.99","46.15","0.31","5.05","69.7"
"Ferrán Torres","Spain 1.","Barcelona","CF, RAMF, LWF","25","0","2027-06-30","8","586","4","1","Spain","right","184","2.15","1.23","62.5","2.3","33.33","0","2.67","1.69","0.61","0.6","0","3.38","40.91","18.182","0.61","0","1.54","20","6.76","29.55","5.07","0.31","0","19.81","77.52","3.38","59.09","0.46","33.33","0.15","0","0","0","0.61","1.38","66.67","1.23","50","1.08","0.92","83.33"
"Víctor Chust","Spain 1.","Elche","RCB, CB","25","2000000","2028-06-30","8","583","0","0","Spain","right","184","9.26","8.8","66.67","2.78","33.33","0.93","4.88","0.31","0","0.02","0","0.15","0","0","0.31","50","0.15","100","1.23","50","0.15","0.93","0","50.48","86.24","16.52","72.9","3.86","32","0.01","0","0","0","0","6.64","62.79","0.93","33.33","0","7.26","59.57"
"Arnau Martínez","Spain 1.","Girona","RB, RCB, RCMF","22","10000000","2027-06-30","9","580","1","1","Spain","right","182","7.91","5.12","72.73","1.71","54.55","0.16","5.16","0.62","0.16","0.1","0","0.16","100","100","1.71","18.18","0.78","20","2.95","52.63","1.4","0.62","0","45.16","83.51","15.67","71.29","4.97","34.38","0.03","0","0","0","0.16","4.34","64.29","1.4","22.22","0.31","5.9","57.89"
"Nacho Vidal","Spain 1.","Real Oviedo","RB","30","2000000","","7","578","0","0","Spain","right","180","7.63","5.92","50","1.56","60","0.16","4.75","0.47","0","0.04","0","0.47","33.33","0","1.09","0","0.93","33.33","2.8","44.44","0.31","1.4","0.16","31.61","84.24","10.59","70.59","3.58","34.78","0","0","0","0","0","2.49","18.75","1.4","22.22","0.16","2.49","56.25"
"Pau Cubarsí","Spain 1.","Barcelona","LCB, RCB","18","0","2029-06-30","6","577","0","0","Spain","right","184","6.55","4.84","67.74","3.59","65.22","0.16","7.06","0.31","0","0.05","0","0.47","0","0","0","0","0.31","100","0.47","66.67","0.62","1.25","0.16","75.49","93.6","30.1","88.08","2.65","35.29","0.02","0.16","0.16","0","0.16","10.14","89.23","0.94","33.33","0.31","9.67","83.87"
"Sergio Carreira","Spain 1.","Celta de Vigo","LWB, LB, RWB","25","1200000","","6","577","0","0","Spain","right","170","6.08","4.21","70.37","1.25","12.5","0","3.75","1.4","0","0.01","0","0.16","0","0","1.56","30","1.56","60","4.52","44.83","1.87","2.96","0.16","47.73","83.33","14.82","73.68","3.74","62.5","0.02","0","0","0","0","4.06","76.92","3.59","69.57","2.18","11.07","70.42"
"Brais Méndez","Spain 1.","Real Sociedad","RCMF, AMF","28","0","2028-06-30","9","570","1","2","Spain","left","187","3.32","3.47","50","2.21","42.86","0","1.6","2.37","0.16","0.06","0","1.42","44.44","11.111","1.89","50","2.21","35.71","6.32","32.5","1.58","0.95","0.16","37.26","83.05","10.74","69.12","2.68","52.94","0.2","0","0","0","0.47","5.84","72.97","3","68.42","1.58","4.58","79.31"
"José Copete","Spain 1.","Valencia","LCB","26","2800000","2026-06-30","7","569","0","0","Spain","left","190","9.65","5.38","70.59","3.48","45.45","0.95","7.25","0.16","0","0.2","0","0.79","0","0","0.16","100","0.16","0","0.79","20","0.63","0.16","0","43.02","86.76","15.82","75","5.69","44.44","0","0","0","0","0","4.11","53.85","0.79","40","0.16","6.33","67.5"
"Koke","Spain 1.","Atlético Madrid","DMF, LCMF, RCMF","33","12000000","","8","566","0","1","Spain","right","176","4.93","4.61","55.17","1.75","54.55","0","2.46","0.64","0","0","0","0.16","0","0","1.11","42.86","0.32","50","2.54","43.75","0.16","0.8","0","72.19","94.71","20.04","89.68","7","86.36","0.1","0","0","0","0.48","13.83","91.95","2.54","50","0.64","8.9","94.64"
"Alberto Moleiro","Spain 1.","Villarreal","LW, CF","22","15000000","2026-06-30","10","563","2","1","Spain","right","172","4.32","4.32","55.56","0.16","0","0","2.02","2.88","0.32","0.2","0","2.08","23.08","15.385","0.8","20","2.88","72.22","6.07","52.63","3.2","2.56","0.48","26.86","78.57","6.71","69.05","0.96","16.67","0.1","0","0.48","33.33","0.32","3.84","79.17","1.6","20","0.8","3.2","65"
"Juanlu Sánchez","Spain 1.","Sevilla","RB, RAMF","22","15000000","2029-06-30","8","560","0","0","Spain","right","183","7.23","7.55","59.57","2.73","70.59","0","4.11","2.89","0","0.13","0","0.8","20","0","3.54","36.36","1.77","81.82","6.91","48.84","1.61","1.61","0.16","39.54","79.27","12.38","68.83","2.73","76.47","0.13","0","0","0","0.32","2.41","93.33","2.89","38.89","0.16","7.39","60.87"
"Óscar Mingueza","Spain 1.","Celta de Vigo","RWB, LWB","26","0","2026-06-30","8","559","0","1","Spain","right","184","6.6","5.64","74.29","1.13","28.57","0","3.24","2.9","0","0.1","0","0.81","20","0","3.22","45","1.29","75","4.19","53.85","0.97","0.81","0","56.19","83.67","17.39","66.67","5.31","42.42","0.25","0","0.32","100","0.81","7.25","68.89","6.44","55","2.9","10.79","73.13"
"Manu Morlanes","Spain 1.","Mallorca","LDMF, DMF, LCMF","26","2500000","2028-06-30","7","557","0","0","Spain","right","178","8.89","6.46","70","1.13","57.14","0","4.74","0.81","0","0.07","0","0.32","0","0","0","0","0.97","83.33","3.39","52.38","0.81","1.45","0.32","37.16","87.83","12.76","82.28","1.78","36.36","0.02","0.16","0","0","0.16","5.33","72.73","0.48","66.67","0.65","4.36","51.85"
"Pablo Marín","Spain 1.","Real Sociedad","LCMF, LDMF, RCMF","22","1500000","2028-06-30","10","556","0","0","Spain","right","178","4.69","5.18","62.5","2.1","46.15","0.16","1.99","0.97","0","0.1","0","0.81","20","0","0.81","20","1.62","30","5.18","28.13","1.62","1.46","0","25.09","79.35","5.34","54.55","0.65","50","0.01","0","0.49","33.33","0","2.43","73.33","0.97","33.33","0.32","3.08","52.63"
"Unai López","Spain 1.","Rayo Vallecano","RCMF, LCMF, LDMF","29","3000000","2026-06-30","9","555","0","2","Spain","right","170","7.3","6.49","47.5","1.3","25","0","3.66","0.65","0","0.02","0","0.81","0","0","0.97","33.33","0.49","66.67","3.73","21.74","0.49","1.3","0.16","53.19","90.24","12.81","78.48","4.54","60.71","0.08","0","0","0","0.16","7.14","81.82","2.27","35.71","0.49","6.49","72.5"
"Joel Roca","Spain 1.","Girona","LW, LAMF, LB","20","0","","7","555","1","0","Spain","right","176","3.89","3.73","52.17","1.78","45.45","0.16","2.21","4.7","0.16","0.17","0","2.11","30.77","7.692","2.27","28.57","6.97","48.84","15.89","41.84","3.41","5.68","0.49","21.08","76.92","4.86","73.33","0.49","33.33","0.06","0","0","0","0.49","0.81","80","1.78","81.82","1.14","2.92","66.67"
"L. Ilić","Spain 1.","Real Oviedo","AMF, RW, LW","26","1500000","2028-06-30","9","550","1","0","Serbia","left","182","6.05","6.87","38.1","1.64","30","0.49","3.45","0.65","0.16","0.15","0","0.65","75","25","0.16","0","0.33","50","4.25","34.62","0.82","0.33","0","21.11","78.29","6.22","52.63","1.31","25","0","0","0","0","0","2.29","50","0.65","50","0.65","1.96","58.33"
"Dani Olmo","Spain 1.","Barcelona","AMF, RCMF","27","60000000","2030-06-30","8","546","1","2","Spain","right","179","4.62","4.45","59.26","1.65","70","0","4.09","2.8","0.16","0.23","0","2.8","29.41","5.882","1.15","14.29","2.64","62.5","7.58","39.13","3.46","1.48","0","44.51","84.07","10.71","73.85","1.81","36.36","0.19","0.33","0.33","50","0.82","4.62","67.86","5.6","55.88","3.79","4.62","78.57"
"Pere Milla","Spain 1.","Espanyol","LW, AMF, LAMF","33","2400000","2027-06-30","8","546","4","0","Spain","left","180","8.08","6.43","61.54","3.13","52.63","0.16","4.34","2.31","0.66","0.66","0.33","4.45","37.04","14.815","1.32","25","0.99","33.33","4.78","34.48","3.79","2.8","0.66","23.57","76.22","6.43","61.54","0.99","16.67","0.19","0.16","0.16","0","1.32","3.63","63.64","2.31","42.86","1.32","3.3","55"
"Pablo Torre","Spain 1.","Mallorca","LCMF, AMF, LAMF","22","3000000","2026-06-30","9","543","0","0","Spain","right","173","6.46","5.64","52.94","1.82","9.09","0.17","3.86","1.33","0","0.01","0","0.5","66.67","0","0.99","33.33","0.99","50","6.8","43.9","0.5","0.83","0.17","35.8","83.33","9.28","73.21","2.15","61.54","0.09","0","0.17","100","0.33","5.64","88.24","1.82","36.36","0.33","4.64","71.43"
"Fernando Calero","Spain 1.","Espanyol","RCB","30","1800000","2026-06-30","7","538","0","0","Spain","right","183","9.37","5.86","71.43","3.85","47.83","1.51","5.05","0.17","0","0.03","0","0.33","0","0","0","0","0.33","50","0.84","40","0.67","0.33","0","44","89.73","15.89","78.95","6.19","56.76","0.01","0","0","0","0","2.68","50","0.67","25","0.17","6.36","60.53"
"Borja Iglesias","Spain 1.","Celta de Vigo","CF","32","5000000","2027-06-30","9","535","4","0","Spain","right","187","2.02","2.02","33.33","2.52","33.33","0.17","1.61","1.68","0.5","0.64","0.17","2.69","50","25","0.17","0","0.84","40","8.41","22","3.03","0.5","0","17.66","75.24","4.04","75","1.01","50","0.04","0","0","0","0.34","2.52","80","0.84","20","0.84","2.69","75"
"I. Chaira","Spain 1.","Real Oviedo","LW, LAMF","24","1600000","2026-06-30","9","535","0","0","Spain","right","186","5.89","5.72","50","0.84","40","0.5","3.21","3.03","0","0.2","0","1.51","33.33","0","1.68","30","4.37","46.15","10.09","33.33","1.85","3.53","0.5","25.23","84","5.05","80","0.5","66.67","0.02","0","0.17","0","0.17","1.68","80","1.35","37.5","0.34","2.19","61.54"
"Portu","Spain 1.","Girona","CF, RW, AMF","33","3500000","2027-06-30","10","525","0","0","Spain","right","167","3.94","3.09","55.56","2.06","25","0.17","1.85","0.86","0","0.29","0","1.54","33.33","0","1.89","9.09","0.51","33.33","5.14","20","3.94","0.86","0.34","13.71","73.75","2.74","81.25","0.51","66.67","0.09","0","0","0","0.17","0.86","60","0.86","60","0.34","1.71","60"
"Juan Cruz","Spain 1.","Osasuna","LCB, LB","33","2200000","2026-06-30","7","520","0","0","Spain","left","182","5.54","3.63","57.14","1.38","25","0.35","3.47","0.17","0","0.02","0","0.17","0","0","0.52","33.33","0","0","1.21","57.14","0.17","0.17","0","28.38","87.2","12.98","78.67","2.94","29.41","0.01","0","0","0","0","2.77","62.5","0.87","40","0.17","4.85","67.86"
"Marcos Alonso","Spain 1.","Celta de Vigo","LCB","34","2000000","2026-06-30","6","519","0","0","Spain","left","188","9.71","5.9","55.88","3.82","54.55","0.35","7.72","0.35","0","0.02","0","0.87","0","0","0.87","20","0.17","100","3.47","30","1.04","5.03","0.35","68.32","89.59","28.27","84.05","4.86","57.14","0.05","0","0.35","0","0.35","11.1","79.69","1.39","62.5","0.52","11.79","76.47"
"Borja Mayoral","Spain 1.","Getafe","CF","28","15000000","2027-06-30","7","514","3","0","Spain","right","182","2.98","2.1","75","4.2","33.33","0.18","2.14","1.23","0.53","0.28","0.18","1.05","66.67","50","0.53","33.33","0.35","100","4.55","30.77","2.45","0.18","0","18.56","78.3","3.33","63.16","1.58","55.56","0.01","0","0.18","0","0","1.05","50","0.35","50","0.35","0.88","20"
"Alberto Reina","Spain 1.","Real Oviedo","LCMF, LDMF, AMF","27","600000","2027-06-30","9","514","1","0","Spain","right","179","6.3","5.95","61.76","1.75","30","0.18","2.9","2.1","0.18","0.07","0","1.05","33.33","16.667","1.23","71.43","1.4","62.5","4.9","60.71","0.7","1.05","0.35","42.72","86.48","17.16","75.51","4.9","46.43","0.02","0","0","0","0.18","6.65","68.42","2.1","66.67","0.35","6.65","78.95"
"T. Kubo","Spain 1.","Real Sociedad","RW, RAMF, RWF","24","50000000","2029-06-30","8","513","1","0","Japan","left","173","4.56","3.51","75","1.58","44.44","0","2.68","5.79","0.18","0.15","0","1.93","36.36","9.091","2.11","25","5.96","76.47","12.11","55.07","3.86","4.39","0.35","29.12","74.1","6.84","64.1","0.88","0","0.17","0.35","0.35","0","0.18","1.93","72.73","2.63","46.67","1.4","3.68","71.43"
"César Azpilicueta","Spain 1.","Sevilla","RCB","36","2000000","2026-06-30","6","512","0","0","Spain","right","178","8.44","6.68","50","2.46","57.14","0.7","7","0.7","0","0","0","0","0","0","1.05","50","0.35","50","1.23","42.86","0.35","1.23","0.18","44.65","89.37","19.34","81.82","3.52","45","0","0","0","0","0","4.04","73.91","1.41","37.5","0.18","5.45","80.65"
"Álvaro Rodríguez","Spain 1.","Elche","CF","21","0","2027-06-30","8","511","0","1","Spain","left","193","3.7","2.11","58.33","8.1","36.96","0","3.58","1.94","0","0.55","0","2.29","38.46","0","0.35","0","2.47","42.86","12.68","30.56","2.99","1.23","0","17.44","71.72","2.29","69.23","1.23","57.14","0.08","0","0","0","0.53","1.06","50","0.88","40","0.7","1.94","63.64"
"B. Mendy","Spain 1.","Sevilla","LCMF, LDMF","25","9500000","2027-06-30","6","510","0","0","France","right","191","5.82","6","47.06","1.24","42.86","0","3.97","1.06","0","0.03","0","0.88","40","0","0.18","0","0.71","100","6","35.29","0.88","0.71","0","24.71","85","6.18","60","2.12","50","0.02","0.18","0","0","0","3.71","71.43","0.71","25","0.35","3.35","42.11"
"Aymeric Laporte","Spain 1.","Athletic Club","LCB","31","20000000","2026-06-30","6","509","0","0","France","left","189","7.07","1.94","72.73","4.6","57.69","0.88","7.87","0.18","0","0.01","0","0.18","100","0","0","0","0","0","1.24","14.29","0.18","0.71","0","54.81","91.61","19.98","87.61","4.95","71.43","0.01","0","0","0","0","6.19","88.57","0.35","100","0.53","8.84","82"
"Sergi Altimira","Spain 1.","Real Betis","RCMF, LDMF, LCMF","24","0","2029-06-30","7","508","0","1","Spain","right","188","8.86","7.26","73.17","1.77","50","0.53","4.38","0.35","0","0","0","0","0","0","0.18","100","0.35","50","3.01","52.94","0.35","1.42","0.35","48.9","92.39","11.34","81.25","2.48","78.57","0.04","0","0.18","0","0.35","6.73","89.47","0.71","25","0","4.25","70.83"
"M. Dituro","Spain 1.","Elche","GK","38","300000","","5","503","0","0","Argentina","right","191","1.97","0.18","0","0.36","100","0","2.95","0","0","0","0","0","0","0","0","0","0","0","0.36","50","0","0","0","45.81","87.11","28.99","81.48","16.82","69.15","0","0","0","0","0","5.55","51.61","0.36","0","0","11.99","80.6"
"Iñaki Peña","Spain 1.","Elche","GK","26","8000000","","5","502","0","0","Spain","right","184","1.79","0.36","50","0.18","100","0","2.76","0","0","0","0","0","0","0","0","0","0","0","0","0","0","0","0","51.81","86.16","27.25","76.32","16.49","59.78","0","0","0","0","0","5.56","45.16","0.18","0","0","10.94","77.05"
"M. Diakhaby","Spain 1.","Valencia","LCB, CB","28","2000000","2027-06-30","7","501","1","0","France","right","189","8.08","5.39","66.67","4.31","66.67","0.36","5.29","0.9","0.18","0.24","0.18","0.72","75","25","0","0","0.36","100","1.08","66.67","1.08","0.9","0","42.75","86.55","18.32","74.51","4.31","33.33","0","0","0","0","0","4.13","60.87","0.18","0","0.36","7.37","70.73"
"V. Vanat","Spain 1.","Girona","CF","23","0","2030-06-30","7","499","2","0","Ukraine","left","182","2.89","1.62","33.33","3.25","5.56","0","2.16","1.44","0.36","0.25","0","1.26","85.71","28.571","0.36","0","0.54","66.67","4.87","37.04","2.34","0.72","0","11.72","75.38","1.62","77.78","0.36","0","0.09","0","0","0","0.36","0.54","33.33","0.72","75","0.54","1.44","50"
"Óscar Valentín","Spain 1.","Rayo Vallecano","LCMF, LDMF, RDMF","31","4000000","2027-06-30","7","497","0","0","Spain","right","177","14.49","9.96","67.27","2.72","40","0.54","9.42","0.18","0","0.04","0","0.36","0","0","0","0","0.18","100","0.91","40","0.36","1.09","0.18","31.87","86.93","12.68","74.29","1.81","30","0","0.18","0","0","0","3.26","77.78","0.72","25","0.36","4.53","68"
"Pablo Martínez","Spain 1.","Levante","RCMF, LCMF, LW","27","2500000","2026-06-30","8","492","0","0","Spain","right","182","8.05","5.85","50","2.2","33.33","0.91","4.62","1.65","0","0.04","0","1.83","0","0","1.1","66.67","1.65","55.56","4.21","30.43","0.91","1.65","0.37","27.62","76.82","10.06","56.36","5.67","48.39","0.07","0","0.18","0","0.55","4.39","41.67","1.46","25","0.37","4.39","70.83"
"Mateu Morey","Spain 1.","Mallorca","RB, LB","25","800000","2027-06-30","9","491","1","0","Spain","right","173","8.98","8.25","53.33","2.93","12.5","0","5.63","1.28","0.18","0.1","0","0.73","50","25","1.65","22.22","0.92","60","4.22","47.83","0.73","0.37","0","26.4","77.78","9.35","62.75","3.67","50","0.07","0","0","0","0.55","3.48","68.42","1.83","30","0.37","5.87","68.75"
"F. Mastantuono","Spain 1.","Real Madrid","RAMF, RW, RWB","18","0","2031-06-30","8","489","1","0","Argentina","left","177","6.07","6.26","64.71","0.92","60","0","2.76","3.68","0.18","0.49","0","3.31","22.22","5.556","1.29","42.86","6.44","34.29","15.09","35.37","3.87","2.02","0","42.52","88.31","6.99","76.32","1.47","25","0.13","0","0.18","100","0.18","3.5","57.89","2.58","57.14","1.1","2.94","87.5"
"J. Foyth","Spain 1.","Villarreal","RCB","27","15000000","2029-06-30","6","487","0","0","Argentina","right","187","9.24","5.17","82.14","1.66","55.56","1.29","5.45","0","0","0.03","0","0.18","0","0","0","0","0.18","0","0.74","25","0.18","0.37","0.18","53.04","93.38","23.1","89.6","4.07","59.09","0.03","0","0","0","0.18","5.73","77.42","0.55","33.33","0.18","7.76","78.57"
"Davinchi","Spain 1.","Getafe","LB","18","0","2028-06-30","7","486","0","0","Spain","","182","13.33","9.07","69.39","2.96","37.5","0.19","7.85","1.85","0","0.02","0","0.56","33.33","0","2.04","45.45","1.67","44.44","5.19","39.29","0.74","1.11","0.37","29.81","67.08","13.89","52","4.81","42.31","0.02","0","0.19","0","0.19","3.33","27.78","2.41","38.46","0.19","6.48","54.29"
"Samú Costa","Spain 1.","Mallorca","RDMF, RCMF, LDMF","24","10000000","2028-06-30","7","486","1","0","Portugal","left","185","10.37","7.96","55.81","5.93","37.5","0.37","7.1","1.48","0.19","0.05","0","0.93","60","20","0.93","20","1.11","66.67","3.15","64.71","0.74","0.19","0.19","36.11","81.54","13.33","72.22","3.89","66.67","0.01","0","0.19","0","0","4.26","73.91","0.37","50","0","5.93","75"
"Y. Asprilla","Spain 1.","Girona","LW, RAMF, RW","21","9000000","2030-06-30","9","476","0","0","Colombia","left","185","4.73","4.92","50","0.95","20","0.19","2.98","3.97","0","0.07","0","2.27","33.33","0","2.84","40","3.21","58.82","7.37","30.77","2.08","2.27","0.19","21.93","77.59","4.73","72","1.7","55.56","0.1","0","0.19","100","0","1.13","66.67","3.59","57.89","1.89","3.4","77.78"
"Mateo Joseph","Spain 1.","Mallorca","CF, LAMF","22","1200000","2028-06-30","8","475","2","0","Spain","right","180","5.49","4.36","69.57","3.79","20","0.38","2.93","1.89","0.38","0.36","0","1.89","50","20","0.38","100","2.65","21.43","13.07","28.99","2.27","1.89","0.19","12.51","80.3","1.52","100","0.38","100","0.04","0","0","0","0.19","0.19","100","0.57","100","0.57","0.57","33.33"
"Moi Gómez","Spain 1.","Osasuna","LCMF, CF, LWF","31","3500000","2027-06-30","7","472","0","0","Spain","right","176","4.39","4","52.38","1.33","100","0","2.98","2.29","0","0.04","0","0.57","33.33","0","2.1","36.36","1.72","77.78","6.29","63.64","0.38","1.33","0","56.44","89.86","17.73","84.95","7.06","70.27","0.11","0.38","0","0","0.19","8.39","90.91","2.67","42.86","0.38","8.01","97.62"
"V. Gómez","Spain 1.","Real Betis","LCB","22","0","2030-06-30","7","472","0","0","Argentina","left","181","8.2","5.91","74.19","5.91","61.29","0.19","4.74","0.57","0","0.16","0","0.95","40","0","0","0","0.38","50","0.95","20","0.95","0.19","0.19","44.05","89.61","19.45","84.31","4.96","46.15","0","0","0","0","0","4.96","76.92","0.19","100","0.19","7.82","73.17"
"M. Moreno","Spain 1.","Levante","RCB, LCB","22","0","","6","469","0","0","Argentina","right","193","8.83","4.41","69.57","3.65","42.11","0.96","6.86","0","0","0.04","0","0.38","0","0","0","0","0","0","0.77","100","0.96","1.73","0","38.38","83","16.12","69.05","5.18","25.93","0.05","0","0","0","0","3.65","52.63","0","0","0.19","4.99","42.31"
"Antony","Spain 1.","Real Betis","RAMF, RW","25","0","2030-06-30","5","460","2","0","Brazil","left","174","5.28","3.52","77.78","0.39","50","0","3.11","4.89","0.39","0.23","0","3.52","38.89","11.111","2.54","30.77","4.5","56.52","8.41","51.16","3.33","5.28","0.39","47.35","77.27","13.7","65.71","2.15","72.73","0.17","0","0.39","50","0.39","3.72","57.89","5.28","51.85","2.35","7.24","81.08"
"R. Araújo","Spain 1.","Barcelona","RCB","26","70000000","2031-06-30","7","460","2","0","Uruguay","right","188","5.48","3.91","55","6.26","46.88","0.2","7.38","1.57","0.39","0.1","0.2","0.98","80","40","0.39","50","0.59","100","0.98","60","1.17","2.35","0","54","92.39","16.24","80.72","2.35","25","0.08","0.2","0","0","0","6.65","76.47","0.39","50","0.2","5.87","86.67"
"Junior Firpo","Spain 1.","Real Betis","LB","29","5000000","","5","458","0","1","Dominican Republic","left","184","9.83","6.68","70.59","3.73","63.16","0.2","6.7","1.77","0","0.07","0","0.59","0","0","2.16","45.45","1.57","50","4.91","36","2.16","0.39","0","46.38","81.36","17.88","73.63","2.75","28.57","0.19","0","0","0","0.98","4.72","70.83","2.75","64.29","0.98","8.25","61.9"
"Nico Williams","Spain 1.","Athletic Club","LAMF, LW","23","70000000","2035-06-30","6","454","1","1","Spain","right","181","4.16","5.15","50","0.99","40","0","2.05","5.75","0","0.32","0","1.98","40","10","2.18","27.27","7.73","56.41","17.05","41.86","4.16","4.96","1.39","27.75","73.57","5.15","65.38","0.99","60","0.16","0","0.2","0","0.59","0.79","50","3.37","58.82","2.18","1.98","70"
"A. Adams","Spain 1.","Sevilla","CF","25","10000000","","8","453","2","0","Nigeria","right","190","2.38","2.78","42.86","4.37","45.45","0","2.07","1.99","0.4","0.4","0","2.19","45.45","18.182","1.19","16.67","1.19","66.67","6.56","33.33","4.77","0.2","0","10.73","59.26","1.99","40","0.4","0","0.02","0","0","0","0","0.79","75","0.79","50","0.4","1.19","33.33"
"C. Lenglet","Spain 1.","Atlético Madrid","LCB","30","10000000","2026-06-30","5","452","0","0","France","left","186","8.16","4.78","66.67","2.99","46.67","0.6","6.39","0","0","0.02","0","0.2","0","0","0.8","0","0","0","0.6","66.67","0.2","1.39","0","56.35","90.11","26.08","87.79","6.17","64.52","0.01","0","0","0","0","9.36","85.11","0.8","25","0.2","10.55","81.13"
"Martim Neto","Spain 1.","Elche","LCMF, RCMF","22","3000000","2028-06-30","8","451","0","2","Portugal","right","185","4.79","3.99","65","0.8","0","0.2","3.63","2","0","0.06","0","1.2","33.33","0","0.8","50","2","60","5.99","46.67","1.8","2.59","1","43.1","89.35","9.98","80","1","60","0.19","0","0.2","0","0.6","4.99","76","1","60","1.2","3.39","58.82"
"Marc Bartra","Spain 1.","Real Betis","RCB","34","1000000","2027-06-30","5","450","1","0","Spain","right","184","12.2","5.6","78.57","4","60","1.2","7.95","0.4","0.2","0.05","0.2","0.6","66.67","33.333","0","0","0","0","1.6","25","0.6","1.6","0.2","41.6","87.5","15.4","76.62","7.6","65.79","0","0","0","0","0","5.6","64.29","0.6","33.33","0.2","7","68.57"
"Rodrigo Mendoza","Spain 1.","Elche","RCMF, AMF, LWF","20","0","","7","449","1","0","Spain","right","182","5.21","5.81","65.52","1.8","11.11","0.2","2.05","3.41","0.2","0.05","0","1.2","33.33","16.667","2.41","50","2.81","64.29","9.22","43.48","1.6","2","0.4","39.69","83.84","10.22","78.43","2.61","61.54","0.04","0","0.6","0","0.4","3.61","72.22","3.61","55.56","0.8","3.41","82.35"
"A. Sánchez","Spain 1.","Sevilla","AMF, RAMF, LW","36","2500000","2026-06-30","7","446","2","1","Chile","right","169","5.65","4.64","69.57","2.62","38.46","0","2.33","1.21","0.2","0.22","0","1.01","40","40","1.01","40","0.81","50","6.05","36.67","2.62","0.4","0.4","27.24","74.81","10.09","66","2.62","53.85","0.04","0","0","0","0.61","4.04","65","2.22","63.64","1.41","5.45","70.37"
"Pablo Durán","Spain 1.","Celta de Vigo","AMF, LWF, CF","24","0","2027-06-30","8","446","1","0","Spain","right","176","2.62","3.43","52.94","2.22","36.36","0","0.71","0.81","0.2","0.2","0","2.02","30","10","1.01","0","1.01","20","5.04","12","2.83","1.01","0.2","18.57","69.57","3.23","37.5","0.81","50","0.02","0","0","0","0.2","1.41","57.14","1.61","50","0.81","1.41","71.43"
"Carlos Domínguez","Spain 1.","Celta de Vigo","CB, LCB","24","0","2026-06-30","5","445","0","0","Spain","left","187","8.09","5.87","72.41","2.22","81.82","0.4","4.52","0","0","0","0","0.2","0","0","0","0","0","0","0.81","50","0.2","0.4","0","59.26","93.52","15.37","82.89","2.43","25","0.01","0.2","0","0","0","3.44","58.82","0","0","0","3.64","61.11"
"C. Riedel","Spain 1.","Espanyol","RCB, LCB","22","2000000","2029-06-30","5","445","0","0","Germany","right","186","8.49","4.04","85","3.84","63.16","0.81","5.64","0.61","0","0.01","0","0.4","50","0","0.2","100","0.2","100","0.61","33.33","0.2","0.81","0","48.13","90.76","15.78","84.62","4.85","62.5","0.02","0","0","0","0","3.64","61.11","1.21","50","0.81","6.67","72.73"
"Gorka Guruzeta","Spain 1.","Athletic Club","CF","29","18000000","2028-06-30","8","444","0","0","Spain","right","188","3.45","2.64","38.46","8.31","39.02","0","3.5","1.22","0","0.34","0","2.23","36.36","0","0.2","0","1.01","40","7.3","41.67","3.45","0.2","0","19.05","84.04","3.45","58.82","0.61","100","0.02","0","0","0","0.2","2.43","50","0.41","50","0.41","1.42","85.71"
"D. Sow","Spain 1.","Sevilla","AMF, LCMF, RCMF","28","9000000","","6","437","1","0","Switzerland","right","184","5.15","4.12","65","2.27","45.45","0","2.7","0.82","0.21","0.12","0","0.41","50","50","0.62","0","0.62","100","3.71","44.44","1.24","1.24","0.41","32.75","86.79","7.41","86.11","2.47","75","0.03","0","0","0","0.41","4.74","86.96","1.03","60","0.82","4.12","75"
"A. Abqar","Spain 1.","Getafe","RCB, LCB","26","7500000","","5","431","0","1","Morocco","right","188","10.23","7.1","88.24","2.51","75","0.42","4.85","0.42","0","0","0","0.42","0","0","0","0","0.42","100","2.09","70","0.21","0.42","0","27.35","74.81","11.69","58.93","6.89","33.33","0","0","0","0","0","5.64","33.33","0.63","0","0","4.18","70"
"N. González","Spain 1.","Atlético Madrid","LW, LCMF, LB","27","35000000","2028-06-30","6","429","1","0","Argentina","left","180","5.87","3.78","50","5.24","64","0.21","4.86","3.57","0.21","0.16","0.21","1.89","33.33","11.111","3.36","18.75","4.41","52.38","10.28","40.82","3.36","2.1","0.21","34.41","78.66","5.66","62.96","1.26","16.67","0.11","0","0","0","0.84","1.68","75","2.52","66.67","1.47","3.78","72.22"
"R. Rodríguez","Spain 1.","Real Betis","LB","33","3500000","2026-06-30","5","428","0","1","Switzerland","left","182","6.31","5.47","46.15","2.31","54.55","0.21","4.02","0.63","0","0.03","0","0.21","0","0","1.26","50","0","0","0.84","50","0.42","2.1","0.21","40.16","87.96","17.66","84.52","5.05","66.67","0.05","0","0","0","0.42","4","68.42","0.84","75","0.21","7.15","73.53"
"A. Griezmann","Spain 1.","Atlético Madrid","CF, AMF","34","25000000","2027-06-30","9","427","1","0","France","left","176","4.43","2.95","85.71","1.26","50","0","2.61","2.74","0.21","0.31","0","2.74","53.85","7.692","2.95","21.43","0.63","66.67","3.58","29.41","2.53","0.63","0.21","42.58","85.64","10.54","82","3.16","93.33","0.22","0","0.42","50","0.63","4.22","90","5.06","45.83","1.69","5.69","81.48"
"Rodrigo Riquelme","Spain 1.","Real Betis","LW, LAMF, AMF","25","25000000","2028-06-30","8","427","0","1","Spain","right","174","4","4.64","45.45","1.48","28.57","0","2.35","3.58","0","0.14","0","1.69","25","0","2.74","30.77","4.85","39.13","12.86","31.15","3.37","3.79","0.21","37.31","77.97","9.06","67.44","1.9","77.78","0.2","0.21","0.42","100","1.05","3.58","76.47","2.95","42.86","1.26","5.69","70.37"
"Lucas Ahijado","Spain 1.","Real Oviedo","RB","30","1000000","","5","423","0","1","Spain","right","174","9.57","8.3","71.79","1.28","66.67","0","3.15","0.85","0","0.06","0","0.64","33.33","0","1.06","20","1.06","40","4.47","19.05","0.85","1.06","0","32.77","74.03","15.32","65.28","5.74","48.15","0.12","0","0","0","0.64","4.68","54.55","1.91","33.33","0.64","7.23","55.88"
"Pablo Maffeo","Spain 1.","Mallorca","RB","28","5000000","2027-06-30","5","422","0","0","Spain","right","172","11.73","9.6","51.11","2.13","60","1.07","8.04","2.99","0","0.04","0","0.21","0","0","2.56","41.67","2.56","75","6.61","51.61","0.21","0.64","0.43","31.35","76.87","14.93","70","4.69","63.64","0.04","0.21","0","0","0.43","3.84","83.33","2.13","50","0","8.96","66.67"
"Urko González","Spain 1.","Espanyol","RDMF, LCMF, RCMF","24","1200000","2028-06-30","9","422","0","0","Spain","right","189","7.25","5.97","60.71","2.77","53.85","0.43","3.5","0.85","0","0.08","0","0.43","50","0","0.21","0","0.64","66.67","2.77","30.77","0.64","0.21","0","29","83.82","9.6","77.78","0.85","75","0.01","0","0.21","100","0","4.05","57.89","0.64","66.67","0.21","2.99","71.43"
"T. Partey","Spain 1.","Villarreal","RCMF, LCMF","32","18000000","","9","421","0","0","Ghana","right","185","6.2","3.85","66.67","2.78","46.15","0.43","3.78","1.07","0","0.03","0","1.5","14.29","0","0","0","1.28","50","4.49","42.86","0.43","0.86","0","46.39","89.4","11.54","74.07","2.78","38.46","0.02","0","0.21","100","0","6.63","80.65","1.28","33.33","0.43","5.34","68"
"Javi Rueda","Spain 1.","Celta de Vigo","RWB, RB","23","0","","7","420","1","1","Spain","right","177","10.5","6.43","63.33","0.64","33.33","0.21","7.43","1.71","0.21","0.11","0","0.86","25","25","2.14","20","1.29","83.33","2.79","53.85","3","0.86","0","38.36","75.42","8.79","56.1","4.07","42.11","0.23","0","0","0","0.43","3.86","50","1.71","25","0.64","6.86","56.25"
"Raphinha","Spain 1.","Barcelona","RAMF, AMF, LAMF","28","50000000","2028-06-30","6","417","3","2","Brazil","left","176","3.88","1.94","66.67","0.43","50","0","5.9","4.75","0.65","0.49","0.22","3.45","31.25","18.75","3.02","57.14","4.32","35","8.42","23.08","4.1","2.37","0","41.44","81.25","8.2","52.63","3.45","43.75","0.28","0.43","0.65","66.67","1.08","5.61","53.85","4.32","50","1.08","5.83","88.89"
"A. Rebbach","Spain 1.","Deportivo Alavés","LAMF, LW, LCMF","27","800000","2028-06-30","7","416","0","0","Algeria","right","176","6.71","6.92","59.38","2.38","18.18","0","4.34","4.76","0","0.13","0","1.73","37.5","0","3.03","28.57","4.33","75","12.55","44.83","2.6","3.68","0.87","34.62","74.38","8","70.27","2.16","40","0.08","0","0","0","0.22","3.89","66.67","2.81","61.54","0.87","4.11","68.42"
"Lamine Yamal","Spain 1.","Barcelona","RAMF, RWF","18","0","2031-06-30","5","412","2","3","Spain","left","180","3.06","4.59","57.14","0.44","0","0","0.45","12.01","0.22","0.43","0","5.68","30.77","7.692","6.33","31.03","14.42","57.58","22.5","49.51","7.43","8.3","0.22","41.5","75.26","7.86","63.89","2.4","54.55","0.25","0.22","0.22","0","1.31","2.62","41.67","5.02","47.83","2.84","5.46","84"
"Gonçalo Guedes","Spain 1.","Real Sociedad","RW, RAMF","28","15000000","2027-06-30","10","412","0","1","Portugal","right","179","5.02","4.81","59.09","1.97","22.22","0","2.67","5.24","0","0.07","0","1.53","14.29","0","5.02","43.48","3.93","72.22","9.39","44.19","2.4","1.53","0.22","31.46","73.61","6.77","77.42","2.4","54.55","0.06","0","0","0","0.44","2.18","80","3.93","61.11","1.31","4.15","78.95"
"Gerard Martín","Spain 1.","Barcelona","LB","23","400000","2028-06-30","7","408","0","0","Spain","left","186","6.84","3.75","64.71","1.99","100","0","9.68","1.1","0","0.01","0","0.22","0","0","2.21","20","1.32","50","3.53","43.75","0.44","0.44","0","60.66","85.82","18.53","73.81","3.31","53.33","0.06","0","0","0","0.22","7.94","86.11","2.65","41.67","0.88","11.03","76"
"G. Mikautadze","Spain 1.","Villarreal","CF","24","0","2031-06-30","6","408","2","1","France","right","176","0.66","1.32","16.67","1.54","42.86","0","0.51","3.75","0.44","0.49","0.22","2.65","58.33","16.667","0.88","25","2.21","80","7.72","48.57","5.51","1.99","0.22","14.34","66.15","3.09","42.86","0.22","100","0.14","0","0.22","100","0.66","0.66","66.67","1.1","40","0.88","0.88","75"
"Jon Pacheco","Spain 1.","Deportivo Alavés","LCB","24","15000000","2030-06-30","5","407","0","0","Spain","left","184","8.18","5.53","72","4.86","63.64","0.44","5.93","0","0","0","0","0","0","0","0.22","0","0","0","1.11","40","1.11","0.66","0","44","87.94","19.24","77.01","7.3","48.48","0","0","0","0","0","7.08","56.25","1.33","16.67","0.22","6.86","74.19"
"Kike García","Spain 1.","Espanyol","CF","35","1000000","","9","407","2","0","Spain","right","186","3.1","3.1","57.14","9.51","34.88","0","1.36","3.1","0.22","0.92","0","3.1","50","14.286","1.55","42.86","2.65","33.33","11.06","24","5.97","1.11","0.22","17.91","69.14","2.21","50","0.66","33.33","0.13","0","0","0","0","1.11","60","0.88","100","1.11","0.88","75"
"Ø. Nyland","Spain 1.","Sevilla","GK","35","1400000","2026-06-30","4","405","0","0","Norway","right","192","1.11","0","0","0.22","100","0","1.58","0","0","0","0","0","0","0","0","0","0","0","0","0","0","0","0","21.33","86.46","9.56","74.42","5.56","64","0","0","0","0","0","2.89","53.85","0.22","0","0","4.44","70"
"S. Colombatto","Spain 1.","Real Oviedo","LDMF, LCMF, RCMF","28","4000000","","6","404","0","1","Argentina","left","179","10.47","6.91","83.87","1.78","37.5","0.22","4.91","1.34","0","0.02","0","0.67","33.33","0","0.67","100","0.22","100","4.23","78.95","0.45","0.45","0","37.87","89.41","12.92","81.03","1.56","28.57","0.16","0","0.22","100","0.67","4.23","73.68","1.34","83.33","0.45","6.68","83.33"
"Kike Salas","Spain 1.","Sevilla","LCB","23","0","2026-06-30","4","403","0","0","Spain","left","186","11.84","8.49","65.79","5.36","87.5","0.67","9.13","0","0","0.04","0","0.67","0","0","0.22","0","0.45","0","1.56","14.29","0.67","1.34","0","67.89","82.89","30.15","71.85","10.72","39.58","0","0","0","0","0","9.6","69.77","0.67","33.33","0.22","14.74","56.06"
"L. Pétrot","Spain 1.","Elche","LB, LCB","28","1000000","","10","401","0","0","France","left","188","8.3","7.18","59.38","2.47","27.27","0","4.76","0.67","0","0.04","0","0.22","0","0","2.02","22.22","0.22","100","1.57","42.86","0.9","0.67","0","48.03","86.92","10.77","72.92","2.92","61.54","0","0","0","0","0.22","3.14","71.43","1.57","14.29","0","6.73","60"
"David Costas","Spain 1.","Real Oviedo","RCB","30","1400000","2026-06-30","5","401","0","0","Spain","right","181","6.96","4.26","68.42","2.92","69.23","0.9","4.54","0.22","0","0","0","0","0","0","0","0","0.45","50","1.12","20","0","0","0","34.11","87.5","13.92","77.42","5.84","61.54","0","0","0","0","0","2.02","66.67","0.22","0","0","7.41","57.58"
"R. Lewandowski","Spain 1.","Barcelona","CF","37","15000000","2026-06-30","7","400","4","0","Poland","right","185","2.7","1.13","40","1.8","50","0.23","4.35","2.25","0.9","0.5","0.45","2.48","63.64","36.364","0.23","0","1.13","60","5.85","30.77","5.4","0","0","14.63","80","2.7","66.67","0.68","66.67","0.05","0","0","0","0.23","0.68","66.67","0.68","66.67","0.9","0.9","75"
"L. Boyé","Spain 1.","Deportivo Alavés","CF","29","7000000","2027-06-30","6","400","1","0","Argentina","right","183","4.28","4.28","47.37","4.5","45","0","3.26","3.15","0.23","0.3","0","2.48","36.36","9.091","0.68","0","3.38","66.67","14.4","34.38","4.73","0.9","0","17.78","81.01","3.6","87.5","0.23","0","0.01","0","0.23","0","0","1.58","85.71","0.68","100","0.9","1.35","66.67"
"Aihen Muñoz","Spain 1.","Real Sociedad","LB","28","8000000","2027-06-30","7","397","0","0","Spain","left","175","7.71","9.75","55.81","2.95","46.15","0","2.39","0.68","0","0.03","0","0.68","0","0","2.27","20","0.23","0","1.13","20","0.68","1.36","0","32.42","83.92","17.46","84.42","4.08","55.56","0.01","0","0.23","100","0.23","4.53","85","2.27","30","0","8.61","71.05"
"A. Ounahi","Spain 1.","Girona","LCMF, LW","25","12000000","2027-06-30","5","395","2","0","Morocco","right","182","6.61","5.7","52","0.46","0","0.23","4.14","5.92","0.46","0.14","0","2.05","55.56","22.222","0.68","66.67","5.92","61.54","14.81","46.15","2.05","2.96","0.23","33.95","85.91","10.03","77.27","0.91","50","0.2","0.23","1.14","60","1.14","4.56","70","2.28","70","2.05","4.78","71.43"
"Dani Carvajal","Spain 1.","Real Madrid","RB","33","12000000","2026-06-30","6","393","0","0","Spain","right","173","7.33","5.73","64","2.06","66.67","0","5.32","0.92","0","0.04","0","0.23","0","0","1.15","40","0.46","100","2.06","44.44","0.46","0","0","51.76","88.05","17.4","85.53","2.29","80","0.15","0","0.23","0","0.23","3.89","82.35","1.83","62.5","0.69","7.56","69.7"
"Iago Aspas","Spain 1.","Celta de Vigo","RWF, AMF, CF","38","3000000","2026-06-30","7","391","1","0","Spain","left","176","3.68","2.99","69.23","0.69","66.67","0","2.17","2.76","0.23","0.36","0","2.53","36.36","9.091","1.38","83.33","1.15","40","4.14","27.78","4.37","2.07","0.23","50.64","80.91","15.19","74.24","6.21","66.67","0.23","0","0.46","50","0.92","9.9","74.42","5.29","82.61","3.22","9.44","95.12"
"Ferrán Jutglà","Spain 1.","Celta de Vigo","CF, AMF, RWF","26","7500000","2029-06-30","7","389","0","0","Spain","right","175","2.08","1.62","42.86","3.24","21.43","0","1.2","3.24","0","0.22","0","2.31","50","0","1.62","42.86","3.24","35.71","7.4","34.38","3.7","1.85","0.93","21.98","72.63","3.24","78.57","1.62","85.71","0.06","0.23","0.23","100","0.23","1.16","100","1.62","42.86","0.69","1.85","50"
"A. Sørloth","Spain 1.","Atlético Madrid","CF","29","25000000","2028-06-30","8","386","2","0","Norway","left","195","0.93","2.1","11.11","8.63","64.86","0.23","0.35","2.1","0.47","0.27","0.23","1.87","62.5","25","0.47","50","1.63","42.86","6.06","19.23","3.26","0.7","0.23","14.22","73.77","3.03","38.46","0","0","0.08","0","0","0","0.7","2.33","50","0.23","0","0.93","0.23","100"
"Jesús Vázquez","Spain 1.","Valencia","LB","22","3000000","","7","386","0","0","Spain","left","182","7.93","7.93","58.82","3.5","46.67","0.47","4","1.4","0","0.02","0","0.7","66.67","0","1.17","0","2.56","36.36","8.16","31.43","0.7","1.87","0.47","27.28","83.76","8.39","77.78","1.63","71.43","0","0","0","0","0","3.73","81.25","0.7","0","0.23","3.5","53.33"
"Dani Parejo","Spain 1.","Villarreal","LCMF, RCMF","36","2500000","2026-06-30","9","382","0","0","Spain","right","182","8.01","2.59","63.64","0.71","33.33","0.94","5.26","0.71","0","0","0","0","0","0","0","0","0.71","66.67","4.24","44.44","0.24","1.18","0","54.66","91.38","14.84","84.13","4.01","47.06","0.08","0","0.24","100","0","10.37","84.09","1.65","42.86","0.47","8.48","83.33"
"Hugo Álvarez","Spain 1.","Celta de Vigo","LWB, RW, AMF","22","0","","7","381","1","0","Spain","right","176","4.49","3.54","60","1.18","40","0","2.7","0.94","0.24","0.02","0","0.24","100","100","1.65","0","1.42","50","5.43","30.43","2.13","0.47","0","37.32","80.38","9.69","60.98","1.18","40","0","0","0","0","0.24","3.31","85.71","2.13","66.67","1.65","7.56","59.38"
"Alejandro Balde","Spain 1.","Barcelona","LB","22","0","2026-06-30","5","373","0","0","Spain","left","175","6.51","4.34","72.22","1.93","62.5","0.97","6.72","2.65","0","0.01","0","0.48","0","0","2.41","40","2.41","70","7","62.07","2.9","1.45","0","45.12","93.58","7.48","90.32","0","0","0.27","0","0","0","1.21","1.21","80","1.69","57.14","0.97","2.41","70"
"Robert Navarro","Spain 1.","Athletic Club","LW, RCMF, RAMF","23","6000000","","9","371","1","0","Spain","right","178","4.12","3.4","50","2.67","27.27","0","3.49","4.61","0.24","0.21","0","0.97","25","25","4.12","23.53","5.58","60.87","10.67","45.45","2.67","3.4","0.73","32.02","78.79","5.58","73.91","0.24","100","0.1","0","0.24","0","0.73","2.18","77.78","3.88","37.5","1.46","3.15","92.31"
"Andrés Castrín","Spain 1.","Sevilla","RCB, CB","22","0","2027-06-30","5","370","0","0","Spain","right","188","8.76","6.08","64","5.11","57.14","1.22","6.67","0.24","0","0.09","0","0.49","50","0","0","0","0.24","0","2.68","63.64","0.73","0.97","0","59.59","91.02","18.73","80.52","6.32","50","0.01","0","0","0","0.24","7.54","80.65","0","0","0.24","9.73","70"
"J. Solís","Spain 1.","Girona","LCMF, DMF","21","0","2028-06-30","8","370","0","0","Colombia","right","186","4.86","2.92","41.67","2.19","0","0.49","4.37","0.97","0","0.04","0","0.49","50","0","0","0","1.7","42.86","7.05","37.93","0.73","0.49","0","33.57","86.23","8.51","65.71","1.95","25","0.02","0","0","0","0.24","3.41","64.29","0.49","50","0.24","4.38","55.56"
"A. Christensen","Spain 1.","Barcelona","LCB","29","40000000","2026-06-30","7","366","0","0","Denmark","right","187","5.16","3.93","62.5","4.92","65","0.25","4.84","0","0","0.03","0","0.25","0","0","0","0","0.25","0","1.48","33.33","0.25","1.72","0","65.9","97.01","21.64","93.18","0.98","100","0","0","0","0","0","9.84","95","0","0","0","7.13","89.66"
"A. Ezzalzouli","Spain 1.","Real Betis","LAMF, LW","23","9000000","2029-06-30","5","365","2","1","Morocco","right","177","6.41","4.93","80","2.47","10","0","3.26","5.67","0.49","0.44","0","3.45","21.43","14.286","2.71","9.09","5.67","78.26","14.55","62.71","6.66","4.93","0.25","32.55","82.58","6.16","76","0.99","25","0.28","0.25","0.25","100","0.74","1.48","66.67","1.97","25","0.99","3.45","71.43"
"J. Brekalo","Spain 1.","Real Oviedo","LAMF, LW","27","3500000","","9","360","0","0","Croatia","right","175","5","4.75","68.42","0.5","0","0","2.08","2.25","0","0.08","0","1.25","40","0","2","37.5","2.5","40","8.25","24.24","2.75","2.25","0.75","34.75","75.54","8.5","61.76","3","50","0.12","0","0.25","0","0.25","4","62.5","2","62.5","1","6","75"
"Manu Fernández","Spain 1.","Celta de Vigo","LCB, RCB","24","200000","","5","359","0","0","Spain","right","185","5.01","5.52","68.18","1","75","0.25","1.56","0","0","0","0","0.5","0","0","0","0","0.25","0","1.75","71.43","0","1.5","0.25","65.18","90.38","28.08","83.93","4.51","38.89","0","0.5","0.25","0","0","7.27","86.21","0.25","100","0.25","11.03","70.45"
"K. Sibo","Spain 1.","Real Oviedo","LCMF, RDMF, LDMF","27","500000","2026-06-30","6","358","0","0","Ghana","right","182","6.79","7.04","57.14","1.26","20","0","2.6","0.5","0","0.04","0","0.5","50","0","0","0","0.5","50","3.52","21.43","0","0","0","32.43","85.27","8.55","64.71","0.75","33.33","0.01","0","0","0","0","3.02","75","0.25","100","0","4.53","33.33"
"Bryan Zaragoza","Spain 1.","Celta de Vigo","AMF, LWF, LW","24","12000000","2029-06-30","8","357","0","0","Spain","right","164","3.03","2.77","63.64","0","0","0","1.76","7.31","0","0.1","0","2.27","44.44","0","4.79","10.53","11.34","51.11","15.13","43.33","4.79","3.03","0.76","28.74","66.67","5.29","52.38","1.76","42.86","0","0","0","0","0.76","1.51","50","4.03","37.5","2.02","4.29","58.82"
"Alemão","Spain 1.","Rayo Vallecano","CF","27","1500000","2025-12-31","6","356","0","0","Brazil","right","182","3.79","4.55","44.44","4.55","22.22","0","2.5","1.26","0","0.18","0","1.52","50","0","0.25","0","1.01","25","9.61","26.32","1.77","0.25","0","15.17","60","3.03","41.67","0.51","50","0","0","0.51","50","0","1.01","25","0.76","33.33","0.25","0.76","66.67"
"F. Viñas","Spain 1.","Real Oviedo","CF, RW","27","5000000","2027-12-31","8","356","1","0","Uruguay","left","182","4.8","4.8","47.37","7.08","32.14","0.25","2.93","2.02","0","0.47","0","1.52","50","16.667","0","0","1.77","71.43","12.13","35.42","2.02","1.77","0","10.62","85.71","1.52","33.33","0.25","0","0.01","0","0","0","0","1.26","60","0.25","100","0.25","0.76","100"
"Yoel Lago","Spain 1.","Celta de Vigo","CB, RCB","21","0","2029-06-30","4","355","0","0","Spain","right","0","6.34","5.58","59.09","1.52","50","1.01","3.33","0","0","0","0","0","0","0","0","0","0","0","0.76","100","0.51","0.51","0","53.49","91","16.99","76.12","3.55","35.71","0","0","0","0","0","3.3","46.15","0.25","100","0.25","4.82","68.42"
"Sergio Barcia","Spain 2.","Las Palmas","LCB, RCB","24","1000000","2027-06-30","11","1099","1","0","Spain","right","186","6.72","4.34","67.92","3.36","68.29","0.74","5.72","0.49","0.08","0.04","0.08","0.25","66.67","33.333","0.08","100","0.16","100","1.56","68.42","0.41","0.98","0.25","60.6","91.49","21.05","80.54","5.24","59.38","0","0","0.08","100","0","4.67","63.16","0.41","60","0.25","6.8","67.47"
"D. Horkaš","Spain 2.","Las Palmas","GK","26","1200000","2028-06-30","11","1099","0","0","Croatia","right","189","1.23","0.08","100","0.08","100","0","1.78","0","0","0","0","0","0","0","0","0","0","0","0.08","100","0","0","0","30.96","83.86","16.3","71.36","10.97","58.21","0","0.08","0","0","0","2.05","32","0.33","25","0.08","7.04","61.63"
"T. Ojeda","Spain 2.","Cultural Leonesa","RCMF, RDMF, DMF","22","0","2026-06-30","11","1088","0","2","Argentina","right","187","8.85","7.03","54.12","4.55","54.55","0.33","6.51","1.49","0","0.07","0","0.99","8.33","0","0.5","16.67","2.15","61.54","9.51","44.35","0.91","1.65","0.08","37.72","83.77","12.9","76.28","2.23","48.15","0.04","0.08","0.25","0","0.25","5.87","77.46","1.32","43.75","0.66","6.45","69.23"
"Édgar Badía","Spain 2.","Cultural Leonesa","GK","33","1400000","","11","1088","0","0","Spain","right","181","1.9","0.08","100","0.41","80","0","2.35","0","0","0","0","0","0","0","0","0","0","0","0","0","0","0","0","16.46","85.93","9.35","76.99","6.95","69.05","0","0","0","0","0","1.74","52.38","0.17","0","0","4.47","79.63"
"Luis Chacón","Spain 2.","Cultural Leonesa","AMF, CF, RCMF","25","350000","2028-06-30","11","1047","2","1","Spain","right","174","5.42","3.35","69.23","1.38","6.25","0.17","3.94","1.81","0.17","0.17","0.09","2.58","40","6.667","1.55","11.11","1.03","50","2.41","35.71","2.66","2.06","0.86","30.86","84.68","7.22","79.76","1.63","42.11","0.09","0","0.17","50","0.34","3.44","77.5","1.63","36.84","0.34","2.84","63.64"
"Ale García","Spain 2.","Las Palmas","LW, CF, LAMF","22","250000","2027-06-30","11","1041","4","1","Spain","right","181","3.89","4.58","56.6","1.73","25","0","2.01","2.94","0.35","0.26","0","1.73","30","20","2.59","30","3.37","48.72","7.09","41.46","2.77","1.9","0.35","23.34","77.04","3.29","71.05","1.04","50","0.04","0","0","0","0.43","1.21","71.43","2.07","41.67","0.61","2.77","53.13"
"Jokin Ezkieta","Spain 2.","Racing Santander","GK","29","1600000","2027-06-30","10","1022","0","0","Spain","right","193","1.94","0.09","0","0.18","100","0","2.86","0","0","0","0","0","0","0","0","0","0","0","0","0","0","0","0","13.47","86.93","7.66","79.31","4.14","65.96","0","0","0","0","0","0.79","44.44","0.09","0","0","3.43","71.79"
"J. Mellot","Spain 2.","Castellón","RB, RCB","31","1200000","2027-06-30","10","1021","0","1","France","right","178","6.17","5.64","54.69","2.29","57.69","0.35","4.73","1.06","0","0","0","0.18","0","0","1.32","33.33","0.88","70","3.09","57.14","0.71","1.5","0","48.92","81.8","22.3","75.49","7.32","54.22","0","0","0","0","0.09","9.08","70.87","2.38","48.15","0.71","10.58","82.5"
"Rubén Yáñez","Spain 2.","Sporting Gijón","GK","32","1800000","2026-06-30","10","1019","0","0","Spain","right","188","0.88","0","0","0.71","87.5","0","1.02","0","0","0","0","0","0","0","0","0","0","0","0.18","100","0","0","0","13.16","72.48","9.54","63.89","8.83","60","0","0","0","0","0","3.53","65","0.26","33.33","0.09","6.62","72"
"Andrés Martín","Spain 2.","Racing Santander","RAMF, RW","26","1200000","2028-06-30","10","1015","6","3","Spain","left","178","5.14","4.79","55.56","0.62","42.86","0.09","3.54","3.19","0.35","0.43","0","2.13","41.67","25","2.57","41.38","2.39","44.44","7.54","38.82","3.9","1.77","0.62","29.08","73.48","7.89","53.93","1.6","33.33","0.37","0.18","0.44","40","0.98","3.46","61.54","3.99","53.33","1.33","5.23","77.97"
"Pablo Vázquez","Spain 2.","Sporting Gijón","RCB","31","500000","2026-06-30","10","1013","1","0","Spain","right","187","6.4","4","73.33","5.51","61.29","0.44","3.88","0.53","0.09","0.1","0.09","0.53","66.67","16.667","0.09","100","0.36","25","0.89","30","0.89","0.18","0.09","32.61","84.74","14.48","69.94","5.51","40.32","0.02","0.09","0","0","0.09","4.44","60","0.71","37.5","0.27","6.4","63.89"
"Agus Medina","Spain 2.","Albacete","CF","31","1000000","2026-06-30","10","1012","6","0","Spain","right","176","4.45","5.42","47.54","3.82","32.56","0","2.36","2.05","0.53","0.29","0.18","1.87","61.9","28.571","0.89","40","0.8","55.56","4.36","38.78","2.4","1.16","0.44","25.26","77.82","8.72","69.39","3.65","60.98","0.09","0","0.18","50","0.27","4.09","73.91","1.69","57.89","0.71","4.89","80"
"David Torres","Spain 2.","Real Valladolid","LCB","22","0","","10","1010","0","0","Spain","left","182","6.59","5.44","63.93","4.46","60","0.89","5.38","0","0","0","0","0","0","0","0","0","0","0","0.53","66.67","0.36","0.53","0","41.44","86.88","19.96","79.02","4.19","61.7","0","0","0","0","0","5.26","69.49","0.27","0","0","8.29","74.19"
"Pablo Tomeo","Spain 2.","Real Valladolid","RCB","25","0","2027-06-30","10","1010","0","1","Spain","right","186","7.31","5.52","75.81","3.39","55.26","0.45","5.08","0.98","0","0.11","0","0.89","40","0","0.8","33.33","0.53","66.67","1.34","66.67","1.07","1.25","0.09","43.4","80.49","22.37","70.52","8.55","57.29","0.05","0","0","0","0.09","7.13","75","1.16","38.46","0.36","12.74","69.93"
"Guilherme Fernandes","Spain 2.","Real Valladolid","GK","24","150000","","10","1010","0","0","Portugal","right","191","0.98","0.18","0","0.09","100","0","1.69","0","0","0","0","0","0","0","0","0","0","0","0","0","0","0","0","16.49","81.08","9.09","68.63","6.42","58.33","0","0","0","0","0","2.32","42.31","0.18","0","0","4.28","75"
"Carlos Hernández","Spain 2.","Ceuta","RCB","35","100000","","10","1005","0","0","Spain","right","185","9.22","5.91","69.7","7.7","67.44","0.72","7.86","0.54","0","0.09","0","0.63","85.71","0","0","0","0.18","0","2.06","21.74","0.9","0.18","0","34.75","86.86","12.27","70.8","3.76","50","0","0","0","0","0","3.4","60.53","0.27","33.33","0.18","5.19","55.17"
"Victor Aznar","Spain 2.","Cádiz","GK","23","0","2027-06-30","10","1001","0","0","Brazil","right","189","0.99","0.09","0","0.18","100","0","1.19","0","0","0","0","0","0","0","0","0","0","0","0.09","100","0","0","0","19.87","83.26","9.44","66.67","6.74","54.67","0","0","0","0","0","1.71","57.89","0.09","0","0","5.21","63.79"
"Iker Recio","Spain 2.","Cádiz","LCB","24","50000","","10","1001","0","0","Spain","left","184","8.9","5.48","73.77","3.24","63.89","0.81","5.95","0.36","0","0","0","0","0","0","0.27","66.67","0.18","100","0.99","72.73","0.18","0.27","0","44.51","86.26","19.15","74.18","6.56","52.05","0.01","0","0.09","0","0","6.47","69.44","0.9","30","0.09","8.63","76.04"
"Grego Sierra","Spain 2.","Burgos","LCB","32","700000","","10","991","2","1","Spain","left","186","7.08","5.18","77.19","4","65.91","0.64","4","0.45","0.18","0.09","0","0.45","40","40","0.09","100","0.27","66.67","1","45.45","0.45","1.54","0","43.59","88.54","15.8","75.29","6.08","56.72","0.01","0.09","0","0","0.18","5.45","66.67","0.54","50","0.18","7.45","75.61"
"Ander Cantero","Spain 2.","Burgos","GK","30","1000000","2027-06-30","10","991","0","0","Spain","left","189","1.09","0","0","0.09","100","0","1.5","0","0","0","0","0","0","0","0","0","0","0","0","0","0","0","0","14.08","89.03","5.99","78.79","4.63","72.55","0","0","0","0","0","0.73","87.5","0","0","0","4.27","72.34"
"F. Miguel","Spain 2.","Burgos","LB","29","1000000","2026-06-30","10","991","1","2","France","left","179","8.17","6.81","56","2.91","50","0.27","6","1.82","0.09","0.05","0","0.45","40","20","3","39.39","0.64","71.43","2.72","66.67","1.09","0.64","0","34.51","75","15.35","69.23","4.36","47.92","0.07","0.09","0.09","0","0.36","5.99","62.12","3.81","42.86","0.45","8.9","75.51"
"Jon Mikel","Spain 2.","Eibar","GK","25","600000","2026-06-30","10","990","0","0","Spain","right","183","1.55","0.09","100","0.18","100","0","1.94","0","0","0","0","0","0","0","0","0","0","0","0","0","0","0","0","26","87.41","12.55","78.26","8.64","65.26","0","0","0","0","0","1.73","36.84","0.27","0","0.09","5.45","73.33"
"L. Perrin","Spain 2.","Sporting Gijón","LCB","26","3000000","2026-06-30","10","989","1","0","France","right","188","8.65","4","70.45","4.46","71.43","0.82","5.96","0.18","0.09","0.04","0.09","0.18","100","50","0","0","0","0","0.73","62.5","0.36","0.64","0","31.12","87.13","11.83","75.38","4.82","50.94","0","0","0","0","0.09","2.91","53.13","0.36","25","0.09","4.91","62.96"
"Juan Soriano","Spain 2.","Leganés","GK","28","1500000","2027-06-30","10","988","0","0","Spain","right","185","0.73","0","0","0.36","100","0","1.02","0","0","0","0","0","0","0","0","0","0","0","0","0","0","0","0","20.04","82.27","13.03","74.13","10.29","68.14","0","0","0","0","0","1.64","55.56","0","0","0","8.74","72.92"
"Juan Gutiérrez","Spain 2.","Mirandés","RCB","25","200000","2026-06-30","10","986","0","0","Spain","right","188","7.48","4.56","52","2.37","57.69","0.82","6","0.64","0","0","0","0.27","33.33","0","1","36.36","0.27","66.67","1.1","50","0.46","0.55","0","28.39","81.67","13.05","72.73","4.93","48.15","0.02","0.09","0","0","0","4.84","60.38","1.64","16.67","0.18","6.39","67.14"
"Dani Jiménez","Spain 2.","Huesca","GK","35","300000","2027-06-30","10","985","0","0","Spain","right","179","1.28","0","0","0.09","100","0","1.68","0","0","0","0","0","0","0","0","0","0","0","0.09","100","0","0","0","18.18","83.92","12.61","76.81","9.5","70.19","0","0","0","0","0","1.74","36.84","0","0","0","7.77","82.35"
"Germán Parreño","Spain 2.","Deportivo La Coruña","GK","32","300000","2026-06-30","10","983","0","0","Spain","right","191","0.64","0","0","0.46","100","0","0.82","0","0","0","0","0","0","0","0","0","0","0","0","0","0","0","0","30.58","84.43","15.02","69.51","9.34","53.92","0","0","0","0","0","2.66","44.83","0","0","0","7.23","65.82"
"Miguel Loureiro","Spain 2.","Deportivo La Coruña","RCB, RB","28","1000000","2026-06-30","10","983","0","0","Spain","right","182","9.06","6.32","65.22","4.39","39.58","0.73","6.33","0.64","0","0.06","0","0.64","28.57","0","0.55","50","0.46","40","1.83","30","0.82","0.82","0.09","51","86.18","16.57","72.93","6.32","53.62","0.07","0","0","0","0.18","3.85","66.67","0.73","37.5","0.27","8.7","58.95"
"Alfonso Herrero","Spain 2.","Málaga","GK","31","400000","2026-06-30","10","983","0","0","Spain","right","183","0.82","0.09","0","0.27","66.67","0","1.03","0","0","0","0","0","0","0","0","0","0","0","0","0","0","0","0","20.87","84.21","11.08","71.07","8.97","63.27","0","0","0","0","0","2.38","61.54","0","0","0","6.87","74.67"
"Marvin Park","Spain 2.","Las Palmas","RB","25","2000000","2028-06-30","11","974","0","1","Spain","right","178","6.93","4.71","50.98","2.96","50","0","6.62","1.94","0","0.08","0","0.37","25","0","2.59","21.43","1.94","66.67","5.08","49.09","0.92","2.4","0.46","37.7","82.11","12.2","76.52","2.49","51.85","0.08","0.09","0","0","0.28","3.7","70","1.94","47.62","0.55","6.56","73.24"
"Iker Kortajarena","Spain 2.","Huesca","RCMF, AMF, RDMF","25","500000","2026-06-30","10","965","0","3","Spain","left","179","3.82","2.98","62.5","5.22","41.07","0","2.56","1.12","0","0.12","0","1.31","7.14","0","1.03","18.18","1.12","66.67","6.72","47.22","2.52","1.49","0.19","31.52","79.29","9.79","70.48","1.87","45","0.17","0","0.09","100","0.56","5.32","63.16","1.87","45","1.12","4.48","66.67"
"David Larrubia","Spain 2.","Málaga","RW, RAMF","23","400000","2027-06-30","10","964","1","1","Spain","left","172","8.59","6.91","66.22","0.65","28.57","0","4.81","5.32","0","0.1","0","1.96","47.62","0","2.8","40","6.44","47.83","12.98","40.29","2.61","4.01","0.93","27.73","75.76","7.56","61.73","1.77","63.16","0.13","0","0.19","100","0.37","2.71","75.86","3.55","55.26","1.4","5.23","80.36"
"Miguel Atienza","Spain 2.","Burgos","LCMF, RCMF, LDMF","26","1000000","","10","961","0","0","Spain","right","186","11.24","5.99","65.63","6.84","53.42","0.56","8.94","0.19","0","0.03","0","0.47","20","0","0","0","0.37","25","1.87","55","0.66","0.66","0","35.59","86.05","10.49","66.96","3.93","69.05","0","0","0","0","0","4.4","74.47","0.37","50","0.19","4.03","60.47"
"Sergio Molina","Spain 2.","FC Andorra","DMF, LDMF","29","700000","","10","960","0","2","Spain","right","178","8.44","5.53","59.32","1.88","25","0.66","7.98","0.75","0","0.02","0","0.66","42.86","0","0.38","75","0.38","50","1.31","42.86","0.38","1.22","0.09","47.91","89.82","10.88","82.76","2.53","74.07","0.08","0","0","0","0.19","6.09","78.46","0.66","57.14","0.09","6.28","74.63"
"L. Amatucci","Spain 2.","Las Palmas","LCMF, DMF","21","1000000","2028-06-30","10","960","0","1","Italy","right","172","11.34","9.09","60.82","1.13","41.67","0.56","8.16","1.03","0","0.06","0","0.84","22.22","0","0.38","50","1.03","54.55","6.38","61.76","0.94","0.66","0.09","44.16","90.02","11.72","77.6","2.16","43.48","0.01","0","0.09","100","0.09","3.94","76.19","1.22","53.85","0.75","3.94","61.9"
"Yeremay Hernández","Spain 2.","Deportivo La Coruña","CF, LAMF, LWF","22","0","2030-06-30","10","959","3","0","Spain","right","169","2.72","3.1","51.52","0.66","0","0","1.2","4.79","0.09","0.35","0","2.44","46.15","11.538","2.06","45.45","5.26","48.21","11.17","42.02","3","3.85","0.28","27.5","81.91","5.72","72.13","1.6","41.18","0.16","0.19","0.19","100","0.56","2.63","75","3","53.13","1.41","3.85","75.61"
"Bicho","Spain 2.","Cultural Leonesa","LCMF, LDMF","29","250000","","11","958","0","0","Spain","left","175","7.89","5.92","65.08","1.32","50","0.47","4.64","0.56","0","0.01","0","0.47","20","0","0.38","50","0.66","42.86","5.45","36.21","0.56","1.88","0.09","47.44","88.51","13.34","78.87","5.35","68.42","0.04","0","0","0","0.19","7.23","83.12","1.41","60","0.66","7.42","79.75"
"Dani Barcia","Spain 2.","Deportivo La Coruña","LCB","22","150000","2026-06-30","10","951","1","0","Spain","left","186","7.1","5.3","69.64","3.5","45.95","0.38","4.18","0.47","0.09","0.02","0","0.28","66.67","33.333","0","0","0.28","100","0.85","44.44","0.38","1.61","0.19","53.47","89.03","18.17","76.04","5.02","37.74","0","0","0","0","0","4.35","54.35","0.57","16.67","0","6.62","67.14"
"J. Otero","Spain 2.","Sporting Gijón","CF, RAMF","30","2500000","2027-06-30","10","947","2","6","Colombia","right","182","3.71","4.09","58.14","8.27","33.33","0","1.52","2.76","0.1","0.33","0","2.57","33.33","7.407","1.52","43.75","2","52.38","12.07","24.41","4.66","1.71","0.19","22.52","76.79","4.75","60","0.67","42.86","0.15","0.19","0.19","100","0.67","2.47","42.31","1.05","54.55","0.86","2.47","73.08"
"Álex Calatrava","Spain 2.","Castellón","RCMF, AMF","25","0","2029-06-30","10","945","3","2","Spain","left","175","5.62","6.29","53.03","0.67","28.57","0","3.79","3.24","0.19","0.27","0","2.29","41.67","12.5","2.29","16.67","4.57","41.67","12.76","41.79","3.81","3.9","0.29","32.67","72.59","11.05","66.38","2.38","44","0.23","0.1","0.19","0","0.48","4.38","65.22","3.81","42.5","1.43","4.48","78.72"
"Iza Carcelén","Spain 2.","Cádiz","RB","32","1500000","2027-06-30","10","938","0","1","Spain","right","178","10.27","7.87","63.41","2.01","57.14","0.29","6.43","1.44","0","0.01","0","0.38","25","0","2.69","17.86","1.63","52.94","5.85","44.26","0.38","0.77","0.29","45.19","80.47","22.07","77.39","5.76","66.67","0.04","0","0.1","0","0.38","8.54","79.78","2.21","30.43","0.29","11.99","79.2"
"J. Dubasin","Spain 2.","Sporting Gijón","RAMF, LAMF, RW","25","1500000","2028-06-30","10","935","5","2","Spain","right","181","5.1","4.33","62.22","2.31","33.33","0","2.77","2.02","0.48","0.35","0","1.35","50","35.714","1.83","15.79","1.54","62.5","8.18","38.82","2.79","1.83","0.29","27.05","79.72","6.06","69.84","1.73","55.56","0.13","0","0.19","50","0.48","2.41","76","2.5","42.31","1.35","4.04","85.71"
"A. Diawara","Spain 2.","Leganés","RCMF, LCMF","28","1500000","","10","930","0","0","Guinea","right","183","7.65","6.58","64.71","0.77","37.5","0.1","4.57","0.68","0","0.06","0","0.48","20","0","0.1","100","0.48","80","2.52","46.15","0.77","0.1","0","35.61","88.86","10.16","75.24","4.16","60.47","0.03","0","0.19","50","0","4.94","66.67","0.97","40","0.58","5.32","80"
"O. Oppong","Spain 2.","Granada","RCB, RB","20","0","","10","929","1","0","Ghana","","0","7.17","5.81","66.67","2.13","50","0.19","4.45","0.97","0.1","0.05","0","0.78","25","12.5","0.68","42.86","1.16","41.67","3.2","45.45","0.58","2.13","0.1","34.29","81.36","13.85","67.13","5.13","37.74","0","0","0","0","0","5.13","66.04","0.68","28.57","0.1","5.72","66.1"
"Andrés Fernández","Spain 2.","Almería","GK","38","400000","","9","928","0","0","Spain","right","187","2.04","0.1","100","0.29","66.67","0","2.88","0","0","0","0","0","0","0","0","0","0","0","0.1","100","0","0","0","20.75","88.79","10.67","80.91","7.37","73.68","0","0","0","0","0","0.97","60","0.1","0","0","6.89","76.06"
"Marco Moreno","Spain 2.","Eibar","RCB","24","400000","2027-06-30","10","926","0","0","Spain","right","191","7.78","4.57","57.45","4.28","56.82","0.19","6.3","0.1","0","0.01","0","0.19","0","0","0.1","100","0","0","0.58","16.67","0.19","0.19","0","49.47","89.39","18.95","82.05","5.73","49.15","0","0","0","0","0","3.6","59.46","0.39","0","0","6.12","61.9"
"Iván Morante","Spain 2.","Burgos","RCMF, LCMF, RDMF","24","700000","2026-06-30","10","925","0","1","Spain","left","183","8.76","7.49","58.44","1.85","52.63","0.49","4.7","0.68","0","0.07","0","1.17","33.33","0","0.49","40","0.58","16.67","2.63","22.22","0.19","0.49","0.1","43.88","89.58","14.98","81.82","4.48","73.91","0.04","0.1","0.1","0","0.19","6.23","84.38","1.26","61.54","0.68","7.49","81.82"
"F. Fomeyem","Spain 2.","Córdoba","RCB, LCB","26","300000","","9","906","0","0","Cameroon","right","181","7.75","5.07","66.67","3.58","61.11","0.3","8.1","0.4","0","0.04","0","0.2","0","0","0","0","0.7","57.14","1.69","52.94","0.2","1.49","0.1","41.42","88.49","19.37","83.59","3.68","56.76","0","0","0","0","0","4.77","77.08","0.3","0","0","7.65","72.73"
"Rodri Suárez","Spain 2.","Cultural Leonesa","RCB","22","300000","2027-06-30","10","897","0","0","Spain","right","186","10.74","7.32","71.23","2.91","37.93","1.2","7.33","0.3","0","0.06","0","0.5","60","0","0","0","0.1","0","1.1","54.55","0.8","0.2","0","35.42","89.8","12.94","78.29","3.01","50","0","0","0","0","0.1","3.71","70.27","0","0","0","5.32","69.81"
"S. Biuk","Spain 2.","Real Valladolid","LAMF, LW","22","4000000","2029-06-30","10","896","0","2","Croatia","right","184","6.63","5.93","64.41","1.81","44.44","0","4.16","4.32","0","0.13","0","1.71","17.65","0","3.42","29.41","6.43","46.88","12.25","37.7","3.72","4.02","0.3","24.31","73.97","5.12","70.59","1","50","0.24","0","0","0","0.6","1.91","68.42","3.21","46.88","1.31","3.82","68.42"
"Isma Ruiz","Spain 2.","Córdoba","DMF, LDMF, LCMF","24","300000","2026-06-30","9","893","0","1","Spain","right","180","8.87","6.95","76.81","2.22","54.55","0.1","5.93","0.71","0","0.02","0","0.5","20","0","0.1","0","1.01","60","4.54","55.56","0.1","1.01","0.1","35.07","85.92","12.4","73.98","2.62","65.38","0.02","0","0.1","0","0.1","6.45","75","0.91","55.56","0.5","4.84","75"
"José Matos","Spain 2.","Ceuta","LB","30","1200000","2026-06-30","9","880","2","0","Spain","left","168","8.28","6.34","67.74","2.45","25","0.61","5.94","1.02","0.2","0.08","0.1","0.82","37.5","25","2.35","17.39","1.53","20","5.22","35.29","1.23","0.82","0.1","29.66","75.52","11.25","72.73","2.45","33.33","0.01","0","0","0","0","3.89","68.42","2.05","25","0.41","4.91","56.25"
"Enrique Clemente","Spain 2.","Las Palmas","LB","26","400000","","9","873","2","0","Spain","left","182","9.38","6.08","66.1","1.75","41.18","0","7.7","1.03","0.21","0.02","0","0.62","33.33","33.333","1.24","50","0.31","66.67","2.78","51.85","0.52","1.55","0.41","44.54","82.18","21.86","72.64","6.19","46.67","0.04","0.1","0","0","0.31","7.53","71.23","2.06","45","0.31","9.38","78.02"
"Mario Soriano","Spain 2.","Deportivo La Coruña","LCMF, AMF, RDMF","23","1800000","2028-06-30","10","871","1","2","Spain","right","163","3.82","3.72","55.56","0.41","50","0.21","2.24","1.03","0.1","0.08","0","1.03","20","10","0.52","40","1.03","60","3.72","50","1.34","1.45","0.1","40.61","88.8","11.37","83.64","2.17","66.67","0.19","0.1","0.1","0","0.41","6.41","74.19","1.45","71.43","1.03","5.68","81.82"
"César Gelabert","Spain 2.","Sporting Gijón","AMF, CF","24","0","2028-06-30","10","868","4","1","Spain","right","182","3.94","4.15","65","3.21","35.48","0.21","1.42","2.9","0.41","0.18","0","1.14","72.73","36.364","1.45","57.14","1.97","57.89","7.57","36.99","1.56","1.87","0.52","35.77","80.29","9.85","68.42","1.45","42.86","0.04","0","0.41","25","0.31","4.67","68.89","3.11","56.67","0.83","5.18","80"
"Manu Fuster","Spain 2.","Las Palmas","RW, RAMF","28","2400000","2028-06-30","11","866","0","3","Spain","right","169","4.78","4.16","65","1.04","10","0.21","3.03","2.81","0","0.09","0","1.45","50","0","1.14","36.36","1.77","88.24","8","51.95","1.56","1.45","0.21","32.11","82.52","8.31","66.25","2.18","71.43","0.17","0","0.31","33.33","0.52","3.95","65.79","1.97","42.11","0.73","3.43","78.79"
"Àlex Corredera","Spain 2.","Sporting Gijón","LDMF, RDMF, RCMF","29","1000000","2026-06-30","9","863","0","0","Spain","left","178","9.39","7.72","71.62","0.94","11.11","0.31","3.98","0.83","0","0.03","0","0.52","20","0","0.63","50","0.73","42.86","4.28","41.46","0.21","0.31","0","34","87.73","10.74","78.64","2.4","65.22","0.09","0.1","0.1","100","0.21","3.96","81.58","1.04","70","0.31","4.9","70.21"
"Á. Muñoz","Spain 2.","Almería","LB, LCB","31","1200000","2026-06-30","9","856","0","3","Spain","left","187","7.99","6.73","54.69","2.94","71.43","0.42","5.63","1.16","0","0.03","0","0.42","25","0","1.37","53.85","0.42","75","1.89","50","1.47","1.89","0.32","42.9","83.58","15.46","70.07","3.15","36.67","0.09","0","0","0","0.42","4.31","63.41","1.26","58.33","0.11","6.73","64.06"
"Lalo Aguilar","Spain 2.","Leganés","RCB","23","0","","10","854","0","0","Spain","right","188","7.38","3.79","77.78","2.21","57.14","0.63","5.88","0.42","0","0.1","0","0.42","25","0","0.42","50","0.21","50","1.16","54.55","0.63","1.05","0.21","41.63","86.84","17.92","74.71","6.53","58.06","0","0","0.21","0","0","7.27","69.57","0.42","0","0.21","9.06","73.26"
"Peru Rodríguez","Spain 2.","Real Sociedad B","LCB, RCB","23","0","2026-06-30","9","853","0","0","Spain","right","180","9.81","5.8","72.73","4.33","39.02","1.37","6.78","0.11","0","0.08","0","0.21","50","0","0","0","0","0","0.63","50","0.42","0.42","0","54.55","87.43","20.05","74.74","11.18","70.75","0","0","0","0","0","5.06","72.92","0.32","33.33","0.21","11.08","68.57"
"Juanmi Latasa","Spain 2.","Real Valladolid","CF","24","2800000","2029-06-30","10","853","2","0","Spain","left","192","1.9","1.69","43.75","10.87","57.28","0","1.86","1.37","0.11","0.44","0.11","2.85","40.74","7.407","0.32","0","0.53","40","10.13","22.92","4.33","0.11","0","15.4","67.12","2.43","47.83","0.95","66.67","0.1","0.11","0","0","0.21","0.95","33.33","0.11","0","0.84","1.16","27.27"
"E. Loiodice","Spain 2.","Las Palmas","RCMF, RDMF","24","4000000","2026-06-30","11","852","0","0","France","left","176","7.18","5.6","60.38","2.32","45.45","0.11","5.05","1.16","0","0.04","0","0.85","25","0","0","0","0.85","75","6.02","40.35","0.53","1.27","0.11","47.96","88.77","11.83","73.21","3.27","64.52","0","0.11","0.42","75","0","5.18","75.51","0.85","50","0.42","4.75","64.44"
"Marvel","Spain 2.","Leganés","LB, LCB","22","0","2028-06-30","9","842","0","0","Morocco","left","184","7.7","5.77","77.78","2.46","47.83","0.11","4.5","1.71","0","0.04","0","0.11","0","0","0.86","62.5","1.71","68.75","4.06","63.16","0.53","1.71","0.21","39.98","83.69","17.1","71.88","4.38","46.34","0.05","0","0","0","0.32","6.52","63.93","1.6","53.33","0.53","8.02","72"
"Diego Sánchez","Spain 2.","Sporting Gijón","LB","22","600000","2027-06-30","10","841","0","1","Spain","left","179","7.92","6.1","61.4","3.42","68.75","0.11","4.81","1.39","0","0","0","0","0","0","2.25","47.62","0.43","75","1.39","38.46","0.54","1.28","0","33.17","74.84","14.45","66.67","4.82","42.22","0.12","0","0","0","0.43","5.46","70.59","2.14","60","0.54","9.1","63.53"
"Mario Climent","Spain 2.","Cádiz","LB","23","100000","","9","840","0","0","Spain","left","179","7.82","6.86","56.25","2.04","52.63","0.11","4.56","1.39","0","0.01","0","0.11","0","0","3","32.14","1.07","40","2.46","34.78","1.82","1.82","0.21","34.5","76.4","12.43","71.55","3.54","36.36","0.05","0","0","0","0.32","3.43","65.63","2.25","42.86","0.21","6.86","56.25"
"Francho Serrano","Spain 2.","Real Zaragoza","RB, RDMF","24","3000000","","10","838","0","1","Spain","right","180","7.63","6.77","63.49","1.72","31.25","0.11","4.18","1.5","0","0.02","0","0.32","33.33","0","2.68","24","1.4","46.15","3.54","48.48","0.75","0.97","0.21","35.66","80.72","13.64","74.02","4.3","47.5","0.13","0","0.11","100","0.43","6.44","71.67","2.26","38.1","0.11","7.73","77.78"
"Diego Murillo","Spain 2.","Málaga","RCB, RB","24","0","2027-06-30","9","836","0","0","Spain","right","182","10.23","7.97","70.27","2.91","51.85","0.22","5.88","0.22","0","0","0","0","0","0","0.43","25","0.22","50","1.83","29.41","0.22","1.29","0.22","46.61","84.76","19.7","74.86","4.2","53.85","0","0","0","0","0","4.63","65.12","0.54","20","0","9.04","64.29"
"S. Faye","Spain 2.","Granada","LWF, LW, CF","22","0","2029-06-30","9","836","2","2","Senegal","right","179","5.71","4.09","71.05","4.31","42.5","0.11","3.75","3.88","0.22","0.22","0.11","1.94","44.44","11.111","2.26","28.57","4.31","55","11.63","39.81","3.34","2.58","0.32","18.95","78.41","3.66","67.65","0.86","37.5","0.03","0.11","0","0","0.32","0.75","71.43","1.51","50","0.43","2.15","75"
"Kuki Zalazar","Spain 2.","Ceuta","RCMF, AMF, CF","27","200000","2026-06-30","10","835","0","1","Uruguay","left","177","5.39","5.82","53.7","2.8","38.46","0","3.62","1.62","0","0.17","0","1.72","18.75","0","1.29","25","1.4","69.23","9.27","37.21","2.69","0.86","0","30.72","86.67","8.51","78.48","1.72","62.5","0.08","0","0","0","0.32","3.99","81.08","1.62","66.67","0.43","4.53","80.95"
"García Pascual","Spain 2.","Cádiz","CF","23","0","","10","835","1","0","Spain","","188","4.42","2.48","60.87","4.85","42.22","0.11","3.01","1.4","0.11","0.2","0","1.72","31.25","6.25","0.11","0","1.4","61.54","8.08","32","2.59","0.86","0","12.93","68.33","2.8","46.15","0.11","100","0.01","0","0","0","0.22","1.19","27.27","0.43","25","0.22","0.75","42.86"
"Manu Lama","Spain 2.","Granada","LCB, CB, RCB","24","250000","2027-06-30","9","834","0","0","Spain","right","192","6.47","4.75","63.64","2.91","51.85","0.65","4.33","0.32","0","0.03","0","0.43","25","0","0","0","0.22","100","2.27","47.62","0.54","0.43","0","37.01","83.97","17.16","69.81","6.15","42.11","0","0.11","0","0","0","5.94","50.91","0.32","0","0","7.99","72.97"
"Jorge Pulido","Spain 2.","Huesca","RCB, CB","34","800000","2026-06-30","9","834","0","0","Spain","right","186","8.74","5.94","69.09","5.4","60","0.22","5.71","0.11","0","0.07","0","0.32","0","0","0","0","0.11","100","0.97","66.67","1.29","0.11","0","34.21","84.54","15.22","75.18","4.96","52.17","0.01","0.22","0","0","0.11","4.1","60.53","0.54","40","0.32","5.94","74.55"
"M. Kim","Spain 2.","FC Andorra","LWF, LAMF, RW","19","0","","10","832","2","3","Korea Republic","right","177","3.89","3.35","58.06","0.87","12.5","0","2.79","4.22","0.22","0.27","0","2.38","50","9.091","0.76","28.57","5.63","48.08","12.76","38.14","3.35","3.46","0.54","26.5","83.27","5.84","70.37","0.87","62.5","0.12","0","0.22","50","0.65","1.95","83.33","1.84","41.18","0.54","2.81","76.92"
"Fer Niño","Spain 2.","Burgos","CF","25","2000000","2026-06-30","10","832","3","0","Spain","right","191","6.38","4.44","65.85","8","43.24","0","4.22","1.95","0.32","0.17","0.11","1.19","45.45","27.273","0.11","100","2.27","57.14","10.82","37","2.6","1.73","0.22","20.66","80.63","4.76","63.64","1.62","53.33","0.1","0","0","0","0.43","2.49","78.26","0.76","42.86","0.65","1.73","62.5"
"Diego Villares","Spain 2.","Deportivo La Coruña","RCMF, DMF, RDMF","29","500000","2027-06-30","10","825","0","0","Spain","right","179","6.98","5.35","61.22","2.95","51.85","0","4.09","0.98","0","0.08","0","0.76","42.86","0","0","0","1.31","50","2.62","41.67","0.65","0.65","0.11","39.49","87.02","14.07","73.64","2.4","63.64","0.03","0","0","0","0.22","6.33","79.31","0.55","80","0.44","6.33","77.59"
"Marc Bombardó","Spain 2.","FC Andorra","LCB","19","0","2027-06-30","9","823","0","0","Spain","right","182","7.44","3.72","73.53","3.17","48.28","0.55","7.28","0.11","0","0.06","0","0.44","0","0","0","0","0.11","0","0.87","50","0.44","2.62","0.11","65.94","90.55","25.04","80.79","4.7","60.47","0.01","0","0.11","100","0","9.4","82.56","0.55","20","0.11","10.61","75.26"
"F. Bonini","Spain 2.","Almería","LCB","24","500000","","8","821","1","0","Italy","left","188","7.13","2.3","90.48","3.29","56.67","0.11","6.99","0.33","0.11","0.08","0.11","0.55","40","20","0.22","50","0","0","0.66","33.33","1.1","0.11","0","47.14","92.79","18.2","86.14","5.7","63.46","0","0","0","0","0.11","4.06","67.57","0.44","25","0.11","6.58","76.67"
"Roger Hinojo","Spain 2.","Cultural Leonesa","LB, LCB","20","0","2026-06-30","9","820","1","0","Spain","left","0","8.01","7.24","66.67","2.63","37.5","0.33","4.08","1.21","0.11","0.04","0","0.44","50","25","1.76","37.5","0.88","37.5","3.29","43.33","0.33","1.98","0.33","41.71","87.37","17.12","85.26","3.84","65.71","0.01","0.22","0","0","0","6.04","81.82","2.3","42.86","0.22","9.33","75.29"
"Iñigo Vicente","Spain 2.","Racing Santander","AMF, LAMF","27","2800000","2027-06-30","10","817","2","6","Spain","right","178","2.53","2.86","53.85","0.33","100","0","1.47","3.64","0.22","0.17","0","1.1","40","20","3.19","34.48","3.86","40","9.47","32.56","2.97","2.42","0.11","57.5","79.89","22.14","71.14","4.74","60.47","0.35","0.11","0.88","62.5","1.65","12.01","72.48","8.04","52.05","3.19","14.21","91.47"
"Aitor Córdoba","Spain 2.","Burgos","RCB","30","1200000","2026-06-30","9","817","0","0","Spain","right","191","6.06","3.53","53.13","2.2","70","0.44","5.62","0.44","0","0.05","0","0.44","25","0","0.11","0","0.33","100","0.66","83.33","0.44","0.11","0","42.96","89.23","20.27","80.98","8.26","64","0","0","0","0","0","5.51","80","0.44","50","0.22","8.7","70.89"
"Sebas Moyano","Spain 2.","Real Zaragoza","LW, LAMF","28","1800000","2027-06-30","10","814","1","0","Spain","right","173","5.86","4.31","61.54","1.33","50","0.11","3.98","3.98","0.11","0.13","0","1.99","33.33","5.556","1.44","23.08","4.98","60","10.61","48.96","1.77","1.88","0.22","21.12","74.87","5.2","65.96","1","77.78","0.09","0","0","0","0.33","1.44","69.23","1.77","37.5","0.55","2.43","50"
"Gael Alonso","Spain 2.","FC Andorra","RCB","23","150000","2028-06-30","9","813","2","0","Spain","right","182","12.95","7.53","75","4.87","75","0.66","9.94","0.33","0.22","0.05","0.22","0.44","50","50","0","0","0.33","33.33","1.44","53.85","0.22","1.33","0","65.42","86.46","24.91","71.11","8.19","45.95","0","0","0","0","0","8.52","72.73","0.77","28.57","0.22","12.4","66.07"
"Fran Gámez","Spain 2.","Albacete","RB","34","400000","2026-06-30","10","813","0","1","Spain","right","174","10.52","6.42","74.14","1.33","33.33","0.22","6.4","3.1","0","0.01","0","0.33","0","0","5.09","32.61","1.55","85.71","3.87","42.86","1.22","2.88","0.55","34.32","66.77","13.95","60.32","5.76","40.38","0.18","0.22","0.11","100","1.22","5.31","50","5.98","53.7","1.55","9.74","79.55"
"S. Jurić","Spain 2.","Real Valladolid","LDMF, RDMF, RCMF","29","2200000","2027-06-30","8","809","0","0","Croatia","right","188","11.01","7.23","61.54","7.01","69.84","0.22","9.63","0.78","0","0.01","0","0.22","50","0","0.44","50","0.44","100","3.78","29.41","0.56","0.44","0","45.61","80.98","19.25","73.41","5.12","50","0.03","0","0","0","0.22","7.12","56.25","0.89","75","0.44","8.34","61.33"
"Ále Meléndez","Spain 2.","Albacete","LCMF, RCMF","26","350000","2026-06-30","10","808","0","1","Spain","right","177","9.36","7.46","65.67","1.56","28.57","0.22","5.33","0.89","0","0.02","0","0.11","100","0","0.67","33.33","0.67","83.33","3.9","54.29","0.56","0.89","0","39.76","84.87","13.48","74.38","4.46","55","0.02","0.22","0.11","0","0.22","7.8","70","1","44.44","0.11","5.68","72.55"
"Salva Ruiz","Spain 2.","Castellón","LB, LCB","30","400000","2026-06-30","10","808","0","0","Spain","left","177","4.79","3.56","65.63","2.12","42.11","0.22","3.91","1","0","0.04","0","0.56","40","0","1.23","27.27","0.56","80","1.78","56.25","0.89","1.67","0","36.53","86.89","13.14","75.42","3.12","50","0.03","0","0.11","0","0.11","3.79","70.59","1","33.33","0.22","6.13","67.27"
"Sergio Arribas","Spain 2.","Almería","AMF, CF","24","10000000","","9","807","4","2","Spain","left","174","3.23","2.57","56.52","1.34","33.33","0.11","2.74","3.23","0.22","0.43","0.11","2.79","40","16","1.56","28.57","3.01","48.15","6.47","44.83","3.12","1.78","0.45","45.95","84.47","12.38","81.08","1.23","45.45","0.25","0.22","0.45","50","1.23","6.13","83.64","4.57","65.85","2.79","5.58","90"
"M. Diakité","Spain 2.","Cádiz","RDMF, RCMF, LDMF","21","0","","9","807","0","0","Mali","right","189","7.25","5.02","60","1.9","76.47","0.11","4.66","0.45","0","0.01","0","0.45","0","0","0.11","100","0.45","50","3.23","37.93","0.22","0.56","0.11","36.25","89.23","8.03","69.44","2.34","52.38","0.02","0","0.11","100","0.22","4.01","83.33","0.33","66.67","0.11","4.68","64.29"
"Jon Morcillo","Spain 2.","Albacete","LW, LAMF","27","1000000","2026-06-30","10","802","3","3","Spain","left","183","3.48","3.48","54.84","0.45","50","0","1.96","7.18","0.22","0.23","0","2.69","33.33","12.5","5.16","43.48","5.05","80","8.08","56.94","2.47","2.24","0.56","26.15","66.09","5.5","42.86","2.81","36","0.19","0.22","0.11","0","1.23","2.13","47.37","4.6","41.46","0.11","4.83","72.09"
"Guille Vallejo","Spain 2.","Ceuta","GK","30","400000","","8","801","0","0","Spain","right","182","1.91","0.22","100","0.34","100","0","2.74","0","0","0","0","0","0","0","0","0","0","0","0.45","100","0","0","0","22.02","81.12","11.46","66.67","8.2","54.79","0","0","0","0","0","2.02","33.33","0.22","0","0","6.29","62.5"
"Víctor Meseguer","Spain 2.","Real Valladolid","RDMF, LDMF, LCMF","26","2200000","2029-06-30","10","799","1","0","Spain","right","184","8.67","7.32","53.85","3.83","61.76","0","7.35","1.13","0.11","0.18","0","0.9","50","12.5","0.11","0","0.9","75","2.25","50","0.79","0.68","0","35.59","78.8","14.98","70.68","3.83","58.82","0.03","0","0","0","0","6.53","68.97","0.56","40","0.34","7.1","66.67"
"Naim García","Spain 2.","Leganés","LB, RW, LWB","23","500000","2027-06-30","10","798","2","0","Spain","left","178","6.09","7.56","50.75","2.03","33.33","0.11","3.19","3.61","0.23","0.06","0","1.13","30","20","3.83","23.53","3.72","63.64","7.56","46.27","1.58","2.48","0.23","24.25","74.42","5.53","61.22","3.38","53.33","0.27","0","0","0","0.34","2.03","61.11","2.48","36.36","0.23","4.29","63.16"
"Ignasi Vilarrasa","Spain 2.","Córdoba","LB","26","900000","","9","797","1","0","Spain","left","183","4.74","4.74","57.14","0.79","42.86","0.11","3.78","1.69","0.11","0.07","0","1.02","22.22","11.111","2.37","23.81","1.13","60","3.05","48.15","1.36","1.69","0.23","38.51","73.61","19.87","65.34","5.98","52.83","0.17","0","0.23","100","0.34","7.9","60","2.71","58.33","1.13","11.29","70"
"L. Zidane","Spain 2.","Granada","GK","27","2000000","2027-06-30","8","792","0","0","France","right","183","1.25","0","0","0.23","100","0","1.65","0","0","0","0","0","0","0","0","0","0","0","0.11","100","0","0","0","36.48","90.03","17.27","79.61","12.27","73.15","0","0","0","0","0","3.41","60","0","0","0","9.43","81.93"
"Riki Rodríguez","Spain 2.","Albacete","RCMF, RDMF","28","900000","","8","788","0","1","Spain","right","175","6.28","3.43","53.33","1.37","33.33","0.57","5.79","1.26","0","0.07","0","1.03","11.11","0","0.46","25","1.48","61.54","5.48","50","1.6","1.37","0.34","34.26","89.33","9.14","81.25","2.28","70","0.04","0","0.11","100","0.23","4.23","89.19","1.26","81.82","1.03","4","77.14"
"José Corpas","Spain 2.","Eibar","RAMF, RW","34","2000000","2026-06-30","9","788","0","1","Spain","right","178","4.8","4.45","56.41","2.17","52.63","0","3.03","3.54","0","0.23","0","1.83","25","0","3.43","36.67","2.97","57.69","8.57","48","2.17","1.83","0.23","29.92","70.99","9.71","62.35","1.83","31.25","0.12","0.11","0.46","25","0.69","4","57.14","3.31","51.72","0.69","5.48","77.08"
"Y. Didi","Spain 2.","Ceuta","DMF, LCMF, RDMF","26","200000","","9","785","1","0","Spain","left","192","8.83","5.27","69.57","2.52","45.45","0","7.69","1.26","0.11","0.06","0.11","0.57","40","20","0.46","50","1.15","60","3.55","35.48","0.8","3.1","0","55.49","87.19","20.98","78.69","6.88","58.33","0.01","0.23","0.11","100","0","9.06","77.22","1.49","38.46","0.23","9.75","84.71"
"Raúl Guti","Spain 2.","Real Zaragoza","LCMF, LDMF","28","1500000","2026-06-30","9","783","0","0","Spain","right","177","9.08","7.7","67.16","1.38","50","0.34","5.05","0.92","0","0.08","0","0.57","0","0","0.46","25","0.92","75","5.63","55.1","0.34","0.23","0","37.47","86.2","10.34","76.67","3.22","53.57","0.02","0","0.11","100","0","6.67","68.97","0.92","25","0.11","5.63","81.63"
"A. Yaakobishvili","Spain 2.","FC Andorra","GK","19","0","","8","782","0","0","Hungary","left","185","1.27","0.23","50","0.46","100","0","1.81","0","0","0","0","0","0","0","0","0","0","0","0","0","0","0","0","32.34","92.17","15.19","84.85","6.91","68.33","0","0","0","0","0","1.15","40","0","0","0","4.6","55"
"Aitor Fraga","Spain 2.","Real Sociedad B","GK","22","0","","8","781","0","0","Spain","right","194","1.73","0.12","100","0.23","100","0","2.03","0.12","0","0","0","0","0","0","0","0","0.12","100","0.12","100","0","0","0","22.13","84.38","10.14","75","8.07","62.86","0","0","0","0","0","1.15","50","0","0","0","5.53","64.58"
"David González","Spain 2.","Burgos","RW, RAMF, AMF","23","100000","2027-06-30","10","777","3","3","Spain","left","180","5.44","4.98","60.47","1.62","57.14","0","2.53","1.85","0.12","0.36","0","1.51","38.46","23.077","0.81","42.86","1.85","50","5.91","41.18","1.39","0.93","0.23","22.24","77.6","6.37","61.82","1.04","33.33","0.12","0","0","0","0.46","2.43","61.9","1.39","50","0.58","1.97","70.59"
"B. Kovačević","Spain 2.","Cádiz","RCB, CB","21","0","2029-06-30","8","775","0","0","Serbia","right","193","8.13","1.97","70.59","4.06","65.71","0.12","8.61","0","0","0.03","0","0.23","0","0","0","0","0","0","0.35","33.33","0.58","0","0","38.67","84.68","12.43","62.62","4.3","37.84","0","0","0","0","0","2.67","39.13","0.23","0","0.12","5.11","52.27"
"Matia Barzic","Spain 2.","Cultural Leonesa","LCB, CB","21","0","2028-06-30","9","766","0","0","Spain","right","190","7.64","4.58","82.05","3.17","55.56","0.35","4.92","0.7","0","0.01","0","0.12","100","0","0","0","0.59","100","2","58.82","0.35","0.94","0","42.65","87.6","17.86","75","5.76","48.98","0","0","0.12","0","0","4.82","68.29","0.47","25","0.12","6.34","66.67"
"Suso","Spain 2.","Cádiz","RAMF, RW, CF","31","4000000","","9","762","1","1","Spain","left","176","3.19","3.54","43.33","0.59","20","0.12","2.12","4.61","0.12","0.04","0","1.3","36.36","9.091","3.43","34.48","5.31","55.56","11.93","39.6","2.01","2.36","0.71","36.02","78.36","13.11","76.58","3.78","53.13","0.1","0.12","0.12","0","0.59","4.02","67.65","5.79","55.1","2.01","7.91","76.12"
"Jorge Sáenz","Spain 2.","Leganés","LCB, CB, RCB","28","1500000","","9","759","0","0","Spain","right","188","9.72","5.81","65.31","3.44","68.97","0.71","8.09","0.24","0","0.02","0","0.12","100","0","0.12","100","0","0","0.71","66.67","0.36","0.12","0","44.11","85.75","19.21","74.69","7.83","57.58","0.01","0","0","0","0.12","6.64","69.64","0.47","25","0","9.6","70.37"
"Iván Alejo","Spain 2.","Real Valladolid","RB","30","1500000","2028-06-30","9","758","0","0","Spain","right","186","10.8","9.97","60.71","1.78","73.33","0.36","7.7","6.53","0","0","0","0.12","100","0","7.48","31.75","4.99","80.95","10.21","62.79","0.95","4.04","0.12","39.54","70.57","16.03","71.11","4.75","47.5","0.13","0","0","0","0.71","4.99","78.57","5.82","48.98","0.47","10.57","75.28"
"B. Cipenga","Spain 2.","Castellón","LW, LWF, RW","27","550000","2026-06-30","8","757","3","2","Congo DR","right","172","5.11","3.45","79.31","1.78","26.67","0","4","4.64","0.36","0.31","0","1.9","37.5","18.75","3.57","36.67","5.23","50","10.34","43.68","5.11","4.52","0.48","23.78","70.5","6.06","70.59","0.95","87.5","0.29","0","0.12","0","1.07","1.31","72.73","4.04","58.82","2.26","5.94","82"
"Pau Casadesús","Spain 2.","Granada","RB","21","0","","9","753","1","0","Spain","right","182","7.65","6.22","63.46","2.75","65.22","0.12","4.6","0.96","0.12","0.02","0","0.36","66.67","33.333","0.6","40","0.96","50","2.51","33.33","0.72","1.2","0.12","22.11","82.7","7.89","75.76","2.75","47.83","0","0","0","0","0.12","2.75","60.87","0.72","33.33","0","3.94","69.7"
"J. Salinas","Spain 2.","Racing Santander","LB","18","0","2029-06-30","8","752","0","1","Spain","left","181","12.69","10.17","63.53","5.03","42.86","0.12","8.9","1.91","0","0.07","0","0.6","40","0","0.6","60","1.8","73.33","5.15","41.86","1.08","1.56","0","42.37","78.81","20.59","66.86","4.55","36.84","0.08","0.12","0","0","0.24","5.39","64.44","0.36","33.33","0.12","8.74","60.27"
"Jon Magunazelaia","Spain 2.","Eibar","AMF, CF","24","0","2026-06-30","10","752","1","0","Spain","right","181","4.79","5.51","32.61","3.11","11.54","0.12","3.71","1.44","0.12","0.08","0","0.84","57.14","14.286","1.2","30","1.2","50","8.02","35.82","1.56","1.56","0.12","29.68","83.06","7.9","74.24","1.32","63.64","0.05","0","0.12","0","0.12","3.71","74.19","1.91","50","0.6","3.11","76.92"
"Marco Sangalli","Spain 2.","Racing Santander","LAMF, LW, LB","33","400000","","9","750","2","2","Spain","right","179","6.12","6.12","62.75","1.32","36.36","0.12","3.45","1.32","0.24","0.18","0","1.44","41.67","16.667","0.6","0","1.32","54.55","5.04","57.14","2.76","2.52","0.72","39.24","85.02","9.6","76.25","1.08","44.44","0.13","0.12","0","0","0.36","3.84","84.38","1.08","66.67","1.2","3.12","69.23"
"Marcos Fernández","Spain 2.","Ceuta","CF","22","0","2028-06-30","8","749","3","0","Spain","right","176","4.33","3.6","66.67","5.53","28.26","0.12","2.78","2.4","0.36","0.29","0","2.52","38.1","14.286","0.48","0","2.16","50","10.33","27.91","2.76","1.08","0.12","16.94","74.47","3.97","63.64","1.32","63.64","0.08","0","0.48","75","0.36","2.16","72.22","0.84","57.14","0.6","1.68","71.43"
"Jacobo González","Spain 2.","Córdoba","AMF, LWF, LW","28","900000","2026-06-30","8","749","2","0","Spain","right","179","5.89","6.37","52.83","5.77","43.75","0.12","3.78","3.24","0.12","0.22","0","3.36","42.86","7.143","2.04","29.41","2.76","34.78","8.65","27.78","2.28","0.72","0.36","26.07","68.2","7.69","56.25","2.28","52.63","0.06","0","0.36","66.67","0.24","3.6","73.33","2.04","41.18","0.6","3.48","79.31"
"Sergio Cubero","Spain 2.","Eibar","RB","26","600000","2027-06-30","9","741","1","0","Spain","right","187","7.77","6.92","66.67","4.01","66.67","0.24","3.83","2.67","0.12","0.13","0","0.61","20","20","4.01","39.39","1.34","72.73","3.28","44.44","1.21","1.21","0.12","33.04","80.88","9.96","71.95","3.16","53.85","0.14","0","0","0","0.85","3.64","66.67","3.52","51.72","0.49","5.95","77.55"
"Sergio Ruiz","Spain 2.","Granada","LCMF, RCMF","30","2000000","2026-06-30","9","740","0","0","Spain","right","176","5.59","4.99","73.17","1.46","58.33","0.12","2.59","1.09","0","0.04","0","0.36","33.33","0","0.73","0","1.22","80","5.35","68.18","0.61","1.82","0.24","34.91","88.5","11.19","82.61","1.58","69.23","0.01","0.12","0","0","0","4.01","84.85","0.97","12.5","0.12","4.62","84.21"
"Aisar Ahmed","Spain 2.","Ceuta","RWF, RAMF, RW","24","0","2026-06-30","9","735","0","2","Spain","right","0","5.76","5.02","53.66","1.35","18.18","0","4.62","1.71","0","0.07","0","0.61","20","0","4.04","21.21","2.57","28.57","6.49","22.64","1.47","0.98","0.12","27.92","72.81","6.12","56","1.35","45.45","0.1","0","0.12","0","0.61","1.96","81.25","2.94","29.17","0.37","3.18","50"
"Piña","Spain 2.","Huesca","LCB, CB, RCB","30","300000","","8","735","0","0","Spain","right","188","10.53","8.45","76.81","3.31","55.56","0.49","4.69","0.24","0","0.01","0","0.37","0","0","0.24","50","0.12","100","0.86","57.14","0.12","0.49","0","39.55","88.54","16.29","80.45","4.29","62.86","0","0","0.12","0","0","2.94","58.33","0.24","50","0.12","6.24","64.71"
"Guille Bueno","Spain 2.","Real Valladolid","LB","23","600000","2026-06-30","9","732","0","0","Spain","left","176","7.13","6.02","59.18","1.97","50","0","6","3.44","0","0.01","0","0.25","50","0","3.69","43.33","3.81","45.16","7.75","41.27","0.98","3.2","0.49","33.57","78.02","12.17","65.66","3.81","58.06","0.05","0","0","0","0.49","3.07","60","2.7","54.55","0.37","5.9","75"
"Alberto Dadie","Spain 2.","Real Sociedad B","RB","23","0","2026-06-30","9","731","0","0","Spain","right","170","7.51","8","47.69","1.97","43.75","0.12","3.92","2.09","0","0.02","0","0.98","12.5","0","1.6","38.46","1.85","60","6.4","40.38","0.49","2.34","0.62","29.06","75.42","12.07","68.37","3.45","50","0","0.12","0.25","100","0.12","4.31","65.71","1.48","50","0.25","7.02","66.67"
"Luismi Cruz","Spain 2.","Deportivo La Coruña","RCMF, RW, LW","24","800000","2029-06-30","10","728","2","2","Spain","left","166","4.45","5.07","51.22","0.74","33.33","0","1.73","2.35","0.25","0.16","0","0.87","42.86","28.571","1.48","33.33","3.09","44","7.42","46.67","1.73","1.48","0","29.05","81.28","8.41","73.53","3.46","64.29","0.23","0.12","0.12","100","0.49","3.96","84.38","3.59","62.07","1.61","4.82","82.05"
"Javi Montero","Spain 2.","Málaga","LCB","26","1500000","2026-06-30","8","727","0","0","Spain","left","185","7.06","4.58","67.57","3.47","60.71","0.62","5.45","0.25","0","0.02","0","0.12","0","0","0.12","100","0.12","100","0.99","37.5","0.62","0.25","0","52.61","85.41","19.68","69.18","8.42","47.06","0","0","0","0","0","5.94","56.25","0.5","50","0.37","9.28","72"
"Pablo Ínsua","Spain 2.","Real Zaragoza","RCB, CB","32","1000000","2026-06-30","8","725","0","0","Spain","right","187","6.33","3.6","65.52","3.72","63.33","0.74","5.39","0.12","0","0.01","0","0.25","50","0","0","0","0","0","0.74","66.67","0.37","0.74","0","36.25","88.36","14.52","76.92","4.97","60","0","0","0","0","0","2.98","62.5","0.37","66.67","0.25","5.83","76.6"
"Jesús Álvarez","Spain 2.","Huesca","LCMF, LDMF, RCMF","25","200000","","9","720","0","0","Spain","right","180","6.5","4.63","62.16","3","62.5","0","4.16","0.38","0","0.02","0","0.63","20","0","0.25","0","0.63","40","3.38","40.74","0.75","0.75","0","52.88","86.76","16.38","74.81","4.75","42.11","0.02","0","0","0","0.13","7.25","68.97","1","25","0.75","6.88","72.73"
"Toni Abad","Spain 2.","Huesca","RB, RWB","28","600000","2026-06-30","9","720","0","1","Spain","right","174","7.13","6","68.75","3.25","26.92","0.25","3.65","1.38","0","0","0","0.25","0","0","2.63","38.1","0.63","60","2.5","45","0.5","0.5","0","36.38","82.82","13.38","79.44","3.88","67.74","0.04","0","0","0","0.25","5.25","76.19","2.25","55.56","0.63","8.38","80.6"
"Guille Rosas","Spain 2.","Sporting Gijón","RB","25","1200000","2028-06-30","9","715","1","1","Spain","right","174","9.44","7.8","66.13","0.88","100","0.38","4.31","1.64","0.13","0.02","0","0.25","100","50","1.51","50","1.13","55.56","2.64","42.86","0.76","0.5","0.25","36.25","78.82","14.48","67.83","4.66","51.35","0.07","0","0","0","0.38","3.78","56.67","2.52","55","1.01","9.06","61.11"
"Óscar Sielva","Spain 2.","Huesca","RCMF, LCMF, LDMF","34","900000","2029-06-30","10","715","0","1","Spain","right","178","6.42","3.65","62.07","2.01","50","0.5","5.66","0.76","0","0.02","0","0.63","20","0","0.76","33.33","0.76","50","1.89","53.33","0","0.13","0","39.65","87.3","11.71","74.19","2.27","55.56","0.15","0","0","0","0","6.55","73.08","1.13","33.33","0.25","5.66","82.22"
"L. de León","Spain 2.","FC Andorra","CF","24","300000","","10","713","2","0","Uruguay","right","185","2.27","1.64","46.15","3.16","40","0","2.43","1.14","0.13","0.3","0","1.14","55.56","22.222","0","0","1.39","36.36","9.09","30.56","1.64","0.88","0.25","12.5","84.85","1.51","66.67","0.13","100","0.13","0","0","0","0.38","0.63","80","0.5","75","0.63","0.63","80"
"Alberto Jiménez","Spain 2.","Castellón","RCB, CB","32","150000","2026-06-30","8","711","0","0","Spain","right","186","7.72","4.56","66.67","4.94","53.85","0.38","7.45","0.38","0","0.09","0","0.76","16.67","0","0.25","50","0.38","33.33","3.8","56.67","0.89","1.39","0.13","50.38","90.7","18.61","82.31","4.43","48.57","0.02","0","0","0","0","6.84","74.07","0.76","33.33","0.25","7.47","83.05"
"Javi Castro","Spain 2.","Racing Santander","LCB, RCB","25","600000","2026-06-30","8","708","0","0","Spain","right","183","6.48","3.31","69.23","4.45","68.57","1.14","6.27","0.13","0","0.1","0","0.38","33.33","0","0","0","0","0","1.02","75","1.02","0.25","0","37.25","88.74","18.56","83.56","4.45","57.14","0.03","0","0","0","0.13","3.05","79.17","0.25","0","0.13","6.23","65.31"
"Duk","Spain 2.","Leganés","LW, RB, RWB","25","0","2027-06-30","10","708","2","1","Portugal","right","182","7.37","6.23","55.1","1.91","73.33","0.13","4.29","6.61","0.25","0.12","0","1.4","72.73","18.182","3.81","33.33","8.14","53.13","18.81","40.54","2.92","2.92","0.38","17.67","69.06","3.69","65.52","0.89","57.14","0.1","0","0.13","0","0.64","1.27","60","2.42","42.11","0.25","2.42","57.89"
"Aingeru Olabarrieta","Spain 2.","FC Andorra","RWF, RAMF, RW","19","0","2029-06-30","10","705","1","0","Spain","left","182","3.45","3.06","62.5","0.64","60","0","2.37","4.85","0.13","0.05","0","1.79","42.86","7.143","2.94","13.04","6.89","53.7","12.89","42.57","0.64","2.94","0.26","21.32","78.44","3.96","87.1","1.28","90","0.05","0.26","0","0","0.26","1.4","81.82","3.45","44.44","0.89","3.83","80"
"Carlos Ruiz","Spain 2.","Málaga","CF","21","0","","10","705","4","1","Spain","","0","4.34","4.09","50","4.72","24.32","0","3.18","1.02","0.51","0.28","0.13","1.4","54.55","36.364","0.64","20","1.4","9.09","9.57","21.33","3.19","0.64","0.13","14.81","61.21","3.57","39.29","0.89","42.86","0.05","0.26","0.26","0","0.38","2.04","37.5","0.89","14.29","0.38","1.4","45.45"
"Rubén Díez","Spain 2.","Ceuta","LCMF, RCMF","32","300000","","8","704","1","1","Spain","right","170","6.26","4.99","48.72","0.89","0","0","5.64","2.05","0","0.11","0","0.38","33.33","33.333","2.94","56.52","1.41","18.18","3.96","38.71","1.53","0.38","0","49.22","83.64","17","74.44","4.22","48.48","0.25","0","0","0","0.51","7.93","69.35","3.71","48.28","0.77","7.41","82.76"
"Antonio Puertas","Spain 2.","Albacete","RW, CF, RAMF","33","2000000","2026-06-30","9","704","3","1","Spain","right","183","4.73","3.71","48.28","4.22","33.33","0.13","3.64","2.81","0.38","0.29","0.38","1.41","63.64","27.273","1.66","15.38","2.43","68.42","8.44","37.88","4.09","2.3","0.26","20.84","73.62","4.35","73.53","1.15","55.56","0.05","0","0","0","0.38","1.92","80","1.15","55.56","0.51","2.94","60.87"
"Rafel Bauzà","Spain 2.","Mirandés","DMF, RCMF, LCMF","20","0","2028-06-30","8","702","2","0","Spain","right","183","7.44","7.82","40.98","1.03","62.5","0.38","4.77","1.28","0.26","0.2","0","1.28","50","20","0.38","66.67","0.64","40","4.1","43.75","1.15","1.79","0.38","30.51","85.29","7.95","72.58","1.28","60","0","0","0.13","100","0.13","3.72","68.97","0.64","60","0.13","3.85","56.67"
"Aleix Garrido","Spain 2.","Eibar","RDMF, LDMF, LCMF","21","0","2028-06-30","10","701","0","1","Spain","right","170","6.42","5.65","61.36","0.77","66.67","0","3.88","0.77","0","0.02","0","0.9","14.29","0","1.41","36.36","1.03","12.5","2.57","30","0.64","1.41","0.13","52.38","88.48","11.94","73.12","2.57","40","0.11","0","0","0","0.26","4.37","70.59","1.8","42.86","0.13","4.88","71.05"
"Dani Gómez","Spain 2.","Real Zaragoza","CF","27","1200000","2026-06-30","10","699","2","0","Spain","right","178","1.8","2.7","47.62","3.61","35.71","0","0.69","2.06","0.26","0.2","0","1.55","25","16.667","0.64","0","3.09","54.17","10.04","29.49","3.73","2.19","0.39","13","65.35","2.19","64.71","0.39","66.67","0.11","0","0","0","0.39","0.9","57.14","0.39","0","0.39","0.77","50"
"Juanpe","Spain 2.","Málaga","RCMF, LDMF","29","250000","2026-06-30","9","698","0","2","Spain","right","184","10.06","7.48","60.34","4","61.29","0.13","6.21","0.77","0","0.06","0","0.77","16.67","0","0.13","0","1.03","62.5","3.74","48.28","0.26","0.52","0.26","43.84","81.18","17.79","70.29","6.06","55.32","0.06","0","0.52","0","0.52","7.35","66.67","1.03","62.5","0.64","8.12","69.84"
"Jon Guruzeta","Spain 2.","Eibar","LAMF, AMF, CF","25","250000","2026-06-30","10","695","0","1","Spain","right","185","5.96","4.92","63.16","3.88","36.67","0.13","3.98","2.2","0","0.21","0","1.94","33.33","0","1.17","22.22","1.94","66.67","6.86","45.28","2.07","1.81","0.26","27.45","76.89","7.38","64.91","1.68","15.38","0.18","0.13","0","0","0.39","2.72","52.38","1.68","53.85","0.78","2.33","94.44"
"Miguel de la Fuente","Spain 2.","Leganés","CF","26","2500000","2028-06-30","10","691","2","0","Spain","right","182","3.65","4.04","51.61","3.26","24","0","1.85","2.21","0.26","0.32","0.13","2.74","47.62","9.524","0.26","0","1.43","54.55","7.42","42.11","2.74","1.17","0.52","11.46","69.32","2.87","31.82","0.52","25","0.1","0","0.13","100","0.52","1.43","9.09","1.43","45.45","0.78","1.3","60"
"Gaspar Campos","Spain 2.","Sporting Gijón","LAMF, RAMF, LW","25","2500000","2028-06-30","10","690","2","0","Spain","right","175","7.96","8.09","54.84","1.17","22.22","0","3.62","3.13","0.26","0.27","0","2.09","50","12.5","1.96","33.33","2.09","56.25","8.48","21.54","3.26","1.17","0.13","29.22","80.8","7.04","68.52","1.7","53.85","0.14","0.26","0.39","66.67","0.52","2.87","68.18","2.87","54.55","1.04","4.04","80.65"
"Sergio Ortu","Spain 2.","Cádiz","LDMF, RDMF, LCMF","26","1000000","","8","688","1","1","Spain","right","178","6.67","5.89","42.22","1.44","27.27","0.26","4.78","0.52","0.13","0.12","0","0.39","100","33.333","0.92","14.29","0","0","1.05","37.5","0.78","0","0.13","45.65","87.97","15.83","86.78","1.57","83.33","0.08","0","0","0","0.26","6.93","86.79","1.18","22.22","0.39","6.41","79.59"
"Dani Villahermosa","Spain 2.","FC Andorra","LCMF","24","300000","","10","686","3","1","Spain","right","174","8.66","7.87","66.67","1.71","0","0.13","4.79","1.31","0.39","0.14","0","1.05","37.5","37.5","1.18","22.22","1.05","37.5","4.33","36.36","1.71","1.84","0.26","41.85","83.7","15.48","76.27","2.23","47.06","0.1","0","0.26","100","0.66","6.03","84.78","2.36","72.22","1.71","7.22","72.73"
"Fernando Medrano","Spain 2.","Mirandés","LB, LWB","25","600000","2026-06-30","9","682","0","0","Spain","left","172","9.24","8.58","49.23","2.51","68.42","0.13","5.5","2.24","0","0.01","0","0.26","50","0","2.64","35","1.32","80","2.77","52.38","0.53","1.45","0","27.71","72.86","10.82","68.29","3.04","52.17","0.08","0","0.26","50","0.4","2.9","54.55","1.98","46.67","0.4","6.6","62"
"Álex Lizancos","Spain 2.","Burgos","RB","22","0","","9","680","0","1","Spain","","0","9","7.81","62.71","2.65","55","0.53","5.42","2.78","0","0.04","0","0.79","0","0","2.91","50","2.25","58.82","6.75","43.14","0.79","1.59","0.4","32.69","71.66","11.51","47.13","5.96","44.44","0.11","0.13","0","0","0.26","4.37","54.55","3.18","50","0.66","7.15","68.52"
"Pedro Alemañ","Spain 2.","Granada","RCMF, CF","23","150000","","9","678","2","2","Spain","left","182","6.9","6.77","68.63","1.99","40","0.27","2.77","0.93","0.27","0.15","0","1.19","22.22","22.222","0.27","50","1.46","36.36","6.11","41.3","1.86","0.93","0","22.17","81.44","7.04","64.15","2.26","58.82","0.17","0.13","0.13","0","0.53","3.98","66.67","0.93","57.14","0.53","3.45","73.08"
"Gorka Gorosabel","Spain 2.","Real Sociedad B","AMF, RCMF, LCMF","19","0","","9","666","0","3","Spain","right","0","8.38","9.19","51.47","2.57","26.32","0.41","3.85","1.89","0","0.11","0","1.35","40","0","1.35","40","1.49","54.55","6.35","31.91","1.35","1.49","0.27","26.08","67.88","7.16","54.72","3.51","53.85","0.09","0","0","0","0.41","3.38","64","0.95","28.57","0.14","4.86","44.44"
"Leonardo Buta","Spain 2.","Eibar","LB","23","0","2026-06-30","9","665","0","0","Portugal","left","182","7.44","7.85","58.62","2.44","50","0","3.27","2.03","0","0.01","0","0.14","0","0","2.57","36.84","2.3","47.06","5.68","50","0.54","1.35","0","33.29","76.83","13.26","66.33","2.84","42.86","0.09","0","0","0","0.41","3.65","51.85","2.44","44.44","0.27","5.82","62.79"
"S. Cissé","Spain 2.","Leganés","RCMF, LCMF","24","1200000","2026-06-30","7","656","0","1","Guinea","right","178","5.9","3.7","66.67","0.96","42.86","0","4.66","0.55","0","0.09","0","0.55","50","0","0.27","0","0.82","33.33","4.12","46.67","0.55","1.23","0.27","42.53","86.13","11.8","75.58","6.45","68.09","0.08","0","0.27","0","0.27","6.31","73.91","0.82","33.33","0.41","7.27","66.04"
"Iker Córdoba","Spain 2.","Mirandés","LCB","19","0","2028-06-30","9","652","0","0","Spain","left","190","10.21","5.94","48.84","2.07","40","0.97","8.17","0.14","0","0.07","0","0.28","50","0","0.14","0","0","0","0.28","50","0.28","0.97","0","29.26","86.32","12.98","77.66","4.28","51.61","0","0","0","0","0","3.31","62.5","0.41","0","0","4.97","63.89"
"Diego Barri","Spain 2.","Castellón","DMF, LCMF","30","200000","","9","652","1","1","Spain","right","188","8.7","6.35","63.04","3.73","51.85","0.28","7.98","1.24","0.14","0.25","0","0.83","16.67","16.667","0.28","0","1.66","66.67","4.14","46.67","0.97","0.55","0","42.79","82.26","16.43","68.07","3.04","36.36","0.02","0","0","0","0.14","7.59","67.27","1.24","33.33","0.69","8.14","67.8"
"Mikel Rodríguez","Spain 2.","Real Sociedad B","LDMF, LCMF","23","0","","9","651","2","0","Spain","right","0","9.54","7.88","57.89","3.87","28.57","0.14","5.75","3.04","0.28","0.13","0.14","1.38","50","20","0.28","0","2.76","85","11.06","47.5","1.52","1.11","1.24","37.88","83.58","10.65","72.73","2.07","93.33","0.1","0","0.14","0","0.28","4.29","77.42","1.11","62.5","0.41","4.84","71.43"
"Cristian Carracedo","Spain 2.","Córdoba","RWF, RW, RAMF","29","400000","2028-06-30","8","649","1","1","Spain","right","179","5.41","5.82","54.76","0.69","0","0","3.75","4.44","0","0.22","0","0.83","50","16.667","4.58","15.15","4.71","64.71","14.7","46.23","2.5","3.61","0.28","37.58","70.11","11.51","66.27","2.5","44.44","0.12","0.14","0.28","100","0.97","5.96","69.77","5.69","39.02","1.66","8.32","80"
"Yussi Diarra","Spain 2.","Cádiz","AMF, LCMF, LDMF","27","350000","2027-06-30","9","643","0","0","Mali","right","174","5.88","5.04","55.56","3.08","54.55","0.14","3.5","0.84","0","0.08","0","0.98","28.57","0","0.98","14.29","0.84","50","5.74","41.46","1.96","0.56","0.14","26.17","83.96","5.18","75.68","0.28","50","0.05","0","0","0","0.28","2.8","80","0.56","25","0.42","1.96","42.86"
"Dani Lorenzo","Spain 2.","Málaga","LCMF, AMF, CF","22","0","2027-06-30","8","642","1","0","Spain","right","176","5.61","4.63","60.61","2.38","23.53","0.14","2.84","1.54","0.14","0.07","0","1.12","25","12.5","0.28","0","2.66","42.11","7.71","41.82","1.54","3.22","0.28","41.36","87.8","9.39","77.61","2.24","68.75","0.07","0.14","0.28","50","0.14","5.19","89.19","1.96","71.43","1.54","5.89","71.43"
"Tomás Carbonell","Spain 2.","Real Sociedad B","RDMF, DMF","20","0","2027-06-30","7","641","0","0","Spain","unknown","0","8","6.04","48.84","3.09","54.55","0.84","5.7","0.56","0","0","0","0.14","100","0","0.14","0","0.7","60","2.11","66.67","0.28","0","0","28.5","82.27","11.37","72.84","4.49","53.13","0.01","0","0","0","0.14","3.37","62.5","0.56","75","0.42","4.77","73.53"
"T. Carrique","Spain 2.","FC Andorra","RB","26","400000","","9","640","0","1","France","right","174","5.48","5.77","43.9","2.95","47.62","0.42","4.35","1.55","0","0.03","0","0.28","50","0","2.53","22.22","1.83","46.15","4.64","51.52","0.98","2.67","0.28","39.09","79.14","12.8","60.44","3.8","29.63","0.09","0","0.14","0","0.28","3.23","52.17","1.83","30.77","0.14","6.19","52.27"
"Jorge Pascual","Spain 2.","Granada","CF","22","0","2028-06-30","9","639","0","0","Spain","left","187","2.54","2.25","56.25","7.32","53.85","0.28","1.7","0.85","0","0.13","0","1.41","20","0","0.56","25","0.85","50","5.63","50","1.97","0.56","0","12.11","74.42","2.11","66.67","0.85","66.67","0.01","0","0","0","0.14","1.41","60","0.85","33.33","0.14","1.27","66.67"
"Sergio Álvarez","Spain 2.","Eibar","LDMF, RDMF, RCMF","33","1000000","2026-06-30","8","635","0","0","Spain","right","183","14.17","11.2","70.89","4.54","53.13","0.99","6.89","0.43","0","0.06","0","0.28","50","0","0.43","66.67","0.14","0","2.69","42.11","0.71","0.14","0","53.01","87.43","16.16","73.68","4.11","65.52","0.02","0","0","0","0.14","6.52","71.74","1.13","50","0.43","7.65","64.81"
"Gorka Carrera","Spain 2.","Real Sociedad B","CF","20","0","","9","630","5","0","Spain","","0","2.57","4","32.14","4","32.14","0","1.13","1.86","0.71","0.51","0.14","2.14","60","33.333","0.14","0","1.43","40","9","28.57","3.29","0.43","0.29","12.43","75.86","2","57.14","0.29","100","0.05","0.14","0","0","0.14","1.14","87.5","0.43","33.33","0.14","1","42.86"
"Diego González","Spain 2.","Ceuta","LCB","26","300000","2026-06-30","8","625","0","0","Spain","left","179","5.76","3.31","69.57","3.89","59.26","0.58","5.04","0.43","0","0.02","0","0.29","50","0","0.43","33.33","0.14","100","0.86","50","0.72","1.15","0.14","52.42","84.34","25.92","73.33","9.65","47.76","0.05","0","0","0","0.14","8.78","55.74","0.58","0","0","9.65","74.63"
"Y. Saidu","Spain 2.","Real Zaragoza","LCB, RCB","20","0","","8","625","0","0","Nigeria","","0","9.22","6.34","72.73","3.02","47.62","0.43","6","0","0","0.01","0","0.58","0","0","0","0","0.43","0","4.46","38.71","0","0.86","0","38.02","84.47","15.98","76.58","6.05","40.48","0.02","0","0","0","0","5.04","57.14","0.58","50","0.29","6.77","57.45"
"M. Lukovic","Spain 2.","Las Palmas","CF","19","0","","8","623","3","1","Serbia","right","184","2.6","2.74","52.63","1.73","25","0","1.58","2.31","0.43","0.28","0","1.88","61.54","23.077","0.72","20","1.44","60","8.09","32.14","4.33","0.29","0","12.13","70.24","1.59","63.64","0.14","100","0.09","0","0.29","50","0.43","0.58","100","1.01","28.57","0.87","1.01","57.14"
"Hugo Novoa","Spain 2.","Mirandés","RB","22","2500000","2029-06-30","7","622","0","0","Spain","right","182","9.41","9.41","56.92","2.17","46.67","0.43","4.29","3.18","0","0","0","0.14","0","0","3.33","34.78","2.89","70","7.09","53.06","0.14","2.46","0.72","21.85","70.2","7.23","60","1.16","62.5","0.01","0","0","0","0.14","2.03","64.29","3.04","28.57","0.14","3.18","63.64"
"Adri Embarba","Spain 2.","Almería","LAMF, RAMF, RW","33","1800000","2026-06-30","8","619","5","1","Spain","right","173","6.98","5.38","59.46","2.18","13.33","0.15","5.91","6.25","0.73","0.47","0","3.49","54.17","20.833","3.34","34.78","5.38","56.76","10.61","41.1","2.47","2.04","0.73","29.95","73.79","7.56","63.46","1.45","70","0.15","0","0.29","50","0.73","1.31","77.78","4.36","60","1.74","5.23","66.67"
"Jesús Vallejo","Spain 2.","Albacete","LCB, RCB","28","1000000","","6","618","0","0","Spain","right","184","8.59","4.66","75","4.37","33.33","0.73","6.14","0","0","0","0","0.15","0","0","0.15","0","0","0","1.02","28.57","0","0.15","0","33.2","83.77","15.87","73.39","5.24","61.11","0","0","0","0","0","3.35","60.87","0.15","0","0","6.7","67.39"
"Álvaro Mantilla","Spain 2.","Racing Santander","RB","25","800000","2028-06-30","8","615","0","1","Spain","right","184","7.61","7.76","50.94","1.32","55.56","0.15","4.93","0.88","0","0.01","0","0.44","66.67","0","1.61","18.18","0.59","50","1.46","60","1.32","0.88","0.29","29.27","71","12.59","61.63","4.24","65.52","0.05","0","0.15","0","0.15","4.54","54.84","2.2","40","0.88","6.88","61.7"
"Sergi Guardiola","Spain 2.","Córdoba","CF","34","800000","","9","613","0","0","Spain","left","185","3.52","3.52","41.67","2.79","52.63","0.15","3.64","1.17","0","0.24","0","2.2","33.33","0","0.44","33.33","0.88","33.33","8.81","26.67","2.35","0.59","0","16.15","80.91","2.06","57.14","1.03","57.14","0.09","0","0","0","0.44","1.91","76.92","0.73","60","0.73","1.47","70"
"Raúl Lizoáin","Spain 2.","Albacete","GK","34","300000","2026-06-30","6","612","0","0","Spain","left","188","1.32","0","0","0.59","75","0","1.58","0","0","0","0","0","0","0","0","0","0","0","0","0","0","0","0","13.53","84.78","7.21","71.43","5","58.82","0","0","0","0","0","0.59","75","0.15","0","0","4.26","58.62"
"Carlos Marín","Spain 2.","Córdoba","GK","28","400000","2027-06-30","6","612","0","0","Spain","right","187","2.21","0.15","0","0","0","0","4.02","0.15","0","0","0","0","0","0","0","0","0.15","100","0.29","100","0","0","0","24.41","89.16","10.29","75.71","5.59","60.53","0","0","0","0","0","1.32","33.33","0","0","0","3.09","76.19"
"Asier Villalibre","Spain 2.","Racing Santander","CF","28","0","2028-06-30","10","609","5","1","Spain","left","182","1.33","1.18","87.5","3.55","45.83","0","0.45","1.77","0.74","0.44","0.15","2.22","73.33","33.333","0.15","0","1.03","14.29","6.8","26.09","3.55","0.89","0.15","7.83","66.04","1.33","55.56","0.15","0","0.06","0.15","0","0","0.15","0.89","66.67","0.74","40","0.44","0.59","25"
"Adrián Rodríguez","Spain 2.","Real Zaragoza","GK","24","150000","2027-06-30","6","609","0","0","Spain","right","195","1.03","0.15","0","0.3","100","0","1.52","0","0","0","0","0","0","0","0","0","0","0","0","0","0","0","0","14.78","88","8.42","78.95","4.88","63.64","0","0","0","0","0","1.48","60","0","0","0","3.69","80"
"Marc Domènech","Spain 2.","FC Andorra","AMF, RCMF, LCMF","22","0","2028-06-30","10","608","1","2","Spain","left","0","5.48","6.66","40","1.78","50","0","2.91","1.92","0.15","0.03","0","0.74","60","20","0.3","50","1.92","53.85","6.81","36.96","0.3","1.48","0.3","35.97","92.18","5.63","81.58","1.33","88.89","0.17","0","0.3","100","0.44","3.7","84","1.33","66.67","0.74","2.96","75"
"A. Tuhami","Spain 2.","Ceuta","RB, LWF","30","900000","","9","605","0","0","Spain","right","174","9.37","7.74","55.77","2.68","50","0","7.98","0.74","0","0.05","0","0.3","50","0","0.74","40","1.04","28.57","5.65","50","0.3","1.64","0.6","36.89","88.31","11.9","81.25","3.12","57.14","0","0","0","0","0","4.02","77.78","0.89","66.67","0","5.95","70"
"Carlos Neva","Spain 2.","Albacete","LB","29","0","","6","605","0","1","Spain","left","174","8.33","7.44","70","1.93","23.08","0.15","3.53","0.6","0","0","0","0.3","0","0","0.89","50","0.15","100","1.64","36.36","0.15","0.45","0","33.92","77.19","16.21","68.81","4.76","37.5","0.02","0","0","0","0.15","5.06","73.53","1.04","57.14","0.15","6.4","48.84"
"R. Matthys","Spain 2.","Castellón","GK","27","400000","","6","605","0","0","Belgium","right","183","2.53","0.15","100","0.45","100","0","3.84","0","0","0","0","0","0","0","0","0","0","0","0","0","0","0","0","27.67","87.1","15.62","77.14","7.88","60.38","0","0","0","0","0","1.49","30","0.15","0","0","6.55","72.73"
"Mika Mármol","Spain 2.","Las Palmas","LCB, LB","24","15000000","2026-06-30","6","603","0","0","Spain","left","182","8.06","5.52","72.97","2.24","66.67","0.3","5.65","0.3","0","0.01","0","0.3","0","0","0.3","50","0.45","33.33","1.79","66.67","0.75","1.64","0.6","51.04","87.43","21.49","77.78","5.37","50","0.02","0","0.15","0","0.3","5.37","66.67","0.45","33.33","0.15","7.46","64"
"Álex Sola","Spain 2.","Granada","RWF, RW, LB","26","4000000","2027-06-30","7","601","2","2","Spain","right","178","10.48","6.89","69.57","2.55","41.18","0.15","7.35","5.99","0.3","0.18","0","1.5","50","20","3.74","60","5.39","55.56","13.63","43.96","1.65","1.95","0.45","23.81","73.58","6.59","61.36","1.65","72.73","0.22","0","0","0","0.9","1.65","81.82","3.44","69.57","0.3","4.94","78.79"
"Julio Alonso","Spain 2.","Huesca","LWB, LB","26","600000","","7","600","0","0","Spain","right","171","8.25","6.75","62.22","1.35","11.11","0.3","4.52","2.4","0","0.02","0","0.15","0","0","3.3","36.36","1.95","61.54","4.5","56.67","0.3","1.35","0.45","31.95","72.3","10.5","58.57","4.65","51.61","0.03","0","0","0","0.15","3.15","52.38","3.3","50","0.3","7.65","70.59"
"Rubén Peña","Spain 2.","Leganés","RB","34","2200000","","7","599","0","0","Spain","right","170","6.01","6.01","60","1.5","60","0.3","3.5","4.06","0","0.01","0","0.45","66.67","0","4.06","37.04","3.16","71.43","5.26","51.43","0.9","1.95","0.3","35.01","75.54","14.42","76.04","5.26","57.14","0.07","0","0","0","0.75","5.56","78.38","5.11","44.12","0.9","10.52","75.71"
"Rubén Sobrino","Spain 2.","Cultural Leonesa","CF, RAMF, RW","33","1400000","2026-06-30","8","594","1","2","Spain","right","185","5.15","5","42.42","5","30.3","0.15","3.75","2.42","0.15","0.18","0","0.91","33.33","16.667","1.82","41.67","2.12","50","9.09","31.67","1.97","1.52","0","19.39","78.13","4.39","72.41","0.91","66.67","0.11","0","0.3","100","0.45","1.97","53.85","1.36","77.78","0.61","4.24","71.43"
"Ismael Barea","Spain 2.","Mirandés","DMF, RCMF","20","0","2028-06-30","7","593","1","0","Spain","right","0","6.68","4.4","51.72","3.49","34.78","0.15","4.18","1.52","0.15","0.04","0","0.3","50","50","0.3","50","1.37","88.89","5.16","61.76","0.46","0.61","0","24.44","88.82","4.86","65.63","0.91","50","0.03","0","0","0","0","2.58","88.24","0.3","50","0.3","1.67","72.73"
"Diego García","Spain 2.","Leganés","CF","25","2000000","2027-06-30","10","591","2","1","Spain","right","186","2.89","2.44","56.25","4.72","41.94","0","2.22","1.68","0.15","0.72","0","2.28","46.67","13.333","0.61","25","1.07","42.86","7.77","31.37","3.5","1.37","0.46","14.31","79.79","2.59","70.59","1.07","57.14","0.06","0","0","0","0.15","0.91","83.33","0.46","0","0.15","1.98","69.23"
"Nico Melamed","Spain 2.","Almería","LAMF, LW, CF","24","4000000","2030-06-30","9","583","2","1","Spain","right","173","2.78","2.32","66.67","2.62","47.06","0","1.71","3.24","0.31","0.37","0","3.86","40","8","0.62","0","3.09","55","8.64","44.64","3.55","3.09","0.31","28.87","82.35","5.71","51.35","1.7","63.64","0.08","0.15","0","0","0.31","2.32","73.33","1.85","33.33","0.77","2.32","53.33"
"Carlos Isaac","Spain 2.","Córdoba","RB","27","500000","","7","583","0","0","Spain","right","184","8.49","6.95","55.56","1.85","50","0.15","7.92","2.16","0","0.15","0","2.32","6.67","0","2.01","38.46","1.39","66.67","3.24","47.62","1.39","0.62","0.15","34.12","81","15.75","75.49","3.09","65","0.1","0","0.31","100","0.46","4.63","66.67","2.47","50","0.93","8.49","78.18"
"Martín Pascual","Spain 2.","Mirandés","CB, RCB","26","300000","","7","582","0","1","Spain","right","190","9.43","5.26","61.76","5.26","58.82","0.62","7.32","0","0","0.06","0","0.15","0","0","0.15","0","0","0","0.46","0","1.08","0","0","27.84","81.11","11.91","71.43","2.32","46.67","0.03","0","0","0","0.15","2.63","58.82","0.77","20","0.31","5.26","64.71"
"Jon Bautista","Spain 2.","Eibar","CF","30","2200000","","8","579","1","0","Spain","right","180","2.64","3.26","47.62","10.73","46.38","0.16","1.09","2.49","0.16","0.41","0","2.95","42.11","5.263","0.62","25","3.26","33.33","7.46","20.83","3.89","0.62","0.31","11.5","75.68","2.33","53.33","0.31","50","0.04","0","0","0","0.16","1.09","57.14","0.78","40","0.31","1.24","62.5"
"A. Jakobsen","Spain 2.","Castellón","CF","26","0","2030-06-30","7","578","1","0","Denmark","right","185","4.36","3.11","40","4.83","48.39","0","4","1.25","0.16","0.2","0","1.25","62.5","12.5","0.78","20","1.09","28.57","4.83","32.26","4.52","1.25","0.16","14.01","64.44","3.74","62.5","0.31","50","0.02","0","0","0","0.31","1.4","66.67","0.47","33.33","0.62","1.09","57.14"
"Juan Cruz","Spain 2.","Leganés","RW, RWF, CF","25","0","2028-06-30","8","571","0","1","Argentina","left","177","2.52","2.36","60","0.95","33.33","0","1.58","5.99","0","0.16","0","2.52","31.25","0","2.52","25","6.78","67.44","11.35","55.56","1.73","2.84","0.79","30.89","76.53","11.19","67.61","1.89","66.67","0.28","0","0.32","0","0.95","4.26","62.96","2.68","41.18","0.95","4.89","80.65"
"Nacho Martín","Spain 2.","Sporting Gijón","LDMF, RDMF, LCMF","23","700000","2027-06-30","9","562","0","0","Spain","right","175","5.93","4.8","60","1.6","50","0.48","3.65","0.48","0","0.02","0","0.32","50","0","0.16","0","0.32","50","1.28","50","0.32","0.16","0","35.55","86.94","9.45","74.58","3.2","65","0","0.16","0.32","50","0","4.32","77.78","0.32","0","0","4.48","82.14"
"Manu Hernando","Spain 2.","Racing Santander","RCB, CB","27","1400000","2028-06-30","6","561","0","0","Spain","right","183","5.61","2.25","64.29","2.89","72.22","0.8","5.07","0","0","0","0","0","0","0","0","0","0","0","0","0","0.16","0.16","0","34.97","86.24","12.51","69.23","2.73","17.65","0","0","0","0","0","2.25","28.57","0.16","0","0","3.05","42.11"
"Diego Collado","Spain 2.","Cultural Leonesa","CF, LW, LAMF","24","800000","","10","561","2","0","Spain","right","183","8.82","9.47","52.54","1.76","27.27","0","4.73","4.33","0.32","0.25","0","2.09","53.85","15.385","2.73","29.41","3.69","65.22","11.39","38.03","3.37","3.37","0.32","17.17","67.29","5.78","58.33","1.44","44.44","0.01","0","0","0","0","2.09","53.85","1.44","44.44","0.16","2.57","43.75"
"Álex Suárez","Spain 2.","Las Palmas","RCB","32","1200000","2026-06-30","8","561","0","0","Spain","right","180","5.13","3.37","71.43","4.33","55.56","0.32","4.36","0.16","0","0.07","0","0.32","0","0","0.16","100","0","0","2.25","35.71","0.48","1.44","0.16","50.7","91.46","21.34","84.21","5.94","51.35","0","0.16","0","0","0","6.9","83.72","0.64","50","0.16","7.86","79.59"
"K. Koné","Spain 2.","Ceuta","LWF, LW, LAMF","28","300000","","8","559","1","1","Côte d'Ivoire","left","178","5.47","5.47","55.88","2.42","33.33","0.16","3.75","4.35","0.16","0.03","0","0.48","66.67","33.333","2.25","50","5.96","40.54","15.78","34.69","1.77","4.35","0.16","32.2","76","7.89","67.35","1.13","28.57","0.19","0","0.48","100","0.48","2.9","66.67","4.19","65.38","2.42","6.12","86.84"
"Marino Illescas","Spain 2.","Mirandés","LCMF","24","100000","","7","559","0","0","Spain","right","176","5.8","5.96","37.84","1.61","50","0.16","4.52","1.13","0","0.01","0","0.97","16.67","0","0.32","50","1.29","50","6.44","50","0.64","1.29","0.16","44.92","86.02","14.49","70","5.96","56.76","0.03","0","0.32","50","0","7.57","78.72","0.64","75","0.32","6.76","78.57"
"Léo Baptistão","Spain 2.","Almería","CF, RAMF","33","1500000","2026-06-30","9","556","2","0","Brazil","right","185","3.4","2.43","60","7.61","44.68","0","2.5","2.91","0.32","0.38","0.16","3.24","30","10","1.46","33.33","2.27","64.29","6.47","37.5","3.24","1.78","0.16","26.06","73.29","5.02","58.06","1.62","60","0.09","0.16","0.32","0","0.65","3.4","57.14","2.1","38.46","0.81","2.59","68.75"
"Iker Varela","Spain 2.","Mirandés","CF, LW, LCMF","22","0","","8","550","0","0","Spain","left","186","3.76","4.75","55.17","1.47","66.67","0.16","1.39","1.31","0","0.06","0","0.98","33.33","0","0.33","0","1.64","60","7.36","40","0.98","1.31","0.33","17.35","70.75","4.09","48","1.47","66.67","0.01","0","0","0","0","1.8","72.73","0.16","0","0","1.96","25"
"Iván Calero","Spain 2.","Cultural Leonesa","RB","30","700000","2027-06-30","8","550","0","2","Spain","right","174","10.47","8.84","59.26","2.62","50","0.49","5.76","2.62","0","0.04","0","0.65","25","0","4.09","44","1.31","50","2.95","33.33","2.13","1.64","0.16","51.38","72.93","20.78","59.84","8.35","37.25","0.16","0","0","0","0.98","8.51","46.15","5.73","54.29","2.29","11.62","76.06"
"Iván Gil","Spain 2.","Las Palmas","CF, AMF, LCMF","25","1000000","2027-06-30","9","549","2","0","Spain","right","167","2.46","1.97","50","1.97","25","0","1.95","1.64","0.33","0.09","0","1.97","25","16.667","1.97","16.67","1.97","41.67","5.9","41.67","1.48","1.15","0.33","38.03","82.76","9.84","75","1.48","44.44","0.16","0","0.49","0","0","5.08","74.19","2.46","33.33","0.33","4.26","80.77"
"D. Chirino","Spain 2.","Almería","RB","23","400000","2028-06-30","7","548","1","0","Curaçao","right","185","6.9","5.91","72.22","0.66","25","0.33","3.9","3.45","0.16","0.01","0","0.49","33.33","33.333","2.96","27.78","3.61","68.18","6.57","55","1.97","2.79","0.33","48.61","85.47","16.92","75.73","3.61","45.45","0.05","0","0.16","0","0.16","4.11","76","2.3","35.71","0.49","7.72","78.72"
"Aritz Aldasoro","Spain 2.","Racing Santander","LDMF, RCMF, RDMF","26","1200000","2029-06-30","8","546","0","0","Spain","right","176","10.05","9.73","62.71","1.81","18.18","0.33","5.31","0.82","0","0.02","0","0.16","0","0","0.33","50","0.82","80","4.45","59.26","0.33","0.82","0","46.32","82.21","15.82","69.79","2.8","47.06","0.02","0.16","0.16","0","0","7.42","75.56","1.15","57.14","0.82","5.77","74.29"
"Unax Agote","Spain 2.","Real Sociedad B","LB","22","0","","7","542","0","0","Spain","left","180","12.62","11.62","58.57","2.32","35.71","0.33","5.84","2.16","0","0.01","0","0.17","0","0","3.32","35","1.66","60","4.65","67.86","0.66","1.49","0","40.68","74.29","15.77","63.16","5.65","41.18","0.04","0.17","0","0","0.17","3.99","58.33","2.49","40","0.17","7.14","44.19"
"Sergio Arribas","Spain 2.","Huesca","LCB","22","0","2028-06-30","8","541","0","0","Spain","left","185","8.98","7.15","62.79","2.99","38.89","0.17","5.68","0.67","0","0.01","0","0.33","50","0","0.5","66.67","0.83","20","2.33","42.86","0.17","1.16","0.33","40.26","85.54","18.47","75.68","5.32","46.88","0.07","0","0","0","0.17","3.33","60","0.5","0","0","7.32","65.91"
"Javi Villar","Spain 2.","Albacete","LCB, LCMF, RCMF","22","0","2027-06-30","10","539","0","1","Spain","right","187","7.18","5.68","58.82","2.84","23.53","0.5","5.41","1.34","0","0.06","0","1","16.67","0","0.5","66.67","1.67","50","4.01","29.17","0.33","1.34","0","34.9","86.12","8.68","71.15","2.67","37.5","0.01","0","0","0","0.33","3.67","59.09","0.67","75","0.17","2.67","50"
"I. Nikić","Spain 2.","Mirandés","GK","25","0","","6","538","0","0","Montenegro","right","195","1.84","0.33","50","0.17","100","0","2.03","0","0","0","0","0","0","0","0","0","0","0","0","0","0","0","0","17.73","80.19","12.55","74.67","11.04","68.18","0","0","0","0","0","3.68","59.09","0.17","0","0","7.7","82.61"
"Ximo Navarro","Spain 2.","Deportivo La Coruña","RB, RCB","35","250000","","8","537","0","0","Spain","right","176","6.87","5.87","65.71","3.85","60.87","0","3.64","1.34","0","0.02","0","0.5","0","0","2.18","46.15","0.67","50","2.51","53.33","0.84","1.68","0","39.89","84.03","15.25","73.63","3.35","40","0.1","0","0","0","0.34","5.7","61.76","2.01","58.33","0.5","9.05","74.07"
"P. Akouokou","Spain 2.","Real Zaragoza","RCMF, DMF, RDMF","27","1500000","2027-06-30","6","537","0","0","Côte d'Ivoire","right","181","9.22","6.37","63.16","2.35","50","0","7.24","1.01","0","0.03","0","0.5","33.33","0","0.17","100","1.17","57.14","2.68","62.5","0.34","0.34","0.17","44.25","87.12","15.42","81.52","3.02","66.67","0","0","0","0","0","5.2","87.1","1.34","37.5","0.17","7.21","72.09"
"Imanol García de Albéniz","Spain 2.","FC Andorra","LB","25","1200000","","7","535","0","0","Spain","left","177","7.57","4.54","74.07","2.86","64.71","0","6.36","1.51","0","0.01","0","0.34","50","0","3.03","22.22","0.67","75","3.53","33.33","0.34","1.51","0.17","50.64","83.06","16.15","81.25","4.37","38.46","0.01","0","0.34","50","0","4.04","83.33","2.02","33.33","0.34","8.75","57.69"
"J. Moreno","Spain 2.","Albacete","RCB, LCB","25","150000","","9","534","0","0","Spain","right","185","9.1","6.57","71.79","3.88","69.57","0.17","5.68","0.84","0","0.02","0","0.17","100","0","0.17","0","0.67","100","1.69","60","0.17","0","0","34.04","84.16","14.49","70.93","6.91","58.54","0","0","0","0","0","4.38","61.54","0.67","50","0.17","6.91","63.41"
"A. Sienra","Spain 2.","Castellón","LCB","26","125000","","6","532","1","0","Argentina","left","185","9.14","5.58","72.73","4.06","50","0.34","8.16","0.51","0.17","0.07","0","0.34","50","50","0.17","0","0.34","100","0.85","40","0.68","1.52","0.17","40.6","86.25","19.45","80","5.75","52.94","0","0.17","0","0","0","6.77","70","0.68","25","0","8.46","72"
"Chuki","Spain 2.","Real Valladolid","CF, AMF","21","0","","7","532","2","1","Spain","left","176","2.37","2.37","42.86","2.71","31.25","0","1.71","2.88","0.34","0.15","0","1.52","44.44","22.222","1.86","36.36","3.38","45","10.83","31.25","1.52","1.35","1.52","21.32","69.84","7.27","62.79","0.68","50","0.08","0.17","0","0","0.51","2.71","62.5","2.03","41.67","0.34","3.05","61.11"
"Peio Canales ","Spain 2.","Racing Santander","LDMF, AMF, CF","20","0","","6","530","1","2","Spain","right","175","5.94","3.74","72.73","0.68","25","0.34","3.97","1.19","0.17","0.06","0","1.36","37.5","12.5","0.17","100","1.36","37.5","8.32","40.82","0.34","2.21","0.17","55.7","89.94","20.72","86.07","1.87","63.64","0.16","0","0","0","0.34","8.66","90.2","0.34","100","0.51","7.13","80.95"
"A. Mabil","Spain 2.","Castellón","RW, RWF, RAMF","30","1000000","","7","527","0","0","South Sudan","right","178","3.93","4.44","65.38","1.54","22.22","0","1.8","3.07","0","0.19","0","1.71","40","0","2.9","17.65","2.9","64.71","6.15","44.44","4.78","1.37","0","29.03","68.82","7.17","54.76","1.37","25","0.06","0","0","0","0.51","2.73","37.5","2.73","62.5","1.02","4.1","70.83"
"Ekain Orobengoa","Spain 2.","Real Sociedad B","LAMF, LW, LWF","21","0","2027-06-30","8","510","0","0","Spain","right","0","4.59","4.94","50","6.53","40.54","0.18","2.46","1.06","0","0.07","0","1.24","28.57","0","0.53","33.33","1.76","30","5.47","29.03","1.24","0.18","0.18","10.94","77.42","2.47","71.43","0.35","50","0","0","0","0","0","0.71","50","0.71","100","0.53","1.94","81.82"
"Dani Requena","Spain 2.","Córdoba","RDMF, RCMF","21","0","2027-06-30","9","507","0","0","Spain","right","186","8.52","8.17","50","4.26","70.83","0","6.49","1.78","0","0.04","0","0.71","0","0","0.71","25","3.02","47.06","8.34","40.43","1.42","0.53","0.36","32.49","81.42","11.54","73.85","3.55","55","0.08","0","0.18","100","0.18","5.86","63.64","1.42","50","0.89","5.68","75"
"Curro Sánchez","Spain 2.","Burgos","CF, AMF","29","2200000","2027-06-30","7","507","2","0","Spain","left","174","3.91","3.55","50","2.31","46.15","0.18","2","1.24","0.18","0.29","0.18","1.07","50","33.333","1.07","50","0.89","20","3.37","36.84","1.07","0.89","0","44.91","85.77","9.41","64.15","3.37","57.89","0.18","0","0","0","0.53","5.5","64.52","2.31","76.92","1.6","4.44","72"
"Rubén Alcaraz","Spain 2.","Granada","DMF, RCMF","34","1500000","2026-06-30","7","506","1","0","Spain","right","180","8.36","7.83","56.82","2.31","46.15","0.36","4.96","0.89","0.18","0.01","0","0.36","50","50","0.89","40","0.53","66.67","3.74","42.86","1.07","0.53","0","33.79","85.26","11.56","67.69","5.16","48.28","0.05","0","0","0","0","6.76","63.16","1.96","45.45","0.53","4.8","81.48"
"Z. Eddahchouri","Spain 2.","Deportivo La Coruña","CF","25","0","2028-06-30","10","503","5","1","Netherlands","right","187","3.04","1.25","28.57","5.37","43.33","0","3.23","3.4","0.89","0.57","0","3.4","52.63","26.316","0.72","0","2.68","60","6.62","37.84","4.65","1.61","0.54","9.48","64.15","1.25","71.43","1.07","50","0.04","0.18","0","0","0.36","0.36","50","0.54","66.67","0.89","1.43","37.5"
"Carlos Fernández","Spain 2.","Mirandés","CF","29","1500000","2026-06-30","8","499","3","0","Spain","right","186","3.07","2.89","37.5","7.58","45.24","0","2.41","1.98","0.18","0.43","0","1.44","62.5","37.5","0.36","0","1.44","62.5","8.66","37.5","2.89","1.08","0.18","21.82","66.94","5.23","55.17","0.54","33.33","0.13","0","0.36","50","0.36","1.8","60","1.08","16.67","0.54","2.16","83.33"
"Jeremy Arévalo","Spain 2.","Racing Santander","CF","20","0","2026-06-30","10","499","6","0","Spain","left","180","4.15","2.89","81.25","3.79","61.9","0","2.29","3.97","1.08","0.67","0.18","3.43","73.68","31.579","0.54","0","2.89","50","13.17","41.1","5.23","1.08","0.18","18.22","80.2","3.43","63.16","0","0","0.01","0","0","0","0.36","1.44","50","0.72","25","0.18","1.08","50"
"Enol Rodríguez","Spain 2.","Huesca","CF, LWF, LAMF","24","150000","","8","493","2","0","Spain","right","187","3.47","3.1","64.71","7.12","33.33","0","1.68","1.64","0.37","0.23","0.18","1.83","20","20","0.18","100","3.1","35.29","12.05","28.79","2.19","1.1","0.73","10.95","81.67","2.01","54.55","0","0","0.03","0","0","0","0.18","0.73","75","0.18","100","0.37","1.1","50"
"Dani Sánchez","Spain 2.","Málaga","LB","25","0","","8","490","0","0","Spain","left","171","5.14","3.67","60","1.1","16.67","0.18","3.66","1.47","0","0.07","0","0.92","40","0","2.76","26.67","0.37","100","1.1","33.33","1.1","2.57","0.73","30.49","78.92","10.84","69.49","2.02","45.45","0.02","0.18","0","0","0.37","2.57","57.14","2.94","43.75","0.37","4.04","63.64"
"Luken Beitia","Spain 2.","Real Sociedad B","RCB","21","0","","5","489","0","1","Spain","right","0","12.15","4.79","73.08","3.68","40","0.55","8.94","0.18","0","0","0","0","0","0","0","0","0.18","100","0.37","50","0","1.1","0.18","40.31","91.32","14.91","81.48","4.23","60.87","0","0","0","0","0.18","3.5","68.42","0.18","0","0","5.52","83.33"
"Juan Sebastián","Spain 2.","Real Zaragoza","RB, LB, RCB","23","0","2027-06-30","7","488","0","0","Spain","right","187","9.96","9.77","58.49","2.77","66.67","0","5.79","2.03","0","0.03","0","1.29","14.29","0","1.48","25","1.66","88.89","3.87","66.67","1.11","1.84","0.74","27.66","77.33","11.8","68.75","4.24","47.83","0.05","0","0","0","0","4.24","69.57","2.03","27.27","0","4.98","70.37"
"A. Ndiaye","Spain 2.","Real Valladolid","RAMF, RW","29","1500000","2027-06-30","7","487","2","0","Senegal","right","173","6.65","6.28","47.06","2.96","56.25","0.18","5.88","2.59","0.37","0.52","0","2.22","50","16.667","0.92","60","3.33","27.78","10.72","25.86","3.14","1.66","0","24.02","81.54","6.28","58.82","1.85","70","0.02","0","0.18","0","0.18","1.48","62.5","1.66","44.44","0.55","2.96","68.75"
"Nélson Monte","Spain 2.","Almería","RCB","30","500000","2026-06-30","5","487","0","0","Portugal","right","187","6.1","2.4","61.54","2.96","68.75","0.55","6.15","0","0","0.02","0","0.18","0","0","0","0","0","0","0.37","50","0.74","1.11","0.18","48.42","91.98","17.93","85.57","3.7","70","0.02","0.18","0","0","0","4.8","76.92","0","0","0.37","7.58","73.17"
"Stoichkov","Spain 2.","Deportivo La Coruña","CF, AMF, LW","31","4000000","2027-06-30","10","487","0","1","Spain","right","178","4.44","3.88","61.9","2.4","38.46","0.18","2.62","1.66","0","0.14","0","1.48","50","0","0.92","40","1.29","42.86","6.1","27.27","2.22","0.55","0.18","20.51","69.37","4.99","51.85","1.66","44.44","0.23","0","0","0","0.55","2.59","50","1.48","37.5","0.55","2.59","57.14"
"Ignasi Miquel","Spain 2.","Leganés","CB, LCB","33","1200000","","5","486","0","0","Spain","left","189","8.52","4.26","60.87","5","48.15","0.74","7.87","0.56","0","0.05","0","0.74","50","0","0.37","50","0","0","0.74","0","0.56","0.56","0","40.74","83.18","15.56","65.48","5.93","34.38","0","0","0","0","0","4.81","46.15","0.56","0","0","6.3","55.88"
"I. Tabatadze","Spain 2.","Cádiz","RAMF, LAMF, RW","25","325000","","8","486","4","0","Georgia","both","183","5","5","66.67","2.41","38.46","0","2","2.59","0.74","0.25","0","2.96","37.5","25","1.85","0","3.52","42.11","8.15","36.36","1.85","1.85","0.19","15.19","63.41","2.96","56.25","0.74","25","0.01","0","0","0","0.19","0.93","40","1.48","0","0.19","1.48","37.5"
"K. Medina","Spain 2.","Córdoba","LAMF, LW, LWF","24","0","","9","485","1","0","Spain","both","173","3.34","5.2","39.29","1.11","0","0","2.39","6.12","0.19","0.41","0","2.04","45.45","9.091","3.53","63.16","7.05","42.11","13.73","39.19","2.6","1.86","0","16.33","63.64","4.27","56.52","1.48","37.5","0.02","0.19","0","0","0.37","1.3","57.14","3.15","64.71","0.56","3.9","76.19"
"Rafa Rodríguez","Spain 2.","Málaga","CF, AMF, RCMF","22","0","","10","483","2","1","Spain","","180","7.45","8.39","60","2.8","40","0","2.42","2.05","0.56","0.18","0","2.8","33.33","20","0.93","0","2.42","38.46","10.81","44.83","3.17","2.05","0.56","23.11","81.45","6.52","65.71","1.68","44.44","0.03","0","0.56","33.33","0.56","3.91","80.95","1.49","62.5","1.3","2.8","93.33"
"D. Luna","Spain 2.","Huesca","RWF, RAMF, RW","22","300000","2027-06-30","8","483","1","0","Colombia","left","178","5.78","5.03","55.56","1.86","50","0","3.49","2.98","0.19","0.1","0","0.93","20","20","2.98","25","4.66","44","11.93","37.5","2.05","1.49","0.37","23.85","75.78","6.71","69.44","0.56","100","0.07","0.19","0","0","0.56","1.49","62.5","2.05","36.36","0.19","2.42","84.62"
"G. Petit","Spain 2.","Mirandés","CF","19","0","2026-12-31","9","480","2","1","Uruguay","right","189","4.69","3.75","50","9.38","32","0.19","3.41","0.56","0.38","0.22","0.19","1.5","37.5","25","0","0","0.94","0","5.63","16.67","2.44","0.19","0.19","13.31","70.42","3.38","55.56","0.94","80","0.07","0","0","0","0.38","2.25","50","0.19","0","0.38","1.31","42.86"
"Joaquín Muñoz","Spain 2.","Málaga","LW, LAMF","26","900000","","7","479","0","1","Spain","right","172","4.51","3.95","52.38","0.75","0","0.19","3","3.76","0","0.12","0","1.32","14.29","0","2.44","23.08","4.51","66.67","8.83","51.06","2.25","3.95","0.75","26.12","71.94","5.26","67.86","1.69","55.56","0.13","0.19","0.19","0","0.19","2.25","66.67","3.38","38.89","0.56","2.63","57.14"
"V. García","Spain 2.","Cultural Leonesa","RB","31","200000","","6","479","0","0","Venezuela","right","178","10.9","5.82","74.19","2.25","25","0.19","7.61","0.94","0","0","0","0","0","0","1.69","33.33","0.38","100","3.19","58.82","0.38","1.5","0.56","37.2","77.78","18.23","69.07","4.7","48","0.09","0","0","0","0.38","6.01","71.88","1.5","37.5","0.19","7.14","71.05"
"Carlos Pomares","Spain 2.","Real Zaragoza","LB, RCB","32","400000","2026-06-30","6","479","0","0","Spain","left","183","6.76","6.2","45.45","3.95","66.67","0.75","5.89","1.13","0","0","0","0","0","0","2.25","33.33","0.38","100","2.63","78.57","0","1.69","0.38","45.28","77.18","22.36","68.07","10.15","46.3","0.01","0","0","0","0.19","9.02","47.92","2.82","20","0.19","9.58","78.43"
"Dani Tasende","Spain 2.","Real Zaragoza","LB","25","700000","2028-06-30","7","478","0","0","Spain","left","172","9.04","6.97","56.76","0.94","60","0.19","6.9","2.64","0","0.07","0","1.51","37.5","0","3.01","43.75","0.75","100","2.82","73.33","1.88","1.51","0.38","29.75","62.03","12.05","43.75","4.71","20","0.08","0","0","0","0","6.03","43.75","3.39","44.44","0.19","6.97","62.16"
"Gui Guedes","Spain 2.","Almería","RDMF, LCMF, LDMF","23","900000","2028-06-30","7","475","0","0","Portugal","right","183","4.55","6.06","46.88","1.89","40","0.19","2.73","0.95","0","0","0","0","0","0","0.95","40","0.57","100","4.17","45.45","0.76","0.95","0.38","43.01","93.83","8.15","86.05","1.14","83.33","0.01","0","0","0","0.19","3.79","80","1.14","66.67","0.38","2.84","80"
"Sergi Enrich","Spain 2.","Huesca","CF","35","300000","","8","475","2","0","Spain","right","183","3.6","2.46","76.92","7.77","26.83","0","2.02","0.57","0.38","0.22","0","0.76","75","50","0.38","0","0.38","0","3.22","17.65","1.89","0","0","14.59","63.64","3.41","38.89","0.95","20","0.01","0","0","0","0","0.95","80","0.76","0","0.19","1.71","33.33"
"Peru Nolaskoain","Spain 2.","Eibar","LDMF, RCMF, LCB","26","1000000","2027-06-30","6","472","0","0","Spain","right","186","8.58","5.53","44.83","3.24","88.24","0.57","7.56","0","0","0.03","0","0.38","0","0","0.57","0","0","0","2.1","45.45","0.76","1.14","0.38","52.06","86.45","17.73","73.12","3.24","41.18","0","0","0","0","0","5.34","60.71","0.57","66.67","0","5.91","70.97"
"K. Appin","Spain 2.","Burgos","LW, CF, LAMF","27","800000","","10","472","2","0","France","right","177","7.63","7.25","44.74","4.96","61.54","0.19","5.78","3.24","0.38","0.16","0","1.33","42.86","28.571","1.53","12.5","5.53","41.38","12.97","32.35","1.91","1.53","0.57","24.03","73.02","6.48","58.82","1.72","22.22","0","0","0.57","33.33","0","2.29","50","1.91","50","0.76","3.81","65"
"Liberto Beltrán","Spain 2.","Huesca","LW, LAMF, AMF","28","150000","","9","469","1","0","Spain","left","171","4.99","5.95","58.06","3.07","43.75","0","1.88","2.69","0.19","0.22","0","1.54","12.5","12.5","2.69","14.29","3.84","55","7.29","42.11","1.73","1.15","0.38","17.85","61.29","4.99","42.31","0.38","50","0","0","0","0","0","1.34","71.43","1.15","16.67","0.19","1.54","25"
"José Carlos Lazo","Spain 2.","Albacete","RW, LW","29","1500000","2026-06-30","10","466","1","1","Spain","right","178","7.15","5.41","60.71","1.74","11.11","0","4.21","2.32","0.19","0.1","0","1.93","40","10","2.32","25","2.32","33.33","6.76","25.71","1.93","1.74","0","24.91","65.89","7.92","56.1","2.7","42.86","0.12","0","0.19","100","0.58","3.28","52.94","2.7","28.57","0.77","4.83","56"
"Jon Balda","Spain 2.","Real Sociedad B","LB, LCB","23","0","","7","464","0","0","Spain","left","174","8.53","6.79","65.71","4.27","50","0.39","5.48","1.75","0","0.02","0","0.78","25","0","0.97","20","1.36","100","4.07","76.19","0.39","1.36","0.78","38.6","77.39","18.04","67.74","7.18","62.16","0.01","0.19","0","0","0","4.85","64","1.16","33.33","0.19","8.92","65.22"
"S. Mulattieri","Spain 2.","Deportivo La Coruña","CF, RWF","25","4000000","2028-06-30","8","463","2","0","Italy","right","183","2.92","2.53","69.23","7","19.44","0.19","1.51","1.94","0.39","0.5","0.19","3.5","27.78","11.111","0.39","0","2.72","35.71","10.11","23.08","4.08","2.14","0.58","11.86","78.69","1.17","83.33","0.58","66.67","0","0","0","0","0.19","1.36","85.71","0.78","50","0.19","1.36","57.14"
"Gonzalo Almenara","Spain 2.","Ceuta","RB","28","250000","2026-06-30","6","461","0","0","Spain","right","174","7.61","5.66","65.52","2.34","33.33","0.39","5.86","0.39","0","0.16","0","0.98","0","0","0.98","40","0.39","0","2.34","41.67","1.37","1.56","0.2","29.28","73.33","12.1","61.29","2.93","53.33","0","0.2","0","0","0","1.17","83.33","0.78","25","0","4.88","48"
"G. Quagliata","Spain 2.","Deportivo La Coruña","LB","25","1200000","2026-06-30","7","459","0","0","Italy","left","180","4.71","3.92","50","1.96","30","0","2.87","2.94","0","0","0","0","0","0","4.12","42.86","1.37","71.43","4.71","62.5","0.39","1.37","0.78","30.78","78.34","8.24","69.05","2.94","46.67","0.07","0","0.2","100","0.39","3.14","87.5","3.73","42.11","0.2","6.86","62.86"
"Julen Lobete","Spain 2.","Málaga","LW, LAMF","25","1500000","2027-06-30","10","459","0","1","Spain","right","177","5.88","5.49","57.14","3.53","27.78","0","3.82","3.92","0","0.21","0","2.35","50","0","2.16","27.27","5.69","37.93","15.69","36.25","5.88","1.96","0.2","24.9","75.59","4.51","52.17","0.78","25","0.14","0","0","0","0.59","0.98","40","1.57","50","0.98","2.55","53.85"
"Arkaitz Mariezkurrena","Spain 2.","Real Sociedad B","CF, AMF","20","0","2029-06-30","8","459","1","0","Spain","left","0","4.31","6.47","39.39","3.33","23.53","0","1.57","1.18","0","0.25","0","1.18","33.33","16.667","0.2","0","0.98","80","8.43","30.23","1.96","0.2","0","19.22","63.27","5.69","44.83","2.16","27.27","0.01","0","0.39","0","0","2.75","35.71","1.57","37.5","0.39","1.96","80"
"J. Gómez","Spain 2.","Albacete","LB, LW","22","1200000","2027-06-30","8","458","0","0","United States","left","178","7.86","3.93","70","1.77","33.33","0.79","7.21","1.18","0","0.03","0","0.39","0","0","1.57","0","1.57","75","4.32","50","1.57","3.54","1.38","29.48","74","13.17","70.15","2.75","42.86","0.01","0.2","0","0","0","3.93","60","2.36","41.67","0.59","4.52","65.22"
"Víctor García","Spain 2.","Málaga","LB","31","350000","","6","458","0","0","Spain","left","180","7.27","6.88","68.57","0.79","50","0","2.94","1.97","0","0.01","0","0.2","0","0","3.93","35","0.98","40","2.16","27.27","0.59","1.18","0.39","37.73","79.17","15.72","73.75","4.72","54.17","0.11","0","0.2","100","0.39","4.32","54.55","5.5","53.57","1.18","8.45","81.4"
"Anaitz Arbilla","Spain 2.","Eibar","LCB","38","400000","","6","458","1","0","Spain","right","178","7.86","6.48","72.73","2.95","60","0.59","3.62","0.2","0.2","0.14","0.2","0.79","25","25","0","0","0.39","0","1.77","66.67","1.18","0.39","0","54.43","84.12","24.96","76.38","8.65","61.36","0","0","0","0","0","5.5","60.71","0.39","0","0","10.61","61.11"
"Sergio Escudero","Spain 2.","Deportivo La Coruña","LB, LWB","36","800000","2026-06-30","8","456","1","1","Spain","left","178","9.08","5.53","75","1.18","16.67","0.39","7.28","1.18","0.2","0.06","0","0.99","80","20","1.38","28.57","0.2","0","1.97","30","0.2","0.39","0","39.28","83.92","13.82","67.14","4.54","34.78","0.22","0","0","0","0.2","6.12","64.52","1.58","37.5","0.39","6.71","64.71"
"Pibe","Spain 2.","Cultural Leonesa","RW, CF, RAMF","29","300000","","8","454","0","1","Argentina","left","177","7.73","6.15","70.97","1.39","57.14","0","3.41","6.54","0","0.09","0","2.18","27.27","0","3.37","41.18","8.13","56.1","12.69","45.31","2.18","4.16","0","27.16","61.31","7.33","43.24","2.58","23.08","0.21","0","0.2","0","0.79","2.18","27.27","4.16","52.38","0.99","6.54","63.64"
"A. Radovanović","Spain 2.","Real Zaragoza","LCB","31","900000","","6","451","0","0","Serbia","left","189","7.98","4.59","56.52","3.59","66.67","0.4","6.98","0","0","0.07","0","0.4","0","0","0","0","0","0","0.4","100","0.6","0.4","0","36.52","82.51","19.96","73","7.58","63.16","0","0.2","0","0","0","5.19","69.23","0.2","0","0","7.78","64.1"
"J. Smith","Spain 2.","Sporting Gijón","RDMF, LDMF, LCMF","22","300000","2027-06-30","8","450","0","0","France","right","189","10","7.8","69.23","2.4","58.33","0.4","5.35","0.8","0","0.09","0","0.6","66.67","0","0.2","100","0.8","25","4.4","45.45","0.4","0.2","0","28","84.29","8.6","74.42","2.2","27.27","0.07","0","0","0","0.4","3.8","63.16","0.6","66.67","0.2","3","60"
"Juan Palomares","Spain 2.","Mirandés","GK","25","0","","5","448","0","0","Spain","right","197","1.61","0.2","100","0","0","0","1.65","0","0","0","0","0","0","0","0","0","0","0","0.2","100","0","0","0","14.67","75.34","12.05","70","9.44","61.7","0","0","0","0","0","4.02","65","0.2","0","0","6.83","88.24"
"J. Betancor","Spain 2.","Albacete","CF","32","750000","","8","447","0","0","Spain","right","186","2.01","1.01","80","2.21","36.36","0","1.67","1.01","0","0.2","0","1.61","25","0","0.4","50","1.21","33.33","3.42","23.53","3.42","0.4","0","8.66","69.77","1.41","85.71","0","0","0.13","0","0","0","0.81","1.01","60","0.6","100","0.81","1.21","50"
"F. González","Spain 2.","Racing Santander","LCB, CB","22","2000000","2026-06-30","6","446","1","0","Uruguay","left","193","6.26","4.84","75","4.04","55","0","4.24","0.2","0.2","0.23","0.2","1.01","20","20","0","0","0.2","0","0.81","50","1.21","0.4","0","46.01","89.91","19.98","81.82","3.43","47.06","0","0","0","0","0","6.26","70.97","0","0","0","6.05","83.33"
"Iñigo Córdoba","Spain 2.","Burgos","LW, LAMF","28","1500000","","8","441","0","0","Spain","left","180","11.02","6.94","61.76","4.08","40","0","9.5","4.69","0","0.19","0","1.22","0","0","2.65","46.15","7.76","44.74","12.65","38.71","3.06","3.06","0.61","29.18","74.13","7.96","66.67","0.61","66.67","0.08","0.41","0.41","0","0.61","2.86","71.43","3.47","47.06","1.02","4.69","78.26"
"Dani Escriche","Spain 2.","Albacete","CF","27","1200000","2026-06-30","9","440","2","0","Spain","right","178","2.86","3.07","46.67","4.3","47.62","0","1.89","3.07","0.41","0.15","0.2","1.23","66.67","33.333","1.02","20","3.07","66.67","10.23","44","2.66","1.23","0.2","13.3","75.38","2.25","81.82","0.82","50","0.01","0","0","0","0","1.23","100","1.23","16.67","0.61","1.43","42.86"
"Pablo Ramón","Spain 2.","Racing Santander","RCB, LCB","24","800000","","6","437","0","0","Spain","right","184","5.35","3.91","63.16","3.91","57.89","0.41","3.98","0.62","0","0.04","0","0.62","0","0","0.21","100","0.41","100","2.88","50","0.82","2.06","0.21","51.49","90","21.83","83.02","1.44","14.29","0","0.21","0","0","0","8.24","90","0.41","50","0","7","82.35"
"David Mella","Spain 2.","Deportivo La Coruña","RB, RAMF, RW","20","0","2029-06-30","6","436","1","1","Spain","left","169","7.22","6.19","63.33","1.65","37.5","0","4.29","4.33","0.21","0.11","0","1.24","66.67","16.667","2.89","35.71","5.37","34.62","8.46","39.02","2.48","3.92","0.41","28.28","77.37","6.81","66.67","2.89","57.14","0.16","0","0.83","75","0.83","1.86","66.67","3.1","60","1.24","4.95","75"
"B. Diallo","Spain 2.","Granada","LB","24","200000","","6","431","0","0","France","left","176","4.59","3.34","43.75","2.3","54.55","0","3.95","0.84","0","0.01","0","0.63","0","0","3.55","11.76","0.84","50","3.76","33.33","0","1.25","0.21","27.35","74.05","9.19","68.18","1.46","14.29","0.03","0","0","0","0","3.76","55.56","2.71","7.69","0","4.18","60"
"Peter González","Spain 2.","Real Valladolid","RAMF, AMF, RW","23","3000000","2028-06-30","6","427","1","0","Spain","left","180","5.27","4","63.16","1.26","66.67","0.21","5.2","5.69","0.21","0.26","0","1.69","37.5","12.5","4","36.84","5.9","60.71","13.28","46.03","3.16","2.53","0.21","27.82","76.52","5.06","79.17","1.48","71.43","0.18","0.21","0.42","0","0.84","2.74","76.92","3.79","55.56","0.42","4","94.74"
"Loïc Williams","Spain 2.","Granada","LCB","23","500000","2028-06-30","8","425","0","0","Spain","left","188","8.89","4.87","65.22","1.91","66.67","0.85","7.57","1.27","0","0.05","0","0.64","33.33","0","0","0","1.27","66.67","3.6","64.71","0.42","2.33","0.21","51.04","85.48","28.59","80","9.74","56.52","0","0","0.21","100","0","10.8","74.51","0.42","50","0.21","13.13","79.03"
"Izan Merino","Spain 2.","Málaga","LCMF, RCB","19","0","2027-06-30","5","424","0","0","Spain","right","186","4.25","1.91","55.56","1.49","42.86","0","3.79","0.42","0","0.02","0","0.64","33.33","0","0","0","0.21","100","1.91","55.56","0","0.42","0","31.42","91.89","7.43","80","1.27","66.67","0","0","0.21","0","0","3.61","94.12","0.21","0","0","3.82","72.22"
"Jastin Lopez","Spain 2.","FC Andorra","LW, LWF, LAMF","21","0","2027-06-30","8","421","0","0","Spain","right","180","5.77","4.92","60.87","1.92","100","0","4.07","5.34","0","0.22","0","2.14","40","0","1.5","28.57","8.76","46.34","17.32","38.27","3.21","3.85","0.21","24.37","78.95","7.05","69.7","1.5","42.86","0.12","0","0.43","0","0.64","1.92","77.78","3.21","60","1.92","3.21","86.67"
"Diego Mariño","Spain 2.","Albacete","GK","35","300000","","4","420","0","0","Spain","right","185","0.86","0","0","1.29","83.33","0","1.32","0","0","0","0","0","0","0","0","0","0","0","0","0","0","0","0","15.86","82.43","10.5","73.47","7.07","60.61","0","0","0","0","0","1.5","28.57","0","0","0","4.93","65.22"
"Lucas Alcázar","Spain 2.","Castellón","LB, LWB","23","50000","2026-06-30","6","419","0","0","Spain","left","182","9.67","7.09","57.58","2.58","50","0.21","8.57","1.29","0","0","0","0","0","0","2.36","27.27","1.07","60","5.58","57.69","1.72","2.15","0","35.23","82.32","10.74","76","2.36","63.64","0.04","0","0","0","0.43","3.01","85.71","1.5","42.86","0.64","4.73","63.64"
"Marcos Luna","Spain 2.","Almería","RB","22","0","2030-06-30","7","418","0","0","Spain","right","180","6.67","6.67","58.06","1.72","62.5","0","4.33","1.29","0","0.05","0","0.22","0","0","3.01","14.29","1.72","50","3.44","37.5","2.15","2.15","0.22","48.44","77.78","16.36","71.05","2.37","45.45","0.09","0","0.22","0","0.43","6.46","63.33","3.44","31.25","1.08","9.69","77.78"
"G. Puerta","Spain 2.","Racing Santander","LDMF, LCMF, DMF","22","3000000","2028-06-30","6","416","1","0","Colombia","right","173","7.79","7.36","55.88","0.87","25","0.22","4.89","1.08","0.22","0.09","0.22","1.51","28.57","14.286","0.65","66.67","0.65","33.33","4.98","43.48","0.43","1.08","0","58.2","91.45","23.37","86.11","3.89","55.56","0.02","0","0.22","0","0.22","11.68","83.33","1.51","71.43","0.22","8.87","78.05"
"A. Abedzadeh","Spain 2.","Castellón","GK","32","600000","","4","416","0","0","Iran","right","186","3.68","0.22","0","0.43","50","0","6.54","0.22","0","0","0","0","0","0","0","0","0.22","100","0.22","100","0","0","0","29.64","78.83","17.52","69.14","13.2","55.74","0","0","0","0","0","3.03","50","0.43","0","0","8.44","48.72"
"Sergio Postigo","Spain 2.","Mirandés","CB","36","400000","","5","412","0","0","Spain","right","184","11.14","4.37","85","3.06","50","1.09","8.79","0.22","0","0.06","0","0.87","25","0","0","0","0","0","0.66","66.67","0.66","0","0","29.93","89.78","8.96","78.05","2.84","92.31","0","0","0","0","0","1.31","100","0","0","0","4.15","68.42"
"Pablo Sáenz","Spain 2.","Granada","RW, RWF","24","0","2026-06-30","9","412","1","0","Spain","left","175","6.12","5.9","62.96","2.18","30","0","3.33","5.24","0.22","0.15","0","2.4","45.45","9.091","3.28","26.67","6.33","48.28","10.7","38.78","2.18","3.06","0","26.21","70.83","5.24","66.67","1.97","55.56","0.15","0","0.22","100","0.44","1.75","75","3.5","31.25","0.44","4.37","70"
"M. Doué","Spain 2.","Castellón","LDMF, LCMF, DMF","25","200000","","8","409","0","0","France","right","185","7.26","5.72","73.08","3.52","31.25","0.22","4.7","1.76","0","0.05","0","0.88","50","0","0.44","0","2.42","54.55","8.14","35.14","1.1","3.08","0.66","31.47","87.41","11","82","1.76","50","0.07","0.22","0","0","0.22","4.4","80","1.76","62.5","1.54","4.84","90.91"
"E. Ugiagbe","Spain 2.","Cádiz","LW, LAMF","21","0","","8","405","0","0","Nigeria","right","178","3.56","4.44","55","2.22","40","0","1.7","6.22","0","0.27","0","1.33","0","0","2.67","25","11.78","47.17","19.56","43.18","2.22","5.78","0.67","21.11","78.95","3.11","64.29","0.44","50","0","0","0","0","0","2","66.67","2","33.33","0.22","2.89","84.62"
"Selu Diallo","Spain 2.","Cultural Leonesa","CF, LCMF, AMF","22","0","2028-06-30","9","401","0","0","Spain","right","187","6.28","6.28","64.29","3.14","35.71","0","3.3","0.45","0","0.04","0","0.67","0","0","0.22","0","1.8","25","8.75","25.64","0.67","2.24","0.22","36.81","87.8","7.41","75.76","2.92","76.92","0","0.22","0.22","0","0","3.82","70.59","0.9","75","0.67","4.26","73.68"
"Carlos Dotor","Spain 2.","Málaga","RCMF, CF, AMF","24","2000000","2028-06-30","8","398","0","0","Spain","right","180","5.65","5.43","58.33","1.36","16.67","0.23","3.25","0.9","0","0.01","0","0.23","0","0","0.68","66.67","0.68","66.67","4.3","47.37","1.81","1.13","0.23","42.51","84.04","12.89","77.19","2.71","66.67","0.03","0","0.23","0","0.45","6.11","77.78","1.58","28.57","0.9","5.65","76"
"A. Lebarbier","Spain 2.","Real Sociedad B","RCMF, RDMF, LDMF","21","0","2027-06-30","8","393","1","0","France","left","0","8.47","6.64","65.52","1.83","25","0.23","5.63","0.46","0.23","0.14","0","0.69","33.33","33.333","0","0","0.23","100","1.6","42.86","0.92","1.37","0.46","45.57","82.41","16.26","69.01","8.02","54.29","0","0","0.23","0","0","7.33","68.75","1.15","0","0.23","9.39","68.29"
"Paulino de la Fuente","Spain 2.","Real Zaragoza","RW, RAMF","28","1600000","2026-06-30","6","391","0","0","Spain","left","183","5.75","5.06","59.09","6.45","60.71","0","4.24","5.06","0","0.17","0","2.07","22.22","0","1.38","16.67","6.21","62.96","14.27","45.16","2.3","3.45","0.23","31.07","79.26","7.6","72.73","1.61","71.43","0.02","0","0.46","100","0","2.07","77.78","2.3","30","1.38","6.21","55.56"
"T. Le Normand","Spain 2.","FC Andorra","RCMF, RDMF","25","50000","2026-06-30","7","391","0","0","France","right","180","4.6","7.37","37.5","2.99","38.46","0.23","1.69","1.84","0","0.18","0","1.38","33.33","0","1.15","60","0.92","25","5.06","31.82","1.61","0.92","0.23","20.26","87.5","3.45","73.33","0.92","75","0.01","0","0.46","100","0","0.69","100","1.15","80","0.92","1.84","75"
"Arnau Puigmal","Spain 2.","Almería","RAMF, RW","24","1800000","2026-06-30","9","391","1","3","Spain","right","173","5.29","4.37","57.89","0.92","50","0.23","3.84","3.22","0.23","0.11","0","1.61","14.29","14.286","4.14","22.22","3.22","64.29","6.91","50","5.52","3.45","0.69","37.75","81.1","6.45","82.14","1.15","20","0.43","0","0.23","0","1.15","2.07","77.78","4.37","68.42","3.68","6.91","76.67"
"T. Helguera","Spain 2.","Mirandés","LCMF, RCMF","19","0","2025-12-30","8","390","0","1","Uruguay","right","181","6.23","4.85","47.62","3","53.85","0.23","4.68","0.23","0","0","0","0","0","0","0","0","0.69","33.33","3","23.08","0.69","0.46","0","23.54","82.35","7.15","77.42","1.15","80","0.01","0","0.23","0","0.46","4.15","72.22","0.23","0","0","4.15","66.67"
"E. Andrada","Spain 2.","Real Zaragoza","GK","34","2000000","","4","388","0","0","Argentina","right","194","1.86","0","0","0.23","0","0","2.35","0","0","0","0","0","0","0","0","0","0","0","0","0","0","0","0","23.2","89","13.22","85.96","7.89","70.59","0","0","0","0","0","2.55","72.73","0.23","0","0","6.49","75"
"Rodrigo Abajas","Spain 2.","Huesca","LB, LWB","22","0","","7","386","0","0","Spain","left","186","7.23","7.46","50","3.03","61.54","0.93","4.37","2.8","0","0.08","0","0.93","50","0","3.26","50","1.4","50","3.96","41.18","0.7","1.63","0.23","23.78","69.61","7.93","50","3.5","26.67","0.1","0","0","0","0.7","4.66","35","2.1","55.56","0.23","4.66","70"
"Lander Astiazarán","Spain 2.","Real Sociedad B","RAMF, RW","19","0","","8","384","2","1","Spain","","0","4.22","4.69","60","2.11","33.33","0","1.8","3.98","0.47","0.11","0","1.41","83.33","33.333","2.11","55.56","1.88","87.5","4.45","63.16","1.64","2.34","0.47","22.97","77.55","6.56","64.29","2.34","60","0.16","0","0.23","0","0.7","2.58","63.64","1.88","75","1.17","5.16","63.64"
"Rubén Alves","Spain 2.","Córdoba","LCB","31","800000","2028-06-30","5","382","0","0","Brazil","left","184","10.84","4.71","55","4.48","63.16","0.47","13.94","0","0","0","0","0","0","0","0.24","0","0","0","1.18","80","0","0.47","0","39.35","86.83","14.84","74.6","6.13","69.23","0","0","0","0","0.24","5.18","59.09","0.24","0","0","6.83","68.97"
"José Gragera","Spain 2.","Deportivo La Coruña","LCMF, DMF, RCMF","25","2500000","2028-06-30","5","378","0","0","Spain","right","187","12.14","10.48","47.73","2.86","66.67","0.71","8.44","0.24","0","0.05","0","0.48","50","0","0.24","0","0","0","1.43","66.67","0.48","0","0","52.62","88.69","14.52","77.05","4.29","61.11","0","0","0","0","0","3.1","84.62","0.24","0","0","5.71","58.33"
"Javi Ontiveros","Spain 2.","Cádiz","LAMF, CF, LW","28","0","2028-06-30","6","375","1","1","Spain","right","175","4.32","4.08","70.59","1.68","57.14","0","2.34","5.76","0.24","0.16","0","2.64","18.18","9.091","4.08","41.18","6.24","57.69","10.32","51.16","2.64","2.64","0","40.56","72.78","11.76","53.06","5.76","50","0.33","0","0","0","0.96","4.8","55","4.8","50","1.68","5.52","82.61"
"D. Lopy","Spain 2.","Almería","LDMF, RCMF, RDMF","23","10000000","2029-06-30","6","373","2","0","Senegal","right","186","7.24","5.79","62.5","1.45","100","0.48","5.92","1.69","0.48","0.08","0","1.69","42.86","28.571","0","0","1.21","80","6.03","44","0.24","2.17","0","46.57","86.53","15.2","79.37","3.14","61.54","0.02","0.48","0","0","0.24","7","96.55","0.48","100","0.72","8.2","70.59"
"Aritz Arambarri","Spain 2.","Eibar","LCB, RB","27","500000","2027-06-30","7","373","0","0","Spain","right","186","6.27","3.38","78.57","0.72","0","0.48","4.88","0.48","0","0.25","0","0.48","0","0","0.48","100","0","0","0.24","0","0.72","0","0","58.39","92.56","26.3","84.4","5.55","43.48","0","0","0","0","0","3.86","68.75","0.72","66.67","0","7","72.41"
"Xavi Sintes","Spain 2.","Córdoba","LCB, RCB","24","200000","","4","371","0","0","Spain","right","188","10.67","7.52","64.52","3.15","38.46","0","10.43","0","0","0","0","0","0","0","0","0","0","0","0.97","75","0.24","0.24","0","33.72","82.73","13.34","72.73","4.37","50","0","0","0","0","0","3.88","68.75","0","0","0","6.79","46.43"
"O. Camara","Spain 2.","Castellón","CF","23","700000","2027-06-30","7","368","2","0","Guinea","left","184","2.69","2.93","58.33","5.87","50","0","1.85","2.45","0.49","0.39","0","1.96","37.5","25","1.71","28.57","2.2","55.56","7.34","26.67","4.65","1.71","0","11.98","71.43","1.71","57.14","0.73","0","0.08","0","0","0","0.24","0.98","50","0.98","50","0.98","1.96","75"
"Jon García","Spain 2.","Albacete","RCB, LCB","34","200000","2026-06-30","4","363","0","0","Spain","right","177","6.45","3.22","76.92","2.98","33.33","0.25","5.58","0","0","0.07","0","0.25","0","0","0","0","0","0","0.25","0","0.25","0.25","0","29.26","81.36","13.88","66.07","6.94","42.86","0","0","0","0","0","7.44","63.33","0.74","0","0","5.7","78.26"
"Juan Larios","Spain 2.","Cultural Leonesa","LB","21","0","","7","363","0","0","Spain","left","170","6.69","5.95","62.5","1.98","25","0.5","3.37","2.23","0","0.01","0","0.25","0","0","1.24","20","2.73","72.73","5.45","59.09","0.25","2.48","0.25","22.31","83.33","7.19","72.41","0.74","66.67","0","0","0","0","0","1.49","100","0.99","50","0.74","2.73","63.64"
"Pepe Sánchez","Spain 2.","Albacete","LCB, RCB","25","200000","2026-06-30","5","362","0","0","Spain","right","185","12.18","6.46","61.54","4.48","77.78","0.5","9.12","0.25","0","0","0","0","0","0","0","0","0.25","100","0.99","25","0","0","0","31.82","77.34","15.91","60.94","8.2","39.39","0","0","0","0","0","4.23","35.29","0.5","0","0","5.97","62.5"
"Manu Justo","Spain 2.","Cultural Leonesa","CF","29","400000","","9","360","3","0","Spain","right","174","2.25","2.75","45.45","3.25","15.38","0","1.43","2.5","0.5","0.36","0","1.75","71.43","42.857","0.75","33.33","1.25","80","5.5","54.55","3.25","2","0.25","9.5","60.53","1.5","50","0","0","0.06","0","0","0","0.5","0.5","50","0.75","66.67","0.5","1.5","50"
"J. Ochieng","Spain 2.","Real Sociedad B","RAMF, LAMF, RW","22","0","","7","357","1","2","Kenya","right","188","5.04","5.29","42.86","2.27","11.11","0.25","3.03","2.77","0.25","0.07","0","1.76","42.86","14.286","2.77","45.45","1.76","28.57","7.06","28.57","2.77","3.03","0","13.11","71.15","2.27","77.78","0.25","100","0.16","0","0.25","100","0.76","1.26","40","1.76","42.86","0.5","2.27","66.67"
"Álvaro Rodríguez","Spain 2.","Eibar","LB, RB, RAMF","31","800000","2026-06-30","8","355","1","0","Spain","right","181","6.85","5.83","60.87","1.52","33.33","0.76","3.88","2.79","0.25","0.01","0","0.51","50","50","4.82","26.32","2.28","55.56","7.1","42.86","1.27","1.01","0.25","35.24","66.19","12.42","61.22","4.56","38.89","0.12","0","0","0","0.51","6.85","59.26","5.32","28.57","0.25","7.35","68.97"
"Ronaldo","Spain 2.","Castellón","RDMF, DMF, LCMF","35","350000","","5","354","0","0","Brazil","right","178","5.34","4.83","52.63","1.27","20","0.51","4.29","0.51","0","0.01","0","2.03","0","0","1.02","25","0.51","50","7.63","36.67","0.76","0.51","0","41.19","81.48","12.71","76","6.36","68","0.07","0","0","0","0.25","8.39","75.76","1.78","28.57","0","7.37","79.31"
"Beñat Gerenabarrena","Spain 2.","Castellón","LCMF, RCMF, AMF","22","0","2027-06-30","8","350","0","0","Spain","right","173","9.51","6.69","73.08","2.57","50","0.51","8.28","1.54","0","0.05","0","0.77","33.33","0","0.51","0","1.8","71.43","4.63","66.67","1.8","1.29","0.26","34.97","85.29","12.09","72.34","2.06","62.5","0.09","0","0","0","0.51","4.89","84.21","1.54","50","1.29","4.63","72.22"
"J. van Overeem","Netherlands 1.","Heerenveen","RCB, LDMF, RCMF","31","800000","","10","1017","0","1","Netherlands","right","181","7.61","4.51","62.75","2.48","60.71","0.27","6.57","1.15","0","0.01","0","0.27","0","0","0.8","55.56","0.88","80","2.74","38.71","0.8","1.5","0.09","50","81.42","22.12","73.6","7.61","52.33","0.06","0","0.18","0","0.18","10.35","70.94","2.39","55.56","0.71","11.15","79.37"
"T. Wellenreuther","Netherlands 1.","Feyenoord","GK","29","7000000","","10","999","0","0","Germany","right","188","1.17","0","0","0.54","100","0","1.75","0","0","0","0","0","0","0","0","0","0","0","0","0","0","0","0","29.28","80.31","17.66","69.9","11.44","53.54","0","0","0","0","0","3.96","40.91","0.36","25","0.09","8.38","68.82"
"S. Resink","Netherlands 1.","Groningen","LDMF, LCMF","22","1000000","2028-06-30","10","993","0","3","Netherlands","right","178","8.16","6.44","67.61","2.72","56.67","0.27","5.14","2.27","0","0.13","0","2.18","25","0","1","54.55","1.81","65","6.53","47.22","1.27","1.27","0.27","39.06","83.29","11.42","70.63","3.44","50","0.03","0","0","0","0.36","6.71","70.27","1.54","58.82","0.45","5.53","63.93"
"T. Blokzijl","Netherlands 1.","Groningen","RCB","20","0","2026-06-30","10","993","0","0","Netherlands","right","190","7.07","4.08","84.44","4.71","32.69","0.73","4.16","0","0","0","0","0.09","0","0","0","0","0.09","0","0.63","28.57","0.09","1","0.09","46.68","87.18","19.31","76.53","3.72","43.9","0","0","0.09","0","0","5.17","75.44","0.27","0","0","7.43","70.73"
"B. Kemper","Netherlands 1.","NAC Breda","LB","26","500000","2026-06-30","10","989","1","2","Netherlands","left","185","8.19","5.28","56.9","5.73","46.03","0.36","6.07","2.55","0.09","0.12","0","0.73","62.5","12.5","3.91","34.88","1","72.73","3.73","53.66","1.73","2.09","0.27","34.58","73.42","14.56","67.5","4.64","47.06","0.13","0.09","0","0","0.91","5.28","62.07","3.37","37.84","0.46","8.74","71.88"
"M. Branderhorst","Netherlands 1.","Fortuna Sittard","GK","31","600000","","10","985","0","0","Netherlands","right","192","1.74","0.18","50","0.73","75","0","2.2","0","0","0","0","0","0","0","0","0","0","0","0","0","0","0","0","22.2","66.67","18.27","60.5","15.17","53.61","0","0","0","0","0","5.94","49.23","0.46","0","0.09","10.78","77.12"
"K. Sano","Netherlands 1.","NEC","RCMF, CB, LCMF","22","4000000","2028-06-30","10","984","0","1","Japan","right","176","10.61","6.31","72.46","1.83","35","0.18","9.35","1.37","0","0.01","0","0.46","0","0","1.19","46.15","1.55","52.94","6.68","41.1","0.46","1.19","0","50.76","86.85","16.92","73.51","3.66","45","0.11","0.09","0.09","0","0.27","6.59","79.17","2.93","46.88","1.01","8.05","68.18"
"G. Crettaz","Netherlands 1.","NEC","GK","25","500000","","10","984","0","0","Argentina","right","184","2.56","0.46","60","0.09","100","0","3.77","0","0","0","0","0","0","0","0","0","0","0","0","0","0","0","0.09","38.14","82.25","26.52","75.52","19.12","68.42","0","0","0","0","0","7.96","55.17","0.55","33.33","0.27","14.36","87.26"
"M. Kovář","Netherlands 1.","PSV","GK","25","7000000","","10","982","0","0","Czech Republic","right","196","2.11","0.18","50","0.18","100","0","3.1","0.09","0","0","0","0","0","0","0","0","0.09","100","0.18","100","0","0","0","33.27","87.05","19.7","79.53","10.26","62.5","0.02","0","0","0","0","2.2","50","0.27","0","0","7.33","75"
"M. Young","Netherlands 1.","Sparta Rotterdam","RCB","20","0","2029-06-30","10","981","0","0","Netherlands","right","0","9.63","4.13","77.78","3.03","57.58","0.46","6.59","0.28","0","0.03","0","0.18","0","0","0","0","0.37","75","1.1","66.67","0.28","1.01","0.09","39.17","86.65","13.49","68.71","4.95","48.15","0","0","0","0","0","4.31","68.09","0","0","0","7.16","61.54"
"J. Drommel","Netherlands 1.","Sparta Rotterdam","GK","28","2500000","2027-06-30","10","981","0","0","Netherlands","right","193","1.28","0","0","0.28","100","0","1.38","0","0","0","0","0","0","0","0","0","0","0","0.18","100","0","0","0","29.36","81.56","17.61","70.83","15.5","66.27","0","0","0","0","0","5.6","55.74","0.28","0","0","11.19","82.79"
"T. Lauritsen","Netherlands 1.","Sparta Rotterdam","CF","28","5000000","2026-06-30","10","981","6","1","Norway","right","192","2.39","1.93","52.38","12.66","50","0.09","1.38","1.19","0.37","0.46","0.09","1.93","47.62","28.571","0.28","0","0.37","25","4.77","28.85","3.03","0.46","0.09","14.77","69.57","3.85","38.1","0.28","33.33","0.05","0","0.18","100","0.18","1.19","23.08","1.01","63.64","1.01","1.1","66.67"
"V. Zagaritis","Netherlands 1.","Heerenveen","LB","24","400000","2026-06-30","10","979","0","1","Greece","left","178","9.47","6.71","54.79","5.24","52.63","0","7.5","2.39","0","0.02","0","0.37","25","0","4.41","29.17","2.21","45.83","6.99","40.79","2.3","3.13","0.37","39.25","77.99","14.62","74.21","2.94","53.13","0.12","0","0","0","0.46","5.15","73.21","3.22","40","0.83","8","66.67"
"A. García MacNulty","Netherlands 1.","PEC Zwolle","LCB","22","1000000","2026-06-30","10","979","0","0","Spain","left","187","7.35","3.4","64.86","2.3","44","0.46","5.23","0.18","0","0.03","0","0.28","33.33","0","0.55","0","0.18","50","0.74","62.5","0.64","1.56","0.09","46.7","86.42","20.78","80.09","7.35","63.75","0.01","0.09","0","0","0","7.17","73.08","1.29","42.86","0.55","9.47","71.84"
"S. Graves","Netherlands 1.","PEC Zwolle","RCB","26","750000","2027-06-30","10","979","0","0","Denmark","right","191","9.01","3.13","70.59","3.31","50","0.83","7.35","0.18","0","0","0","0","0","0","0","0","0.28","66.67","1.2","61.54","0","1.1","0","49.64","84.81","23.17","72.22","6.25","48.53","0","0","0.18","0","0","7.17","61.54","1.2","23.08","0.28","9.84","63.55"
"G. Offerhaus","Netherlands 1.","Telstar","CB","24","0","2026-06-30","10","977","0","2","Netherlands","right","0","9.3","7","73.68","2.58","35.71","0.28","4.64","0.37","0","0.02","0","0.55","16.67","0","0.55","16.67","0.46","40","2.12","30.43","0.37","1.11","0.18","38.69","84.29","11.51","71.2","3.78","48.78","0.17","0","0.09","0","0.37","4.88","69.81","0.83","44.44","0.55","7","57.89"
"R. Koeman","Netherlands 1.","Telstar","GK","30","275000","2026-06-30","10","977","0","0","Spain","right","180","1.11","0.09","100","0.28","33.33","0","1.19","0","0","0","0","0","0","0","0","0","0","0","0.09","100","0","0","0.09","32.33","81.2","24.14","75.57","16.86","67.76","0","0","0","0","0","6.36","59.42","0.46","20","0.09","12.9","78.57"
"K. van Oevelen","Netherlands 1.","Volendam","GK","22","50000","","10","976","0","0","Netherlands","right","199","1.66","0","0","0.74","100","0","1.89","0","0","0","0","0","0","0","0","0","0","0","0.18","100","0","0","0","26.28","71.58","19","61.65","13.92","49.67","0","0","0","0","0","6.92","44","0.92","0","0","9.04","75.51"
"M. Peersman","Netherlands 1.","Groningen","LB, LCB","34","350000","2026-06-30","10","974","1","0","Belgium","left","185","8.04","5.64","62.3","2.59","53.57","0.09","5.8","0.37","0.09","0.03","0","0.37","50","25","0.92","10","0.65","14.29","2.86","38.71","1.2","0.92","0.18","40.2","84.6","16.72","76.8","5.27","63.16","0.05","0.18","0","0","0.09","5.54","70","1.66","61.11","0.83","8.32","76.67"
"C. Widell","Netherlands 1.","Excelsior","RCB","22","700000","2026-06-30","10","973","0","0","Sweden","right","192","8.42","3.42","72.97","4.16","46.67","0.65","6.82","0.28","0","0.09","0","0.55","33.33","0","0","0","0.09","100","0.83","33.33","0.92","0.55","0","43.94","84.42","19.61","74.06","5.83","58.73","0","0","0","0","0.09","7.31","67.09","0.65","14.29","0.18","9.99","73.15"
"R. van Wolfswinkel","Netherlands 1.","Twente","CF","36","550000","","10","970","6","0","Netherlands","right","186","2.6","3.25","34.29","6.12","19.7","0","1.74","1.58","0.09","0.58","0","2.23","50","25","0.93","10","0.84","44.44","5.01","27.78","3.62","0.37","0","14.47","71.15","2.97","53.13","0.28","33.33","0.04","0","0","0","0.28","1.48","62.5","0.74","25","0.56","1.21","46.15"
"I. Mesík","Netherlands 1.","Heracles","LCB, LB","24","200000","2028-06-30","10","964","1","0","Slovakia","left","186","8.4","4.76","60.78","1.96","57.14","0.75","6.17","1.03","0.09","0.03","0.09","0.56","16.67","16.667","0.93","30","0.84","66.67","1.96","57.14","0.84","1.4","0.47","37.44","83.04","14.66","71.34","5.41","50","0","0","0.09","100","0","4.39","65.96","0.84","33.33","0.09","7.1","65.79"
"Y. Leliendal","Netherlands 1.","Volendam","LB","23","500000","2026-06-30","10","959","1","0","Netherlands","left","169","11.54","7.6","62.96","1.88","35","0.28","6.78","1.41","0.09","0.02","0","0.66","28.57","14.286","1.69","16.67","1.22","76.92","6.1","40","0.47","1.13","0.47","38.85","83.57","13.42","72.73","3.75","67.5","0.07","0","0","0","0.28","5.54","81.36","1.88","45","0.38","6.57","62.86"
"R. Fosso","Netherlands 1.","Fortuna Sittard","LDMF, DMF, LCB","23","0","2026-06-30","10","958","0","0","Switzerland","right","183","6.95","5.07","66.67","1.41","33.33","0.38","4.77","0.75","0","0.02","0","0.66","0","0","0.28","33.33","1.03","63.64","4.23","51.11","0.19","0.56","0.28","39.93","90.35","10.71","78.07","2.63","42.86","0","0","0","0","0","4.23","75.56","0.75","25","0.19","3.76","70"
"J. Dahlhaus","Netherlands 1.","Fortuna Sittard","LB","23","450000","2026-06-30","10","958","0","1","Netherlands","left","180","12.49","7.99","62.35","3.57","50","0.19","8.09","1.88","0","0.02","0","0.38","0","0","2.63","28.57","1.69","66.67","4.51","45.83","0.75","1.6","0.75","37.01","79.7","14.66","71.79","3.85","36.59","0.06","0","0.09","0","0.66","5.17","61.82","2.35","32","0.19","5.92","65.08"
"B. van Rooij","Netherlands 1.","Twente","RB","24","2000000","2028-06-30","10","954","2","0","Netherlands","right","174","8.58","8.02","65.88","3.11","48.48","0.28","4.62","1.79","0.19","0.05","0","0.94","20","20","2.45","23.08","1.7","55.56","4.53","58.33","1.51","1.7","0.57","46.89","82.7","18.87","80","2.74","58.62","0.05","0","0.09","100","0.19","4.53","75","3.11","36.36","0.66","10.38","72.73"
"P. Brittijn","Netherlands 1.","Fortuna Sittard","RDMF, AMF","21","650000","","10","951","2","1","Netherlands","right","182","7.85","7.1","64","2.08","45.45","0.28","3.8","0.47","0.19","0.08","0.09","0.38","50","50","0.28","33.33","0.28","66.67","1.99","42.86","0.66","0.66","0","31.61","82.93","11.92","70.63","2.74","37.93","0.03","0","0","0","0.09","4.35","60.87","0.57","50","0.28","5.21","70.91"
"K. Sowah","Netherlands 1.","NAC Breda","LAMF, LW, LCMF","25","1800000","2027-06-30","10","950","0","1","Ghana","left","179","5.12","5.21","58.18","1.52","12.5","0","2.21","1.23","0","0.05","0","0.85","22.22","0","1.8","21.05","1.33","50","6.44","20.59","1.33","0.85","0.09","32.31","77.71","8.34","69.32","1.23","53.85","0.03","0.09","0","0","0.09","2.65","71.43","1.52","43.75","0.66","4.26","51.11"
"K. Taylor","Netherlands 1.","Ajax","LDMF, LCMF, DMF","23","15000000","2027-06-30","10","949","2","3","Netherlands","left","182","5.41","3.79","65","1.9","45","0.28","2.99","2.28","0.09","0.26","0","1.71","50","11.111","1.33","28.57","1.33","78.57","5.12","53.7","3.22","1.04","0.19","37.93","86.5","9.58","83.17","1.71","50","0.15","0.09","0","0","0.76","4.08","72.09","2.09","68.18","1.33","5.12","75.93"
"N. Rossen","Netherlands 1.","Telstar","LCMF, RCMF","21","0","2026-06-30","10","947","1","0","Netherlands","","181","5.13","3.33","60","0.95","50","0.38","3.28","0.1","0.1","0.06","0","0.19","50","50","0","0","0.19","0","2.09","45.45","0.29","0.57","0.1","29.18","87.3","6.27","74.24","1.62","47.06","0.02","0","0","0","0.19","2.57","74.07","0.57","66.67","0.38","3.33","65.71"
"J. Schouten","Netherlands 1.","PSV","RCB, DMF, RCMF","28","28000000","","10","946","1","2","Netherlands","right","185","9.23","5.52","68.97","1.71","50","0.48","7.61","0.67","0.1","0.06","0","0.86","33.33","11.111","0.1","100","0.29","66.67","3.23","26.47","0.38","1.14","0","60.6","91.84","19.31","84.73","1.71","72.22","0.04","0","0.1","100","0.29","8.18","89.53","0.86","88.89","0.76","8.85","78.49"
"S. Floranus","Netherlands 1.","PEC Zwolle","LB","27","700000","2027-06-30","10","940","0","1","Netherlands","right","181","9.1","5.84","60.66","1.34","50","0.19","5.92","1.15","0","0.02","0","0.19","50","0","1.91","30","1.44","33.33","3.54","32.43","1.53","1.53","0.19","37.05","82.69","14.36","77.33","2.87","56.67","0.09","0.19","0.1","0","0.48","3.73","71.79","1.63","64.71","0.57","6.89","68.06"
"D. Mirani","Netherlands 1.","Heracles","RCB, CB","29","550000","2027-06-30","10","940","1","0","Netherlands","right","183","9.57","5.27","72.73","5.46","64.91","0.86","6.09","0.67","0.1","0.04","0.1","0.29","66.67","33.333","0.29","66.67","0.38","75","0.67","57.14","0.38","0.67","0","42.51","88.06","17.23","75.56","5.55","48.28","0","0","0.1","0","0","6.41","70.15","0.48","20","0","6.89","66.67"
"J. Hardeveld","Netherlands 1.","Telstar","LWB, LCB, LB","30","350000","","10","935","1","2","Netherlands","left","184","8.09","5.78","66.67","1.64","52.94","0.39","4.94","1.93","0.1","0.06","0.1","0.77","37.5","12.5","3.18","45.45","0.48","40","1.83","31.58","1.16","1.35","0","39.47","73.41","17.52","64.84","7.12","52.7","0.28","0","0","0","0.96","7.22","60","4.24","52.27","0.96","12.51","70.77"
"R. Zerrouki","Netherlands 1.","Twente","RDMF, LDMF, DMF","27","9000000","","10","930","1","1","Netherlands","right","183","6.58","4.55","61.7","4.45","39.13","0.19","4.86","0.68","0.1","0.04","0","0.97","40","10","0.39","0","0.48","60","1.84","36.84","0.29","1.06","0","47.13","87.27","15.68","77.16","4.65","62.5","0.08","0.1","0","0","0.1","10.35","83.18","1.35","64.29","0.77","6.68","84.06"
"K. de Rooij","Netherlands 1.","PEC Zwolle","LAMF, LW, LWF","24","350000","2026-06-30","10","929","2","3","Netherlands","right","184","4.46","3.78","48.72","3.58","40.54","0","2.63","1.74","0.19","0.2","0","1.16","16.67","16.667","1.26","23.08","1.84","68.42","8.82","38.46","2.91","2.52","0.39","16.95","73.14","4.17","58.14","0.78","37.5","0.2","0","0.1","0","0.68","1.36","42.86","1.36","64.29","1.26","2.71","67.86"
"S. Ouaissa","Netherlands 1.","NEC","RWB, RW","21","0","2028-06-30","10","924","2","1","Netherlands","left","0","4.48","4.87","56","2.24","34.78","0","2.95","4.68","0.19","0.12","0","1.56","25","12.5","3.51","22.22","5.65","60.34","12.66","46.15","4.48","3.7","0.39","30.29","75.24","6.14","63.49","1.17","41.67","0.17","0.19","0.1","100","0.88","2.14","63.64","3.9","60","2.05","4.38","80"
"T. Noslin","Netherlands 1.","Telstar","RWB, RB","23","0","2027-06-30","10","922","1","1","Curaçao","","0","11.03","9.08","60.22","2.15","36.36","0.68","5.91","4","0.1","0.15","0","1.85","52.63","5.263","2.64","44.44","2.83","65.52","7.13","42.47","2.15","2.25","0.39","31.92","72.48","13.57","52.52","5.47","41.07","0.07","0","0.1","0","0.68","4.3","54.55","3.71","50","0.88","8.3","68.24"
"T. van Bergen","Netherlands 1.","Groningen","CF, AMF, RW","21","0","2026-06-30","10","918","1","1","Netherlands","right","180","5.29","5.59","56.14","7.06","31.94","0.1","2.89","1.67","0.1","0.14","0","0.98","50","10","0.59","0","2.06","52.38","10.29","38.1","3.73","1.76","0.29","17.75","79.56","4.51","67.39","0.59","83.33","0.04","0.1","0.1","100","0.2","1.67","76.47","1.18","75","1.18","2.16","77.27"
"A. Carlén","Netherlands 1.","Excelsior","LDMF, LCMF, RDMF","25","900000","2027-06-30","10","918","0","1","Sweden","right","193","8.82","5.98","62.3","2.65","59.26","0.49","5.02","0.29","0","0.02","0","0.49","20","0","0.1","0","0.59","33.33","2.75","50","0.49","0.2","0","32.16","85.37","8.92","71.43","2.06","47.62","0.01","0","0","0","0.1","4.12","71.43","0.69","28.57","0.2","3.53","55.56"
"O. Braude","Netherlands 1.","Heerenveen","RB","21","0","2027-06-30","9","917","0","2","Norway","right","166","8.54","5.99","68.85","3.93","57.5","0.39","5.95","2.16","0","0.05","0","0.39","0","0","2.65","44.44","1.47","60","5.4","50.91","1.28","0.88","0.39","42.69","76.09","16.49","61.31","8.15","42.17","0.08","0","0.1","100","0.39","6.28","51.56","3.24","54.55","0.79","9.13","68.82"
"T. Watanabe","Netherlands 1.","Feyenoord","LCB, RCB","28","7000000","2027-06-30","9","907","0","0","Japan","right","186","6.45","4.17","59.52","4.86","71.43","0.69","5.44","0.4","0","0.09","0","0.69","14.29","0","0.1","100","0.2","100","0.89","55.56","1.19","0.69","0","50.8","91.8","14.39","74.48","3.77","55.26","0","0","0.1","0","0","5.85","79.66","0.6","66.67","0.3","6.35","68.75"
"J. Kramer","Netherlands 1.","Go Ahead Eagles","LCB","29","1200000","2028-06-30","9","900","0","1","Netherlands","left","187","8.7","3.7","72.97","3.3","54.55","0.8","8.04","1.2","0","0.06","0","0.4","50","0","1.3","61.54","0.3","66.67","0.8","50","0.8","2","0.1","58.8","89.8","21.2","83.02","6.1","59.02","0.05","0","0","0","0.4","9.3","80.65","2.1","66.67","0.5","11.1","73.87"
"M. Deijl","Netherlands 1.","Go Ahead Eagles","RB","28","1200000","","9","900","0","1","Netherlands","right","181","6.1","5.3","56.6","3.4","58.82","0.9","4.15","2","0","0.15","0","0.7","42.86","0","2.4","37.5","0.8","100","3","66.67","2","0.6","0.1","34.9","81.66","12.8","70.31","5.2","50","0.15","0","0","0","0.3","5.9","67.8","3.2","46.88","0.7","7.5","73.33"
"J. De Busser","Netherlands 1.","Go Ahead Eagles","GK","25","500000","2027-06-30","9","900","0","0","Belgium","right","190","0.9","0","0","0.6","100","0","1.21","0","0","0","0","0","0","0","0","0","0","0","0.2","100","0","0","0","31.2","82.37","20.2","73.27","12","55","0","0","0","0","0","3.2","53.13","0.2","50","0.1","9.2","64.13"
"I. Saibari","Netherlands 1.","PSV","CF, LCMF, AMF","24","16000000","2029-06-30","10","896","6","1","Morocco","right","185","4.52","3.62","63.89","1.21","33.33","0.2","3.08","4.12","0.6","0.59","0.1","3.52","42.86","17.143","1.51","33.33","3.31","57.58","10.95","33.03","5.73","3.42","0.4","37.57","82.62","8.54","76.47","0.5","20","0.16","0.1","0.2","100","0.7","3.42","76.47","2.31","60.87","1.61","4.12","73.17"
"D. Bielica","Netherlands 1.","NAC Breda","GK","26","800000","2026-06-30","9","890","0","0","Poland","right","191","0.91","0.1","0","0.51","100","0","1.13","0","0","0","0","0","0","0","0","0","0","0","0.1","100","0","0","0","22.25","85.91","13.75","77.21","12.13","75.83","0","0","0","0","0","1.72","47.06","0","0","0","9.71","83.33"
"T. de Jonge","Netherlands 1.","Groningen","RDMF, RCMF","22","0","2028-06-30","10","890","1","0","Netherlands","right","173","8.8","6.67","66.67","1.62","31.25","0.2","5.04","1.52","0.1","0.09","0","1.11","27.27","9.091","1.11","54.55","1.01","60","3.24","34.38","0.71","0.4","0","32.66","78.33","10.21","65.35","3.34","45.45","0.05","0","0","0","0.2","5.46","74.07","1.62","50","0.4","5.66","62.5"
"L. Unnerstall","Netherlands 1.","Twente","GK","35","3500000","2027-06-30","9","889","0","0","Germany","right","198","0.4","0","0","0.1","0","0","0.59","0","0","0","0","0","0","0","0","0","0","0","0","0","0","0","0","19.34","83.77","12.76","75.4","9.01","67.42","0","0","0","0","0","1.11","72.73","0","0","0","8.5","73.81"
"H. Veerman","Netherlands 1.","Volendam","CF","34","450000","2026-06-30","10","889","2","1","Netherlands","right","201","1.82","1.32","61.54","4.56","40","0","1.17","1.01","0.2","0.2","0","1.42","35.71","14.286","0.3","0","0.91","44.44","3.14","22.58","2.83","0.1","0","9.82","69.07","2.33","65.22","0.51","40","0.01","0","0.1","100","0.1","1.72","58.82","0.51","20","0.3","1.32","61.54"
"R. Pröpper","Netherlands 1.","Twente","LCB, RCB","32","3000000","2027-06-30","10","889","0","0","Netherlands","right","190","8.61","5.97","67.8","6.88","50","1.01","5.88","0.71","0","0.1","0","0.91","22.22","0","0.71","28.57","0.3","100","1.01","50","1.01","1.21","0","58.41","84.58","25.41","72.51","9.52","55.32","0.01","0","0","0","0.1","9.72","71.88","1.92","52.63","0.71","10.93","65.74"
"V. Jaroš","Netherlands 1.","Ajax","GK","24","5000000","","9","888","0","0","Czech Republic","right","190","0.71","0","0","0.41","100","0","1.02","0","0","0","0","0","0","0","0","0","0","0","0.1","100","0","0","0","29.9","89.83","15.91","80.89","8.82","66.67","0","0","0","0","0","1.32","53.85","0.1","100","0.1","7.4","75.34"
"Y. Taha","Netherlands 1.","Groningen","CF, AMF, RAMF","22","0","2027-06-30","10","883","2","3","Netherlands","left","176","4.69","5.3","55.77","1.33","23.08","0","2.07","3.16","0.2","0.15","0","1.63","56.25","12.5","3.87","26.32","3.67","33.33","9.38","26.09","1.43","1.94","0.31","21.91","68.37","5.2","58.82","1.73","47.06","0.18","0","0","0","0.61","1.94","52.63","3.87","42.11","1.02","3.36","90.91"
"D. Vente","Netherlands 1.","Heerenveen","CF","26","800000","2026-05-31","10","882","5","1","Netherlands","right","181","4.18","2.24","68.18","7.14","28.57","0","3.77","1.73","0.31","0.51","0","2.45","41.67","20.833","0.41","50","0.82","62.5","3.47","32.35","4.59","0.61","0.31","17.24","73.96","4.39","48.84","1.43","57.14","0.05","0","0.1","0","0.2","2.86","53.57","0.92","66.67","1.02","2.04","60"
"G. Nauber","Netherlands 1.","Go Ahead Eagles","RCB","33","450000","2026-06-30","9","881","2","0","Germany","right","185","7.15","3.17","70.97","5.11","60","1.23","5.97","0.72","0.2","0.12","0.1","0.82","75","25","0.2","50","0","0","0.31","0","0.92","0.41","0","46.99","88.91","13.18","73.64","4.9","43.75","0.02","0","0","0","0.1","5.82","75.44","0.72","14.29","0.1","7.15","64.29"
"Y. Baas","Netherlands 1.","Ajax","LCB","22","1000000","2028-06-30","9","880","1","0","Netherlands","left","182","9.31","5.01","65.31","2.25","36.36","0.92","8.13","1.43","0.1","0.12","0.1","0.31","100","33.333","0.31","33.33","1.33","69.23","4.6","57.78","0.72","3.07","0.1","68.01","92.93","25.26","85.43","4.7","60.87","0.01","0.1","0.1","100","0.1","8.69","85.88","1.13","36.36","0.51","8.8","70.93"
"J. Trenskow","Netherlands 1.","Heerenveen","RAMF, RW","24","1800000","2028-06-30","10","878","4","1","Denmark","right","178","2.56","1.64","56.25","1.95","26.32","0.1","2.34","4.2","0.41","0.34","0","2.87","42.86","14.286","2.97","37.93","3.49","52.94","6.87","46.27","5.33","2.56","0.82","28.5","83.09","5.33","71.15","1.54","46.67","0.23","0","0","0","1.13","2.26","72.73","3.18","70.97","1.54","4.1","77.5"
"Alexandre Penetra","Netherlands 1.","AZ","LCB","24","4500000","2028-06-30","9","873","1","0","Portugal","right","186","7.73","4.02","66.67","4.95","43.75","0.72","6.63","0.41","0.1","0.09","0","0.52","40","20","0.21","100","0","0","0.21","50","0.62","0.52","0.1","55.05","92.51","19.28","82.89","3.92","57.89","0.01","0","0","0","0.1","6.29","83.61","0.41","50","0","7.63","75.68"
"S. El Karouani","Netherlands 1.","Utrecht","LB","25","2400000","2026-06-30","9","873","2","5","Netherlands","left","178","7.73","7.73","58.67","2.27","22.73","0.1","3.6","4.64","0.21","0.04","0","1.24","41.67","16.667","4.95","39.58","3.3","62.5","5.77","51.79","1.44","1.75","0.52","39.38","76.96","14.74","72.03","4.85","40.43","0.24","0","0.1","100","0.52","4.74","69.57","4.33","54.76","0.52","9.48","71.74"
"A. Ueda","Netherlands 1.","Feyenoord","CF","27","8000000","2028-06-30","10","868","11","0","Japan","right","182","2.07","1.87","38.89","5.81","42.86","0","1.95","3.73","1.14","0.61","0.21","3.32","68.75","34.375","0.41","75","1.87","61.11","8.19","29.11","4.46","0.1","0","12.13","81.2","2.18","76.19","0.41","0","0.08","0","0","0","0.31","0.73","42.86","0.31","0","0.41","0.62","50"
"T. Chery","Netherlands 1.","NEC","AMF, RCMF, CF","37","350000","2028-06-30","9","867","3","2","Netherlands","left","171","2.7","1.66","75","0.21","0","0.21","2.5","3.32","0.1","0.51","0","3.22","58.06","9.677","1.87","11.11","1.66","62.5","4.67","53.33","2.08","1.35","0","34.98","81.31","10.69","76.7","3.01","51.72","0.07","0.1","0.31","66.67","0.31","4.78","73.91","3.84","54.05","1.66","4.88","87.23"
"W. Goes","Netherlands 1.","AZ","RCB","21","0","2028-06-30","9","860","0","0","Netherlands","right","187","6.91","2.93","71.43","3.35","50","0.94","6.21","0.21","0","0","0","0","0","0","0.42","25","0.21","0","1.67","43.75","0.63","3.14","0","56.83","89.5","24.91","78.99","6.49","61.29","0.01","0","0.1","100","0.1","9.1","74.71","1.47","35.71","0.42","10.36","83.84"
"N. Bukala","Netherlands 1.","Volendam","LDMF, RDMF","20","0","","10","860","1","1","Netherlands","unknown","0","8.9","6.7","50","1.88","50","0.1","5.39","0.42","0.1","0.15","0","0.63","33.33","16.667","0.1","100","0.31","33.33","2.93","35.71","0.84","0.21","0","24.49","86.75","5.97","84.21","1.47","71.43","0.01","0","0","0","0.21","2.51","87.5","0.21","100","0.31","2.72","61.54"
"K. Kostons","Netherlands 1.","PEC Zwolle","CF","26","750000","2027-06-30","10","859","6","2","Belgium","right","186","3.14","4.61","47.73","4.92","38.3","0","0.99","1.68","0.63","0.32","0.21","2.2","52.38","28.571","0.42","0","0.94","55.56","5.55","20.75","2.72","0.94","0.52","21.06","76.12","4.82","54.35","1.26","58.33","0.08","0.1","0","0","0.31","2.72","65.38","1.05","40","0.73","2.72","53.85"
"A. Zagré","Netherlands 1.","Excelsior","LB","24","1300000","2026-06-30","9","859","0","0","France","left","168","10.37","7.23","59.42","1.15","45.45","0.63","6.77","1.36","0","0.06","0","1.05","10","0","1.57","20","1.68","50","5.76","34.55","1.15","1.89","0.42","31.54","81.06","11.42","67.89","3.98","47.37","0.02","0","0.1","100","0","3.88","78.38","1.57","46.67","0.63","6.18","57.63"
"Yarek Gasiorowski","Netherlands 1.","PSV","LCB","20","0","2030-06-30","10","857","1","1","Spain","left","190","8.09","4.73","66.67","3.68","62.86","0.84","6.52","0.53","0.21","0.07","0.21","0.63","50","33.333","0","0","0.11","0","1.79","29.41","0.84","1.68","0","59.33","89.73","23.31","79.28","4.94","40.43","0.01","0","0.21","100","0.11","8.09","74.03","0.42","50","0.11","10.29","71.43"
"G. de Regt","Netherlands 1.","Excelsior","LAMF, LW","22","0","2027-06-30","10","855","1","1","Netherlands","right","175","4.32","4.84","50","1.89","33.33","0.21","2.07","3.89","0.11","0.16","0","1.05","40","10","4.11","23.08","4.32","58.54","7.79","47.3","1.89","2.11","0.42","22.32","64.62","4.53","51.16","1.58","33.33","0.25","0","0.11","0","0.42","1.58","46.67","3.16","26.67","0.32","3.47","72.73"
"M. Rots","Netherlands 1.","Twente","LB","19","0","2027-06-30","10","849","1","2","Netherlands","left","185","8.06","7.63","58.33","1.38","38.46","0.11","4.9","1.91","0.11","0.04","0","0.85","25","12.5","2.33","31.82","1.59","53.33","8.27","32.05","1.7","2.33","0.21","42.4","79.75","14.95","67.38","4.56","37.21","0.13","0","0.11","100","0.64","4.77","66.67","2.86","59.26","1.38","8.16","66.23"
"A. Ahmedhodžić","Netherlands 1.","Feyenoord","RCB","26","18000000","2026-06-30","9","849","0","0","Sweden","right","190","7.1","3.39","75","4.13","58.97","0.21","6.19","0.21","0","0.01","0","0.32","0","0","0","0","0.21","100","2.01","78.95","0.53","1.8","0","47.81","90.24","13.89","80.92","2.44","34.78","0.01","0","0","0","0.11","5.83","78.18","0.32","100","0.32","6.36","65"
"L. Brouwers","Netherlands 1.","Heerenveen","LDMF, RCMF, LCMF","27","2000000","","9","842","1","1","Netherlands","right","183","5.77","4.28","52.5","2.78","42.31","0.21","4.52","0.53","0.11","0.25","0","1.6","13.33","6.667","0.53","20","0.43","25","1.82","47.06","2.03","1.18","0.11","34.31","83.8","10.05","73.4","1.39","46.15","0.06","0","0.21","50","0.11","4.17","84.62","1.5","50","0.86","5.34","62"
"D. Limnios","Netherlands 1.","Fortuna Sittard","RAMF, RB","27","900000","2027-06-30","10","840","0","2","Greece","right","178","6.43","6.75","53.97","2.36","22.73","0.11","3.71","3.11","0","0.03","0","0.64","83.33","0","2.57","50","2.36","54.55","5.68","56.6","2.04","2.14","0.11","30","77.14","9.11","71.76","1.93","50","0.18","0","0.11","0","0.64","2.04","73.68","2.36","59.09","1.07","4.71","75"
"T. Oosting","Netherlands 1.","PEC Zwolle","AMF, RCMF","25","700000","2027-06-30","10","839","1","0","Netherlands","left","176","8.37","7.83","60.27","1.82","35.29","0.11","3.35","1.5","0.11","0.13","0","1.18","27.27","9.091","0.97","44.44","1.18","63.64","3.11","44.83","1.61","1.29","0","27.35","72.55","8.15","53.95","2.79","42.31","0.13","0","0.32","0","0.32","4.4","68.29","2.47","30.43","0.97","4.72","63.64"
"D. Kasius","Netherlands 1.","AZ","RB","23","2000000","2027-06-30","9","837","2","0","Netherlands","right","183","7.42","5.16","58.33","0.75","28.57","0.32","5.88","3.01","0.22","0.08","0","1.4","30.77","15.385","4.09","36.84","2.26","47.62","5.27","42.86","3.12","2.26","0.43","39.78","76.49","10.43","63.92","3.76","45.71","0.2","0","0","0","0.75","3.66","67.65","3.23","50","0.54","8.28","63.64"
"M. Balard","Netherlands 1.","NAC Breda","RDMF, LDMF, RCMF","24","450000","2027-06-30","9","834","0","0","Australia","right","178","7.66","6.58","57.38","1.73","37.5","0.43","4.47","0.65","0","0.02","0","0.43","0","0","0.11","0","1.08","60","3.67","50","0.65","1.08","0.32","39.71","85.33","14.03","74.62","2.16","50","0.03","0","0","0","0.22","7.01","73.85","0.76","57.14","0.65","5.29","71.43"
"K. Hlynsson","Netherlands 1.","Twente","AMF, RCMF","21","7000000","2026-06-30","10","834","2","2","Denmark","right","179","5.72","4.32","65","2.16","30","0.22","4.2","3.02","0.22","0.37","0.11","3.99","45.95","5.405","1.19","36.36","1.83","41.18","6.15","35.09","4.32","1.4","0.11","35.18","81.29","8.31","64.94","2.16","50","0.12","0.11","0","0","0.43","3.99","67.57","1.73","68.75","1.29","4.1","68.42"
"G. Zechiël","Netherlands 1.","Utrecht","LDMF, LCMF, AMF","21","0","2028-06-30","9","831","2","0","Netherlands","right","185","5.09","3.68","70.59","1.08","40","0.43","3.06","2.06","0.22","0.22","0.11","2.17","30","10","0.43","0","2.06","52.63","6.28","34.48","2.17","2.82","0.65","38.34","88.14","10.07","81.72","2.6","79.17","0.11","0.11","0.43","75","0.32","5.74","83.02","1.95","38.89","0.76","4.98","84.78"
"R. Hillen","Netherlands 1.","NAC Breda","LCB","22","500000","2026-06-30","9","828","0","0","Netherlands","left","187","9.13","5.76","71.7","4.67","65.12","0.43","5.94","0.76","0","0.11","0","0.76","42.86","0","0.22","50","0.65","50","2.28","57.14","1.52","0.87","0.11","43.91","89.36","18.04","79.52","5.11","61.7","0","0","0","0","0","5.11","76.6","0.22","0","0","6.85","71.43"
"S. Dest","Netherlands 1.","PSV","RB, LB, RCB","24","22000000","","9","828","1","1","Netherlands","right","173","6.2","7.39","58.82","0.98","55.56","0.33","2.65","2.5","0.11","0.05","0","0.98","33.33","11.111","2.39","13.64","2.83","61.54","8.37","42.86","2.07","2.72","0.54","53.59","86.82","19.67","84.53","0.54","20","0.15","0.22","0.11","100","0.54","6.3","86.21","2.93","40.74","1.2","8.48","83.33"
"S. Horemans","Netherlands 1.","Utrecht","RB","27","1200000","","9","827","0","0","Belgium","right","186","6.31","5.99","63.64","2.61","41.67","0.11","3.07","1.52","0","0.05","0","0.44","0","0","2.39","50","0.54","60","2.07","47.37","0.98","0","0","41.35","84.47","17.63","78.4","3.92","61.11","0.1","0","0","0","0.98","3.7","76.47","2.5","56.52","0.65","10.45","75"
"J. Schreuders","Netherlands 1.","Groningen","LAMF, LW","21","0","2027-06-30","10","826","0","0","Netherlands","right","188","6.21","5.12","68.09","0.87","25","0","3.62","2.4","0","0.14","0","1.2","63.64","0","0.87","25","2.4","59.09","7.63","48.57","2.18","1.42","0.11","26.04","83.68","6.54","66.67","1.31","50","0.07","0","0.22","0","0.22","1.96","55.56","1.31","50","1.09","4.47","63.41"
"Iván Márquez","Netherlands 1.","Fortuna Sittard","LCB, CB, RCB","31","600000","2026-06-30","10","826","0","0","Spain","right","191","8.61","4.79","68.18","5.45","56","0.65","6.4","0.22","0","0.04","0","0.54","40","0","0","0","0","0","0.11","100","0.76","0.22","0.11","42.82","87.28","13.84","72.44","5.12","38.3","0","0","0","0","0","3.49","50","0.11","0","0","5.01","54.35"
"I. Perišić","Netherlands 1.","PSV","LWF, CF, LW","36","2000000","2027-06-30","9","824","1","5","Croatia","both","186","5.46","4.26","56.41","1.53","64.29","0","3.61","5.13","0.11","0.25","0.11","2.51","30.43","4.348","4.26","35.9","3.5","81.25","5.13","61.7","5.35","3.06","0.44","37.03","78.17","9.28","67.06","3.17","65.52","0.2","0","0.11","0","1.2","3.6","66.67","3.06","46.43","1.09","5.68","75"
"M. Rivera","Netherlands 1.","Heerenveen","LAMF, LW","23","300000","2026-06-30","10","822","0","1","France","right","168","4.71","5.47","56","2.19","15","0","2.18","5.58","0","0.17","0","2.08","36.84","0","4.38","27.5","6.79","53.23","10.4","41.05","4.27","4.49","0.77","26.39","71.78","6.13","76.79","1.53","28.57","0.16","0.11","0","0","0.77","1.42","84.62","5.26","54.17","2.41","5.26","83.33"
"B. Martins Indi","Netherlands 1.","Sparta Rotterdam","LCB","33","1000000","","9","822","0","0","Portugal","left","185","9.42","4.6","66.67","5.91","75.93","0.99","6.71","0.33","0","0.03","0","0.33","66.67","0","0.11","100","0.11","0","0.66","33.33","0.44","0.22","0","39.31","88.02","12.26","75.89","6.02","65.45","0","0.11","0","0","0","4.38","70","0.44","75","0.22","6.13","73.21"
"J. Veerman","Netherlands 1.","PSV","LCMF, LDMF","26","40000000","2028-06-30","9","820","4","4","Netherlands","right","185","9.33","4.72","62.79","2.2","55","0.22","9.12","2.2","0.44","0.09","0","1.43","53.85","30.769","0.99","44.44","0.88","50","3.29","40","0.66","0.88","0.11","54.66","83.13","21.4","69.74","6.48","52.54","0.25","0.22","0.99","55.56","1.1","12.51","75.44","3.95","66.67","2.52","11.41","82.69"
"M. Nassoh","Netherlands 1.","NAC Breda","AMF, LWF, RW","22","700000","","10","814","3","0","Netherlands","right","188","6.3","5.75","71.15","1.22","36.36","0","2.42","3.43","0.33","0.29","0","1.77","43.75","18.75","1.66","46.67","3.76","50","8.07","38.36","2.99","1.88","0.66","32.06","81.72","8.51","66.23","1.55","71.43","0.09","0","0.11","0","0.33","4.42","77.5","1.44","53.85","0.88","4.75","72.09"
"R. Thomas","Netherlands 1.","PEC Zwolle","DMF, RDMF, LCMF","30","900000","2027-06-30","9","808","0","0","New Zealand","right","175","10.92","5.35","52.08","2.78","48","0.45","8.85","1.67","0","0.03","0","0.89","25","0","0.67","50","1.45","76.92","3.56","56.25","0.56","1.45","0.45","36.87","84.59","11.7","69.52","2.67","41.67","0","0","0.33","0","0.22","5.12","69.57","1.78","37.5","0.33","5.01","62.22"
"P. Brouwer","Netherlands 1.","Telstar","AMF, LW","24","0","2028-06-30","10","805","2","0","Netherlands","right","176","5.03","5.14","65.22","1.79","43.75","0","1.76","2.8","0.22","0.28","0","1.79","56.25","12.5","2.35","23.81","2.35","47.62","5.14","50","3.24","2.12","0.22","22.7","67.98","6.71","61.67","0.89","37.5","0.08","0.11","0.11","100","0.22","2.46","68.18","2.57","56.52","1.12","4.58","73.17"
"I. Bronkhorst","Netherlands 1.","Excelsior","RB","28","350000","","10","797","0","0","Netherlands","right","185","10.39","7.45","63.64","6.21","58.18","0.45","5.71","1.47","0","0.01","0","0.34","0","0","2.6","30.43","1.24","54.55","4.4","35.9","0.45","2.03","0.68","36.47","74.3","15.58","68.84","4.29","42.11","0.13","0","0","0","0.79","4.97","50","3.73","39.39","0.68","7.68","69.12"
"W. Weghorst","Netherlands 1.","Ajax","CF","33","6000000","2026-06-30","9","795","6","1","Netherlands","right","197","2.6","1.81","56.25","5.43","62.5","0.34","2.09","1.36","0.68","0.39","0.23","2.04","50","33.333","0.34","33.33","0.57","40","7.36","26.15","5.43","0.34","0.23","19.58","78.61","4.64","65.85","0.91","62.5","0.09","0.23","0.11","0","0.68","2.26","85","0.91","50","1.7","1.7","73.33"
"M. van Bergen","Netherlands 1.","Sparta Rotterdam","RWF, RAMF","26","900000","2027-06-30","9","794","1","0","Netherlands","right","170","3.51","2.95","38.46","0.11","0","0","2.63","6.8","0.11","0.22","0","2.27","20","5","6.8","31.67","7.03","59.68","9.41","48.19","3.17","4.08","0.79","26.18","70.13","4.87","62.79","1.13","50","0.14","0.11","0","0","0.57","0.91","25","5.1","42.22","0.68","4.53","65"
"A. Hadj-Moussa","Netherlands 1.","Feyenoord","RWF, RAMF","23","2000000","2030-06-30","9","793","4","1","France","left","176","4.99","4.43","66.67","1.02","11.11","0","2.77","5.9","0.45","0.24","0","2.5","45.45","18.182","3.63","21.88","7.49","51.52","12.71","43.75","4.2","3.97","0.34","25.54","70.67","6.81","58.33","1.82","50","0.21","0.11","0.11","100","0.91","1.93","70.59","4.43","41.03","1.93","4.2","78.38"
"P. Clement","Netherlands 1.","Sparta Rotterdam","LCMF, DMF, AMF","29","900000","2026-06-30","9","791","1","0","Netherlands","right","177","6.6","3.64","56.25","1.82","50","0.57","4.7","0.34","0.11","0.06","0","0.46","50","25","0.11","0","0.23","50","2.96","38.46","0.8","1.25","0.34","24.24","81.22","8.53","65.33","2.28","55","0.05","0","0","0","0.23","3.3","55.17","1.25","54.55","0.46","2.62","60.87"
"D. Janse","Netherlands 1.","Groningen","LCB","19","0","2029-06-30","8","787","0","0","Netherlands","left","196","5.95","3.89","61.76","4.69","34.15","0.57","4.2","0.34","0","0.02","0","0.11","100","0","0.23","50","0.11","100","1.26","81.82","0.8","0.23","0","43.68","85.86","16.12","73.76","5.15","42.22","0","0","0","0","0","5.03","63.64","0.69","16.67","0.11","6.75","62.71"
"T. de Graaff","Netherlands 1.","PEC Zwolle","GK","20","0","2027-06-30","8","783","0","0","Netherlands","left","193","1.84","0.11","100","0.23","100","0","1.84","0","0","0","0","0","0","0","0","0","0","0","0.11","0","0","0","0","19.54","85.29","10.8","74.47","6.9","63.33","0","0","0","0","0","1.72","33.33","0.11","0","0","5.4","74.47"
"R. Owusu-Oduro","Netherlands 1.","AZ","GK","21","0","2030-06-30","8","778","0","0","Netherlands","right","189","1.16","0","0","0.46","50","0","1.7","0","0","0","0","0","0","0","0.12","0","0","0","0.12","0","0.12","0","0","22.1","81.15","12.96","69.64","8.91","58.44","0","0","0","0","0","2.66","26.09","0.46","25","0.12","7.06","75.41"
"F. de Keijzer","Netherlands 1.","Heracles","GK","25","500000","","8","778","0","0","Netherlands","right","193","0.93","0","0","0","0","0","1.07","0","0","0","0","0","0","0","0","0","0","0","0","0","0","0","0","26.95","79.83","20.59","75.28","17.58","69.74","0","0","0","0","0","6.59","71.93","0.23","50","0.12","14.81","82.81"
"A. Engwanda","Netherlands 1.","Utrecht","RDMF, RCMF","22","0","","9","777","0","0","Belgium","right","183","10.19","8.92","66.23","1.62","57.14","0.12","5.22","0.69","0","0","0","0.23","50","0","0.35","33.33","0.69","66.67","3.59","45.16","0.12","0.58","0.12","40.77","85.23","11.12","71.88","2.32","20","0.01","0.12","0","0","0.12","5.44","72.34","0.93","50","0.35","4.17","47.22"
"S. van Hooijdonk","Netherlands 1.","NAC Breda","CF","25","4000000","2026-06-30","9","777","5","0","Netherlands","right","190","2.66","2.43","71.43","6.49","42.86","0","1","1.51","0.35","0.38","0.12","2.08","44.44","27.778","0.35","0","1.16","50","6.83","27.12","2.78","0.58","0","15.75","75.74","3.01","46.15","0.35","66.67","0.08","0.12","0","0","0.12","1.16","50","0.46","75","0.69","1.51","53.85"
"L. Valente","Netherlands 1.","Feyenoord","RCMF, RDMF, LCMF","22","0","2029-06-30","10","776","1","1","Netherlands","right","189","5.1","3.48","60","1.04","33.33","0.12","3.6","2.2","0.12","0.16","0","1.04","44.44","11.111","1.04","33.33","1.74","60","6.15","35.85","2.44","2.9","0.35","48.36","86.09","15.77","77.94","2.78","54.17","0.11","0.23","0.81","42.86","0.81","7.31","73.02","3.02","73.08","3.13","8.23","84.51"
"O. Aertssen","Netherlands 1.","PEC Zwolle","RB","21","0","2027-06-30","10","773","0","0","Netherlands","right","183","11.41","10.01","58.14","2.56","31.82","0.35","5.77","1.98","0","0.03","0","0.23","0","0","1.63","42.86","2.1","61.11","4.66","42.5","1.16","0.7","0.12","24.92","71.03","12.57","62.04","5.01","46.51","0.08","0","0","0","0.35","4.31","67.57","1.4","58.33","0.35","6.99","61.67"
"D. Proper","Netherlands 1.","NEC","LCMF, DMF, RCMF","23","6000000","","10","765","2","0","Netherlands","right","168","6","4.71","55","2.35","50","0","4.78","0.82","0.24","0.08","0.12","0.94","25","25","0.24","50","0.47","75","2.71","43.48","0.82","0.47","0","33.18","86.17","11.53","73.47","2.35","50","0.05","0","0.12","100","0.35","5.29","75.56","1.29","54.55","0.71","4.47","73.68"
"L. Holtby","Netherlands 1.","NAC Breda","LDMF, RDMF, LCMF","35","500000","","9","761","1","1","Germany","left","176","6.74","4.49","63.16","1.42","58.33","0.35","4.59","1.3","0.12","0.12","0","1.06","33.33","11.111","0.95","37.5","1.06","44.44","3.55","40","0.95","0.95","0.47","38.08","79.19","14.07","60.5","4.14","34.29","0.19","0.12","0.12","100","0.12","4.85","56.1","1.89","56.25","0.83","6.27","58.49"
"M. Linday","Netherlands 1.","Heerenveen","RDMF","22","500000","2028-06-30","10","759","0","0","Sweden","right","186","9.84","7.94","65.67","2.02","58.82","0.12","5.94","0.59","0","0.03","0","0.83","0","0","0.71","50","0.59","40","3.79","43.75","0.95","2.02","0.47","37","84.29","9.96","71.43","2.02","47.06","0.09","0","0.12","0","0.24","3.79","84.38","1.54","53.85","0.59","5.1","62.79"
"B. Limbombe","Netherlands 1.","Heracles","RW, RAMF, RWF","24","600000","2027-06-30","9","749","0","2","Belgium","right","172","3.36","4.09","52.94","1.08","22.22","0","1.21","3.85","0","0.09","0","1.32","45.45","0","3.48","34.48","3.24","62.96","8.29","43.48","1.56","2.4","0.48","21.87","72.53","5.53","67.39","0.84","42.86","0.18","0","0","0","0.84","1.56","76.92","3.48","58.62","0.84","4.21","68.57"
"R. Meissen","Netherlands 1.","Excelsior","LCB","23","650000","2026-06-30","10","748","0","1","Netherlands","right","190","9.51","4.69","58.97","1.8","46.67","1.08","7.14","0.36","0","0.02","0","0.48","25","0","0.12","0","0.12","100","0.84","57.14","0.72","0.72","0","32.61","85.98","12.15","71.29","3.13","53.85","0.04","0","0.12","100","0.12","4.09","61.76","0.36","33.33","0.24","3.73","67.74"
"J. Kitolano","Netherlands 1.","Sparta Rotterdam","DMF, LCMF, LDMF","24","4500000","2026-06-30","8","747","2","0","Norway","right","170","8.19","6.75","64.29","1.2","30","0.6","3.88","1.45","0.24","0.04","0","0.48","50","50","0.6","60","0.96","87.5","4.7","51.28","1.2","0.6","0.12","21.69","81.67","7.47","74.19","1.2","70","0.04","0","0","0","0.24","4.1","73.53","0.84","57.14","0.48","2.77","47.83"
"J. Toornstra","Netherlands 1.","Sparta Rotterdam","RCMF, RDMF","36","450000","","9","747","0","0","Netherlands","right","178","8.07","5.54","54.35","1.08","11.11","0.36","4.74","0.72","0","0.12","0","1.08","22.22","0","1.2","10","0.96","37.5","2.53","38.1","1.45","0.6","0.12","32.89","74.73","12.77","66.04","4.7","48.72","0.09","0","0.12","0","0.12","6.14","58.82","2.41","20","0.36","6.51","68.52"
"I. Yegoian","Netherlands 1.","Excelsior","AMF, CF, RCMF","21","0","2028-06-30","8","746","1","1","Georgia","right","168","5.19","4.34","63.89","1.21","20","0.36","2.54","1.57","0.12","0.21","0","1.69","21.43","7.143","1.93","31.25","1.45","33.33","5.79","27.08","2.17","0.97","0.24","27.02","83.93","6.88","75.44","2.17","55.56","0.11","0.12","0.12","100","0.48","2.41","90","1.81","53.33","0.6","3.5","82.76"
"M. Bruns","Netherlands 1.","Twente","RCB","22","800000","","8","743","1","0","Netherlands","right","183","8.24","3.15","73.08","4.24","42.86","0.85","8.41","0.48","0.12","0.06","0.12","0.36","33.33","33.333","0.36","33.33","0.36","66.67","1.57","76.92","0.48","1.21","0.24","51.36","88.21","19.38","76.25","6.3","73.08","0.02","0","0","0","0","7.51","85.48","0.85","57.14","0.73","9.08","68"
"K. Smit","Netherlands 1.","AZ","DMF, RCMF, LCMF","19","0","2028-06-30","8","732","1","2","Netherlands","right","180","5.41","5.04","56.1","0.98","25","0.25","3.23","2.46","0.12","0.06","0","1.6","7.69","7.692","0.98","25","2.83","73.91","7.62","50","1.48","1.97","0.37","43.03","87.71","12.91","77.14","2.21","55.56","0.21","0","0","0","0.49","5.16","80.95","2.95","62.5","1.97","5.78","82.98"
"D. James","Netherlands 1.","Go Ahead Eagles","LB","25","250000","2028-06-30","9","732","0","1","Netherlands","left","176","6.27","5.9","58.33","0.74","33.33","0","2.54","1.84","0","0.05","0","0.25","50","0","4.67","23.68","0.86","71.43","2.34","47.37","1.35","1.48","0.12","34.8","77.39","8.48","69.57","2.95","37.5","0.13","0","0","0","0.25","3.07","56","3.57","31.03","0.12","5.16","69.05"
"G. Til","Netherlands 1.","PSV","CF, RCMF, RWB","27","12000000","2028-06-30","10","731","4","1","Zambia","right","186","2.95","2.83","60.87","2.71","31.82","0.25","1.86","1.72","0.49","0.55","0","2.34","42.11","21.053","1.72","28.57","0.62","40","4.56","29.73","5.17","0.98","0.12","23.76","82.38","4.31","80","0","0","0.13","0","0","0","0.98","1.72","85.71","1.35","27.27","1.11","1.97","75"
"M. Suray","Netherlands 1.","Go Ahead Eagles","LAMF, RAMF","24","800000","2027-06-30","9","728","1","0","Belgium","right","173","5.56","5.56","46.67","1.61","7.69","0.25","2.66","1.61","0.12","0.31","0","1.73","35.71","7.143","1.98","31.25","0.99","25","4.45","25","2.23","1.98","0.12","23.61","80.1","6.06","63.27","1.36","36.36","0.01","0.12","0.25","50","0.37","1.85","80","2.35","52.63","0.49","4.45","75"
"M. Amevor","Netherlands 1.","Volendam","RCB, LCB","33","250000","2026-06-30","8","728","0","1","Netherlands","right","191","6.06","2.72","72.73","2.97","45.83","0.49","4.6","0","0","0","0","0","0","0","0","0","0.12","0","0.87","28.57","0","0.49","0.12","41.91","89.97","15.45","79.2","4.08","57.58","0","0","0","0","0","3.96","68.75","0.12","0","0","5.69","63.04"
"V. Barkas","Netherlands 1.","Utrecht","GK","31","3000000","2028-06-30","8","726","0","0","Netherlands","left","195","1.36","0.25","50","0.12","100","0","1.58","0","0","0","0","0","0","0","0","0","0","0","0.12","0","0","0","0","25.04","87.13","9.3","69.33","7.07","61.4","0","0","0","0","0","1.12","33.33","0.12","0","0","5.33","69.77"
"S. Sambo","Netherlands 1.","Sparta Rotterdam","RB","24","2000000","2028-06-30","8","718","0","2","Netherlands","right","174","9.15","8.27","60.61","3.01","41.67","0.13","4.4","1.13","0","0.02","0","0.38","33.33","0","0.5","50","0.75","100","2.63","33.33","1.13","1.38","0.38","28.45","86.34","10.78","73.26","2.26","44.44","0.04","0","0","0","0.25","3.26","65.38","0.38","66.67","0.25","4.39","71.43"
"S. van Gassel","Netherlands 1.","Excelsior","GK","29","800000","2027-06-30","8","714","0","0","Netherlands","left","185","1.76","0","0","0.5","75","0","2.01","0","0","0","0","0","0","0","0","0","0","0","0.13","0","0.25","0","0","30.13","75.31","18.78","64.43","18.15","61.11","0","0","0","0","0","8.32","43.94","1.26","0","0","11.09","87.5"
"O. Wijndal","Netherlands 1.","Ajax","LB","25","5500000","2027-06-30","8","714","0","0","Netherlands","left","176","4.92","5.17","60.98","1.13","66.67","0","2.06","1.76","0","0.07","0","0.63","40","0","2.65","38.1","1.01","50","4.29","50","2.27","0.88","0.25","42.61","88.46","13.11","85.58","1.64","46.15","0.09","0.13","0","0","0.38","3.91","83.87","1.89","33.33","0.38","4.92","82.05"
"S. Mijnans","Netherlands 1.","AZ","CF, RCMF, LCMF","25","6500000","2028-06-30","9","708","1","4","Netherlands","left","190","5.47","4.07","43.75","1.78","42.86","0.38","5.12","2.92","0.13","0.38","0","3.05","41.67","4.167","1.14","33.33","1.53","58.33","6.36","38","3.81","0.13","0","38.9","82.68","10.42","75.61","2.42","47.37","0.14","0","0.51","75","1.02","2.54","70","2.67","80.95","2.16","5.97","78.72"
"M. van der Hoorn","Netherlands 1.","Utrecht","RCB","33","1200000","2026-06-30","8","705","0","0","Netherlands","right","190","8.55","4.09","75","6.51","66.67","0.64","6.8","0.26","0","0.08","0","0.77","33.33","0","0","0","0.13","0","1.66","69.23","1.15","0.77","0","58.47","87.55","26.04","79.41","10.72","67.86","0.03","0.13","0","0","0.13","10.34","77.78","0.64","20","0.26","13.28","79.81"
"R. Meerveld","Netherlands 1.","Heerenveen","AMF, CF","22","1300000","2026-06-30","8","705","2","1","Netherlands","right","177","2.94","2.17","41.18","1.15","22.22","0","2.4","4.09","0.26","0.21","0","1.91","46.67","13.333","0.77","33.33","3.57","78.57","10.21","47.5","2.55","2.55","0.38","24.89","80","7.53","71.19","1.02","12.5","0.15","0","0.13","100","0.77","2.55","85","2.3","66.67","1.79","3.57","71.43"
"D. Sanches Fernandes","Netherlands 1.","Excelsior","RW, RAMF","24","450000","","10","702","1","0","Netherlands","left","176","5.13","6.79","56.6","1.79","21.43","0","1.46","5.77","0.13","0.12","0","1.92","60","6.667","2.69","38.1","6.79","52.83","15","35.04","2.56","3.72","0.9","32.82","79.3","7.56","71.19","1.67","61.54","0.08","0","0.26","0","0.38","2.82","86.36","2.44","47.37","0.9","5.38","76.19"
"J. Bos","Netherlands 1.","Feyenoord","LB","22","0","2029-06-30","9","699","2","1","Australia","left","180","11.72","8.24","75","3.35","42.31","0.26","7.41","4.38","0.26","0.1","0","1.42","27.27","18.182","2.7","42.86","5.15","55","9.79","47.37","1.03","2.58","0.52","49.44","86.72","19.44","82.78","2.58","70","0.1","0","0","0","0.64","8.76","80.88","2.45","63.16","0.9","10.04","85.9"
"D. Koswal","Netherlands 1.","Telstar","RCB","22","200000","","9","698","0","0","Netherlands","right","0","7.74","5.8","55.56","2.06","6.25","0.77","5.2","0.64","0","0.01","0","0.13","0","0","0.9","28.57","0.39","100","1.68","69.23","0.26","0.9","0","35.46","80","16.5","68.75","3.09","33.33","0.01","0.13","0","0","0.13","5.16","67.5","1.16","33.33","0.26","8.12","65.08"
"E. Vaessen","Netherlands 1.","Groningen","GK","30","1500000","","7","692","0","0","Netherlands","right","187","1.82","0","0","0.65","100","0","2.49","0","0","0","0","0","0","0","0","0","0","0","0.52","100","0","0","0","39.41","84.16","29.52","79.3","16.52","67.72","0","0","0","0","0","5.2","50","0.52","25","0.13","14.7","81.42"
"Q. Timber","Netherlands 1.","Feyenoord","LCMF, LDMF, DMF","24","28000000","2026-06-30","8","692","1","1","Netherlands","right","179","6.11","4.29","60.61","1.43","27.27","0.26","5.17","1.43","0.13","0.08","0","1.04","25","12.5","0","0","2.08","50","7.41","54.39","2.21","1.82","0.26","32.77","86.11","12.23","72.34","1.43","63.64","0.08","0","0.13","100","0.39","4.68","91.67","2.6","75","2.47","5.33","78.05"
"J. Talvitie","Netherlands 1.","NAC Breda","RAMF, RWF, RB","20","700000","2028-06-30","10","688","1","0","Finland","left","177","5.63","6.02","41.3","1.57","33.33","0.13","3.55","3.27","0.13","0.1","0","1.57","41.67","8.333","2.49","21.05","5.36","39.02","11.38","32.18","1.05","2.75","0.39","22.5","69.77","5.1","53.85","0.78","33.33","0.18","0","0","0","0.39","1.05","50","2.75","42.86","0.52","3.14","45.83"
"S. Steijn","Netherlands 1.","Feyenoord","AMF, RCMF, DMF","23","10000000","2028-06-30","9","687","5","1","Netherlands","right","173","2.75","3.41","50","1.7","38.46","0","1.17","1.7","0.52","0.6","0","3.14","41.67","20.833","0.26","50","0.66","20","3.01","21.74","4.32","1.05","0.13","25.28","84.97","7.73","79.66","1.31","80","0.17","0","0.26","50","0.26","3.14","87.5","1.18","77.78","1.31","2.62","90"
"A. Hrustić","Netherlands 1.","Heracles","RCMF, LCMF","29","600000","","9","686","0","2","Australia","left","183","6.3","5.38","53.66","0.92","42.86","0.26","3.64","1.18","0","0.04","0","0.79","16.67","0","2.36","22.22","1.05","50","4.46","41.18","0.52","1.44","0.13","37.39","77.89","10.63","59.26","4.2","40.63","0.18","0","0","0","0.26","5.38","60.98","3.67","21.43","0.52","5.12","66.67"
"J. Žambůrek","Netherlands 1.","Heracles","LCMF, RCMF, LDMF","24","600000","2028-06-30","9","685","0","1","Czech Republic","left","182","9.2","7.23","61.82","1.97","66.67","0.26","4.78","0.92","0","0.04","0","0.66","0","0","0.66","40","1.18","55.56","4.99","47.37","0.39","0.53","0","27.59","83.33","7.09","62.96","1.45","36.36","0.03","0","0.13","0","0.26","3.28","48","0.79","33.33","0","3.02","52.17"
"R. Flamingo","Netherlands 1.","PSV","RCB, CB","22","7000000","2029-06-30","10","684","2","0","Netherlands","right","186","8.03","5.13","64.1","7.5","68.42","1.05","6.97","0.53","0.13","0.08","0.13","0.92","42.86","14.286","0","0","0.26","50","1.45","45.45","1.05","1.18","0","60.66","90.02","21.84","79.52","6.18","57.45","0","0","0","0","0","10.26","79.49","0.79","66.67","0.39","11.05","72.62"
"S. Adewoye","Netherlands 1.","Fortuna Sittard","RCB, CB","25","1300000","2026-06-30","9","683","0","0","Belgium","right","183","10.81","7.64","74.14","5.01","52.63","0.53","6.27","0","0","0","0","0","0","0","0.13","0","0","0","1.58","25","0","0.13","0","43.35","86.93","13.97","72.64","5.4","58.54","0","0","0","0","0","6.06","69.57","0.26","0","0","6.85","59.62"
"B. Linssen","Netherlands 1.","NEC","CF, AMF, LW","35","500000","","9","681","3","2","Netherlands","right","170","5.42","4.49","73.53","3.96","46.67","0.13","2.75","1.59","0.4","0.31","0","1.98","40","20","1.59","41.67","0.93","14.29","3.04","30.43","3.83","0.53","0","17.05","65.89","5.55","52.38","1.32","30","0.1","0","0","0","0.26","2.78","47.62","1.32","30","0.53","2.38","66.67"
"J. Breum","Netherlands 1.","Go Ahead Eagles","AMF, CF, LCMF","21","1000000","2027-06-30","8","679","1","2","Denmark","right","174","3.98","2.12","75","0.8","16.67","0.4","2.96","2.25","0.13","0.1","0.13","1.86","64.29","7.143","0.8","16.67","1.06","50","5.17","33.33","1.59","2.39","0.13","35.52","85.07","9.94","73.33","3.31","64","0.27","0.13","0.4","100","0.4","4.64","77.14","3.84","58.62","2.12","5.83","84.09"
"L. Sauer","Netherlands 1.","Feyenoord","LWF, LAMF","19","0","2028-06-30","9","666","0","2","Slovakia","right","184","3.92","2.84","47.62","2.03","53.33","0","3.77","6.49","0","0.15","0","2.16","50","0","2.3","23.53","7.7","61.4","12.57","52.69","5.95","6.76","0.95","23.78","76.14","3.51","53.85","0.14","0","0.12","0","0.27","50","0.81","1.35","80","2.16","56.25","2.3","2.7","80"
"M. Meulensteen","Netherlands 1.","Go Ahead Eagles","RDMF, DMF, RCMF","26","900000","","9","660","2","0","Netherlands","right","185","9.95","4.5","66.67","4.23","32.26","0.68","8.17","1.91","0.27","0.13","0.14","1.09","62.5","25","1.09","37.5","1.09","75","4.77","42.86","1.77","1.77","0","50.73","88.17","16.09","77.12","4.36","62.5","0.02","0","0.14","0","0.14","9.95","83.56","1.77","61.54","0.55","8.05","77.97"
"N. Verschuren","Netherlands 1.","Volendam","LCB","20","0","2028-06-30","8","660","0","0","Netherlands","right","0","9.55","3.82","78.57","5.05","40.54","0.95","7.34","0.14","0","0.08","0","0.55","25","0","0","0","0","0","0.68","80","0.82","0.41","0.14","47.32","91.64","20.18","84.46","3.27","50","0","0.14","0","0","0","5.45","75","0.41","66.67","0.27","7.36","75.93"
"J. Ritmeester van de Kamp","Netherlands 1.","Telstar","AMF, LWB, LB","21","0","","8","660","2","1","Netherlands","right","177","6.41","5.05","43.24","1.91","28.57","0.27","4.13","2.32","0.27","0.07","0","0.68","80","40","1.91","50","0.55","75","1.91","50","1.5","0.68","0.14","27","82.83","9.82","80.56","1.23","77.78","0.13","0","0.41","100","0.68","2.86","80.95","3.14","78.26","1.77","6.27","78.26"
"J. Lonwijk","Netherlands 1.","Fortuna Sittard","AMF, RDMF, RCMF","25","1000000","2027-06-30","9","660","2","0","Netherlands","right","189","7.36","5.18","50","3.82","35.71","0.27","5.03","0.95","0.27","0.17","0.14","1.23","33.33","22.222","0.82","16.67","0.82","50","5.05","40.54","2.59","0.41","0","19.09","65.71","6.95","56.86","1.5","54.55","0.1","0","0","0","0.41","2.45","38.89","1.36","60","0.95","3.82","60.71"
"B. Pereira","Netherlands 1.","NEC","RCB, RB","22","700000","2027-06-30","8","651","0","0","France","right","172","10.51","7.74","75","3.04","50","0.28","5.87","2.76","0","0","0","0","0","0","2.07","46.67","1.94","92.86","6.22","73.33","1.38","2.63","1.11","43.41","85.99","17.56","81.1","2.63","52.63","0.26","0","0","0","0.41","5.53","85","1.52","63.64","0.41","5.39","79.49"
"E. Linthorst","Netherlands 1.","Go Ahead Eagles","LDMF, AMF, DMF","25","1200000","","9","650","1","0","Netherlands","right","187","5.54","3.32","45.83","1.66","16.67","0.55","4.97","0.83","0.14","0.05","0","0.69","60","20","1.11","25","0.14","100","0.69","20","0.42","1.94","0","43.06","84.24","11.63","70.24","4.98","55.56","0","0","0","0","0.14","6.92","76","3.05","50","0.97","7.62","69.09"
"N. Viergever","Netherlands 1.","Utrecht","LCB","36","450000","","8","649","0","0","Netherlands","left","183","5.41","2.91","57.14","5.13","54.05","0.55","5.06","0.55","0","0.07","0","0.55","0","0","0.69","20","0.28","100","0.69","40","0.83","1.25","0.14","51.86","89.3","23.85","83.14","4.71","52.94","0.01","0","0.28","50","0","5.82","78.57","0.69","0","0.28","8.6","75.81"
"M. de Wit","Netherlands 1.","AZ","LB","27","2500000","2029-06-30","8","646","0","0","Netherlands","left","181","8.64","7.24","65.38","2.23","31.25","0.42","3.31","2.37","0","0.11","0","0.84","50","0","2.09","40","2.09","53.33","4.46","50","3.48","2.51","0.28","47.65","85.67","16.58","77.31","4.6","57.58","0.16","0","0","0","0.56","5.57","85","0.98","57.14","0.42","8.78","63.49"
"S. Hetli","Netherlands 1.","Telstar","CF, AMF, RW","24","0","2026-06-30","9","643","2","0","Netherlands","unknown","0","4.2","5.32","55.26","0.56","50","0","1.36","3.5","0.28","0.19","0","2.94","23.81","9.524","0.98","14.29","4.48","59.38","12.6","37.78","3.08","3.92","0.42","19.74","79.43","3.92","67.86","0.84","50","0.02","0","0","0","0","2.94","71.43","1.26","44.44","0.28","1.82","69.23"
"L. Greiml","Netherlands 1.","NAC Breda","RCB","24","400000","2027-06-30","7","641","1","0","Austria","right","187","9.41","6.46","60.87","8","68.42","0.98","5.86","0.7","0.14","0.05","0.14","0.42","100","33.333","0.14","100","0.28","50","0.7","60","1.26","0.28","0","49","88.54","16.99","75.21","4.49","43.75","0.02","0","0","0","0.14","5.34","65.79","0.56","50","0.42","7.16","64.71"
"J. Hornkamp","Netherlands 1.","Heracles","CF","27","1000000","2026-06-30","8","641","3","0","Netherlands","right","182","4.21","2.81","65","9.41","53.73","0","2.88","1.26","0.42","0.31","0","1.83","46.15","23.077","0","0","0.56","75","5.34","42.11","2.39","0.14","0","12.36","70.45","1.54","36.36","0.7","100","0.02","0","0.14","0","0","1.26","66.67","0.56","50","0.56","0.56","75"
"O. Targhalline","Netherlands 1.","Feyenoord","DMF, RDMF, RCMF","23","2500000","","8","641","1","2","Morocco","right","186","9.27","7.02","58","3.65","50","0.14","7.45","0.7","0.14","0.01","0","0.42","66.67","33.333","0.28","0","0.84","33.33","3.23","39.13","0.28","0.7","0.14","41.84","89.6","12.78","83.52","1.83","76.92","0.1","0","0.14","100","0.42","6.6","78.72","1.68","58.33","0.84","5.48","82.05"
"A. Blake","Netherlands 1.","Utrecht","LAMF, LW, RAMF","20","0","2027-06-30","9","640","1","1","England","right","174","3.38","4.22","63.33","0.98","28.57","0","0.75","4.78","0.14","0.18","0","2.95","28.57","4.762","2.25","37.5","5.63","55","11.81","39.29","3.52","3.23","0.42","24.89","78.53","5.77","70.73","1.69","66.67","0.17","0","0","0","0.7","1.27","66.67","2.39","64.71","1.83","3.66","69.23"
"B. Kuwas","Netherlands 1.","Volendam","RAMF, AMF","33","350000","2026-06-30","10","635","1","1","Curaçao","left","181","3.54","3.54","56","0.71","20","0.14","1.85","3.69","0.14","0.22","0","1.98","35.71","7.143","0.85","16.67","3.69","73.08","16.72","44.07","1.42","3.83","0.57","23.24","81.71","6.94","67.35","1.13","37.5","0.15","0.14","0.14","100","0.28","1.84","61.54","2.83","60","1.98","3.83","85.19"
"M. Rente","Netherlands 1.","Groningen","RB","28","750000","2027-06-30","8","624","2","1","Germany","right","184","6.2","3.89","48.15","7.07","63.27","0","5.65","2.16","0.29","0.08","0.29","0.58","75","50","2.45","52.94","0.58","75","1.44","50","1.44","1.15","0.14","30.14","74.16","10.24","52.11","3.89","55.56","0.08","0","0","0","0.72","4.04","57.14","1.88","61.54","0.87","8.37","67.24"
"B. Lucassen","Netherlands 1.","NAC Breda","RB, RW, RCMF","27","450000","2027-06-30","9","620","0","0","Netherlands","right","173","7.55","7.26","54","2.03","50","0.44","3.57","0.44","0","0.02","0","0.15","100","0","0.87","33.33","0","0","1.74","41.67","0.44","0.29","0","23.81","77.44","9","62.9","1.89","7.69","0.01","0","0","0","0.15","1.74","58.33","1.6","36.36","0.44","4.21","58.62"
"D. Klaassen","Netherlands 1.","Ajax","LCMF, AMF, RDMF","32","4000000","2027-06-30","10","620","2","1","Netherlands","right","179","6.1","5.66","66.67","1.89","38.46","0.29","2.6","0.44","0.29","0.12","0.15","0.87","33.33","33.333","0","0","0.15","100","2.32","50","1.74","0.58","0","31.06","82.24","9.73","73.13","1.74","50","0.02","0","0","0","0.29","3.48","75","0.73","80","1.31","4.65","59.38"
"D. Rots","Netherlands 1.","Twente","RAMF, RWF","24","7000000","2027-06-30","10","613","1","1","Netherlands","left","179","7.93","6.75","63.04","4.55","35.48","0","4.85","3.08","0.15","0.1","0","1.32","44.44","11.111","1.47","50","3.08","57.14","10.13","37.68","3.52","1.47","0","25.99","75.71","7.19","63.27","1.91","61.54","0.13","0","0","0","0.59","2.35","62.5","3.08","66.67","1.76","5.43","75.68"
"M. Godts","Netherlands 1.","Ajax","LAMF, LWF","20","0","2029-06-30","8","608","3","3","Belgium","right","176","3.7","1.63","72.73","0.89","16.67","0.15","3.45","3.4","0.44","0.25","0","1.92","46.15","23.077","1.92","23.08","5.18","40","13.32","31.11","5.18","4","0.15","30.49","78.64","5.77","71.79","2.37","50","0.25","0.15","0","0","1.18","2.52","64.71","4.14","57.14","3.11","4","77.78"
"K. Peterson","Netherlands 1.","Fortuna Sittard","LAMF, LW","30","600000","2026-06-30","10","606","0","1","Sweden","right","185","4.75","5.35","50","1.78","25","0.15","2.71","6.09","0","0.3","0","3.42","34.78","0","2.82","42.11","6.83","54.35","10.99","41.89","4.75","4.46","0.89","24.21","77.91","5.64","63.16","1.19","50","0.24","0.15","0","0","0.74","1.63","54.55","2.38","50","0.74","3.12","61.9"
"B. Klaverboer","Netherlands 1.","Heerenveen","GK","20","0","","6","603","0","0","Netherlands","right","190","2.09","0.15","100","1.04","85.71","0","2.71","0","0","0","0","0","0","0","0","0","0","0","0","0","0","0","0","27.76","79.03","18.96","70.87","13.73","61.96","0","0","0","0","0","6.12","63.41","0.9","16.67","0.15","10.9","75.34"
"G. Yah","Netherlands 1.","Volendam","RDMF, LDMF","22","400000","","8","594","0","1","Netherlands","right","0","14.09","8.03","73.58","1.97","53.85","1.06","7.26","1.82","0","0.02","0","0.15","100","0","0.61","50","2.12","64.29","5.15","50","0.15","0.45","0.15","44.55","83.67","14.09","63.44","3.79","36","0.05","0","0.3","0","0.15","5.91","61.54","1.82","25","0.45","8.03","56.6"
"M. Meerdink","Netherlands 1.","AZ","CF, LCMF","22","0","2030-06-30","8","592","3","0","Netherlands","left","182","1.82","2.13","42.86","5.47","33.33","0","1.13","1.37","0.15","0.63","0","2.74","33.33","16.667","0.3","0","1.22","25","7.75","19.61","3.95","0.61","0","15.2","71","3.8","68","0.46","66.67","0.02","0.15","0.15","100","0","1.22","62.5","0.46","100","0.76","1.82","66.67"
"A. Kaplan","Netherlands 1.","NEC","CB, LCB","22","10000000","2027-06-30","6","592","1","0","Türkiye","left","190","9.27","5.78","68.42","6.69","72.73","0.15","7.14","0.15","0.15","0.07","0","0.61","25","25","0.3","0","0","0","2.89","52.63","0.61","1.37","0","45.15","86.87","15.51","73.53","2.43","56.25","0.12","0","0","0","0","5.47","66.67","0.3","50","0.15","6.08","72.5"
"S. Scheperman","Netherlands 1.","Heracles","RCMF, LCMF, DMF","23","0","2029-06-30","7","582","0","1","Netherlands","left","188","12.22","6.96","68.89","4.79","54.84","1.7","6.51","0.77","0","0.07","0","0.77","40","0","0.62","50","0.15","100","1.24","62.5","0.77","0.31","0","30.62","88.89","7.27","65.96","1.08","28.57","0.04","0","0","0","0.15","3.56","86.96","0.93","50","0.31","4.18","59.26"
"D. van der Werff","Netherlands 1.","Groningen","RAMF, RW, LAMF","21","0","","10","581","2","0","Netherlands","unknown","0","6.82","5.89","63.16","1.7","36.36","0.15","3.59","2.94","0.31","0.23","0","2.63","58.82","11.765","1.55","20","1.24","75","2.63","52.94","2.63","1.55","0","25.4","75.61","7.28","74.47","1.39","55.56","0.16","0","0.15","100","0.46","3.87","76","1.86","58.33","0.77","4.03","84.62"
"X. Mbuyamba","Netherlands 1.","Volendam","RCB","23","1000000","","8","578","1","0","Netherlands","right","195","10.12","4.36","71.43","4.36","42.86","1.4","7.72","0.47","0.16","0.09","0.16","0.62","50","25","0.16","0","0.16","100","2.65","35.29","0.93","0.16","0.16","48.11","84.47","24.45","77.71","3.58","47.83","0.06","0","0","0","0.16","11.99","75.32","0.78","40","0.62","11.68","73.33"
"V. Edvardsen","Netherlands 1.","Go Ahead Eagles","CF, AMF","29","800000","2028-06-30","6","577","1","2","Sweden","right","185","2.96","2.81","77.78","2.5","6.25","0","1.09","2.96","0.16","0.19","0","1.72","36.36","9.091","3.59","43.48","1.87","41.67","4.52","34.48","5.62","0.94","0","23.71","65.79","6.4","46.34","1.09","14.29","0.16","0.16","0.47","0","0.62","2.18","35.71","3.9","48","0.94","3.12","80"
"S. Kersten","Netherlands 1.","Heerenveen","RCB","27","800000","2027-06-30","9","576","1","0","Netherlands","right","191","5.78","3.44","63.64","3.28","38.1","0.16","5.23","0.16","0.16","0.06","0","0.47","33.33","33.333","0","0","0.31","0","2.03","46.15","0.78","1.25","0","45.16","86.85","15.16","75.26","3.75","54.17","0.06","0.16","0.16","0","0.16","6.41","73.17","1.25","50","0.47","6.72","67.44"
"G. Read","Netherlands 1.","Feyenoord","RB","19","0","","9","574","0","0","Netherlands","right","175","8.94","6.27","60","0.63","50","0.16","6.28","2.82","0","0.07","0","0.63","25","0","3.61","43.48","2.04","53.85","5.64","36.11","2.82","1.57","0.31","42.33","84.44","11.13","78.87","3.61","65.22","0.1","0.16","0.31","0","0.94","2.82","72.22","2.35","40","0.47","6.11","61.54"
"P. Ugwu","Netherlands 1.","Volendam","RB","19","0","2028-06-30","8","572","0","0","Netherlands","right","0","8.18","7.87","54","1.42","55.56","0.16","4.5","1.1","0","0.06","0","0.79","0","0","1.57","20","1.89","41.67","4.88","35.48","0.63","0.94","0","27.38","83.33","7.55","81.25","1.42","44.44","0.03","0","0","0","0","2.36","66.67","1.57","20","0.16","3.15","55"
"T. Quintero","Netherlands 1.","Sparta Rotterdam","LB, LCB","26","600000","2027-06-30","9","571","1","0","Spain","left","188","11.35","6.78","60.47","4.57","51.72","0.95","7.72","0.79","0.16","0.09","0","0.47","33.33","33.333","0.79","40","0.47","66.67","2.21","42.86","0.79","2.21","0.32","35.46","84.44","16.23","81.55","5.83","59.46","0","0","0","0","0","5.83","78.38","1.58","40","0.47","8.51","75.93"
"D. Min","Netherlands 1.","Utrecht","CF, AMF","26","800000","","8","568","3","0","Netherlands","right","194","3.33","3.01","52.63","6.81","41.86","0.32","2.03","1.74","0.48","0.38","0","1.9","41.67","25","0","0","1.43","66.67","10.62","31.34","3.49","2.06","0","16.95","79.44","4.44","64.29","0.63","75","0.05","0","0","0","0.32","1.58","80","1.11","42.86","1.11","2.06","61.54"
"C. Valerius","Netherlands 1.","NAC Breda","RB, RCB","20","0","2027-06-30","10","565","0","0","Netherlands","right","0","9.72","7.49","65.96","2.23","50","0.16","5.65","2.55","0","0.04","0","0.64","0","0","1.43","55.56","2.23","78.57","5.42","52.94","0.16","1.59","0.32","27.08","75.88","13.54","70.59","3.82","54.17","0","0.16","0","0","0","3.82","66.67","3.19","55","0.64","7.17","71.11"
"K. Ogawa","Netherlands 1.","NEC","CF","28","3000000","2027-06-30","9","563","4","1","Japan","right","186","1.76","1.6","50","9.75","36.07","0.16","0.77","2.08","0.64","0.42","0.32","2.4","66.67","26.667","0.32","100","0.48","33.33","5.44","35.29","4","0.16","0","9.11","77.19","0.8","40","0","0","0.07","0","0","0","0.48","0.32","0","0.16","100","0.8","0.48","33.33"
"O. Gloukh","Netherlands 1.","Ajax","AMF, LAMF, CF","21","0","2030-06-30","10","562","4","1","Israel","right","170","3.2","3.84","62.5","0.32","0","0","0.9","4.8","0.64","0.37","0","2.88","50","22.222","1.6","40","3.52","77.27","11.85","40.54","4.64","2.56","0.32","45","87.19","13.93","82.76","1.76","90.91","0.08","0.16","0.16","0","0.64","5.77","83.33","3.2","45","1.76","6.41","87.5"
"Ivo Pinto","Netherlands 1.","Fortuna Sittard","RB","35","450000","2026-06-30","8","559","0","1","Portugal","right","182","6.76","4.67","72.41","1.77","72.73","0.32","4.06","1.93","0","0","0","0.16","0","0","4.35","25.93","1.29","62.5","3.86","50","0.64","1.45","0.97","45.24","76.16","18.19","65.49","5.31","42.42","0.09","0","0","0","0.32","7.41","60.87","4.83","40","1.13","9.34","74.14"
"J. Clasie","Netherlands 1.","AZ","DMF, RCMF, LDMF","34","2500000","2028-06-30","7","556","0","0","Netherlands","right","170","8.42","5.18","75","1.46","55.56","0.16","5.81","0.65","0","0.01","0","0.49","33.33","0","0.16","0","0.32","100","1.94","66.67","0.49","0.97","0","55.68","87.5","19.59","78.51","4.05","68","0.1","0.16","0.16","100","0.16","10.52","73.85","2.1","53.85","0.97","9.06","78.57"
"Jamiro Monteiro","Netherlands 1.","PEC Zwolle","LCMF, LDMF","31","2000000","2026-06-30","8","556","2","0","Netherlands","right","175","8.58","7.45","73.91","0.16","0","0.16","2.81","1.62","0.32","0.12","0","1.78","18.18","18.182","1.29","37.5","1.78","36.36","8.58","33.96","0.97","1.13","0","36.58","85.4","8.09","64","2.1","69.23","0.06","0","0.16","100","0.16","5.18","71.88","2.43","53.33","0.81","5.18","75"
"Lucas Rosa","Netherlands 1.","Ajax","RB, LB, RCB","25","1200000","2026-06-30","7","554","0","0","Brazil","right","177","7.8","5.52","50","2.6","56.25","0.32","6.3","1.14","0","0.02","0","0.49","33.33","0","1.46","11.11","1.62","50","3.74","39.13","0.97","0.49","0.32","52.15","86.29","17.06","74.29","2.92","50","0","0.16","0","0","0","4.55","89.29","1.46","22.22","0.49","5.04","51.61"
"O. Kökcü","Netherlands 1.","Volendam","LAMF, LDMF","27","500000","2026-12-31","10","547","1","0","Azerbaijan","both","176","3.62","3.13","47.37","0.66","25","0.16","2.25","1.48","0.16","0.03","0","1.15","28.57","14.286","2.47","33.33","2.14","15.38","3.95","33.33","0.99","2.14","0.66","31.59","84.9","7.73","85.11","1.48","55.56","0.07","0","0","0","0.33","1.65","90","2.14","53.85","0.66","3.62","81.82"
"P. van Aanholt","Netherlands 1.","Sparta Rotterdam","LB","35","2000000","2026-06-30","8","546","1","2","Netherlands","left","176","10.05","7.75","65.96","1.15","71.43","0.66","5.03","1.48","0.16","0.09","0","1.15","42.86","14.286","1.15","57.14","0.99","33.33","3.63","31.82","1.48","0.82","0","32.31","82.14","12.03","76.71","2.47","73.33","0.14","0","0","0","0.33","3.13","68.42","1.48","66.67","0.82","6.43","64.1"
"Mauro Júnior","Netherlands 1.","PSV","LB, RCMF, RDMF","26","7000000","2029-06-30","7","546","0","3","Brazil","left","171","9.23","7.09","72.09","1.48","11.11","0","6.25","2.64","0","0.01","0","0.16","0","0","1.81","63.64","1.81","63.64","5.27","34.38","1.98","1.98","0.66","65.27","89.14","18.3","77.48","2.8","29.41","0.3","0.16","0.49","66.67","0.99","7.25","79.55","2.97","88.89","2.14","9.07","76.36"
"M. Smit","Netherlands 1.","Go Ahead Eagles","CF","22","0","2028-06-30","9","543","4","0","Netherlands","right","190","3.15","2.82","47.06","3.98","37.5","0.66","2.54","0.99","0.66","0.32","0.17","1.16","71.43","57.143","0.33","0","0.66","25","4.81","27.59","3.31","0.17","0","8.62","67.31","1.82","45.45","0","0","0","0","0","0","0","0.66","50","0.83","20","0.66","0.5","33.33"
"Miguel Rodríguez","Netherlands 1.","Utrecht","RAMF, RW, RWF","22","800000","2028-06-30","9","535","2","0","Spain","left","179","8.41","7.57","60","2.69","31.25","0","4.23","5.05","0.34","0.19","0.17","2.52","46.67","13.333","1.85","63.64","4.88","55.17","14.47","45.35","1.68","2.36","0.17","27.59","81.71","4.21","60","2.36","78.57","0.16","0.17","0","0","0.17","3.03","66.67","2.52","80","1.35","4.54","77.78"
"S. Ltaief","Netherlands 1.","Sparta Rotterdam","LWF, LW","25","2000000","2027-06-30","8","535","1","0","Switzerland","right","178","6.39","6.22","62.16","1.01","0","0","2.35","2.19","0.17","0.16","0","1.85","27.27","9.091","0.84","0","4.54","37.04","9.25","40","2.36","3.03","0.67","18.84","74.11","3.7","72.73","1.01","16.67","0.05","0","0.17","0","0.34","1.35","50","1.68","40","1.18","2.69","68.75"
"T. van Gilst","Netherlands 1.","Heracles","LW, CF, LAMF","22","0","2028-06-30","8","526","0","0","Netherlands","right","0","4.11","3.76","50","3.59","33.33","0.17","2.17","0.34","0","0.01","0","0.51","33.33","0","0.86","0","0.34","50","2.57","33.33","0.68","1.03","0.17","11.46","70.15","2.57","46.67","0.51","100","0","0.17","0","0","0","0.86","40","0.34","50","0.17","1.54","22.22"
"T. van den Belt","Netherlands 1.","Twente","LDMF, RDMF","24","1800000","2027-06-30","10","526","2","0","Netherlands","right","181","7.02","5.48","59.38","2.22","53.85","0.17","4.38","2.05","0.34","0.26","0","2.4","42.86","14.286","1.03","50","0.86","40","3.42","50","1.71","1.37","0","42.95","82.07","15.06","68.18","2.74","25","0.15","0","0.17","100","0.51","4.45","69.23","2.91","58.82","1.88","6.67","71.79"
"M. Ihattaren","Netherlands 1.","Fortuna Sittard","CF, RAMF, RW","23","100000","2026-06-30","8","524","3","1","Netherlands","left","183","2.4","2.06","58.33","1.55","22.22","0","1.57","3.44","0.34","0.41","0","2.06","58.33","25","2.06","25","3.61","42.86","8.24","37.5","2.23","1.2","0.34","37.27","77.88","9.45","74.55","3.09","77.78","0.05","0","0.69","25","0","4.47","73.08","3.44","50","1.2","6.01","88.57"
"D. Bakker","Netherlands 1.","Telstar","LCB","30","325000","2026-06-30","6","522","0","0","Netherlands","left","184","11.03","6.21","72.22","5.86","52.94","0.34","7.35","0.86","0","0.15","0","0.69","25","0","0.52","33.33","0.52","100","1.55","55.56","2.07","3.1","0.17","54.66","87.38","25","83.45","3.97","43.48","0.1","0.17","0.17","0","0.52","11.21","80","2.41","35.71","0.86","11.21","84.62"
"A. Gaaei","Netherlands 1.","Ajax","RB","22","3000000","2028-06-30","7","517","0","1","Denmark","right","183","6.09","4.87","60.71","1.74","60","0.17","3.85","1.91","0","0.06","0","1.39","37.5","0","3.66","28.57","0.52","66.67","2.26","38.46","1.91","2.26","0.52","44.39","79.61","15.32","77.27","5.05","55.17","0.16","0","0","0","1.04","5.74","69.7","4.35","56","1.22","9.05","76.92"
"A. Salah-Eddine","Netherlands 1.","PSV","LB, LWB","23","1200000","2027-06-30","6","516","0","0","Netherlands","left","181","8.02","7.33","73.81","2.09","66.67","0","3.21","0.87","0","0.07","0","0.87","40","0","0.52","0","0.87","60","4.53","50","0.87","1.57","0.52","45.7","90.84","10.99","82.54","1.22","42.86","0.1","0","0","0","0.52","4.36","84","1.4","62.5","1.05","4.71","77.78"
"M. Willemsen","Netherlands 1.","Heerenveen","LCB","22","0","2029-06-30","6","514","1","0","Netherlands","left","190","5.08","2.1","58.33","4.55","57.69","0.88","4.6","1.05","0.18","0.29","0","0.88","40","20","0","0","0.7","100","2.1","66.67","1.23","1.05","0.18","47.1","88.48","15.06","72.09","3.33","26.32","0.02","0","0.18","0","0","6.13","74.29","0.53","33.33","0.18","6.3","58.33"
"T. Owusu","Netherlands 1.","Telstar","RCMF, LCMF","26","75000","","7","513","1","0","Netherlands","right","181","3.86","3.68","61.9","1.05","50","0.35","1.84","1.58","0.18","0.03","0","0.88","20","20","0.88","0","1.75","80","6.14","45.71","1.23","2.81","0.53","35.79","82.84","11.23","70.31","2.11","50","0.04","0","0.18","0","0.53","4.91","60.71","1.23","28.57","0.35","4.74","77.78"
"B. Önal","Netherlands 1.","NEC","LWB, LB","21","0","","8","510","2","1","Netherlands","right","178","5.82","5.65","59.38","3.35","36.84","0","3.98","6.53","0.35","0.3","0","1.94","36.36","18.182","3.71","52.38","6.88","56.41","14.29","44.44","3.88","4.94","1.59","30","76.47","6.88","58.97","2.65","60","0.12","0","0","0","0.53","2.65","80","4.59","65.38","1.94","6.53","67.57"
"S. Berghuis","Netherlands 1.","Ajax","AMF, RWF, RCMF","33","6000000","","8","505","1","2","Netherlands","left","182","2.67","1.43","62.5","0.71","75","0.53","2.65","3.56","0.18","0.34","0","3.56","50","5","4.81","25.93","1.25","42.86","3.56","30","4.99","1.25","0","60.06","84.27","12.83","73.61","4.63","65.38","0.32","0.18","0","0","0.71","7.84","72.73","7.13","57.5","3.74","11.05","87.1"
"Y. Borges Sanches","Netherlands 1.","Heracles","LW, LWF","21","1000000","","9","504","2","0","Luxembourg","right","175","5.71","5","75","0.89","0","0","2.43","2.86","0.36","0.07","0","0.71","75","50","1.96","27.27","3.57","50","11.07","32.26","2.14","3.04","0.36","20","78.57","1.96","45.45","0.71","75","0.07","0","0","0","0","0.54","33.33","1.79","20","0","1.25","42.86"
"J. Šutalo","Netherlands 1.","Ajax","RCB, LCB","25","15000000","","8","504","0","0","Bosnia and Herzegovina","right","185","8.93","2.68","53.33","2.68","66.67","0.54","11.15","0","0","0","0","0","0","0","0.36","0","0","0","2.5","28.57","0.18","0.89","0.36","68.75","92.21","23.93","85.82","2.32","53.85","0","0","0","0","0","7.14","82.5","0.36","0","0","8.04","73.33"
"S. Ørjasæter","Netherlands 1.","Twente","LAMF, LWF","21","0","2029-06-30","8","503","0","2","Norway","right","180","3.04","3.58","50","1.79","30","0.36","1.83","5.9","0","0.21","0","2.15","25","0","3.22","27.78","8.05","53.33","13.78","49.35","6.44","6.08","0.54","34.53","73.58","6.44","61.11","0.89","40","0.26","0","0.36","50","1.43","1.97","54.55","3.04","52.94","3.04","4.29","58.33"
"N. Naujoks","Netherlands 1.","Excelsior","RCMF, RDMF, CF","23","0","2027-06-30","7","496","0","0","Netherlands","right","183","8.71","6.9","55.26","5.08","50","0.18","5","0.54","0","0.17","0","0.91","20","0","0.36","0","1.81","20","5.26","34.48","2.18","1.63","0.54","29.58","79.14","9.25","64.71","2.36","53.85","0.04","0","0.54","0","0.36","3.63","65","1.09","16.67","0.36","3.81","61.9"
"A. Oehlers","Netherlands 1.","Volendam","RAMF, LAMF","21","150000","","10","494","2","0","Netherlands","right","0","2","3.28","38.89","1.64","33.33","0","0.64","5.83","0.36","0.1","0","0.91","100","40","5.28","24.14","5.83","62.5","11.48","46.03","3.28","5.28","1.46","20.59","66.37","2.73","53.33","0.91","20","0.03","0","0","0","0.18","0.36","50","3.46","36.84","0.55","2.37","53.85"
"P. Koopmeiners","Netherlands 1.","AZ","RCMF, RDMF","25","1800000","2028-06-30","9","488","0","0","Netherlands","right","185","7.93","7.19","58.97","4.43","54.17","0.37","5.61","0.92","0","0.11","0","1.66","11.11","0","1.29","42.86","0.55","33.33","2.58","28.57","1.66","0.37","0","34.49","83.42","11.8","75","2.58","50","0.04","0","0","0","0.37","5.16","75","2.03","36.36","0.55","7.19","69.23"
"A. Van Hoorenbeeck","Netherlands 1.","Heracles","LCB","26","900000","","5","488","0","0","Belgium","left","187","9.41","4.24","65.22","3.87","38.1","1.11","7.24","0.74","0","0.07","0","0.37","0","0","0.37","100","0.37","100","0.92","40","0.55","0.37","0.18","46.29","85.66","19.55","74.53","7.38","57.5","0","0","0","0","0","7.01","71.05","0.74","50","0.18","9.22","68"
"R. Van Cruijsen","Netherlands 1.","Volendam","AMF","19","0","","9","484","2","2","Netherlands","right","178","5.02","3.9","57.14","1.67","33.33","0.19","3.44","2.6","0.37","0.2","0","1.49","50","25","2.42","46.15","2.23","33.33","6.69","30.56","2.79","1.67","0","25.29","74.26","4.28","60.87","1.86","60","0.46","0.19","0","0","0.93","2.6","64.29","2.42","53.85","0.93","3.16","58.82"
"R. Margaret","Netherlands 1.","Go Ahead Eagles","RAMF, LAMF, LW","25","350000","2026-06-30","8","481","0","0","Netherlands","right","191","5.99","7.11","63.16","2.25","25","0","1.53","4.3","0","0.11","0","1.12","16.67","0","4.3","34.78","6.74","38.89","15.34","36.59","4.49","3.93","0","24.32","68.46","6.92","62.16","0.19","100","0.04","0.19","0.19","0","0.19","1.68","66.67","3.56","36.84","0.56","3.56","78.95"
"S. Włodarczyk","Netherlands 1.","Excelsior","CF","22","2000000","2027-06-30","8","481","2","0","Poland","right","188","3.56","3.18","64.71","7.3","20.51","0.37","1.76","1.31","0.37","0.24","0.19","1.12","50","33.333","0.37","50","1.12","33.33","5.61","20","1.68","0.75","0.19","12.35","66.67","3.93","38.1","0.94","20","0.1","0","0.37","50","0.56","2.06","45.45","0.37","50","0.37","2.25","50"
"L. Kulenović","Netherlands 1.","Heracles","CF","26","650000","2028-06-30","10","480","0","0","Bosnia and Herzegovina","right","190","2.25","2.63","50","13.13","60","0","1.06","0.56","0","0.21","0","2.44","15.38","0","0","0","0.94","20","6","25","2.06","0.94","0.19","14.63","65.38","3.75","50","0","0","0.03","0","0.19","0","0.19","1.69","44.44","1.31","0","0.56","0.94","60"
"Raúl Moro","Netherlands 1.","Ajax","RAMF, LWF, RWF","22","2500000","2028-06-30","9","479","0","1","Spain","right","169","3.01","3.57","47.37","0.38","50","0","1.78","7.33","0","0.18","0","1.32","71.43","0","6.2","30.3","7.89","57.14","9.02","50","5.26","5.26","0.94","30.25","74.53","7.52","77.5","0.56","100","0.28","0","0","0","1.69","2.07","81.82","5.07","55.56","3.01","6.95","83.78"
"R. Daal","Netherlands 1.","AZ","LW, LWF, LAMF","21","0","2030-06-30","7","469","1","0","Netherlands","right","173","7.1","7.29","55.26","1.15","16.67","0","1.7","7.1","0.19","0.09","0","1.54","25","12.5","3.65","36.84","7.68","67.5","14.01","52.05","5.95","9.79","0","33.77","80.11","5.37","60.71","0.96","40","0.31","0.19","0.19","100","0.96","1.34","85.71","4.99","61.54","3.45","5.18","81.48"
"D. van der Kust","Netherlands 1.","Heracles","LB","24","1200000","","6","465","0","0","Suriname","left","178","10.65","7.55","56.41","2.9","33.33","0.77","6.13","0.97","0","0","0","0.19","0","0","1.74","22.22","0.97","60","3.1","37.5","0.39","0.58","0.39","25.74","73.68","8.13","50","4.26","36.36","0.03","0","0","0","0.19","1.94","40","1.35","28.57","0.19","4.26","45.45"
"T. Bruns","Netherlands 1.","Heracles","CF, AMF, RCMF","33","350000","","8","463","0","0","Netherlands","right","177","5.05","4.67","50","2.53","61.54","0","2.71","1.36","0","0.09","0","2.14","18.18","0","1.75","11.11","1.17","66.67","4.08","38.1","1.56","0.97","0.39","21.19","73.39","5.64","62.07","1.94","60","0.11","0","0","0","0.19","2.72","57.14","1.36","42.86","0.39","2.92","66.67"
"V. Misidjan","Netherlands 1.","NEC","LWB","32","2300000","2026-06-30","10","462","1","2","Netherlands","right","173","2.92","3.31","41.18","3.7","42.11","0","2.26","3.51","0.19","0.08","0","1.36","42.86","14.286","2.34","41.67","4.48","43.48","8.96","32.61","3.51","3.9","0.58","28.05","84.72","5.45","89.29","1.56","75","0.34","0","0","0","0.78","1.36","100","1.75","55.56","0.78","2.92","93.33"
"K. Itakura","Netherlands 1.","Ajax","RCB, LCB","28","12000000","2026-06-30","6","458","1","0","Japan","right","188","8.25","3.54","66.67","3.93","65","0.98","6.43","0.59","0.2","0.12","0","0.79","50","25","0.2","0","0.2","100","1.77","33.33","0.59","1.18","0.2","54.04","91.27","19.06","81.44","4.91","48","0","0.2","0","0","0","5.9","76.67","0.98","20","0.2","6.88","65.71"
"D. Payne","Netherlands 1.","Volendam","RB","23","275000","","7","452","0","0","Netherlands","right","182","9.56","7.57","42.11","1.39","42.86","1.19","6.89","1","0","0","0","0","0","0","1.59","25","1.19","50","4.58","34.78","0.4","0.6","0.2","32.65","83.54","11.55","74.14","2.19","36.36","0","0","0","0","0","1.99","80","1.39","28.57","0","6.57","72.73"
"M. Benita","Netherlands 1.","Heracles","RB","21","1500000","2026-06-30","7","450","0","0","Netherlands","right","173","13.2","9.2","63.04","1.6","62.5","1.4","6.9","1.4","0","0","0","0","0","0","2.6","15.38","1.4","57.14","5.2","50","0.2","0.8","0.4","29.4","72.79","11.8","66.1","3.6","50","0.04","0","0.2","100","0.2","3.8","63.16","2","20","0.2","7.2","72.22"
"A. Oufkir","Netherlands 1.","Sparta Rotterdam","RWF, LAMF, RAMF","19","0","","9","440","1","2","Netherlands","unknown","0","5.73","5.93","55.17","1.64","37.5","0.2","2.66","4.7","0.2","0.47","0","3.27","43.75","6.25","3.27","12.5","5.11","52","8.59","42.86","3.89","4.91","1.84","23.93","66.67","4.3","57.14","1.43","42.86","0.32","0","0.2","100","0.41","1.43","85.71","3.48","35.29","1.23","3.89","63.16"
"K. Tejan","Netherlands 1.","Telstar","CF, AMF, RW","28","350000","","7","435","1","1","Netherlands","left","187","3.72","4.55","45.45","6.21","46.67","0","1.92","3.31","0.21","0.48","0","3.31","37.5","6.25","0.62","66.67","2.69","61.54","10.34","28","3.72","1.45","0","14.48","68.57","5.79","50","1.45","42.86","0.12","0","0","0","0.62","1.86","33.33","1.86","55.56","1.03","1.86","55.56"
"J. Ideho","Netherlands 1.","Volendam","LAMF","22","400000","","8","431","0","1","Netherlands","right","170","4.59","3.76","50","1.67","0","0","3.45","6.68","0","0.13","0","2.09","20","0","4.39","9.52","9.4","62.22","15.87","50","2.92","5.85","0.42","23.18","62.16","6.68","50","2.51","41.67","0.09","0.21","0","0","0.63","1.04","40","5.22","28","1.25","3.76","72.22"
"B. Willumsson","Netherlands 1.","Groningen","CF","25","450000","2027-06-30","6","427","5","0","Iceland","right","185","4.85","3.79","72.22","9.27","27.27","0.42","2.26","2.95","1.05","0.43","0","2.32","81.82","45.455","0.21","0","1.48","71.43","8.22","25.64","3.58","0","0","11.59","74.55","1.9","44.44","0.21","100","0.04","0","0.21","0","0.21","0.21","100","0.63","33.33","0.63","0.42","50"
"M. Zonneveld","Netherlands 1.","Telstar","CF","22","0","2028-06-30","10","425","1","1","Netherlands","right","0","1.48","1.48","57.14","5.93","46.43","0","0.82","1.48","0.21","0.54","0.21","3.39","37.5","6.25","0.42","0","0.42","50","7.62","16.67","4.87","0.85","0.21","11.44","74.07","3.81","66.67","0","0","0.02","0","0","0","0.42","0.42","50","0.21","100","0.42","1.06","80"
"N. Hopland","Netherlands 1.","Heerenveen","LCB","21","800000","2028-06-30","6","424","1","0","Norway","right","190","5.94","2.97","64.29","3.61","52.94","0","5.64","0.42","0.21","0.16","0","0.42","50","50","0","0","0.21","100","1.7","37.5","0.42","0.64","0","51.79","93.44","17.19","86.42","4.03","68.42","0","0","0","0","0","6.79","96.88","0.21","100","0","5.94","78.57"
"D. Mbayo","Netherlands 1.","PEC Zwolle","RW, RWF, RAMF","24","500000","2026-06-30","9","423","0","1","Belgium","left","175","4.04","5.74","55.56","0.21","0","0","0.74","2.98","0","0.05","0","0.43","50","0","1.06","60","4.68","45.45","11.06","40.38","1.49","2.98","0.21","21.91","83.5","3.62","70.59","0.21","0","0.07","0","0","0","0.43","0.85","100","1.91","77.78","1.28","3.19","80"
"P. Gladon","Netherlands 1.","Fortuna Sittard","CF","33","300000","","9","420","3","1","Netherlands","right","188","1.5","2.14","30","13.5","33.33","0","1.21","1.07","0.64","0.26","0.43","1.71","50","37.5","0.43","0","0.43","50","3","21.43","2.36","0","0","11.14","61.54","4.5","52.38","0","0","0","0","0","0","0","1.07","40","0.86","25","0.21","0.43","0"
"D. Mertens","Netherlands 1.","Telstar","RCMF, LCMF, AMF","30","600000","","10","418","0","0","Netherlands","right","181","9.47","10.12","59.57","2.15","40","0.43","3.75","1.72","0","0.02","0","0.86","0","0","1.29","16.67","2.15","60","7.75","30.56","1.51","0.43","0","20.89","79.38","6.24","68.97","1.51","57.14","0.04","0","0.22","100","0.22","3.01","85.71","1.94","55.56","0.86","3.01","64.29"
"A. Noppert","Netherlands 1.","Heerenveen","GK","31","1500000","2027-06-30","4","414","0","0","Netherlands","left","203","1.3","0.22","100","0.65","100","0","1.53","0","0","0","0","0","0","0","0","0","0","0","0","0","0","0","0","27.61","87.4","17.39","80","11.74","72.22","0","0","0","0","0","1.96","55.56","0.22","0","0.22","10.22","78.72"
"S. Haller","Netherlands 1.","Utrecht","CF","31","10000000","2026-06-30","7","413","0","1","France","right","190","4.79","3.49","62.5","10.9","46","0","3","0.65","0","0.35","0","1.53","28.57","0","0","0","0.65","33.33","8.28","26.32","4.36","0.65","0","19.83","71.43","3.05","57.14","0.22","0","0.03","0","0","0","0.44","1.31","66.67","0.44","50","0.44","1.74","50"
"R. van Bommel","Netherlands 1.","PSV","LWF, LAMF, LW","21","8000000","2027-06-30","6","396","3","0","Netherlands","right","186","5.91","4.55","55","4.09","44.44","0.23","4.64","3.18","0.68","0.42","0","1.82","75","37.5","2.27","30","3.64","31.25","8.18","30.56","3.64","3.41","0.91","33.18","79.45","5.91","57.69","0.91","50","0.09","0.23","0","0","0.45","1.59","85.71","3.64","68.75","2.95","4.55","65"
"C. Verdonk","Netherlands 1.","NEC","LCB","28","2500000","","4","392","0","0","Netherlands","left","174","7.81","6.43","64.29","2.07","44.44","0.46","5.75","0.46","0","0","0","0.46","0","0","1.61","14.29","0.46","50","2.53","36.36","0.23","2.53","0.23","80.36","87.71","34.44","81.33","6.89","46.67","0.03","0.23","0.23","0","0.23","13.09","78.95","4.13","61.11","2.07","13.32","77.59"
"M. van Duinen","Netherlands 1.","Excelsior","CF","33","200000","","9","391","1","0","Netherlands","right","185","5.75","4.37","52.63","10.36","33.33","0.23","3.78","0.92","0.23","0.15","0","1.38","16.67","16.667","0.23","0","0.92","75","4.37","42.11","1.38","0.69","0.23","10.59","69.57","3.22","42.86","0.46","50","0.06","0","0","0","0","1.61","42.86","0.46","0","0.46","0.69","100"
"I. Jensen","Netherlands 1.","AZ","LW, LWF, LCMF","21","1700000","2030-06-30","9","389","0","0","Denmark","right","186","4.86","4.4","57.89","3.7","31.25","0","3.53","6.25","0","0.13","0","2.31","30","0","3.01","46.15","6.71","62.07","15.5","44.78","1.85","3.93","0.46","32.85","85.92","6.94","83.33","1.16","40","0.07","0.23","0.23","0","0.23","1.16","80","5.09","63.64","1.62","4.16","88.89"
"O. Edvardsen","Netherlands 1.","Ajax","RAMF, RB","26","2300000","","8","384","0","0","Norway","right","175","6.09","4.22","61.11","3.28","35.71","0","3.79","1.17","0","0.18","0","0.47","50","0","0.94","50","0.7","66.67","5.86","52","1.64","0.47","0.7","30","82.81","8.44","61.11","0.94","50","0.07","0","0","0","0.23","1.64","71.43","1.88","75","1.88","4.45","57.89"
"D. Nejašmić","Netherlands 1.","NEC","DMF, RCMF, RCB","26","1800000","","6","381","0","0","Croatia","right","183","9.69","7.09","66.67","4.25","61.11","0.24","8.08","1.42","0","0.03","0","0.24","0","0","0.94","75","0.47","100","2.36","50","0.47","1.18","0.24","39.92","84.02","12.76","70.37","3.78","50","0","0","0.47","50","0","7.8","75.76","0.94","25","0","7.56","71.88"
"T. Booth","Netherlands 1.","Twente","LAMF, RAMF","24","3000000","2026-06-30","8","379","0","0","United States","right","174","5.46","6.41","48.15","3.56","20","0.24","2.82","3.09","0","0.15","0","2.37","20","0","3.56","46.67","2.85","33.33","6.65","21.43","2.37","3.09","0.71","28.26","79.83","7.36","67.74","1.42","66.67","0.3","0","0","0","0.71","2.61","63.64","3.56","53.33","0.47","4.75","75"
"J. Baas","Netherlands 1.","Sparta Rotterdam","RDMF, LDMF, LCMF","23","1300000","2027-06-30","6","376","0","0","Netherlands","right","184","9.1","5.74","50","2.39","30","0.48","6.11","0.96","0","0.06","0","0.72","66.67","0","0.72","66.67","0.24","0","2.15","55.56","0.24","0.24","0","31.12","78.46","11.73","65.31","3.59","40","0.12","0","0","0","0.24","6.46","55.56","1.68","57.14","0.24","7.42","64.52"
"J. Hubner","Netherlands 1.","Fortuna Sittard","LCB","22","350000","","6","375","0","0","Netherlands","left","187","12","6.96","72.41","6","60","0.24","9.62","0.96","0","0.08","0","1.2","20","0","1.2","40","0.72","33.33","0.72","33.33","1.68","2.16","0","49.92","80.29","19.44","61.73","5.52","34.78","0","0.24","0","0","0","7.68","56.25","1.2","60","0","7.44","67.74"
"R. Mühren","Netherlands 1.","Volendam","AMF, CF, LAMF","36","300000","","9","373","0","0","Netherlands","right","187","3.62","3.86","43.75","1.69","14.29","0.24","2.09","1.45","0","0.07","0","1.21","20","0","1.69","14.29","0.97","75","1.69","42.86","3.14","0.72","0","13.51","60.71","4.1","47.06","0.97","50","0.03","0","0.24","100","0.24","2.41","60","0.48","50","0.48","3.14","46.15"
"D. Man","Netherlands 1.","PSV","RW, RAMF, RWF","27","10000000","2029-06-30","6","364","1","2","Romania","left","183","6.43","4.95","55","0.99","75","0.25","4.68","3.46","0.25","0.17","0","1.48","50","16.667","0.99","25","4.7","36.84","8.65","34.29","2.97","5.44","1.73","42.03","84.71","10.14","75.61","0.99","75","0.12","0","0.99","75","0.74","3.46","85.71","2.47","70","1.73","7.17","79.31"
"J. Wieckhoff","Netherlands 1.","Heracles","RB","25","450000","2026-06-30","6","361","0","0","Germany","right","188","7.48","8.23","48.48","1","50","0","3.68","1.99","0","0.01","0","0.5","0","0","3.24","38.46","1","75","2.74","63.64","0.5","1.5","0.25","29.17","74.36","10.72","58.14","3.24","46.15","0.08","0","0","0","0.5","3.49","71.43","2.99","50","0.25","7.48","60"
"T. Mercera","Netherlands 1.","Groningen","RB, LB","21","0","2029-06-30","8","359","0","0","Netherlands","unknown","0","6.27","6.52","53.85","7.52","33.33","0.25","4.07","0.75","0","0.07","0","0.25","0","0","2.76","27.27","0.5","0","3.76","20","1.25","0.75","0","28.08","75","4.51","38.89","1.75","0","0.14","0","0","0","0.5","0.5","50","2.26","11.11","0","3.01","41.67"
"P. Sandler","Netherlands 1.","NEC","CB, RCB","28","3000000","2029-06-30","5","357","1","1","Netherlands","right","190","5.8","4.03","62.5","4.54","44.44","0","5.54","0.5","0.25","0.02","0.25","0.25","100","100","0.25","0","0.5","50","3.53","21.43","2.02","2.27","0","68.82","93.41","18.91","84","3.28","61.54","0.18","0","0.25","0","0.76","8.82","88.57","2.02","50","1.51","8.07","78.13"
"E. Michut","Netherlands 1.","Fortuna Sittard","RCMF, LDMF, RDMF","22","2500000","2027-06-30","5","352","0","0","France","right","177","8.69","5.63","54.55","2.05","62.5","0.26","5.71","1.53","0","0.01","0","1.02","25","0","1.79","28.57","1.02","75","6.14","37.5","1.53","0.77","0.51","49.09","92.19","12.02","87.23","1.53","66.67","0","0","0","0","0","7.16","89.29","2.05","50","0.77","3.58","92.86"
"R. Postema","Netherlands 2.","Emmen","CF","23","750000","2027-06-30","13","1274","9","3","Netherlands","right","175","1.84","2.05","44.83","2.26","25","0","1.25","2.12","0.64","0.56","0.14","2.54","38.89","25","0.64","33.33","1.34","68.42","3.18","53.33","3.6","0.57","0","14.13","73.5","3.32","55.32","0.28","25","0.1","0","0.07","0","0.64","1.77","56","0.92","46.15","0.85","1.41","70"
"L. Unbehaun","Netherlands 2.","Emmen","GK","24","400000","2026-06-30","13","1274","0","0","Germany","right","185","1.7","0.07","0","0.57","100","0","2.32","0","0","0","0","0","0","0","0","0","0.07","0","0.14","50","0","0","0","34.19","80.17","17.17","61.32","13.56","51.56","0","0","0","0","0","5.44","53.25","0.42","0","0","9.54","66.67"
"P. van de Merbel","Netherlands 2.","Den Bosch","GK","23","0","2026-06-30","13","1269","0","0","Netherlands","right","186","1.06","0","0","0.21","66.67","0","1.32","0","0","0","0","0","0","0","0","0","0","0","0.07","100","0","0","0","29.15","77.62","18.51","65.9","14.54","56.59","0","0","0","0","0","4.04","38.6","0.14","0","0","9.22","73.08"
"M. Havekotte","Netherlands 2.","TOP Oss","GK","30","300000","","13","1265","0","0","Netherlands","right","187","0.57","0.07","0","0.36","80","0","0.7","0","0","0","0","0","0","0","0","0","0","0","0.07","100","0","0","0","24.55","86.96","15.51","80.28","12.52","75","0","0","0","0","0","2.28","68.75","0","0","0.07","10.53","82.43"
"Celton Biai","Netherlands 2.","Dordrecht","GK","25","500000","2026-06-30","13","1257","0","0","Guinea-Bissau","right","188","1.36","0.14","100","0.43","100","0","1.32","0","0","0","0","0","0","0","0","0","0","0","0.21","66.67","0","0","0","33.08","77.71","20.48","67.83","16.61","61.21","0","0","0","0","0","4.37","47.54","0.21","66.67","0.14","13.75","71.35"
"M. Spenkelink","Netherlands 2.","RKC Waalwijk","GK","28","125000","","13","1257","0","0","Netherlands","right","196","0.72","0","0","0.5","57.14","0","0.83","0","0","0","0","0","0","0","0","0","0","0","0.07","100","0","0","0","26.13","83.56","16.4","76.42","12.74","70.22","0","0.07","0","0","0","1.5","57.14","0.07","0","0","11.38","71.7"
"T. Jansen","Netherlands 2.","Cambuur","GK","23","450000","","13","1256","0","1","Netherlands","right","192","1.86","0","0","0.36","100","0","2.81","0","0","0","0","0","0","0","0","0","0","0","0.14","50","0","0","0","31.74","81.26","20.06","72.5","14.55","63.55","0","0","0","0","0.07","2.79","38.46","0.21","0","0.07","11.75","72.56"
"J. Jacobs","Netherlands 2.","Almere City","RCB","25","650000","","13","1254","1","0","Netherlands","right","183","8.04","5.53","72.73","5.67","58.23","0.79","4.58","0.22","0.07","0.03","0.07","0.5","28.57","14.286","0.43","0","0.22","33.33","1.08","26.67","0.72","1.29","0","50.81","87.29","20.02","78.14","7.97","52.25","0.09","0","0","0","0.29","7.97","77.48","1.29","33.33","0.43","11.2","78.85"
"G. Blancquart","Netherlands 2.","VVV Venlo","RCB, LCB","21","0","2026-06-30","13","1251","2","0","France","","192","8.92","5.97","71.08","3.88","48.15","0.43","5.38","0.5","0.14","0.15","0.14","0.72","30","20","0.07","0","0.43","66.67","2.59","61.11","1.15","1.58","0.22","41.01","90.53","15.97","81.08","3.96","78.18","0","0","0","0","0","3.31","86.96","0","0","0","6.19","69.77"
"Y. Schoonderwaldt","Netherlands 2.","VVV Venlo","GK","25","125000","2026-06-30","13","1251","0","0","Netherlands","left","195","2.01","0","0","0.36","80","0","2.47","0","0","0","0","0","0","0","0","0","0","0","0","0","0","0","0","35.76","84.51","22.01","78.43","14.82","67.96","0","0","0","0","0","4.03","67.86","0.14","0","0.07","12.3","76.02"
"J. Kruiver","Netherlands 2.","Roda JC","RB","24","225000","2026-06-30","13","1251","0","1","Netherlands","right","0","8.56","7.55","60","2.37","54.55","0.29","4.46","1.58","0","0.01","0","0.22","33.33","0","1.73","16.67","2.16","53.33","6.12","48.24","0.5","1.29","0.29","39.5","84.34","15.97","75.23","3.31","41.3","0.04","0","0.07","100","0.14","4.89","70.59","2.3","40.63","0.72","8.85","76.42"
"J. Treichel","Netherlands 2.","Roda JC","GK","22","50000","2026-06-30","13","1251","0","0","Germany","left","188","1.87","0.07","100","0.36","80","0","2.14","0","0","0","0","0","0","0","0","0","0","0","0.14","100","0","0","0","30.72","89.7","12.81","78.09","9.28","68.99","0","0","0","0","0","1.58","50","0","0","0","7.7","76.64"
"J. Müller","Netherlands 2.","Roda JC","RDMF, DMF, LB","25","450000","2026-06-30","13","1251","1","0","Germany","right","180","6.55","4.03","62.5","2.81","51.28","0.72","4.8","0.86","0.07","0.05","0","0.72","20","10","0.58","50","0.94","46.15","3.38","34.04","0.79","0.43","0","37.12","89.34","9.71","77.78","2.16","70","0.05","0","0","0","0.07","3.74","84.62","1.22","64.71","0.58","4.68","64.62"
"M. Tol","Netherlands 2.","Roda JC","RCB","27","450000","","13","1251","0","1","Netherlands","right","188","6.55","3.6","72","3.17","40.91","0.86","4.54","0.07","0","0.02","0","0.14","0","0","0.22","0","0.07","100","0.36","20","0.36","1.01","0","53.24","86.62","21.08","75.43","9.14","55.12","0.02","0","0","0","0.07","7.91","69.09","0.79","54.55","0.43","11.87","69.7"
"M. Bergsen","Netherlands 2.","Helmond Sport","GK","26","150000","","13","1250","0","0","Netherlands","right","186","1.94","0.07","100","0.29","100","0","2.42","0","0","0","0","0","0","0","0","0","0","0","0","0","0","0","0","33.55","81.76","19.01","68.94","14.04","59.49","0","0","0","0","0","3.53","42.86","0.07","0","0","9.22","71.88"
"Pol Llonch","Netherlands 2.","Helmond Sport","RDMF, DMF, RCMF","33","250000","","13","1240","1","0","Spain","right","170","9.65","7.48","63.11","2.83","33.33","0.65","6.17","0.65","0.07","0.02","0","0.51","42.86","14.286","0.29","25","0.51","71.43","4.57","47.62","0.22","0.58","0","41.59","84.82","13.79","69.47","4.43","39.34","0","0","0","0","0","6.46","64.04","1.16","37.5","0.22","5.37","64.86"
"M. Diemers","Netherlands 2.","Cambuur","LCMF, LDMF","32","900000","","13","1239","2","6","Netherlands","right","175","5.16","4.43","63.93","0.65","66.67","0","2.63","4.5","0.15","0.13","0","2.4","51.52","6.061","2.47","44.12","2.83","61.54","13.15","55.8","1.96","1.89","0.22","53.39","87.76","16.13","81.08","3.63","60","0.24","0","0.51","85.71","0.8","8.72","82.5","3.7","56.86","0.94","9.37","88.37"
"N. Twisk","Netherlands 2.","AZ II","RDMF, RCB","22","150000","","13","1235","0","0","Netherlands","right","181","7.94","5.03","66.67","1.97","25.93","0.51","5.49","0.44","0","0.08","0","0.36","0","0","0.66","55.56","0.15","50","1.89","38.46","0.36","0.8","0","52.47","90","13.55","77.96","3.72","60.78","0","0.07","0","0","0","7.72","86.79","1.09","60","0.36","8.45","74.14"
"R. Akmum","Netherlands 2.","Den Bosch","LCB","24","75000","","13","1235","1","1","Netherlands","left","184","9.69","5.68","82.05","3.57","51.02","0.73","6.02","0.29","0.07","0.07","0","0.58","12.5","12.5","0","0","0.22","100","1.24","35.29","0.44","0.87","0","41.32","85.36","16.83","72.73","5.54","47.37","0","0","0.07","0","0.07","6.34","64.37","0.51","0","0.07","8.53","65.81"
"John Neeskens","Netherlands 2.","Eindhoven","LCB, RCB","31","200000","","13","1231","0","0","United States","left","184","7.9","4.02","69.09","1.46","55","0.95","5.24","0.44","0","0.02","0","0.44","16.67","0","0.44","50","0.22","66.67","1.46","60","0.37","0.95","0.29","45.33","85.32","16.96","72.84","8.85","57.02","0","0.07","0","0","0.07","7.38","61.39","0.73","30","0","9.43","76.74"
"J. Nisbet","Netherlands 2.","Roda JC","LDMF, LCMF","26","550000","2027-06-30","13","1224","0","1","Australia","right","160","8.68","5.29","70.83","1.84","56","0.29","5.86","0.37","0","0.05","0","0.37","0","0","0.51","28.57","0.59","37.5","5.74","57.69","1.25","1.69","0.37","35.66","84.54","10.51","76.22","1.25","47.06","0.02","0.07","0","0","0.15","4.19","78.95","1.69","52.17","0.88","4.56","77.42"
"S. Simons","Netherlands 2.","Eindhoven","LCMF, RCMF","21","0","2026-06-30","13","1219","1","0","Netherlands","left","168","6.5","5.24","54.93","1.55","19.05","0.37","3.73","2.29","0.07","0.08","0","1.11","33.33","6.667","2.36","53.13","1.26","52.94","3.32","42.22","0.96","1.48","0.52","37.06","79.88","12.4","70.83","5.61","55.26","0.08","0","0.15","0","0.15","6.35","83.72","2.36","46.88","0.15","7.9","71.96"
"X. Lambrix","Netherlands 2.","TOP Oss","LCB","25","325000","","13","1215","1","0","Belgium","left","181","7.48","3.33","68.89","5.11","55.07","0.67","5.96","0.22","0.07","0.02","0.07","0.3","50","25","0.37","20","0.07","0","1.41","47.37","0.67","1.63","0.37","45.33","84.8","16.22","67.12","9.04","55.74","0","0","0","0","0","8.07","64.22","1.11","46.67","0.44","8.52","70.43"
"R. Janga","Netherlands 2.","Eindhoven","CF","33","250000","","13","1212","2","0","Netherlands","right","192","2.97","2.08","53.57","12.48","57.14","0.22","2.03","0.67","0.07","0.2","0.07","0.97","46.15","15.385","0.22","33.33","0.37","40","6.76","36.26","2.45","0.45","0.07","12.48","75","2.08","67.86","0.15","0","0.02","0","0","0","0.22","1.04","71.43","0.07","100","0.22","0.97","38.46"
"L. Daneels","Netherlands 2.","Helmond Sport","AMF, CF, LAMF","27","325000","2026-06-30","13","1210","2","1","Belgium","right","172","4.91","4.09","65.45","1.56","33.33","0","2.77","2.01","0.15","0.31","0","1.71","34.78","8.696","1.56","38.1","1.41","57.89","6.02","34.57","2.6","1.04","0.3","24.47","74.77","7.51","54.46","1.93","26.92","0.09","0","0","0","0.3","2.6","57.14","2.38","46.88","1.04","3.27","75"
"J. Amofa","Netherlands 2.","Cambuur","LCB","26","750000","2027-06-30","13","1206","0","0","Netherlands","right","185","10","6.72","72.22","2.84","47.37","0.82","7.3","0.75","0","0.05","0","0.3","0","0","0","0","0.97","61.54","3.66","59.18","0.37","1.34","0.22","68.51","89.87","26.72","79.33","5.15","62.32","0","0","0.15","100","0.07","7.69","75.73","0.82","27.27","0.37","10.9","76.71"
"J. Altena","Netherlands 2.","RKC Waalwijk","RB","21","0","2028-06-30","13","1198","2","3","Netherlands","","0","12.17","9.84","67.94","1.8","50","0","5.82","4.21","0.15","0.1","0","1.95","46.15","7.692","2.25","33.33","4.73","53.97","11.94","49.06","1.43","2.93","0.6","38.99","79.96","13.97","73.12","5.11","58.82","0.14","0","0","0","0.38","5.48","83.56","2.78","45.95","0.68","8.79","71.79"
"M. Vetkal","Netherlands 2.","Dordrecht","LDMF, LCMF","21","50000","2027-12-31","13","1194","0","1","Estonia","right","181","7.91","5.35","56.34","0.6","25","0.08","5.65","1.13","0","0.05","0","1.13","20","0","0.9","41.67","1.28","41.18","4.52","41.67","1.28","1.51","0.3","32.11","79.58","12.14","70.81","4.37","56.9","0.05","0","0","0","0.23","6.86","69.23","2.04","40.74","0.75","7.09","75.53"
"E. Cornelisse","Netherlands 2.","Almere City","LDMF, LCMF","23","375000","","13","1192","1","1","Netherlands","left","185","6.8","4.83","78.13","2.72","47.22","0.38","3.55","1.06","0.08","0.06","0.08","1.21","25","6.25","0.68","33.33","0.53","85.71","2.79","45.95","1.13","0.6","0","33.07","83.56","10.12","70.15","3.4","51.11","0.05","0","0.23","33.33","0.23","5.13","70.59","0.76","20","0.38","5.44","66.67"
"L. Larsen","Netherlands 2.","Emmen","LB","19","0","2027-06-30","13","1191","1","2","Denmark","","0","7.86","6.12","58.02","2.19","62.07","0.23","5.8","3.17","0.08","0.14","0.08","1.21","18.75","6.25","3.78","38","2.64","57.14","6.73","43.82","2.04","3.17","0.76","43","74.87","12.85","58.24","4.61","40.98","0.08","0.08","0.15","0","0.68","5.06","49.25","3.93","42.31","0.53","8.92","67.8"
"K. Boogaard","Netherlands 2.","AZ II","LDMF, AMF, RDMF","19","0","","13","1184","3","2","Netherlands","unknown","0","8.67","6.92","75.82","1.82","16.67","0.3","4.23","1.52","0.23","0.07","0","1.52","35","15","0.3","25","1.22","62.5","4.79","41.27","0.91","0.91","0","39.45","84.01","11.25","68.92","4.18","58.18","0.12","0.08","0.23","66.67","0.38","7.37","73.2","1.67","45.45","0.61","6.16","72.84"
"N. Makanza","Netherlands 2.","Helmond Sport","LDMF, LCMF, AMF","20","0","","13","1178","1","1","Belgium","right","177","7.95","6.8","60.67","2.44","28.13","0.23","4.31","1.22","0.08","0.02","0","0.38","40","20","0.69","33.33","1.15","73.33","5.73","49.33","0.99","0.53","0","27.2","80.34","7.41","61.86","3.59","55.32","0.05","0.08","0","0","0.23","3.74","63.27","1.22","43.75","0.38","3.59","72.34"
"R. Besselink","Netherlands 2.","De Graafschap","RCB","21","0","","12","1168","1","0","Netherlands","right","183","8.48","4.55","64.41","4.01","59.62","1","7.21","0.77","0.08","0.06","0.08","0.85","27.27","9.091","0.54","57.14","0.39","60","2.39","41.94","1","0.85","0","61.18","90.68","20.57","79.4","6.16","60","0.02","0","0","0","0.08","7.4","79.17","0.62","62.5","0.23","10.02","76.15"
"T. Wieggers","Netherlands 2.","De Graafschap","GK","22","25000","","12","1168","0","0","Netherlands","","194","1.62","0.08","100","0","0","0","2.12","0","0","0","0","0","0","0","0","0","0","0","0","0","0","0","0","31.52","89","15.64","79.8","10.79","70.71","0","0","0","0","0","1.93","60","0","0","0","8.55","74.77"
"R. Niemeijer","Netherlands 2.","De Graafschap","CF, AMF","30","400000","","12","1168","7","1","Netherlands","right","178","3.62","3.93","49.02","2.47","28.13","0.08","2.01","3.39","0.54","0.53","0","3.93","43.14","13.725","1.85","25","2","61.54","4.62","45","5.47","0.77","0.23","27.74","71.67","6.78","55.68","2.16","57.14","0.11","0.08","0","0","0.39","3.62","55.32","2.47","37.5","1.31","4.47","67.24"
"A. Drakpe","Netherlands 2.","Dordrecht","LCB, RCB","23","0","2026-06-30","13","1168","0","0","Netherlands","right","185","10.71","6.78","70.45","5.24","54.41","0.69","6.81","0.39","0","0.04","0","0.23","0","0","0.39","20","0.69","44.44","3.16","51.22","0.69","0.77","0.08","42.38","85.64","18.11","74.89","4.62","55","0.01","0","0","0","0.15","5.24","66.18","0.62","37.5","0.08","9.55","67.74"
"P. Mulder","Netherlands 2.","Emmen","LCB","26","0","2026-06-30","12","1165","3","0","Netherlands","unknown","0","11.36","6.1","72.15","6.18","56.25","0.54","9.43","0.93","0.23","0.1","0.08","1.24","50","18.75","0.23","33.33","0.46","50","2.32","43.33","0.85","2.86","0.08","66.28","89.63","25.03","82.41","6.1","56.96","0.02","0.23","0.08","0","0.08","10.27","75.94","0.54","28.57","0.31","12.44","78.26"
"K. Nikiema","Netherlands 2.","ADO Den Haag","GK","22","0","","12","1160","0","0","Netherlands","left","188","1.24","0.08","100","0.16","100","0","1.89","0","0","0","0","0","0","0","0","0","0","0","0","0","0","0","0","32.04","87.41","18.23","81.7","12.41","71.25","0","0","0","0","0","2.17","53.57","0.39","40","0.08","8.15","70.48"
"T. Didillon-Hödl","Netherlands 2.","Willem II","GK","29","500000","","12","1154","0","0","France","left","193","0.86","0","0","0.62","87.5","0","0.95","0","0","0","0","0","0","0","0","0","0","0","0.08","100","0","0","0.08","26.98","82.95","17.94","76.09","12.79","66.46","0.02","0","0","0","0","3.04","56.41","0.16","50","0.08","11.07","74.65"
"R. Behounek","Netherlands 2.","Willem II","RCB","28","700000","2026-06-30","12","1154","0","1","Austria","right","187","10.22","3.98","68.63","3.35","60.47","1.4","8.1","0.47","0","0.07","0","0.55","57.14","0","0.16","0","0.16","100","1.01","46.15","0.78","1.56","0.08","61.85","89.28","23.47","79.4","8.73","62.5","0.05","0","0","0","0.23","7.33","80.85","0.62","50","0.62","11.31","71.03"
"J. Hoogma","Netherlands 2.","Willem II","LCB","27","900000","2026-06-30","12","1154","0","0","Netherlands","left","190","7.33","4.45","70.18","3.9","50","0.47","4.31","0.23","0","0.01","0","0.08","0","0","0.08","100","0.23","66.67","0.86","45.45","0.08","2.81","0","48.04","90.42","17.55","79.11","5.3","58.82","0","0","0","0","0","6.71","74.42","0.7","44.44","0.23","9.83","79.37"
"S. Westerveld","Netherlands 2.","MVV","GK","23","400000","2026-06-30","12","1154","0","1","Spain","right","190","1.09","0","0","1.17","100","0","1.17","0.08","0","0","0","0","0","0","0","0","0.08","100","0.23","100","0","0","0","29.48","87.83","13.96","74.86","7.88","58.42","0","0","0","0","0.08","2.11","37.04","0.23","0","0","5.93","69.74"
"D. Van den Buijs","Netherlands 2.","Roda JC","LCB","30","750000","2026-06-30","12","1151","0","0","Belgium","left","188","9.62","4.14","60.38","3.83","42.86","1.17","7.93","0.08","0","0.02","0","0.08","0","0","0","0","0.08","100","0.55","57.14","0.39","1.8","0","56.92","86.26","27.52","76.99","9.38","52.5","0.01","0","0","0","0.08","9.62","78.86","0.63","62.5","0.55","13.84","79.66"
"T. Douglas","Netherlands 2.","Eindhoven","LB","24","150000","","12","1151","0","1","Netherlands","left","186","7.98","6.26","52.5","1.95","48","0.23","4.49","2.5","0","0.01","0","0.39","0","0","1.25","50","2.5","71.88","7.74","47.47","0.39","1.56","0.08","27.76","83.94","9.93","75.59","2.74","60","0.03","0","0.23","33.33","0.31","2.97","81.58","1.64","57.14","0.23","5.86","66.67"
"O. Agougil","Netherlands 2.","Utrecht II","LCMF, LDMF","20","0","2026-06-30","13","1151","0","2","Netherlands","left","0","7.43","5.4","57.97","2.58","39.39","0.08","4.43","2.11","0","0.09","0","1.33","35.29","0","1.17","40","2.11","51.85","9.62","39.02","0.63","1.64","0.55","35.58","84.84","13.06","74.85","3.05","53.85","0.21","0.16","0.08","100","0.39","7.04","72.22","2.58","54.55","0.94","5.94","90.79"
"R. Balk","Netherlands 2.","Cambuur","RCMF, CF, RWF","24","500000","","13","1145","4","2","Netherlands","right","176","3.54","3.93","48","1.57","45","0.08","1.76","2.59","0.31","0.27","0","1.49","52.63","21.053","1.49","10.53","2.99","55.26","7.47","52.63","3.77","1.73","0.16","18.94","77.18","3.69","61.7","0.79","30","0.05","0","0","0","0.47","1.26","50","1.65","42.86","0.79","1.73","59.09"
"K. Monzialo","Netherlands 2.","Den Bosch","CF","25","200000","","13","1145","8","4","France","right","185","4.09","4.01","56.86","2.52","25","0","1.64","6.37","0.55","0.44","0","2.28","58.62","27.586","4.72","43.33","4.64","64.41","11.71","37.58","3.93","2.04","0.47","20.2","70.04","4.01","62.75","1.18","60","0.34","0.16","0.08","0","1.1","1.57","70","4.32","49.09","1.1","3.62","89.13"
"B. Koglin","Netherlands 2.","Helmond Sport","RCB, LCB","28","425000","","13","1142","0","2","Germany","right","189","8.83","4.96","71.43","5.99","59.21","1.02","6.32","0.39","0","0.08","0","0.63","25","0","0.08","0","0.32","50","0.87","54.55","0.55","0.55","0.39","55.8","87.01","21.67","72.36","7.33","56.99","0","0","0.08","100","0.16","6.23","62.03","0.47","50","0.08","10.48","72.93"
"A. Thomas","Netherlands 2.","PSV II","LW, LAMF","18","0","2026-06-30","13","1139","2","1","Netherlands","","0","4.66","6.24","54.43","0.4","40","0.16","1.53","5.06","0.16","0.24","0","2.69","41.18","5.882","1.66","23.81","7.74","45.92","17.23","36.7","3.32","6.32","1.5","20.54","78.08","3.48","75","1.19","60","0.13","0","0.16","0","0.4","1.26","87.5","1.42","55.56","0.87","2.69","61.76"
"D. Huisman","Netherlands 2.","Eindhoven","RCMF, LCMF, CF","23","350000","2026-06-30","13","1138","0","0","Netherlands","right","189","8.7","4.27","62.96","1.5","47.37","0.71","5.45","1.03","0","0.02","0","0.79","40","0","0.71","44.44","0.32","100","3.24","34.15","0.63","0.32","0.08","36.62","79.27","12.5","65.82","4.98","53.97","0.04","0","0.08","100","0.32","6.33","60","1.19","53.33","0.32","5.38","70.59"
"I. Breugelmans","Netherlands 2.","MVV","RCB","24","0","","12","1128","0","0","Belgium","right","0","9.81","6.62","67.47","4.71","59.32","1.04","5.59","0","0","0.04","0","0.24","0","0","0.16","0","0","0","1.36","58.82","0.4","0.88","0.08","43.88","84.36","19.15","70","5.59","44.29","0.01","0","0.08","0","0","4.39","70.91","0.48","0","0.16","8.46","52.83"
"S. van der Sloot","Netherlands 2.","ADO Den Haag","RB","23","250000","2026-06-30","12","1127","3","0","Cameroon","right","178","9.9","8.31","66.35","2.08","46.15","0.48","6.28","3.43","0.24","0.1","0.16","0.72","55.56","33.333","4.87","45.9","1.04","76.92","2.24","67.86","2.32","1.84","0.32","37.93","79.16","11.5","64.58","4.39","45.45","0.13","0.08","0","0","0.8","5.27","59.09","4.87","54.1","0.96","9.58","76.67"
"K. Felida","Netherlands 2.","Den Bosch","DMF, RDMF, RCMF","25","300000","2027-06-30","12","1126","1","1","Netherlands","right","174","7.83","5.6","51.43","1.76","54.55","0.4","5.42","1.04","0.08","0.06","0","0.8","40","10","0.64","12.5","0.88","63.64","5.91","54.05","0.32","0.8","0","42.6","82.18","14.71","64.67","6.47","45.68","0.05","0.08","0.16","50","0.24","7.59","60","2.72","38.24","0.8","6.95","77.01"
"T. van Leeuwen","Netherlands 2.","Den Bosch","CF, RCMF, AMF","24","250000","2026-06-30","13","1119","1","1","Netherlands","right","175","6.19","6.11","57.89","2.09","38.46","0.08","2.41","1.85","0.08","0.25","0","1.61","20","5","1.37","41.18","2.17","37.04","8.2","27.45","3.14","1.69","0.08","31.61","84.22","9.73","77.69","2.57","62.5","0.12","0","0.4","40","0.48","5.23","72.31","2.49","67.74","1.21","5.07","90.48"
"S. van Duijn","Netherlands 2.","AZ II","CF","21","200000","2027-06-30","12","1116","7","1","Netherlands","right","181","5.32","3.87","54.17","3.79","40.43","0.16","3.45","1.61","0.4","0.55","0.16","2.42","53.33","23.333","0.24","33.33","0.73","33.33","4.19","34.62","3.47","0.32","0","15.16","74.47","2.82","51.43","0.65","50","0.05","0.08","0.08","0","0.08","1.21","53.33","0.65","37.5","0.89","1.69","52.38"
"R. van de Riet","Netherlands 2.","PSV II","LB","19","0","","13","1115","0","0","Netherlands","left","178","7.75","5.49","54.41","1.21","60","0.16","6.17","0.89","0","0.02","0","0.89","18.18","0","1.13","28.57","1.29","31.25","2.02","28","0.32","1.05","0.08","36.4","82.04","18.16","76","4.12","58.82","0.02","0","0","0","0.08","5.17","70.31","1.78","27.27","0.24","8.39","70.19"
"Jeffry Fortes","Netherlands 2.","Den Bosch","RB","36","175000","","12","1112","1","0","Netherlands","right","183","8.5","5.34","74.24","2.59","56.25","0.57","5.08","1.54","0.08","0.07","0","0.65","62.5","12.5","1.94","41.67","0.49","66.67","1.13","64.29","1.05","0.49","0","34.64","80.37","14.41","76.4","4.37","51.85","0.04","0","0","0","0.24","4.53","64.29","2.59","46.88","0.4","8.58","74.53"
"U. van Aalst","Netherlands 2.","Willem II","RCMF, LCMF","","0","","12","1109","0","1","Netherlands","","0","6.09","5.76","67.61","1.3","31.25","0.24","2.15","2.27","0","0.11","0","1.06","30.77","0","1.14","42.86","1.95","70.83","6.82","51.19","1.54","2.19","0.73","23.21","80.77","6.57","69.14","2.6","59.38","0.09","0.16","0.08","100","0.57","3.41","71.43","1.79","59.09","0.89","3.41","71.43"
"T. Gijselhart","Netherlands 2.","De Graafschap","LCMF, DMF","20","0","2026-06-30","12","1108","0","0","Netherlands","right","0","9.5","7.31","66.67","2.19","25.93","0.41","5.53","1.06","0","0.01","0","0.41","20","0","1.06","53.85","0.81","50","4.06","36","0.08","0.57","0.16","42.16","83.82","13.48","71.08","3.57","54.55","0.07","0.08","0","0","0.16","6.01","71.62","1.54","63.16","0.32","6.25","66.23"
"N. de Groot","Netherlands 2.","Den Bosch","LB","24","0","2027-06-30","12","1108","2","1","Netherlands","left","173","9.75","6.74","67.47","3.41","45.24","0.41","6.27","0.73","0.16","0.06","0.16","0.24","100","66.667","1.06","7.69","0.81","50","2.11","50","1.54","0.89","0.16","24.86","79.41","8.69","71.96","2.11","53.85","0.01","0","0","0","0.08","2.11","65.38","0.81","60","0.57","4.06","60"
"J. Vlak","Netherlands 2.","ADO Den Haag","LDMF, AMF, LCMF","27","650000","2027-06-30","12","1108","6","3","Netherlands","right","191","7.31","6.34","56.41","4.47","38.18","0","5.52","2.19","0.32","0.41","0","2.6","40.63","18.75","1.46","27.78","1.46","50","3.17","35.9","3.09","1.06","0.08","49.47","78.98","19.49","69.17","4.47","47.27","0.13","0.16","0.08","0","1.06","9.1","69.64","4.39","46.3","1.87","8.85","80.73"
"J. Kilo","Netherlands 2.","ADO Den Haag","RDMF, DMF, RCMF","23","100000","2028-06-30","12","1099","1","2","Finland","right","0","6.63","5.57","57.35","1.31","43.75","0.41","5.37","1.8","0.08","0.15","0","1.31","37.5","6.25","1.23","66.67","0.57","71.43","2.7","48.48","1.31","1.56","0","69.53","91.17","17.69","79.63","6.39","70.51","0.13","0.16","0.25","33.33","0.41","10.73","81.68","2.7","66.67","1.06","9.58","85.47"
"M. Laros","Netherlands 2.","Den Bosch","LDMF, LCMF, RB","20","0","2028-06-30","12","1093","0","1","Netherlands","unknown","0","8.07","6.01","54.79","3.29","62.5","0.49","5.61","1.07","0","0.02","0","0.58","14.29","0","1.07","46.15","0.49","83.33","2.31","50","1.24","1.56","0.16","29.48","78.77","10.13","65.04","3.13","47.37","0.09","0","0.25","33.33","0.25","4.36","60.38","2.06","56","0.91","5.76","72.86"
"J. Mukeh","Netherlands 2.","Utrecht II","LCB","22","350000","2027-06-30","12","1093","0","0","Netherlands","left","185","8.07","6.34","70.13","2.06","60","0.49","3.95","0","0","0","0","0.16","0","0","0.08","0","0.08","0","0.66","25","0.08","0.99","0","46.36","90.41","13.34","72.22","4.69","50.88","0.01","0","0","0","0","3.54","53.49","0.74","22.22","0.08","5.52","64.18"
"M. Breij","Netherlands 2.","Roda JC","RAMF, LAMF, RWF","28","600000","2026-06-30","13","1085","5","0","Netherlands","right","181","7.3","7.63","51.09","1.58","68.42","0.17","3.63","3.15","0.33","0.24","0","2.07","56","20","1.91","34.78","1.99","66.67","7.8","52.13","2.24","2.24","0.33","34.92","74.11","11.61","61.43","2.99","33.33","0.25","0.08","0","0","0.25","5.31","54.69","3.24","41.03","1","5.81","74.29"
"S. Blummel","Netherlands 2.","Eindhoven","RW","29","350000","","13","1071","2","0","Netherlands","left","178","5.8","5.63","50.75","1.6","31.58","0","3.14","2.61","0.17","0.16","0","2.1","40","8","1.85","40.91","1.93","47.83","3.45","43.9","2.44","1.18","0.34","26.39","78.34","7.39","72.73","2.77","54.55","0.08","0","0.17","50","0.67","2.69","78.13","3.36","52.5","0.92","5.55","65.15"
"M. Hinoke","Netherlands 2.","TOP Oss","LAMF, AMF","20","0","2027-06-30","12","1070","4","1","Netherlands","unknown","0","3.7","3.95","48.94","1.93","26.09","0.08","2.12","4.54","0.34","0.24","0","2.36","35.71","14.286","2.78","45.45","3.95","61.7","10.77","42.97","2.94","2.27","0.34","24.06","76.92","5.21","62.9","1.51","38.89","0.13","0.17","0.08","0","0.5","2.36","67.86","2.44","55.17","0.84","4.04","75"
"M. Waem","Netherlands 2.","ADO Den Haag","LCB","25","650000","2026-06-30","12","1070","1","3","Belgium","left","189","7.07","4.96","67.8","5.13","57.38","0.42","5.52","0.42","0.08","0.08","0.08","1.18","21.43","7.143","0.34","25","0.25","33.33","0.93","54.55","1.43","1.77","0","63.42","92.71","20.94","85.54","7.57","70","0.09","0.08","0","0","0.42","9","81.31","1.01","33.33","0.5","10.26","89.34"
"O. Raterink","Netherlands 2.","De Graafschap","RB","19","0","2027-06-30","12","1068","2","0","Netherlands","right","0","10.03","7.75","65.22","2.61","54.84","0.59","6.43","1.18","0.17","0.12","0.08","0.93","36.36","18.182","1.26","13.33","1.35","50","4.13","44.9","2.36","3.03","0.17","37.92","71.78","15.67","59.14","5.22","37.1","0.08","0","0","0","0.08","4.55","50","1.85","27.27","0.67","8.09","51.04"
"T. Galvez","Netherlands 2.","Cambuur","LB","20","600000","2028-06-30","12","1060","0","2","England","left","176","6.37","5.43","70.31","0.51","33.33","0.17","3.54","2.04","0","0.02","0","0.17","0","0","2.21","53.85","1.53","55.56","4.42","40.38","1.7","2.04","0.25","47.89","84.22","15.71","71.35","4.25","48","0.08","0","0.25","0","0.68","5.6","66.67","2.8","54.55","0.85","8.75","68.93"
"D. Vianello","Netherlands 2.","TOP Oss","RDMF, LDMF","23","0","2027-06-30","12","1058","1","3","Netherlands","left","181","7.83","5.87","56.52","2.64","51.61","1.11","5.64","1.02","0.09","0.07","0","1.11","23.08","7.692","0.94","18.18","0.77","66.67","3.49","46.34","0.85","1.11","0.09","37.26","81.74","11.82","66.91","4.59","50","0.18","0","0.17","50","0.43","5.44","65.63","1.87","40.91","0.68","5.44","70.31"
"K. Wolff","Netherlands 2.","Ajax II","LAMF, LWF, LW","19","0","","12","1050","5","2","Netherlands","right","186","5.31","4.8","48.21","1.2","50","0.34","3.36","3.69","0.43","0.23","0.09","2.14","48","20","1.63","26.32","3.94","56.52","9.17","39.25","4.54","3.26","0.09","31.11","80.72","7.71","78.89","1.11","38.46","0.08","0.09","0","0","0.17","3.17","91.89","2.31","55.56","1.46","5.31","70.97"
"Y. Eduardo","Netherlands 2.","Dordrecht","CF","19","0","","13","1050","6","2","Czech Republic","left","193","3","2.74","46.88","5.14","30","0.17","2.03","2.23","0.43","0.35","0.09","1.8","47.62","28.571","0.6","42.86","1.89","54.55","9.43","24.55","3.77","1.37","0.34","12.34","66.67","2.91","50","0.17","50","0.14","0.09","0.26","33.33","0.51","1.46","47.06","0.77","55.56","0.94","1.46","47.06"
"G. Besselink","Netherlands 2.","Willem II","DMF, LCMF, LDMF","21","0","","11","1046","0","0","Netherlands","right","180","8.35","5.76","68.66","2.32","40.74","0.43","4.57","0.43","0","0.02","0","0.34","50","0","0.26","33.33","0.17","100","2.32","62.96","0.34","0.6","0.09","29.77","86.42","8.52","69.7","3.01","51.43","0","0","0","0","0.09","4.39","72.55","0.86","40","0.26","3.27","68.42"
"Q. Tran","Netherlands 2.","MVV","RB","18","0","","12","1046","0","0","Belgium","unknown","0","13.34","11.96","64.03","1.81","42.86","0.52","5.65","1.81","0","0.02","0","0.34","25","0","1.72","25","1.81","71.43","3.96","54.35","0.6","1.72","0.09","24.09","72.5","12.05","67.86","4.04","53.19","0.02","0.09","0.09","0","0.09","3.27","73.68","1.72","35","0.17","6.02","67.14"
"V. Zumberi","Netherlands 2.","Vitesse","LCB","22","150000","","11","1039","0","0","Germany","right","188","7.8","4.16","81.25","2.34","55.56","0.26","5.12","0","0","0.01","0","0.26","0","0","0.17","0","0","0","1.47","47.06","0.35","0.87","0","48.33","87.63","19.23","77.03","4.85","51.79","0","0","0","0","0.09","3.9","68.89","0.35","25","0.26","8.06","63.44"
"N. Doodeman","Netherlands 2.","Willem II","RW, RAMF, RWF","29","500000","","12","1035","1","8","Netherlands","right","173","4.96","4.17","64.58","0.78","44.44","0.17","2.48","3.39","0.09","0.08","0","0.87","20","10","6","28.99","2.26","61.54","5.22","40","2.35","2","0.43","28.43","69.42","6","72.46","2.17","60","0.46","0.09","0.09","100","1.39","2.09","70.83","5.22","45","1.04","6.09","77.14"
"J. Eijgenraam","Netherlands 2.","VVV Venlo","RCMF, RDMF, DMF","23","0","","13","1029","0","0","Netherlands","right","181","7.7","6.56","50.67","0.87","60","0.26","5.05","0.35","0","0.01","0","0.52","16.67","0","0.09","0","0.52","33.33","2.27","42.31","0.09","0.44","0.26","34.64","81.82","11.28","65.89","3.06","48.57","0.02","0.17","0.09","100","0.09","4.9","71.43","0.7","25","0.35","5.51","55.56"
"A. van den Hurk","Netherlands 2.","Roda JC","CF","32","250000","","13","1026","8","1","Netherlands","right","180","4.3","2.54","58.62","6.23","40.85","0.09","2.8","1.75","0.35","0.72","0","2.54","58.62","27.586","0.53","0","0.88","30","8.68","29.29","4.39","0.7","0.09","13.33","71.05","2.81","56.25","0.35","50","0.07","0","0","0","0.18","1.23","50","1.14","46.15","0.88","0.79","77.78"
"R. Mulders","Netherlands 2.","Cambuur","RB","25","450000","2027-06-30","11","1024","0","1","Netherlands","right","170","8.17","7.21","57.32","2.02","43.48","0.18","4.47","2.29","0","0","0","0.09","0","0","2.37","33.33","1.85","80.95","4.39","60","0.79","1.23","0.18","41.75","82.32","15.29","70.11","3.43","43.59","0.1","0.18","0","0","0.44","5.98","66.18","1.85","33.33","0.35","7.12","72.84"
"J. Kadile","Netherlands 2.","Almere City","LAMF, LW, LWF","22","0","","13","1023","4","4","France","right","180","7.04","6.86","64.1","2.46","50","0.26","2.88","7.74","0.35","0.27","0","3.26","27.03","10.811","3.26","24.32","8.71","69.7","18.56","47.39","5.54","6.86","0.53","27.54","69.65","6.51","48.65","1.41","37.5","0.12","0","0.26","0","0.53","1.85","47.62","2.99","47.06","1.14","4.75","59.26"
"J. Triep","Netherlands 2.","VVV Venlo","CF, AMF","20","0","2026-06-30","13","1023","3","1","Netherlands","unknown","0","5.01","5.19","52.54","1.32","26.67","0.26","2.64","2.11","0.26","0.4","0","2.29","50","11.538","0.35","50","1.76","45","4.57","44.23","3.34","1.06","0.18","23.23","76.89","7.04","55","1.58","50","0.07","0","0.09","0","0.26","2.99","55.88","0.7","12.5","0.44","2.64","66.67"
"N. Ait Mouhou","Netherlands 2.","VVV Venlo","LW, LAMF","21","0","","13","1020","3","1","Morocco","unknown","0","5.56","5.82","60.61","1.15","15.38","0.26","2.14","5.12","0.26","0.45","0","3.44","35.9","7.692","1.68","36.84","4.94","62.5","11.38","44.96","4.24","4.94","0.53","24.53","78.06","7.94","61.11","0.88","50","0.08","0","0.26","66.67","0.26","2.47","64.29","2.21","60","0.88","3.62","68.29"
"R. Klaasen","Netherlands 2.","MVV","LCMF, LDMF, DMF","32","200000","","12","1018","0","2","Netherlands","left","177","11.67","7.87","65.17","2.21","60","0.27","5.92","1.15","0","0.01","0","0.53","0","0","1.15","76.92","0.27","100","2.48","53.57","0.35","0.27","0","41.2","81.76","18.39","74.04","4.51","47.06","0.13","0","0","0","0.27","7.16","74.07","1.86","57.14","0.18","9.99","72.57"
"I. Timas","Netherlands 2.","MVV","CF, LAMF, RW","23","0","2026-06-30","12","1016","4","0","Netherlands","both","183","4.78","5.4","50.82","0.62","57.14","0","2.16","3.1","0.35","0.1","0","1.77","35","20","3.19","27.78","3.72","40.48","10.19","31.3","2.48","3.01","0.53","26.93","70.07","8.15","58.7","2.83","31.25","0.13","0","0.09","100","0.44","3.37","60.53","4.07","39.13","0.89","5.67","68.75"
"B. Burgering","Netherlands 2.","Almere City","RAMF, RW, RWF","24","300000","2026-06-30","13","1015","8","2","Netherlands","left","174","4.08","6.47","50.68","0.62","14.29","0","0.92","7","0.71","0.25","0","3.01","50","23.529","3.1","45.71","7.71","51.72","13.21","35.57","2.57","4.17","0.35","15.87","77.65","3.72","69.05","1.77","55","0.21","0.09","0.09","100","0.71","1.24","64.29","3.46","66.67","1.15","3.46","84.62"
"S. Valk","Netherlands 2.","Dordrecht","RCB","23","200000","2026-06-30","11","1011","2","0","Netherlands","right","195","8.9","4.72","77.36","4.9","61.82","0.89","6.34","0.36","0.18","0.05","0.18","0.53","50","33.333","0.09","0","0.09","100","0.45","40","1.07","0.53","0","37.21","79.43","16.74","62.77","8.28","45.16","0.05","0","0","0","0.09","8.9","59","1.51","35.29","0.8","8.55","70.83"
"T. Wildeboer","Netherlands 2.","TOP Oss","CF","23","150000","2026-06-30","13","1005","3","0","Netherlands","right","189","3.04","2.6","51.72","8.69","40.21","0.18","1.8","1.61","0.18","0.34","0.09","2.33","50","11.538","0.27","0","0.81","55.56","7.61","28.24","2.87","0.27","0","10.12","60.18","3.13","42.86","0.81","33.33","0.01","0","0","0","0.09","1.61","44.44","0.18","50","0.18","1.34","66.67"
"D. O'Niel","Netherlands 2.","Ajax II","RAMF, RW, RWF","19","0","","13","1005","3","2","Netherlands","unknown","0","7.16","6.9","61.04","1.34","33.33","0.27","3.6","4.57","0.27","0.36","0","2.96","36.36","9.091","2.06","34.78","5.01","55.36","14.06","40.13","4.93","4.48","0.63","25.61","81.47","5.01","71.43","1.34","46.67","0.13","0.18","0","0","0.27","1.25","64.29","3.31","67.57","2.33","3.76","78.57"
"A. Appiah","Netherlands 2.","Ajax II","RB","19","0","","12","1002","0","2","Netherlands","right","174","9.7","8.08","62.22","0.54","83.33","0.18","5.2","1.53","0","0.03","0","0.72","25","0","2.34","30.77","1.08","50","3.86","39.53","1.98","0.81","0","45.63","83.86","16.26","75.14","2.6","34.48","0.06","0","0.09","100","0.27","4.13","84.78","1.89","57.14","0.9","8.17","63.74"
"T. Abed","Netherlands 2.","PSV II","RW, RAMF","21","0","2026-06-30","12","990","5","2","Israel","left","178","4.09","3.73","53.66","1.09","50","0.18","2.5","3.82","0.36","0.34","0","3.09","38.24","14.706","2","18.18","4.55","48","11.45","35.71","3.55","3.36","0.82","31.73","80.23","7.09","73.08","1.55","52.94","0.16","0.09","0.27","33.33","0.64","2.55","82.14","3.64","45","1.73","4.36","77.08"
"O. Sjöstrand","Netherlands 2.","Cambuur","LWF, LW, LAMF","20","0","2028-06-30","13","990","5","4","Sweden","","0","4.27","4.18","52.17","1.09","41.67","0.09","2.34","5.45","0.45","0.3","0","2.45","37.04","18.519","3.64","35","7.09","44.87","10.09","36.94","5","5","0.18","25.73","69.26","5.45","60","1.18","46.15","0.23","0","0.18","50","0.91","2","59.09","5","52.73","3.09","3.91","79.07"
"L. Wouters","Netherlands 2.","RKC Waalwijk","LCB, LB","26","300000","","12","987","0","0","Netherlands","left","190","9.57","6.2","70.59","2.1","73.91","1","5.58","0.46","0","0","0","0","0","0","0.73","37.5","0.18","100","1.73","47.37","0.09","0.91","0.09","46.6","89.43","16.5","81.22","3.92","58.14","0.03","0","0","0","0.09","4.56","76","0.82","44.44","0.09","6.93","75"
"M. Esajas","Netherlands 2.","TOP Oss","LDMF, RDMF","23","150000","2026-06-30","13","981","2","0","Netherlands","right","174","12.48","8.07","54.55","2.39","34.62","0.92","7.78","2.29","0.18","0.16","0","0.92","40","20","1.74","36.84","2.29","56","8.72","43.16","1.47","0.92","0.09","32.94","80.78","13.39","72.6","3.03","54.55","0.02","0","0","0","0.09","6.33","73.91","2.2","54.17","0.46","6.42","84.29"
"E. Huth","Netherlands 2.","Vitesse","CF","28","275000","","11","980","1","1","Germany","right","181","3.58","3.12","55.88","10.1","39.09","0.28","2.1","0.83","0.09","0.2","0.09","1.38","40","6.667","0.46","20","0.28","66.67","5.69","32.26","2.11","0.28","0","13.78","81.33","2.11","65.22","0.18","100","0.02","0.09","0","0","0.18","0.64","71.43","0.92","50","0.55","0.83","55.56"
"G. Roemeratoe","Netherlands 2.","RKC Waalwijk","RCMF, DMF","26","650000","2026-06-30","12","977","0","1","Curaçao","right","178","9.95","7.09","68.83","1.29","57.14","0.37","4.8","0.28","0","0.03","0","0.55","16.67","0","0.09","0","0.46","40","2.95","37.5","0.55","0.55","0","32.33","82.05","9.58","67.31","3.13","47.06","0.02","0","0.09","0","0.09","5.9","70.31","0.28","33.33","0.28","5.34","58.62"
"R. van Duiven","Netherlands 2.","PSV II","CF","19","0","","12","974","9","0","Netherlands","","0","3.14","1.39","86.67","5.82","44.44","0.37","2.24","1.39","0.55","0.69","0.09","2.03","59.09","40.909","0","0","0.18","100","4.25","28.26","2.03","0.28","0","9.7","68.57","1.94","42.86","0.74","50","0.04","0","0","0","0.09","1.2","53.85","0.09","100","0.37","1.85","40"
"A. Leipold","Netherlands 2.","Helmond Sport","RAMF, LAMF, RWF","23","300000","2026-06-30","13","974","0","0","Germany","right","181","5.54","5.64","52.46","1.2","76.92","0.18","3.13","3.88","0","0.09","0","1.57","5.88","0","2.77","53.33","4.25","54.35","9.7","42.86","3.33","3.42","0.55","25.23","70.7","6.84","47.3","1.66","27.78","0.09","0","0.09","0","0.65","2.13","52.17","2.22","70.83","0.37","3.6","76.92"
"L. Miguel","Netherlands 2.","TOP Oss","RCB","24","0","2026-06-30","11","972","1","0","Netherlands","right","183","8.43","5.09","63.64","3.89","45.24","0.37","6.09","0.19","0.09","0.04","0.09","0.09","100","100","0","0","0.28","33.33","2.87","74.19","0.19","0.28","0.09","37.78","84.31","10.19","58.18","4.17","33.33","0","0","0","0","0","4.07","47.73","0.65","0","0","5.37","51.72"
"M. Ghaddari","Netherlands 2.","Utrecht II","RB","20","0","2027-06-30","11","969","1","0","Netherlands","right","0","8.82","7.62","58.54","1.76","52.63","0.28","4.13","1.3","0.09","0.04","0","0.65","14.29","14.286","1.86","50","0.56","50","2.97","31.25","1.02","1.58","0","34.64","80.7","16.35","73.86","5.39","56.9","0.04","0","0","0","0.28","4.74","78.43","1.95","57.14","0.56","9.01","76.29"
"N. Held","Netherlands 2.","RKC Waalwijk","LB","20","0","","11","968","1","1","Curaçao","left","0","11.9","6.88","62.16","3.53","55.26","0.46","7.94","1.95","0.09","0.09","0.09","0.84","33.33","11.111","1.86","40","1.39","60","4.46","52.08","0.84","1.49","0.28","34.4","76.49","13.39","63.19","3.53","52.63","0.08","0","0.09","100","0.46","4.56","67.35","2.7","44.83","0.37","7.62","65.85"
"K. Toppenburg","Netherlands 2.","AZ II","LAMF, RAMF","22","0","2026-06-30","13","964","3","2","Netherlands","","0","4.48","6.07","55.38","0.56","33.33","0","1.51","5.32","0.28","0.25","0","2.71","37.93","10.345","2.33","40","6.07","53.85","14.1","34.44","3.17","3.55","0","34.08","80.55","7","68","0.37","50","0.18","0.09","0.19","50","0.93","1.96","80.95","4.29","58.7","2.05","5.98","78.13"
"C. Østergaard","Netherlands 2.","Emmen","RCB","20","0","2028-06-30","11","962","0","0","Denmark","","0","9.45","6.27","73.13","3.74","42.5","0.19","6.2","0.09","0","0.03","0","0.19","0","0","0.09","0","0.09","100","1.4","46.67","0.47","0.84","0.19","55.38","90.2","21.14","82.3","5.52","59.32","0","0","0.09","0","0.09","7.77","85.54","0.37","25","0.09","11.88","80.31"
"S. Van der Plas","Netherlands 2.","PSV II","LCB, RCB","19","0","","13","961","0","0","Netherlands","right","0","8.9","5.06","66.67","6.65","59.15","1.59","7.18","0.09","0","0.01","0","0.09","0","0","0","0","0.09","100","0.75","37.5","0.09","0.37","0.09","52.35","86.76","17.79","71.05","4.96","45.28","0","0","0","0","0","4.96","58.49","0.56","0","0","7.77","65.06"
"J. van der Sluijs","Netherlands 2.","Dordrecht","AMF, CF, RCMF","23","125000","2026-06-30","13","955","3","2","Netherlands","left","180","3.86","4.15","47.73","0.57","66.67","0.09","2.19","2.36","0.28","0.42","0","3.39","30.56","8.333","1.51","31.25","1.6","52.94","3.77","32.5","2.83","0.94","0.28","20.36","76.39","6.69","69.01","3.2","41.18","0.15","0.09","0","0","0.47","3.68","74.36","1.79","52.63","0.47","4.71","84"
"M. Steffen","Netherlands 2.","Vitesse","RCB","22","0","2028-06-30","10","954","1","1","Netherlands","right","189","8.49","3.96","78.57","4.06","62.79","0.94","5.93","0.47","0.09","0.08","0","0.47","40","20","0.19","100","0.09","100","0.75","62.5","0.47","0.75","0","47.83","87.18","17.08","71.27","5","47.17","0.01","0","0","0","0","3.96","69.05","0.75","50","0.28","8.11","56.98"
"A. Et Taïbi","Netherlands 2.","Helmond Sport","RB","22","0","2027-06-30","11","954","0","0","Morocco","right","186","9.15","8.58","56.04","3.3","60","0.28","5.14","1.7","0","0.01","0","0.28","0","0","2.83","30","1.51","50","3.4","33.33","0.94","1.04","0.19","38.96","76.03","15.19","68.94","3.3","45.71","0.08","0","0.09","100","0.38","5.38","63.16","4.06","41.86","0.75","9.15","74.23"
"T. van Grunsven","Netherlands 2.","Den Bosch","RCB","25","300000","2026-06-30","10","947","1","1","Netherlands","right","194","11.5","6.94","75.34","5.42","64.91","0.86","6.38","0.48","0.1","0.08","0.1","0.48","60","20","0.1","0","0.29","33.33","1.62","64.71","0.67","0.48","0","42.86","82.93","17.87","70.74","6.27","51.52","0.01","0","0.19","50","0.1","6.56","68.12","0.86","22.22","0.29","9.12","66.67"
"A. Tahaui","Netherlands 2.","Vitesse","CF, RW, RAMF","20","0","","11","946","2","5","Netherlands","left","184","7.14","6.47","55.88","1.9","25","0.1","3.18","3.23","0.19","0.13","0","2.09","54.55","9.091","1.52","50","1.9","65","5.8","42.62","1.81","1.81","0.19","31.4","80.91","10.27","70.37","2.47","57.69","0.15","0","0.19","50","0.86","5.14","64.81","2.66","60.71","1.33","5.33","76.79"
"M. Schikora","Netherlands 2.","Vitesse","RCMF, LCMF, DMF","31","300000","2027-06-30","11","943","5","1","Germany","right","181","7.73","5.44","63.16","3.72","53.85","0.48","5.16","1.43","0.48","0.11","0.29","0.86","77.78","55.556","0.76","50","0.38","100","3.05","50","1.05","1.15","0.1","44.48","86.91","15.84","74.7","5.25","65.45","0.03","0","0","0","0.29","5.73","68.33","1.15","66.67","0.48","8.59","70"
"T. Simons","Netherlands 2.","Eindhoven","RB, LW, LB","23","0","","12","937","1","0","Netherlands","unknown","0","9.41","6.92","70.83","2.69","42.86","0.29","3.86","3.17","0.1","0.03","0.1","0.48","40","20","3.27","29.41","3.17","63.64","7.97","44.58","1.15","2.79","0.48","32.37","77.74","10.57","74.55","2.88","50","0.07","0","0.1","0","0.58","2.98","70.97","2.98","35.48","0.38","6.92","70.83"
"M. Remans","Netherlands 2.","TOP Oss","AMF, LAMF","27","325000","","12","937","3","0","Netherlands","right","176","4.23","4.42","34.78","2.21","26.09","0.29","2.77","0.96","0.29","0.11","0.1","1.54","37.5","18.75","0.58","16.67","0.86","22.22","6.15","34.38","1.73","0.29","0","20.55","75.7","6.82","56.34","1.73","44.44","0.1","0.1","0.19","50","0.29","4.23","63.64","1.63","29.41","0.58","2.69","89.29"
"J. Esajas","Netherlands 2.","AZ II","LB","20","0","2027-06-30","11","935","0","0","Netherlands","left","0","8.37","6.26","64.62","1.54","37.5","0.29","5.2","0.87","0","0","0","0.1","0","0","2.21","13.04","0.87","66.67","4.43","52.17","0.87","1.44","0","36.29","82.76","10.49","76.15","2.41","44","0","0","0","0","0","4.33","75.56","1.44","26.67","0.39","5.97","62.9"
"M. Davis","Netherlands 2.","VVV Venlo","RB","23","0","","13","932","0","0","Belgium","right","180","14","10.14","66.67","2.8","62.07","0.39","7.68","1.16","0","0.02","0","0.19","0","0","2.41","36","0.87","22.22","2.99","29.03","0.39","1.45","0.1","40.08","76.87","15.84","69.51","4.92","41.18","0.02","0.1","0.29","33.33","0.19","4.92","62.75","2.9","33.33","0.1","8.69","64.44"
"J. Rijkhoff","Netherlands 2.","Almere City","CF, AMF","20","1500000","","12","931","2","1","Netherlands","right","183","3.09","2.61","40.74","1.64","17.65","0.29","2.27","1.45","0.19","0.49","0","2.22","47.83","8.696","0.29","33.33","1.16","16.67","5.9","22.95","3.58","1.06","0.29","16.05","76.51","3.67","52.63","1.06","72.73","0.05","0.1","0.19","50","0.19","1.45","53.33","1.06","36.36","0.68","1.84","68.42"
"F. Merién","Netherlands 2.","PSV II","LCB, RCB","17","0","","12","930","0","1","Netherlands","","0","10.26","6.87","61.97","3.97","41.46","0.97","7.73","0","0","0","0","0","0","0","0","0","0.1","0","2.61","33.33","0.29","0.97","0","55.74","88.37","21","76.96","5.42","46.43","0.02","0","0","0","0.1","7.65","68.35","0.29","33.33","0.19","9.39","69.07"
"W. Coomans","Netherlands 2.","MVV","LCB","23","0","2027-06-30","11","929","0","0","Belgium","left","188","9.2","5.62","70.69","3.1","53.13","1.07","5.03","0.1","0","0.01","0","0.1","100","0","0","0","0","0","0.68","42.86","0.1","1.26","0","41.08","86.79","20.54","79.72","6.2","64.06","0","0.1","0.1","0","0","6.1","71.43","0.87","11.11","0","9.69","70"
"A. Claridge","Netherlands 2.","Emmen","DMF, LCMF","19","0","","11","926","0","1","Denmark","right","0","7.1","6.41","59.09","0.87","77.78","0.39","3.39","0.87","0","0.03","0","0.58","16.67","0","0.58","33.33","0.87","66.67","5.05","38.46","0.19","0.97","0","41.31","83.29","13.32","71.53","5.25","57.41","0.05","0","0","0","0.1","6.61","67.65","1.75","38.89","0.29","6.03","69.35"
"L. Schenk","Netherlands 2.","MVV","LB","23","275000","","11","919","0","1","Netherlands","left","179","9.5","7.74","56.96","2.15","40.91","0.29","5.02","1.27","0","0.01","0","0.39","50","0","2.74","25","0.59","66.67","3.62","32.43","0.39","1.57","0","32.71","73.35","16.65","68.82","4.9","52","0.02","0","0","0","0.2","4.5","78.26","2.74","35.71","0.29","9.89","65.35"
"J. Bawuah","Netherlands 2.","PSV II","LCMF, DMF, RCMF","18","0","2026-06-30","13","914","0","0","Belgium","right","0","10.73","8.17","53.01","2.46","64","0.79","8.02","1.18","0","0.09","0","1.67","29.41","0","0.79","12.5","0.98","50","8.47","44.19","0.49","0.59","0.2","33.87","82.56","10.44","70.75","2.66","59.26","0.06","0","0.1","100","0.2","5.02","70.59","1.87","36.84","0.59","5.32","64.81"
"R. van der Venne","Netherlands 2.","RKC Waalwijk","CF, AMF","33","100000","","13","909","2","0","Netherlands","left","173","5.84","4.36","61.36","1.39","28.57","0.3","3.31","1.58","0.1","0.33","0","1.78","33.33","11.111","1.39","21.43","1.49","40","4.75","35.42","2.38","0.59","0","27.62","73.12","9.31","64.89","2.18","50","0.09","0","0.1","100","0.2","3.76","63.16","2.48","44","1.29","4.55","65.22"
"Sekou Sylla","Netherlands 2.","ADO Den Haag","LB","26","250000","","12","908","1","1","Netherlands","left","180","8.72","7.14","62.5","1.29","38.46","0.3","6.72","2.58","0.1","0.08","0","1.69","29.41","5.882","3.87","28.21","1.09","90.91","3.57","63.89","2.58","2.68","0.59","39.25","78.79","11.89","70.83","4.16","57.14","0.04","0.1","0","0","0.3","4.56","76.09","4.36","47.73","1.39","7.43","82.67"
"B. Reith","Netherlands 2.","Almere City","RB","26","600000","","11","907","0","1","Netherlands","right","176","10.42","9.53","67.71","1.29","46.15","0","4.78","1.09","0","0.02","0","0.5","0","0","2.38","33.33","0.69","42.86","3.47","28.57","1.19","0.5","0.1","42.57","77.39","14.29","63.19","4.76","50","0.11","0","0.1","0","0.4","5.46","60","2.68","33.33","0.79","7.74","65.38"
"J. Brondeel","Netherlands 2.","Eindhoven","GK","32","300000","2026-06-30","10","902","0","0","Belgium","right","188","1","0.1","100","0.6","83.33","0","0.96","0","0","0","0","0","0","0","0","0","0","0","0.1","100","0","0","0.1","28.74","80.9","17.26","71.1","15.17","66.45","0","0","0","0","0","3.29","24.24","0.5","0","0.1","9.68","85.57"
"R. Kongolo","Netherlands 2.","Emmen","RCMF, DMF, RDMF","27","500000","","12","901","1","0","Netherlands","right","187","6.09","5.69","68.42","1.6","68.75","0.1","2.86","0.7","0.1","0.16","0","0.8","50","12.5","0.5","20","0.7","28.57","4.69","42.55","1.3","0.8","0.1","31.56","83.86","10.49","72.38","1.1","63.64","0.08","0","0.1","0","0.3","4.89","77.55","1","50","0.6","4.1","75.61"
"T. Cox","Netherlands 2.","TOP Oss","RB","23","0","","11","881","0","1","Netherlands","unknown","0","12.57","10.32","63.37","1.74","58.82","0.41","6.31","2.35","0","0","0","0","0","0","1.63","56.25","1.53","86.67","5.31","48.08","0.2","0.61","0","40.96","79.8","17.16","73.21","6.54","60.94","0.07","0","0.1","100","0.51","7.15","68.57","2.25","72.73","0.72","11.24","67.27"
"M. Brüll","Netherlands 2.","Vitesse","GK","23","75000","","9","877","0","0","Germany","right","187","1.03","0","0","0.1","0","0","1.23","0","0","0","0","0","0","0","0","0","0","0","0","0","0","0","0","30.89","90.7","14.98","80.82","11.7","76.32","0","0","0","0","0.1","2.26","45.45","0","0","0","9.85","83.33"
"J. Uneken","Netherlands 2.","RKC Waalwijk","CF","21","0","2027-06-30","12","877","5","1","Netherlands","right","0","5.44","3.49","67.65","8.11","51.9","0.1","3.28","1.33","0.51","0.47","0.31","2.46","45.83","20.833","0.51","20","0.31","33.33","4.41","25.58","3.9","0.1","0","20.11","67.35","4.52","40.91","0.62","33.33","0.12","0.21","0","0","0.41","2.16","47.62","0.72","71.43","1.23","1.95","57.89"
"M. Menu","Netherlands 2.","AZ II","RCB","20","0","","10","869","0","1","Netherlands","unknown","0","9.63","6.32","60.66","3.52","44.12","0.83","7.19","0.31","0","0.02","0","0.21","0","0","0.31","0","0.41","75","1.76","70.59","0.21","1.55","0","61.1","90.85","23.41","84.07","7.35","71.83","0.02","0","0","0","0.21","10.15","77.55","1.76","29.41","0.41","12.01","82.76"
"W. Kooy","Netherlands 2.","Utrecht II","RCB","20","0","","9","867","0","0","Netherlands","right","184","7.58","4.57","68.18","5.29","37.25","0.52","4.77","0.1","0","0.03","0","0.31","0","0","0.21","50","0","0","1.04","60","0.52","0.62","0","50.97","88.59","21.9","78.67","4.05","35.9","0","0","0","0","0","5.5","73.58","0.62","33.33","0.21","8.51","62.2"
"N. Dundas","Netherlands 2.","Utrecht II","CF, AMF","21","150000","2027-06-30","12","865","3","2","Netherlands","right","193","3.75","3.85","51.35","4.68","33.33","0","1.83","1.98","0.31","0.43","0","2.81","25.93","11.111","1.14","36.36","1.46","42.86","6.87","27.27","3.12","0.62","0.1","16.44","66.46","6.14","61.02","1.46","35.71","0.06","0","0.21","100","0.21","2.71","61.54","1.56","46.67","0.31","3.54","67.65"
"T. Köther","Netherlands 2.","Roda JC","LB","24","175000","2026-06-30","10","859","0","0","Germany","left","175","9.32","8.8","66.67","0.52","60","0.31","3.48","1.89","0","0.06","0","1.26","41.67","0","2.31","27.27","1.26","50","3.04","48.28","1.36","1.05","0.21","39.5","71.88","15.09","52.78","4.71","35.56","0.08","0","0.1","100","0.52","4.19","57.5","2.2","38.1","0.63","9.53","58.24"
"D. Haen","Netherlands 2.","Willem II","CF","21","400000","2026-06-30","9","858","4","1","Netherlands","right","173","2.94","3.04","41.38","5.14","51.02","0.42","1.81","2.31","0.42","0.34","0.21","2.1","60","20","0.73","42.86","0.94","77.78","6.19","28.81","3.04","0.73","0.1","15.73","72","4.3","51.22","0.84","37.5","0.05","0.21","0","0","0.21","3.15","46.67","0.94","77.78","0.73","1.99","57.89"
"I. El Kadiri","Netherlands 2.","De Graafschap","LW, LWF, LAMF","23","150000","2026-06-30","10","856","1","2","Netherlands","right","170","4.94","5.15","57.14","0.74","28.57","0","1.93","12.72","0.11","0.25","0","3.68","42.86","2.857","6.31","51.67","14.4","54.74","20.4","46.91","6.31","10.51","2.1","37.75","77.99","6.73","70.31","3.05","62.07","0.38","0.21","0","0","1.26","3.68","77.14","6.41","65.57","3.15","7.46","88.73"
"M. de Haan","Netherlands 2.","Almere City","RDMF, RCMF","21","0","2026-06-30","11","854","0","2","Netherlands","right","180","6.64","7.06","61.19","1.05","30","0.21","2.23","1.79","0","0.17","0","2.32","13.64","0","0.74","28.57","1.58","73.33","5.27","54","0.42","1.58","0.21","31.72","79.73","11.07","71.43","2.74","53.85","0.04","0","0.42","25","0.32","6.01","70.18","2","47.37","0.84","5.9","69.64"
"F. Limouri","Netherlands 2.","Eindhoven","RCB","22","400000","2026-06-30","10","850","1","0","Morocco","right","0","6.78","3.71","65.71","3.81","58.33","0.53","4.4","0.32","0.11","0.03","0","0.85","25","12.5","0.21","50","0.21","0","0.74","0","0.85","0.42","0","49.87","88.54","16.2","71.9","6.78","57.81","0.05","0","0","0","0.11","5.19","65.31","0.53","40","0.21","7.31","71.01"
"E. Rottier","Netherlands 2.","ADO Den Haag","AMF, CF","23","475000","","11","843","4","3","Netherlands","right","176","2.88","2.46","60.87","3.31","19.35","0.21","2.17","1.92","0.43","0.36","0.11","1.6","60","26.667","1.28","25","0.64","100","7.9","31.08","4.27","0.85","0.11","16.76","74.52","3.52","57.58","1.28","58.33","0.12","0","0","0","0.43","1.92","83.33","1.28","41.67","0.64","1.81","70.59"
"S. Van Dessel","Netherlands 2.","MVV","RCMF, RDMF, LCMF","24","350000","2027-06-30","11","827","0","1","Belgium","left","169","9.25","8.6","59.49","2.39","40.91","0.33","4.79","1.31","0","0.08","0","0.44","50","0","2.5","39.13","0.22","50","2.18","40","1.74","0.22","0.11","36.57","74.7","13.82","61.42","4.46","36.59","0.12","0","0","0","0.65","7.29","53.73","2.72","48","0.65","6.96","64.06"
"D. van Kaam","Netherlands 2.","RKC Waalwijk","LCMF, LDMF","25","550000","2027-06-30","9","822","1","1","Netherlands","left","175","4.16","3.61","60.61","1.09","70","0.11","2.3","1.75","0.11","0.05","0","0.44","25","25","1.31","33.33","1.31","66.67","4.71","53.49","1.09","1.75","0.22","36.79","86.31","11.28","80.58","1.97","61.11","0.2","0.22","0.44","75","0.66","4.38","82.5","2.3","57.14","0.99","6.02","78.18"
"N. Venema","Netherlands 2.","Dordrecht","RAMF, RW","26","300000","2026-06-30","13","818","1","2","Netherlands","right","181","3.52","4.95","44.44","0.77","42.86","0.11","1.61","3.63","0.11","0.39","0","2.75","28","4","4.95","35.56","2.42","40.91","5.28","35.42","4.29","2.2","0.99","20.13","62.3","5.06","54.35","2.42","40.91","0.16","0","0.11","100","0.88","2.86","65.38","5.5","44","1.54","5.06","89.13"
"N. Markelo","Netherlands 2.","Vitesse","RB, LB","26","250000","2026-06-30","11","816","0","0","Netherlands","right","182","8.71","8.27","56","1.76","37.5","0.66","5.12","0.88","0","0.03","0","0.33","33.33","0","1.65","26.67","0.66","50","4.85","47.73","0.33","1.99","0.11","34.19","88.39","9.26","83.33","1.54","78.57","0.02","0","0","0","0.11","3.2","86.21","1.1","40","0.22","4.52","75.61"
"S. Steur","Netherlands 2.","Ajax II","LDMF, LCMF","17","0","2028-06-30","10","813","1","0","Netherlands","unknown","0","4.21","3.54","65.63","0.55","0","0.22","2.27","2.32","0.11","0.12","0","1.99","27.78","5.556","0.66","33.33","2.88","53.85","5.42","42.86","1.66","3.65","0.77","43.17","88.72","14.28","79.84","3.87","71.43","0.09","0","0.22","0","0.33","7.42","79.1","2.77","60","2.32","9.08","90.24"
"L. Woudenberg","Netherlands 2.","Dordrecht","LB, LCB","31","350000","","9","812","1","0","Netherlands","left","186","9.2","6.21","62.5","4.54","51.22","0.78","6.08","0.33","0.11","0.03","0","0.33","66.67","33.333","0.78","14.29","0","0","0.78","28.57","0.89","0.33","0","30.48","79.64","12.08","70.64","4.32","46.15","0.02","0","0","0","0","3.99","58.33","0.78","57.14","0.22","6.1","65.45"
"D. Hoogewerf","Netherlands 2.","Vitesse","LW, LAMF, RAMF","22","50000","2026-06-30","11","810","5","0","Netherlands","right","165","6.11","6.44","53.45","2.33","42.86","0.22","2.05","3.44","0.56","0.19","0.11","2.33","38.1","23.81","2.22","20","3.89","54.29","9.33","36.9","2.22","2.44","0.11","25.44","72.05","6.78","57.38","2.33","28.57","0.02","0.11","0","0","0.33","2.78","44","2.44","22.73","0.78","3.44","67.74"
"J. Hilton","Netherlands 2.","Dordrecht","RB, LB","24","450000","2026-06-30","10","799","0","1","United States","right","0","11.38","9.24","68.29","1.91","35.29","0.34","6.26","1.58","0","0","0","0.34","0","0","1.69","40","1.46","61.54","4.84","44.19","0.34","0.68","0","30.3","76.95","13.74","66.39","4.96","59.09","0.05","0","0","0","0.23","2.93","73.08","1.91","41.18","0.56","7.77","56.52"
"J. Johnson","Netherlands 2.","Ajax II","RCB, LCB","18","0","","9","798","0","0","Netherlands","unknown","180","9.02","6.32","80.36","3.05","48.15","0.79","4.69","0.34","0","0","0","0","0","0","0.11","0","0.68","50","4.4","48.72","0.11","0.79","0","52.33","89.44","16.58","77.55","3.16","46.43","0.01","0","0","0","0","7.56","76.12","0.23","50","0","7.22","62.5"
"A. Bakir","Netherlands 2.","Emmen","LCMF, RCMF, AMF","24","125000","2026-06-30","10","793","1","1","Germany","right","180","5.22","6.02","50.94","2.27","35","0.11","2.2","3.18","0.11","0.15","0.11","2.27","30","5","1.59","35.71","2.95","57.69","12.6","49.55","1.36","2.04","0.23","27.47","71.07","7.94","60","3.63","34.38","0.14","0.11","0.34","66.67","0.23","3.75","57.58","3.4","33.33","0.79","4.2","67.57"
"C. Peupion","Netherlands 2.","ADO Den Haag","RAMF, LAMF, RW","23","100000","","12","790","3","0","Australia","right","175","6.15","4.56","65","1.94","35.29","0.11","4.46","6.04","0.34","0.36","0","4.1","41.67","8.333","4.22","27.03","5.24","58.7","10.03","47.73","6.04","3.19","1.03","29.85","70.99","6.61","60.34","2.28","60","0.11","0.23","0.23","50","0.57","2.73","62.5","3.87","52.94","1.14","4.9","72.09"
"I. Ferrah","Netherlands 2.","Cambuur","RWF, RCMF, RAMF","20","0","","10","789","3","3","France","left","171","4.79","3.54","67.74","0.46","0","0.11","3.02","6.96","0.34","0.49","0","3.76","48.48","9.091","2.51","27.27","7.3","56.25","14.26","50.4","4.79","5.93","0.8","39.81","77.08","10.27","64.44","1.6","71.43","0.13","0.34","0.8","42.86","0.91","5.02","52.27","3.54","58.06","2.05","5.59","79.59"
"M. Engel","Netherlands 2.","Almere City","LCB, LB","23","250000","","9","784","0","0","Netherlands","left","186","7.58","5.05","65.91","3.67","40.63","0.34","5.19","0.34","0","0.02","0","0.23","0","0","0.23","100","0.11","100","1.61","64.29","0.57","0.8","0","44.66","81.49","21.58","73.4","7.92","44.93","0.01","0","0","0","0.11","10.33","62.22","1.38","41.67","0.57","10.33","82.22"
"N. Tjoe-A-On","Netherlands 2.","Willem II","LB, LW","23","350000","2026-06-30","9","782","0","0","Netherlands","left","182","8.06","6.91","58.33","2.19","47.37","0.35","3.98","1.38","0","0.05","0","0.58","40","0","2.3","25","0.81","71.43","2.88","40","1.04","1.5","0.35","33.49","74.91","9.9","56.98","3.68","34.38","0.03","0","0","0","0.23","4.14","69.44","2.07","44.44","0.35","7.02","57.38"
"D. Vos","Netherlands 2.","Helmond Sport","LCB","23","350000","2026-06-30","9","779","0","0","Netherlands","left","181","6.35","4.62","57.5","4.04","51.43","0.69","4.84","0.12","0","0","0","0","0","0","0.23","50","0","0","0.69","66.67","0.46","1.5","0.12","53.61","89.44","19.87","79.07","5.55","50","0.01","0","0","0","0.12","6.12","71.7","0.92","25","0.23","9.94","75.58"
"N. Schiks","Netherlands 2.","PSV II","GK","21","0","","8","778","0","0","Netherlands","left","188","1.74","0","0","0.35","100","0","2.31","0","0","0","0","0","0","0","0","0","0","0","0.12","100","0","0","0","36.67","86.75","20.01","78.61","13.07","65.49","0","0","0","0","0.12","3.12","44.44","0","0","0","9.72","75"
"K. Gadellaa","Netherlands 2.","Utrecht II","GK","22","200000","2027-06-30","8","773","0","0","Netherlands","right","206","1.51","0.12","100","0.35","66.67","0","1.5","0","0","0","0","0","0","0","0","0","0","0","0.12","0","0","0","0","23.52","80.2","13.39","67.83","9.78","60.71","0","0","0","0","0","3.38","51.72","0.35","0","0","7.92","66.18"
"T. Kuijsten","Netherlands 2.","Almere City","GK","20","0","","8","772","0","0","Netherlands","right","191","2.33","0","0","0.35","66.67","0","2.69","0","0","0","0","0","0","0","0","0","0","0","0.12","100","0.12","0","0","22.5","79.79","14.92","72.66","10.38","61.8","0","0","0","0","0","1.87","43.75","0.12","0","0","7.69","72.73"
"L. Everink","Netherlands 2.","Emmen","RB","24","300000","","9","769","0","1","Netherlands","right","179","9.6","9.83","57.14","2.11","50","0.12","5.05","1.87","0","0.04","0","0.59","0","0","1.4","33.33","1.87","75","6.44","50.91","0.94","1.76","0.47","37.22","86.16","11.24","76.04","2.11","44.44","0.12","0","0","0","0.23","3.63","70.97","1.99","52.94","0.82","6.79","68.97"
"B. van Duijl","Netherlands 2.","AZ II","LCB, RCB, LB","20","0","2029-06-30","8","765","0","0","Netherlands","left","190","6.82","3.76","62.5","2.47","38.1","0.24","5.15","0.24","0","0.02","0","0.35","0","0","0.12","100","0.24","50","1.41","41.67","0.35","2.35","0","64.24","84.62","23.88","70.94","11.18","53.68","0","0.12","0","0","0","8.12","60.87","0.59","20","0","12.82","66.06"
"S. Sidibe","Netherlands 2.","PSV II","RCMF, DMF","18","0","2026-06-30","13","754","0","0","France","","0","6.09","3.82","68.75","1.43","58.33","0.48","4.11","1.43","0","0.03","0","0.72","16.67","0","0.36","33.33","1.31","81.82","6.8","45.61","0.6","0.84","0","33.06","83.75","11.82","74.75","3.46","58.62","0.05","0","0.36","33.33","0.24","5.49","82.61","0.84","28.57","0.36","5.01","73.81"
"J. Berkhout","Netherlands 2.","Cambuur","RCB","23","200000","2026-06-30","10","754","1","0","Netherlands","right","0","6.33","4.77","57.5","3.7","41.94","0.72","5.56","0.24","0.12","0.05","0","0.36","66.67","33.333","0","0","0","0","0.72","0","0.36","0.95","0","69.83","91.62","23.75","79.9","7.04","59.32","0","0","0","0","0.12","9.91","75.9","0.95","37.5","0.36","11.82","83.84"
"A. Büttner","Netherlands 2.","Vitesse","LB","36","175000","2026-06-30","9","748","2","2","Netherlands","left","174","5.17","4.45","59.46","0.12","0","0.24","1.97","3.37","0","0.22","0","1.08","33.33","22.222","4.93","51.22","1.44","33.33","6.38","43.4","0.72","0.84","0","39.47","77.44","14.92","70.97","6.86","49.12","0.21","0","0","0","0.24","6.5","70.37","5.41","55.56","0.6","9.63","83.75"
"N. Viereck","Netherlands 2.","Utrecht II","RCB, RCMF, LCB","21","0","","12","744","0","1","Netherlands","right","195","8.35","5.2","53.49","5.08","50","0.36","6.54","0.36","0","0.14","0","1.09","33.33","0","0","0","0.12","0","1.45","41.67","1.09","0.24","0","42.58","86.93","14.76","73.77","4.84","52.5","0.06","0","0","0","0.12","5.69","70.21","0.36","0","0.12","7.38","70.49"
"L. Jetten","Netherlands 2.","Ajax II","LB","18","0","2026-06-30","9","744","0","1","Netherlands","left","0","7.38","6.17","62.75","0.73","50","0.24","4.26","2.42","0","0.01","0","0.24","50","0","2.06","52.94","2.18","55.56","5.81","39.58","1.81","1.69","0.12","36.53","82.45","11.49","75.79","2.42","60","0.09","0","0.12","0","0.24","2.66","81.82","1.69","71.43","0.85","6.9","63.16"
"S. van der Wegen","Netherlands 2.","Utrecht II","RB, CF, RCMF","20","0","2026-06-30","10","741","1","0","Netherlands","unknown","0","4.86","3.28","51.85","2.67","31.82","0.24","3.64","0.97","0.12","0.06","0","0.49","25","25","1.46","25","0.73","66.67","4.25","40","1.58","1.82","0.24","37.17","83.01","12.27","78.22","2.67","45.45","0.06","0","0","0","0.12","4.98","75.61","1.82","46.67","0.49","7.53","70.97"
"R. van Eijma","Netherlands 2.","RKC Waalwijk","RCB","27","350000","2026-06-30","8","737","0","0","Netherlands","right","186","7.57","3.42","64.29","3.54","51.72","0.61","5.92","0.49","0","0.06","0","0.37","33.33","0","0","0","0.24","100","0.98","87.5","0.49","1.47","0.12","49.7","87.71","20.52","76.19","5.13","47.62","0","0","0.12","100","0","6.96","68.42","0.12","0","0","10.62","72.41"
"D. Cleonise","Netherlands 2.","RKC Waalwijk","RW, RAMF, RWF","23","550000","","11","731","2","2","Netherlands","left","179","2.59","3.32","37.04","0.49","25","0.12","1.56","5.91","0.25","0.15","0","1.97","43.75","12.5","3.08","36","5.91","66.67","15.88","43.41","4.43","5.05","0.37","25.49","80.19","4.06","69.7","0.62","20","0.23","0.12","0.12","0","0.74","1.11","66.67","2.59","66.67","1.72","3.57","75.86"
"J. van den Berg","Netherlands 2.","PSV II","CF, LCMF","18","0","2026-06-30","8","728","2","1","Netherlands","right","0","9.15","7.17","55.17","2.23","38.89","0.37","5.87","2.35","0.25","0.26","0","2.84","30.43","8.696","0.87","28.57","3.09","40","10.88","35.23","3.59","1.36","0.37","31.9","81.01","6.43","73.08","1.11","55.56","0.02","0","0.12","0","0.37","2.47","90","1.36","54.55","1.11","4.33","60"
"P. Heise","Netherlands 2.","VVV Venlo","LB, LCB","34","350000","","10","723","1","1","Germany","left","184","7.22","5.1","63.41","1.62","61.54","0","4.55","2.86","0.12","0.08","0","1.37","27.27","9.091","3.61","44.83","1.37","63.64","3.24","57.69","1.74","2.74","0.37","38.71","77.49","14.81","70.59","4.85","56.41","0.57","0","0.12","0","0.75","5.48","63.64","3.86","61.29","1","9.71","76.92"
"C. Mmaee","Netherlands 2.","MVV","CF, RW, RAMF","21","0","","9","720","3","2","Morocco","left","184","7.13","5.75","52.17","1.88","33.33","0.25","4.44","3.38","0.38","0.2","0","2.63","42.86","14.286","1.38","27.27","4.38","40","13.88","27.93","4","2.5","0.13","25.87","66.18","7.75","61.29","1.25","40","0.11","0","0.25","50","0.63","3.75","66.67","2.75","54.55","1.5","5","72.5"
"J. Mesbahi","Netherlands 2.","Emmen","RCB, RB, RCMF","19","0","2026-06-30","11","706","0","1","Netherlands","right","181","8.03","5.74","88.89","3.31","69.23","0.13","3.98","0.89","0","0.03","0","0.76","16.67","0","1.27","30","0.51","75","3.44","44.44","0.64","1.53","0.25","45","85.27","15.55","71.31","4.33","55.88","0.11","0","0","0","0.25","7.27","85.96","1.27","60","0.64","8.29","70.77"
"J. Meerstadt","Netherlands 2.","De Graafschap","RCMF, RDMF","24","0","2027-06-30","10","705","0","0","Netherlands","right","186","11.87","10.09","64.56","1.79","35.71","0.26","4.81","0.89","0","0.04","0","0.77","16.67","0","1.02","37.5","0.64","60","2.55","35","0.51","0.89","0.13","46.72","80.87","21.19","72.89","6.13","52.08","0.02","0","0","0","0.13","9.06","69.01","1.79","57.14","0.38","9.06","73.24"
"T. Geypens","Netherlands 2.","Emmen","LW, LWF, LAMF","20","0","","12","703","2","2","Netherlands","left","184","4.48","5.76","44.44","2.3","16.67","0","1.59","3.71","0.26","0.15","0","1.02","62.5","25","4.1","31.25","2.82","59.09","7.43","36.21","2.56","2.18","0.13","20.48","70.63","3.97","64.52","0.64","80","0.24","0.13","0.13","100","0.9","1.02","75","3.84","43.33","1.41","3.2","68"
"K. Symons","Netherlands 2.","De Graafschap","LB","20","0","","12","699","0","1","Netherlands","","0","11.33","8.5","60.61","1.55","50","0.52","8.07","1.8","0","0.12","0","1.16","22.22","0","2.7","33.33","1.29","50","3.99","45.16","2.19","1.42","0.13","45.58","81.92","17.77","76.09","5.79","62.22","0.17","0","0","0","0.52","4.51","77.14","2.45","47.37","0.77","9.53","68.92"
"T. Poll","Netherlands 2.","Helmond Sport","LB","24","325000","","13","699","0","1","Netherlands","left","0","8.11","7.08","60","2.45","52.63","0.13","4.7","1.8","0","0.08","0","0.52","0","0","2.45","47.37","1.03","50","3.09","41.67","1.42","1.55","0.26","36.95","77.35","13.26","67.96","3.61","53.57","0.16","0","0.13","100","0.13","3.35","69.23","2.06","56.25","0.52","9.01","61.43"
"N. Souren","Netherlands 2.","Cambuur","DMF, RCMF, RDMF","25","500000","2027-06-30","13","697","1","0","Netherlands","right","173","6.46","5.81","53.33","2.07","50","0.26","5.1","0.39","0.13","0.03","0","0.39","66.67","33.333","0","0","0.26","50","2.45","42.11","0.52","0.65","0.13","41.45","88.16","11.23","77.01","1.81","64.29","0.01","0.13","0","0","0.13","5.94","80.43","0.65","60","0.39","4.91","60.53"
"I. de Ruijter","Netherlands 2.","ADO Den Haag","LAMF, LW, LWF","19","0","","9","696","2","0","Netherlands","","0","4.91","5.04","64.1","2.59","35","0","2.71","4.53","0.26","0.13","0","1.68","46.15","15.385","3.36","42.31","3.62","64.29","9.05","47.14","4.27","2.59","0.13","29.22","79.2","5.82","64.44","1.68","61.54","0.18","0.13","0","0","0.78","2.33","72.22","4.27","69.7","2.97","4.66","91.67"
"J. Van Aken","Netherlands 2.","Dordrecht","RB","22","0","","8","688","1","0","Netherlands","right","180","10.47","8.24","58.73","2.09","31.25","0.13","6.28","2.09","0.13","0.02","0","0.52","50","25","1.57","50","1.57","66.67","3.79","58.62","0.92","1.18","0.13","25.25","68.39","9.94","51.32","5.49","45.24","0.16","0","0.13","0","0.26","3.4","42.31","2.35","44.44","0.52","6.41","55.1"
"N. El Basri","Netherlands 2.","MVV","AMF, CF, LCMF","21","0","2026-06-30","11","686","0","1","Morocco","both","187","5.38","6.03","58.7","1.18","55.56","0","1.81","2.62","0","0.27","0","2.36","44.44","0","2.49","26.32","1.84","50","6.95","24.53","3.02","1.05","0.13","26.37","77.61","8.66","71.21","1.71","46.15","0.13","0","0","0","0.66","4.33","75.76","1.71","53.85","0.39","4.2","81.25"
"K. Zeggen","Netherlands 2.","AZ II","GK","19","0","2026-06-30","7","682","0","0","Netherlands","","0","1.58","0.26","0","0.79","100","0","1.93","0","0","0","0","0","0","0","0","0","0","0","0","0","0","0","0","32.99","76.8","20.85","65.19","13.46","50.98","0","0","0","0","0","5.67","37.21","0.4","33.33","0.13","8.97","66.18"
"R. Bounida","Netherlands 2.","Ajax II","AMF, LAMF, RCMF","19","0","","9","681","2","3","Belgium","right","162","5.15","3.7","60.71","1.19","22.22","0.13","2.65","4.49","0.26","0.42","0","3.57","37.04","7.407","1.59","33.33","4.76","52.78","10.97","42.17","3.7","2.78","0.53","35.42","82.09","10.31","73.08","3.44","65.38","0.32","0","0.13","100","0.66","5.29","70","2.64","65","2.38","6.61","68"
"D. Verbeek","Netherlands 2.","Den Bosch","RAMF, RW, RCMF","35","150000","","10","678","0","3","Netherlands","left","183","4.51","3.58","62.96","0.8","50","0.13","3.05","3.58","0","0.13","0","0.93","42.86","0","2.92","40.91","3.45","50","8.5","37.5","3.32","1.86","0.13","37.43","79.79","12.48","72.34","4.91","72.97","0.21","0","0.66","40","0.93","5.84","77.27","4.38","60.61","2.39","9.16","84.06"
"J. Heerkens","Netherlands 2.","Ajax II","GK","19","0","","7","677","0","0","Czech Republic","right","193","1.99","0","0","0.8","100","0","2.6","0","0","0","0","0","0","0","0","0","0","0","0","0","0.13","0","0","42.41","84.95","23.13","74.71","13.03","55.1","0","0","0","0","0","2.26","35.29","0.13","0","0","10.9","60.98"
"M. Kuipers","Netherlands 2.","MVV","LW, RW, LAMF","19","0","","10","676","1","0","Belgium","right","0","6.92","7.19","44.44","1.07","12.5","0","3.05","3.73","0.13","0.21","0","1.86","35.71","7.143","2","40","4.39","51.52","10.25","41.56","2","3.33","0.8","24.63","75.68","8.65","66.15","1.2","55.56","0.13","0","0.13","0","0.67","2.66","65","2.66","85","1.6","5.06","84.21"
"M. Lukoki","Netherlands 2.","Eindhoven","LW","21","0","","12","676","1","1","France","","0","5.59","5.86","56.82","0.93","0","0.13","2.54","4.13","0.13","0.1","0","1.6","33.33","8.333","2.53","0","5.06","71.05","11.32","38.82","3.86","3.86","0.67","14.51","64.22","2.4","55.56","0.53","25","0.02","0.13","0","0","0.13","0.93","42.86","1.33","20","0.67","0.93","57.14"
"M. Lukowicz","Netherlands 2.","Helmond Sport","CF","30","100000","","11","676","5","0","Germany","right","189","2.4","2","40","5.33","25","0.13","1.76","1.73","0.53","0.54","0","2.13","37.5","31.25","0.13","0","1.33","70","4.93","35.14","2.93","0.93","0","11.18","76.19","2","40","0.53","100","0","0","0","0","0","1.86","71.43","0.13","100","0.27","1.07","75"
"J. Simons","Netherlands 2.","De Graafschap","RAMF, RW","20","0","2027-06-30","11","670","0","4","Netherlands","left","180","8.19","8.33","62.9","2.01","26.67","0.4","3.75","3.76","0","0.09","0","1.48","36.36","0","1.88","42.86","3.22","70.83","10.34","38.96","3.36","3.22","0.67","34.52","82.49","9.4","74.29","1.88","42.86","0.2","0.13","0.27","50","1.07","3.63","66.67","4.16","58.06","2.55","4.57","76.47"
"M. Bresser","Netherlands 2.","PSV II","RCB, RB, LCB","18","0","2026-06-30","9","663","0","0","United States","","0","7.87","4.89","61.11","1.49","27.27","1.09","5.44","0.54","0","0.03","0","0.41","33.33","0","0.14","100","0.54","50","1.63","41.67","0.54","0.95","0.41","49.55","90.14","19.95","80.27","3.12","56.52","0.04","0","0","0","0.27","5.7","76.19","0.68","80","0.41","9.37","69.57"
"M. Afaker","Netherlands 2.","Dordrecht","LW, RAMF, LAMF","26","0","2026-06-30","13","662","0","1","Netherlands","","0","2.45","3.81","35.71","0.54","75","0","1.19","4.49","0","0.2","0","2.31","35.29","0","4.35","21.88","4.76","57.14","7.34","42.59","2.85","1.63","0.27","24.34","66.48","8.16","58.33","2.72","30","0.24","0","0","0","0.54","2.45","44.44","3.81","50","0.82","4.08","66.67"
"E. Demrican","Netherlands 2.","Utrecht II","LW, LAMF, LWF","20","0","","9","659","2","1","Germany","both","181","4.64","3.82","64.29","1.64","50","0","2.47","5.74","0.27","0.34","0","1.91","71.43","14.286","2.59","21.05","8.74","43.75","16.12","34.75","3.69","5.46","0.27","19.39","71.83","4.1","50","1.91","42.86","0.16","0","0.14","0","0.41","1.09","87.5","2.87","38.1","1.78","3","59.09"
"D. Zandbergen","Netherlands 2.","VVV Venlo","CF","24","125000","2026-06-30","10","657","0","0","Netherlands","","0","3.7","2.47","55.56","10.55","49.35","0.14","2.3","1.64","0","0.26","0","1.37","20","0","1.23","55.56","0.82","66.67","3.42","32","3.29","0.55","0","16.03","77.78","3.84","64.29","1.1","50","0.05","0.14","0.14","100","0.41","2.05","46.67","1.1","50","0.82","2.05","100"
"F. Van Den Eynden","Netherlands 2.","Helmond Sport","RCB","25","375000","2027-06-30","12","656","0","0","Belgium","right","186","9.88","4.94","69.44","4.12","70","1.23","6.59","0.14","0","0.02","0","0.27","0","0","0.14","0","0.14","100","0.96","57.14","0.82","0.82","0.14","43.63","88.99","16.46","80","4.25","58.06","0","0","0","0","0","3.98","72.41","0.27","0","0","6.59","70.83"
"L. Kromah","Netherlands 2.","VVV Venlo","RW, RAMF","22","0","","10","655","0","1","Netherlands","both","178","5.91","5.36","64.1","3.57","46.15","0.14","2.85","2.06","0","0.14","0","1.1","50","0","1.79","23.08","3.57","30.77","8.11","28.81","3.02","1.51","0.41","20.75","76.82","5.36","56.41","0.55","25","0.11","0","0","0","0.69","1.92","64.29","1.51","45.45","0.96","3.16","82.61"
"J. Schwirten","Netherlands 2.","Roda JC","AMF, RCMF, DMF","23","175000","2026-06-30","11","654","3","2","Germany","both","182","6.33","5.5","67.5","2.06","40","0.14","2.54","2.75","0.41","0.42","0.14","2.75","30","15","1.38","20","3.03","54.55","6.47","38.3","3.72","1.93","0.28","21.74","74.05","5.78","61.9","1.24","55.56","0.13","0","0","0","0.41","1.93","85.71","1.93","57.14","1.51","2.34","58.82"
"T. Kok","Netherlands 2.","De Graafschap","LCB","27","250000","","7","651","0","0","Netherlands","right","180","6.64","3.59","65.38","4.56","66.67","0.69","5.63","0.97","0","0.22","0","0.83","50","0","0.14","0","0.69","80","3.04","59.09","1.66","1.11","0","59.86","91.22","15.62","80.53","4.29","41.94","0.06","0","0","0","0.14","5.12","67.57","0.28","0","0.28","5.94","69.77"
"J. Kuijpers","Netherlands 2.","TOP Oss","LB","21","0","2027-06-30","10","650","0","0","Netherlands","left","0","9.97","9.83","47.89","1.94","35.71","0.69","5.61","0.97","0","0.03","0","0.55","0","0","2.35","35.29","0.28","50","3.88","53.57","0.55","1.11","0.14","38.77","79.29","17.45","74.6","4.85","51.43","0.06","0","0","0","0.28","6.78","77.55","2.63","42.11","0.14","9.83","71.83"
"M. Hokke","Netherlands 2.","ADO Den Haag","RCB, LCB","22","0","","8","650","0","0","Netherlands","left","0","8.86","6.51","82.98","3.88","46.43","0.28","4.89","1.66","0","0.09","0","1.25","44.44","0","0.55","75","1.11","62.5","2.49","61.11","0.97","1.52","0","64.66","91.43","25.06","86.19","5.26","76.32","0.03","0","0","0","0.28","8.17","83.05","1.66","58.33","0.55","10.8","79.49"
"E. Bassey","Netherlands 2.","PSV II","RB, LB","18","0","","12","648","0","2","Netherlands","right","0","14.31","12.36","59.55","1.11","50","0.42","8.62","0.83","0","0.02","0","0.28","0","0","2.22","18.75","0.83","50","3.75","37.04","1.25","1.53","0.42","45.42","77.37","18.61","73.88","5.14","40.54","0.19","0","0","0","0.56","5.97","65.12","2.36","35.29","0.83","10.97","63.29"
"J. Ogenia","Netherlands 2.","Helmond Sport","RAMF, RB, RW","26","275000","2026-06-30","13","647","1","1","Netherlands","right","180","11.27","8.9","62.5","3.06","54.55","0.14","6.04","2.78","0.14","0.11","0","1.81","23.08","7.692","6.68","20.83","3.06","31.82","7.23","28.85","2.09","2.78","0.83","31.02","64.57","9.6","55.07","4.87","45.71","0.16","0","0","0","0.56","4.87","57.14","5.84","19.05","0.56","6.12","72.73"
"J. Zimmerman","Netherlands 2.","TOP Oss","RAMF, LAMF","24","150000","","13","643","0","3","Curaçao","right","185","4.2","3.78","48.15","1.26","33.33","0.42","2.91","6.02","0","0.11","0","1.26","22.22","0","6.58","36.17","7.14","47.06","14.42","41.75","2.52","3.22","0.7","19.18","67.15","2.8","40","0.98","42.86","0.18","0","0","0","0.84","1.26","55.56","4.76","38.24","0.14","3.64","61.54"
"M. Marschalk","Netherlands 2.","Vitesse","LCMF, RCMF, AMF","20","0","","10","640","0","0","Netherlands","unknown","0","6.19","6.61","57.45","1.41","30","0","2.66","0.98","0","0.03","0","0.84","0","0","0.98","42.86","0.98","57.14","6.47","39.13","0.84","0.56","0","34.17","88.07","10.55","82.67","2.53","72.22","0.04","0.28","0","0","0","3.38","75","0.84","33.33","0.28","4.78","70.59"
"C. El Allachi","Netherlands 2.","Den Bosch","LW, LAMF, LWF","21","0","","12","639","3","0","Netherlands","right","0","4.79","4.51","50","1.83","23.08","0","2.98","6.48","0.42","0.46","0","2.68","42.11","15.789","2.82","30","6.62","63.83","11.27","48.75","4.65","3.38","0.28","19.58","70.5","6.2","61.36","1.41","50","0.11","0.14","0.42","66.67","0.99","1.83","76.92","4.23","66.67","2.39","3.94","82.14"
"D. Visser","Netherlands 2.","Cambuur","DMF, RCMF, RDMF","20","0","","9","633","0","1","Netherlands","","0","10.52","7.54","67.92","1.85","15.38","0.28","7.34","1.28","0","0.07","0","0.57","25","0","0.14","100","1.56","54.55","5.83","53.66","0.71","1.56","0","42.09","84.8","10.52","71.62","2.56","38.89","0.08","0.14","0.57","25","0.28","3.41","75","1.99","50","1","4.27","63.33"
"T. Peters","Netherlands 2.","Ajax II","RCMF, RCB","19","0","","9","631","0","0","Netherlands","","0","7.13","4.85","85.29","1.57","45.45","0.14","3.39","0.29","0","0.01","0","0.29","0","0","0.29","0","0.43","66.67","4.28","50","0.71","1.85","0","34.23","83.75","11.84","72.29","1.71","33.33","0.02","0","0","0","0","4.28","73.33","1.14","50","0.57","3.57","52"
"D. Konadu","Netherlands 2.","Ajax II","CF","19","0","","7","627","1","0","Netherlands","","0","2.87","2.58","72.22","3.3","52.17","0.14","0.84","1","0","0.38","0","1.72","41.67","8.333","0.14","0","1.15","25","12.63","18.18","3.01","1.15","0.14","14.5","73.27","2.73","52.63","0.72","40","0.03","0","0","0","0","1.87","46.15","0.86","50","1","1.29","55.56"
"N. Foor","Netherlands 2.","VVV Venlo","LDMF, LCMF","33","300000","","12","624","1","1","Netherlands","both","175","6.78","5.05","71.43","0.43","33.33","0.43","3.61","2.88","0.14","0.06","0","1.59","36.36","9.091","2.45","35.29","2.02","64.29","3.61","56","1.59","2.16","0.29","44.57","79.29","20.05","72.66","4.18","41.38","0.08","0","0.14","100","0.43","11.11","75.32","3.61","32","0.58","8.8","75.41"
"S. Braken","Netherlands 2.","MVV","CF","32","250000","2026-06-30","9","623","0","0","Netherlands","left","187","1.88","3.9","44.44","9.1","50.79","0.14","0.15","1.01","0","0.18","0","1.88","38.46","0","0.72","0","1.01","28.57","7.66","33.96","2.89","0.14","0","18.35","72.44","3.47","70.83","0.72","60","0.05","0","0","0","0","2.02","64.29","1.01","42.86","0.58","2.17","66.67"
"L. de Blok","Netherlands 2.","VVV Venlo","LB","21","0","","10","623","0","2","Netherlands","","0","10.83","8.96","64.52","2.02","50","0.29","5.61","2.02","0","0","0","0.72","0","0","2.46","52.94","1.44","40","3.47","33.33","0.72","2.17","0.29","39.73","73.45","16.47","61.4","4.19","44.83","0.27","0","0.43","33.33","0.43","4.04","67.86","3.61","56","0.72","10.11","62.86"
"B. Boersma","Netherlands 2.","De Graafschap","CF, RWF","20","0","","12","615","4","1","Netherlands","unknown","0","2.93","2.93","40","8.2","44.64","0.44","2.37","2.34","0.59","0.64","0.15","3.66","44","16","1.17","12.5","1.32","44.44","9.22","39.68","5.41","0.44","0","13.61","66.67","2.05","42.86","0.29","50","0.09","0","0","0","0.29","0.88","33.33","1.17","0","0.15","0.73","60"
"R. Schwarz","Netherlands 2.","Vitesse","RW, CF","21","100000","","8","615","1","0","Germany","","0","7.32","6.88","65.96","2.49","29.41","0","2.57","2.49","0.15","0.11","0.15","1.61","45.45","9.091","1.17","37.5","2.78","47.37","9.37","39.06","1.61","1.46","0.15","23.27","81.76","4.68","59.38","0.88","50","0.06","0","0","0","0.15","2.49","76.47","2.2","40","0.44","2.34","62.5"
"L. Reischl","Netherlands 2.","ADO Den Haag","CF","21","400000","2028-06-30","12","611","5","0","Austria","right","184","2.5","2.95","30","5.6","42.11","0","2.73","2.06","0.74","0.62","0.44","4.27","27.59","17.241","0.59","25","1.18","62.5","7.81","33.96","5.89","0.44","0.15","14.44","73.47","1.77","33.33","0.44","66.67","0.03","0","0","0","0","0.88","66.67","0.88","33.33","0.15","1.03","42.86"
"J. van der Sande","Netherlands 2.","Cambuur","CF, RWF","29","550000","2026-06-30","11","608","2","1","Bonaire","right","183","5.03","3.55","58.33","6.96","44.68","0","3.66","0.59","0.3","0.19","0","1.33","22.22","22.222","0.15","100","0.74","20","9.18","25.81","2.66","0.3","0","27.68","84.49","6.22","73.81","0.74","60","0.05","0","0.15","0","0.15","2.22","80","2.37","56.25","1.63","2.52","82.35"
"M. de Lannoy","Netherlands 2.","TOP Oss","RB, LB","21","0","","10","605","0","0","Netherlands","unknown","0","8.18","7.14","54.17","1.64","81.82","0.3","4.73","1.34","0","0.03","0","0.3","0","0","1.34","44.44","1.04","71.43","2.83","52.63","0.45","1.93","0.74","24.99","80.36","10.41","70","4.76","50","0","0","0","0","0","3.72","72","1.34","44.44","0.3","6.4","69.77"
"V. Plantinga","Netherlands 2.","Utrecht II","LB, LW","18","0","","12","605","0","0","Netherlands","unknown","0","8.93","8.18","58.18","2.68","66.67","0","3.95","1.93","0","0.04","0","0.74","20","0","2.68","44.44","0.89","66.67","3.12","33.33","1.19","0.89","0.45","32.58","82.19","11.01","74.32","2.83","52.63","0.14","0.15","0","0","0.6","2.83","78.95","2.38","56.25","0.74","6.69","66.67"
"D. Tomas","Netherlands 2.","ADO Den Haag","RCB","28","400000","2026-06-30","10","602","2","0","Finland","right","193","6.13","3.74","56","5.83","61.54","1.2","5.76","0.45","0.3","0.19","0.3","1.05","28.57","28.571","0.3","50","0.3","0","0.9","50","1.35","0.9","0.15","62.94","89.55","24.37","79.14","6.88","56.52","0","0","0","0","0","8.52","63.16","1.05","57.14","0.9","9.27","75.81"
"L. Bajrami","Netherlands 2.","Helmond Sport","CF","20","0","2028-06-30","13","594","4","0","Switzerland","right","187","1.06","0.91","66.67","3.64","20.83","0","0.67","1.67","0.45","0.46","0","2.27","60","26.667","0.15","0","0.76","40","6.67","31.82","3.03","0.76","0.3","9.55","87.3","1.52","90","0","0","0.02","0","0","0","0","1.21","100","0.15","0","0.45","0.76","100"
"L. van Gelderen","Netherlands 2.","RKC Waalwijk","LCB, RB, RCB","24","200000","2027-06-30","8","593","0","0","Netherlands","right","178","6.37","4.7","64.52","3.95","61.54","0.46","4.02","0.3","0","0","0","0","0","0","0.15","0","0.61","50","3.04","25","0.3","0.46","0","59.19","93.33","17.15","84.96","3.64","50","0","0","0","0","0","5.62","78.38","0.91","0","0.15","7.74","72.55"
"G. Alders","Netherlands 2.","Ajax II","RB, RCB, LB","20","0","2028-06-30","7","591","0","1","Netherlands","right","0","8.68","5.63","75.68","2.59","35.29","0.3","4.71","0.91","0","0.07","0","0.61","0","0","0.61","25","1.52","50","6.09","40","1.83","1.52","0.15","49.64","88.96","14.92","74.49","2.74","50","0.03","0","0","0","0.15","3.96","73.08","0.76","80","0","6.09","60"
"T. Essakkati","Netherlands 2.","Helmond Sport","LAMF, LW","19","0","","11","590","1","2","Netherlands","","0","7.32","5.49","55.56","3.2","38.1","0.31","5.07","4.12","0.15","0.32","0","2.9","42.11","5.263","2.14","28.57","5.49","41.67","15.25","33","3.51","3.36","0.46","26.08","64.33","7.93","44.23","0.61","25","0.09","0","0.15","0","0.46","3.51","47.83","3.51","39.13","1.22","3.66","66.67"
"N. Fernandez","Netherlands 2.","PSV II","AMF, CF, LCMF","17","0","","8","586","1","1","Belgium","","0","7.99","8.14","62.26","0.77","0","0.15","3.52","1.38","0.15","0.1","0","1.08","57.14","14.286","0.46","33.33","2.61","23.53","9.06","35.59","1.23","1.54","0.31","30.26","82.23","9.37","67.21","2.46","37.5","0.17","0","0","0","0.46","3.84","68","1.08","57.14","0.77","4.76","70.97"
"S. Carrillo","Netherlands 2.","Dordrecht","CF","19","0","","12","581","0","0","Mexico","right","184","4.34","5.27","52.94","5.27","23.53","0","1.63","2.32","0","0.18","0","2.17","28.57","0","0.62","0","2.32","73.33","9.6","38.71","2.79","1.55","0","13.94","66.67","3.72","41.67","0.62","25","0","0","0.15","0","0.15","1.86","33.33","1.39","22.22","0.31","1.24","62.5"
"J. Bal","Netherlands 2.","ADO Den Haag","CF","19","0","2026-06-30","10","581","4","3","Netherlands","right","0","3.41","4.03","50","3.41","54.55","0","1.76","1.7","0.62","0.63","0.15","3.1","40","20","0.77","20","1.24","25","8.83","21.05","7.75","0.77","0","18.74","74.38","2.63","47.06","0.15","100","0.14","0","0","0","0.93","1.24","62.5","1.39","33.33","1.39","1.24","87.5"
"P. Reverson","Netherlands 2.","Ajax II","GK","20","0","","6","578","0","0","Netherlands","right","0","2.34","0.16","0","0.31","50","0","2.76","0","0","0","0","0","0","0","0","0","0.16","0","0.31","0","0","0","0","45.62","78.84","29.58","68.42","17.6","48.67","0","0","0","0","0","7.01","46.67","0.47","66.67","0.31","14.33","60.87"
"L. Slagveer","Netherlands 2.","TOP Oss","RAMF","32","300000","","9","575","0","1","Netherlands","right","179","6.42","4.38","67.86","2.03","38.46","0.16","3.29","2.5","0","0.04","0","0.94","50","0","2.66","47.06","2.35","33.33","7.04","24.44","1.57","1.41","0.47","18.63","72.27","4.23","51.85","1.72","45.45","0.09","0","0","0","0.63","1.88","66.67","2.97","52.63","0.47","4.38","67.86"
"L. Schoppema","Netherlands 2.","De Graafschap","LB","21","0","2027-06-30","12","574","0","1","Netherlands","left","179","8.47","8.15","36.54","1.88","50","0","6.47","1.41","0","0.05","0","1.1","0","0","2.2","42.86","1.41","33.33","4.08","38.46","2.35","1.72","0.78","31.83","78.33","14.74","74.47","2.04","38.46","0.11","0.16","0","0","0.31","3.29","80.95","1.72","90.91","1.72","6.74","62.79"
"R. Kuijpers","Netherlands 2.","RKC Waalwijk","RW, LW, RWF","25","375000","","13","573","2","0","Netherlands","right","175","6.75","6.44","65.85","0.63","25","0","2.58","5.65","0.31","0.23","0","1.57","50","20","5.5","40","5.5","48.57","10.37","39.39","2.67","3.61","0.63","28.12","71.51","6.75","62.79","1.57","30","0.2","0","0","0","0.47","1.73","54.55","5.03","43.75","0.31","5.03","75"
"F. Gerezgiher","Netherlands 2.","Emmen","RWF, LWF, CF","25","200000","2027-06-30","8","571","0","1","Germany","left","183","5.2","5.36","52.94","1.42","33.33","0","3.26","3.94","0","0.22","0","2.52","25","0","3.31","33.33","3.31","61.9","9.61","45.9","4.1","3.31","0.16","24.9","70.25","4.73","56.67","1.42","44.44","0.12","0.16","0.32","50","0.47","1.42","44.44","3.31","28.57","0.63","2.52","75"
"C. Seedorf","Netherlands 2.","Roda JC","LAMF, LWF, RAMF","25","250000","2027-06-30","9","570","2","0","Netherlands","right","0","5.68","5.68","66.67","1.42","22.22","0","1.96","6.16","0.32","0.2","0","2.05","23.08","15.385","3.95","28","8.37","54.72","14.53","43.48","2.84","4.74","0.32","28.11","77.53","5.05","68.75","1.58","70","0.08","0","0","0","0.47","2.37","73.33","3.63","34.78","0.79","4.11","73.08"
"A. Absalem","Netherlands 2.","Helmond Sport","LB","28","350000","2026-06-30","8","569","0","0","Netherlands","left","175","11.39","8.07","60.78","3.95","56","0.16","7.45","1.58","0","0.17","0","0.79","0","0","3.16","35","1.58","30","3.32","33.33","1.74","1.11","0","39.54","79.6","14.24","71.11","4.75","50","0.03","0","0","0","0.16","6.8","55.81","3.32","66.67","1.42","8.22","80.77"
"L. Postma","Netherlands 2.","RKC Waalwijk","RCB, LCB","22","0","2028-06-30","9","566","0","0","Netherlands","right","185","8.9","5.72","75","1.75","45.45","0.16","4.65","0.32","0","0.03","0","0.16","100","0","0","0","0.32","50","2.54","62.5","0.16","2.86","0","47.23","89.56","18.29","81.74","3.66","56.52","0","0","0","0","0","4.13","76.92","0.16","0","0","8.27","73.08"
"B. Van Schuppen","Netherlands 2.","Eindhoven","CF, AMF","23","150000","","7","553","0","0","Netherlands","right","0","5.53","3.25","65","1.95","25","0","2.74","2.28","0","0.04","0","1.3","25","0","2.44","40","1.63","60","4.72","48.28","1.14","1.3","0.16","27.99","79.65","6.67","68.29","2.28","35.71","0.18","0","0","0","0.49","3.25","60","2.77","47.06","0.33","5.21","78.13"
"M. Jensen","Netherlands 2.","Utrecht II","RW, RAMF, RCMF","20","350000","","9","549","1","1","Denmark","right","0","6.72","7.54","54.35","1.8","18.18","0","2.82","5.74","0.16","0.14","0","1.8","45.45","9.091","4.26","38.46","5.25","62.5","13.44","47.56","2.79","4.75","0.16","24.59","72.67","7.21","65.91","0.98","16.67","0.21","0","0","0","0.49","1.97","83.33","3.93","58.33","1.31","5.9","83.33"
"A. Ciranni","Netherlands 2.","Willem II","RB, LB","29","500000","2026-06-30","8","548","0","0","Belgium","right","172","12.32","9.2","69.64","2.3","35.71","0.66","5.65","1.31","0","0.01","0","0.49","0","0","2.96","38.89","0.16","100","0.99","50","0.66","0.66","0","37.94","71","14.95","54.95","6.9","38.1","0.02","0","0","0","0.16","7.06","55.81","2.96","27.78","0.16","10.18","62.9"
"M. Muzungu","Netherlands 2.","Ajax II","LCB","17","0","","6","530","0","0","France","unknown","0","8.66","5.94","62.86","4.42","57.69","0.17","5.55","0.68","0","0.04","0","0.17","0","0","0","0","0.68","100","3.4","40","0.51","0.68","0","53.32","89.49","20.55","81.82","3.4","40","0","0","0","0","0","4.92","75.86","0.17","0","0.34","8.32","65.31"
"P. Kloosterboer","Netherlands 2.","Utrecht II","LB","20","0","","9","527","0","0","Netherlands","left","0","12.47","6.83","60","3.24","52.63","0.51","9.51","0.51","0","0.02","0","0.34","0","0","1.02","16.67","0.34","100","3.42","55","0.85","0.68","0","50.38","84.07","21.86","75","5.64","51.52","0","0.17","0","0","0","6.83","72.5","1.54","22.22","0.34","9.56","62.5"
"S. Bultman","Netherlands 2.","De Graafschap","LCB","20","0","2026-06-30","7","527","0","0","Netherlands","right","185","8.54","5.12","56.67","2.73","37.5","1.54","7.32","0.34","0","0.06","0","0.34","0","0","0","0","0.51","66.67","1.2","57.14","0.51","0.68","0","47.31","94.95","16.74","91.84","2.73","68.75","0","0","0","0","0","3.07","77.78","0","0","0","5.64","69.7"
"T. Bijleveld","Netherlands 2.","Almere City","LB","27","450000","2026-06-30","8","520","1","0","Netherlands","left","176","10.04","7.27","66.67","2.25","30.77","0.87","4.59","1.9","0.17","0.03","0","1.04","16.67","16.667","1.56","33.33","1.21","85.71","3.63","61.9","0.87","1.21","0.35","40.5","82.48","18.17","80","4.5","50","0.06","0.17","0.17","100","0.52","6.06","85.71","1.9","45.45","1.04","9.52","78.18"
"T. Rölke","Netherlands 2.","Cambuur","CF, RCMF","22","150000","2026-06-30","12","516","1","0","Germany","right","188","4.53","3.14","50","4.53","42.31","0.17","4.14","3.14","0.17","0.54","0","3.49","15","5","1.22","71.43","3.66","47.62","9.24","33.96","4.71","2.27","0.35","27.21","74.36","7.15","53.66","1.4","25","0.13","0.17","0","0","0.35","2.27","61.54","2.44","64.29","1.4","4.01","43.48"
"I. Boumassaoudi","Netherlands 2.","Den Bosch","LAMF, LCMF, LDMF","20","0","2026-06-30","6","508","4","0","Netherlands","right","0","6.2","5.85","66.67","2.48","42.86","0.18","2.68","3.01","0.71","0.5","0","3.54","50","20","0.89","20","2.83","37.5","6.73","31.58","5.31","1.42","0","27.28","80.52","6.02","52.94","2.48","50","0.05","0","0","0","0","3.19","55.56","1.42","25","0.71","3.19","66.67"
"A. van der Heide","Netherlands 2.","De Graafschap","RW, RWF, RAMF","23","500000","2027-06-30","11","503","0","0","Netherlands","left","174","7.51","6.8","73.68","2.33","15.38","0","3.26","6.08","0","0.36","0","3.76","33.33","0","3.76","38.1","6.08","55.88","13.24","40.54","4.29","4.29","0.18","33.82","72.49","11.45","68.75","2.5","35.71","0.37","0","0.18","0","1.43","4.12","69.57","6.44","58.33","3.22","6.62","72.97"
"M. Odriss","Netherlands 2.","VVV Venlo","LCMF, LDMF, AMF","21","0","","8","497","0","0","Netherlands","unknown","0","8.15","6.88","71.05","2.35","30.77","0","3.33","1.45","0","0.1","0","1.09","0","0","0.54","33.33","1.99","63.64","7.79","41.86","1.81","1.09","0.18","33.68","81.72","13.04","75","1.27","28.57","0.1","0","0","0","0.36","6.34","74.29","1.09","66.67","1.45","5.98","66.67"
"E. Semedo","Netherlands 2.","Den Bosch","RW, RWF, RAMF","22","0","2027-06-30","13","495","0","0","Netherlands","left","0","6","6.91","52.63","3.27","27.78","0.36","2.98","4.55","0","0.14","0","1.09","50","0","1.45","12.5","6.55","58.33","14.91","45.12","2.36","2.55","0.36","19.27","63.21","5.45","50","1.45","12.5","0.02","0","0","0","0.18","2.18","58.33","2.18","41.67","0.55","3.64","75"
"M. Kleinen","Netherlands 2.","MVV","RCMF, LCMF, RDMF","24","400000","","11","490","0","0","Netherlands","right","183","9","8.08","63.64","1.29","42.86","0.37","3","0.92","0","0.1","0","0.92","20","0","0.73","25","0.55","100","4.59","40","0.55","1.1","0","34.71","83.6","13.78","70.67","4.41","66.67","0","0","0","0","0","4.96","59.26","1.65","11.11","0.18","6.06","78.79"
"T. Verheydt","Netherlands 2.","Willem II","CF","33","300000","","10","489","5","0","Netherlands","right","192","3.31","1.66","55.56","15.28","55.42","0.18","2.01","1.84","0.92","0.6","0.55","2.39","53.85","38.462","0.74","25","0.74","50","4.79","23.08","4.79","0.18","0","19.51","65.09","4.05","45.45","1.1","50","0.04","0","0","0","0","1.84","40","0.55","33.33","0.55","2.02","63.64"
"N. Amadin","Netherlands 2.","Emmen","RW, RWF","24","150000","2027-06-30","8","488","3","1","Netherlands","left","180","1.84","1.48","37.5","1.48","37.5","0","1.48","8.48","0.55","0.14","0","2.77","66.67","20","3.87","28.57","7.93","67.44","16.78","47.25","2.21","4.61","0.18","22.68","75.61","4.24","69.57","0.92","20","0.11","0.18","0.18","100","0.18","1.29","100","4.43","45.83","1.29","4.24","91.3"
"F. Quispel","Netherlands 2.","Emmen","LCMF, LWF, RW","24","50000","2026-06-30","11","485","1","0","Netherlands","","177","5.75","5.75","58.06","4.27","43.48","0","3.17","2.41","0.19","0.3","0.19","2.41","38.46","7.692","1.48","25","2.04","54.55","8.35","28.89","2.23","0.56","0","28.76","79.35","5.38","75.86","1.48","50","0.16","0.19","0","0","0.56","3.9","85.71","1.3","28.57","0.37","3.9","71.43"
"I. Baouf","Netherlands 2.","Cambuur","RCB","19","0","2028-06-30","5","484","1","0","Belgium","right","0","7.81","4.65","52","5.02","33.33","0.56","6.49","0.93","0.19","0.12","0.19","0.93","40","20","0.37","50","0.37","100","1.86","70","0.93","1.3","0","47.42","89.8","17.29","78.49","5.58","70","0.06","0","0","0","0","6.51","71.43","0.74","75","0.37","8.37","82.22"
"B. Van Zijl","Netherlands 2.","VVV Venlo","CF","21","0","","11","483","4","1","Netherlands","","0","3.91","3.73","45","6.89","32.43","0.19","2.11","4.1","0.75","0.34","0","2.61","57.14","28.571","0.75","50","3.91","57.14","9.88","35.85","4.1","2.42","0.19","10.25","69.09","3.17","52.94","0.37","50","0.26","0","0","0","1.3","1.68","44.44","1.12","83.33","1.49","1.49","87.5"
"J. Wendlinger","Netherlands 2.","Almere City","GK","25","125000","2026-06-30","5","482","0","0","Austria","right","192","1.31","0.37","0","0.37","100","0","1.69","0","0","0","0","0","0","0","0","0","0","0","0.19","0","0","0","0","25.95","80.58","16.24","70.11","13.63","63.01","0","0","0","0","0","3.55","47.37","0.37","0","0","10.64","75.44"
"N. Rossi","Netherlands 2.","Dordrecht","LAMF","23","0","","10","482","0","2","Uruguay","right","178","6.54","8.22","43.18","1.12","0","0","3.56","6.54","0","0.19","0","2.99","12.5","0","4.29","26.09","8.03","62.79","15.31","48.78","4.48","3.55","0.37","18.67","63","4.67","72","1.87","40","0.14","0","0","0","0.75","1.31","71.43","3.55","42.11","0.37","4.29","73.91"
"J. van Ommeren","Netherlands 2.","Utrecht II","RCMF, RDMF, DMF","17","0","","7","480","0","1","Netherlands","unknown","0","8.44","6.75","69.44","1.31","42.86","0","4.38","0.56","0","0.01","0","0.38","0","0","0","0","0.94","60","5.25","39.29","0","0.38","0","37.31","91.46","10.88","82.76","2.81","60","0.06","0","0","0","0.38","4.13","63.64","0.19","100","0.19","4.5","70.83"
"J. van de Haar","Netherlands 2.","Utrecht II","CF","20","0","2028-06-30","8","480","1","0","Netherlands","","0","4.88","3.19","70.59","6.94","29.73","0","2.79","0.94","0.19","0.44","0","2.06","27.27","9.091","0.19","0","0.75","50","11.25","30","3.19","1.13","0","16.69","67.42","3","50","1.31","28.57","0.03","0","0","0","0.19","1.69","55.56","0.56","33.33","0.38","1.69","44.44"
"R. Robbemond","Netherlands 2.","AZ II","AMF, RCMF","20","0","","9","479","0","1","Netherlands","right","0","8.27","7.52","55","2.82","20","0.19","5.17","0.75","0","0.07","0","1.13","16.67","0","0.38","0","1.5","37.5","6.2","33.33","2.44","0.56","0.19","22.55","79.17","5.45","72.41","1.13","50","0.11","0","0","0","0.38","3.19","82.35","0.75","50","0.38","1.69","77.78"
"L. Verheij","Netherlands 2.","VVV Venlo","RCB","20","0","","8","479","1","0","Netherlands","right","195","10.71","4.7","80","4.13","40.91","0.38","8.57","0.56","0.19","0.06","0.19","0.56","33.33","33.333","0.75","25","0.75","25","2.07","36.36","1.32","1.13","0.19","45.66","89.71","15.03","77.5","1.88","60","0","0","0","0","0","4.13","68.18","0.19","0","0","6.01","71.88"
"T. Smolenaars","Netherlands 2.","PSV II","GK","20","0","","5","479","0","0","Netherlands","right","0","1.88","0.19","100","1.13","66.67","0","2.13","0","0","0","0","0","0","0","0","0","0","0","0","0","0","0","0","29.5","82.8","18.41","75.51","11.09","57.63","0","0","0","0","0","3.01","62.5","0","0","0","8.83","61.7"
"Y. Van den Ban","Netherlands 2.","AZ II","AMF, CF, RWF","19","0","","12","475","1","1","Netherlands","","0","4.74","4.36","47.83","4.17","31.82","0","3.79","0.57","0.19","0.21","0","1.33","28.57","14.286","0.57","33.33","0.38","0","5.31","17.86","2.46","0.19","0","14.78","69.23","4.17","40.91","0.19","0","0.01","0","0","0","0.38","0.95","60","0.76","50","0.57","2.08","45.45"
"E. Dijkstra","Netherlands 2.","AZ II","RB, LB","19","0","2029-06-30","6","472","0","0","Netherlands","right","0","9.34","8.39","65.91","0.57","33.33","0","5.04","3.24","0","0.11","0","1.14","33.33","0","1.72","33.33","3.43","66.67","8.39","52.27","2.29","4.39","0.38","45.38","84.45","10.3","77.78","1.72","33.33","0.06","0","0","0","0.19","2.48","69.23","2.29","58.33","1.14","7.06","75.68"
"S. Bamba","Netherlands 2.","Willem II","LW, LAMF, LWF","21","800000","2027-06-30","8","472","0","1","Germany","right","179","4.19","5.91","48.39","0.38","0","0","1.06","4.39","0","0.12","0","2.1","27.27","0","2.48","38.46","4.96","57.69","12.97","51.47","2.29","4","0.57","20.97","77.27","4.19","68.18","1.91","80","0.17","0","0","0","0.76","2.48","76.92","1.91","60","0.76","3.81","80"
"N. Matoug","Netherlands 2.","VVV Venlo","RW, RAMF","22","0","2026-06-30","8","466","1","0","Netherlands","right","0","4.25","1.93","70","2.12","54.55","0","3.03","4.06","0.19","0.14","0","1.35","14.29","14.286","5.02","19.23","3.86","75","6.57","58.82","1.74","2.7","0.39","24.72","66.41","6.95","52.78","0.77","25","0.16","0","0","0","0.39","2.9","73.33","5.41","25","0.39","4.64","83.33"
"J. Zwart","Netherlands 2.","AZ II","RB","18","0","","8","456","0","1","Netherlands","unknown","0","9.28","9.28","44.68","1.97","50","0.2","6.05","1.58","0","0.15","0","0.99","40","0","2.17","36.36","0.79","50","6.12","25.81","1.38","1.58","0","36.71","80.65","7.7","58.97","2.57","46.15","0.06","0.2","0","0","0.59","2.37","75","1.58","50","0.59","6.51","54.55"
"D. Nunumete","Netherlands 2.","Emmen","LCMF, DMF","23","100000","2026-06-30","9","453","0","1","Netherlands","left","175","7.15","6.75","50","1.79","66.67","0.4","5.14","1.59","0","0.1","0","1.19","33.33","0","2.19","18.18","0.4","50","1.79","55.56","0.99","1.39","0.2","37.55","77.25","11.92","58.33","6.16","51.61","0.21","0","0.6","100","0.4","8.15","60.98","3.38","23.53","0.4","8.15","70.73"
"J. Hartog","Netherlands 2.","AZ II","RAMF, RWF","19","0","","7","452","1","0","Netherlands","right","0","6.77","9.16","50","1.59","12.5","0","2.73","3.98","0.2","0.17","0","2.19","36.36","9.091","2.39","25","3.58","72.22","10.55","47.17","1.99","2.19","0","24.49","73.17","4.58","56.52","1.39","14.29","0.06","0","0","0","0.2","1","20","1.59","25","0.4","3.38","47.06"
"D. Theodoridis","Netherlands 2.","De Graafschap","CF, LAMF","23","0","","10","448","2","0","Greece","both","184","6.23","3.62","61.11","4.02","40","0.4","5.2","2.01","0.4","0.35","0","2.21","27.27","18.182","0.4","0","3.82","36.84","12.66","23.81","3.21","0.4","0","7.63","81.58","2.21","72.73","0","0","0.01","0","0","0","0","0.6","66.67","0.2","100","0.2","1.21","83.33"
"C. Essers","Netherlands 2.","Eindhoven","RB","28","150000","","9","441","0","0","Netherlands","right","180","8.16","5.92","65.52","2.45","41.67","0.61","4.55","1.43","0","0.15","0","1.02","20","0","3.06","33.33","0.41","50","3.27","56.25","1.22","0.41","0.41","36.12","73.45","13.47","63.64","5.31","50","0.01","0","0","0","0","4.69","52.17","2.04","40","0.2","6.12","60"
"K. Inge","Netherlands 2.","AZ II","RB","19","0","","10","440","1","0","Netherlands","unknown","0","9.2","8.18","60","2.86","42.86","0.41","5.64","3.89","0.2","0.19","0.2","0.61","66.67","33.333","2.05","30","4.5","63.64","12.89","39.68","0.82","4.5","0","37.02","79.56","10.43","60.78","1.02","40","0.02","0","0","0","0.41","4.91","66.67","2.45","33.33","0.2","6.14","73.33"
"L. Mol","Netherlands 2.","TOP Oss","AMF, RDMF, LDMF","21","0","2026-06-30","8","438","0","1","Netherlands","","0","9.04","7.4","55.56","2.88","57.14","0.41","5.75","1.44","0","0.09","0","1.23","16.67","0","1.44","57.14","1.23","33.33","5.55","18.52","1.44","0.82","0","22.6","72.73","8.84","60.47","1.85","55.56","0.07","0","0","0","0.21","3.29","62.5","2.26","45.45","0.62","4.52","72.73"
"R. van Hedel","Netherlands 2.","RKC Waalwijk","LW, LAMF, LWF","20","0","2027-06-30","7","436","1","0","Netherlands","right","0","4.95","4.13","50","1.24","0","0","2.98","1.65","0.21","0.16","0","1.24","33.33","16.667","0.83","25","2.06","40","8.46","12.2","1.24","1.44","0.41","21.67","84.76","4.54","72.73","1.65","62.5","0.12","0","0.21","100","0.62","2.68","84.62","1.03","40","0.21","2.06","60"
"F. Druijf","Netherlands 2.","Almere City","CF","27","1000000","2026-06-30","6","433","3","0","Netherlands","right","190","3.12","2.29","54.55","9.56","56.52","0.21","2.29","1.66","0.42","0.44","0","2.29","54.55","27.273","0.42","50","0.21","100","6.65","31.25","4.16","0","0","21.2","67.65","6.03","62.07","1.25","50","0.12","0","0","0","0","3.74","72.22","0.42","100","0.83","2.7","76.92"
"I. Jenner","Netherlands 2.","Utrecht II","RCMF, RDMF, LDMF","21","0","2026-06-30","10","430","1","0","Netherlands","right","186","11.93","9","72.09","2.93","35.71","0.63","6.1","0.84","0.21","0.04","0","1.05","40","20","0.42","50","0.42","50","4.6","22.73","1.26","0.63","0","34.95","89.82","10.88","76.92","3.35","50","0","0","0","0","0","6.07","75.86","0.84","50","0.21","4.6","72.73"
"D. van Mieghem","Netherlands 2.","ADO Den Haag","RAMF, RW, RCMF","35","400000","","9","428","3","3","Netherlands","left","170","3.15","5.26","32","0.42","50","0","2.44","3.57","0.63","0.11","0","1.89","44.44","33.333","4.42","52.38","2.31","18.18","4.63","18.18","1.47","1.26","0","34.91","66.27","9.88","44.68","6.73","40.63","0.2","0.21","0.42","0","1.05","7.15","55.88","7.36","48.57","0.63","8.62","78.05"
"J. Familia-Castillo","Netherlands 2.","RKC Waalwijk","LB","25","300000","2026-06-30","7","418","0","2","Netherlands","left","175","7.97","5.38","68","1.72","37.5","0.65","5","3.44","0","0","0","0.43","0","0","4.52","42.86","1.94","77.78","4.74","54.55","0.43","3.01","0.22","40.69","79.89","15.5","73.61","6.24","48.28","0.14","0","0","0","0.65","4.31","70","4.09","42.11","0.22","10.33","72.92"
"Z. Haddaoui","Netherlands 2.","Eindhoven","CF, LW, LCMF","19","0","","8","417","0","1","Netherlands","unknown","0","6.04","7.34","50","3.02","14.29","0","1.95","2.81","0","0.14","0","1.73","25","0","1.73","37.5","2.37","63.64","6.91","50","1.08","0.86","0.22","24.82","78.26","5.61","57.69","1.29","50","0.11","0","0.22","100","0.43","1.94","55.56","1.51","57.14","0.43","3.02","71.43"
"J. Pynadath","Netherlands 2.","Dordrecht","LAMF, LW, LWF","23","50000","2026-06-30","9","414","3","0","United States","both","175","3.7","6.52","40","0.87","25","0","1.06","9.78","0.65","0.2","0","2.61","58.33","25","6.3","41.38","8.26","68.42","11.74","55.56","3.48","5","0.87","22.61","63.46","5.65","57.69","1.3","33.33","0.34","0.22","0","0","1.3","1.52","57.14","4.57","52.38","0.87","3.91","55.56"
"C. Lokesa","Netherlands 2.","RKC Waalwijk","LW, LCMF","20","0","2026-06-30","8","413","1","1","Belgium","right","179","6.1","4.79","59.09","1.09","20","0","3.88","3.92","0.22","0.21","0","2.18","20","10","1.31","50","4.36","55","11.11","41.18","3.92","5.67","0","37.05","84.71","11.99","76.36","0.87","25","0.12","0","0.44","100","0.22","4.14","63.16","3.27","60","2.4","5.67","76.92"
"M. El Allouchi","Netherlands 2.","Willem II","LCMF, LAMF, LWF","31","600000","","8","412","0","0","Netherlands","right","172","5.02","3.71","76.47","1.75","0","0.66","2.33","4.15","0","0.15","0","2.18","40","0","3.06","57.14","2.62","58.33","6.77","45.16","2.62","3.06","0.44","46.53","81.69","9.17","69.05","3.5","43.75","0.06","0","0","0","0.66","5.02","82.61","3.71","82.35","1.75","8.96","78.05"
"M. Kramer","Netherlands 2.","RKC Waalwijk","CF","36","275000","","9","410","1","0","Netherlands","right","196","2.41","1.98","77.78","6.59","46.67","0.22","1.08","0.22","0","0.33","0","1.32","16.67","16.667","0","0","0","0","1.76","25","1.98","0.22","0","11.2","74.51","1.98","44.44","0.44","0","0","0","0","0","0","0.22","0","1.1","40","0.44","1.32","0"
"B. Van Hove","Netherlands 2.","TOP Oss","LB","25","250000","","7","408","0","0","Netherlands","left","176","10.37","7.5","64.71","2.65","41.67","0.44","5.89","3.53","0","0.06","0","0.22","0","0","3.09","57.14","1.99","88.89","5.07","73.91","1.1","1.32","0.44","32.65","79.05","13.24","71.67","4.19","68.42","0.14","0.22","0","0","0.44","4.19","57.89","2.21","50","0.22","9.04","73.17"
"T. van der Zeeuw","Netherlands 2.","Almere City","LB","23","0","2026-06-30","7","406","0","0","Netherlands","","0","7.98","6.65","66.67","3.1","50","0.44","4.13","1.11","0","0.02","0","0.44","0","0","2","44.44","1.33","16.67","5.32","29.17","0.67","1.11","0","39.24","83.62","14.63","78.79","4.21","47.37","0.07","0.22","0","0","0.22","5.1","73.91","1.77","50","0.44","7.32","75.76"
"A. Ćulum","Netherlands 2.","Willem II","CF, AMF, DMF","21","0","2028-06-30","7","405","2","0","Sweden","left","175","4.22","5.78","57.69","0.67","66.67","0.22","0.93","3.56","0.44","0.33","0","2","44.44","22.222","0.89","50","2.67","83.33","4.89","50","1.56","1.78","0.67","22.22","85","5.33","66.67","1.11","60","0.12","0","0","0","0.67","2.22","70","2","77.78","1.11","3.33","80"
"L. Edhart","Netherlands 2.","Utrecht II","LW, LAMF, CF","20","0","","9","404","0","0","Netherlands","right","0","4.68","2.45","72.73","4.01","16.67","0","3.43","4.01","0","0.12","0","2.23","20","0","2.9","38.46","3.79","64.71","8.47","42.11","3.56","3.34","0.22","27.18","72.13","6.68","56.67","1.56","14.29","0.21","0","0","0","0.22","2.67","58.33","3.79","41.18","1.34","4.46","75"
"J. Cooper-Love","Netherlands 2.","Roda JC","CF, AMF, LAMF","23","500000","2027-06-30","13","403","2","0","Sweden","right","184","3.57","3.8","58.82","6.7","23.33","0","1.52","2.68","0.45","0.26","0","1.56","71.43","28.571","0.89","25","2.01","66.67","9.83","31.82","2.46","1.34","0.22","17.2","75.32","3.8","70.59","0.67","66.67","0.03","0","0","0","0.22","1.56","85.71","2.23","60","0.67","2.46","72.73"
"M. Paulissen","Netherlands 2.","Roda JC","AMF","32","350000","","9","397","2","0","Netherlands","right","183","3.63","3.4","73.33","2.04","66.67","0","1.43","4.08","0.45","0.5","0","3.17","35.71","14.286","1.59","28.57","3.4","66.67","8.84","35.9","4.76","2.27","0.45","31.28","72.46","8.61","57.89","0.91","0","0.1","0","0.23","100","0.23","2.49","72.73","1.59","42.86","1.13","2.49","54.55"
"T. Reinders","Netherlands 2.","VVV Venlo","LCB","21","0","","4","389","0","0","Netherlands","right","180","8.33","5.09","50","5.78","64","1.16","6.51","0.46","0","0.16","0","0.93","0","0","0","0","0.69","66.67","2.08","44.44","1.16","1.85","0","40.72","83.52","18.51","72.5","4.16","50","0","0","0","0","0","6.25","62.96","0.46","50","0","7.4","71.88"
"D. Fonville","Netherlands 2.","Dordrecht","LB","22","0","2026-06-30","4","388","0","1","Netherlands","","0","14.38","10.21","72.73","5.8","56","0","7.5","1.62","0","0.07","0","0.46","0","0","2.09","66.67","1.39","16.67","4.64","35","1.16","0.93","0.7","29.46","77.95","12.06","71.15","3.71","37.5","0.19","0","0","0","0.7","3.94","52.94","1.86","50","0.23","6.73","75.86"
"D. Van der Vaart","Netherlands 2.","Ajax II","LCMF, LDMF, DMF","19","0","","7","388","0","0","Netherlands","","0","9.74","6.96","70","1.39","66.67","0.7","4.62","0.7","0","0.15","0","1.86","12.5","0","0.7","33.33","0.7","33.33","4.64","10","2.55","0.93","0.23","29.46","82.68","9.97","67.44","2.55","54.55","0.05","0","0","0","0.23","3.71","56.25","1.16","80","0.93","4.87","66.67"
"D. Beukers","Netherlands 2.","Emmen","RB, RWF","21","0","2027-06-30","8","387","0","0","Netherlands","right","181","10.7","10.47","57.78","2.56","18.18","0.47","4.29","1.4","0","0.26","0","0.93","25","0","3.72","25","0.47","50","6.51","25","1.86","1.86","0","37.67","77.16","10","62.79","3.72","56.25","0.06","0","0","0","0.23","5.81","60","2.79","25","0.47","7.21","77.42"
"M. Eppink","Netherlands 2.","Utrecht II","GK","19","0","2026-06-30","4","384","0","0","Thailand","right","192","3.98","0","0","0","0","0","4.77","0","0","0","0","0","0","0","0","0","0","0","0","0","0","0","0","28.59","84.43","15.7","74.63","13.13","67.86","0","0","0","0","0","2.34","80","0","0","0","11.95","74.51"
"E. Poku","Netherlands 2.","Almere City","LAMF, RWF, LCMF","20","0","","13","381","1","0","Netherlands","right","0","4.96","5.43","73.91","1.42","16.67","0.24","1.1","5.2","0.24","0.27","0","1.89","50","12.5","3.07","38.46","5.91","52","11.57","40.82","3.54","4.02","0.94","17.72","72","2.6","72.73","0.24","100","0.28","0.24","0","0","0.71","0.47","100","2.6","45.45","0.71","2.6","54.55"
"S. Bae","Netherlands 2.","Dordrecht","RDMF, AMF, RCMF","18","0","","8","376","0","0","Korea Republic","right","182","9.57","8.14","64.71","4.31","33.33","0","3.87","1.2","0","0","0","0","0","0","0.96","0","2.39","50","9.57","50","1.2","0.96","0.24","25.13","76.19","10.29","65.12","2.63","27.27","0.01","0","0.24","0","0.48","5.51","39.13","1.2","0","0.48","3.35","85.71"
"S. Vink","Netherlands 2.","Ajax II","CF, AMF, DMF","19","0","","7","365","1","0","Netherlands","right","0","2.96","2.47","30","1.97","37.5","0.25","2.38","3.45","0.25","0.12","0","0.74","100","33.333","1.48","50","2.71","72.73","8.14","51.52","1.48","1.48","0","21.95","70.79","6.9","50","2.71","36.36","0.08","0","0","0","0.49","3.95","50","2.47","70","1.23","4.68","68.42"
"E. van de Blaak","Netherlands 2.","Almere City","LCB","20","450000","","4","361","0","0","Netherlands","right","184","9.97","4.74","89.47","5.98","45.83","1.25","5.83","0.25","0","0","0","0","0","0","0","0","0.25","100","0.5","50","0","0.75","0","61.33","94.31","14.46","82.76","1.75","28.57","0","0","0","0","0","3.99","87.5","0.25","0","0","4.99","80"
"J. Kalisvaart","Netherlands 2.","Almere City","DMF, LDMF, RDMF","21","0","2028-06-30","6","359","0","0","Netherlands","right","0","11.28","8.77","57.14","4.51","33.33","0.5","6.12","0.75","0","0.17","0","0.75","33.33","0","0","0","0.75","66.67","4.76","42.11","1.5","0.25","0","36.6","91.1","9.03","72.22","2.26","66.67","0","0","0","0","0","5.01","80","1.25","60","0.75","3.51","64.29"
"D. Asante","Netherlands 2.","MVV","RW, RAMF, LAMF","25","0","","10","358","0","0","Netherlands","both","194","5.78","5.53","54.55","3.02","33.33","0","3.07","3.02","0","0.03","0","0.5","50","0","4.53","33.33","2.01","62.5","8.8","34.29","2.26","2.26","0.25","30.92","73.98","6.54","69.23","1.51","66.67","0.15","0.25","0","0","0.5","3.52","78.57","2.77","45.45","0.25","5.53","90.91"
"I. Griffith","Netherlands 2.","Roda JC","LAMF, RAMF, LWF","23","400000","2026-06-30","8","358","0","1","Netherlands","right","170","6.28","5.53","59.09","0.25","0","0.25","4.14","4.02","0","0.19","0","1.51","33.33","0","2.01","37.5","4.27","64.71","7.29","41.38","5.28","2.77","0.5","30.42","82.64","6.79","74.07","1.76","42.86","0.37","0","0","0","0.5","2.01","62.5","1.76","28.57","1.26","2.26","77.78"
"L. Wehmeyer","Netherlands 2.","VVV Venlo","RAMF, RW, LAMF","23","0","","9","353","1","0","Germany","right","177","4.59","5.1","55","2.29","88.89","0","2.31","2.29","0.25","0.1","0","1.02","100","25","2.29","11.11","4.08","25","10.96","37.21","2.55","2.55","0.51","18.87","71.62","5.35","71.43","0.76","0","0.05","0","0","0","0.25","2.04","75","2.55","60","1.78","4.33","64.71"
"D. Weidmann","Netherlands 2.","RKC Waalwijk","LCMF","22","0","2030-06-30","4","352","2","0","France","right","180","5.63","4.86","73.68","0.51","0","0","1.73","4.09","0.51","0.27","0","3.32","30.77","15.385","1.53","33.33","4.09","62.5","10.48","43.9","3.07","3.84","0.51","47.3","85.95","11.25","75","3.07","33.33","0.06","0","0","0","0","5.63","68.18","2.05","62.5","1.53","6.9","55.56"
"B. Neziri","Switzerland 1.","St. Gallen","DMF, RCMF","22","150000","2026-06-30","10","990","0","0","Germany","right","182","9.91","6.55","56.94","3.45","47.37","0.55","7.6","1.18","0","0.03","0","0.55","16.67","0","0.73","62.5","0.82","77.78","3.09","41.18","0.45","0.45","0","24.36","77.99","11.27","66.94","3.36","59.46","0.24","0.09","0","0","0.09","3.73","60.98","1.45","50","0.45","4.64","62.75"
"T. Gaal","Switzerland 1.","St. Gallen","RCB","24","450000","2027-06-30","10","990","1","1","Germany","right","193","9.55","6.36","60","4.27","44.68","0.45","8.27","0.27","0.09","0.1","0","0.45","40","20","0.45","20","0.18","0","1.09","58.33","1.09","0.64","0.18","33.45","77.45","17.91","68.53","8.09","46.07","0.01","0","0","0","0","6.64","57.53","0.91","40","0.55","8.45","66.67"
"N. Steffen","Switzerland 1.","Thun","GK","24","200000","","10","981","0","0","Switzerland","","187","1.28","0","0","0","0","0","1.75","0","0","0","0","0","0","0","0","0","0","0","0.18","100","0","0","0","23.03","88.45","11.28","78.05","8.81","72.92","0","0","0","0","0","2.11","56.52","0","0","0","6.7","87.67"
"J. Hammel","Switzerland 1.","Grasshopper","GK","24","1200000","","10","980","0","0","Switzerland","right","187","2.02","0.28","0","0.18","100","0","2.27","0","0","0","0","0","0","0","0","0","0","0","0.18","100","0","0","0","18.28","79.4","12.86","70.71","10.56","67.83","0","0","0","0","0","4.5","63.27","0.18","0","0","8.91","82.47"
"N. Lavanchy","Switzerland 1.","Sion","RB","32","300000","2027-06-30","10","975","0","0","Switzerland","right","174","9.05","8.03","66.67","1.48","43.75","0.18","4.54","1.94","0","0.01","0","0.18","0","0","4.15","35.56","0.55","66.67","2.49","40.74","0.65","0.46","0.37","41.63","75.83","16.98","71.2","6.18","52.24","0.11","0.09","0.09","100","0.46","5.54","71.67","3.78","41.46","0.65","10.89","64.41"
"A. Racioppi","Switzerland 1.","Sion","GK","26","1500000","2027-06-30","10","975","0","1","Switzerland","right","189","1.38","0.28","66.67","0.55","100","0","1.55","0","0","0","0","0","0","0","0","0","0","0","0.18","100","0","0","0","25.57","82.31","15.32","73.49","11.91","65.12","0","0","0","0","0.09","3.42","48.65","0.18","0","0","9.32","76.24"
"N. Hefti","Switzerland 1.","Sion","LB","26","400000","","10","975","0","2","Switzerland","left","177","8.12","6.09","56.06","1.94","23.81","0.18","5.98","2.58","0","0.01","0","0.37","25","0","4.8","28.85","1.66","66.67","4.8","46.15","0.65","1.57","0.09","39.14","67.69","14.95","62.35","4.43","37.5","0.16","0","0.09","0","0.28","3.88","59.52","3.69","37.5","0.28","9.32","57.43"
"C. Boukhalfa","Switzerland 1.","St. Gallen","LCMF, AMF, RCMF","26","400000","","10","964","4","1","Germany","left","186","7.19","6.63","59.15","4.95","47.17","0.09","4.36","2.33","0.28","0.27","0","1.87","50","20","1.03","36.36","1.77","57.89","5.98","31.25","1.96","1.59","0.19","21.85","72.22","8.31","57.3","1.87","45","0.1","0","0","0","0.56","4.01","55.81","1.21","46.15","0.47","5.13","60"
"J. Kronig","Switzerland 1.","Sion","LCB","25","300000","2027-06-30","10","960","0","0","Switzerland","left","186","7.03","5.16","69.09","1.69","66.67","0.28","4.16","0.09","0","0","0","0.19","0","0","0.28","0","0.19","50","0.94","20","0","0.28","0.09","34.88","86.83","13.22","75.18","5.91","55.56","0","0","0","0","0","4.59","75.51","0.66","42.86","0.28","6","68.75"
"J. Stanić","Switzerland 1.","St. Gallen","CB","26","700000","","10","956","1","1","Germany","right","184","12.9","8.66","72.83","5.93","63.49","1.32","8.61","0.19","0.09","0.04","0","0.28","33.33","33.333","0.09","100","0","0","1.22","69.23","0.19","0.09","0","27.4","83.85","11.96","73.23","4.8","60.78","0","0","0","0","0.19","2.82","53.33","0.47","60","0.09","5.08","62.96"
"M. Heule","Switzerland 1.","Thun","LB","24","300000","2028-06-30","10","949","0","2","Switzerland","left","171","9.96","8.06","57.65","1.8","42.11","0.19","6.62","2.09","0","0.09","0","0.85","11.11","0","2.94","35.48","1.99","42.86","6.26","46.97","1.14","1.52","0.19","30.92","64.72","16.12","56.47","6.35","46.27","0.2","0.09","0.09","100","0.57","6.26","57.58","3.13","48.48","1.14","9.48","74"
"N. Sow","Switzerland 1.","Sion","RCMF, LDMF, RDMF","26","350000","2028-06-30","10","919","1","0","France","right","192","10.28","6.17","69.84","2.84","37.93","0.49","6.75","0.29","0.1","0.08","0","0.39","25","25","0.2","0","0.29","66.67","3.04","45.16","0.49","0.49","0","38.59","82.74","16.75","75.44","3.62","54.05","0.02","0.1","0","0","0","4.41","68.89","0.69","14.29","0.1","6.46","60.61"
"M. Bürki","Switzerland 1.","Thun","LCB","32","250000","2026-06-30","10","914","0","0","Switzerland","left","184","8.57","4.92","70","5.51","46.43","0.79","6.29","0.1","0","0","0","0.1","0","0","0","0","0.2","50","1.97","50","0.3","0.1","0","31.02","85.4","15.56","75.32","6.4","66.15","0","0","0","0","0","5.42","70.91","0.3","33.33","0.1","7.39","70.67"
"D. Abels","Switzerland 1.","Grasshopper","RCB, CB","28","600000","","10","899","0","0","Netherlands","right","182","12.81","9.61","67.71","4.2","50","1","6.63","0.5","0","0.03","0","0.3","33.33","0","0.2","100","0.3","66.67","1.2","66.67","0.3","0.7","0","27.73","77.98","15.42","68.83","6.21","51.61","0.02","0","0.1","0","0","5.21","69.23","1.1","36.36","0.2","8.51","70.59"
"P. Loretz","Switzerland 1.","Luzern","GK","22","0","2026-06-30","9","887","0","0","Switzerland","right","191","2.13","0","0","0.2","50","0","2.88","0","0","0","0","0","0","0","0","0","0","0","0","0","0","0","0","37.24","88.28","17.96","81.36","12.68","70.4","0","0","0","0","0","3.75","56.76","0.2","0","0","9.33","77.17"
"S. Knežević","Switzerland 1.","Luzern","RCB","28","600000","2029-06-30","9","887","0","0","Switzerland","right","187","8.83","6.8","64.18","4.36","65.12","0.91","5.62","0.1","0","0.03","0","0.2","0","0","0.1","0","0.1","100","0.91","55.56","0.41","0.41","0.1","32.06","81.65","15.32","68.21","6.8","50.75","0.03","0","0","0","0","4.57","53.33","0.61","33.33","0.41","7.71","65.79"
"K. Letica","Switzerland 1.","Lausanne Sport","GK","28","1000000","2026-06-30","9","886","0","0","Croatia","right","201","1.22","0.2","50","0.71","85.71","0","1.64","0","0","0","0","0","0","0","0","0","0","0","0.3","66.67","0","0","0","12.6","75","9.04","65.17","6.6","55.38","0","0","0","0","0","2.84","57.14","0","0","0","4.88","77.08"
"L. Bertone","Switzerland 1.","Thun","LCMF, RCMF, LDMF","31","300000","","9","886","3","1","Switzerland","right","179","7.92","5.99","62.71","1.83","33.33","0.41","5.22","0.81","0.1","0.22","0","2.13","19.05","14.286","0.91","33.33","0.61","16.67","2.64","50","0.3","0.61","0","33.83","73.57","18.39","61.88","9.45","53.76","0.04","0.2","0","0","0.2","9.65","52.63","2.44","45.83","0.71","8.53","83.33"
"Y. Brecher","Switzerland 1.","Zürich","GK","32","800000","2027-06-30","9","880","0","0","Switzerland","right","196","1.23","0","0","0.1","100","0","1.99","0","0","0","0","0","0","0","0","0","0","0","0.1","0","0","0","0","33.34","84.66","18","71.59","12.17","61.34","0","0","0","0","0","4.6","51.11","0.31","33.33","0","8.9","78.16"
"M. Hitz","Switzerland 1.","Basel","GK","38","200000","2026-06-30","9","879","0","0","Switzerland","right","194","0.61","0","0","0.2","100","0","0.93","0","0","0","0","0","0","0","0","0","0","0","0.1","100","0","0","0.1","24.98","95.08","11.16","91.74","5.32","82.69","0","0","0","0","0","0.92","66.67","0.1","0","0","4.3","85.71"
"M. Keller","Switzerland 1.","Young Boys","GK","23","2500000","2028-06-30","9","877","0","0","England","right","189","1.74","0.1","100","0.21","100","0","2.84","0","0","0","0","0","0","0","0","0","0","0","0","0","0","0","0","31.92","89.39","14.98","80.14","10.36","69.31","0","0","0","0","0","3.8","72.97","0.1","0","0","8.21","83.75"
"L. Benito","Switzerland 1.","Young Boys","LCB","33","100000","2026-06-30","9","877","0","1","Switzerland","left","186","8.52","5.44","67.92","3.59","71.43","0.51","7.99","0.21","0","0","0","0.1","0","0","0.1","0","0.21","100","1.03","70","1.23","1.54","0.1","54.9","86.92","27.61","78.81","6.88","52.24","0.02","0.1","0","0","0.21","9.65","80.85","0.62","50","0.82","14.06","74.45"
"N. Palacio","Switzerland 1.","Zürich","DMF, LCMF, RDMF","24","0","","9","874","0","0","Colombia","right","180","10.09","6.59","60.94","1.96","57.89","0.82","8.83","0.31","0","0.01","0","0.51","20","0","0","0","0.41","50","4.22","41.46","0.1","0.1","0","35.84","86.49","9.47","72.83","4.84","53.19","0","0.21","0","0","0","6.8","74.24","0.21","0","0","5.97","70.69"
"C. May","Switzerland 1.","St. Gallen","LCB, LCMF","18","0","","9","873","0","1","Switzerland","unknown","0","8.87","7.63","59.46","2.37","30.43","0.31","6.27","0.31","0","0.01","0","0.52","0","0","0.31","100","0.1","0","1.13","18.18","0","0","0","28.66","82.37","13.09","73.23","5.26","64.71","0.02","0","0","0","0.31","3.4","75.76","0.82","75","0.31","7.22","62.86"
"P. Dorn","Switzerland 1.","Luzern","RB","29","1500000","2029-06-30","9","857","0","1","Germany","right","178","9.14","8.93","63.53","3.05","27.59","0.42","4.31","2.42","0","0.05","0","0.74","14.29","0","2.63","28","2.31","68.18","5.57","58.49","1.26","1.26","0.11","29.82","77.46","11.76","68.75","4.41","52.38","0.08","0","0","0","0.42","4.52","55.81","2.31","40.91","0.53","7.56","76.39"
"T. Cognat","Switzerland 1.","Servette","LCMF, LDMF, RCMF","27","3500000","2029-06-30","9","852","0","2","France","right","173","7.61","6.02","66.67","1.16","36.36","0.11","4.95","2.43","0","0.06","0","0.74","14.29","0","1.8","58.82","1.69","56.25","5.49","40.38","1.27","2.43","0.42","55.04","83.69","18.7","73.45","5.07","58.33","0.25","0","0.53","60","0.85","9.51","74.44","4.44","76.19","2.75","9.61","81.32"
"T. Owusu","Switzerland 1.","Luzern","RCMF, RDMF, LW","22","100000","2029-06-30","9","851","1","0","Switzerland","right","183","6.98","4.55","67.44","3.07","58.62","0.21","4.55","0.95","0.11","0.05","0","0.42","50","25","0.11","100","1.06","60","4.55","53.49","1.06","0.85","0","28.77","86.4","9.94","69.15","2.01","52.63","0.03","0","0.32","0","0.21","3.81","69.44","0.53","60","0.42","4.55","69.77"
"A. Bajrami","Switzerland 1.","Luzern","LCB","23","0","2028-06-30","9","836","0","0","Switzerland","left","188","9.47","5.49","62.75","3.44","53.13","0.97","7.68","0","0","0","0","0","0","0","0","0","0","0","1.4","61.54","0","0.54","0","37.57","87.11","16.58","76.62","5.17","54.17","0.01","0","0","0","0","3.44","62.5","0.22","0","0.11","7.11","60.61"
"K. Hajrizi","Switzerland 1.","Sion","RCB","26","1200000","","9","833","0","0","Switzerland","right","185","12.32","7.13","66.67","4","59.46","1.4","9.38","0.22","0","0.07","0","0.76","14.29","0","0","0","0.22","50","3.57","54.55","1.08","0.76","0","39.22","85.4","18.15","76.79","5.94","60","0","0","0","0","0","4","62.16","0.32","0","0.22","8.75","69.14"
"M. Di Giusto","Switzerland 1.","Luzern","AMF, CF, RW","25","1200000","","9","813","2","5","Switzerland","right","168","5.76","6.2","60.71","1.33","16.67","0.11","2.25","3.76","0.22","0.24","0","2.44","31.82","9.091","2.44","40.91","3.1","53.57","6.64","36.67","3.32","1.55","0.33","30.55","77.9","9.08","69.51","2.21","55","0.37","0","0.55","60","0.89","3.87","62.86","3.76","61.76","1.99","6.31","84.21"
"O. Custodio","Switzerland 1.","Lausanne Sport","DMF, RCMF, LCMF","30","400000","","9","811","1","0","Switzerland","right","179","5.77","5.22","63.83","1.89","23.53","0","3.49","1","0.11","0.13","0","1.22","36.36","9.091","1.33","16.67","0.89","37.5","5.1","26.09","0.78","0.78","0","33.07","83.89","11.65","75.24","3.33","53.33","0.19","0.22","0","0","0","4.44","60","2.22","40","0.78","5.1","76.09"
"R. Nivokazi","Switzerland 1.","Sion","CF","25","75000","","10","810","3","0","Italy","right","188","3.11","3.67","27.27","7.89","36.62","0.11","2.43","1.89","0.33","0.46","0","2.56","39.13","13.043","0.33","0","1.78","43.75","11","31.31","3.89","0.44","0","10.56","75.79","3.11","64.29","0.56","40","0.02","0.11","0.11","100","0.11","1.56","42.86","0.22","0","0.44","1.11","70"
"D. Schmid","Switzerland 1.","Basel","LB","27","2000000","2027-06-30","9","808","1","0","Switzerland","left","183","8.35","3.34","50","2.45","59.09","0.33","10","1.78","0.11","0.08","0","1.23","27.27","9.091","3.79","11.76","1.34","75","3.45","64.52","2.78","1.89","0.56","47.56","79.39","18.16","77.3","3.01","62.96","0.08","0","0","0","0.45","6.13","76.36","3.34","50","1.11","10.25","75"
"X. Shaqiri","Switzerland 1.","Basel","CF, AMF","34","2000000","2027-06-30","9","800","5","5","Kosovo","left","169","1.46","1.35","58.33","0.79","14.29","0.11","1","3.71","0.23","0.62","0","2.48","36.36","22.727","2.93","53.85","2.14","47.37","9.34","36.14","3.38","0.9","0","39.38","76.86","12.71","62.83","3.26","34.48","0.38","0.11","0.34","66.67","1.13","5.4","58.33","6.19","63.64","2.81","6.64","84.75"
"M. Stevanović","Switzerland 1.","Servette","RW, RAMF","35","400000","2026-06-30","9","798","4","0","Bosnia and Herzegovina","right","180","6.43","4.4","71.79","7.78","44.93","0","4.58","3.05","0.45","0.31","0.34","2.93","34.62","15.385","3.05","40.74","1.35","58.33","4.96","45.45","4.51","1.8","0.11","31.92","76.33","9.47","67.86","1.8","37.5","0.25","0.11","0","0","0.45","3.27","65.52","3.5","61.29","1.47","5.75","80.39"
"A. Kabacalman","Switzerland 1.","Sion","LCMF, LDMF, RDMF","30","300000","","10","796","0","1","Switzerland","left","176","8.14","5.77","50.98","0.79","57.14","0.23","6.38","1.13","0","0.03","0","0.68","50","0","0.68","50","0.45","75","3.05","51.85","0.11","0.9","0.11","61.17","86.51","22.95","77.83","5.31","53.19","0.03","0","0.23","50","0.23","9.27","76.83","1.92","58.82","0.79","10.63","73.4"
"J. Asp","Switzerland 1.","Grasshopper","LWF, CF, RWF","19","1300000","2028-06-30","9","795","4","2","Denmark","right","179","3.74","4.19","62.16","1.13","40","0","1.41","5.55","0.45","0.15","0","2.15","42.11","21.053","3.06","33.33","5.66","60","10.87","45.83","2.49","2.94","0.91","23.55","62.98","8.38","55.41","1.92","35.29","0.2","0","0.45","50","0.79","3.85","58.82","4.3","50","1.47","4.98","72.73"
"S. Zuber","Switzerland 1.","Zürich","CF, LCMF, AMF","34","2000000","2027-06-30","8","783","3","1","Switzerland","right","182","2.53","2.87","36","3.1","33.33","0.11","1.53","1.84","0.34","0.34","0","2.3","30","15","0.8","42.86","1.38","58.33","8.62","41.33","2.64","0.8","0.23","24.83","84.72","5.52","81.25","0.8","85.71","0.03","0","0","0","0.11","2.53","86.36","1.49","53.85","0.69","2.87","68"
"M. Gómez","Switzerland 1.","Zürich","RCB, LCB","26","300000","2028-06-30","8","782","0","1","Argentina","right","194","7.71","4.49","69.23","2.42","52.38","0.69","7.55","0","0","0.05","0","0.35","0","0","0","0","0","0","0.92","62.5","0.46","0","0","40.63","87.25","12.77","72.07","5.87","50.98","0","0","0","0","0","5.06","72.73","0.23","0","0","6.21","64.81"
"S. Stroscio","Switzerland 1.","Grasshopper","LWB","22","0","","10","781","0","0","Switzerland","right","176","11.75","9.68","71.43","2.42","23.81","0.23","5.19","1.27","0","0.01","0","0.58","20","0","1.84","31.25","1.04","55.56","4.26","27.03","1.15","1.61","0.12","30.77","64.04","17.17","57.05","6.8","42.37","0","0","0","0","0.23","5.88","43.14","2.88","44","1.04","10.37","70"
"S. Kapino","Switzerland 1.","Winterthur","GK","31","400000","2027-06-30","8","771","0","0","Greece","right","196","1.63","0.23","100","0.23","100","0","1.86","0","0","0.03","0","0.12","0","0","0","0","0","0","0.12","0","0.23","0","0","22.65","89.69","11.56","82.83","7.82","73.13","0","0","0","0","0","1.75","60","0.47","0","0","5.84","88"
"A. Grgić","Switzerland 1.","Lugano","LCMF, RCMF, DMF","28","800000","2027-06-30","8","769","2","1","Switzerland","right","189","8.78","6.44","72.73","1.64","42.86","0.35","5.44","1.64","0","0.21","0","1.17","30","20","1.05","77.78","0.47","100","2.46","61.9","0.23","0.47","0","49.04","89.98","13.46","78.26","5.73","65.31","0.17","0","0","0","0.47","6.79","68.97","1.99","64.71","0.47","7.96","82.35"
"H. Vandermersch","Switzerland 1.","St. Gallen","RWB, RB","26","1500000","","9","768","1","0","France","right","180","5.74","4.34","51.35","2.34","25","0.23","4.88","2.58","0.12","0.1","0","1.05","66.67","11.111","3.87","21.21","1.29","81.82","3.98","67.65","2.11","1.41","0.23","27.19","66.81","12.66","65.74","4.1","57.14","0.07","0","0","0","0.23","4.92","64.29","3.05","30.77","0.7","8.09","72.46"
"M. Käit","Switzerland 1.","Thun","RDMF, RCMF, LCMF","27","800000","2027-06-30","10","754","0","2","Estonia","right","187","11.94","8","74.63","3.46","48.28","0.48","7.78","1.07","0","0.1","0","1.19","30","0","0.48","75","0.48","75","3.22","44.44","1.55","0.24","0","23.63","79.8","9.79","64.63","3.58","43.33","0.05","0","0","0","0","3.7","58.06","0.95","50","0.36","3.58","66.67"
"I. Hassane","Switzerland 1.","Grasshopper","LCMF","22","0","2028-06-30","10","743","0","0","Benin","right","182","12.11","9.93","67.07","2.42","30","0.48","5.76","0.12","0","0.04","0","0.36","0","0","0.36","0","0.36","33.33","3.15","34.62","0.24","0.12","0","26.41","74.77","12.36","63.73","3.39","42.86","0","0","0","0","0","3.27","59.26","0.73","33.33","0.12","5.81","62.5"
"L. Leroy","Switzerland 1.","Basel","LCMF, LDMF","25","1000000","2028-06-30","8","734","1","0","France","right","187","8.83","5.76","55.32","1.96","37.5","0.12","7.13","1.59","0.12","0.11","0","1.72","14.29","7.143","1.1","22.22","2.08","52.94","4.78","43.59","1.35","0.86","0.12","47.94","82.1","20.6","77.38","4.78","61.54","0.07","0.25","0.25","0","0.12","8.58","77.14","2.94","45.83","1.47","10.18","80.72"
"Metinho","Switzerland 1.","Basel","RCMF, RDMF, LCMF","22","3500000","2030-06-30","9","729","1","0","Congo DR","right","178","6.42","5.68","58.7","1.6","46.15","0.12","4.53","1.23","0.12","0.04","0","0.74","50","16.667","0.37","33.33","1.11","66.67","5.68","56.52","0.25","1.36","0.12","39.01","90.19","11.6","81.91","1.23","80","0.02","0","0","0","0","5.56","86.67","1.11","77.78","0.74","5.43","84.09"
"L. Mai","Switzerland 1.","Lugano","RCB, CB, LCB","25","2500000","2027-06-30","8","729","0","0","Germany","right","190","11.36","7.78","69.84","3.21","65.38","0.99","8.7","0.49","0","0.01","0","0.12","100","0","0","0","0.37","100","1.11","100","0.37","0.49","0","46.67","92.86","20.74","86.31","4.2","52.94","0","0","0","0","0","4.69","63.16","0.62","20","0.25","7.16","77.59"
"I. Chouaref","Switzerland 1.","Sion","RW, RAMF","24","800000","2028-06-30","10","729","1","2","France","right","175","6.05","5.8","51.06","2.72","27.27","0","3.83","6.17","0.12","0.13","0","1.73","35.71","7.143","6.05","34.69","4.69","73.68","14.44","50.43","4.44","4.81","1.23","25.68","73.56","8.02","81.54","1.98","25","0.2","0.12","0","0","1.11","2.22","66.67","5.43","50","1.11","5.43","90.91"
"L. Zvonarek","Switzerland 1.","Grasshopper","RCMF, LCMF","20","3000000","2027-06-30","8","727","1","1","Croatia","right","180","6.56","5.57","62.22","1.73","35.71","0.25","3.56","1.36","0.12","0.1","0","1.24","40","10","0.62","20","2.48","30","7.55","45.9","0.87","1.11","0.12","29.96","71.9","13.49","54.13","2.85","26.09","0.16","0.12","0.12","0","0.25","4.46","52.78","2.23","61.11","0.99","4.95","62.5"
"E. Rastoder","Switzerland 1.","Thun","CF","24","250000","2027-06-30","10","726","1","2","Switzerland","right","191","3.97","2.73","50","6.57","32.08","0.12","3.43","2.23","0.12","0.16","0","1.74","7.14","7.143","1.24","10","2.73","68.18","16.61","29.85","6.45","0.74","0.12","18.97","66.01","3.97","59.38","0.62","60","0.16","0.12","0.12","100","0.74","1.24","70","1.86","66.67","2.23","1.86","73.33"
"C. Ibayi","Switzerland 1.","Thun","CF","30","700000","2026-06-30","10","724","6","1","France","right","187","2.61","3.11","52","7.21","44.83","0","1.4","2.73","0.75","0.44","0.12","2.11","58.82","35.294","2.11","41.18","0.99","50","6.46","25","3.98","0.37","0","17.28","67.63","3.85","45.16","1.62","69.23","0.08","0.12","0.12","100","0.62","2.24","50","2.36","57.89","1.49","3.23","76.92"
"K. Sow","Switzerland 1.","Lausanne Sport","RCB, LCB","22","250000","2028-06-30","8","723","0","0","Switzerland","right","198","10.71","8.71","71.43","6.47","65.38","0.87","6.32","0.12","0","0.03","0","0.25","50","0","0","0","0","0","1.74","42.86","0.37","0.25","0","26.27","78.67","14.32","68.7","5.23","40.48","0","0.12","0.12","0","0","3.36","48.15","0.25","0","0","6.35","60.78"
"U. Bislimi","Switzerland 1.","Lugano","AMF, RCMF, LCMF","26","2500000","2027-06-30","8","720","0","0","Switzerland","right","183","6.38","5.5","54.55","1.5","25","0.13","4.47","1.75","0","0.15","0","0.88","28.57","0","1.62","38.46","2.25","38.89","7.5","30","2.5","1.25","0.13","54.5","85.32","17.13","73.72","4.75","44.74","0.2","0","0.13","0","0.75","7.25","67.24","2.75","40.91","1.25","8","67.19"
"A. Grbić","Switzerland 1.","Luzern","CF, LWF","29","1200000","2027-06-30","9","720","3","0","Austria","right","188","2.25","1.75","64.29","9.25","39.19","0.38","1.53","1.38","0.25","0.42","0","2.13","35.29","17.647","0.63","0","1.13","55.56","4.5","27.78","2","0.63","0","11.38","65.93","1.88","46.67","0.13","0","0.02","0","0","0","0.13","1","50","0.75","16.67","0.25","1","25"
"S. Janko","Switzerland 1.","Young Boys","RB","29","600000","2027-06-30","9","717","0","0","Switzerland","right","181","8.16","6.28","72","2.13","47.06","0","5.7","2.13","0","0","0","0.13","0","0","3.39","40.74","1.88","40","8.16","40","1.26","1.76","0.25","39.04","80.39","12.93","69.9","2.51","55","0.09","0.13","0","0","0.38","5.15","70.73","2.26","61.11","0.25","7.28","82.76"
"N. Vouilloz","Switzerland 1.","Basel","LCB, RB","24","1500000","2028-06-30","9","715","0","1","Switzerland","right","184","9.69","6.17","75.51","4.91","71.79","0.38","7.45","0.63","0","0","0","0.13","0","0","0.63","60","0.25","100","3.52","42.86","0.63","0.38","0","58.28","87.69","23.66","81.91","4.28","50","0.01","0.13","0","0","0.13","6.42","74.51","1.38","54.55","0.38","11.83","69.15"
"L. Plange","Switzerland 1.","Grasshopper","CF, RWF","22","800000","2028-06-30","8","713","2","1","England","left","178","3.28","2.52","55","3.66","48.28","0","2.31","3.91","0.25","0.15","0.13","1.64","53.85","15.385","3.03","25","3.66","58.62","12.12","27.08","3.03","1.39","0.25","25.5","69.8","4.42","57.14","0.63","40","0.11","0","0.13","100","0.25","2.27","77.78","2.4","36.84","0.25","2.78","59.09"
"L. Fomba","Switzerland 1.","Servette","DMF, RCMF, RDMF","27","1200000","2026-06-30","9","708","1","1","France","right","188","10.17","7.25","64.91","3.69","48.28","0.51","7.46","1.4","0.13","0.18","0","1.4","18.18","9.091","0.38","66.67","1.14","77.78","4.83","60.53","1.4","1.02","0","40.04","85.4","11.95","72.34","2.67","71.43","0.06","0","0","0","0.38","5.34","76.19","1.4","72.73","0.64","5.08","65"
"L. Njoh","Switzerland 1.","Servette","LB, LW, LAMF","23","0","2027-06-30","8","704","0","2","France","left","180","5.24","4.22","72.73","2.17","35.29","0","3.19","6.26","0","0.02","0","0.64","20","0","8.57","38.81","3.84","73.33","7.8","47.54","1.92","2.68","0.26","46.02","78.33","13.55","78.3","5.63","52.27","0.2","0.13","0","0","0.38","4.47","74.29","6.9","48.15","1.15","11.12","89.66"
"A. Vogt","Switzerland 1.","St. Gallen","CF","20","0","","10","703","7","1","Switzerland","","0","2.43","2.94","47.83","4.99","20.51","0.13","1.52","2.56","0.9","0.45","0","2.82","45.45","31.818","0.51","25","3.84","30","13.44","24.76","4.22","1.02","0.26","6.27","67.35","0.77","16.67","0.26","0","0.04","0","0","0","0.13","1.02","37.5","0.38","33.33","0.26","0.38","33.33"
"P. Otele","Switzerland 1.","Basel","LW, LAMF","26","2500000","","9","702","4","3","Nigeria","right","185","2.82","2.95","52.17","2.95","60.87","0.13","2","7.82","0.51","0.47","0.26","3.21","44","16","3.85","30","7.82","67.21","17.05","50.38","5.64","4.62","0.64","31.15","72.43","9.1","61.97","3.33","65.38","0.24","0","0.26","0","0.77","3.33","57.69","4.74","40.54","2.44","6.54","88.24"
"L. Görtler","Switzerland 1.","St. Gallen","RCMF, LWB, LCMF","31","2000000","","9","702","2","2","Germany","right","186","7.05","4.36","61.76","3.33","42.31","0.51","5.4","1.92","0.26","0.38","0","2.44","21.05","10.526","1.28","20","1.28","70","8.33","47.69","4.23","1.15","0.13","28.08","72.6","13.59","65.09","4.62","58.33","0.3","0.13","0.64","40","1.03","8.59","59.7","2.31","66.67","1.67","6.28","87.76"
"L. Ati Zigi","Switzerland 1.","St. Gallen","GK","28","1500000","2027-06-30","7","700","0","0","Ghana","right","188","1.54","0.26","50","0.13","100","0","2.19","0","0","0","0","0","0","0","0","0","0","0","0","0","0","0","0","23.79","77.84","14.79","66.96","12.47","60.82","0","0","0","0","0","3.99","45.16","0.39","0","0","10.03","71.79"
"K. Mouanga","Switzerland 1.","Lausanne Sport","RB, RCB","25","900000","2027-06-30","9","698","0","0","France","right","191","11.6","8.9","69.57","3.09","75","0.13","7.32","1.16","0","0.04","0","0.39","0","0","2.06","31.25","0.77","66.67","3.87","46.67","1.68","1.42","0.13","35.85","79.14","18.83","75.34","5.29","65.85","0.08","0","0","0","0.13","6.96","72.22","2.58","45","0.9","10.32","78.75"
"C. Okoroji","Switzerland 1.","St. Gallen","LWB, LCB","28","1000000","2028-06-30","8","698","0","1","Germany","left","180","6.96","5.67","65.91","1.29","50","0","3.99","2.06","0","0.05","0","0.64","20","0","2.84","27.27","1.68","61.54","4.64","44.44","0.77","1.29","0.52","24.63","66.49","10.44","60.49","4.13","50","0.11","0","0.26","50","0.9","4.64","72.22","3.35","50","1.03","7.48","75.86"
"R. Arnold","Switzerland 1.","Winterthur","RCB, CB","28","500000","2026-06-30","8","695","1","0","Switzerland","right","190","12.56","8.55","69.7","5.57","60.47","0.91","8.02","0.13","0.13","0.06","0.13","0.65","20","20","0.13","0","0.13","0","1.29","20","0.52","0","0","41.44","83.44","20.33","75.16","7.25","57.14","0","0","0","0","0","4.92","63.16","0.91","42.86","0.26","11.27","65.52"
"R. Raveloson","Switzerland 1.","Young Boys","RCMF, RDMF","28","2000000","2028-06-30","9","685","0","0","Madagascar","right","182","5.91","5.26","47.5","2.1","50","0.13","5.15","1.18","0","0.09","0","1.84","35.71","0","0.39","33.33","0.66","60","4.99","47.37","0.66","0.39","0","31.4","80.33","10.77","60.98","3.15","41.67","0","0","0","0","0","5.52","57.14","1.45","54.55","0.66","4.34","75.76"
"J. Mall","Switzerland 1.","Servette","GK","34","500000","2027-06-30","7","673","0","0","Switzerland","right","197","1.07","0","0","0.4","66.67","0","1.47","0","0","0","0","0","0","0","0","0","0","0","0.13","100","0","0","0","29.02","88.02","16.18","80.17","10.7","72.5","0","0","0","0","0","2.01","66.67","0","0","0","8.69","75.38"
"D. Paloschi","Switzerland 1.","Grasshopper","LCB","19","0","","8","658","0","0","Italy","right","192","11.76","7.39","70.37","6.84","72","0.82","7.37","0.27","0","0.03","0","0.55","0","0","0.27","50","0.14","100","0.96","57.14","0.82","0.27","0.14","26.81","70.92","16.14","65.25","6.29","43.48","0","0","0","0","0","3.69","44.44","0.96","14.29","0.14","8.07","72.88"
"M. Phaeton","Switzerland 1.","Zürich","LW, LWF, RWF","25","1200000","2026-06-30","9","656","2","1","France","right","183","2.88","3.57","46.15","1.37","20","0","1.99","5.35","0.27","0.32","0","2.47","55.56","11.111","2.2","18.75","6.31","56.52","16.6","45.45","5.08","4.53","0.27","24.97","76.37","4.39","46.88","1.1","62.5","0.27","0.14","0","0","0.41","1.92","64.29","2.61","26.32","2.33","1.92","71.43"
"C. Fassnacht","Switzerland 1.","Young Boys","CF, RW, LAMF","31","2500000","2027-06-30","8","648","4","2","Switzerland","right","185","2.78","2.5","66.67","2.08","40","0","1.6","1.39","0.42","0.59","0.28","2.78","40","20","0.69","40","0.56","0","3.47","28","3.89","0.28","0.28","17.78","81.25","3.75","74.07","0.42","33.33","0.11","0","0","0","0.28","2.08","73.33","0.83","33.33","0.14","1.94","78.57"
"N. Muci","Switzerland 1.","Grasshopper","CF, AMF","22","650000","2027-06-30","10","647","2","0","Switzerland","right","180","5.7","5.01","50","13.21","34.74","0.28","2.55","2.09","0","0.48","0","2.23","37.5","12.5","0.56","25","2.36","41.18","14.33","27.18","4.03","0.7","0.42","24.06","76.3","4.45","56.25","0.28","0","0","0","0.14","100","0.14","0.7","60","0.56","75","0.7","1.25","44.44"
"B. Soppy","Switzerland 1.","Lausanne Sport","RB, RCMF","23","2000000","2026-06-30","8","646","0","3","France","right","181","11.56","10.03","70.83","2.09","40","0.14","6.25","2.93","0","0.02","0","0.7","60","0","2.65","15.79","4.32","48.39","9.2","53.03","2.37","2.37","0.14","34.97","68.92","17.14","66.67","3.48","20","0.02","0","0","0","0.56","5.71","60.98","2.65","31.58","0.7","9.06","64.62"
"J. Lukembila","Switzerland 1.","Sion","LAMF, LW, CF","26","600000","","10","642","3","1","Switzerland","right","181","7.57","5.19","54.05","2.24","43.75","0.42","6.04","1.96","0.42","0.23","0.14","1.82","23.08","23.077","1.54","18.18","2.24","50","12.06","27.91","3.22","1.96","0.42","21.59","77.27","4.49","68.75","0.84","50","0.08","0","0.14","100","0.14","1.96","64.29","1.4","30","0.42","1.68","66.67"
"T. Abe","Switzerland 1.","Luzern","DMF, RCMF, LDMF","21","150000","","9","631","0","0","Japan","left","175","10.27","8.56","60","1.14","75","0.14","6.58","0.71","0","0.06","0","0.43","0","0","0.43","66.67","0.57","75","3.14","59.09","0.29","0.43","0","37.08","86.54","10.84","75","1.71","50","0.01","0","0","0","0","4.56","78.13","0.43","66.67","0.29","4.99","71.43"
"Y. Severin","Switzerland 1.","Servette","LCB","28","1500000","","8","629","1","0","France","left","186","7.87","4.72","81.82","2.72","57.89","1.14","5.23","0.43","0.14","0.1","0","0.29","100","50","0","0","0.14","100","1.29","44.44","0.43","0.43","0.14","44.93","92.04","14.02","80.61","4.58","50","0","0","0","0","0","2.15","53.33","0.43","0","0.14","5.58","71.79"
"S. Marques","Switzerland 1.","Grasshopper","RWB","30","0","","9","627","1","1","Belgium","","0","7.03","7.89","56.36","2.3","25","0.29","3","3.01","0.14","0.13","0","1","57.14","14.286","2.15","40","3.73","38.46","8.18","28.07","1.58","2.58","0.57","26.56","67.03","11.63","59.26","2.87","35","0.02","0","0.14","100","0.29","4.88","52.94","2.01","28.57","0.14","6.17","76.74"
"L. Kamberi","Switzerland 1.","Zürich","RB, RCB","26","1200000","2028-06-30","9","622","0","0","Switzerland","right","182","7.67","3.33","52.17","4.92","61.76","0.29","10.08","1.01","0","0.16","0","1.16","12.5","0","1.01","28.57","0.58","100","1.59","63.64","1.45","1.45","0.29","44.13","82.3","20.4","71.63","6.8","51.06","0.01","0.14","0","0","0","7.52","55.77","1.3","33.33","0.29","9.69","68.66"
"F. Ayé","Switzerland 1.","Servette","CF","28","1800000","2026-06-30","7","616","2","1","France","right","184","2.05","1.46","70","5.7","48.72","0.29","1.22","1.46","0.29","0.54","0.15","2.78","26.32","10.526","0.15","0","0.88","66.67","6.57","33.33","4.82","0.29","0","17.68","82.64","2.63","66.67","0.73","80","0.26","0.15","0.15","100","0.29","1.46","50","0.88","100","1.31","1.31","55.56"
"N. Reichmuth","Switzerland 1.","Thun","RAMF, RW, RCMF","23","200000","2028-06-30","10","614","1","2","Switzerland","left","175","9.67","11.29","54.55","2.93","35","0.44","4.79","3.66","0.15","0.16","0","3.08","33.33","4.762","1.91","38.46","3.52","50","10.11","42.03","3.08","2.93","0.29","21.99","68","9.09","58.06","3.66","48","0.09","0","0.29","50","0.59","3.96","48.15","3.08","57.14","1.47","5.86","72.5"
"A. Ajeti","Switzerland 1.","Basel","CF","28","300000","","9","611","3","1","Switzerland","right","181","2.95","2.8","47.37","6.19","21.43","0.29","2.62","1.77","0.44","0.61","0","4.57","32.26","9.677","0.15","0","0.88","33.33","6.48","31.82","6.92","0.15","0","13.85","72.34","1.91","23.08","0.29","100","0.1","0","0","0","0.15","0.88","50","0.88","16.67","0.74","0.44","66.67"
"S. Sidler","Switzerland 1.","Winterthur","RB, LB, LWB","27","500000","","7","611","1","1","Switzerland","right","185","10.75","7.95","57.41","4.42","56.67","0.44","7.99","0.74","0.15","0.05","0","0.29","100","50","0.88","16.67","0.44","33.33","1.33","44.44","1.03","0.74","0.29","38.74","75.29","19.74","66.42","7.07","64.58","0.07","0","0.15","100","0.29","6.48","68.18","1.91","30.77","0.88","11.64","69.62"
"F. Fehr","Switzerland 1.","Thun","RB","25","300000","2026-06-30","7","608","0","1","Switzerland","right","179","10.36","8.88","65","2.07","35.71","0","4.79","3.26","0","0.03","0","1.63","9.09","0","4.14","39.29","1.92","61.54","4.44","36.67","0.74","1.04","0","30.94","69.86","15.84","67.29","6.37","51.16","0.24","0","0.44","66.67","0.3","5.92","77.5","4.88","48.48","0.89","12.73","69.77"
"M. Poaty","Switzerland 1.","Lausanne Sport","LB","28","500000","","9","605","0","1","France","left","175","7.88","6.1","51.22","2.53","47.06","0.45","7.62","2.08","0","0.06","0","0.74","20","0","2.38","43.75","1.79","41.67","5.5","54.05","0.89","2.08","0.45","33.32","79.46","14.43","72.16","3.57","41.67","0.09","0","0.15","100","0.74","6.25","66.67","2.68","55.56","0.6","8.03","74.07"
"K. Behrens","Switzerland 1.","Lugano","CF","34","2000000","","8","604","2","0","Germany","right","185","3.43","2.24","20","8.05","46.3","0.15","4.03","1.19","0.3","0.48","0","2.24","40","13.333","0.45","33.33","0.6","25","5.96","27.5","3.28","0.45","0.15","13.86","78.49","1.79","41.67","0.3","50","0.06","0","0","0","0","0.75","60","0.6","50","0.45","0.75","80"
"C. Bedia","Switzerland 1.","Young Boys","CF","29","2500000","2027-06-30","9","603","6","0","Côte d'Ivoire","left","190","3.28","4.33","51.72","5.82","41.03","0","1.81","2.09","0.75","0.43","0.15","2.09","57.14","42.857","0.45","0","2.69","33.33","10","29.85","4.03","1.94","0.3","12.39","77.11","2.24","66.67","0.15","0","0.05","0.15","0","0","0.15","1.64","72.73","0.6","50","0.9","0.6","50"
"E. Fernandes","Switzerland 1.","Young Boys","LCMF, LDMF","29","3500000","2026-06-30","7","602","1","3","Switzerland","right","186","7.62","4.19","64.29","1.64","36.36","0.15","8.57","1.05","0.15","0.04","0","1.5","40","10","1.2","25","0.3","50","3.59","29.17","0.6","1.05","0.15","39.32","80.61","11.36","64.47","5.83","64.1","0.27","0","0","0","0.3","8.67","67.24","1.94","46.15","0.6","7.03","74.47"
"A. Papadopoulos","Switzerland 1.","Lugano","LCB, RCB","26","1000000","2027-06-30","6","599","1","0","Germany","right","187","9.77","4.96","78.79","5.41","61.11","0.6","8.06","0.75","0.15","0.15","0.15","0.75","60","20","0.3","50","0.15","100","1.65","72.73","0.9","0.6","0","47.63","92.74","15.63","82.69","2.4","56.25","0","0","0","0","0","2.7","66.67","0.6","25","0.15","5.41","63.89"
"L. Beyatt","Switzerland 1.","Lausanne Sport","AMF, RWF","20","0","","9","599","1","1","Mauritania","unknown","0","6.31","5.41","61.11","3.16","38.1","0","3.89","3.46","0.15","0.27","0","2.25","33.33","6.667","0.3","50","3.61","66.67","12.17","41.98","3.31","2.7","0.75","33.06","81.36","7.36","79.59","1.2","37.5","0.05","0","0.3","50","0.45","3.61","87.5","1.35","88.89","2.1","4.81","71.88"
"Joel Monteiro","Switzerland 1.","Young Boys","LW, LAMF","26","0","2027-06-30","9","591","0","0","Switzerland","right","191","5.03","6.09","52.5","3.81","44","0","3.08","5.03","0","0.13","0","1.68","36.36","0","2.59","23.53","5.48","63.89","12.64","43.37","3.96","3.5","0.61","24.82","73.62","6.24","56.1","1.52","20","0.09","0","0.46","66.67","0.15","2.13","71.43","2.13","35.71","1.07","4.11","81.48"
"J. Hadjam","Switzerland 1.","Young Boys","LB","22","2000000","","9","591","0","1","France","left","185","6.7","4.42","62.07","4.11","81.48","0.15","6.82","4.42","0","0.04","0","0.46","0","0","2.74","38.89","5.33","62.86","12.79","48.81","1.52","2.89","0.3","45.38","77.52","20.41","70.9","4.11","37.04","0.13","0.15","0","0","0.91","8.83","63.79","4.87","56.25","1.98","9.59","93.65"
"D. Bronn","Switzerland 1.","Servette","RCB","30","1300000","2026-06-30","6","584","0","0","France","right","186","7.86","5.55","66.67","3.39","54.55","0.46","5.42","0.62","0","0.03","0","0.31","50","0","0","0","0.46","100","1.39","55.56","0.46","0.46","0","49.78","87.93","19.11","74.19","5.7","45.95","0","0.15","0","0","0","4.93","56.25","0.77","20","0.15","6.32","58.54"
"C. Tsawa","Switzerland 1.","Zürich","RCMF","18","0","2030-06-30","7","575","2","0","Switzerland","right","183","6.73","5.63","44.44","2.19","50","0.31","5.9","1.1","0.31","0.17","0","1.25","37.5","25","1.41","22.22","0.31","100","3.91","56","1.1","0.78","0","28.64","89.07","6.89","81.82","1.25","50","0.16","0","0","0","0","3.76","83.33","1.57","40","0.63","2.97","78.95"
"B. Freimann","Switzerland 1.","Luzern","LB","19","0","2029-06-30","7","567","1","0","Switzerland","left","184","13.65","11.43","68.06","3.17","50","0.16","7.55","1.75","0.16","0.1","0.16","0.48","66.67","33.333","1.59","40","1.27","50","4.44","50","0.95","0.79","0","37.3","74.89","17.62","64.86","5.24","60.61","0.08","0","0.16","100","0.48","5.71","72.22","1.27","50","0","11.9","65.33"
"R. Schneider","Switzerland 1.","Winterthur","CF, AMF, RCMF","24","1000000","2026-06-30","7","566","0","2","Switzerland","right","170","8.59","8.75","52.73","2.23","28.57","0","4.68","1.43","0","0.13","0","1.59","10","0","0.95","0","3.02","36.84","9.7","37.7","2.07","1.91","0.48","31.64","78.39","11.77","68.92","2.07","38.46","0.14","0.16","0.32","50","0.32","3.5","63.64","2.07","69.23","1.27","4.77","60"
"B. Okoh","Switzerland 1.","Lausanne Sport","LCB","22","800000","2028-06-30","8","562","0","0","United States","left","188","11.21","7.05","65.91","5.28","69.7","0.48","8.82","0.48","0","0.22","0","0.64","25","0","0","0","0.32","100","2.24","78.57","0.64","0.48","0.16","30.11","79.79","15.85","73.74","4","56","0","0","0","0","0","4.96","67.74","0.64","25","0.16","6.89","55.81"
"Genís Montolio","Switzerland 1.","Thun","RCB","29","350000","2026-06-30","7","561","1","0","Spain","right","183","10.91","5.94","64.86","6.9","53.49","0.96","9.4","0.64","0.16","0.08","0","1.12","14.29","14.286","0.8","40","0.48","33.33","1.44","44.44","1.28","0.96","0.16","37.7","75.74","20.21","65.87","9.14","56.14","0.09","0","0","0","0.32","5.78","61.11","0.8","40","0.16","10.91","50"
"L. Zuffi","Switzerland 1.","Winterthur","LCMF, LDMF, DMF","35","100000","","6","551","0","0","Switzerland","left","182","5.55","3.43","76.19","1.63","40","0.49","3.78","0.33","0","0","0","0","0","0","0.49","33.33","0.33","50","0.82","60","0","0.16","0","39.85","88.52","15.35","82.98","3.76","60.87","0.08","0","0","0","0.16","4.74","75.86","0.65","50","0.16","5.72","77.14"
"A. Baldé","Switzerland 1.","St. Gallen","CF","22","800000","2028-06-30","10","551","2","1","Senegal","right","170","3.59","3.27","60","3.1","21.05","0","2.48","6.53","0.16","0.65","0","3.59","40.91","9.091","2.78","35.29","6.7","60.98","10.78","46.97","5.23","2.78","0.82","13.39","65.85","1.63","50","0.49","66.67","0.13","0","0","0","0.49","0.98","66.67","1.63","50","0.33","1.8","90.91"
"T. Magnin","Switzerland 1.","Servette","RB, LB","22","0","2028-06-30","7","545","0","0","Switzerland","right","171","10.24","9.58","70.69","2.48","33.33","0.33","4.47","2.31","0","0","0","0.5","0","0","3.96","41.67","1.49","44.44","2.97","44.44","0.83","1.49","0.17","49.05","76.09","17.01","60.19","6.44","51.28","0.08","0","0","0","0.66","6.61","55","4.46","51.85","0.83","9.91","65"
"F. Meichtry","Switzerland 1.","Thun","LW, LAMF, AMF","20","0","2026-06-30","10","541","4","0","Switzerland","right","185","7.99","7.65","54.35","2.33","21.43","0.17","3.23","4.49","0.67","0.34","0.17","2.66","56.25","25","2.33","14.29","4.99","53.33","14.64","31.82","4.33","1.83","0.33","20.79","72.8","4.99","80","1.16","57.14","0.04","0.33","0","0","0.33","2.16","61.54","2.33","50","0.5","2.5","86.67"
"U. Emmanuel","Switzerland 1.","Zürich","LW, RW, LWF","21","0","","9","540","1","2","Nigeria","right","176","3.83","4.33","46.15","2.33","50","0","3","4","0.17","0.07","0.17","1.17","42.86","14.286","2.67","18.75","6","50","14.67","28.41","3","4","0.5","18","67.59","4.17","48","0.33","50","0.23","0.17","0","0","0.5","1.5","66.67","2.5","26.67","0.83","1.83","81.82"
"B. Krasniqi","Switzerland 1.","Zürich","LCMF, LDMF","24","1500000","2027-06-30","9","538","1","2","Switzerland","right","173","7.03","5.35","71.88","0.5","33.33","0","4.5","1.17","0.17","0.16","0","1","33.33","16.667","0.67","25","2.01","33.33","10.71","25","0.84","3.01","0.17","40.99","86.53","12.38","74.32","2.01","58.33","0.23","0","0","0","0.67","4.35","69.23","2.51","53.33","1.34","5.02","80"
"M. Di Giusto","Switzerland 1.","Luzern","RW, AMF, CF","25","0","","6","536","2","3","Switzerland","right","0","6.38","6.04","66.67","1.01","16.67","0.17","3.23","4.2","0.34","0.23","0","2.69","31.25","12.5","2.52","26.67","3.36","70","7.39","40.91","3.69","1.85","0.34","28.88","75","8.23","69.39","2.01","66.67","0.37","0","0.5","66.67","0.5","3.86","65.22","3.69","59.09","2.18","6.04","75"
"S. Decarli","Switzerland 1.","Grasshopper","CB","33","300000","","7","534","1","0","Switzerland","right","188","7.25","3.88","73.91","7.92","44.68","0.34","4.2","0.34","0.17","0.14","0","0.67","50","25","0","0","0","0","0.51","33.33","1.01","0","0","22.25","71.21","12.47","54.05","7.08","54.76","0","0","0","0","0","4.55","44.44","0.84","20","0.34","6.4","60.53"
"J. Adjetey","Switzerland 1.","Basel","RCB, LCB","21","0","2028-06-30","6","521","0","0","Ghana","right","188","9.67","6.39","72.97","4.66","62.96","1.21","7.36","0.35","0","0.03","0","0.52","0","0","0.17","100","0.52","33.33","2.07","41.67","0.52","0.35","0","39.73","90","15.55","80","3.63","57.14","0.03","0","0","0","0","3.11","77.78","0.35","100","0.35","8.29","70.83"
"L. Comenencia","Switzerland 1.","Zürich","RB","21","0","2029-06-30","7","521","0","0","Netherlands","right","191","10.54","7.6","75","3.97","47.83","0.17","6.33","1.38","0","0","0","0.35","0","0","1.21","14.29","1.55","77.78","5.87","38.24","0.69","0.69","0","32.82","79.47","12.96","66.67","3.97","47.83","0.07","0","0","0","0","3.11","61.11","0.69","50","0.35","6.05","65.71"
"G. Diakité","Switzerland 1.","Lausanne Sport","LCMF, CF","20","0","2028-06-30","6","521","3","1","Mali","unknown","0","5.18","2.94","76.47","1.9","36.36","0","4.47","6.74","0.52","0.26","0","2.42","42.86","21.429","3.11","44.44","7.6","52.27","15.37","46.07","2.94","3.45","0.35","32.82","78.95","9.85","73.68","1.04","16.67","0.13","0","0.35","100","0.69","6.05","77.14","3.28","57.89","1.38","6.56","86.84"
"K. Tsunemoto","Switzerland 1.","Basel","RB","26","2500000","","6","519","0","1","Japan","right","173","10.58","6.24","83.33","3.82","45.45","0.69","7.57","1.39","0","0","0","0.17","0","0","1.73","60","1.04","33.33","4.68","51.85","1.21","1.91","0.69","41.45","86.61","19.77","85.96","3.12","55.56","0.09","0.17","0","0","0.35","5.03","79.31","1.56","66.67","0.35","8.84","74.51"
"L. Silva Ferreira","Switzerland 1.","Luzern","AMF, RW, LAMF","18","0","","9","509","4","0","Switzerland","unknown","0","9.55","11.32","51.56","4.77","25.93","0","4.56","1.94","0.71","0.31","0","2.12","41.67","33.333","0.71","25","2.12","41.67","7.07","27.5","1.77","1.24","0","22.99","75.38","7.07","62.5","2.65","66.67","0.01","0","0","0","0.35","4.07","65.22","0.53","33.33","0.53","3.54","60"
"E. Alioski","Switzerland 1.","Lugano","LB","33","2200000","2027-06-30","7","497","0","0","North Macedonia","left","171","8.69","6.7","59.46","1.63","33.33","0.36","6.23","3.98","0","0.11","0","1.45","12.5","0","6.16","38.24","1.99","72.73","5.61","61.29","2.35","2.17","0","48.17","75.19","17.93","66.67","4.89","44.44","0.18","0.18","0","0","0.36","7.61","61.9","5.07","42.86","0.36","10.68","74.58"
"Daniel Dos Santos","Switzerland 1.","Lugano","LW, AMF, RAMF","22","800000","2028-06-30","8","496","1","2","Portugal","right","179","6.71","5.44","56.67","1.63","44.44","0.36","3.36","4.35","0.18","0.11","0","1.63","44.44","11.111","2.36","46.15","4.35","58.33","9.8","42.59","3.08","3.99","0.73","29.03","76.88","5.08","57.14","1.63","44.44","0.28","0","0.36","0","0.73","2.36","46.15","1.63","44.44","0.91","4.54","60"
"M. Mahmoud","Switzerland 1.","Lugano","RCMF, AMF, CF","25","2000000","2026-06-30","8","493","0","0","Tunisia","right","179","5.29","6.94","57.89","1.46","62.5","0","2.1","1.28","0","0.17","0","1.64","22.22","0","1.1","50","0.55","66.67","5.66","38.71","3.1","0.55","0","27.75","89.47","7.3","87.5","3.1","76.47","0.03","0","0","0","0.37","2.92","93.75","1.83","60","0.91","4.02","81.82"
"J. Segura","Switzerland 1.","Zürich","LCB","28","800000","","6","489","1","0","Colombia","left","195","10.12","4.97","70.37","3.31","38.89","0.74","8.89","0.55","0.18","0.09","0","0.55","100","33.333","0","0","0","0","0.74","50","0.55","0","0","46.2","88.05","18.59","77.23","6.07","57.58","0","0","0","0","0","4.79","65.38","0.18","0","0","8.28","68.89"
"J. Markelo","Switzerland 1.","Zürich","RW, RWF, RAMF","22","0","2030-06-30","7","477","1","0","Netherlands","left","171","4.15","2.83","80","0.38","0","0","2.23","8.3","0.19","0.26","0","3.02","56.25","6.25","3.4","33.33","8.3","65.91","20.38","41.67","3.21","6.23","0.75","22.26","72.88","3.58","68.42","1.13","50","0.16","0","0","0","0.57","1.7","55.56","3.21","41.18","0.94","4.34","78.26"
"V. Matoshi","Switzerland 1.","Thun","RW, LW, LAMF","22","0","2027-06-30","10","474","1","0","Switzerland","","184","8.35","8.16","62.79","2.47","30.77","0.19","4.47","2.09","0.19","0.27","0","1.71","33.33","11.111","0.57","100","3.04","25","7.78","34.15","2.47","1.14","0","20.32","65.42","9.87","55.77","3.61","52.63","0.07","0","0.19","100","0.19","3.8","55","1.33","57.14","0.38","4.94","65.38"
"A. Antunes","Switzerland 1.","Servette","AMF, LW, CF","25","2200000","","8","472","0","0","Switzerland","right","181","5.15","5.91","48.39","5.15","25.93","0","2.82","4","0","0.25","0","2.29","50","0","1.91","40","3.05","68.75","10.87","40.35","4.96","2.48","0.38","32.22","76.92","9.53","58","1.72","33.33","0.08","0.19","0.19","0","0.38","4.96","69.23","2.29","33.33","0.76","4.39","60.87"
"C. Gomis","Switzerland 1.","Winterthur","CF, RAMF, RWF","25","0","2029-06-30","5","471","2","0","Senegal","right","184","3.82","3.44","66.67","4.78","56","0","1.79","2.48","0.38","0.3","0.19","1.91","50","20","0.57","33.33","2.1","63.64","10.7","35.71","3.06","3.06","1.15","18.54","76.29","4.97","69.23","0.38","0","0.07","0","0","0","0.38","1.72","77.78","1.15","83.33","0.96","2.29","58.33"
"J. Bamert","Switzerland 1.","Thun","RCB","27","250000","","9","470","0","0","Switzerland","right","183","9.57","8.23","67.44","8.23","62.79","0.57","5.04","0.19","0","0","0","0","0","0","0","0","0.19","100","1.34","71.43","0.19","0","0","29.87","77.56","18.77","69.39","5.17","44.44","0.03","0","0.19","0","0","6.13","53.13","0.57","66.67","0.38","6.7","68.57"
"D. Maleš","Switzerland 1.","Young Boys","RW, RAMF, CF","24","3000000","2027-06-30","8","467","2","0","Switzerland","left","187","3.47","4.63","37.5","0","0","0.39","3.07","2.51","0.39","0.15","0","2.12","36.36","18.182","1.73","33.33","2.7","42.86","5.01","53.85","3.85","1.93","0.39","23.32","81.82","5.2","66.67","2.7","64.29","0","0","0","0","0","3.47","66.67","2.12","54.55","0.77","4.24","95.45"
"R. Steffen","Switzerland 1.","Lugano","RW, RWF","33","1000000","2028-06-30","6","464","0","1","Switzerland","left","170","3.1","4.07","47.62","1.55","37.5","0","1.6","3.3","0","0.17","0","1.36","14.29","0","3.1","62.5","1.75","55.56","4.66","50","1.75","1.36","0","38.79","84","8.92","71.74","3.88","85","0.23","0.19","0.19","100","0.58","4.85","76","4.85","76","2.52","8.73","80"
"B. Kololli","Switzerland 1.","Sion","LW, CF, AMF","33","200000","2027-06-30","7","458","2","0","Switzerland","right","184","2.16","1.57","50","1.77","11.11","0","1.59","3.14","0.2","0.46","0","3.34","47.06","11.765","1.57","37.5","1.18","66.67","9.63","46.94","3.73","1.38","0","21.22","77.78","7.47","68.42","1.57","37.5","0.15","0","0.39","50","0.2","3.93","65","2.36","41.67","0.98","4.32","81.82"
"A. Barišić","Switzerland 1.","Basel","RCB","24","2200000","2027-06-30","6","456","0","0","Croatia","right","192","7.7","5.33","66.67","6.51","78.79","0.79","5.68","0","0","0","0","0","0","0","0","0","0","0","0.39","0","0","0.79","0","51.12","93.05","18.75","86.32","6.12","64.52","0","0","0","0","0","5.72","79.31","0","0","0","8.09","78.05"
"A. Arigoni","Switzerland 1.","Grasshopper","RWB, RCB","26","800000","","8","452","0","0","Switzerland","right","183","9.36","7.17","63.89","1.79","44.44","0.2","6","2.39","0","0.14","0","1.59","25","0","2.19","27.27","1.79","66.67","5.97","50","1.19","2.59","0","30.07","73.51","13.54","72.06","4.58","52.17","0.04","0","0.2","100","0.2","4.38","86.36","2.99","46.67","1","9.16","76.09"
"J. Roche","Switzerland 1.","Lausanne Sport","DMF","24","1500000","2027-06-30","6","447","0","0","Sweden","left","190","8.46","5.84","79.31","1.81","88.89","0.2","6.48","1.01","0","0.05","0","1.21","33.33","0","0","0","1.01","60","3.22","56.25","0.4","1.01","0.2","32.82","86.5","14.3","74.65","2.42","41.67","0","0","0","0","0","7.25","75","0.2","100","0.2","5.84","82.76"
"K. Spadanuda","Switzerland 1.","Luzern","LAMF, LW, LWF","28","300000","2026-06-30","8","446","2","1","Switzerland","right","177","5.04","5.04","60","2.42","33.33","0.2","2.29","3.23","0.4","0.15","0.2","1.21","66.67","33.333","0.81","25","5.45","40.74","13.12","35.38","2.83","3.63","0.61","21.19","80.95","6.66","72.73","0.81","50","0.09","0.2","0.2","0","0.4","1.41","85.71","1.41","57.14","1.01","4.04","80"
"D. Ulrich","Switzerland 1.","Winterthur","RB, LAMF, LWB","27","300000","","7","438","0","1","Switzerland","right","172","6.58","5.96","65.52","1.44","42.86","0.21","2.86","1.85","0","0.03","0","1.03","40","0","5.55","14.81","1.23","50","5.34","38.46","0.41","1.23","0.41","42.95","62.2","15.82","51.95","9.04","40.91","0.07","0.21","0","0","0.21","6.37","38.71","4.52","31.82","0.62","11.1","59.26"
"N. Butler-Oyedeji","Switzerland 1.","Lausanne Sport","CF, LCMF, RCMF","22","100000","","9","429","1","1","England","right","177","4.83","4.83","73.91","2.1","20","0","1.89","2.94","0.21","0.28","0","1.05","40","20","1.89","33.33","3.78","50","13.43","46.88","3.99","1.26","0","22.87","81.65","6.92","81.82","1.26","66.67","0.22","0","0","0","0.63","1.68","62.5","1.68","87.5","2.1","3.78","72.22"
"T. Bair","Switzerland 1.","Lausanne Sport","CF","26","1000000","","5","428","3","0","Canada","right","191","2.1","1.47","42.86","5.89","46.43","0.21","1.89","3.15","0.63","0.46","0","2.94","50","21.429","0.84","0","2.1","80","9.25","45.45","4.63","1.26","0.21","17.66","76.19","2.1","50","0.63","100","0.02","0","0","0","0.21","1.26","66.67","0.63","33.33","0.84","0.84","50"
"B. Mazikou","Switzerland 1.","Servette","LB, RB","29","1500000","2028-06-30","7","424","0","0","France","right","177","9.34","6.79","62.5","3.4","56.25","0.64","6.73","1.27","0","0.04","0","0.42","0","0","1.49","57.14","1.06","40","6.16","62.07","1.06","1.49","0.21","49.03","88.74","19.1","82.22","3.18","66.67","0.04","0","0","0","0","7","81.82","1.49","57.14","0.21","9.34","77.27"
"G. Sigua","Switzerland 1.","Lausanne Sport","RCMF, LCMF, RAMF","20","0","2028-06-30","6","421","0","1","Georgia","right","190","8.34","7.91","56.76","2.78","46.15","0","4.53","1.5","0","0.13","0","1.28","16.67","0","2.14","10","2.78","38.46","7.48","25.71","2.57","1.5","0.64","24.8","73.28","6.63","61.29","0.86","0","0.14","0","0","0","0.21","0.86","50","3.21","46.67","1.92","3.85","50"
"T. Zoukrou","Switzerland 1.","Young Boys","RCB","22","1000000","2028-06-30","5","420","0","0","France","right","189","8.79","4.93","69.57","3","50","1.29","8.78","0.43","0","0.04","0","0.21","0","0","0.21","100","0.21","100","0.43","50","0.21","0.86","0","43.5","90.64","13.93","78.46","3.21","33.33","0","0","0","0","0","4.07","63.16","0.43","0","0","5.14","66.67"
"M. Rodić","Switzerland 1.","Zürich","LB","34","1200000","2026-06-30","6","419","0","1","Serbia","left","185","7.73","4.3","65","4.51","52.38","0.43","7.76","0.21","0","0.01","0","0.64","0","0","0.64","33.33","0","0","0.64","33.33","0.64","0.64","0","38.88","87.29","21.91","84.31","6.44","80","0.02","0","0","0","0.21","7.95","72.97","1.29","33.33","0.21","11.38","92.45"
"S. Cueni","Switzerland 1.","Winterthur","DMF, RCMF, LCMF","24","250000","2026-06-30","7","413","0","0","Switzerland","right","180","13.51","10.02","69.57","1.74","37.5","0.44","6.57","0.65","0","0.06","0","0.44","0","0","0.44","0","0.87","75","5.67","46.15","0.44","1.09","0","31.6","75.86","10.02","60.87","2.4","45.45","0.01","0","0","0","0","2.83","69.23","1.31","33.33","0.44","5.01","52.17"
"Martim Marques","Switzerland 1.","Lugano","LB, RB, LWB","21","0","","6","410","1","0","Portugal","left","173","4.83","6.37","37.93","1.76","75","0","3.07","1.1","0.22","0.23","0","1.1","40","20","1.1","0","1.1","60","2.41","54.55","1.32","1.32","0.66","30.29","76.09","11.41","67.31","4.17","57.89","0.01","0","0","0","0.22","3.73","88.24","1.32","50","0.88","9.44","51.16"
"D. von Ballmoos","Switzerland 1.","Lugano","GK","30","1500000","2027-06-30","4","401","0","0","Switzerland","right","192","1.8","0","0","0.22","100","0","2.61","0","0","0","0","0","0","0","0","0","0","0","0","0","0","0","0","33.89","90.73","16.83","82.67","12.57","78.57","0","0","0","0","0","1.12","60","0","0","0","10.77","79.17"
"S. Diaby","Switzerland 1.","Winterthur","LB, LWB","26","1000000","2027-06-30","6","400","0","0","Côte d'Ivoire","left","173","8.55","6.3","60.71","2.7","50","0","5.56","1.58","0","0.04","0","0.45","50","0","1.35","33.33","1.13","80","3.15","50","0.68","1.35","0","42.75","74.21","15.52","57.97","5.85","42.31","0.09","0","0","0","0.23","8.1","50","1.8","25","0.23","10.8","66.67"
"A. Saipi","Switzerland 1.","Lugano","GK","25","3000000","2026-06-30","4","396","0","0","Switzerland","right","194","1.82","0","0","0","0","0","2.82","0","0","0","0","0","0","0","0","0","0","0","0.45","100","0","0","0","28.18","86.29","17.27","78.95","11.14","67.35","0.06","0","0","0","0.23","2.73","66.67","0.23","100","0.23","7.05","80.65"
"C. Witzig","Switzerland 1.","St. Gallen","RWB, LWB, RCMF","24","2000000","2027-06-30","7","393","0","1","Switzerland","right","178","10.76","9.39","65.85","1.6","14.29","0.69","6.87","3.89","0","0.29","0","2.29","40","0","3.44","40","4.35","36.84","9.16","22.5","2.98","2.52","0.69","25.19","71.82","7.1","58.06","3.89","52.94","0.25","0","0","0","0.92","2.98","46.15","2.06","55.56","0.92","4.12","77.78"
"S. Córdova","Switzerland 1.","Young Boys","CF","28","1500000","2027-06-30","7","389","1","1","Venezuela","right","188","1.39","1.62","71.43","11.8","43.14","0","0.45","1.62","0.23","0.24","0.23","1.39","33.33","16.667","1.62","42.86","0.46","100","6.25","37.04","3.01","1.16","0","11.57","70","2.54","81.82","0.23","0","0.12","0","0","0","0.69","1.16","80","1.16","60","0.46","1.39","66.67"
"A. Gigović","Switzerland 1.","Young Boys","LCMF, AMF, RCMF","23","2000000","","5","380","0","0","Sweden","right","187","6.63","5.92","44","1.66","0","0.24","6.15","0.95","0","0.02","0","0.95","0","0","0.71","66.67","0.71","66.67","7.34","41.94","1.18","0.47","0.24","29.13","86.18","8.05","79.41","1.89","37.5","0.05","0","0","0","0.24","2.84","83.33","1.89","37.5","0.47","4.5","78.95"
"S. Rouiller","Switzerland 1.","Servette","RCB, LCB","35","200000","2027-06-30","6","378","0","0","Switzerland","right","183","10.24","8.1","64.71","4.52","52.63","0","6.51","0.71","0","0.12","0","0.71","66.67","0","0","0","0.24","100","0.95","50","1.43","0","0","52.62","86.88","17.62","72.97","5.48","60.87","0","0","0","0","0","3.81","68.75","0.48","0","0.24","9.05","52.63"
"A. El Wafi","Switzerland 1.","Lugano","LCB","21","0","","5","373","0","0","Italy","left","189","10.38","6.27","61.54","3.86","56.25","0.97","9.26","0.24","0","0","0","0","0","0","0","0","0.72","33.33","1.69","57.14","0","0.24","0","47.29","86.73","21.72","75.56","4.34","61.11","0","0","0","0","0","4.1","64.71","0","0","0","7.72","59.38"
"L. Dahler","Switzerland 1.","Thun","RB","24","0","","4","373","0","1","Switzerland","","178","10.62","8.93","72.97","2.17","44.44","0.24","4.42","2.17","0","0.17","0","1.45","50","0","2.41","40","1.21","40","4.34","50","0.72","1.69","0.24","23.4","61.86","12.06","48","3.38","35.71","0.12","0","0","0","0.48","3.86","31.25","3.14","38.46","0.48","7.24","53.33"
"J. von Moos","Switzerland 1.","Luzern","CF, RAMF, RWF","24","1500000","2027-06-30","5","370","0","1","Switzerland","left","181","2.92","1.46","66.67","4.14","11.76","0","2.02","3.89","0","0.18","0","1.95","37.5","0","1.22","0","4.14","64.71","10.7","29.55","3.41","1.95","0","16.3","65.67","5.84","58.33","0.24","100","0.06","0","0.73","66.67","0.24","0.97","50","1.46","50","1.22","1.95","75"
"L. Sahitaj","Switzerland 1.","Winterthur","RCB, RB, RWB","21","0","","4","367","0","0","Switzerland","right","185","14.96","13","64.15","8.58","68.57","0.98","6.88","0","0","0.19","0","0.98","0","0","0.98","0","0.25","0","2.94","16.67","1.72","0.74","0.25","25.5","68.27","11.77","52.08","2.7","54.55","0","0","0","0","0","1.23","40","0.25","0","0","5.4","40.91"
"T. Golliard","Switzerland 1.","Winterthur","AMF, RW, CF","23","0","2028-06-30","8","358","0","0","Switzerland","left","174","5.53","7.04","60.71","2.01","0","0","1.72","2.51","0","0.17","0","2.26","22.22","0","2.51","20","2.51","50","9.8","38.46","2.77","1.26","0.25","29.92","70.59","4.53","38.89","0.5","0","0.1","0","0.25","100","0.5","1.76","57.14","1.76","42.86","0.5","2.51","50"
"B. Beyer","Switzerland 1.","Winterthur","RAMF, CF, RWF","29","0","","6","354","1","0","France","right","184","6.36","8.14","53.13","5.34","33.33","0","2.53","3.05","0.25","0.17","0","1.53","50","16.667","2.03","25","3.31","53.85","13.73","29.63","2.54","1.53","0.25","21.61","67.06","4.58","61.11","1.53","66.67","0.09","0","0","0","0.25","2.29","55.56","0.76","33.33","0.25","2.03","62.5"
"G. Muslija","Switzerland 2.","Wil","GK","19","0","2028-06-30","11","1065","0","0","Switzerland","right","186","0.42","0.08","0","0.08","0","0","0.55","0","0","0","0","0","0","0","0","0","0","0","0.08","100","0","0","0","30.85","89.32","11.92","75.18","7.35","59.77","0","0","0","0","0","2.28","55.56","0.25","0","0","5.75","72.06"
"E. Omeragic","Switzerland 2.","Neuchâtel Xamax","GK","23","400000","","11","1052","0","0","Switzerland","right","196","2.31","0","0","0.34","75","0","2.71","0.09","0","0","0","0","0","0","0","0","0.09","100","0.26","100","0.09","0.09","0","24.04","83.27","12.06","70.92","8.56","62","0","0","0","0","0","1.97","43.48","0.09","100","0.09","6.16","61.11"
"A. Charveys","Switzerland 2.","Rapperswil-Jona","DMF","26","25000","","11","1046","0","0","France","right","169","8.52","6.37","67.57","0.43","20","0","4.25","0.6","0","0.01","0","0.34","25","0","0.26","33.33","0.52","66.67","3.27","42.11","0","0.52","0","42.59","88.48","13.42","75.64","4.13","64.58","0.01","0.09","0.09","100","0","6.45","76","0.43","40","0.09","6.28","79.45"
"J. Ambassa","Switzerland 2.","Rapperswil-Jona","RCB, RB","23","0","2026-06-30","11","1040","0","0","Cameroon","unknown","181","9.26","7.18","66.27","2.77","59.38","0.43","4.78","0.43","0","0.01","0","0.26","0","0","1.04","25","0.43","40","1.99","43.48","0.43","1.04","0.09","36.35","85.48","15.75","77.47","4.5","50","0.01","0","0","0","0.09","4.07","65.96","1.21","28.57","0.09","7.79","72.22"
"D. Jacović","Switzerland 2.","Wil","RCB, DMF, LCB","24","150000","","11","1030","1","0","Switzerland","right","187","10.57","9","69.9","4.54","63.46","0.61","4.56","0.61","0.09","0.07","0","0.17","50","50","0.7","25","0.52","66.67","3.58","48.78","0.35","1.4","0.17","52.25","84.28","24.73","74.91","4.46","50.98","0.02","0","0","0","0.17","9.35","71.03","1.14","38.46","0.26","10.49","76.67"
"D. Da Silva","Switzerland 2.","Stade Lausanne-Ouchy","GK","32","300000","","10","975","0","0","Switzerland","right","188","1.13","0.2","100","0.2","100","0","1.41","0","0","0","0","0","0","0","0","0","0","0","0.1","100","0","0","0","22.91","85.71","13.81","77.78","9","65.91","0","0","0","0","0","2.05","35","0.2","0","0","5.63","72.73"
"M. Hübel","Switzerland 2.","Aarau","GK","22","400000","2027-06-30","10","970","0","0","Switzerland","right","187","1.21","0","0","0.37","100","0","1.44","0","0","0","0","0","0","0","0","0","0","0","0","0","0","0","0","27.09","84.93","16.05","75.72","11.6","68.8","0","0","0","0","0","5.66","62.3","0.37","0","0","8.44","86.81"
"M. Thaler","Switzerland 2.","Aarau","LCB","31","150000","2026-06-30","10","970","0","1","Switzerland","right","185","9.19","7.33","70.89","1.67","50","0.56","4.56","0.09","0","0.01","0","0.28","0","0","0.28","0","0.09","100","0.74","62.5","0.74","1.67","0.09","32.75","80.17","19.02","73.66","5.29","43.86","0.07","0","0.09","0","0.09","6.77","68.49","0.56","16.67","0.37","9.74","75.24"
"S. Müller","Switzerland 2.","Aarau","RCB","25","350000","2027-06-30","10","970","1","0","Switzerland","right","186","7.61","5.29","50.88","3.06","51.52","0.74","5.44","0.46","0.09","0.07","0.09","0.65","28.57","14.286","0.56","33.33","0.09","100","1.3","42.86","0.84","2.13","0","35.16","82.32","16.05","70.52","5.85","55.56","0.03","0.09","0.09","0","0.09","5.66","68.85","1.48","56.25","0.65","9.28","72"
"A. Sauthier","Switzerland 2.","Yverdon Sport","RB","34","100000","","10","969","0","2","Switzerland","right","185","8.27","6.5","54.29","2.97","50","0.46","7.13","1.3","0","0.02","0","0.65","42.86","0","1.39","53.33","0.37","50","2.79","73.33","0.19","1.11","0","55.63","86.31","20.99","80.09","8.45","75.82","0.19","0","0.09","100","0.28","8.08","74.71","2.6","53.57","0.56","13.84","75.84"
"W. Le Pogam","Switzerland 2.","Yverdon Sport","LB","32","300000","2026-06-30","10","969","0","1","France","left","183","6.78","4.83","46.15","1.86","60","0.09","7.13","1.58","0","0.01","0","0.37","25","0","1.49","56.25","1.02","63.64","4.46","39.58","0.84","5.29","0.65","61.86","91.74","22.11","88.66","4.74","74.51","0.15","0","0","0","0.46","7.99","91.86","1.3","50","0.28","10.96","84.75"
"K. Martin","Switzerland 2.","Yverdon Sport","GK","30","300000","2026-06-30","10","969","0","0","Switzerland","left","180","0.65","0","0","0.65","100","0","1.04","0","0","0","0","0","0","0","0","0","0","0","0.19","50","0","0","0","31.02","86.53","20.43","81.36","10.22","63.64","0","0","0","0","0","1.49","37.5","0","0","0","6.97","65.33"
"M. Mastil","Switzerland 2.","Stade Nyonnais","GK","25","100000","","10","965","0","0","France","right","194","2.33","0","0","0.56","100","0","2.6","0","0","0","0","0","0","0","0","0","0","0","0.19","100","0","0","0","25.83","85.92","11.38","68.85","8.39","60","0.01","0","0","0","0","3.26","48.57","0.19","0","0","6.16","66.67"
"R. Correia","Switzerland 2.","Stade Nyonnais","LB","25","50000","","10","965","0","0","Switzerland","left","181","10.63","8.11","62.07","2.33","44","0.37","6.15","2.33","0","0.04","0","0.65","28.57","0","2.33","36","1.96","66.67","7.37","37.97","0.56","1.31","0.09","39.17","78.81","19.68","75.36","5.22","53.57","0.11","0.09","0.09","0","0.19","6.16","71.21","1.96","52.38","0.47","10.73","72.17"
"L. Schaffran","Switzerland 2.","Vaduz","GK","27","200000","","10","957","0","0","Germany","right","186","1.6","0","0","0.56","83.33","0","2.2","0","0","0","0","0","0","0","0","0","0","0","0.19","50","0","0","0","25.2","86.94","12.88","78.1","6.77","55.56","0","0","0","0","0","1.13","33.33","0","0","0.09","5.27","60.71"
"A. Omerovic","Switzerland 2.","Rapperswil-Jona","GK","23","0","2026-06-30","10","955","0","0","Switzerland","right","185","1.41","0","0","0.28","66.67","0","1.53","0","0","0","0","0","0","0","0","0","0","0","0.19","100","0","0","0","35.25","86.9","18.94","76.62","12.06","65.63","0","0","0","0","0","2.92","54.84","0.28","0","0","8.76","69.89"
"B. Morgado","Switzerland 2.","Rapperswil-Jona","LB","27","75000","","10","955","0","1","Switzerland","left","176","10.55","7.92","71.43","1.7","55.56","0.28","5.14","2.17","0","0.02","0","0.47","40","0","2.26","29.17","1.88","70","4.52","47.92","0.94","3.58","0.38","47.31","77.69","21.3","69.91","7.54","55","0.04","0","0.09","0","0.28","6.69","64.79","2.45","42.31","0.38","9.99","62.26"
"N. Sutter","Switzerland 2.","Stade Lausanne-Ouchy","LCB, RCB","30","250000","","10","954","0","1","Switzerland","left","183","10.69","6.5","67.74","5.76","65.45","0.31","7.86","0","0","0.03","0","0.21","0","0","0","0","0.21","0","1.36","53.85","0.63","1.47","0","46.73","89.01","20.33","82.47","5.13","61.22","0.01","0","0","0","0.1","7.44","71.83","0.63","33.33","0.21","10.37","81.82"
"V. Fazliu","Switzerland 2.","Aarau","AMF, RCMF, CF","29","450000","2026-06-30","10","951","7","2","Switzerland","right","183","3.79","3.6","57.89","1.8","36.84","0.28","2.03","3.31","0.57","0.29","0","2.46","46.15","26.923","0.85","66.67","1.89","85","7.76","46.34","2.65","1.8","0.28","25.93","86.5","7.48","83.54","2.08","72.73","0.28","0.09","0","0","0.57","3.22","76.47","2.27","83.33","2.37","4.73","88"
"G. Richard","Switzerland 2.","Stade Nyonnais","RCB","22","100000","2026-06-30","10","946","0","0","Switzerland","right","186","7.61","4.47","63.83","2.95","61.29","0.48","5.04","0.38","0","0.03","0","0.19","100","0","0.29","0","0.29","66.67","1.43","46.67","0.38","0.86","0.19","37.01","81.75","16.46","68.21","7.33","46.75","0","0","0","0","0","5.04","62.26","0.1","0","0.1","9.04","64.21"
"L. Bergsma","Switzerland 2.","Neuchâtel Xamax","LCB","28","350000","","10","946","0","0","Netherlands","both","186","7.42","5.42","70.18","4.66","51.02","0.38","4.29","0.19","0","0.01","0","0.19","100","0","0.1","0","0.1","0","0.29","33.33","0.19","1.52","0.1","56.89","90.8","22.26","85.47","4.28","55.56","0","0","0","0","0.1","9.51","82","0.29","0","0","10.27","78.7"
"K. Ndau","Switzerland 2.","Wil","LCMF","26","350000","","10","945","2","0","Switzerland","left","170","8.57","7.43","62.82","3.62","50","0.19","4.18","1.52","0","0.18","0","1.14","50","16.667","1.33","28.57","0.67","71.43","3.05","53.13","0.48","0.95","0.1","42.57","79.42","16.76","68.18","4.57","41.67","0.08","0","0.1","100","0.19","7.43","61.54","2.29","41.67","0.48","6.76","71.83"
"D. Acquah","Switzerland 2.","Aarau","CB","24","50000","2026-06-30","10","940","0","0","Ghana","right","192","10.72","5.36","76.79","4.98","53.85","1.24","7.67","0.38","0","0.07","0","0.38","100","0","0","0","0","0","2.39","48","0.96","0.1","0","34.66","88.12","12.16","76.38","3.93","56.1","0","0","0","0","0","2.78","72.41","0.29","33.33","0","5.74","66.67"
"B. Conus","Switzerland 2.","Stade Lausanne-Ouchy","LB","27","250000","","10","937","0","0","Switzerland","right","173","8.44","7.48","48.57","2.46","47.83","0.32","6.39","2.14","0","0.01","0","0.53","20","0","3.1","31.03","2.03","47.37","5.99","51.79","2.03","2.14","0.32","43.5","79.12","21.81","74.51","7.48","48.57","0.1","0.21","0.11","100","0.53","9.41","64.77","2.99","53.57","1.28","10.26","75"
"R. Kessler","Switzerland 2.","Aarau","RWB, RB","20","0","","10","919","0","2","Switzerland","right","181","9.3","8.32","63.53","1.86","57.89","0.2","4.4","2.94","0","0.02","0","0.39","50","0","4.8","34.69","1.57","68.75","3.82","43.59","1.86","0.98","0.2","30.65","72.2","11.26","66.96","3.62","48.65","0.15","0","0","0","0.78","3.92","57.5","3.82","46.15","0.59","7.93","74.07"
"A. Chappuis","Switzerland 2.","Yverdon Sport","DMF, LDMF, RCMF","31","50000","","10","918","0","0","Switzerland","right","181","8.33","4.8","65.31","1.96","45","0.2","6.99","1.08","0","0.03","0","0.69","14.29","0","0.59","33.33","0.88","77.78","4.31","38.64","0.2","1.27","0.39","60","91.67","16.18","80","4.41","66.67","0.01","0","0.1","100","0.1","8.92","83.52","1.37","50","0.29","7.94","80.25"
"R. Dantas Fernandes","Switzerland 2.","Vaduz","AMF, CF, RW","20","0","2026-06-30","10","900","5","2","Switzerland","left","169","5.2","5.1","68.63","0.8","0","0","2.35","2.1","0.5","0.26","0.1","1.4","57.14","35.714","1.7","17.65","1.4","50","6.6","34.85","2.2","1","0.1","39.4","83.76","9.2","71.74","2.5","56","0.18","0","0.5","60","0.7","4.2","78.57","2.6","53.85","1.4","7","77.14"
"Y. Schmid","Switzerland 2.","Wil","LCB","30","300000","2026-06-30","10","879","0","0","Switzerland","right","184","9.32","6.14","76.67","4.51","61.36","0.82","5.68","0.31","0","0.03","0","0.31","33.33","0","0.2","50","0.1","100","0.82","50","0.51","1.02","0","54.98","87.34","22.73","74.77","6.25","54.1","0.06","0","0","0","0","7.78","63.16","0.92","22.22","0.2","9.22","77.78"
"F. Saiz","Switzerland 2.","Neuchâtel Xamax","AMF, RCMF","24","250000","","11","878","3","0","Switzerland","right","179","7.79","6.66","64.62","3.79","29.73","0.1","3.82","2.26","0.31","0.18","0.1","1.95","42.11","15.789","1.03","40","2.15","47.62","8.3","35.8","2.56","0.72","0.1","42.13","83.21","10.87","68.87","3.28","59.38","0.04","0.1","0","0","0.21","5.64","70.91","1.13","63.64","0.72","4.72","71.74"
"E. Abedini","Switzerland 2.","Neuchâtel Xamax","RDMF, LCMF, RCMF","27","300000","2027-06-30","11","877","0","1","Switzerland","right","190","9.54","6.16","71.67","2.67","38.46","0.51","5.64","0.21","0","0.07","0","0.82","0","0","0.1","0","0.1","100","2.26","54.55","0.41","0.31","0","42.18","85.89","13.85","68.15","3.18","51.61","0.07","0.1","0.31","33.33","0.1","6.77","78.79","1.23","33.33","0.41","7.08","62.32"
"L. Mack","Switzerland 2.","Vaduz","DMF, LCMF","25","250000","","10","870","0","2","Germany","right","186","10.97","8.59","68.67","3.52","47.06","0.31","6.37","0.62","0","0.01","0","0.83","12.5","0","0.31","33.33","0.1","100","2.59","48","0.21","0.21","0","76.97","87.37","25.66","75.4","7.97","62.34","0.11","0","0.31","100","0.52","11.9","80","1.55","66.67","0.83","13.86","76.87"
"L. Berisha","Switzerland 2.","Vaduz","LCB","28","250000","","9","861","0","0","Switzerland","left","184","8.57","4.7","75.56","5.85","55.36","1.05","7.13","0.31","0","0.03","0","0.31","66.67","0","0.21","50","0","0","1.46","57.14","0.31","0.31","0","70.87","88.5","33.87","80.56","8.57","48.78","0.03","0","0","0","0","8.99","66.28","1.05","40","0.31","13.17","74.6"
"S. Demhasaj","Switzerland 2.","Neuchâtel Xamax","CF","29","200000","","11","854","10","1","Switzerland","right","191","3.48","1.69","75","2.53","25","0.11","2.5","2.42","0.95","0.49","0","2.42","56.52","43.478","1.16","36.36","2.11","30","4.74","28.89","3.9","1.05","0.11","15.81","66.67","3.69","60","0.95","44.44","0.08","0","0","0","0.42","2.21","66.67","1.58","40","0.84","2.11","80"
"L. Nomel","Switzerland 2.","Stade Lausanne-Ouchy","LWF, LW","28","350000","","10","852","1","2","Côte d'Ivoire","right","182","4.16","3.69","67.74","2.38","35","0","2.18","7.73","0.12","0.28","0","2.02","41.18","5.882","4.52","39.47","6.9","68.97","14.27","45.83","3.57","4.64","0.36","36.74","79.29","6.42","74.07","2.14","55.56","0.21","0","0.36","100","1.43","2.14","66.67","5.47","54.35","2.38","5.71","87.5"
"S. Ben Seghir","Switzerland 2.","Neuchâtel Xamax","LAMF, LW, CF","22","400000","","11","846","0","2","France","right","177","4.57","5","61.7","0.64","16.67","0.11","1.6","3.19","0","0.18","0","1.7","18.75","0","2.87","22.22","4.89","45.65","13.94","38.17","3.09","4.89","0.32","48.3","78.85","12.55","72.03","2.34","68.18","0.35","0","0.21","0","1.17","5.96","80.36","5.32","54","3.3","8.19","84.42"
"N. Hasler","Switzerland 2.","Vaduz","RB, RCMF","34","100000","","10","840","2","1","Liechtenstein","right","180","7.93","6.64","66.13","1.93","55.56","0.32","4.9","1.61","0.11","0.1","0","0.54","40","40","2.25","38.1","0.54","80","3","42.86","0.43","1.5","0","47.04","79.5","21.11","71.57","6.75","49.21","0.03","0","0.11","100","0.32","7.29","66.18","2.57","37.5","0.64","11.46","71.96"
"D. Afriyie","Switzerland 2.","Aarau","CF, LWF","24","0","","10","834","4","3","Ghana","right","165","2.91","2.16","75","4.64","32.56","0","1.26","2.59","0.43","0.53","0","2.7","44","16","1.4","30.77","1.73","43.75","9.06","26.19","5.61","0.86","0.22","18.45","70.76","2.59","75","0.97","55.56","0.1","0.22","0.22","100","0.65","1.08","60","1.4","76.92","1.83","1.73","62.5"
"J. Gnakpa","Switzerland 2.","Yverdon Sport","RCB, LCB, CB","21","0","2027-06-30","10","832","0","0","France","right","187","8.11","4.22","71.79","4.65","79.07","0.87","7.81","0.54","0","0.02","0","0.22","0","0","0.11","0","0.97","55.56","4.22","53.85","0.32","2.27","0.11","59.06","92.49","17.42","81.99","4","48.65","0","0","0","0","0","5.52","76.47","0.43","25","0.11","7.79","73.61"
"L. Seydoux","Switzerland 2.","Neuchâtel Xamax","RB","27","400000","","11","827","1","1","Switzerland","right","174","9.79","7.94","61.64","1.63","33.33","0","5.51","2.07","0.11","0.05","0","1.09","20","10","2.18","20","1.85","76.47","5.55","39.22","1.31","1.41","0.33","41.9","76.62","17.09","64.97","5.01","32.61","0.03","0","0.44","0","0.22","5.33","57.14","2.83","15.38","0.22","9.14","69.05"
"D. Ngonzo","Switzerland 2.","Stade Nyonnais","LCB","20","0","2027-06-30","9","822","0","0","Switzerland","left","189","9.42","5.04","65.22","3.72","47.06","0.99","5.83","0.22","0","0","0","0","0","0","0","0","0.22","100","1.2","54.55","0.11","0.66","0","40.51","86.22","19.71","76.67","5.26","60.42","0.04","0","0","0","0.22","2.3","57.14","0.11","0","0.22","7.99","53.42"
"M. Okuka","Switzerland 2.","Stade Nyonnais","DMF, RCMF, LCMF","22","0","2027-06-30","10","818","0","1","Switzerland","right","185","8.03","7.04","67.19","1.76","43.75","0.11","3.32","0.44","0","0.01","0","0.44","0","0","0.55","20","0.66","50","7.92","34.72","0","0.44","0","31.91","92.07","5.61","76.47","2.09","68.42","0.02","0","0","0","0.11","2.75","80","0.66","50","0.22","2.31","61.9"
"N. Zoukit","Switzerland 2.","Aarau","RCMF, DMF","24","0","2027-06-30","9","816","0","1","Switzerland","","188","13.13","11.58","60.95","1.88","47.06","0.11","6.26","1.32","0","0.03","0","0.66","33.33","0","1.1","60","0.55","80","4.85","52.27","0.44","2.54","0.11","47.87","81.34","16.21","68.71","6.07","56.36","0.07","0.33","0","0","0.22","8.05","78.08","2.65","62.5","0.99","10.15","68.48"
"J. Nkama","Switzerland 2.","Stade Lausanne-Ouchy","LCMF","27","100000","","9","815","3","1","Nigeria","left","188","6.25","5.13","56.1","3.88","41.94","0.13","5","2.13","0.25","0.2","0","1.88","46.67","13.333","1.5","33.33","1.62","38.46","8.75","30","3.13","0.75","0","34.75","81.65","12","72.92","3.38","59.26","0.17","0","0.13","100","0.63","5.5","72.73","1.5","58.33","1.25","6.5","73.08"
"A. Sörensen","Switzerland 2.","Bellinzona","RCB, CB","24","100000","","9","810","1","0","Switzerland","right","191","8.11","4.33","69.23","2","66.67","0.67","5.12","0.22","0.11","0.05","0.11","0.44","25","25","0.11","100","0.11","0","0.56","40","0.56","0.33","0","42.67","84.9","15.67","69.5","6.11","36.36","0.01","0","0","0","0","3.67","42.42","0.11","0","0","7.33","57.58"
"Filipe de Carvalho","Switzerland 2.","Rapperswil-Jona","LW, LWF","21","900000","2026-06-30","11","789","3","2","Switzerland","right","177","4.22","3.54","48.39","1.37","16.67","0","2.63","4.68","0.34","0.21","0.11","1.6","50","21.429","3.31","24.14","5.25","58.7","9.7","51.76","2.51","2.62","0.8","19.28","71.01","2.97","69.23","0.57","20","0.11","0","0.11","0","0.34","0.46","50","2.05","38.89","0.68","2.62","52.17"
"S. Seiler","Switzerland 2.","Vaduz","LCMF, LW, LAMF","25","300000","","10","786","3","1","Brazil","right","174","7.44","4.69","70.73","2.29","40","0","5.64","2.75","0.34","0.34","0","1.95","47.06","17.647","1.15","50","2.18","47.37","8.59","49.33","3.66","1.95","0.23","59.2","87.23","14.89","78.46","3.66","65.63","0.22","0.23","0.34","66.67","0.8","6.41","71.43","2.98","73.08","2.4","7.44","75.38"
"K. Henry Bah","Switzerland 2.","Stade Lausanne-Ouchy","RWF, RW","20","0","","10","785","1","1","Côte d'Ivoire","","183","4.66","3.82","71.88","2.27","47.37","0","2.69","7.16","0.12","0.19","0","2.51","23.81","4.762","4.3","36.11","9.79","50","15.16","42.52","3.22","4.77","0.6","27.45","73.04","5.37","55.56","2.86","70.83","0.13","0","0.24","50","0.95","3.1","53.85","4.3","52.78","1.67","4.77","72.5"
"O. Sene","Switzerland 2.","Étoile Carouge","RW, RWF, LW","23","0","2026-06-30","10","781","0","1","Switzerland","","179","6.34","4.26","62.16","0.92","50","0","3.82","2.07","0","0.18","0","1.5","30.77","0","1.38","33.33","1.96","58.82","6.11","41.51","2.65","1.38","0.58","26.73","80.17","4.72","63.41","0.69","50","0.01","0","0","0","0.12","1.15","70","1.27","36.36","0.46","2.42","61.9"
"G. Zrankeon","Switzerland 2.","Étoile Carouge","LCB, LB","23","0","","10","766","0","0","France","left","196","10.46","6.93","59.32","3.05","57.69","0.82","7.22","1.29","0","0.02","0","0.47","25","0","0.23","50","1.29","81.82","2.94","44","0.47","2.11","0.35","52.05","83.52","21.74","75.14","6.7","47.37","0.02","0","0","0","0.12","6.93","62.71","1.41","33.33","0.47","11.16","70.53"
"A. Marchesano","Switzerland 2.","Yverdon Sport","LCMF, CF, AMF","34","300000","","10","763","6","0","Switzerland","right","168","2.71","2.36","45","1.42","16.67","0.12","2.56","1.89","0.35","0.59","0","2.36","50","30","1.18","30","1.18","30","6.37","29.63","3.89","1.89","0.35","34.33","79.04","10.26","65.52","3.77","59.38","0.02","0","0.12","0","0.12","5.66","72.92","2.12","38.89","0.83","3.54","86.67"
"M. Gonçalves","Switzerland 2.","Bellinzona","RB, RCB","30","200000","","8","760","0","0","Switzerland","right","174","10.3","9.24","57.69","1.3","27.27","0.12","4.87","1.07","0","0","0","0.12","0","0","2.25","21.05","1.07","55.56","2.96","36","0.36","1.54","0.36","36.12","77.05","13.38","71.68","4.03","35.29","0","0","0","0","0","4.26","63.89","1.18","20","0.12","7.46","63.49"
"António Dominique","Switzerland 2.","Étoile Carouge","GK","31","200000","2026-06-30","8","758","0","0","Switzerland","right","185","1.07","0.12","100","0","0","0","1.12","0.12","0","0","0","0","0","0","0","0","0.12","100","0.24","100","0","0","0","41.2","89.63","20.54","84.39","14.01","75.42","0","0","0","0","0","1.42","16.67","0","0","0","8.07","70.59"
"J. Manquant","Switzerland 2.","Stade Nyonnais","CF","20","0","","9","745","8","0","France","unknown","190","2.66","3.14","46.15","3.99","45.45","0","0.98","3.5","0.48","0.65","0.12","3.74","48.39","25.806","0.6","0","3.62","46.67","13.05","32.41","3.74","2.54","0.24","21.14","79.43","4.23","62.86","0.6","60","0.05","0","0.12","0","0.24","1.57","84.62","0.48","25","0.6","2.17","66.67"
"L. Bega","Switzerland 2.","Stade Nyonnais","LCMF, AMF","22","0","","10","745","1","0","Switzerland","right","193","8.94","6.04","68","1.21","40","0.36","4.48","1.93","0.12","0.09","0","1.57","15.38","7.692","0.97","37.5","2.05","58.82","9.42","25.64","0.72","1.93","0","41.92","87.32","9.54","75.95","3.38","46.43","0.12","0.12","0.24","50","0.12","4.71","71.79","1.57","61.54","0.72","5.32","72.73"
"D. Simani","Switzerland 2.","Vaduz","RCB, LCB","34","100000","2026-06-30","8","741","1","0","Switzerland","left","187","9.84","6.32","65.38","5.1","69.05","0.73","8.17","0.49","0.12","0.04","0","0.24","100","50","0.12","100","0.12","100","1.46","50","0.61","0.73","0","69.6","93.54","31.7","88.89","2.55","47.62","0.03","0","0","0","0.12","5.1","76.19","0.49","25","0.12","10.32","81.18"
"M. Walker","Switzerland 2.","Étoile Carouge","RCB, DMF, LCMF","20","0","2028-06-30","9","734","0","0","Switzerland","left","186","6.74","4.78","64.1","1.96","50","0.25","4.22","0.49","0","0.02","0","0.61","40","0","0.37","0","0.74","33.33","3.07","40","0.37","0.74","0","38.99","86.16","12.87","72.38","3.8","51.61","0","0","0","0","0","4.66","63.16","0.49","0","0.12","4.9","67.5"
"D. Sorgić","Switzerland 2.","Yverdon Sport","CF","36","200000","2026-06-30","10","722","3","0","Switzerland","right","177","2.37","1.99","68.75","1.99","37.5","0","1.6","2.12","0.37","0.55","0","1.75","50","21.429","0.37","66.67","1.12","77.78","5.36","48.84","3.49","0.62","0.12","17.95","85.42","2.87","86.96","0.12","0","0.14","0","0.25","50","0.25","0.75","100","0.37","100","0.87","1.62","61.54"
"W. Vogt","Switzerland 2.","Bellinzona","LW, LAMF, AMF","23","0","","9","717","2","1","Brazil","right","181","4.14","3.64","58.62","2.13","35.29","0","2.08","3.89","0.25","0.17","0","2.38","42.11","10.526","1.88","33.33","5.15","41.46","12.05","33.33","3.01","4.14","0.5","20.71","70.91","5.15","58.54","1.51","50","0.11","0","0.25","50","0.5","2.51","65","1.63","46.15","0.5","3.89","64.52"
"G. Padula","Switzerland 2.","Rapperswil-Jona","LCB, RCB","28","150000","2026-06-30","9","716","1","0","Uruguay","right","181","9.8","4.9","74.36","4.02","53.13","1.38","6.24","0.13","0.13","0.06","0.13","0.38","33.33","33.333","0","0","0","0","1.26","20","0.5","0.5","0","44.5","89.83","17.09","80.15","3.52","39.29","0","0","0","0","0","2.51","65","0.13","0","0","6.16","61.22"
"F. Hoxha","Switzerland 2.","Vaduz","LB","24","0","","9","713","1","0","Switzerland","left","177","7.83","6.69","64.15","1.64","38.46","0.25","4.14","2.15","0.13","0.01","0","0.5","50","25","2.9","39.13","1.51","41.67","4.17","42.42","0.76","1.39","0.5","48.98","83.76","18.3","75.17","5.3","61.9","0.1","0","0.13","100","0.5","5.81","69.57","3.16","56","0.88","10.98","72.41"
"E. Akichi","Switzerland 2.","Stade Lausanne-Ouchy","DMF, CB","35","100000","","9","709","0","0","Côte d'Ivoire","right","178","5.98","4.67","59.38","1.9","53.85","0.29","4.65","0.29","0","0.02","0","0.29","50","0","0.15","0","0.29","50","2.92","35","0.15","0.44","0","53.82","89.7","17.5","75.83","8.17","67.86","0.01","0","0","0","0.15","6.86","78.72","1.02","57.14","0.73","6.13","76.19"
"O. Bunjaku","Switzerland 2.","Wil","AMF, DMF, RCMF","24","250000","","11","706","0","0","Switzerland","left","180","8.54","6.37","62","2.8","22.73","0.25","5.03","1.27","0","0.07","0","1.02","37.5","0","1.27","30","1.02","50","5.86","32.61","1.66","0.38","0","44.87","82.39","12.88","68.32","3.44","51.85","0.14","0","0","0","0.13","6.63","69.23","3.7","55.17","1.78","5.74","73.33"
"B. Malula","Switzerland 2.","Stade Lausanne-Ouchy","RCB, LCB","24","400000","","10","698","0","0","Switzerland","right","194","8.94","6.47","64","2.59","65","0.26","6.99","0.13","0","0.03","0","0.13","0","0","0.13","0","0.26","50","1.42","54.55","0.39","0.39","0.13","43.51","88.99","19.81","83.66","3.37","46.15","0","0","0","0","0","5.96","80.43","0.78","16.67","0.13","7.77","78.33"
"R. Bayard","Switzerland 2.","Neuchâtel Xamax","LDMF, AMF, LCMF","32","200000","","9","693","0","0","France","right","169","6.88","7.01","62.96","1.56","33.33","0.26","2.57","0.78","0","0.05","0","0.65","20","0","0.52","50","0.52","75","3.38","50","0.13","0.52","0.26","37.27","82.58","11.95","69.57","3.64","64.29","0.02","0","0.13","0","0","5.45","69.05","1.3","50","0.39","5.45","73.81"
"L. Pos","Switzerland 2.","Yverdon Sport","LCB, LCMF","27","400000","","9","687","1","0","Switzerland","right","187","7.07","6.81","53.85","5.11","66.67","0.92","5.32","0.39","0.13","0.07","0.13","0.39","100","33.333","0","0","0","0","3.01","34.78","0.79","0.79","0.26","47.16","92.5","11","77.38","1.97","53.33","0","0","0","0","0","3.14","87.5","0","0","0.13","4.72","63.89"
"L. Hajrulahu","Switzerland 2.","Neuchâtel Xamax","RCB, LCB, CB","27","400000","2026-06-30","8","685","0","0","Switzerland","right","187","5.39","3.55","55.56","2.89","72.73","0.66","4.51","0.13","0","0.05","0","0.39","33.33","0","0.53","0","0","0","1.05","87.5","0.79","0.79","0.13","51.77","89.85","18.13","82.61","4.86","51.35","0","0.13","0","0","0","7.62","75.86","0.66","0","0","9.2","81.43"
"A. Sadiku","Switzerland 2.","Bellinzona","CF","34","600000","","8","684","2","0","Albania","right","185","3.29","1.58","66.67","7.76","27.12","0.53","2.04","1.18","0.26","0.3","0","3.55","25.93","7.407","0.39","0","0.66","20","8.95","19.12","3.03","0.13","0","18.95","79.17","4.08","67.74","1.84","64.29","0.01","0","0.13","100","0","1.97","73.33","0.92","100","0.66","1.18","77.78"
"E. Pasche","Switzerland 2.","Yverdon Sport","LWF","27","0","2028-06-30","9","682","3","2","Switzerland","unknown","183","7.39","6.07","60.87","1.98","60","0","5.59","4.88","0.4","0.51","0.13","2.64","35","15","5.15","23.08","7.39","35.71","12.54","38.95","5.01","4.22","1.06","35.5","71.75","7.13","62.96","3.56","62.96","0.17","0.13","0.4","33.33","0.4","2.11","43.75","7.13","48.15","2.51","7.13","74.07"
"E. Filet","Switzerland 2.","Aarau","CF, RWF","23","0","2026-06-30","10","676","5","1","France","left","186","2.13","2.66","50","12.38","49.46","0.13","0.96","2","0.67","0.41","0.4","2.66","30","25","0.93","0","2.13","56.25","11.18","36.9","4.66","0.93","0","17.04","72.66","2.93","59.09","0","0","0.07","0","0","0","0.8","0.8","66.67","0.53","50","1.07","1.46","45.45"
"Samba So","Switzerland 2.","Rapperswil-Jona","CF, RW","25","0","","11","672","4","0","Portugal","right","185","5.09","5.22","51.28","6.03","24.44","0.13","2.43","2.68","0.4","0.43","0.27","2.14","56.25","25","1.61","33.33","2.28","41.18","11.25","39.29","1.88","0.94","0","17.14","77.34","3.21","79.17","0.94","71.43","0.01","0","0","0","0","1.88","85.71","1.07","50","0.27","2.95","77.27"
"Borja López","Switzerland 2.","Bellinzona","LCB, LB","31","200000","","7","671","0","0","Spain","left","191","9.12","5.77","62.79","2.68","55","0.27","5.58","0","0","0","0","0","0","0","0","0","0","0","2.01","40","0","0.4","0","39.17","79.45","20.25","70.2","10.19","50","0","0","0","0","0","5.37","60","0.67","40","0.27","10.73","66.25"
"A. Ajeti","Switzerland 2.","Rapperswil-Jona","LCB","28","50000","","7","669","0","0","Switzerland","left","186","7.53","4.98","62.16","2.15","62.5","0.81","4.47","0.13","0","0.04","0","0.27","50","0","0","0","0","0","0.4","33.33","0.27","0.4","0","37","88","15.34","76.32","3.9","51.72","0","0","0","0","0","3.77","60.71","0.4","0","0","6.86","72.55"
"L. Schreiber","Switzerland 2.","Wil","LB","19","0","2027-06-30","9","669","0","0","Switzerland","left","177","10.09","8.88","63.64","1.61","41.67","0","5.5","2.29","0","0.02","0","0.4","66.67","0","3.63","29.63","1.35","70","3.63","55.56","1.21","1.75","0.13","38.07","73.85","12.51","56.99","3.23","45.83","0.04","0","0","0","0.4","4.44","60.61","3.5","42.31","0.4","7.53","67.86"
"N. Lusuena","Switzerland 2.","Stade Lausanne-Ouchy","RCMF, DMF","27","300000","","8","664","0","0","Switzerland","right","175","10.3","9.08","53.73","2.17","68.75","0.14","7.5","1.36","0","0.06","0","1.22","33.33","0","0.41","0","1.63","58.33","5.69","50","0.81","0.41","0","32.39","84.94","9.22","69.12","1.36","50","0","0","0","0","0","3.8","75","1.22","33.33","0.27","3.25","70.83"
"W. Caddy","Switzerland 2.","Stade Lausanne-Ouchy","CF","28","350000","","9","660","6","0","France","right","183","2.22","1.74","54.55","5.23","39.39","0","2.07","4.44","0.48","1.05","0.16","3.33","57.14","28.571","0.95","50","2.22","85.71","9.67","36.07","5.39","1.58","0","26.46","74.25","7.61","58.33","1.58","40","0.1","0","0.16","100","0.95","3.33","57.14","1.58","60","0.95","2.85","83.33"
"M. El Jaouhari","Switzerland 2.","Étoile Carouge","DMF, RCMF, LCMF","26","200000","","9","653","0","0","France","left","181","8.68","6.06","59.09","1.38","40","0.41","5.57","0.69","0","0.01","0","0.55","25","0","1.1","25","0.83","33.33","5.38","33.33","0.14","0.83","0.14","51","86.22","15.57","73.45","5.93","46.51","0.03","0","0","0","0.14","9.37","72.06","2.21","31.25","0.69","8.41","77.05"
"N. Streit","Switzerland 2.","Neuchâtel Xamax","RW, RAMF","20","0","2027-06-30","11","642","2","2","Switzerland","right","183","6.59","5.05","75","1.54","27.27","0","2.5","3.93","0.28","0.37","0","2.66","57.89","10.526","2.1","6.67","3.93","53.57","9.81","32.86","4.49","5.05","0.84","29.16","75","7.01","62","1.82","46.15","0.21","0","0.14","100","0.98","2.8","65","3.22","30.43","1.26","4.63","60.61"
"M. Hajij","Switzerland 2.","Wil","CF, AMF, LWF","23","25000","2026-06-30","10","638","1","0","France","right","175","4.23","5.5","56.41","1.55","18.18","0.28","1.49","2.82","0.14","0.33","0","1.97","64.29","7.143","1.41","20","2.68","47.37","9.17","35.38","3.53","1.55","0.28","20.6","77.4","6.35","62.22","1.55","45.45","0.01","0","0","0","0.14","2.82","60","2.12","33.33","1.27","2.68","78.95"
"J. Ghia","Switzerland 2.","Stade Nyonnais","CF, RW, LW","23","0","","8","635","1","1","Italy","right","170","7.09","7.37","53.85","1.84","15.38","0","2.84","2.27","0.14","0.2","0","1.7","8.33","8.333","2.13","33.33","2.83","50","14.31","37.62","3.83","2.13","0.57","26.65","73.4","4.25","53.33","1.7","58.33","0.04","0.14","0","0","0.43","2.55","55.56","2.27","50","0.85","3.83","74.07"
"L. Essiena","Switzerland 2.","Étoile Carouge","CF, RCMF","21","0","","9","630","1","0","France","","176","4.86","3.86","62.96","3.86","51.85","0.14","2.74","2.14","0.14","0.09","0","1","71.43","14.286","0.86","33.33","2.29","43.75","10.29","27.78","2.14","1","0","24","83.93","5.57","66.67","1.14","75","0.06","0","0.14","100","0.29","2","71.43","1","57.14","0.43","2.14","53.33"
"D. Derbaci","Switzerland 2.","Aarau","LCMF","19","0","2026-06-30","10","626","3","1","Switzerland","unknown","0","9.2","7.33","64.71","2.01","42.86","0","5.06","2.73","0.43","0.2","0","2.88","30","15","1.73","25","2.16","60","6.04","38.1","2.44","1.29","0","29.76","78.26","10.06","68.57","2.44","52.94","0.02","0","0.43","33.33","0.43","3.74","73.08","2.88","55","1.58","5.03","80"
"R. Saliji","Switzerland 2.","Rapperswil-Jona","LCMF, AMF","26","100000","2027-06-30","10","624","1","0","Switzerland","right","179","6.63","6.06","57.14","1.3","33.33","0.14","2.88","2.45","0.14","0.26","0.14","2.16","40","6.667","1.15","12.5","1.73","83.33","4.9","70.59","1.88","1.44","0.14","38.51","79.78","11.25","74.36","4.62","71.88","0.18","0","0.72","0","0.87","6.06","69.05","3.32","56.52","1.73","6.2","74.42"
"H. Schmidt","Switzerland 2.","Rapperswil-Jona","RWF, RW, RAMF","26","100000","","10","618","2","0","Germany","left","174","5.1","5.68","48.72","1.6","9.09","0.15","2.57","5.1","0.29","0.26","0","2.48","41.18","11.765","2.77","15.79","5.68","64.1","11.8","48.15","3.93","3.06","0","32.04","77.27","5.68","69.23","1.17","12.5","0.05","0","0.44","0","0","2.62","72.22","3.06","38.1","0.73","3.2","81.82"
"Y. Epitaux","Switzerland 2.","Neuchâtel Xamax","RCB","24","200000","","7","608","0","0","Switzerland","right","188","12.58","8.29","69.64","4.14","57.14","0.74","6.63","0","0","0.02","0","0.15","0","0","0.15","0","0.15","0","1.33","22.22","0.3","0.3","0","42.93","83.79","18.06","71.31","5.92","37.5","0","0","0","0","0","4.29","55.17","0.3","0","0","6.96","63.83"
"S. Camara","Switzerland 2.","Yverdon Sport","RCMF, DMF, RDMF","23","0","","10","607","1","0","Switzerland","right","180","7.71","5.34","69.44","2.37","62.5","0.44","6.23","2.37","0.15","0.16","0","1.04","71.43","14.286","0.59","50","2.08","57.14","8.15","40","1.63","1.93","0.3","47.15","84.59","9.04","73.77","1.19","50","0.01","0","0.44","33.33","0","4.3","79.31","0.89","66.67","0.89","5.19","62.86"
"I. Kaloga","Switzerland 2.","Stade Lausanne-Ouchy","RB","21","0","","8","600","2","1","Switzerland","right","182","7.13","5.52","83.87","2.5","57.14","0","4.33","3.39","0.36","0.14","0.18","1.07","66.67","33.333","3.92","40.91","1.6","66.67","4.46","44","2.5","1.96","0.18","36.71","70.87","15.33","60.47","3.21","55.56","0.18","0","0","0","0.89","4.63","73.08","3.03","47.06","0.89","9.8","74.55"
"T. Escorza","Switzerland 2.","Étoile Carouge","LW, LWF, LCMF","28","200000","","9","599","0","1","France","right","176","4.96","3.76","72","0.45","0","0","2.85","4.81","0","0.03","0","0.9","16.67","0","3.76","32","5.41","63.89","12.32","41.46","0.9","3.16","0.3","37.26","81.45","9.17","68.85","2.1","57.14","0.13","0.15","0.3","0","0.9","3.61","75","5.26","45.71","1.65","5.71","92.11"
"Freddy Bomo","Switzerland 2.","Bellinzona","DMF, RCMF, LCMF","20","0","","7","597","0","0","Switzerland","right","186","9.5","9.65","64.06","3.62","66.67","0","2.91","1.81","0","0.08","0","0.75","20","0","0.75","80","2.26","46.67","5.73","39.47","0.6","0.45","0","36.48","83.47","9.65","75","3.62","50","0.02","0","0.15","0","0.15","5.28","60","1.81","50","0.15","4.82","68.75"
"R. Alves","Switzerland 2.","Étoile Carouge","RCMF, CF","23","300000","","9","595","2","0","Switzerland","left","177","4.69","3.48","60.87","1.51","50","0","3.06","1.82","0.3","0.09","0","1.21","37.5","25","0.45","0","2.72","44.44","6.5","37.21","2.12","1.82","0.15","30.4","85.57","9.08","81.67","3.03","55","0.09","0","0.15","100","0.45","3.93","73.08","1.36","66.67","1.51","3.33","59.09"
"E. Brandy","Switzerland 2.","Stade Nyonnais","RB","20","0","","8","592","0","0","Switzerland","right","182","12.92","9.27","57.38","2.89","42.11","0.3","8.42","0.76","0","0","0","0","0","0","1.22","25","1.22","37.5","3.65","29.17","0.3","1.22","0.15","39.38","78.38","18.7","69.92","5.17","44.12","0.05","0","0","0","0.3","4.26","64.29","1.52","50","0.76","9.43","61.29"
"N. Boulkous","Switzerland 2.","Étoile Carouge","RB, LB","20","0","","10","587","0","0","Switzerland","","187","8.74","6.9","71.11","1.69","45.45","0.31","4.59","2.15","0","0.02","0","0.31","0","0","0.77","60","1.99","84.62","7.21","38.3","0","3.37","0.15","51.67","88.13","17.48","76.32","2.15","50","0","0","0","0","0","5.83","68.42","1.38","55.56","0.31","8.28","70.37"
"M. Monsberger","Switzerland 2.","Vaduz","CF, LWF","24","175000","2027-06-30","10","583","2","0","Austria","right","183","6.02","3.7","75","5.4","31.43","0","4.35","3.4","0.31","0.59","0.31","2.62","52.94","11.765","1.39","33.33","2.62","52.94","13.12","31.76","5.56","1.08","0","18.68","66.12","4.79","38.71","0.31","0","0.1","0","0.15","100","0.31","1.54","50","1.23","62.5","1.39","2.47","68.75"
"Ato","Switzerland 2.","Bellinzona","LCMF, LDMF, CB","26","0","","6","571","0","0","Spain","right","0","10.56","8.2","71.15","1.73","63.64","0.32","5.23","0.16","0","0","0","0","0","0","0","0","0.32","50","2.36","33.33","0","0.63","0","38.62","91.43","10.4","83.33","2.84","72.22","0","0","0","0","0","3.94","84","0.16","0","0","3.94","60"
"L. Ndema","Switzerland 2.","Rapperswil-Jona","RB, LB, RDMF","21","0","","9","566","0","0","Switzerland","right","179","7.79","7","59.09","2.7","35.29","0.64","3.57","1.91","0","0.03","0","0.32","50","0","0.8","40","3.18","45","7.63","52.08","0.48","1.59","0.16","35.78","77.78","13.52","67.06","4.77","43.33","0.03","0.16","0.16","0","0.16","5.57","65.71","1.43","55.56","0.48","5.57","60"
"M. Facchinetti","Switzerland 2.","Neuchâtel Xamax","LB","34","0","","7","565","0","1","Switzerland","left","183","10.04","7.33","69.57","2.07","61.54","0.32","5.63","2.71","0","0.02","0","0.48","33.33","0","3.5","59.09","0.8","60","2.39","66.67","0.48","0.96","0","38.87","76.64","14.5","68.13","5.58","37.14","0.2","0.16","0","0","0.64","6.05","71.05","3.82","66.67","0.64","11.79","68.92"
"Aarón Rey","Switzerland 2.","Bellinzona","LCMF, AMF","27","200000","","9","562","0","0","Spain","right","173","7.85","7.21","64.44","2.4","33.33","0","3.31","1.6","0","0.1","0","0.64","0","0","0.64","25","2.08","69.23","7.37","41.3","0.96","1.6","0.32","32.35","89.11","8.33","80.77","2.72","76.47","0.03","0.16","0","0","0","3.84","87.5","0.96","83.33","0.64","5.12","71.88"
"J. Selmonaj","Switzerland 2.","Wil","RCB","20","25000","","8","562","0","0","Kosovo","right","192","11.53","8.97","75","6.57","48.78","0.64","6.08","0.16","0","0.02","0","0.32","0","0","0.64","25","0","0","0.8","60","0.32","2.4","0","51.09","85.89","21.78","73.53","6.57","46.34","0","0","0","0","0","7.37","73.91","1.28","25","0.16","10.89","72.06"
"E. Bytyqi","Switzerland 2.","Wil","AMF, RCMF, CF","22","0","2027-06-30","10","551","0","0","Switzerland","right","175","6.21","8","61.22","2.45","13.33","0.16","1.67","1.63","0","0.03","0","1.47","11.11","0","1.96","25","2.78","35.29","8.66","26.42","1.96","1.14","0","26.62","75.46","7.19","63.64","1.63","50","0.18","0","0","0","0.33","2.78","64.71","2.45","60","0.49","3.43","76.19"
"L. Obexer","Switzerland 2.","Aarau","LWB, LB","28","200000","2026-06-30","7","548","0","1","Switzerland","left","177","9.03","7.55","65.22","1.15","57.14","0","4.51","2.46","0","0.06","0","0.82","20","0","3.78","30.43","3.12","36.84","8.7","32.08","0.82","1.48","0","31.86","68.56","12.97","64.56","5.09","41.94","0.04","0.16","0","0","0.16","6.41","53.85","4.27","57.69","1.48","9.03","78.18"
"Umar Saho","Switzerland 2.","Wil","RB","25","200000","","9","539","0","0","Spain","right","175","7.85","6.85","65.85","1","83.33","0.33","4.1","2.67","0","0.02","0","0.33","0","0","4.01","25","2.34","71.43","6.51","56.41","1","2.5","0.33","37.24","75.34","11.35","60.29","3.67","54.55","0.04","0","0","0","0.17","3.67","63.64","3.34","40","0.33","5.34","62.5"
"R.  Philippin","Switzerland 2.","Étoile Carouge","LB","18","0","","8","538","0","0","Switzerland","left","177","11.38","10.2","62.3","1.84","27.27","0.5","5.84","1.34","0","0.01","0","0.17","0","0","2.34","42.86","2.01","16.67","4.68","35.71","0.5","1.84","0","41.82","81.6","16.9","73.27","4.68","46.43","0.03","0","0","0","0.17","5.52","75.76","2.68","56.25","0.33","8.36","66"
"F. Lymann","Switzerland 2.","Bellinzona","RCMF, RW, RDMF","22","0","","9","537","0","0","Switzerland","left","0","7.54","8.04","62.5","1.34","37.5","0.17","2.32","2.01","0","0.05","0","0.84","40","0","0.84","40","2.35","57.14","5.53","48.48","0.5","1.17","0.17","20.61","69.92","5.53","60.61","1.51","44.44","0.05","0","0","0","0.34","2.85","41.18","1.34","37.5","0.34","2.85","47.06"
"L. Emini","Switzerland 2.","Rapperswil-Jona","RCMF","26","250000","","9","532","0","1","Switzerland","right","176","6.94","6.43","73.68","1.02","33.33","0","2.19","1.35","0","0.06","0","0.68","25","0","2.2","38.46","0.68","50","4.23","44","1.69","2.03","0.51","37.05","82.19","13.53","71.25","3.72","50","0.2","0","0","0","0.34","8.12","75","2.54","53.33","1.02","6.6","89.74"
"V. Felder","Switzerland 2.","Étoile Carouge","RCB, LCB","29","100000","","8","527","0","0","France","right","180","9.05","8.2","56.25","5.29","64.52","0.85","5.68","0.17","0","0.04","0","0.51","33.33","0","0","0","0.34","0","2.22","38.46","0.68","0.51","0","58.24","92.38","17.93","81.9","3.93","69.57","0","0","0","0","0","4.27","80","0.34","0","0.17","8.54","72"
"J. Simo","Switzerland 2.","Stade Nyonnais","DMF, RCMF","21","0","2026-06-30","7","517","0","0","Switzerland","right","180","12.36","11.32","60","1.91","36.36","0.52","5.77","1.04","0","0.08","0","0.7","25","0","0.52","33.33","0.7","75","8.53","22.45","0.7","0.7","0.17","38.3","76.82","14.8","63.53","4.35","56","0.02","0","0.17","100","0.17","5.57","68.75","0.87","40","0.35","7.83","62.22"
"H. Fargues","Switzerland 2.","Stade Lausanne-Ouchy","RCMF, LCMF","33","100000","","10","514","0","0","France","left","178","3.36","3.57","47.06","4.21","45","0","2.67","1.47","0","0.23","0","1.68","12.5","0","1.26","50","1.26","50","6.1","41.38","3.57","0.63","0","21.66","85.44","5.89","89.29","0.63","66.67","0.18","0","0","0","0.42","3.15","80","0.84","100","0.42","1.68","100"
"H. Sessolo","Switzerland 2.","Yverdon Sport","LCMF, RCMF","32","100000","","9","507","2","2","Switzerland","right","173","3.55","3.73","47.62","1.78","40","0.18","2.04","1.42","0.18","0.37","0","2.49","28.57","14.286","0.89","20","1.24","42.86","5.5","48.39","2.49","1.24","0","37.1","87.08","9.23","76.92","1.95","63.64","0.17","0","0","0","0.53","3.73","80.95","2.31","61.54","1.07","2.84","68.75"
"Mauro Rodrigues","Switzerland 2.","Yverdon Sport","RWF, LWF, LAMF","24","400000","2027-06-30","10","506","0","1","Guinea-Bissau","right","178","5.16","6.23","48.57","1.6","55.56","0","3.21","4.45","0","0.15","0","2.13","25","0","3.02","29.41","5.87","51.52","12.98","41.1","4.8","4.98","0.71","30.06","81.66","4.62","69.23","2.13","41.67","0.2","0","0","0","0.53","1.78","80","2.31","38.46","1.07","3.91","77.27"
"P. Rodriguez","Switzerland 2.","Stade Nyonnais","RCMF, RW, LW","23","0","","10","494","0","2","Argentina","right","181","9.47","7.29","65","2.55","57.14","0.55","4.14","1.09","0","0.11","0","0.73","0","0","0.55","100","0.36","100","3.46","31.58","0.36","1.28","0","38.08","81.82","12.57","73.91","2","72.73","0.03","0","0.18","100","0.73","6.38","88.57","0.73","75","0.18","8.02","70.45"
"M. Hammerich","Switzerland 2.","Vaduz","RCMF, LCMF, RAMF","27","200000","2026-06-30","8","489","1","0","Switzerland","right","183","6.26","7.55","48.78","1.29","28.57","0","3.44","0.55","0.18","0.07","0","0.55","33.33","33.333","0.37","50","0.55","33.33","3.5","26.32","2.02","0.37","0","41.78","86.34","12.15","77.27","2.21","58.33","0.02","0","0","0","0.37","3.68","65","0.74","75","0.37","4.79","73.08"
"Y. Ryter","Switzerland 2.","Rapperswil-Jona","RCMF, LCMF","19","0","","10","486","0","2","Switzerland","right","187","6.67","6.11","69.7","1.3","57.14","0","2.77","3.33","0","0.21","0","2.59","42.86","0","1.48","25","3.7","50","11.67","41.27","2.96","2.78","0.19","27.59","69.8","10","61.11","3.33","44.44","0.16","0","0.19","0","0.93","4.81","42.31","2.59","64.29","2.22","5.19","67.86"
"T. Staubli","Switzerland 2.","Wil","RCMF, RW, RAMF","25","300000","","5","483","0","0","Switzerland","right","179","6.15","4.84","69.23","0.19","100","0.37","3.91","2.8","0","0.06","0","1.49","37.5","0","3.54","26.32","1.3","100","4.84","65.38","2.61","1.86","0.19","38.57","71.5","11.18","55","3.73","40","0.15","0","0","0","0.56","5.78","61.29","3.54","36.84","0.75","7.08","73.68"
"Itaitinga","Switzerland 2.","Étoile Carouge","CF, RW, LWF","27","600000","","6","463","1","0","Brazil","left","184","4.67","2.53","53.85","6.03","41.94","0.19","3.67","2.53","0.19","0.21","0","2.14","18.18","9.091","1.17","33.33","3.11","56.25","11.86","34.43","1.75","1.17","0","19.05","75.51","3.11","56.25","0.97","40","0.02","0","0.19","0","0.19","1.94","60","1.94","40","0.39","2.53","61.54"
"V. Rüfli","Switzerland 2.","Étoile Carouge","RB","37","25000","","6","462","2","0","Switzerland","right","183","9.16","7.99","65.85","0.39","50","0.58","4.08","2.14","0.39","0.05","0","2.14","27.27","18.182","3.31","17.65","1.36","71.43","5.65","51.72","1.95","2.14","0","48.9","75.7","18.9","75.26","5.06","46.15","0.02","0.19","0","0","0","6.43","63.64","3.31","35.29","0.97","10.13","69.23"
"J. Fontana","Switzerland 2.","Neuchâtel Xamax","LB","22","0","","7","462","0","1","Switzerland","left","179","13.83","10.13","65.38","1.95","40","0","6.36","2.14","0","0","0","0.19","0","0","4.09","33.33","1.36","57.14","4.48","39.13","0.39","2.73","0.97","41.88","81.4","13.83","71.83","2.53","38.46","0.06","0","0","0","0.19","6.04","77.42","3.51","44.44","0.39","8.57","65.91"
"M. Diarra","Switzerland 2.","Wil","CF","21","0","","6","456","0","0","Mali","unknown","186","5.92","4.14","57.14","8.68","52.27","0.2","4.43","1.18","0","0.08","0","0.59","33.33","0","0.39","0","1.58","62.5","9.67","32.65","1.97","0.99","0","15.59","79.75","3.16","56.25","0.59","0","0.02","0","0","0","0","1.38","57.14","0.79","50","0.39","0.39","50"
"Y. Maouche","Switzerland 2.","Étoile Carouge","LCMF, RCMF","28","50000","","9","456","1","0","France","right","184","4.93","2.57","69.23","1.18","50","0.2","3.78","3.16","0.2","0.04","0","1.38","14.29","14.286","1.78","33.33","5.53","42.86","12.63","32.81","1.78","2.17","0","30.39","82.47","8.29","83.33","1.18","33.33","0.02","0","0","0","0","4.34","72.73","2.17","36.36","0.59","3.75","63.16"
"E. Jashari","Switzerland 2.","Bellinzona","DMF, RDMF, RCMF","20","0","","7","440","0","0","Albania","right","0","9.61","6.75","60.61","2.25","54.55","0.61","5.28","0.2","0","0.01","0","0.41","50","0","0","0","0.2","0","4.7","34.78","0.41","0.41","0","33.14","83.95","6.75","60.61","4.91","58.33","0","0","0","0","0","3.48","76.47","0.2","100","0","4.09","45"
"D. Kaïba","Switzerland 2.","Wil","DMF","22","0","2026-06-30","6","439","0","0","Cameroon","right","185","8","7.18","65.71","3.69","50","0.21","3.63","1.03","0","0.15","0","3.08","13.33","0","1.03","0","1.64","37.5","5.33","34.62","1.64","0.62","0","41.82","82.84","13.74","67.16","3.28","43.75","0","0","0","0","0","5.74","89.29","1.23","50","0.62","6.77","60.61"
"Angelo Campos","Switzerland 2.","Vaduz","CF, RWF","25","200000","","9","433","1","1","Switzerland","right","178","5.2","6.86","66.67","1.66","12.5","0","0.55","1.87","0.21","0.29","0","1.45","57.14","14.286","1.25","16.67","1.04","80","10.6","25.49","3.74","0.62","0","20.79","78","1.25","66.67","0","0","0.16","0","0","0","0.42","0.42","100","1.04","40","0.83","0.42","100"
"D. Mihajlović","Switzerland 2.","Bellinzona","LB, LCB","34","50000","","5","427","0","0","Bosnia and Herzegovina","right","177","6.96","4.22","60","1.05","40","1.05","4.8","1.05","0","0","0","0.21","0","0","0.84","50","0.84","75","2.32","54.55","0.21","1.9","0.21","44.05","83.73","14.12","67.16","6.11","48.28","0","0","0","0","0","6.32","56.67","1.05","20","0","6.74","53.13"
"F. Kamberi","Switzerland 2.","Rapperswil-Jona","CF","30","250000","","9","427","0","0","Switzerland","right","189","1.69","1.48","42.86","4.64","31.82","0.42","1.18","0.42","0","0.15","0","1.26","16.67","0","0","0","1.26","16.67","10.75","21.57","2.95","1.05","0","21.5","70.59","5.27","60","1.69","37.5","0.11","0","0","0","0.21","3.79","50","1.05","60","0.63","1.9","66.67"
"J. Lasso","Switzerland 2.","Bellinzona","LB, LW, LAMF","23","0","","5","416","0","1","Colombia","left","173","7.79","7.57","62.86","1.51","57.14","0","3.62","5.19","0","0.01","0","0.65","33.33","0","6.49","33.33","4.11","68.42","8","48.65","1.3","2.6","0.65","36.78","71.18","13.41","72.58","3.89","27.78","0.29","0","0","0","1.51","3.89","66.67","3.89","33.33","0","8","78.38"
"B. Caslei","Switzerland 2.","Étoile Carouge","LCMF, CF, DMF","29","75000","","6","416","0","0","Switzerland","right","184","4.54","4.54","42.86","1.3","50","0.22","3.33","1.73","0","0.03","0","1.51","0","0","1.08","40","2.6","50","8.87","39.02","1.51","2.38","0.65","42.4","84.18","9.95","65.22","4.98","43.48","0.07","0","0","0","0.65","6.92","65.63","1.51","28.57","0.65","5.84","74.07"
"Diogo Carraco","Switzerland 2.","Neuchâtel Xamax","LCMF, LW","23","0","2026-06-30","6","409","0","0","Portugal","right","186","8.58","7.04","75","1.98","22.22","0.22","3.9","1.98","0","0.08","0","2.2","30","0","0.88","0","2.2","60","5.06","56.52","2.2","2.86","0.22","40.27","83.06","11.88","79.63","1.98","44.44","0.05","0.22","0","0","0.44","4.62","80.95","1.76","25","0.66","5.5","72"
"F. Borges","Switzerland 2.","Wil","CF, RWF","24","0","","7","407","0","0","Switzerland","right","181","4.64","3.98","77.78","1.77","25","0","2.04","1.33","0","0.24","0","1.77","25","0","3.54","18.75","0.44","50","3.54","25","4.42","0.88","0","19.24","59.77","4.86","54.55","1.11","40","0.09","0","0","0","0.66","1.11","60","3.54","31.25","1.11","1.99","55.56"
"S. Savić","Turkey 1.","Trabzonspor","RCB","34","2500000","2027-06-30","10","1004","1","0","Montenegro","right","187","7.17","3.23","63.89","3.05","64.71","0.72","7.28","0.63","0.09","0.01","0.09","0.18","100","50","0.18","50","0.36","75","0.9","60","0.27","1.17","0","45.9","86.72","22.23","80.24","6.27","57.14","0.02","0.09","0.09","100","0.09","4.75","67.92","0.54","50","0.18","9.32","67.31"
"I. Grbić","Turkey 1.","Fatih Karagümrük","GK","29","3500000","2027-06-30","10","1002","0","0","Croatia","right","195","2.6","0.27","100","0.09","100","0","3.41","0","0","0","0","0","0","0","0","0","0","0","0.09","100","0","0","0","24.07","90.3","11.95","81.95","3.95","56.82","0","0","0","0","0","0.72","12.5","0","0","0","3.23","55.56"
"A. Çankaya","Turkey 1.","Fatih Karagümrük","RB, RCB","27","0","2027-06-30","10","1002","1","1","Türkiye","right","180","9.52","8.08","60","3.14","51.43","0.18","6.55","1.71","0.09","0.11","0.09","0.9","30","10","1.08","33.33","1.53","64.71","4.04","60","0.99","1.71","0.09","34.04","74.14","16.08","63.69","3.95","36.36","0.1","0","0.09","100","0.27","5.75","57.81","1.17","46.15","0.27","6.74","60"
"R. Yalçın","Turkey 1.","Eyüpspor","RCB","31","600000","","10","994","0","0","Germany","right","185","6.34","3.17","74.29","1.63","55.56","0.63","5.68","0.18","0","0","0","0.09","0","0","0.09","0","0.09","100","1.45","75","0.09","1.72","0","42.56","87.45","19.56","81.48","6.52","59.72","0.01","0","0.09","100","0","5.07","69.64","0.81","33.33","0.27","7.97","72.73"
"U. Çakır","Turkey 1.","Galatasaray","GK","29","0","2030-06-30","10","990","0","0","Türkiye","right","191","1.45","0.09","0","0.73","100","0","2.34","0","0","0","0","0","0","0","0","0","0.09","0","0.18","50","0","0","0","29.27","87.58","15.09","78.92","9.09","65","0","0","0","0","0","2.36","65.38","0","0","0","7.55","72.29"
"U. Nayir","Turkey 1.","Konyaspor","CF","32","900000","","10","983","5","2","Türkiye","right","191","2.93","2.2","45.83","7.6","54.22","0.27","2.44","1.19","0.46","0.34","0.37","1.83","45","25","0.46","40","0.37","50","4.76","21.15","3.2","0.18","0","13.92","78.29","2.11","47.83","0.18","0","0.04","0.09","0.09","0","0.18","0.82","55.56","0.92","50","0.46","1.01","54.55"
"Miguel Cardoso","Turkey 1.","Kayserispor","LW, LAMF","31","2500000","2027-06-30","10","976","2","1","Portugal","right","176","3.23","3.78","48.78","2.31","28","0.09","1.88","4.24","0.18","0.2","0","2.12","26.09","8.696","6.82","27.03","3.87","47.62","6.45","35.71","3.32","2.31","0.28","30.34","72.04","6.36","69.57","1.57","29.41","0.14","0.09","0","0","0.74","2.49","70.37","5.53","38.33","0.83","4.52","85.71"
"Guilherme","Turkey 1.","Konyaspor","LB, LWB","35","700000","2026-06-30","10","972","0","1","Brazil","left","180","6.48","5.28","50.88","2.22","37.5","0.37","4.89","1.3","0","0.01","0","0.46","0","0","3.15","32.35","0.37","75","2.04","36.36","0.56","1.11","0","33.06","74.79","11.2","66.12","3.33","38.89","0.16","0","0.09","0","0.19","4.54","53.06","2.96","34.38","0.19","7.13","71.43"
"J. Opoku","Turkey 1.","İstanbul Başakşehir","LCB","27","2000000","2027-06-30","10","967","0","0","England","left","197","5.31","2.98","53.13","3.35","58.33","0.74","5.49","0.74","0","0.06","0","0.56","16.67","0","0.37","50","0.47","100","2.7","65.52","0.74","2.79","0.19","51.19","90","18.99","80.39","4.28","45.65","0","0","0","0","0","7.26","71.79","1.21","38.46","0.56","7.91","76.47"
"Y. Andzouana","Turkey 1.","Konyaspor","RB, RWB","28","650000","","10","963","1","1","Congo","right","179","5.79","4.67","66","0.56","33.33","0","3.97","3.27","0.09","0.03","0","0.84","44.44","11.111","3.74","30","3.18","55.88","7.1","39.47","1.59","2.06","0.28","35.89","79.43","10.47","72.32","2.8","60","0.05","0.09","0","0","0.47","4.67","70","3.18","38.24","1.12","5.7","70.49"
"A. Bardakcı","Turkey 1.","Galatasaray","LCB","31","9000000","2027-06-30","10","956","0","1","Türkiye","left","187","5.74","3.48","75.68","2.92","64.52","0.47","5.69","0.85","0","0.08","0","0.47","0","0","0.85","66.67","0.28","100","1.51","56.25","0.38","1.32","0.09","54.79","90.38","22.31","84.81","6.21","60.61","0.07","0","0","0","0.19","7.53","77.5","1.69","50","0.28","9.32","84.85"
"T. Jabol-Folcarelli","Turkey 1.","Trabzonspor","RDMF, RCMF, LDMF","25","0","2029-06-30","10","954","0","2","France","right","187","8.4","5.75","68.85","0.85","55.56","0.47","6.24","1.13","0","0.01","0","0.57","0","0","0.19","50","1.79","57.89","7.08","45.33","0.94","0.57","0.28","37.55","87.94","10.57","71.43","1.51","31.25","0.07","0","0.19","0","0.28","4.81","74.51","0.94","50","0.57","3.77","70"
"K. Demirbay","Turkey 1.","Eyüpspor","LCMF, RCMF, LDMF","32","4800000","","10","953","0","0","Germany","left","183","8.22","6.89","69.86","1.51","31.25","0.09","4.19","1.51","0","0.09","0","1.42","33.33","0","1.23","38.46","1.13","50","5.48","56.9","1.04","1.32","0","47.79","79.45","19.08","66.34","7.08","45.33","0.17","0","0.09","0","0.28","9.44","55","2.55","40.74","0.76","8.69","67.39"
"A. Batagov","Turkey 1.","Trabzonspor","LCB","23","2000000","","10","952","0","0","Ukraine","left","185","7.75","3.4","86.11","2.84","50","0.66","6.83","0","0","0","0","0","0","0","0","0","0","0","0.66","14.29","0","1.13","0.09","50.11","87.74","22.88","79.75","7.85","57.83","0","0","0","0","0.09","6.05","59.38","0.38","25","0.09","9.36","74.75"
"R. Sallai","Turkey 1.","Galatasaray","RB","28","15000000","2028-06-30","10","948","0","1","Hungary","right","183","7.78","6.27","65.15","1.52","50","0","6.07","2.18","0","0.08","0","1.04","63.64","0","2.75","34.48","0.66","71.43","3.13","66.67","1.42","1.99","0.47","45.47","88.31","13.29","81.43","3.89","60.98","0.12","0.28","0.09","100","0.57","5.51","82.76","3.04","56.25","1.04","6.08","82.81"
"E. Shomurodov","Turkey 1.","İstanbul Başakşehir","CF","30","5000000","2026-06-30","10","928","6","0","Uzbekistan","right","190","2.52","2.23","73.91","4.36","22.22","0.1","1.32","2.52","0.58","0.4","0","2.23","56.52","26.087","0.87","33.33","1.75","55.56","6.59","30.88","3.98","1.26","0.68","18.91","77.95","4.36","68.89","0.39","50","0.03","0.1","0.1","0","0.1","2.04","71.43","0.68","57.14","0.78","2.04","76.19"
"Luccas Claro","Turkey 1.","Eyüpspor","LCB, CB","34","450000","","10","927","0","0","Brazil","right","182","8.74","4.47","80.43","7.18","67.57","0.68","7.87","0.19","0","0.07","0","0.49","0","0","0","0","0.29","66.67","1.55","56.25","0.49","0.49","0","34.47","88.73","12.62","76.92","3.59","59.46","0","0","0","0","0.1","2.82","55.17","0.29","0","0.1","4.95","60.78"
"P. Onuachu","Turkey 1.","Trabzonspor","CF","31","13000000","2026-06-30","10","918","7","0","Nigeria","right","201","2.84","1.96","45","8.14","54.22","0.49","2.73","1.67","0.49","0.56","0.29","2.65","55.56","25.926","0","0","0.78","25","12.84","23.66","4.22","0.59","0","18.73","76.44","2.65","62.96","1.57","56.25","0.05","0.1","0","0","0.1","2.16","63.64","0.29","33.33","0.69","1.67","41.18"
"A. Jovanović","Turkey 1.","Kocaelispor","GK","32","1200000","2026-06-30","9","910","0","0","Serbia","right","191","0.79","0","0","0.1","100","0","1.2","0","0","0","0","0","0","0","0","0","0","0","0.1","100","0","0","0","23.14","84.19","15.23","77.27","12.07","70.49","0","0","0","0","0","2.97","56.67","0.2","0","0.1","9.89","78"
"A. Gianniotis","Turkey 1.","Kasımpaşa","GK","32","500000","","9","903","0","0","Greece","right","190","1.69","0.2","50","0.1","100","0","2.03","0","0","0","0","0","0","0","0","0","0","0","0","0","0","0.1","0","23.42","89.79","11.86","81.51","7.77","73.08","0","0","0","0","0","1.99","60","0.1","0","0.1","5.98","81.67"
"N. Opoku","Turkey 1.","Kasımpaşa","RCB","28","900000","2026-06-30","9","903","0","0","Ghana","right","190","8.07","4.39","63.64","3.09","54.84","0.6","6.58","0.1","0","0.04","0","0.2","0","0","0.1","0","0.1","100","0.8","62.5","0.4","0.6","0","39.97","89.28","15.15","80.26","4.88","57.14","0.01","0.1","0.1","0","0.1","4.29","76.74","0.4","25","0.2","7.38","75.68"
"K. Paal","Turkey 1.","Antalyaspor","LB","28","2800000","2028-06-30","9","901","0","0","Netherlands","left","174","5.39","5.29","56.6","1.6","50","0.3","2.36","0.4","0","0","0","0.1","100","0","0.4","50","0.6","16.67","2.4","37.5","0","0.4","0.1","30.17","89.07","8.99","76.67","2.4","37.5","0","0","0","0","0","2.7","74.07","0.6","66.67","0.2","3.7","64.86"
"Kévin Rodrigues","Turkey 1.","Gaziantep","LB, LCB","31","1800000","","9","897","1","1","France","left","170","10.43","10.43","66.35","1.61","43.75","0.2","4.42","1.3","0.1","0.05","0","1.3","23.08","7.692","1.2","41.67","0.7","71.43","2.21","54.55","0.4","0.7","0.1","43.44","85.45","19.57","82.56","3.21","53.13","0.06","0.1","0.1","0","0.2","7.53","76","1.81","38.89","0.3","10.43","70.19"
"O. Koçuk","Turkey 1.","Samsunspor","GK","30","1000000","2028-06-30","9","897","0","0","Türkiye","right","187","0.7","0.2","100","0.1","0","0","0.73","0","0","0","0","0","0","0","0","0","0","0","0.1","0","0","0","0","16.25","85.8","9.13","78.02","6.12","70.49","0","0","0","0","0","0.7","57.14","0","0","0","5.12","74.51"
"R. van Drongelen","Turkey 1.","Samsunspor","LCB, CB","26","1400000","2026-06-30","9","897","2","0","Netherlands","left","188","9.63","5.02","80","4.62","50","0.7","8.01","0.3","0.2","0.11","0","0.6","50","33.333","0.1","0","0.1","0","0.4","50","0.9","1.3","0","50.67","87.52","24.68","79.67","6.32","57.14","0","0","0","0","0","6.52","73.85","0.7","57.14","0.6","11.74","76.92"
"D. Goutas","Turkey 1.","Gençlerbirliği","RCB, LCB, CB","31","2800000","","9","896","1","0","Greece","right","189","8.04","3.11","87.1","3.62","69.44","0.8","6.14","0.3","0.1","0.12","0","0.3","33.33","33.333","0","0","0.3","66.67","0.6","83.33","0.4","0","0","32.04","84.95","13.16","75.57","5.22","51.92","0","0","0","0","0","3.01","63.33","0.1","0","0","6.53","58.46"
"Pedro Pereira","Turkey 1.","Gençlerbirliği","RB","27","1500000","","9","896","0","0","Portugal","right","185","6.13","5.32","54.72","2.11","38.1","0.5","3.43","1","0","0.02","0","0.3","66.67","0","1.61","31.25","0.5","60","2.51","52","0.5","0.7","0","21.8","75.12","9.44","63.83","3.92","51.28","0.01","0","0","0","0.2","2.01","50","1.91","52.63","1","5.93","52.54"
"Nuno Lima","Turkey 1.","Alanyaspor","RCB, CB","24","500000","2029-06-30","9","895","0","0","Portugal","right","184","7.04","5.03","70","4.22","61.9","0.8","3.81","0","0","0.01","0","0.1","0","0","0.2","0","0","0","0.3","33.33","0.6","0.1","0","40.42","86.32","19.31","76.04","5.63","48.21","0","0","0","0","0.1","5.93","61.02","0.5","0","0.1","7.54","66.67"
"E. Taşkıran","Turkey 1.","Alanyaspor","GK","35","75000","","9","895","0","0","Türkiye","right","191","1.61","0.2","100","0.3","66.67","0","1.67","0","0","0","0","0","0","0","0","0","0","0","0.3","66.67","0","0","0","16.59","80.61","9.65","70.83","6.74","59.7","0","0","0","0","0","0.6","50","0","0","0","5.43","51.85"
"Marcos Felipe","Turkey 1.","Eyüpspor","GK","29","2000000","2027-12-31","9","892","0","0","Brazil","right","188","1.92","0","0","0.5","100","0","2.74","0","0","0","0","0","0","0","0","0","0","0","0.1","0","0","0","0","31.88","82.91","18.57","75.54","12.21","59.5","0","0","0","0","0.1","3.23","43.75","0.2","0","0","7.67","63.16"
"N. Mujakić","Turkey 1.","Eyüpspor","LCB, LB","27","2000000","2027-06-30","10","890","0","0","Bosnia and Herzegovina","left","189","6.07","4.35","72.09","2.53","56","0.4","4.08","0.4","0","0","0","0","0","0","0.61","50","0.2","50","2.02","60","0.1","0.71","0","34.69","86.01","16.08","76.1","3.34","57.58","0","0","0","0","0","3.74","59.46","0.51","40","0.1","4.85","70.83"
"C. Operi","Turkey 1.","İstanbul Başakşehir","LB","28","4000000","2026-06-30","9","885","0","0","Côte d'Ivoire","left","183","7.32","5.49","64.81","1.73","47.06","0.1","5.69","2.24","0","0","0","0.31","33.33","0","3.36","39.39","1.22","66.67","3.97","48.72","0.31","1.32","0.2","43.83","83.53","14.64","79.17","3.46","61.76","0.07","0","0","0","0.2","6.51","73.44","3.46","44.12","0.61","8.95","81.82"
"M. Bokele","Turkey 1.","Göztepe","LCB","25","1800000","2027-06-30","9","884","1","0","France","right","189","6.21","2.14","76.19","3.46","52.94","0.61","5.56","0.41","0.1","0.04","0.1","0.41","25","25","0.41","50","0.31","33.33","1.02","50","0.92","0.61","0.1","25.66","79.37","12.93","70.08","3.56","48.57","0","0","0","0","0","4.58","60","1.32","38.46","0.2","6.41","79.37"
"Héliton","Turkey 1.","Göztepe","CB","29","500000","","9","884","0","0","Brazil","left","195","7.53","3.46","85.29","5.19","64.71","0.31","5.43","0","0","0.02","0","0.31","0","0","0","0","0","0","0.1","100","0.61","0","0","17.51","81.98","8.65","70.59","3.87","63.16","0","0","0","0","0","3.16","61.29","0.41","0","0.1","4.38","83.72"
"M. Lis","Turkey 1.","Göztepe","GK","28","1600000","2027-06-30","9","884","0","0","Poland","right","192","1.73","0","0","0.71","85.71","0","2.1","0","0","0","0","0","0","0","0","0","0","0","0.1","100","0","0","0","13.85","69.85","12.52","68.29","11.2","66.36","0","0","0","0","0","8.45","63.86","0.61","50","0.31","8.45","87.95"
"B. Bayazıt","Turkey 1.","Kayserispor","GK","26","2800000","2026-06-30","9","883","0","0","Netherlands","right","185","1.12","0.2","50","0","0","0","1.44","0.1","0","0","0","0","0","0","0","0","0.1","100","0.2","100","0","0","0","24.46","80","16.82","73.94","12.84","62.7","0","0","0","0","0","2.45","41.67","0.31","0","0","9.68","74.74"
"M. Şengezer","Turkey 1.","İstanbul Başakşehir","GK","28","1700000","","9","882","0","0","Türkiye","right","192","1.63","0.1","0","0.31","100","0","2.5","0","0","0","0","0","0","0","0","0","0","0","0","0","0","0","0","28.98","85.92","15","75.51","8.57","57.14","0","0","0","0","0","3.57","48.57","0.41","25","0.1","6.02","72.88"
"L. Carole","Turkey 1.","Kayserispor","LB, LCB, CB","34","550000","","9","880","0","0","France","left","182","9","6.95","66.18","1.84","55.56","0.2","6.12","0.2","0","0","0","0","0","0","0.82","12.5","0.2","50","1.74","58.82","0.31","1.02","0","39.17","84.6","19.94","78.46","6.85","65.67","0.01","0","0","0","0","7.16","72.86","1.02","30","0.2","11.15","79.82"
"C. Højer","Turkey 1.","Rizespor","LB, LCB","30","1700000","2026-06-30","9","876","0","0","Denmark","left","184","6.37","5.65","61.82","2.05","65","0.31","3.44","1.54","0","0.02","0","0.62","0","0","2.16","47.62","0.62","83.33","2.36","56.52","0.51","1.03","0.1","40.79","82.37","16.44","71.88","5.14","46","0.09","0.1","0","0","0.21","5.55","79.63","2.77","59.26","0.41","9.55","70.97"
"D. Johnson","Turkey 1.","Fatih Karagümrük","RDMF, LDMF, DMF","33","800000","2026-06-30","10","875","1","2","Jamaica","left","174","4.22","4.01","48.72","0.82","37.5","0.31","2.85","1.54","0.1","0.08","0","0.51","40","20","1.34","23.08","0.93","88.89","3.5","50","0.72","0.41","0","38.88","83.33","12.24","73.11","3.5","38.24","0.12","0","0.31","66.67","0.41","6.07","66.1","2.06","50","0.72","5.35","75"
"A. Demirbağ","Turkey 1.","Konyaspor","LCB, RCB","27","1800000","","9","871","1","2","Türkiye","right","185","6.92","5.17","58","4.44","46.51","0.72","5.02","0.72","0.1","0.05","0.1","0.41","25","25","0.41","50","0.41","100","0.72","71.43","0.72","1.76","0","46.91","90.97","19.74","84.82","4.44","58.14","0.06","0","0","0","0.21","5.58","77.78","1.14","54.55","0.52","7.54","87.67"
"K. Kozłowski","Turkey 1.","Gaziantep","CF, AMF, RWF","22","5000000","2027-06-30","9","870","3","0","Poland","right","182","3","3.52","58.82","1.24","50","0","1.14","2.9","0.31","0.17","0","1.45","42.86","21.429","1.24","25","3.21","61.29","10.03","50.52","3","2.17","0.41","26.07","84.92","6.72","75.38","1.86","72.22","0.07","0.1","0.1","0","0.21","4.24","78.05","2.17","47.62","1.14","4.14","85"
"A. Baldursson","Turkey 1.","Kasımpaşa","RDMF, DMF, LCMF","23","1800000","","9","863","0","0","Iceland","right","187","11.16","7.51","65.28","1.98","42.11","0.52","7.11","0.21","0","0.03","0","0.94","11.11","0","0.1","100","0.21","0","2.61","60","0.21","0.21","0","25.55","78.37","11.05","68.87","4.48","53.49","0.02","0","0","0","0.1","6.78","66.15","0.83","75","0.52","6.26","70"
"F. Aliti","Turkey 1.","Alanyaspor","CB, LCB","32","1000000","2028-06-30","9","863","0","0","Switzerland","left","186","7.2","4.48","65.12","2.5","66.67","0.42","4.78","0.42","0","0.02","0","0.21","50","0","0.73","42.86","0","0","0.83","75","1.25","0","0","38.38","85.6","16.69","77.5","4.38","42.86","0","0","0","0","0","4.07","43.59","0.52","0","0","6.15","67.8"
"J. Balkovec","Turkey 1.","Fatih Karagümrük","LB, LCB","31","1200000","2027-06-30","9","862","0","0","Slovenia","left","185","8.87","5.01","64.58","2.19","47.62","0.21","8.18","1.36","0","0.04","0","0.73","28.57","0","1.67","43.75","0.63","66.67","2.51","50","0.63","0.84","0","34.77","77.48","15.24","66.44","6.58","49.21","0.03","0","0","0","0.1","6.37","59.02","1.88","55.56","0.31","8.35","65"
"S. Denswil","Turkey 1.","Kayserispor","RCB, LCB","32","2800000","","9","855","0","0","Netherlands","left","188","5.26","3.79","58.33","4.63","59.09","0.32","4.37","0.21","0","0.08","0","0.63","16.67","0","0","0","0.21","50","1.05","40","0.84","0.74","0","31.79","87.75","11.89","78.76","2.74","38.46","0.02","0.11","0","0","0","3.16","70","0.21","0","0.11","5.37","64.71"
"A. Maxim","Turkey 1.","Gaziantep","LCMF, CF","35","1000000","","9","848","2","5","Romania","right","177","3.08","3.08","58.62","1.17","0","0","1.69","1.7","0","0.24","0","1.91","11.11","11.111","1.06","50","1.8","52.94","5.52","48.08","1.27","2.12","0.11","44.04","88.92","11.04","75.96","5.09","75","0.2","0","0","0","0.64","6.16","82.76","2.44","56.52","0.85","6.37","88.33"
"L. Šatka","Turkey 1.","Samsunspor","RCB","29","1000000","2026-06-30","9","848","0","1","Slovakia","right","188","7","3.71","65.71","4.35","53.66","0.21","6.79","0.11","0","0","0","0.11","0","0","0.11","100","0","0","0.42","25","0.42","0.85","0","46.27","88.76","19","79.89","4.03","57.89","0.03","0","0","0","0.11","3.5","63.64","0.21","50","0.11","9.02","69.41"
"G. Papanikolaou","Turkey 1.","Rizespor","DMF, RDMF, LDMF","26","2000000","2027-06-30","9","847","1","0","Greece","right","181","7.97","5.63","56.6","2.87","48.15","0.32","6.24","0.43","0.11","0.14","0.11","0.96","22.22","11.111","0","0","0.53","40","2.55","41.67","1.17","0.53","0","36.77","84.68","11.37","71.96","4.04","47.37","0.01","0.11","0","0","0","5.1","72.92","0.43","25","0.11","5.42","58.82"
"M. Eskihellaç","Turkey 1.","Trabzonspor","LB","28","1400000","2027-06-30","9","847","0","1","Türkiye","right","175","5.84","4.25","57.5","1.38","61.54","0","4.65","2.02","0","0.04","0","0.64","33.33","0","1.06","40","2.76","50","7.33","44.93","0.53","4.04","0.53","38.68","86.26","10.52","76.77","2.02","52.63","0.05","0","0","0","0.32","3.4","71.88","2.13","55","1.06","5.63","73.58"
"A. Cherni","Turkey 1.","Göztepe","LWB, LB","24","0","2028-06-30","9","844","0","1","France","left","183","6.82","5.76","48.15","2.35","63.64","0","4.66","4.16","0","0.02","0","0.64","16.67","0","5.55","32.69","4.16","53.85","6.82","46.88","0.75","2.24","0.43","26.23","65.04","10.66","61","5.76","50","0.08","0","0","0","0.32","5.23","59.18","5.23","34.69","0.53","7.04","80.3"
"G. Dzhikiya","Turkey 1.","Antalyaspor","LCB","31","3500000","","9","841","2","0","Russia","left","188","4.92","3","57.14","2.89","55.56","0.43","3.82","0.43","0.21","0.03","0.11","0.32","100","66.667","0.11","0","0.11","100","0.75","57.14","0.32","0.43","0.11","36.81","87.79","13.16","73.98","5.99","60.71","0","0.11","0","0","0","3.53","63.64","0.43","0","0.11","6.1","63.16"
"M. Ibrahimoglu","Turkey 1.","Konyaspor","RCMF, DMF, LDMF","25","325000","2027-06-30","10","838","0","1","Austria","right","175","7.63","6.44","66.67","1.18","36.36","0.21","3.75","1.07","0","0.01","0","0.64","16.67","0","0.32","66.67","1.18","63.64","5.48","50.98","0.11","0.97","0.11","32.43","84.77","6.98","66.15","2.58","45.83","0.01","0","0","0","0.11","5.37","68","0.97","55.56","0.32","3.54","60.61"
"Thalisson","Turkey 1.","Gençlerbirliği","LCB, RCB","27","500000","2027-06-30","9","835","0","0","Brazil","right","185","8.08","4.42","60.98","3.02","42.86","0.32","5.77","0.43","0","0.05","0","0.43","50","0","0.22","0","0.22","100","1.51","64.29","0.43","0.65","0.11","29.86","84.84","12.29","74.56","3.13","34.48","0","0","0","0","0","1.72","25","0.75","0","0","3.77","51.43"
"L. Sané","Turkey 1.","Galatasaray","RAMF, RW","29","0","2028-06-30","10","833","3","1","Germany","left","183","5.62","4.21","71.79","0.65","16.67","0","4.77","4.54","0.32","0.38","0","2.59","29.17","12.5","2.05","21.05","4.21","71.79","7.67","50.7","3.57","3.24","0.43","39.44","83.29","7.35","73.53","0.65","50","0.21","0","0.43","75","0.86","2.81","80.77","3.57","45.45","2.59","4.32","80"
"T. Çukur","Turkey 1.","Fatih Karagümrük","CF, AMF, RAMF","22","300000","2027-06-30","9","832","1","0","Türkiye","right","196","4.22","3.79","71.43","2.92","55.56","0","2.05","1.3","0.11","0.19","0","1.73","31.25","6.25","1.08","10","1.08","60","8.22","31.58","2.27","1.08","0","22.07","76.96","6.49","63.33","1.08","30","0.04","0","0","0","0.11","2.38","72.73","1.62","53.33","0.97","3.79","71.43"
"O. Ntcham","Turkey 1.","Samsunspor","LCMF, LDMF","29","2800000","","9","819","0","0","France","right","180","4.62","3.41","58.06","1.87","76.47","0.11","3.65","1.43","0","0.06","0","1.87","17.65","0","0.55","60","1.21","63.64","4.73","39.53","0.77","1.32","0.22","44.4","87.62","17.14","76.92","4.51","56.1","0.07","0.11","0","0","0.11","9.12","78.31","2.09","68.42","0.55","7.36","77.61"
"Maestro","Turkey 1.","Alanyaspor","LCMF","22","0","","9","818","1","0","Angola","right","172","5.83","5.5","62","1.54","35.71","0.22","2.38","1.87","0.11","0.04","0","1.1","20","10","0.55","20","1.43","100","6.49","50.85","0.99","1.65","0.55","37.19","93.79","9.46","81.4","1.54","71.43","0.05","0.11","0.22","50","0.33","4.51","82.93","1.32","58.33","0.66","3.52","87.5"
"Wagner Pina","Turkey 1.","Trabzonspor","RB","22","0","","9","816","0","2","Portugal","right","180","9.26","7.72","67.14","2.32","33.33","0.77","6.1","1.43","0","0.01","0","0.44","25","0","1.76","56.25","1.21","27.27","3.86","48.57","0.99","1.1","0","33.31","85.43","9.71","73.86","2.87","46.15","0.06","0","0","0","0.66","2.21","60","1.54","57.14","0.44","5.07","71.74"
"A. Kurtulan","Turkey 1.","Göztepe","RWB, RB","22","0","2029-06-30","9","810","0","1","Albania","right","183","10.89","6.22","55.36","3.22","34.48","0.22","8.38","1.33","0","0.07","0","0.56","0","0","1.33","41.67","1.56","50","4.22","47.37","0.89","1.33","0.22","18.44","65.06","7.89","66.2","3.11","42.86","0.1","0","0","0","0.22","3.11","57.14","2.22","45","0.67","4.44","65"
"B. Petković","Turkey 1.","Kocaelispor","CF","31","5000000","2027-06-30","8","808","4","0","Croatia","right","193","2.78","1.67","53.33","9.36","38.1","0.11","2.56","1.34","0.22","0.39","0","1.67","40","26.667","0.22","50","2.23","25","11.92","28.04","3.12","0.33","0","16.15","69.66","6.01","57.41","1","55.56","0.11","0","0.22","0","0.33","2.56","43.48","1.23","36.36","0.89","1.56","71.43"
"L. Tómasson","Turkey 1.","Samsunspor","LB, LCB","25","1500000","2026-12-31","9","804","0","2","Iceland","left","187","7.72","5.93","71.7","2.57","43.48","0.45","5.11","2.24","0","0.03","0","0.56","20","0","3.58","21.88","1.79","75","3.58","56.25","2.13","2.35","0.11","32.35","74.05","12.54","72.32","2.91","38.46","0.1","0","0","0","0.34","3.58","68.75","2.8","48","1.12","7.5","65.67"
"Q. Laçi","Turkey 1.","Rizespor","AMF, RCMF, LCMF","29","2500000","","9","803","0","2","Albania","right","175","5.83","5.6","56","2.13","47.37","0.11","3.64","1.68","0","0.05","0","1.46","30.77","0","1.12","30","1.91","41.18","5.6","28","0.9","1.12","0.22","37.88","85.21","10.09","71.11","4.03","69.44","0.05","0","0.11","100","0.67","4.71","76.19","2.35","52.38","0.9","7.06","68.25"
"R. Çivelek","Turkey 1.","Kayserispor","RB, RW, RAMF","29","1000000","2027-06-30","10","803","0","0","Türkiye","right","171","5.94","6.28","48.21","2.13","36.84","0","4.12","1.68","0","0.01","0","0.34","0","0","2.47","36.36","1.34","58.33","3.47","48.39","1.34","1.68","0","40.35","79.17","16.7","70.47","2.69","37.5","0.08","0","0","0","0.11","5.83","61.54","2.35","42.86","0.45","7.73","66.67"
"S. Akaydin","Turkey 1.","Rizespor","LCB, CB, RCB","31","2500000","2026-06-30","8","802","0","0","Türkiye","right","190","12.46","6.73","73.33","6.06","51.85","0.56","10.1","0.22","0","0.02","0","0.22","50","0","0","0","0.11","100","0.79","57.14","0.67","1.23","0","42.76","88.98","15.04","78.36","3.93","60","0.01","0","0","0","0","4.71","76.19","0.22","0","0.22","6.96","62.9"
"T. Abraham","Turkey 1.","Beşiktaş","CF","28","30000000","2027-06-30","9","800","4","1","England","right","190","2.81","2.36","42.86","3.15","46.43","0.11","2.4","1.35","0.34","0.56","0","2.03","38.89","22.222","0.23","0","1.46","38.46","5.4","22.92","4.05","0.34","0","12.83","79.82","2.7","66.67","0.34","0","0.19","0","0","0","0.34","1.24","63.64","1.13","60","1.46","1.58","57.14"
"M. Škriniar","Turkey 1.","Fenerbahçe","RCB, CB","30","0","2029-06-30","8","799","1","0","Slovakia","right","188","7.88","5.18","73.91","4.96","72.73","0.45","6.16","0.23","0.11","0.04","0.11","0.45","25","25","0.23","0","0.11","100","1.58","71.43","0.34","1.46","0","68.82","94.44","27.6","91.43","3.38","50","0","0","0","0","0","8.56","81.58","0.45","75","0.34","8.67","80.52"
"Rhaldney","Turkey 1.","Göztepe","RCMF, AMF","26","600000","","9","798","1","0","Brazil","right","179","8.12","6.88","68.85","2.93","34.62","0.23","3.99","0.68","0.11","0.15","0","1.35","25","8.333","0.56","40","0.23","50","5.75","29.41","1.8","1.02","0.23","30.9","87.23","8.91","77.22","1.92","64.71","0.07","0","0","0","0.23","5.19","78.26","1.24","54.55","0.34","5.3","76.6"
"A. Szalai","Turkey 1.","Kasımpaşa","LCB","27","4000000","2027-06-30","8","798","0","0","Hungary","left","192","8.23","5.64","70","3.05","66.67","0.45","5.45","0.34","0","0.03","0","0.34","66.67","0","0.11","100","0","0","0.56","60","0.68","0.56","0","43.65","82.43","19.17","67.06","9.02","48.75","0.02","0","0","0","0","9.36","56.63","0.9","37.5","0.45","9.14","71.6"
"Ü. Akdağ","Turkey 1.","Alanyaspor","LCB","22","0","2028-06-30","8","798","1","0","Romania","left","192","8.12","6.32","60.71","3.38","70","0.23","5.02","0.56","0.11","0.06","0","0.34","33.33","33.333","0.68","50","0.34","33.33","2.14","52.63","0.68","1.47","0.11","46.24","82.2","23.57","73.68","8.68","53.25","0.05","0","0","0","0.11","8.57","57.89","1.47","38.46","0.34","9.92","69.32"
"M. Günok","Turkey 1.","Beşiktaş","GK","36","1200000","2027-06-30","8","796","0","0","Türkiye","right","196","1.47","0.11","100","0.23","100","0","1.79","0","0","0","0","0","0","0","0","0","0","0","0","0","0","0","0","18.77","82.53","12.55","75.68","6.78","53.33","0","0","0","0","0","2.04","33.33","0","0","0","5.88","75"
"Y. Özdemir","Turkey 1.","Alanyaspor","LB, LWB","24","2000000","","9","794","1","1","Türkiye","left","181","5.55","5.55","51.02","0.79","14.29","0","3.04","1.81","0.11","0.06","0.11","0.57","80","20","2.83","32","0.79","57.14","3.29","37.93","1.81","0.91","0.34","24.6","74.19","7.93","62.86","3.17","60.71","0.04","0","0.11","0","0.34","3.17","71.43","1.81","56.25","0.68","6.35","71.43"
"T. Şahin","Turkey 1.","Rizespor","RB, RWB","25","1200000","2027-06-30","9","791","0","0","Türkiye","right","178","7.17","6.03","64.15","1.25","27.27","0.23","4.44","2.39","0","0.04","0","0.34","0","0","3.64","40.63","1.37","66.67","3.87","58.82","0.57","2.05","0","43.92","81.35","17.29","73.68","3.3","51.72","0.07","0.11","0.11","0","0.57","5.46","68.75","3.87","50","0.57","9.33","75.61"
"B. Bozan","Turkey 1.","Gaziantep","GK","25","50000","2026-06-30","8","788","0","1","Türkiye","right","190","1.14","0.11","0","0.34","100","0","1.88","0","0","0","0","0","0","0","0","0","0","0","0","0","0","0","0","22.16","69.07","14.85","56.92","10.51","39.13","0","0","0","0","0.11","2.4","9.52","0.23","0","0","7.08","46.77"
"G. Makouta","Turkey 1.","Alanyaspor","RCMF","28","3000000","2027-06-30","9","788","0","0","France","right","180","4.68","4.11","63.89","1.26","27.27","0","2.38","0.23","0","0","0","0.11","0","0","0.46","25","0.23","50","4.57","47.5","0.23","0.57","0.34","38.26","86.57","10.28","75.56","1.94","47.06","0","0","0","0","0","5.37","76.6","1.6","57.14","0.91","5.6","67.35"
"L. Bénes","Turkey 1.","Kayserispor","LCMF, AMF, RDMF","28","5000000","2026-06-30","9","788","2","1","Slovakia","left","181","4.34","3.43","30","1.94","58.82","0","4.48","2.17","0.23","0.14","0","2.51","63.64","9.091","1.6","14.29","0.46","75","2.97","50","1.71","0.57","0","38.26","79.7","12.22","67.29","4.8","57.14","0.19","0","0.11","0","0.11","7.2","76.19","1.6","28.57","0.11","6.85","65"
"D. Ertaş","Turkey 1.","Konyaspor","GK","20","0","2027-06-30","8","787","0","0","Türkiye","","193","1.72","0.11","0","0.11","100","0","2.68","0","0","0","0","0","0","0","0","0","0","0","0","0","0","0","0","19.78","83.24","11.78","74.76","7.78","61.76","0","0.11","0","0","0","2.29","60","0","0","0","6.18","68.52"
"M. Ben Ouanes","Turkey 1.","Kasımpaşa","LAMF, LW, LB","31","1500000","2027-06-30","8","783","1","4","Tunisia","left","182","6.21","3.33","58.62","2.41","19.05","0.11","5.48","2.53","0.11","0.09","0.11","0.69","16.67","16.667","3.45","46.67","1.61","50","5.29","45.65","2.41","1.03","0.34","29.66","78.68","9.2","71.25","2.3","70","0.18","0","0","0","1.03","3.45","66.67","3.56","61.29","0.92","4.94","88.37"
"Rafa Silva","Turkey 1.","Beşiktaş","AMF, CF, LAMF","32","14000000","2027-06-30","9","782","5","1","Portugal","right","172","3.34","2.88","64","0.35","0","0","1.85","3.22","0.58","0.48","0","2.53","50","22.727","1.04","22.22","2.99","46.15","7.48","41.54","3.8","2.3","0.46","28.66","81.93","7.02","70.49","1.04","77.78","0.12","0.12","0.58","60","0.46","3.68","81.25","3.34","55.17","2.53","4.03","77.14"
"N. Storm","Turkey 1.","Antalyaspor","LAMF, LWF, LW","31","2000000","2026-06-30","9","767","2","1","Belgium","right","178","4.11","1.99","47.06","0.47","50","0","3.33","3.87","0.23","0.15","0","1.99","52.94","11.765","2.46","28.57","4.22","50","6.57","44.64","1.53","2.82","0.23","19.83","71.6","4.11","62.86","1.76","53.33","0.06","0.12","0.12","0","0.23","1.99","64.71","2.11","27.78","0.12","3.29","60.71"
"L. Torreira","Turkey 1.","Galatasaray","RDMF, RCMF, LDMF","29","15000000","2028-06-30","9","764","1","2","Uruguay","right","166","5.89","3.89","60.61","0.59","20","0","5.38","0.82","0.12","0.09","0","1.18","50","10","0.12","0","0.35","66.67","2.36","65","0.82","0.94","0","53.48","91.85","13.55","80.87","4.24","77.78","0.12","0.12","0","0","0.24","8.01","83.82","0.82","71.43","0.71","6.01","80.39"
"O. Kökçü","Turkey 1.","Beşiktaş","LDMF, LCMF, RDMF","24","0","2028-06-30","8","759","0","2","Netherlands","right","175","4.27","4.03","55.88","0.95","37.5","0.12","2.62","2.37","0","0.09","0","1.54","38.46","0","1.54","30.77","1.42","75","5.1","46.51","1.19","2.49","0.71","46.48","84.69","15.53","74.05","3.91","54.55","0.1","0.24","0.71","33.33","0.59","10.08","76.47","3.56","60","2.02","7.47","88.89"
"Janderson","Turkey 1.","Göztepe","CF","26","0","2028-06-30","9","758","1","2","Brazil","both","189","2.85","2.73","69.57","9.97","25","0","1.14","2.85","0.12","0.31","0.12","2.37","45","5","0.83","42.86","2.49","52.38","7.96","37.31","4.39","2.37","0.95","11.99","65.35","2.97","56","0.59","60","0.13","0.12","0.12","100","0.83","0.71","50","1.31","54.55","1.07","1.31","63.64"
"A. Dijksteel","Turkey 1.","Kocaelispor","RB, RCB","29","1200000","2027-06-30","9","758","0","0","Netherlands","right","183","6.29","4.75","82.5","2.14","55.56","0.36","3.39","1.54","0","0","0","0.12","0","0","0.83","14.29","2.02","70.59","4.27","55.56","0.59","1.07","0.47","31.11","81.3","11.28","71.58","3.21","37.04","0","0.12","0","0","0","3.8","56.25","1.42","16.67","0.36","4.39","70.27"
"M. Abena","Turkey 1.","Gaziantep","RCB, CB, LCB","30","1000000","2026-06-30","8","756","1","0","Suriname","right","191","10.12","6.07","84.31","5.6","55.32","0.6","7.19","0.12","0.12","0.03","0.12","0.36","33.33","33.333","0","0","0.12","0","2.14","33.33","0.6","0.24","0.24","34.29","93.4","10.48","87.5","0.6","80","0.04","0","0","0","0","1.43","100","0.12","100","0.24","3.45","51.72"
"Miguel Crespo","Turkey 1.","İstanbul Başakşehir","RCMF, LCMF, AMF","29","4000000","2027-06-30","10","752","0","3","France","right","185","6.82","5.63","48.94","2.39","45","0.36","5.67","0.84","0","0.15","0","0.6","20","0","0.96","37.5","0.84","42.86","5.98","46","0.96","1.32","0.12","29.2","83.2","8.02","68.66","1.56","53.85","0.13","0","0.12","0","0.84","4.07","67.65","0.96","62.5","0.72","4.43","75.68"
"Calegari","Turkey 1.","Eyüpspor","RB, RWB","23","4000000","2025-12-31","8","748","0","1","Brazil","right","171","7.58","6.74","55.36","1.56","53.85","0.36","5.45","1.08","0","0.03","0","0.6","40","0","1.93","25","0.84","42.86","4.33","38.89","1.08","0.84","0","29.36","77.46","12.03","71","3.13","53.85","0.04","0","0","0","0.12","3.49","75.86","1.44","41.67","0.48","5.9","61.22"
"C. Holse","Turkey 1.","Samsunspor","AMF, RCMF","26","3200000","2027-06-30","9","742","4","0","Denmark","left","177","5.34","4.85","70","2.43","25","0.24","2.87","1.33","0.49","0.21","0.12","1.94","50","25","0.97","12.5","0.24","100","2.91","45.83","3.03","0.85","0","30.93","81.18","7.04","56.9","1.58","30.77","0.07","0.12","0.12","0","0.12","3.76","54.84","1.33","45.45","0.73","3.52","75.86"
"Cláudio Winck","Turkey 1.","Kasımpaşa","RB","31","700000","2027-06-30","8","737","1","0","Brazil","right","184","6.72","5.86","58.33","4.4","55.56","0.12","3.84","1.95","0.12","0.1","0","0.85","28.57","14.286","3.18","26.92","1.71","50","3.79","38.71","1.22","1.59","0.37","24.91","65.2","13.07","56.07","5.86","31.25","0.03","0","0","0","0.37","7.2","47.46","3.66","43.33","0.37","7.08","79.31"
"M. Hanousek","Turkey 1.","Gençlerbirliği","LB","32","200000","","9","736","0","0","Czech Republic","left","182","5.63","4.16","58.82","1.35","54.55","0","3.57","0.86","0","0","0","0","0","0","1.59","38.46","0.24","100","0.73","33.33","0.24","1.59","0.12","28.61","79.49","15.41","76.98","3.91","40.63","0.06","0","0","0","0.24","5.26","72.09","1.71","42.86","0.12","7.7","68.25"
"E. Bardhi","Turkey 1.","Konyaspor","LWF, AMF, LCMF","30","6500000","","9","734","3","0","North Macedonia","right","172","3.8","3.68","50","0.86","42.86","0","2.78","2.45","0.25","0.18","0","2.21","33.33","16.667","1.23","20","1.72","78.57","6.13","36","1.96","1.47","0","30.65","82","8.83","73.61","2.57","66.67","0.03","0","0.12","100","0.12","4.17","79.41","1.47","16.67","0.49","4.9","80"
"J. Oosterwolde","Turkey 1.","Fenerbahçe","LCB, LB","24","0","2028-06-30","8","734","0","0","Netherlands","left","189","6.38","5.27","67.44","2.21","55.56","0.25","4.93","1.23","0","0.1","0","0.37","0","0","0.74","66.67","1.1","66.67","2.33","68.42","0.37","1.47","0","54.93","89.29","20.23","79.39","4.17","38.24","0.02","0","0","0","0.12","7.85","73.44","1.84","46.67","0.49","6.01","69.39"
"M. Mouandilmadji","Turkey 1.","Samsunspor","CF","27","1500000","2028-06-30","9","729","2","0","Chad","right","190","2.1","2.22","50","6.42","42.31","0.12","1.47","0.99","0.12","0.31","0","1.6","53.85","15.385","0.25","0","0.62","20","7.78","28.57","3.46","0.62","0","14.69","72.27","3.33","48.15","0.62","60","0.01","0","0.12","0","0.12","1.98","68.75","0.62","40","0.37","1.48","83.33"
"Y. En-Nesyri","Turkey 1.","Fenerbahçe","CF","28","20000000","2029-06-30","9","725","4","0","Morocco","left","188","1.86","1.37","36.36","3.97","40.63","0","2.16","1.61","0.5","0.71","0","2.86","39.13","17.391","0.5","50","0.37","66.67","2.98","25","3.35","0.74","0.25","11.3","81.32","2.48","65","0.37","66.67","0.05","0","0.12","0","0.5","1.12","33.33","0.87","71.43","0.74","0.99","75"
"S. Gürler","Turkey 1.","Eyüpspor","LWB, LW, LAMF","34","800000","","10","723","0","0","France","right","175","3.98","2.49","70","2.24","16.67","0","3.21","2.99","0","0.11","0","1.74","35.71","0","2.86","30.43","2.74","54.55","5.85","44.68","2.37","1.99","0.25","25.77","75.85","7.34","54.24","1.74","50","0.02","0","0","0","0.5","2.74","68.18","2.74","36.36","0.25","4.36","71.43"
"M. Thiam","Turkey 1.","Eyüpspor","CF","33","3000000","2026-06-30","8","718","2","0","Senegal","right","185","2.76","1.75","64.29","5.01","37.5","0.25","2.53","2.01","0.25","0.24","0.13","1.38","54.55","18.182","1","50","0.75","100","4.14","33.33","3.64","0.13","0","14.92","78.99","2.26","66.67","0.25","50","0.11","0","0","0","0.25","0.75","83.33","1","62.5","0.63","1.5","66.67"
"Gabriel Sara","Turkey 1.","Galatasaray","AMF, LCMF, LDMF","26","18000000","2029-06-30","10","712","1","2","Brazil","left","177","5.69","5.56","61.36","2.28","38.89","0.13","4.46","3.03","0.13","0.05","0","1.64","30.77","7.692","2.02","43.75","2.4","47.37","5.06","50","1.39","1.01","0","47.28","85.56","15.04","75.63","2.4","47.37","0.46","0","0.51","100","0.63","7.08","80.36","4.93","58.97","2.28","8.09","84.38"
"O. Zubkov","Turkey 1.","Trabzonspor","RAMF, RW","29","7000000","2029-06-30","10","704","1","2","Ukraine","left","182","4.73","3.84","53.33","0.64","40","0","3.7","3.58","0.13","0.19","0","2.94","26.09","4.348","2.05","43.75","3.71","51.72","8.44","34.85","2.81","3.07","0.26","31.45","78.86","8.31","66.15","6.39","68","0.11","0.13","0","0","1.02","4.35","47.06","4.35","58.82","2.3","5.63","86.36"
"Show","Turkey 1.","Kocaelispor","DMF, RDMF, LDMF","26","0","2027-06-30","8","703","0","0","Angola","right","180","5.76","4.86","50","1.15","44.44","0.38","4.2","0.26","0","0.01","0","0.64","20","0","0.38","0","0.26","50","3.2","56","0.77","0.26","0","32.65","81.96","10.63","66.27","3.07","37.5","0.01","0","0","0","0.13","3.84","70","1.28","50","0.77","4.74","70.27"
"A. Sowe","Turkey 1.","Rizespor","CF","31","1700000","","9","700","0","1","Gambia","right","191","1.41","1.41","36.36","4.76","24.32","0.13","1.28","0.77","0","0.36","0","1.41","9.09","0","0.39","33.33","1.54","33.33","7.71","26.67","2.57","0.13","0","12.47","74.23","2.06","31.25","1.03","100","0.03","0","0","0","0.26","0.9","71.43","0.64","20","0.26","0.77","50"
"Ž. Žužek","Turkey 1.","Gençlerbirliği","RDMF, RCMF, LCB","28","200000","2026-06-30","9","697","2","0","Slovenia","right","186","7.62","5.68","68.18","2.71","66.67","0.13","3.38","0.77","0.26","0.12","0.13","1.29","40","20","0.39","0","0.52","50","2.07","62.5","0.77","0.26","0","30.86","83.68","11.1","67.44","3.23","60","0.01","0","0","0","0.13","4.26","66.67","0.26","50","0.13","6.84","67.92"
"G. Gürpüz","Turkey 1.","Gençlerbirliği","RAMF, RW, CF","22","300000","2026-06-30","9","695","0","2","Germany","right","176","4.4","4.27","60.61","0.39","0","0","1.85","1.94","0","0","0","0","0","0","1.55","33.33","2.2","58.82","8.16","36.51","1.17","1.94","0","22.66","81.71","5.96","71.74","1.94","60","0.17","0","0.13","100","0.52","3.63","75","1.68","46.15","0.65","4.14","75"
"Y. Akgün","Turkey 1.","Galatasaray","LAMF, AMF, RAMF","25","0","2029-06-30","9","693","2","2","Türkiye","left","173","2.47","2.21","52.94","0.65","20","0.13","2.56","2.86","0.26","0.29","0","1.82","42.86","14.286","1.82","21.43","2.86","50","8.83","36.76","3.9","2.99","0.52","35.19","84.13","8.96","79.71","1.82","78.57","0.18","0","0.39","66.67","1.04","3.64","82.14","4.03","58.06","2.73","4.81","81.08"
"P. Guèye","Turkey 1.","Kasımpaşa","CF","26","700000","2026-05-31","7","691","3","0","Senegal","right","188","3","4.43","41.18","7.68","35.59","0.13","1.59","1.43","0.39","0.36","0.13","2.08","25","18.75","0.52","25","2.21","35.29","10.16","29.49","3.52","1.56","0.13","12.89","75.76","3.65","78.57","0.26","0","0.05","0","0","0","0.26","1.69","84.62","0.65","80","0.65","1.82","85.71"
"G. Sazdağı","Turkey 1.","Beşiktaş","RB","31","1000000","","7","689","0","0","Türkiye","right","179","9.54","9.8","62.67","5.22","50","0.39","3.48","1.44","0","0.01","0","0.26","0","0","2.61","35","1.18","44.44","3.66","35.71","0.13","2.09","0.26","34.22","72.14","15.67","60.83","4.31","42.42","0.05","0","0.26","0","0.26","6.14","61.7","2.09","43.75","0.26","9.54","71.23"
"A. Ndao","Turkey 1.","Konyaspor","RAMF, RWF, RW","28","1300000","2026-06-30","9","688","2","3","Senegal","right","176","3.92","2.75","76.19","0.92","14.29","0","2.64","3.53","0.26","0.08","0","1.57","25","16.667","4.71","38.89","2.09","62.5","6.41","44.9","3.27","1.7","0","31.92","75.41","6.41","73.47","2.09","43.75","0.34","0.13","0","0","0.65","2.75","66.67","2.62","55","0.92","5.23","85"
"E. Elmalı","Turkey 1.","Galatasaray","LB, LWB, LAMF","25","4000000","2027-06-30","9","686","3","0","Türkiye","left","183","5.38","4.59","51.43","3.02","60.87","0.26","4.72","1.84","0.39","0.11","0.13","0.66","60","60","3.02","39.13","0.26","100","3.15","37.5","1.31","0.39","0.13","44.61","87.94","12.07","80.43","2.62","55","0.09","0","0","0","0.52","3.8","62.07","3.54","44.44","0.39","5.9","88.89"
"B. Balcı","Turkey 1.","Antalyaspor","RB","25","3000000","2027-06-30","9","680","0","0","Türkiye","right","173","11.65","8.87","64.18","0.53","50","0.4","6.95","1.19","0","0","0","0","0","0","1.46","63.64","0.66","40","2.78","57.14","0.26","1.46","0.13","34.15","81.78","14.56","68.18","5.16","51.28","0","0","0","0","0","4.1","61.29","1.72","46.15","0.13","8.21","62.9"
"M. Kabasakal","Turkey 1.","Gaziantep","DMF, RCMF, RDMF","29","400000","2026-06-30","9","676","1","0","Türkiye","right","178","10.52","8.92","70.15","0.53","50","0.13","6.09","0.67","0.13","0.02","0","0.53","50","25","0.27","0","1.07","37.5","4.39","39.39","0.4","0.8","0.27","36.61","86.55","9.19","68.12","2.93","54.55","0.02","0.13","0","0","0","2.66","80","0.27","0","0.13","4.53","38.24"
"K. Olaigbe","Turkey 1.","Trabzonspor","LAMF, LW","22","1500000","2030-06-30","10","671","0","0","Belgium","right","178","4.56","3.62","66.67","0.54","0","0.27","3.1","4.02","0","0.09","0","2.01","33.33","0","1.88","14.29","5.1","60.53","12.21","40.66","1.88","3.89","0.13","25.08","82.89","4.16","70.97","1.34","70","0.07","0","0.13","0","0.54","1.34","70","2.01","53.33","1.21","3.76","89.29"
"A. Brown","Turkey 1.","Fenerbahçe","LB, LWB","23","0","2028-06-30","8","667","1","1","England","left","190","4.72","5.94","47.73","2.7","60","0.27","3.2","3.91","0.13","0.2","0","1.21","22.22","11.111","5.67","28.57","3.1","65.22","7.69","50.88","2.97","3.24","0.4","38.19","80.21","9.85","79.45","1.62","25","0.21","0.13","0","0","0.4","4.18","80.65","4.05","43.33","0.54","6.34","76.6"
"Felipe Augusto","Turkey 1.","Trabzonspor","CF, AMF","21","3000000","2028-06-30","10","667","5","0","Brazil","left","187","5.8","5.94","59.09","1.89","28.57","0","3.12","3.37","0.67","0.36","0.13","2.56","47.37","26.316","1.08","50","2.83","57.14","10.52","35.9","3.64","2.16","0.54","13.9","81.55","2.97","59.09","0.54","50","0.1","0.27","0","0","0.13","0.94","42.86","0.94","57.14","0.27","0.94","71.43"
"A. Dennis","Turkey 1.","Göztepe","LCMF, DMF, RCMF","21","0","","8","659","2","0","Nigeria","right","179","7.51","5.33","58.97","2.46","50","0.14","5.39","0.82","0.27","0.09","0","1.37","40","20","0.41","0","0.96","14.29","4.51","24.24","0.68","0.96","0","30.86","80.97","10.93","68.75","1.91","50","0","0.14","0.14","100","0","5.74","69.05","0.96","42.86","0.27","5.05","70.27"
"Z. Yavru","Turkey 1.","Samsunspor","RB","34","300000","","8","659","0","0","Türkiye","right","178","9.15","7.51","65.45","2.32","58.82","0.41","5.69","0.27","0","0","0","0.27","0","0","1.37","20","0.14","0","1.23","44.44","0.27","0.27","0","33.73","77.33","15.57","69.3","5.33","48.72","0.15","0","0","0","0.14","5.74","66.67","1.37","30","0.14","9.56","70"
"S. Dikmen","Turkey 1.","Antalyaspor","RDMF, RCMF","32","1700000","2026-06-30","8","658","2","0","Türkiye","right","179","6.98","5.47","50","2.87","42.86","0.14","5.17","0.55","0.27","0.13","0","0.82","50","33.333","0.68","20","0","0","2.19","37.5","1.09","0.55","0.27","29.54","83.33","8.48","69.35","2.87","57.14","0","0","0","0","0","3.15","65.22","0.68","40","0.14","4.24","58.06"
"Y. Kayan","Turkey 1.","Eyüpspor","LCMF, RCMF","26","1100000","","10","657","0","1","Türkiye","left","180","5.07","4.11","60","0.82","33.33","0","3.18","2.74","0","0.16","0","0.68","80","0","1.92","50","2.19","56.25","9.04","43.94","1.1","1.23","0","29.59","81.02","5.89","72.09","2.6","36.84","0.12","0","0","0","0.27","3.01","68.18","2.74","60","0.68","4.25","67.74"
"S. van de Streek","Turkey 1.","Antalyaspor","CF, RB, RAMF","32","1300000","","8","655","0","2","Netherlands","right","180","5.91","5.5","57.5","3.3","54.17","0","3.43","1.24","0","0.05","0","0.55","25","0","1.65","41.67","0.82","50","4.81","51.43","1.79","0.55","0","21.02","75.16","7.15","67.31","0.96","57.14","0.07","0","0.14","0","0.41","3.57","73.08","1.65","41.67","0.55","4.95","66.67"
"A. Musaba","Turkey 1.","Samsunspor","LW, AMF, RW","24","1300000","2029-06-30","7","648","1","1","Netherlands","right","182","2.78","3.61","53.85","0.97","0","0","1.13","5.56","0.14","0.2","0","2.22","31.25","6.25","4.31","35.48","5.56","57.5","11.67","40.48","5.14","4.31","1.25","21.11","71.05","4.58","72.73","0.83","0","0.11","0","0.14","100","0.97","0.97","85.71","3.47","60","1.53","3.89","78.57"
"G. Frimpong","Turkey 1.","Kasımpaşa","LB","26","1000000","","7","647","0","0","Netherlands","left","180","7.37","4.31","48.39","1.25","66.67","0.14","5.94","0.97","0","0.01","0","0.28","50","0","1.95","35.71","0.42","33.33","1.39","10","0.7","0.56","0.14","31.16","77.23","14.74","68.87","3.89","42.86","0.05","0","0","0","0.14","5.7","70.73","1.39","50","0.14","5.98","65.12"
"I. Yüksek","Turkey 1.","Fenerbahçe","LDMF, RDMF, RCMF","26","12000000","2027-06-30","8","644","0","0","Türkiye","right","183","9.64","8.66","66.13","2.66","68.42","0.28","6.2","1.82","0","0.11","0","1.54","18.18","0","0.42","33.33","1.96","71.43","6.29","60","0.98","2.52","0.14","55.06","88.32","16.35","75.21","3.35","62.5","0.04","0","0.28","0","0","8.52","77.05","1.12","50","0.98","8.25","76.27"
"Juan","Turkey 1.","Göztepe","CF","23","800000","2026-06-30","8","642","2","0","Brazil","right","177","3.36","3.08","54.55","7.99","29.82","0","1.71","2.38","0.28","0.34","0","1.54","54.55","18.182","0.7","40","1.68","75","6.87","36.73","3.5","1.4","0","15.7","75.89","3.5","84","0.42","33.33","0.11","0","0","0","0.42","1.12","75","0.7","40","1.26","1.26","77.78"
"L. Giannetti","Turkey 1.","Antalyaspor","RCB","31","2500000","2026-06-30","8","639","0","1","Argentina","right","185","9.15","4.79","70.59","3.66","57.69","0.85","6.57","0.28","0","0.02","0","0.42","66.67","0","0.28","0","0","0","0.42","33.33","0.56","0.85","0","37.61","85.02","16.2","72.17","6.2","52.27","0.02","0","0","0","0.14","4.37","58.06","0.28","50","0.14","7.32","65.38"
"T. Bingöl","Turkey 1.","Kocaelispor","AMF, LAMF, RB","32","700000","2026-06-30","7","636","3","0","Türkiye","right","180","5.24","4.1","48.28","3.25","34.78","0","5.08","1.7","0.42","0.14","0","1.13","62.5","37.5","0.57","0","2.12","40","10.47","35.14","3.11","1.42","0.28","24.06","81.76","7.78","76.36","2.12","60","0.01","0","0.14","100","0","2.26","56.25","0.99","14.29","0.28","2.83","80"
"B. Özdemir","Turkey 1.","İstanbul Başakşehir","DMF, RDMF, CB","27","6000000","","8","635","0","0","Türkiye","right","187","5.67","3.12","63.64","1.42","50","0.57","5.43","0.43","0","0.03","0","0.57","25","0","0.28","50","0.14","100","1.7","50","0.43","0.43","0","58.82","89.4","21.83","81.82","9.21","70.77","0.01","0.14","0","0","0","11.76","79.52","1.42","60","0.28","12.19","83.72"
"B. Yılmaz","Turkey 1.","Galatasaray","LW, CF, AMF","25","0","2028-06-30","8","631","3","2","Türkiye","right","186","3","3.85","48.15","3.42","50","0.14","1.98","5.28","0.14","0.47","0","3","47.62","14.286","2","28.57","5.71","57.5","14.55","42.16","5.42","3.14","0.29","24.39","78.95","4.42","67.74","2","50","0.11","0.14","0.14","0","0.86","1.71","58.33","1.85","38.46","1.43","2.42","70.59"
"M. Fall","Turkey 1.","Kasımpaşa","RW, RAMF, CF","33","1200000","2027-06-30","9","628","0","0","Senegal","right","184","3.87","3.15","59.09","3.58","32","0","1.94","1.58","0","0.13","0","0.72","40","0","3.15","18.18","1.43","50","4.87","29.41","3.44","0.72","0.14","14.33","69","1.86","69.23","0.57","25","0.03","0","0","0","0.14","0.29","50","1.43","50","0.14","1.29","55.56"
"F. Ebosele","Turkey 1.","İstanbul Başakşehir","RB","23","6000000","","9","622","0","0","Republic of Ireland","right","180","11","10.56","60.27","3.33","52.17","0.43","5.74","2.46","0","0.01","0","0.14","0","0","1.16","25","3.62","60","7.81","53.7","0.43","2.46","0.29","36.61","83.4","14.04","71.13","4.05","46.43","0.04","0","0","0","0","4.92","70.59","1.59","27.27","0.43","7.38","62.75"
"H. Hajradinović","Turkey 1.","Kasımpaşa","AMF, RCMF, LCMF","31","2700000","2026-06-30","7","616","2","0","Bosnia and Herzegovina","left","178","4.97","6.43","52.27","0.88","16.67","0","1.79","3.21","0.15","0.23","0","2.48","35.29","11.765","2.78","31.58","1.9","53.85","5.7","56.41","1.17","0.29","0","33.46","69.87","12.71","60.92","4.97","50","0.11","0.15","1.31","33.33","0","6.14","57.14","4.09","46.43","1.46","7.74","77.36"
"Talisca","Turkey 1.","Fenerbahçe","AMF, CF, LW","31","0","2026-06-30","9","614","3","0","Brazil","left","190","1.76","2.05","28.57","2.79","42.11","0.29","2.24","2.49","0.15","0.78","0.15","4.25","37.93","10.345","0.59","0","1.91","46.15","6.6","37.78","2.93","0.59","0.15","29.02","82.32","5.42","70.27","2.05","57.14","0.03","0","0.15","0","0","4.4","73.33","0.88","66.67","0.88","2.35","81.25"
"W. Ndidi","Turkey 1.","Beşiktaş","RDMF, LDMF, RCMF","28","0","2028-06-30","7","609","1","0","Nigeria","right","183","9.31","5.62","55.26","2.96","50","0.3","7.6","0.3","0.15","0.07","0.15","0.59","25","25","0.3","0","0.3","50","3.84","50","0.3","0.3","0.15","43.74","82.77","11.38","61.04","2.51","11.76","0","0","0","0","0","4.58","45.16","1.03","28.57","0.3","3.25","45.45"
"D. Sorescu","Turkey 1.","Gaziantep","RAMF, RB, RW","28","1000000","2027-06-30","8","608","1","0","Romania","right","175","4.14","4.44","70","0.3","0","0","1.49","2.81","0.15","0.25","0","2.22","33.33","6.667","2.81","52.63","2.07","28.57","5.63","23.68","2.81","2.52","0.74","26.64","70.56","6.51","61.36","3.4","43.48","0.05","0.15","0","0","0.15","2.66","61.11","2.52","70.59","0.44","6.37","65.12"
"A. Ömür","Turkey 1.","Antalyaspor","AMF, RAMF, LCMF","26","7000000","2027-06-30","9","603","0","1","Türkiye","left","168","6.42","5.82","66.67","1.34","33.33","0.15","2.41","1.19","0","0.14","0","0.9","66.67","0","0.75","20","0.6","75","4.33","37.93","1.04","0.9","0.3","25.22","80.47","6.27","73.81","1.34","66.67","0.01","0.15","0.3","0","0.15","2.99","75","1.49","30","0.6","2.99","65"
"A. Onana","Turkey 1.","Trabzonspor","GK","29","0","2028-06-30","6","602","0","0","Cameroon","right","190","1.05","0.15","0","0.15","100","0","1.39","0","0","0","0","0","0","0","0","0","0","0","0.15","100","0","0","0","21.83","85.62","10.32","73.91","8.67","67.24","0","0","0","0","0","2.99","65","0","0","0","7.62","74.51"
"Serginho","Turkey 1.","Fatih Karagümrük","LAMF, LWF, LW","30","0","2026-06-30","9","597","1","0","Brazil","right","180","3.47","3.17","57.14","1.51","20","0","2.44","2.26","0.15","0.1","0","1.21","37.5","12.5","1.36","11.11","2.86","57.89","9.35","45.16","1.96","1.51","0","15.68","70.19","4.67","67.74","1.21","50","0.03","0","0.15","0","0.15","1.51","70","2.11","42.86","0.75","3.02","75"
"D. Jurásek","Turkey 1.","Beşiktaş","LB","25","8000000","2028-06-30","8","595","0","0","Czech Republic","left","183","4.99","3.93","69.23","0.76","60","0.3","3.1","2.57","0","0","0","0","0","0","5.6","32.43","1.21","62.5","2.72","44.44","0.61","0.76","0.15","37.51","77.82","10.44","72.46","3.78","40","0.21","0","0","0","0.76","2.42","62.5","3.93","42.31","0.3","7.41","63.27"
"Julián","Turkey 1.","Antalyaspor","GK","34","450000","2027-06-30","6","594","0","0","Spain","right","196","0.91","0.15","0","0.61","75","0","1.08","0.15","0","0","0","0","0","0","0","0","0.15","100","0.15","100","0","0","0","26.21","82.66","14.85","71.43","10.61","58.57","0","0.15","0","0","0","0.91","50","0","0","0","6.97","56.52"
"İ. Kaya","Turkey 1.","Alanyaspor","AMF, RW, RCMF","24","0","2029-06-30","9","594","2","0","Türkiye","","0","2.88","2.88","52.63","1.67","27.27","0","1.36","3.64","0.15","0.31","0","2.42","37.5","12.5","4.09","33.33","2.88","47.37","11.06","36.99","2.73","1.82","0.3","18.94","75.2","3.33","81.82","1.21","62.5","0.11","0","0","0","0.15","1.52","70","1.97","38.46","0.15","3.18","80.95"
"Nélson Semedo","Turkey 1.","Fenerbahçe","RB, RWB, RCB","31","0","2027-06-30","7","594","1","0","Portugal","right","177","8.18","7.42","71.43","1.36","11.11","0.15","4.86","2.42","0.15","0.02","0","0.3","100","50","1.97","46.15","2.73","44.44","5.91","38.46","1.21","3.18","1.21","44.85","87.84","13.94","80.43","1.97","30.77","0.12","0","0","0","0.91","4.09","70.37","1.97","76.92","0.61","6.52","76.74"
"C. Lungoyi","Turkey 1.","Gaziantep","LWF, LWB, LAMF","25","600000","2026-06-30","8","592","2","2","Congo DR","left","182","2.43","4.41","44.83","2.43","25","0","0.8","6.23","0.3","0.26","0","2.43","31.25","12.5","1.67","27.27","7.75","64.71","14.44","50.53","4.56","5.17","0.3","20.37","76.87","4.71","74.19","0.61","0","0.15","0.15","0","0","0.76","2.13","50","1.37","33.33","1.22","2.58","76.47"
"D. Sánchez","Turkey 1.","Galatasaray","RCB, CB","29","18000000","","8","591","1","0","Colombia","right","187","7.92","5.48","63.89","3.05","50","0.61","7.43","0.3","0.15","0.09","0.15","0.3","50","50","0.15","100","0","0","1.68","54.55","0.61","0.76","0","64.72","91.53","24.37","86.88","4.42","44.83","0.03","0","0","0","0","6.85","60","0.61","50","0","7.92","78.85"
"A. Mocsi","Turkey 1.","Rizespor","RCB, RB","25","1800000","2027-06-30","8","589","0","0","Slovakia","right","188","8.1","6.72","63.64","4.58","53.33","0.31","4.63","0","0","0","0","0","0","0","0","0","0","0","0.46","100","0.15","0.31","0","44.01","87.85","18.34","76.67","6.26","53.66","0","0","0","0","0","3.82","48","0.31","0","0","6.42","69.05"
"M. Jevtović","Turkey 1.","Konyaspor","CB, RDMF, RCB","32","650000","2026-06-30","7","587","0","0","Serbia","right","194","8.59","5.06","75.76","3.99","53.85","0.46","5.47","0.15","0","0.03","0","0.61","25","0","0.15","0","0.15","0","0.61","25","0.61","0.31","0","39.1","85.49","16.1","74.29","4.75","51.61","0.01","0","0","0","0.15","4.75","61.29","1.07","71.43","0.61","8.59","78.57"
"A. Çınar","Turkey 1.","Fatih Karagümrük","LCB","22","0","2027-06-30","6","583","1","0","Türkiye","left","193","10.19","7.56","69.39","4.79","74.19","0.46","7.03","0.15","0.15","0.06","0","0.46","33.33","33.333","0","0","0","0","1.39","44.44","0.77","1.23","0","50.94","81.21","23.93","69.03","7.87","47.06","0","0","0","0","0","6.48","47.62","0.62","25","0.15","9.42","63.93"
"A. Opoku","Turkey 1.","Kayserispor","RW, RAMF, CF","26","600000","","10","581","0","1","Germany","right","185","3.41","3.41","54.55","2.48","31.25","0","2.14","5.11","0","0.15","0","1.55","40","0","4.03","46.15","3.72","66.67","8.36","38.89","4.34","1.55","0","22.77","72.11","5.58","69.44","1.7","63.64","0.32","0.31","0.31","50","1.24","1.7","72.73","4.8","74.19","3.41","6.2","92.5"
"U. Ogundu","Turkey 1.","Alanyaspor","CF","19","0","2028-06-30","8","580","2","1","Nigeria","","0","2.95","2.79","55.56","4.66","33.33","0.31","1.63","1.71","0.31","0.32","0","2.02","53.85","15.385","0.78","0","1.4","44.44","7.29","34.04","4.66","1.24","0.47","14.9","67.71","3.26","47.62","0.16","0","0.08","0","0","0","0.31","0.47","100","0.93","50","1.24","1.71","72.73"
"J. Muleka","Turkey 1.","Konyaspor","LAMF, LW, AMF","26","4000000","2027-06-30","8","580","1","0","Congo DR","right","180","4.34","4.34","53.57","4.5","55.17","0","3.15","3.72","0.16","0.24","0","2.48","50","6.25","1.71","18.18","4.19","51.85","16.29","45.71","2.95","2.33","0.16","23.59","77.63","6.67","62.79","1.24","62.5","0.01","0","0.16","0","0.31","3.1","75","1.24","50","0.47","3.26","85.71"
"D. Toköz","Turkey 1.","Kayserispor","DMF, LDMF, RCMF","29","2100000","","10","577","0","0","Türkiye","right","182","6.55","5.93","50","3.43","45.45","0.16","4.7","0.31","0","0.07","0","0.78","0","0","0.31","100","0","0","1.25","50","0.62","0.62","0","31.51","82.67","10.76","68.12","4.68","53.33","0.04","0","0","0","0.16","5.62","63.89","0.78","80","0.31","6.71","76.74"
"O. Yokuşlu","Turkey 1.","Trabzonspor","LCMF, LDMF, RDMF","31","3000000","2027-06-30","7","558","1","0","Türkiye","right","191","5.65","4.52","46.43","3.71","56.52","0","4.8","1.13","0.16","0.03","0","0.48","33.33","33.333","0.48","100","0.48","100","4.52","50","0.81","0.32","0","36.13","84.82","11.29","68.57","3.39","38.1","0.03","0","0","0","0.65","4.84","70","0.81","60","0.32","5","70.97"
"S. Sešlar","Turkey 1.","Eyüpspor","AMF, CF, LCMF","23","2500000","2027-06-30","8","557","1","1","Slovenia","left","186","5.49","2.91","72.22","1.29","50","0.32","4.76","0.97","0.16","0.11","0.16","0.97","33.33","16.667","1.13","42.86","0.32","50","5.33","39.39","1.29","1.29","0","25.85","83.13","5.66","71.43","1.62","70","0.11","0","0.16","0","0.65","2.26","78.57","1.78","63.64","0.97","4.2","57.69"
"D. Drăguş","Turkey 1.","Eyüpspor","CF, AMF, LAMF","26","4000000","2028-06-30","7","552","0","0","Romania","right","185","5.38","6.03","64.86","1.63","30","0","2.18","3.26","0","0.14","0","2.45","20","0","1.14","28.57","5.87","41.67","14.51","31.46","2.77","3.1","0.33","22.83","74.29","6.2","57.89","1.79","27.27","0.05","0.16","0","0","0.33","1.96","41.67","3.59","36.36","1.63","3.42","57.14"
"J. Nonge","Turkey 1.","Kocaelispor","LCMF, AMF","20","0","2028-06-30","9","550","0","0","Belgium","left","184","5.56","4.91","66.67","1.47","44.44","0.16","2.29","3.11","0","0.08","0","0.82","40","0","0.49","33.33","3.27","80","9.65","49.15","1.31","1.96","0.82","15.22","81.72","4.42","55.56","0.65","100","0.08","0.16","0","0","0.16","1.64","60","1.47","44.44","0.82","1.31","50"
"B. Özcan","Turkey 1.","Fatih Karagümrük","LDMF, LCMF","27","4200000","2027-06-30","9","550","0","0","Germany","right","178","5.4","4.25","69.23","2.45","26.67","0.16","3.46","0.98","0","0.04","0","0.65","0","0","0.82","40","1.31","37.5","7.69","25.53","0.65","1.8","0.16","29.13","83.71","8.18","58","1.96","33.33","0.08","0.16","0.65","25","0.33","3.6","72.73","2.45","33.33","0.33","3.93","79.17"
"R. Bazoer","Turkey 1.","Konyaspor","RCB, CB, LCB","29","4000000","2026-06-30","6","547","0","0","Netherlands","right","184","5.27","4.11","68","1.65","30","0","3.55","0","0","0.02","0","0.16","0","0","0.16","0","0.16","0","0.66","25","0.49","0.66","0","52.98","87.27","19.25","70.94","7.4","46.67","0","0","0","0","0","7.07","53.49","1.15","28.57","0.49","7.07","65.12"
"Fred","Turkey 1.","Fenerbahçe","LDMF, LCMF, RCMF","32","0","2027-06-30","9","547","0","0","Brazil","left","169","6.58","6.25","57.89","0.49","33.33","0.33","4.75","0.66","0","0.09","0","0.99","33.33","0","0.99","33.33","0","0","2.96","50","0.82","1.15","0","52.82","84.74","15.3","70.97","3.95","50","0.09","0","0","0","0.16","9.54","68.97","2.47","33.33","0.99","6.75","87.8"
"E. Topçu","Turkey 1.","Beşiktaş","LCB, RCB, LB","25","4300000","","6","535","0","0","Türkiye","left","188","12.11","6.73","77.5","3.36","50","0.5","8.28","0.17","0","0.02","0","0.34","50","0","0.5","0","0","0","1.68","20","1.35","0.5","0","39.2","78.54","17.16","67.65","7.4","45.45","0","0","0.17","0","0","6.22","54.05","0.5","0","0.17","7.07","76.19"
"A. Kızıldağ","Turkey 1.","Gaziantep","RCB, RB","27","750000","2027-06-30","6","530","1","0","Türkiye","right","187","7.98","4.92","68.97","3.74","63.64","0.51","6.61","0.17","0.17","0.01","0.17","0.17","100","100","0","0","0","0","0.85","60","0.34","1.36","0","51.11","88.37","23.94","83.69","4.58","40.74","0","0","0","0","0","5.43","65.63","0.34","0","0","7.3","72.09"
"Luis Pérez","Turkey 1.","Gaziantep","RWB, RB","30","1600000","","6","529","0","0","Spain","right","173","8.17","7.66","66.67","2.89","52.94","0.51","5.15","2.21","0","0.02","0","0.51","66.67","0","3.91","34.78","1.19","42.86","2.21","38.46","1.36","2.04","0","46.79","78.91","15.65","68.48","4.76","50","0.12","0","0","0","0.34","4.25","64","3.91","30.43","0.34","8.85","78.85"
"F. Uduokhai","Turkey 1.","Beşiktaş","LCB","28","7000000","2027-06-30","6","529","0","0","Germany","left","193","7.49","5.78","67.65","5.78","55.88","0.34","5.43","0.34","0","0.08","0","0.34","100","0","0.17","0","0","0","1.53","44.44","0.51","0.51","0","49.68","92.12","18.71","86.36","3.91","47.83","0.02","0","0","0","0","6.64","84.62","0.34","50","0.17","6.98","73.17"
"Hwang Ui-Jo","Turkey 1.","Alanyaspor","AMF, LW, CF","33","1800000","2027-06-30","8","526","1","1","Korea Republic","right","185","1.88","2.4","50","2.22","30.77","0","0.77","2.05","0.17","0.14","0","1.71","30","10","0.86","40","2.22","53.85","5.99","34.29","1.54","0.34","0","18.31","75.7","3.59","52.38","1.03","50","0.07","0","0.17","0","0.17","1.54","55.56","1.71","50","0.68","2.74","62.5"
"J. Kałuziński","Turkey 1.","İstanbul Başakşehir","DMF, LDMF, LCMF","22","2100000","2026-06-30","9","518","0","0","Poland","right","184","4.69","5.56","37.5","1.56","66.67","0","4.05","0.87","0","0.11","0","1.04","33.33","0","0.87","40","0.35","50","2.43","42.86","0.52","1.74","0","49.86","86.41","13.9","82.5","3.13","50","0.08","0","0","0","0.17","6.43","81.08","2.08","41.67","0.69","7.47","67.44"
"Jesper Ceesay","Turkey 1.","Antalyaspor","LDMF, DMF, RDMF","24","450000","2025-12-31","8","515","0","0","Sweden","right","193","7.51","3.67","61.9","1.05","66.67","0","6.13","0.52","0","0","0","0","0","0","0.52","100","0","0","1.75","50","0.17","0.17","0","34.08","82.56","10.66","67.21","2.97","47.06","0.02","0","0","0","0","4.89","60.71","0.87","40","0","5.42","48.39"
"Y. Fofana","Turkey 1.","Rizespor","GK","25","3500000","2026-06-30","5","512","0","0","France","right","194","0.35","0","0","0.35","100","0","0.52","0","0","0","0","0","0","0","0","0","0.18","0","0.35","50","0","0","0","23.03","84.73","10.2","70.69","7.91","64.44","0","0","0","0","0","1.05","66.67","0.18","0","0","5.45","61.29"
"G. Onugkha","Turkey 1.","Kayserispor","CF","29","1700000","2026-06-30","6","511","3","0","Russia","right","193","1.23","1.23","28.57","10.74","40.98","0.18","1.46","0.88","0.53","0.52","0.35","2.47","35.71","21.429","0","0","0.18","0","5.81","21.21","3.87","0.18","0","11.62","68.18","3.17","50","0.35","100","0.03","0","0","0","0.35","1.41","50","0.53","66.67","0.7","0.53","100"
"A. Kol","Turkey 1.","Kasımpaşa","LW, LAMF","24","175000","2026-06-30","9","509","0","0","Türkiye","right","175","9.9","10.26","67.24","2.65","53.33","0","3.52","3.18","0","0.1","0","2.83","18.75","0","3.89","22.73","6.19","28.57","12.55","28.17","4.24","3.89","1.06","27.41","69.03","5.13","62.07","1.41","50","0.07","0","0","0","0.35","1.94","63.64","3.71","33.33","1.24","4.6","65.38"
"João Mendes","Turkey 1.","Kayserispor","RCMF, AMF","31","2000000","","7","506","0","1","Portugal","right","183","3.38","2.85","81.25","1.42","25","0","1.42","2.13","0","0.13","0","1.6","22.22","0","2.13","41.67","1.25","57.14","6.23","48.57","1.6","1.6","0.36","35.93","80.2","10.67","76.67","3.56","40","0.09","0","0.18","100","0.18","6.4","80.56","2.13","50","0.71","7.11","75"
"T. Čvančara","Turkey 1.","Antalyaspor","CF","25","8000000","2028-06-30","8","505","1","0","Czech Republic","right","190","2.67","1.96","72.73","5.52","22.58","0.18","1.33","2.14","0.18","0.32","0","1.78","60","10","0.71","50","1.6","44.44","7.66","32.56","3.03","0.89","0.18","13.72","68.83","3.21","50","0.71","0","0","0","0","0","0","1.43","50","0.89","40","0.18","1.6","55.56"
"U. Yazğılı","Turkey 1.","Konyaspor","RCB, RB","26","1000000","","7","505","0","0","Türkiye","right","182","7.13","3.56","65","3.03","47.06","0.71","6.55","0.53","0","0.04","0","0.53","66.67","0","0.36","0","0.53","33.33","1.43","37.5","1.07","0.89","0","42.95","81.74","18.89","72.64","5.35","63.33","0","0","0","0","0","5.7","75","0.53","33.33","0.18","8.91","64"
"A. Gray","Turkey 1.","Fatih Karagümrük","CF","34","1300000","","9","503","0","0","England","right","178","2.5","1.43","75","0.36","0","0.18","1.67","0.54","0","0.06","0","0.89","60","0","0.72","0","0.54","0","5.01","28.57","1.97","0.36","0","17.18","72.92","3.22","55.56","0.54","0","0.02","0","0.18","0","0.18","1.07","66.67","1.07","16.67","0.18","0.54","33.33"
"D. Türüç","Turkey 1.","İstanbul Başakşehir","RW, RAMF, RCMF","32","1700000","2026-06-30","10","502","0","1","Netherlands","left","177","4.12","4.66","42.31","1.25","28.57","0.36","3.43","3.05","0","0.06","0","0.9","40","0","3.05","58.82","1.97","45.45","6.63","35.14","1.25","1.08","0","35.5","82.83","7.17","65","5.56","48.39","0.11","0","0","0","0.36","4.3","41.67","3.05","64.71","0.18","5.02","85.71"
"T. Djaló","Turkey 1.","Beşiktaş","RCB","25","12000000","2028-06-30","5","501","0","0","Portugal","right","190","11.5","7.01","71.79","4.49","52","0.18","8.72","0","0","0.06","0","0.36","0","0","0","0","0.18","0","0.72","0","0.36","1.08","0","44.55","91.94","14.91","84.34","2.51","42.86","0","0","0","0","0","3.23","77.78","0","0","0","5.39","66.67"
"B. Balogh","Turkey 1.","Kocaelispor","RCB","23","1800000","2027-06-30","5","501","0","0","Hungary","right","189","6.11","3.59","75","3.77","61.9","0.36","5.4","0.18","0","0","0","0","0","0","0","0","0","0","0.9","80","0.18","0.36","0","31.98","89.33","14.19","81.01","4.67","73.08","0","0","0.18","100","0","4.49","72","0.54","66.67","0.36","6.65","81.08"
"E. Erentürk","Turkey 1.","Gençlerbirliği","GK","30","175000","","5","500","0","0","Türkiye","right","190","1.62","0","0","0.36","50","0","2.03","0","0","0","0","0","0","0","0","0","0","0","0","0","0","0","0","14.58","76.54","10.98","70.49","9.18","64.71","0","0","0","0","0","2.7","66.67","0","0","0","8.28","71.74"
"M. Lemina","Turkey 1.","Galatasaray","LDMF, RDMF, RCB","32","10000000","","8","498","0","0","Gabon","right","184","6.33","4.88","66.67","1.08","66.67","0.18","5.22","1.27","0","0.22","0","1.27","28.57","0","0.54","66.67","0.72","75","1.81","60","0.72","0.9","0","49.52","91.61","11.57","81.25","2.89","56.25","0","0","0","0","0.18","5.78","78.13","0.9","60","0.36","6.14","76.47"
"O. Ba","Turkey 1.","İstanbul Başakşehir","RCB","29","2600000","2027-06-30","6","497","0","0","Senegal","right","192","8.15","6.16","52.94","5.43","73.33","0.18","7.5","0","0","0.03","0","0.36","0","0","0","0","0","0","2.17","41.67","0.72","0.54","0","57.22","93.99","17.02","89.36","1.63","44.44","0","0","0","0","0","5.07","75","0.18","0","0","6.34","74.29"
"M. Pala","Turkey 1.","Rizespor","LB, LWB, LDMF","25","1000000","","8","494","0","0","Türkiye","right","172","6.38","7.11","53.85","3.64","25","0","3.82","2.37","0","0.06","0","0.91","20","0","1.46","75","2.73","40","4.74","46.15","1.09","1.64","0.73","30.79","88.17","9.84","77.78","3.46","47.37","0.05","0","0","0","0.18","2.73","73.33","1.46","50","0.18","4.01","72.73"
"O. Kemen","Turkey 1.","İstanbul Başakşehir","LCMF, RCMF","29","2500000","","7","494","0","1","Cameroon","right","175","4.37","3.64","55","1.46","50","0","2.2","0.73","0","0.14","0","1.28","14.29","0","0.73","0","0.91","60","7.65","40.48","1.82","1.82","0.18","20.59","73.45","6.19","61.76","2.19","66.67","0.15","0","0","0","0.73","4.19","73.91","2","54.55","0.73","4.01","72.73"
"M. Niang","Turkey 1.","Gençlerbirliği","CF","30","2500000","","6","491","1","1","France","right","188","1.83","2.38","38.46","7.33","30","0","1.12","1.47","0","0.22","0","1.47","37.5","12.5","0.18","0","1.47","62.5","11.55","41.27","1.65","0.73","0","12.83","77.14","1.65","33.33","0.73","75","0","0.18","0","0","0","0.92","40","0.55","33.33","0","0.55","66.67"
"M. Icardi","Turkey 1.","Galatasaray","CF, LAMF","32","0","2026-06-30","9","482","6","0","Argentina","right","181","2.8","2.05","54.55","2.61","42.86","0","2.42","2.24","1.12","0.93","0","3.17","52.94","35.294","0.56","33.33","0.56","0","3.55","26.32","4.48","0.37","0.19","15.87","74.12","4.67","52","1.49","37.5","0.1","0.19","0.37","100","0.37","2.99","62.5","2.05","45.45","0.93","2.61","78.57"
"J. Olaitan","Turkey 1.","Göztepe","AMF, LCMF","23","0","2029-06-30","7","477","1","0","Benin","right","174","4.53","2.45","61.54","2.26","25","0","3.87","4.15","0.19","0.22","0","3.02","43.75","6.25","1.32","57.14","3.21","64.71","11.13","40.68","2.26","2.64","0.75","29.06","81.17","8.87","63.83","0.94","40","0.13","0.19","0","0","0.38","3.77","70","2.64","50","1.89","3.4","83.33"
"Allan Godói","Turkey 1.","Göztepe","RCB","32","100000","","6","477","0","1","Brazil","right","187","10.19","4.72","88","3.21","70.59","0","7.68","0.57","0","0.14","0","0.57","33.33","0","0","0","0.75","50","3.96","38.1","1.89","0.57","0","20.38","88.89","7.92","76.19","3.02","56.25","0","0","0","0","0.19","3.96","66.67","0","0","0","3.77","95"
"O. Ülgün","Turkey 1.","Gençlerbirliği","RCMF, LDMF, AMF","27","800000","","6","469","1","0","Türkiye","right","178","7.48","5.95","61.29","2.88","53.33","0.58","4.49","1.15","0.19","0.04","0","0.58","33.33","33.333","1.34","42.86","0.96","40","4.8","72","0.58","0.77","0","24.95","77.69","9.4","63.27","3.45","33.33","0.05","0","0","0","0.38","4.22","63.64","1.92","40","0.38","3.45","77.78"
"C. Üstündag","Turkey 1.","Kasımpaşa","LDMF, RCMF, RDMF","24","0","","8","459","0","0","Austria","right","172","8.63","7.25","70.27","3.53","38.89","0","3.46","0.78","0","0.02","0","0.39","0","0","0.98","40","0.98","40","3.92","20","0.78","0.39","0","23.53","82.5","5.1","61.54","0.59","100","0.03","0","0","0","0.2","1.76","88.89","1.18","50","0","2.55","61.54"
"I. Olawoyin","Turkey 1.","Rizespor","RCMF, LCMF, RDMF","27","1800000","2026-06-30","6","454","1","0","Nigeria","right","178","5.35","3.77","52.63","3.17","37.5","0.4","4.81","1.78","0.2","0.04","0","0.59","33.33","33.333","0.79","25","2.97","40","12.49","41.27","1.19","1.59","0","29.74","79.33","9.32","65.96","2.18","45.45","0.05","0","0.2","100","0","3.57","61.11","0.79","50","0.59","4.16","47.62"
"M. Kadıoğlu","Turkey 1.","Fatih Karagümrük","RCB, RB","18","0","","6","454","0","0","Syria","right","187","8.92","5.75","72.41","3.17","37.5","0.79","6.24","0.4","0","0","0","0","0","0","0.4","50","0.4","50","0.79","25","0","1.19","0","44.21","79.82","19.43","64.29","3.57","38.89","0","0","0","0","0","7.33","56.76","1.39","42.86","0","8.72","61.36"
"A. Makoumbou","Turkey 1.","Samsunspor","DMF, RCMF, RDMF","27","4500000","2026-06-30","9","447","0","0","France","right","187","5.64","6.24","45.16","1.81","11.11","0.4","4.04","0.2","0","0.02","0","0.6","0","0","0.2","0","0.4","50","4.83","45.83","0.4","0.2","0","41.68","86.96","11.28","67.86","3.22","56.25","0.03","0","0.2","0","0.4","5.64","75","0.6","66.67","0.6","5.23","65.38"
"Nuno da Costa","Turkey 1.","İstanbul Başakşehir","LAMF, CF, RW","34","800000","","8","447","2","0","Cape Verde Islands","right","184","4.23","4.83","37.5","4.83","62.5","0","3.49","3.02","0.4","0.35","0.2","2.21","36.36","18.182","0.81","25","3.83","52.63","9.66","39.58","3.42","1.21","0.4","13.69","79.41","2.42","66.67","0.81","75","0.13","0","0","0","0.6","1.21","50","1.41","28.57","0.81","1.01","100"
"V. Osimhen","Turkey 1.","Galatasaray","CF","26","0","2029-06-30","7","440","3","0","Nigeria","right","186","2.25","2.66","46.15","7.36","52.78","0.2","1.97","2.86","0.61","0.82","0.2","4.3","47.62","14.286","0.61","66.67","1.23","33.33","5.52","18.52","7.36","0.82","0.61","14.32","82.86","2.66","53.85","0.41","100","0.18","0","0","0","0.82","0.82","100","1.43","71.43","1.64","1.43","85.71"
"E. Touré","Turkey 1.","Beşiktaş","LAMF, CF","24","20000000","","5","436","1","0","Côte d'Ivoire","right","185","3.51","3.3","62.5","7.84","50","0.21","1.44","3.3","0.21","0.24","0","2.06","50","10","0.83","25","3.51","58.82","8.88","46.51","4.13","2.27","0","20.64","75","4.54","59.09","0.83","50","0.03","0","0","0","0.41","1.24","66.67","1.24","83.33","1.24","2.27","54.55"
"I. Jakobs","Turkey 1.","Galatasaray","LB","26","8000000","2027-06-30","10","435","0","0","Germany","left","184","6.41","4.34","76.19","1.45","85.71","0","5.06","1.86","0","0.01","0","0.41","0","0","3.52","35.29","1.66","37.5","2.69","30.77","0.83","1.86","0.21","48","82.33","15.93","72.73","3.52","35.29","0.06","0","0","0","0.21","5.17","72","3.31","37.5","0.62","7.86","71.05"
"Y. Sarı","Turkey 1.","İstanbul Başakşehir","RW, LW, RWF","26","5500000","","6","427","0","0","France","left","168","1.9","2.11","60","1.05","40","0","0.9","4.64","0","0.13","0","2.11","50","0","3.79","22.22","5.27","52","10.54","40","3.16","2.95","0.21","25.93","75.61","4.22","75","2.53","58.33","0.11","0.21","0","0","0.42","1.9","66.67","4.22","35","1.05","3.37","75"
"M. Haïdara","Turkey 1.","Kocaelispor","LB","32","2000000","","5","424","0","0","France","left","179","9.55","5.52","61.54","1.49","57.14","0.85","8.18","1.27","0","0","0","0","0","0","1.7","12.5","1.91","55.56","3.82","50","0.42","0.64","0","27.17","78.13","10.4","77.55","2.12","70","0.08","0","0","0","0","4.03","73.68","1.06","20","0","7.43","65.71"
"M. Mimaroğlu","Turkey 1.","Gençlerbirliği","CF, LAMF, LW","31","500000","2026-06-30","7","424","1","0","Türkiye","right","178","4.03","2.97","71.43","2.55","33.33","0","2.2","3.61","0.21","0.17","0","2.33","18.18","9.091","2.76","23.08","5.31","48","12.52","27.12","2.12","2.55","0","20.38","70.83","5.31","64","1.27","33.33","0.23","0.21","0","0","0.42","1.49","57.14","2.76","38.46","0.42","2.55","66.67"
"P. Ampem","Turkey 1.","Eyüpspor","AMF, RAMF, LW","27","1900000","2027-06-30","10","415","1","0","Ghana","right","169","3.25","2.6","50","1.73","37.5","0.22","2.21","4.99","0.22","0.12","0","2.82","46.15","7.692","2.82","38.46","3.9","66.67","8.67","50","2.39","3.47","0","24.29","74.11","5.86","70.37","1.52","42.86","0.08","0","0","0","0.43","1.52","57.14","2.17","20","0.22","4.34","70"
"F. Soyalp","Turkey 1.","Kayserispor","RDMF, LDMF, RCMF","30","800000","","6","414","0","0","Türkiye","right","175","9.78","9.13","57.14","1.3","33.33","0.22","5.56","1.52","0","0.09","0","0.87","25","0","1.74","25","0.87","75","4.35","55","1.74","0.22","0.22","32.39","83.89","8.7","77.5","4.13","57.89","0.11","0","0.22","100","0.43","6.74","61.29","1.96","33.33","0.87","3.91","88.89"
"N. Miroshi","Turkey 1.","Göztepe","LCMF, RCMF","23","0","2028-06-30","9","403","0","0","Tanzania","left","185","11.17","7.15","62.5","4.47","40","0.67","7.5","0.45","0","0.03","0","0.67","66.67","0","0","0","0","0","1.12","20","1.12","0.89","0.22","28.36","77.95","10.27","54.35","4.47","35","0.02","0","0","0","0","6.03","62.96","0.89","75","0.89","5.14","60.87"
"G. Güvenc","Turkey 1.","Galatasaray","GK","34","600000","2026-06-30","4","402","0","0","Germany","right","187","2.91","0","0","0.22","100","0","5.91","0","0","0","0","0","0","0","0","0","0","0","0","0","0","0","0","24.4","91.74","14.33","89.06","6.49","72.41","0","0","0","0","0","0.45","0","0","0","0","4.03","77.78"
"Ç. Söyüncü","Turkey 1.","Fenerbahçe","LCB, RCB","29","10000000","2027-06-30","4","401","0","1","Türkiye","right","185","8.08","6.28","67.86","3.14","78.57","0.9","5.06","0.9","0","0.03","0","0.22","0","0","0.45","50","0.67","100","2.24","80","0.45","0.67","0.22","57.01","89.37","18.63","79.52","2.92","61.54","0.03","0.22","0","0","0.22","4.26","68.42","0.9","25","0","6.96","64.52"
"R. Safuri","Turkey 1.","Antalyaspor","AMF, LDMF","30","1600000","2027-06-30","5","400","0","1","Israel","right","183","3.6","4.05","50","2.03","11.11","0.23","1.84","3.15","0","0.01","0","0.45","50","0","2.25","10","3.83","70.59","9.45","54.76","0.9","0.45","0","27.9","72.58","8.1","50","2.48","54.55","0.03","0","0.23","0","0.23","3.15","64.29","3.15","28.57","0.68","4.95","59.09"
"S. Szymański","Turkey 1.","Fenerbahçe","RAMF, LCMF, RW","26","0","2027-06-30","9","399","1","1","Poland","left","174","3.38","2.48","72.73","0.68","33.33","0","2.34","2.71","0.23","0.15","0.23","1.8","25","12.5","2.93","23.08","4.06","38.89","7.89","34.29","4.51","1.58","0","32.03","78.17","7.67","67.65","2.71","50","0.38","0","0","0","0.23","3.61","62.5","2.93","46.15","2.26","4.51","75"
"H. Dervişoğlu","Turkey 1.","Rizespor","CF, RAMF, LW","25","1000000","2027-06-30","6","398","0","0","Netherlands","right","183","2.26","2.04","55.56","3.17","42.86","0","1.3","2.04","0","0.08","0","1.13","20","0","0.45","0","2.71","66.67","11.08","40.82","1.58","1.58","0.45","14.92","74.24","3.62","56.25","1.13","40","0.12","0","0","0","0.68","2.94","53.85","1.13","40","0.9","1.36","66.67"
"O. Syrota","Turkey 1.","Kocaelispor","LCB, LB","25","2000000","","4","397","0","0","Ukraine","left","193","9.07","6.12","66.67","1.59","57.14","0.68","7.02","0","0","0","0","0","0","0","0","0","0","0","0","0","0","0.23","0","36.73","85.19","19.5","77.91","7.03","64.52","0","0","0","0","0","6.8","66.67","0.45","0","0","9.97","75"
"G. Akkan","Turkey 1.","Gençlerbirliği","GK","30","1600000","","4","396","0","0","Türkiye","right","188","1.36","0","0","0","0","0","1.49","0","0","0","0","0","0","0","0","0","0","0","0.23","100","0.23","0.23","0","25","73.64","17.27","61.84","14.09","54.84","0","0","0","0","0","3.86","52.94","0.23","100","0.23","9.55","73.81"
"K. Aktürkoğlu","Turkey 1.","Fenerbahçe","LAMF, LW","27","0","2029-06-30","5","395","0","2","Türkiye","right","173","3.19","2.73","50","1.82","12.5","0","3.38","4.78","0","0.1","0","0.91","75","0","4.56","35","4.78","47.62","9.57","40.48","3.19","2.05","0.46","32.81","70.83","6.38","53.57","2.73","50","0.34","0","0.23","100","0.91","3.65","62.5","5.47","54.17","1.82","5.01","81.82"
"S. Larsson","Turkey 1.","Fatih Karagümrük","AMF, LAMF","32","1500000","2026-06-30","5","393","1","1","Sweden","right","180","6.18","5.73","68","1.15","60","0.23","3.09","2.52","0","0.37","0","2.06","33.33","11.111","0.46","50","2.06","66.67","7.33","46.88","1.37","1.37","0.23","27.48","75","7.79","64.71","1.37","83.33","0.1","0","0.23","100","0.23","3.44","66.67","1.6","85.71","1.6","4.81","80.95"
"E. Canpolat","Turkey 1.","Rizespor","GK","24","1000000","","4","392","0","0","Germany","right","194","0.46","0.23","0","0","0","0","0.61","0","0","0","0","0","0","0","0","0","0","0","0.23","100","0","0","0","19.97","75.86","11.48","62","10.79","55.32","0","0","0","0","0","4.36","36.84","0","0","0","6.89","83.33"
"Léo Duarte","Turkey 1.","İstanbul Başakşehir","RCB","29","3000000","2026-06-30","4","392","0","0","Brazil","right","183","6.2","4.13","66.67","3.67","62.5","0.69","4.33","0.46","0","0.05","0","0.23","0","0","0.46","100","0","0","1.84","25","0.46","2.3","0.23","57.17","95.18","16.07","85.71","3.44","53.33","0.06","0.23","0","0","0.23","4.13","88.89","0.69","100","0","5.28","65.22"
"M. Doh","Turkey 1.","Fatih Karagümrük","RDMF, LDMF, DMF","21","0","2027-06-30","8","390","0","0","Côte d'Ivoire","","0","6.46","6","53.85","2.77","41.67","0","5.38","1.38","0","0.04","0","1.62","14.29","0","1.15","20","1.38","66.67","6.23","55.56","1.38","0.92","0.23","38.31","77.71","14.54","63.49","4.85","66.67","0.03","0","0","0","0.46","7.15","61.29","2.08","33.33","0.92","5.77","76"
"Pedrinho","Turkey 1.","Konyaspor","LCMF, LW","28","750000","2027-06-30","8","387","1","0","Brazil","right","176","4.65","5.58","58.33","1.4","16.67","0","1.97","3.02","0","0.23","0","2.09","44.44","11.111","2.09","33.33","1.4","100","5.81","52","0.7","0.47","0","34.42","77.7","8.84","68.42","3.49","46.67","0.07","0","0","0","0.7","6.05","73.08","3.26","42.86","0.23","6.51","78.57"
"A. Burak","Turkey 1.","Kayserispor","LB, RCB, LCB","29","75000","","7","386","0","0","Netherlands","left","185","8.16","6.3","59.26","3.03","30.77","0.23","6.14","0.23","0","0","0","0","0","0","1.63","14.29","0.23","0","2.33","40","0.23","0.23","0","37.54","80.12","14.92","65.63","4.43","42.11","0.05","0","0","0","0.23","3.5","73.33","1.4","16.67","0","6.99","56.67"
"I. Tuci","Turkey 1.","Kayserispor","CF, RCMF","25","1000000","2026-06-30","7","383","1","0","Albania","right","191","2.35","2.11","22.22","3.99","23.53","0","2.66","1.41","0.23","0.48","0.23","2.82","33.33","8.333","0.47","50","0.94","25","5.87","28","2.82","0.7","0","16.92","69.44","2.82","33.33","0.94","0","0.04","0","0","0","0.23","2.11","44.44","0.7","33.33","0.47","0.94","50"
"B. Ndiaye","Turkey 1.","Gaziantep","RCMF, RDMF","34","700000","2026-06-30","8","379","0","0","Senegal","right","180","4.04","4.99","47.62","2.37","70","0","2.5","2.85","0","0.04","0","0.95","25","0","0.47","50","2.14","100","5.22","68.18","0.24","0.47","0","37.28","87.26","10.21","67.44","2.85","58.33","0.05","0","0.24","100","0","6.89","72.41","1.19","40","0.47","5.22","72.73"
"J. Svensson","Turkey 1.","Beşiktaş","RB","32","1700000","2026-06-30","5","379","0","0","Norway","right","170","9.74","9.26","56.41","2.85","91.67","0.24","6.75","0.71","0","0","0","0.24","0","0","1.42","50","0","0","1.42","83.33","0.95","0.24","0","37.52","81.65","13.3","64.29","1.66","28.57","0.01","0","0","0","0.24","5.7","79.17","0.71","66.67","0","9.97","76.19"
"H. Smolčić","Turkey 1.","Kocaelispor","LCB","25","3000000","2027-06-30","4","374","0","0","Croatia","left","185","10.83","6.98","75.86","2.41","40","0.96","8.8","0.24","0","0.02","0","0.48","0","0","0.48","0","0.24","100","2.41","60","0.96","0","0","37.3","86.45","18.29","81.58","5.29","54.55","0","0","0","0","0","3.61","60","0.72","0","0","8.66","75"
"H. Akbunar","Turkey 1.","Eyüpspor","RW, RWF, AMF","31","1400000","","7","369","1","0","Türkiye","left","167","8.54","5.61","78.26","3.41","64.29","0.24","5.19","1.46","0.24","0.11","0","1.22","20","20","1.71","0","1.71","57.14","4.88","40","1.95","0.73","0","22.93","76.6","5.61","65.22","1.22","60","0.1","0","0.24","100","0.73","0.98","50","2.68","45.45","1.46","3.66","53.33"
"M. Cinan","Turkey 1.","Kocaelispor","LB","27","400000","","5","365","0","0","Türkiye","","0","7.89","5.18","52.38","3.45","57.14","0.49","8.63","3.45","0","0","0","0","0","0","6.16","36","2.22","55.56","4.93","40","0.49","2.22","0.49","36.74","75.17","14.79","71.67","3.21","53.85","0.01","0","0","0","0.25","5.42","68.18","6.41","38.46","0.25","8.63","65.71"
"C. Keleş","Turkey 1.","Kocaelispor","RWF, RAMF","24","2000000","2028-06-30","7","365","0","0","Austria","left","180","4.19","4.19","64.71","1.23","40","0","1.45","3.21","0","0.13","0","1.48","50","0","1.97","37.5","3.95","43.75","10.36","35.71","0.74","1.73","0.25","17.51","71.83","2.47","50","1.23","20","0","0","0","0","0.25","0.74","33.33","1.73","57.14","0","1.73","71.43"
"B. Kalaycı","Turkey 1.","Fatih Karagümrük","RCMF, RW, LDMF","20","0","","7","365","0","0","Germany","right","175","7.15","5.67","65.22","1.97","12.5","0.49","5.68","1.97","0","0.09","0","1.97","37.5","0","0.74","33.33","0.99","75","6.66","44.44","1.48","1.48","0","29.59","83.33","7.15","65.52","0.25","0","0.08","0.25","0.74","33.33","0.25","1.97","62.5","1.48","50","0.99","3.7","73.33"
"İ. Gündoğan","Turkey 1.","Galatasaray","LCMF, AMF, CF","35","15000000","","5","363","1","1","Germany","right","180","3.72","4.46","38.89","0.25","0","0.74","3.04","1.24","0.25","0.25","0","1.49","16.67","16.667","0","0","0.99","75","2.98","41.67","0.99","1.49","0.5","51.07","93.69","10.66","83.72","1.74","85.71","0.4","0","0.5","50","0.74","7.44","93.33","1.49","83.33","1.24","6.69","88.89"
"Marco Asensio","Turkey 1.","Fenerbahçe","RCMF, RDMF, AMF","29","0","2028-05-30","5","363","2","0","Spain","left","182","4.46","4.46","66.67","0.25","0","0","2.61","2.48","0.5","0.58","0","2.98","33.33","16.667","1.98","25","1.49","66.67","3.47","50","4.21","1.74","0.74","34.21","87.68","9.17","86.49","0.74","33.33","0.19","0","0","0","0.5","3.47","85.71","2.23","33.33","0.5","2.48","100"
"V. Černý","Turkey 1.","Beşiktaş","RAMF, LAMF, RW","28","7000000","2027-06-30","5","361","1","1","Czech Republic","left","182","8.48","7.23","68.97","1.25","20","0.25","4.47","3.74","0.25","0.31","0","1.99","37.5","12.5","2.49","30","3.99","56.25","6.48","38.46","6.48","3.49","0.25","34.16","75.91","10.22","63.41","2.74","45.45","0.15","0","0.25","0","0.75","4.74","84.21","3.24","46.15","1.75","6.98","71.43"
"I. Brnić","Turkey 1.","İstanbul Başakşehir","LW, LWF, LAMF","24","1200000","2027-03-30","8","359","2","0","Croatia","right","173","3.76","1.75","71.43","0.75","0","0","3.53","6.27","0.5","0.16","0.25","2.01","62.5","25","5.01","30","5.26","66.67","7.52","53.33","3.51","4.76","0.25","34.35","70.07","4.51","55.56","2.26","55.56","0.14","0.25","0","0","1","4.76","63.16","5.52","36.36","1.5","7.27","65.52"
"T. Glumac","Turkey 2.","Ümranıyespor","CB, LCB, RCB","34","75000","2026-06-30","11","1095","1","0","Croatia","left","194","8.05","3.45","66.67","3.78","58.7","0.9","7.31","0.41","0.08","0.07","0.08","0.66","50","12.5","0","0","0.16","50","0.74","44.44","1.07","0","0","37.73","86.27","13.48","73.17","5.1","46.77","0.03","0.08","0","0","0","2.88","48.57","0.41","40","0.25","6.33","54.55"
"C. Topaloğlu","Turkey 2.","Ümranıyespor","GK","33","125000","","11","1095","0","1","Türkiye","left","186","1.07","0.08","100","0.41","80","0","1.27","0","0","0","0","0","0","0","0","0","0","0","0","0","0","0","0.08","15.78","85.42","10.52","78.91","7.15","67.82","0","0","0","0","0.08","2.47","56.67","0.41","0","0","5.18","87.3"
"G. Giorbelidze","Turkey 2.","BB Erzurumspor","LB","29","350000","","11","1095","0","0","Georgia","left","174","6.66","5.18","73.02","1.23","46.67","0.08","4.17","1.56","0","0.02","0","0.33","0","0","1.15","50","1.81","54.55","5.75","42.86","0.49","1.81","0.25","42.9","86.4","14.05","77.19","4.36","58.49","0","0.08","0.08","0","0","5.18","69.84","1.81","45.45","0.41","6.82","72.29"
"B. Baiye","Turkey 2.","BB Erzurumspor","DMF","24","700000","","11","1095","1","2","Belgium","right","177","7.97","5.75","58.57","1.07","23.08","0.41","6.91","0.99","0.08","0.03","0","0.16","100","50","0.33","75","0.9","63.64","3.12","63.16","0.41","0.9","0.16","47.51","92.39","10.68","82.31","2.38","65.52","0.08","0","0","0","0.25","4.68","77.19","0.82","60","0.49","5.34","73.85"
"M. Orbanić","Turkey 2.","BB Erzurumspor","GK","25","350000","","11","1095","0","0","Croatia","left","192","1.64","0","0","0.9","100","0","2.61","0","0","0","0","0","0","0","0","0","0","0","0.16","50","0","0","0","24.58","89.63","12.33","81.33","5.59","63.24","0","0","0","0","0","1.32","50","0.08","0","0","4.19","62.75"
"G. Crociata","Turkey 2.","BB Erzurumspor","RCMF","28","600000","2026-06-30","11","1025","1","2","Italy","right","174","4.57","4.13","53.19","1.23","42.86","0","3.25","1.49","0.09","0.09","0","1.49","17.65","5.882","1.4","31.25","1.14","46.15","4.3","34.69","1.14","2.37","0.09","48.82","84.53","14.31","73.01","3.69","57.14","0.15","0.09","0.35","75","0.18","7.55","72.09","2.28","46.15","0.88","8.08","75"
"A. Uysal","Turkey 2.","Sarıyer","GK","31","250000","","10","1013","0","0","Türkiye","right","190","1.33","0.09","0","0.27","100","0","1.82","0","0","0","0","0","0","0","0","0","0","0","0","0","0","0","0","18.84","88.21","10.84","84.43","4.71","62.26","0","0","0","0","0","0.98","81.82","0","0","0.09","4.26","68.75"
"M. Mert","Turkey 2.","Sarıyer","RCB","26","200000","2026-06-30","10","1013","0","0","Türkiye","right","182","8.71","4.53","68.63","3.91","56.82","0.98","7.41","0.09","0","0.08","0","0.71","12.5","0","0","0","0","0","1.07","66.67","0.98","1.15","0","47.89","90.91","19.46","83.56","4.35","55.1","0.01","0","0","0","0","4.71","64.15","0.98","27.27","0.27","6.49","71.23"
"G. Kaya","Turkey 2.","Iğdır FK","RB, AMF","30","450000","","10","1005","2","1","Denmark","right","180","6.36","5.01","69.64","1.34","46.67","0","4.52","1.34","0.18","0.04","0","0.54","33.33","33.333","1.79","25","1.07","66.67","2.87","46.88","1.43","2.06","0","36.54","75.25","14.33","65","4.84","44.44","0.05","0.09","0.27","0","0.27","6.81","60.53","3.22","36.11","1.07","6.9","77.92"
"E. Tozlu","Turkey 2.","BB Erzurumspor","CF","34","150000","","11","1005","3","0","Türkiye","left","178","1.88","1.07","58.33","4.3","27.08","0","1.82","0.99","0.18","0.26","0.18","1.07","66.67","25","0.45","40","0.54","16.67","7.7","33.72","2.24","0.45","0.36","19.25","81.86","4.3","75","0.99","63.64","0.01","0.09","0","0","0.09","2.6","75.86","0.99","54.55","0.54","1.7","100"
"Ç. Akbaba","Turkey 2.","Vanspor FK","GK","30","325000","","10","1002","0","0","Türkiye","right","187","1.89","0.09","100","0.45","100","0","2.73","0","0","0","0","0","0","0","0","0","0.09","0","0.18","50","0","0","0","27.66","80.52","14.73","68.29","10.69","57.14","0","0","0","0","0","3.68","36.59","0.27","0","0","6.83","67.11"
"E. Dikmen","Turkey 2.","Vanspor FK","CB, RCB","28","300000","","10","1002","0","1","Türkiye","left","192","9.07","5.84","58.46","3.23","69.44","0.72","8.05","0.09","0","0.01","0","0.18","50","0","0","0","0","0","0.36","50","0.45","0.36","0","41.77","84.09","15.9","66.1","6.29","42.86","0.02","0","0","0","0.09","4.85","46.3","0.99","18.18","0.27","7.28","61.73"
"M. Uçar","Turkey 2.","Amed SK","RB","34","225000","2026-06-30","10","999","0","6","Türkiye","right","169","7.03","5.23","70.69","1.44","25","0.18","5.1","2.79","0","0.06","0","0.54","16.67","0","3.6","57.5","0.72","87.5","2.88","59.38","0.9","1.17","0.18","35.68","81.31","13.6","73.51","3.42","55.26","0.3","0.09","0","0","0.9","4.5","64","3.51","58.97","0.63","9.64","73.83"
"U. Gezer","Turkey 2.","Amed SK","LCB","31","275000","2026-06-30","10","999","0","0","Türkiye","left","0","7.3","4.5","74","4.14","67.39","0.54","6.26","0.72","0","0.09","0","0.54","50","0","0.18","0","0.36","100","1.26","64.29","0.72","0.9","0.09","51.89","86.63","22.43","76.31","6.94","53.25","0.03","0","0.09","100","0.18","6.58","65.75","0.99","18.18","0.27","9.82","70.64"
"B. İşçiler","Turkey 2.","Serik Belediyespor","LCB, LWB, LB","30","100000","2026-06-30","10","997","1","0","Türkiye","left","178","12.01","7.4","64.63","3.97","59.09","0.45","6.07","0.54","0.09","0.08","0.09","0.63","42.86","14.286","0.27","0","0.27","100","0.9","70","0.72","0.09","0","19.59","72.81","11.37","63.49","5.06","35.71","0.01","0.09","0","0","0.18","4.42","46.94","0.81","11.11","0.18","5.87","70.77"
"K. Gotsuk","Turkey 2.","Serik Belediyespor","CB","33","900000","","10","997","0","0","Russia","left","194","7.22","2.62","68.97","5.33","64.41","1.08","5.04","0.09","0","0.02","0","0.18","0","0","0","0","0.09","100","0.81","44.44","0.36","0.09","0","17.51","73.71","8.58","53.68","6.14","47.06","0","0","0","0","0.09","4.24","42.55","0.45","40","0.18","4.42","67.35"
"İ. Demir","Turkey 2.","Serik Belediyespor","GK","30","50000","2026-06-30","10","997","0","0","Türkiye","right","190","0.99","0","0","0.45","100","0.09","0.94","0","0","0","0","0","0","0","0","0","0","0","0.09","100","0","0","0","9.66","65.42","7.94","60.23","7.31","55.56","0","0","0","0","0","4.24","46.81","0.36","0","0","4.42","87.76"
"A. Nukan","Turkey 2.","Bandırmaspor","LCB, CB","32","225000","2026-06-30","10","996","1","0","Türkiye","left","196","7.77","2.98","75.76","4.79","62.26","0.54","7.6","0.18","0.09","0.06","0","0.54","33.33","16.667","0","0","0.09","0","0.27","33.33","0.99","0.36","0","37.77","86.36","15.99","75.71","4.79","52.83","0.03","0","0","0","0.09","5.87","67.69","0.72","25","0.63","7.5","77.11"
"Y. Kırtay","Turkey 2.","BB Erzurumspor","LCB","22","0","2027-06-30","10","996","0","0","Türkiye","left","187","6.42","2.89","78.13","2.8","41.94","0.27","6.67","0.18","0","0.02","0","0.18","100","0","0.18","0","0.09","0","0.45","60","0.36","0.9","0","55.57","88.94","24.67","84.25","5.87","50.77","0","0","0","0","0","6.51","66.67","0.72","0","0","9.58","77.36"
"V. Soldo","Turkey 2.","Pendikspor","LCB","27","200000","2027-06-30","10","992","0","1","Croatia","left","186","4.72","4.35","58.33","2","72.73","0.45","3.24","0.09","0","0","0","0.09","0","0","0.18","50","0","0","0.18","100","0.36","1.27","0","46.36","86.3","22.05","77.78","5.26","46.55","0.02","0","0","0","0.18","5.44","61.67","0.54","33.33","0.27","9.16","75.25"
"L. Bacuna","Turkey 2.","Bandırmaspor","AMF, LW, RDMF","34","400000","2027-06-30","10","992","3","1","Netherlands","right","180","4.63","3.36","72.97","1.18","30.77","0","3.2","1.45","0.27","0.12","0","1.27","28.57","21.429","1","45.45","1.27","42.86","4.35","22.92","1.81","1.81","0.27","32.39","82.63","9.98","74.55","1.72","52.63","0.18","0","0.09","100","0.45","3.81","71.43","1.91","57.14","1.27","4.17","78.26"
"L. Kouagba","Turkey 2.","Boluspor","LCB","31","400000","","10","991","0","0","France","left","182","6.72","4.99","69.09","2.82","54.84","0.73","5.63","0.18","0","0.01","0","0.09","0","0","0.18","0","0.18","100","1.54","35.29","0.09","1","0.09","42.14","92.46","16.89","86.56","3.18","51.43","0","0","0","0","0","4.27","76.6","0.18","0","0","5.45","70"
"M. Yeşil","Turkey 2.","Amed SK","RCB","27","750000","","10","990","1","0","Türkiye","right","188","9.36","4.82","67.92","3.82","61.9","0.82","8.82","0.18","0.09","0.09","0","0.64","14.29","14.286","0.36","0","0.18","50","1.27","64.29","0.82","1.27","0.18","50.91","84.46","22.09","74.49","7.91","57.47","0.14","0","0","0","0.18","7.18","55.7","1.18","30.77","0.55","11.73","71.32"
"F. Nzaba","Turkey 2."," Esenler Erokspor","LCB, RCB","23","0","2027-06-30","10","990","0","0","Congo","right","178","6.27","4.45","83.67","1","72.73","0.18","3.63","0.18","0","0","0","0","0","0","0","0","0.18","100","1.27","64.29","0","0.55","0.09","58.18","95.47","20.64","90.75","2.18","41.67","0","0","0","0","0","2.73","76.67","0","0","0.09","4.82","75.47"
"I. Doğan","Turkey 2.","İstanbulspor","GK","26","50000","2027-06-30","10","988","0","0","Germany","right","195","1","0","0","0.64","100","0","1.26","0","0","0","0","0","0","0","0","0","0","0","0.09","100","0","0","0","33.8","86.52","15.94","74.29","10.48","62.61","0","0","0","0","0","2.64","48.28","0.09","100","0.09","8.74","73.96"
"P. Djilobodji","Turkey 2.","Sarıyer","LCB, CB","36","500000","","10","988","0","0","Senegal","left","193","7.56","2.46","77.78","3.19","71.43","0.27","6.52","0.18","0","0.07","0","0.46","0","0","0","0","0.27","66.67","0.55","33.33","0.82","0.73","0","45.46","82.77","21.04","67.97","8.84","50.52","0.12","0.09","0","0","0.18","8.47","60.22","1.64","27.78","0.73","10.2","71.43"
"A. Aytemur","Turkey 2.","Bodrumspor","LCB","29","550000","","10","986","0","0","Türkiye","left","184","6.12","2.83","61.29","1.83","30","0.37","6.59","0.18","0","0.02","0","0.09","0","0","0.09","100","0.09","100","1.28","50","0.46","0.27","0","41.99","87.17","18.16","77.89","7.39","59.26","0.01","0.18","0","0","0.18","4.2","45.65","0.64","28.57","0.09","7.76","77.65"
"Diogo Sousa","Turkey 2.","Bodrumspor","GK","27","0","2027-06-30","10","986","0","0","Portugal","right","198","1.55","0","0","0.09","100","0","2.38","0","0","0","0","0","0","0","0","0","0","0","0.18","100","0","0","0.09","19.35","93.4","8.4","86.96","3.29","72.22","0","0","0","0","0","1","72.73","0","0","0","2.92","75"
"J. Attamah","Turkey 2.","Çorum FK","RCB","31","500000","","10","986","0","0","Ghana","right","180","6.75","2.37","73.08","2.1","52.17","0.46","8.93","0.27","0","0","0","0.09","0","0","0.27","100","0","0","1.1","66.67","0.27","1","0.09","60.88","90.4","23.09","82.21","6.94","52.63","0.01","0","0","0","0.09","6.85","73.33","1","54.55","0.37","10.22","79.46"
"E. Kardeşler","Turkey 2.","Amed SK","GK","31","425000","2026-06-30","10","983","0","0","Türkiye","right","184","1.28","0","0","0","0","0","2.06","0","0","0","0","0","0","0","0","0","0","0","0","0","0","0","0","18.86","83.5","11.35","75","5.68","51.61","0","0","0","0","0","1.65","72.22","0.27","33.33","0.09","4.12","64.44"
"V. Bekaj","Turkey 2.","Hatayspor","GK","28","350000","2026-06-30","10","982","0","0","Kosovo","right","191","2.75","0.46","20","0.27","66.67","0","3.95","0","0","0","0","0","0","0","0","0","0","0","0.18","50","0","0","0","26.95","88.44","16.5","83.89","8.98","71.43","0","0","0","0","0","1.37","73.33","0","0","0","8.16","73.03"
"A. Ajeti","Turkey 2.","Bodrumspor","RCB","32","1000000","2027-06-30","10","982","1","1","Switzerland","right","184","5.41","3.02","66.67","1.74","47.37","0.37","5.24","0.18","0.09","0.09","0.09","0.27","66.67","33.333","0","0","0.09","0","0.73","50","0.64","0.27","0","40.97","89.93","16.22","77.4","6.6","55.56","0.03","0","0","0","0.18","4.86","60.38","0.92","50","0.55","5.68","74.19"
"M. Erdoğan","Turkey 2.","Ankara Keçiörengücü","GK","21","0","2028-06-30","10","979","0","0","Türkiye","right","193","0.92","0.09","0","0.37","100","0","1.32","0","0","0","0","0","0","0","0","0","0","0","0.28","66.67","0","0","0","18.2","83.84","10.48","74.56","6.53","61.97","0","0","0","0","0","2.3","48","0.46","0","0","4.69","72.55"
"F. Ezeh","Turkey 2.","Ankara Keçiörengücü","LAMF, LW","28","150000","","10","976","5","0","Nigeria","right","178","2.95","2.77","70","0.92","10","0.09","1.45","4.89","0.46","0.24","0","2.31","44","20","2.58","32.14","4.89","62.26","12.17","48.48","2.49","3.5","0.65","19.18","67.79","5.35","70.69","1.2","30.77","0.05","0","0","0","0.18","2.03","68.18","2.49","37.04","0.37","2.86","77.42"
"A. Vural","Turkey 2.","Sivasspor","GK","35","250000","2026-06-30","10","976","0","0","Türkiye","right","187","1.38","0.18","50","0.65","85.71","0","1.99","0","0","0","0","0","0","0","0","0","0","0","0","0","0","0","0","21.95","86.55","11.62","80.16","7.93","68.6","0","0","0","0","0","2.95","71.88","0.28","33.33","0.09","6.27","79.41"
"Y. Fidan","Turkey 2.","Pendikspor","RCB","20","0","","10","974","2","1","Türkiye","right","187","9.61","5.73","70.97","2.59","57.14","0.92","8.04","0.37","0.18","0.09","0.09","0.55","33.33","33.333","0.18","0","0.18","100","1.94","47.62","0.83","0.37","0","39.83","87.7","19.87","80.47","7.02","60.53","0.01","0","0","0","0.09","4.99","70.37","0.46","0","0.18","9.79","78.3"
"C. Kaban","Turkey 2.","Adana Demirspor","RCMF, CB, DMF","19","0","","10","971","0","1","Türkiye","","0","8.43","4.08","72.73","1.3","42.86","0.93","5.74","0.28","0","0.03","0","0.09","100","0","0.09","100","0.09","0","1.95","33.33","0.46","0.65","0","25.67","80.87","9.92","71.03","2.69","44.83","0","0","0.09","100","0.09","1.76","73.68","0.37","75","0.19","5.56","45"
"M. Vorobjovas","Turkey 2.","İstanbulspor","DMF, RDMF, RCMF","29","350000","2026-06-30","10","969","0","0","Lithuania","right","177","10.5","8.45","60.44","1.49","25","0.19","6.74","0.37","0","0.03","0","0.28","0","0","0.56","50","0.09","100","1.21","53.85","0.37","0.37","0","35.11","81.48","13.93","70","4.55","53.06","0.02","0.09","0","0","0","6.69","66.67","1.58","64.71","0.37","7.99","74.42"
"M. Dembélé","Turkey 2.","Sarıyer","CF, RAMF","28","700000","","10","969","5","0","France","right","184","3.25","3.44","40.54","5.48","35.59","0.37","2.5","2.79","0.37","0.42","0.09","2.41","53.85","19.231","0.46","40","2.51","51.85","9.29","30","3.99","0.65","0","11.42","77.24","2.04","68.18","0.37","50","0.04","0","0","0","0.28","0.84","77.78","0.46","60","0.65","1.67","50"
"A. Dere","Turkey 2.","Ankara Keçiörengücü","LB","33","50000","2026-06-30","10","967","0","0","Türkiye","left","176","7.26","5.96","71.88","2.14","34.78","0.09","4.06","2.98","0","0.02","0","0.28","100","0","3.16","61.76","0.74","100","2.51","66.67","0.37","1.86","0.28","30.25","80","12.84","72.46","4.84","50","0.05","0","0","0","0.65","5.12","63.64","2.79","63.33","0.19","7.72","75.9"
"A. Şengül","Turkey 2.","Çorum FK","LCB","26","300000","2026-06-30","10","966","0","0","Türkiye","left","185","8.29","4.47","68.75","6.06","63.08","0.56","8.97","0.28","0","0.03","0","0.19","50","0","0.28","33.33","0.19","50","1.58","41.18","0.56","1.77","0.19","60","87.89","22.27","78.66","5.22","44.64","0","0.19","0","0","0.09","8.01","66.28","0.65","28.57","0.37","9.69","67.31"
"J. Szumski","Turkey 2.","Sakaryaspor","GK","33","100000","2026-06-30","10","962","0","0","Poland","right","194","2.53","0.09","100","0.19","100","0","3.22","0.09","0","0","0","0","0","0","0","0","0.09","100","0.09","100","0","0","0","18.52","75.25","12.07","63.57","8.51","48.35","0","0","0","0","0","2.15","21.74","0.37","0","0","5.15","61.82"
"M. Yumlu","Turkey 2.","BB Erzurumspor","RCB, LCB","38","50000","","11","958","1","1","Türkiye","right","191","7.8","4.13","77.27","3.38","58.33","0.94","7.01","0.56","0.09","0.06","0.09","0.56","83.33","16.667","0","0","0.28","33.33","0.85","33.33","0.94","0.56","0","47.91","89.41","18.88","78.61","6.01","62.5","0.01","0.09","0","0","0.09","5.07","64.81","0.47","40","0.19","8.46","74.44"
"Fredy","Turkey 2.","Bodrumspor","AMF, RCMF","35","500000","2026-06-30","10","956","7","5","Angola","right","170","6.5","5.27","60.71","1.79","42.11","0","5.15","3.2","0.19","0.62","0","3.01","50","21.875","1.32","50","1.79","57.89","7.63","51.85","2.35","2.45","0.47","38.41","78.43","13.65","66.9","3.2","50","0.38","0.19","0","0","0.94","7.63","71.6","2.54","62.96","1.41","7.53","71.25"
"Y. Talum","Turkey 2.","Manisa F.K.","LB, RB","23","125000","2026-06-30","10","955","1","1","Türkiye","right","0","9.99","7.07","66.67","1.88","30","0.19","6.26","1.41","0.09","0.02","0","0.38","25","25","0.66","42.86","1.79","57.89","7.35","35.9","0.28","1.13","0.38","26.39","85.36","9.9","76.19","1.13","58.33","0.02","0.09","0","0","0.28","2.45","76.92","1.13","58.33","0.66","5.94","73.02"
"S. Destici","Turkey 2.","Vanspor FK","RCB, LWB, LB","25","0","","10","950","0","1","Türkiye","right","172","11.27","9.38","71.72","3.03","31.25","0.57","6.52","1.04","0","0","0","0.19","0","0","1.8","26.32","1.23","46.15","3.98","45.24","0.57","1.23","0.28","30.6","72.14","12.32","62.31","5.59","47.46","0.01","0","0.09","0","0.19","4.36","47.83","2.18","34.78","0.28","6.54","66.67"
"M. Wilks","Turkey 2.","Pendikspor","RW, CF, RAMF","26","450000","2027-06-30","10","949","5","4","England","left","183","2.28","2.66","50","3.22","29.41","0.09","1.33","5.22","0.47","0.17","0.09","2.66","32.14","17.857","3.32","28.57","6.07","56.25","15.65","35.76","2.47","2.28","0.38","17.17","62.98","4.93","61.54","0.38","25","0.18","0.09","0","0","0.66","1.9","55","3.13","51.52","1.14","3.32","77.14"
"L. Diony","Turkey 2.","Manisa F.K.","CF","32","0","2026-06-30","10","948","5","0","France","right","183","1.52","1.14","83.33","3.8","42.5","0","0.66","2.37","0.47","0.39","0.09","3.04","43.75","15.625","0.95","10","1.71","55.56","5.98","36.51","3.61","0.85","0.19","12.44","77.1","2.56","77.78","0.28","100","0.04","0","0","0","0.47","1.04","100","1.52","56.25","0.95","1.71","77.78"
"A. Karapo","Turkey 2.","Manisa F.K.","RB, RCB","21","0","","10","946","0","0","Türkiye","right","186","10.18","7.99","64.29","3.23","70.59","0.1","6.32","2.76","0","0.18","0","1.43","40","0","3.42","25","1.81","68.42","5.14","57.41","2.09","2.85","0.38","30.82","66.67","14.84","60.26","4.09","37.21","0.08","0","0.1","100","0.29","5.99","57.14","2.47","42.31","0.48","8.56","61.11"
"A. Fidan","Turkey 2.","Adana Demirspor","RCB, CB","19","0","","10","946","0","0","Türkiye","","0","10.27","5.52","58.62","2.47","42.31","0.57","7.42","0.19","0","0.01","0","0.19","50","0","0","0","0.19","50","2.09","45.45","0.19","0.38","0","31.11","75.23","17.03","65.36","7.8","40.24","0","0","0","0","0","3.9","31.71","0.67","0","0","7.23","46.05"
"Mexer","Turkey 2.","Ankara Keçiörengücü","RCB, LCB","37","150000","","10","942","0","0","Mozambique","right","188","5.16","2.68","71.43","3.73","74.36","0.38","4.19","0.29","0","0.02","0","0.38","0","0","0.48","20","0.19","100","1.05","54.55","0.38","0.1","0","37.45","85.2","17.29","77.35","7.36","61.04","0","0","0","0","0","4.97","69.23","0.57","33.33","0.19","8.6","67.78"
"K. Alıcı","Turkey 2.","Hatayspor","RB, RCB","28","250000","2026-06-30","10","941","0","2","Türkiye","right","183","6.03","5.64","66.1","3.16","39.39","0.19","3.36","1.43","0","0.05","0","0.29","0","0","2.49","50","0.67","28.57","1.34","21.43","1.05","0.67","0","30.32","83.91","10.62","76.58","3.44","52.78","0.13","0","0","0","0.57","3.25","79.41","2.39","52","0.48","5.55","82.76"
"M. Paluli","Turkey 2.","Sivasspor","RB","31","800000","2026-06-30","10","938","0","0","Türkiye","right","175","6.24","4.51","63.83","1.73","38.89","0.1","4.93","1.54","0","0.01","0","0.38","25","0","2.3","37.5","1.06","54.55","3.74","48.72","0.58","0.86","0","40.3","82.38","16.98","74.58","4.22","59.09","0","0.1","0","0","0","4.89","82.35","2.4","44","0.29","9.59","79"
"F. Bamgboye","Turkey 2.","Hatayspor","CF, RCMF, LWB","26","900000","2026-06-30","10","935","3","2","Nigeria","right","173","5.87","5.2","70.37","2.31","33.33","0","3.1","2.31","0.29","0.21","0","1.06","36.36","27.273","1.25","46.15","2.41","52","7.99","28.92","2.89","1.16","0.48","19.06","66.67","3.95","51.22","0.87","55.56","0.11","0","0.29","33.33","0.29","1.35","57.14","2.12","54.55","0.96","2.89","66.67"
"Mário Balbúrdia","Turkey 2.","Boluspor","RCMF, RDMF","28","300000","","10","932","1","1","Angola","right","174","6.28","5.41","55.36","1.93","30","0","5.2","0.97","0.1","0.15","0","1.93","25","5","0.48","40","0.68","28.57","3.96","29.27","1.35","1.06","0.19","32.74","88.79","9.56","78.79","2.03","61.9","0.08","0","0.19","50","0.1","5.12","75.47","0.87","66.67","0.58","4.06","80.95"
"B. Çoban","Turkey 2.","Sakaryaspor","LW, LAMF","30","450000","","10","927","3","2","Germany","right","168","5.44","3.5","61.11","1.26","46.15","0.1","4.09","1.94","0.29","0.25","0","1.55","62.5","18.75","0.58","66.67","1.46","40","7.09","34.25","3.11","0.87","0.19","14.47","73.83","3.88","55","1.17","33.33","0.13","0.1","0","0","0.29","2.04","38.1","0.87","44.44","0.78","1.75","55.56"
"E. Kaş","Turkey 2.","Çorum FK","LB","34","100000","","10","925","0","0","Türkiye","left","183","6.71","3.99","80.49","1.65","35.29","0.1","6.25","2.43","0","0","0","0.1","0","0","2.63","29.63","2.24","73.91","6.91","54.93","0.19","2.82","0.19","47.77","84.93","17.71","82.42","2.24","52.17","0.02","0.1","0","0","0","6.13","80.95","2.63","40.74","0.49","8.17","83.33"
"O. Ovacıklı","Turkey 2.","BB Erzurumspor","RB","36","50000","","10","925","0","3","Türkiye","right","179","8.76","6.52","71.64","1.85","63.16","0.19","5.28","3.79","0","0.01","0","0.1","0","0","4.67","45.83","1.95","80","5.06","61.54","0.68","2.34","0.68","43.49","76.96","17.61","71.82","8.76","62.22","0.09","0.1","0.1","100","0.39","8.17","66.67","5.74","47.46","0.68","13.04","82.09"
"D. Sabi'a","Turkey 2.","Amed SK","AMF, RWF, RW","32","0","2027-06-30","10","924","6","0","Israel","left","168","3.12","3.02","58.06","0.78","12.5","0","1.42","3.02","0.58","0.36","0","2.92","50","20","0.58","66.67","1.27","69.23","5.45","35.71","2.44","1.36","0.19","26.98","85.2","8.57","68.18","1.46","60","0.12","0.19","0.39","75","0.19","4.77","69.39","2.14","63.64","1.17","3.9","90"
"O .Çalışkan","Turkey 2.","Ankara Keçiörengücü","LCB, RCB","22","0","2027-06-30","10","922","1","0","Türkiye","unknown","0","7.22","5.37","78.18","4.98","52.94","0.78","3.91","0.1","0.1","0.05","0.1","0.39","25","25","0","0","0","0","0.88","22.22","1.07","0.29","0","28.8","87.8","12.79","77.1","4","51.22","0.02","0","0","0","0","2.54","53.85","0","0","0.29","4.39","68.89"
"S. Kurt","Turkey 2.","Amed SK","RDMF, DMF","30","600000","2026-06-30","10","922","0","1","Germany","right","175","6.64","5.08","59.62","1.56","43.75","0.1","4.87","1.07","0","0.05","0","1.07","36.36","0","0.29","66.67","0.59","66.67","2.73","42.86","0.2","1.17","0","48.12","89.25","14.35","78.23","3.32","61.76","0.12","0","0.1","100","0.29","6.25","82.81","1.46","60","0.88","6.25","78.13"
"Ü. Ergün","Turkey 2.","Çorum FK","RB","32","0","2026-06-30","10","922","0","1","Türkiye","right","178","7.22","4.88","70","2.54","46.15","0","6.79","3.22","0","0.01","0","0.49","60","0","5.08","34.62","1.27","92.31","3.22","54.55","0.68","2.15","0.29","46.46","78.15","17.67","74.59","6.15","57.14","0.1","0","0","0","0.88","7.71","69.62","4.2","44.19","0.88","11.03","79.65"
"B. Göcmen","Turkey 2.","Manisa F.K.","RCB","22","150000","2027-06-30","10","921","0","1","Türkiye","right","0","9.09","4.79","65.31","4.79","61.22","0.29","7.11","0.1","0","0.04","0","0.39","25","0","0.1","0","0.1","0","1.17","50","0.68","0.29","0","29.32","85.33","13.68","74.29","4.01","68.29","0.08","0","0","0","0.29","3.32","58.82","0.39","50","0.49","5.08","67.31"
"I. Berkovskiy","Turkey 2.","Serik Belediyespor","CF, RWF, RWB","25","350000","2027-06-30","10","921","2","1","Russia","right","180","5.77","5.67","46.55","2.64","29.63","0.1","2.85","1.66","0.2","0.16","0","1.17","50","16.667","0.78","37.5","1.86","42.11","7.52","32.47","1.56","0.68","0.1","18.76","73.96","4.89","56","1.86","47.37","0.06","0","0","0","0.39","2.05","47.62","1.27","61.54","0.78","2.54","76.92"
"B. Keser","Turkey 2.","BB Erzurumspor","RW","28","1200000","2026-06-30","11","919","4","0","Türkiye","right","185","4.02","2.74","57.14","2.35","41.67","0.1","3.79","2.45","0.39","0.21","0","1.47","46.67","26.667","3.04","22.58","1.18","91.67","7.83","47.5","3.43","2.06","0.59","23.99","72.24","5.39","72.73","0.69","57.14","0.1","0.1","0.2","0","0.29","2.55","65.38","2.55","34.62","0.59","3.62","83.78"
"Iván Cédric","Turkey 2.","Vanspor FK","CF","23","0","2026-06-30","10","916","3","0","Spain","right","187","1.77","2.95","46.67","1.77","27.78","0","0.6","2.16","0.29","0.3","0","1.47","53.33","20","0.1","0","2.36","58.33","7.07","44.44","1.87","1.18","0","9.24","70.21","1.77","44.44","0.2","50","0","0.1","0.1","0","0","1.47","60","0.69","28.57","0.29","0.79","87.5"
"Amilton","Turkey 2."," Esenler Erokspor","RW, RAMF","36","175000","","10","912","2","8","Brazil","right","172","4.14","3.06","67.74","2.76","53.57","0","2.77","3.36","0.2","0.13","0","0.69","28.57","28.571","4.74","31.25","3.55","41.67","10.16","38.83","2.86","2.66","0.79","23.29","67.8","5.63","66.67","1.68","47.06","0.38","0","0.3","66.67","1.38","2.37","62.5","4.44","53.33","1.58","4.24","86.05"
"M. Albayrak","Turkey 2.","Bandırmaspor","LB","34","75000","","10","911","0","0","Türkiye","left","180","6.52","4.84","61.22","1.88","63.16","0","5.19","1.09","0","0.02","0","0.2","50","0","2.07","38.1","0.4","50","2.07","28.57","1.09","1.28","0.1","29.34","78.79","11.06","74.11","3.06","48.39","0.02","0","0","0","0","3.16","78.13","1.48","40","0.3","5.43","63.64"
"O. Özdemir","Turkey 2.","Boluspor","GK","30","300000","","9","901","0","0","Türkiye","right","197","0.7","0.1","100","0.4","100","0","1.02","0","0","0","0","0","0","0","0","0","0","0","0.1","100","0","0","0","14.78","68.92","9.89","54.55","7.09","36.62","0","0","0","0","0","2.2","13.64","0.2","0","0","4","55"
"Y. Erdoğan","Turkey 2.","Çorum FK","LW, LWF","33","500000","2026-06-30","10","899","3","6","Türkiye","left","171","3.1","2.6","57.69","1.8","33.33","0","2.42","5.31","0.3","0.22","0","1.7","47.06","17.647","4.61","34.78","4.91","57.14","10.41","41.35","4.2","1.8","0.1","31.54","73.02","7.51","57.33","2.1","42.86","0.42","0","0.2","50","1","2.7","48.15","4.4","40.91","1.8","4.91","75.51"
"F. Hasani","Turkey 2.","Boluspor","CF","28","500000","2026-06-30","9","895","8","1","Kosovo","left","183","3.02","3.22","59.38","2.31","26.09","0","1.69","4.83","0.7","0.57","0","4.02","57.5","20","1.01","50","3.12","64.52","8.75","40.23","4.42","1.31","0.2","21.22","80.57","4.42","68.18","0.5","80","0.22","0.2","0.2","0","0.7","2.11","76.19","1.51","60","1.51","2.92","75.86"
"S. Yavuz","Turkey 2.","Sakaryaspor","RB","29","50000","","10","884","0","1","Türkiye","right","185","11.2","7.02","68.12","2.14","52.38","0.51","8.04","1.12","0","0","0","0.1","0","0","1.73","29.41","1.02","60","3.67","41.67","0.71","0.71","0","25.05","69.11","9.77","59.38","2.04","35","0.07","0","0.1","0","0.1","2.14","47.62","1.22","25","0.31","5.9","41.38"
"K. Karayiğit","Turkey 2.","Adana Demirspor","RB, RCB","19","0","2029-06-30","10","882","0","0","Türkiye","right","0","7.55","5.51","61.11","1.63","31.25","0.31","4.16","1.22","0","0.01","0","0.1","0","0","1.12","9.09","1.53","66.67","4.49","38.64","0.41","1.53","0.1","18.16","66.29","9.39","61.96","3.16","32.26","0.01","0","0.2","50","0.1","1.84","55.56","0.92","11.11","0.2","5.61","47.27"
"D. Davas","Turkey 2.","Boluspor","LCMF, AMF, CF","28","650000","","10","881","2","3","Türkiye","right","170","5.52","4.49","56.82","2.15","38.1","0.1","4.29","3.27","0.2","0.14","0","1.33","53.85","15.385","0.92","33.33","3.27","62.5","13.38","44.27","2.04","2.25","0.41","27.48","80.67","6.44","66.67","0.82","75","0.11","0.1","0.41","50","0.61","2.76","70.37","1.63","50","0.92","3.88","73.68"
"A. Martynov","Turkey 2.","Serik Belediyespor","RCB","21","0","2025-12-31","10","881","0","0","Belarus","right","191","7.36","3.68","66.67","3.37","66.67","0.51","4.44","0.31","0","0.04","0","0.1","0","0","0.1","100","0.41","50","0.72","28.57","0.2","0.1","0.1","13.79","68.15","7.15","55.71","3.27","37.5","0","0.1","0","0","0.1","2.35","43.48","0.31","0","0","3.27","56.25"
"U. Çiftçi","Turkey 2.","Sivasspor","LB","33","1300000","2027-06-30","9","876","0","0","Türkiye","left","179","9.04","5.96","63.79","0.62","83.33","0.1","8.02","1.95","0","0.02","0","0.51","0","0","4.21","31.71","0.82","75","3.39","51.52","1.03","2.16","0.31","45.51","80.14","20.96","76.47","5.86","50.88","0.04","0","0","0","0.31","7.5","68.49","3.6","42.86","0.31","11.82","76.52"
"Benny","Turkey 2.","Ümranıyespor","RWF, RW, CF","25","0","","10","876","2","2","Portugal","left","178","2.47","1.85","44.44","0.72","42.86","0","1.96","3.39","0.21","0.14","0","2.05","40","10","3.08","36.67","2.88","50","9.45","33.7","0.92","1.23","0.21","24.25","70.76","6.88","59.7","2.98","41.38","0.13","0","0.21","0","0.41","4.83","68.09","4.01","51.28","1.03","4.83","80.85"
"M. Diagne","Turkey 2.","Amed SK","CF","33","0","2027-06-30","9","875","10","1","Senegal","right","191","1.95","1.13","72.73","4.73","47.83","0.1","1.81","2.47","0.82","0.98","0.1","2.88","60.71","35.714","0.21","50","1.13","45.45","6.48","31.75","4.11","0.1","0","13.68","80.45","1.75","70.59","0.31","66.67","0.08","0","0.1","100","0.41","1.13","63.64","0.31","100","0.41","1.13","54.55"
"C. Şen","Turkey 2.","Bodrumspor","LB","25","0","2026-06-30","9","875","0","2","Türkiye","left","170","7.71","3.91","78.95","2.47","29.17","0.41","6.91","1.54","0","0","0","0.1","0","0","1.44","35.71","1.23","83.33","3.81","62.16","0.62","1.03","0.1","39.09","84.47","15.94","78.06","4.32","47.62","0.05","0","0.1","0","0.51","5.97","63.79","1.75","47.06","0.41","7.61","70.27"
"R. Mulumba","Turkey 2.","Bandırmaspor","RDMF, RCMF, LDMF","32","225000","","9","872","1","0","France","right","178","8.77","5.88","71.93","1.03","50","0.31","6.26","0.93","0.1","0.02","0","0.41","50","25","0.52","40","0.93","44.44","4.54","36.36","0","0.62","0","58.83","86.67","21.88","76.89","8.26","51.25","0.04","0.1","0.1","100","0.52","16","72.9","1.96","36.84","0.31","12.08","81.2"
"A. Aslan","Turkey 2.","Bodrumspor","LDMF, RDMF, LCMF","24","450000","2028-06-30","10","866","0","0","Türkiye","right","179","6.13","6.13","62.71","2.29","59.09","0","3.55","0.83","0","0.15","0","0.83","25","0","0.62","83.33","0.83","12.5","4.36","28.57","1.25","0.42","0","27.44","84.09","8.21","78.48","2.7","57.69","0.08","0","0.1","0","0.31","5.4","73.08","1.45","64.29","0.31","4.26","85.37"
"T. Seferi","Turkey 2.","Bodrumspor","LAMF, LWF, CF","28","0","2027-06-30","10","863","7","3","North Macedonia","right","184","3.96","3.44","45.45","2.71","30.77","0","3.46","3.44","0.73","0.57","0.1","3.44","39.39","21.212","0.83","37.5","2.4","69.57","8.55","31.71","5.21","1.46","0.31","26.28","80.95","6.78","73.85","0.63","50","0.18","0","0.1","100","0.63","2.09","70","2.4","65.22","1.77","3.86","78.38"
"B. Ceylan","Turkey 2.","Serik Belediyespor","RWB, RB","22","50000","2026-06-30","10","860","0","0","Türkiye","right","174","12.45","10.26","64.29","2.2","52.38","0.1","4.86","1.47","0","0.03","0","0.31","33.33","0","2.51","29.17","1.05","60","2.51","54.17","0.42","1.15","0","20.41","60.51","10.15","52.58","3.56","38.24","0.05","0","0","0","0.52","2.62","44","2.72","46.15","0.42","6.38","59.02"
"F. Loshaj","Turkey 2.","İstanbulspor","AMF, CF, LCMF","29","0","2027-06-30","10","853","3","1","Kosovo","left","174","4.11","4.01","60.53","2.32","36.36","0.11","2.06","2.22","0.32","0.27","0","2","47.37","15.789","1.9","38.89","1.06","50","5.7","29.63","1.58","0.21","0.11","23.74","69.78","10.45","60.61","3.69","45.71","0.05","0","0","0","0.21","4.43","61.9","2.43","39.13","0.74","4.75","75.56"
"G. Kakuta","Turkey 2.","Sakaryaspor","CF, AMF, RWF","34","1200000","","10","848","7","0","France","left","173","3.82","3.5","60.61","1.91","27.78","0","2.22","2.87","0.53","0.36","0.32","2.12","55","35","1.06","40","3.82","33.33","12.63","35.29","2.55","1.59","0","25.47","72.92","7.11","58.21","1.91","38.89","0.13","0.11","0.11","0","0.42","4.14","53.85","2.02","63.16","1.17","3.82","66.67"
"B. Bekaroğlu","Turkey 2.","Iğdır FK","LCB, RCB, CB","28","300000","2026-06-30","9","845","0","0","Türkiye","right","185","8.09","4.37","68.29","5.75","64.81","0.32","8.13","0.21","0","0.01","0","0.21","50","0","0","0","0.21","50","0.96","55.56","0.53","1.07","0","47.61","86.35","21.62","76.85","4.47","45.24","0.01","0","0.11","0","0.11","5.86","50.91","0.53","20","0.21","7.78","72.6"
"J. Bardhi","Turkey 2.","Ümranıyespor","CF, DMF, LCMF","27","500000","","9","840","0","0","Albania","right","181","6.64","5.57","71.15","3.11","41.38","0","3.6","1.82","0","0.03","0","0.75","14.29","0","1.18","45.45","2.57","45.83","12.86","43.33","1.5","2.68","0.32","22.82","79.81","7.18","67.16","2.04","57.89","0.06","0","0.11","0","0.43","4.07","65.79","1.61","40","0.64","3.11","82.76"
"M. Özcan","Turkey 2.","Vanspor FK","LCMF, RCMF, DMF","27","450000","","10","839","0","0","Türkiye","right","177","11.26","8.37","71.79","1.5","35.71","0","7.09","0.32","0","0","0","0.32","0","0","0","0","0.64","50","4.29","47.5","0.11","0.32","0","27.03","73.02","11.8","57.27","3.33","38.71","0.01","0","0","0","0","4.83","57.78","0.43","0","0","6.33","66.1"
"J. Anziani","Turkey 2.","Sarıyer","AMF, LDMF, RCMF","26","700000","2026-06-30","10","838","1","2","France","right","176","4.73","3.11","68.97","1.72","25","0.11","2.9","1.29","0.11","0.16","0","2.04","15.79","5.263","1.07","30","1.18","36.36","5.26","28.57","1.72","0.64","0","26.21","80.33","7.2","76.12","1.61","46.67","0.16","0.11","0.32","66.67","0.32","3.97","78.38","1.4","46.15","0.75","4.3","75"
"A. Ibik","Turkey 2.","Manisa F.K.","LCB","16","0","","9","835","0","0","Türkiye","","0","7.65","5.17","60.42","2.16","45","0.65","5.39","0","0","0","0","0.22","0","0","0.22","0","0.11","0","0.65","33.33","0.11","0.22","0","31.26","80.69","17.03","75.32","6.57","60.66","0","0","0","0","0","4.74","59.09","0.43","25","0.11","7.76","73.61"
"R. Berişbek","Turkey 2.","Bandırmaspor","RB","26","500000","","9","834","0","0","Türkiye","right","175","9.39","5.94","65.45","1.62","46.67","0.22","7.15","1.62","0","0.03","0","0.22","50","0","2.7","28","1.4","53.85","3.45","50","0.32","1.73","0.43","35.29","73.09","14.24","70.45","4.96","54.35","0.03","0","0","0","0.11","3.99","64.86","3.67","32.35","0.43","9.06","67.86"
"M. Fettahoğlu","Turkey 2.","BB Erzurumspor","LW","24","175000","2027-06-30","11","833","5","2","Türkiye","right","177","5.62","4.54","69.05","1.4","23.08","0","3.75","1.94","0.54","0.22","0.11","1.51","50","35.714","1.84","23.53","1.94","38.89","8.64","31.25","3.13","1.51","0.43","24.96","70.56","4.86","57.78","0.65","33.33","0.06","0","0","0","0.32","1.08","70","1.84","35.29","0.86","3.24","40"
"Xesc Regis","Turkey 2.","Vanspor FK","RB, RWB, RW","29","800000","2027-06-30","10","815","1","0","Spain","right","180","5.41","3.42","45.16","1.33","33.33","0.11","5.97","2.1","0.11","0.04","0","0.77","28.57","14.286","1.55","21.43","2.21","70","5.3","47.92","1.33","1.99","0.44","26.5","69.58","9.83","56.18","4.31","43.59","0.02","0","0","0","0.11","4.2","47.37","2.54","30.43","0.77","4.86","59.09"
"J. Lindseth","Turkey 2.","Manisa F.K.","AMF, LDMF, RCMF","29","0","2027-06-30","10","813","0","3","Norway","right","182","6.31","6.31","59.65","1.11","50","0.11","3.43","0.55","0","0.02","0","0.55","20","0","0.44","25","0.89","37.5","3.32","23.33","1.55","0.44","0","30.22","77.29","12.29","66.67","2.88","30.77","0.05","0","0","0","0.55","5.31","60.42","1.44","69.23","1.33","5.31","72.92"
"D. Denić","Turkey 2.","Pendikspor","LCMF, RCMF","29","400000","","10","809","1","2","Serbia","right","182","5.9","5.12","60.87","1.67","66.67","0.22","3.85","2","0.11","0.22","0","1.33","58.33","8.333","1.22","27.27","1.56","57.14","5.56","40","2.89","1.11","0.56","27.26","83.67","6.67","71.67","1.11","70","0.16","0","0.11","0","0.22","3.56","81.25","2.11","57.89","0.89","4.12","83.78"
"O. Kayode","Turkey 2."," Esenler Erokspor","CF","32","700000","","10","805","7","0","Nigeria","right","176","2.46","2.46","68.18","2.68","33.33","0","1.16","2.01","0.78","0.32","0.11","1.9","58.82","41.176","0.89","12.5","1.23","54.55","5.25","36.17","3.02","0.45","0.11","18.34","74.39","3.24","62.07","0.89","50","0.03","0.11","0.22","50","0.45","2.46","68.18","1.01","44.44","0.34","1.68","80"
"A. Öztürk","Turkey 2.","Iğdır FK","RCB, CB","32","450000","2026-06-30","8","805","0","2","Netherlands","right","191","6.6","4.7","64.29","2.91","65.38","0.34","5.54","0.22","0","0.01","0","0.22","0","0","0.22","50","0.11","100","0.78","28.57","0.67","0.67","0","52.43","87.63","18.89","75.15","8.05","54.17","0.11","0","0","0","0.34","7.83","61.43","1.57","42.86","0.67","9.06","82.72"
"I. Akdağ","Turkey 2.","Ankara Keçiörengücü","LDMF, RDMF","34","150000","","9","803","1","2","Türkiye","right","179","8.97","7.85","62.86","1.34","50","0.11","4.95","1.34","0.11","0.06","0","1.23","27.27","9.091","1.34","16.67","0.78","85.71","3.92","54.29","0.67","1.46","0.11","38.44","77.55","15.92","68.31","5.27","44.68","0.05","0","0.34","33.33","0.34","8.63","59.74","2.47","22.73","0.34","7.73","68.12"
"J. Clarke-Harris","Turkey 2.","Pendikspor","CF","31","750000","2026-06-30","10","802","4","0","England","left","183","2.47","1.8","68.75","4.38","46.15","0.11","1.39","1.01","0.22","0.46","0.11","1.8","50","25","0","0","0.56","20","4.49","50","1.46","0.22","0.11","12.12","79.63","2.81","52","0.79","85.71","0.01","0","0","0","0","1.68","60","0.45","50","0.22","1.46","69.23"
"D. Ndongala","Turkey 2.","Bandırmaspor","RAMF, RW, CF","34","250000","","10","802","0","4","Congo DR","right","170","3.25","2.92","50","1.12","30","0","2.67","3.59","0","0.09","0","1.35","25","0","3.14","46.43","3.48","45.16","7.97","33.8","2.69","1.57","0","25.47","71.81","7.63","69.12","3.03","48.15","0.26","0.22","0.67","33.33","0.79","3.59","65.63","4.38","51.28","1.57","4.94","79.55"
"O. Yıldırım","Turkey 2.","Ümranıyespor","RB, RWB","30","300000","","9","802","1","1","Türkiye","right","174","7.07","5.5","71.43","1.12","30","0.56","3.45","1.68","0.11","0.02","0","0.34","66.67","33.333","2.02","33.33","1.68","46.67","5.05","33.33","0.79","1.46","0.11","29.63","72.73","9.88","59.09","4.26","44.74","0.02","0","0","0","0.11","4.04","50","2.24","25","0.45","5.72","60.78"
"M. Özdemir","Turkey 2.","Pendikspor","DMF, RCMF, LDMF","32","200000","","8","800","0","1","Türkiye","","0","9","7.09","69.84","4.05","63.89","0.56","5.39","0.23","0","0.02","0","0.34","0","0","0","0","0.34","66.67","3.6","46.88","0.45","1.13","0.11","48.94","85.98","18.9","77.98","5.85","63.46","0","0","0","0","0.11","8.78","74.36","0.23","50","0.23","10.01","71.91"
"D. Aydın","Turkey 2.","İstanbulspor","LCMF, RCMF, LDMF","25","125000","2029-06-30","9","799","0","1","Türkiye","left","183","7.55","6.08","64.81","4.39","35.9","0.11","4.05","1.35","0","0.05","0","0.68","50","0","0.9","12.5","1.13","70","5.07","46.67","1.46","1.24","0.45","31.43","83.15","10.48","68.82","1.69","46.67","0.05","0","0.11","100","0.34","4.28","63.16","1.24","54.55","0.68","4.84","76.74"
"H. Bilazer","Turkey 2."," Esenler Erokspor","LB, RB","30","275000","","9","799","2","1","Türkiye","right","170","8.11","4.28","84.21","1.58","42.86","0.34","6.33","1.46","0.23","0.06","0","0.34","100","66.667","0.56","0","2.25","50","8.22","45.21","0.68","1.69","0.79","39.87","80.23","13.63","66.12","4.06","50","0.07","0","0","0","0.11","4.17","62.16","1.91","35.29","0.79","7.1","61.9"
"O. Kaynak","Turkey 2.","Adana Demirspor","LB","19","0","","10","793","0","0","Türkiye","right","0","9.31","7.38","56.92","1.7","26.67","0.68","4.98","0.45","0","0","0","0","0","0","0.91","12.5","0.68","50","3.75","45.45","0.11","0.57","0","18.27","70.19","8.74","62.34","1.93","47.06","0","0","0","0","0","2.04","44.44","1.02","22.22","0.11","4.54","55"
"B. Tetik","Turkey 2."," Esenler Erokspor","GK","30","125000","2026-06-30","8","793","0","0","Türkiye","right","190","0.79","0.11","100","0.23","50","0","1.05","0","0","0","0","0","0","0","0","0","0","0","0","0","0","0.23","0","27.58","85.19","11.92","70.48","7.15","53.97","0","0","0","0","0","2.38","28.57","0.34","0","0","4.77","59.52"
"D. Kolovetsios","Turkey 2.","Sakaryaspor","RCB, LCB, CB","33","350000","","8","792","0","0","Greece","right","183","6.02","3.41","63.33","1.82","68.75","0.45","4.9","0","0","0.01","0","0.23","0","0","0","0","0","0","0.34","0","0.57","0.45","0","30.34","77.15","15.45","63.97","5.91","38.46","0","0","0","0","0","4.2","43.24","0.34","0","0.11","5.45","54.17"
"Pedro Brazão","Turkey 2.","Bodrumspor","RAMF, RW, RCMF","22","0","2026-06-30","10","785","3","0","Portugal","left","178","5.62","4.82","64.29","0.57","40","0","3.95","6.19","0.34","0.37","0","2.41","57.14","14.286","2.29","40","6.54","59.65","15.36","46.27","3.44","3.55","0.8","29.58","77.52","8.83","72.73","1.15","30","0.11","0.11","0","0","0.23","3.1","70.37","2.75","66.67","1.38","5.5","81.25"
"M. Okyar","Turkey 2."," Esenler Erokspor","DMF, RDMF, RCMF","26","350000","","9","782","1","2","Türkiye","","0","7.94","5.87","70.59","2.42","57.14","0.12","4.64","0.58","0.12","0.03","0","0.58","20","20","0.35","33.33","0.23","100","4.03","42.86","0.58","0.58","0","37.98","84.85","11.05","64.58","4.26","48.65","0","0.23","0.23","50","0.23","5.64","65.31","1.84","37.5","0.58","5.52","64.58"
"M. Ologo","Turkey 2.","İstanbulspor","RCB","22","650000","2027-06-30","9","779","0","0","Nigeria","right","189","9.01","4.97","67.44","3.47","66.67","0.35","6.81","0.46","0","0.02","0","0.12","0","0","0.23","50","0.35","100","0.69","100","0.35","0.23","0","38.82","85.71","13.06","69.03","3.23","50","0","0","0","0","0","2.43","57.14","0.23","50","0.12","5.2","53.33"
"A. Djokanovic","Turkey 2.","Ümranıyespor","RCB, LCMF","24","0","","9","778","0","0","Bosnia and Herzegovina","right","180","7.63","4.86","64.29","1.97","58.82","0.69","5.35","0.93","0","0.06","0","0.35","66.67","0","0","0","0.93","75","3.01","65.38","0.35","0.69","0","33.32","85.07","14.69","72.44","4.74","43.9","0","0","0","0","0","4.28","56.76","0.46","25","0.12","6.13","66.04"
"M. Cissokho","Turkey 2.","Manisa F.K.","RDMF, LDMF, DMF","25","0","2028-06-30","9","776","0","0","Senegal","unknown","0","7.89","4.52","71.79","3.02","69.23","0.35","5.84","1.28","0","0.07","0","0.81","57.14","0","0.23","0","0.93","87.5","5.57","54.17","0.58","0.81","0.23","29.34","81.03","10.32","69.66","3.48","53.33","0.01","0.12","0.12","0","0","5.8","68","0.93","50","0.7","5.57","75"
"S. Kavrazlı","Turkey 2.","Adana Demirspor","CF, LCMF","23","150000","","8","776","1","0","Türkiye","right","178","3.94","4.87","59.52","3.02","19.23","0","1.1","2.67","0.12","0.05","0","1.28","27.27","9.091","0.81","42.86","2.55","77.27","9.63","46.99","0.7","2.78","0.46","24.59","71.7","8.81","53.95","2.32","25","0.03","0","0.35","0","0","4.06","42.86","1.51","53.85","0.58","3.6","83.87"
"M. Fofana","Turkey 2.","Iğdır FK","LW, LAMF, LWF","33","275000","","10","775","1","3","Côte d'Ivoire","right","175","2.79","3.02","53.85","1.16","20","0","1.88","6.62","0.12","0.09","0","1.63","35.71","7.143","2.21","31.58","9.06","58.97","15.33","46.21","3.95","4.18","0.93","23.23","78","4.41","73.68","0.46","100","0.25","0.35","0.12","0","0.93","1.16","90","2.21","68.42","1.28","3.25","89.29"
"A. Parmak","Turkey 2.","Hatayspor","DMF, RCMF, RDMF","30","250000","2026-06-30","8","764","0","1","Türkiye","right","176","4.71","3.53","53.33","2.36","55","0.12","3.37","1.77","0","0.06","0","1.53","23.08","0","0.71","33.33","1.77","66.67","5.42","50","1.53","1.53","0.12","50.07","85.88","19.44","80","3.53","46.67","0.1","0","0","0","0.12","8.13","76.81","1.77","53.33","1.06","9.42","85"
"Lucas Lima","Turkey 2.","Boluspor","LB","34","1000000","2027-06-30","8","763","0","0","Brazil","left","179","5.66","4.48","65.79","3.42","34.48","0.24","3.73","1.42","0","0","0","0.35","33.33","0","3.66","22.58","0.94","37.5","3.77","31.25","0","1.53","0","49.19","79.14","19.11","73.46","7.55","60.94","0.15","0","0.12","100","0.47","7.79","66.67","4.36","35.14","0.94","9.67","80.49"
"E. Hoti","Turkey 2.","Ümranıyespor","LCMF, CF, RCMF","28","250000","","10","756","0","0","Germany","right","185","4.88","4.4","64.86","1.43","41.67","0.48","2.56","2.02","0","0.07","0","0.95","75","0","0.24","50","1.55","69.23","7.38","45.16","0.83","0.6","0","23.81","84","6.31","69.81","1.55","53.85","0.02","0","0.12","100","0.24","2.26","63.16","0.6","60","0.48","2.74","65.22"
"G. Bruno","Turkey 2.","Iğdır FK","CF","34","800000","","8","755","6","0","Belgium","right","180","1.79","1.55","69.23","2.62","18.18","0","1.37","2.03","0.36","0.7","0","2.5","57.14","28.571","1.19","10","0.6","80","3.81","50","3.93","0.48","0","17.88","72","3.22","62.96","0.95","25","0.05","0","0.12","0","0.12","1.67","57.14","0.83","57.14","0.48","1.91","50"
"K. Yurdakul","Turkey 2.","Manisa F.K.","AMF, RDMF, LCMF","24","100000","","10","754","1","2","Türkiye","right","0","7.76","8","55.22","1.43","33.33","0.24","3.56","1.43","0.12","0.04","0","0.48","75","25","1.07","22.22","1.43","58.33","5.25","29.55","0.84","0.6","0","32.71","86.86","8.24","76.81","1.67","57.14","0.13","0","0","0","0.36","5.25","81.82","1.19","60","0.48","2.98","88"
"M. Mohammed","Turkey 2.","Bodrumspor","DMF, RDMF, LDMF","23","750000","2028-06-30","9","752","0","0","Ghana","right","192","5.27","3.95","45.45","2.75","65.22","0.24","5.12","0.6","0","0.06","0","1.32","0","0","0","0","1.32","36.36","4.79","45","0.6","0.72","0","36.74","80.46","13.16","66.36","6.22","50","0.02","0","0.12","100","0","8.86","59.46","1.44","58.33","0.96","8.5","81.69"
"Pedrinho","Turkey 2.","Çorum FK","DMF, RCMF, LCMF","32","600000","2027-06-30","10","752","1","0","Portugal","right","170","7.9","5.39","71.11","2.51","47.62","0.24","7.06","1.2","0.12","0.07","0","0.84","14.29","14.286","1.2","30","0.6","80","3.47","58.62","0.72","1.32","0.36","53.62","87.72","16.28","75.74","5.51","78.26","0.14","0.12","0.6","40","0.24","7.42","77.42","3.23","59.26","1.44","7.3","78.69"
"B. Yılmaz","Turkey 2.","Hatayspor","RCB, LCB","29","200000","","8","751","0","0","Türkiye","right","185","7.91","5.99","54","2.28","31.58","0.48","7.27","0.12","0","0.05","0","0.36","33.33","0","0.24","0","0.12","0","1.32","45.45","0.6","0.84","0.12","46.26","91.71","19.29","86.34","3.83","56.25","0.04","0","0","0","0.12","3.72","70.97","0.6","20","0.12","7.07","76.27"
"K. Arslan","Turkey 2.","Boluspor","RCB","24","125000","2026-06-30","9","744","0","0","Türkiye","right","186","9.8","5.93","75.51","6.17","66.67","0.24","7.96","0.24","0","0.08","0","0.6","40","0","0.12","0","0.12","0","0.97","62.5","0.85","0.48","0","38.83","85.36","14.52","74.17","6.05","58","0.05","0","0","0","0.12","3.51","51.72","0.36","0","0.12","7.14","67.8"
"O. Erdoğan","Turkey 2.","Sivasspor","LCB, RCB","27","0","2028-06-30","8","741","0","0","Germany","right","185","8.26","7.89","64.62","2.43","55","0.49","4.55","0.36","0","0.05","0","0.49","25","0","0.12","100","0.12","100","1.09","66.67","0.36","0.85","0","44.21","90.38","17.37","83.22","3.89","50","0","0","0","0","0","3.4","57.14","0.85","14.29","0","5.47","73.33"
"O. Gürbulak","Turkey 2.","Çorum FK","RCMF, LCMF","33","250000","","10","736","4","1","Türkiye","right","178","7.09","5.63","73.91","0.98","37.5","0","5.27","2.32","0.49","0.23","0","2.2","44.44","22.222","1.83","26.67","0.86","57.14","3.91","34.38","3.18","0.98","0","44.51","82.42","13.45","73.64","4.04","63.64","0.15","0","0.37","100","0.98","6.85","80.36","3.79","45.16","1.83","6.48","77.36"
"H. Traoré","Turkey 2.","Sarıyer","RDMF, DMF, LDMF","29","900000","2026-06-30","9","735","0","0","Mali","right","175","9.06","6.73","67.27","1.1","33.33","0.37","6.17","0.98","0","0.01","0","0.86","14.29","0","0.24","0","1.22","70","5.39","50","0.24","1.35","0","33.43","82.42","12.61","68.93","3.55","44.83","0","0","0.12","0","0.12","7.35","65","0.73","16.67","0.24","5.88","70.83"
"D. Lico","Turkey 2.","Boluspor","DMF, LDMF","25","500000","","8","731","2","0","Albania","left","189","11.82","7.51","54.1","3.82","61.29","0.49","12.64","1.48","0.25","0.17","0.12","1.23","60","20","0.37","66.67","0.49","100","4.06","63.64","1.11","0.37","0","45.92","84.18","13.3","74.07","5.05","63.41","0.03","0","0","0","0","6.53","79.25","0.62","60","0.25","7.26","62.71"
"E. Eze","Turkey 2.","Çorum FK","CF","29","700000","","10","720","2","1","Nigeria","right","185","2","2.25","50","6.88","27.27","0.25","1.18","3","0.13","0.42","0","1.88","53.33","13.333","0.88","28.57","3","58.33","14.25","29.82","3.75","1.38","0.25","12.63","65.35","1.75","42.86","0.63","80","0.08","0","0","0","0.38","0.75","83.33","1","62.5","1.13","1.25","70"
"Douglas Tanque","Turkey 2.","Bandırmaspor","CF","31","900000","2026-01-31","9","719","6","1","Brazil","left","188","1.88","3.5","42.86","5.01","45","0","0.53","1.63","0.63","0.6","0","3.13","36","24","0.25","100","1.25","20","9.14","23.29","3.76","0.13","0","13.89","77.48","2.38","47.37","0.63","40","0.04","0","0","0","0.38","1.25","50","1","37.5","0.5","1.75","64.29"
"E. Kaplan","Turkey 2.","Ümranıyespor","LB, LWB, LCB","24","550000","2027-06-30","9","717","0","0","Türkiye","left","180","7.41","5.15","65.85","3.51","71.43","0.63","5.09","0.75","0","0.02","0","0.25","0","0","0.5","50","0.63","80","2.64","61.9","0.5","1","0.13","37.03","84.75","15.56","74.19","5.65","57.78","0","0","0","0","0","5.52","63.64","0.5","0","0.13","6.03","83.33"
"R. Akanbi","Turkey 2.","Boluspor","LW, LAMF","26","600000","","10","714","1","0","Nigeria","right","190","4.16","3.28","42.31","6.05","37.5","0","4.62","3.03","0.13","0.24","0","1.51","50","8.333","1.64","15.38","4.29","47.06","11.34","33.33","3.28","2.9","0.13","21.81","72.25","3.53","57.14","1.89","53.33","0.05","0.13","0.13","0","0.25","1.51","33.33","1.64","23.08","0.38","2.52","75"
"B. Asan","Turkey 2.","Serik Belediyespor","RCMF, LCMF","27","100000","2026-06-30","8","714","0","0","Türkiye","right","181","10.46","7.31","65.52","2.9","65.22","0.13","4.18","0.5","0","0.08","0","1.26","20","0","0.13","0","0.25","100","2.14","47.06","1.01","0.88","0","18.91","67.33","8.95","56.34","3.15","28","0","0.13","0","0","0","4.79","44.74","0.38","66.67","0.38","3.78","56.67"
"D. Aksu","Turkey 2.","İstanbulspor","LB, LWB","28","600000","2026-06-30","8","711","0","0","Türkiye","left","183","7.22","4.3","79.41","2.28","50","0.38","4.71","2.28","0","0.02","0","0.51","25","0","3.29","34.62","1.27","80","3.54","39.29","0.13","1.27","0.38","36.2","71.33","15.82","59.2","5.06","30","0.12","0","0.13","0","0.25","5.06","42.5","3.29","50","0.51","9.24","63.01"
"E. Korkmaz","Turkey 2."," Esenler Erokspor","RB","22","0","2026-06-30","8","710","0","0","Türkiye","right","182","8.62","7.86","69.35","0.89","71.43","0.13","4.18","0.38","0","0","0","0.13","0","0","0.76","16.67","0.76","33.33","5.96","27.66","0.25","2.54","0.38","35.24","88.49","11.54","79.12","1.39","54.55","0","0.13","0","0","0","3.55","78.57","0.76","16.67","0","4.82","76.32"
"B. Samudio","Turkey 2.","Çorum FK","RW","29","1000000","2026-06-30","10","709","3","0","Paraguay","right","181","4.7","4.06","65.63","5.33","66.67","0","2.98","2.28","0.38","0.17","0.13","1.52","33.33","25","2.92","34.78","1.14","66.67","6.35","38","2.28","0.89","0","35.8","76.6","8.76","59.42","2.16","29.41","0.04","0.13","0.13","0","0.13","3.81","70","3.43","29.63","0.38","5.08","75"
"T. Kaçar","Turkey 2."," Esenler Erokspor","LDMF, RCB, RCMF","31","200000","","8","701","0","0","Türkiye","right","187","7.96","7.19","66.07","2.7","66.67","0.26","4.71","0.51","0","0.05","0","0.77","16.67","0","0.39","0","0.39","100","2.7","52.38","0.39","1.03","0.13","52.51","90.95","17.46","80.15","3.98","51.61","0","0","0","0","0","4.88","68.42","0.26","50","0.13","6.55","72.55"
"A. Alkan","Turkey 2.","Bandırmaspor","GK","36","50000","","7","700","0","0","Türkiye","right","186","0.9","0.13","0","0.39","66.67","0","1.5","0","0","0","0","0","0","0","0","0","0","0","0","0","0","0","0","18.51","84.03","10.03","73.08","5.4","52.38","0","0","0","0","0","2.57","40","0.77","33.33","0.26","3.86","66.67"
"A. Bülbül","Turkey 2.","Ümranıyespor","LCMF, LWB","20","0","","9","694","0","0","Türkiye","right","179","7.91","4.54","62.86","2.59","45","0.52","6.83","1.17","0","0.02","0","0.26","0","0","1.17","11.11","2.07","50","6.35","30.61","1.56","1.82","0.13","28.4","79.91","11.8","76.92","2.72","42.86","0.05","0.26","0","0","0.13","3.5","66.67","0.52","25","0.52","4.93","73.68"
"Ö. Yiğiter","Turkey 2.","Sivasspor","RDMF, LDMF, DMF","25","200000","2026-06-30","10","683","0","0","Türkiye","right","190","7.25","6.72","58.82","2.64","35","0.26","4.96","0.92","0","0.02","0","0.26","0","0","1.32","20","0.92","71.43","3.16","41.67","0.4","1.58","0.13","39.53","84.33","11.07","66.67","3.69","57.14","0","0.13","0","0","0.13","6.85","78.85","1.71","30.77","0.13","5.93","82.22"
"T. Böke","Turkey 2.","Sivasspor","CF","26","0","2027-06-30","8","683","5","1","Türkiye","right","176","1.58","2.24","29.41","6.19","31.91","0","1.47","3.16","0.53","0.52","0.13","2.37","61.11","27.778","1.19","44.44","2.11","56.25","10.28","30.77","4.22","1.32","0.26","13.05","76.77","2.37","66.67","0.4","66.67","0.04","0","0","0","0.13","1.05","62.5","0.79","50","0.4","1.05","87.5"
"S. Göksu","Turkey 2.","Ümranıyespor","RCMF, DMF, RDMF","32","225000","2027-06-30","11","680","0","0","Türkiye","right","182","8.74","4.1","58.06","1.59","58.33","0.93","7.11","0.53","0","0.04","0","0.4","33.33","0","0.4","33.33","0.4","66.67","2.78","42.86","0.66","1.19","0","41.16","80.06","17.07","72.87","6.09","56.52","0","0.13","0","0","0","8.34","68.25","1.72","30.77","0.4","8.6","75.38"
"F. Doğan","Turkey 2.","Pendikspor","LB, LWB","23","0","2028-06-30","8","667","0","1","Türkiye","left","181","7.29","6.21","52.17","2.7","55","0.13","5.7","2.16","0","0.06","0","0.27","0","0","1.89","28.57","1.62","100","5.8","55.81","0.94","1.75","0.13","34.54","80.08","9.72","66.67","1.89","21.43","0.08","0","0","0","0.13","3.51","57.69","1.75","61.54","0.81","5.8","69.77"
"D. Şenyurt","Turkey 2.","Boluspor","RB","21","75000","","8","666","0","0","Switzerland","","178","12.43","8.51","69.84","2.3","58.82","0.41","8.78","2.03","0","0.01","0","0.41","33.33","0","2.7","15","2.7","55","6.62","55.1","0.27","1.76","0.27","37.3","74.28","14.59","68.52","3.92","55.17","0.02","0.14","0.14","0","0.27","5.41","60","2.43","27.78","0.27","6.49","60.42"
"H. Çiftçi","Turkey 2.","Bandırmaspor","LDMF, LCMF","27","325000","2026-06-30","9","665","1","0","Germany","left","177","10.29","7.85","67.24","1.49","54.55","0.27","6.38","0.81","0.14","0.13","0","1.76","30.77","7.692","0.81","33.33","0.27","0","3.11","39.13","0.68","0.54","0.14","36.14","78.65","15.02","66.67","7.04","59.62","0.17","0.14","0","0","0.27","7.71","63.16","2.3","47.06","0.81","7.44","85.45"
"S. Çiftpınar","Turkey 2.","Sakaryaspor","LCB","32","225000","2026-06-30","7","660","0","0","Türkiye","right","183","7.36","3","63.64","2.05","46.67","0.82","7.18","0.27","0","0.08","0","0.41","33.33","0","0","0","0.27","50","0.68","20","0.41","0","0","23.73","87.36","8.18","80","4.09","80","0","0","0","0","0","2.05","46.67","0.27","50","0.14","4.91","58.33"
"Jefferson","Turkey 2.","Vanspor FK","AMF, RCMF, LCMF","31","350000","","10","660","1","0","Brazil","right","180","4.91","4.5","51.52","2.73","50","0.41","3.7","1.64","0.14","0.16","0","1.36","30","10","0.55","50","1.36","70","6.55","45.83","0.68","1.64","0.27","37.23","77.66","12.95","58.95","4.91","50","0.05","0","0","0","0.27","8.59","57.14","1.77","46.15","0.68","5.86","79.07"
"V. Karakuş","Turkey 2.","Manisa F.K.","GK","27","50000","2027-06-30","7","658","0","0","Türkiye","left","183","1.09","0","0","0.68","100","0","1.49","0","0","0","0","0","0","0","0","0","0","0","0","0","0","0","0","17.64","78.29","8.75","57.81","6.29","45.65","0","0","0","0","0","1.91","35.71","0.14","0","0","4.1","60"
"O. Imeri","Turkey 2.","Bodrumspor","RB, LB","25","300000","2026-06-30","7","652","0","0","North Macedonia","right","175","9.11","6.76","73.47","0.55","75","0","7.13","0.69","0","0","0","0.14","0","0","1.66","25","0.97","28.57","2.76","25","0.55","1.79","0.14","40.72","81.36","13.67","73.74","5.25","44.74","0.01","0","0","0","0.14","4.69","67.65","0.83","83.33","0.41","8.14","64.41"
"Ö. Bayram","Turkey 2.","Sarıyer","LB, RAMF","34","50000","","9","651","0","0","Netherlands","left","175","5.94","4.42","62.5","1.38","50","0.28","4.69","2.07","0","0.02","0","0.69","40","0","3.87","28.57","1.38","50","4.29","58.06","0.83","2.07","0.55","42.03","75.99","14.24","67.96","4.56","54.55","0.35","0.14","0","0","0.55","5.81","66.67","4.15","36.67","0.69","8.85","78.13"
"B. Əkinçiər","Turkey 2.","Ümranıyespor","LWF, LW","26","300000","","10","650","0","1","Germany","both","181","3.32","2.63","63.16","4.57","33.33","0","1.7","0.97","0","0.04","0","0.97","0","0","0.42","66.67","1.94","35.71","7.75","23.21","0.97","1.52","0.28","13.02","82.98","2.08","73.33","0.28","100","0.11","0","0","0","0.14","0.28","50","0.55","75","0.28","1.25","66.67"
"O. Güçtekin","Turkey 2.","Iğdır FK","DMF, LDMF, LCMF","26","400000","","9","648","0","0","Türkiye","right","173","6.67","5","75","1.94","50","0","4.32","0.14","0","0","0","0","0","0","0.56","0","0.42","33.33","2.92","52.38","0.14","0.28","0","38.89","83.57","12.22","63.64","4.58","39.39","0","0.14","0","0","0.14","6.53","65.96","1.81","30.77","0.56","5.97","72.09"
"S. Gülay","Turkey 2.","Adana Demirspor","RW, RAMF","19","0","","9","637","1","0","Türkiye","","0","7.77","7.49","69.81","2.97","42.86","0","2.32","1.27","0.14","0.05","0","0.42","100","33.333","0.57","0","2.26","31.25","6.08","25.58","0.71","0.71","0.14","19.22","71.32","5.37","57.89","1.7","25","0.01","0","0.14","100","0.28","1.84","69.23","0.57","50","0.28","2.97","47.62"
"G. Tunç","Turkey 2.","Adana Demirspor","RCMF, LW","19","0","","8","633","0","0","Türkiye","","0","2.7","3.13","50","1","28.57","0","1.1","0.43","0","0","0","0.14","0","0","0.43","33.33","0.43","66.67","3.41","33.33","0.43","0.57","0","22.75","81.88","6.97","59.18","1.42","70","0.03","0","0","0","0.14","1.28","55.56","0.28","50","0","3.55","48"
"S. Akgün","Turkey 2.","BB Erzurumspor","LCMF","25","300000","2026-06-30","10","632","0","1","Türkiye","left","174","4.56","4.98","48.57","1.42","30","0.28","3.31","0.28","0","0.08","0","0.71","20","0","0.85","16.67","0.43","0","3.84","22.22","1","0.43","0","38.59","88.93","8.26","72.41","3.28","47.83","0.14","0","0","0","0.28","4.84","76.47","2.14","53.33","1","4.56","81.25"
"M. Keskin","Turkey 2.","Ankara Keçiörengücü","RB","23","0","2027-06-30","9","630","0","0","Türkiye","right","178","9.43","9.14","73.44","1.29","44.44","0","3.19","1.71","0","0","0","0.29","0","0","3","38.1","0.86","66.67","2.43","52.94","0.43","1.86","0.43","31.43","72.27","11.86","65.06","5.29","43.24","0.02","0","0","0","0.14","4.71","57.58","3.29","39.13","0.29","9","65.08"
"J. Vuković","Turkey 2.","Sakaryaspor","DMF, RCMF, LCMF","33","350000","","7","625","0","0","Croatia","right","186","6.62","4.32","83.33","1.3","33.33","0.29","3.35","0.72","0","0.14","0","1.01","28.57","0","0.29","100","0.43","33.33","2.59","50","0.86","0.58","0","37.15","85.27","13.97","69.07","3.74","57.69","0","0","0","0","0.14","4.46","64.52","1.44","60","0.72","7.06","73.47"
"E. Akcan","Turkey 2.","Iğdır FK","RCMF, LCMF","23","175000","2026-06-30","10","625","0","2","Türkiye","","171","6.19","5.04","60","0.43","33.33","0.29","5.61","0.72","0","0.01","0","0.29","0","0","0.29","50","1.01","57.14","3.17","63.64","1.01","0.72","0","41.9","86.25","12.38","76.74","6.91","62.5","0.19","0","0.14","0","0.29","7.92","76.36","1.87","53.85","1.3","7.06","81.63"
"G. Sağlam","Turkey 2.","Hatayspor","RCMF, LCMF, AMF","27","0","2026-06-30","7","624","1","0","Germany","right","178","4.18","4.18","51.72","2.02","21.43","0.14","2.19","1.73","0.14","0.09","0","1.3","22.22","11.111","0.43","33.33","1.15","62.5","3.46","41.67","0.58","1.44","0.14","50.19","85.06","14.57","70.3","7.07","67.35","0.07","0.29","1.01","57.14","0","10.53","69.86","1.88","61.54","0.87","9.23","84.38"
"C. Demir","Turkey 2.","Hatayspor","LCB, CB","24","0","","7","613","0","0","Türkiye","left","186","8.81","4.85","66.67","2.79","42.11","0.15","7.95","0.59","0","0.06","0","0.44","33.33","0","1.03","28.57","0","0","0.59","25","1.03","0.88","0","45.22","86.04","19.23","77.1","6.46","52.27","0.05","0","0.15","100","0.29","6.17","66.67","1.17","37.5","0.15","8.81","86.67"
"F. Yazgan","Turkey 2.","Çorum FK","DMF","33","225000","2027-06-30","10","610","1","0","Germany","right","183","8.41","7.82","62.26","4.43","46.67","0.15","5.53","1.03","0.15","0.04","0.15","1.03","42.86","14.286","1.18","37.5","0.15","100","2.95","50","1.33","0.74","0","48.69","77.27","17.26","62.39","7.82","54.72","0.08","0","0.15","0","0","10.03","51.47","2.95","55","1.77","10.03","66.18"
"A. Regattin","Turkey 2.","Sarıyer","LAMF, LCMF, LW","34","250000","2026-06-30","7","608","2","0","France","right","168","4.59","2.37","87.5","2.37","25","0.15","3.15","3.7","0.3","0.37","0.15","1.78","58.33","16.667","2.37","37.5","2.81","63.16","7.85","45.28","2.37","1.33","0.15","36.86","83.53","9.33","80.95","3.55","70.83","0.14","0","0","0","0.3","5.48","81.08","3.85","46.15","1.78","6.07","82.93"
"J. Fernandes","Turkey 2.","Ankara Keçiörengücü","CF, RAMF","37","75000","","10","603","1","1","Chile","right","182","3.28","2.39","75","4.63","45.16","0","2.11","2.69","0.15","0.1","0","1.19","50","12.5","2.84","15.79","2.24","73.33","7.16","35.42","2.69","0.45","0","23.73","67.92","5.37","58.33","1.94","7.69","0","0.15","0","0","0.15","2.24","73.33","2.84","36.84","0.75","4.18","60.71"
"E. Terzi","Turkey 2.","Serik Belediyespor","LWB, LB, AMF","21","0","2027-06-30","7","602","1","0","Türkiye","left","177","8.22","4.49","50","1.79","25","0.3","5.48","0.9","0.15","0.03","0","0.3","50","50","1.5","0","1.35","55.56","3.74","36","1.05","0.45","0","19.14","64.84","7.18","58.33","2.99","35","0.04","0","0","0","0","2.39","50","1.5","20","0.15","4.34","48.28"
"M. Kiprit","Turkey 2.","Manisa F.K.","LAMF, AMF","26","175000","2026-06-30","10","599","2","0","Germany","both","184","3.46","3.16","47.62","2.55","41.18","0","2.77","2.7","0.15","0.39","0.15","2.85","31.58","10.526","1.95","30.77","1.8","66.67","7.96","39.62","3.76","2.1","0","25.54","74.71","5.86","58.97","1.35","44.44","0.03","0","0.3","0","0.6","3.16","57.14","2.4","56.25","0.75","3.31","63.64"
"Lucas Africo","Turkey 2.","Vanspor FK","LCB, LB","30","300000","2026-06-30","6","598","0","0","Brazil","left","188","8.13","5.87","58.97","1.81","66.67","0","6.21","0.3","0","0.08","0","0.75","20","0","0","0","0.45","33.33","1.66","54.55","0.45","0.75","0","31.61","79.05","16.1","71.03","4.97","45.45","0","0","0","0","0","3.76","68","0.3","0","0","8.73","63.79"
"M. Mamadou","Turkey 2.","İstanbulspor","CF, RWF, LAMF","27","450000","2026-06-30","10","597","1","0","Senegal","right","185","4.67","3.92","69.23","2.71","38.89","0.15","2.65","1.66","0.15","0.13","0","0.75","60","20","1.81","41.67","1.36","33.33","6.63","20.45","1.81","1.96","0.15","21.11","74.29","4.22","71.43","1.21","50","0.04","0.15","0","0","0.15","2.41","62.5","1.51","40","0.75","3.17","76.19"
"G. Vural","Turkey 2.","Iğdır FK","LB, RW, LCB","37","225000","","6","597","1","2","Türkiye","left","177","7.39","5.43","66.67","2.11","42.86","0.3","5.56","1.66","0","0.15","0","1.21","37.5","12.5","3.32","18.18","0.9","33.33","1.81","33.33","1.06","0.3","0.15","33.92","76","10.1","73.13","3.77","44","0.22","0.15","0.3","100","0.75","4.67","70.97","3.62","33.33","0.75","6.33","73.81"
"A. Habesoglu","Turkey 2.","Bodrumspor","CF, LW","21","0","","10","595","2","1","Türkiye","right","0","3.33","2.57","76.47","6.81","44.44","0","2.25","0.91","0.3","0.27","0.15","1.36","33.33","22.222","0.3","50","1.36","22.22","6.66","11.36","3.48","0.61","0.15","13.92","81.52","1.97","84.62","0.15","0","0.15","0","0","0","0.15","0.61","75","1.06","42.86","1.06","1.36","55.56"
"B. Luş","Turkey 2."," Esenler Erokspor","LW, LAMF, LWF","18","0","","10","591","5","1","Türkiye","right","0","6.09","5.63","64.86","0.76","20","0","3.52","3.05","0.76","0.38","0.15","1.83","66.67","41.667","0.76","40","2.74","50","7.16","36.17","2.28","2.59","0.76","19.19","79.37","4.26","50","0.61","0","0.16","0.15","0.15","100","0.76","1.83","66.67","0.76","40","0.3","1.68","72.73"
"G. Kilama","Turkey 2.","Hatayspor","CB, RCB, LCB","26","0","2026-06-30","7","588","0","0","Cameroon","right","182","7.81","4.59","76.67","2.14","64.29","0.46","6.13","0.15","0","0","0","0","0","0","0","0","0.15","100","2.14","57.14","0","0.46","0","48.83","89.34","18.83","77.24","7.5","59.18","0","0","0","0","0","6.12","62.5","0.61","50","0.31","7.04","78.26"
"A. Appindangoyé","Turkey 2.","Sivasspor","RCB","33","800000","2026-06-30","6","586","0","0","Gabon","right","184","5.38","3.07","60","3.38","86.36","0.46","5.7","0.15","0","0.05","0","0.46","33.33","0","0","0","0","0","0.61","25","0.77","0.15","0","47.92","90.06","19.81","82.17","6.14","55","0.09","0","0","0","0.15","3.99","57.69","0.92","16.67","0.15","8.14","69.81"
"A. Traoré","Turkey 2.","Vanspor FK","AMF, LCMF, RWF","24","500000","","10","585","0","1","France","left","188","5.08","5.23","50","2","61.54","0.15","3.84","1.85","0","0.03","0","0.31","0","0","1.08","28.57","2.62","58.82","8.92","36.21","0.62","1.85","0","20.31","75.76","4.15","55.56","0.31","50","0.02","0","0","0","0.31","1.38","77.78","0.92","33.33","0.15","2","46.15"
"C. Hountondji","Turkey 2.","Bandırmaspor","RCB","31","0","2027-06-30","7","578","0","0","France","right","194","6.7","3.27","61.9","5.14","57.58","0","6.69","0.31","0","0.06","0","0.31","0","0","0.16","100","0.16","100","1.25","50","0.62","0.62","0.16","36.75","91.1","18.06","87.93","3.58","65.22","0.03","0","0","0","0.16","3.58","69.57","0.31","0","0.16","5.61","86.11"
"C. Soukou","Turkey 2.","Ümranıyespor","LWF, RWF, CF","33","350000","","8","577","0","0","Germany","right","185","2.34","2.03","61.54","3.43","31.82","0","1.13","1.09","0","0.07","0","1.09","0","0","0.62","0","1.4","77.78","5.93","47.37","0.78","1.09","0.16","24.96","79.38","5.46","68.57","0.94","66.67","0.01","0","0.16","0","0.16","2.96","63.16","0.78","40","0.62","3.12","65"
"E. Aksoy","Turkey 2.","Hatayspor","LB, LCB","21","0","2027-06-30","8","576","0","0","Türkiye","left","178","9.53","6.88","61.36","2.34","53.33","0","7.15","0.78","0","0.02","0","0.31","0","0","2.19","7.14","1.09","57.14","2.97","31.58","0.63","1.25","0.47","36.25","71.12","13.28","52.94","4.38","21.43","0.01","0","0","0","0","4.84","45.16","2.03","7.69","0","6.09","43.59"
"M. Diouf","Turkey 2.","Ankara Keçiörengücü","CF","37","100000","","7","573","0","0","Senegal","right","185","1.73","1.1","42.86","9.11","62.07","0.31","1.58","0.79","0","0.27","0","2.36","20","0","0.63","25","0.31","50","3.14","40","3.77","0.31","0","10.52","65.67","3.14","50","1.57","40","0.01","0","0","0","0","1.57","70","0.47","33.33","0.16","0.63","75"
"F. Tultak","Turkey 2.","İstanbulspor","LCB, CB","24","125000","2028-06-30","8","572","0","0","Türkiye","left","186","7.55","4.56","72.41","2.67","64.71","0.47","4.53","0.31","0","0.01","0","0.16","0","0","0.16","100","0.16","100","0.47","33.33","0.63","0","0","39.02","81.45","14","61.8","5.51","31.43","0","0","0","0","0","4.25","48.15","0.16","0","0.16","7.4","53.19"
"G. Kanga","Turkey 2."," Esenler Erokspor","LCMF, AMF, RDMF","35","900000","","9","563","2","2","Gabon","right","167","2.4","2.56","50","0.96","33.33","0","1.54","2.72","0","0.29","0","2.24","35.71","14.286","2.24","35.71","1.76","45.45","9.59","46.67","0.64","1.28","0","61.07","82.46","21.74","69.85","7.67","52.08","0.09","0","0.48","66.67","0.8","12.47","76.92","4.16","53.85","1.44","11.99","86.67"
"A. Babacan","Turkey 2.","Ümranıyespor","RCMF, LCMF, LDMF","25","200000","","9","563","0","0","Türkiye","left","174","5.91","6.23","64.1","2.24","57.14","0.16","2.75","0.8","0","0.1","0","0.16","0","0","0.96","66.67","0.32","50","2.72","47.06","0.48","0.16","0","38.05","88.66","10.07","84.13","2.08","53.85","0","0","0","0","0.16","4.64","75.86","0.8","80","0.32","6.07","81.58"
"J. Okoronkwo","Turkey 2.","Hatayspor","CF, LWF, LAMF","22","0","2027-06-30","6","557","1","0","Nigeria","right","175","2.91","4.52","39.29","3.88","37.5","0","1.72","2.42","0.16","0.36","0","2.26","50","7.143","0.32","50","2.1","46.15","9.86","39.34","3.88","1.78","0.48","12.93","77.5","2.91","77.78","0","0","0.04","0.32","0.16","100","0.32","1.13","71.43","0.97","100","0.81","1.94","66.67"
"S. Dursun","Turkey 2.","Sakaryaspor","RCB","34","100000","2026-06-30","7","555","0","0","Türkiye","right","188","8.76","7.46","67.39","4.7","51.72","0.32","4.46","0.32","0","0","0","0","0","0","0","0","0.16","100","0.97","66.67","0.16","0.49","0.16","33.57","84.06","14.27","70.45","5.03","35.48","0.02","0","0.16","100","0.16","5.19","53.13","0.81","20","0.16","4.7","72.41"
"E. Demir","Turkey 2.","Sakaryaspor","RAMF, CF, RW","21","500000","2026-06-30","8","552","1","0","Türkiye","left","175","5.87","5.22","50","4.4","22.22","0.33","4.2","0.98","0.16","0.41","0","2.12","30.77","7.692","0.33","0","0.49","66.67","5.05","51.61","2.61","0.65","0.33","17.45","73.83","6.85","71.43","1.47","44.44","0.01","0","0","0","0","2.28","78.57","0.65","25","0.33","3.26","65"
"B. Kimpioka","Turkey 2.","Sivasspor","RAMF, LAMF, LWF","25","250000","","10","549","1","0","Sweden","right","185","3.93","4.59","53.57","1.64","10","0","2.31","3.61","0","0.23","0","0.98","16.67","16.667","1.64","30","4.75","62.07","15.74","27.08","1.97","2.62","0.49","18.69","74.56","2.13","69.23","0.49","66.67","0.02","0","0","0","0.16","1.48","66.67","2.46","46.67","0.33","1.97","66.67"
"E. Seçgin","Turkey 2.","Vanspor FK","RCMF, LCMF","25","175000","","9","548","1","2","Türkiye","right","182","7.55","8.21","50","0.49","66.67","0.33","5.38","0.99","0.16","0.03","0","0.66","50","25","0.66","25","0.33","100","1.64","40","0.66","1.64","0","37.94","78.35","13.47","65.85","7.72","57.45","0.11","0","0.16","100","0.33","7.39","64.44","1.31","50","0.33","7.39","73.33"
"B. Karadeniz","Turkey 2.","Pendikspor","RCMF, DMF","26","375000","2026-06-30","9","548","0","0","Türkiye","left","177","7.88","8.87","61.11","1.81","27.27","0.16","3.08","2.14","0","0.07","0","1.97","58.33","0","1.81","18.18","1.31","50","6.24","44.74","0.99","0.82","0","46.15","79","14.95","68.13","6.57","62.5","0.1","0","0","0","0.16","9.36","70.18","2.3","42.86","0.49","9.36","75.44"
"O. Berber","Turkey 2.","Sarıyer","RB","33","75000","2026-06-30","6","547","0","0","Türkiye","left","176","5.59","3.78","69.57","1.15","71.43","0","4","1.48","0","0","0","0","0","0","3.46","33.33","0.66","50","6.42","38.46","0","2.14","0.16","48.54","86.78","18.43","80.36","5.1","61.29","0.05","0","0","0","0","6.75","75.61","4.11","56","1.32","9.87","88.33"
"O. Roshi","Turkey 2.","Ankara Keçiörengücü","RAMF, RW","34","175000","2026-06-30","9","540","0","0","Albania","right","187","6.17","4.5","70.37","7.33","54.55","0.17","4.15","2","0","0.26","0","1.67","10","0","3","27.78","1.5","66.67","7.83","27.66","3.5","1","0","26","71.79","6.67","60","1.5","77.78","0","0","0.17","0","0","3","38.89","3.17","47.37","1","3.33","80"
"E. Develi","Turkey 2.","Ankara Keçiörengücü","RDMF, DMF, LDMF","26","225000","2026-06-30","8","538","0","0","Türkiye","right","180","7.36","5.86","54.29","1","83.33","0","4.88","0.67","0","0.08","0","0.84","40","0","0.17","100","0.17","100","3.01","33.33","0.33","0.67","0","37.97","85.46","10.04","73.33","2.84","64.71","0.05","0","0","0","0.17","5.19","70.97","0.67","100","0.33","5.19","51.61"
"D. Erdoğan","Turkey 2.","Iğdır FK","DMF, LDMF, LCMF","29","400000","2027-06-30","8","538","0","0","Türkiye","right","182","6.52","6.19","75.68","4.18","56","0","2.05","0.84","0","0.01","0","0.33","0","0","0.84","60","0.17","100","4.85","24.14","0.84","0.33","0.17","33.62","71.14","10.54","46.03","4.85","48.28","0.01","0.33","0.33","50","0.17","6.36","47.37","2.01","41.67","0.17","4.85","68.97"
"E. Korkmazoğlu","Turkey 2.","Sarıyer","LB","31","125000","","8","533","0","0","Türkiye","left","0","9.96","7.43","72.73","2.7","43.75","0","5","1.01","0","0","0","0.51","0","0","2.03","33.33","0.51","66.67","1.35","37.5","0.17","0.68","0","26.34","75","10.81","60.94","3.38","35","0.05","0","0","0","0","4.39","57.69","2.03","41.67","0","5.57","69.7"
"D. Avramovski","Turkey 2.","Sivasspor","AMF, RCMF, RW","30","375000","","9","532","3","0","North Macedonia","left","184","4.23","2.37","78.57","1.35","37.5","0.17","3.56","2.2","0.51","0.12","0.34","0.85","60","60","0.68","50","1.52","44.44","8.12","45.83","2.2","1.18","0","35.86","75.94","10.83","65.63","3.38","65","0.13","0.17","1.02","66.67","0.51","4.06","62.5","3.38","60","2.03","5.24","77.42"
"V. Ethemi","Turkey 2.","Sivasspor","LAMF","28","1500000","2027-06-30","8","530","0","2","North Macedonia","right","179","3.57","3.74","59.09","0.68","25","0","2.02","3.06","0","0.19","0","1.19","57.14","0","3.4","20","4.58","37.04","11.21","37.88","2.21","1.7","0.17","23.43","69.57","5.77","55.88","2.21","30.77","0.1","0","0","0","0","3.57","38.1","2.55","60","1.36","3.74","77.27"
"J. Reis Amaral","Turkey 2.","Serik Belediyespor","LWF, CF","34","350000","","8","529","1","2","Portugal","right","172","4.25","2.72","68.75","0.51","33.33","0.17","2.26","3.74","0.17","0.21","0.17","2.04","25","8.333","2.04","50","4.42","46.15","8.17","39.58","1.87","0.68","0.34","19.4","71.05","5.44","53.13","1.36","37.5","0.47","0","0.17","100","1.36","2.89","35.29","3.06","55.56","0.85","4.25","72"
"D. Moreno","Turkey 2.","Amed SK","RAMF, CF, LAMF","30","400000","","9","529","1","0","Colombia","right","179","4.08","3.91","65.22","2.38","50","0","2.31","3.74","0.17","0.35","0","1.7","30","10","3.91","26.09","4.59","48.15","9.36","45.45","4.42","2.38","0","30.62","74.44","4.25","76","1.02","50","0.05","0","0.17","0","0.51","2.21","84.62","2.89","35.29","0.68","3.06","83.33"
"O. Kaynak","Turkey 2.","Adana Demirspor","LB, LWB","19","0","","6","528","0","0","Türkiye","right","0","8.18","6.99","60.98","1.88","27.27","0.68","4","0.68","0","0","0","0","0","0","1.02","16.67","0.85","60","3.92","52.17","0","0.85","0","18.24","74.77","8.69","68.63","1.88","45.45","0","0","0","0","0","1.88","45.45","1.19","28.57","0.17","4.09","62.5"
"I. Karaogul","Turkey 2.","Ankara Keçiörengücü","RDMF, LDMF","23","125000","2027-06-30","9","528","0","0","Germany","right","187","10.91","9.2","77.78","1.53","44.44","0.34","4.71","0.51","0","0","0","0.51","0","0","0.17","100","0.34","100","2.39","42.86","0","1.02","0","30.68","85.56","11.76","72.46","2.73","43.75","0","0","0","0","0","6.65","71.79","1.02","83.33","0.68","5.97","82.86"
"Marcos Silva","Turkey 2.","Serik Belediyespor","RCMF, DMF, LCMF","28","275000","2026-06-30","6","517","2","0","Portugal","right","190","6.44","5.05","68.97","3.83","45.45","0.17","2.4","1.22","0","0.35","0","1.39","25","25","0.17","100","1.74","40","6.44","35.14","0.87","0.87","0","24.37","82.86","8.36","66.67","1.91","27.27","0.02","0","0","0","0","3.83","68.18","0.7","75","0.35","3.31","57.89"
"A. Koç","Turkey 2.","Amed SK","LB","28","250000","2026-06-30","6","515","0","0","Türkiye","left","181","7.51","5.24","60","4.19","54.17","0.87","6.7","0.7","0","0","0","0.35","0","0","3.32","15.79","0.7","25","2.45","21.43","0.52","0.52","0","28.31","67.28","12.76","64.38","4.37","44","0.02","0","0","0","0.35","4.37","52","2.97","11.76","0","6.29","83.33"
"D. Duhaney","Turkey 2.","İstanbulspor","RB, RWB","27","300000","","6","514","0","0","England","right","180","6.3","4.38","72","1.23","42.86","0","3.88","1.4","0","0","0","0","0","0","2.1","41.67","1.4","37.5","3.68","14.29","0.53","0.88","0","37.65","80","14.88","68.24","4.55","42.31","0.09","0","0","0","0.18","6.3","66.67","2.63","53.33","0.88","9.81","76.79"
"A. Vlachomitros","Turkey 2.","Vanspor FK","CF, AMF","23","125000","","9","512","1","0","Greece","","186","3.52","2.11","66.67","5.1","20.69","0","2.97","0.88","0.18","0.3","0","1.58","33.33","11.111","0.53","33.33","1.23","14.29","10.02","28.07","2.29","0.35","0","12.66","80.56","2.64","66.67","0.88","60","0.09","0","0","0","0.18","1.41","87.5","0.18","100","0.35","1.41","62.5"
"W. Samake","Turkey 2.","Bandırmaspor","CF, LAMF, RW","21","0","","10","512","1","1","Mali","","0","1.76","2.11","50","5.45","45.16","0","1.24","1.93","0.18","0.42","0","1.76","40","10","1.05","16.67","1.93","54.55","9.32","32.08","3.87","1.05","0","14.24","72.84","2.64","60","0","0","0.06","0","0","0","0.35","0.7","50","0.88","20","0","1.58","55.56"
"S. Bolat","Turkey 2.","Iğdır FK","GK","37","500000","2026-06-30","5","505","0","0","Türkiye","right","186","3.74","0.36","100","0.18","100","0","4.6","0","0","0","0","0","0","0","0","0","0","0","0.18","100","0","0","0","29.23","79.27","19.25","70.37","14.61","62.2","0.03","0","0","0","0.18","3.92","40.91","0","0","0","11.05","74.19"
"B. Çelik","Turkey 2.","Ümranıyespor","CF, RWF","20","0","2027-06-30","9","504","3","1","Türkiye","right","179","1.79","3.57","35","8.21","23.91","0.18","0.72","0.71","0.54","0.16","0.18","0.54","100","100","0","0","0.36","50","4.46","16","1.61","0.18","0","10.71","73.33","1.61","77.78","0","0","0.02","0","0","0","0.18","0","0","0.54","66.67","0.71","1.07","66.67"
"Y. Özer","Turkey 2.","İstanbulspor","LWB, LAMF, LCMF","23","150000","2027-06-30","8","503","1","0","Türkiye","left","0","5.9","4.65","57.69","4.12","26.09","0.18","3.49","2.15","0.18","0.08","0","1.43","37.5","12.5","2.5","21.43","2.5","35.71","5.19","27.59","1.97","1.25","0.36","22.72","71.65","7.34","58.54","1.07","50","0.12","0","0.18","100","0.54","3.58","60","2.86","56.25","1.07","5.73","78.13"
"Luan","Turkey 2.","Sivasspor","RAMF, LAMF, RWF","23","0","","6","503","1","1","Brazil","right","173","3.76","1.61","44.44","2.5","71.43","0","4.68","3.4","0.18","0.16","0.18","1.97","36.36","9.091","1.79","40","2.5","78.57","9.48","45.28","3.04","1.97","0","21.65","73.55","4.47","68","0.89","20","0.03","0","0","0","0.54","1.25","57.14","2.33","61.54","0.89","3.04","70.59"
"U. Yuvakuran","Turkey 2.","Pendikspor","GK","27","50000","","5","501","0","0","Türkiye","right","192","1.44","0.54","66.67","0.9","80","0","1.68","0","0","0","0","0","0","0","0","0","0","0","0","0","0","0","0","16.89","86.17","8.98","80","6.47","63.89","0","0","0","0","0","1.44","50","0","0","0","3.59","65"
"N. Oularé","Turkey 2.","Vanspor FK","RCB, RB","23","0","2027-06-30","7","500","0","0","Guinea","right","177","12.42","7.74","65.12","2.34","38.46","0.9","10.17","0","0","0.06","0","0.36","0","0","0.36","0","0.18","0","1.26","28.57","0.36","0","0","33.84","77.66","16.02","64.04","4.5","52","0.01","0","0","0","0","2.88","56.25","0.9","20","0.18","8.28","56.52"
"B. Touré","Turkey 2.","Manisa F.K.","RDMF, LDMF, DMF","33","0","2026-06-30","6","498","1","0","Mali","right","183","9.04","7.05","66.67","0.9","80","0.72","5.76","0.9","0.18","0.01","0","0.36","50","50","0.9","60","0.18","100","2.35","69.23","0.54","0.18","0","38.31","84.43","12.83","70.42","4.7","69.23","0.01","0","0","0","0.18","5.6","64.52","1.08","66.67","0.36","5.96","84.85"
"K. Şen","Turkey 2.","Serik Belediyespor","RWF, AMF, CF","23","300000","2026-06-30","8","496","0","0","Türkiye","right","177","6.53","6.35","60","3.99","9.09","0.18","2.51","1.09","0","0.02","0","0.36","50","0","1.09","33.33","1.09","50","6.17","26.47","0.73","0.18","0","15.6","74.42","3.08","52.94","1.45","25","0.04","0","0","0","0.36","2","45.45","0.73","75","0.18","1.81","30"
"E. Erol","Turkey 2.","Adana Demirspor","LW, LAMF, RWF","20","0","","6","494","0","0","Türkiye","unknown","0","8.74","6.56","77.78","0.55","33.33","0.18","3.88","1.46","0","0.11","0","0.73","50","0","1.46","37.5","0.55","100","3.1","47.06","0.91","0.18","0.36","20.77","72.81","6.74","59.46","1.82","30","0.02","0.18","0","0","0.18","2","72.73","0.91","60","0","5.65","54.84"
"Fernando Andrade","Turkey 2.","Amed SK","LAMF, LWF, LW","32","400000","2026-06-30","8","493","3","3","Brazil","right","182","4.02","5.66","41.94","1.64","22.22","0","2.78","2.56","0.55","0.36","0.37","1.83","50","30","2.01","27.27","2.74","40","9.31","25.49","4.02","2.74","0.55","19.72","77.78","2.92","87.5","0.73","75","0.27","0.18","0","0","0.91","1.28","85.71","2.19","50","1.64","2.01","90.91"
"D. Dilmen","Turkey 2.","Pendikspor","GK","20","300000","2027-06-30","5","491","0","0","Türkiye","left","192","1.83","0","0","0.18","100","0","2.83","0","0","0","0","0","0","0","0","0","0","0","0.18","100","0","0","0","26.03","88.03","13.01","77.46","8.25","66.67","0","0.18","0","0","0","2.93","43.75","0","0","0","5.68","70.97"
"D. Tikhiy","Turkey 2.","Serik Belediyespor","RCB, LCB","32","600000","","6","487","0","0","Russia","right","186","7.21","4.07","81.82","2.22","66.67","0.18","3.31","0.18","0","0.02","0","0.18","0","0","0","0","0.37","50","1.29","42.86","0.55","0.37","0","21.99","73.11","9.61","61.54","3.51","31.58","0.01","0","0","0","0.18","3.14","23.53","0.18","100","0.18","3.7","45"
"A. Conte","Turkey 2.","Iğdır FK","LCB","31","600000","","5","487","0","0","France","right","179","5.54","3.7","70","2.59","50","0","5.33","0.18","0","0.01","0","0.18","0","0","0","0","0.37","50","1.11","33.33","0.37","0.74","0","47.68","86.82","23.66","78.13","4.44","41.67","0.03","0","0","0","0","6.1","51.52","0","0","0.18","8.69","68.09"
"A. Ondélé Appindangoyé","Turkey 2.","Sivasspor","RCB","33","0","","5","486","0","0","Gabon","right","184","5","3.33","66.67","3.89","85.71","0.37","4.64","0.19","0","0.06","0","0.56","33.33","0","0","0","0","0","0.74","25","0.93","0.19","0","53.15","90.24","21.48","82.76","6.3","52.94","0.11","0","0","0","0.19","4.26","56.52","1.11","16.67","0.19","8.7","70.21"
"H. Ayan","Turkey 2.","Ankara Keçiörengücü","AMF, LDMF","23","0","","9","485","1","0","Türkiye","left","183","6.87","6.87","62.16","1.67","33.33","0","3.46","0.93","0.19","0.16","0","1.11","16.67","16.667","0.56","0","1.48","50","7.61","34.15","1.67","1.3","0","23.01","79.84","6.87","62.16","2.23","66.67","0.12","0.19","0.56","0","0.19","3.9","57.14","1.48","12.5","0.74","3.53","68.42"
"B. Altıparmak","Turkey 2.","Sakaryaspor","LDMF, LCMF, RDMF","35","75000","2026-06-30","8","484","0","0","Germany","right","178","6.69","4.28","52.17","2.42","30.77","0.74","5.58","0.56","0","0.08","0","0.56","0","0","0.19","0","0.74","75","4.09","68.18","2.05","0.37","0","26.59","80.42","9.86","67.92","4.09","68.18","0.02","0.19","0.19","0","0","3.53","57.89","0.37","50","0.74","4.83","69.23"
"M. Eser","Turkey 2.","Adana Demirspor","GK","20","0","2028-06-30","5","483","0","0","Türkiye","","191","2.61","0.75","75","0.19","100","0","2.31","0","0","0","0","0","0","0","0","0","0","0","0.19","100","0","0","0","13.04","84.29","5.22","71.43","4.84","61.54","0","0","0","0","0","0.19","100","0","0","0","2.8","66.67"
"M. Menemencioğlu","Turkey 2.","Adana Demirspor","LCMF, RW","18","0","","8","481","0","0","Türkiye","unknown","0","7.48","7.11","42.11","1.12","66.67","0.19","4.52","1.31","0","0.1","0","1.12","66.67","0","0.19","0","0.94","60","2.99","37.5","0.75","0","0","16.28","72.41","6.17","60.61","1.68","55.56","0","0","0","0","0","3.18","64.71","0","0","0","3.74","60"
"M. Demir","Turkey 2.","Sakaryaspor","RW, RCMF","27","450000","","6","479","0","0","Germany","left","170","7.52","5.82","67.74","0.94","20","0","3.72","1.88","0","0.02","0","0.56","0","0","1.32","14.29","2.63","64.29","9.21","48.98","1.32","0.75","0","32.32","81.4","9.77","71.15","3.38","61.11","0.08","0","0","0","0.56","4.13","63.64","2.63","57.14","1.69","6.39","79.41"
"B. Alıcı","Turkey 2.","Boluspor","RAMF, RW","28","950000","","6","478","1","1","Türkiye","right","180","3.77","3.01","68.75","1.69","44.44","0","2.67","2.07","0.19","0.24","0","1.51","37.5","12.5","1.51","50","1.69","44.44","5.08","29.63","3.39","2.64","0.38","26.17","89.93","6.97","83.78","1.51","87.5","0.19","0.19","0","0","0.94","2.07","81.82","2.45","61.54","2.26","4.14","90.91"
"E. Uzunhan","Turkey 2.","İstanbulspor","LCB","24","550000","2027-06-30","5","475","1","0","Türkiye","left","189","10.99","8.15","58.14","3.98","52.38","0.76","7.07","0.76","0.19","0.06","0","0.38","50","50","0.38","0","0.76","75","2.65","50","0.38","1.52","0.19","40.74","86.05","15.92","72.62","4.74","52","0","0","0","0","0","7.58","72.5","0.38","0","0","8.91","74.47"
"A. Kara","Turkey 2.","Amed SK","LDMF, LCMF","32","0","2027-06-30","8","475","1","2","Türkiye","right","186","3.6","3.03","50","1.14","33.33","0","3.19","1.33","0","0.25","0","1.89","40","10","0.38","50","0.38","100","4.17","45.45","0.38","0.76","0.19","54.38","85.37","11.94","68.25","7.39","64.1","0.23","0","0","0","0.19","7.39","64.1","1.71","55.56","0.95","6.82","69.44"
"R. Niyaz","Turkey 2."," Esenler Erokspor","RCMF, AMF","30","750000","","8","471","2","2","Türkiye","right","165","5.54","4.01","61.9","1.15","16.67","0","3.43","2.1","0.38","0.09","0","1.15","66.67","33.333","1.53","37.5","0.57","100","5.35","64.29","1.15","1.53","0.57","39.94","78.47","9.55","54","3.06","56.25","0.09","0","0.19","100","0.57","3.44","55.56","2.1","36.36","0.76","4.2","63.64"
"E. Çavuşoğlu","Turkey 2.","Vanspor FK","LCB, RCB","23","0","2026-06-30","5","471","0","0","Türkiye","right","185","5.73","4.39","69.57","2.48","38.46","0.38","4.38","0.38","0","0","0","0","0","0","0.19","0","0.38","100","1.91","20","0.19","0.57","0","31.72","85.54","14.9","76.92","3.25","35.29","0","0","0","0","0","3.44","55.56","0.76","0","0.19","5.54","65.52"
"O. Aydin","Turkey 2.","Amed SK","LDMF, RCMF","28","200000","","8","470","0","1","Türkiye","right","175","9.38","9.57","52","1.34","28.57","0","6.6","1.34","0","0.01","0","0.96","0","0","0.77","0","1.53","75","5.74","70","0","0.57","0","41.94","84.02","11.49","65","3.06","43.75","0.07","0","0.19","100","0.96","4.4","60.87","2.11","27.27","0.57","4.6","58.33"
"S. Kitsiou","Turkey 2.","Pendikspor","RB, RWB","32","550000","","6","469","2","1","Greece","right","175","7.48","9.4","57.14","1.15","50","0","2.94","2.3","0.38","0.09","0","0.77","50","50","1.73","55.56","1.73","55.56","5.57","44.83","1.54","1.92","0","23.8","76.61","8.44","75","2.11","63.64","0.22","0","0","0","0.19","4.61","83.33","1.54","50","0.38","5.95","70.97"
"O. Öztonga","Turkey 2.","Boluspor","RCB, DMF, RB","25","200000","2027-06-30","7","467","0","0","Türkiye","","0","8.09","5.97","77.42","5.4","67.86","0","6.3","0.77","0","0.03","0","0.96","0","0","0.19","100","0.58","100","1.93","70","0.58","1.93","0.19","46.45","89.21","16.19","82.14","4.63","58.33","0","0","0","0","0","5.2","77.78","0.96","60","0.19","6.17","84.38"
"C. Çelik","Turkey 2.","Sivasspor","LDMF, RDMF, AMF","29","325000","","5","467","0","0","Netherlands","right","184","5.01","4.24","54.55","2.12","45.45","0","4.38","1.35","0","0.05","0","1.54","12.5","0","0.58","66.67","0.39","100","3.66","42.11","1.54","1.54","0","43.17","81.7","16.38","68.24","5.2","44.44","0.07","0","0.39","100","0.19","10.41","72.22","2.89","40","0.77","7.71","82.5"
"A. Bolat","Turkey 2.","Adana Demirspor","CF, LW","17","0","","7","461","1","0","Türkiye","","0","2.54","1.37","57.14","3.71","36.84","0","1.88","0.59","0.2","0.23","0","0.78","50","25","0.2","0","0.39","50","4.3","27.27","0.78","0.39","0","14.25","84.93","1.95","70","0.59","33.33","0","0","0","0","0","0.59","100","0.2","0","0.39","0.98","40"
"H. Yeşilyurt","Turkey 2.","Sarıyer","DMF, LDMF, LCMF","25","50000","","8","461","0","0","Türkiye","right","186","8","6.05","70.97","2.15","72.73","0.39","5.14","0.78","0","0.02","0","0.98","20","0","0.2","0","0.98","40","2.73","42.86","0.2","0.59","0","41","90","8","65.85","1.76","44.44","0","0","0.39","50","0","3.9","80","0.59","33.33","0.2","3.9","80"
"E. Rroca","Turkey 2.","Ankara Keçiörengücü","AMF","32","350000","","8","460","1","1","Albania","right","182","5.09","4.7","62.5","0.98","40","0","3.11","1.76","0","0.19","0","1.37","42.86","14.286","2.35","33.33","0.2","100","4.5","30.43","1.76","0.59","0","32.67","74.25","9.2","59.57","2.54","53.85","0.21","0","0.2","100","0.39","4.3","50","4.5","39.13","1.57","5.09","76.92"
"C. Charisis","Turkey 2.","Sivasspor","LDMF, RDMF","30","1000000","2028-06-30","6","458","1","0","Greece","right","177","6.68","5.5","64.29","1.38","57.14","0.2","2.65","1.97","0.2","0.11","0","1.77","33.33","11.111","0.98","20","1.77","66.67","8.65","61.36","0.39","2.55","0.59","35.96","82.51","11.4","75.86","3.73","52.63","0.03","0","0","0","0.2","4.91","68","1.77","44.44","0.59","5.9","73.33"
"T. Kalender","Turkey 2.","Bandırmaspor","RCB","24","150000","","8","445","0","0","Türkiye","","191","10.92","7.48","72.97","2.02","60","0.4","6.9","0","0","0.05","0","0.4","0","0","0.2","0","0","0","1.21","66.67","0.4","0.2","0","40.04","86.36","19.21","78.95","5.66","53.57","0","0","0","0","0","3.64","77.78","0.81","50","0.4","6.47","75"
"C. Erkin","Turkey 2.","Sakaryaspor","LB","37","225000","","5","438","0","1","Türkiye","left","181","5.55","4.73","73.91","0.82","50","0","2.29","2.05","0","0.04","0","0.62","66.67","0","3.9","26.32","1.23","50","2.47","58.33","0.41","0.82","0","24.66","54.17","13.77","49.25","8.63","45.24","0.09","0","0","0","0.21","6.99","38.24","4.52","40.91","1.23","10.48","62.75"
"D. Sambissa","Turkey 2.","İstanbulspor","RAMF, LWF, CF","29","375000","","8","436","0","1","France","left","177","3.92","1.86","33.33","3.72","33.33","0.21","4.17","3.1","0","0.12","0","1.03","20","0","2.27","18.18","3.72","66.67","6.19","50","3.3","2.06","0.41","21.47","67.31","5.78","67.86","1.44","28.57","0.2","0","0","0","0.21","1.65","50","2.27","45.45","1.03","4.13","70"
"Rui Pedro","Turkey 2.","Hatayspor","CF, LCMF, LW","27","0","","5","435","3","1","Portugal","right","182","0.83","1.24","16.67","1.24","0","0","0.58","1.66","0.62","0.22","0","2.48","33.33","25","0.83","50","1.24","33.33","5.79","28.57","2.07","0.41","0.62","24.41","78.81","4.76","47.83","1.45","71.43","0.2","0.21","0.41","0","0.41","2.48","66.67","1.86","33.33","0.41","2.9","50"
"K. Fidan","Turkey 2.","Sivasspor","AMF, RDMF","22","0","","8","435","0","1","Türkiye","right","185","3.93","2.48","66.67","1.66","37.5","0","3.59","2.07","0","0.02","0","1.03","40","0","1.45","28.57","1.45","85.71","7.86","39.47","0.41","1.03","0","36","78.74","9.31","57.78","3.52","41.18","0.19","0","0","0","0.41","5.59","62.96","2.48","33.33","0.62","4.76","73.91"
"B. Süleyman","Turkey 2.","Manisa F.K.","LAMF, LW, RAMF","31","300000","","8","434","2","2","Türkiye","right","169","2.7","3.11","66.67","1.66","12.5","0","0.8","3.11","0.41","0.14","0","1.66","75","25","0.62","33.33","2.28","63.64","9.95","41.67","1.24","1.87","0","32.97","75.47","10.37","58","1.87","44.44","0.4","0","0.41","50","0.62","4.77","56.52","4.15","45","2.07","3.94","63.16"
"B. Adekanye","Turkey 2.","Manisa F.K.","RAMF","26","0","","6","434","0","0","Nigeria","left","175","3.53","2.49","83.33","1.66","37.5","0","2.16","4.15","0","0.16","0","2.49","33.33","0","3.53","35.29","3.94","52.63","12.86","35.48","2.9","1.87","0.83","29.86","75","8.92","67.44","2.28","72.73","0.26","0.21","0","0","0.83","4.15","70","4.15","40","0.62","6.43","77.42"
"H. Yeşil","Turkey 2.","Pendikspor","DMF, RDMF, RCMF","23","250000","2027-06-30","8","433","0","1","Türkiye","right","181","10.18","8.52","63.41","2.29","63.64","0.21","7.08","1.45","0","0.05","0","0.83","50","0","0.62","66.67","1.25","50","6.86","21.21","1.45","0.62","0","49.68","88.28","11.64","73.21","5.4","57.69","0.06","0","0","0","0.21","8.31","70","1.25","33.33","0.21","7.07","76.47"
"H. Bilgiç","Turkey 2.","Ankara Keçiörengücü","RB","32","100000","","7","432","0","1","Türkiye","right","184","5.21","4.79","60.87","0.42","0","0","3.17","0.42","0","0","0","0.21","0","0","1.88","11.11","0.42","50","2.92","57.14","0.42","1.46","0","28.13","73.33","14.37","66.67","5.63","59.26","0.14","0","0","0","0.63","6.04","62.07","2.08","50","1.04","8.75","73.81"
"A. Urie","Turkey 2.","Sarıyer","LAMF, LW, RAMF","26","350000","","7","426","0","0","France","right","180","1.27","0.85","50","1.69","12.5","0","0.92","1.69","0","0.1","0","1.27","50","0","0.63","0","2.96","35.71","9.51","33.33","3.17","3.38","0.21","27.68","87.79","7.61","80.56","1.27","33.33","0.13","0","0","0","0","2.54","83.33","1.69","62.5","1.48","3.59","88.24"
"O. Çağlayan","Turkey 2.","Çorum FK","CF, RW","29","500000","2026-06-30","6","424","1","2","Türkiye","right","188","2.12","0.85","75","4.46","23.81","0.21","2.14","1.7","0.21","0.3","0.21","2.55","41.67","8.333","0.21","100","0.85","50","4.03","26.32","4.88","0.42","0.21","16.98","71.25","4.03","63.16","0.64","33.33","0.18","0.21","0","0","0.64","0.64","100","1.91","33.33","1.49","1.06","100"
"B. Kara","Turkey 2.","Vanspor FK","CF, AMF, LWF","27","175000","","8","414","1","0","Türkiye","right","172","3.91","4.13","63.16","1.52","14.29","0","2.02","2.83","0.22","0.08","0","1.52","28.57","14.286","1.52","28.57","3.48","56.25","11.96","30.91","1.09","1.3","0","21.3","78.57","3.7","52.94","0.87","75","0.14","0","0","0","0.43","1.52","57.14","2.39","36.36","1.09","2.61","91.67"
"E. Başyiğit","Turkey 2.","Sivasspor","LCB, LB","20","0","","5","413","0","0","Türkiye","left","190","7.85","4.36","75","3.27","60","0.44","6.19","0.44","0","0","0","0.22","0","0","0.65","66.67","0","0","1.09","0","0.22","0.44","0","35.52","90.18","17.65","86.42","3.05","71.43","0.06","0","0","0","0","3.49","75","0.87","75","0.22","6.54","90"
"C. Strandberg","Turkey 2.","Hatayspor","CF, RW","29","2200000","2027-06-30","5","410","0","0","Sweden","left","187","3.07","2.2","70","7.02","21.88","0.22","2.39","1.1","0","0.14","0","1.32","33.33","0","0.22","0","1.32","50","5.93","33.33","2.41","0.88","0","11.2","74.51","3.51","62.5","0.22","100","0.02","0","0","0","0.22","1.98","44.44","1.1","60","0.88","1.54","85.71"
"C. Cavlan","Turkey 2.","Iğdır FK","LB, LWB","33","175000","","5","407","0","1","Netherlands","left","175","7.08","6.19","71.43","2.43","54.55","0","5.45","1.99","0","0.04","0","1.77","12.5","0","3.76","23.53","1.77","50","3.32","46.67","0.44","0.88","0","54.4","80.49","21.01","74.74","6.41","48.28","0.08","0","0","0","0.22","9.07","63.41","4.86","31.82","0.66","11.94","79.63"
"B. Aydoğmuş","Turkey 2.","Sarıyer","AMF, RCMF","21","0","","9","407","0","2","Türkiye","right","180","5.97","4.86","68.18","2.87","46.15","0","3.33","0.88","0","0.3","0","2.65","25","0","0.88","25","0.22","0","2.21","10","3.32","0.44","0","24.55","76.58","6.19","60.71","2.43","45.45","0.07","0","0.22","0","0.22","3.98","72.22","1.77","50","0.88","4.64","66.67"
"M. Rodríguez","Turkey 2.","BB Erzurumspor","LW, LCMF","31","500000","","9","399","1","2","Chile","right","170","6.99","4.29","57.89","1.58","42.86","0","6.71","4.06","0.23","0.12","0","1.58","42.86","14.286","3.16","35.71","4.51","50","10.15","46.67","4.06","4.51","1.35","41.28","80.87","10.15","71.11","2.26","50","0.12","0.23","0.23","0","0.45","4.06","72.22","3.16","64.29","1.58","6.77","56.67"
"E. Gökçe","Turkey 2.","Pendikspor","RB","22","100000","","6","398","0","0","Türkiye","right","180","9.05","6.56","68.97","1.81","62.5","0","6.79","1.58","0","0.05","0","0.68","0","0","2.94","30.77","0.9","75","4.52","30","2.26","0.9","0","28.72","77.17","10.18","73.33","1.58","57.14","0.05","0","0","0","0","3.62","81.25","2.04","44.44","0.68","5.65","72"
"D. Aleksić","Turkey 2.","Çorum FK","RCMF, LCMF","34","850000","2026-06-30","6","398","1","1","Serbia","left","182","3.84","2.49","81.82","2.71","58.33","0.45","3.69","1.81","0.23","0.52","0","3.84","23.53","5.882","0.9","50","0.9","50","2.71","41.67","4.97","0.68","0","34.6","87.58","5.88","69.23","3.39","60","0.21","0","0","0","0.68","4.52","65","1.58","71.43","1.13","3.39","80"
"D. Cavaré","Turkey 2."," Esenler Erokspor","RCB","30","250000","","4","396","0","0","Guadeloupe","right","184","5","2.73","66.67","1.82","62.5","0.68","5.06","0.45","0","0.02","0","0.23","0","0","0.45","0","1.14","40","2.95","23.08","0.23","2.05","0","65","93.71","24.09","86.79","1.82","37.5","0","0","0","0","0","7.27","84.38","0.91","0","0.23","10.91","87.5"
"A. Kıvanç","Turkey 2.","Çorum FK","GK","27","100000","2026-06-30","4","396","0","0","Türkiye","right","189","1.59","0.23","100","0","0","0","2.4","0","0","0","0","0","0","0","0","0","0","0","0","0","0","0","0","16.82","83.78","7.05","67.74","5.45","54.17","0","0","0","0","0","1.59","28.57","0","0","0","3.41","60"
"O. Yılmaz","Turkey 2.","Sarıyer","RB","19","0","","6","394","0","1","Türkiye","right","178","8.68","8.22","58.33","0.46","50","0.23","4.53","0.91","0","0","0","0","0","0","2.06","11.11","0.69","100","2.51","45.45","0","0.69","0","28.55","73.6","10.74","53.19","5.03","54.55","0.03","0","0.23","0","0.23","2.97","46.15","2.74","33.33","0.69","6.4","50"
"D. Dönmezer","Turkey 2.","Adana Demirspor","GK","17","0","2026-06-30","4","392","0","0","Türkiye","right","190","3.21","0.92","25","0.46","100","0","3.08","0.23","0","0","0","0","0","0","0","0","0.23","100","0.92","25","0","0","0","19.74","70.93","11.25","61.22","8.95","46.15","0","0","0","0","0","2.53","45.45","0","0","0","7.12","58.06"
"A. Karaman","Turkey 2."," Esenler Erokspor","RCMF, AMF, LCMF","28","275000","","10","392","1","1","Türkiye","right","182","3.9","4.59","45","1.84","50","0.23","2.12","0.92","0.23","0.29","0","1.15","20","20","0.69","0","0.92","75","6.43","50","0.46","1.38","0.46","29.39","85.94","7.12","77.42","1.15","40","0.05","0","0","0","0.46","4.59","75","0.92","50","0.46","3.67","62.5"
"M. Camara","Turkey 2.","Sarıyer","RW, RAMF, LWF","22","0","","10","391","0","1","Senegal","right","0","5.52","3.91","88.24","2.07","33.33","0","3.38","3.22","0","0.2","0","1.61","28.57","0","3.45","20","3.45","60","8.75","47.37","5.52","1.15","0","21.18","77.17","2.07","66.67","0.46","0","0.21","0","0","0","0.46","0.69","100","1.61","42.86","1.15","1.84","100"
"Y. Gürol","Turkey 2.","Adana Demirspor","LB, LCB","20","0","","6","388","0","0","Türkiye","","0","7.19","4.64","60","1.16","20","0.23","4.09","0","0","0.06","0","0.23","0","0","0","0","0.23","0","3.02","30.77","0.23","0.7","0.23","27.14","75.21","14.85","64.06","6.03","30.77","0","0","0","0","0","2.78","50","0.23","0","0","7.19","51.61"
"A. Yılmaz","Turkey 2.","İstanbulspor","RCB, LCB","21","0","2027-06-30","6","387","0","0","Türkiye","right","185","9.07","5.12","68.18","4.65","40","0.7","7.1","0.23","0","0.03","0","0.23","0","0","0.47","0","0.23","100","0.7","33.33","0.7","1.16","0","39.3","81.07","20","76.74","4.65","30","0","0","0","0","0","4.19","38.89","0.47","50","0.23","6.98","53.33"
"A. Traoré","Turkey 2.","Amed SK","RW, RAMF, CF","30","0","2026-06-30","8","387","1","0","Mali","left","178","4.65","3.02","46.15","2.33","30","0","5.65","1.63","0.23","0.08","0","1.63","28.57","14.286","0.47","0","1.63","71.43","6.98","50","0.7","0.7","0","36.28","86.54","8.6","70.27","1.63","28.57","0.09","0.23","0","0","0.23","4.19","83.33","1.16","60","1.63","5.35","78.26"
"D. Rotariu","Turkey 2.","Iğdır FK","RW, RAMF, LWF","30","350000","","9","387","0","1","Romania","left","180","4.19","3.49","60","4.42","42.11","0","3.65","3.95","0","0.07","0","0.93","0","0","3.49","33.33","3.49","73.33","7.44","50","3.95","3.26","0.7","30.93","80.45","6.51","71.43","2.09","55.56","0.06","0.23","0.47","50","0.47","2.56","45.45","4.88","42.86","1.86","4.42","73.68"
"I. Šehić","Turkey 2.","Çorum FK","GK","37","750000","","4","387","0","0","Bosnia and Herzegovina","left","190","1.4","0.23","100","0.47","100","0","1.88","0","0","0","0","0","0","0","0","0","0","0","0","0","0","0","0","22.79","90.82","10.23","79.55","3.72","43.75","0","0","0","0","0","1.4","33.33","0","0","0","2.79","66.67"
"Y. Buğra Demirkıran","Turkey 2.","Adana Demirspor","LCB","19","0","","5","383","0","0","Türkiye","","0","6.58","3.05","38.46","1.41","33.33","0.7","5.8","0","0","0","0","0","0","0","0","0","0","0","0.47","0","0.7","0.23","0","26.55","82.3","8.69","64.86","4.23","44.44","0.06","0","0.23","0","0.23","1.64","57.14","0.7","66.67","0.47","3.99","41.18"
"O. Demirbağ","Turkey 2.","Adana Demirspor","CF, LCMF","17","0","2026-06-30","4","382","1","1","Türkiye","right","178","4.01","3.53","73.33","1.65","14.29","0","1.62","1.88","0.24","0.08","0","1.41","16.67","16.667","0.47","50","2.83","50","10.13","30.23","0.47","1.88","0.24","21.44","86.81","4.01","64.71","0.94","75","0.05","0","0","0","0.24","2.83","75","1.65","57.14","0.94","3.06","69.23"
"Thuram","Turkey 2.","Pendikspor","LW, CF, LWF","34","200000","2026-06-30","10","382","2","0","Brazil","right","183","5.18","4.01","70.59","4.71","70","0","4.41","2.83","0.47","0.63","0.47","3.06","30.77","15.385","0.24","0","3.53","46.67","10.84","34.78","4.95","3.3","0.24","27.57","80.34","7.3","61.29","1.18","40","0.12","0.24","0.24","100","0.94","2.59","63.64","2.59","72.73","1.88","4.71","80"
"Y. Benrahou","Turkey 2.","Manisa F.K.","RAMF, AMF, RW","26","0","2026-05-31","5","380","2","0","France","left","172","6.16","5.92","64","1.18","20","0.24","2.22","0.95","0.24","0.6","0.24","1.42","50","33.333","1.66","0","0.71","33.33","6.39","11.11","1.89","1.18","0","35.05","74.32","13.74","70.69","4.26","38.89","0.03","0.24","0","0","0.24","6.63","57.14","3.08","30.77","0.95","6.87","65.52"
"M. Krstovski","Turkey 2.","İstanbulspor","CF","27","400000","","7","378","4","1","North Macedonia","right","183","2.86","2.86","50","6.43","29.63","0","1.57","2.86","0.95","0.51","0","2.38","70","40","0.71","33.33","1.67","57.14","8.57","33.33","4.76","0.71","0.24","12.14","72.55","2.62","63.64","0.48","50","0.1","0","0","0","0.48","0.95","100","0.95","0","0.48","0.95","50"
"M. Faye","Turkey 2."," Esenler Erokspor","LW, RAMF, LAMF","20","0","2026-06-30","9","378","1","0","Senegal","right","182","5.48","2.62","36.36","3.57","46.67","0.24","6.59","4.29","0.24","0.4","0","1.9","25","12.5","3.57","33.33","3.81","68.75","11.19","48.94","4.52","4.05","1.67","24.52","75.73","4.76","65","1.43","33.33","0.12","0","0.24","0","0.24","2.38","60","2.86","25","0.95","2.14","66.67"
"E. Aydın","Turkey 2.","Bandırmaspor","LCB, LB","21","0","","8","376","0","0","Türkiye","left","191","9.57","5.98","72","2.63","90.91","0.24","5.88","1.2","0","0.16","0","0.96","25","0","1.2","40","0.48","100","1.91","37.5","1.2","2.39","0","38.3","82.5","12.93","72.22","4.79","70","0.03","0","0.24","0","0.24","5.03","71.43","1.2","40","0.24","6.46","48.15"
"R. Kobiljar","Turkey 2.","Sakaryaspor","RDMF, LDMF, RCMF","29","250000","2026-06-30","7","372","0","0","Bosnia and Herzegovina","right","170","4.11","3.39","50","0.73","100","0","3.18","0.48","0","0","0","0.73","0","0","0","0","0.97","50","6.29","38.46","0.48","0.73","0","18.15","80","7.02","72.41","0.97","25","0","0","0","0","0","2.66","63.64","1.21","80","0.97","3.15","84.62"
"B. Sarka","Turkey 2.","Hatayspor","LCMF, RCMF","24","0","","5","371","0","0","Netherlands","","0","4.85","5.34","45.45","0.97","50","0","3.33","1.46","0","0.02","0","1.7","28.57","0","0.24","100","1.21","60","2.91","33.33","0.49","0.24","0","34.93","88.19","9.7","77.5","2.43","40","0.01","0","0","0","0","4.61","63.16","0.97","75","0.24","4.12","76.47"
