"Player","League","Team","Position","Age","Market value","Contract expires","Matches played","Minutes played","Goals","xG","Assists","xA","Birth country","Foot","Height","Successful defensive actions per 90","Defensive duels per 90","Defensive duels won, %","Aerial duels per 90","Aerial duels won, %","Shots blocked per 90","PAdj Interceptions","Non-penalty goals per 90","xG per 90","Head goals per 90","Shots","Shots per 90","Shots on target, %","Goal conversion, %","Crosses per 90","Accurate crosses, %","Dribbles per 90","Successful dribbles, %","Offensive duels per 90","Offensive duels won, %","Touches in box per 90","Progressive runs per 90","Accelerations per 90","Passes per 90","Accurate passes, %","Forward passes per 90","Accurate forward passes, %","Long passes per 90","Accurate long passes, %","xA per 90","Smart passes per 90","Key passes per 90","Passes to final third per 90","Accurate passes to final third, %","Passes to penalty area per 90","Accurate passes to penalty area, %","Deep completions per 90","Progressive passes per 90","Accurate progressive passes, %","Conceded goals per 90","Shots against per 90","Save rate, %","xG against per 90","Prevented goals","Prevented goals per 90","Exits per 90"
"G. Svensson","Sweden 1.","IFK Göteborg","RCB","38","200000","2025-12-31","30","3015","2","2.58","1","0.19","Sweden","right","184","9.01","4.06","70.59","3.4","51.75","0.84","7.13","0.06","0.08","0.06","14","0.42","64.29","14.286","0.21","42.86","0.12","50","1.13","36.84","0.69","0.18","0.03","44.42","89.65","20","81.94","5.1","57.31","0.01","0.03","0.06","6.24","72.73","0.45","46.67","0.24","7.55","77.08","","","0","0","","",""
"A. Wängberg","Sweden 1.","GAIS","RB","31","300000","2026-12-31","30","2980","0","0.68","1","2.9","Sweden","right","180","11.02","7.64","70.75","2.39","49.37","0.33","6","0","0.02","0","21","0.63","19.05","0","3.11","40.78","1.9","58.73","4.95","46.34","1.06","1.72","0.45","42.43","78.36","19.09","69.3","6.98","50.65","0.09","0.06","0.36","6.8","64","3.23","46.73","0.57","9.91","69.82","","","0","0","","",""
"G. Lundgren","Sweden 1.","GAIS","RWF, RCMF","30","0","2029-12-31","30","2979","3","2.48","7","6.76","Sweden","left","190","7.95","6.4","64.15","1.63","24.07","0.21","4.28","0.09","0.07","0","36","1.09","27.78","8.333","3.17","48.57","5.41","58.66","14.53","38.88","1.78","2.69","0.6","35.74","73.37","12.18","64.76","3.38","56.25","0.2","0.24","0.73","3.99","61.36","4.98","60","1.93","8.25","78.39","","","0","0","","",""
"A. Jensen","Sweden 1.","Brommapojkarna","RB, RWB","24","900000","2028-12-31","30","2928","3","1.78","2","6.19","Denmark","right","180","7.99","6.09","68.69","1.32","51.16","0.09","4.14","0.09","0.05","0","25","0.77","36","12","4.21","44.53","1.2","56.41","6.21","40.1","1.05","1.66","0.49","54.38","85.3","15.06","75.92","5.72","55.91","0.19","0.03","0.49","6.76","75.91","4.33","53.19","0.77","9.65","75.8","","","0","0","","",""
"B. Tiedemann Hansen","Sweden 1.","AIK","RCB, LCB","31","600000","2028-06-30","30","2913","3","2.42","0","0.14","Denmark","right","189","7.85","3.18","82.52","4.29","56.83","0.65","5.95","0.09","0.07","0.09","14","0.43","35.71","21.429","0.03","0","0","0","0.56","50","0.71","0.15","0","50.92","89.08","21.04","80.47","6.8","58.18","0","0.03","0.03","6.98","69.47","0.49","12.5","0.15","8.68","75.8","","","0","0","","",""
"I. Pittas","Sweden 1.","AIK","CF","29","2500000","2028-06-30","30","2824","14","12.6","1","1.03","Cyprus","right","180","4.78","4.53","67.61","3.35","25.71","0.03","1.63","0.45","0.4","0.06","90","2.87","43.33","15.556","0.8","16","2.71","48.24","7.49","27.23","3.76","1.34","0.76","13.32","80.14","1.63","74.51","0.48","53.33","0.03","0.06","0.19","0.8","72","0.96","43.33","0.73","1.12","62.86","","","0","0","","",""
"J. Gustavsson","Sweden 1.","Mjällby","RCMF, DMF, LCMF","31","450000","2028-12-31","29","2811","0","0.09","0","0.37","Sweden","right","174","10.15","7.46","62.66","2.59","44.44","0.51","6.81","0","0","0","6","0.19","16.67","0","0.29","44.44","0.26","62.5","3.04","49.47","0.16","0.38","0.03","44.98","85.84","14.63","71.33","5.09","46.54","0.01","0","0.03","7.49","71.37","0.99","54.84","0.38","6.02","73.4","","","0","0","","",""
"A. Timossi Andersson","Sweden 1.","Brommapojkarna","RW, RAMF, RWF","24","400000","2026-06-30","29","2791","5","5.11","1","4.04","Sweden","right","170","6.16","6.64","59.71","1.58","30.61","0.03","2.21","0.16","0.16","0.1","40","1.29","35","12.5","5.26","34.97","4.71","52.74","9.67","40","2.55","2.58","0.71","24.77","76.04","4.39","70.59","1.03","40.63","0.13","0.16","0.87","1.29","72.5","4.45","44.2","0.58","3.9","80.99","","","0","0","","",""
"M. Jeng","Sweden 1.","Sirius","LCB","20","0","2029-06-30","30","2773","0","0.06","0","0.15","Sweden","left","190","7.89","3.8","68.38","2.69","44.58","0.97","7.01","0","0","0","1","0.03","100","0","0.06","0","0.26","37.5","1.53","44.68","0.03","0.55","0.03","55.34","92.32","18.76","83.04","4.64","54.55","0","0","0","4.45","74.45","0.19","16.67","0.03","7.08","64.68","","","0","0","","",""
"L. Fritzson","Sweden 1.","Brommapojkarna","RCMF, AMF","30","700000","2026-06-30","29","2771","4","4.77","2","2.25","Sweden","right","187","10.17","7.76","61.92","7.47","52.61","0.78","5.1","0.13","0.15","0.03","38","1.23","44.74","10.526","0.55","17.65","1.33","51.22","5.68","39.43","2.24","0.88","0.1","27.19","84.23","6.72","70.53","1.85","54.39","0.07","0","0.16","3.12","70.83","0.81","52","0.52","3.25","59","","","0","0","","",""
"H. Castegren","Sweden 1.","Sirius","RB, RCB","29","700000","2027-12-31","28","2765","1","1.91","1","1.09","Sweden","right","185","9.96","7.42","68.86","3.16","58.76","0.59","6.34","0.03","0.06","0.03","18","0.59","22.22","5.556","1.79","38.18","0.33","70","1.56","50","0.94","1.24","0.07","59.21","87.47","23.89","80.25","6.48","56.78","0.04","0","0.26","9.21","79.15","2.31","49.3","0.55","12.3","79.37","","","0","0","","",""
"Vinícius Nogueira","Sweden 1.","Halmstad","LB, LWB","24","0","2028-12-31","29","2760","0","1.49","6","5.1","Brazil","left","180","9.26","7.11","60.55","1.96","63.33","0.29","4.35","0","0.05","0","20","0.65","45","0","3.82","47.01","4.24","54.62","8.22","42.86","0.88","1.24","0.68","29.97","72.69","12.03","60.43","4.99","45.1","0.17","0.07","0.42","3.98","59.84","3.68","55.75","0.36","7.92","68.31","","","0","0","","",""
"V. Larsson","Sweden 1.","Värnamo","RB, RCB","25","600000","2025-12-31","29","2758","2","1.75","0","1.2","Sweden","right","183","9.23","5.87","65.56","3.39","44.23","0.36","5.99","0.07","0.06","0.03","11","0.36","36.36","18.182","1.31","35","0.88","70.37","2.87","47.73","1.53","2.19","0.39","52.6","84.12","23.72","76.75","4.24","40.77","0.04","0.07","0.16","6.13","76.6","1.5","45.65","0.55","9.99","66.01","","","0","0","","",""
"K. Nordfeldt","Sweden 1.","AIK","GK","36","250000","2025-12-31","28","2737","0","0","0","0.08","Sweden","right","188","1.09","0.03","100","0.3","100","0","1.32","0","0","0","0","0","0","0","0","0","0","0","0.1","100","0","0","0","18.81","84.27","10.42","73.82","7.3","62.61","0","0","0.03","1.97","40","0.16","0","0","5.1","71.61","1.15","3.45","66.67","0.99","-4.95","-0.163","0.95"
"A. Ståhl","Sweden 1.","Djurgården","RB, RCB, RWB","31","750000","2027-12-31","29","2735","3","3.48","7","3.65","Sweden","right","187","7.83","6.15","66.31","3.55","53.7","0.1","4.61","0.03","0.11","0.03","17","0.56","23.53","17.647","1.81","36.36","1.81","60","4.44","46.67","1.91","2.2","0.63","39.29","79.9","14.18","67.98","3.09","40.43","0.12","0.2","0.59","4.11","66.4","2.3","42.86","0.69","7.17","59.63","","","0","0","","",""
"S. Gustafson","Sweden 1.","Häcken","DMF, RDMF, RCMF","30","2000000","2025-12-31","28","2734","6","4.02","3","3.46","Sweden","left","185","9.12","6.55","69.85","1.84","48.21","0.23","6.2","0.13","0.13","0.03","24","0.79","45.83","25","1.05","34.38","0.79","75","6.65","50.99","2.21","1.98","0.3","68.37","88.83","20.61","81.63","4.54","62.32","0.11","0.49","0.13","12.81","79.69","3.26","58.59","1.81","11.13","86.69","","","0","0","","",""
"L. Walta","Sweden 1.","Sirius","RDMF, LDMF","22","0","2028-06-30","29","2729","7","3.12","3","4.58","Finland","right","170","7.02","6.86","54.33","0.66","25","0.1","4.01","0.2","0.1","0","58","1.91","29.31","12.069","1.78","44.44","1.85","55.36","6.43","47.18","0.49","1.15","0.16","58.7","87.3","16.26","72.01","7.52","61.4","0.15","0.2","0.3","10.09","72.22","3.46","47.62","0.92","9.14","81.23","","","0","0","","",""
"M. Watson","Sweden 1.","IFK Norrköping","LCB, RCB, CB","29","700000","2026-12-31","28","2709","0","0.24","1","0.22","Sweden","right","184","9.57","4.32","73.08","4.95","56.38","0.9","7.52","0","0.01","0","4","0.13","0","0","0.2","50","0.3","44.44","1.43","32.56","0.47","0.63","0","51.56","89.88","18.17","79.71","4.55","56.2","0.01","0.13","0.03","4.85","68.49","0.3","33.33","0.07","6.91","64.42","","","0","0","","",""
"S. Pinas","Sweden 1.","Hammarby","LB","27","1200000","2028-06-30","28","2668","4","2.18","3","1.77","Netherlands","left","182","9.85","6.75","62.5","1.62","45.83","0.57","8.16","0.13","0.07","0","29","0.98","24.14","13.793","1.32","33.33","0.91","48.15","3.64","42.59","1.32","1.89","0.57","54.65","81.42","24.83","71.88","6.61","46.43","0.06","0.27","0.3","10.56","63.9","2.26","41.79","0.88","11.06","74.39","","","0","0","","",""
"Wenderson","Sweden 1.","Värnamo","RCMF, LCMF, DMF","26","600000","2029-06-30","28","2661","1","1.38","1","1.29","Brazil","right","174","8.22","7.17","68.4","1.76","40.38","0.27","3.86","0.03","0.05","0","33","1.12","9.09","3.03","0.91","33.33","2.2","52.31","10.38","38.11","0.61","1.42","0.3","42.07","87.06","11.67","77.1","3.99","60.17","0.04","0.1","0.24","6.63","77.55","1.52","42.22","0.34","5.99","75.14","","","0","0","","",""
"N. Besara","Sweden 1.","Hammarby","AMF, CF","34","800000","2027-12-31","28","2655","10","7.42","6","4.44","Sweden","right","182","3.36","3.32","60.2","0.58","29.41","0.03","1.88","0.31","0.25","0","93","3.15","32.26","10.753","1.73","31.37","2.34","52.17","6.78","45","1.9","1.56","0.47","48.34","87.31","12.17","75.77","1.8","54.72","0.15","1.02","0.64","4.81","78.17","3.8","47.32","1.86","5.56","80.49","","","0","0","","",""
"L. Sætra","Sweden 1.","Kalmar","RCB, CB","34","400000","2025-12-31","28","2655","3","2.63","1","0.6","Norway","right","195","7.53","3.32","62.24","4.2","68.55","0.92","6.33","0.1","0.09","0.1","16","0.54","56.25","18.75","0.07","0","0.1","66.67","0.78","52.17","0.61","0.34","0.03","54.44","90.54","18.34","80.22","5.76","56.47","0.02","0.03","0.07","6.17","64.84","0.54","37.5","0.27","7.9","70.39","","","0","0","","",""
"J. Svedberg","Sweden 1.","Halmstad","RCMF, DMF","26","375000","2026-05-31","29","2645","2","0.66","1","0.84","Sweden","right","179","9.7","8.3","60.66","2.31","41.18","0.41","4.28","0.07","0.02","0","15","0.51","33.33","13.333","1.33","25.64","0.51","20","2.48","34.25","0.44","0.31","0.14","39.88","82.85","12.69","69.97","4.93","51.72","0.03","0","0.07","6.23","63.93","1.97","44.83","0.48","6.02","69.49","","","0","0","","",""
"B. Celina","Sweden 1.","AIK","LW, RCMF, LCMF","29","1800000","2026-08-31","30","2639","4","3.52","3","2.43","Kosovo","right","181","6.92","6.07","67.42","0.99","51.72","0.03","3.44","0.14","0.12","0","54","1.84","35.19","7.407","2.42","38.03","3.07","54.44","6.14","43.33","1.43","2.11","0.48","49.14","82.58","14.8","68.2","5.76","53.85","0.08","0.41","0.31","6.55","68.75","4.26","45.6","1.3","7.09","76.92","","","0","0","","",""
"M. Linday","Sweden 1.","Västerås SK","RCMF, LCMF","22","500000","2029-06-30","28","2633","0","0.76","0","2.03","Sweden","right","186","9.26","8.07","67.8","1.4","39.02","0.1","4.52","0","0.03","0","17","0.58","29.41","0","0.55","37.5","1.47","62.79","6.36","49.46","0.68","3.08","1.03","54.28","90.81","13.88","83.25","2.6","61.84","0.07","0.07","0.17","6.49","86.84","1.47","58.14","0.75","6.15","75.56","","","0","0","","",""
"N. Røjkjær","Sweden 1.","Mjällby","LCMF","27","600000","2029-06-30","28","2605","3","4.42","0","4.14","Denmark","right","179","5.6","5.32","56.49","0.93","14.81","0.24","3.38","0.1","0.15","0","40","1.38","30","7.5","1.62","48.94","3.11","53.33","8.02","41.38","1.42","2.28","0.41","50.37","88.68","13.2","80.1","2.56","68.92","0.14","0.45","0.41","5.11","77.7","2.42","64.29","1.14","7.36","81.22","","","0","0","","",""
"N. Törnqvist","Sweden 1.","Mjällby","GK","23","0","","27","2592","0","0","0","0","Sweden","left","195","1.25","0.14","75","0.42","100","0","1.53","0","0","0","0","0","0","0","0","0","0","0","0","0","0","0","0","22.57","93.85","9.9","88.42","5.07","78.77","0","0","0","0.21","50","0","0","0","3.92","74.34","1.01","3.61","72.12","0.86","-4.35","-0.151","1.7"
"E. Stroud","Sweden 1.","Mjällby","LWB, LB","23","0","2026-12-31","29","2588","7","3.49","6","6.79","Sweden","left","180","8.35","7.06","63.55","1.18","20.59","0.21","4.92","0.24","0.12","0","64","2.23","25","10.938","3.37","37.11","3.55","55.88","8.45","42.39","2.36","2.19","0.73","34.46","74.67","11.68","66.37","3.79","51.38","0.24","0.35","0.63","4.24","63.93","3.93","49.56","0.97","7.58","68.35","","","0","0","","",""
"M. Lode","Sweden 1.","Häcken","LCB","32","500000","2026-12-31","28","2565","0","0.36","0","0.28","Norway","right","185","7.23","4.28","68.03","2.63","68","0.91","5.96","0","0.01","0","3","0.11","0","0","0","0","0.6","88.24","1.79","58.82","0.18","2.32","0.04","67.58","93.09","23.82","89.25","4.98","70.42","0.01","0.04","0.04","8.35","89.5","0.25","14.29","0.07","10.81","74.68","","","0","0","","",""
"P. Jansson","Sweden 1.","Malmö FF","RCB, CB","34","1200000","2027-12-31","26","2564","1","1.63","0","1.7","Sweden","right","194","8.42","3.02","75.58","5.05","70.14","0.74","9.54","0.04","0.06","0.04","17","0.6","23.53","5.882","0.07","50","0.21","83.33","1.16","45.45","1.3","0.28","0.07","58.16","93","20.04","86.51","2.77","50.63","0.06","0.04","0.11","3.72","73.58","0.21","16.67","0.21","6.21","71.19","","","0","0","","",""
"F. Nsabiyumva","Sweden 1.","Västerås SK","CB","30","500000","2026-12-31","26","2561","0","1.49","0","0.25","Burundi","right","190","9.73","4.92","71.43","6.78","62.18","1.05","7.53","0","0.05","0","13","0.46","30.77","0","0.04","100","0.25","71.43","1.16","33.33","0.81","0.18","0","42.49","90.32","13.88","80.25","3.44","62.24","0.01","0","0","4.04","80.87","0.18","40","0.21","6.33","68.89","","","0","0","","",""
"L. Berg Johnsen","Sweden 1.","Malmö FF","LCMF, RDMF, DMF","26","2800000","2027-12-31","28","2554","1","1.48","5","2.52","Norway","right","179","8.21","6.34","63.33","1.52","51.16","0.35","6.1","0.04","0.05","0","44","1.55","22.73","2.273","0.92","53.85","1.06","56.67","3.81","44.44","0.81","1.09","0.32","82.64","92.92","23.4","87.35","3.77","71.96","0.09","0.32","0.42","11.84","88.99","2.36","61.19","1.13","9.76","86.28","","","0","0","","",""
"A. Salétros","Sweden 1.","AIK","RCMF, LCMF","29","2200000","2028-12-31","27","2535","3","1.11","1","2.89","Sweden","left","183","9.3","8.91","62.15","1.74","51.02","0.21","4.29","0.11","0.04","0.04","28","0.99","32.14","10.714","2.13","26.67","1.85","57.69","4.76","46.27","0.82","1.6","0.75","52.51","85.33","18.11","78.43","5.57","56.05","0.1","0.21","0.32","8.52","78.33","3.69","53.85","1.35","8.31","78.63","","","0","0","","",""
"K. Thórdarson","Sweden 1.","IFK Göteborg","LCMF, LDMF, RDMF","25","700000","2028-12-31","27","2509","3","3.5","3","1.83","Iceland","right","177","9.36","6.6","58.15","3.23","41.11","0.43","6.29","0.11","0.13","0.07","39","1.4","41.03","7.692","1.9","33.96","2.62","49.32","7.96","45.5","1.87","0.86","0.36","38.06","81.81","10.94","64.59","4.02","46.43","0.07","0.07","0.18","4.91","68.61","2.26","42.86","0.57","5.13","69.93","","","0","0","","",""
"A. Norén","Sweden 1.","GAIS","RCB","26","350000","2027-12-31","27","2501","2","1.34","0","0.36","Sweden","right","184","12.88","5.54","68.83","4.68","50.77","0.9","8.76","0.07","0.05","0.07","12","0.43","25","16.667","0.18","40","0.61","70.59","1.48","68.29","0.61","0.29","0.11","42.36","85.39","17.96","74.15","4.97","47.1","0.01","0","0.04","5.29","56.46","0.65","22.22","0.14","6.48","63.33","","","0","0","","",""
"S. Skrabb","Sweden 1.","Kalmar","CF, LCMF","30","1200000","2027-06-30","28","2486","6","3.62","3","3.8","Finland","left","174","7.6","7.24","57.5","2.57","26.76","0.18","3","0.18","0.13","0","29","1.05","44.83","20.69","2.46","47.06","0.76","66.67","5.61","30.97","1.77","0.83","0.07","44.89","82.18","11.73","66.05","4.96","48.91","0.14","0.14","0.4","5.32","61.9","3.48","45.83","0.94","6.55","69.61","","","0","0","","",""
"D. Hümmet","Sweden 1.","Djurgården","CF","29","0","2027-06-30","30","2484","14","8.12","4","1.47","Sweden","right","189","3.3","2.61","63.89","3.04","21.43","0.14","1.99","0.47","0.29","0.07","59","2.14","47.46","23.729","0.4","27.27","1.34","35.14","5.69","24.84","2.75","0.36","0.18","15","84.54","3.19","69.32","0.8","86.36","0.05","0.07","0.14","1.23","79.41","0.72","55","0.43","1.81","78","","","0","0","","",""
"N. Vasić","Sweden 1.","Brommapojkarna","CF","34","300000","2026-12-31","29","2476","17","16.56","3","0.84","Sweden","right","197","2.76","2.65","50.68","8.25","46.7","0.18","1.45","0.62","0.6","0.11","81","2.94","44.44","20.988","0.55","53.33","0.84","56.52","5.27","33.79","4.29","0.4","0.18","10.36","78.25","2","56.36","0.4","45.45","0.03","0","0.22","1.13","64.52","0.44","50","0.33","1.24","47.06","","","0","0","","",""
"D. Islamović","Sweden 1.","Kalmar","CF","31","400000","2027-12-31","29","2471","12","11.41","0","1.37","Sweden","left","190","3.79","3.75","52.43","8.89","46.31","0.11","2.16","0.44","0.42","0.22","65","2.37","36.92","18.462","0.47","7.69","1.27","42.86","7.87","33.8","3.31","0.44","0.18","19.89","74.36","5.03","56.52","0.95","57.69","0.05","0.15","0","2.33","59.38","0.91","36","0.73","1.82","56","","","0","0","","",""
"D. Mitov Nilsson","Sweden 1.","IFK Norrköping","GK","34","200000","2027-12-31","25","2471","0","0","1","0.1","Sweden","right","191","1.17","0.04","100","0.51","92.86","0","1.37","0","0","0","0","0","0","0","0","0","0","0","0.15","100","0","0","0","18.21","84.4","11.25","77.35","7.87","68.06","0","0","0.04","2.22","65.57","0","0","0","6.52","73.74","1.24","4.01","69.09","1.05","-5.26","-0.192","1.46"
"Y. Salech","Sweden 1.","Sirius","CF","24","1800000","2030-06-30","27","2457","11","16.66","1","0.76","Denmark","right","195","3.08","2.34","46.88","5.9","53.42","0.22","2.71","0.4","0.61","0.07","71","2.6","38.03","15.493","0.33","22.22","1.36","35.14","7.99","32.11","3.52","0.84","0.26","12.01","68.29","2.31","46.03","0.77","57.14","0.03","0.07","0.07","1.47","57.5","0.77","57.14","0.66","1.47","50","","","0","0","","",""
"T. Tekie","Sweden 1.","Hammarby","LDMF, RDMF, LCMF","28","800000","2026-12-31","29","2432","4","1.2","2","1.76","Sweden","right","175","7.33","6.96","57.45","0.33","11.11","0.22","4.62","0.15","0.04","0","29","1.07","41.38","13.793","1.74","31.91","2.33","52.38","6.81","36.96","0.78","2.15","0.85","70.76","88.34","21.24","77","5.25","42.96","0.07","0.19","0.26","10.84","75.43","3.22","42.53","1.11","9.92","79.1","","","0","0","","",""
"M. Thychosen","Sweden 1.","AIK","RB, RCB","28","1000000","2027-12-31","26","2424","1","0.77","2","2.58","Denmark","right","178","9.43","7.8","65.24","2.93","58.23","0.22","5.12","0.04","0.03","0","21","0.78","23.81","4.762","3.45","37.63","2","55.56","5.42","47.26","1.08","1.78","0.63","47.3","77.94","17.9","70.54","6.94","49.2","0.1","0.19","0.41","7.05","66.84","3.86","43.27","0.82","10.84","73.97","","","0","0","","",""
"O. Johansson","Sweden 1.","Hammarby","RAMF, RW","30","800000","2026-12-31","29","2417","4","6.57","2","1.84","Sweden","right","178","6.55","6.26","66.67","1.41","50","0.3","3.53","0.11","0.24","0","41","1.53","39.02","9.756","2.23","28.33","1.53","46.34","4.17","33.04","2.31","1.86","0.74","38.95","79.92","9.98","67.91","0.93","36","0.07","0.3","0.37","3.54","66.32","3.09","53.01","1.27","4.77","70.31","","","0","0","","",""
"A. Abrahamsson","Sweden 1.","Brommapojkarna","RCB, LCB","26","325000","2027-06-30","29","2417","0","0.06","1","0.44","Sweden","right","189","11.39","6.37","68.42","3.35","65.56","0.67","7.64","0","0","0","4","0.15","0","0","0.3","50","0.37","30","1.23","36.36","0.07","0.41","0","68.48","87.33","27.96","77.5","10.87","54.79","0.02","0.07","0.04","9.27","62.25","1.38","35.14","0.41","12.25","70.21","","","0","0","","",""
"A. Traustason","Sweden 1.","IFK Norrköping","RCMF, RDMF, LW","32","900000","2026-12-31","26","2404","6","4.83","1","2.42","Iceland","right","183","8.46","5.73","58.82","2.88","36.36","0.56","5.71","0.22","0.18","0.04","48","1.8","33.33","12.5","2.36","34.92","1.87","50","5.65","42.38","1.42","1.2","0.45","38.97","82.8","11.23","68.33","3.78","47.52","0.09","0.15","0.19","5.09","64.71","2.47","45.45","0.67","6.14","77.44","","","0","0","","",""
"D. Widgren","Sweden 1.","Sirius","LB","31","600000","2025-12-31","26","2403","0","0.35","0","1.4","Sweden","left","180","8.99","6.74","61.11","1.42","31.58","0.11","6.43","0","0.01","0","7","0.26","14.29","0","2.28","31.15","0.45","50","2.7","38.89","0.49","1.12","0.07","50.52","85.03","16.85","75.56","6.44","61.63","0.05","0.07","0.22","6.29","67.86","2.66","50.7","0.82","11.46","78.1","","","0","0","","",""
"J. Bergström","Sweden 1.","Mjällby","CF","30","500000","2026-12-31","26","2384","8","11.36","0","0.51","Sweden","right","195","3.7","3.36","53.93","6.83","36.46","0.11","2.29","0.3","0.43","0.08","38","1.43","50","21.053","0.26","14.29","0.98","26.92","6.68","22.03","2.6","0.42","0.04","13.78","77.26","2.34","67.74","0.26","57.14","0.02","0.04","0.08","0.83","68.18","0.3","37.5","0.38","1.32","40","","","0","0","","",""
"S. Brolin","Sweden 1.","Kalmar","GK","25","450000","2026-12-31","24","2372","0","0","0","0","Sweden","right","202","1.9","0.08","0","0.46","100","0","2.31","0","0","0","0","0","0","0","0","0","0","0","0","0","0","0","0","22.92","85.6","12.9","77.94","8.5","66.07","0","0","0","1.78","51.06","0.11","0","0.04","5.84","75.97","1.63","5.2","68.61","1.55","-2.27","-0.086","1.56"
"M. Heier","Sweden 1.","Sirius","LAMF, AMF, RAMF","24","1000000","2027-06-30","30","2366","4","2.62","5","4.32","Sweden","right","181","5.02","5.52","51.72","0.49","53.85","0.23","2.84","0.15","0.1","0","33","1.26","33.33","12.121","2.13","37.5","3.5","43.48","8.6","41.15","2.59","2.85","0.68","32.49","85.36","6.92","79.12","1.29","58.82","0.16","0.19","0.84","2.74","86.11","2.05","59.26","1.14","4.11","78.7","","","0","0","","",""
"C. Rösler","Sweden 1.","Malmö FF","CB, LCB, RCB","25","800000","2027-12-31","25","2360","0","0.19","1","0.38","Germany","right","186","7.74","4.42","77.59","3.09","51.85","0.65","5.76","0","0.01","0","1","0.04","100","0","0.19","60","0.08","50","0.72","57.89","0.23","1.07","0","53.28","91.84","20.06","82.13","5.03","55.3","0.01","0","0.08","5.38","75.89","0.42","27.27","0.11","7.63","72","","","0","0","","",""
"R. Amane","Sweden 1.","Häcken","LCMF, LDMF","22","0","2029-06-30","28","2313","1","1.85","2","2.09","Côte d'Ivoire","right","176","7.43","5.91","67.11","1.25","28.13","0.43","4.52","0.04","0.07","0","29","1.13","27.59","3.448","0.43","36.36","2.72","67.14","10.12","48.46","1.32","2.45","0.93","51.71","87.89","14.4","77.03","1.87","66.67","0.08","0.51","0.31","6.38","81.71","2.33","56.67","1.52","7.12","74.86","","","0","0","","",""
"G. Wallentin","Sweden 1.","Halmstad","RCB, CB","24","275000","2027-12-31","28","2313","2","1.51","0","0.04","Sweden","right","189","7.67","3.77","57.73","4.94","51.18","0.66","4.97","0.08","0.06","0","7","0.27","28.57","28.571","0.39","30","0.16","75","0.86","31.82","0.43","0.12","0","40.54","82.73","16.38","65.08","8.44","47.47","0","0.04","0","6.11","52.87","1.05","25.93","0.16","7.47","66.15","","","0","0","","",""
"E. Botheim","Sweden 1.","Malmö FF","CF, AMF","25","3500000","2027-12-31","30","2297","13","12.05","5","3.8","Norway","right","187","2.7","2.94","58.67","3.57","37.36","0.12","1.46","0.47","0.47","0.08","58","2.27","50","22.414","0.39","50","1.14","48.28","6.97","30.34","3.92","0.71","0.24","23.08","83.7","3.88","63.64","0.31","25","0.15","0.08","0.47","1.29","66.67","0.98","64","1.18","1.88","75","","","0","0","","",""
"H. Skoglund","Sweden 1.","Hammarby","RB","21","0","2029-12-31","29","2283","0","0.49","1","1.33","Sweden","right","181","8.95","8.32","67.3","1.58","50","0.35","4.66","0","0.02","0","11","0.43","18.18","0","1.81","30.43","3.31","55.95","8.52","42.59","1.3","2.52","1.3","41.04","83.48","13.99","72.96","2.64","43.28","0.05","0.04","0.12","4.61","76.92","1.7","44.19","0.55","6.74","71.35","","","0","0","","",""
"M. Tenho","Sweden 1.","Djurgården","RCB","30","800000","2026-12-31","27","2283","1","1.36","0","0.23","Finland","right","188","6.98","4.53","73.91","3.98","65.35","0.67","4.45","0.04","0.05","0","13","0.51","23.08","7.692","0.12","33.33","0.04","0","0.63","62.5","0.47","0.75","0.04","47.82","88.87","17.82","76.77","5.12","44.62","0.01","0.04","0.08","5.99","68.42","0.63","43.75","0.24","7.53","72.25","","","0","0","","",""
"M. Baidoo","Sweden 1.","Elfsborg","CF, AMF","26","3000000","2028-06-30","27","2276","10","3.95","2","2.17","Ghana","right","174","4.82","4.98","56.35","1.11","32.14","0.4","2.21","0.36","0.16","0","41","1.62","51.22","24.39","0.67","35.29","1.66","50","6.21","30.57","2.53","1.62","0.59","29.66","84.27","7.43","75","1.82","39.13","0.09","0.4","0.36","3.28","77.11","2.53","67.19","1.82","3.84","76.29","","","0","0","","",""
"S. Papagiannopoulos","Sweden 1.","AIK","LCB, CB, RCB","35","300000","2025-12-31","25","2269","0","0.39","0","0.38","Sweden","right","187","8.49","4.8","76.03","3.69","65.59","0.95","5.68","0","0.02","0","8","0.32","12.5","0","0","0","0.12","66.67","2.02","47.06","0.4","0.24","0.12","43.63","90.09","14.95","79.58","5.67","58.74","0.02","0","0.04","4.2","74.53","0.36","33.33","0.16","5.63","61.27","","","0","0","","",""
"W. Odefalk","Sweden 1.","Brommapojkarna","LCMF, AMF, DMF","21","0","2026-12-31","28","2252","3","3.76","3","2.22","Sweden","right","177","8.95","7.35","71.2","1.04","19.23","0.36","3.78","0.12","0.15","0","42","1.68","30.95","7.143","1.32","42.42","1.96","59.18","5.75","42.36","1.24","1.72","0.32","42.8","80.95","14.35","70.19","6.27","58.6","0.09","0.4","0.36","7.51","71.81","2.84","56.34","1.04","7.91","70.2","","","0","0","","",""
"Busanello","Sweden 1.","Malmö FF","LB","27","2000000","2029-12-31","26","2231","1","1.04","5","2.67","Brazil","left","180","9.28","6.74","59.88","1.33","39.39","0.36","7.84","0.04","0.04","0","21","0.85","28.57","4.762","4.03","37","1.69","78.57","5.53","50.36","1.57","1.82","0.56","64.79","86.43","24.12","82.27","4.36","50","0.11","0","0.44","8.07","81","3.79","53.19","0.81","11.9","79.66","","","0","0","","",""
"A. Zeljković","Sweden 1.","Värnamo","CF, LW, LWF","28","600000","","29","2212","7","7.04","1","1.06","Sweden","right","181","4.43","3.42","61.9","1.46","33.33","0.04","2.48","0.16","0.29","0","73","2.97","38.36","9.589","0.94","30.43","2.69","53.03","7.12","37.14","2.2","1.3","0.41","28.89","84.79","4.31","64.15","1.75","51.16","0.04","0.16","0.2","2.03","74","1.59","48.72","0.61","2.73","67.16","","","0","0","","",""
"B. Sabović","Sweden 1.","Djurgården","LDMF, RDMF, RCMF","27","800000","2027-12-31","27","2207","3","1.28","0","2.33","Sweden","right","186","8.56","7.83","56.25","1.39","50","0.37","4.91","0.12","0.05","0","18","0.73","27.78","16.667","0.69","41.18","1.22","56.67","5.3","53.85","0.49","0.41","0","49.63","85.21","16.68","73.35","7.1","56.9","0.09","0.33","0.29","9.87","72.73","2.32","45.61","0.86","8.73","79.44","","","0","0","","",""
"C. Nyman","Sweden 1.","IFK Norrköping","CF","33","800000","2030-12-31","25","2205","11","7.8","2","1.94","Sweden","right","185","3.47","3.06","60","6.78","46.39","0.12","1.83","0.45","0.32","0.12","47","1.92","53.19","23.404","0.53","15.38","1.27","58.06","7.22","31.07","3.63","0.57","0.53","13.76","70.92","3.51","55.81","0.33","37.5","0.08","0.16","0.24","1.14","50","0.98","41.67","0.78","1.47","63.89","","","0","0","","",""
"M. Hallberg","Sweden 1.","Kalmar","RB, RCMF, RCB","30","450000","2026-12-31","27","2198","3","2.09","3","3.53","Sweden","right","180","7.29","5.61","58.39","3.03","41.89","0.2","4.26","0.12","0.09","0","19","0.78","31.58","15.789","2.25","41.82","0.53","53.85","3.23","31.65","0.94","1.06","0.12","43.73","84.36","12.78","71.15","3.93","43.75","0.14","0.16","0.25","3.69","67.78","2.83","56.52","0.82","7.53","71.74","","","0","0","","",""
"J. Stryger Larsen","Sweden 1.","Malmö FF","RB","34","1200000","2026-12-31","24","2190","0","1.53","1","2.88","Denmark","right","180","5.96","5.14","59.2","1.68","41.46","0.37","4.44","0","0.06","0","10","0.41","20","0","2.75","43.28","0.86","38.1","2.3","30.36","1.44","1.15","0.21","55.44","88.58","18.04","85.65","3.78","67.39","0.12","0.08","0.41","5.26","79.69","2.88","47.14","0.53","8.34","79.8","","","0","0","","",""
"A. Lundkvist","Sweden 1.","Häcken","LB","31","900000","2026-12-31","27","2184","0","0.6","3","1.78","Sweden","left","175","11.91","8.78","67.14","1.44","34.29","0.12","6.97","0","0.02","0","13","0.54","15.38","0","3.79","41.3","1.32","59.38","4.57","45.95","1.15","2.43","0.29","50.27","85.9","16.03","82.78","4.41","57.94","0.07","0.16","0.37","5.23","82.68","3.5","62.35","0.95","10.3","75.6","","","0","0","","",""
"N. Hult","Sweden 1.","Elfsborg","LB, LWB","35","300000","2026-12-31","25","2184","0","2.27","3","2.37","Sweden","left","173","9.19","7.21","65.71","1.36","36.36","0.21","4.87","0","0.09","0","14","0.58","28.57","0","2.88","35.71","1.48","47.22","4.29","39.42","2.1","2.23","0.45","38.57","82.16","13.6","76.06","3.3","57.5","0.1","0.04","0.33","4.29","72.12","2.97","51.39","0.91","7.58","79.89","","","0","0","","",""
"S. Hedlund","Sweden 1.","Elfsborg","RWB, RB, RW","32","0","2026-12-31","29","2183","7","4","3","2.52","Sweden","right","173","6.64","6.93","58.93","1.4","26.47","0.12","2.75","0.25","0.16","0.04","24","0.99","54.17","29.167","2.76","22.39","1.28","41.94","3.88","31.91","2.23","1.03","0.12","23.33","73.5","5.73","64.75","1.81","45.45","0.1","0.08","0.37","2.35","68.42","2.68","35.38","1.03","4.58","63.96","","","0","0","","",""
"N. Milleskog","Sweden 1.","Sirius","RAMF, LAMF, CF","23","1200000","2028-12-31","29","2177","9","6.17","2","1.46","Sweden","left","178","5.37","5.79","56.43","2.4","41.38","0.17","2.72","0.37","0.25","0.04","52","2.15","44.23","17.308","2.07","24","3.02","50.68","6.2","37.33","3.97","1.86","0.37","17.82","76.8","3.1","70.67","0.66","37.5","0.06","0","0.29","0.79","73.68","1.49","63.89","0.79","2.11","72.55","","","0","0","","",""
"J. Tånnander","Sweden 1.","Sirius","GK","25","225000","2027-06-30","22","2173","0","0","1","0.29","Sweden","left","191","1.41","0.04","100","0.33","87.5","0","1.85","0","0","0","0","0","0","0","0","0","0","0","0.12","100","0","0","0.04","23.61","82.46","14.21","73.76","9.4","60.79","0.01","0","0.04","1.57","39.47","0.17","0","0","7.29","67.05","1.45","4.43","67.29","1.2","-6.02","-0.249","1.78"
"T. Gulliksen","Sweden 1.","Djurgården","LAMF, AMF, LW","22","4000000","2029-06-30","26","2169","5","2.87","5","2.47","Norway","right","177","5.19","7.47","53.89","0.79","10.53","0.04","1.16","0.21","0.12","0","39","1.62","41.03","12.821","2.66","28.13","4.81","54.31","12.53","37.75","2.57","2.78","0.46","33.24","83.4","7.55","78.57","1.12","55.56","0.1","0.17","0.46","2.66","75","3.03","54.79","1.2","4.07","79.59","","","0","0","","",""
"A. Brorsson","Sweden 1.","Mjällby","CB, RCB, RCMF","26","400000","2027-06-30","28","2155","2","2.32","2","0.78","Sweden","right","188","10.23","5.89","56.74","5.72","60.58","0.96","9.28","0.08","0.1","0.08","14","0.58","50","14.286","0.17","50","0.08","50","1.09","50","1.71","0.17","0.04","55.5","86.98","19.55","76.71","6.81","52.15","0.03","0.04","0.08","6.1","67.81","0.71","35.29","0.5","8.56","60.49","","","0","0","","",""
"S. Holmén","Sweden 1.","Elfsborg","RCB","33","750000","2026-12-31","24","2154","2","0.84","1","0.84","Sweden","right","188","8.31","5.18","63.71","2.8","58.21","0.71","5.08","0.08","0.04","0.08","8","0.33","50","25","0.46","36.36","0.33","50","1.3","54.84","0.54","0.5","0","42.37","86.98","18.01","79.12","7.06","58.58","0.04","0.13","0.13","7.31","73.71","1.21","44.83","0.29","8.86","75.94","","","0","0","","",""
"M. Danielson","Sweden 1.","Djurgården","LCB, CB","36","350000","2025-12-31","23","2153","2","2.56","1","0.3","Sweden","right","192","8.86","4.89","69.23","4.47","65.42","0.79","6.68","0","0.11","0","12","0.5","33.33","16.667","0","0","0.17","50","1.46","40","0.79","0.71","0.04","50.96","91.22","20.52","83.5","4.68","58.04","0.01","0","0.04","6.56","79.62","0.25","33.33","0.33","8.15","74.36","","","0","0","","",""
"T. Yegbe","Sweden 1.","Elfsborg","LCB","24","0","2029-06-30","22","2148","3","2.85","1","0.59","Ghana","left","195","7.46","3.94","61.7","3.1","54.05","0.46","5.41","0.13","0.12","0.08","17","0.71","29.41","17.647","1.05","36","0.54","69.23","1.59","50","0.71","0.38","0.04","50.36","82.95","22.33","70.17","7.92","44.44","0.02","0","0.17","7.63","62.64","1.72","43.9","0.5","10.6","68.38","","","0","0","","",""
"G. Engvall","Sweden 1.","Värnamo","CF, LW, RW","29","900000","2027-06-30","26","2146","3","6.06","2","1.98","Sweden","right","185","3.69","3.94","57.45","1.38","18.18","0","1.55","0.13","0.25","0","45","1.89","33.33","6.667","1.38","12.12","4.07","44.33","11.37","34.32","3.1","1.64","0.84","19.59","76.23","4.36","57.69","0.55","23.08","0.08","0.42","0.25","2.14","68.63","1.64","46.15","1.13","2.05","79.59","","","0","0","","",""
"R. Gojani","Sweden 1.","Kalmar","LCMF, RCMF, DMF","33","450000","2025-12-31","24","2141","1","1.42","0","0.87","Sweden","right","174","7.02","6.73","58.13","1.39","15.15","0.29","3.56","0.04","0.06","0","17","0.71","5.88","5.882","0.67","31.25","0.76","55.56","3.78","33.33","0.46","0.67","0.04","46.16","84.97","15.81","75.53","5.38","55.47","0.04","0.13","0.08","8.49","74.26","1.77","28.57","0.42","8.16","74.74","","","0","0","","",""
"Y. Kalley","Sweden 1.","IFK Norrköping","LB","24","350000","2025-12-31","26","2111","0","0.47","0","0.65","Sweden","left","185","7.21","6.27","53.74","1.53","52.78","0.13","3.59","0","0.02","0","7","0.3","28.57","0","1.41","33.33","3.24","56.58","8.65","42.86","0.47","1.66","0.68","29.25","86.15","7.5","68.75","2.34","29.09","0.03","0.13","0.09","2.05","66.67","1.11","38.46","0.13","3.33","57.69","","","0","0","","",""
"J. Lindberg","Sweden 1.","Häcken","RB, LWF","26","900000","2027-12-31","27","2100","5","3.91","3","2.96","Sweden","right","182","9.3","8.7","66.01","1.76","53.66","0.09","4.94","0.21","0.17","0","50","2.14","40","10","1.84","25.58","3.69","61.63","11.79","48.36","3.21","3.6","0.69","36.56","83","11.23","75.57","1.37","50","0.13","0.39","0.34","3.99","75.27","2.79","52.31","1.46","6.13","77.62","","","0","0","","",""
"A. Boudah","Sweden 1.","Västerås SK","LWF, CF, LCMF","26","450000","2027-06-30","28","2100","8","8.36","1","0.89","Sweden","right","186","4.41","3.21","64","3.47","33.33","0.09","3.06","0.3","0.36","0.09","83","3.56","33.73","9.639","1.46","23.53","4.07","45.26","12.47","32.3","3.64","1.93","0.47","30.34","80.08","6.69","68.59","1.24","41.38","0.04","0.26","0.13","2.53","69.49","2.31","50","1.33","3.43","77.5","","","0","0","","",""
"A. Ahl Holmström","Sweden 1.","GAIS","CF","26","400000","2029-06-30","29","2097","10","8.44","1","0.94","Sweden","right","191","2.36","1.97","56.52","8.07","45.21","0.17","1.41","0.43","0.36","0.13","53","2.27","39.62","18.868","0.39","33.33","1.2","53.57","6.91","26.09","3.22","0.3","0.13","9.36","75.23","1.46","58.82","0.26","33.33","0.04","0.04","0.09","0.6","71.43","0.52","75","0.34","0.77","50","","","0","0","","",""
"Villiam Granath","Sweden 1.","Halmstad","LW, CF, RW","27","275000","2025-12-31","29","2096","3","4.31","1","1.89","Sweden","right","189","9.7","8.63","60.2","5.8","53.33","0.26","3.91","0.13","0.19","0","31","1.33","32.26","9.677","0.73","23.53","2.4","35.71","7.51","24","2.15","0.73","0.26","20.83","76.7","5.32","58.87","1.16","51.85","0.08","0.17","0.26","2.19","66.67","0.86","40","0.52","2.66","56.45","","","0","0","","",""
"M. Larsson","Sweden 1.","Västerås SK","LWB, LB","22","0","2026-12-31","26","2085","0","2.96","1","4.49","Sweden","left","184","9.24","6.82","60.13","2.07","45.83","0.3","5.63","0","0.13","0","28","1.21","17.86","0","5.09","38.14","2.12","57.14","4.75","50","1.94","2.07","0.78","47.65","71.2","20.46","62.66","9.41","53.21","0.19","0.17","0.43","8.12","62.77","5.14","45.38","1.08","12.56","72.85","","","0","0","","",""
"H. Ibrahim","Sweden 1.","GAIS","DMF, LB","22","300000","","27","2076","0","0.51","1","1.14","Sweden","right","185","11.49","8.84","59.8","1.34","51.61","0.13","6.16","0","0.02","0","12","0.52","25","0","1.04","29.17","1.91","52.27","6.89","31.45","0.61","1.65","0.65","40.75","86.17","12.1","72.04","1.95","37.78","0.05","0.22","0.22","3.86","71.91","1.69","51.28","0.52","5.03","62.07","","","0","0","","",""
"J. Ring","Sweden 1.","Kalmar","CF, RW, RWF","34","500000","2025-12-31","29","2072","4","2.53","3","3","Sweden","left","182","4.82","5.08","64.1","2.43","32.14","0.04","1.86","0.17","0.11","0.04","19","0.83","36.84","21.053","1.69","28.21","2.61","53.33","9.47","36.7","2.69","1.65","0.65","32.66","78.19","6.99","59.63","1.43","48.48","0.13","0.39","0.35","2.56","66.1","2.35","42.59","0.96","3.82","61.36","","","0","0","","",""
"W. Milovanović","Sweden 1.","GAIS","LCMF, RCMF","23","500000","2027-12-31","25","2061","2","3.54","2","1.84","Sweden","right","181","8.38","8.12","53.23","3.01","43.48","0.31","3.97","0.09","0.15","0","33","1.44","21.21","6.061","1.05","33.33","1.88","55.81","7.64","40.57","2.53","1.4","0.61","22.49","77.28","6.55","68.67","1.75","52.5","0.08","0.22","0.26","2.53","67.24","1.83","50","1","3.36","67.53","","","0","0","","",""
"E. Hovland","Sweden 1.","Häcken","RCB","36","350000","","26","2046","1","1.93","0","0.15","Norway","right","191","9.24","4.13","65.96","3.34","59.21","1.32","8.51","0.04","0.08","0.04","9","0.4","44.44","11.111","0.22","40","0","0","0.57","69.23","0.62","0.84","0","56.52","89.88","22.65","83.69","7.52","67.84","0.01","0.09","0.09","9.81","83.86","0.48","36.36","0.09","12.14","76.81","","","0","0","","",""
"R. Sjöstedt","Sweden 1.","Kalmar","LCB, CB","33","275000","2025-12-31","25","2045","0","0.5","0","0.05","Sweden","right","184","7.61","4.62","69.52","1.76","52.5","0.7","5.23","0","0.02","0","5","0.22","60","0","0.13","33.33","0.18","50","0.48","45.45","0.31","0.31","0","57.43","93.18","17.56","85.21","4.14","60.64","0","0","0","3.39","79.22","0.4","55.56","0.13","6.51","66.22","","","0","0","","",""
"H. Johansson","Sweden 1.","Mjällby","RWB, RB","28","0","2026-12-31","26","2042","5","3.3","2","3.72","Sweden","right","190","10.53","8.68","58.38","4.05","66.3","0.13","6.99","0.22","0.15","0.09","25","1.1","44","20","2.29","30.77","2.12","56.25","7.01","38.36","2.6","1.15","0.13","30.63","77.84","6.66","58.28","1.98","26.67","0.16","0.09","0.62","2.56","56.9","2.12","41.67","0.88","4.45","64.36","","","0","0","","",""
"M. Krasniqi","Sweden 1.","GAIS","GK","33","250000","2027-12-31","21","2041","0","0.01","0","0","Sweden","left","187","1.94","0.22","40","0.57","92.31","0","2.01","0","0","0","1","0.04","0","0","0","0","0","0","0","0","0.04","0","0","22.44","80.75","13.1","69.36","10.63","63.07","0","0","0","4.63","60.95","0.35","25","0.09","8.03","78.02","0.93","3.48","73.42","0.98","1.31","0.058","2.2"
"Romário","Sweden 1.","Kalmar","RCMF, LCMF, RDMF","40","200000","","29","2040","0","0.9","1","0.27","Brazil","right","173","9.26","6.09","62.32","2.34","52.83","0.4","5.31","0","0.04","0","20","0.88","35","0","0.22","20","1.54","62.86","8.12","54.35","0.44","0.75","0.09","47.51","89.32","12.44","77.66","3.66","60.24","0.01","0.09","0","5.51","73.6","1.01","65.22","0.49","5.6","70.87","","","0","0","","",""
"R. Wikström","Sweden 1.","Mjällby","RCB","24","450000","2029-12-31","23","2018","1","0.84","0","0.88","Sweden","right","189","9.05","4.95","71.17","4.06","67.03","0.8","7.01","0.04","0.04","0.04","7","0.31","14.29","14.286","0.85","52.63","0.67","80","1.61","63.89","0.76","1.16","0.13","42.86","83.56","17.97","72.46","6.82","54.25","0.04","0","0.22","5.71","69.53","1.38","51.61","0.27","9.32","67.94","","","0","0","","",""
"V. Gustafson","Sweden 1.","Mjällby","RCMF, RW, RWF","30","600000","2026-12-31","27","2013","3","1.26","2","2","Sweden","right","181","7.91","7.2","61.49","1.88","42.86","0.31","4.38","0.13","0.06","0.04","19","0.85","26.32","15.789","2.24","30","1.65","54.05","6.21","39.57","1.34","1.61","0.8","34.61","76.87","12.34","68.84","2.55","47.37","0.09","0.63","0.27","4.07","60.44","3.85","39.53","1.03","5.99","68.66","","","0","0","","",""
"P. Vagić","Sweden 1.","Hammarby","LCB, RCB","25","1000000","2026-12-31","23","1990","0","0.31","0","0.14","Sweden","right","188","8.73","6.24","73.19","2.44","57.41","0.59","6.12","0","0.01","0","2","0.09","50","0","0.05","100","0.5","63.64","3.44","63.16","0.18","0.23","0.05","57.03","93.34","20.62","86.18","2.44","50","0.01","0.05","0","4.34","80.21","0.23","40","0.14","6.42","67.61","","","0","0","","",""
"T. Pettersson","Sweden 1.","Mjällby","LCB","35","250000","2027-12-31","25","1989","2","3.09","1","0.09","Sweden","left","190","7.42","3.03","59.7","5.61","61.29","0.59","7.19","0.09","0.14","0.05","22","1","40.91","9.091","0.68","13.33","0.27","50","1.72","55.26","1.76","0.95","0.05","48.46","86.65","21.95","80.21","5.43","55.83","0","0","0","4.03","75.28","0.63","35.71","0.32","8.37","64.86","","","0","0","","",""
"I. Kiese Thelin","Sweden 1.","Malmö FF","CF","33","2200000","2027-06-30","26","1989","15","12.64","4","0.96","Sweden","right","189","2.81","2.08","39.13","6.7","45.27","0.09","2.96","0.68","0.57","0.18","63","2.85","50.79","23.81","0.45","30","0.45","10","6.65","21.09","4.98","0.45","0.18","12.4","68.61","2.9","59.38","0.14","33.33","0.04","0.09","0.32","0.68","40","0.9","50","1.22","0.77","52.94","","","0","0","","",""
"J. Dahlin","Sweden 1.","Malmö FF","GK","39","250000","2026-12-31","20","1986","0","0","0","0","Sweden","right","192","1.13","0","0","0.36","100","0","1.78","0","0","0","0","0","0","0","0","0","0","0","0.05","100","0","0","0.05","15.95","87.22","7.84","76.88","5.76","65.35","0","0","0","1.4","45.16","0.09","0","0","4.53","79","0.63","2.58","75.44","0.7","1.49","0.068","0.91"
"Viktor Granath","Sweden 1.","Västerås SK","CF","31","500000","2027-12-31","27","1960","7","5.01","2","0.44","Sweden","left","194","3.08","2.85","54.84","10.06","35.16","0.14","1.33","0.32","0.23","0.18","22","1.01","59.09","31.818","0","0","0.64","35.71","6.89","26.67","2.07","0.14","0.05","11.66","68.5","2.62","50.88","0.23","80","0.02","0.05","0.05","0.78","47.06","0.32","14.29","0.18","1.19","26.92","","","0","0","","",""
"A. Boman","Sweden 1.","Halmstad","RB, RWB","24","350000","2027-12-31","21","1926","0","0.76","2","1.4","Sweden","right","184","9.02","6.68","70.63","1.73","45.95","0.37","4.21","0","0.04","0","6","0.28","16.67","0","2.8","28.33","1.82","66.67","7.38","46.84","0.93","2.1","0.42","30.56","73.09","10.33","55.2","3.18","38.24","0.07","0.05","0.42","4.44","49.47","2.57","38.18","0.33","6.21","70.68","","","0","0","","",""
"M. Rygaard","Sweden 1.","Häcken","RCMF, AMF","34","700000","2026-12-31","26","1920","3","2.86","8","4.52","Denmark","left","176","5.39","4.92","54.29","1.13","45.83","0.33","3.56","0.14","0.13","0","41","1.92","21.95","7.317","1.45","38.71","1.36","34.48","7.55","37.27","2.2","1.88","0.19","55.78","86.05","15.98","77.42","5.06","66.67","0.21","0.33","0.47","8.02","80.7","3.19","63.24","1.88","8.02","87.72","","","0","0","","",""
"A. Qasem","Sweden 1.","Elfsborg","CF, LWF, LW","22","1800000","2027-12-31","27","1913","5","5.8","4","2.04","Sweden","left","178","6.07","6.02","59.38","4.42","26.6","0.05","2.63","0.19","0.27","0.05","43","2.02","30.23","11.628","2.12","22.22","3.67","50","11.2","34.87","4.05","2.59","0.8","22.25","80.34","4.38","76.34","0.99","52.38","0.1","0.14","0.61","1.69","80.56","2.16","50","1.13","2.78","77.97","","","0","0","","",""
"A. Wikman","Sweden 1.","Sirius","LDMF, RDMF, RCMF","22","350000","2029-12-31","24","1881","3","0.53","2","1.6","Sweden","left","178","7.03","5.98","60.8","0.81","35.29","0.1","4.07","0.14","0.03","0","9","0.43","33.33","33.333","0.91","36.84","0.43","88.89","1.53","50","0.38","0.67","0.1","52.82","89.95","14.45","79.8","3.88","59.26","0.08","0.19","0.29","8.76","83.06","1.67","37.14","0.33","7.7","80.75","","","0","0","","",""
"Rui Modesto","Sweden 1.","AIK","RW","26","2000000","2029-06-30","20","1879","6","3.75","7","4.61","Angola","right","180","6.51","5.56","57.76","5.13","29.91","0.19","3.53","0.29","0.18","0.1","29","1.39","37.93","20.69","3.69","42.86","1.58","57.58","6.47","32.59","4.65","1.53","0.43","27.83","72.12","6.61","58.7","2.35","55.1","0.22","0.1","1.01","2.11","70.45","3.16","45.45","1.2","4.74","67.68","","","0","0","","",""
"J. Baffo","Sweden 1.","Halmstad","LCB, RCB","33","450000","2025-12-31","24","1879","1","0.64","1","0.2","Ghana","right","183","8.24","4.17","65.52","3.21","52.24","0.91","5.29","0.05","0.03","0","6","0.29","33.33","16.667","0.19","0","0.1","100","0.86","38.89","0.57","0.24","0","37.89","85.08","15.76","73.86","5.41","51.33","0.01","0.1","0.05","4.89","59.8","0.48","20","0.14","7.04","65.99","","","0","0","","",""
"G. Henriksson","Sweden 1.","Elfsborg","CB, LCB, RCB","27","600000","2027-06-30","21","1878","0","0.64","0","0.26","Sweden","right","188","8.82","4.74","72.73","4.27","56.18","1.29","5.15","0","0.03","0","6","0.29","33.33","0","0","0","0","0","0.62","30.77","0.34","0.1","0.1","37.04","93.27","10.69","84.3","2.68","60.71","0.01","0","0","3.12","75.38","0.29","50","0.05","4.65","75.26","","","0","0","","",""
"T. Santos","Sweden 1.","IFK Göteborg","RB, RWF, RW","27","1200000","2026-06-30","20","1874","2","1.39","4","2.06","Denmark","right","178","8.45","7.11","70.95","1.2","52","0.1","3.89","0.1","0.07","0","29","1.39","27.59","6.897","4.03","32.14","4.37","57.14","9.27","38.86","3.27","2.88","1.06","27.76","75.09","7.06","68.03","1.54","46.88","0.1","0.14","0.48","1.78","62.16","3.17","43.94","0.96","4.27","64.04","","","0","0","","",""
"E. Edh","Sweden 1.","AIK","LB, LWB","23","1200000","2027-12-31","22","1849","3","0.73","0","0.54","Norway","right","181","11.34","8.47","68.97","2.82","53.45","0.24","5.84","0.15","0.04","0","10","0.49","30","30","1.56","37.5","1.36","57.14","4.33","40.45","1.22","1.41","0.44","40.4","80.84","16.4","72.11","5.45","42.86","0.03","0.1","0.1","5.65","59.48","2.14","43.18","0.49","7.3","69.33","","","0","0","","",""
"S. Ohlsson","Sweden 1.","IFK Göteborg","RB","32","500000","","26","1845","1","1.43","1","1.82","Sweden","right","184","9.41","8.88","58.24","2.63","35.19","0.29","5.16","0.05","0.07","0","13","0.63","15.38","7.692","1.41","24.14","0.98","75","5.66","42.24","1.76","0.98","0.05","26.63","76.19","10.78","67.42","3.27","50.75","0.09","0.1","0.39","3.95","60.49","2.29","57.45","1.22","5.56","73.68","","","0","0","","",""
"D. Salihović","Sweden 1.","IFK Norrköping","RB","23","250000","2026-12-31","25","1843","0","0.22","0","0.24","Sweden","right","178","10.06","9.72","55.78","1.66","35.29","0.29","5.09","0","0.01","0","6","0.29","0","0","1.42","24.14","1.9","56.41","8.59","35.23","0.83","1.95","0.44","44.44","85.6","14.5","74.41","3.52","47.22","0.01","0.2","0.2","4.88","66","1.76","36.11","0.39","6.15","67.46","","","0","0","","",""
"V. Bergh","Sweden 1.","Djurgården","LB","26","500000","2027-12-31","22","1829","2","1.91","3","2.82","Sweden","left","172","8.07","5.86","59.66","2.46","50","0.2","5.26","0.1","0.09","0","17","0.84","35.29","11.765","1.67","50","1.18","50","4.63","43.62","1.38","0.98","0.34","31.64","79.78","10.28","66.51","1.77","36.11","0.14","0.05","0.39","2.66","74.07","1.87","63.16","0.44","5.41","63.64","","","0","0","","",""
"I. Pettersson","Sweden 1.","Elfsborg","GK","28","500000","2026-12-31","19","1825","0","0","0","0","Sweden","left","181","1.23","0","0","0.49","80","0","1.39","0","0","0","0","0","0","0","0","0","0","0","0.05","100","0","0","0","22.78","81.39","12.43","67.86","10.45","61.32","0","0","0","3.95","53.75","0.35","14.29","0.05","7.4","78.67","1.53","3.75","59.21","0.94","-11.95","-0.589","1.28"
"F. Adjei","Sweden 1.","Värnamo","RW, CF, RWF","21","0","2029-12-31","27","1823","0","1.98","4","2.18","Ghana","right","177","4.94","4.59","61.29","0.69","7.14","0.2","2.25","0","0.1","0","30","1.48","30","0","4.74","28.13","6.17","58.4","13.18","45.69","2.27","3.75","1.28","34.36","71.26","10.32","64.59","2.72","32.73","0.11","0.74","0.64","4.3","64.37","4.79","45.36","1.28","6.81","77.54","","","0","0","","",""
"S. Thern","Sweden 1.","Värnamo","CF, LCMF, AMF","33","350000","2027-12-31","23","1808","3","2.52","1","2.08","Sweden","right","181","4.28","3.29","72.73","2.14","39.53","0.1","2.19","0.15","0.13","0","24","1.19","29.17","12.5","1.74","51.43","1.84","56.76","5.72","42.61","1.64","2.24","0.5","39.33","78.73","12.84","64.73","4.68","46.81","0.1","0.25","0.25","6.37","55.47","3.48","45.71","0.8","6.57","80.3","","","0","0","","",""
"J. Erabi","Sweden 1.","Hammarby","CF","22","3000000","2029-06-30","23","1806","8","7.24","2","1.8","Sweden","right","183","3.14","1.84","48.65","5.63","25.66","0.2","3.28","0.4","0.36","0.2","37","1.84","43.24","21.622","0.15","0","1.4","46.43","11.41","23.14","3.14","0.65","0","12.41","82.73","1.25","68","0.35","57.14","0.09","0.05","0.25","0.55","81.82","0.4","37.5","0.4","1","50","","","0","0","","",""
"A. Eriksson","Sweden 1.","IFK Norrköping","RCB, LCB, RB","25","1000000","2026-12-31","24","1800","0","0.45","0","0.15","Sweden","right","188","8.35","4.9","76.53","4.2","42.86","0.65","5.24","0","0.02","0","5","0.25","0","0","0.15","66.67","0.25","40","1.8","27.78","0.55","0.8","0.25","49.4","89.98","18.1","79.56","5.75","61.74","0.01","0.1","0.05","4.65","73.12","0.55","45.45","0.2","6.95","69.06","","","0","0","","",""
"P. Abraham","Sweden 1.","IFK Göteborg","LW, LAMF, LWF","23","1200000","2028-12-31","22","1797","7","4.87","0","2.35","Sweden","right","176","8.81","8.51","59.41","1.85","35.14","0.1","4.77","0.35","0.24","0","51","2.55","43.14","13.725","3.31","24.24","7.06","53.9","14.47","42.91","4.31","3.06","0.45","26.14","73.56","8.01","63.75","0.95","47.37","0.12","0.2","0.3","2.2","63.64","3.51","51.43","1.4","4.56","71.43","","","0","0","","",""
"Z. Inoussa","Sweden 1.","Häcken","LWF, LW, LAMF","23","2000000","2030-06-30","22","1787","6","4.19","2","2.88","Sweden","right","177","5.89","6.14","52.46","1.01","20","0","3.49","0.3","0.21","0.05","37","1.86","40.54","16.216","2.42","18.75","6.55","56.92","15.06","43.14","5.54","3.63","1.01","31.78","83.04","6.55","73.85","0.65","53.85","0.15","0.1","0.55","1.66","81.82","2.67","56.6","2.42","3.98","68.35","","","0","0","","",""
"T. Bazoumana","Sweden 1.","Hammarby","LAMF, LW, LWF","19","0","2029-06-30","23","1783","9","4.77","2","3.13","Côte d'Ivoire","left","175","6.66","6.01","63.03","1.97","25.64","0.1","4.13","0.45","0.24","0.15","37","1.87","51.35","24.324","4.54","25.56","6.81","60","13.68","47.97","4.19","4.44","1.77","30.39","75.75","4.19","56.63","0.96","42.11","0.16","0.25","0.61","1.01","60","4.04","43.75","1.21","3.43","69.12","","","0","0","","",""
"A. Carlén","Sweden 1.","IFK Göteborg","LCB, LDMF, RCMF","25","900000","2027-06-30","27","1761","0","1.59","0","0.19","Sweden","right","193","10.27","8.28","63.58","7.82","47.06","0.31","6.11","0","0.08","0","18","0.92","33.33","0","0.61","41.67","1.23","79.17","5.37","50.48","0.97","0.61","0.15","43.44","80.35","17.79","65.8","5.67","49.55","0.01","0.1","0.05","6.7","54.96","1.84","38.89","0.41","6.24","65.57","","","0","0","","",""
"A. Linde","Sweden 1.","Häcken","GK","32","600000","2026-12-31","18","1756","0","0","0","0","Sweden","right","200","1.03","0","0","0.41","87.5","0","1.44","0","0","0","0","0","0","0","0","0","0","0","0.1","50","0","0","0","25.17","89.82","13.17","82.1","5.84","65.79","0","0.05","0","1.18","39.13","0.05","0","0","4.66","70.33","1.59","4.82","67.02","1.63","0.77","0.039","1.18"
"R. Wendin Thomasson","Sweden 1.","GAIS","LB","26","0","2028-12-31","25","1750","0","0.61","7","4.37","Sweden","left","185","7.92","5.3","62.14","2.47","50","0.36","4.83","0","0.03","0","17","0.87","23.53","0","2.11","31.71","1.65","59.38","3.6","47.14","0.36","2.01","0.67","38.16","80.59","13.01","61.26","4.89","34.74","0.22","0.05","0.26","4.17","48.15","2.16","40.48","0.41","5.19","56.44","","","0","0","","",""
"A. Zeneli","Sweden 1.","Elfsborg","LW, LAMF, RW","30","2000000","2027-12-31","27","1735","5","3.75","7","4.72","Sweden","right","176","4.62","4.98","59.38","0.99","15.79","0.1","1.63","0.26","0.19","0","39","2.02","38.46","12.821","2.75","32.08","5.71","54.55","11.78","35.68","3.32","2.44","0.57","29.2","76.38","7","65.93","1.76","55.88","0.24","0.36","0.67","1.82","68.57","4.05","55.13","1.92","4.51","79.31","","","0","0","","",""
"G. Norlin","Sweden 1.","IFK Göteborg","CF, RAMF, LAMF","28","600000","2026-06-30","26","1733","4","2.04","0","1.1","Sweden","left","183","5.19","4.36","65.48","3.58","33.33","0.05","2.7","0.21","0.11","0.05","12","0.62","58.33","33.333","1.97","26.32","1.19","52.17","5.35","37.86","3.06","0.88","0.16","18.02","70.61","4.62","59.55","1.04","55","0.06","0.05","0.05","0.99","73.68","1.61","48.39","0.68","2.7","67.31","","","0","0","","",""
"A. Henriksson","Sweden 1.","GAIS","RCMF","23","0","2029-06-30","26","1732","8","4.17","2","1.75","Sweden","right","189","8.57","6.76","54.62","4.42","51.76","0.42","4.59","0.42","0.22","0.16","33","1.71","60.61","24.242","3.01","31.03","2.44","74.47","6.03","45.69","4.36","1.2","0.16","27.02","71.15","8.26","66.04","1.97","42.11","0.09","0.1","0.42","3.53","66.18","2.6","52","1.3","5.09","72.45","","","0","0","","",""
"M. Karlsson","Sweden 1.","Hammarby","RDMF, RCMF","21","0","2029-12-31","25","1727","0","0.73","2","1.34","Sweden","right","187","8.6","6.83","74.81","1.46","39.29","0.05","4.89","0","0.04","0","7","0.36","14.29","0","0.63","41.67","0.89","52.94","4.27","43.9","1.09","1.77","0.47","49.92","91.34","11.88","84.65","0.89","47.06","0.07","0.1","0.36","4.22","96.3","1.04","45","0.52","4.06","70.51","","","0","0","","",""
"A. Trondsen","Sweden 1.","IFK Göteborg","LB","30","300000","2026-06-30","26","1725","0","0.73","2","1.66","Norway","left","183","8.3","5.9","67.26","2.66","60.78","0.16","5.3","0","0.04","0","10","0.52","10","0","2.45","44.68","1.88","47.22","4.64","39.33","1.1","1.93","0.16","34.33","79.64","13.88","71.43","4.85","59.14","0.09","0.05","0.21","4.28","67.07","2.35","48.89","0.26","7.2","65.22","","","0","0","","",""
"J. Une-Larsson","Sweden 1.","Djurgården","LCB, RCB","31","700000","2026-12-31","22","1717","0","0.94","0","0","Sweden","right","181","10.17","6.39","72.95","4.25","64.2","0.42","6.33","0","0.05","0","5","0.26","20","0","0.16","33.33","0.05","100","0.68","46.15","0.68","0.21","0","54.25","89.37","22.12","80.33","6.71","52.34","0","0","0","6.92","68.18","0.63","33.33","0.21","8.65","67.27","","","0","0","","",""
"F. Christensen","Sweden 1.","Brommapojkarna","LWB, LB, LW","23","500000","2026-12-31","25","1715","2","1.96","5","3.56","Denmark","left","180","5.88","5.35","66.67","1.42","29.63","0.05","2.37","0.1","0.1","0.05","13","0.68","53.85","15.385","5.72","44.04","1.26","50","2.99","40.35","1.99","1.1","0.26","33.22","77.57","7.29","71.22","2.15","29.27","0.19","0.05","0.94","2.52","75","4.72","52.22","0.84","6.77","74.42","","","0","0","","",""
"Lamine Fanne Dabo","Sweden 1.","AIK","DMF, LCMF, RCMF","21","0","2029-06-30","20","1708","0","1.84","3","1.13","Senegal","right","185","7.8","6.22","64.41","2.74","42.31","0.42","4.28","0","0.1","0","13","0.69","23.08","0","0.21","75","2.32","59.09","6.9","53.44","1.21","1.32","0.16","39.26","85.1","10.06","70.68","1.95","54.05","0.06","0.11","0.26","4.64","71.59","0.84","50","0.58","4.27","64.2","","","0","0","","",""
"E. Grozdanić","Sweden 1.","Värnamo","LCB, LB","26","600000","2025-12-31","20","1705","0","0.63","1","0.74","Sweden","left","184","8.34","5.44","71.84","2.32","31.82","0.53","4.84","0","0.03","0","15","0.79","20","0","1.53","24.14","0.42","100","1.69","62.5","0.53","1","0.05","57.43","85.94","23.91","78.81","6.91","45.8","0.04","0","0.11","7.5","69.72","1.58","33.33","0.21","9.71","72.83","","","0","0","","",""
"J. Widell Zetterström","Sweden 1.","Djurgården","GK","27","2500000","2027-06-30","17","1705","0","0","0","0","Sweden","right","197","1.9","0.16","66.67","0.58","81.82","0","2.17","0","0","0","0","0","0","0","0","0","0.05","100","0.16","100","0","0","0","15.57","83.39","8.92","73.96","5.17","58.16","0","0","0","1.85","45.71","0.11","0","0","3.7","67.14","0.84","2.96","71.43","0.82","-0.47","-0.025","2.32"
"S. Leach Holm","Sweden 1.","Häcken","RDMF, LDMF, DMF","28","1000000","2027-12-31","26","1700","3","0.83","2","1.52","Sweden","right","185","7.99","7.25","66.42","1.54","55.17","0.11","4.1","0.16","0.04","0","31","1.64","29.03","9.677","1.64","25.81","0.48","88.89","3.71","45.71","0.58","1.11","0.05","74.54","87","21.07","76.13","7.78","59.18","0.08","0.16","0.21","11.33","67.29","2.65","42","0.9","10.43","80.2","","","0","0","","",""
"J. Allansson","Sweden 1.","Halmstad","LCMF, RCMF","33","250000","2025-12-31","28","1689","0","0.55","0","0.65","Sweden","right","174","7.3","7.14","54.48","1.07","35","0.11","3.16","0","0.03","0","11","0.59","9.09","0","0.43","50","0.27","80","2.4","40","0.53","0.21","0.11","28.83","85.77","7.46","75","3.36","69.84","0.03","0.05","0.21","4.05","76.32","0.85","56.25","0.32","3.94","70.27","","","0","0","","",""
"D. Stensson","Sweden 1.","Djurgården","RDMF, LDMF, LCMF","28","200000","2027-12-31","23","1689","0","0.27","2","1.85","Sweden","left","178","8.47","9.06","59.41","1.97","40.54","0.27","3.4","0","0.01","0","12","0.64","8.33","0","1.97","24.32","0.69","38.46","4.9","46.74","0.32","1.17","0.11","58.19","85.44","15.19","71.58","4.16","42.31","0.1","0.43","0.32","7.94","73.15","2.98","41.07","0.64","8.15","72.55","","","0","0","","",""
"G. Eyjólfsson","Sweden 1.","Halmstad","RW, RCMF, RWF","31","250000","2026-12-31","27","1687","1","1.51","2","1.23","Iceland","right","180","7.68","7.31","56.93","1.76","42.42","0.05","3.42","0.05","0.08","0","20","1.07","15","5","1.44","40.74","2.24","47.62","6.83","35.16","1.12","0.91","0.16","23.42","77.45","6.51","63.93","1.49","28.57","0.07","0.16","0.16","2.29","72.09","1.55","48.28","0.48","3.2","61.67","","","0","0","","",""
"V. Eriksson","Sweden 1.","Hammarby","LCB, RCB","25","800000","2028-12-31","17","1677","0","1.67","0","0","Sweden","right","192","9.45","6.76","78.57","4.72","61.36","0.27","6.13","0","0.09","0","8","0.43","50","0","0.16","33.33","0.16","33.33","1.56","44.83","0.54","0.54","0.05","56.08","90.53","20.77","81.4","3.27","29.51","0","0","0","5.04","68.09","0.43","25","0.05","6.33","63.56","","","0","0","","",""
"O. Jansson","Sweden 1.","Djurgården","GK","34","250000","2025-12-31","18","1675","0","0","0","0","Sweden","right","187","1.67","0.16","66.67","0.38","100","0","1.86","0","0","0","0","0","0","0","0","0","0","0","0.05","100","0","0","0","17.09","86.16","9.3","75.72","5.96","65.77","0","0","0","1.45","66.67","0.11","0","0","4.89","69.23","1.99","4.84","58.89","1.77","-4.1","-0.22","0.97"
"P. Nwadike","Sweden 1.","Sirius","RCB","27","350000","2027-06-30","22","1675","0","0.92","0","0","Sweden","right","190","9.13","5.75","71.03","5.05","56.38","0.75","6.69","0","0.05","0","9","0.48","11.11","0","0","0","0.75","71.43","3.17","55.93","0.7","0.81","0.11","49.7","90.92","18.05","82.14","4.24","58.23","0","0","0","4.19","70.51","0.16","66.67","0.05","5.86","67.89","","","0","0","","",""
"M. Olsson","Sweden 1.","Halmstad","LCB","37","100000","2025-12-31","22","1674","1","0.8","0","0.02","Sweden","left","180","6.83","4.09","67.11","4.52","44.05","0.43","3.97","0.05","0.04","0","14","0.75","42.86","7.143","0.38","14.29","0.05","100","0.91","35.29","0.86","0.22","0","38.87","86.72","15.38","73.08","5.43","57.43","0","0.05","0","5.54","59.22","0.75","28.57","0.16","6.83","73.23","","","0","0","","",""
"K. Barslund","Sweden 1.","Brommapojkarna","RCB, LB, LCB","21","350000","2027-06-30","22","1640","1","0.65","0","0.14","Denmark","right","182","8.51","5.49","66","2.3","50","0.6","5.23","0.05","0.04","0","4","0.22","50","25","0.49","22.22","1.21","68.18","2.96","51.85","0.6","0.88","0.11","56.85","89.48","19.92","80.72","5.38","61.22","0.01","0.16","0.05","6.42","79.49","1.1","40","0.22","8.45","64.94","","","0","0","","",""
"T. Ali","Sweden 1.","Malmö FF","LAMF, RAMF, RW","27","1800000","2026-12-31","28","1627","1","4.49","7","4.3","Sweden","right","174","5.14","5.26","64.21","0.22","0","0.06","2.82","0.06","0.25","0","36","1.99","33.33","2.778","2.99","27.78","9.96","59.44","18.09","45.87","6.86","7.85","2.1","37.28","78.93","8.08","69.18","0.66","33.33","0.24","0.39","0.72","1.27","78.26","4.92","67.42","3.65","4.76","76.74","","","0","0","","",""
"H. Magnusson","Sweden 1.","Västerås SK","RCB, LCB, LCMF","27","400000","2025-12-31","18","1627","1","0.56","0","0.48","Sweden","right","183","9.68","7.08","62.5","1.49","37.04","0.44","6.29","0.06","0.03","0","11","0.61","27.27","9.091","1.16","66.67","0.5","66.67","2.49","51.11","0.44","0.44","0","66.44","89.01","29.48","82.36","8.68","66.24","0.03","0.11","0.11","12.67","79.48","2.32","52.38","0.44","15.49","85.71","","","0","0","","",""
"J. Trenskow","Sweden 1.","Kalmar","RWF, RAMF, CF","25","1800000","2028-06-30","17","1617","5","4.43","7","4.78","Denmark","right","178","4.62","3.9","62.86","1.5","25.93","0.11","2.64","0.28","0.25","0","35","1.95","42.86","14.286","1.34","33.33","2.89","57.69","7.12","41.41","3.01","1.67","0.95","21.04","78.84","4.01","66.67","0.72","61.54","0.27","0.22","0.61","1","66.67","1.73","64.52","1.22","2.62","57.45","","","0","0","","",""
"F. Hammar","Sweden 1.","Hammarby","LDMF, RDMF, DMF","24","1200000","2028-06-30","25","1617","0","0.43","0","0.35","Sweden","right","175","14.3","10.3","68.11","2.95","73.58","0.45","9.23","0","0.02","0","12","0.67","16.67","0","0.78","14.29","0.61","81.82","6.57","55.93","0.33","0.56","0.17","58.05","86.29","19.42","75.36","4.12","48.65","0.02","0.06","0.11","8.07","76.55","1.45","30.77","0.33","7.96","66.43","","","0","0","","",""
"J. Fagerjord","Sweden 1.","GAIS","DMF","27","300000","2026-12-31","23","1598","0","0.57","0","0.94","Sweden","left","188","7.15","4.67","62.65","1.46","38.46","0.39","4.24","0","0.03","0","6","0.34","33.33","0","0.62","72.73","0.23","75","2.7","50","0.62","0.62","0.17","47.08","88.76","13.18","79.06","3.72","69.7","0.05","0.11","0.17","6.42","80.7","1.13","60","0.56","6.48","69.57","","","0","0","","",""
"A. Calisir","Sweden 1.","Brommapojkarna","CB, RCB, LCB","35","150000","2025-12-31","24","1592","0","0.52","0","0.13","Sweden","right","187","11.25","7.18","70.08","2.88","50.98","0.73","6.65","0","0.03","0","6","0.34","16.67","0","0.11","0","0.23","50","2.15","31.58","0.51","0.34","0.11","50.71","92.08","12.72","79.56","4.18","66.22","0.01","0","0.06","4.69","75.9","0.57","50","0.4","5.94","71.43","","","0","0","","",""
"J. Kalu","Sweden 1.","Värnamo","CF, LWF","28","0","2028-06-30","22","1591","7","8.58","1","2.31","Nigeria","right","182","4.24","4.81","61.18","2.43","20.93","0.11","1.47","0.4","0.49","0.06","46","2.6","43.48","15.217","1.41","12","4.19","52.7","11.65","38.35","4.75","2.04","0.28","15.44","67.03","3.56","63.49","0.4","42.86","0.13","0.23","0.4","1.36","58.33","1.36","50","1.19","1.64","58.62","","","0","0","","",""
"A. Jakobsen","Sweden 1.","Brommapojkarna","LW, CF, LAMF","26","0","2030-06-30","18","1582","2","3.58","6","4.92","Denmark","right","185","6.2","5.75","61.39","2.33","34.15","0.06","2.54","0.11","0.2","0","44","2.5","31.82","4.545","4.1","36.11","6.71","50","15.64","39.27","4.66","4.32","0.97","34.3","78.44","6.66","72.65","1.71","66.67","0.28","0.17","0.91","3.07","68.52","4.15","53.42","1.65","5.29","78.49","","","0","0","","",""
"T. Ouma","Sweden 1.","Elfsborg","RCMF, LCMF","21","0","2029-06-30","23","1575","1","0.91","1","0.79","Kenya","right","183","10.34","8.69","63.16","2.06","50","0.06","4.85","0.06","0.05","0","19","1.09","15.79","5.263","1.31","30.43","1.66","65.52","5.31","39.78","0.4","0.74","0.17","33.66","79.29","11.54","68.81","3.66","62.5","0.05","0.4","0.34","7.37","75.19","2.17","47.37","0.63","7.03","73.17","","","0","0","","",""
"A. Johansson","Sweden 1.","Halmstad","CB, RCB","43","125000","","17","1565","0","0.17","0","0","Sweden","right","184","9.95","4.03","57.14","2.19","44.74","1.09","7.37","0","0.01","0","3","0.17","0","0","0.17","33.33","0.23","100","0.92","62.5","0.12","0.58","0.12","43.42","89.14","14.78","81.71","4.49","61.54","0","0","0","4.26","72.97","0.52","55.56","0.29","5.87","62.75","","","0","0","","",""
"T. Prica","Sweden 1.","IFK Norrköping","CF, AMF","23","1200000","2027-12-31","26","1562","4","6.08","3","2.55","Sweden","left","183","4.67","5.7","54.55","3","42.31","0","1.66","0.23","0.35","0","53","3.05","28.3","7.547","1.84","37.5","2.77","43.75","9.05","31.21","3.11","1.21","0.12","14.06","68.44","3.11","44.44","0.92","50","0.15","0.23","0.29","1.84","53.13","1.56","48.15","0.58","2.02","74.29","","","0","0","","",""
"E. Bishesari","Sweden 1.","IFK Göteborg","GK","20","0","2027-12-31","16","1551","0","0","0","0","Sweden","left","0","1.68","0.17","33.33","0.7","91.67","0","2.12","0","0","0","0","0","0","0","0","0","0","0","0.06","100","0","0","0","26.34","90.97","12.71","82.19","6.21","64.49","0","0","0","2.09","41.67","0.17","0","0","4.29","78.38","1.28","3.89","67.16","1.13","-2.6","-0.151","1.68"
"A. Baldursson","Sweden 1.","Elfsborg","LCMF, LDMF, RCMF","23","1800000","2028-06-30","24","1539","0","0.38","0","0.77","Iceland","right","187","11.05","9.18","68.79","3.51","63.33","0.29","4.91","0","0.02","0","12","0.7","8.33","0","0.64","18.18","1.35","60.87","4.04","49.28","0.47","0.58","0","32.05","78.83","12.16","65.87","5.61","43.75","0.05","0.29","0.18","7.6","68.46","1.7","27.59","0.64","7.13","74.59","","","0","0","","",""
"M. Steinwender","Sweden 1.","Värnamo","RCB, CB","25","300000","2028-05-31","17","1538","1","0.46","0","0.17","Austria","right","190","10.3","4.27","63.01","4.97","67.06","0.99","8.91","0.06","0.03","0.06","5","0.29","40","20","0.06","0","0.23","50","0.88","60","0.82","0.64","0","57.76","89.87","21.65","77.57","4.1","41.43","0.01","0","0","5.91","72.28","0.53","22.22","0.18","8.6","68.03","","","0","0","","",""
"D. Ask","Sweden 1.","Västerås SK","RCMF, LWB","26","400000","2027-12-31","18","1534","0","1.05","1","1.83","Sweden","right","0","5.81","5.28","62.22","0.82","42.86","0.06","3.14","0","0.06","0","13","0.76","30.77","0","3.7","30.16","1.23","38.1","4.46","36.84","1.41","1.82","0.18","53.98","85.43","14.78","77.38","6.51","63.06","0.11","0.18","0.41","9.15","77.56","4.58","38.46","1.06","9.04","88.31","","","0","0","","",""
"S. Peña","Sweden 1.","Malmö FF","RCMF, RDMF","30","0","2028-12-31","21","1526","1","1.41","2","2.02","Peru","right","178","8.85","8.26","58.57","1.83","45.16","0","5.33","0.06","0.08","0","29","1.71","27.59","3.448","1.95","45.45","1.12","52.63","5.6","37.89","0.77","0.59","0.12","85.99","87.31","28.72","75.98","7.55","53.91","0.12","0.53","0.41","16.93","74.22","3.3","41.07","0.65","12.92","83.56","","","0","0","","",""
"J. Karlsson","Sweden 1.","Kalmar","LB, RB, RWB","24","450000","2028-12-31","17","1516","0","0.39","1","1.31","Sweden","right","172","9.62","7.06","69.75","1.48","40","0.18","5.47","0","0.02","0","8","0.47","12.5","0","2.2","56.76","1.84","58.06","4.99","40.48","0.71","1.42","0.06","41.91","82.86","14.84","68.8","3.68","58.06","0.08","0.24","0.3","4.04","75","2.79","59.57","0.59","7.96","64.18","","","0","0","","",""
"S. Dahl","Sweden 1.","Djurgården","LB","22","0","2029-06-30","15","1504","0","0.23","1","3.65","Sweden","left","174","12.27","10.05","67.86","1.62","37.04","0.12","6.55","0","0.01","0","6","0.36","16.67","0","3.29","36.36","2.21","64.86","6.58","50.91","1.38","2.15","0.9","51.46","83.37","17.41","79.04","3.11","44.23","0.22","0.06","0.48","5.68","72.63","3.47","48.28","0.78","9.45","72.78","","","0","0","","",""
"M. Çelik","Sweden 1.","GAIS","LWF","35","125000","","26","1500","0","2.56","2","1.32","Sweden","right","178","4.98","5.16","50","2.28","26.32","0.12","1.92","0","0.15","0","28","1.68","39.29","0","1.98","30.3","2.64","36.36","7.02","28.21","2.94","1.26","0.18","18.96","81.01","4.2","65.71","1.08","44.44","0.08","0.06","0.36","1.44","70.83","2.28","39.47","0.78","2.46","73.17","","","0","0","","",""
"A. Motaraghebjafarpour","Sweden 1.","Kalmar","RB, RCB, LB","22","400000","2025-12-31","23","1500","0","1.43","1","0.59","Sweden","right","183","8.46","7.56","62.7","2.16","50","0.3","4.05","0","0.09","0","14","0.84","21.43","0","1.86","22.58","1.62","44.44","4.2","41.43","1.32","1.14","0.36","47.28","83.63","14.16","72.46","4.26","56.34","0.04","0","0.12","3.72","75.81","1.74","37.93","0.6","7.32","55.74","","","0","0","","",""
"J. Brattberg","Sweden 1.","Västerås SK","GK","28","250000","2027-12-31","15","1500","0","0","0","0","Sweden","right","198","2.46","0.06","100","0.48","62.5","0","3.13","0","0","0","0","0","0","0","0","0","0","0","0","0","0","0","0","23.22","86.05","12.6","75.71","8.76","64.38","0","0","0","2.58","74.42","0.06","0","0","7.38","73.17","1.38","4.74","70.89","1.4","0.32","0.019","2.28"
"A. Layouni","Sweden 1.","Häcken","RWF, RW","33","800000","2026-12-31","19","1499","6","4.97","2","1.77","Sweden","right","191","3.96","4.08","63.24","1.32","40.91","0.06","1.8","0.36","0.3","0","39","2.34","41.03","15.385","4.5","16","5.7","58.95","9.91","49.09","4.74","2.34","0.66","23.24","70.8","3.42","61.4","0.66","36.36","0.11","0.18","0.3","0.48","50","3.66","39.34","1.08","2.34","82.05","","","0","0","","",""
"A. Björnström","Sweden 1.","AIK","LB","30","350000","2027-12-31","24","1499","0","0.36","0","0.39","Sweden","left","176","7.26","6.12","62.75","1.44","50","0.18","3.84","0","0.02","0","10","0.6","20","0","1.8","16.67","2.22","43.24","5.22","31.03","1.38","1.38","0.66","36.56","83.09","12.79","71.36","2.94","42.86","0.02","0.12","0.12","2.76","78.26","1.74","37.93","0.66","6.12","58.82","","","0","0","","",""
"G. Granath","Sweden 1.","Västerås SK","RCB, LCB","28","500000","2027-06-30","16","1498","0","1.03","0","0.98","Sweden","right","191","8.71","5.53","69.57","4.15","66.67","0.6","6.45","0","0.06","0","8","0.48","62.5","0","0.54","66.67","0.18","100","1.8","43.33","1.02","0.78","0.06","49.81","87.33","22.65","79.05","7.39","66.67","0.06","0","0.12","9.19","75.16","1.2","60","0.42","9.91","75.15","","","0","0","","",""
"A. Fagerström","Sweden 1.","Västerås SK","GK","34","275000","2026-12-31","15","1495","0","0","0","0","Sweden","right","185","1.26","0.12","50","0.24","100","0","1.44","0","0","0","0","0","0","0","0","0","0","0","0.06","100","0","0","0","18.9","90.76","8.13","79.26","4.82","65","0","0","0","1.02","76.47","0","0","0","3.97","71.21","1.2","4.33","72.22","1.31","1.84","0.111","1.26"
"T. Erlandsson","Sweden 1.","Halmstad","GK","28","300000","2025-12-31","15","1488","0","0","0","0","Sweden","right","194","1.63","0.06","100","0.79","84.62","0","1.52","0","0","0","0","0","0","0","0","0","0.06","100","0.18","66.67","0","0","0","13.79","75.88","9.31","66.23","7.26","60.83","0","0","0","2.3","44.74","0.06","0","0","5.5","73.63","1.63","5.26","68.97","1.57","-1.05","-0.064","2.6"
"J. Rasheed","Sweden 1.","Värnamo","GK","33","200000","","15","1484","0","0","0","0","Sweden","right","191","1.03","0.06","100","0.42","71.43","0","1.16","0","0","0","0","0","0","0","0","0","0","0","0.12","100","0","0","0","17.04","78.65","10.8","66.85","6.73","47.75","0","0","0","1.03","41.18","0.06","0","0","5.34","55.68","1.27","4","68.18","1.3","0.48","0.029","0.85"
"P. Åslund","Sweden 1.","Djurgården","LCMF, AMF, RCMF","23","900000","2028-12-31","21","1483","3","3.42","1","1.46","Sweden","right","183","6.43","7.04","56.03","0.61","20","0.18","3.17","0.18","0.21","0.06","36","2.18","30.56","8.333","1.52","32","3.7","59.02","8.13","42.54","2.85","1.94","0.85","36.23","77.39","9.53","66.24","2.55","45.24","0.09","0.24","0.61","4.31","64.79","1.76","37.93","0.67","4.55","64","","","0","0","","",""
"V. Andersson","Sweden 1.","Värnamo","GK","21","0","2027-06-30","15","1469","0","0","0","0","Sweden","right","189","1.53","0.06","100","0.12","100","0","1.66","0","0","0","0","0","0","0","0","0","0","0","0","0","0","0","0","20.28","83.99","10.17","71.08","5.64","52.17","0","0","0","0.74","58.33","0.06","0","0","4.59","50.67","1.16","3.98","70.77","1.15","-0.19","-0.012","0.86"
"W. Hahn","Sweden 1.","Hammarby","GK","33","350000","2027-12-31","15","1468","0","0","0","0","Netherlands","right","190","1.59","0.12","100","0.43","100","0","2.12","0","0","0","0","0","0","0","0","0","0","0","0.06","100","0","0","0","18.51","79.47","11.77","71.88","6.87","51.79","0","0","0","2.7","45.45","0.18","0","0","5.27","61.63","0.49","3.43","85.71","0.84","5.77","0.354","1.53"
"T. Rönning","Sweden 1.","Halmstad","GK","26","350000","2027-12-31","15","1458","0","0","0","0","Sweden","right","201","3.58","0.06","100","0.86","100","0","3.47","0","0","0","0","0","0","0","0","0","0","0","0","0","0","0","0.06","13.83","73.66","11.3","68.85","9.07","62.59","0","0","0","3.77","63.93","0.12","0","0","6.36","84.47","1.42","4.69","69.74","1.46","0.62","0.038","2.04"
"B. Ingason","Sweden 1.","Halmstad","CF, LW, AMF","28","225000","2025-12-31","26","1457","4","3.26","0","1","Iceland","right","186","3.64","3.34","57.41","2.16","14.29","0.06","1.59","0.19","0.2","0","32","1.98","31.25","12.5","1.85","36.67","5","58.02","12.66","38.05","2.53","1.61","0.37","17.36","77.58","3.15","72.55","0.68","72.73","0.06","0","0.25","1.11","66.67","1.17","63.16","0.37","2.35","71.05","","","0","0","","",""
"M. Neffati","Sweden 1.","IFK Norrköping","RW, RAMF","21","0","2026-12-31","16","1439","0","1.24","3","3.04","Sweden","right","182","9.63","8.01","59.38","3.56","33.33","0.19","5.01","0","0.08","0","13","0.81","23.08","0","2.88","34.78","3","60.42","12.82","32.68","1.81","0.88","0.19","29.52","72.03","8.44","57.04","2.19","48.57","0.19","0.25","0.69","3","56.25","3.63","41.38","0.94","5.88","64.89","","","0","0","","",""
"F. Winsth","Sweden 1.","Värnamo","RB, RWB","35","150000","2025-12-31","20","1436","0","0","0","1.26","Sweden","right","176","9.34","7.33","64.1","1.44","56.52","0.25","4.46","0","0","0","0","0","0","0","1.94","35.48","0.31","80","2.07","48.48","0.81","1","0.06","41.68","76.69","17.17","68.25","4.32","46.38","0.08","0.19","0.06","5.01","71.25","2.26","44.44","0.81","8.21","65.65","","","0","0","","",""
"M. Ahlinvi","Sweden 1.","Västerås SK","RWF, LWF, AMF","26","350000","","26","1433","3","3.82","2","2.83","France","left","183","5.34","6.66","52.83","2.01","50","0","2.11","0.19","0.24","0.06","35","2.2","37.14","8.571","2.32","37.84","4.08","56.92","9.61","37.25","3.83","2.45","0.75","29.2","85.81","6.85","82.57","0.75","66.67","0.18","0","0.44","2.89","84.78","1.76","64.29","0.69","2.83","77.78","","","0","0","","",""
"A. Youssef","Sweden 1.","Häcken","CF, LWF","25","400000","2027-05-31","23","1431","10","6.94","0","0.46","Tunisia","right","182","2.64","3.02","60.42","1.07","41.18","0.06","1.23","0.5","0.44","0.06","53","3.33","41.51","18.868","0.5","50","3.21","49.02","8.24","36.64","3.21","2.26","0.5","12.58","82","1.82","72.41","0.25","25","0.03","0.13","0.25","0.69","72.73","0.69","63.64","0.5","1.13","66.67","","","0","0","","",""
"S. Nanasi","Sweden 1.","Malmö FF","LW, LAMF, LCMF","23","8000000","2029-06-30","17","1427","6","4.52","9","6.18","Sweden","right","178","4.6","3.91","69.35","0.88","21.43","0","3.03","0.38","0.28","0","42","2.65","42.86","14.286","2.33","48.65","4.98","53.16","11.16","48.02","6.05","4.23","0.95","50.33","83.08","16.33","76.06","2.46","74.36","0.39","1.14","1.2","6.24","79.8","4.48","67.61","3.53","8.14","89.15","","","0","0","","",""
"C. Amatkarijo","Sweden 1.","GAIS","LWF, RWF","26","225000","2026-12-31","25","1423","1","2.81","1","1.21","Netherlands","right","175","4.81","5.06","61.25","1.39","13.64","0.06","1.83","0.06","0.18","0","25","1.58","32","4","2.09","27.27","3.54","51.79","7.02","36.94","2.72","1.45","0.63","15.12","76.99","2.97","80.85","0.19","66.67","0.08","0.06","0.38","0.89","78.57","1.58","56","0.57","1.83","82.76","","","0","0","","",""
"S. Johansson","Sweden 1.","Västerås SK","RWF, AMF","32","400000","2025-12-31","24","1423","1","2.38","3","4.07","Sweden","right","184","6.2","7.4","61.54","1.26","20","0.06","2.18","0.06","0.15","0","28","1.77","35.71","3.571","4.81","39.47","3.23","49.02","12.27","33.51","3.61","2.28","0.7","37.63","73.61","11.13","62.5","2.53","47.5","0.26","0.63","0.82","3.92","62.9","5.76","50.55","1.9","5.88","75.27","","","0","0","","",""
"I. Jagne","Sweden 1.","Mjällby","LW, RWF, LWF","22","425000","2028-12-31","26","1422","3","2.66","3","0.65","Sweden","right","184","4.87","5.82","54.35","1.27","25","0.13","2.05","0.19","0.17","0","30","1.9","30","10","1.9","26.67","5","44.3","13.67","37.5","1.9","3.16","1.33","27.41","74.36","8.35","63.64","1.58","36","0.04","0.57","0.32","2.85","66.67","2.97","42.55","0.76","4.62","65.75","","","0","0","","",""
"J. Karlström","Sweden 1.","IFK Göteborg","GK","28","700000","2025-12-31","14","1421","0","0","0","0","Norway","right","200","1.08","0.06","100","0.7","100","0","1.31","0","0","0","0","0","0","0","0","0","0","0","0.19","100","0","0","0","25.02","81.77","14.19","71.88","10.77","64.71","0","0","0","5.83","59.78","0.32","20","0.06","7.73","79.51","1.08","4.56","76.39","1.21","2.12","0.134","2.03"
"J. Abdulai","Sweden 1.","Elfsborg","CF, LWF","20","0","2028-12-31","24","1415","5","4.89","0","0.75","Ghana","right","186","3.94","5.72","44.44","5.22","29.27","0","1.54","0.32","0.31","0.06","33","2.1","33.33","15.152","2.1","24.24","4.64","57.53","11.96","37.77","3.5","1.65","1.02","11.07","56.9","1.84","62.07","0.89","57.14","0.05","0","0.32","1.14","61.11","1.65","50","0.83","1.59","68","","","0","0","","",""
"M. Lindberg","Sweden 1.","Sirius","AMF","25","400000","2028-06-30","26","1410","3","3.32","1","0.99","Denmark","right","181","7.79","8.43","55.3","2.62","46.34","0.06","4.05","0.19","0.21","0.06","40","2.55","35","7.5","1.15","50","2.11","51.52","7.72","33.06","2.49","0.96","0.26","32.55","82.16","8.43","65.91","1.47","52.17","0.06","0.13","0.38","4.4","69.57","2.3","58.33","0.83","4.53","74.65","","","0","0","","",""
"A. Thongla-Iad Warneryd","Sweden 1.","Västerås SK","RWB, LWB","20","0","2029-12-31","24","1407","0","0.38","3","2.53","Sweden","right","174","6.4","6.27","46.94","1.15","44.44","0.19","4.06","0","0.02","0","14","0.9","28.57","0","3.01","46.81","4.35","52.94","11.13","50.57","1.86","3.33","0.06","37.29","81.3","10.81","71.6","2.56","55","0.16","0.26","0.58","3.26","68.63","3.58","66.07","1.09","8.19","67.19","","","0","0","","",""
"I. Lushaku","Sweden 1.","IFK Norrköping","LCMF, LDMF","25","750000","2026-12-31","16","1397","1","0.82","0","0.88","Sweden","right","177","7.02","6.38","61.62","0.97","60","0.26","3.42","0.06","0.05","0","14","0.9","35.71","7.143","2.38","45.95","1.22","78.95","5.28","51.22","0.26","0.9","0.32","47.16","85.11","14.5","71.11","5.6","55.17","0.06","0.64","0.32","7.41","69.57","3.74","51.72","1.1","7.92","73.98","","","0","0","","",""
"H. Näsström","Sweden 1.","Värnamo","RCMF, LCMF","31","300000","2025-12-31","24","1393","1","1.08","1","0.81","Sweden","right","190","8.08","5.04","56.41","4.97","48.05","0.39","5.74","0.06","0.07","0.06","7","0.45","14.29","14.286","0","0","0.45","14.29","3.88","21.67","0.78","0.32","0.06","37.99","86.73","9.37","73.79","1.68","53.85","0.05","0.06","0.19","3.17","77.55","0.71","54.55","0.52","4.39","55.88","","","0","0","","",""
"H. Bolin","Sweden 1.","Malmö FF","LAMF, LW","22","0","2026-12-31","25","1392","10","5.97","1","1.22","Sweden","right","179","7.63","6.59","71.57","1.81","42.86","0.06","4.65","0.65","0.39","0","55","3.56","43.64","18.182","4.2","26.15","6.14","64.21","10.99","53.53","7.82","5.43","0.65","47.46","86.24","8.66","85.07","0.91","42.86","0.08","0.13","0.65","2.13","84.85","2.72","61.9","1.88","4.27","86.36","","","0","0","","",""
"L. Skjellerup","Sweden 1.","IFK Göteborg","CF","23","250000","2029-06-30","19","1385","4","4.47","0","0.63","Denmark","right","195","2.08","2.4","43.24","8.19","45.24","0","1.06","0.26","0.29","0","24","1.56","54.17","16.667","0.45","42.86","0.71","72.73","6.5","31","2.4","1.04","0.13","9.49","70.55","1.56","50","0.06","0","0.04","0","0.06","1.04","62.5","0.78","41.67","0.19","0.91","57.14","","","0","0","","",""
"F. Beckman","Sweden 1.","GAIS","LCB","22","0","2027-12-31","16","1382","1","0.66","0","0.16","Sweden","left","198","9.77","3.84","84.75","5.67","48.28","0.59","7.26","0.07","0.04","0.07","8","0.52","25","12.5","0.26","50","0.26","25","1.56","29.17","0.65","0.39","0","35.36","84.9","12.83","68.53","5.27","41.98","0.01","0.07","0.07","4.3","56.06","0.52","25","0.07","5.54","63.53","","","0","0","","",""
"J. Voelkerling Persson","Sweden 1.","Sirius","RB, LB","25","300000","2026-07-14","19","1374","2","1.59","2","0.91","Sweden","right","192","10.74","7.47","58.77","3.41","63.46","0.79","8.05","0.13","0.1","0","12","0.79","50","16.667","2.29","54.29","0.79","58.33","3.67","35.71","1.51","1.7","0.26","38.78","79.05","12.12","58.92","4.59","47.14","0.06","0.26","0.33","4.85","60.81","2.62","52.5","0.59","7.93","59.5","","","0","0","","",""
"V. Osuji","Sweden 1.","Kalmar","LCB, RCB","19","0","2029-06-30","15","1362","1","1.45","0","0","Nigeria","","0","10.84","7.47","61.06","3.3","66","0.59","6.98","0.07","0.1","0","13","0.86","15.38","7.692","0","0","0.53","62.5","3.9","55.93","0.79","0.46","0","49.36","90.09","18.44","81.72","4.76","62.5","0","0","0.07","3.44","71.15","0.07","0","0.13","6.41","59.79","","","0","0","","",""
"G. Wikheim","Sweden 1.","Djurgården","RAMF, LAMF","32","600000","2027-12-31","24","1355","2","2.96","2","1.68","Norway","right","182","4.45","5.51","53.01","1.53","17.39","0","1.82","0.13","0.2","0","20","1.33","25","10","2.72","26.83","5.45","57.32","15.08","34.8","3.65","3.25","1.13","21.12","74.21","4.25","75","0.46","28.57","0.11","0.07","0.53","1.26","73.68","2.46","54.05","1.66","3.12","87.23","","","0","0","","",""
"Jesper Ceesay","Sweden 1.","IFK Norrköping","RCMF, LDMF, RDMF","24","450000","2028-06-30","21","1346","0","1.34","0","0.19","Sweden","right","193","7.49","5.22","60.26","3.28","53.06","0.33","4.86","0","0.09","0","8","0.53","37.5","0","0.6","33.33","1.34","55","3.95","38.98","1.14","0.94","0.2","47.54","90.86","11.77","81.25","2.14","59.38","0.01","0.2","0.13","6.55","85.71","1.07","50","0.53","4.68","80","","","0","0","","",""
"B. Zeneli","Sweden 1.","Elfsborg","RCMF, LCMF","23","0","2030-06-30","25","1336","1","1.89","3","3.97","Kosovo","right","178","9.09","9.43","60","0.88","38.46","0.2","3.82","0.07","0.13","0","24","1.62","29.17","4.167","2.02","33.33","4.38","44.62","10.85","44.72","2.02","2.76","0.4","38.4","84.04","9.7","72.22","2.63","56.41","0.27","0.13","0.54","4.65","82.61","2.49","48.65","0.94","5.66","71.43","","","0","0","","",""
"S. Kotto","Sweden 1.","Värnamo","LCB, RCB, LB","22","0","2028-06-30","17","1331","1","0.58","0","0.04","Cameroon","left","190","6.9","4.87","66.67","5.82","63.95","0.34","4.24","0.07","0.04","0","5","0.34","60","20","0.41","33.33","0.27","75","2.43","38.89","0.68","0.27","0","52.74","85","20.89","72.49","7.64","40.71","0","0","0","6.22","52.17","1.35","30","0.34","7.37","70.64","","","0","0","","",""
"J. Persson","Sweden 1.","Sirius","RAMF, LAMF","23","1200000","2029-12-31","18","1322","5","4.51","4","2.35","Sweden","right","183","5.24","5.65","51.81","2.79","26.83","0.2","2.85","0.34","0.31","0","31","2.11","41.94","16.129","1.57","30.43","3.47","50.98","10.01","37.41","4.29","2.31","0.48","19.61","78.47","3.13","67.39","0.61","55.56","0.16","0.07","0.48","1.09","62.5","1.29","57.89","1.09","2.52","64.86","","","0","0","","",""
"R. Frej","Sweden 1.","GAIS","LCB, LB, RCB","27","350000","2026-12-31","15","1315","0","0.5","0","0.05","Sweden","right","184","8.9","4.45","58.46","3.49","62.75","0.68","6.57","0","0.03","0","3","0.21","33.33","0","0.55","75","0.34","60","1.98","34.48","0.48","0.75","0","45.24","88.8","14.44","73.93","5.82","58.82","0","0","0","4.86","70.42","1.1","56.25","0.14","7.32","68.22","","","0","0","","",""
"O. Fallenius","Sweden 1.","Djurgården","RAMF, LAMF, RW","24","800000","2026-12-31","23","1305","2","2.4","1","1.41","Sweden","right","182","8.69","8.14","66.1","2.28","24.24","0","4.08","0.14","0.17","0.07","19","1.31","31.58","10.526","2.69","25.64","4.76","43.48","10.41","35.1","3.45","2.21","0.97","25.24","75.68","5.03","67.12","0.55","37.5","0.1","0.21","0.28","1.38","70","2.41","42.86","1.1","2.97","65.12","","","0","0","","",""
"I. Buhari","Sweden 1.","Elfsborg","RCB, LCB","24","0","2026-12-31","16","1284","0","0.79","1","0.77","Nigeria","right","190","10.65","5.75","63.41","3.64","50","0.63","7.21","0","0.06","0","5","0.35","20","0","0.42","33.33","0","0","0.98","35.71","1.12","0.35","0","39.25","80.54","17.1","71.72","6.38","49.45","0.05","0","0","6.59","57.45","1.33","31.58","0.56","8.27","72.88","","","0","0","","",""
"R. Lundqvist","Sweden 1.","IFK Göteborg","AMF, CF","28","900000","2027-12-31","13","1282","3","2.11","2","1.91","Sweden","right","183","4.07","3.09","54.55","3.58","52.94","0","2.76","0.21","0.15","0","18","1.26","38.89","16.667","4","28.07","2.32","57.58","7.51","33.64","1.97","0.84","0.28","25.2","69.92","6.95","64.65","1.54","63.64","0.13","0.14","0.49","3.16","64.44","4.28","44.26","1.05","4.28","83.61","","","0","0","","",""
"O. Dovin","Sweden 1.","Hammarby","GK","23","2500000","2028-06-30","13","1282","0","0","0","0.18","England","right","187","1.83","0","0","0.77","90.91","0","2.61","0","0","0","0","0","0","0","0","0","0.14","50","0.21","66.67","0","0","0","21.76","87.1","9.48","74.81","5.27","54.67","0.01","0","0.07","1.26","38.89","0","0","0","4","64.91","1.05","3.93","73.21","1.01","-0.67","-0.047","1.4"
"T. Nguen","Sweden 1.","Djurgården","AMF, LAMF","32","1000000","2025-12-31","22","1276","6","6.84","3","1.93","Kenya","right","174","5.22","4.51","54.69","1.27","11.11","0.07","3.49","0.42","0.48","0","61","4.3","45.9","9.836","1.62","30.43","3.81","57.41","10.65","45.03","5.71","2.19","0.28","27.79","80.71","8.11","70.43","1.06","53.33","0.14","0.42","0.71","2.4","73.53","3.03","58.14","2.4","3.88","90.91","","","0","0","","",""
"L. Le Roux","Sweden 1.","Värnamo","DMF, LCMF, RCMF","25","600000","2028-06-30","16","1264","1","0.69","0","1.14","South Africa","right","184","7.33","6.27","64.77","1.99","57.14","0.14","3.52","0.07","0.05","0","10","0.71","10","10","0.85","50","0.5","71.43","3.2","37.78","0.71","0.21","0","45.43","90.44","13.74","82.38","2.49","60","0.08","0.07","0.07","4.7","81.82","1.07","53.33","0.28","5.77","85.19","","","0","0","","",""
"A. Lohikangas","Sweden 1.","Värnamo","LB, LCB","27","200000","","22","1250","0","0.39","0","0.44","Sweden","left","180","11.66","9.43","64.12","2.45","44.12","0.22","5.94","0","0.03","0","7","0.5","14.29","0","1.87","26.92","0.86","66.67","3.96","43.64","1.15","1.15","0.07","43.06","80.1","16.06","68.16","3.96","49.09","0.03","0","0.07","5.4","70.67","2.3","43.75","0.79","7.56","68.57","","","0","0","","",""
"O. Rosengren","Sweden 1.","Malmö FF","LCMF, RCMF, LDMF","22","0","2027-12-31","26","1246","1","0.65","0","0.51","Sweden","right","178","8.88","7.95","54.55","2.24","38.71","0.14","5.68","0.07","0.05","0","18","1.3","16.67","5.556","2.17","36.67","1.37","52.63","6.57","50.55","1.16","0.94","0.07","54.03","86.9","14.23","81.22","3.11","55.81","0.04","0","0.22","7.51","81.73","2.74","52.63","0.51","6.72","77.42","","","0","0","","",""
"Amir Al Ammari","Sweden 1.","Halmstad","LCMF","28","700000","2027-06-30","13","1236","1","0.72","2","1.35","Sweden","left","184","9.9","8.59","60.17","1.46","45","0.36","3.88","0.07","0.05","0","11","0.8","36.36","9.091","0.95","38.46","0.95","38.46","4.15","26.32","0.44","1.02","0.15","32.11","78.46","10.92","61.33","4.73","46.15","0.1","0.58","0.29","6.19","57.65","2.18","43.33","0.44","6.77","70.97","","","0","0","","",""
"A. Pyndt","Sweden 1.","Sirius","DMF, LDMF, RCMF","24","900000","2028-12-31","20","1221","0","0.41","0","1.97","Denmark","right","175","7.96","6.27","68.24","0.37","20","0.07","4.72","0","0.03","0","13","0.96","30.77","0","1.33","44.44","1.55","71.43","3.39","52.17","0.59","1.25","0.22","59.04","89.01","20.57","78.49","5.53","61.33","0.15","0.37","0.15","8.55","80.17","2.87","56.41","1.25","9.07","85.37","","","0","0","","",""
"O. Pettersson","Sweden 1.","IFK Göteborg","RAMF, RW, CF","25","800000","2028-06-30","23","1195","2","2.8","0","2.31","Sweden","right","178","4.07","3.46","52.17","0.98","30.77","0","2.71","0.15","0.21","0","31","2.33","35.48","6.452","4.44","42.37","2.03","62.96","3.77","44","3.54","0.6","0.08","18.45","69.39","3.01","57.5","2.33","54.84","0.17","0","0.53","1.21","50","3.62","50","0.38","4.07","83.33","","","0","0","","",""
"P. Ofosu-Ayeh","Sweden 1.","Halmstad","RB","34","275000","","12","1190","2","1.29","0","1.3","Germany","right","183","7.56","6.35","54.76","1.59","33.33","0.23","3.29","0.15","0.1","0.08","4","0.3","75","50","2.19","34.48","2.19","58.62","4.69","43.55","0.68","0.98","0.38","28.06","73.58","10.89","54.17","4.08","40.74","0.1","0.08","0.3","3.25","58.14","2.57","41.18","0.38","6.81","60","","","0","0","","",""
"P. Abrahamsson","Sweden 1.","Häcken","GK","37","200000","","12","1183","0","0","0","0","Sweden","right","190","1.98","0","0","0.61","100","0","2.82","0","0","0","0","0","0","0","0","0","0.08","100","0.08","100","0","0","0","22.37","87.07","11.03","76.55","6.47","62.35","0","0","0","0.76","20","0","0","0","5.33","58.57","1.52","5.48","72.22","1.77","3.29","0.25","1.52"
"J. Larsson","Sweden 1.","Elfsborg","RB, RWB","35","300000","2025-12-31","15","1181","1","1.96","0","0.26","Sweden","right","182","5.64","4.42","53.45","1.68","45.45","0.23","3.31","0.08","0.15","0","12","0.91","41.67","8.333","2.21","13.79","0","0","0.3","25","1.98","0.61","0","25.38","70.27","9.37","59.35","5.41","43.66","0.02","0.08","0.08","5.11","56.72","2.51","27.27","0.69","5.41","69.01","","","0","0","","",""
"F. Sidklev","Sweden 1.","Brommapojkarna","GK","20","0","2028-06-30","12","1172","0","0","0","0","Sweden","right","190","1.77","0.15","50","0.54","100","0","1.9","0","0","0","0","0","0","0","0","0","0","0","0","0","0","0","0","18.89","86.99","10.67","79.86","7.76","70.3","0","0","0","1.92","44","0.23","0","0","6.14","82.5","1.54","4.84","68.25","1.24","-3.83","-0.294","2.07"
"T. Heggem","Sweden 1.","Brommapojkarna","LCB, LB","26","500000","2029-06-30","12","1165","1","1.66","0","1.47","Norway","left","185","10.27","5.95","70.13","3.32","72.09","0.46","6.34","0.08","0.13","0.08","14","1.08","21.43","7.143","1.93","52","1.24","56.25","3.4","45.45","1.93","1.78","0.77","49.52","85.18","19.31","75.6","5.79","48","0.11","0","0.31","6.88","67.42","2.01","53.85","0.23","9.27","70.83","","","0","0","","",""
"A. Magashy","Sweden 1.","Kalmar","AMF, DMF, RCMF","27","350000","2026-12-31","25","1162","1","1.89","0","1.01","Nigeria","right","171","7.98","8.06","52.88","1.78","30.43","0.15","4.21","0.08","0.15","0.08","11","0.85","63.64","9.091","0.46","50","2.71","37.14","9.91","32.03","1.47","2.17","0.46","32.45","84.01","7.44","67.71","1.78","52.17","0.08","0.08","0.23","2.71","82.86","1.63","66.67","0.85","3.56","52.17","","","0","0","","",""
"D. Beširović","Sweden 1.","AIK","CF, LCMF, RCMF","31","450000","2027-12-31","20","1158","4","1.99","0","0.87","Portugal","right","180","7.54","7.38","51.58","3.26","42.86","0","4.27","0.31","0.16","0.16","17","1.32","41.18","23.529","1.79","26.09","1.94","44","6.37","36.59","2.49","0.54","0.23","32.8","83.89","8.63","74.77","2.8","52.78","0.07","0.16","0.16","3.89","84","2.02","34.62","0.54","3.65","76.6","","","0","0","","",""
"M. Bundgaard Sørensen","Sweden 1.","Elfsborg","GK","24","500000","2028-06-30","12","1150","0","0","0","0","Denmark","right","197","1.33","0","0","0.47","100","0","1.4","0","0","0","0","0","0","0","0","0","0","0","0.08","0","0","0","0","25.75","82.07","15.26","71.28","12.83","66.46","0","0","0","4.62","55.93","0.08","0","0.08","8.92","82.46","1.02","3.44","70.45","0.92","-1.19","-0.093","2.43"
"Í. Sigurgeirsson","Sweden 1.","IFK Norrköping","LW, LAMF, CF","22","350000","2026-12-31","20","1149","4","3.31","0","1.14","Iceland","right","175","4.7","4.54","46.55","1.64","38.1","0.23","3.23","0.31","0.26","0","20","1.57","50","20","2.27","20.69","4.46","54.39","10.42","38.35","4.54","2.35","0.16","19.82","78.26","4.07","73.08","0.55","28.57","0.09","0.39","0.23","1.02","69.23","1.72","63.64","1.1","2.19","60.71","","","0","0","","",""
"D. Cornelius","Sweden 1.","Malmö FF","LCB","28","2800000","2028-06-30","12","1146","2","1.41","0","0.19","Canada","left","187","10.37","5.5","72.86","4.63","64.41","0.79","8.75","0.16","0.11","0.16","12","0.94","41.67","16.667","0","0","0.94","75","2.43","77.42","1.18","0.55","0.08","66.44","94.09","25.84","89.36","3.3","61.9","0.02","0","0","3.61","78.26","0.08","0","0.08","7.93","72.28","","","0","0","","",""
"A. Johansson","Sweden 1.","Mjällby","CF, LWF","30","400000","","29","1144","1","3.01","2","2.24","Sweden","left","189","5.51","4.8","44.26","2.12","29.63","0.16","4.04","0.08","0.24","0","25","1.97","24","4","2.36","30","2.99","50","8.58","36.7","2.52","1.57","0.39","22.89","73.2","7.08","64.44","2.28","51.72","0.18","0.08","0.24","2.67","47.06","2.2","46.43","0.55","4.09","69.23","","","0","0","","",""
"A. Gersbach","Sweden 1.","Kalmar","LB, LWB","28","350000","2027-06-30","19","1140","0","0.21","2","0.88","Australia","left","183","8.45","6","71.05","2.45","38.71","0.16","4.51","0","0.02","0","5","0.39","40","0","3.39","32.56","0.87","54.55","3.39","46.51","0.71","2.53","0.87","45.79","75.52","17.37","61.36","4.18","33.96","0.07","0.08","0.32","4.42","35.71","3.32","47.62","0.55","9.16","62.07","","","0","0","","",""
"J. Agbonifo","Sweden 1.","Häcken","RWF, RAMF, RW","20","0","2028-06-30","13","1138","2","1.96","1","0.9","Sweden","left","178","5.06","5.93","64","1.5","36.84","0","1.75","0.16","0.16","0","24","1.9","25","8.333","1.9","12.5","6.8","48.84","13.84","38.86","3.95","3.16","0.08","17.95","73.57","3.48","56.82","0.79","30","0.07","0.16","0.16","0.95","66.67","1.98","44","1.66","2.06","65.38","","","0","0","","",""
"A. Milošević","Sweden 1.","AIK","RCB, CB","33","600000","","15","1134","0","0.19","0","0.09","Sweden","right","192","7.94","4.37","76.36","6.83","56.98","0.48","5.93","0","0.02","0","3","0.24","0","0","0.16","0","0.16","0","0.79","50","0.79","0.71","0.08","47.94","88.58","20.56","78.38","6.35","57.5","0.01","0","0.08","6.35","73.75","0.48","16.67","0.24","7.14","75.56","","","0","0","","",""
"D. Eid","Sweden 1.","IFK Norrköping","RB","27","700000","2027-07-31","12","1130","0","0.79","0","0.88","Norway","right","183","8.12","7.09","62.92","2.39","50","0.32","4.33","0","0.06","0","10","0.8","30","0","3.11","25.64","0.56","71.43","2.95","45.95","1.35","1.59","0.24","47.07","76.82","21.98","67.03","5.58","45.71","0.07","0.32","0.32","6.29","65.82","2.95","29.73","0.24","11.79","66.89","","","0","0","","",""
"M. Marqués","Sweden 1.","Västerås SK","RCB, LCB, CB","24","0","","14","1121","0","0.4","0","0","Sweden","right","183","10.12","6.74","65.48","2.97","45.95","0.56","6.66","0","0.03","0","7","0.56","57.14","0","0.32","50","0.96","66.67","3.53","56.82","0.88","1.45","0.4","52.27","90.02","21.6","82.53","4.98","46.77","0","0.08","0","7.15","79.78","0.48","66.67","0.16","8.19","71.57","","","0","0","","",""
"A. Erlingmark","Sweden 1.","IFK Göteborg","LCB, RDMF","27","600000","2028-12-31","14","1117","0","1.01","0","0.16","Sweden","right","189","8.94","6.28","69.23","5","50","0.64","5.89","0","0.08","0","7","0.56","14.29","0","0.4","40","0.32","100","0.89","63.64","0.81","0.81","0.16","46.09","88.46","17.24","78.5","5.64","67.14","0.01","0","0.08","6.37","78.48","0.73","33.33","0.16","9.35","71.55","","","0","0","","",""
"K. Kosugi","Sweden 1.","Djurgården","LB, LWB","19","0","2031-06-30","14","1116","1","0.74","0","0.98","Japan","left","168","9.19","7.34","64.84","2.74","41.18","0.16","5.29","0.08","0.06","0","9","0.73","33.33","11.111","2.26","35.71","2.18","51.85","6.37","45.57","1.05","1.69","0.16","39.11","81.24","15.65","71.65","4.52","39.29","0.08","0","0.16","4.6","56.14","1.94","33.33","0.08","7.18","65.17","","","0","0","","",""
"A. Douglas","Sweden 1.","Västerås SK","LCB","24","0","2027-06-30","12","1104","0","0.91","0","0.33","Sweden","right","189","10.35","7.58","72.04","3.67","46.67","0.33","6.25","0","0.07","0","7","0.57","14.29","0","0.49","33.33","1.14","78.57","4.81","62.71","1.06","1.88","0.24","55.19","90.25","24.62","86.42","3.34","51.22","0.03","0","0.08","7.09","90.8","0.41","0","0.08","8.89","73.39","","","0","0","","",""
"J. Kiilerich","Sweden 1.","Mjällby","LCB, CB","25","200000","2027-06-30","20","1092","2","2.72","0","0.04","Denmark","left","187","9.64","4.78","63.79","4.2","56.86","0.25","7.96","0.16","0.22","0.16","9","0.74","66.67","22.222","0.58","28.57","0.41","60","1.32","31.25","1.57","0.33","0","51.18","86.96","22.34","81.92","6.59","66.25","0","0.08","0","4.29","75","0.66","62.5","0.16","10.71","66.92","","","0","0","","",""
"A. Mucolli","Sweden 1.","IFK Göteborg","CF, AMF, LWF","26","1500000","2026-12-31","13","1085","2","2.63","0","1.18","Denmark","left","175","6.06","7.8","53.19","1.08","7.69","0.17","2.55","0.17","0.22","0","35","2.9","22.86","5.714","3.73","22.22","6.8","50","16.51","43.72","4.65","2.24","0.75","30.77","72.78","8.38","61.39","1.91","52.17","0.1","0.33","0.41","4.15","60","3.98","35.42","1.24","4.15","74","","","0","0","","",""
"V. Hammershøy-Mistrati","Sweden 1.","IFK Norrköping","CF, AMF","33","400000","2027-06-30","21","1069","5","3.63","0","0.4","Denmark","right","177","5.98","4.71","64.29","2.36","21.43","0.42","3.27","0.42","0.31","0.08","18","1.52","44.44","27.778","1.77","14.29","1.52","44.44","4.29","27.45","2.61","0.42","0.17","25.26","76.67","6.65","65.82","2.78","33.33","0.03","0.25","0.25","4.29","66.67","1.77","33.33","1.01","3.87","69.57","","","0","0","","",""
"N. Zätterström","Sweden 1.","Malmö FF","LCB, LB, CB","20","0","2029-06-30","14","1062","2","0.26","0","0","Sweden","left","192","10.17","6.61","74.36","3.9","60.87","0.51","8.53","0.17","0.02","0","2","0.17","100","100","0.25","0","0.93","72.73","3.05","44.44","0.17","1.69","0.25","57.63","90.44","24.32","83.62","3.9","50","0","0","0","4.92","84.48","0.59","0","0","7.46","70.45","","","0","0","","",""
"O. Berg","Sweden 1.","Malmö FF","AMF, LCMF, RW","32","1000000","2026-12-31","17","1060","0","2.05","3","1.89","Norway","right","178","6.28","6.11","69.44","1.1","46.15","0.17","3.4","0","0.17","0","14","1.19","28.57","0","1.36","50","0.76","55.56","5.35","30.16","2.89","1.27","0.17","47.72","87.19","12.23","77.78","1.36","56.25","0.16","0.08","0.85","4.42","75","2.55","86.67","1.78","5.35","73.02","","","0","0","","",""
"R. Kaib","Sweden 1.","Elfsborg","LB, LWB, RWB","28","300000","2026-12-31","17","1056","2","1.05","1","1.01","Sweden","left","178","7.5","5.88","53.62","2.47","37.93","0.26","4.9","0.17","0.09","0","12","1.02","50","16.667","4.94","31.03","1.96","52.17","4.26","38","1.79","1.45","0.51","40.48","73.68","15.09","67.23","5.54","41.54","0.09","0","0.09","4.86","52.63","5.03","38.98","0.94","9.8","68.7","","","0","0","","",""
"E. Bouzaiene","Sweden 1.","Västerås SK","RWB","28","0","2027-06-30","17","1055","0","0.91","2","2.81","Sweden","right","180","7.42","5.12","71.67","1.36","18.75","0.26","4.53","0","0.08","0","7","0.6","57.14","0","6.74","40.51","1.71","65","6.14","48.61","1.96","2.47","0.77","39.07","75.33","11.69","70.07","4.27","60","0.24","0.17","0.77","3.84","66.67","6.31","44.59","0.94","9.13","80.37","","","0","0","","",""
"M. Yalcouyé","Sweden 1.","IFK Göteborg","RCMF, LCMF","20","0","2029-06-30","11","1054","1","1.08","0","0.33","Côte d'Ivoire","right","171","9.14","7.77","70.33","1.71","35","0","3.68","0.09","0.09","0.09","10","0.85","50","10","2.56","23.33","7.43","57.47","16.22","51.58","2.05","2.22","0.94","42.87","85.06","12.55","76.19","1.11","23.08","0.03","0.17","0.09","5.98","72.86","2.99","51.43","1.02","5.46","78.13","","","0","0","","",""
"O. Wendt","Sweden 1.","IFK Göteborg","LB, LCB","40","250000","","15","1053","1","0.37","0","1.21","Sweden","left","181","8.63","5.21","63.93","1.88","40.91","0.26","6.95","0.09","0.03","0","6","0.51","33.33","16.667","1.28","53.33","0.34","50","2.05","29.17","0.94","0.94","0.09","35.04","83.41","15.47","74.59","5.9","44.93","0.1","0","0.09","5.47","70.31","1.28","53.33","0.17","8.29","78.35","","","0","0","","",""
"C. Björk","Sweden 1.","IFK Norrköping","CF, RW, LAMF","25","300000","2026-06-30","26","1050","1","1.05","1","0.73","Sweden","right","188","6.43","7.11","55.42","3.77","25","0","3.45","0.09","0.09","0","12","1.03","33.33","8.333","1.89","18.18","4.8","53.57","11.06","37.21","3.26","2.31","0.86","18.26","76.53","2.91","61.76","0.51","16.67","0.06","0","0.51","0.69","50","1.03","58.33","0.51","1.37","50","","","0","0","","",""
"S. Hausner","Sweden 1.","IFK Göteborg","LCB, RB","25","700000","2028-06-30","13","1043","0","0.5","0","0.01","Denmark","right","188","8.46","6.04","62.86","5.26","59.02","0.52","5.42","0","0.04","0","4","0.35","0","0","0.78","44.44","0.26","100","1.64","63.16","1.04","0.69","0.09","51.6","85.79","18.9","72.6","6.3","50.68","0","0","0","5.35","58.06","1.12","53.85","0.35","7.85","65.93","","","0","0","","",""
"P. Johansson","Sweden 1.","Djurgården","RB","30","900000","2027-12-31","12","1041","0","0.04","1","0.89","Poland","right","185","10.03","7.69","69.66","1.3","46.67","0.61","5.79","0","0","0","2","0.17","0","0","2.51","17.24","1.38","62.5","3.11","55.56","1.3","1.56","0.61","50.32","84.02","18.5","80.37","5.79","55.22","0.08","0","0.35","7.09","75.61","2.59","46.67","1.04","9.08","77.14","","","0","0","","",""
"Amadeus Sögaard","Sweden 1.","IFK Norrköping","RCB, LCB","27","350000","2025-12-31","14","1022","0","0.4","0","0.01","Sweden","right","183","9.16","3.87","79.55","4.05","50","1.06","7.15","0","0.04","0","1","0.09","0","0","0.09","100","0.18","100","1.76","55","0.18","1.23","0","49.93","85.71","20.34","75.32","7.57","46.51","0","0","0","6.69","61.84","0.53","33.33","0.18","8.01","67.03","","","0","0","","",""
"D. Gül","Sweden 1.","Hammarby","CF, LWF","21","0","2029-06-30","18","1014","3","2.62","1","1.15","Sweden","right","190","3.2","2.84","56.25","2.04","39.13","0.18","2.24","0.27","0.23","0","23","2.04","30.43","13.043","0.62","0","4.97","55.36","12.34","41.01","3.02","3.2","1.07","16.6","81.28","2.4","70.37","0.36","25","0.1","0.09","0.27","0.98","90.91","0.53","83.33","1.07","1.51","58.82","","","0","0","","",""
"A. Čardaklija","Sweden 1.","GAIS","LCB","20","0","2028-12-31","17","1013","0","0.69","0","0","Sweden","right","194","9.06","4.8","81.48","4.09","52.17","0.62","5.67","0","0.06","0","5","0.44","40","0","0.18","50","0.27","100","1.6","55.56","0.53","1.07","0.09","51","88.33","15.73","70.62","5.42","44.26","0","0","0","5.15","58.62","0.62","14.29","0","5.69","54.69","","","0","0","","",""
"A. Boudri","Sweden 1.","GAIS","LCMF, LWF","21","0","2029-06-30","22","1006","2","2.47","0","1.09","Sweden","right","176","5.99","6.98","57.69","1.97","22.73","0.18","2.33","0.18","0.22","0","27","2.42","29.63","7.407","1.43","43.75","8.41","41.49","18.07","35.64","3.13","2.77","0.36","20.04","87.05","3.31","72.97","0.36","25","0.1","0.18","0.36","1.25","85.71","1.34","66.67","0.72","1.97","59.09","","","0","0","","",""
"E. Kurtulus","Sweden 1.","Hammarby","RCB, CB","25","3500000","2027-06-30","12","1004","1","0.49","1","0.45","Sweden","right","185","10.31","5.74","67.19","2.24","60","0.9","8.81","0.09","0.04","0","5","0.45","40","20","0.18","0","1.17","61.54","3.76","42.86","0.54","1.25","0","70.64","89.09","29.22","82.52","7.89","44.32","0.04","0.09","0.18","9.5","63.21","1.17","23.08","0.27","9.59","71.03","","","0","0","","",""
"S. Hrstić","Sweden 1.","Häcken","CF","22","1800000","2027-12-31","25","1000","5","3.17","0","0.66","Serbia","right","192","4.41","2.61","65.52","3.96","40.91","0.36","3.6","0.45","0.29","0.27","17","1.53","41.18","29.412","0.27","66.67","0.54","50","4.68","32.69","3.15","0.27","0.09","12.6","78.57","1.35","86.67","0.99","72.73","0.06","0.09","0.27","0.81","66.67","0.72","87.5","0.63","1.35","60","","","0","0","","",""
"N. Mohammed","Sweden 1.","Halmstad","CF","29","1000000","2025-12-31","13","999","5","3.53","2","0.93","Ghana","right","175","2.7","3.6","55","4.95","9.09","0","0.59","0.36","0.32","0","13","1.17","69.23","38.462","0.63","57.14","3.6","47.5","11.71","31.54","1.98","1.08","0.72","12.52","76.26","2.16","70.83","0.27","66.67","0.08","0.27","0.36","0.72","50","0.81","66.67","0.36","1.26","78.57","","","0","0","","",""
"L. Bergvall","Sweden 1.","Djurgården","AMF, RDMF, CF","19","0","2031-06-30","12","991","3","3.92","1","0.86","Sweden","right","186","5.81","5.99","56.06","2.63","44.83","0","2.36","0.27","0.36","0.09","29","2.63","34.48","10.345","0.82","44.44","3.54","56.41","10.53","38.79","2.18","2.54","1.45","40.96","90.02","9.45","83.65","2.45","77.78","0.08","0.64","0.09","4.45","89.8","1.91","76.19","1.09","4.27","91.49","","","0","0","","",""
"J. Bager","Sweden 1.","IFK Göteborg","RB, LCB","29","800000","2027-12-31","12","982","0","0.29","0","0.02","Denmark","right","182","12.56","8.71","57.89","3.57","43.59","0.27","8.52","0","0.03","0","7","0.64","28.57","0","1.1","41.67","0.18","100","1.19","53.85","0.82","0.82","0","37.67","76.16","16.77","65.57","4.49","40.82","0","0","0","6.78","59.46","1.01","45.45","0.46","8.89","65.98","","","0","0","","",""
"Ricardo Friedrich","Sweden 1.","Malmö FF","GK","32","0","2026-12-31","10","976","0","0","0","0","Brazil","right","188","1.29","0","0","0","0","0","2.03","0","0","0","0","0","0","0","0","0","0","0","0","0","0","0","0.09","18.9","89.27","9.13","84.85","5.9","73.44","0","0","0","0.83","44.44","0.09","0","0","3.41","70.27","1.01","3.41","70.27","0.98","-0.34","-0.031","0.83"
"S. Gefvert","Sweden 1.","Västerås SK","RWB","28","700000","2026-12-31","10","965","1","1.7","0","4.82","Sweden","right","175","7.83","7.37","58.23","1.4","26.67","0.28","4.81","0.09","0.16","0","10","0.93","40","10","7.74","48.19","4.38","63.83","8.02","48.84","3.45","3.17","0.93","52.51","80.11","15.02","77.02","3.45","51.35","0.45","0","1.4","4.76","74.51","6.16","57.58","1.12","12.31","84.85","","","0","0","","",""
"H. Karlsson","Sweden 1.","Brommapojkarna","LCB, CB","21","100000","2026-12-31","13","950","0","0.6","1","0.33","Iceland","right","174","7.39","2.75","58.62","3.13","57.58","0.85","6.08","0","0.06","0","2","0.19","50","0","0.28","0","0.09","100","1.04","72.73","0.47","0","0","50.97","91.08","16.86","83.15","7.77","65.85","0.03","0.09","0.09","3.79","65","0.85","66.67","0.47","8.05","71.76","","","0","0","","",""
"J. Hammar","Sweden 1.","Häcken","RCB","31","0","","18","940","0","0.43","0","0","Sweden","right","197","7.56","3.73","61.54","4.98","59.62","0.86","7.64","0","0.04","0","4","0.38","25","0","0.19","50","0.29","66.67","1.05","27.27","0.96","0.86","0","62.71","92.67","22.69","87.76","4.69","71.43","0","0","0","9.48","88.89","0.1","100","0.1","8.81","75","","","0","0","","",""
"R. Jansson","Sweden 1.","Kalmar","RB, RCB, LB","21","0","2027-12-31","16","931","0","0","0","0.01","Finland","right","183","9.86","8.12","64.29","2.03","42.86","0.29","5.66","0","0","0","0","0","0","0","0.68","28.57","1.06","63.64","2.8","44.83","0.1","0.97","0.19","54.62","87.43","16.82","76.44","2.9","36.67","0","0","0","4.06","66.67","0.97","20","0.19","7.25","60","","","0","0","","",""
"I. Ssewankambo","Sweden 1.","IFK Norrköping","RCMF, RCB","29","350000","","13","931","0","0.33","0","0.38","Sweden","right","179","6.57","6.96","52.78","2.22","30.43","0.39","3.4","0","0.03","0","2","0.19","50","0","0.48","20","0.48","80","3.09","56.25","0.48","0.58","0","48.92","89.13","18.46","82.2","4.54","46.81","0.04","0.77","0.1","7.73","75","1.06","45.45","0.29","8.02","77.11","","","0","0","","",""
"I. Diabaté","Sweden 1.","Västerås SK","CF","26","0","2028-12-31","20","928","1","4.88","0","0.06","Côte d'Ivoire","right","185","2.23","1.94","50","7.76","31.25","0.1","1.56","0.1","0.47","0","30","2.91","16.67","3.333","0","0","0.97","40","7.47","19.48","3.3","0.78","0.29","13.29","86.86","2.62","70.37","0","0","0.01","0","0","0.58","83.33","0.39","50","0.48","0.58","50","","","0","0","","",""
"R. Schüller","Sweden 1.","Djurgården","LDMF, LCMF","34","500000","2025-12-31","14","898","0","0.2","0","0.71","Finland","left","177","8.92","6.82","70.59","2.31","52.17","0.5","4.83","0","0.02","0","6","0.6","0","0","0.7","57.14","0.7","14.29","3.21","31.25","0.6","0.6","0","59.23","85.28","15.73","68.15","6.01","55","0.07","0.2","0.3","9.42","78.72","1.8","55.56","0.7","8.12","62.96","","","0","0","","",""
"K. Jensen","Sweden 1.","Kalmar","LWB, LWF","24","400000","2026-12-31","23","886","2","0.78","2","1.35","Sweden","right","173","7.92","7.42","56.16","2.54","28","0.1","4.36","0.2","0.08","0","10","1.02","60","20","2.23","31.82","1.93","42.11","5.79","35.09","2.54","1.42","0.41","29.56","71.48","9.04","61.8","2.64","34.62","0.14","0.1","0.61","2.95","58.62","2.64","65.38","1.12","6.09","58.33","","","0","0","","",""
"B. Turgott","Sweden 1.","Halmstad","CF","31","400000","2026-12-31","20","884","1","2.4","0","0.3","England","right","183","4.07","3.67","63.89","3.46","14.71","0.31","1.73","0.1","0.24","0","19","1.93","36.84","5.263","0.51","0","2.24","54.55","9.16","27.78","3.05","0.92","0.31","11.61","79.82","1.83","66.67","0.31","33.33","0.03","0.1","0","0.71","85.71","0.51","20","0.51","0.92","55.56","","","0","0","","",""
"J. Thomasen","Sweden 1.","Elfsborg","LCMF, RCMF, LDMF","29","450000","2025-12-31","16","874","0","0.55","1","0.83","Denmark","right","177","8.65","7.83","60.53","0.93","33.33","0.41","4.29","0","0.06","0","11","1.13","18.18","0","1.54","26.67","0.21","50","1.24","41.67","0.82","0.72","0.21","43.87","84.04","13.49","67.18","3.3","56.25","0.09","0","0.21","6.18","75","2.37","47.83","0.51","7.11","65.22","","","0","0","","",""
"N. Söderberg","Sweden 1.","Halmstad","RDMF, LCMF, RCMF","24","450000","2027-12-31","17","872","1","0.86","1","0.15","Sweden","right","182","12.08","10.01","61.86","3.2","35.48","0.93","5.45","0.1","0.09","0","13","1.34","46.15","7.692","0.52","60","0.93","22.22","2.37","17.39","1.03","0.52","0.41","37.26","82.83","10.11","66.33","4.75","50","0.02","0.31","0.1","7.43","75","1.65","56.25","0.72","6.09","69.49","","","0","0","","",""
"O. Valakari","Sweden 1.","AIK","AMF, RCMF, RW","26","0","2027-05-31","10","863","2","0.45","3","1.69","Scotland","left","187","9.7","8.24","65.82","3.44","48.48","0.21","4.98","0.21","0.05","0.1","7","0.73","57.14","28.571","1.25","16.67","2.4","34.78","7.51","40.28","2.29","1.25","0","28.68","72.36","11.26","61.11","2.82","25.93","0.18","0.63","0.73","3.44","54.55","2.82","33.33","1.15","4.17","60","","","0","0","","",""
"S. Rieks","Sweden 1.","Malmö FF","CF, RW, RAMF","38","200000","","20","848","3","2.95","1","1.07","Denmark","right","185","3.82","5.09","45.83","1.59","46.67","0.11","1.82","0.32","0.31","0.11","18","1.91","38.89","16.667","2.44","26.09","2.97","57.14","8.6","41.98","3.71","1.17","0.11","33.22","81.47","7.32","73.91","0.74","42.86","0.11","0.11","0.53","1.8","70.59","3.29","64.52","1.8","4.14","76.92","","","0","0","","",""
"A. Christiansen","Sweden 1.","Malmö FF","RAMF, AMF, RW","35","750000","2026-12-31","19","847","5","3.35","1","1.5","Denmark","right","175","5.1","4.14","58.97","1.28","58.33","0.11","3.64","0.53","0.36","0","26","2.76","50","19.231","1.91","38.89","1.81","76.47","6.8","53.13","4.14","1.49","0.53","55.25","83.85","11.26","61.32","1.91","33.33","0.16","0.85","0.43","4.36","70.73","4.89","45.65","1.81","4.89","71.74","","","0","0","","",""
"J. Barrett Laursen","Sweden 1.","Häcken","LB, LCB","31","700000","","21","840","0","0.24","0","0.47","Denmark","left","179","8.79","6.54","65.57","2.04","36.84","0.21","7.03","0","0.03","0","7","0.75","14.29","0","3.43","37.5","1.39","69.23","4.29","42.5","0.86","1.5","0.21","58.93","88.55","18.43","81.98","2.68","60","0.05","0","0.21","5.79","83.33","2.68","56","0.43","10.93","76.47","","","0","0","","",""
"I. Fofana","Sweden 1.","Hammarby","RCB, RB","23","250000","2029-12-31","13","836","0","0.75","1","0.33","Guinea","right","182","7.43","4.52","66.67","4.84","55.56","0.43","6.41","0","0.08","0","5","0.54","20","0","0.97","55.56","0.75","71.43","2.8","50","1.08","1.83","0.65","53.83","90.4","19.59","82.42","3.77","40","0.04","0","0.11","4.41","65.85","0.97","55.56","0.11","5.81","74.07","","","0","0","","",""
"D. Irandust","Sweden 1.","Brommapojkarna","CF, AMF","27","500000","2025-12-31","19","835","1","1.35","2","2.66","Sweden","left","185","7.01","7.65","50.7","1.19","27.27","0.32","3.09","0.11","0.15","0","20","2.16","35","5","1.83","47.06","3.13","55.17","9.92","47.83","3.34","3.02","0.43","32.87","82.62","7.44","73.91","1.51","57.14","0.29","0.22","0.65","4.42","75.61","2.69","64","1.72","5.28","79.59","","","0","0","","",""
"E. Hasić","Sweden 1.","Värnamo","LCB, CB","22","350000","2027-06-30","11","830","0","0.26","0","0.12","Sweden","right","191","8.57","6.83","65.08","5.53","49.02","0.76","4.67","0","0.03","0","1","0.11","0","0","0","0","0.33","66.67","1.63","40","0.54","0.87","0.22","53.35","86.18","17.24","65.41","3.9","30.56","0.01","0","0","4.34","55","0.22","0","0.11","6.94","40.63","","","0","0","","",""
"A. Manneh","Sweden 1.","Mjällby","CF, LWF, AMF","21","0","2027-12-31","21","830","2","3.56","0","0.4","Gambia","unknown","0","5.53","4.88","62.22","2.82","38.46","0.11","3.3","0.22","0.39","0","37","4.01","37.84","5.405","0.87","12.5","2.82","61.54","12.04","36.04","4.01","2.49","0.65","36","83.73","6.07","73.21","1.41","53.85","0.04","0.33","0.11","3.04","78.57","1.52","28.57","0.98","3.69","64.71","","","0","0","","",""
"E. Björkander","Sweden 1.","Brommapojkarna","CB, RCB","29","250000","2025-12-31","15","825","0","0","0","0.14","Sweden","right","185","7.96","3.93","66.67","3.82","48.57","0.87","5.64","0","0","0","0","0","0","0","0.11","100","0.11","0","0.55","60","0.33","0.11","0","41.67","87.7","12.55","65.22","6.11","50","0.01","0","0","3.82","57.14","0.65","33.33","0.22","5.13","70.21","","","0","0","","",""
"S. Ngouali","Sweden 1.","Brommapojkarna","LDMF, LCMF, RDMF","33","200000","","9","819","0","0.4","0","0.19","Sweden","right","175","11.87","6.92","58.73","1.54","42.86","1.32","8.33","0","0.04","0","6","0.66","16.67","0","0.66","83.33","1.1","60","5.16","46.81","0.55","0.44","0","53.85","88.16","17.47","76.73","6.37","62.07","0.02","0.11","0","8.57","76.92","1.76","68.75","0.66","8.79","81.25","","","0","0","","",""
"S. Haarala","Sweden 1.","Djurgården","RAMF, RWF, AMF","25","500000","2027-12-31","11","808","1","3.35","2","1.42","Finland","right","180","5.57","5.79","55.77","1.45","7.69","0","2.81","0.11","0.37","0","27","3.01","44.44","3.704","3.68","33.33","3.79","41.18","12.48","32.14","5.9","2","0.22","28.96","68.08","7.02","52.38","1.89","52.94","0.16","0.33","0.67","2.56","56.52","2.67","45.83","0.67","4.12","62.16","","","0","0","","",""
"O. Faraj","Sweden 1.","AIK","CF","23","1200000","2027-06-30","13","801","1","1.76","1","1.61","Sweden","right","182","5.96","6.52","63.79","2.47","36.36","0","2.26","0.11","0.2","0","21","2.36","33.33","4.762","0.34","33.33","3.26","55.17","16.74","41.61","2.02","3.15","1.01","23.37","80.77","7.42","71.21","1.12","50","0.18","1.24","0.56","3.15","75","1.91","70.59","1.46","3.93","85.71","","","0","0","","",""
"N. Mäenpää","Sweden 1.","Halmstad","LWF, LCMF","27","250000","2026-12-31","14","786","1","0.93","0","0.49","Finland","right","182","7.79","6.64","62.07","3.89","29.41","0.11","3.47","0.11","0.11","0","12","1.37","25","8.333","1.03","11.11","0.8","42.86","4.01","37.14","1.49","0.57","0.11","30.57","77.53","11.68","62.75","1.72","40","0.06","0.11","0.23","4.47","64.1","2.06","22.22","0.69","4.81","66.67","","","0","0","","",""
"P. Dahbo","Sweden 1.","Häcken","RCMF, AMF","20","0","2027-12-31","25","781","0","1.78","1","0.49","Sweden","left","176","6.34","6.91","61.67","1.04","44.44","0","3.38","0","0.2","0","16","1.84","18.75","0","1.61","28.57","1.61","21.43","8.3","36.11","2.07","0.81","0.23","35.61","86.41","8.07","81.43","1.61","64.29","0.06","0.23","0.23","3.92","85.29","2.42","38.1","0.46","4.15","80.56","","","0","0","","",""
"L. Hägg-Johansson","Sweden 1.","Brommapojkarna","GK","31","175000","2026-12-31","8","777","0","0","0","0","Sweden","right","189","1.16","0","0","0.58","100","0","1.29","0","0","0","0","0","0","0","0","0","0","0","0","0","0","0","0","15.75","77.94","8.46","63.01","6.6","52.63","0","0","0","1.51","53.85","0","0","0","4.4","68.42","1.16","3.82","69.7","0.75","-3.54","-0.41","1.51"
"A. Ekdal","Sweden 1.","Djurgården","RDMF, LDMF, RCMF","36","300000","2025-12-31","17","770","0","0.57","0","0.19","Sweden","right","188","12.04","11.1","69.47","2.45","66.67","0.35","5.12","0","0.07","0","5","0.58","20","0","0.82","42.86","1.75","66.67","5.84","62","1.4","0.47","0","36.12","80.91","13.56","68.1","3.16","51.85","0.02","0","0","4.68","67.5","1.29","36.36","0.47","5.73","65.31","","","0","0","","",""
"Y. Agnero","Sweden 1.","Halmstad","CF","22","100000","2030-06-30","11","766","4","2.18","0","0.3","Côte d'Ivoire","right","184","3.64","5.29","44.44","8.11","34.78","0","0.83","0.47","0.26","0","20","2.35","35","20","0.35","66.67","4.11","28.57","16.45","20.71","2.7","1.53","0.12","9.52","72.84","2.11","61.11","0.82","28.57","0.04","0","0.12","0.94","37.5","0.23","100","0.23","1.17","80","","","0","0","","",""
"V. Lunddal Fridriksson","Sweden 1.","Häcken","RB","24","1500000","2028-06-30","10","744","3","2.18","0","0.8","Iceland","right","191","8.95","6.53","59.26","1.21","60","0.85","6.61","0.36","0.26","0","9","1.09","66.67","33.333","2.18","33.33","1.94","50","3.27","37.04","2.3","2.54","0.36","44.52","83.15","14.4","70.59","4.23","37.14","0.1","0.12","0.73","5.32","68.18","1.81","53.33","1.33","7.14","69.49","","","0","0","","",""
"J. Rinne","Sweden 1.","Djurgården","GK","32","900000","2028-12-31","9","738","0","0","0","0","Sweden","left","188","1.46","0","0","0.85","100","0","1.75","0","0","0","0","0","0","0","0","0","0","0","0.12","0","0","0","0","19.63","80.75","12.32","71.29","8.41","59.42","0","0","0","2.93","50","0","0","0","6.83","69.64","1.59","4.76","66.67","1.26","-2.68","-0.327","1.71"
"K. Höög Jansson","Sweden 1.","IFK Norrköping","LCB, LDMF","25","400000","2028-06-30","14","737","1","0.58","1","0.3","Belgium","left","189","8.79","5.86","70.83","3.42","53.57","0.73","4.89","0.12","0.07","0","6","0.73","66.67","16.667","0.61","60","0.61","100","2.2","66.67","0.37","0.61","0.24","54.34","85.17","22.71","76.34","10.62","51.72","0.04","0.24","0.12","10.14","67.47","2.32","26.32","0.24","10.99","81.11","","","0","0","","",""
"C. Johansson","Sweden 1.","Värnamo","RW, CF, RWF","27","250000","2026-12-31","23","735","1","0.57","1","0.23","Sweden","right","173","8.45","7.22","57.63","3.43","46.43","0","5.76","0.12","0.07","0","11","1.35","18.18","9.091","3.31","33.33","5.39","50","13.84","38.94","3.43","2.94","0.73","30.61","74.4","7.1","67.24","2.2","50","0.03","0.37","0.12","2.94","58.33","2.57","57.14","0.86","4.65","78.95","","","0","0","","",""
"I. Coulibaly","Sweden 1.","AIK","LCMF, LW","24","1000000","2028-05-31","10","734","2","1.79","0","0.18","Mali","right","183","8.83","5.4","59.09","3.07","44","0","5.51","0.25","0.22","0","18","2.21","22.22","11.111","0","0","1.96","75","7.85","43.75","1.1","0.37","0.12","47.33","92.49","9.07","70.27","4.29","71.43","0.02","0.12","0.25","4.17","76.47","1.23","60","0.74","4.17","76.47","","","0","0","","",""
"T. Ayari","Sweden 1.","AIK","LW, RW, CF","20","0","2028-12-31","15","730","0","0.55","2","0.35","Sweden","right","177","8.51","9.62","58.97","1.85","20","0","3.25","0","0.07","0","7","0.86","28.57","0","0.49","0","4.93","45","12.7","33.98","2.1","1.85","0.74","26.38","78.04","8.75","61.97","1.73","71.43","0.04","0.37","0.37","2.96","66.67","2.71","59.09","1.6","4.44","69.44","","","0","0","","",""
"K. Sims","Sweden 1.","GAIS","GK","22","0","2028-12-31","8","725","0","0","0","0","New Zealand","right","194","1.61","0.12","0","0.62","60","0","1.87","0","0","0","0","0","0","0","0","0","0.12","100","0.12","100","0","0","0","16.51","78.2","10.92","67.05","8.44","61.76","0","0","0","3.35","48.15","0.74","0","0","6.58","75.47","1.37","3.72","63.33","1.14","-1.86","-0.231","1.37"
"E. Salomonsson","Sweden 1.","IFK Göteborg","RB, LB, RW","36","200000","","16","724","0","0.42","3","0.96","Sweden","right","182","8.83","6.46","61.54","2.36","26.32","0.12","5.73","0","0.05","0","8","0.99","12.5","0","2.98","25","1.24","80","3.36","44.44","1.49","0.99","0.62","28.84","68.1","11.31","60.44","3.23","46.15","0.12","0.12","0.25","4.1","60.61","3.36","29.63","0.5","5.72","65.22","","","0","0","","",""
"C. Jebara","Sweden 1.","Västerås SK","RWF, LWF, RW","22","350000","2027-12-31","16","722","0","1.23","1","1.02","Sweden","right","180","3.99","5.36","51.16","2.49","30","0","1.4","0","0.15","0","18","2.24","22.22","0","4.99","32.5","6.36","58.82","11.47","43.48","5.48","2.87","0.62","26.3","74.41","4.86","71.79","0.62","40","0.13","0.12","0.62","0.87","85.71","3.37","51.85","0.75","2.99","87.5","","","0","0","","",""
"J. Ali","Sweden 1.","Västerås SK","CF","26","300000","2025-12-31","13","703","1","6.63","0","0.34","Sweden","right","202","1.28","1.02","62.5","4.86","31.58","0","0.73","0.13","0.85","0","29","3.71","20.69","3.448","0","0","1.54","50","13.19","32.04","4.61","0.77","0","17.03","75.94","3.58","64.29","0.38","0","0.04","0.38","0.13","2.3","66.67","1.15","44.44","1.02","1.02","75","","","0","0","","",""
"P. Therkildsen","Sweden 1.","Djurgården","RB, RAMF","27","400000","2027-06-30","13","698","0","0.29","0","0.46","Denmark","right","190","10.19","9.67","68","1.55","66.67","0.26","4.33","0","0.04","0","5","0.64","40","0","1.81","35.71","1.03","37.5","3.61","35.71","1.55","0.52","0","35.46","76.73","12.89","58","3.48","48.15","0.06","0","0.13","5.29","63.41","1.93","33.33","0.64","6.83","67.92","","","0","0","","",""
"L. Olden Larsen","Sweden 1.","Häcken","LAMF, LCMF, LW","27","600000","2027-06-30","11","695","1","0.65","0","0","Norway","right","175","4.27","3.24","56","2.85","31.82","0.13","3.52","0.13","0.08","0","21","2.72","28.57","4.762","2.72","9.52","2.98","65.22","7.9","45.9","2.2","1.68","0.26","31.73","78.78","6.86","71.7","1.29","40","0","0","0","1.17","77.78","2.98","26.09","0.78","4.14","62.5","","","0","0","","",""
"Montader Madjed","Sweden 1.","Hammarby","RAMF, RWF","20","0","2028-12-31","15","680","0","0.63","3","2.04","Sweden","left","182","4.1","4.1","67.74","0.66","40","0","2.06","0","0.08","0","10","1.32","20","0","5.03","21.05","11.12","48.81","19.59","41.22","3.31","5.56","0.26","41.56","81.85","5.56","73.81","0.13","0","0.27","0","0.66","1.46","72.73","3.44","34.62","0.53","2.78","71.43","","","0","0","","",""
"D. Kruse","Sweden 1.","IFK Göteborg","RCMF, RDMF, LDMF","23","700000","2028-12-31","11","650","0","0.5","0","0.29","Denmark","right","185","8.72","8.58","59.68","1.52","27.27","0.14","4.02","0","0.07","0","6","0.83","0","0","1.11","62.5","1.11","50","4.57","33.33","0.83","0.42","0","32.54","85.53","6.51","74.47","2.08","46.67","0.04","0.14","0.14","2.91","66.67","1.52","54.55","0.55","3.18","52.17","","","0","0","","",""
"T. Stavitski","Sweden 1.","Mjällby","RWB, LWB, LB","26","200000","2028-12-31","11","649","1","1.34","3","2.66","Finland","right","180","7.21","6.24","68.89","2.08","20","0","3.57","0.14","0.19","0","16","2.22","31.25","6.25","4.58","36.36","4.3","67.74","9.01","49.23","2.63","3.61","0.83","30.51","76.36","5.69","78.05","1.39","50","0.37","0","0.97","2.08","73.33","3.74","55.56","0.97","4.71","76.47","","","0","0","","",""
"J. Lindberg","Sweden 1.","GAIS","LCMF, RCMF","36","100000","","20","643","2","1.66","1","1.36","Sweden","left","177","7.7","7.56","53.7","2.38","23.53","0.14","3.82","0.28","0.23","0.14","20","2.8","30","10","3.22","21.74","2.66","26.32","8.12","36.21","3.08","0.98","0.14","44.23","80.06","13.3","70.53","3.5","32","0.19","0.42","0.98","7.42","58.49","4.2","50","1.4","6.44","76.09","","","0","0","","",""
"M. Baggesen","Sweden 1.","IFK Norrköping","LB","22","0","","14","640","0","0.26","0","0.72","Denmark","left","177","8.02","7.87","58.93","1.97","28.57","0","3.91","0","0.04","0","4","0.56","25","0","3.38","41.67","1.13","62.5","3.52","44","0.56","1.13","0.56","32.2","76.86","11.53","63.41","3.52","36","0.1","0.14","0.14","3.52","48","2.95","38.1","0.14","5.48","66.67","","","0","0","","",""
"R. Örqvist","Sweden 1.","Brommapojkarna","AMF, CF, LWF","27","400000","2026-12-31","16","636","1","1.02","0","0.73","Sweden","right","184","7.36","8.49","50","4.53","43.75","0.42","3.57","0.14","0.14","0","8","1.13","25","12.5","1.7","33.33","1.42","30","6.93","26.53","2.83","0.42","0.57","31.84","81.33","8.35","72.88","1.98","42.86","0.1","0.14","0.57","3.54","76","1.56","45.45","0.71","4.95","77.14","","","0","0","","",""
"E. Chilufya","Sweden 1.","Häcken","CF","26","1500000","2028-12-31","11","635","2","1.73","1","0.92","Zambia","right","171","2.27","2.98","57.14","2.27","31.25","0","0.76","0.28","0.24","0","10","1.42","40","20","0.57","0","1.42","40","7.37","15.38","4.39","1.56","1.13","12.47","80.68","1.56","81.82","0.28","50","0.13","0.28","0.28","0.43","66.67","0.57","75","0.85","1.28","44.44","","","0","0","","",""
"H. Radetinac","Sweden 1.","Djurgården","LAMF, RW, RB","40","150000","","17","635","0","0.37","1","0.43","Bosnia and Herzegovina","right","187","8.08","6.24","68.18","3.69","46.15","0.28","4.51","0","0.05","0","5","0.71","20","0","0.85","0","1.7","58.33","7.51","37.74","2.55","1.42","0","30.76","79.72","9.07","75","2.27","43.75","0.06","0.28","0.28","3.12","77.27","1.7","41.67","0.99","5.53","79.49","","","0","0","","",""
"P. Frick","Sweden 1.","Elfsborg","CF, RWF","33","250000","2026-12-31","16","622","3","2.28","1","0.52","Sweden","right","182","4.92","5.64","38.46","7.52","32.69","0.14","2.95","0.43","0.33","0.14","13","1.88","46.15","23.077","0.14","100","0","0","5.5","34.21","3.47","0.43","0","14.32","68.69","4.05","57.14","1.16","50","0.07","0.14","0.29","1.59","63.64","1.3","22.22","0.29","1.45","50","","","0","0","","",""
"M. Svensson","Sweden 1.","Kalmar","LW, LWF, CF","27","400000","2026-12-31","13","615","0","0.84","0","0.94","Sweden","right","176","6.15","5.56","50","3.37","43.48","0.15","4.51","0","0.12","0","8","1.17","25","0","2.78","21.05","2.49","41.18","8.05","21.82","2.78","2.2","0.59","27.95","66.49","8.93","45.9","2.05","21.43","0.14","0.15","0","2.93","45","3.22","31.82","1.17","4.39","70","","","0","0","","",""
"K. Khazeni","Sweden 1.","IFK Norrköping","CF, AMF","30","300000","","15","615","0","0.79","0","0.99","Sweden","right","185","4.24","4.98","61.76","1.46","60","0.29","1.36","0","0.12","0","9","1.32","44.44","0","1.32","22.22","3.8","50","12","35.37","2.49","2.2","0.44","20.49","70.71","5.85","60","2.05","71.43","0.14","0.59","0.44","2.93","60","2.93","45","1.61","3.37","69.57","","","0","0","","",""
"H. Offia","Sweden 1.","Västerås SK","AMF, RWF, LWF","25","350000","2025-12-31","17","613","3","1.97","0","0.71","Nigeria","right","175","4.26","5.14","54.29","2.79","42.11","0","1.91","0.44","0.29","0.15","13","1.91","46.15","23.077","2.06","28.57","3.08","38.1","8.96","24.59","2.64","0.44","0.59","18.65","80.31","2.2","66.67","0.44","0","0.1","0","0.44","0.29","100","1.62","45.45","1.03","1.91","46.15","","","0","0","","",""
"V. Djukanović","Sweden 1.","Hammarby","LAMF, LW, LWF","21","0","2027-12-31","12","612","2","1.34","1","0.47","Montenegro","right","184","2.94","2.5","47.06","1.62","9.09","0.15","2.54","0.29","0.2","0","19","2.79","47.37","10.526","3.24","18.18","7.35","56","17.65","39.17","2.94","3.38","0.74","23.68","73.29","2.65","22.22","2.06","42.86","0.07","0.15","0.15","0.59","50","1.91","38.46","0.59","1.76","50","","","0","0","","",""
"L. Shabani","Sweden 1.","IFK Norrköping","LAMF, LW, RW","26","250000","2025-12-31","16","610","0","0.27","2","1.08","Sweden","right","175","6.2","6.2","61.9","1.92","15.38","0.15","2.41","0","0.04","0","5","0.74","60","0","3.25","31.82","4.57","51.61","9.59","33.85","1.62","3.54","1.18","28.18","79.58","7.52","70.59","1.92","76.92","0.16","0.15","0.59","2.51","70.59","3.54","41.67","0.59","3.54","66.67","","","0","0","","",""
"H. Sjögrell","Sweden 1.","Sirius","RAMF, RW, RWF","24","275000","2025-12-31","14","594","0","1","0","1.87","Sweden","left","179","4.7","4.39","55.17","1.52","20","0","2.82","0","0.15","0","14","2.12","28.57","0","6.21","36.59","8.94","59.32","16.67","42.73","3.33","1.97","0.3","28.48","68.09","5.91","58.97","3.94","46.15","0.28","0.76","1.06","3.18","61.9","6.21","51.22","1.36","6.67","79.55","","","0","0","","",""
"J. Kindberg","Sweden 1.","Kalmar","GK","31","150000","2025-12-31","7","593","0","0","0","0","Sweden","right","184","2.73","0","0","0.15","100","0","3.09","0","0","0","0","0","0","0","0","0","0","0","0.15","100","0","0","0","24.44","89.44","14.42","83.16","8.65","70.18","0","0","0","1.97","53.85","0.15","100","0.15","5.46","83.33","2.28","5.46","58.33","2.12","-1.02","-0.155","1.52"
"E. Makolli","Sweden 1.","Malmö FF","RCB, RB","20","0","2028-12-31","11","591","0","0.1","0","0","Sweden","right","186","8.68","6.4","61.9","2.59","47.06","0.46","6.67","0","0.02","0","4","0.61","0","0","1.22","87.5","1.52","60","5.63","51.35","0.61","1.07","0.3","51.78","87.65","16.9","75.68","2.74","38.89","0","0","0","5.03","75.76","1.37","55.56","0.15","6.55","60.47","","","0","0","","",""
"I. Jönsson","Sweden 1.","Västerås SK","LCB, CB, RCB","26","200000","2027-12-31","15","578","1","0.27","0","0","Sweden","right","194","9.5","4.98","71.88","7.32","59.57","0.78","7","0.16","0.04","0","4","0.62","75","25","0.16","0","0.47","0","1.25","25","2.02","0.62","0","28.18","88.95","9.81","77.78","0.78","60","0","0","0","3.58","78.26","0","0","0.62","3.74","66.67","","","0","0","","",""
"M. Olsson","Sweden 1.","Malmö FF","LB, LCB","37","250000","2025-12-31","15","566","0","0.46","0","0.82","Sweden","left","180","7.31","4.45","67.86","5.09","68.75","0.32","8.21","0","0.07","0","7","1.11","0","0","4.29","44.44","1.27","62.5","4.13","46.15","2.07","4.61","0.64","69.17","89.89","23.53","85.81","2.39","46.67","0.13","0.16","0.16","7.47","93.62","4.13","57.69","1.11","11.61","73.97","","","0","0","","",""
"M. Fenger","Sweden 1.","Hammarby","LCB, RCB","35","250000","2026-06-30","13","564","0","0.18","0","0","Denmark","right","185","9.1","7.02","52.27","3.03","63.16","0.48","7.67","0","0.03","0","2","0.32","0","0","0.16","0","0.16","100","0.64","50","0.8","0.48","0.16","72.77","92.32","27.29","85.38","5.43","52.94","0","0","0.16","5.27","75.76","0.32","0","0.16","7.82","71.43","","","0","0","","",""
"S. Jørgensen","Sweden 1.","Malmö FF","RW, RAMF, AMF","25","1200000","2027-12-31","15","557","1","0.66","1","0.71","Denmark","left","178","5.82","5.66","62.86","0.65","0","0","3.93","0.16","0.11","0","5","0.81","40","20","2.59","18.75","2.42","40","5.17","37.5","3.23","1.13","0","39.91","85.02","7.92","79.59","0.65","75","0.11","0.16","0.32","1.62","80","2.26","64.29","1.13","5.33","63.64","","","0","0","","",""
"Pedro Ribeiro","Sweden 1.","Västerås SK","LCMF, RCMF, LCB","35","100000","2027-12-31","25","552","1","1.4","0","0.92","Brazil","left","193","10.92","6.68","75.61","5.38","54.55","0.98","8.5","0.16","0.23","0","7","1.14","57.14","14.286","1.96","33.33","1.96","75","7.17","31.82","1.14","1.47","0.33","44.84","81.82","17.61","77.78","3.42","57.14","0.15","0.16","0.49","7.66","80.85","2.28","57.14","0.98","9.29","73.68","","","0","0","","",""
"A. Murbeck","Sweden 1.","Sirius","RCB, CB","27","175000","2026-12-31","16","549","0","0.09","0","0","Sweden","right","192","6.56","4.92","60","6.56","57.5","0.82","5.2","0","0.01","0","1","0.16","0","0","0","0","0","0","1.48","22.22","0.82","0","0","36.07","90.91","10.33","77.78","2.46","66.67","0","0","0","1.15","71.43","0","0","0","4.59","60.71","","","0","0","","",""
"A. Priske","Sweden 1.","Djurgården","CF","21","0","2031-06-30","8","525","0","0.54","0","0.13","Denmark","right","187","3.26","3.09","61.11","7.03","31.71","0.17","1.68","0","0.09","0","6","1.03","0","0","0.51","33.33","0.51","66.67","6.51","39.47","1.71","0.69","0","11.66","73.53","2.4","57.14","0.17","100","0.02","0","0","1.37","75","1.2","42.86","0.51","1.37","62.5","","","0","0","","",""
"M. Bustos","Sweden 1.","Värnamo","CF, RW, RWF","29","250000","2026-12-31","19","525","0","0.21","0","0.74","Canada","left","168","5.14","4.97","68.97","2.4","50","0","1.75","0","0.04","0","5","0.86","20","0","4.46","30.77","4.63","59.26","8.74","45.1","2.74","2.23","0.69","39.26","81.66","8.57","72","3.26","47.37","0.13","0","0.34","3.77","54.55","4.97","51.72","1.37","4.63","85.19","","","0","0","","",""
"V. Andersson","Sweden 1.","AIK","CF, LW, LAMF","21","0","2027-12-31","18","524","0","0.63","0","0.22","Sweden","right","174","6.35","7.9","41.3","2.4","50","0","2.86","0","0.11","0","12","2.06","16.67","0","3.44","25","6.7","51.28","15.46","38.89","4.29","3.95","0.86","24.73","71.53","5.32","48.39","1.2","42.86","0.04","0.52","0.52","1.89","54.55","2.92","41.18","0.86","2.06","83.33","","","0","0","","",""
"A. Ljungberg","Sweden 1.","Sirius","LAMF, LWF, LW","20","0","2029-12-31","15","507","0","0.87","1","0.72","Sweden","left","180","6.04","7.1","57.5","1.24","28.57","0","2.59","0","0.15","0","7","1.24","42.86","0","3.91","36.36","5.15","68.97","9.41","45.28","4.08","2.84","0.89","22.37","77.78","3.2","50","0","0","0.13","0","0.53","0.89","20","2.66","40","1.07","2.31","76.92","","","0","0","","",""
"J. Ceesay","Sweden 1.","IFK Norrköping","RW, RAMF, RB","27","500000","2027-06-30","6","505","0","0.16","1","0.69","Sweden","right","184","5.17","6.06","41.18","1.43","37.5","0.18","2.77","0","0.03","0","3","0.53","0","0","3.39","31.58","3.39","63.16","11.76","33.33","2.32","2.67","0.53","26.02","72.6","7.66","53.49","2.85","43.75","0.12","0","0.18","1.43","62.5","1.43","37.5","0.71","3.39","68.42","","","0","0","","",""
"F. Mrozek","Sweden 1.","Brommapojkarna","GK","22","200000","","5","503","0","0","0","0","Poland","right","192","0.54","0.36","0","0.54","100","0","0.61","0","0","0","0","0","0","0","0","0","0","0","0","0","0","0","0","14.85","79.52","7.34","60.98","5.73","50","0","0","0","1.43","37.5","0.36","0","0","3.94","68.18","2.15","5.19","58.62","1.64","-2.84","-0.508","1.25"
"E. Bećirović","Sweden 1.","GAIS","CF, LWF, RWF","25","150000","2025-12-31","17","502","1","1.72","0","0.33","Sweden","right","181","6.27","7.35","48.78","2.87","18.75","0.18","2.94","0.18","0.31","0","10","1.79","40","10","2.87","43.75","1.61","66.67","5.56","35.48","4.3","1.79","0.9","13.8","71.43","2.15","33.33","0.72","0","0.06","0","0.18","0.54","33.33","1.25","42.86","0.36","2.51","57.14","","","0","0","","",""
"K. Nordfeldt","Sweden 2.","AIK","GK","36","250000","","30","3007","0","0","0","0","Sweden","right","188","0.84","0.09","0","0.15","100","0","1.09","0","0","0","0","0","0","0","0","0","0.03","0","0.15","60","0","0","0","16.7","84.95","8.92","76.17","6.05","64.36","0","0","0","1.65","49.09","0.27","22.22","0.03","4.28","66.43","1.14","3.71","69.35","1.14","0.17","0.005","1.08"
"A. Jensen","Sweden 2.","Brommapojkarna","RWB, RB","24","900000","2028-12-31","30","2980","2","1.58","5","5.59","Denmark","right","180","6.49","6.13","53.69","1.06","34.29","0.12","3.87","0.06","0.05","0","29","0.88","20.69","6.897","4.53","38","1.69","60.71","6.46","41.59","1.39","2.69","0.94","49.62","83.69","13.71","75.33","3.93","58.46","0.17","0.63","0.82","5.62","75.27","4.95","53.66","1.48","8.52","79.79","","","0","0","","",""
"O. Jansson","Sweden 2.","IFK Norrköping","GK","35","250000","","30","2977","0","0","0","0","Sweden","right","187","2.15","0.06","50","0.45","100","0","2.55","0","0","0","0","0","0","0","0","0","0","0","0.09","100","0","0","0","18.17","85.19","9.16","73.27","6.92","65.94","0","0","0","1.72","45.61","0.09","33.33","0.03","4.47","73.65","1.36","4.81","71.7","1.3","-1.98","-0.06","1.3"
"P. Johansson","Sweden 2.","Djurgården","RB","30","900000","2027-12-31","30","2968","0","0.33","1","1.77","Poland","right","185","8.04","6.61","63.3","1.94","50","0.36","4.66","0","0.01","0","9","0.27","0","0","1.64","48.15","1.46","41.67","4.15","41.61","0.79","2.15","1.21","49.15","87.79","16.53","80.55","3.12","55.34","0.05","0.12","0.3","5.58","76.63","1.94","62.5","0.58","8.34","78.18","","","0","0","","",""
"D. Ólafsson","Sweden 2.","Kalmar","LB, LCB","30","500000","2026-06-30","30","2954","0","0.85","1","1.45","Iceland","left","184","7.04","5.58","58.47","1.98","56.92","0.3","4.66","0","0.03","0","15","0.46","6.67","0","1.98","36.92","1.25","51.22","2.8","45.65","0.94","1.77","0.49","51.06","84.13","17.49","74.22","4.94","48.77","0.04","0.09","0.27","5.42","67.42","2.53","50.6","0.67","9.08","66.78","","","0","0","","",""
"P. Abrahamsson","Sweden 2.","Häcken","GK","37","200000","","30","2943","0","0.02","0","0","Sweden","right","190","2.08","0.09","66.67","0.4","92.31","0","2.67","0","0","0","1","0.03","0","0","0","0","0","0","0.18","66.67","0.03","0","0","20.49","90.45","9.51","82.96","3.88","56.69","0","0","0","0.4","38.46","0","0","0","3.27","58.88","1.19","4.07","70.68","1.14","-1.72","-0.053","1.16"
"S. Holmén","Sweden 2.","Elfsborg","RCB","33","750000","2026-12-31","29","2884","1","0.88","0","0.22","Sweden","right","188","7.77","4.24","58.09","3.62","57.76","0.59","6","0.03","0.03","0.03","8","0.25","25","12.5","0.09","0","0.22","42.86","0.84","51.85","0.75","0.28","0.03","42.69","85.31","16.98","73.35","8.64","57.76","0.01","0.03","0.06","7.36","64.41","0.94","26.67","0.37","8.64","73.65","","","0","0","","",""
"J. Dahlin","Sweden 2.","Malmö FF","GK","39","250000","2026-12-31","29","2883","0","0","1","0.76","Sweden","right","192","0.97","0.12","50","0.16","100","0","1.47","0","0","0","0","0","0","0","0","0","0","0","0","0","0","0","0.03","13.52","86.84","6.81","75.69","4.65","63.76","0.02","0","0.03","0.75","37.5","0","0","0","3.59","68.7","0.84","2.78","69.66","0.86","0.51","0.016","0.87"
"O. Johansson","Sweden 2.","Värnamo","CF, RCMF","30","800000","2026-12-31","30","2874","5","6.01","6","3.3","Sweden","right","178","6.73","5.86","58.29","1.25","35","0.28","4.23","0.13","0.19","0","52","1.63","38.46","9.615","2.25","29.17","2.88","55.43","7.52","42.5","2.47","2.97","1.66","45.56","80.89","13.84","74.89","2.32","44.59","0.1","0.85","0.31","5.29","74.56","2.85","49.45","1.06","6.45","73.3","","","0","0","","",""
"M. Danielson","Sweden 2.","Djurgården","LCB","36","350000","","29","2873","5","5.01","1","0.1","Sweden","right","192","7.8","4.32","76.09","4.7","67.33","0.44","5.7","0.09","0.16","0.06","21","0.66","38.1","23.81","0.06","100","0.47","86.67","1.44","52.17","0.72","1.16","0.03","59.27","93.29","20.83","87.67","4.26","63.97","0","0","0","6.42","87.8","0.16","40","0.03","7.33","74.79","","","0","0","","",""
"C. Rösler","Sweden 2.","Mjällby","CB, RCB","25","800000","2027-12-31","30","2867","1","0.86","0","0.5","Germany","right","186","8.51","4.58","68.49","2.86","56.04","0.82","6.04","0.03","0.03","0.03","6","0.19","16.67","16.667","0.09","0","0.41","46.15","1.22","41.03","0.53","0.44","0.19","43.26","88.97","16.2","77.71","7.28","64.22","0.02","0","0.06","5.15","71.34","0.41","46.15","0.22","7.35","69.23","","","0","0","","",""
"E. Ahlstrand","Sweden 2.","Halmstad","RW, CF, AMF","24","700000","","29","2864","3","3.19","5","4.76","Sweden","left","184","6.32","5.19","59.39","1.45","34.78","0.16","3.22","0.09","0.1","0","49","1.54","30.61","6.122","2.17","37.68","5.47","47.7","15.87","36.04","2.36","3.02","1.67","31.71","80.48","7.92","73.02","1.51","54.17","0.15","0.28","0.72","2.83","76.67","2.67","57.65","1.45","3.96","73.02","","","0","0","","",""
"Wenderson","Sweden 2.","Värnamo","LCMF, RCMF, DMF","26","600000","2029-06-30","29","2851","0","2.73","0","0.72","Brazil","right","174","8.87","6.47","62.44","1.55","30.61","0.35","6.17","0","0.09","0","32","1.01","37.5","0","0.28","55.56","2.37","52","9.28","39.12","0.47","1.14","0.63","52.06","86.78","13.73","72.41","3.69","48.72","0.02","0.25","0.03","7.17","71.37","1.04","48.48","0.25","6.57","66.83","","","0","0","","",""
"O. Dovin","Sweden 2.","Hammarby","GK","23","2500000","2028-06-30","29","2850","0","0","0","0","England","right","187","1.36","0","0","0.57","88.89","0","1.77","0","0","0","0","0","0","0","0","0","0","0","0.09","100","0","0","0.03","21.57","91.22","8.62","81.32","6.13","72.16","0","0","0","0.44","50","0","0","0","4.36","66.67","1.14","4.01","71.65","1.24","3.32","0.105","1.42"
"R. Sjöstedt","Sweden 2.","Kalmar","LCB, CB, RCB","33","275000","","29","2836","0","0.51","0","0.55","Sweden","right","184","6.73","3.9","65.85","2.6","47.56","0.44","5.09","0","0.02","0","3","0.1","0","0","0.1","100","0.13","50","0.79","28","0.38","0.35","0.1","71.56","93.61","23.36","86.28","4.92","58.06","0.02","0.1","0.06","4.95","75.64","0.41","38.46","0.13","6.66","67.14","","","0","0","","",""
"L. Sætra","Sweden 2.","Kalmar","RCB, CB","34","400000","","29","2833","3","1.67","0","0.51","Norway","right","195","7.31","3.34","62.86","3.3","68.27","0.6","6.36","0.1","0.05","0.1","11","0.35","36.36","27.273","0.16","40","0.29","55.56","0.76","50","0.6","0.51","0","67.32","92.5","21.63","86.2","6.45","60.1","0.02","0","0.03","7.12","75.45","0.64","45","0.19","8.55","74.72","","","0","0","","",""
"Rui Modesto","Sweden 2.","AIK","RW, RWB","26","2000000","2029-06-30","29","2833","6","5.24","2","3.95","Angola","right","180","7.18","5.43","58.48","4.26","48.51","0.06","4.7","0.19","0.17","0.03","45","1.43","33.33","13.333","4.23","31.58","2.54","65","6.73","44.34","3.4","1.87","0.54","34.37","73.48","8.51","54.1","3.34","44.76","0.13","0.13","0.7","2.19","59.42","4.07","44.53","0.98","6.48","65.69","","","0","0","","",""
"Amir Al Ammari","Sweden 2.","Halmstad","LCMF","28","700000","2027-06-30","29","2826","1","2.02","2","3.29","Sweden","left","184","9.36","6.59","50.24","2.29","47.22","0.35","5.65","0.03","0.06","0.03","33","1.05","27.27","3.03","1.43","33.33","1.02","50","2.87","38.89","0.41","0.7","0.38","41.72","81.45","14.08","66.06","5.8","52.75","0.1","0.1","0.25","7.58","65.97","2.64","46.99","0.83","8.25","69.88","","","0","0","","",""
"J. Gustavsson","Sweden 2.","Mjällby","DMF, LCMF","31","450000","2028-12-31","29","2820","0","0.59","0","0.3","Sweden","right","174","12.93","9.22","67.82","1.56","34.69","0.54","7.01","0","0.02","0","10","0.32","30","0","0.22","100","0.45","28.57","3","51.06","0.19","0.22","0.22","40.95","83.71","12.64","65.15","5.68","47.75","0.01","0.19","0.06","6.41","66.17","1.02","53.13","0.48","6.35","64.82","","","0","0","","",""
"H. Valdimarsson","Sweden 2.","Elfsborg","GK","24","2500000","2028-06-30","29","2818","0","0","0","0","Iceland","right","188","2.75","0.06","0","1.09","94.12","0","3.3","0","0","0","0","0","0","0","0","0","0.03","100","0.13","75","0","0","0","19.48","84.26","10.19","73.35","7.25","66.08","0","0","0","2.91","50.55","0.22","0","0","5.72","76.54","0.7","3.1","77.32","0.89","5.83","0.186","3"
"S. Skrabb","Sweden 2.","Kalmar","RWF, RW, AMF","30","1200000","2027-06-30","30","2811","9","6.16","7","5.1","Finland","left","174","6.88","7.14","57.85","2.15","29.85","0.26","2.87","0.22","0.2","0","52","1.66","30.77","17.308","2.91","39.56","1.54","45.83","7.56","38.56","2.24","0.8","0.26","43.64","81.8","10.82","65.98","3.46","49.07","0.16","0.32","0.83","4.83","67.55","3.46","52.78","1.12","6.34","70.71","","","0","0","","",""
"V. Eriksson","Sweden 2.","Värnamo","RCB, CB","25","800000","2028-12-31","29","2792","0","1.07","0","0","Sweden","right","192","10.48","7.12","74.66","5.64","53.14","0.71","6.42","0","0.03","0","6","0.19","66.67","0","0.13","0","0.29","77.78","1.39","39.53","0.48","0.19","0.03","71.05","92.83","20.66","82.84","3.71","45.22","0","0.03","0.03","5.61","72.99","0.23","0","0.06","5.93","64.13","","","0","0","","",""
"N. Hult","Sweden 2.","Elfsborg","LB","35","300000","2026-12-31","29","2782","1","0.54","2","2.61","Sweden","left","173","9.22","7.02","63.59","2.59","47.5","0.16","5.71","0.03","0.02","0","9","0.29","55.56","11.111","2.81","43.68","2.3","69.01","4.56","55.32","1.78","2.98","1.39","45.91","80.55","17.57","68.69","4.85","42","0.08","0.19","0.42","6.6","62.75","3.2","51.52","0.97","8.57","72.45","","","0","0","","",""
"A. Johansson","Sweden 2.","Halmstad","RCB","43","125000","","28","2766","0","0.46","0","0.24","Sweden","right","184","8.13","4.07","70.4","2.54","48.72","0.55","5.17","0","0.02","0","3","0.1","33.33","0","0.1","0","0.2","66.67","0.78","45.83","0.36","0.68","0.33","46.24","89.16","17.31","80.08","6.12","64.89","0.01","0.07","0","5.73","74.43","0.42","30.77","0.13","7.58","66.95","","","0","0","","",""
"E. Grozdanić","Sweden 2.","Värnamo","LCB, LB","26","600000","","29","2765","0","1.32","0","0.25","Sweden","left","184","9.47","4.46","70.07","3.32","52.94","0.85","7.86","0","0.04","0","19","0.62","21.05","0","0.16","20","0.33","50","1.66","47.06","0.33","0.36","0.03","68.32","90.85","25.71","81.14","6.12","39.89","0.01","0.03","0.03","6.9","65.57","1.01","25.81","0.2","8.33","69.53","","","0","0","","",""
"O. Wendt","Sweden 2.","IFK Göteborg","LB","40","250000","","28","2762","1","0.98","3","2.42","Sweden","left","181","7.56","4.82","54.73","1.99","57.38","0.33","5.84","0.03","0.03","0","8","0.26","62.5","12.5","1.89","39.66","0.49","66.67","1.53","36.17","1.11","0.26","0.1","35","79.52","13.95","66.82","4.79","47.62","0.08","0.26","0.26","4.53","55.4","2.35","43.06","0.42","7.49","73.04","","","0","0","","",""
"N. Besara","Sweden 2.","Hammarby","AMF, RCMF","34","800000","2027-12-31","29","2716","9","7.19","10","6.52","Sweden","right","182","3.21","2.82","48.24","0.76","30.43","0.23","2.29","0.2","0.24","0","76","2.52","36.84","11.842","2.12","35.94","1.23","59.46","5","43.71","2.42","0.89","0.13","38.67","83.8","9.71","72.35","2.45","66.22","0.22","0.83","0.8","4.31","74.62","3.21","54.64","1.62","5.24","82.28","","","0","0","","",""
"S. Nanasi","Sweden 2.","Malmö FF","AMF, RAMF, LWB","23","8000000","2029-06-30","29","2716","11","7.52","4","4.73","Sweden","right","178","5.6","4.9","60.81","0.76","34.78","0.03","3.97","0.33","0.25","0","66","2.19","48.48","16.667","1.26","28.95","4.08","55.28","8.45","45.88","5","2.72","0.76","50.2","85.81","12.86","75.77","1.52","47.83","0.16","0.86","0.53","4.64","80","3.48","63.81","2.85","6.33","81.68","","","0","0","","",""
"Amadeus Sögaard","Sweden 2.","Brommapojkarna","CB","27","350000","","28","2700","0","0.14","0","0.08","Sweden","right","183","7.77","5.03","64.9","3.43","63.11","0.6","5.3","0","0","0","5","0.17","20","0","0.03","0","0.37","90.91","1.97","50.85","0.03","0.57","0.27","56.5","89.38","15.7","72.61","7.03","50.24","0","0.03","0","5.3","64.15","0.47","21.43","0.07","6.97","57.42","","","0","0","","",""
"S. Gustafson","Sweden 2.","Häcken","DMF","30","0","","29","2689","1","0.92","5","6.41","Sweden","right","186","6.56","4.55","52.94","1.34","60","0.4","5.04","0.03","0.03","0","16","0.54","37.5","6.25","1.14","55.88","0.64","31.58","4.38","55.73","0.84","2.11","0.44","82.2","91.53","26.68","85.82","6.89","71.84","0.21","0.54","0.5","14.53","86.18","3.21","63.54","1.57","12.65","85.45","","","0","0","","",""
"E. Bouzaiene","Sweden 2.","Degerfors","RB, RWB","28","0","2027-06-30","28","2678","2","3.75","2","2.86","Sweden","right","180","8.27","7.06","63.33","1.81","51.85","0.24","4.25","0.07","0.13","0.03","26","0.87","38.46","7.692","4.4","35.88","3.29","59.18","6.99","53.37","1.68","1.85","0.64","33.78","76.92","9.21","68.61","3.13","51.61","0.1","0.27","0.47","3.16","72.34","3.97","41.53","0.67","7.19","74.3","","","0","0","","",""
"A. Traustason","Sweden 2.","IFK Norrköping","LDMF, LCMF","32","900000","2026-12-31","28","2654","9","6.96","1","1.79","Iceland","right","183","8.61","5.87","61.27","3.22","52.63","0.27","5.46","0.27","0.24","0.03","55","1.87","47.27","16.364","0.78","52.17","1.73","60.78","4.58","49.63","1.22","1.83","0.98","36.76","83.95","10.21","64.78","3.7","46.79","0.06","0.07","0.14","5.26","64.52","1.76","50","0.68","5.02","71.62","","","0","0","","",""
"I. Kiese Thelin","Sweden 2.","Malmö FF","CF","33","2200000","2027-06-30","28","2642","16","15.94","1","1.65","Sweden","right","189","2.59","2.32","57.35","4.94","37.24","0.14","1.9","0.41","0.54","0.1","66","2.25","42.42","24.242","0.1","0","0.37","45.45","5.96","21.71","4.02","0.17","0.07","11.55","76.4","2.08","54.1","0.1","33.33","0.06","0.14","0.31","0.68","55","0.55","50","0.89","0.75","63.64","","","0","0","","",""
"A. Ståhl","Sweden 2.","Mjällby","LWB, CF, LB","31","750000","2027-12-31","29","2629","3","3.06","1","1.95","Sweden","right","187","8.15","4.79","67.14","5.65","56.36","0.1","5.37","0.1","0.1","0.03","25","0.86","44","12","1.68","38.78","2.33","63.24","5.72","41.32","2.94","1.64","0.58","25.06","76.09","7.15","65.07","1.99","50","0.07","0.03","0.34","1.85","64.81","1.68","53.06","0.89","4.38","60.94","","","0","0","","",""
"S. Leach Holm","Sweden 2.","Brommapojkarna","LCMF, DMF","28","1000000","2027-12-31","27","2619","1","2.13","6","4.54","Sweden","right","185","7.04","5.57","52.47","0.82","50","0.38","4.77","0.03","0.07","0","34","1.17","38.24","2.941","1.41","53.66","1.03","63.33","5.02","39.73","0.45","1.1","0.17","72.03","87.45","23.61","76.56","10.31","58","0.16","0.24","0.27","13.88","73.51","2.92","45.88","0.76","11.55","81.55","","","0","0","","",""
"G. Svensson","Sweden 2.","IFK Göteborg","RCB","38","200000","","26","2608","1","1.37","0","0.19","Sweden","right","184","7.87","5.04","70.55","3.73","56.48","0.66","4.66","0.03","0.05","0.03","14","0.48","14.29","7.143","0.14","25","0.35","70","1.21","48.57","0.59","0.28","0.1","44.21","89.93","21.43","83.57","6.56","65.26","0.01","0.07","0.03","6.56","76.32","0.35","40","0.21","8.49","80.89","","","0","0","","",""
"S. Peña","Sweden 2.","Malmö FF","RDMF, RCMF, LDMF","30","0","2028-12-31","29","2607","1","1.51","1","2.21","Peru","right","178","9.53","8.04","65.24","1.73","44","0.14","5.58","0.03","0.05","0","41","1.42","26.83","2.439","1.04","20","1","62.07","4.8","45.32","0.41","0.79","0.07","86.27","88.16","30.45","80.27","7.53","54.59","0.08","0.45","0.21","14.5","75","3.07","35.96","0.69","13.6","81.98","","","0","0","","",""
"V. Larsson","Sweden 2.","Värnamo","RB, RCB","25","600000","","29","2600","0","1.18","2","2.42","Sweden","right","183","11.39","8.76","64.82","2.87","48.19","0.35","6.62","0","0.04","0","12","0.42","0","0","0.9","42.31","1.07","58.06","4.26","40.65","1.07","3.15","1","59.26","86.86","24.16","81.23","3.84","45.95","0.08","0.21","0.28","7.2","78.85","1.52","50","0.73","8.9","70.43","","","0","0","","",""
"M. Rygaard","Sweden 2.","Häcken","RCMF","34","700000","2026-12-31","29","2597","7","6.41","10","7.75","Denmark","left","176","5.89","6.2","47.49","1.66","35.42","0.28","3.39","0.24","0.22","0","62","2.15","32.26","11.29","1.59","43.48","2.15","51.61","7.55","34.4","2.25","1.77","0.42","59.61","85.87","15.46","75.56","7.31","66.35","0.27","0.73","0.73","9.05","77.01","4.57","59.09","2.15","9.43","76.84","","","0","0","","",""
"M. Baidoo","Sweden 2.","Elfsborg","AMF, RDMF, CF","26","3000000","2028-06-30","28","2588","5","5.01","5","1.99","Ghana","right","174","5.63","5.49","47.47","1.29","29.73","0.28","3.56","0.14","0.17","0","42","1.46","33.33","11.905","0.56","31.25","2.68","51.95","7.16","38.35","2.02","1.43","0.56","31.92","84.97","8.21","75.85","2.78","60","0.07","0.24","0.28","3.58","75.73","1.74","50","1.08","3.83","78.18","","","0","0","","",""
"N. Törnqvist","Sweden 2.","Mjällby","GK","23","0","","27","2585","0","0","0","0","Sweden","left","195","1.32","0.1","33.33","0.38","72.73","0","1.45","0","0","0","0","0","0","0","0","0","0","0","0.03","100","0","0","0","18.56","87.05","9.3","79.4","6.27","69.44","0","0","0","0.66","57.89","0","0","0","5.4","70.97","1.11","3.79","70.64","1.2","2.35","0.082","1.71"
"E. Hovland","Sweden 2.","Häcken","LCB","36","350000","","27","2578","6","3.22","0","0.05","Norway","right","191","8.41","3.32","68.42","4.05","62.07","1.36","7.84","0.21","0.11","0.17","21","0.73","42.86","28.571","0.03","0","0.14","100","1.19","67.65","1.01","2.44","0.17","62.8","92.16","26.64","88.2","6.91","70.71","0","0","0","11.07","84.23","0.28","12.5","0.03","12.01","84.59","","","0","0","","",""
"D. Stensson","Sweden 2.","Sirius","RDMF, RCMF","28","200000","2027-12-31","27","2566","2","3.22","5","4.02","Sweden","left","178","8.94","9.01","57.2","2.95","38.1","0.35","4.25","0.07","0.11","0","35","1.23","34.29","5.714","1.68","29.17","1.16","51.52","4.66","49.62","1.33","1.09","0.21","57.31","86.9","14.94","73.47","4.7","52.99","0.14","0.84","0.6","7.61","69.12","3.65","47.12","1.05","8.14","77.16","","","0","0","","",""
"Ricardo Friedrich","Sweden 2.","Kalmar","GK","32","0","2026-12-31","27","2543","0","0","0","0","Brazil","right","188","2.55","0.21","0","0.53","100","0","3.12","0","0","0","0","0","0","0","0","0","0.14","50","0.21","50","0","0","0","28.38","87.16","13.63","76.88","8.35","63.98","0","0","0","1.7","31.25","0.11","0","0","5.1","69.44","1.1","4.03","72.81","1.29","5.45","0.193","2.44"
"P. Ofosu-Ayeh","Sweden 2.","Halmstad","RB","34","275000","","27","2538","1","2.51","4","2.78","Germany","right","183","7.84","6.03","58.24","1.84","48.08","0.21","3.99","0.04","0.09","0","16","0.57","25","6.25","4.01","44.25","2.7","55.26","5.18","45.21","1.6","1.91","0.92","38.19","79.29","15.57","71.98","4.36","56.91","0.1","0.11","0.57","4.29","73.55","3.51","58.59","0.57","9.68","76.56","","","0","0","","",""
"A. Eriksson","Sweden 2.","IFK Norrköping","LCB","25","1000000","2026-12-31","27","2538","0","0.56","1","0.88","Sweden","right","188","9.15","6.67","64.89","3.79","47.66","0.6","5.2","0","0.02","0","5","0.18","0","0","0.14","25","0.71","80","1.91","62.96","0.5","0.46","0.07","42.98","90.76","13.55","79.06","4.89","59.42","0.03","0","0.11","3.9","71.82","0.39","45.45","0.21","5.04","65.49","","","0","0","","",""
"A. Carlén","Sweden 2.","IFK Göteborg","DMF, LDMF","25","900000","2027-06-30","28","2521","4","1.83","0","0.05","Sweden","right","193","11.67","8.85","64.92","6.5","54.95","0.57","6.5","0.14","0.07","0","25","0.89","28","16","0.46","38.46","1.5","54.76","6.1","52.63","1","0.32","0.14","37.38","77.46","12.14","55.29","4.96","50.36","0","0.07","0.07","7.03","62.94","1.25","31.43","0.43","6.64","62.37","","","0","0","","",""
"E. Ouma Otieno","Sweden 2.","AIK","LB, LWB, LW","29","1200000","2026-12-31","26","2511","1","1.23","1","2.53","Kenya","left","170","6.81","4.73","59.85","1.54","34.88","0.29","5.08","0.04","0.04","0.04","20","0.72","40","5","3.37","26.6","4.62","63.57","10.04","53.21","1.36","4.05","2.54","35.16","82.47","7.46","67.31","2.97","51.81","0.09","0.14","0.5","2.22","74.19","2.94","37.8","0.43","4.73","59.85","","","0","0","","",""
"D. Widgren","Sweden 2.","Sirius","LB","31","600000","","28","2490","1","0.46","1","2.85","Sweden","left","180","8.75","6.14","69.41","1.48","51.22","0.4","5.65","0.04","0.02","0","7","0.25","14.29","14.286","2.46","36.76","0.98","48.15","2.89","36.25","0.65","1.27","0.51","52.66","85.79","18","78.92","4.77","55.3","0.1","0.25","0.36","5.78","73.13","3.07","45.88","0.69","9.47","72.52","","","0","0","","",""
"G. Granath","Sweden 2.","Degerfors","RCB","28","500000","2027-06-30","25","2478","2","1.93","1","1.59","Sweden","right","191","9.3","6.25","68.6","3.78","53.85","0.87","5.57","0.07","0.07","0","12","0.44","50","16.667","0.54","60","0.87","50","2.32","37.5","1.09","0.62","0.29","38.14","80.67","17.14","72.03","7.85","52.31","0.06","0.04","0.15","5.05","61.87","0.84","34.78","0.25","8.46","56.65","","","0","0","","",""
"T. Heggem","Sweden 2.","Brommapojkarna","LCB, LB","26","500000","2029-06-30","28","2465","1","1.28","0","0.07","Norway","left","185","7.92","5.4","65.54","4.86","58.65","0.47","5.25","0.04","0.05","0.04","12","0.44","33.33","8.333","0.91","32","0.95","88.46","2.81","55.84","0.44","1.53","0.47","51.85","88.73","21.51","82.85","4.86","57.14","0","0.07","0.04","6.5","75.84","1.17","43.75","0.37","8.58","71.91","","","0","0","","",""
"D. Eid","Sweden 2.","IFK Norrköping","RB","27","700000","2027-07-31","27","2458","0","0.61","3","3.69","Norway","right","183","10.11","6.96","61.58","2.93","52.5","0.26","5.98","0","0.02","0","11","0.4","36.36","0","3.11","41.18","1.39","73.68","3.55","50.52","0.84","1.14","0.26","31.78","73.85","13.77","63.03","3.95","39.81","0.14","0.22","0.55","4.47","59.02","3.11","49.41","0.62","7.84","75.23","","","0","0","","",""
"T. Matthews","Sweden 2.","Sirius","AMF, CF","25","0","2026-12-31","30","2441","10","10.04","9","4.84","South Africa","right","175","7.15","7.12","63.73","2.1","35.09","0.04","2.58","0.29","0.37","0.04","61","2.25","39.34","16.393","1.95","35.85","5.38","36.3","10.1","36.86","2.69","2.88","1.59","23.34","76.78","6.38","70.52","1.22","30.3","0.18","0.59","0.81","2.62","70.42","2.8","55.26","1.22","4.02","73.39","","","0","0","","",""
"L. Fritzson","Sweden 2.","Brommapojkarna","RCMF","30","700000","2026-06-30","28","2425","5","4.35","1","2.5","Sweden","right","187","8.65","7.83","56.87","7.27","51.53","0.33","4.21","0.19","0.16","0.07","39","1.45","30.77","12.821","0.93","40","1.52","53.66","6.05","41.1","2.56","1.08","0.45","23.2","78.88","6.9","64.52","1.78","47.92","0.09","0.15","0.52","3.08","62.65","1.15","51.61","0.63","3.27","62.5","","","0","0","","",""
"M. Lund","Sweden 2.","IFK Norrköping","RCB, CB","29","550000","","26","2421","2","2.39","1","0.04","Denmark","right","183","9.52","5.91","64.15","4.5","47.93","0.78","6.62","0.07","0.09","0.04","15","0.56","26.67","13.333","0.11","0","0.11","33.33","0.71","57.89","1","0.33","0.11","47.66","87.44","18.33","74.04","7.4","61.81","0","0","0.07","6.95","64.71","0.52","35.71","0.3","8.4","74.34","","","0","0","","",""
"Romário","Sweden 2.","Kalmar","RCMF, LCMF","40","200000","","30","2417","0","2.01","2","0.75","Brazil","right","173","8.08","6.52","53.14","1.9","54.9","0.37","5.61","0","0.07","0","32","1.19","34.38","0","0.52","14.29","1.34","55.56","8.53","47.6","0.67","0.56","0","55","87.61","14","72.07","4.28","45.22","0.03","0.26","0.15","6.48","66.09","1.9","47.06","0.71","6.29","67.46","","","0","0","","",""
"E. Kurtulus","Sweden 2.","Hammarby","RCB","25","3500000","2027-06-30","27","2404","0","0.9","0","0.36","Sweden","right","185","7.49","4.12","67.27","2.51","62.69","0.37","5.73","0","0.03","0","8","0.3","12.5","0","0.3","25","0.75","70","2.85","48.68","0.75","1.12","0.15","64.32","90.57","23.96","81.88","8.42","57.33","0.01","0.07","0.04","8.76","73.5","1.27","29.41","0.37","9.96","77.82","","","0","0","","",""
"O. Pettersson","Sweden 2.","Brommapojkarna","RWF, RW, CF","25","800000","2028-06-30","30","2402","9","7.31","3","4.6","Sweden","right","178","2.96","2.74","54.79","0.37","40","0","1.75","0.26","0.27","0","71","2.66","39.44","12.676","5.73","41.83","1.84","48.98","3.26","35.63","3.93","1.8","0.45","26.83","73.88","3.86","57.28","1.99","49.06","0.17","0.22","0.97","1.09","55.17","5.25","55","1.42","5.25","79.29","","","0","0","","",""
"Busanello","Sweden 2.","Malmö FF","LB, LCB","27","2000000","2029-12-31","26","2398","1","1.75","5","5.6","Brazil","left","180","10.13","7.66","68.63","1.69","35.56","0.19","7.52","0.04","0.07","0","19","0.71","42.11","5.263","5.22","35.97","2.29","67.21","6.72","49.72","2.03","2.1","0.41","68.64","84.91","27.44","81.53","4.8","51.56","0.21","0.38","0.94","7.21","78.65","4.54","49.59","0.83","11.93","80.19","","","0","0","","",""
"R. Örqvist","Sweden 2.","Degerfors","RCMF, DMF, RWF","27","400000","2026-12-31","25","2391","4","3.41","1","2.88","Sweden","right","184","9","8.88","52.97","5.19","36.96","0.15","4.71","0.15","0.13","0.04","26","0.98","30.77","15.385","2.3","29.51","2.75","43.84","8.28","33.18","1.77","1.09","0.45","33.43","76.13","10.01","67.29","2.71","52.78","0.11","0.11","0.34","4.07","67.59","2.71","44.44","0.68","5.57","59.46","","","0","0","","",""
"S. Rossbach","Sweden 2.","Degerfors","GK","29","325000","","24","2383","0","0","0","0","Norway","right","189","1.36","0.11","33.33","0.38","90","0","1.53","0","0","0","0","0","0","0","0","0","0","0","0.04","100","0","0","0","13.97","83.78","8.42","76.23","6.68","67.23","0","0","0","3.21","74.12","0.04","0","0","5.55","80.27","1.85","4.91","62.31","1.56","-7.66","-0.289","1.32"
"S. Papagiannopoulos","Sweden 2.","AIK","LCB, CB, RCB","35","300000","","26","2374","1","1.23","0","0.49","Sweden","right","187","7.96","4.09","75","3.9","66.99","0.99","6.33","0.04","0.05","0","9","0.34","33.33","11.111","0","0","0.53","42.86","2.99","50.63","0.64","0.34","0.04","55.58","91","21.04","80.36","5.76","61.84","0.02","0","0.04","5.84","74.68","0.27","14.29","0.08","8.15","74.88","","","0","0","","",""
"C. Gravius","Sweden 2.","Degerfors","LCMF","28","300000","","25","2366","1","0.81","2","1.88","Sweden","left","181","5.25","4.22","53.15","0.72","42.11","0.15","3.36","0.04","0.03","0","11","0.42","18.18","9.091","0.95","40","0.99","73.08","4.07","53.27","0.53","0.38","0.19","39.03","84.31","14.53","76.44","3.88","54.9","0.07","0.38","0.23","6.62","75.29","1.83","56.25","0.8","7.76","76.47","","","0","0","","",""
"P. Dahlberg","Sweden 2.","IFK Göteborg","GK","26","750000","2026-12-31","24","2353","0","0","0","0","Sweden","right","194","1.3","0.04","0","0.46","100","0","1.64","0","0","0","0","0","0","0","0","0","0","0","0.04","100","0","0","0","13.54","84.75","7.76","75.86","5.7","67.11","0","0","0","1.64","41.86","0.11","33.33","0.04","4.4","81.74","1.15","3.82","70","1.11","-0.86","-0.033","1.57"
"J. Voelkerling Persson","Sweden 2.","Sirius","RB, RCB","25","300000","","27","2353","0","1.07","1","0.46","Sweden","right","192","10.63","8.49","57.21","2.87","57.33","0.42","6.85","0","0.04","0","13","0.5","53.85","0","1.03","25.93","0.8","42.86","2.68","31.43","0.73","1.07","0.5","40.51","84.14","13.39","71.14","3.52","50","0.02","0.15","0.11","3.33","63.22","1.19","51.61","0.46","6.85","56.98","","","0","0","","",""
"V. Lind","Sweden 2.","IFK Norrköping","RAMF, LAMF, CF","22","0","2027-12-31","29","2331","6","6.21","1","2.14","Denmark","left","178","7.57","7.49","56.19","2.9","26.67","0","3.74","0.23","0.24","0","75","2.9","30.67","8","3.09","27.5","3.05","56.96","8.53","39.37","2.93","1.35","0.46","22.43","67.81","4.63","53.33","1.81","46.81","0.08","0.12","0.27","1.81","61.7","2.63","39.71","0.66","3.4","69.32","","","0","0","","",""
"Viktor Granath","Sweden 2.","Halmstad","CF","31","500000","2027-12-31","29","2330","9","7.63","1","1.95","Sweden","left","194","4.56","3.75","54.64","15.57","37.97","0.27","2.34","0.27","0.29","0.08","29","1.12","48.28","31.034","0.15","50","0.58","40","7.38","23.04","2.36","0.46","0.04","12.94","66.57","3.17","57.32","0.08","100","0.08","0.23","0.35","1.12","51.72","0.62","43.75","0.54","1.2","58.06","","","0","0","","",""
"A. Milošević","Sweden 2.","AIK","RCB, CB","33","600000","","24","2298","1","1.39","1","0.6","Sweden","right","192","6.23","2.82","68.06","3.8","61.86","0.67","5.02","0.04","0.05","0.04","13","0.51","38.46","7.692","0.04","0","0.27","71.43","1.29","75.76","0.78","0.67","0.16","52.75","90.27","18.84","77.75","6.15","47.13","0.02","0.08","0.12","5.8","60.81","0.67","29.41","0.31","5.72","73.29","","","0","0","","",""
"D. Cornelius","Sweden 2.","Malmö FF","LCB, CB","28","2800000","2028-06-30","25","2288","3","3.51","0","0.52","Canada","left","187","8.61","5.27","64.93","4.68","60.5","0.63","7.95","0.12","0.14","0.08","24","0.94","41.67","12.5","0.2","20","0.59","53.33","2.75","60","0.98","0.31","0","65.65","92.87","24.51","86.36","3.07","48.72","0.02","0.04","0.12","3.58","74.73","0.39","20","0.12","6.41","64.42","","","0","0","","",""
"T. Pettersson","Sweden 2.","Mjällby","LCB","35","250000","2027-12-31","24","2287","3","2.84","0","0.66","Sweden","left","190","8.22","3.11","73.42","5.19","54.55","0.43","6.12","0.12","0.11","0.04","18","0.71","33.33","16.667","0.47","58.33","0.91","78.26","2.24","64.91","0.98","1.1","0.16","41.6","87.13","18.5","79.57","5.55","60.99","0.03","0.04","0.12","5.67","76.39","0.91","52.17","0.2","8.97","71.93","","","0","0","","",""
"J. Okkels","Sweden 2.","Elfsborg","LAMF, LW","26","0","2028-12-31","30","2280","11","7.87","6","4.48","Denmark","right","183","5.17","4.89","59.68","1.03","26.92","0","2.42","0.36","0.31","0","57","2.25","52.63","19.298","4.3","38.53","4.38","62.16","8.29","46.19","3.43","3","1.58","30.83","78.87","6.2","74.52","1.3","69.7","0.18","0.28","0.75","1.34","79.41","4.18","55.66","1.3","4.82","81.97","","","0","0","","",""
"C. Nyman","Sweden 2.","IFK Norrköping","CF","33","800000","2030-12-31","26","2274","8","6.77","3","1.26","Sweden","right","185","4.71","3.6","61.54","6.97","39.2","0.16","2.91","0.32","0.27","0.16","45","1.78","42.22","17.778","0.4","40","1.42","52.78","7.24","33.33","3.25","1.07","0.55","12.86","75.38","3.01","55.26","0.28","42.86","0.05","0.2","0.32","1.27","53.13","0.79","35","0.59","1.15","58.62","","","0","0","","",""
"M. Fenger","Sweden 2.","Mjällby","CF","24","900000","2027-12-31","30","2259","6","5.92","2","1.14","Denmark","right","182","5.22","5.54","62.59","6.85","38.95","0.12","1.84","0.24","0.24","0.12","45","1.79","37.78","13.333","0.52","23.08","2.99","48","10.28","31.4","2.71","1.47","0.52","13.75","77.68","2.79","62.86","0.4","70","0.05","0.04","0.12","0.88","68.18","0.72","55.56","0.4","1.55","56.41","","","0","0","","",""
"M. Heier","Sweden 2.","Sirius","RAMF, LAMF, AMF","24","1000000","2027-06-30","26","2257","4","3.89","5","2.69","Sweden","right","181","5.74","4.98","54.4","0.76","15.79","0.32","3.82","0.16","0.16","0","51","2.03","33.33","7.843","1.36","32.35","4.15","52.88","9.25","49.57","2.63","3.35","1.99","34.65","84.7","8.49","77.46","1.52","60.53","0.11","0.36","0.56","2.87","80.56","1.95","61.22","1.04","4.23","73.58","","","0","0","","",""
"D. Campos","Sweden 2.","Degerfors","CF, LWF","30","650000","","27","2256","6","5.75","3","4.62","Costa Rica","right","178","3.31","2.51","49.21","0.96","29.17","0.08","2.21","0.2","0.23","0","56","2.23","35.71","10.714","2.67","32.84","3.31","59.04","9.22","47.62","2.39","2.15","0.8","26.77","82.56","4.63","75.86","1.8","66.67","0.18","0.08","0.44","2.11","79.25","1.95","51.02","0.52","3.71","76.34","","","0","0","","",""
"O. Berg","Sweden 2.","Malmö FF","AMF, CF","32","1000000","2026-12-31","25","2251","5","7.55","7","5.26","Norway","right","178","4.64","4.56","67.54","1.52","10.53","0","2.03","0.08","0.3","0","47","1.88","31.91","10.638","1.08","33.33","1.8","48.89","6.44","32.3","3.32","1.16","0.28","33.59","86.55","7.28","76.92","0.72","61.11","0.21","0.48","0.52","3.36","88.1","2.04","66.67","1.28","3.52","76.14","","","0","0","","",""
"J. Widell Zetterström","Sweden 2.","Djurgården","GK","27","2500000","2027-06-30","23","2222","0","0","0","0","Sweden","right","197","1.66","0.12","66.67","0.12","100","0","1.9","0","0","0","0","0","0","0","0","0","0.04","100","0.04","100","0","0","0","14.14","80.52","8.63","70.42","5.47","51.85","0","0","0","1.62","45","0.12","0","0","4.05","65","0.93","3.24","71.25","1.11","4.46","0.181","1.34"
"J. Lindner","Sweden 2.","Varbergs","RCB, RB","34","125000","2026-12-31","24","2219","1","1.07","1","0.06","Sweden","right","193","10.63","7.42","56.83","4.38","49.07","0.77","7.22","0.04","0.04","0","13","0.53","30.77","7.692","0.41","10","0.32","75","1.7","54.76","0.97","0.45","0.08","38.69","81.87","16.43","71.11","6.89","55.88","0","0","0.04","6.94","67.84","0.85","28.57","0.2","8.44","67.79","","","0","0","","",""
"K. Mammar","Sweden 2.","Degerfors","LCB, LB","29","325000","2027-06-30","28","2214","1","1.41","0","1.11","Sweden","left","180","8.46","5.08","73.6","3.13","59.74","0.93","5.07","0.04","0.06","0","20","0.81","15","5","2.72","50.75","1.95","64.58","4.19","49.51","0.93","1.18","0.61","36.38","78.88","14.15","66.09","8.58","56.4","0.05","0.12","0.2","6.14","66.23","2.97","56.16","0.41","9.8","70.54","","","0","0","","",""
"J. Gyau","Sweden 2.","Degerfors","LB, LWB","33","275000","","26","2212","1","1.02","0","2.11","United States","left","175","6.23","5.21","64.84","1.18","31.03","0.16","3.12","0.04","0.04","0","21","0.85","42.86","4.762","2.2","33.33","5.86","54.86","10.9","44.78","1.67","2.97","1.22","27.06","84.36","7.08","77.01","1.22","46.67","0.09","0.08","0.37","1.95","70.83","1.75","48.84","0.49","3.34","68.29","","","0","0","","",""
"V. Hammershøy-Mistrati","Sweden 2.","IFK Norrköping","AMF, RCMF","33","400000","2027-06-30","27","2190","5","4.41","6","2.03","Denmark","right","177","7.93","6.25","71.05","2.47","31.67","0.08","3.64","0.21","0.18","0","36","1.48","36.11","13.889","1.64","42.5","1.11","59.26","4.11","40","1.85","0.78","0.49","24.33","78.21","7.4","69.44","1.77","46.51","0.08","0.33","0.37","3.08","73.33","1.93","55.32","0.53","3.74","73.63","","","0","0","","",""
"H. Zackrisson","Sweden 2.","Varbergs","LCB, CB","31","250000","2026-12-31","27","2164","2","0.75","1","0.19","Sweden","right","189","11.02","6.74","53.09","4.57","50.91","0.96","7.97","0.08","0.03","0.08","8","0.33","50","25","0","0","0.08","100","1","41.67","1.08","0.42","0.04","31.73","85.19","14.1","79.06","5.37","57.36","0.01","0","0.04","3.62","64.37","0.33","62.5","0.33","6.36","61.44","","","0","0","","",""
"E. Salomonsson","Sweden 2.","IFK Göteborg","RB","36","200000","","25","2156","2","1.57","2","1.68","Sweden","right","182","8.01","7.22","57.8","2.38","43.86","0.38","4.28","0.08","0.07","0","25","1.04","40","8","4.22","35.64","1.63","48.72","3.8","40.66","1.13","1.63","1.04","31.06","73.52","11.65","70.97","3.42","52.44","0.07","0.33","0.63","3.84","63.04","4.17","47","0.79","8.35","76","","","0","0","","",""
"J. Rasheed","Sweden 2.","Värnamo","GK","34","200000","","22","2156","0","0","0","0","Sweden","right","191","1.67","0.21","60","0.21","100","0","1.98","0","0","0","0","0","0","0","0","0","0","0","0.08","100","0","0","0","19.33","87.04","10.56","78.26","5.51","55.3","0","0","0","1.67","42.5","0.21","0","0","3.76","68.89","1","4.59","78.18","1.18","4.23","0.177","1.17"
"G. Engvall","Sweden 2.","Värnamo","CF, LW","29","900000","2027-06-30","26","2156","11","5.68","1","1.81","Sweden","right","185","4.55","4.38","60.95","0.83","20","0.13","2.16","0.46","0.24","0","43","1.79","55.81","25.581","1.21","24.14","6.47","47.74","15.24","37.81","3.34","1.92","1.13","17.07","72.86","3.21","61.04","0.46","27.27","0.08","0.29","0.29","1.29","67.74","1.09","61.54","0.63","1.84","61.36","","","0","0","","",""
"K. Ackermann","Sweden 2.","Brommapojkarna","RCB, LWB, LCMF","24","700000","2026-07-31","28","2144","3","1.56","0","1.57","Sweden","right","179","9.36","7.72","54.89","3.99","53.68","0.42","5.82","0.13","0.07","0","14","0.59","35.71","21.429","0.71","41.18","1.34","65.63","6.63","48.73","1.6","1.47","0.97","44.29","88.25","13.14","77.32","2.56","60.66","0.07","0.17","0.25","4.66","72.07","1.85","59.09","1.05","5.21","71.77","","","0","0","","",""
"J. Allansson","Sweden 2.","Halmstad","RCMF, LW","33","250000","","29","2138","0","1.14","1","1.82","Sweden","right","174","9.39","7.16","65.29","2.1","46","0.34","4.47","0","0.05","0","9","0.38","33.33","0","0.76","55.56","0.42","60","2.19","44.23","0.59","0.46","0.17","30.18","85.91","7.7","68.85","2.57","52.46","0.08","0.13","0.17","3.41","75.31","0.97","60.87","0.29","4.67","63.96","","","0","0","","",""
"S. Hausner","Sweden 2.","IFK Göteborg","LCB, RCB, RB","25","700000","2028-06-30","24","2136","1","0.84","0","0.14","Denmark","right","188","8.89","5.6","56.39","4.63","50","0.93","6.75","0.04","0.04","0","8","0.34","25","12.5","0.93","18.18","0.17","50","1.1","26.92","0.97","0.8","0.25","36.28","76.89","16.52","62.24","7.25","48.26","0.01","0.04","0.08","5.1","50.41","1.26","26.67","0.21","7.5","63.48","","","0","0","","",""
"M. Eriksson","Sweden 2.","Djurgården","LCMF, LDMF","35","300000","","29","2115","1","1.97","4","5.73","Sweden","left","181","5.91","5.96","55","0.85","40","0.13","3.24","0.04","0.08","0","35","1.49","31.43","2.857","4.26","42","2.26","50.94","6.6","48.39","1.45","0.68","0.26","59.87","80.45","19.79","67.96","7.28","50.88","0.24","0.6","0.94","10.21","67.08","5.45","44.53","1.57","9.66","80.62","","","0","0","","",""
"S. Strand","Sweden 2.","Hammarby","LB, RB, RWB","32","400000","","26","2112","0","0.37","0","1.08","Sweden","right","175","8.31","6.43","54.97","2.3","42.59","0.21","5.79","0","0.02","0","14","0.6","28.57","0","1.79","42.86","1.92","66.67","5.07","52.94","0.77","1.96","0.6","43.08","84.27","15.09","76.27","4.3","51.49","0.05","0.09","0.47","5.16","68.6","2.13","42","0.34","7.33","72.09","","","0","0","","",""
"J. Karlsson","Sweden 2.","Kalmar","RB, RCMF","24","450000","2028-12-31","26","2111","0","0.59","1","1.4","Sweden","right","172","8.61","7.89","61.62","1.11","61.54","0.26","4.3","0","0.03","0","13","0.55","15.38","0","2.13","14","1.96","54.35","5.84","48.18","1.58","1.75","0.72","43.23","83.93","10.57","71.37","2.22","46.15","0.06","0.17","0.34","2.94","71.01","2.26","43.4","0.9","4.9","60.87","","","0","0","","",""
"J. Löfgren","Sweden 2.","Brommapojkarna","RCB, CB","28","700000","2027-06-30","26","2110","1","1.82","1","0.25","Sweden","right","194","8.1","5.29","63.71","4.78","57.14","0.51","5.55","0.04","0.08","0.04","12","0.51","33.33","8.333","0.17","25","0.3","28.57","1.79","30.95","0.94","0.17","0.17","51.06","88.81","19.07","78.52","7.76","57.14","0.01","0","0.04","7.59","67.98","0.85","15","0.21","7.81","77.05","","","0","0","","",""
"S. Korač","Sweden 2.","Degerfors","CB","24","900000","2029-06-30","25","2106","1","1.66","0","0.19","Luxembourg","right","191","11.67","6.71","70.06","5.38","66.67","1.54","7.06","0.04","0.07","0","6","0.26","66.67","16.667","0.09","50","0.64","66.67","2.56","50","0.47","0.13","0.04","42.22","89.57","12.48","77.05","4.87","63.16","0.01","0","0.09","4.57","69.16","0.43","20","0.04","5.9","66.67","","","0","0","","",""
"M. Olsson","Sweden 2.","Halmstad","LB","37","100000","","23","2092","0","2.64","1","1.55","Sweden","left","180","5.51","3.27","56.58","3.57","55.42","0.39","3.68","0","0.11","0","11","0.47","36.36","0","2.28","33.96","0.6","57.14","1.16","48.15","0.95","0.43","0.17","30.63","81.18","11.53","74.25","4.26","58.59","0.07","0.09","0.34","3.74","67.82","2.32","44.44","0.3","6.8","74.68","","","0","0","","",""
"G. Norlin","Sweden 2.","IFK Göteborg","LAMF, CF, LWF","29","600000","2026-06-30","29","2088","2","4.13","1","1.84","Sweden","left","183","4.44","4.44","59.22","4.14","33.33","0.04","1.97","0.04","0.18","0","26","1.12","42.31","7.692","1.94","37.78","1.51","57.14","5.69","39.39","3.15","0.73","0.6","20.39","73.15","4.4","64.71","0.34","37.5","0.08","0.34","0.39","1.12","53.85","2.07","60.42","1.21","2.76","60.94","","","0","0","","",""
"R. Schüller","Sweden 2.","Djurgården","DMF, LDMF","34","500000","","23","2085","1","0.98","1","1.27","Finland","left","177","10.75","9.11","63.51","2.68","50","0.13","5.09","0.04","0.04","0","19","0.82","31.58","5.263","1.17","55.56","0.73","70.59","3.24","52","0.69","0.26","0.13","69.41","89.12","16.4","77.89","6.91","57.5","0.05","0.13","0.22","9.5","75.45","2.16","58","0.78","8.2","75.79","","","0","0","","",""
"S. Pinas","Sweden 2.","Hammarby","LCB, LB","27","1200000","2028-06-30","24","2071","0","0.61","1","0.63","Netherlands","left","182","9.78","5.82","73.13","2.65","47.54","0.48","7","0","0.03","0","15","0.65","33.33","0","1.83","28.57","0.87","70","2","45.65","0.78","1.43","0.43","59.01","82.55","28.2","75.35","8.47","47.18","0.03","0.48","0.17","11.34","68.2","2.65","36.07","0.48","12.95","73.83","","","0","0","","",""
"J. Baffo","Sweden 2.","Halmstad","LCB, RCB","33","450000","","21","2069","0","0.18","0","0","Ghana","right","183","7.96","3.04","70","3.22","52.7","0.96","5.95","0","0.01","0","1","0.04","0","0","0.09","50","0.13","66.67","0.78","44.44","0.3","0.04","0.04","46.24","88.43","15.83","74.45","5.74","52.27","0","0.04","0","4.74","56.88","0.52","33.33","0.17","6.7","66.23","","","0","0","","",""
"I. Lushaku","Sweden 2.","Varbergs","LCMF, LDMF","25","750000","2026-12-31","25","2049","0","1.65","5","4.37","Sweden","right","177","6.9","6.28","62.24","1.89","46.51","0.09","3.42","0","0.07","0","39","1.71","10.26","0","1.67","42.11","3.34","53.95","7.82","43.26","0.7","2.15","0.57","40.01","85.51","13.7","79.17","2.94","61.19","0.19","0.44","0.53","6.11","76.98","2.9","63.64","0.92","7.16","82.82","","","0","0","","",""
"N. Eile","Sweden 2.","Mjällby","RCB, LCB","23","0","","24","2048","1","2.11","2","1.23","Sweden","right","195","8.79","5.27","70","2.42","63.64","0.44","5.68","0.04","0.09","0","17","0.75","29.41","5.882","0.57","46.15","1.58","55.56","3.38","42.86","0.97","2.15","0.4","44.08","84.65","17.27","75.83","5.93","57.04","0.05","0.18","0.22","5.01","68.42","1.32","70","0.62","8.83","70.15","","","0","0","","",""
"J. Haliti","Sweden 2.","AIK","LCB, LB","29","500000","","21","2040","0","0.64","2","0.41","Sweden","right","187","5.6","4.15","69.15","1.28","58.62","0.35","3.43","0","0.03","0","14","0.62","14.29","0","1.06","45.83","2.38","66.67","4.85","59.09","0.79","2.87","1.06","53.25","90.39","19.54","86.23","3.84","72.41","0.02","0.09","0.22","6.49","82.99","1.32","60","0.44","9.49","81.4","","","0","0","","",""
"H. Johansson","Sweden 2.","Mjällby","RWB, RB","28","0","2029-06-30","26","2035","2","2.51","4","1.9","Sweden","right","190","9.6","9.6","52.53","4.86","50","0.09","4.88","0.09","0.11","0.04","22","0.97","45.45","9.091","2.96","41.79","3.54","58.75","8.76","44.44","2.52","2.39","1.11","28.84","76.84","7.92","56.98","2.57","43.1","0.08","0.04","0.53","1.9","48.84","2.61","62.71","0.8","5.17","65.81","","","0","0","","",""
"J. Persson","Sweden 2.","Sirius","CF, LAMF, RAMF","23","1200000","2029-12-31","26","2032","10","9.02","3","3.92","Sweden","right","183","4.61","4.92","56.76","1.86","23.81","0.04","2.05","0.44","0.4","0.04","52","2.3","50","19.231","1.15","46.15","4.61","58.65","11.03","42.17","3.5","1.86","0.62","13.69","77.99","2.13","64.58","0.62","57.14","0.17","0.22","0.58","0.97","50","1.46","51.52","1.06","1.51","79.41","","","0","0","","",""
"A. Brorsson","Sweden 2.","Mjällby","RCMF, LCMF, RCB","26","400000","2027-06-30","29","2016","2","2.8","1","0.71","Sweden","right","188","9.78","7.54","68.05","4.91","54.55","0.27","5.09","0.09","0.13","0","12","0.54","25","16.667","0.49","45.45","0.36","62.5","2.95","39.39","1.47","0.76","0.18","37.23","82.49","12.46","68.1","4.24","51.58","0.03","0.09","0.09","4.55","59.8","1.07","41.67","0.4","5.76","61.24","","","0","0","","",""
"F. Sidklev","Sweden 2.","Brommapojkarna","GK","20","0","2028-06-30","20","1983","0","0","0","0","Sweden","right","190","2","0.14","66.67","0.77","94.12","0","2.2","0","0","0","0","0","0","0","0","0","0","0","0.05","100","0","0","0","14.89","86.59","8.44","76.88","5.45","67.5","0","0","0","0.77","35.29","0.09","0","0","3.95","72.41","1.32","4.36","69.79","1.25","-1.39","-0.063","2.04"
"M. Baggesen","Sweden 2.","IFK Norrköping","LB","22","0","","28","1981","0","0.45","3","1.81","Denmark","left","177","7.81","6.5","55.94","1.77","28.21","0.23","4.63","0","0.02","0","10","0.45","30","0","3.04","52.24","2.86","49.21","5.27","43.1","0.68","1.54","0.77","34.39","75.69","15.22","66.27","4.41","37.11","0.08","0.14","0.45","4.72","55.77","3.27","52.78","0.64","9.18","67.82","","","0","0","","",""
"S. Sandberg","Sweden 2.","Häcken","RCB, RB","31","700000","2026-12-31","25","1972","1","0.52","0","0.79","Sweden","right","186","7.26","4.75","63.46","2.19","45.83","0.41","5.28","0.05","0.02","0.05","5","0.23","20","20","1.6","25.71","0.32","71.43","0.82","44.44","0.91","1.51","0.14","61.11","90.07","23.82","86.02","5.34","72.65","0.04","0","0.14","7.99","85.71","1.51","42.42","0.37","10.82","80.59","","","0","0","","",""
"V. Bergh","Sweden 2.","Värnamo","LB, LWB","26","500000","2027-12-31","28","1959","1","0.53","0","0.45","Sweden","left","172","8.04","6.48","52.48","2.21","29.17","0.23","5.37","0.05","0.02","0","12","0.55","33.33","8.333","1.75","28.95","2.43","54.72","6.34","44.93","1.38","1.93","0.69","36.75","78.75","10.38","68.14","1.65","33.33","0.02","0.09","0.05","3.22","70","1.47","53.13","0.55","5.79","52.38","","","0","0","","",""
"R. Gojani","Sweden 2.","Kalmar","DMF, RCMF","33","450000","","23","1932","0","0.4","0","1.34","Sweden","right","174","7.36","5.87","62.7","0.61","38.46","0.33","3.82","0","0.02","0","10","0.47","30","0","0.61","38.46","0.61","76.92","2.98","60.94","0.28","0.75","0.05","56.74","90.64","16.68","81.01","4.61","64.65","0.06","0.37","0.28","8.29","80.9","2.75","50.85","1.12","7.59","80.98","","","0","0","","",""
"N. Girmai Netabay","Sweden 2.","Kalmar","LCMF, LWB, RWF","31","450000","","29","1932","2","1.76","1","0.55","Sweden","left","172","9.04","7.13","61.44","1.4","36.67","0.33","4.97","0.09","0.08","0","14","0.65","28.57","14.286","2.19","23.4","1.77","65.79","6.01","45.74","2.1","1.77","0.7","42.48","83.99","8.39","70.56","2.14","56.52","0.03","0.09","0.28","3.35","69.44","2.24","39.58","0.65","5.26","62.83","","","0","0","","",""
"S. Thern","Sweden 2.","Värnamo","CF, LWF, LW","33","350000","2027-12-31","23","1908","1","1.84","2","2.49","Sweden","right","181","4.62","4.67","59.6","1.04","36.36","0.05","2.22","0.05","0.09","0.05","18","0.85","22.22","5.556","1.6","32.35","2.78","33.9","7.69","34.97","2.69","2.36","1.37","33.58","80.06","11.27","67.36","2.36","50","0.12","0.9","0.42","4.86","65.05","3.25","55.07","1.46","4.86","83.5","","","0","0","","",""
"D. Krasniqi","Sweden 2.","Varbergs","CF","22","0","2028-12-31","23","1906","6","9.09","2","1.57","Sweden","right","184","3.54","5.01","45.28","3.49","17.57","0.05","1.45","0.28","0.43","0","49","2.31","38.78","12.245","0.66","21.43","4.25","45.56","11.99","30.31","3.64","2.22","0.76","16.57","78.92","3.78","72.5","0.28","16.67","0.07","0.14","0.33","1.61","61.76","0.9","52.63","0.52","1.42","70","","","0","0","","",""
"D. Hümmet","Sweden 2.","Kalmar","CF, LWF","29","0","2027-06-30","30","1888","9","5.01","1","1.32","Sweden","right","189","4.62","4.34","51.65","2.1","43.18","0.1","2.76","0.43","0.24","0","47","2.24","61.7","19.149","0.48","30","2.34","38.78","8.29","27.59","2.96","1.05","0.48","20.97","84.55","3.62","69.74","0.76","68.75","0.06","0.43","0.19","1.86","76.92","1.14","58.33","0.95","1.86","74.36","","","0","0","","",""
"T. Ali","Sweden 2.","Malmö FF","LAMF, RWB, RAMF","27","1800000","2026-12-31","30","1887","6","6.17","6","4.04","Sweden","right","174","5.96","5.72","61.67","0.43","11.11","0","4.01","0.29","0.29","0","41","1.96","39.02","14.634","4.05","29.41","10.49","58.18","17.79","44.24","6.63","8.01","2.96","44.31","80.84","8.87","77.42","0.57","50","0.19","0.57","1","1.57","81.82","5.34","64.29","3.67","5.39","84.96","","","0","0","","",""
"S. Ohlsson","Sweden 2.","Degerfors","LCB, DMF, RCMF","33","200000","","21","1885","0","0.47","1","0.22","Sweden","right","186","9.45","6.54","65.69","1.91","70","0.48","5.69","0","0.02","0","10","0.48","30","0","0.38","37.5","1.29","62.96","2.77","44.83","0.72","0.72","0.19","44.12","90.48","16.57","83.57","5.35","66.96","0.01","0","0.05","5.59","82.05","0.62","61.54","0.19","6.88","68.75","","","0","0","","",""
"N. Mohammed","Sweden 2.","Halmstad","CF, LW","29","1000000","","26","1877","8","7.24","1","1.11","Ghana","right","175","5.56","5.75","57.5","3.69","28.57","0.1","2.22","0.38","0.35","0.05","43","2.06","41.86","18.605","0.96","35","4.17","51.72","12.95","33.33","3.02","2.11","1.29","18.08","84.35","2.88","68.33","1.1","65.22","0.05","0.05","0.29","1.29","62.96","1.15","54.17","0.62","1.77","64.86","","","0","0","","",""
"A. Ademi","Sweden 2.","Värnamo","RW, CF, RWF","26","750000","","27","1875","3","2.48","3","3.01","Albania","right","173","4.08","3.98","44.58","0.86","11.11","0.05","2.82","0.14","0.12","0","37","1.78","32.43","8.108","2.98","38.71","10.9","52.86","18.53","44.3","3.5","7.1","1.78","36.53","82.26","7.01","68.49","0.77","50","0.14","0.48","0.67","1.78","67.57","4.42","56.52","1.92","4.51","78.72","","","0","0","","",""
"A. Zeljković","Sweden 2.","Värnamo","CF","28","600000","2026-12-31","28","1870","7","8.26","0","1.16","Sweden","right","181","2.84","2.74","52.63","1.2","28","0.1","1.9","0.29","0.4","0","59","2.84","42.37","11.864","0.34","0","1.97","53.66","6.79","46.1","3.27","1.68","0.67","24.02","86.57","4.72","73.47","1.06","59.09","0.06","0.14","0.14","2.17","68.89","1.11","52.17","0.91","2.55","71.7","","","0","0","","",""
"M. Rajović","Sweden 2.","Kalmar","CF","26","2500000","2029-06-30","20","1842","7","6.19","1","0.24","Denmark","right","189","3.27","1.86","65.79","4.64","38.95","0.34","2.62","0.34","0.3","0.1","43","2.1","48.84","16.279","0.49","0","0.83","70.59","5.72","32.48","2.69","0.68","0.1","12.46","69.41","2.1","65.12","0.59","50","0.01","0.1","0.1","1.07","54.55","0.64","30.77","0.54","1.32","51.85","","","0","0","","",""
"V. Lunddal Fridriksson","Sweden 2.","Häcken","RB, LB","24","1500000","2028-06-30","22","1841","0","0.97","1","1.89","Iceland","right","191","9.58","5.92","56.2","2.35","60.42","0.49","8.46","0","0.05","0","13","0.64","15.38","0","2.84","32.76","2.35","64.58","4.94","49.5","1.66","1.52","0.49","55.83","84.06","18.58","75","5.04","51.46","0.09","0.24","0.39","5.92","76.03","2.44","48","0.39","10.12","67.15","","","0","0","","",""
"J. Tånnander","Sweden 2.","Sirius","GK","25","225000","2027-06-30","19","1823","0","0","0","0","Sweden","left","191","1.73","0.1","100","0.44","88.89","0","2.1","0","0","0","0","0","0","0","0","0","0","0","0","0","0","0","0","17.08","85.55","8.79","75.28","5.04","55.88","0","0","0","1.14","39.13","0.15","0","0","4.05","59.76","1.38","3.9","64.56","1.31","-1.55","-0.077","1.83"
"T. Waker","Sweden 2.","Brommapojkarna","LWB, LB","31","300000","","21","1819","1","1.27","2","0.86","Sweden","right","189","9.25","6.63","66.42","0.89","44.44","0.2","5.97","0.05","0.06","0","11","0.54","45.45","9.091","1.19","41.67","5.24","60.38","13.06","43.18","1.78","2.97","1.63","38.59","82.44","11.13","76.44","2.77","51.79","0.04","0.35","0.25","3.17","76.56","1.78","52.78","0.89","6.09","69.11","","","0","0","","",""
"H. Finndell","Sweden 2.","Djurgården","RCMF, RDMF","25","1000000","2028-12-31","24","1791","5","4.17","0","1.59","Sweden","right","177","6.93","7.29","47.59","2.06","56.1","0.25","3.45","0.25","0.21","0.05","31","1.56","41.94","16.129","0.85","41.18","0.8","50","3.62","34.72","2.01","0.25","0.2","47.29","85.76","11.36","69.03","4.37","58.62","0.08","0.3","0.25","5.63","78.57","1.96","43.59","0.4","6.28","64.8","","","0","0","","",""
"R. Amane","Sweden 2.","Häcken","LCMF","22","0","2029-06-30","23","1781","3","4.04","2","3.08","Côte d'Ivoire","right","176","7.43","7.02","60.43","1.97","46.15","0.1","3.94","0.15","0.2","0.05","27","1.36","37.04","11.111","0.51","20","3.49","49.28","11.17","40.72","2.38","2.22","1.52","50.48","87.19","14.5","78.05","1.52","46.67","0.16","0.35","0.56","5.1","80.2","2.78","65.45","1.92","5.2","80.58","","","0","0","","",""
"J. Bångsbo","Sweden 2.","IFK Göteborg","LCB","22","0","2028-06-30","19","1780","0","0.52","0","0.69","Sweden","left","191","7.08","4.3","72.94","2.63","46.15","0.3","4.62","0","0.03","0","4","0.2","50","0","0.1","0","0.51","70","1.67","48.48","0.46","0.71","0.05","51.52","87.93","21.64","78.97","8.39","56.02","0.03","0","0.05","6.88","62.5","0.76","13.33","0.2","8.7","74.42","","","0","0","","",""
"J. Svedberg","Sweden 2.","Halmstad","RCMF, DMF","26","375000","2026-05-31","24","1779","0","0.5","1","3.18","Sweden","right","179","9.51","7.13","60.99","3.64","50","0.15","5.05","0","0.03","0","15","0.76","13.33","0","1.37","55.56","0.61","41.67","2.38","34.04","0.66","0.15","0.2","49.48","84.56","16.8","71.08","3.54","42.86","0.16","0.15","0.4","5.92","66.67","1.67","48.48","0.3","6.63","68.7","","","0","0","","",""
"H. Näsström","Sweden 2.","Värnamo","RCMF, LCMF, DMF","31","300000","","27","1779","2","2.4","2","0.73","Sweden","right","190","8.6","7.08","56.43","4.15","50","0.51","5.54","0.1","0.12","0","9","0.46","33.33","22.222","0.1","0","0.81","43.75","3.84","30.26","0.91","0.2","0.05","41.74","85.82","11.59","69.87","2.48","40.82","0.04","0.46","0.15","4.86","68.75","1.06","33.33","0.46","4.35","66.28","","","0","0","","",""
"M. Fenger","Sweden 2.","Hammarby","CB, LCB","35","250000","2026-06-30","23","1770","0","0.19","0","0","Denmark","right","185","6.2","2.8","67.27","2.69","52.83","0.46","5.47","0","0.01","0","6","0.31","16.67","0","0.05","100","0.46","100","1.17","78.26","0.25","0.71","0.05","67.58","92.85","23.54","84.45","5.95","60.68","0","0.15","0","5.49","72.22","0.31","33.33","0.05","8.39","72.73","","","0","0","","",""
"S. Gudjohnsen","Sweden 2.","Elfsborg","CF","27","700000","2028-12-31","30","1758","6","8.8","1","1.93","Iceland","left","189","3.53","3.58","42.86","6.71","40.46","0.15","2.17","0.31","0.45","0.05","54","2.76","22.22","11.111","0.67","30.77","1.48","62.07","5.78","38.94","3.38","0.72","0.36","15","74.4","4.86","63.16","0.87","52.94","0.1","0.2","0.41","2.3","66.67","1.02","50","0.82","1.95","71.05","","","0","0","","",""
"L. Sadiku","Sweden 2.","Hammarby","DMF, RCMF, LDMF","34","375000","2026-06-30","24","1757","1","1.03","2","0.68","Kosovo","right","181","8.76","6.76","59.09","3.38","53.03","0.31","5.74","0.05","0.05","0.05","12","0.61","16.67","8.333","0.05","100","0.87","52.94","3.59","45.71","0.46","0.41","0.05","49.17","89.69","13.16","77.82","3.23","58.73","0.03","0.15","0.15","6.25","76.23","0.56","63.64","0.46","5.69","72.97","","","0","0","","",""
"N. Dahlström","Sweden 2.","Varbergs","RCB, CB, LCB","28","225000","","25","1734","1","1.7","0","0.15","Sweden","right","193","9.19","6.44","59.68","5.29","42.16","1.19","5.8","0.05","0.09","0","9","0.47","33.33","11.111","0.05","100","0.52","80","2.49","47.92","1.14","0.21","0.05","30.05","85.84","11.47","76.02","4.41","65.88","0.01","0","0.05","3.17","65.57","0.42","37.5","0.26","5.4","73.08","","","0","0","","",""
"Vinícius Nogueira","Sweden 2.","Varbergs","LB, RB","24","0","2028-12-31","20","1717","0","0.74","2","1.91","Brazil","left","180","8.75","6.13","62.39","1.99","73.68","0.31","4.96","0","0.04","0","14","0.73","28.57","0","4.61","30.68","3.62","57.97","8.39","45","1.73","1.68","0.68","31.82","67.87","12.63","61","4.35","38.55","0.1","0.26","0.47","4.3","57.32","3.88","32.43","0.37","6.97","60.9","","","0","0","","",""
"F. Hammar","Sweden 2.","Hammarby","LCMF, RCMF","24","1200000","2028-06-30","22","1709","1","1.25","0","0.28","Sweden","right","175","11.06","9.43","63.13","2.48","65.96","0.21","5.66","0.05","0.07","0.05","19","1","36.84","5.263","1.11","23.81","1.63","70.97","5.9","49.11","1.47","0.58","0.21","34.76","82.88","10.53","72.5","3.48","53.03","0.01","0.05","0.11","4.32","69.51","1.47","50","0.68","4.53","73.26","","","0","0","","",""
"B. Hussein","Sweden 2.","AIK","RCMF, LCMF","25","1000000","","19","1708","1","2.36","3","2.37","Sweden","right","173","6.85","6.17","65.81","1.37","30.77","0.11","3.53","0.05","0.12","0","28","1.48","28.57","3.571","2","36.84","0.74","57.14","1.69","56.25","1.37","0.9","0.11","48.48","84.24","13.59","73.26","3.27","48.39","0.12","0.21","0.37","6.74","78.13","3.11","50.85","1","7.11","79.26","","","0","0","","",""
"K. Lund","Sweden 2.","Häcken","LB","23","3500000","2028-06-30","19","1706","0","0.81","4","3.34","Denmark","left","184","8.23","5.8","58.18","2.16","56.1","0.26","6.05","0","0.04","0","11","0.58","9.09","0","4.91","27.96","1.9","69.44","5.49","47.12","2.37","1.95","0.9","51.17","82.58","15.19","75","3.11","57.63","0.18","0.16","0.63","4.7","82.02","4.27","38.27","0.74","9.6","73.08","","","0","0","","",""
"V. Karlsson","Sweden 2.","Varbergs","RCMF, RAMF, RW","24","175000","2026-12-31","28","1698","2","1.39","0","2.23","Sweden","left","176","7.95","6.57","54.03","2.07","35.9","0.11","4.42","0.11","0.07","0","32","1.7","21.88","6.25","2.49","34.04","2.86","55.56","6.68","40.48","1.54","1.22","0.42","29.15","72","10.34","58.97","4.03","47.37","0.12","0.11","0.37","5.04","50.53","2.54","47.92","0.85","5.46","70.87","","","0","0","","",""
"H. Castegren","Sweden 2.","Sirius","RCB, CB","29","700000","2027-12-31","17","1671","1","1.05","0","0.1","Sweden","right","185","9.69","4.42","75.61","4.25","54.43","0.86","7.86","0.05","0.06","0.05","6","0.32","33.33","16.667","0.16","0","0.22","50","0.92","41.18","0.65","0.05","0","54.02","89.23","21.01","78.21","8.56","57.86","0.01","0","0.05","5.44","66.34","0.48","11.11","0.11","8.67","68.94","","","0","0","","",""
"K. Karlsson","Sweden 2.","Halmstad","RW, LW","20","0","2028-12-31","24","1670","2","1.07","1","0.67","Sweden","right","184","13.96","14.77","58.76","2.05","31.58","0.49","4.54","0.11","0.06","0","10","0.54","30","20","0.38","57.14","2.16","50","9.7","39.44","1.08","1.08","0.59","25.28","83.16","6.95","68.99","1.46","40.74","0.04","0.16","0.22","2.26","71.43","0.7","61.54","0.43","2.91","55.56","","","0","0","","",""
"Jesper Ceesay","Sweden 2.","IFK Norrköping","RDMF, DMF","24","450000","2028-06-30","22","1668","0","0.75","1","1.05","Sweden","right","193","9.77","6.21","60.87","4.37","59.26","0.27","6.13","0","0.04","0","5","0.27","20","0","0.11","100","0.7","69.23","3.35","45.16","0.59","0.49","0.11","40.95","87.09","13.17","72.54","2.32","65.12","0.06","0.11","0.11","4.96","76.09","0.54","70","0.32","5.5","66.67","","","0","0","","",""
"T. Santos","Sweden 2.","IFK Göteborg","RWF, RB, LWF","27","1200000","2026-06-30","17","1643","1","1.19","5","2.49","Denmark","right","178","9.26","8.11","66.22","2.14","41.03","0.11","4.25","0.05","0.07","0","17","0.93","23.53","5.882","5.31","30.93","5.64","51.46","10.08","42.39","2.96","2.68","1.42","26.73","69.47","8.98","70.12","2.68","53.06","0.14","0.05","0.71","3.34","78.69","4.27","41.03","0.99","4.98","75.82","","","0","0","","",""
"A. Bjarnason","Sweden 2.","Sirius","RB, LW, LAMF","30","350000","2027-11-16","28","1621","2","1.48","3","4.63","Iceland","both","173","8.38","7.27","59.54","1.28","26.09","0.17","4.85","0.11","0.08","0","22","1.22","22.73","9.091","4.72","41.18","3.72","67.16","6.16","57.66","1.89","1.67","0.67","46.58","79.14","11.83","67.14","5.11","56.52","0.26","0.44","0.89","4.83","63.22","4.94","53.93","0.94","9.61","75.14","","","0","0","","",""
"H. Radetinac","Sweden 2.","Djurgården","RWF, RAMF, LAMF","40","150000","","24","1619","3","2.93","1","1.46","Bosnia and Herzegovina","right","187","5.5","5.06","53.85","3.67","46.97","0.06","2.85","0.17","0.16","0.06","24","1.33","41.67","12.5","1.72","29.03","2.84","56.86","11.01","38.38","3.67","1.61","0.61","28.18","78.5","5.17","67.74","1.28","73.91","0.08","0.56","0.39","2.67","64.58","2","55.56","1.06","3.56","76.56","","","0","0","","",""
"A. Qasem","Sweden 2.","Elfsborg","AMF, RAMF, RW","22","1800000","2027-12-31","28","1611","1","2.61","2","2.77","Sweden","left","178","6.98","7.88","58.16","2.68","39.58","0.11","2.86","0.06","0.15","0","23","1.28","30.43","4.348","2.46","38.64","5.47","44.9","12.29","40.45","3.41","3.13","1.17","23.8","80.52","5.98","77.57","0.67","58.33","0.15","0.17","0.67","2.01","86.11","1.96","51.43","1.06","2.57","84.78","","","0","0","","",""
"O. Silverholt","Sweden 2.","Varbergs","RB","31","150000","2026-12-31","26","1608","0","0.79","2","0.92","Sweden","left","176","8.73","7.11","55.12","2.24","40","0.06","5.61","0","0.04","0","16","0.9","12.5","0","3.3","47.46","0.73","53.85","3.02","42.59","1.06","1.01","0.39","34.37","77.52","10.8","58.03","6.21","58.56","0.05","0.28","0.17","4.31","48.05","3.64","41.54","0.5","6.88","71.54","","","0","0","","",""
"A. Mucolli","Sweden 2.","IFK Göteborg","LWF, RWF","26","1500000","2026-12-31","17","1605","6","5.09","2","3.04","Denmark","left","175","6.17","5.83","53.85","1.85","24.24","0.06","3.96","0.22","0.29","0","42","2.36","35.71","14.286","3.48","45.16","6","52.34","12.79","44.74","2.86","1.96","0.84","26.97","76.51","6.67","66.39","1.91","50","0.17","0.34","0.45","2.41","67.44","3.2","61.4","0.95","4.15","79.73","","","0","0","","",""
"N. Adjei","Sweden 2.","Hammarby","LCB, RCB, RB","23","0","2026-06-30","21","1594","1","0.35","0","0.19","Ghana","right","191","9.32","5.87","66.35","4.01","61.97","0.68","6.88","0.06","0.02","0","5","0.28","40","20","0.34","33.33","0.96","76.47","3.05","46.3","0.51","1.52","0.17","52.34","92.13","19.25","86.22","3.95","65.71","0.01","0.06","0","4.8","77.65","0.62","45.45","0.23","7.51","72.93","","","0","0","","",""
"R. Tranberg","Sweden 2.","Varbergs","AMF, RW, RDMF","32","175000","","24","1585","2","1.52","0","1.42","Sweden","right","186","6.76","6.7","51.69","3.41","35","0.06","3.56","0.11","0.09","0.06","16","0.91","37.5","12.5","0.91","43.75","1.36","70.83","7.95","40.71","1.42","0.74","0.28","29.02","78.47","8.57","58.94","1.76","32.26","0.08","0.23","0.17","4.15","56.16","1.31","34.78","0.4","3.41","65","","","0","0","","",""
"V. Djukanović","Sweden 2.","Hammarby","LWF, LW, CF","21","0","2027-12-31","25","1584","11","5.86","0","0.83","Montenegro","right","184","4.55","3.75","56.06","2.05","47.22","0","2.53","0.63","0.33","0","73","4.15","39.73","15.068","1.99","28.57","9.2","55.56","16.31","44.25","4.26","3.52","0.51","24.43","76.98","3.75","51.52","1.88","69.7","0.05","0.23","0.34","2.39","61.9","2.84","34","0.68","2.39","83.33","","","0","0","","",""
"N. Vasić","Sweden 2.","Brommapojkarna","CF","34","300000","2026-12-31","26","1572","5","8.73","1","0.79","Sweden","right","197","2.98","3.72","47.69","7.67","49.25","0.11","1.39","0.29","0.5","0.06","43","2.46","37.21","11.628","0.46","37.5","1.32","39.13","6.13","33.64","3.95","0.23","0","11.56","71.78","2.46","53.49","0.8","50","0.05","0","0.23","1.55","51.85","0.23","25","0.17","1.49","53.85","","","0","0","","",""
"O. Fallenius","Sweden 2.","Djurgården","RWF, RW, LWF","24","800000","2026-12-31","26","1570","2","3.09","3","3.36","Sweden","right","182","7.11","6.82","64.71","1.83","34.38","0.06","3.29","0.11","0.18","0","21","1.2","38.1","9.524","3.04","32.08","5.33","49.46","10.15","38.98","4.18","2.75","1.49","29.52","80.39","5.56","67.01","0.57","40","0.19","0.63","0.69","1.38","62.5","3.55","50","1.26","3.1","75.93","","","0","0","","",""
"M. Karlsson","Sweden 2.","Hammarby","RB, RWB","21","0","2029-12-31","19","1562","1","0.93","1","1.36","Sweden","right","187","9.74","9.16","52.83","1.56","33.33","0.17","6.09","0.06","0.05","0","10","0.58","50","10","1.44","40","1.5","65.38","4.38","43.42","1.09","1.09","0.35","40.1","85.63","14.17","77.24","2.3","50","0.08","0.06","0.23","5.36","83.87","1.67","68.97","0.69","7.2","75.2","","","0","0","","",""
"L. Le Roux","Sweden 2.","Varbergs","RCMF, RDMF","25","600000","2028-06-30","17","1556","2","1.26","0","0.55","South Africa","right","184","9.95","8.21","61.27","2.14","45.95","0.17","5.49","0.12","0.07","0.06","16","0.93","18.75","12.5","0.93","50","0.75","100","3.07","49.06","0.52","0.46","0.06","45.69","86.46","13.77","73.53","3.7","59.38","0.03","0.35","0.17","7.52","75.38","2.14","51.35","0.64","7.75","70.9","","","0","0","","",""
"O. Sverrisson","Sweden 2.","Varbergs","LB","33","175000","","22","1553","0","0.28","0","0.89","Sweden","left","184","9.97","8.06","58.27","4.11","54.93","0.17","5.81","0","0.02","0","10","0.58","20","0","2.78","25","1.39","62.5","3.94","42.65","1.22","1.45","0.58","31.35","75.05","13.1","73.89","3.3","56.14","0.05","0.06","0.23","3.65","68.25","3.13","42.59","0.81","7.53","69.23","","","0","0","","",""
"O. Faraj","Sweden 2.","AIK","CF","23","1200000","2027-06-30","24","1550","3","5.15","0","0.41","Sweden","right","182","4.53","3.89","62.69","6.1","28.57","0.23","2.78","0.12","0.3","0.06","44","2.55","29.55","6.818","0.35","0","4.41","57.89","16.26","40.71","4.18","1.05","0.81","14.11","78.19","3.37","62.07","0.35","33.33","0.02","0.12","0.23","1.16","55","0.7","58.33","0.7","1.05","66.67","","","0","0","","",""
"A. Nalić","Sweden 2.","Hammarby","CF","28","550000","","26","1542","4","2.63","1","1.45","Sweden","right","190","4.26","5.54","49.47","2.33","32.5","0.06","1.95","0.23","0.15","0.06","27","1.58","55.56","14.815","2.45","30.95","4.9","36.9","11.85","31.03","2.33","1.4","0.53","23","78.43","4.03","65.22","0.93","68.75","0.08","0.18","0.41","1.34","73.91","2.68","45.65","0.76","2.98","62.75","","","0","0","","",""
"S. Vecchia","Sweden 2.","Malmö FF","LAMF, CF, LWF","30","1800000","2026-12-31","23","1527","8","4.96","2","1.55","Sweden","right","182","3.12","3.12","54.72","0.24","0","0","2.07","0.47","0.29","0","47","2.77","31.91","17.021","2.12","47.22","6.13","57.69","17.5","40.07","6.19","2.95","0.83","32.83","84.56","5.42","89.13","0.29","60","0.09","0.41","0.35","1.3","81.82","2.65","75.56","1.83","2.77","93.62","","","0","0","","",""
"E. Andersson","Sweden 2.","Djurgården","LB","29","550000","","16","1522","0","0.46","1","2.62","Sweden","left","178","6.74","5.56","62.77","0.95","25","0.06","4.11","0","0.03","0","13","0.77","7.69","0","5.56","39.36","2.54","65.12","4.32","58.9","0.95","2.01","0.83","64.63","81.15","23.89","75.5","7.39","50.4","0.15","0.53","0.83","11.41","72.54","6.21","50.48","1.06","13.01","85","","","0","0","","",""
"A. Salétros","Sweden 2.","AIK","LCMF, RCMF","29","2200000","2028-12-31","16","1497","1","0.71","5","3.62","Sweden","left","183","9.32","7.45","62.1","1.68","39.29","0","5.59","0.06","0.04","0","21","1.26","38.1","4.762","1.98","48.48","2.04","44.12","4.87","37.04","0.66","1.74","0.6","66.91","88.68","20.92","77.87","7.76","60.47","0.22","0.18","0.54","9.32","79.35","3.91","61.54","1.32","9.26","80.52","","","0","0","","",""
"E. Boateng","Sweden 2.","Elfsborg","RDMF, RCMF, LDMF","28","850000","","22","1496","1","0.87","2","0.48","Ghana","right","175","8.96","9.14","57.24","1.56","34.62","0.06","4.66","0.06","0.05","0","27","1.62","14.81","3.704","1.38","34.78","2.47","68.29","8.84","57.14","0.18","0.72","0.36","39.28","82.54","11.61","68.39","5.35","53.93","0.03","0.12","0.18","7.58","72.22","3.07","39.22","0.78","6.8","78.76","","","0","0","","",""
"L. Nielsen","Sweden 2.","Malmö FF","RCB, RB","38","75000","2027-06-30","17","1475","0","0.41","0","0.44","Denmark","right","185","9.88","6.77","68.47","3.42","82.14","0.49","8.15","0","0.03","0","4","0.24","50","0","0.43","28.57","0.37","66.67","1.28","61.9","0.49","0.79","0.37","61.63","89.7","24.1","81.77","5.06","53.01","0.03","0.18","0.06","4.39","69.44","0.73","16.67","0.12","7.44","65.57","","","0","0","","",""
"M. Sonko","Sweden 2.","Häcken","LWF, RWF, LW","20","0","2028-06-30","23","1459","7","5.71","3","1.94","Sweden","right","176","5.24","4.87","63.29","0.93","13.33","0","2.93","0.43","0.35","0","47","2.9","48.94","14.894","2.28","35.14","7.16","57.76","11.84","41.67","5.18","2.9","0.86","21.96","75.84","3.33","53.7","0.86","42.86","0.12","0.19","0.43","0.68","81.82","3.33","53.7","1.73","3.02","65.31","","","0","0","","",""
"A. Lindahl","Sweden 2.","Kalmar","RB, RWB","30","300000","2027-12-31","24","1455","0","0.22","1","2.19","Sweden","right","180","10.27","7.92","64.84","1.48","33.33","0.25","6.78","0","0.01","0","2","0.12","0","0","2.47","22.5","5.01","51.85","9.09","48.3","1.92","3.96","1.98","37.98","80.29","10.89","69.32","2.35","57.89","0.14","0.43","0.37","2.6","73.81","2.78","44.44","1.24","7.24","63.25","","","0","0","","",""
"J. Erabi","Sweden 2.","Hammarby","CF","22","3000000","2029-06-30","23","1443","7","4.95","0","0.47","Sweden","right","183","3.87","2.99","70.83","5.18","34.94","0.19","2.09","0.44","0.31","0.12","33","2.06","39.39","21.212","0.25","50","2.37","52.63","14.41","27.27","3.87","0.94","0.56","10.29","83.03","1.31","71.43","0.12","100","0.03","0.12","0.19","0.37","100","0.56","66.67","0.75","0.56","77.78","","","0","0","","",""
"M. Nilsson Säfqvist","Sweden 2.","Halmstad","GK","32","450000","2027-12-31","16","1441","0","0","0","0","Sweden","right","193","1.25","0.12","0","0.5","100","0","1.22","0","0","0","0","0","0","0","0","0","0.06","0","0.12","50","0","0","0","14.99","74.17","11.49","67.93","10.43","64.07","0","0","0","3.56","52.63","0.25","0","0","7.93","80.31","1.25","4.81","74.03","1.47","3.52","0.22","1.69"
"A. Rømer","Sweden 2.","Elfsborg","LDMF, LCMF","32","1000000","2026-06-30","16","1441","1","1.4","0","1.48","Denmark","right","186","8.93","4.87","56.41","1.5","54.17","0.37","6.8","0.06","0.09","0","17","1.06","29.41","5.882","1.12","38.89","1.56","64","4.93","51.9","1.06","0.69","0.12","42.35","83.33","16.61","75.94","6.12","54.08","0.09","0.37","0.5","8.37","70.9","2.69","34.88","0.75","8.12","80","","","0","0","","",""
"G. Lagerbielke","Sweden 2.","Elfsborg","LCB, RCB","25","2500000","2030-06-30","16","1415","2","1.22","0","0","Sweden","right","193","8.97","5.41","76.47","6.49","62.75","0.57","5.03","0.13","0.08","0.13","8","0.51","37.5","25","0.13","0","0.13","100","1.02","56.25","0.64","0.06","0.06","50.44","86.38","24.36","77.28","12.34","69.59","0","0","0.06","10.05","70.25","1.08","35.29","0.38","11.96","80.32","","","0","0","","",""
"Eliton Júnior","Sweden 2.","Varbergs","LW, LCMF, LAMF","27","300000","","16","1408","3","2.97","0","2.1","Brazil","right","181","7.61","5.82","52.75","6.52","40.2","0","4.62","0.19","0.19","0","28","1.79","35.71","10.714","1.85","44.83","1.79","64.29","7.41","34.48","2.11","0.89","0.26","29.6","78.4","8.69","70.59","2.94","60.87","0.13","0.26","0.19","3.71","58.62","2.49","51.28","0.64","4.86","73.68","","","0","0","","",""
"P. Jansson","Sweden 2.","Malmö FF","RCB","34","1200000","2027-12-31","15","1400","1","1.43","0","0.41","Sweden","right","194","7.52","3.47","74.07","5.14","58.75","0.84","7.37","0.06","0.09","0.06","7","0.45","14.29","14.286","0.19","66.67","0.51","50","1.29","55","1.03","0.51","0.06","59.66","93.21","21.09","86.89","1.8","46.43","0.03","0","0.06","2.89","77.78","0.19","66.67","0.13","5.34","66.27","","","0","0","","",""
"W. Ali","Sweden 2.","Sirius","CF","26","0","2027-12-31","16","1372","10","9.41","0","1.2","Denmark","right","187","3.74","4.26","46.15","5.84","34.83","0.13","2.21","0.66","0.62","0.26","54","3.54","48.15","18.519","0.59","33.33","2.3","37.14","9.64","25.17","4.92","0.98","0.52","12.33","80.32","1.71","84.62","0.52","50","0.08","0","0.26","0.85","84.62","0.33","80","0.59","1.31","65","","","0","0","","",""
"I. Buhari","Sweden 2.","Elfsborg","LCB","24","0","2026-12-31","16","1363","0","0.95","0","0","Nigeria","right","190","9.05","4.42","77.61","4.29","66.15","0.46","6.29","0","0.06","0","6","0.4","33.33","0","0.13","0","0.4","50","1.72","57.69","0.53","0.33","0","44.57","83.85","19.48","71.53","8.39","53.54","0","0","0","6.6","61","0.73","0","0.07","9.84","73.15","","","0","0","","",""
"G. Wikheim","Sweden 2.","Djurgården","LWF, LAMF, LW","32","600000","2027-12-31","22","1356","3","4.54","1","1.85","Norway","right","182","4.51","4.71","52.11","1.39","33.33","0.07","2.61","0.2","0.3","0","40","2.65","22.5","7.5","3.58","35.19","7.5","62.83","15.66","43.64","5.71","4.25","1.73","28.34","78.69","3.65","72.73","0.46","71.43","0.12","0.2","0.66","1","73.33","2.85","65.12","1.26","3.52","69.81","","","0","0","","",""
"O. Rosengren","Sweden 2.","Malmö FF","LCMF, LW, RDMF","22","0","2027-12-31","22","1338","2","1.12","2","1.77","Sweden","right","178","8.34","7.8","62.93","1.48","31.82","0.2","3.79","0.13","0.08","0","27","1.82","25.93","7.407","2.83","42.86","3.63","48.15","8.41","42.4","1.61","1.82","1.14","35.92","80.52","9.22","64.96","4.24","58.73","0.12","0.4","0.54","5.04","66.67","3.7","61.82","1.08","5.85","74.71","","","0","0","","",""
"E. Hagen","Sweden 2.","IFK Göteborg","AMF, RCMF","25","700000","2027-12-31","15","1321","1","2.07","3","2.87","Norway","right","188","5.72","4.43","63.08","1.43","23.81","0.14","3.4","0.07","0.14","0","19","1.29","36.84","5.263","1.84","55.56","1.5","59.09","3.54","40.38","1.7","1.29","0.34","41.63","87.56","11.79","77.46","1.77","57.69","0.2","0.48","0.27","4.84","69.01","2.86","61.9","1.02","5.93","82.76","","","0","0","","",""
"M. Jeng","Sweden 2.","Sirius","LCB, LB","20","0","2029-06-30","20","1318","0","0.25","0","0","Sweden","left","190","8.47","4.37","67.19","3.21","48.94","0.55","6.58","0","0.02","0","1","0.07","0","0","0.07","0","0.27","100","0.82","41.67","0.07","0.41","0.41","48.14","92.34","17.41","86.27","3.62","49.06","0","0","0","4.85","74.65","0.27","25","0.07","6.62","73.2","","","0","0","","",""
"L. Kåhed","Sweden 2.","IFK Göteborg","LCMF, RCMF","23","500000","2026-06-30","19","1316","1","1.28","0","0.44","Sweden","right","167","7.73","7.45","57.8","2.46","27.78","0.21","4.48","0.07","0.09","0","15","1.03","26.67","6.667","0.75","54.55","3.01","54.55","8.07","38.98","0.96","0.96","0.41","23.87","79.37","7.73","65.49","1.37","35","0.03","0.27","0.07","2.46","77.78","1.85","62.96","0.75","3.35","57.14","","","0","0","","",""
"B. Traoré","Sweden 2.","Häcken","CF","23","4000000","2028-06-30","14","1311","12","10.66","3","1.61","Côte d'Ivoire","right","172","2.47","3.71","33.33","1.85","25.93","0.07","1.65","0.55","0.73","0.07","37","2.54","59.46","32.432","0.76","36.36","2.95","34.88","8.17","29.41","4.46","1.1","0.96","10.92","74.21","1.99","62.07","0.21","33.33","0.11","0.14","0.41","0.55","87.5","1.1","43.75","1.44","1.37","65","","","0","0","","",""
"T. Boakye","Sweden 2.","Halmstad","LW, RB, LB","32","0","","21","1306","1","2.23","0","0.21","Ghana","right","172","7.72","6.48","52.13","1.72","36","0.41","4.25","0.07","0.15","0.07","24","1.65","16.67","4.167","1.65","37.5","1.38","35","3.86","25","2","1.17","0.55","22.67","75.68","8.68","64.29","3.51","50.98","0.01","0","0.28","2.83","68.29","2.27","54.55","0.55","4.96","63.89","","","0","0","","",""
"T. Tekie","Sweden 2.","Hammarby","RDMF, RCMF, LDMF","28","800000","2026-12-31","16","1284","2","1.01","0","1.27","Sweden","right","175","7.22","6.59","59.57","0.84","33.33","0.28","4.12","0.14","0.07","0","26","1.82","38.46","7.692","2.03","24.14","3.01","58.14","5.82","53.01","1.33","3.22","1.26","55.16","83.61","17.17","72.24","5.4","54.55","0.09","1.26","0.21","9.25","71.21","4.14","49.15","1.47","9.67","81.88","","","0","0","","",""
"S. Dahl","Sweden 2.","Djurgården","LB","22","0","2029-06-30","13","1276","0","0.31","3","1.85","Sweden","left","174","9.95","7.05","70","1.62","39.13","0.14","5.89","0","0.02","0","7","0.49","0","0","2.75","51.28","1.83","42.31","3.88","49.09","1.76","2.26","1.06","56.92","88.23","20.03","83.45","2.54","58.33","0.13","0","0.49","5.43","80.52","3.39","77.08","1.06","10.65","79.47","","","0","0","","",""
"N. Shamoun","Sweden 2.","Kalmar","LWF, LW, AMF","23","300000","2027-06-30","27","1273","3","3.22","0","0.47","Sweden","right","175","7.28","8.27","57.26","1.34","42.11","0","3.4","0.21","0.23","0","23","1.63","30.43","13.043","3.11","11.36","3.89","58.18","11.38","34.78","2.9","3.25","1.2","33.79","76.78","6.36","57.78","1.06","20","0.03","0.28","0.21","2.26","59.38","2.76","43.59","1.06","3.18","66.67","","","0","0","","",""
"I. Pittas","Sweden 2.","AIK","CF","29","2500000","2028-06-30","13","1268","9","6.73","0","0.76","Cyprus","right","180","3.76","3.26","54.35","3.55","30","0","2.11","0.5","0.48","0","40","2.84","45","22.5","0.35","80","2.56","52.78","6.46","48.35","3.12","0.92","0.14","11.43","77.64","1.63","60.87","0.5","71.43","0.05","0.14","0.21","0.99","71.43","0.71","100","0.71","1.06","66.67","","","0","0","","",""
"M. Thychosen","Sweden 2.","AIK","RB","28","1000000","2027-12-31","16","1263","3","0.6","3","1.03","Denmark","right","178","7.27","6.27","52.27","1.92","74.07","0.07","4.64","0.21","0.04","0","14","1","35.71","21.429","4.2","35.59","3.14","54.55","6.06","49.41","1.92","2.21","0.43","48.1","79.26","16.18","67.84","4.42","53.23","0.07","0.64","0.43","6.13","63.95","4.49","42.86","1.14","10.12","78.87","","","0","0","","",""
"A. Johansson","Sweden 2.","Mjällby","CF, LB","30","400000","","24","1262","2","2.39","0","1.53","Sweden","left","189","5.99","7.06","53.54","2.64","37.84","0.07","2.36","0.07","0.17","0","22","1.57","31.82","9.091","1.28","33.33","3.64","39.22","9.06","33.07","2.42","0.93","0.57","17.4","69.26","4.71","46.97","0.93","46.15","0.11","0.21","0.21","2.57","47.22","1.43","35","0.14","2.35","57.58","","","0","0","","",""
"J. Ceesay","Sweden 2.","Malmö FF","RB, RWB","27","500000","2027-06-30","19","1232","0","1.3","1","1.21","Sweden","right","184","6.28","4.89","55.22","2.19","40","0.29","5.43","0","0.09","0","7","0.51","0","0","3.07","21.43","3.51","66.67","6.65","51.65","1.83","2.05","0.73","40.76","85.84","10.81","80.41","1.9","38.46","0.09","0.07","0.58","2.48","85.29","2.05","46.43","0.51","5.04","68.12","","","0","0","","",""
"M. Olsson","Sweden 2.","Malmö FF","LCB, RB, LB","37","250000","","20","1204","1","0.32","0","1.43","Sweden","left","180","6.73","5.08","73.53","3.29","59.09","0.37","4.45","0.07","0.02","0","9","0.67","44.44","11.111","2.17","37.93","1.35","55.56","4.19","44.64","0.75","2.17","0.3","58.75","90.84","20.56","85.45","2.47","48.48","0.11","0.15","0.07","4.34","77.59","2.09","42.86","0.22","5.68","72.37","","","0","0","","",""
"J. Roche","Sweden 2.","Sirius","LDMF, DMF, RDMF","24","1500000","2027-06-30","14","1193","2","0.83","1","0.48","Sweden","left","190","11.47","6.56","71.26","3.55","59.57","0.45","8.42","0.15","0.06","0.08","15","1.13","26.67","13.333","0.15","100","1.81","58.33","4.07","44.44","0.6","0.6","0.23","48.89","89.51","13.58","73.89","4.45","52.54","0.04","0.08","0.15","6.87","78.02","0.6","37.5","0.23","5.81","64.94","","","0","0","","",""
"M. Mathisen","Sweden 2.","Sirius","LCB, RCB","29","1200000","","12","1192","1","1.98","0","0.07","Denmark","right","185","9.44","4.91","63.08","4.98","75.76","1.13","7.98","0.08","0.15","0","19","1.43","26.32","5.263","0.23","33.33","0.6","50","1.13","60","1.28","0.91","0.23","62.67","86.39","25.82","71.64","11.85","51.59","0.01","0","0.08","11.93","61.39","1.06","28.57","0.15","10.8","75.52","","","0","0","","",""
"Y. Kalley","Sweden 2.","IFK Norrköping","LB, LWB","24","350000","","27","1185","0","0.03","0","0.67","Sweden","left","185","11.77","10.18","71.64","1.75","47.83","0.3","4.35","0","0","0","2","0.15","0","0","2.28","40","5.47","61.11","9.49","54.4","0.38","1.75","1.14","31.44","84.54","9.04","68.91","2.73","55.56","0.05","0.08","0.3","2.96","71.79","2.05","40.74","0.38","4.94","72.31","","","0","0","","",""
"D. Löfquist","Sweden 2.","Mjällby","CF","39","150000","","26","1184","4","4.18","3","2.84","Sweden","right","189","3.42","3.65","56.25","1.9","36","0.08","1.55","0.15","0.32","0.08","17","1.29","47.06","23.529","1.98","34.62","0.61","50","3.95","34.62","1.06","0.46","0.08","21.82","67.94","8.13","55.14","3.57","55.32","0.22","0.46","0.46","3.57","57.45","2.2","58.62","0.53","4.48","76.27","","","0","0","","",""
"D. Mitov Nilsson","Sweden 2.","Sirius","GK","34","200000","2027-12-31","12","1170","0","0","0","0","Sweden","right","191","0.92","0.08","0","0.31","100","0","1.19","0","0","0","0","0","0","0","0","0","0","0","0","0","0","0","0","19.15","79.52","11.08","65.97","7.92","54.37","0","0","0","0.46","16.67","0","0","0","6.85","56.18","1.23","3.23","61.9","0.99","-3.08","-0.237","1.77"
"A. Layouni","Sweden 2.","Häcken","RWF, LWF, RW","33","800000","2026-12-31","14","1170","5","4.69","2","2.4","Sweden","right","191","4.15","4.54","62.71","1.38","22.22","0","1.55","0.31","0.36","0","29","2.23","44.83","17.241","6.38","32.53","6.62","65.12","11.77","47.06","5.08","4","0.77","28.92","76.6","4.77","85.48","0.62","75","0.18","0.15","1","0.92","83.33","5.38","41.43","1.46","4.08","86.79","","","0","0","","",""
"Alexander Johansson","Sweden 2.","Brommapojkarna","CF","25","275000","2028-06-30","22","1159","2","4.72","1","1.33","Sweden","right","183","3.73","3.26","50","2.1","29.63","0.08","2.07","0.16","0.37","0","26","2.02","46.15","7.692","0.23","33.33","2.02","50","7.38","29.47","4.04","1.09","0.39","11.8","81.58","1.63","61.9","0.16","100","0.1","0","0.23","1.16","80","0.31","75","0.54","0.85","63.64","","","0","0","","",""
"O. Stanisic","Sweden 2.","Varbergs","CB, LCB, RCB","31","350000","","13","1157","1","1.58","0","0","Sweden","right","192","8.56","5.83","62.67","3.97","49.02","0.54","5.82","0.08","0.12","0","11","0.86","63.64","9.091","0","0","0","0","0.78","30","1.48","0.31","0.08","28.86","87.06","11.12","77.62","5.06","67.69","0","0","0","3.5","77.78","0.23","66.67","0.16","6.07","66.67","","","0","0","","",""
"A. Bernhardsson","Sweden 2.","Elfsborg","RAMF, RW","27","1500000","2027-06-30","18","1148","6","4.92","0","1.55","Sweden","left","185","7.76","7.13","59.34","3.76","37.5","0.31","4.11","0.47","0.39","0","38","2.98","42.11","15.789","1.72","31.82","6.04","53.25","10.98","38.57","4.63","1.49","0.71","18.11","69.26","4.16","62.26","1.18","40","0.12","0.24","0.63","1.88","50","2.35","53.33","1.8","3.21","73.17","","","0","0","","",""
"L. Bergvall","Sweden 2.","Djurgården","RCMF, AMF, LCMF","19","0","2031-06-30","25","1141","2","2.73","1","0.83","Sweden","right","186","6.39","5.52","64.29","2.29","48.28","0.08","3.29","0.16","0.22","0","25","1.97","36","8","0.95","66.67","4.34","63.64","11.6","45.58","3.31","2.05","0.55","36.76","89.7","8.2","78.85","1.42","61.11","0.07","0.32","0.24","3.94","82","1.5","57.89","0.55","3.71","93.62","","","0","0","","",""
"M. Ćosić","Sweden 2.","Brommapojkarna","LWF, LW","29","0","","24","1130","2","2.33","0","1.06","Sweden","right","180","5.89","5.5","63.77","2.47","38.71","0.08","3.03","0.16","0.19","0.08","27","2.15","29.63","7.407","2.23","46.43","2.79","54.29","8.84","40.54","3.42","1.59","0.72","24.37","80.72","4.38","74.55","1.19","66.67","0.08","0.24","0.4","1.51","68.42","2.55","53.13","0.88","3.82","77.08","","","0","0","","",""
"A. Calisir","Sweden 2.","Brommapojkarna","RCB, LCB","35","150000","","14","1116","0","0.14","0","0.65","Sweden","right","187","8.15","6.61","59.76","2.66","75.76","0.32","4.92","0","0.01","0","3","0.24","0","0","0.32","50","0.65","75","2.5","54.84","0.65","0.4","0.08","55.32","90.23","23.23","81.25","5.16","53.13","0.05","0","0.32","6.69","83.13","0.65","50","0.4","8.47","71.43","","","0","0","","",""
"J. Hammar","Sweden 2.","Häcken","RCB","31","0","","13","1115","0","0.83","0","0","Sweden","right","197","9.2","3.79","68.09","3.79","80.85","1.29","8.39","0","0.07","0","6","0.48","16.67","0","0","0","0.08","100","0.4","60","0.57","0.97","0.16","60.78","93.49","23.65","87.71","6.05","62.67","0","0.16","0","9.28","86.09","0.24","33.33","0.16","10.82","82.09","","","0","0","","",""
"A. Wikman","Sweden 2.","Sirius","RDMF, DMF, LDMF","22","350000","2029-12-31","23","1105","0","0.3","0","1.11","Sweden","left","178","8.55","6.03","60.81","0.41","20","0.33","6.22","0","0.02","0","8","0.65","25","0","0.57","28.57","0.41","60","1.87","43.48","0.65","0.49","0.24","48.14","90.02","9.45","79.31","2.44","70","0.09","0.08","0.16","6.68","90.24","0.73","33.33","0.33","5.38","74.24","","","0","0","","",""
"R. Tihi","Sweden 2.","AIK","RCB","23","800000","2028-06-30","13","1089","0","0","0","0.22","Sweden","right","187","9.92","7.69","72.04","2.73","48.48","0.25","5.36","0","0","0","0","0","0","0","0","0","0.41","80","2.48","40","0.33","1.24","0.08","56.61","89.2","22.64","79.56","3.88","40.43","0.02","0.17","0.17","9.01","75.23","0.58","42.86","0.33","7.93","75","","","0","0","","",""
"H. Larsson","Sweden 2.","Malmö FF","LDMF, LCMF","21","0","2029-06-30","12","1087","2","1.05","1","1.11","Sweden","right","187","7.95","4.55","72.73","0.99","16.67","0","7.33","0.17","0.09","0","15","1.24","33.33","13.333","0.58","57.14","1.32","43.75","3.06","37.84","1.16","1.32","0.41","82.71","92.09","25","85.1","2.82","67.65","0.09","0.5","0.17","11.51","89.93","2.07","84","1.32","10.6","76.56","","","0","0","","",""
"S. Rieks","Sweden 2.","Malmö FF","AMF, RAMF, CF","38","200000","","28","1080","3","3.11","3","2.06","Denmark","right","185","6.42","5.92","53.52","1.33","43.75","0.25","5.14","0.25","0.26","0","25","2.08","44","12","2.08","28","2.33","50","5.83","41.43","4.25","1.83","0.42","41.25","78.59","12.17","69.86","1.58","26.32","0.17","0.42","0.5","3.75","66.67","2.58","54.84","1.42","5.25","69.84","","","0","0","","",""
"A. Magashy","Sweden 2.","AIK","LCMF, RCMF, AMF","27","350000","2026-12-31","15","1076","2","2.06","0","0.49","Nigeria","right","171","6.69","5.6","55.22","1.92","30.43","0.08","4.21","0.17","0.17","0","11","0.92","36.36","18.182","0.42","40","1.84","50","7.36","32.95","2.17","1.84","1.09","20.24","85.54","4.68","75","0.92","63.64","0.04","0.08","0.25","1.51","66.67","1.09","76.92","1.25","1.76","66.67","","","0","0","","",""
"J. de Kamps","Sweden 2.","Sirius","LDMF, DMF, LCMF","33","200000","","13","1072","0","0.24","0","0","Netherlands","left","176","12.51","11.75","57.86","0.92","45.45","0.17","6.21","0","0.02","0","2","0.17","50","0","0.42","40","0.76","66.67","3.02","44.44","0.34","0.17","0","39.88","87.79","11.42","76.47","3.78","66.67","0","0.25","0","5.37","75","0.76","66.67","0.34","6.72","72.5","","","0","0","","",""
"M. Johansson","Sweden 2.","Halmstad","GK","27","200000","","11","1071","0","0","0","0","Sweden","right","194","1.26","0.08","0","0.5","100","0","1.23","0","0","0","0","0","0","0","0","0","0","0","0","0","0","0","0","14.96","78.09","10.76","71.88","9.5","68.14","0","0","0","2.86","55.88","0.34","25","0","7.56","78.89","1.43","5.13","72.13","1.53","1.26","0.106","1.6"
"V. Gustafson","Sweden 2.","Mjällby","RCMF","30","600000","2026-12-31","14","1071","0","0.58","0","2.01","Sweden","right","181","9.5","9.5","52.21","1.43","52.94","0.25","4.52","0","0.05","0","8","0.67","37.5","0","2.02","33.33","1.6","68.42","6.22","52.7","1.26","1.34","0.84","28.66","71.55","10.76","56.25","2.02","50","0.17","0.67","0.42","3.7","65.91","2.18","42.31","0.67","4.96","54.24","","","0","0","","",""
"J. Asoro","Sweden 2.","Djurgården","CF, RAMF, RWF","26","1500000","2027-06-30","16","1069","3","3.31","1","1.36","Sweden","right","176","4.29","4.13","69.39","4.13","44.9","0.08","1.69","0.25","0.28","0","19","1.6","47.37","15.789","1.77","19.05","4.04","56.25","9.43","39.29","3.37","1.77","0.93","12.46","70.27","2.61","54.84","0.42","60","0.11","0.34","0.51","0.67","62.5","1.35","37.5","0.59","1.26","73.33","","","0","0","","",""
"L. Olden Larsen","Sweden 2.","Häcken","LWF, LW","27","600000","2027-06-30","12","1067","5","3.9","3","2.23","Norway","right","175","5.57","5.48","58.46","1.94","26.09","0.08","2.85","0.42","0.33","0.08","42","3.54","40.48","11.905","2.19","42.31","3.88","69.57","7.25","47.67","4.3","2.36","1.18","34.75","82.04","9.28","70","1.27","33.33","0.19","0.67","0.59","1.6","52.63","3.37","50","1.6","4.98","77.97","","","0","0","","",""
"H. Bolin","Sweden 2.","Degerfors","CF, RCMF","22","0","2026-12-31","16","1066","1","2.79","1","0.53","Sweden","right","179","6.5","6.5","55.84","2.7","28.13","0.08","3.19","0.08","0.24","0","25","2.11","28","4","1.52","16.67","4.22","44","9.29","42.73","3.63","1.69","0.76","26.68","81.96","5.57","71.21","0.68","50","0.04","0","0.25","2.45","79.31","1.18","57.14","0.68","3.04","61.11","","","0","0","","",""
"T. Totland","Sweden 2.","Häcken","RB, LB","26","1200000","2026-12-31","21","1062","1","0.49","3","3.26","Norway","right","180","8.39","5.51","55.38","1.53","44.44","0.17","6.33","0.08","0.04","0","7","0.59","14.29","14.286","3.31","38.46","2.8","54.55","5.51","46.15","2.03","2.63","0.85","51.1","85.74","15.25","80.56","3.22","57.89","0.28","0.17","0.59","4.83","84.21","3.81","51.11","1.1","9.15","80.56","","","0","0","","",""
"D. Vukojević","Sweden 2.","Degerfors","CF","30","375000","","13","1062","3","5.99","1","0.93","Sweden","right","183","2.63","2.63","48.39","4.24","32","0.25","1.61","0.25","0.51","0","44","3.73","29.55","6.818","0.68","50","3.05","38.89","8.64","35.29","4.58","1.61","0.85","14.24","69.05","2.71","40.63","0.68","75","0.08","0.25","0.17","1.44","70.59","1.1","38.46","0.59","1.69","65","","","0","0","","",""
"P. Gwargis","Sweden 2.","Degerfors","RCMF, CF, RW","25","225000","2027-06-30","24","1062","1","2.58","1","0.61","Australia","left","181","5.85","5.25","67.74","0.93","36.36","0.08","2.05","0.08","0.22","0","34","2.88","35.29","2.941","1.02","25","3.9","39.13","12.29","33.1","2.63","2.8","0.68","30.93","84.38","8.05","78.95","1.02","16.67","0.05","0.17","0.25","3.05","83.33","1.78","42.86","1.02","4.83","66.67","","","0","0","","",""
"J. Cooper-Love","Sweden 2.","Halmstad","CF","24","500000","2027-06-30","27","1055","3","5.83","1","1.63","Sweden","right","184","4.61","5.37","46.03","8.87","28.85","0","2.15","0.26","0.5","0.17","30","2.56","40","10","0.68","50","3.33","46.15","9.64","28.32","4.69","1.02","0.26","19.02","78.92","5.03","66.1","0.68","75","0.14","0.26","0.6","1.79","85.71","1.36","62.5","1.02","2.73","75","","","0","0","","",""
"S. Eriksson","Sweden 2.","IFK Göteborg","RDMF, LCMF, DMF","36","150000","","22","1055","0","0.18","0","0.32","Sweden","left","184","8.87","7.85","60.87","1.36","18.75","0.43","5.11","0","0.01","0","2","0.17","0","0","1.28","20","1.36","62.5","4.44","51.92","0.34","0.68","0.09","43.76","84.41","16.64","78.46","6.23","71.23","0.03","0.17","0.17","8.53","73","2.64","58.06","1.19","8.27","83.51","","","0","0","","",""
"P. Frick","Sweden 2.","Elfsborg","CF","33","250000","2026-12-31","21","1051","3","2.28","1","0.85","Sweden","right","182","4.37","4.54","43.4","6.42","42.67","0.09","2.91","0.26","0.2","0.09","16","1.37","56.25","18.75","0.26","0","0.86","50","7.28","36.47","3.85","0.43","0","20.29","73","5.65","63.64","1.37","50","0.07","0.34","0.26","2.57","70","1.03","50","1.46","2.57","76.67","","","0","0","","",""
"J. Une-Larsson","Sweden 2.","Djurgården","RCB","31","700000","2026-12-31","14","1049","0","0.37","0","0.1","Sweden","right","181","6.95","4.29","76","4.29","48","0.17","4.57","0","0.03","0","3","0.26","0","0","0","0","0.34","50","1.03","50","0.77","0.51","0","52.68","92.35","17.07","81.41","5.49","50","0.01","0","0","5.75","71.64","0.17","50","0.26","5.15","66.67","","","0","0","","",""
"A. Al Sanati","Sweden 2.","Sirius","RAMF, RW","26","300000","2027-12-31","20","1044","3","2.5","0","2.2","Sweden","left","165","3.97","4.91","54.39","0.26","0","0","1.85","0.26","0.22","0","26","2.24","38.46","11.538","3.53","36.59","4.83","66.07","7.93","45.65","3.28","2.33","0.43","29.91","78.67","5.43","65.08","1.9","50","0.19","0.17","0.86","1.98","60.87","5.09","47.46","1.47","4.48","78.85","","","0","0","","",""
"J. Ortmark","Sweden 2.","IFK Norrköping","RDMF, RCMF, RB","28","600000","","16","1020","0","0.32","0","0.41","Sweden","right","176","8.56","7.5","51.76","2.12","37.5","0.44","5.67","0","0.03","0","8","0.71","25","0","0.71","37.5","2.12","29.17","8.03","40.66","0.53","1.06","0.79","38.47","85.32","11.74","66.92","3.53","55","0.04","0.09","0.09","5.82","75.76","1.5","52.94","0.44","5.38","68.85","","","0","0","","",""
"T. Carlsson","Sweden 2.","Sirius","LCB, RCB","30","600000","2026-12-31","11","1018","1","0.16","0","0.38","Sweden","right","187","8.4","5.75","70.77","2.65","66.67","0.44","5.31","0.09","0.01","0","3","0.27","33.33","33.333","0.44","60","0.18","100","0.8","55.56","0.18","0.8","0","50.39","85.44","21.57","73.77","8.93","63.37","0.03","0","0.09","7.96","64.44","1.5","47.06","0.35","12.02","72.06","","","0","0","","",""
"L. Berg Johnsen","Sweden 2.","Malmö FF","RDMF, RCMF, LCMF","26","2800000","2027-12-31","13","1016","0","0.11","0","0.09","Norway","right","179","9.3","8.42","61.05","1.86","28.57","0.09","5.97","0","0.01","0","4","0.35","50","0","0.35","50","0.18","50","3.19","22.22","0.27","0.97","0","74.76","93.13","19.93","84.89","2.92","69.7","0.01","0.09","0.09","10.19","85.22","1.77","70","0.97","7.35","81.93","","","0","0","","",""
"T. Ayari","Sweden 2.","AIK","CF, LW, LWB","20","0","2028-12-31","20","1011","1","2.11","0","1.27","Sweden","right","177","6.85","8.1","56.04","2.85","37.5","0","3.29","0.09","0.19","0","20","1.78","25","5","1.78","30","7.3","40.24","15.13","38.82","3.12","1.6","1.25","23.15","75","6.41","65.28","1.16","53.85","0.11","0.62","0.45","2.14","75","2.67","46.67","1.16","3.56","72.5","","","0","0","","",""
"A. Mikkelsen","Sweden 2.","Hammarby","LAMF, LW, RW","25","1200000","2027-12-31","21","1004","1","1.27","0","0.95","Norway","right","167","5.92","5.29","62.71","1.61","5.56","0","3.08","0.09","0.11","0","16","1.43","18.75","6.25","1.79","25","3.76","47.62","10.22","49.12","2.96","1.7","0.72","27.7","80.26","5.38","75","1.43","37.5","0.09","0.54","0.09","2.42","81.48","2.69","40","1.08","3.41","81.58","","","0","0","","",""
"G. Wallentin","Sweden 2.","Halmstad","LCB, RB","24","275000","2027-12-31","15","996","1","0.9","0","0","Sweden","right","189","7.41","3.07","55.88","5.15","68.42","0.18","5.15","0.09","0.08","0.09","5","0.45","80","20","0.18","50","0.09","0","0.63","28.57","0.63","0.18","0.09","27.92","80.91","10.21","60.18","5.15","43.86","0","0","0","2.62","65.52","0.45","40","0.09","5.78","56.25","","","0","0","","",""
"S. Ohlsson","Sweden 2.","IFK Göteborg","RAMF, RCMF, RW","32","500000","2026-12-31","15","987","4","3.44","0","0.79","Sweden","right","184","8.21","9.85","55.56","2.37","30.77","0.18","3.14","0.36","0.31","0","15","1.37","46.67","26.667","1","18.18","1.19","53.85","9.3","26.47","2.46","0.91","0.09","22.98","79.76","8.3","72.53","1.19","38.46","0.07","0.64","0.36","2.28","60","2.1","56.52","0.82","3.1","76.47","","","0","0","","",""
"L. Walta","Sweden 2.","Mjällby","LCMF, LAMF, LW","22","0","2028-06-30","11","983","2","1.38","0","1.22","Finland","right","170","7.78","7.69","52.38","1.19","53.85","0","4.13","0.18","0.13","0","25","2.29","40","8","1.83","40","3.2","45.71","7.6","42.17","1.28","1.19","0.27","35.43","80.1","9.43","64.08","4.49","55.1","0.11","0.18","0.27","4.03","65.91","3.02","54.55","1.01","5.31","74.14","","","0","0","","",""
"M. Borchers","Sweden 2.","Varbergs","RW, CF, RAMF","23","400000","2027-06-30","13","976","1","2.26","0","0.68","Denmark","left","188","8.21","8.67","57.45","8.3","44.44","0.09","3.51","0.09","0.21","0.09","18","1.66","61.11","5.556","1.11","25","2.21","54.17","7.47","37.04","2.03","1.38","0.46","18.81","72.55","4.7","60.78","0.46","40","0.06","0.09","0.18","1.94","47.62","1.11","58.33","0.65","2.21","70.83","","","0","0","","",""
"D. Olsson","Sweden 2.","Varbergs","GK","28","200000","","10","974","0","0","0","0.35","Sweden","left","197","2.03","0.28","33.33","0.28","100","0","2.16","0","0","0","0","0","0","0","0","0","0","0","0.18","100","0","0","0","15.71","67.06","12.38","60.45","11.18","56.2","0.03","0","0.09","3.23","42.86","0.55","33.33","0.18","7.3","74.68","2.13","6.38","66.67","2.18","0.64","0.059","0.55"
"J. Ondrejka","Sweden 2.","Elfsborg","RAMF, LAMF","23","4000000","2029-06-30","12","974","7","5.64","5","4.81","Sweden","right","180","3.88","4.25","39.13","2.03","40.91","0.09","2.6","0.65","0.52","0.18","34","3.14","50","20.588","2.59","46.43","4.99","55.56","11.18","39.67","4.71","2.4","0.55","20.98","73.57","5.27","57.89","1.02","45.45","0.44","0.18","1.02","1.57","64.71","2.96","68.75","1.48","3.23","80","","","0","0","","",""
"B. Sabović","Sweden 2.","Djurgården","DMF, RDMF, RCMF","27","800000","2027-12-31","25","956","1","0.76","0","0.35","Sweden","right","186","9.51","8.28","60.23","1.98","71.43","0.28","5.73","0.09","0.07","0","14","1.32","35.71","7.143","0.47","40","2.73","65.52","6.59","57.14","1.13","1.41","0.28","50.84","86.3","14.87","75.95","4.61","59.18","0.03","0.47","0.38","8.19","78.16","1.22","38.46","0.47","7.06","80","","","0","0","","",""
"M. Sainte","Sweden 2.","Varbergs","RB, RW","23","125000","","19","955","0","0.28","0","0.38","Sweden","right","183","7.92","8.01","41.18","0.94","0","0.28","5.35","0","0.03","0","7","0.66","28.57","0","2.73","31.03","2.17","65.22","5.28","41.07","1.23","1.7","0.38","32.42","77.03","9.14","70.1","3.02","56.25","0.04","0.28","0.09","2.73","65.52","1.88","45","0.38","5.28","64.29","","","0","0","","",""
"J. Trenskow","Sweden 2.","Kalmar","LWF, LW, RWF","25","1800000","2028-06-30","16","950","0","1.02","1","0.85","Denmark","right","178","5.02","5.02","56.6","1.42","13.33","0","2.47","0","0.1","0","11","1.04","36.36","0","2.65","21.43","4.17","52.27","8.15","44.19","3.22","2.37","1.42","24.73","74.33","4.64","51.02","0.95","10","0.08","0.19","0.66","1.71","61.11","3.13","48.48","1.14","3.69","56.41","","","0","0","","",""
"A. Demirol","Sweden 2.","Hammarby","DMF, LCMF, LDMF","23","0","2026-06-30","16","943","0","0.46","0","0.28","Sweden","right","184","8.11","8.11","63.53","0.76","12.5","0","3.59","0","0.04","0","5","0.48","40","0","0","0","1.24","61.54","5.06","54.72","0.38","0.86","0.19","41.04","88.6","10.98","74.78","4.01","64.29","0.03","0.29","0","6.39","80.6","1.24","53.85","0.67","5.73","70","","","0","0","","",""
"A. Sigurdsson","Sweden 2.","IFK Norrköping","LAMF, LWF","26","2800000","2027-12-31","10","937","5","0.97","0","1.77","Iceland","right","177","4.8","4.42","65.22","0.67","71.43","0","2.04","0.48","0.09","0","17","1.63","47.06","29.412","2.11","40.91","6.92","58.33","13.83","49.31","1.73","3.17","1.15","23.63","82.52","6.15","73.44","1.44","53.33","0.17","0.29","0.19","2.5","76.92","2.98","54.84","1.15","4.9","84.31","","","0","0","","",""
"A. Baldursson","Sweden 2.","Elfsborg","LDMF, LCMF","23","1800000","2028-06-30","11","929","0","0.15","0","1.53","Iceland","right","187","12.01","9.3","57.29","4.26","59.09","0.48","7.73","0","0.01","0","8","0.78","0","0","0.78","62.5","0.97","60","6.01","43.55","0.39","0.39","0.19","34.59","77.03","12.3","60.63","7.56","46.15","0.15","0","0.19","6.98","55.56","2.33","29.17","0.29","6.59","72.06","","","0","0","","",""
"Marc Llinares","Sweden 2.","Hammarby","LWB, LB","26","450000","2026-06-30","11","918","0","0.32","1","0.83","Spain","left","180","7.94","5.39","69.09","1.96","45","0.29","5.42","0","0.03","0","3","0.29","33.33","0","2.84","37.93","2.65","66.67","8.24","59.52","1.27","2.35","1.08","42.25","79.35","13.63","70.5","4.71","37.5","0.08","0.29","0.2","5.59","57.89","3.53","47.22","0.78","7.45","73.68","","","0","0","","",""
"D. Beširović","Sweden 2.","AIK","CF, LW","31","450000","2027-12-31","12","911","0","1.51","1","1.1","Portugal","right","180","6.62","6.03","52.46","2.86","34.48","0","3.07","0","0.15","0","16","1.58","25","0","2.17","18.18","1.78","61.11","6.13","54.84","3.46","1.88","0.59","24.5","75.81","5.63","63.16","2.07","57.14","0.11","0.69","0.59","2.57","69.23","2.47","36","0.89","2.57","80.77","","","0","0","","",""
"D. Pavlović","Sweden 2.","Degerfors","DMF, RCMF","24","150000","","17","910","1","0.76","0","0.86","Belgium","right","178","8.11","6.03","54.1","2.08","57.14","0.4","5.76","0.1","0.08","0","11","1.09","27.27","9.091","0.99","20","2.27","47.83","5.34","38.89","0.89","0.3","0","41.54","82.86","14.04","71.83","6.33","54.69","0.09","0.1","0.4","7.32","64.86","1.88","52.63","0.69","7.71","70.51","","","0","0","","",""
"A. Abrahamsson","Sweden 2.","Brommapojkarna","RCB","26","325000","2027-06-30","11","906","0","0","0","0.18","Sweden","right","189","9.93","7.55","59.21","2.68","62.96","0.5","6.52","0","0","0","1","0.1","0","0","0.5","20","0.7","42.86","2.58","46.15","0.1","1.19","0.3","63.28","82.57","29.7","70.57","11.13","49.11","0.02","0.2","0.1","10.73","62.96","1.29","15.38","0.1","13.71","66.67","","","0","0","","",""
"S. Gustafson","Sweden 2.","Häcken","LCMF, RCMF","30","2000000","","11","905","0","1.76","4","1.38","Sweden","left","185","6.07","5.07","64.71","1.89","52.63","0.2","3.63","0","0.18","0","12","1.19","33.33","0","2.09","19.05","1.59","56.25","8.15","45.12","3.08","1.59","0.6","57.98","86.96","18.2","79.23","3.98","60","0.14","0.9","0.99","8.85","82.02","6.27","55.56","3.28","8.95","86.67","","","0","0","","",""
"A. Keita","Sweden 2.","AIK","DMF, RCMF, LCB","28","400000","","13","898","0","0.28","0","0","Côte d'Ivoire","right","188","8.72","4.81","58.33","3.51","71.43","0.8","6.49","0","0.03","0","3","0.3","33.33","0","0.2","50","1","40","3.91","41.03","0.6","0.8","0.2","46.4","84.67","14.03","65.71","6.51","61.54","0","0.2","0.1","9.42","68.09","1.7","35.29","0.5","7.52","78.67","","","0","0","","",""
"K. Thórdarson","Sweden 2.","IFK Göteborg","RCMF, DMF","25","700000","2028-12-31","10","897","0","0.64","0","0.49","Iceland","right","177","9.43","7.73","55.84","2.91","48.28","0.3","6.19","0","0.06","0","11","1.1","18.18","0","2.01","20","2.71","70.37","7.83","53.85","1.4","1.4","0","35.42","71.1","13.85","54.35","4.21","33.33","0.05","0","0.2","6.82","60.29","2.31","30.43","0.4","6.22","53.23","","","0","0","","",""
"Y. El Ouatki","Sweden 2.","Varbergs","LCMF, LDMF, DMF","27","0","2026-12-31","19","891","0","0.41","0","0.08","France","left","184","11.72","12.63","50.4","2.12","38.1","0.2","7.03","0","0.04","0","6","0.61","0","0","0.61","50","0.3","33.33","2.83","14.29","0.81","0.2","0.1","28.28","84.64","7.88","74.36","1.72","58.82","0.01","0.1","0","3.43","73.53","0.91","33.33","0.2","2.42","75","","","0","0","","",""
"E. Stroud","Sweden 2.","Mjällby","LB, LWB","23","0","2026-12-31","20","865","0","0.29","1","1","Sweden","left","180","10.61","8.64","66.27","1.46","35.71","0.1","6.47","0","0.03","0","8","0.83","12.5","0","3.54","29.41","2.91","57.14","7.91","38.16","0.94","1.66","1.56","29.55","70.42","9.57","65.22","2.91","67.86","0.1","0","0.21","3.54","73.53","3.64","45.71","0.83","6.35","68.85","","","0","0","","",""
"N. Moisander","Sweden 2.","Malmö FF","LCB, RCB, CB","40","250000","","10","862","0","0.34","0","0","Finland","left","183","7.1","6.16","62.71","2.19","57.14","0.42","5.73","0","0.04","0","1","0.1","0","0","0.21","50","0.42","50","1.36","61.54","0.1","0.63","0","71.42","95.32","26.94","93.02","3.13","80","0","0.1","0","4.59","88.64","0.73","71.43","0.31","7.1","64.71","","","0","0","","",""
"M. Qurbanli","Sweden 2.","Djurgården","CF","23","600000","2027-06-30","14","860","2","5.2","1","1","Azerbaijan","right","185","3.98","3.87","56.76","3.98","7.89","0.21","1.73","0.21","0.54","0.1","22","2.3","36.36","9.091","0.31","66.67","2.62","52","10.26","31.63","3.87","0.94","1.05","14.97","85.31","1.47","78.57","0.1","100","0.1","0","0.31","0.73","71.43","0.63","100","0.84","0.42","75","","","0","0","","",""
"N. Söderberg","Sweden 2.","Elfsborg","RDMF, RCMF","24","450000","2027-12-31","21","839","2","2.67","0","0.26","Sweden","right","182","9.55","9.01","39.29","3.65","50","0.86","7.53","0.21","0.29","0","14","1.5","28.57","14.286","1.07","30","1.07","40","3.54","33.33","2.15","0.64","0.21","36.9","76.45","13.73","60.16","6.22","48.28","0.03","0.21","0.11","7.51","61.43","2.57","33.33","0.75","5.9","69.09","","","0","0","","",""
"D. Bergqvist","Sweden 2.","Degerfors","CB","32","375000","","10","834","0","0.1","0","0","Sweden","right","185","8.63","3.45","78.13","5.18","75","1.19","7.04","0","0.01","0","1","0.11","0","0","0.11","0","0.43","50","1.4","46.15","0.76","0","0","49.96","86.39","15.54","72.22","7.45","55.07","0","0","0","4.32","42.5","0.43","50","0.11","6.91","57.81","","","0","0","","",""
"P. Nwadike","Sweden 2.","Sirius","RCB, LCB","27","350000","2027-06-30","9","831","0","1.07","0","0","Sweden","right","190","8.77","4.87","66.67","4.55","54.76","0.43","6.47","0","0.12","0","5","0.54","0","0","0","0","0.43","50","2.82","61.54","0.76","0.76","0.22","52.31","88.82","17.33","76.25","4.98","39.13","0","0","0","5.42","54","0.54","0","0","6.06","50","","","0","0","","",""
"N. Persson","Sweden 2.","Mjällby","LWB, LB","22","0","2029-12-31","10","826","0","0.11","1","2.47","Sweden","left","184","7.08","5.45","54","1.74","37.5","0.11","4.3","0","0.01","0","5","0.54","0","0","2.29","33.33","4.47","58.54","7.08","47.69","0.87","1.85","0.87","32.47","77.52","11.88","66.97","4.47","53.66","0.27","0.22","0.11","3.38","64.52","2.62","50","0.98","6.54","75","","","0","0","","",""
"G. Sandberg Magnusson","Sweden 2.","Brommapojkarna","RCMF, LWF","33","150000","","20","819","0","0.81","0","0.18","Sweden","right","181","7.36","5.82","45.28","2.97","51.85","0.66","5.77","0","0.09","0","9","0.99","33.33","0","0.33","0","1.1","50","5.49","26","1.87","0","0.11","31.98","83.85","10.22","68.82","2.42","36.36","0.02","0","0.11","4.4","57.5","1.43","30.77","0.55","3.41","61.29","","","0","0","","",""
"Montader Madjed","Sweden 2.","Hammarby","RAMF, RW, RWF","20","0","2028-12-31","16","813","1","1.69","0","0.4","Sweden","left","182","5.09","5.09","54.35","1.11","20","0","3.05","0.11","0.19","0","24","2.66","29.17","4.167","3.65","30.3","7.75","62.86","13.06","51.69","2.99","3.43","0.77","27.9","79.76","5.65","66.67","0.77","57.14","0.04","0.44","0.44","1.22","72.73","3.65","54.55","0.66","3.76","76.47","","","0","0","","",""
"A. Ali","Sweden 2.","AIK","RCMF, LCMF, DMF","23","0","","13","810","1","0.22","0","0.16","Sweden","right","178","7.22","5.44","59.18","0.78","14.29","0.11","4.95","0.11","0.02","0","3","0.33","33.33","33.333","1","33.33","2.44","63.64","5.78","51.92","0.89","2","0.56","50.44","85.9","15.22","74.45","2.89","30.77","0.02","0","0","5","80","2.89","65.38","1.44","6.22","71.43","","","0","0","","",""
"B. Celina","Sweden 2.","AIK","LW, RCMF","29","1800000","2026-08-31","9","810","0","0.88","1","0.83","Kosovo","right","181","6.44","5.22","48.94","1.56","64.29","0.11","5.02","0","0.1","0","15","1.67","40","0","1.78","50","2.33","42.86","6.11","32.73","1.78","2.44","0.56","50.11","84.26","13","70.94","5.22","59.57","0.09","0.44","0.44","8.22","77.03","2.56","43.48","0.56","7","79.37","","","0","0","","",""
"J. Nilsson","Sweden 2.","Hammarby","RW, RAMF, RWF","31","350000","","16","803","1","1.32","0","0.28","Sweden","right","180","6.05","4.82","58.14","1.46","15.38","0","4.12","0.11","0.15","0","8","0.9","62.5","12.5","4.15","40.54","2.58","52.17","6.95","37.1","1.79","1.01","1.12","26.23","75.64","7.06","66.67","1.57","50","0.03","0.56","0.22","2.58","78.26","4.6","51.22","0.9","5.27","85.11","","","0","0","","",""
"F. Voytekhovich","Sweden 2.","Värnamo","GK","35","0","","8","791","0","0","0","0","Belarus","right","194","1.71","0","0","1.02","100","0","2.25","0","0","0","0","0","0","0","0","0","0","0","0.11","100","0","0","0","16.95","86.58","10.24","81.11","2.39","23.81","0","0","0","0.8","14.29","0","0","0","1.59","35.71","1.14","4.66","75.61","1.41","2.42","0.275","1.59"
"J. Tolinsson","Sweden 2.","IFK Norrköping","RCB, LCB","22","600000","2026-06-30","10","785","0","0.05","0","0","Sweden","right","190","8.03","6.65","65.52","4.01","51.43","0.92","4.47","0","0.01","0","1","0.11","0","0","0.46","0","0.34","66.67","1.03","44.44","0.34","0.46","0","48.96","86.89","18.34","75","5.39","34.04","0","0","0","5.04","61.36","1.26","0","0.11","6.54","61.4","","","0","0","","",""
"F. Andersson","Sweden 2.","Varbergs","GK","37","100000","","8","782","0","0","0","0","Sweden","right","196","1.5","0.12","0","0.69","83.33","0","1.83","0","0","0","0","0","0","0","0","0","0","0","0.12","0","0","0","0","13.93","80.99","9.55","72.29","7.25","65.08","0","0","0","1.73","46.67","0.23","0","0","4.26","83.78","2.3","5.98","61.54","2.08","-1.94","-0.223","1.96"
"M. Kaastrup","Sweden 2.","Sirius","CF, LAMF, LW","25","375000","2027-06-30","10","782","0","2.67","1","0.97","Denmark","right","176","2.99","3.8","60.61","0.69","16.67","0.12","0.91","0","0.31","0","21","2.42","28.57","0","2.76","29.17","5.41","44.68","11.05","38.54","3.8","2.65","0.58","26.24","80.7","3.11","59.26","1.27","36.36","0.11","0.12","0.35","1.15","40","2.53","54.55","0.92","2.76","70.83","","","0","0","","",""
"M. Hallberg","Sweden 2.","Kalmar","RCMF, CF","30","450000","2026-12-31","12","776","1","0.76","2","1.15","Sweden","right","180","4.76","5.57","54.17","3.02","57.69","0","2","0.12","0.09","0","8","0.93","50","12.5","1.28","36.36","0.58","20","3.48","26.67","1.62","0.58","0.46","45.12","87.66","10.55","79.12","1.04","77.78","0.13","0.46","0.23","4.06","88.57","1.62","57.14","0.81","4.52","74.36","","","0","0","","",""
"Pashang Abdulla","Sweden 2.","Degerfors","CF","31","275000","2026-06-30","14","771","0","1.05","0","0.2","Iraq","left","184","3.39","2.45","57.14","10.86","23.66","0.12","2.32","0","0.12","0","13","1.52","15.38","0","0.47","50","2.92","48","10.74","25","2.22","1.17","0.23","11.79","74.26","3.15","59.26","0.7","83.33","0.02","0","0.12","1.75","60","0.82","57.14","0.7","1.52","84.62","","","0","0","","",""
"G. Lindgren","Sweden 2.","Degerfors","CF","24","0","2027-06-30","16","770","3","1.49","0","0.03","Sweden","right","180","2.22","3.16","48.15","5.03","23.26","0.12","0.82","0.35","0.17","0","10","1.17","60","30","0.23","50","1.52","61.54","9","31.17","3.39","1.05","0.23","12.16","75","2.1","61.11","0.58","80","0","0","0","1.17","70","0.94","75","0.58","1.17","100","","","0","0","","",""
"O. Alfonsi","Sweden 2.","Varbergs","AMF, RW, CF","22","300000","2026-11-30","12","752","2","1.38","0","0.21","Sweden","left","180","7.3","7.3","52.46","3.95","30.3","0.36","4.46","0.24","0.17","0","10","1.2","20","20","1.2","20","1.91","50","10.77","41.11","3.11","0.6","0","14.96","70.4","3.59","46.67","1.2","50","0.03","0","0.12","0.96","50","0.6","40","0.48","1.32","63.64","","","0","0","","",""
"J. Guidetti","Sweden 2.","AIK","CF","33","350000","","14","750","1","2.69","0","0.27","Sweden","right","185","3.12","2.64","54.55","3.6","36.67","0","2.02","0.12","0.32","0","18","2.16","33.33","5.556","0.72","16.67","1.08","33.33","6.12","25.49","4.2","0.12","0","18.24","75.66","5.04","61.9","1.2","40","0.03","0.36","0.12","2.88","54.17","1.56","53.85","1.2","1.68","92.86","","","0","0","","",""
"W. Odefalk","Sweden 2.","Brommapojkarna","LWF, CF, LCMF","21","0","2026-12-31","14","736","1","1.34","0","0.52","Sweden","right","177","6.85","6.97","54.39","1.1","55.56","0.24","2.89","0.12","0.16","0","11","1.35","18.18","9.091","1.47","41.67","1.96","56.25","5.26","44.19","2.45","1.59","1.1","33.63","75.64","9.78","67.5","3.3","48.15","0.06","0.86","0.24","4.77","61.54","2.57","61.9","1.47","4.89","77.5","","","0","0","","",""
"F. Winsth","Sweden 2.","Värnamo","RB, RWB","35","150000","","20","734","0","0.11","0","0.81","Sweden","right","176","8.34","6.5","56.6","1.96","18.75","0.12","5.08","0","0.01","0","3","0.37","0","0","1.84","33.33","0.37","66.67","2.7","36.36","0.98","1.84","0.49","52.23","85.68","17.04","76.98","3.43","46.43","0.1","0","0.61","6.25","70.59","2.21","44.44","0.61","7.85","75","","","0","0","","",""
"L. Shabani","Sweden 2.","IFK Norrköping","RAMF, AMF","26","250000","","15","733","1","1.06","0","0.76","Sweden","right","175","6.75","6.75","56.36","1.35","27.27","0","2.86","0.12","0.13","0","11","1.35","36.36","9.091","3.19","38.46","3.56","68.97","7.12","53.45","1.72","2.09","0.25","24.31","76.77","4.91","62.5","1.11","0","0.09","0.12","0.86","1.84","73.33","3.56","41.38","0.49","4.42","66.67","","","0","0","","",""
"I. Sadiq","Sweden 2.","Häcken","RWF, CF","25","2500000","2028-06-30","10","724","5","4.35","0","1.35","Ghana","right","167","4.72","4.72","60.53","1.86","40","0.12","2.43","0.62","0.54","0.25","36","4.48","36.11","13.889","3.73","20","5.84","48.94","13.3","40.19","6.46","2.36","0.5","26.35","73.11","4.48","66.67","2.24","72.22","0.17","0.25","0.75","1.86","73.33","3.73","50","2.11","4.1","78.79","","","0","0","","",""
"J. Durmaz","Sweden 2.","AIK","RCMF, DMF, LCMF","36","100000","","18","712","0","0.14","0","1.2","Sweden","left","181","9.1","7.21","52.63","1.01","50","0.25","6.83","0","0.02","0","7","0.88","0","0","2.15","29.41","3.41","59.26","6.57","48.08","0.76","3.03","1.01","73.69","85.93","23.13","75.96","9.73","67.53","0.15","0.63","0.38","13.15","72.12","4.04","50","1.52","12.39","87.76","","","0","0","","",""
"Justin Salmon","Sweden 2.","Degerfors","LCMF, RCMF, DMF","26","200000","2026-12-30","24","704","1","0.88","1","0.58","Liberia","right","183","7.41","7.03","50.91","1.79","64.29","0.38","4.44","0.13","0.11","0","9","1.15","11.11","11.111","0.38","33.33","1.79","42.86","6.52","19.61","0.77","1.41","0.77","26.46","83.57","8.57","70.15","1.79","35.71","0.07","0.51","0.26","3.45","70.37","1.15","55.56","0.51","4.09","65.63","","","0","0","","",""
"Í. Sigurgeirsson","Sweden 2.","IFK Norrköping","LAMF, CF, LWF","22","350000","2026-12-31","11","704","3","3.28","1","0.87","Iceland","right","175","6.26","6.14","62.5","2.17","29.41","0.13","2.48","0.38","0.42","0","17","2.17","35.29","17.647","1.02","12.5","4.86","71.05","11.12","47.13","4.47","1.53","0.77","18.03","76.6","4.47","62.86","0.64","0","0.11","0.26","0.38","0.89","57.14","1.28","80","1.41","2.43","68.42","","","0","0","","",""
"Z. Inoussa","Sweden 2.","Brommapojkarna","LWB, LWF, CF","23","2000000","2030-06-30","10","702","5","1.72","0","1.17","Sweden","right","177","7.56","6.03","57.45","2.69","57.14","0.13","4.7","0.51","0.22","0.13","10","1.28","70","50","2.82","18.18","6.92","53.7","15.77","41.46","2.31","3.33","0.9","30.38","75.11","8.72","64.71","1.41","72.73","0.15","0.26","0.77","2.44","84.21","3.46","48.15","1.28","5.51","65.12","","","0","0","","",""
"L. Hägg-Johansson","Sweden 2.","Brommapojkarna","GK","31","175000","2026-12-31","7","701","0","0","0","0","Sweden","right","189","1.41","0.39","100","0.39","66.67","0","1.31","0","0","0","0","0","0","0","0","0","0","0","0","0","0","0","0","13.99","82.57","8.22","78.13","4.49","60","0","0","0","0.39","66.67","0","0","0","3.85","60","1.8","4.88","63.16","1.91","0.85","0.109","1.28"
"A. Selmani","Sweden 2.","IFK Göteborg","CF","28","300000","2027-12-31","12","701","0","0.86","0","0.04","Sweden","right","184","3.21","3.85","33.33","5.65","38.64","0","2.07","0","0.11","0","11","1.41","18.18","0","0.9","0","5.14","37.5","13.22","26.21","3.59","0.39","0.39","10.14","58.23","2.05","56.25","0.26","50","0","0.39","0","1.03","50","0.39","0","0.39","1.03","50","","","0","0","","",""
"N. Gunnarsson","Sweden 2.","IFK Norrköping","RCB, LCB, CB","34","150000","2026-06-30","11","700","0","0.09","0","0","Norway","right","188","6.3","3.21","68","5.27","75.61","0.39","4.73","0","0.01","0","2","0.26","50","0","0.13","0","0.13","100","0.64","80","0.39","0","0","33.56","87.74","11.83","68.48","5.91","56.52","0","0","0","2.83","63.64","0.64","0","0","4.89","71.05","","","0","0","","",""
"A. Lohikangas","Sweden 2.","Värnamo","LB, LWB","27","200000","","14","700","1","0.77","0","0.62","Sweden","left","180","10.8","6.56","72.55","1.93","20","0","7.89","0.13","0.1","0","7","0.9","28.57","14.286","2.19","47.06","0.39","100","2.96","43.48","2.06","1.41","0.51","49.37","83.33","18.51","72.92","3.86","36.67","0.08","0.26","0.51","7.07","69.09","1.8","42.86","0.39","8.74","70.59","","","0","0","","",""
"A. Boudah","Sweden 2.","Hammarby","CF, LW, LWF","26","450000","2027-06-30","13","699","0","1.38","2","1.91","Sweden","right","186","3.86","2.83","72.73","2.7","33.33","0","2.49","0","0.18","0","15","1.93","33.33","0","1.16","11.11","2.19","52.94","7.73","28.33","3.86","1.16","0.64","21.5","83.23","4.38","76.47","1.03","62.5","0.25","0.39","1.03","1.55","83.33","1.8","57.14","1.67","2.06","75","","","0","0","","",""
"A. Christiansen","Sweden 2.","Malmö FF","AMF","35","750000","2026-12-31","8","695","1","1.74","1","1.51","Denmark","right","175","4.66","4.79","51.35","0.26","100","0","3.09","0.13","0.23","0","23","2.98","39.13","4.348","2.46","36.84","1.94","40","8.55","45.45","5.44","1.29","0.52","55.94","86.34","15.02","79.31","2.46","47.37","0.2","0.39","0.39","6.99","79.63","3.88","53.33","1.81","6.47","84","","","0","0","","",""
"S. Jørgensen","Sweden 2.","Malmö FF","RAMF, RWF","25","1200000","2027-12-31","16","693","1","2.28","2","2.48","Denmark","left","178","4.94","4.42","64.71","0.13","0","0","3.64","0.13","0.3","0","19","2.47","47.37","5.263","2.21","29.41","2.73","52.38","5.19","37.5","6.36","1.95","1.04","37.27","85.37","8.83","83.82","1.04","50","0.32","0.78","0.65","2.86","90.91","2.6","65","2.73","4.68","86.11","","","0","0","","",""
"M. Bustos","Sweden 2.","Värnamo","RWF, CF, RW","29","250000","2026-12-31","18","692","3","2.91","1","1.07","Canada","left","168","4.16","3.9","40","1.56","16.67","0.26","3.83","0.26","0.38","0","14","1.82","50","21.429","2.99","34.78","3.51","44.44","9.88","36.84","2.08","1.95","0.91","37.72","83.79","5.59","62.79","1.56","58.33","0.14","0.39","0.39","3.25","64","4.16","53.13","1.69","3.77","82.76","","","0","0","","",""
"S. Hedlund","Sweden 2.","Elfsborg","RAMF, AMF, RWF","32","0","2026-12-31","8","684","1","0.71","2","0.2","Sweden","right","173","6.05","6.71","64.71","0.92","28.57","0","2","0.13","0.09","0","6","0.79","50","16.667","2.24","29.41","2.24","58.82","7.11","40.74","2.89","1.45","1.05","20.13","71.9","4.08","67.74","1.05","62.5","0.03","0.26","0.26","1.05","62.5","2.5","73.68","1.71","3.95","70","","","0","0","","",""
"E. Chilufya","Sweden 2.","Häcken","CF, RWF","26","1500000","2028-12-31","8","674","5","4.12","1","0.4","Zambia","right","171","3.61","4.94","48.65","1.34","0","0","0.69","0.67","0.55","0","18","2.4","61.11","27.778","1.87","21.43","2.27","47.06","6.54","28.57","4.41","1.34","0.4","15.22","78.95","1.6","66.67","0.4","66.67","0.05","0","0.4","0.67","100","1.2","44.44","0.67","1.2","77.78","","","0","0","","",""
"Aiham Ousou","Sweden 2.","Häcken","LCB, RCB","25","1800000","2028-06-30","7","668","0","0.74","0","0.2","Sweden","right","186","9.3","5.39","70","4.72","65.71","0.13","6.51","0","0.1","0","6","0.81","33.33","0","0.13","0","0.67","40","3.23","41.67","0.81","2.96","0.94","72.75","92.59","28.16","87.56","4.99","56.76","0.03","0","0","11.05","86.59","0.54","25","0.13","10.24","78.95","","","0","0","","",""
"A. Benediktsson","Sweden 2.","IFK Göteborg","GK","23","400000","2029-06-30","7","665","0","0","0","0","Iceland","left","196","1.35","0","0","0.27","100","0","1.62","0","0","0","0","0","0","0","0","0","0","0","0.27","100","0","0","0","14.35","83.02","8.66","75","5.95","63.64","0","0","0","0.54","75","0","0","0","4.74","74.29","0.95","4.87","80.56","1.2","1.9","0.257","1.49"
"V. Rönnberg","Sweden 2.","Varbergs","LCB","23","0","2026-12-31","13","645","0","0.23","0","0.3","Sweden","left","193","10.19","6.14","65.91","4.05","65.52","0.56","6.97","0","0.03","0","2","0.28","0","0","0.84","83.33","0.7","80","2.65","52.63","0.84","0.7","0.14","34.33","78.46","18.14","70","7.4","45.28","0.04","0","0.14","6","60.47","1.26","66.67","0.56","9.91","74.65","","","0","0","","",""
"P. Dahbo","Sweden 2.","Häcken","RCMF, RWF, LCMF","20","0","2027-12-31","20","641","4","1.49","0","0.62","Sweden","left","176","4.63","8.14","41.38","1.12","12.5","0","1.69","0.56","0.21","0","13","1.83","38.46","30.769","1.68","41.67","3.37","66.67","9.41","59.7","1.68","2.53","0.56","37.35","87.22","9.13","76.92","1.4","60","0.09","0.28","0","3.93","78.57","3.09","63.64","1.12","5.05","86.11","","","0","0","","",""
"O. Lewicki","Sweden 2.","Malmö FF","LDMF, RB, LCMF","33","400000","","23","638","0","0.35","0","0.38","Sweden","right","170","7.9","6.63","57.45","1.83","61.54","0.28","5.67","0","0.05","0","3","0.42","33.33","0","1.13","37.5","0.28","0","3.24","17.39","0.85","0.99","0.14","55.16","90.28","14.53","76.7","1.83","53.85","0.05","0","0.42","4.51","68.75","1.41","40","0.42","5.78","73.17","","","0","0","","",""
"J. Bergström","Sweden 2.","Mjällby","CF","30","500000","2026-12-31","21","629","3","2.28","1","1.16","Sweden","right","195","3.86","3.86","48.15","12.16","36.47","0.14","2.9","0.43","0.33","0.14","10","1.43","40","30","0.43","0","2","35.71","10.3","18.06","3.15","0.43","0","16.74","72.65","4.58","53.13","0.29","50","0.17","0.14","0.57","2","64.29","1.14","37.5","1.14","1.57","54.55","","","0","0","","",""
"A. Björnström","Sweden 2.","AIK","LB, LCMF, RCMF","30","350000","2027-12-31","14","617","0","0.27","0","1.28","Sweden","left","176","6.71","5.54","57.89","2.77","36.84","0.44","4.73","0","0.04","0","4","0.58","0","0","3.21","31.82","3.06","38.1","5.11","37.14","3.06","1.6","0.88","31.94","80.37","7.59","69.23","2.19","40","0.19","0","0.58","2.77","57.89","2.19","46.67","1.17","4.67","71.88","","","0","0","","",""
"S. Hrstić","Sweden 2.","Häcken","CF","22","1800000","2027-12-31","10","611","2","1.48","0","0.36","Serbia","right","192","1.77","1.62","36.36","2.5","41.18","0.44","1.62","0.29","0.22","0.15","10","1.47","50","20","0","0","0.29","50","6.04","31.71","2.95","0","0","11.93","81.48","2.06","57.14","0.88","66.67","0.05","0.29","0.15","0.74","80","0.59","50","0.59","1.03","57.14","","","0","0","","",""
"J. Olsson","Sweden 2.","Degerfors","GK","31","225000","2028-12-31","6","605","0","0","0","0","Sweden","right","187","1.64","0","0","1.19","100","0","1.86","0","0","0","0","0","0","0","0","0","0","0","0","0","0","0","0","14.88","85","6.99","72.34","4.91","57.58","0","0","0","0.74","80","0","0","0","4.02","62.96","1.93","4.91","60.61","1.71","-1.48","-0.22","2.23"
"T. Vaiho","Sweden 2.","Djurgården","GK","37","100000","","7","603","0","0","0","0","Sweden","left","188","2.39","0.15","0","0.6","75","0","2.98","0","0","0","0","0","0","0","0","0","0","0","0.3","100","0","0","0","14.93","82","10.15","75","6.27","61.9","0","0","0","1.04","42.86","0.15","0","0","5.22","65.71","1.64","3.43","52.17","1.26","-2.53","-0.378","1.64"
"K. Khazeni","Sweden 2.","IFK Norrköping","AMF, RAMF, RW","30","300000","","18","591","1","0.92","1","1.03","Sweden","right","185","8.53","9.14","60","1.83","16.67","0.15","3.8","0.15","0.14","0","13","1.98","23.08","7.692","1.52","30","7.61","42","13.1","36.05","2.89","2.89","1.22","21.17","75.54","4.57","70","1.68","9.09","0.16","0.91","0.76","2.59","58.82","2.44","62.5","1.37","2.28","66.67","","","0","0","","",""
"A. Trondsen","Sweden 2.","IFK Göteborg","RDMF, RCMF, RB","30","300000","2026-06-30","12","589","0","0.3","0","0.04","Norway","left","183","6.72","4.28","75","1.83","50","0.46","4.38","0","0.05","0","5","0.76","0","0","0.61","0","3.06","50","6.72","38.64","1.07","0.92","0.15","40.03","85.5","13.75","74.44","3.36","50","0.01","0.61","0.15","5.35","71.43","1.68","36.36","1.07","5.35","74.29","","","0","0","","",""
"L. Carlstrand","Sweden 2.","IFK Göteborg","RAMF, CF, LWF","21","0","2026-12-31","16","576","0","1.27","0","0.9","Sweden","right","184","5.16","5.31","50","5.94","28.95","0","3","0","0.2","0","8","1.25","37.5","0","0.94","33.33","2.66","58.82","12.03","24.68","2.66","1.41","0.47","16.56","75.47","3.28","52.38","1.09","57.14","0.14","0.31","0.63","0.94","66.67","1.72","54.55","1.25","1.88","66.67","","","0","0","","",""
"B. Hjertstrand","Sweden 2.","Halmstad","LB, LCB","31","150000","","8","570","0","0","0","0.04","Sweden","left","180","8.37","4.42","82.14","2.37","46.67","0.16","4.46","0","0","0","1","0.16","0","0","1.74","9.09","0.47","66.67","1.74","36.36","0.16","0.32","0","30.63","75.77","12.79","59.26","5.68","44.44","0.01","0","0","5.21","51.52","1.89","25","0.32","6.79","62.79","","","0","0","","",""
"A. Fesshaie","Sweden 2.","AIK","CF, AMF","21","0","2027-12-31","9","569","2","1.54","0","0.57","Sweden","left","179","3.95","4.9","41.94","1.27","12.5","0","2.37","0.32","0.24","0","7","1.11","42.86","28.571","0.79","20","2.37","46.67","7.28","28.26","3.16","1.11","0.63","23.25","78.91","6.49","63.41","0.95","50","0.09","0.32","0.47","2.06","69.23","1.42","55.56","0.95","2.21","64.29","","","0","0","","",""
"K. Höög Jansson","Sweden 2.","IFK Norrköping","DMF, LCMF, LCB","25","400000","2028-06-30","9","562","0","0.73","0","0.23","Belgium","left","189","9.93","7.05","56.82","3.84","37.5","0.48","5.86","0","0.12","0","5","0.8","40","0","0.48","66.67","0.64","100","2.88","50","0.64","0.96","0","47.08","86.05","12.97","70.37","7.05","61.36","0.04","0.32","0.16","6.89","67.44","0.96","83.33","0.64","9.61","68.33","","","0","0","","",""
"Filipe Sissé","Sweden 2.","Varbergs","RW, RCMF, RAMF","24","0","2026-06-30","15","560","0","0.63","0","0.18","Portugal","left","187","7.07","8.2","54.9","2.41","0","0","2.5","0","0.1","0","3","0.48","66.67","0","0.32","50","1.77","81.82","8.36","30.77","1.61","1.61","0.32","25.87","83.85","5.79","75","0.96","83.33","0.03","0.16","0.32","1.77","63.64","1.93","66.67","1.13","3.38","85.71","","","0","0","","",""
"V. Edvardsen","Sweden 2.","Djurgården","CF, RWF, RAMF","29","800000","2028-06-30","11","556","2","1.61","0","1.23","Sweden","right","185","4.05","4.53","53.57","2.59","12.5","0.16","1.79","0.32","0.26","0","13","2.1","53.85","15.385","4.21","34.62","2.1","61.54","7.12","29.55","3.88","1.13","0.97","23.63","69.86","5.5","61.76","1.29","37.5","0.2","0.49","0.97","1.62","40","3.24","60","1.62","4.21","76.92","","","0","0","","",""
"E. Marković","Sweden 2.","IFK Göteborg","LW, RAMF, LAMF","26","500000","2028-06-30","12","546","0","1.97","0","1.4","Norway","right","180","9.89","8.57","76.92","1.15","14.29","0.16","3.65","0","0.32","0","9","1.48","33.33","0","5.11","29.03","6.43","41.03","12.36","40","3.79","1.65","0.49","26.37","70","4.95","60","1.65","80","0.23","0.33","0.66","2.8","64.71","3.79","39.13","0.66","3.46","80.95","","","0","0","","",""
"M. Moro","Sweden 2.","Mjällby","CF","30","225000","","18","532","0","1.62","1","0.39","Ghana","right","179","7.61","6.94","58.54","5.08","20","0.34","4.41","0","0.27","0","11","1.86","27.27","0","0.85","20","2.71","50","11.33","31.34","3.21","1.35","0.85","16.75","77.78","4.4","61.54","1.35","37.5","0.07","0","0.51","2.37","21.43","0.68","50","0.85","2.2","53.85","","","0","0","","",""
"R. Wikström","Sweden 2.","Mjällby","RB, RCB","24","450000","2029-12-31","8","530","0","0.21","0","0.47","Sweden","right","189","10.36","7.3","60.47","4.75","50","0.34","7.09","0","0.04","0","7","1.19","14.29","0","1.19","28.57","0.17","0","1.87","18.18","0.51","0.85","0.17","24.96","72.79","10.36","63.93","3.91","34.78","0.08","0","0","4.08","54.17","1.7","50","0.34","5.94","74.29","","","0","0","","",""
