"Player","League","Team","Position","Age","Market value","Contract expires","Matches played","Minutes played","Goals","Assists","Birth country","Foot","Height","Successful defensive actions per 90","Defensive duels per 90","Defensive duels won, %","Aerial duels per 90","Aerial duels won, %","Shots blocked per 90","PAdj Interceptions","Successful attacking actions per 90","Non-penalty goals per 90","xG per 90","Head goals per 90","Shots per 90","Shots on target, %","Goal conversion, %","Crosses per 90","Accurate crosses, %","Dribbles per 90","Successful dribbles, %","Offensive duels per 90","Offensive duels won, %","Touches in box per 90","Progressive runs per 90","Accelerations per 90","Passes per 90","Accurate passes, %","Forward passes per 90","Accurate forward passes, %","Long passes per 90","Accurate long passes, %","xA per 90","Second assists per 90","Smart passes per 90","Accurate smart passes, %","Key passes per 90","Passes to final third per 90","Accurate passes to final third, %","Passes to penalty area per 90","Accurate passes to penalty area, %","Deep completions per 90","Progressive passes per 90","Accurate progressive passes, %"
"Y. Diouf","France 1.","Nice","GK","25","8000000","2027-06-30","7","716","0","0","France","right","184","1.26","0","0","0.38","100","0","1.79","0","0","0","0","0","0","0","0","0","0","0","0.25","50","0","0","0","20.11","86.88","9.05","72.22","4.9","51.28","0","0","0","0","0","0.63","0","0.13","0","0","3.27","53.85"
"L. Abergel","France 1.","Lorient","LCMF, RCMF, DMF","32","3000000","2029-06-30","7","714","0","0","France","right","170","5.92","4.66","59.46","0.76","66.67","0.13","3.36","0.38","0","0.05","0","0.88","14.29","0","0.25","50","0.5","0","2.65","42.86","0.38","0.5","0","55.97","88.29","16.64","77.27","6.43","62.75","0.03","0","0.25","50","0.13","10.34","76.83","1.01","25","0","7.82","77.42"
"M. Talbi","France 1.","Lorient","CB","27","7000000","2027-06-30","7","714","0","0","France","right","190","5.92","3.4","62.96","3.28","61.54","0.5","4.21","0.13","0","0","0","0","0","0","0.13","100","0","0","0.63","20","0.5","0.88","0.13","38.19","94.06","14.62","87.93","3.15","60","0","0","0","0","0","3.03","83.33","0.5","25","0.25","5.04","85"
"G. Restes","France 1.","Toulouse","GK","20","0","","7","712","0","0","France","left","186","1.14","0.13","100","0.76","100","0","1.16","0","0","0","0","0","0","0","0","0","0","0","0.13","100","0","0","0","14.92","84.75","7.84","75.81","5.94","65.96","0","0","0","0","0","1.26","40","0","0","0","4.8","71.05"
"C. Cresswell","France 1.","Toulouse","CB","23","4000000","2028-06-30","7","712","1","0","England","right","190","6.95","2.65","76.19","7.96","61.9","1.26","5.51","0.13","0.13","0.19","0","0.76","16.67","16.667","0","0","0","0","0.76","16.67","0.76","0.25","0","37.04","90.44","13.4","77.36","6.32","64","0","0","0","0","0","4.93","66.67","0.38","0","0","6.19","85.71"
"M. McKenzie","France 1.","Toulouse","RCB, LCB","26","6000000","2027-06-30","7","712","0","0","United States","right","184","9.48","6.19","63.27","3.54","32.14","0.88","6.38","0.13","0","0","0","0","0","0","0.25","50","0","0","0.51","50","0.38","0.25","0.13","34.76","89.82","15.42","81.15","3.16","48","0.02","0","0.13","0","0.13","3.92","80.65","0.51","25","0.13","5.94","80.85"
"A. Dønnum","France 1.","Toulouse","RWF, RWB, RW","27","3500000","2028-06-30","7","712","1","1","Norway","left","179","5.56","5.31","54.76","0.25","100","0","3.04","3.29","0","0.15","0","1.14","44.44","11.111","2.4","31.58","3.54","57.14","8.97","43.66","1.26","2.15","0","31.1","80.08","8.85","65.71","2.91","65.22","0.14","0.13","0.38","0","0.25","4.3","73.53","3.67","44.83","1.14","5.56","84.09"
"M. Mbow","France 1.","Paris","RCB, LCB","25","1000000","2026-06-30","7","707","0","0","Senegal","right","192","5.09","3.18","64","2.55","65","0.76","3.75","0.13","0","0.02","0","0.25","50","0","0","0","0","0","1.15","22.22","0.64","0.51","0.13","54.61","92.31","19.09","84.67","4.71","59.46","0","0","0","0","0","4.71","78.38","0","0","0","5.6","65.91"
"M. López","France 1.","Paris","RCMF, LCMF","27","7500000","2027-06-30","7","707","0","1","France","right","167","3.44","4.58","47.22","0.13","0","0.13","1.7","1.78","0","0.05","0","0.51","75","0","2.04","50","1.15","33.33","1.65","38.46","1.4","1.78","0.13","76","91.96","22.53","85.88","6.87","75.93","0.21","0.25","0.13","0","0.51","11.58","78.02","3.44","66.67","1.4","9.67","88.16"
"K. Lala","France 1.","Brest","RB","34","3000000","","7","706","0","1","France","right","178","8.29","7.39","63.79","2.17","47.06","0.38","4.13","2.8","0","0.03","0","0.38","0","0","2.93","69.57","0.76","83.33","3.44","48.15","0.38","1.53","0.25","42.2","77.34","17.34","65.44","8.92","52.86","0.11","0","0.13","100","0.51","7.52","57.63","4.59","63.89","1.15","12.49","70.41"
"N. Ngoy","France 1.","Lille","RCB","22","3500000","","7","706","0","1","Belgium","right","183","7.14","5.74","53.33","2.29","72.22","0.38","5.25","0.25","0","0.07","0","0.89","0","0","0.25","50","0.38","33.33","1.02","37.5","0.89","1.15","0","54.18","91.29","17.85","84.29","5.35","64.29","0.05","0","0","0","0.25","5.74","80","0.25","50","0.25","7.65","75"
"I. Soumaré","France 1.","Le Havre","LW, CF, LAMF","24","800000","2026-06-30","7","705","3","1","Senegal","right","182","4.85","4.21","72.73","6.26","36.73","0","2.07","4.72","0.26","0.45","0","1.66","53.85","23.077","2.68","52.38","3.32","73.08","9.06","46.48","2.17","1.66","0.13","19.66","76.62","2.94","73.91","0.89","85.71","0.2","0.13","0","0","0.51","1.4","72.73","2.81","59.09","0.64","3.06","87.5"
"M. Diaw","France 1.","Le Havre","GK","32","1800000","2026-06-30","7","705","0","1","France","right","197","2.17","0.13","0","0.38","100","0","2.71","0","0","0","0","0","0","0","0","0","0","0","0.13","100","0","0","0","26.04","89.22","10.47","74.39","6.38","66","0.03","0","0","0","0.13","1.53","50","0.26","50","0.13","5.87","67.39"
"G. Lloris","France 1.","Le Havre","LCB","30","3000000","2026-06-30","7","705","0","1","France","left","192","7.4","4.34","73.53","3.57","50","0","5.11","0.13","0","0.02","0","0.13","0","0","0.13","100","0","0","0.51","0","0.38","0.77","0","57.57","94.46","16.09","82.54","4.85","60.53","0.01","0","0","0","0","3.83","66.67","0.38","66.67","0","5.62","75"
"A. Maitland-Niles","France 1.","Olympique Lyonnais","RB, RAMF","28","9000000","2027-06-30","7","703","0","2","England","right","180","9.6","7.94","51.61","1.92","40","0.13","8.03","1.28","0","0.04","0","0.38","0","0","1.66","23.08","1.41","63.64","3.84","50","0.9","0.9","0","38.28","82.61","13.06","69.61","3.2","28","0.09","0","0","0","0.38","3.84","63.33","2.18","41.18","1.02","4.35","50"
"M. Niakhaté","France 1.","Olympique Lyonnais","LCB","29","16000000","2028-06-30","7","703","0","0","France","left","190","8.83","5.25","65.85","5.12","67.5","0.64","8.03","0.13","0","0","0","0.13","0","0","0","0","0","0","1.28","60","0.26","1.15","0","62.86","90.84","29.32","86.03","4.74","40.54","0.01","0","0.26","50","0.13","5.38","69.05","1.02","37.5","0.51","8.96","70"
"J. Fischer","France 1.","Metz","GK","23","1700000","2028-12-31","7","701","0","0","Denmark","left","197","2.31","0","0","0.64","80","0","2.76","0","0","0","0","0","0","0","0","0","0","0","0","0","0","0","0","31.58","89.43","11.94","74.19","7.06","52.73","0","0","0","0","0","1.8","28.57","0.13","0","0","3.72","62.07"
"J. Jacquet","France 1.","Rennes","CB, RCB","20","0","","7","700","0","0","France","right","188","8.36","5.14","57.5","2.83","77.27","0.39","6.94","0.13","0","0","0","0","0","0","0","0","0.9","14.29","2.7","33.33","0","0.77","0","52.07","91.85","17.49","83.82","3.34","61.54","0","0","0","0","0","5.14","90","0.26","50","0","6.69","75"
"B. Samba","France 1.","Rennes","GK","31","15000000","2028-06-30","7","700","0","0","Congo","left","187","1.93","0.13","100","0","0","0","2.43","0","0","0","0","0","0","0","0","0","0","0","0.39","66.67","0","0","0","33.3","82.63","14.91","63.79","9.77","42.11","0","0","0","0","0","2.19","11.76","0.26","0","0","5.66","54.55"
"R. Risser","France 1.","Lens","GK","20","0","","7","696","0","0","France","right","193","1.29","0","0","0","0","0","1.53","0","0","0","0","0","0","0","0","0","0","0","0.13","100","0","0","0","21.72","84.52","10.99","71.76","7.89","65.57","0","0","0","0","0","1.29","30","0","0","0","5.95","65.22"
"A. Thomasson","France 1.","Lens","LCMF, RCMF","31","5000000","2026-06-30","7","696","1","2","France","right","175","9.83","8.02","66.13","1.55","33.33","0.13","5.36","1.16","0.13","0.17","0","1.55","33.33","8.333","0.91","28.57","1.16","33.33","4.4","41.18","2.07","0.39","0.13","38.02","82.65","12.93","67","3.88","56.67","0.2","0.26","0","0","0.65","2.97","60.87","1.03","75","1.03","5.04","61.54"
"M. Sarr","France 1.","Lens","LCB, CB","26","4000000","2026-06-30","7","696","0","0","France","left","183","8.15","3.1","83.33","2.97","65.22","0.78","6.58","0.13","0","0.12","0","0.39","0","0","0.26","50","0.13","0","1.16","33.33","0.65","0.26","0","39.18","85.48","15","80.17","4.01","67.74","0","0","0","0","0","4.14","84.38","0.26","50","0","7.5","58.62"
"T. Tessmann","France 1.","Olympique Lyonnais","RDMF, LDMF, RCMF","24","7000000","2029-06-30","7","696","1","0","United States","right","188","8.79","4.66","63.89","1.81","50","0.91","7.88","1.42","0.13","0.14","0","1.03","37.5","12.5","0.39","33.33","1.16","77.78","4.53","60","0.91","1.03","0.13","44.22","86.84","13.58","78.1","3.88","60","0.04","0","0","0","0.26","6.85","71.7","0.52","25","0.39","5.82","77.78"
"A. Lopes","France 1.","Nantes","GK","35","4000000","","7","695","0","0","France","left","184","1.81","0.13","100","0.78","100","0","1.89","0","0","0","0","0.13","0","0","0","0","0","0","0.26","50","0.13","0","0","32.37","91.6","11.78","79.12","9.45","73.97","0","0","0","0","0","1.17","33.33","0","0","0","7.77","73.33"
"L. Ajorque","France 1.","Brest","CF","31","3000000","2026-06-30","7","695","1","3","Réunion","right","196","3.88","2.98","43.48","11.27","59.77","0.26","2.81","0.91","0.13","0.42","0","2.07","25","6.25","0","0","0.39","100","8.42","21.54","3.5","0.39","0.13","18.39","78.17","1.68","61.54","2.07","75","0.08","0.13","0","0","0.39","0.91","85.71","0.13","0","0.65","1.42","36.36"
"K. Amian","France 1.","Nantes","RB","27","2500000","2028-06-30","7","695","0","0","France","right","180","7.51","4.92","47.37","1.55","83.33","0.39","5.24","0.91","0","0","0","0.52","0","0","1.17","33.33","0.65","80","2.33","66.67","0.52","1.29","0.13","38.33","82.77","18.78","74.48","4.01","35.48","0.06","0","0","0","0.26","5.83","64.44","1.29","30","0.26","7.25","66.07"
"C. Awaziem","France 1.","Nantes","RCB","28","3000000","2025-12-31","7","695","0","0","Nigeria","right","189","9.19","4.4","73.53","3.63","53.57","0.91","6.26","0.13","0","0","0","0","0","0","0","0","0.13","100","1.42","45.45","0.39","0.52","0","55.81","89.33","21.37","75.76","7.77","63.33","0.03","0","0","0","0.13","4.53","60","0.78","33.33","0.52","7.9","67.21"
"J. Lefort","France 1.","Angers SCO","LCB","32","1000000","2026-06-30","7","695","0","1","France","left","184","8.29","3.5","81.48","1.94","53.33","0.52","4.62","0.52","0","0.01","0","0.13","0","0","0.26","50","0.52","75","1.29","90","0.26","0.39","0.26","38.46","85.52","20.07","78.06","4.66","36.11","0.03","0","0","0","0.13","3.63","50","0.91","28.57","0.13","7.51","60.34"
"H. Koffi","France 1.","Angers SCO","GK","28","2000000","2028-06-30","7","695","0","0","Burkina Faso","right","186","1.55","0.26","50","0.52","75","0","1.3","0","0","0","0","0","0","0","0","0","0","0","0.13","100","0","0","0","18.52","83.92","10.23","73.42","6.86","64.15","0","0","0","0","0","0.91","14.29","0","0","0","4.79","64.86"
"L. Chevalier","France 1.","PSG","GK","23","25000000","2027-06-30","7","693","0","0","France","right","189","0.52","0","0","0.13","0","0","1","0","0","0","0","0","0","0","0","0","0","0","0","0","0","0","0","18.44","97.89","5.84","97.78","1.69","92.31","0","0","0","0","0","0","0","0","0","0","1.82","78.57"
"Clinton Mata","France 1.","Olympique Lyonnais","RCB","32","4000000","","7","692","0","0","Belgium","right","180","8.58","5.98","65.22","1.43","36.36","1.43","6.43","0.13","0","0.01","0","0.26","0","0","0.26","50","0.39","0","1.82","50","0.13","0.13","0","52.28","93.78","18.21","86.43","3.64","39.29","0","0","0","0","0","3.38","69.23","0.52","25","0","3.77","68.97"
"Q. Merlin","France 1.","Rennes","LB, LWB","23","10000000","2028-06-30","7","685","0","1","France","left","174","7.09","4.73","50","0.79","50","0.66","6.35","2.23","0","0.06","0","1.18","22.22","0","3.81","20.69","2.5","47.37","5.12","43.59","1.71","2.23","0","41.39","76.19","12.35","60.64","4.07","54.84","0.14","0","0","0","0.26","5.26","65","3.55","22.22","0.26","8.67","63.64"
"B. Locko","France 1.","Brest","LB","23","12000000","2027-06-30","7","683","0","0","France","left","180","7.25","5.53","61.9","1.84","28.57","0","4.55","1.45","0","0.01","0","0.26","50","0","1.84","42.86","1.32","40","4.48","32.35","0.4","1.05","0.13","29.52","79.46","12.78","76.29","5.01","65.79","0.02","0.13","0","0","0.13","4.08","74.19","1.71","53.85","0.26","8.17","70.97"
"H. Belkebla","France 1.","Angers SCO","DMF, LDMF, LCMF","31","1700000","2026-06-30","7","681","0","0","France","right","177","8.59","5.29","72.5","0.79","33.33","0.26","3.78","0.4","0","0","0","0.13","0","0","0.13","0","0.93","42.86","4.63","45.71","0.13","0.13","0","31.59","91.63","7.27","83.64","1.19","66.67","0","0","0","0","0","3.3","88","0.26","50","0.13","4.36","72.73"
"M. Senaya","France 1.","Auxerre","RB, RCB","24","2000000","","7","681","0","0","France","right","181","8.19","6.21","65.96","4.23","65.63","0.4","4.15","1.32","0","0.04","0","0.53","0","0","2.11","31.25","1.45","45.45","4.23","53.13","0.4","1.06","0","29.34","78.38","12.29","75.27","3.57","62.96","0.01","0","0","0","0","4.49","52.94","1.85","35.71","0.26","6.21","68.09"
"K. Kouao","France 1.","Metz","RB, RCB","27","1500000","2026-06-30","7","680","0","0","Côte d'Ivoire","right","173","7.68","7.15","55.56","1.32","40","0.26","3.79","2.12","0","0.04","0","0.4","33.33","0","1.72","30.77","1.72","84.62","4.1","61.29","1.06","1.99","0.26","38.12","85.07","13.76","84.62","2.78","47.62","0.09","0","0","0","0.4","3.84","68.97","1.85","28.57","0.13","6.35","68.75"
"M. Udol","France 1.","Lens","LWB, LCB, LB","29","2500000","2027-06-30","7","680","0","1","France","left","178","9.4","6.35","64.58","2.51","47.37","0.26","6.19","1.99","0","0.08","0","1.06","25","0","2.38","44.44","1.06","37.5","3.71","32.14","1.72","0.93","0.4","36.66","81.23","14.03","71.7","3.31","48","0.13","0","0.26","100","0.53","2.38","66.67","2.91","54.55","0.93","7.54","59.65"
"C. Arcus","France 1.","Angers SCO","RB, RCB","29","700000","2026-06-30","7","678","0","0","Haiti","right","180","8.1","7.43","53.57","1.46","36.36","0","3.59","0.66","0","0","0","0.27","50","0","0.53","25","0.66","60","1.33","50","0.4","0.66","0.27","43.01","83.95","20.71","76.28","2.39","27.78","0.01","0","0.27","0","0.13","5.31","80","1.06","12.5","0.27","8.89","56.72"
"K. Danois","France 1.","Auxerre","LCMF, RCMF","21","100000","2029-06-30","7","674","0","0","Guadeloupe","right","183","7.61","7.61","64.91","1.2","11.11","0","3.02","0.8","0","0.12","0","0.8","33.33","0","0.8","0","0.93","42.86","4.81","41.67","0.8","2","0.4","41.26","88.03","13.09","78.57","2.4","61.11","0.06","0","0.13","100","0.67","6.68","82","1.74","38.46","0.67","5.47","68.29"
"K. Peprah Oppong","France 1.","Nice","LCB, RCB","21","0","","7","671","1","0","Ghana","right","185","7.51","5.9","61.36","3.35","52","0.54","5.16","0.94","0.13","0.06","0","0.4","66.67","33.333","0.67","60","0.54","50","2.55","52.63","0.54","2.01","0.13","51.24","91.36","19.85","89.19","2.55","63.16","0.01","0","0","0","0.27","7.78","84.48","0.94","71.43","0.4","6.84","78.43"
"M. Bard","France 1.","Nice","LWB, LCB","24","12000000","","7","669","0","0","France","left","173","5.65","4.98","62.16","2.15","50","0.13","3.7","2.56","0","0.04","0","0.67","20","0","4.17","45.16","0.94","57.14","4.71","48.57","0.54","2.02","0.13","43.05","78.13","16.14","65","4.84","22.22","0.02","0","0","0","0.4","6.46","62.5","3.63","59.26","0.13","9.82","68.49"
"E. Owusu","France 1.","Auxerre","RCMF, LCMF","27","2500000","2027-06-30","7","668","0","0","France","right","182","8.76","6.47","68.75","1.89","35.71","0.27","4.58","0.27","0","0","0","0.13","0","0","0.27","50","0.27","50","3.37","52","0","0.27","0.13","30.85","82.97","11.59","69.77","1.89","71.43","0.01","0","0","0","0","4.45","63.64","0.81","33.33","0.13","6.33","70.21"
"C. Tolisso","France 1.","Olympique Lyonnais","AMF, CF, LCMF","31","5000000","2027-06-30","7","667","2","0","France","right","181","5.4","4.59","61.76","4.45","36.36","0.13","3.8","1.21","0.27","0.14","0.13","1.21","66.67","22.222","0.94","28.57","0.13","100","4.18","41.94","1.89","0.13","0","40.88","85.81","12.01","76.4","4.05","66.67","0.1","0","0.13","0","0.27","6.21","80.43","1.48","36.36","0.27","5.4","77.5"
"G. Mensah","France 1.","Auxerre","LB, LCB","27","2500000","2026-06-30","7","660","0","0","Ghana","left","178","7.91","6","75","1.09","37.5","0.14","3.93","0.55","0","0","0","0.14","0","0","1.23","22.22","0.41","66.67","3","50","0","0.55","0","37.64","81.16","15.27","68.75","4.91","44.44","0","0","0","0","0.14","6.41","63.83","2.18","18.75","0.14","7.64","75"
"I. Kebbal","France 1.","Paris","RW, RWF","27","3000000","","7","660","4","2","France","left","169","4.09","3.41","52","0.55","50","0","3.04","4.23","0.41","0.27","0","2.05","53.33","26.667","3.41","24","4.09","53.33","9.27","44.12","3.68","4.91","0.82","57.95","82.82","14.86","71.56","3.41","48","0.14","0","0.27","50","0.68","6.55","77.08","4.23","41.94","1.36","8.73","79.69"
"E. Lepaul","France 1.","Rennes","CF","25","800000","2028-06-30","7","652","4","1","France","right","188","1.24","2.07","33.33","2.9","28.57","0","0.65","1.38","0.55","0.29","0","1.52","54.55","36.364","0.55","0","0.97","57.14","2.62","52.63","2.48","0.41","0.28","16.43","74.79","2.21","62.5","0.83","33.33","0.14","0","0","0","0.41","0.83","66.67","0.28","0","0.28","1.52","45.45"
"P. Lees-Melou","France 1.","Paris","DMF","32","10000000","2027-06-30","7","645","0","0","France","right","185","8.37","6.28","64.44","0.84","50","0.28","5.72","1.12","0","0.02","0","0.98","14.29","0","0.84","33.33","0.84","66.67","4.19","36.67","0.7","0.56","0","48.56","87.93","14.51","79.81","4.6","66.67","0.03","0.14","0.28","50","0.56","6.28","77.78","1.95","64.29","0.84","6.42","78.26"
"Y. Belkhdim","France 1.","Angers SCO","RCMF, RDMF","23","100000","2027-06-30","7","644","0","1","France","right","175","7.55","6.43","69.57","0.56","50","0.28","2.66","0.84","0","0.04","0","0.56","25","0","1.54","36.36","0.42","33.33","2.38","35.29","1.12","0.28","0","36.61","85.11","11.04","79.75","2.93","57.14","0.12","0","0.14","0","0.56","2.8","80","1.26","44.44","0.28","4.75","61.76"
"A. Seko","France 1.","Le Havre","DMF, RCB, RDMF","25","1500000","","7","634","0","0","Japan","right","186","5.96","5.11","61.11","1.99","64.29","0.28","3.25","0","0","0.01","0","0.28","0","0","0.28","0","0.14","0","1.56","63.64","0.71","0.43","0","27.97","82.74","9.23","60","3.26","43.48","0","0","0","0","0","5.11","61.11","0.43","0","0.14","3.97","64.29"
"P. Højbjerg","France 1.","Olympique Marseille","LDMF, LCMF","30","18000000","","7","634","1","0","Denmark","right","187","4.54","3.69","50","1.56","54.55","0","3.77","1.56","0.14","0.14","0","1.14","25","12.5","0.85","33.33","1.56","54.55","5.54","43.59","1.42","0.14","0","68.14","92.29","19.31","86.03","2.7","47.37","0.06","0","0.14","100","0.28","10.93","83.12","1.7","58.33","0.57","7.24","78.43"
"V. Barco","France 1.","Strasbourg","LCMF, LCB","21","13000000","2028-06-30","7","629","0","1","Argentina","left","172","7.58","5.15","75","1.57","27.27","0","3.02","1.57","0","0.06","0","0.86","33.33","0","2.15","20","1.14","62.5","6.58","45.65","1","0.86","0","51.22","83.8","17.6","74.8","4.29","63.33","0.16","0.29","0.29","50","0.57","6.3","68.18","3.58","56","1.57","6.01","76.19"
"J. Gbamin","France 1.","Metz","CB, RCB, LCB","30","2500000","","7","622","1","0","Côte d'Ivoire","right","186","8.83","4.77","69.7","2.17","46.67","0.58","6.71","0.43","0.14","0.09","0","0.29","50","50","0","0","0.29","100","1.3","55.56","0.29","1.45","0.29","59.61","90.29","22.86","79.11","9.55","62.12","0","0","0","0","0","5.5","63.16","0.43","33.33","0","8.25","63.16"
"M. Fofana","France 1.","Olympique Lyonnais","LAMF, LW","20","0","","7","620","2","1","Belgium","left","169","3.48","3.77","46.15","0.73","0","0","2.17","5.66","0.29","0.23","0","1.89","61.54","15.385","3.48","41.67","5.52","55.26","11.03","48.68","4.94","3.05","0.15","27.44","77.78","4.79","54.55","1.89","53.85","0.18","0","0","0","1.02","1.16","87.5","2.18","73.33","1.31","4.94","76.47"
"E. Dier","France 1.","Monaco","RCB","31","12000000","","6","620","1","0","England","right","191","7.4","3.05","57.14","3.34","43.48","1.45","8.01","0.29","0.15","0.05","0.15","0.29","50","50","0.44","33.33","0","0","0.44","33.33","0.44","0.58","0","70.4","93.61","22.65","89.1","5.08","57.14","0.03","0.15","0","0","0","11.76","86.42","0.73","40","0.44","9","75.81"
"Y. Gboho","France 1.","Toulouse","LWF, LW","24","4000000","2026-06-30","7","619","2","0","Côte d'Ivoire","right","178","4.65","5.38","64.86","1.02","28.57","0","1.16","4.07","0.29","0.22","0","1.16","25","25","1.45","60","4.94","55.88","14.39","44.44","3.49","3.63","0.44","18.61","72.66","6.83","44.68","0.44","66.67","0.1","0","0.73","20","0.58","2.18","46.67","3.05","61.9","1.02","3.63","80"
"M. Akliouche","France 1.","Monaco","RAMF, RW, RWF","23","25000000","2028-06-30","6","617","2","1","France","left","183","5.25","4.67","56.25","0.58","0","0","3.53","2.63","0.29","0.23","0","1.46","30","20","2.19","53.33","1.6","63.64","7.15","28.57","3.06","2.92","0.29","40.55","82.37","10.36","70.42","2.19","60","0.1","0","0.29","0","0.29","4.81","75.76","3.5","54.17","1.46","5.11","80"
"A. Kouassi","France 1.","Lorient","LB, LWB","21","0","","7","617","0","2","Burkina Faso","left","178","4.67","3.35","65.22","1.02","28.57","0","2.71","3.06","0","0.01","0","0.15","0","0","3.94","25.93","3.06","61.9","5.98","58.54","1.17","2.77","0.73","32.09","79.09","9.92","64.71","1.75","25","0.15","0","0.15","100","0.73","3.21","77.27","2.63","44.44","0.29","6.27","65.12"
"A. Avom","France 1.","Lorient","RCMF, LCMF","20","0","","7","613","0","1","Cameroon","right","185","7.34","4.7","56.25","1.03","42.86","0.29","4.86","0.88","0","0.03","0","0.59","25","0","1.47","30","1.32","22.22","6.31","37.21","1.47","0.88","0","39.79","86.72","11.45","80.77","3.08","52.38","0.15","0.15","0","0","0.59","4.55","80.65","2.35","62.5","1.47","4.55","70.97"
"F. Magri","France 1.","Toulouse","CF, LWF","26","3000000","2026-06-30","7","609","3","0","France","right","178","3.1","3.25","59.09","8.42","33.33","0","1.19","2.07","0.44","0.46","0.15","2.07","50","21.429","0.59","25","1.77","50","8.87","28.33","2.81","0.3","0.3","13","77.27","2.96","60","0.3","50","0.02","0","0","0","0.15","0.74","40","0.3","100","0.3","1.33","66.67"
"L. Sinayoko","France 1.","Auxerre","CF, RW","25","2500000","2026-06-30","7","609","2","1","Mali","right","186","3.69","2.96","70","4.73","25","0","1.74","2.36","0.3","0.21","0","2.22","33.33","13.333","1.03","0","3.4","43.48","12.86","34.48","2.81","1.33","0.3","18.33","70.97","4.14","60.71","0.44","33.33","0.21","0","0.44","33.33","0.59","1.77","58.33","1.33","66.67","1.18","2.51","64.71"
"M. Sarr","France 1.","Strasbourg","LCB, CB","20","0","","6","606","0","0","France","right","194","9.36","6.39","79.07","3.27","50","0.3","4.79","0.15","0","0","0","0","0","0","0","0","0.45","33.33","1.93","30.77","0","1.04","0.15","49.9","95.83","18.56","92","3.42","69.57","0","0","0","0","0","4.01","77.78","0","0","0","6.83","89.13"
"O. Nkambadio","France 1.","Paris","GK","22","1500000","","6","606","0","0","France","right","190","1.49","0","0","0","0","0","2.07","0","0","0","0","0","0","0","0","0","0","0","0","0","0","0","0","28.07","88.89","12.62","78.82","7.57","60.78","0","0","0","0","0","1.04","0","0.45","0","0","5.35","72.22"
"B. Özer","France 1.","Lille","GK","25","1500000","","6","605","0","0","Türkiye","right","191","0.89","0.3","0","0.6","100","0","1.08","0","0","0","0","0","0","0","0","0","0","0","0.15","100","0","0","0","25.44","85.96","12.05","74.07","8.48","63.16","0","0","0","0","0","2.38","50","0.15","0","0","5.36","75"
"A. Rouault","France 1.","Rennes","LCB, RCB","24","7000000","2027-06-30","6","603","1","0","France","right","186","10","6.57","59.09","2.39","68.75","0.75","7.25","0.3","0.15","0.15","0","0.3","50","50","0","0","0.15","100","0.9","33.33","0.45","0.9","0","60.3","90.1","28.21","84.66","4.18","53.57","0.01","0","0","0","0","8.81","86.44","0.15","0","0.15","10.6","76.06"
"M. Penders","France 1.","Strasbourg","GK","20","0","","6","603","0","0","Belgium","left","200","0.75","0","0","0.15","100","0","0.95","0","0","0","0","0","0","0","0","0","0","0","0.15","0","0","0","0","34.93","92.74","14.03","86.17","5.67","65.79","0","0","0","0","0","1.34","66.67","0.15","0","0","5.52","64.86"
"K. Doumbia","France 1.","Brest","AMF, RCMF","22","5000000","","7","600","2","1","Mali","right","170","7.65","6.45","62.79","1.5","60","0","4.29","1.65","0.3","0.17","0","2.4","25","12.5","0.3","0","2.1","42.86","6.9","26.09","2.1","1.35","0","27.9","84.95","7.5","70","1.95","84.62","0.07","0","0.15","100","0.3","5.25","74.29","0.75","60","0.6","3.3","77.27"
"G. Rulli","France 1.","Olympique Marseille","GK","33","5000000","2027-06-30","6","600","0","0","Argentina","right","189","2.1","0.45","66.67","0.9","100","0","2.5","0","0","0","0","0","0","0","0","0","0","0","0.3","100","0","0","0","24.9","85.54","13.8","77.17","9.15","65.57","0","0","0","0","0","1.95","30.77","0.15","0","0","6.45","76.74"
"R. Aguilar","France 1.","Lens","RWB, RB","32","5000000","2028-06-30","7","589","0","0","France","right","172","9.93","7.64","70","1.53","50","0.61","5.24","2.9","0","0.04","0","0.61","25","0","4.28","50","0.61","50","1.83","75","2.44","1.83","0.15","38.2","81.2","13.9","79.12","2.44","31.25","0.17","0","0.31","100","0.92","3.67","58.33","3.51","69.57","0.76","6.88","77.78"
"J. Panichelli","France 1.","Strasbourg","CF","22","0","","7","589","5","0","Argentina","right","187","5.65","3.36","72.73","5.65","37.84","0.46","4.17","1.83","0.46","0.59","0.15","2.44","56.25","31.25","0.15","0","1.53","30","7.79","21.57","3.67","0.76","0.31","16.04","78.1","2.29","53.33","0.46","0","0.06","0","0","0","0.31","1.38","44.44","0.15","0","0.31","0.76","60"
"G. Hein","France 1.","Metz","AMF, RCMF, RWF","29","3000000","2028-06-30","6","586","1","2","France","left","170","2.76","1.84","75","1.23","25","0.15","1.35","1.08","0","0.21","0","1.23","25","12.5","1.69","18.18","1.38","33.33","5.53","36.11","1.38","3.53","0.77","48.99","86.83","8.75","64.91","2.61","70.59","0.23","0","0","0","0.46","4.76","77.42","2","46.15","0.77","4.76","70.97"
"L. Nego","France 1.","Le Havre","RB","34","900000","2026-06-30","6","586","0","0","France","right","181","6.14","2.61","58.82","0.92","33.33","0","5.75","1.69","0","0.03","0","0.77","0","0","3.99","26.92","0.77","80","2.46","75","0.92","1.23","0.31","48.69","78.23","20.43","71.43","5.22","41.18","0.03","0","0.15","0","0.31","8.6","66.07","4.61","36.67","0.46","12.59","73.17"
"M. Greenwood","France 1.","Olympique Marseille","RAMF, RW","24","25000000","2029-06-30","7","585","2","3","England","right","181","3.38","4","69.23","0.31","50","0","0.9","6","0","0.54","0","2.77","38.89","11.111","2.31","53.33","7.08","52.17","10.46","48.53","3.69","3.85","0.15","43.85","82.46","10.46","69.12","4.46","79.31","0.23","0","0.15","0","0.92","5.38","74.29","4.31","67.86","2.62","7.54","83.67"
"B. Traoré","France 1.","Metz","LDMF, LCMF, DMF","24","6000000","2027-06-30","6","581","1","0","Mali","right","183","6.82","6.51","69.05","1.24","50","0.31","2.5","0.93","0.15","0.13","0","0.93","33.33","16.667","0.15","0","0.62","100","3.72","45.83","0.77","0.77","0.15","37.49","87.19","7.13","71.74","2.32","33.33","0","0.15","0","0","0","3.1","55","0.93","16.67","0.15","2.79","61.11"
"T. Morton","France 1.","Olympique Lyonnais","LDMF, RDMF, DMF","22","8000000","","6","580","1","0","England","right","185","5.9","3.41","59.09","2.02","23.08","0.62","4.89","1.71","0.16","0.03","0.16","0.47","66.67","33.333","1.24","37.5","0.93","66.67","2.79","44.44","0.31","0.93","0","49.66","87.81","11.79","68.42","4.5","62.07","0.16","0.16","0.47","66.67","0.31","5.43","77.14","2.33","53.33","0.78","5.43","65.71"
"J. Mwanga","France 1.","Nantes","DMF, LCB, RCB","22","0","2027-06-30","6","579","1","0","France","right","184","6.06","5.13","63.64","2.02","46.15","0.47","3.58","0.47","0.16","0.08","0","0.16","100","100","0.47","33.33","0.62","25","3.89","36","0.31","1.4","0.16","44.3","93.33","13.37","87.21","2.49","68.75","0.03","0","0","0","0.31","6.84","84.09","1.09","42.86","0.31","5.91","86.84"
"B. Chardonnet","France 1.","Brest","RCB","30","8000000","2027-06-30","6","579","0","0","France","right","181","9.17","3.89","80","4.04","46.15","1.4","7.17","0.62","0","0.08","0","0.62","100","0","0","0","0","0","0.16","0","1.09","0","0","42.44","87.91","13.99","71.11","7.15","67.39","0.01","0","0","0","0","4.51","65.52","0.31","0","0","7.15","71.74"
"H. Magnetti","France 1.","Brest","LDMF, LCMF","27","7000000","2027-06-30","6","579","0","0","France","right","180","7.46","6.06","56.41","0.78","60","0","4.36","0.31","0","0.02","0","0.93","16.67","0","0.16","0","0.31","50","3.11","35","0.31","0","0","31.87","85.37","8.08","76.92","4.2","48.15","0","0","0","0","0","3.89","76","0.93","16.67","0","4.35","60.71"
"H. Boudaoui","France 1.","Nice","RCMF","26","9000000","2027-06-30","7","579","0","2","Algeria","right","175","5.28","4.82","54.84","1.87","16.67","0.47","3.89","2.02","0","0.1","0","1.55","40","0","1.4","44.44","1.55","40","6.37","48.78","2.33","1.24","0.31","35.91","85.28","10.41","68.66","3.42","54.55","0.09","0","0.16","100","0.31","5.44","74.29","2.95","42.11","1.24","4.97","87.5"
"J. Lepenant","France 1.","Nantes","LCMF, RCMF","22","6000000","2029-06-30","6","572","0","1","France","right","176","8.65","5.82","72.97","2.2","35.71","0.31","4.24","0.79","0","0.07","0","0.94","33.33","0","0.47","0","0.79","60","5.03","46.88","0.31","0.31","0.16","28.95","84.24","8.18","67.31","2.99","68.42","0.05","0","0","0","0.16","3.93","84","1.26","50","0.31","4.09","65.38"
"O. Camara","France 1.","Angers SCO","RCB, CB","22","600000","","7","571","0","0","France","right","197","10.25","4.26","74.07","2.99","57.89","0.95","6.17","0.32","0","0.02","0","0.16","0","0","0.16","0","0.32","100","0.95","33.33","0.16","0.16","0","33.26","86.26","9.93","69.84","3.78","50","0","0","0","0","0","2.36","33.33","0.47","0","0","4.41","42.86"
"F. Sierralta","France 1.","Auxerre","CB, RCB","28","1500000","2027-06-30","6","569","1","0","Chile","right","190","6.64","3.32","57.14","5.54","62.86","0.47","5.47","0.16","0.16","0.14","0.16","0.47","33.33","33.333","0","0","0","0","0.95","50","1.27","0.16","0","42.86","91.51","9.81","72.58","3.01","57.89","0.04","0","0","0","0","2.37","80","0","0","0.16","5.54","60"
"T. Tati","France 1.","Nantes","LCB","17","0","2026-07-01","6","567","0","0","France","unknown","0","7.14","4.13","80.77","1.43","33.33","0.32","3.94","0.48","0","0","0","0","0","0","0","0","0.48","100","1.27","75","0.16","0.16","0","48.89","89.29","12.86","65.43","3.65","39.13","0","0","0","0","0","1.9","41.67","0.48","33.33","0.16","4.92","48.39"
"O. Giroud","France 1.","Lille","CF","39","3000000","2025-12-31","6","567","2","0","France","left","192","2.54","3.02","47.37","6.67","42.86","0.32","1.62","1.27","0.32","0.41","0","2.22","35.71","14.286","0.16","100","0.48","66.67","4.76","43.33","4.76","0","0","15.08","73.68","1.9","50","0.79","80","0.17","0","0","0","0.32","0.79","40","0.63","25","1.11","1.59","20"
"A. Sanganté","France 1.","Le Havre","RCB, RB","23","10000000","2026-06-30","6","566","0","0","Senegal","right","189","7.47","4.93","74.19","3.02","63.16","0.16","4.26","0","0","0","0","0","0","0","0","0","0.16","0","1.91","50","0.32","0.64","0","59.95","90.45","19.56","78.05","4.13","42.31","0","0","0","0","0","5.88","67.57","0.32","50","0.48","7.47","61.7"
"A. Bouaddi","France 1.","Lille","RDMF, LDMF","18","0","","7","566","0","0","France","right","175","9.86","7.63","60.42","1.43","33.33","0.48","6.64","1.11","0","0.09","0","0.95","16.67","0","0.95","0","1.43","55.56","7.31","43.48","2.39","1.59","0","29.1","80.87","7.16","68.89","1.27","37.5","0.04","0","0.16","100","0.16","3.18","70","0.8","20","1.11","2.23","78.57"
"J. Teze","France 1.","Monaco","RB, DMF, RDMF","26","18000000","2029-06-30","6","558","0","0","Netherlands","right","183","8.39","7.9","59.18","1.45","22.22","0.16","5.11","0.48","0","0.01","0","0.65","25","0","1.29","0","0.32","50","3.71","34.78","0.32","1.61","0","43.87","84.56","16.61","75.73","4.19","76.92","0.03","0","0.32","50","0.32","5.65","77.14","3.71","52.17","1.94","9.03","83.93"
"A. Gomes","France 1.","Olympique Marseille","RDMF, LDMF, LW","25","25000000","","6","558","1","0","England","right","168","3.55","2.58","50","1.13","28.57","0.16","2.77","0.32","0.16","0.04","0","0.65","25","25","0.32","0","0.16","0","1.94","66.67","0.65","0.65","0","60.16","91.42","12.74","75.95","3.06","57.89","0.01","0.32","0.16","100","0","8.23","80.39","2.42","46.67","0.97","3.71","86.96"
"M. Simon","France 1.","Paris","LW, LWF","30","12000000","2026-06-30","7","555","2","2","Nigeria","right","168","2.76","1.46","88.89","1.62","10","0","1.86","5.68","0.32","0.15","0","2.27","35.71","14.286","5.51","29.41","7.46","43.48","13.62","30.95","3.73","4.38","0.49","23.68","73.29","3.08","63.16","1.46","33.33","0.21","0","0","0","0.65","0.65","75","3.73","39.13","0.97","3.57","86.36"
"V. Rongier","France 1.","Rennes","DMF, RCMF","30","12000000","2026-06-30","6","551","0","0","France","right","172","7.35","5.55","64.71","1.31","75","0.65","4.79","0.98","0","0.05","0","0.49","33.33","0","0.65","25","1.14","42.86","3.43","42.86","0.65","1.31","0","58.8","90.56","15.03","82.61","2.45","53.33","0.02","0","0.16","100","0","8.49","82.69","1.47","33.33","0.65","5.72","80"
"J. Clauss","France 1.","Nice","RWB, RB","33","12000000","2026-06-30","6","549","0","0","France","right","178","6.89","5.57","64.71","1.15","14.29","0","4.35","2.62","0","0.05","0","0.82","20","0","3.61","40.91","0.82","80","3.44","42.86","1.8","1.64","0.33","42.79","77.78","13.61","75.9","3.11","31.58","0.29","0","0.49","66.67","0.66","5.9","63.89","3.61","59.09","0.82","9.18","73.21"
"Y. Zouaoui","France 1.","Le Havre","LB","27","600000","2027-06-30","6","549","0","0","France","left","183","8.03","6.56","55","0.98","50","0.16","5.03","2.62","0","0.03","0","0.66","25","0","3.93","29.17","2.3","57.14","5.25","40.63","0","2.13","0.16","40.66","72.58","17.7","62.04","7.87","43.75","0.09","0","0","0","0","7.05","58.14","3.11","31.58","0.16","9.51","70.69"
"S. Baidoo","France 1.","Lens","CB, RCB","21","8000000","","6","547","0","0","Austria","right","186","10.04","5.92","66.67","3.29","45","2.14","6.92","0.49","0","0.02","0","0.16","100","0","0","0","0.33","100","1.32","62.5","0.16","0","0.33","33.89","93.69","10.2","85.48","1.81","63.64","0","0","0","0","0","2.14","100","0","0","0","3.46","66.67"
"F. Thauvin","France 1.","Lens","AMF, RWF, RW","32","3000000","2026-06-30","7","547","2","0","France","left","181","4.44","3.78","65.22","1.15","42.86","0","2.09","3.62","0.16","0.35","0","1.65","50","20","3.62","27.27","4.61","39.29","12.67","35.06","4.11","3.29","0.49","37.51","77.63","11.85","73.61","2.63","56.25","0.19","0","0","0","0.82","3.95","70.83","6.09","48.65","2.47","5.76","85.71"
"I. Doukouré","France 1.","Strasbourg","LCB, RCB, LDMF","22","10000000","","6","547","0","1","France","right","183","6.58","3.95","62.5","2.3","78.57","0.33","4.57","0.16","0","0","0","0","0","0","0.16","0","0.16","100","2.14","46.15","0.33","0.99","0","58.08","90.93","22.71","84.78","3.62","50","0.07","0.16","0","0","0.16","4.94","83.33","0.99","50","0.33","7.57","78.26"
"M. Fernandez-Pardo","France 1.","Lille","LAMF, RAMF, CF","20","0","","7","546","2","1","Spain","right","183","1.98","1.48","55.56","0.99","33.33","0","1.74","5.77","0.33","0.23","0","1.65","40","20","3.79","43.48","4.29","80.77","7.58","60.87","5.44","3.3","0.66","26.04","79.11","4.45","74.07","0.33","50","0.12","0","0","0","0.66","0.66","75","3.79","60.87","1.81","2.97","94.44"
"A. Faye","France 1.","Lorient","LCB","21","0","2030-06-30","6","542","0","0","Senegal","left","191","9.63","5.31","62.5","2.99","72.22","0.5","5.2","0.17","0","0.04","0","0.33","0","0","0","0","0.17","100","1.99","58.33","0.66","0.83","0","47.66","90.24","22.92","84.78","5.15","58.06","0","0.17","0","0","0","5.65","88.24","0","0","0","11.29","75"
"S. Fofana","France 1.","Rennes","LCMF, LW, RCMF","30","16000000","2026-06-30","7","539","0","0","France","right","185","2.84","2.67","37.5","1.34","87.5","0.17","2.56","2","0","0.04","0","0.83","20","0","1","16.67","2.84","58.82","8.01","39.58","0.83","2.5","0.5","47.59","90.53","11.19","88.06","1.34","50","0.11","0.17","0","0","0.33","4.17","92","2.34","57.14","1.17","4.68","82.14"
"A. Hakimi","France 1.","PSG","RB, RWB","26","60000000","2029-06-30","7","535","0","0","Spain","right","181","4.54","4.71","57.14","0.84","40","0","3.75","1.68","0","0.08","0","1.01","33.33","0","2.52","26.67","2.02","33.33","5.21","32.26","1.68","2.02","0.34","76.37","89.43","14.13","90.48","1.85","72.73","0.04","0","0","0","0.17","6.39","84.21","1.85","45.45","1.01","6.22","64.86"
"J. Casimir","France 1.","Auxerre","RW, RB, LW","24","3000000","","6","535","0","0","Guadeloupe","right","178","6.06","4.88","75.86","3.7","40.91","0","2.75","2.02","0","0.33","0","1.18","57.14","0","2.52","40","0.67","50","5.21","38.71","1.85","1.35","0.34","24.39","73.79","7.23","62.79","1.51","44.44","0.09","0","0","0","0.67","2.19","69.23","2.36","57.14","0.5","5.89","65.71"
"L. Balerdi","France 1.","Olympique Marseille","RCB, LCB, CB","26","20000000","2028-06-30","6","534","0","0","Argentina","right","187","8.09","4.21","84","3.71","72.73","0","5.95","0.67","0","0.09","0","0.84","40","0","0.17","100","0.17","100","1.52","66.67","0.67","0.51","0","61.18","93.66","16.85","84","3.37","50","0","0","0","0","0","7.25","83.72","0.84","80","0.67","5.9","71.43"
"I. Zabarnyi","France 1.","PSG","RCB, CB","23","32000000","2029-06-30","6","526","1","0","Ukraine","right","189","6.84","4.62","77.78","3.42","40","0.17","6.13","0.17","0.17","0.04","0","0.17","100","100","0","0","0","0","0.68","25","0.51","0.51","0","68.61","93.52","29.26","90.06","3.76","54.55","0","0","0","0","0","8.04","89.36","0","0","0","9.41","78.18"
"M. Sangaré","France 1.","Lens","RCMF","23","1200000","","6","525","0","0","Mali","left","178","9.09","6.17","66.67","2.23","38.46","0.51","4.84","1.71","0","0.04","0","1.03","50","0","0.17","0","1.54","66.67","5.66","45.45","0.86","1.03","0.34","41.66","85.19","11.49","73.13","2.74","50","0.02","0","0.34","50","0.34","4.63","81.48","0.34","100","0.69","5.14","60"
"C. Cásseres","France 1.","Toulouse","LCMF, RCMF","25","4000000","2027-06-30","6","525","0","0","Venezuela","right","175","8.06","6.86","72.5","1.54","55.56","0.17","3.29","1.2","0","0.2","0","0.69","50","0","1.03","50","0.86","40","4.97","44.83","0.69","1.2","0.17","34.97","83.82","9.94","75.86","3.43","60","0.08","0","0","0","0.34","6.17","63.89","0.69","25","0","6.17","72.22"
"R. Del Castillo","France 1.","Brest","RW, RAMF, RWF","29","10000000","","6","524","3","2","France","left","172","6.35","7.21","54.76","1.89","45.45","0","2.67","4.12","0.17","0.31","0","2.06","41.67","25","3.09","27.78","3.26","63.16","9.1","45.28","1.55","1.37","0.34","33.15","71.5","8.24","56.25","3.09","33.33","0.38","0.17","0.52","66.67","1.03","3.09","44.44","3.61","38.1","1.37","4.64","77.78"
"J. Diaz","France 1.","Brest","LCB","22","0","","6","523","0","0","France","right","193","7.92","4.13","79.17","3.61","52.38","0.86","5.13","0","0","0.07","0","0.69","0","0","0","0","0","0","1.38","12.5","1.03","0.69","0","35.45","86.89","11.53","71.64","3.79","54.55","0","0","0","0","0","3.1","72.22","0.52","0","0","6.54","60.53"
"W. Zaire-Emery","France 1.","PSG","RCMF, RB","19","0","","7","523","0","0","France","right","178","6.37","6.54","47.37","1.03","50","0.17","5.31","1.38","0","0.05","0","0.69","0","0","0.69","25","1.38","62.5","6.02","42.86","1.72","2.75","0.52","73.14","93.41","16.86","88.78","2.41","57.14","0.08","0","0.34","100","0.34","9.46","92.73","1.72","80","1.2","5.68","81.82"
"Gonçalo Ramos","France 1.","PSG","CF","24","50000000","2028-06-30","7","522","0","0","Portugal","right","185","2.41","2.41","42.86","3.1","38.89","0","2.19","1.38","0","0.4","0","2.24","46.15","0","0.17","0","1.21","28.57","4.14","37.5","3.28","0.52","0","17.93","81.73","2.07","75","0.17","100","0.02","0","0","0","0","0.69","75","0.34","50","0.52","0.86","60"
"H. Haraldsson","France 1.","Lille","AMF, RAMF","22","9000000","","6","521","2","0","Iceland","right","180","5.53","4.49","69.23","1.04","33.33","0","2.86","0.86","0.35","0.29","0","1.9","18.18","18.182","0.86","0","1.04","50","3.63","66.67","3.8","1.55","1.04","39.21","83.7","11.57","74.63","1.73","50","0.14","0.35","0","0","0.17","5.01","75.86","2.76","56.25","1.9","5.01","75.86"
"W. Saïd","France 1.","Lens","AMF, LWF, RWF","30","4000000","2026-06-30","7","519","2","2","France","right","171","4.34","3.82","40.91","2.77","25","0","3.18","2.43","0.17","0.41","0","1.73","50","20","1.21","42.86","2.25","38.46","4.51","34.62","2.6","2.08","0","23.24","76.87","7.46","60.47","1.39","75","0.21","0","0.17","100","0.69","2.77","68.75","1.73","80","1.39","5.9","67.65"
"Vitinha","France 1.","PSG","DMF","25","55000000","2029-06-30","7","519","1","1","Portugal","right","172","3.99","2.43","64.29","0.17","100","0.35","5.06","1.56","0.17","0.09","0","2.25","38.46","7.692","0.35","50","1.21","28.57","4.34","44","0","5.72","1.04","117.92","93.97","31.04","86.59","8.84","64.71","0.14","0.17","0.17","100","0.87","19.08","86.36","2.43","71.43","1.73","12.66","84.93"
"L. Leroux","France 1.","Nantes","RCMF, LB, LCMF","19","0","","7","518","1","0","France","left","0","6.78","5.21","70","0.69","75","0","2.94","1.04","0.17","0.04","0.17","0.52","33.33","33.333","1.56","44.44","0.87","20","2.95","35.29","0.87","0.52","0","27.28","77.07","12.16","71.43","3.47","65","0.02","0","0","0","0.17","3.13","83.33","1.22","85.71","0.52","6.95","72.5"
"A. Murillo","France 1.","Olympique Marseille","RB, LB","29","5000000","2028-06-30","7","518","1","0","Panama","right","184","4.86","5.21","46.67","2.26","53.85","0.17","3.64","1.74","0.17","0.06","0","0.35","50","50","2.26","38.46","1.22","57.14","5.39","38.71","2.43","1.04","0","42.22","85.19","12.68","73.97","2.61","46.67","0.14","0","0","0","0.69","4.69","55.56","2.43","50","0.52","4.52","88.46"
"S. Chergui","France 1.","Paris","RB, RCB","26","1000000","","6","518","0","0","France","right","185","6.25","5.04","68.97","2.95","64.71","0.17","3.69","0.52","0","0.06","0","0.35","50","0","0.35","50","0.17","100","1.22","28.57","1.22","0.17","0","40.66","91.45","12.16","84.29","1.39","50","0.05","0","0","0","0.17","2.95","88.24","0.35","50","0.17","3.3","68.42"
"Mostafa Mohamed","France 1.","Nantes","CF","27","10000000","2027-06-30","6","517","1","0","Egypt","right","185","3.31","1.91","54.55","7.14","39.02","0.35","2.28","0.52","0.17","0.13","0","1.57","11.11","11.111","0.35","0","0.52","66.67","6.44","21.62","1.91","0.7","0","10.1","60.34","1.74","40","0.35","0","0.01","0","0","0","0.17","0.7","25","0.17","100","0.17","1.39","50"
"J. Chotard","France 1.","Brest","RDMF, DMF","24","10000000","2026-06-30","6","512","1","0","France","right","179","9.67","5.98","61.76","1.05","66.67","0.7","6.64","0.88","0.18","0.02","0","0.7","50","25","0.88","40","0.35","50","1.05","33.33","0","0.18","0","36.74","81.34","12.83","67.12","5.27","60","0","0","0","0","0","5.45","67.74","1.05","33.33","0","7.56","62.79"
"Félix Correia","France 1.","Lille","LAMF, RAMF","24","2500000","2028-06-30","7","510","0","3","Portugal","right","178","4.59","4.06","56.52","1.06","50","0","3.21","3.88","0","0.17","0","1.24","28.57","0","3.53","45","2.29","76.92","6.35","41.67","2.29","3","0.18","32.29","77.05","12","77.94","2.65","80","0.17","0","0.18","100","0.88","4.24","75","4.59","61.54","1.76","9.71","81.82"
"D. Namaso","France 1.","Auxerre","LW, CF","25","5000000","2028-06-30","6","507","1","0","England","right","182","5.68","5.33","76.67","4.26","33.33","0","1.67","3.02","0.18","0.26","0","2.31","30.77","7.692","0.53","33.33","4.44","44","16.51","31.18","2.66","2.13","0.36","22.54","81.89","5.33","73.33","1.42","25","0.06","0.18","0.18","100","0.36","2.49","85.71","1.07","50","1.07","2.84","68.75"
"Juma Bah","France 1.","Nice","CB","19","0","","5","506","0","0","Sierra Leone","right","195","7.47","6.05","67.65","5.16","68.97","0.53","5","0.53","0","0","0","0.18","0","0","0","0","0.53","100","2.13","41.67","0.53","0.89","0.18","57.81","94.15","15.3","82.56","3.2","61.11","0","0","0","0","0","4.45","80","0","0","0","7.29","75.61"
"J. Ekomié","France 1.","Angers SCO","LB","22","0","","7","506","0","0","France","left","179","12.63","8","82.22","1.25","42.86","0.36","5.19","2.85","0","0.16","0","0.71","50","0","3.2","33.33","2.85","50","9.6","48.15","1.6","1.6","0.18","27.21","76.47","9.43","79.25","3.02","47.06","0.04","0","0.18","0","0.18","2.67","73.33","3.02","47.06","0.53","7.11","67.5"
"C. Akpa","France 1.","Auxerre","LCB, CB","23","800000","2028-06-30","6","505","0","0","France","left","181","7.31","4.28","83.33","2.67","60","0.71","4.6","0.36","0","0.01","0","0.53","0","0","0.18","100","0.18","100","2.85","75","0.18","1.07","0.18","45.62","88.28","20.5","76.52","7.66","53.49","0.1","0","0","0","0.18","8.2","69.57","0.71","50","0.36","9.45","84.91"
"B. André","France 1.","Lille","LDMF, RDMF, AMF","35","8000000","2028-06-30","5","504","0","1","France","right","180","9.11","5.89","45.45","3.93","45.45","0.36","6.69","1.07","0","0.06","0","0.36","50","0","1.25","42.86","0.89","40","3.93","27.27","2.14","0.89","0","41.07","84.78","14.46","76.54","2.68","66.67","0.1","0.18","0.18","0","0.36","6.25","85.71","2.14","50","1.25","6.43","72.22"
"T. Minamino","France 1.","Monaco","LAMF, AMF, LW","30","20000000","2027-06-30","7","499","2","1","Japan","right","172","3.61","3.07","47.06","1.26","14.29","0","3.03","1.44","0.36","0.28","0.18","1.44","37.5","25","1.44","25","0.9","60","3.79","33.33","3.07","0.36","0","31.38","75.29","9.74","55.56","1.08","16.67","0.1","0","0.18","0","0.18","2.71","46.67","2.34","38.46","1.26","2.53","64.29"
"R. Perraud","France 1.","Lille","LB","28","5000000","2029-06-30","6","494","1","1","France","left","173","9.84","8.02","63.64","1.82","50","0.18","6.36","2.37","0.18","0.07","0","1.28","28.57","14.286","3.46","31.58","2","45.45","6.01","42.42","2.37","1.82","0.36","44.09","82.23","17.49","81.25","3.28","27.78","0.19","0","0","0","0.73","5.65","77.42","2","36.36","0.55","7.65","83.33"
"M. Abline","France 1.","Nantes","LW, CF","22","6000000","2028-06-30","7","493","0","1","France","right","182","2.37","2.56","28.57","4.02","31.82","0","1.54","2.74","0","0.33","0","2.56","14.29","0","1.46","12.5","3.65","60","11.87","40","4.56","3.29","1.1","15.33","66.67","3.29","55.56","1.28","14.29","0.02","0","0","0","0.18","2.19","58.33","1.46","75","1.1","1.28","57.14"
"R. Nicolaisen","France 1.","Toulouse","LCB","28","6000000","","7","493","0","0","Denmark","left","191","8.03","4.56","68","6.02","69.7","0.73","5.51","0.37","0","0.03","0","0.55","33.33","0","0.18","0","0.18","100","0.73","100","0.73","0.18","0","26.29","84.03","10.22","71.43","3.1","58.82","0.01","0","0","0","0","2.19","66.67","0.55","33.33","0.55","3.83","57.14"
"Otávio","France 1.","Paris","LCB","23","13000000","2028-06-30","5","490","0","0","Brazil","left","188","11.02","6.43","68.57","2.39","7.69","0.37","7.89","0.37","0","0","0","0.18","0","0","0","0","0.37","100","2.39","84.62","0.18","0.37","0","62.63","86.51","21.49","70.09","6.8","32.43","0","0","0","0","0","5.51","56.67","0","0","0","8.45","52.17"
"T. Weah","France 1.","Olympique Marseille","LAMF, RB","25","12000000","2028-06-30","7","489","0","0","United States","right","183","5.89","5.34","51.72","2.21","50","0","3.53","1.84","0","0.04","0","0.92","20","0","2.76","26.67","2.58","35.71","4.79","26.92","2.02","2.02","0","37.73","83.41","7.73","61.9","1.66","55.56","0.05","0","0","0","0.37","2.58","85.71","2.21","41.67","0.37","5.15","71.43"
"A. Mendy","France 1.","Nice","RCB","21","0","","5","486","0","0","France","right","187","8.15","6.85","59.46","6.48","65.71","0.37","5.5","0.74","0","0.05","0","0.56","33.33","0","1.3","14.29","0.56","66.67","1.85","40","0.19","1.11","0.19","49.44","85.77","20.74","79.46","5.56","50","0","0.19","0","0","0","8.15","75","1.85","30","0.56","8.7","68.09"
"D. Methalie","France 1.","Toulouse","LWB, LB","19","0","","7","485","0","0","France","","0","10.58","9.46","54.9","2.23","41.67","0","5.53","2.41","0","0.1","0","0.74","75","0","1.11","16.67","3.71","45","7.61","36.59","1.3","1.67","0.37","20.04","75.93","7.42","75","0.74","50","0.02","0","0","0","0.19","1.3","71.43","1.11","16.67","0","2.6","50"
"L. Raolisoa","France 1.","Angers SCO","RAMF, RWF, RB","25","800000","2028-06-30","6","483","0","0","France","right","178","6.89","6.52","68.57","2.42","46.15","0","1.91","2.24","0","0.05","0","0.56","0","0","2.05","27.27","3.35","50","6.15","30.3","1.49","3.17","0.75","29.25","70.7","8.57","52.17","2.24","50","0.18","0.19","0","0","0.56","2.24","58.33","2.42","30.77","0.19","6.52","48.57"
"T. Yegbe","France 1.","Metz","LCB, LB","24","0","","5","482","0","0","Ghana","left","195","8.03","3.92","71.43","1.31","71.43","0.37","6.83","0.56","0","0.03","0","0.19","100","0","0.56","66.67","0","0","0.37","50","0.19","0","0","51.35","86.55","20.54","72.73","7.28","46.15","0","0","0","0","0","5.79","51.61","1.12","33.33","0","7.84","69.05"
"B. Stambouli","France 1.","Metz","DMF, RDMF, RCMF","35","700000","2026-06-30","5","482","0","0","France","right","180","6.35","4.48","75","0.56","66.67","0","2.85","0.75","0","0.02","0","0.37","0","0","1.12","50","0.19","100","2.24","33.33","0.93","0.19","0","42.95","82.17","14.38","68.83","7.1","47.37","0.09","0","0","0","0.37","6.54","48.57","1.31","42.86","0.19","5.79","61.29"
"P. Peter","France 1.","Angers SCO","CF","18","0","","6","482","1","0","France","unknown","0","3.55","2.8","60","4.11","31.82","0.19","1.85","2.24","0.19","0.31","0.19","1.49","75","12.5","0","0","1.31","85.71","8.4","35.56","4.11","0.75","0","10.83","79.31","2.99","62.5","0.19","100","0","0","0","0","0","1.31","71.43","0.37","100","1.12","1.12","83.33"
"F. Lemaréchal","France 1.","Strasbourg","AMF, RCMF, CF","22","5000000","2029-06-30","7","482","0","2","France","right","180","6.16","5.41","58.62","1.12","50","0.19","3.69","1.12","0","0.13","0","1.31","28.57","0","1.87","20","1.87","20","9.9","26.42","2.43","2.05","0.75","36.6","82.65","7.66","65.85","0.93","60","0.23","0.19","0","0","0.37","3.36","94.44","1.49","12.5","0.19","3.17","70.59"
"Caio Henrique","France 1.","Monaco","LB","28","20000000","2027-06-30","7","480","0","0","Brazil","left","178","6","5.44","62.07","1.5","25","0.19","3.85","2.06","0","0","0","0.19","0","0","3.56","47.37","0.75","50","2.81","46.67","0.94","0.94","0","39.19","79.43","12.94","63.77","5.63","43.33","0.1","0","0","0","0.38","4.13","59.09","3.94","66.67","0.56","7.87","71.43"
"L. Hogsberg","France 1.","Strasbourg","CB, RCB","19","200000","2028-06-30","5","478","0","0","Denmark","right","187","5.08","4.52","54.17","1.88","50","0.56","3.5","0.19","0","0","0","0","0","0","0","0","0.19","100","0.94","40","0","0","0","64.02","93.82","25.04","86.47","3.58","57.89","0","0","0","0","0","4.9","73.08","0.56","33.33","0.19","11.49","80.33"
"N. Cozza","France 1.","Nantes","LB","26","3500000","2026-06-30","6","476","0","0","France","left","178","7.37","6.24","42.42","2.65","50","0.38","4.51","0.76","0","0.01","0","0.19","0","0","0.38","0","0.76","100","2.46","53.85","0.38","1.13","0","25.53","71.11","14.18","60","5.48","48.28","0.02","0","0","0","0","2.46","46.15","0.19","0","0.38","7.75","46.34"
"Lucas Beraldo","France 1.","PSG","LCB, RCB","21","30000000","2028-06-30","5","473","1","0","Brazil","left","182","9.13","4.95","73.08","5.14","66.67","0.38","9.2","0.19","0.19","0.08","0.19","0.38","50","50","0.19","0","0","0","0.19","100","0.76","0.19","0","84.48","95.5","32.92","93.64","4.19","63.64","0","0","0","0","0","4.57","87.5","0.19","0","0","8.56","77.78"
"Diego Moreira","France 1.","Strasbourg","LWB, LAMF, LW","21","0","","6","473","0","1","Belgium","left","179","7.8","6.28","60.61","2.47","38.46","0.19","3.64","3.62","0","0.06","0","0.76","25","0","4.57","29.17","4","52.38","7.99","38.1","2.09","2.28","0.76","36.15","77.89","7.61","70","2.66","57.14","0.19","0.19","0","0","0.95","3.62","78.95","4","47.62","1.52","7.04","75.68"
"M. Biereth","France 1.","Monaco","CF, AMF","22","7000000","2030-06-30","7","473","1","0","England","right","187","2.66","2.85","40","4.38","17.39","0","2.38","0.95","0.19","0.29","0","1.14","50","16.667","1.33","14.29","0.38","50","5.14","25.93","4.57","0.19","0","12.94","61.76","2.66","57.14","0.57","66.67","0.02","0.19","0.38","0","0.38","0.95","60","1.9","50","1.14","2.09","54.55"
"R. Majecki","France 1.","Brest","GK","25","5000000","2028-06-30","5","463","0","0","Poland","right","193","1.36","0.39","0","0.39","100","0","1.48","0","0","0","0","0","0","0","0","0","0","0","0","0","0","0","0","19.44","77","13.22","67.65","10.89","60.71","0","0","0","0","0","1.56","25","0","0","0","7.97","75.61"
"D. Sidibé","France 1.","Toulouse","RWB, RCB, RB","33","1500000","","7","457","1","0","France","right","183","6.89","5.12","69.23","1.38","71.43","0.2","3.81","1.38","0.2","0.03","0","0.39","50","50","2.56","23.08","0.98","40","1.97","20","1.97","0.98","0.39","36.04","72.13","15.16","68.83","3.35","58.82","0.04","0","0.39","50","0.2","5.91","70","3.15","37.5","0.98","7.09","69.44"
"M. Samatta","France 1.","Le Havre","CF","32","1800000","","6","453","0","0","Tanzania","right","183","1.99","2.58","46.15","6.75","26.47","0","1.09","1.59","0","0.22","0","2.19","27.27","0","0.79","25","1.19","66.67","5.76","27.59","4.57","0.99","0","13.91","80","1.19","66.67","1.19","33.33","0.02","0","0","0","0.2","0.99","40","0.79","75","0.6","0.6","100"
"R. Ndiaye","France 1.","Le Havre","LCMF","23","2500000","2026-06-30","7","449","3","0","France","right","179","4.81","6.01","50","0.8","0","0","2.08","1.8","0.6","0.2","0","1.6","50","37.5","2.61","15.38","1.6","37.5","4.01","50","2","0.6","0.2","31.07","81.29","7.22","80.56","1.4","71.43","0","0","0","0","0","3.01","86.67","2","40","0.2","3.21","68.75"
"D. Léon","France 1.","Auxerre","GK","32","500000","","5","448","0","0","French Guiana","right","187","2.01","0.4","50","1","80","0","1.95","0","0","0","0","0","0","0","0","0","0","0","0.4","100","0","0","0","22.3","66.67","16.07","55","13.26","46.97","0","0","0","0","0","6.03","33.33","0.4","0","0","8.44","73.81"
"D. Karim","France 1.","Lorient","LW, AMF, LWF","21","0","","6","447","0","1","Togo","right","0","5.44","4.83","54.17","1.81","11.11","0.4","2.79","1.41","0","0.01","0","0.6","33.33","0","0.81","25","1.41","57.14","7.25","47.22","1.01","2.01","0.6","29.19","78.62","9.46","68.09","1.41","28.57","0.07","0.2","0.4","50","0.6","3.83","57.89","0.81","50","0.2","4.23","57.14"
"A. Karabec","France 1.","Olympique Lyonnais","RAMF","22","3000000","2026-06-30","7","443","1","0","Czech Republic","left","187","2.23","2.84","35.71","1.02","40","0.2","1.69","2.44","0.2","0.24","0","0.81","50","25","2.23","27.27","3.66","33.33","9.14","31.11","2.44","2.03","0.2","26.21","80.62","5.28","50","1.63","25","0.13","0.2","0.41","50","0.61","2.23","36.36","3.66","55.56","2.03","4.06","80"
"A. Tosin","France 1.","Lorient","RW, AMF, RWF","27","3000000","2027-06-30","7","442","3","0","Nigeria","right","179","1.83","1.63","50","1.83","22.22","0","1.18","2.24","0.61","0.47","0","2.44","41.67","25","0.61","0","1.43","71.43","6.31","48.39","3.26","1.63","0.2","17.31","76.47","4.07","60","0","0","0.04","0","0.2","100","0.61","1.43","85.71","0.61","66.67","0.81","1.43","28.57"
"Y. Kechta","France 1.","Le Havre","RCMF, CF, AMF","23","5000000","2026-06-30","6","441","0","0","Morocco","left","166","6.53","7.55","48.65","2.04","30","0.41","2.8","2.45","0","0.14","0","1.22","33.33","0","1.63","37.5","2.04","70","6.12","33.33","1.63","1.02","0.61","27.14","78.95","7.14","74.29","1.43","28.57","0.05","0","0","0","0.2","2.45","58.33","1.84","55.56","0.2","4.29","71.43"
"S. Diop","France 1.","Nice","AMF, LCMF","25","12000000","","7","440","3","0","France","right","175","3.27","2.05","60","2.05","40","0","3.03","2.86","0.41","0.27","0","2.25","36.36","27.273","1.02","20","3.27","50","9.82","43.75","3.89","1.64","0","34.98","81.29","8.8","74.42","2.05","60","0.14","0","0.2","100","0.41","6.34","64.52","2.66","46.15","1.02","3.68","88.89"
"B. Barcola","France 1.","PSG","LWF, RWF","23","50000000","2028-06-30","6","437","3","0","France","right","182","2.06","2.47","50","1.44","28.57","0","1.64","4.12","0.62","0.34","0","2.88","35.71","21.429","1.03","40","5.15","52","9.06","36.36","5.77","3.3","1.03","34.19","87.35","4.32","76.19","0.62","100","0.05","0.21","0.21","0","0.41","0.82","100","3.5","70.59","3.3","2.88","92.86"
"P. Köhn","France 1.","Monaco","GK","27","5000000","2028-06-30","5","436","0","0","Germany","right","190","1.65","0.21","100","0.41","50","0","2.12","0","0","0","0","0","0","0","0","0","0","0","0","0","0","0","0","15.07","91.78","7.22","85.71","2.89","64.29","0","0","0","0","0","0","0","0","0","0","2.68","76.92"
"A. Camara","France 1.","Paris","LCMF","28","0","2027-06-30","6","427","0","0","France","right","179","8.01","7.17","61.76","3.16","40","0.21","3.2","0.21","0","0.15","0","0.84","0","0","0.21","100","0.42","0","3.79","16.67","0.84","0","0","37.52","86.52","10.33","77.55","1.05","40","0.01","0","0","0","0","3.58","70.59","0.84","75","0.63","4","47.37"
"A. Mandi","France 1.","Lille","RB, LCB","33","1800000","2026-06-30","5","415","0","0","France","right","184","6.51","3.9","55.56","1.08","80","0.65","4.89","1.08","0","0.02","0","0.22","0","0","1.73","37.5","0.43","100","1.95","66.67","1.73","1.3","0.22","45.98","88.68","15.83","82.19","3.47","56.25","0.04","0","0","0","0.22","4.99","69.57","1.08","60","0.22","6.94","78.13"
"T. De Smet","France 1.","Paris","LB","27","4000000","2026-06-30","5","413","0","0","Belgium","left","183","6.76","5.88","51.85","1.53","57.14","0","5.05","0.22","0","0.01","0","0.22","0","0","0.87","25","0","0","0.87","50","0.87","1.53","0.22","49.25","87.17","17.22","74.68","4.14","52.63","0","0","0","0","0","3.05","71.43","0.87","50","0.44","6.54","53.33"
"G. Ouattara","France 1.","Strasbourg","RB, LB, RWB","19","0","","6","412","1","0","France","","180","5.9","3.71","70.59","0.44","0","0","4.05","1.75","0.22","0.03","0","0.87","50","25","1.53","42.86","1.31","50","3.71","29.41","1.97","1.31","0.66","36.26","83.73","7.43","70.59","0.66","33.33","0.21","0.22","0.22","0","0.44","4.37","70","1.09","60","0.22","5.02","69.57"
"C. Mawissa","France 1.","Monaco","LCB","20","0","","4","412","0","0","France","right","185","8.52","4.15","68.42","2.84","38.46","0.87","7.04","0.44","0","0","0","0","0","0","0.22","0","0.66","66.67","2.62","66.67","0.22","0.66","0.44","68.16","93.59","18.35","82.14","2.18","60","0","0","0","0","0","4.59","80.95","0.22","0","0","3.71","41.18"
"L. Blas","France 1.","Rennes","RCMF, RW, CF","27","15000000","2027-06-30","6","411","2","0","France","left","180","5.47","4.16","57.89","1.31","0","0","4.57","3.94","0.22","0.26","0","2.19","40","20","2.85","46.15","2.85","53.85","10.29","38.3","2.19","2.41","0","38.1","87.93","7.45","82.35","1.97","66.67","0.09","0.22","0.44","50","0.44","2.85","76.92","2.85","76.92","1.31","4.16","73.68"
"S. Chérif","France 1.","Angers SCO","CF, LAMF, AMF","18","0","","7","410","0","0","Guinea","right","185","5.27","3.51","68.75","1.1","40","0","2.64","3.07","0","0.26","0","2.41","27.27","0","1.32","16.67","5.93","37.04","9.88","40","2.41","1.54","0.44","15.15","72.46","3.51","50","0.22","100","0","0","0","0","0","1.1","60","0.66","33.33","0.22","1.54","57.14"
"D. Zakaria","France 1.","Monaco","LDMF, RCMF","28","25000000","","4","409","0","1","Switzerland","right","190","5.72","3.08","50","1.32","33.33","0.22","5.8","0.44","0","0","0","0","0","0","0.44","0","0.66","66.67","3.74","41.18","0.66","1.1","0.44","40.93","91.4","11","82","1.98","66.67","0.2","0","0","0","0.44","5.72","88.46","1.76","50","1.54","4.18","89.47"
"B. Meïté","France 1.","Lorient","RCB","23","6000000","2028-06-30","4","409","0","0","Côte d'Ivoire","right","183","6.16","3.08","71.43","4.4","45","0.44","3.94","0.44","0","0.03","0","0.44","50","0","0.22","0","0","0","2.2","80","0.44","1.54","0","42.25","85.94","19.14","77.01","2.64","33.33","0","0","0.22","100","0","5.94","77.78","0.88","25","0.44","7.7","65.71"
"Y. Mvogo","France 1.","Lorient","GK","31","3000000","","4","409","0","0","Cameroon","right","190","1.76","0","0","0.66","100","0","1.75","0","0","0","0","0","0","0","0","0","0","0","0","0","0","0","0","24.87","87.61","9.9","75.56","8.58","66.67","0","0","0","0","0","0","0","0","0","0","5.72","53.85"
"R. Fofana","France 1.","Lens","CF","19","0","","7","408","2","0","France","right","180","3.75","2.21","60","3.09","21.43","0.22","3.2","2.65","0.44","0.74","0","3.31","26.67","13.333","0.66","0","3.97","44.44","13.01","37.29","4.19","1.99","0.22","13.68","70.97","1.32","16.67","0.44","50","0","0","0","0","0","0","0","0.22","0","0","0.44","0"
"R. Descamps","France 1.","Olympique Lyonnais","GK","29","1500000","2027-06-30","4","404","0","0","France","left","196","1.34","0.45","50","0","0","0","1.5","0","0","0","0","0","0","0","0","0","0","0","0","0","0","0","0","21.61","80.41","11.14","66","5.12","43.48","0","0","0","0","0","1.78","25","0","0","0","4.46","30"
"J. Gradit","France 1.","Lens","RCB","32","4500000","2028-06-30","5","403","0","0","France","right","180","7.59","6.7","36.67","3.35","46.67","0.67","5.64","0.45","0","0","0","0.22","0","0","0.22","0","0.67","66.67","0.67","66.67","0.22","0.67","0","39.31","89.2","16.3","82.19","3.8","58.82","0","0","0","0","0","5.14","73.91","0.45","0","0","6.03","66.67"
"A. Gouiri","France 1.","Olympique Marseille","CF, AMF, LAMF","25","25000000","","6","402","1","1","France","right","181","2.01","2.01","77.78","1.34","33.33","0","0.34","3.13","0.22","0.55","0","2.24","50","10","1.12","60","2.46","54.55","6.49","31.03","2.46","1.12","0","22.84","87.25","3.58","75","0.45","100","0.08","0.22","0","0","0.22","0.9","100","2.01","77.78","1.34","2.69","75"
"F. Doucouré","France 1.","Le Havre","RW, RAMF","24","350000","","7","400","2","0","Mali","right","172","7.65","4.28","73.68","1.8","37.5","0","6.38","3.6","0.45","0.26","0","1.35","50","33.333","5.63","44","0.9","50","4.05","27.78","3.15","2.03","0.23","36.9","75.61","9.9","61.36","3.83","41.18","0.37","0.23","0","0","0.68","3.6","62.5","5.63","44","1.13","8.33","62.16"
"C. Sabaly","France 1.","Metz","LWF, CF","26","2000000","2026-06-30","5","399","0","1","Senegal","right","168","5.86","5.64","68","1.13","20","0.23","2.37","0.45","0","0.09","0","0.68","0","0","0.45","0","1.8","25","6.54","31.03","2.03","1.8","0.45","20.08","79.78","5.41","75","0.68","33.33","0.05","0","0","0","0.45","1.8","87.5","1.35","66.67","1.58","3.16","71.43"
"N. Aguerd","France 1.","Olympique Marseille","LCB, CB","29","35000000","","4","395","1","0","Morocco","left","190","6.15","3.19","71.43","4.78","71.43","0.23","5.31","0.23","0.23","0","0","0.23","100","100","0","0","0.23","0","0.68","0","0.23","1.14","0","72.23","94.01","22.1","86.6","4.1","44.44","0","0","0","0","0","9.8","90.7","0.46","0","0","5.47","66.67"
"M. Sauer","France 1.","Toulouse","RCMF, LCMF","21","1300000","2026-06-30","7","394","0","0","Slovakia","right","180","4.8","4.11","33.33","0.91","50","0.23","3.91","0.91","0","0.05","0","1.14","20","0","0.46","50","0.69","66.67","2.06","55.56","0.91","1.14","0.23","27.18","84.87","6.62","62.07","1.37","16.67","0.02","0","0","0","0.23","2.51","63.64","0.69","100","0.23","2.97","53.85"
"J. Boga","France 1.","Nice","CF, LWF, AMF","28","15000000","2027-06-30","7","390","2","0","France","right","172","1.38","1.38","50","0.46","0","0","1.08","3.69","0.46","0.37","0","2.08","33.33","22.222","1.62","28.57","3.46","73.33","7.85","52.94","3.23","5.77","1.15","27.46","80.67","5.54","70.83","0.69","66.67","0.14","0","0","0","0.23","1.15","80","1.85","62.5","0.69","1.62","42.86"
"Fabián Ruiz","France 1.","PSG","LCMF","29","35000000","2027-06-30","5","388","1","1","Spain","left","189","5.1","1.62","42.86","0.23","100","0","9.5","0.93","0.23","0.11","0","1.16","20","20","0.93","25","0.23","100","2.32","50","2.09","1.39","0","93.25","91.04","31.78","86.13","6.03","57.69","0.17","0","0.23","100","0.46","14.61","84.13","3.94","47.06","1.62","11.83","90.2"
"C. Vanhoutte","France 1.","Nice","LCMF, DMF, RCMF","27","4500000","2027-06-30","4","387","0","0","Belgium","right","182","8.14","4.42","84.21","3.49","46.67","0.23","4.38","0.7","0","0","0","0.23","0","0","0.7","66.67","0.23","100","2.09","55.56","0.47","0.7","0","49.53","87.32","13.26","78.95","4.19","38.89","0","0","0.23","0","0","5.81","80","1.63","42.86","0.7","6.51","64.29"
"H. Diallo","France 1.","Metz","CF","30","11000000","","4","384","1","0","Senegal","right","186","2.11","0.94","50","5.39","47.83","0","2.16","1.17","0.23","0.32","0","1.17","80","20","0.23","0","1.88","12.5","7.97","14.71","1.41","0.47","0","9.14","76.92","1.64","42.86","0.47","50","0.01","0","0","0","0","0.7","100","0.23","100","0","1.17","20"
"S. Sané","France 1.","Metz","RCB, CB","21","0","","4","384","1","0","Senegal","right","182","11.72","5.63","66.67","1.64","42.86","0.23","7.62","0.7","0.23","0.03","0","0.23","100","100","0","0","0.47","100","0.94","75","0.47","0.23","0.23","52.73","91.56","20.86","84.27","3.98","52.94","0","0","0","0","0","2.11","77.78","0","0","0","6.33","66.67"
"G. Tsitaishvili","France 1.","Metz","RAMF, LB, RW","24","800000","2026-06-30","7","383","0","1","Georgia","left","171","3.99","4.46","52.63","0","0","0.23","1.93","3.05","0","0.06","0","0.94","0","0","2.82","25","4.7","50","7.52","40.63","2.11","3.05","0.23","27.49","73.5","6.81","34.48","1.88","12.5","0.14","0","0","0","0.47","1.88","62.5","1.64","28.57","0.23","3.99","29.41"
"S. El Mourabet","France 1.","Strasbourg","RCMF, LCMF, DMF","20","0","","7","383","0","0","France","left","168","9.63","6.58","67.86","1.41","33.33","0.7","7","0.94","0","0.07","0","0.94","0","0","0.7","33.33","1.17","60","5.17","50","0.47","0.7","0.23","58.04","89.47","15.74","74.63","2.11","66.67","0.03","0","0","0","0.47","7.99","79.41","0.7","66.67","0.23","7.52","90.63"
"F. Balogun","France 1.","Monaco","CF","24","30000000","2028-06-30","5","379","1","0","United States","right","178","2.14","1.66","57.14","3.32","35.71","0","1.69","2.61","0.24","0.4","0","2.37","20","10","1.42","50","3.09","46.15","11.4","39.58","6.41","2.14","0.24","19","76.25","3.32","50","0.71","66.67","0","0","0","0","0","1.19","60","0.47","50","0.71","0.95","75"
"M. Bamba","France 1.","Lorient","CF","23","0","2028-06-30","7","372","1","1","Côte d'Ivoire","right","185","2.66","2.66","27.27","6.05","16","0","1.89","1.21","0.24","0.14","0","1.21","60","20","0.24","0","0.48","50","3.87","31.25","2.18","0.97","0.24","13.79","73.68","2.9","25","0.24","0","0.12","0","0.48","50","0.48","0.73","66.67","0.97","25","0.73","0.48","50"
"L. Camara","France 1.","Monaco","RDMF, DMF","21","0","","5","370","0","3","Senegal","right","173","7.54","5.35","63.64","1.7","14.29","0","5.11","1.22","0","0.02","0","0.97","0","0","1.22","40","1.22","60","7.54","38.71","0.73","0.73","0.49","52.78","88.02","14.35","77.97","3.41","42.86","0.39","0.24","0","0","0.73","8.51","71.43","1.7","0","0.49","5.59","69.57"
"Y. Benhattab","France 1.","Nantes","RW, RWF","22","0","","6","369","0","0","France","","170","3.17","3.66","66.67","0.98","50","0","0.77","3.66","0","0","0","0.49","0","0","3.41","35.71","5.12","47.62","7.32","46.67","1.71","4.15","0.49","27.8","70.18","6.83","57.14","2.68","27.27","0.09","0.24","0","0","0.24","1.95","50","3.9","43.75","0.73","4.15","82.35"
"N. Tagliafico","France 1.","Olympique Lyonnais","LB","33","8000000","2027-06-30","5","363","0","1","Argentina","left","172","6.94","6.2","56","3.97","31.25","0.25","5.22","0.5","0","0.09","0","0.74","0","0","1.49","16.67","0.25","100","2.23","55.56","1.49","1.49","0","47.36","84.82","15.62","69.84","1.74","42.86","0.04","0","0","0","0.25","4.71","68.42","1.74","42.86","0.25","6.45","65.38"
"Abner","France 1.","Olympique Lyonnais","LB","25","7000000","2029-06-30","4","358","0","0","Brazil","left","182","8.8","7.04","57.14","1.01","25","0.25","6.26","0.75","0","0.07","0","0.5","50","0","1.76","14.29","1.01","25","2.51","40","2.01","1.26","0.25","34.19","82.35","15.34","75.41","3.77","66.67","0.05","0","0","0","0.25","3.77","73.33","2.01","50","0.75","5.03","70"
"W. Geubbels","France 1.","Paris","CF","24","2500000","","6","356","1","0","France","right","186","2.28","3.54","28.57","6.32","40","0.25","1.47","1.26","0.25","0.39","0","2.53","30","10","1.01","25","0.76","33.33","3.54","21.43","5.56","1.01","0.76","15.93","74.6","1.77","71.43","0","0","0.07","0","0","0","0.25","0.51","50","0.25","0","0","1.52","66.67"
"Alexsandro","France 1.","Lille","LCB","26","8000000","2028-06-30","4","352","0","0","Brazil","right","189","7.67","3.07","75","3.84","73.33","0.26","8.29","0.77","0","0.04","0","0.77","66.67","0","0","0","0.26","100","1.53","83.33","1.02","0.26","0","68.78","89.22","21.73","76.47","5.37","57.14","0","0","0","0","0","3.58","71.43","0.26","100","0.26","9.72","50"
"T. Moffi","France 1.","Nice","CF","26","25000000","2027-06-30","7","350","2","0","Nigeria","left","188","1.29","0.77","66.67","2.31","22.22","0","1.06","1.54","0.51","0.51","0.26","2.31","44.44","22.222","0.26","0","1.8","28.57","5.4","38.1","4.63","1.03","0","13.37","75","2.06","37.5","0.26","0","0","0","0","0","0","1.03","25","0.51","50","1.03","1.03","75"
"K. Merah","France 1.","Olympique Lyonnais","AMF, CF","18","0","","6","350","0","0","France","unknown","0","3.34","6.43","40","0.77","0","0","1.18","2.31","0","0.17","0","0.77","66.67","0","0.77","0","2.31","77.78","6.17","50","1.8","3.09","0.51","35.74","87.05","4.11","81.25","1.03","50","0.07","0.26","0","0","0.26","2.31","88.89","0.77","66.67","0.51","2.06","62.5"
"Lee Kang-In","France 1.","PSG","DMF, RCMF, RWF","24","25000000","2028-06-30","6","349","0","0","Korea Republic","left","173","5.93","4.38","70.59","0.77","0","0.52","5.24","3.35","0","0.15","0","2.84","36.36","0","2.06","37.5","2.32","55.56","6.96","48.15","2.06","1.29","0","67.05","91.15","11.86","76.09","5.67","68.18","0.26","0.52","0.52","50","0.52","8.51","75.76","2.84","45.45","0.52","6.7","80.77"
"T. Le Bris","France 1.","Lorient","RWB, RB","23","2000000","2027-06-30","6","347","1","0","France","right","170","6.48","4.67","77.78","0.78","66.67","0","2.39","2.33","0.26","0.16","0.26","1.3","60","20","2.33","11.11","1.56","83.33","2.85","63.64","2.33","2.07","0.26","26.2","83.17","4.15","68.75","0","0","0.03","0","0","0","0.26","1.3","40","2.59","60","1.3","3.37","84.62"
"T. Louchet","France 1.","Nice","RWB, LCMF, LB","22","0","2027-06-30","6","346","0","2","France","right","178","6.76","6.24","45.83","2.34","33.33","0.78","5.36","1.3","0","0.08","0","1.3","0","0","3.38","38.46","0.78","0","2.86","27.27","1.04","0.78","0","33.55","78.29","10.66","65.85","2.6","30","0.33","0","0","0","1.3","4.68","66.67","2.6","50","0.26","5.98","73.91"
"Nuno Mendes","France 1.","PSG","LB, LWB, LWF","23","55000000","2029-06-30","6","346","1","1","Portugal","left","180","4.16","1.82","57.14","1.3","40","0.26","6.55","2.6","0.26","0.08","0","0.78","66.67","33.333","1.3","40","3.64","35.71","8.06","38.71","1.04","3.38","0.78","59.83","87.83","16.65","78.13","2.86","45.45","0.23","0","0.52","50","0.78","8.58","81.82","2.86","27.27","0.26","7.02","66.67"
"J. Deminguet","France 1.","Metz","LCMF, RCMF","27","1200000","2027-06-30","6","345","0","0","France","left","178","7.83","6.78","61.54","1.04","25","0","3.98","0.78","0","0","0","0.26","0","0","2.09","12.5","0.52","100","4.7","38.89","0.26","1.83","0.78","37.04","84.51","9.39","75","3.13","58.33","0","0","0","0","0","4.17","75","3.91","20","0.78","4.7","61.11"
"S. Soumano","France 1.","Lorient","CF","24","1500000","2026-06-30","7","343","1","0","Senegal","right","182","2.1","1.57","16.67","6.82","34.62","0","2.12","1.84","0.26","0.68","0","2.89","36.36","9.091","0","0","1.31","60","6.82","42.31","3.94","0","0.26","13.12","78","1.57","33.33","1.05","75","0.37","0","0","0","0","0.52","0","1.05","50","1.05","0.26","0"
"M. Camara","France 1.","Rennes","RCMF, DMF, LCMF","27","10000000","2026-06-30","5","336","0","0","France","right","178","7.77","6.43","62.5","2.41","55.56","0.27","4.93","0","0","0","0","0.27","0","0","1.34","0","0.54","0","4.29","25","0.8","1.07","0.8","41.52","90.97","9.38","88.57","1.34","60","0","0","0","0","0","4.02","93.33","1.61","50","0.54","2.95","81.82"
"I. Mbaye","France 1.","PSG","RWF","17","0","2027-06-30","7","336","0","0","France","right","0","4.29","4.82","55.56","1.61","16.67","0","2.34","3.48","0","0.05","0","1.07","25","0","2.14","37.5","5.36","45","14.73","36.36","4.29","4.55","0.8","50.09","85.03","4.29","56.25","0.54","50","0.24","0","0","0","0.8","1.34","80","3.21","50","1.61","2.41","55.56"
"N. Sangui","France 1.","Paris","LB","19","0","2027-06-30","7","334","0","0","France","left","178","4.85","4.85","61.11","0.54","100","0.27","2.53","0.81","0","0.05","0","0.27","0","0","1.89","28.57","0.54","50","4.31","31.25","0.54","1.89","0.27","40.69","87.42","13.47","78","1.08","50","0.02","0","0.27","0","0.54","3.77","64.29","2.43","44.44","0.54","5.66","76.19"
"P. Frankowski","France 1.","Rennes","RWB, RB","30","9000000","2028-06-30","4","333","0","0","Poland","right","175","8.11","7.84","51.72","0.81","0","0.27","4.64","2.97","0","0.09","0","1.08","25","0","4.32","31.25","1.62","83.33","5.41","55","1.35","1.08","0","48.11","75.28","12.97","62.5","3.24","50","0.01","0.27","0","0","0","5.14","73.68","4.86","55.56","1.35","9.73","58.33"
"L. Hernández","France 1.","PSG","LB","29","40000000","2028-06-30","4","332","0","0","France","left","184","5.96","4.61","52.94","2.17","75","0.81","5.81","0.54","0","0.03","0","0.81","33.33","0","0","0","0.27","100","1.63","50","0.54","1.08","0.27","75.09","93.5","29.82","89.09","3.52","53.85","0.01","0","0","0","0","8.13","73.33","0.27","0","0","9.22","82.35"
"N. Mukau","France 1.","Lille","RDMF, AMF, RAMF","20","0","","5","331","1","0","Belgium","left","176","5.71","5.71","76.19","2.45","22.22","0","2.17","0.82","0.27","0.3","0","1.63","33.33","16.667","0","0","1.09","25","3.53","23.08","1.63","0.54","0.27","27.19","88","5.71","71.43","1.36","40","0","0","0","0","0","3.53","76.92","0.27","0","0.27","1.9","57.14"
"M. O'Riley","France 1.","Olympique Marseille","RCMF, RDMF, AMF","24","20000000","2029-06-30","4","328","1","1","England","left","189","5.49","6.31","43.48","0.82","0","0","3.18","1.92","0.27","0.05","0","0.82","66.67","33.333","1.37","60","1.1","50","3.02","54.55","3.02","1.1","0","51.86","89.42","12.62","82.61","3.29","58.33","0.32","0","0","0","0.82","6.04","77.27","1.92","42.86","1.1","4.39","87.5"
"A. Touré","France 1.","Le Havre","RCMF, LCMF, LDMF","31","3000000","","5","327","0","0","France","right","188","7.16","4.4","62.5","1.38","40","0.55","5.38","1.65","0","0.25","0","1.1","0","0","1.65","33.33","2.48","33.33","6.06","40.91","1.93","0","0","38.26","84.89","10.18","67.57","3.3","66.67","0","0","0.28","100","0.28","5.5","80","1.93","57.14","0.28","5.78","66.67"
"L. Mouton","France 1.","Angers SCO","AMF, RCMF","23","600000","","6","325","0","0","France","right","180","6.09","4.71","58.82","1.66","16.67","0.55","2.29","1.11","0","0.07","0","1.11","25","0","1.11","25","0.55","50","4.71","23.53","0.83","1.11","0","27.14","73.47","8.31","53.33","1.94","57.14","0.05","0.28","0.55","50","0.55","5.54","50","1.66","50","0.55","4.98","72.22"
"A. Seidu","France 1.","Rennes","RB, RCB","25","9000000","2029-06-30","5","320","0","1","Ghana","right","173","7.87","3.66","69.23","3.09","36.36","0","7.5","2.53","0","0","0","0","0","0","1.97","57.14","2.53","55.56","5.63","50","0.28","2.25","0","61.31","91.28","19.13","85.29","2.53","66.67","0.18","0","0","0","0.84","7.03","84","1.97","42.86","0","9","71.88"
"Mousa Al Tamari","France 1.","Rennes","CF, RW","28","8000000","2026-06-30","6","316","0","1","Jordan","left","178","3.7","3.7","46.15","0.85","0","0","2.84","4.56","0","0.31","0","3.7","30.77","0","1.71","66.67","4.84","47.06","9.68","32.35","5.98","4.27","1.42","25.06","77.27","6.55","52.17","0.85","33.33","0.2","0","0","0","0.57","1.71","50","2.28","62.5","0.28","3.99","71.43"
"K. Páez","France 1.","Strasbourg","CF, RAMF, AMF","18","0","2027-06-30","7","315","1","0","Ecuador","left","177","5.71","6","28.57","1.71","50","0","5.06","2.86","0.29","0.2","0.29","2","42.86","14.286","2.29","37.5","3.43","33.33","7.14","32","3.14","2.57","0.29","30","74.29","6.57","73.91","4","50","0.01","0","0","0","0","2.57","55.56","4.29","66.67","2.86","5.43","68.42"
"Hong Hyun-Seok","France 1.","Nantes","RCMF","26","9000000","2028-06-30","6","312","0","0","Korea Republic","left","177","7.79","5.48","78.95","1.44","20","0.29","4.24","1.15","0","0.09","0","1.15","50","0","1.44","0","0.87","66.67","3.17","36.36","0.87","0","0","23.37","72.84","6.63","52.17","1.15","25","0.05","0.29","0","0","0","2.02","85.71","0.87","0","0","3.17","36.36"
"Mama Baldé","France 1.","Brest","LW, LWF","29","4000000","2027-06-30","4","311","1","1","Guinea-Bissau","right","176","3.76","4.05","57.14","5.21","33.33","0","1.45","1.16","0.29","0.6","0","3.18","18.18","9.091","0.29","0","2.6","22.22","8.1","21.43","4.34","1.74","0.29","16.5","75.44","2.32","37.5","0.29","0","0.09","0.29","0.29","0","0.29","0.58","0","0.29","0","0.29","0.58","0"
"W. Pacho","France 1.","PSG","LCB, LB","23","35000000","2029-06-30","4","311","0","0","Ecuador","left","188","9.55","3.47","91.67","1.74","66.67","0.29","12.45","0","0","0","0","0","0","0","0","0","0","0","1.45","40","0","0.29","0","79.58","96","26.33","90.11","1.45","80","0","0","0","0","0","6.37","95.45","0.58","50","0.29","7.23","76"
"J. Le Cardinal","France 1.","Brest","LCB, RCB","28","1500000","","3","310","1","0","France","right","182","10.16","5.52","84.21","5.81","55","1.16","6.67","0.29","0.29","0.2","0","0.87","33.33","33.333","0","0","0","0","1.16","25","1.45","0.29","0","34.55","84.03","15.97","69.09","5.23","50","0","0","0","0","0","2.61","44.44","0","0","0.29","6.1","47.62"
"Igor Silva","France 1.","Lorient","LCB, RCB","29","1000000","2026-06-30","3","305","0","0","Brazil","right","173","5.02","3.25","72.73","2.07","57.14","0.59","3.51","1.77","0","0","0","0","0","0","1.48","60","1.48","60","2.36","62.5","0.3","2.66","0","48.1","88.34","20.95","80.28","5.02","41.18","0.01","0","0","0","0","7.38","76","3.25","72.73","1.18","8.85","76.67"
"B. Kamara","France 1.","Lorient","GK","28","800000","","3","305","0","0","France","right","195","1.77","0","0","0","0","0","2.34","0","0","0","0","0","0","0","0","0","0","0","0","0","0","0","0","17.41","88.14","10.03","85.29","4.13","57.14","0","0","0","0","0","0.89","33.33","0","0","0","2.95","60"
"I. Jansson","France 1.","Nice","AMF, LWF, RWF","23","1000000","2028-06-30","6","303","0","0","Sweden","right","175","5.64","4.75","62.5","1.78","16.67","0","3.53","2.67","0","0.13","0","1.19","75","0","1.78","50","2.38","37.5","7.13","33.33","2.38","2.08","1.19","19.01","75","4.46","86.67","0.3","0","0.11","0","0","0","0.59","1.49","80","1.49","80","0.59","2.08","85.71"
"W. Kamanzi","France 1.","Toulouse","LWB, LB","24","2000000","","7","300","0","0","Norway","right","177","9","6.6","81.82","1.8","0","0.6","4.13","2.1","0","0.03","0","0.6","50","0","1.8","16.67","2.7","55.56","6","30","2.1","3.3","0.3","24","86.25","7.8","84.62","0.6","100","0.03","0","0","0","0","2.7","88.89","1.8","50","1.5","3.6","75"
"D. Gomis","France 1.","Guingamp","RCB","30","0","2027-06-30","9","916","3","0","Senegal","right","188","9.63","5.11","76.92","4.13","76.19","1.38","6.93","0.69","0.29","0.1","0.1","0.59","66.67","50","0","0","0.59","50","2.85","37.93","0.79","1.97","0.2","48.64","89.7","19.75","80.6","4.03","48.78","0.02","0","0","0","0","3.93","72.5","0.88","55.56","0.69","6.58","71.64"
"T. Eyoum","France 2.","Le Mans","RCB","23","0","","9","909","0","0","France","right","181","8.42","5.94","63.33","4.46","55.56","0.3","6.03","0.3","0","0.02","0","0.5","20","0","0.1","100","0.1","100","1.78","50","0.59","0.99","0","47.72","87.76","23.66","80.75","7.03","64.79","0","0","0","0","0.1","6.44","67.69","0.4","50","0.1","9.9","71"
"N. Kocik","France 2.","Le Mans","GK","27","350000","2026-06-30","9","909","0","0","France","right","193","1.29","0","0","0.1","100","0","1.7","0","0","0","0","0","0","0","0","0","0","0","0.2","100","0","0","0","16.24","89.63","8.22","80.72","5.64","73.68","0","0","0","0","0","0.79","50","0","0","0","4.55","73.91"
"Z. Ariss","France 2.","Bastia","LB","21","0","","9","907","0","0","France","left","178","8.53","6.05","73.77","3.08","67.74","0.1","6","1.89","0","0.01","0","0.69","14.29","0","3.67","21.62","1.79","55.56","4.96","38","1.09","3.08","1.19","47.13","77.47","17.27","72.41","5.85","38.98","0.14","0","0","0","0.1","6.55","68.18","4.27","34.88","0.89","7.94","77.5"
"J. Placide","France 2.","Bastia","GK","37","200000","","9","907","0","0","France","right","181","1.29","0.2","50","0.4","100","0","1.74","0.1","0","0","0","0","0","0","0","0","0.1","100","0.3","100","0","0","0","20.74","87.08","11.51","77.59","8.14","70.73","0","0","0","0","0","1.69","41.18","0.1","0","0","6.45","83.08"
"D. Durivaux","France 2.","Red Star","RCB, LCB, RWB","24","400000","2027-06-30","9","906","1","1","France","right","177","8.44","6.36","75","1.79","72.22","0.99","5.44","2.28","0.1","0.01","0","0.6","50","16.667","2.78","32.14","1.69","64.71","5.76","51.72","0.1","1.49","0","60.4","87.34","24.14","81.07","6.95","51.43","0.01","0.2","0","0","0","8.74","84.09","3.18","46.88","0.5","11.13","80.36"
"F. Tardieu","France 2.","Saint-Étienne","LCMF, DMF, LDMF","33","1000000","2026-06-30","9","903","0","1","France","right","181","6.58","3.79","73.68","1.59","68.75","0.3","5.44","1.5","0","0.03","0","0.7","28.57","0","0.8","37.5","0.7","85.71","3.49","42.86","0.6","0.7","0.1","74.55","89.71","27.31","81.02","4.68","48.94","0.12","0.1","0.4","100","0.6","13.46","81.48","2.49","60","1.1","11.36","82.46"
"G. Larsonneur","France 2.","Saint-Étienne","GK","28","4000000","2026-06-30","9","903","0","0","France","right","181","2.29","0","0","0.7","85.71","0","3.58","0","0","0","0","0","0","0","0","0","0","0","0.1","0","0","0","0","23.02","88.74","10.07","76.24","4.98","58","0","0.1","0","0","0","1.3","46.15","0","0","0","4.09","60.98"
"M. Nadé","France 2.","Saint-Étienne","LCB","26","1500000","2028-06-30","9","903","2","0","France","left","186","7.28","4.09","75.61","1.99","60","0.7","6.37","0.5","0.2","0.13","0.1","0.4","75","50","0","0","0.2","100","1.4","28.57","0.4","0.8","0","59.8","94","21.23","88.26","2.89","55.17","0","0","0","0","0","5.08","82.35","0.2","50","0.1","7.48","76"
"Sergio Akieme","France 2.","Reims","LB, LCB","27","7000000","2028-06-30","9","899","0","0","Spain","left","175","6.71","4.4","68.18","2.7","37.04","0.3","5.44","2.2","0","0.05","0","0.5","40","0","2.9","34.48","1","90","5.21","38.46","0.9","2.5","0","54.86","86.68","19.22","78.65","3.8","44.74","0.04","0","0.1","100","0.3","7.61","73.68","3.1","35.48","0.3","8.71","72.41"
"E. Jaouen","France 2.","Reims","GK","19","400000","2028-06-30","9","899","0","0","France","right","197","1.7","0.1","0","0.1","100","0","2.5","0","0","0","0","0","0","0","0","0","0","0","0.2","100","0","0","0","21.82","91.28","11.01","83.64","5.41","68.52","0","0","0","0","0","2.4","62.5","0","0","0","4.71","85.11"
"P. Bernardoni","France 2.","Amiens SC","GK","28","2200000","2026-06-30","9","896","0","0","France","left","193","1.91","0","0","0.4","50","0","2.24","0","0","0","0","0","0","0","0","0","0","0","0","0","0","0","0","16.37","79.14","9.34","64.52","6.83","52.94","0","0","0","0","0","1.31","38.46","0.1","100","0","5.52","60"
"F. Escales","France 2.","Annecy","GK","29","600000","2028-06-30","9","896","0","0","France","right","182","2.71","0.1","0","0.3","66.67","0","3.63","0","0","0","0","0","0","0","0","0","0","0","0","0","0","0","0","21.29","81.13","12.05","69.17","7.94","58.23","0","0","0","0","0","2.91","48.28","0.2","0","0","5.93","69.49"
"S. Bakayoko","France 2.","Amiens SC","RCB","20","0","","9","896","0","0","Côte d'Ivoire","right","0","7.63","4.42","72.73","2.71","44.44","0.7","5.2","0.1","0","0.07","0","0.4","0","0","0","0","0.3","33.33","1.81","66.67","0.5","0.2","0","35.86","88.8","14.26","77.46","3.21","46.88","0","0.1","0","0","0","2.51","48","0.1","0","0","4.22","57.14"
"N. Saint-Ruf","France 2.","Nancy","CB, RCB","32","250000","2026-06-30","9","895","2","0","France","right","186","7.64","3.42","55.88","4.53","55.56","0.8","6.94","0.4","0.2","0.09","0.1","0.7","57.14","28.571","0","0","0","0","0.6","50","1.31","0.1","0","31.27","80.06","14.38","64.34","7.24","50","0","0","0","0","0","5.23","50","0.4","0","0.1","6.94","59.42"
"N. Raveyre","France 2.","Pau","GK","20","0","","9","894","0","0","France","right","0","3.02","0.1","0","0.1","100","0","3.85","0","0","0","0","0","0","0","0","0","0","0","0","0","0","0","0","35.13","89.97","14.19","79.43","8.76","67.82","0","0","0","0","0","1.01","30","0.1","0","0","6.14","67.21"
"N. Fernandez","France 2.","Nancy","LCB","20","0","","9","894","0","1","France","right","184","9.16","5.74","64.91","4.03","65","0.2","6.32","0.1","0","0.07","0","0.4","0","0","0.1","100","0","0","0.7","42.86","1.31","0.4","0","36.24","78.33","20.74","70.39","7.05","40","0.06","0.1","0","0","0.3","7.15","61.97","0.91","22.22","0.3","10.27","68.63"
"T. Guivarch","France 2.","Clermont","GK","29","300000","","9","892","0","0","France","right","195","0.91","0.1","0","0.2","100","0","1.15","0","0","0","0","0","0","0","0","0","0","0","0.1","100","0","0","0","25.43","88.49","12.71","80.16","6.26","59.68","0","0","0","0","0","0.91","22.22","0.1","0","0","4.94","61.22"
"N. Lemaître","France 2.","Troyes","GK","28","400000","2026-06-30","9","890","0","0","France","left","189","1.92","0","0","0.3","100","0","2.56","0","0","0","0","0","0","0","0","0","0","0","0.2","100","0","0","0.1","21.24","90.48","10.62","82.86","6.07","73.33","0","0","0","0","0","0.61","50","0","0","0","5.36","73.58"
"A. Monfray","France 2.","Troyes","RCB","34","350000","2026-06-30","9","890","0","0","France","right","185","9.81","5.87","68.97","4.35","51.16","0.3","7.4","0.4","0","0.03","0","0.4","50","0","0.2","50","0.3","33.33","1.52","40","0.1","0.3","0","58.96","87.82","26.9","83.46","8.7","63.95","0","0","0","0","0","6.98","60.87","0.61","33.33","0","12.94","77.34"
"P. Gozzi","France 2.","Troyes","LCB","24","400000","2026-06-30","9","890","0","0","Italy","left","184","7.58","4.75","63.83","3.13","41.94","0.51","5.65","0.3","0","0.07","0","0.3","0","0","0.1","0","0.51","60","2.33","39.13","0.3","0.2","0.1","53.39","91.29","16.48","84.66","5.56","58.18","0","0","0","0","0","3.74","81.08","0.2","0","0","7.89","66.67"
"S. Yohou","France 2.","Le Mans","CB","34","200000","","9","890","0","0","France","right","190","7.08","5.16","70.59","4.45","52.27","0.51","4.44","0.1","0","0","0","0.1","0","0","0","0","0.1","100","1.31","61.54","0.71","0.3","0","33.98","87.5","9.51","68.09","2.93","37.93","0","0","0","0","0","2.22","77.27","0.2","0","0","4.04","52.5"
"M. Samassa","France 2.","Laval","GK","35","250000","2026-06-30","9","889","0","0","France","right","198","0.91","0","0","0.4","100","0","1.21","0","0","0","0","0","0","0","0","0","0","0","0.1","100","0","0","0","11.95","90.68","6.68","83.33","4.05","75","0","0","0","0","0","0.2","100","0","0","0","3.14","77.42"
"V. Lobry","France 2.","Amiens SC","CF, AMF, LCMF","30","700000","","9","888","1","1","France","left","181","4.66","4.56","44.44","2.43","41.67","0.2","2.62","1.93","0.1","0.17","0","1.42","14.29","7.143","2.13","33.33","2.33","43.48","7.3","44.44","1.72","2.53","0.61","37.7","79.03","10.24","53.47","4.46","61.36","0.16","0","0.1","0","0.3","4.86","58.33","2.03","30","0.2","5.78","61.4"
"A. Mille","France 2.","Troyes","RCMF, LCMF, LDMF","28","400000","2026-06-30","9","885","1","1","France","left","181","5.39","4.17","48.78","2.64","42.31","0","4.32","2.75","0.1","0.16","0","1.12","45.45","9.091","1.93","31.58","2.54","60","7.22","42.25","2.44","2.14","0.2","37.42","82.88","9.86","73.2","3.36","66.67","0.11","0.2","0.31","33.33","0.2","5.8","70.18","2.34","60.87","1.12","5.49","70.37"
"J. Kouadio","France 2.","Annecy","LCB, RCB","26","300000","","9","881","0","0","France","right","175","8.27","3.17","48.39","4.6","57.78","0.31","8.22","0","0","0","0","0.1","0","0","0.1","0","0.1","0","1.23","41.67","0","0.92","0.1","40.56","82.62","20.12","73.1","4.09","57.5","0","0","0","0","0","6.03","67.8","0.72","28.57","0.2","9.5","70.97"
"B. Omeragić","France 2.","Montpellier","RDMF, RCB, RCMF","23","6000000","2028-06-30","9","881","1","0","Switzerland","right","187","6.13","5.72","57.14","4.19","53.66","0.1","3.11","0.61","0.1","0.08","0.1","0.92","44.44","11.111","0.51","20","0.2","50","2.15","42.86","1.23","0.72","0","39.94","89","11.75","77.39","1.84","27.78","0","0","0","0","0","3.47","61.76","0.61","50","0.41","4.29","71.43"
"M. Magnin","France 2.","Rodez ","CB","24","200000","2026-06-30","9","879","1","0","Switzerland","","190","8.91","3.99","66.67","4.61","57.78","1.02","7.22","0.41","0.1","0.1","0","0.41","50","25","0.1","0","0.2","100","0.82","75","0.61","0.92","0.1","38.19","84.18","15.26","71.14","5.94","53.45","0","0","0.1","0","0","5.84","64.91","0.72","14.29","0.2","7.47","72.6"
"R. Lipinski","France 2.","Rodez ","LCB","23","400000","2028-06-30","9","879","0","0","France","left","180","9.32","5.53","61.11","2.66","34.62","0.82","6.98","1.02","0","0.04","0","0.61","16.67","0","1.23","50","0.31","100","1.84","44.44","0.61","2.46","0.1","36.76","74.37","20.38","61.81","9.32","35.16","0.04","0","0","0","0.2","9.73","56.84","2.56","32","0.2","8.91","62.07"
"Q. Braat","France 2.","Rodez ","GK","28","600000","","9","879","0","0","France","right","194","1.64","0.2","100","1.13","81.82","0","1.71","0","0","0","0","0","0","0","0","0","0","0","0","0","0","0","0","21.3","81.73","12.9","71.43","7.78","53.95","0","0","0","0","0","3.48","38.24","0.31","0","0","5.43","67.92"
"V. Sasso","France 2.","Dunkerque","RCB, LCB","34","200000","","9","876","1","0","France","right","190","4.93","1.85","55.56","3.49","79.41","0.31","6.1","0.62","0.1","0.06","0.1","0.51","60","20","0.21","0","0.31","100","0.92","88.89","0.62","0.72","0","69.04","93.9","20.24","86.8","2.57","40","0","0","0","0","0","2.98","79.31","0.1","100","0.21","6.78","60.61"
"M. Diop","France 2.","Troyes","DMF, RDMF","25","0","","9","873","1","2","Senegal","right","182","5.88","3.09","76.67","2.06","20","0.21","4.7","0.72","0.1","0.12","0","1.03","10","10","0.1","0","0.72","71.43","3.61","42.86","0.62","1.34","0","43.09","87.32","12.37","77.5","5.05","61.22","0.12","0","0.31","33.33","0.52","5.77","71.43","1.24","58.33","0.62","5.67","70.91"
"I. Boura","France 2.","Troyes","LB","25","900000","2027-06-30","9","872","1","2","Comoros","left","173","7.12","3.41","60.61","3.82","72.97","0.1","6.55","1.34","0.1","0.03","0","0.83","25","12.5","2.99","20.69","0.83","62.5","2.06","55","1.44","1.86","0.41","49.33","81.38","19.82","71.88","4.33","28.57","0.06","0","0","0","0.41","7.12","60.87","3.2","25.81","0.41","7.84","65.79"
"J. Ruiz","France 2.","Pau","LCB","27","1000000","","9","870","1","0","France","left","188","6.21","2.59","72","2.17","71.43","0.62","5.42","0.41","0.1","0.05","0.1","0.41","25","25","0.21","50","0.21","100","1.45","64.29","0.62","1.03","0.1","55.14","88.74","21.52","78.37","6.1","50.85","0","0.21","0","0","0","4.97","52.08","0.41","50","0.1","8.07","69.23"
"A. Appiah","France 2.","Amiens SC","LB","24","400000","2026-06-30","9","865","0","0","Netherlands","left","177","5.41","4.16","60","1.25","33.33","0.21","3.24","1.66","0","0","0","0.21","0","0","2.29","22.73","2.29","50","5.62","44.44","0.42","3.02","0.73","33.61","84.83","12.07","78.45","1.56","26.67","0.04","0","0.1","0","0.21","4.58","77.27","1.87","22.22","0.21","6.14","71.19"
"A. Mendy","France 2.","Montpellier","CF","31","4000000","2026-06-30","9","865","2","1","France","right","184","1.77","1.87","44.44","5.51","47.17","0.1","0.68","1.56","0.21","0.27","0","1.66","25","12.5","0.62","16.67","2.29","45.45","11.24","27.78","3.33","0.62","0","11.76","75.22","2.29","63.64","0.62","50","0.08","0.1","0","0","0.21","1.35","69.23","0.83","75","0.83","0.73","71.43"
"S. Sanna","France 2.","Laval","LCMF, LB","26","1000000","2029-06-30","9","861","1","1","France","right","170","8.99","6.79","73.85","1.05","60","0.31","5.07","1.78","0.1","0.04","0","0.84","37.5","12.5","0.73","71.43","1.36","69.23","3.97","55.26","1.46","2.51","0.63","42.96","85.64","14.32","76.64","2.82","48.15","0.08","0.1","0","0","0.31","4.91","68.09","1.15","81.82","0.63","5.64","79.63"
"Chico Lamba","France 2.","Saint-Étienne","RCB","22","500000","2027-06-30","9","852","0","0","Guinea-Bissau","right","190","7.5","3.8","58.33","2.85","48.15","0.63","8.08","0","0","0.01","0","0.11","0","0","0","0","0","0","1.27","41.67","0.32","0.95","0.21","67.61","92.19","24.4","87.45","2.75","42.31","0.02","0.11","0.11","0","0.11","8.35","79.75","0.63","0","0","10.56","75"
"J. Mendes Correia","France 2.","Rodez ","DMF","21","0","2026-06-30","9","844","0","0","France","right","180","8","6.61","58.06","2.67","44","0.53","4.64","1.07","0","0.04","0","0.53","20","0","0.11","0","1.49","64.29","3.09","55.17","0.64","1.07","0.11","27.3","80.08","10.77","59.41","4.59","37.21","0.01","0","0.21","0","0.21","5.76","53.7","0.85","50","0.32","5.12","60.42"
"A. Boutrah","France 2.","Bastia","LAMF, LW, AMF","24","600000","2028-06-30","9","838","2","1","France","right","171","2.15","1.93","44.44","2.36","31.82","0","2.05","5.16","0.21","0.09","0","1.93","50","11.111","1.93","27.78","5.69","62.26","12.57","48.72","1.29","6.12","0.86","32.43","77.81","7.52","62.86","1.5","21.43","0.08","0","0.32","33.33","0.43","4.08","52.63","2.58","41.67","0.43","3.87","80.56"
"R. Hachem","France 2.","Red Star","RCMF, LCMF","27","600000","2027-06-30","9","838","1","0","France","left","172","6.01","5.16","56.25","3.01","32.14","0.11","4.26","3.22","0.11","0.11","0","1.4","38.46","7.692","2.26","42.86","2.68","64","6.77","50.79","1.72","1.93","0.32","36.09","78.27","11.71","71.56","3.65","44.12","0.02","0.11","0.11","0","0.21","4.73","65.91","2.15","50","0.32","5.48","68.63"
"M. Diop","France 2.","Grenoble","GK","25","100000","2028-06-30","9","838","0","0","Senegal","right","204","1.83","0.11","100","0.75","85.71","0","1.94","0","0","0","0","0","0","0","0","0","0","0","0.11","100","0","0","0","18.04","77.38","9.56","61.8","6.44","41.67","0","0.11","0","0","0.11","1.18","18.18","0.11","0","0","3.97","54.05"
"T. Valls","France 2.","Grenoble","RCMF","29","800000","2026-06-30","9","832","1","1","France","left","178","4.22","3.46","46.88","1.84","29.41","0","2.67","1.62","0.11","0.06","0","0.97","33.33","11.111","1.08","70","0.76","71.43","2.38","40.91","0.76","1.19","0.22","32.88","83.55","10.93","71.29","4.33","70","0.11","0.22","0.11","0","0.43","6.6","80.33","2.27","57.14","0.76","6.6","75.41"
"A. Kashi","France 2.","Annecy","LCMF, DMF","36","200000","","9","831","0","0","France","right","178","5.42","4.12","47.37","2.38","45.45","0","4.06","0.22","0","0.01","0","0.54","0","0","0.11","0","0.43","50","1.84","47.06","0.11","0","0","39.21","88.95","11.16","73.79","2.82","61.54","0.02","0","0","0","0","5.2","68.75","0.65","50","0.43","4.12","81.58"
"A. Julloux","France 2.","Nancy","RCB, RB","29","250000","2026-06-30","9","831","0","0","France","right","187","9.86","6.28","67.24","2.38","54.55","0.76","7.03","0","0","0","0","0.11","0","0","0.65","0","0.22","0","1.08","40","0.54","0.65","0","28.92","78.65","13.43","69.35","5.74","56.6","0","0","0","0","0","4.44","58.54","0.97","11.11","0.11","6.28","70.69"
"K. Cissé","France 2.","Red Star","LWB","28","0","2027-06-30","9","822","1","3","France","left","170","4.93","4.49","63.41","1.64","60","0.11","3.03","3.83","0.11","0.11","0","1.31","33.33","8.333","3.83","25.71","4.82","50","8.43","40.26","2.96","2.96","0.44","32.19","79.59","7.55","71.01","1.86","47.06","0.17","0","0","0","0.77","2.3","66.67","3.5","43.75","0.88","4.71","74.42"
"J. Boyer","France 2.","Boulogne","LB","27","0","","9","818","0","0","France","left","179","8.14","6.38","65.52","1.98","44.44","0.11","4.84","2.42","0","0.08","0","1.1","30","0","3.85","31.43","1.32","66.67","3.85","45.71","1.43","1.54","0","38.4","75.07","15.18","64.49","4.62","52.38","0.09","0","0.44","0","0.33","5.72","55.77","3.52","34.38","0.22","9.46","74.42"
"J. Assoumou","France 2.","Troyes","LW, LAMF, RW","22","0","2026-06-30","9","807","4","1","Côte d'Ivoire","right","167","6.69","5.24","63.83","2.68","33.33","0","3.94","5.35","0.45","0.33","0","3.57","40.63","12.5","2.45","31.82","5.13","60.87","13.94","38.4","3.35","4.13","0.89","26.88","80.91","6.69","68.33","1.56","50","0.15","0.22","0","0","0.56","1.67","80","2.45","50","0.78","4.24","73.68"
"Z. Fdaouch","France 2.","Nancy","AMF, LW","28","500000","2026-06-30","9","807","2","1","France","left","172","3.46","3.23","51.72","2.68","25","0","2.24","3.9","0.22","0.23","0","1.67","53.33","13.333","2.23","30","3.46","61.29","10.59","32.63","3.57","3.01","0.67","29.44","76.52","8.36","58.67","2.23","40","0.07","0","0.22","100","0.67","2.01","66.67","2.57","52.17","0.78","4.01","72.22"
"M. Caufriez","France 2.","Clermont","RCB, LCB","28","2500000","2026-06-30","9","803","0","0","Belgium","right","189","7.4","3.59","62.5","1.79","56.25","0.78","6.14","0.22","0","0","0","0.22","0","0","0","0","0.22","100","2.13","47.37","0.22","1.01","0.22","49.09","90.64","16.36","79.45","3.81","47.06","0","0","0","0","0","4.6","53.66","0.22","50","0","4.71","69.05"
"D. Louiserre","France 2.","Guingamp","RCMF, DMF, LCMF","30","1200000","","9","801","0","0","France","right","173","8.76","5.73","62.75","0.9","75","0.45","6.42","0","0","0","0","0.45","0","0","0","0","0.11","0","1.69","20","0.34","0.79","0.11","51.46","90.83","13.82","78.05","3.03","59.26","0.04","0","0","0","0.11","6.4","85.96","0.34","33.33","0.45","6.18","70.91"
"N. Mbuku","France 2.","Montpellier","RAMF, RW, LW","23","2000000","2027-06-30","9","797","0","1","France","left","170","5.42","5.19","60.87","2.03","11.11","0.11","2.35","3.95","0","0.04","0","0.79","14.29","0","3.05","29.63","4.29","65.79","14.68","46.92","1.92","2.94","0.45","23.6","74.64","7.45","72.73","1.13","50","0.24","0","0.11","100","0.34","3.27","62.07","4.07","50","1.58","3.73","90.91"
"L. Mafouta","France 2.","Guingamp","CF","31","1500000","2026-06-30","9","796","3","0","France","right","181","2.15","1.24","72.73","4.07","27.78","0","1.52","1.13","0.34","0.25","0.11","1.24","45.45","27.273","0.34","66.67","0.68","50","5.2","34.78","2.94","0.45","0","16.06","80.28","2.37","61.9","0.23","50","0.01","0.11","0","0","0.23","1.02","66.67","0.57","40","0.23","1.36","66.67"
"S. Mambo","France 2.","Grenoble","LCB","26","400000","","8","795","1","0","Congo DR","left","184","11.89","7.92","77.14","5.77","56.86","0.79","6.59","0.23","0.11","0.07","0.11","0.68","16.67","16.667","0.34","0","0.34","33.33","1.36","25","0.91","1.58","0.11","46.42","87.07","19.81","77.71","4.64","43.9","0.03","0","0","0","0.11","5.66","66","0.91","12.5","0.23","8.72","71.43"
"T. Delphis","France 2.","Annecy","RCB, RWB, RB","22","0","","9","794","0","0","France","right","183","4.31","3.4","43.33","3.74","60.61","0.23","3.67","0","0","0.02","0","0.11","0","0","0.45","0","0","0","0.68","50","0.11","0.45","0","30.83","81.99","16.89","79.87","4.87","74.42","0.02","0","0","0","0","7.03","74.19","0.91","12.5","0","9.29","79.27"
"S. Ngapandouetnbu","France 2.","Montpellier","GK","22","300000","2026-06-30","8","790","0","0","Cameroon","right","186","1.37","0.11","100","0.57","80","0","1.64","0","0","0","0","0","0","0","0","0","0","0","0.34","66.67","0","0","0","17.89","86.62","9.23","75.31","5.13","60","0","0","0","0","0","1.37","50","0","0","0","3.87","73.53"
"I. Fofana","France 2.","Amiens SC","LCMF, LDMF, RDMF","23","0","","9","788","0","0","Côte d'Ivoire","right","187","10.85","8.57","54.67","2.17","47.37","0.46","7.11","0.46","0","0.01","0","0.57","0","0","0.23","100","0.23","100","3.43","56.67","0.11","0","0","42.03","87.5","9.71","72.94","3.77","57.58","0","0","0","0","0","4.91","81.4","0.11","100","0","5.25","52.17"
"Yohan Tavares","France 2.","Laval","RCB, CB","37","150000","","8","787","0","0","France","right","188","7.32","5.49","58.33","4.57","57.5","1.03","5.51","0.11","0","0","0","0","0","0","0.11","100","0","0","0.57","20","0","0","0","56.61","92.32","14.41","77.78","4.92","65.12","0","0","0","0","0","4.23","72.97","0.8","71.43","0.57","6.63","63.79"
"R. Touzghar","France 2.","Pau","RCMF, LCMF","21","0","2026-06-30","9","782","0","2","Morocco","left","182","6.45","6.79","69.49","1.15","20","0.12","1.76","1.15","0","0.24","0","2.42","19.05","0","0.92","37.5","1.15","30","4.72","34.15","2.99","1.61","0.69","44.31","88.31","11.85","75.73","2.88","68","0.19","0.12","0","0","0.46","3.8","69.7","0.92","50","0.69","4.95","65.12"
"E. Bardeli","France 2.","Dunkerque","LCMF","24","1000000","2026-06-30","8","780","4","2","France","right","173","4.15","2.42","76.19","1.04","33.33","0","3.61","2.19","0.46","0.25","0","1.73","40","26.667","1.38","58.33","1.04","66.67","3","50","3","1.62","0.58","35.65","85.11","8.65","72","1.62","35.71","0.31","0","0.12","0","0.81","4.38","73.68","2.54","50","1.27","4.04","77.14"
"M. Tchokounté","France 2.","Laval","CF","37","250000","","9","779","2","1","France","right","191","3.47","2.08","66.67","10.05","39.08","0.23","2.27","1.16","0.12","0.23","0.12","1.04","44.44","22.222","0.35","66.67","1.27","36.36","11.9","21.36","1.96","0.12","0","16.06","76.26","2.66","56.52","0.35","33.33","0.07","0","0","0","0.12","1.85","43.75","0.58","20","0.23","1.16","60"
"A. Leautey","France 2.","Reims","LAMF, LW, RWB","29","1500000","2026-06-30","9","772","1","2","France","left","172","5.36","4.9","66.67","1.28","18.18","0.12","2.89","5.13","0.12","0.22","0","1.4","16.67","8.333","5.6","37.5","3.26","82.14","7.93","45.59","2.8","2.45","0.58","31.71","76.47","7.11","72.13","1.98","70.59","0.26","0","0.12","100","0.82","1.98","88.24","4.43","57.89","0.7","6.18","73.58"
"D. Sylla","France 2.","Red Star","RWB, RB","22","0","","8","770","0","1","France","right","175","6.08","5.49","68.09","2.81","50","0","3.51","1.99","0","0.01","0","0.35","66.67","0","2.22","31.58","1.64","64.29","4.91","42.86","1.4","2.34","0.82","39.97","77.49","12.04","63.11","2.1","16.67","0.07","0","0","0","0.12","3.04","76.92","2.57","50","0.7","7.48","60.94"
"D. Thiam","France 2.","Boulogne","RB, RCB","35","150000","","9","767","0","0","France","left","179","6.69","4.11","65.71","1.53","46.15","0.35","4.72","1.29","0","0","0","0","0","0","1.99","35.29","0.94","62.5","3.99","58.82","0.12","2.58","0.47","33.56","81.82","16.43","77.14","5.63","64.58","0.04","0","0.12","0","0.12","6.92","83.05","2.11","44.44","0.23","10.44","78.65"
"J. Vercruysse","France 2.","Le Mans","RCMF, LCMF, DMF","25","0","","9","758","1","0","France","","183","6.89","6.89","65.52","2.73","39.13","0.12","3.03","1.54","0.12","0.12","0","1.31","45.45","9.091","1.9","18.75","0.95","62.5","5.58","44.68","1.19","1.07","0.12","32.53","78.1","7.96","58.21","1.42","50","0.08","0","0","0","0","3.44","51.72","2.26","31.58","0.47","3.68","67.74"
"G. Paquiez","France 2.","Grenoble","RCB","31","450000","","8","753","1","1","France","right","182","10.16","6.57","56.36","2.15","55.56","0.48","6.7","0.6","0.12","0.01","0","0.36","33.33","33.333","0.48","0","0.36","100","1.67","42.86","0.24","0.48","0","35.26","83.73","16.85","73.05","4.3","61.11","0.03","0.12","0.12","100","0.12","5.86","67.35","0.72","33.33","0.48","7.41","77.42"
"T. Thomas","France 2.","Laval","LDMF, RCMF","23","350000","2026-06-30","9","753","1","0","France","right","183","6.69","6.57","54.55","3.23","62.96","0.36","4.26","1.08","0.12","0.09","0.12","0.84","57.14","14.286","0.12","0","1.2","50","4.06","47.06","0.72","0.84","0.12","40.4","89.05","10.64","68.54","4.42","62.16","0.01","0","0","0","0","5.14","62.79","0.36","33.33","0.36","4.78","75"
"G. Kondo","France 2.","Dunkerque","LCB, LB","23","0","","9","746","1","1","France","left","180","6.03","2.9","58.33","2.65","45.45","0.24","6.6","0.6","0.12","0.06","0.12","0.6","20","20","0.72","16.67","0.6","60","0.97","50","0.84","1.45","0","69.73","87.2","24.01","73.37","8.08","44.78","0.08","0","0","0","0.12","8.69","54.17","1.09","11.11","0.12","9.17","73.68"
"C. Billemaz","France 2.","Annecy","LWB","27","400000","","9","743","2","2","France","left","175","9.08","7.27","66.67","3.27","14.81","0","5.11","1.33","0.24","0.15","0","1.21","30","20","2.06","29.41","0.61","40","2.54","33.33","1.45","0.85","0","32.22","68.8","14.41","61.34","3.76","35.48","0.07","0","0.12","100","0.36","7.27","65","2.42","50","0.97","7.87","75.38"
"T. Averlant","France 2.","Amiens SC","CF, RW, LW","26","0","","9","741","2","1","France","right","178","3.89","3.77","54.84","2.67","63.64","0.24","1.83","3.89","0.24","0.53","0","2.06","64.71","11.765","2.43","25","4.13","41.18","7.65","36.51","4.01","2.06","0.24","14.94","64.23","2.79","73.91","0.49","75","0.14","0","0.24","100","0.36","0.97","75","2.43","45","0.61","2.79","69.57"
"A. Sekongo","France 2.","Dunkerque","RCMF, LCMF","21","0","2026-06-30","9","739","3","1","Côte d'Ivoire","right","178","4.87","5.85","52.08","4.75","38.46","0","2.52","1.58","0.37","0.12","0","0.97","75","37.5","1.34","27.27","1.71","28.57","6.45","50.94","1.1","1.46","0.37","27.89","79.48","6.21","64.71","1.46","58.33","0.13","0.12","0.12","0","0.49","3.41","75","2.07","41.18","0.61","2.68","59.09"
"D. Durand","France 2.","Red Star","CF, LWF","30","400000","2026-06-30","9","739","4","0","France","right","173","2.56","2.19","72.22","0.49","0","0","1.47","3.78","0.37","0.31","0","1.95","43.75","25","1.95","37.5","3.29","66.67","6.7","50.91","2.56","1.83","0.73","19.12","82.17","3.65","70","0.73","66.67","0.04","0.24","0","0","0.12","1.1","66.67","1.95","43.75","0.24","2.44","85"
"C. Jullien","France 2.","Montpellier","LCB, CB","32","2500000","","9","733","1","0","France","right","196","7.24","4.79","71.79","4.05","54.55","0.61","5.08","0.25","0.12","0.15","0.12","0.61","40","20","0","0","0.12","0","0.86","42.86","0.74","0.37","0","47.27","90.39","12.89","76.19","4.3","57.14","0","0","0","0","0","3.32","48.15","0.74","33.33","0.12","5.4","75"
"A. Hemia","France 2.","Guingamp","CF, RCMF","27","600000","2027-06-30","8","732","2","3","France","right","178","5.66","5.66","60.87","0.74","66.67","0","2.9","1.97","0.25","0.15","0","2.21","44.44","11.111","2.09","29.41","0.61","60","6.27","41.18","1.72","1.23","0.12","36.64","80.87","9.34","72.37","4.06","57.58","0.13","0.12","0","0","0.74","5.53","82.22","2.21","44.44","0.49","6.64","72.22"
"D. Guèye","France 2.","Le Mans","CF","30","250000","","9","716","3","0","Senegal","right","176","4.02","3.9","38.71","10.68","47.06","0.25","2.54","1.38","0.25","0.44","0.13","2.77","31.82","13.636","0.38","33.33","0.63","40","5.78","32.61","4.02","0.75","0.25","16.72","72.93","4.27","50","1.63","38.46","0.01","0.13","0.25","50","0","1.38","45.45","1.01","50","0.25","1.51","66.67"
"J. Ikanga","France 2.","Red Star","CF","23","250000","2026-06-30","9","715","3","1","France","right","179","4.03","5.54","47.73","5.03","25","0","2.1","3.9","0.38","0.16","0","1.64","30.77","23.077","2.14","17.65","5.03","57.5","12.59","38","2.77","2.01","0.76","14.6","61.21","3.02","45.83","0.5","50","0.04","0.13","0.13","100","0.25","1.26","70","1.38","36.36","0.25","0.76","100"
"K. Bamba","France 2.","Clermont","LAMF, AMF, LWF","31","900000","","9","715","2","1","France","right","177","4.66","4.28","76.47","0.76","0","0.13","1.62","4.03","0.25","0.11","0","1.51","41.67","16.667","1.01","37.5","4.03","68.75","12.97","45.63","1.01","2.27","0.13","42.92","83.58","9.31","66.22","4.03","62.5","0.03","0.13","0.5","50","0.13","5.92","72.34","2.64","42.86","0.88","6.55","78.85"
"T. Bouriaud","France 2.","Nancy","LCMF","28","250000","","9","714","0","1","France","left","175","9.58","8.7","56.52","1.26","50","0","5.18","1.39","0","0.11","0","1.39","18.18","0","1.01","0","1.39","63.64","5.17","48.78","0.88","0.25","0","35.42","80.07","14.37","68.42","4.16","63.64","0.08","0.13","0.38","66.67","0.25","6.05","72.92","2.02","37.5","0.63","5.67","75.56"
"A. Demouchy","France 2.","Guingamp","LCB","23","50000","","7","713","1","0","France","","185","7.95","4.54","77.78","4.42","60","0.88","5.66","0.38","0.13","0.12","0.13","0.63","60","20","0","0","0.13","0","0.76","50","0.63","0.38","0","49.35","85.42","21.96","72.41","7.7","39.34","0","0","0.13","0","0","6.69","60.38","0.5","0","0","7.95","61.9"
"F. Abner","France 2.","Dunkerque","LB","29","600000","","9","713","0","0","Brazil","left","180","5.81","3.66","51.72","1.64","46.15","0.38","5.57","0.63","0","0","0","0.25","0","0","0.88","14.29","0.88","57.14","2.65","66.67","0.13","1.89","0.25","51.5","89.95","18.3","84.14","3.53","57.14","0.04","0","0","0","0.13","9.97","81.01","0.88","28.57","0.13","8.46","83.58"
"M. Xantippe","France 2.","Grenoble","LB","23","350000","","9","713","1","1","France","left","183","11.11","8.96","64.79","2.65","38.1","0.38","5.28","3.41","0.13","0.05","0","0.5","50","25","2.78","31.82","3.91","54.84","6.69","49.06","0.63","2.4","0.13","28.78","70.18","10.35","60.98","3.28","46.15","0.12","0","0.38","33.33","0.38","2.52","70","3.03","50","0.5","7.57","65"
"P. Lemonnier","France 2.","Red Star","CB, LCB","32","500000","","7","712","0","0","France","right","184","6.57","4.04","56.25","7.21","57.89","0.25","6.22","0.25","0","0.1","0","0.63","20","0","0","0","0.13","100","0.76","83.33","1.14","0.51","0.13","58.65","87.28","18.58","71.43","9.48","49.33","0","0","0","0","0","8.97","69.01","0.25","0","0","11.76","74.19"
"T. Vargas","France 2.","Laval","RB, RWB","25","1000000","","8","712","0","1","France","right","175","6.83","5.81","60.87","1.52","33.33","0","4.38","2.65","0","0.01","0","0.51","25","0","3.92","29.03","2.28","61.11","3.92","64.52","0.51","0.63","0.13","42.85","71.98","14.92","62.71","6.19","42.86","0.16","0","0.13","0","0.13","5.56","59.09","3.41","40.74","0.76","9.99","75.95"
"A. Roncaglia","France 2.","Bastia","LCB, CB, RCB","25","500000","","8","707","0","0","France","right","180","5.35","3.44","66.67","5.6","36.36","0.38","4.04","0.25","0","0.04","0","0.25","0","0","0","0","0.25","100","0.64","60","0.38","0.25","0","45.57","91.06","13.49","76.42","4.07","34.38","0","0","0","0","0","3.31","38.46","0.13","100","0","3.82","66.67"
"A. Briançon","France 2.","Pau","RCB, CB","30","1500000","2026-06-30","8","705","0","1","France","right","185","8.68","3.83","63.33","1.66","53.85","0.89","7.29","0.13","0","0.02","0","0.26","0","0","0.13","0","0.13","100","0.77","100","0.64","0.38","0.13","49.53","91.24","21.19","86.75","5.11","62.5","0","0","0","0","0.13","5.36","76.19","0.26","100","0.26","9.19","75"
"C. Jolibois Houilliez","France 2.","Rodez ","RCB","28","0","","9","705","0","0","France","","0","8.68","5.36","54.76","5.23","63.41","0.89","6.27","0.38","0","0.11","0","0.64","0","0","0.38","66.67","0.13","100","1.66","53.85","1.15","1.53","0.26","39.83","84.94","18.26","76.92","6.77","58.49","0","0","0","0","0","8.17","70.31","1.4","54.55","0.26","9.7","81.58"
"M. Gbane","France 2.","Reims","DMF, RCMF, LCMF","24","1500000","2029-06-30","8","701","0","0","Côte d'Ivoire","right","188","6.8","4.24","63.64","2.82","68.18","0.39","5.68","0.9","0","0.02","0","0.13","0","0","0.13","0","1.28","70","6.03","31.91","0.39","0.64","0.13","48.15","88.8","11.17","75.86","2.7","71.43","0","0","0","0","0.13","7.06","85.45","0.9","57.14","0.51","5.52","65.12"
"G. Poussin","France 2.","Red Star","GK","26","500000","2026-06-30","7","698","0","0","France","right","186","2.08","0","0","0.6","75","0","2.94","0","0","0","0","0","0","0","0","0","0","0","0.15","100","0","0","0","19.93","74.63","13.83","64.52","8.18","47.27","0","0","0","0","0","2.53","29.41","0.15","0","0","6.69","55.56"
"V. Pajot","France 2.","Annecy","RCMF","35","300000","","7","690","1","0","France","right","180","6.26","4.43","47.06","2.74","52.38","0.26","4.53","0.13","0.13","0.08","0.13","0.52","25","25","0.13","0","0.13","0","1.57","41.67","2.09","0.26","0","27.39","78.1","11.74","66.67","3.39","42.31","0.03","0","0","0","0.13","6.91","69.81","0.78","50","0.65","4.43","76.47"
"L. Calodat","France 2.","Le Mans","LB, LWB","23","200000","","9","681","2","0","France","left","171","6.21","4.23","68.75","0.66","20","0","4.34","4.1","0.26","0.1","0","0.93","42.86","28.571","4.76","36.11","2.91","63.64","6.34","39.58","1.19","2.25","0.4","27.62","71.29","8.59","63.08","1.98","60","0.13","0","0.13","100","0.93","3.04","73.91","4.1","41.94","0.4","6.74","62.75"
"A. Zossou","France 2.","Dunkerque","LW, LWF","20","0","","9","680","2","0","Côte d'Ivoire","","0","2.91","3.57","37.04","1.06","62.5","0","2.32","5.03","0.26","0.19","0","1.46","54.55","18.182","4.5","26.47","7.28","41.82","10.59","37.5","2.65","3.31","0.13","23.16","74.86","4.24","62.5","1.32","80","0.13","0.13","0","0","0.53","1.72","61.54","3.71","28.57","0.66","3.31","84"
"H. Sekine","France 2.","Reims","RB, RWB","23","0","","8","679","0","0","Japan","right","187","6.89","4.9","67.57","2.92","59.09","0.4","5.19","1.46","0","0.01","0","0.53","0","0","1.33","20","1.33","80","4.64","48.57","1.19","0.8","0","41.49","82.43","12.33","72.04","3.58","59.26","0.06","0","0.13","100","0.27","5.7","72.09","1.59","50","0.93","6.89","69.23"
"T. Teuma","France 2.","Reims","AMF, CF, RCMF","32","7000000","2027-06-30","7","679","2","2","France","left","176","7.03","6.23","65.96","0.53","50","0","4.23","2.25","0.13","0.4","0","1.59","50","16.667","1.99","40","0.93","42.86","4.9","35.14","1.86","1.46","0","59.91","84.96","16.44","74.19","5.57","59.52","0.24","0.27","0.8","33.33","0.53","8.88","74.63","4.51","47.06","1.86","9.01","80.88"
"J. Evan's","France 2.","Rodez ","LB, LWB","26","400000","","9","677","0","3","France","left","176","7.58","6.91","51.92","1.33","40","0.27","4.55","5.98","0","0.08","0","1.33","40","0","6.65","42","3.46","69.23","6.65","56","2.13","1.33","0.13","29.78","69.64","8.77","62.12","3.72","39.29","0.27","0","0.66","40","1.06","4.52","55.88","6.51","44.9","0.4","8.24","83.87"
"D. Guidi","France 2.","Bastia","RCB","29","500000","","8","671","0","0","France","right","177","8.18","4.29","65.63","4.29","53.13","0.67","8.36","0.13","0","0.08","0","0.8","16.67","0","0","0","0","0","0.8","83.33","0.94","0","0","33.4","77.91","12.88","56.25","6.71","38","0","0","0","0","0","5.77","44.19","0.4","0","0","6.04","57.78"
"A. Hbouch","France 2.","Annecy","LWF, CF, LCMF","26","0","","9","671","0","1","France","","0","5.1","4.56","61.76","3.22","25","0","2.69","2.28","0","0.05","0","1.21","33.33","0","1.48","36.36","3.08","43.48","9.39","42.86","2.15","1.88","0.4","23.2","76.3","5.37","60","1.34","60","0.17","0.13","0","0","0.54","2.15","50","2.28","64.71","0.94","2.95","72.73"
"S. Delos","France 2.","Grenoble","RB","26","400000","2027-06-30","9","671","0","1","France","right","183","8.32","5.63","71.43","1.88","50","0.54","4.89","2.41","0","0","0","0.13","0","0","2.15","31.25","3.35","48","7.91","38.98","0.54","2.41","0.54","26.96","73.63","8.58","48.44","3.76","32.14","0.06","0","0.13","100","0.4","4.02","53.33","2.68","35","0.27","5.9","59.09"
"A. Sissoko","France 2.","Guingamp","RB, LCB, RW","28","600000","2026-06-30","8","669","0","1","France","right","178","8.34","6.19","56.52","1.88","71.43","0.4","6.15","1.75","0","0","0","0.27","0","0","1.75","53.85","1.08","75","5.11","44.74","0.27","1.61","0","48.16","86.03","18.03","77.61","4.98","48.65","0.16","0","0","0","0.67","6.46","77.08","2.15","50","0.27","10.22","71.05"
"H. Saivet","France 2.","Clermont","RDMF, LDMF","34","450000","2026-06-30","9","666","1","0","Senegal","right","175","9.19","5.68","59.52","1.62","50","0.54","7.5","0.81","0.14","0.04","0","0.68","60","20","0.95","28.57","0.54","25","1.89","50","0.14","0","0","42.7","80.38","16.62","68.29","6.76","58","0.04","0.27","0","0","0.14","8.24","63.93","1.49","27.27","0.14","10","68.92"
"T. Ducrocq","France 2.","Bastia","RDMF, RCMF, DMF","26","1200000","","7","665","1","0","France","right","176","6.77","4.74","60","2.44","61.11","0.27","5.32","0.81","0","0.13","0","0.95","14.29","14.286","0.68","40","0.41","66.67","2.71","40","0.68","0.41","0","35.86","76.6","14.08","62.5","4.2","38.71","0.07","0","0.27","50","0.14","7.31","53.7","1.76","46.15","0.54","6.63","69.39"
"A. Pinot","France 2.","Boulogne","CB, RCB","24","0","2026-06-30","7","662","2","0","France","","177","5.98","4.35","65.63","3.26","54.17","0.68","3.42","0.27","0.14","0.15","0.14","0.41","66.67","66.667","0","0","0","0","0.95","57.14","0.14","0","0","36.03","88.68","13.46","76.77","5.3","46.15","0","0","0","0","0","5.03","62.16","0.54","50","0.27","6.39","82.98"
"C. Mandouki","France 2.","Laval","RDMF, RCMF, RCB","34","350000","","9","660","0","0","France","right","180","7.09","7.09","57.69","2.73","40","0.14","3.77","1.09","0","0","0","0","0","0","0.82","16.67","1.09","75","3.95","58.62","1.5","0.68","0","43.64","83.44","14.86","69.72","3.82","42.86","0.04","0","0.27","50","0.27","6","56.82","1.64","33.33","0.68","5.86","69.77"
"N. Binet","France 2.","Boulogne","LCMF, DMF","21","0","","8","659","0","0","France","unknown","0","8.47","7.92","62.07","4.64","52.94","0","3.75","1.37","0","0.24","0","1.64","16.67","0","0.82","66.67","1.37","40","6.69","34.69","1.37","0.96","0.27","32.09","80","10.65","58.97","2.73","40","0.09","0","0","0","0.27","5.33","64.1","2.32","47.06","0.55","5.87","72.09"
"G. Ott","France 2.","Guingamp","LW, RW, LAMF","23","800000","2026-06-30","9","657","0","3","France","right","175","4.38","5.34","58.97","1.64","41.67","0","1.7","2.05","0","0.06","0","1.1","50","0","3.56","15.38","2.19","43.75","6.44","27.66","1.51","1.51","0.96","22.6","69.7","3.29","33.33","0.82","16.67","0.19","0","0.14","0","0.41","1.37","60","3.56","34.62","0.82","2.74","65"
"A. Abdallah","France 2.","Guingamp","LB","28","700000","","9","657","0","0","France","left","170","7.53","4.52","69.7","1.92","50","0.14","5.52","1.64","0","0.01","0","0.55","50","0","2.74","30","0.55","75","2.47","44.44","0.68","1.64","0","48.08","78.06","20.96","69.28","5.34","33.33","0.02","0","0.55","25","0.41","8.08","61.02","3.01","22.73","0.14","8.63","69.84"
"E. Annan","France 2.","Saint-Étienne","LB","23","600000","2027-06-30","7","654","0","1","Ghana","left","178","5.09","4.68","47.06","1.38","60","0","3.9","1.24","0","0.01","0","0.28","0","0","1.38","40","0.96","42.86","2.75","50","0.83","1.51","0","61.51","86.13","24.63","75.42","4.27","58.06","0.09","0","0.28","100","0.96","9.5","72.46","2.2","62.5","1.1","10.73","75.64"
"M. Jaber","France 2.","Saint-Étienne","DMF, RCMF, LCMF","26","1500000","2027-06-30","8","654","1","0","Israel","right","178","11.42","10.32","61.33","0.83","50","0.28","6.91","2.34","0.14","0.05","0","0.69","40","20","0.96","85.71","1.38","80","6.19","53.33","1.51","1.1","0","54.77","90.7","13.21","78.13","1.24","33.33","0.07","0.28","0.14","100","0.28","5.78","80.95","0.69","40","0.69","4.82","80"
"H. Voyer","France 2.","Le Mans","LCB","28","300000","","8","654","0","0","France","left","186","7.16","4.95","52.78","1.51","45.45","0.41","5.74","0.41","0","0.01","0","0.14","0","0","0.41","33.33","0.14","100","0.55","75","0.28","0.41","0","49.4","85.52","26.83","80","11.83","65.12","0.04","0.14","0.14","100","0.14","8.67","68.25","1.38","60","0.69","13.07","80"
"N. Zohoré","France 2.","Boulogne","LCB","24","0","","7","654","0","0","France","left","188","6.06","5.09","72.97","1.51","54.55","0.41","2.76","0.55","0","0.04","0","0.28","100","0","0","0","0.28","100","1.93","57.14","0.55","0.55","0","35.92","89.66","18.99","84.06","2.61","57.89","0","0","0","0","0","4.82","80","0.14","0","0","8.12","77.97"
"R. Lutin","France 2.","Amiens SC","RAMF, RW, LW","22","0","","9","648","1","1","France","left","170","6.67","7.5","59.26","1.53","45.45","0","2.39","2.36","0.14","0.07","0","0.28","50","50","1.67","25","4.31","41.94","14.72","34.91","0.97","1.39","0","35.14","79.45","7.64","61.82","3.33","50","0.11","0","0.28","0","0.28","3.19","52.17","2.78","45","1.25","4.44","71.88"
"W. Bouabdeli","France 2.","Nancy","AMF, CF, RW","25","0","","9","645","1","0","France","right","182","5.44","5.86","52.38","8.93","46.88","0.14","2.5","0.98","0.14","0.14","0","1.26","33.33","11.111","0.84","16.67","0.42","100","6.7","37.5","2.51","1.4","0","27.21","78.46","7.81","67.86","0.84","16.67","0","0","0","0","0","3.63","61.54","1.26","33.33","0.56","3.35","75"
"A. El Farissi","France 2.","Boulogne","LW, CF","26","0","","9","642","1","0","France","","0","6.03","5.19","64.86","1.68","33.33","0","2.41","3.5","0.14","0.21","0","2.24","37.5","6.25","2.1","40","2.52","66.67","7.99","42.11","3.08","2.38","0.98","25.23","69.44","7.29","59.62","1.96","71.43","0.11","0.14","0.28","50","0.42","3.64","61.54","2.52","33.33","0.7","4.21","66.67"
"G. Versini","France 2.","Pau","RW, RWF, RAMF","21","0","","8","640","3","1","France","left","167","4.92","4.36","74.19","1.41","30","0","2.24","6.33","0.42","0.21","0","1.13","62.5","37.5","4.36","25.81","6.61","65.96","11.67","49.4","2.67","5.77","0.7","25.87","69.57","7.59","64.81","1.55","54.55","0.13","0","0.28","50","0.56","2.25","50","4.36","41.94","1.41","4.5","84.38"
"N. El Hannach","France 2.","Montpellier","RB, LCB, LB","18","0","","8","640","0","0","Morocco","right","0","10.27","7.59","72.22","1.27","77.78","0.14","4.88","0.98","0","0.01","0","0.56","0","0","1.55","27.27","1.27","44.44","4.08","44.83","0.28","1.69","0.14","44.86","78.06","20.39","70.34","5.63","50","0.09","0","0","0","0.28","5.77","65.85","2.39","35.29","0.42","8.44","68.33"
"A. Boakye","France 2.","Saint-Étienne","RWF, CF, LWF","24","3000000","","9","639","2","5","Ghana","left","178","6.9","5.35","65.79","2.11","33.33","0.42","5.11","3.8","0.28","0.27","0","3.1","36.36","9.091","0.85","0","3.38","70.83","10","40.85","3.66","1.55","0.28","40.42","83.97","9.01","71.88","0.56","25","0.35","0","0.56","50","1.55","3.1","72.73","2.96","76.19","2.82","4.65","87.88"
"J. Kalulu","France 2.","Pau","LB, LWB","20","0","","8","638","0","2","France","left","0","7.48","4.23","73.33","1.69","33.33","0","5.59","3.53","0","0","0","0.14","0","0","4.94","31.43","2.12","80","5.22","51.35","0.85","2.4","0.85","36.11","75","14.25","71.29","2.26","37.5","0.16","0","0.28","100","0.56","5.08","69.44","3.39","33.33","0","7.62","72.22"
"M. Adeline","France 2.","Troyes","LCMF, AMF, RCMF","21","0","","9","629","3","2","France","right","180","4.86","5.01","40","2","14.29","0.14","3.55","1.57","0.43","0.14","0","1.14","87.5","37.5","0.72","40","0.57","25","3.43","33.33","3","1.14","0.14","33.34","86.27","9.87","81.16","0.86","50","0.1","0","0.14","100","0.43","5.15","94.44","1.72","66.67","1","3.86","74.07"
"C. Konaté","France 2.","Clermont","RB, LB, RWB","21","0","","8","628","0","0","Mali","right","173","9.17","7.17","68","1.72","58.33","0.29","5.33","3.15","0","0.02","0","0.29","0","0","4.01","25","4.3","50","8.03","41.07","1.29","2.29","0.43","42.28","71.86","16.34","56.14","5.3","21.62","0","0","0","0","0","5.3","51.35","3.44","37.5","0.29","7.45","53.85"
"A. Lo","France 2.","Amiens SC","LCB","25","300000","","9","627","0","0","Senegal","right","187","9.33","3.73","65.38","3.44","45.83","0.86","7.33","0","0","0","0","0","0","0","0","0","0","0","1.15","37.5","0","0.14","0","42.63","88.22","17.8","79.03","5.45","57.89","0","0","0","0","0","3.44","54.17","0","0","0","5.74","50"
"A. Chabane","France 2.","Amiens SC","RB","19","0","","7","627","0","0","France","right","183","16.22","11.48","71.25","2.15","53.33","0.43","8.17","1","0","0","0","0","0","0","1.58","36.36","1","42.86","3.44","41.67","0.14","1.58","0.43","31","77.31","13.64","70.53","2.87","50","0.02","0","0","0","0","3.73","84.62","1.15","37.5","0","7.18","56"
"T. Monconduit","France 2.","Amiens SC","RCMF, RDMF","34","400000","","8","627","0","1","France","right","184","4.31","3.88","44.44","1.87","38.46","0.72","2.61","0.72","0","0.02","0","0.86","33.33","0","0.29","50","0.57","25","5.02","34.29","1.44","1.15","0","39.33","82.12","16.08","67.86","6.89","60.42","0.02","0.14","0.14","100","0.14","6.75","72.34","0.86","16.67","0.43","8.04","73.21"
"J. Laporte","France 2.","Montpellier","RCB","31","2000000","","7","627","0","0","France","right","185","7.89","4.16","72.41","4.59","62.5","0.29","6.44","0.29","0","0.04","0","0.57","25","0","0.14","0","0.14","100","0.72","40","1.15","1.15","0","59.57","89.16","27.27","80","9.33","64.62","0","0","0","0","0","10.91","65.79","0.86","66.67","0.86","12.34","81.4"
"D. Meddah","France 2.","Pau","DMF, LCMF, RCMF","23","200000","2027-06-30","7","625","1","1","France","right","187","6.34","5.9","56.1","3.89","51.85","0","3.85","0.72","0.14","0.02","0","0.29","50","50","0","0","0.58","100","4.61","65.63","0","0.72","0.14","39.74","92.75","8.93","83.87","4.46","93.55","0","0","0","0","0.14","6.77","91.49","0","0","0","6.91","79.17"
"M. Carlier","France 2.","Nancy","RCMF","28","250000","","7","624","0","1","France","right","186","12.4","7.79","68.52","3.75","34.62","0.14","7.25","0.43","0","0.11","0","0.87","16.67","0","1.15","25","0.29","0","1.88","23.08","1.44","0.29","0","31.15","66.67","13.27","54.35","6.06","42.86","0.07","0","0","0","0.14","6.49","60","2.02","50","0.58","8.22","43.86"
"S. Gourville","France 2.","Boulogne","RCB, CB","25","0","","8","624","0","0","France","right","198","7.07","5.91","60.98","5.63","74.36","0.43","3.79","0.14","0","0.03","0","0.43","0","0","0.14","100","0","0","1.44","50","0.58","2.02","0","33.61","87.55","15.58","78.7","3.75","53.85","0.01","0","0","0","0","5.05","77.14","0.58","50","0.14","6.92","72.92"
"A. Bobichon","France 2.","Pau","CF, RCMF, LCMF","30","500000","2026-06-30","8","622","2","0","France","right","178","3.33","2.6","72.22","1.59","45.45","0","1.89","0.87","0.29","0.22","0.14","1.59","36.36","18.182","0.72","0","0.87","33.33","4.77","51.52","2.46","0.58","0.14","30.24","85.65","9.41","75.38","2.17","66.67","0.18","0.14","0","0","0.43","3.91","74.07","1.74","33.33","0.72","4.77","81.82"
"E. Basilio","France 2.","Nancy","GK","31","800000","2026-06-30","7","617","0","0","France","right","187","1.75","0.15","100","0.15","100","0","1.95","0","0","0","0","0","0","0","0","0","0","0","0.29","100","0","0","0","16.92","78.45","11.52","69.62","9.77","67.16","0","0","0","0","0","3.5","58.33","0.15","100","0.15","7.44","86.27"
"T. Arconte","France 2.","Rodez ","CF","21","700000","2027-06-30","8","612","3","0","Guadeloupe","right","180","2.35","1.91","23.08","2.21","33.33","0","2.13","2.5","0.44","0.44","0.15","2.21","40","20","1.03","28.57","1.76","66.67","6.62","35.56","4.56","1.47","0.44","12.65","56.98","2.65","44.44","0.15","0","0.07","0","0.29","50","0.44","0.44","0","1.76","66.67","0.59","1.91","61.54"
"T. Pellenard","France 2.","Laval","LCB","31","1000000","","7","610","0","0","France","left","184","8.85","6.49","70.45","2.95","65","0.89","4.71","0.59","0","0.15","0","0.74","40","0","0.44","33.33","0.3","50","1.33","55.56","1.03","1.03","0","56.07","81.84","25.08","70","9.89","38.81","0","0","0","0","0","8.56","53.45","1.33","33.33","0.15","11.07","61.33"
"M. Ifnaoui","France 2.","Troyes","RW, RAMF","26","0","2027-06-30","8","610","2","0","France","left","178","3.39","2.07","57.14","1.33","33.33","0","2.69","4.13","0.3","0.17","0","1.48","40","20","1.92","38.46","3.98","66.67","8.56","44.83","2.8","2.07","0","32.31","81.28","9.89","70.15","2.95","75","0.16","0.15","0.89","16.67","0.44","3.98","51.85","3.25","50","1.48","5.16","82.86"
"A. Georgen","France 2.","Dunkerque","RB","27","400000","","7","609","0","1","France","right","172","11.38","7.68","67.31","1.92","84.62","0.15","8.18","1.03","0","0","0","0","0","0","1.77","33.33","0.44","66.67","2.66","55.56","1.03","2.36","0.3","55.86","88.1","18.77","77.95","3.55","45.83","0.11","0","0.15","100","0.74","6.95","80.85","2.51","64.71","1.03","8.87","75"
"N. Pallois","France 2.","Reims","LCB, CB","38","600000","","6","599","0","0","France","left","189","8.41","2.4","87.5","3.01","65","0.75","8.4","0.45","0","0.1","0","0.45","66.67","0","0.3","50","0","0","1.2","0","0.75","0.6","0","61.9","86.65","25.09","77.25","11.42","55.26","0","0","0.15","0","0","11.72","67.95","1.2","12.5","0.15","12.32","74.39"
"A. Uriev","France 2.","Boulogne","GK","21","0","2026-06-30","6","598","0","0","France","","0","2.56","0.15","100","0.75","100","0","2.82","0","0","0","0","0","0","0","0","0","0","0","0.15","100","0","0","0","21.22","86.52","13.24","79.55","7.98","66.04","0","0","0","0","0","1.81","75","0.45","100","0.6","6.62","68.18"
"E. Koffi","France 2.","Guingamp","RB, RW","30","700000","","8","596","0","1","France","right","175","5.59","3.32","72.73","1.21","37.5","0.15","4.29","2.72","0","0.08","0","1.21","12.5","0","1.81","41.67","2.57","64.71","4.53","46.67","0.76","1.66","0","38.05","83.33","13.59","73.33","4.08","59.26","0.07","0","0.3","50","0.3","4.68","70.97","2.42","68.75","0.6","8","77.36"
"E. Ahouonon","France 2.","Reims","RCB, LCB","21","0","","6","596","0","0","Côte d'Ivoire","right","188","9.97","4.68","74.19","3.32","59.09","0.3","8.66","1.06","0","0.08","0","0.91","50","0","0.6","25","0.45","100","1.96","69.23","0.91","0.6","0","54.36","86.39","21.9","74.48","6.8","48.89","0.01","0","0","0","0","8.31","67.27","0.91","16.67","0","9.21","65.57"
"F. Tomi","France 2.","Bastia","RAMF, RW","25","200000","2026-06-30","9","595","0","0","France","right","181","5.6","4.84","37.5","2.27","40","0.15","5.39","2.72","0","0.2","0","1.66","45.45","0","2.87","31.58","2.42","43.75","7.56","32","2.57","1.51","0","20.57","66.91","7.41","57.14","1.36","66.67","0.04","0","0.15","0","0.3","2.72","66.67","2.42","37.5","0.3","4.84","68.75"
"T. Pouilly","France 2.","Pau","RB, RWB","22","0","","7","595","0","0","France","right","180","5.6","4.24","50","1.06","42.86","0.15","4.66","1.21","0","0.08","0","1.06","28.57","0","2.87","31.58","0.3","0","1.36","44.44","1.36","1.51","0.3","35.09","76.29","14.22","70.21","2.72","44.44","0.03","0","0","0","0.15","3.03","80","2.72","44.44","0.3","7.41","61.22"
"L. Mouyokolo","France 2.","Grenoble","CB, RCB","24","300000","2027-06-30","6","595","0","0","France","right","194","8.92","6.05","67.5","4.24","42.86","0.45","5.47","0.15","0","0","0","0","0","0","0","0","0.3","50","1.06","57.14","0","0.45","0","43.41","90.24","12.1","73.75","5.9","51.28","0","0","0","0","0","4.08","59.26","0.45","0","0","6.5","72.09"
"M. Veillon","France 2.","Annecy","RCMF, CB, LCB","23","0","","9","594","0","0","France","right","187","7.42","4.7","58.06","5.3","54.29","0.45","6.21","0.3","0","0.04","0","0.3","0","0","0.15","0","1.06","28.57","2.73","22.22","0.91","0.45","0","30","74.24","14.55","66.67","5.61","37.84","0.06","0","0","0","0","4.85","56.25","0.45","33.33","0.45","6.97","63.04"
"Z. Davitashvili","France 2.","Saint-Étienne","LWF, LAMF, CF","24","3000000","","8","591","4","0","Georgia","right","175","3.2","4.11","40.74","0.91","33.33","0","2.29","3.2","0.61","0.37","0","3.2","19.05","19.048","1.07","14.29","4.72","45.16","10.51","33.33","3.81","5.18","0.91","40.51","84.59","7.61","72","1.83","50","0.1","0","0.3","100","0.61","2.89","73.68","2.74","77.78","2.28","4.42","72.41"
"Y. Salmier","France 2.","Clermont","LCB, CB","32","1500000","","7","588","0","0","France","right","188","9.95","4.29","50","2.45","43.75","0.92","10.27","0","0","0","0","0","0","0","0","0","0.31","0","1.38","44.44","0","0.46","0","49.59","89.51","18.83","81.3","5.66","51.35","0","0","0","0","0","3.37","68.18","0.15","100","0","6.28","56.1"
"K. Kaïboué","France 2.","Amiens SC","LCB, LDMF, RCMF","27","1000000","2026-06-30","9","581","0","0","France","left","179","9.6","5.11","57.58","3.56","43.48","0.62","7.45","0.77","0","0","0","0.15","100","0","0.15","100","0.46","66.67","3.56","60.87","0.15","0.62","0","47.87","78.64","22.77","65.99","10.84","47.14","0.04","0.15","0.15","100","0.15","7.59","59.18","0.77","40","0.31","10.07","47.69"
"S. Khaoui","France 2.","Red Star","RCMF, LCMF, AMF","30","1400000","","9","572","1","2","France","right","180","5.19","2.99","57.89","0.47","33.33","0.16","4.32","1.42","0","0.18","0","1.57","30","10","1.42","22.22","1.57","40","4.09","46.15","1.73","0","0.31","26.28","69.46","8.97","47.37","3.46","40.91","0.03","0","0","0","0.47","3.93","40","1.73","27.27","0.16","4.25","62.96"
"N. Zahui","France 2.","Grenoble","RB, RW, CF","22","0","2028-06-30","9","572","0","0","France","","175","7.4","7.24","73.91","1.89","25","0","2.13","2.99","0","0.08","0","1.1","28.57","0","3.78","37.5","2.83","44.44","5.35","44.12","1.42","1.89","0.16","19.04","66.94","4.88","54.84","2.05","46.15","0.07","0","0","0","0.16","0.47","66.67","4.25","44.44","0.79","4.72","56.67"
"M. Sellouki","France 2.","Laval","RAMF, RW, DMF","25","300000","","8","572","0","1","France","right","177","3.78","5.03","43.75","1.1","57.14","0.16","2.13","3.46","0","0.13","0","1.57","20","0","2.2","14.29","3.93","68","10.07","56.25","2.36","1.73","0.31","34.93","80.63","9.6","68.85","2.36","53.33","0.11","0","0.47","33.33","0.63","3.46","68.18","3.15","45","0.94","4.56","89.66"
"N. Elphege","France 2.","Grenoble","CF","24","0","","8","560","1","1","France","left","196","1.93","1.29","50","10.45","56.92","0.16","1.4","1.45","0.16","0.34","0","1.61","20","10","0.64","50","1.13","71.43","8.04","32","2.73","1.45","0","12.38","76.62","3.05","47.37","0","0","0.03","0","0","0","0.16","1.61","20","0.96","50","0.8","1.61","60"
"J. Gastien","France 2.","Clermont","LDMF, LCMF, RDMF","37","500000","2026-06-30","9","556","0","0","France","right","179","6.47","5.02","51.61","1.29","25","0.16","3.22","0.32","0","0","0","0.32","0","0","0.32","0","0.32","100","2.27","64.29","0.32","0.49","0","63.62","86.26","18.94","71.79","6.47","60","0.02","0","0","0","0","5.83","69.44","0.81","40","0.32","8.74","62.96"
"K. Boto","France 2.","Clermont","LB","29","600000","","7","555","0","0","France","left","183","6","5.03","51.61","0.97","50","0.16","4.57","1.3","0","0","0","0.16","0","0","1.62","50","0.65","75","1.78","72.73","0.16","0.65","0","36.97","82.46","15.24","75.53","3.08","57.89","0.05","0","0","0","0.16","3.57","86.36","1.46","66.67","0","8.27","64.71"
"Abdoul Koné","France 2.","Reims","RCB","20","0","2027-06-30","7","538","1","0","France","right","192","9.2","5.35","81.25","3.18","63.16","0.33","6.86","0.5","0.17","0.02","0","0.67","50","25","0.17","0","0.33","50","2.68","50","0.5","0.5","0","62.4","86.06","22.42","71.64","7.36","36.36","0","0","0","0","0","8.36","54","1.51","0","0","9.7","67.24"
"M. Expérience","France 2.","Nancy","LWB, LB","26","300000","2026-06-30","7","530","0","0","France","left","178","8.15","7.13","61.9","3.06","38.89","0","4","0.68","0","0.01","0","0.17","0","0","0.85","60","0.85","20","4.42","38.46","0.68","0.85","0","29.55","78.16","11.89","60","3.4","35","0.01","0","0","0","0","3.57","57.14","1.7","70","0.85","6.28","62.16"
"Z. Eloge Gueu","France 2.","Reims","LCMF, RCMF","19","0","","9","529","0","1","Côte d'Ivoire","","191","7.66","5.78","55.88","1.7","50","0","6.55","2.72","0","0.14","0","1.53","11.11","0","1.19","57.14","2.21","61.54","5.95","45.71","1.7","1.53","0.17","46.45","86.45","11.06","78.46","3.06","72.22","0.21","0","0.68","75","0.68","4.76","78.57","2.55","66.67","1.53","7.32","79.07"
"M. Huard","France 2.","Red Star","LCB, LB","27","350000","","6","524","1","0","France","left","178","6.87","5.67","48.48","3.44","50","0","5","0.69","0.17","0.11","0","0.17","100","100","1.2","14.29","0.34","100","0.69","75","1.37","3.44","0.17","56.34","86.59","23.02","75.37","6.53","44.74","0.03","0.17","0","0","0.34","11.51","71.64","2.23","30.77","0.52","10.48","83.61"
"L. Stassin","France 2.","Saint-Étienne","CF","20","0","","8","522","4","1","Belgium","right","183","3.79","3.45","90","0.86","40","0.17","1","3.28","0.69","0.75","0","3.28","52.63","21.053","0.86","60","2.24","38.46","8.79","25.49","4.48","0.86","0","27.76","83.85","3.45","90","0.69","75","0.02","0","0.34","50","0.34","2.07","75","1.03","50","0.69","2.41","57.14"
"J. Eickmayer","France 2.","Red Star","DMF, LCMF","32","400000","2026-06-30","7","520","0","0","France","right","179","5.37","3.63","76.19","3.29","47.37","0.17","3.16","0.35","0","0.03","0","1.56","11.11","0","0.52","33.33","0.69","0","2.94","29.41","0.35","0.69","0","34.96","82.67","8.48","57.14","3.81","40.91","0.09","0","0","0","0.17","5.19","56.67","1.21","14.29","0.35","5.54","59.38"
"F. Bohnert","France 2.","Bastia","RB, LB","27","600000","2027-06-30","6","519","0","0","Luxembourg","right","182","9.02","9.36","61.11","3.47","65","0","4.29","1.73","0","0","0","0","0","0","1.73","30","1.91","63.64","3.47","45","0","1.39","0.35","33.99","77.55","13.7","64.56","4.68","40.74","0.05","0","0.17","0","0","5.2","56.67","1.91","45.45","0.17","7.8","64.44"
"K. Sidibé","France 2.","Guingamp","LCMF, AMF","26","900000","","8","518","0","0","France","right","202","6.43","5.73","57.58","4.69","85.19","0.69","3.89","1.22","0","0.1","0","1.04","33.33","0","0.17","100","0.87","80","5.04","55.17","1.56","0.69","0","39.79","82.97","14.25","64.63","3.47","50","0.02","0.35","0","0","0.17","5.73","63.64","1.56","55.56","0.69","7.3","69.05"
"T. Bartouche","France 2.","Guingamp","GK","28","100000","","6","518","0","0","France","right","178","0.87","0","0","0.17","100","0","1.11","0","0","0","0","0","0","0","0","0","0","0","0","0","0","0","0","23.98","91.3","10.25","86.44","4.86","60.71","0","0","0","0","0","0.17","0","0","0","0","3.3","47.37"
"J. Maggiotti","France 2.","Laval","AMF, CF","30","800000","","8","518","0","1","France","right","186","4.17","4","60.87","1.04","33.33","0","1.06","3.13","0","0.14","0","1.74","40","0","2.43","35.71","2.61","46.67","7.64","50","1.74","1.56","0.17","46.04","78.49","12.16","57.14","7.47","55.81","0.14","0.17","0.52","66.67","0.17","7.64","61.36","4.34","48","1.91","8.17","87.23"
"J. Janneh","France 2.","Bastia","LDMF, LCMF, RCMF","22","0","","6","514","0","0","Sierra Leone","right","178","8.58","6.65","63.16","3.15","44.44","0.18","5.9","0.18","0","0","0","0","0","0","0.18","0","0.35","50","2.63","6.67","0","0.18","0","35.19","89.55","8.93","80.39","5.08","72.41","0","0","0","0","0","3.85","77.27","0.35","0","0","4.2","75"
"João Ferreira","France 2.","Saint-Étienne","RB","24","2000000","2027-06-30","7","514","0","1","Portugal","right","185","9.28","7.7","61.36","3.15","66.67","0.7","6.49","1.93","0","0.06","0","0.53","0","0","2.63","33.33","1.23","85.71","3.33","78.95","1.93","2.63","0.18","58.13","81.33","23.29","73.68","5.78","33.33","0.08","0","0","0","0.53","8.75","72","2.8","25","0.35","11.73","82.09"
"M. El Idrissy","France 2.","Troyes","CF","26","700000","2026-06-30","9","513","2","2","France","right","181","3.68","3.16","55.56","7.54","39.53","0","1.17","1.58","0.35","0.3","0.18","1.93","45.45","18.182","0.88","20","0.7","50","5.96","26.47","5.09","0.35","0","13.16","77.33","2.11","75","0.35","100","0.2","0","0.18","100","0.53","1.05","50","0.53","33.33","1.05","1.4","75"
"G. Yassine","France 2.","Dunkerque","RW, RWF","19","0","","7","509","1","3","France","left","173","6.37","6.37","63.89","0.53","0","0","3.33","4.6","0.18","0.18","0","2.12","25","8.333","1.94","27.27","7.25","46.34","16.44","36.56","1.94","2.83","0","28.47","78.26","8.13","50","2.65","40","0.25","0","0.18","100","1.06","4.6","46.15","3.89","40.91","1.24","5.3","76.67"
"E. Quarshie","France 2.","Le Mans","DMF, LCMF","29","300000","","9","508","1","1","France","right","179","8.33","8.5","64.58","2.48","50","0.35","3.54","1.59","0.18","0.03","0","0.89","60","20","0.35","0","1.42","75","6.73","50","0.18","0.71","0","35.08","79.8","11.87","70.15","3.9","40.91","0.01","0","0","0","0.18","5.67","62.5","1.59","22.22","0.18","4.96","64.29"
"K. Nagera","France 2.","Rodez ","CF","23","225000","2026-06-30","9","500","2","2","France","right","177","3.06","3.24","55.56","3.06","35.29","0","1.54","1.8","0.36","0.47","0","1.98","27.27","18.182","0.9","0","1.8","70","6.48","27.78","5.22","1.08","0.18","12.06","68.66","1.98","63.64","0.18","0","0.15","0","0","0","0.9","0.9","20","0.72","50","1.44","1.44","50"
"I. Cardona","France 2.","Saint-Étienne","RWF, RAMF, CF","28","2500000","","8","498","2","2","France","right","185","4.16","2.89","56.25","0.36","50","0.36","3.6","2.53","0.36","0.41","0","2.17","25","16.667","2.17","41.67","3.07","29.41","5.6","25.81","6.14","3.43","0.36","36.69","76.35","8.86","55.1","1.45","12.5","0.34","0","0.54","33.33","1.81","3.07","47.06","4.34","45.83","1.81","4.34","95.83"
"J. Hatchi","France 2.","Guingamp","RW, RAMF","20","0","","9","493","2","1","France","unknown","0","9.68","9.13","56","3.65","20","0","4.92","2.74","0.37","0.14","0","0.73","50","50","1.46","25","3.65","50","11.14","36.07","1.46","1.28","0.37","19.17","70.48","4.38","50","0.91","80","0.08","0","0.18","100","0.37","1.28","57.14","2.19","41.67","0.73","2.92","43.75"
"M. Bernauer","France 2.","Saint-Étienne","RB, LB","27","2000000","2027-06-30","5","486","0","0","France","right","186","9.26","6.85","56.76","0.56","66.67","0","8.13","1.85","0","0.04","0","0.37","0","0","1.85","70","1.3","42.86","3.7","45","0.93","2.04","0.56","69.26","89.04","20.93","79.65","4.63","52","0.08","0","0","0","0.93","9.44","80.39","2.78","73.33","1.48","12.41","80.6"
"Y. Mouanga","France 2.","Montpellier","LDMF, LCMF, RCMF","20","0","","7","486","0","0","France","","0","7.04","5.93","53.13","2.22","25","0.56","4.75","0.74","0","0","0","0","0","0","0.19","0","1.3","57.14","5.74","48.39","0.74","0.93","0.19","41.11","86.94","10.74","63.79","2.59","50","0.01","0","0","0","0","5.56","56.67","1.3","71.43","0.93","3.89","66.67"
"Y. Diaby","France 2.","Grenoble","CF, LW","25","400000","2026-06-30","9","485","3","0","France","right","184","5.2","2.78","93.33","4.27","52.17","0.37","3.59","1.86","0.56","0.41","0.19","1.86","60","30","0.93","20","2.6","21.43","7.98","23.26","2.41","1.11","0.19","17.07","82.61","2.41","76.92","0.74","75","0.04","0","0","0","0.37","0.56","66.67","1.11","33.33","0.37","0.93","80"
"T. Rambaud","France 2.","Annecy","CF, RWF, LWF","28","150000","","8","484","2","0","France","right","192","4.46","3.16","58.82","10.97","38.98","0","3","1.86","0.37","0.25","0","1.86","50","20","0.74","25","0.93","80","7.25","48.72","3.35","0.93","0.19","17.48","67.02","4.83","42.31","0.56","66.67","0","0.19","0.19","0","0","2.05","54.55","0.37","50","0","1.49","50"
"M. Robin","France 2.","Le Mans","LCMF, RCMF, DMF","25","300000","","8","482","0","0","France","right","186","7.66","7.84","61.9","2.24","58.33","0.37","3.39","2.05","0","0.12","0","1.31","57.14","0","1.49","37.5","1.31","57.14","4.48","37.5","1.87","1.12","0","28.94","77.42","9.71","69.23","1.68","55.56","0.02","0","0","0","0.19","3.92","71.43","1.31","42.86","0.37","3.73","85"
"G. Haag","France 2.","Red Star","DMF, LCMF","25","1000000","2028-06-30","5","478","1","0","France","right","187","7.95","4.44","78.95","2.81","41.67","0.47","6.35","0.7","0.23","0.07","0","0.94","75","25","0","0","0.23","0","3.27","35.71","0.23","0.7","0.23","51.9","90.99","13.56","75.86","3.51","60","0.06","0","0","0","0","8.65","83.78","0","0","0","7.71","72.73"
"J. Benet","France 2.","Grenoble","LCMF, RCMF, DMF","30","1000000","","6","474","0","1","France","right","186","7.78","6.65","62.86","2.28","41.67","0","3.36","0.76","0","0","0","0.38","0","0","0.57","33.33","0.57","100","3.42","55.56","0.19","0.95","0","35.89","79.37","13.86","67.12","3.8","30","0.07","0","0","0","0.19","6.27","69.7","1.9","40","0.57","6.65","62.86"
"J. Bultel","France 2.","Boulogne","RCMF, DMF","25","0","","6","473","0","0","France","","0","10.66","10.85","64.91","4.57","58.33","0.19","3.9","0.95","0","0.09","0","1.14","16.67","0","0.57","66.67","0.38","100","1.71","22.22","0.76","0.76","0","30.44","78.13","10.08","66.04","3.62","52.63","0","0","0","0","0","6.85","63.89","1.14","50","0.57","6.09","75"
"N. Fatar","France 2.","Boulogne","RW, LW, RWF","23","400000","","9","472","0","0","France","left","170","5.72","5.72","56.67","2.86","46.67","0","2.34","5.91","0","0.18","0","2.67","35.71","0","3.43","27.78","5.91","64.52","16.78","45.45","2.67","1.91","0.19","24.6","75.19","5.91","64.52","0.76","0","0.19","0","0.19","100","0.38","3.43","88.89","2.67","50","0.57","4.39","69.57"
"Y. Titi","France 2.","Troyes","RB","19","0","","6","471","0","1","France","right","188","6.11","3.44","88.89","2.48","84.62","0","3.69","2.48","0","0","0","0","0","0","1.72","44.44","4.59","37.5","9.75","43.14","0.96","1.72","0.19","31.53","82.42","13.57","78.87","2.68","71.43","0.03","0","0","0","0.19","4.39","100","1.53","62.5","0.76","6.5","70.59"
"L. Mincarelli","France 2.","Montpellier","LB, LCB","21","0","2027-06-30","8","471","0","0","France","left","175","9.75","6.88","66.67","2.48","23.08","0","6.52","1.91","0","0.02","0","0.76","0","0","2.1","45.45","1.53","62.5","5.35","35.71","0.38","4.01","0.76","50.64","86.04","21.02","79.09","5.16","48.15","0.06","0","0","0","0.19","6.88","80.56","1.72","66.67","0.38","10.7","75"
"R. Bamba","France 2.","Nancy","RWB, RB","21","0","","6","469","1","0","France","right","185","6.72","4.99","65.38","2.3","41.67","0","4.25","3.07","0.19","0.03","0","0.38","50","50","3.26","52.94","1.34","71.43","3.65","47.37","1.54","1.34","0.19","27.63","77.08","9.02","61.7","0.96","60","0.17","0","0.38","50","0.38","2.69","78.57","2.88","80","0.96","5.95","77.42"
"O. Joly","France 2.","Rodez ","LCMF","23","0","","9","467","0","0","France","unknown","0","7.71","7.32","57.89","1.73","44.44","0","3.33","1.16","0","0.19","0","1.73","0","0","2.7","14.29","1.93","40","7.13","35.14","2.51","1.73","0","23.13","64.17","8.09","66.67","1.35","28.57","0.07","0","0","0","0.19","3.28","76.47","2.51","23.08","0.58","5.01","57.69"
"J. Sebas","France 2.","Bastia","CF, LAMF, RAMF","22","0","2026-06-30","7","462","1","0","Martinique","right","187","2.14","3.12","31.25","4.29","40.91","0","0.92","3.7","0.19","0.24","0","1.75","44.44","11.111","1.36","42.86","4.68","50","8.77","40","2.73","2.34","0.19","10.52","72.22","2.34","50","1.17","66.67","0.06","0","0","0","0.19","0.58","33.33","0.97","80","0.19","1.75","77.78"
"M. Niflore","France 2.","Dunkerque","GK","18","0","","5","462","0","0","France","","0","1.75","0.19","100","0.39","100","0","2.45","0","0","0","0","0","0","0","0","0","0","0","0.78","100","0","0","0","27.47","94.33","7.4","78.95","4.09","66.67","0","0","0","0","0","0.78","50","0","0","0","2.73","64.29"
"T. Sainte-Luce","France 2.","Montpellier","LB, LCB","26","1000000","","7","462","0","0","France","left","176","7.6","7.79","55","3.51","44.44","0.19","3.95","0.97","0","0.15","0","0.78","25","0","0.78","0","1.56","50","4.29","22.73","1.56","0.78","0","34.29","79.55","14.81","69.74","3.31","41.18","0.05","0","0.19","0","0","2.53","46.15","0.97","40","0.58","5.06","80.77"
"B. Bokangu","France 2.","Nancy","CF","25","0","2026-06-30","9","458","1","1","France","unknown","0","2.75","2.75","28.57","10.81","40","0","2.14","0.98","0.2","0.26","0","2.16","18.18","9.091","0.39","0","0.59","66.67","4.32","45.45","1.77","1.38","0","13.17","77.61","1.97","70","0","0","0.03","0","0.2","100","0.2","0.98","80","0.79","75","0.79","1.38","57.14"
"A. Ribelin","France 2.","Le Mans","RB, RWB","29","300000","","5","456","1","0","France","right","180","4.74","5.33","37.04","0.39","50","0.2","2.95","1.18","0.2","0.05","0","0.2","100","100","3.16","18.75","0.39","100","2.96","53.33","0.39","1.18","0.2","28.42","61.11","10.66","46.3","3.16","25","0.05","0","0","0","0.39","4.93","32","3.95","25","0.39","5.92","73.33"
"A. Rabillard","France 2.","Le Mans","CF, LCMF","30","350000","","6","455","0","1","France","right","180","7.12","5.74","68.97","4.35","31.82","0.2","3.81","0.99","0","0.04","0","0.79","0","0","0.99","20","0.99","80","3.56","27.78","1.78","0.59","0","16.22","70.73","4.55","56.52","0.99","40","0.06","0","0","0","0.2","1.19","50","0.4","50","0.59","2.37","33.33"
"N. Galves","France 2.","Rodez ","RB, RWB","22","0","","7","453","0","0","France","right","180","3.58","6.16","22.58","1.39","28.57","0","2.19","2.38","0","0.06","0","0.6","0","0","3.38","35.29","1.39","85.71","4.37","50","1.39","1.39","0.4","22.45","67.26","7.75","61.54","5.17","46.15","0.24","0","0","0","0.4","5.36","55.56","3.18","50","0","6.56","75.76"
"S. Beusnard","France 2.","Pau","RCMF, DMF, LCMF","33","450000","2026-06-30","7","449","1","1","France","left","170","4.21","3.01","53.33","2.2","27.27","0.4","3.31","2.41","0.2","0.18","0","1.4","57.14","14.286","0.2","0","1.8","88.89","4.81","62.5","2","0.8","0.2","37.88","90.48","12.63","84.13","2.2","72.73","0","0.2","0","0","0.2","5.01","84","0.2","0","0","5.41","85.19"
"Marcos Lavín","France 2.","Dunkerque","GK","29","100000","","5","444","0","0","Spain","right","190","0.81","0","0","0.81","100","0","1.36","0","0","0","0","0","0","0","0","0","0","0","0","0","0","0","0","22.91","84.07","11.15","69.09","5.27","38.46","0","0","0","0","0","2.23","36.36","0.41","0","0","3.45","52.94"
"S. Diba","France 2.","Grenoble","DMF, LCMF","21","0","","5","442","0","0","Senegal","right","194","7.33","4.07","50","1.22","66.67","0.81","4.42","0.41","0","0.01","0","0.81","25","0","0.2","0","0.2","100","2.04","60","0.41","1.22","0","22.81","84.82","6.52","71.88","1.63","50","0","0","0","0","0","2.85","71.43","0.81","75","0.61","4.07","65"
"A. Lauray","France 2.","Le Mans","DMF, RCMF","28","200000","","8","430","0","0","France","right","178","12.77","10.88","67.31","2.3","54.55","0.42","7.04","0.63","0","0","0","0","0","0","0.63","33.33","0.21","100","1.67","50","0.84","0","0","47.51","81.5","16.12","74.03","4.4","66.67","0.04","0.21","0.21","100","0.42","7.53","72.22","1.67","50","0.63","8.37","72.5"
"I. Coulibaly","France 2.","Clermont","RB","19","0","","8","430","0","0","France","unknown","0","8.16","7.12","61.76","0.21","0","0","4.95","1.88","0","0","0","0","0","0","2.3","18.18","1.88","77.78","5.23","68","0.84","3.77","0.21","37.26","84.83","10.67","74.51","1.67","25","0","0","0","0","0","2.72","100","1.88","33.33","0","5.86","60.71"
"G. Capuano","France 2.","Boulogne","CF","19","0","","6","426","1","0","France","unknown","0","1.69","2.11","30","7.61","33.33","0.21","1.18","2.11","0.21","0.5","0.21","2.32","27.27","9.091","0.85","25","2.32","54.55","6.97","24.24","8.87","0.85","0","16.69","68.35","2.54","83.33","0.85","25","0.05","0","0","0","0","1.06","100","0.63","33.33","1.27","2.11","70"
"Iñigo Eguaras","France 2.","Dunkerque","DMF","33","600000","","7","421","0","0","Spain","right","181","7.48","2.57","66.67","2.57","33.33","0.21","8.24","0","0","0.02","0","0.21","0","0","0.21","0","0.21","0","2.35","54.55","0.64","0.64","0","50.24","87.23","15.61","73.97","3.85","50","0.01","0","0","0","0.21","5.77","88.89","1.07","100","0.86","8.12","65.79"
"Everson","France 2.","Montpellier","LCMF, LDMF, DMF","21","0","2026-07-30","6","418","0","0","France","right","182","7.97","6.46","43.33","3.01","64.29","0.65","6","1.08","0","0.11","0","1.51","42.86","0","0.65","33.33","0.22","100","2.8","38.46","0.86","0","0","31.22","75.17","13.13","57.38","6.03","42.86","0.06","0","0","0","0","5.6","50","1.29","16.67","0.22","5.17","50"
"T. Robinet","France 2.","Dunkerque","CF","29","800000","2027-06-30","6","416","1","0","France","right","180","3.03","3.68","52.94","6.27","44.83","0","1.79","1.51","0.22","0.31","0","2.16","50","10","0","0","0.65","66.67","3.89","27.78","3.25","0.22","0","18.17","73.81","5.63","50","0.65","33.33","0.04","0","0","0","0.22","2.6","58.33","0.43","50","0.22","1.95","66.67"
"I. Baldé","France 2.","Rodez ","CF","22","0","","8","411","1","0","France","right","185","3.22","2.53","45.45","4.37","26.32","0.23","2.5","2.53","0.23","0.53","0","2.76","58.33","8.333","1.84","12.5","1.38","50","7.14","32.26","4.14","1.15","0.23","13.81","70","2.07","66.67","0.92","50","0.02","0","0","0","0.92","0.69","66.67","1.84","50","1.15","2.99","53.85"
"A. Camblan","France 2.","Clermont","RAMF, RW, LAMF","22","500000","","5","411","1","1","France","right","169","3.72","2.41","72.73","0.22","0","0","2.24","2.19","0.22","0.07","0","1.53","42.86","14.286","2.41","18.18","1.53","71.43","5.69","38.46","2.63","1.97","0.88","24.31","75.68","3.72","64.71","0.44","100","0.24","0","0.22","0","0.66","0.44","100","2.41","45.45","1.09","3.5","75"
"E. Tchato","France 2.","Montpellier","RB","22","2500000","2027-06-30","5","409","0","1","France","right","182","10.34","8.58","66.67","2.2","50","0.22","5.53","1.98","0","0.01","0","0.44","0","0","3.74","35.29","1.32","50","3.96","33.33","1.32","0.88","0.22","33.01","82","10.56","75","1.98","55.56","0.05","0","0","0","0.44","3.08","71.43","3.3","46.67","1.32","6.6","83.33"
"L. Etoga","France 2.","Bastia","LDMF, RDMF","22","0","2026-06-30","5","407","0","0","Cameroon","right","187","8.18","6.19","75","5.97","62.96","0.22","4.88","0.88","0","0.1","0","0.88","0","0","0","0","1.77","50","5.31","29.17","0.66","0.66","0","28.75","77.69","10.84","69.39","6.19","46.43","0","0","0","0","0","9.07","53.66","0.44","100","0.44","5.09","73.91"
"T. Chennahi","France 2.","Montpellier","RCMF, LDMF, LCMF","20","0","","8","407","0","0","France","right","182","8.4","9.95","55.56","1.55","42.86","0","2.91","0.66","0","0.02","0","0.44","50","0","0.22","0","1.33","33.33","6.63","23.33","0.44","0.22","0.22","25.65","83.62","6.63","73.33","1.33","50","0","0","0","0","0","0.44","50","0.88","25","0.22","2.43","45.45"
"H. Ibrahim","France 2.","Reims","CF","19","0","","9","401","1","0","Nigeria","","0","2.02","3.14","42.86","5.84","38.46","0","1.06","1.35","0.22","0.29","0","1.8","50","12.5","0.22","0","0.9","50","7.18","15.63","4.49","0.67","0.22","10.32","80.43","1.35","50","0.22","100","0.03","0","0","0","0.22","0.22","100","0.45","50","0.9","0.22","0"
"Opa Sangante","France 2.","Dunkerque","RCB","34","300000","","5","399","0","0","Guinea-Bissau","right","188","6.77","3.61","75","1.8","37.5","1.13","6.07","0.45","0","0.01","0","0.9","25","0","0","0","0.23","100","1.58","28.57","0.45","1.35","0","66.99","85.86","34.06","74.83","12.41","47.27","0.02","0","0.23","0","0","13.31","52.54","1.8","0","0.23","14.21","84.13"
"Adrián Ortolá","France 2.","Guingamp","GK","32","200000","","4","398","0","0","Spain","left","187","2.04","0","0","0.23","100","0","3.03","0","0","0","0","0","0","0","0","0","0","0","0.45","100","0","0","0","26.68","88.14","11.31","76","7.01","58.06","0","0","0","0","0","1.58","71.43","0.23","0","0","6.11","74.07"
"I. Miladinović","France 2.","Saint-Étienne","RCMF, LCMF","22","0","2028-06-30","6","397","1","0","Serbia","right","166","7.25","9.07","55","0.68","33.33","0.23","3.09","0.91","0.23","0.02","0","0.45","50","50","0.45","0","2.04","33.33","6.35","42.86","1.13","2.27","0.23","72.32","90.28","17","78.67","1.13","60","0.03","0.45","0","0","0","4.99","77.27","2.04","22.22","1.13","5.21","60.87"
"T. Meynadier","France 2.","Bastia","RB","25","0","","8","395","0","0","France","right","176","7.97","6.38","64.29","2.96","23.08","0","5.92","1.14","0","0.01","0","0.23","0","0","2.28","20","1.59","42.86","5.47","41.67","0.23","0.68","0.46","28.71","79.37","11.16","71.43","1.82","37.5","0.01","0","0","0","0","3.19","78.57","3.42","33.33","0.46","4.33","68.42"
"S. Karamoko","France 2.","Pau","RCB, LB","25","50000","","8","395","0","0","France","left","192","8.43","4.78","76.19","1.37","50","0","5.77","1.37","0","0.02","0","0.23","0","0","1.14","0","2.28","60","5.47","54.17","0.46","1.59","0.68","37.37","81.1","16.41","76.39","4.78","61.9","0","0","0.23","0","0","5.01","72.73","2.05","0","0","7.52","66.67"
"F. Diédhiou","France 2.","Clermont","CF","32","500000","2026-06-30","4","394","1","1","Senegal","right","189","2.06","0.91","75","5.03","50","0","1.55","0.91","0","0.23","0","1.14","60","20","0","0","0.46","50","6.17","22.22","1.14","0.69","0","20.56","80","4.57","65","0.91","25","0.08","0.23","0","0","0.69","1.37","33.33","0.69","33.33","0.23","0.91","50"
"A. Platret","France 2.","Boulogne","RW, RB","22","0","2026-06-30","5","389","0","2","France","","0","7.4","7.87","70.59","2.31","20","0","2.33","2.31","0","0.15","0","0.93","25","0","3.01","38.46","1.39","66.67","4.16","44.44","1.39","0","0","26.61","70.43","9.25","62.5","2.78","66.67","0.19","0","0","0","0.69","4.63","75","3.24","42.86","0.23","6.02","80.77"
"L. Maronnier","France 2.","Troyes","RB","25","0","","4","388","0","0","France","right","174","5.57","3.48","53.33","1.62","71.43","0","4.95","3.48","0","0.11","0","1.16","20","0","5.1","50","0.93","75","4.64","50","2.32","1.86","0","46.16","85.93","13.69","81.36","2.78","41.67","0.16","0","0","0","0.46","5.34","78.26","3.25","50","0.23","8.12","94.29"
"S. Duflos","France 2.","Boulogne","RCMF, RB","30","0","","9","388","0","0","France","","0","8.81","7.89","64.71","3.25","35.71","0","3.9","1.62","0","0.06","0","0.93","50","0","2.32","50","0.7","0","4.87","33.33","2.09","0.46","0.23","34.33","79.73","12.06","71.15","2.78","33.33","0.11","0","0.23","0","0.46","6.73","65.52","3.94","76.47","1.62","7.65","87.88"
"P. Ouotro","France 2.","Nancy","CF","20","0","2028-06-30","8","387","2","0","Côte d'Ivoire","right","182","2.33","2.56","45.45","10.93","25.53","0.47","1.14","1.86","0.47","0.23","0","1.4","66.67","33.333","0","0","1.86","50","4.88","38.1","4.19","1.63","0.23","12.56","83.33","2.09","44.44","0.23","100","0.11","0","0","0","0.23","0.23","100","0.47","50","1.4","0.47","0"
"I. Fakili","France 2.","Clermont","LAMF, RWF, RAMF","19","0","","8","386","1","0","France","right","176","4.9","3.73","37.5","2.1","11.11","0.23","4.37","4.43","0.23","0.11","0","1.87","37.5","12.5","1.63","14.29","6.99","50","10.26","45.45","2.1","3.5","0.93","27.75","79.83","5.36","52.17","0.93","25","0.04","0","0","0","0.23","1.63","42.86","1.4","16.67","0.7","2.8","50"
"V. Orakpo","France 2.","Montpellier","LAMF, LW, CF","19","0","","6","386","0","0","Nigeria","right","194","5.13","4.9","57.14","6.76","48.28","0","3.23","1.17","0","0.1","0","1.4","33.33","0","0","0","1.4","50","9.09","17.95","2.56","0.7","0.23","17.49","81.33","2.33","60","0.93","50","0.02","0","0","0","0","1.17","60","0","0","0","2.1","44.44"
"M. Ble","France 2.","Bastia","CF","23","0","","8","385","0","0","France","unknown","0","3.27","4.44","42.11","10.05","34.88","0","2.25","0.23","0","0","0","0.23","100","0","0.47","0","1.17","0","6.55","17.86","1.17","0.23","0","10.99","85.11","0.7","66.67","0.23","100","0","0","0","0","0","0.23","100","0.23","0","0","0.23","100"
"K. Dong","France 2.","Pau","LW, LWF, CF","21","0","","5","385","0","1","France","right","178","4.21","3.27","57.14","0.94","0","0","2.73","3.74","0","0.07","0","1.17","0","0","2.81","25","6.31","48.15","11.92","49.02","3.51","2.34","1.87","20.1","74.42","4.91","66.67","1.87","50","0.29","0.47","0.23","0","0.7","1.64","57.14","2.1","55.56","1.87","3.04","69.23"
"D. Ourega","France 2.","Guingamp","LB, LW, LAMF","20","0","","8","382","0","2","France","unknown","0","8.25","5.42","65.22","1.65","71.43","0.24","6.63","3.3","0","0.03","0","0.71","0","0","4.71","15","3.77","68.75","10.37","59.09","1.41","1.41","0.24","33.22","65.25","8.25","42.86","3.06","23.08","0.14","0","0","0","0.47","2.12","55.56","4.24","27.78","0.24","8.01","44.12"
"M. Detourbet","France 2.","Troyes","LW, LAMF, RW","18","0","","9","381","0","0","France","","0","4.02","2.6","45.45","1.18","0","0","4.04","3.54","0","0.28","0","2.36","50","0","0.71","0","6.38","29.63","16.3","33.33","3.07","5.43","0.47","34.02","84.72","10.87","89.13","1.42","50","0.11","0.47","0.94","50","0.47","3.78","81.25","2.13","77.78","2.36","4.49","78.95"
"F. Lajugie","France 2.","Annecy","CB, LCB","29","700000","","4","380","1","0","France","right","190","4.5","1.89","50","4.5","68.42","0","4.08","0.24","0.24","0.04","0.24","0.24","100","100","0","0","0","0","0.71","33.33","0.24","1.42","0","41.45","89.71","14.92","74.6","5.45","47.83","0","0","0","0","0","3.79","62.5","0.71","33.33","0.24","5.68","83.33"
"L. Socka Bongué","France 2.","Clermont","CF, LWB, RAMF","27","150000","2026-06-30","8","374","1","1","France","right","193","4.81","5.53","47.83","5.05","33.33","0","2.57","1.2","0.24","0.34","0","1.93","25","12.5","0.48","0","1.68","42.86","10.35","30.23","2.65","1.68","0.48","17.57","78.08","3.61","53.33","0.96","50","0.07","0","0","0","0.24","1.68","100","0.24","0","0.24","1.93","37.5"
"T. Savanier","France 2.","Montpellier","AMF, CF","33","9000000","2026-06-30","7","373","2","1","France","right","172","5.31","7","48.28","1.45","33.33","0.24","2.53","3.86","0.24","0.26","0","2.41","40","20","2.65","45.45","3.14","53.85","10.38","44.19","1.21","0.97","0","42.95","77.53","17.13","66.2","7.48","61.29","0.32","0","0","0","1.21","10.86","62.22","5.79","54.17","2.17","9.41","82.05"
"O. Sidibé","France 2.","Nancy","RWB, AMF, RW","24","0","","8","373","0","0","France","right","182","4.1","5.55","39.13","0.72","33.33","0","2.67","4.1","0","0.1","0","1.21","0","0","3.38","28.57","4.58","68.42","8.93","40.54","2.17","1.45","0.24","18.1","68","2.65","54.55","0.48","100","0.08","0","0","0","0.48","0.97","75","2.17","55.56","0.24","2.9","75"
"A. Moueffek","France 2.","Saint-Étienne","RCMF, AMF","24","2000000","2028-06-30","7","370","0","1","France","right","179","8.03","7.05","62.07","2.68","18.18","0","6.34","2.68","0","0.03","0","0.97","0","0","0.97","50","4.62","47.37","16.05","39.39","3.65","3.16","0","50.59","90.38","9","81.08","0.24","100","0.07","0.24","0","0","0.73","3.16","84.62","0.49","0","0.97","1.7","71.43"
"M. Commaret","France 2.","Laval","RCB, RB","23","0","","6","367","0","0","France","","0","7.11","4.9","55","1.96","50","0.25","4.79","1.47","0","0.06","0","0.25","100","0","0.74","66.67","0.74","100","1.96","50","0.25","0.49","0","47.82","84.62","20.6","73.81","6.38","46.15","0.01","0","0","0","0","3.92","43.75","2.45","30","0.25","9.07","56.76"
"H. Mbock","France 2.","Grenoble","DMF, LCMF","25","700000","2026-06-30","5","366","0","0","France","right","186","6.89","5.16","66.67","3.2","46.15","0","5.45","1.48","0","0.02","0","0.25","100","0","0.98","50","0.74","100","4.43","61.11","0.25","0.98","0","32.7","86.47","9.1","78.38","1.97","75","0.03","0","0","0","0","4.43","77.78","0.74","33.33","0","4.92","70"
"A. Martial","France 2.","Reims","AMF, LWF, LAMF","18","0","","8","366","1","0","Mali","unknown","0","6.89","6.15","60","3.2","23.08","0","4.65","2.46","0.25","0.34","0","1.97","37.5","12.5","0.74","0","2.21","66.67","4.43","55.56","2.7","1.48","0.49","34.67","85.82","8.36","79.41","1.23","60","0.1","0","0.25","100","0.25","2.46","60","2.21","66.67","0.74","2.21","88.89"
"A. Trouillet","France 2.","Rodez ","LCMF, RCMF","24","900000","","5","362","0","0","France","right","175","4.48","4.97","35","0.75","0","0","3.55","1.49","0","0.08","0","0.5","0","0","1.49","50","1.49","50","5.47","45.45","0.99","0.99","0","25.36","76.47","9.2","62.16","1.99","50","0","0","0.5","0","0.25","4.97","60","2.49","60","0.5","4.97","90"
"J. Guevara","France 2.","Bastia","LCB","24","0","2026-06-30","5","361","0","0","Colombia","right","180","7.98","6.23","80","5.48","36.36","0.5","4.93","0.25","0","0.02","0","0.5","0","0","0","0","0.25","100","2.24","77.78","0.75","0.75","0.25","41.88","89.88","16.2","78.46","4.49","50","0.01","0","0","0","0","3.49","64.29","0.25","0","0.25","6.23","56"
"Q. Paris","France 2.","Annecy","CF, LWF, RWF","18","0","","7","361","1","0","France","","0","7.98","6.98","53.57","11.22","26.67","0","5.36","4.74","0.25","0.18","0","1.5","66.67","16.667","2.24","0","5.98","62.5","17.95","36.11","4.99","2.24","0.5","19.7","64.56","4.74","36.84","0.75","33.33","0.01","0","0.5","0","0","1.75","42.86","1.25","20","0","1","50"
"S. Benchamma","France 2.","Rodez ","RCMF","25","500000","2026-06-30","5","358","1","0","France","right","187","5.77","6.11","33.33","1.7","40","0","4.23","1.36","0.34","0.04","0","0.68","50","50","2.04","33.33","0.34","100","2.04","50","1.02","0.68","0","21.06","72.58","8.15","58.33","2.38","42.86","0","0.34","0","0","0","3.74","54.55","2.38","57.14","0","2.72","62.5"
"J. Sanda","France 2.","Red Star","RCB","18","0","2029-06-30","5","357","0","0","France","right","186","7.5","6.14","61.11","4.43","69.23","0.34","5.17","1.02","0","0.03","0","0.68","50","0","0.34","100","0.34","100","2.05","50","0.34","1.7","0","62.39","85.25","26.93","70.89","5.11","26.67","0.01","0","0","0","0","10.91","65.63","0.34","100","0","13.64","72.5"
"C. Vidal","France 2.","Grenoble","CB, RCB","25","1000000","","5","355","0","0","France","right","181","12.17","6.08","83.33","5.07","65","1.01","8.67","0","0","0","0","0.51","0","0","0","0","0","0","0.25","100","0","0.25","0","54.76","88.43","18.51","71.23","7.86","51.61","0","0","0","0","0","5.83","69.57","0.25","0","0","7.1","67.86"
"M. Rossignol","France 2.","Le Mans","RCMF, LCMF","21","0","","7","352","0","0","France","right","171","6.14","8.95","48.57","1.79","42.86","0","2.25","1.28","0","0.18","0","2.05","12.5","0","2.05","25","0.51","50","2.81","27.27","1.79","1.28","0.26","38.1","74.5","13.81","57.41","2.05","25","0.03","0.26","0.26","100","0","5.63","68.18","3.58","57.14","1.28","6.14","66.67"
"L. Buadés","France 2.","Le Mans","RB","27","500000","","4","350","0","1","France","right","181","5.91","6.69","34.62","3.34","76.92","0","4.33","3.6","0","0.03","0","0.51","50","0","3.09","58.33","1.54","100","4.37","76.47","1.8","1.03","0","32.91","68.75","15.43","60","3.09","41.67","0.14","0","0","0","1.29","4.89","57.89","3.09","58.33","0.51","8.23","59.38"
"D. N'Landu","France 2.","Guingamp","LCMF, RCMF, DMF","25","200000","2026-06-30","8","348","2","1","France","left","173","9.05","7.24","64.29","2.84","36.36","0.52","4.7","1.29","0.52","0.06","0","0.78","100","66.667","0","0","1.29","40","6.47","56","1.03","1.29","0","31.55","84.43","6.21","62.5","3.1","50","0.2","0","0","0","0.26","4.66","55.56","0.26","0","0.52","4.14","56.25"
"T. Bentayeb","France 2.","Troyes","CF","23","0","","5","345","5","0","Morocco","left","179","2.35","2.61","50","7.83","26.67","0.26","1.02","3.39","1.04","1","0","3.91","73.33","33.333","0.26","0","1.04","50","6","26.09","4.43","0.26","0.26","15.13","79.31","1.57","50","0.78","66.67","0.08","0","0","0","0","0.52","100","0.52","50","0.78","1.3","60"
"Y. Aradj","France 2.","Laval","LB","20","0","","5","345","0","0","France","","0","8.87","9.39","69.44","2.35","33.33","0","3.42","2.35","0","0","0","0","0","0","3.39","46.15","1.83","42.86","4.7","22.22","0.52","1.3","0.26","37.3","72.73","13.3","62.75","4.43","23.53","0.1","0","0","0","0.26","4.7","44.44","3.65","28.57","0.26","6.78","69.23"
"C. Fatou","France 2.","Boulogne","CF, LCMF","26","0","","9","333","1","0","France","unknown","0","4.05","3.51","61.54","6.22","17.39","0","2.53","2.16","0","0.34","0","1.62","50","16.667","2.16","37.5","0.54","100","4.32","31.25","3.24","1.08","0.27","16.49","65.57","2.97","27.27","0.81","33.33","0.1","0","0.27","0","0.27","0.54","0","1.08","50","1.08","0.81","66.67"
"C. Makutungu","France 2.","Annecy","LCB","27","300000","","4","327","0","0","France","left","176","5.92","3.55","66.67","1.18","66.67","0","3.09","0.39","0","0","0","0","0","0","0.39","0","0.39","100","1.97","80","0","0.39","0","30.39","85.71","18.55","80.85","5.53","64.29","0","0","0","0","0","3.95","60","0.79","0","0","6.71","76.47"
"Y. Ikia Dimi","France 2.","Amiens SC","CF, LW, RW","21","0","","9","326","2","0","France","unknown","175","4.42","7.45","44.44","1.66","16.67","0.55","1.46","2.76","0.55","0.11","0","1.1","75","50","2.21","25","2.48","55.56","8.28","30","1.38","1.66","0.28","19.05","71.01","4.42","56.25","1.1","50","0.01","0","0","0","0","1.93","57.14","1.38","20","0","2.21","50"
"O. Diop","France 2.","Clermont","RAMF, RW","20","0","","6","326","0","0","Senegal","","0","5.25","5.25","57.89","1.93","0","0","2.82","2.48","0","0.08","0","0.55","0","0","2.21","25","3.87","50","7.18","42.31","1.93","2.21","0.28","20.15","82.19","1.93","71.43","0.83","66.67","0","0","0","0","0","0.83","66.67","1.1","0","0.28","0.83","66.67"
"E. Clavreul","France 2.","Laval","LW, LAMF, RAMF","19","0","","8","325","3","0","France","unknown","0","9.69","9.42","67.65","1.66","33.33","0.55","3.83","1.94","0.83","0.41","0.28","1.94","71.43","42.857","1.94","0","2.22","25","9.14","30.3","2.22","1.11","0","23.82","67.44","6.37","47.83","2.49","33.33","0.01","0","0","0","0","1.66","33.33","2.49","33.33","0.55","3.05","36.36"
"N. Pays","France 2.","Montpellier","RW, AMF, RAMF","22","0","","5","323","0","0","France","unknown","0","4.46","4.74","52.94","1.39","40","0","1.79","4.74","0","0.13","0","1.39","20","0","3.07","36.36","5.85","52.38","13.65","32.65","2.51","2.51","0.28","25.63","85.87","4.74","82.35","0.56","100","0.04","0","0.28","100","0.56","1.39","100","2.51","66.67","0.84","3.62","84.62"
"P. Venot","France 2.","Annecy","RWF, LWF","23","0","","8","321","0","0","France","left","194","3.64","4.21","60","5.05","44.44","0","1.54","0.56","0","0.16","0","1.12","0","0","0.84","33.33","2.24","12.5","8.13","27.59","2.52","1.4","0.28","28.04","75","4.77","58.82","0.28","0","0.05","0","0","0","0","2.24","87.5","1.4","40","0.56","2.24","75"
"N. Mupemba","France 2.","Laval","CF, RW","23","0","","8","321","0","0","France","","180","3.64","2.52","55.56","4.49","25","0.28","2.89","0.56","0","0.08","0","0.84","33.33","0","0","0","1.12","25","3.93","7.14","2.52","0.56","0","10.09","69.44","1.96","57.14","0.56","50","0.04","0","0","0","0.28","0.56","50","0.84","66.67","1.12","1.12","50"
"A. Salama","France 2.","Reims","CF, LAMF","25","0","","5","321","2","0","France","right","192","2.8","3.08","27.27","2.52","44.44","0.56","2.73","5.61","0.56","0.5","0.28","2.8","50","20","2.24","62.5","4.77","58.82","8.97","34.38","5.89","1.68","0.28","22.43","80","3.93","57.14","0.84","100","0.05","0","0","0","0.84","1.12","75","1.96","71.43","0.56","2.8","90"
"N. Bassette","France 2.","Reims","CF","20","1500000","2028-06-30","5","319","1","0","Belgium","left","186","3.1","2.82","30","6.49","13.04","0.28","2.92","1.13","0.28","0.27","0","1.97","28.57","14.286","0.85","0","1.13","50","5.64","30","4.51","0.56","0.56","8.75","58.06","1.41","100","0.56","50","0.06","0","0","0","0.56","0.56","100","1.41","20","0.56","1.13","75"
"A. Baallal","France 2.","Clermont","LDMF, RW, RDMF","20","0","2026-06-30","5","318","0","1","Morocco","","0","9.06","5.66","55","1.42","80","0.28","7.32","0.28","0","0.05","0","1.13","0","0","0","0","0.85","33.33","4.25","20","0.28","0.57","0.28","51.51","81.87","11.04","58.97","6.51","52.17","0.11","0","0","0","0.57","5.94","52.38","1.13","75","0.85","3.96","42.86"
"J. Evans","France 2.","Nancy","LWB, RW, AMF","26","0","","8","318","1","1","Nigeria","right","182","7.08","4.25","46.67","6.79","29.17","0","6.92","3.4","0.28","0.09","0.28","0.85","33.33","33.333","2.55","44.44","2.26","87.5","5.66","55","2.55","1.7","0","18.68","71.21","4.25","60","1.98","57.14","0.26","0","0","0","0.57","2.26","62.5","0.85","0","0","2.26","62.5"
"A. Hunou","France 2.","Clermont","AMF","31","700000","","5","317","1","0","France","right","179","3.41","4.26","26.67","1.14","25","0.28","3.13","1.14","0.28","0.19","0","1.14","25","25","0.85","0","1.14","75","3.41","58.33","2.84","2.56","0.57","28.96","75.49","7.1","56","1.99","42.86","0.01","0","0","0","0","1.99","57.14","1.14","25","0.28","2.84","50"
"A. Drouhin","France 2.","Annecy","CB","25","0","","4","315","0","0","France","right","187","6.86","3.14","90.91","9.14","62.5","0.57","5.54","0","0","0.02","0","0.29","0","0","0","0","0","0","0.29","100","0.29","0.29","0","32.29","89.38","12.86","77.78","4.57","56.25","0","0","0","0","0","3.43","75","0","0","0","5.43","63.16"
"P. Diong","France 2.","Dunkerque","DMF, RCMF","19","0","2029-06-30","7","315","0","0","Senegal","right","193","8","4.57","56.25","5.71","25","0","7.61","1.71","0","0.26","0","0.57","100","0","0.57","0","1.14","100","4.86","47.06","1.43","0","0","36.29","86.61","8.29","79.31","2.57","66.67","0","0","0","0","0","2.57","66.67","0.86","0","0","4.29","53.33"
"K. Nakamura","France 2.","Reims","LW, LWB, LCMF","25","9000000","","4","313","2","2","Japan","right","180","5.75","4.03","35.71","0.29","100","0","5.77","8.05","0.58","0.38","0","2.88","40","20","5.46","42.11","5.75","75","9.2","50","5.75","4.31","0.58","34.5","80","7.19","84","0.29","100","0.26","0","0.29","100","0.86","1.15","75","4.89","58.82","2.01","6.9","79.17"
"M. Camara","France 2.","Laval","CF, LAMF","24","0","","5","309","0","0","France","right","184","2.62","2.04","42.86","3.79","46.15","0","2.14","3.79","0","0.12","0","1.17","75","0","2.04","42.86","3.2","63.64","8.74","50","4.37","2.91","0","21.26","73.97","5.24","44.44","0.87","0","0.06","0","0","0","0.29","2.33","50","1.46","20","0.87","1.17","75"
"B. Touré","France 2.","Annecy","RWF, LWF, CF","22","0","2026-06-30","5","307","0","1","Côte d'Ivoire","right","185","4.98","6.45","54.55","8.79","26.67","0","2.11","3.22","0","0.22","0","0.59","50","0","1.76","16.67","4.1","64.29","14.07","37.5","2.64","0.29","0.29","23.75","69.14","8.5","51.72","0.59","0","0.18","0","0.29","0","0.29","2.35","62.5","2.64","11.11","0.59","3.22","54.55"
"C. Suljić","France 2.","Nancy","LCMF, RCMF","28","300000","","7","305","0","0","France","right","178","9.44","7.97","70.37","2.66","66.67","0.59","4.88","0.89","0","0.04","0","0.89","0","0","0.89","33.33","0.89","66.67","5.02","64.71","0.89","0","0","33.93","80","11.51","74.36","3.25","63.64","0.09","0","0","0","0","4.43","80","1.77","50","0.3","6.49","54.55"
"C. Vincent","France 2.","Bastia","RDMF, LDMF, AMF","32","450000","","5","304","0","0","France","right","178","2.66","4.14","35.71","1.18","25","0","2.03","1.18","0","0.08","0","1.78","16.67","0","1.78","16.67","1.18","50","4.44","33.33","1.48","1.18","0","28.42","78.13","8.29","64.29","4.44","60","0.08","0","0","0","0.3","4.14","64.29","2.07","42.86","0.59","4.14","71.43"
"T. Rowe","France 2.","Annecy","RWB, RB, RWF","19","0","","5","303","0","1","England","right","0","7.13","6.24","57.14","6.24","33.33","0","5.07","2.97","0","0","0","0.3","0","0","4.75","25","5.94","30","12.48","23.81","0.59","2.08","0","25.84","66.67","8.91","63.33","2.38","75","0.16","0","0","0","0.59","3.27","63.64","3.86","30.77","0","5.64","73.68"
"B. Danger","France 2.","Red Star","CB, DMF","27","1000000","2027-06-30","7","302","0","0","France","right","180","9.04","9.47","59.09","4.74","72.73","0.43","5.33","0.86","0","0.14","0","0.86","50","0","0","0","0.43","100","2.15","60","0.86","1.72","0","54.69","84.25","24.98","68.97","9.04","38.1","0","0","0","0","0","10.33","75","2.15","20","0.43","12.06","67.86"
"I. M'Bahia","France 2.","Clermont","LCB","20","0","","4","302","0","0","Côte d'Ivoire","right","174","7.75","3.28","63.64","1.49","40","0.3","5.93","1.19","0","0.02","0","0.3","0","0","0","0","1.49","80","2.09","85.71","0","0.89","0.3","67.05","91.56","25.03","80.95","4.47","46.67","0","0","0.3","0","0","5.96","75","0.6","0","0","8.34","71.43"
"I. Karamoko","France 2.","Bastia","AMF, CF, RAMF","24","0","","8","301","0","0","France","","182","2.99","3.89","30.77","4.49","33.33","0","4","1.5","0","0.07","0","2.39","12.5","0","1.2","25","1.5","60","8.07","37.04","1.79","1.5","0","22.72","76.32","5.38","72.22","0.3","0","0.14","0","0","0","0.3","2.69","66.67","2.09","42.86","0.3","2.39","75"
"U. Fredriksen","Norway 1.","Fredrikstad","CB","26","450000","2025-12-31","24","2374","1","0","Norway","right","189","8.87","4.63","70.49","4.59","62.81","0.8","6.54","0.38","0.04","0.06","0.04","0.61","37.5","6.25","0.23","33.33","0.08","100","0.91","54.17","0.68","0.83","0","44.77","87.89","17.29","77.19","5.46","50","0.01","0","0","0","0.04","5.76","67.76","0.68","50","0.23","7.54","71.36"
"R. Yttergård Jenssen","Norway 1.","Tromsø","DMF","37","150000","2025-12-31","24","2369","1","7","Norway","left","173","5.43","3.84","62.38","0.87","47.83","0.34","3.24","1.25","0.04","0.07","0","0.53","28.57","7.143","1.18","58.06","0.57","46.67","3.42","44.44","1.71","0.61","0.15","50.34","88.91","12.08","77.67","2.89","51.32","0.16","0.08","0.19","80","0.76","4.86","82.03","2.85","64","1.75","6.04","76.1"
"J. Haugaard","Norway 1.","Tromsø","GK","33","600000","2026-12-31","24","2369","0","0","Denmark","left","199","1.22","0","0","0.46","91.67","0","1.38","0.04","0","0","0","0","0","0","0","0","0.04","0","0.04","0","0","0","0","35.64","81.02","22.76","71.62","15.61","59.12","0","0","0.04","100","0","7.26","48.69","0.53","21.43","0.08","10.56","79.14"
"E. Ødegaard","Norway 1.","KFUM","GK","26","350000","","24","2367","0","0","Norway","right","186","2.28","0.11","66.67","0.57","86.67","0","2.6","0","0","0","0","0","0","0","0","0","0","0","0.15","75","0","0","0.04","30.34","76.94","18.44","63.71","12.93","50","0","0","0","0","0","6.2","40.49","0.68","27.78","0.15","8.86","72.53"
"H. Falchener","Norway 1.","Viking","LCB, RCB","22","0","","24","2366","4","0","Norway","right","0","8.14","3.92","71.84","6.5","64.33","0.8","6.83","0.34","0.15","0.11","0.15","0.72","36.84","21.053","0","0","0.08","100","1.1","55.17","1.33","0.34","0","52.76","90.05","16.24","76.35","4.15","45.87","0","0.04","0","0","0.08","7.34","78.24","0.38","10","0.19","7.95","72.73"
"D. Ulvestad","Norway 1.","Kristiansund","LCB","36","100000","","24","2353","0","0","Norway","right","189","8.84","2.6","73.53","4.13","61.11","1.03","7.43","0.27","0","0.04","0","0.42","45.45","0","0.04","100","0","0","0.34","66.67","0.57","0.76","0","49.26","89.75","15.26","74.69","4.82","51.59","0.02","0","0.04","100","0","7.27","71.05","0.76","30","0.19","5.97","64.74"
"G. Valsvik","Norway 1.","Strømsgodset","LCB, CB","32","550000","2026-12-31","24","2346","2","1","Norway","left","196","9.4","4.07","69.81","6.75","64.77","1.11","6.94","0.42","0.08","0.09","0.04","0.65","35.29","11.765","0.12","66.67","0.12","100","1.8","57.45","1.07","0.84","0","52.48","85.82","22.33","76.12","9.32","59.67","0.01","0","0","0","0.15","8.21","74.3","0.73","42.11","0.5","12.24","70.22"
"L. Cornic","Norway 1.","Tromsø","RB, RWB","24","600000","2027-12-31","24","2344","3","3","Norway","right","178","8.06","6.91","66.11","2.34","42.62","0.08","3.66","1.38","0.12","0.1","0","0.58","33.33","20","2.96","35.06","0.35","44.44","1.92","46","1.96","0.5","0.19","27.84","74.76","6.07","51.27","2.03","39.62","0.13","0","0.04","0","0.58","0.88","47.83","2.5","50.77","0.65","4.61","59.17"
"M. Ndiaye","Norway 1.","Sarpsborg 08","GK","19","0","","23","2305","0","0","Senegal","right","190","2.3","0.12","66.67","1.09","85.71","0","2.68","0.04","0","0","0","0","0","0","0","0","0.04","100","0.27","57.14","0","0","0","22.1","74.03","14.6","62.3","10.97","54.8","0","0","0","0","0","5.9","44.37","0.78","10","0.08","7.11","79.67"
"M. Koch","Norway 1.","Sarpsborg 08","RCB, LCB","31","200000","2026-06-30","23","2300","0","1","Netherlands","right","195","6.65","3.33","55.29","5.71","65.75","0.55","5.75","0.2","0","0.06","0","0.31","25","0","0.04","0","0.08","100","0.63","43.75","0.74","0.67","0","38.35","91.22","12.99","85.84","2.31","57.63","0.01","0","0.04","100","0.04","6.03","86.36","0.31","25","0.31","4.97","74.02"
"J. Karlström","Norway 1.","Molde","GK","28","700000","2025-12-31","23","2297","0","1","Norway","right","200","1.45","0.04","0","0.47","83.33","0","1.98","0","0","0","0","0","0","0","0","0","0","0","0.04","100","0","0","0","31.62","87.86","13.09","73.95","8.58","59.36","0","0","0","0","0.04","3.76","43.75","0.35","11.11","0.04","5.05","77.52"
"H. Stengel","Norway 1.","Strømsgodset","DMF, RDMF","30","750000","2027-12-31","24","2296","3","1","Norway","right","180","5.21","3.29","55.95","0.94","37.5","0.24","3.53","1.02","0.12","0.05","0.04","0.71","50","16.667","1.1","35.71","0.35","55.56","1.72","36.36","0.82","0.63","0.04","32.46","85.51","10.58","75.56","4.23","62.04","0.16","0.04","0.08","100","0.12","4.98","78.74","1.84","38.3","0.67","4.7","72.5"
"S. Tangvik","Norway 1.","Rosenborg","GK","22","1200000","2027-12-31","23","2290","0","0","Norway","right","193","1.93","0.08","50","0.47","75","0","2.48","0","0","0","0","0","0","0","0","0","0","0","0.04","100","0","0","0","23.5","87.63","11.95","78.29","8.57","69.27","0","0","0","0","0","1.38","25.71","0.2","0","0","6.45","74.39"
"F. Ottosson","Norway 1.","Sandefjord","DMF, RDMF","29","450000","2025-12-31","23","2288","0","1","Sweden","right","174","5.9","3.07","67.95","0.59","26.67","0.43","4.89","0.67","0","0.01","0","0.39","20","0","0.94","58.33","0.04","0","0.87","31.82","0.08","1.46","0","70.02","88.88","28.2","78.38","9.68","56.5","0.11","0.08","0.12","33.33","0.2","16.4","76.74","3.07","50","1.14","14.2","87.26"
"M. Dyngeland","Norway 1.","Brann","GK","29","900000","","23","2275","0","0","Norway","right","184","1.74","0.12","66.67","0.28","100","0","2.77","0.08","0","0","0","0","0","0","0","0","0.12","66.67","0.16","75","0","0.04","0","29.99","84.3","15.71","71.28","11.24","60.21","0","0.04","0","0","0","4.59","43.97","0.4","10","0.04","7.48","82.01"
"F. Myhre","Norway 1.","Brann","LCMF","26","2300000","2027-12-31","23","2275","4","2","Norway","right","180","5.58","4.11","61.54","1.66","54.76","0.24","4.62","2.65","0.16","0.16","0.04","1.19","33.33","13.333","1.23","48.39","3.05","49.35","7.56","38.74","4.27","1.82","0.24","41.02","85.25","11.95","74.17","1.74","59.09","0.13","0.08","0.2","80","0.59","3.13","75.95","3.32","69.05","2.81","3.84","83.51"
"M. Woledzi","Norway 1.","Fredrikstad","RCB, LCB","24","1700000","2026-12-31","24","2269","0","0","Ghana","right","187","9.76","6.39","74.53","3.09","62.82","0.71","5.93","0.71","0","0.03","0","0.59","26.67","0","0.32","37.5","1.15","37.93","4.52","33.33","0.2","1.11","0.04","45.93","88.34","18.4","81.25","3.49","48.86","0.02","0.04","0","0","0","6.62","80.24","0.48","41.67","0.08","8.25","69.71"
"N. Haikin","Norway 1.","Bodø / Glimt","GK","30","1500000","2026-07-31","23","2266","0","0","Israel","right","188","1.31","0.08","50","0.44","100","0","1.96","0","0","0","0","0","0","0","0","0","0","0","0.04","100","0","0","0","25.3","87.91","11.36","75.87","7.71","64.43","0","0","0","0","0","2.46","58.06","0.2","0","0","5.48","74.64"
"J. Bell","Norway 1.","Viking","DMF","26","1200000","2027-12-31","23","2237","2","4","England","right","182","9.05","7.32","73.08","1.41","42.86","0.24","4.6","1.61","0.08","0.05","0","1.17","24.14","6.897","1.69","47.62","1.09","44.44","4.63","47.83","0.89","0.89","0.12","54.11","85.95","16.09","70.25","4.39","45.87","0.09","0.04","0.08","50","0.48","8.81","74.43","3.3","65.85","1.21","8.61","74.77"
"T. Guddal","Norway 1.","Tromsø","CB","23","0","","23","2235","0","1","Norway","right","201","9.46","4.95","71.54","5.23","65.38","0.56","6.49","0.44","0","0.03","0","0.24","50","0","0.16","0","0.56","57.14","2.17","55.56","0.52","0.64","0.12","68.09","90.12","26.01","82.2","4.43","49.09","0","0.08","0.04","0","0.04","8.58","81.22","0.6","46.67","0.28","10.83","69.52"
"J. de Boer","Norway 1.","Bryne","GK","25","250000","","23","2231","0","0","Netherlands","right","199","0.93","0.12","33.33","0.52","100","0","0.99","0","0","0","0","0","0","0","0","0","0","0","0.04","0","0","0","0.04","12.79","76.66","10.13","71.31","9.28","68.26","0","0","0","0","0","3.07","61.84","0.12","66.67","0","6.66","83.03"
"V. Skjærvik","Norway 1.","Tromsø","RCB","25","500000","2027-12-31","23","2205","2","1","Norway","right","184","8.45","5.63","73.19","1.84","46.67","0.57","4.71","0.86","0.08","0.07","0","0.29","28.57","28.571","1.31","34.38","0.41","80","1.39","55.88","0.45","1.88","0.08","62.82","87.72","23.63","76.68","8.53","58.85","0.04","0.12","0","0","0.29","10.73","77.19","2.29","48.21","0.69","12.08","75"
"M. Tønnessen","Norway 1.","KFUM","LCB","21","0","","24","2177","0","1","Norway","left","189","11.49","7.65","70.27","5.95","67.36","0.33","6.86","0.37","0","0.05","0","0.37","11.11","0","0.91","27.27","0.21","40","0.99","45.83","0.74","0.83","0.04","65.65","88.92","22.03","79.55","4.13","47","0.01","0","0.04","0","0.08","9.55","81.82","1.24","23.33","0.17","9.8","68.78"
"M. Dia","Norway 1.","Haugesund","LCB, RCB","21","0","","22","2174","1","0","Norway","right","0","12.83","5.38","75.38","3.6","66.67","1.41","9.41","0.62","0.04","0.04","0","0.5","50","8.333","0.25","33.33","0.37","77.78","1.82","65.91","0.58","0.87","0","44.3","83.18","17.8","69.3","6.42","49.68","0.01","0","0","0","0.04","5.46","62.12","0.79","26.32","0.17","8.16","56.35"
"E. Breivik","Norway 1.","Molde","RCMF, LCMF, AMF","25","3500000","2027-12-31","22","2153","2","1","Norway","right","180","9.24","7.57","65.19","1.76","45.24","0.29","5.65","1.88","0.08","0.06","0","1.25","16.67","6.667","1.63","38.46","1.59","57.89","5.52","41.67","2.01","1.59","0.25","45.31","81.64","14.67","72.08","3.55","55.29","0.06","0.04","0.29","42.86","0.33","5.85","77.86","2.97","50.7","1.21","6.86","71.34"
"F. Sjøvold","Norway 1.","Bodø / Glimt","RB","22","0","2028-12-31","23","2152","2","2","Norway","right","168","6.65","5.65","65.19","1","25","0.21","4.29","2.09","0.08","0.07","0","0.84","30","10","2.22","35.85","1.67","62.5","4.6","44.55","1.88","3.14","0.63","57.71","88.55","17.65","82.23","4.18","60","0.09","0.13","0.04","0","0.29","6.06","82.76","3.22","74.03","1.63","9.03","79.63"
"W. Igor","Norway 1.","Kristiansund","DMF","20","0","","23","2151","1","1","Nigeria","right","0","8.62","6.15","66.67","2.59","51.61","0.42","4.57","0.46","0.04","0.02","0","0.42","30","10","0.08","0","0.71","47.06","5.1","26.23","0.17","0.46","0.17","30.75","85.71","6.82","63.19","2.55","37.7","0","0.04","0.04","0","0.04","3.1","70.27","0.33","37.5","0.13","3.18","55.26"
"S. Kristiansen","Norway 1.","Sandefjord","LCB","26","0","","22","2150","1","1","Norway","left","186","5.94","3.56","63.53","5.15","59.35","0.54","4.82","0.59","0.04","0.07","0","0.5","33.33","8.333","0.33","37.5","0.46","63.64","1.88","57.78","0.63","1.67","0.21","64.93","87.17","23.73","74.25","10.3","55.28","0.03","0","0","0","0.13","8.41","66.17","1.42","29.41","0.33","9.84","65.53"
"E. Saunes","Norway 1.","Bryne","LB, RW, RB","27","175000","","22","2121","1","3","Norway","left","191","9.84","6.11","55.56","2.93","56.52","0.3","6.85","1.82","0.04","0.13","0","0.98","34.78","4.348","2.59","32.79","1.1","50","3.73","38.64","1.65","0.98","0","38.02","78.24","12.77","63.12","4.41","40.38","0.08","0.08","0.21","40","0.47","6.11","55.56","3.14","44.59","0.81","6.41","76.82"
"Marko Farji","Norway 1.","Strømsgodset","LAMF, LW, RW","21","800000","2026-12-31","24","2120","7","3","Norway","right","184","3.14","3.18","53.33","1.7","37.5","0.08","1.31","6.79","0.3","0.25","0.04","2.55","33.33","11.667","6.03","31.69","7.26","55.56","13.37","43.49","2.72","3.01","0.25","29","67.2","5.73","62.96","1.87","52.27","0.2","0.08","0.04","0","0.89","1.19","60.71","5.99","41.13","0.85","5.48","70.54"
"N. Strunck Jakobsen","Norway 1.","Bryne","LCMF","26","250000","","23","2116","2","1","Denmark","right","182","7.02","4.21","54.55","1.36","50","0.21","4.95","0.94","0.09","0.06","0","1.28","33.33","6.667","0.89","23.81","0.43","70","2.68","49.21","1.23","0.51","0.13","37.64","86.1","12.42","77.4","2.81","53.03","0.05","0.04","0.04","0","0.3","5.4","77.95","1.57","45.95","0.85","5.19","76.23"
"E. Kornvig","Norway 1.","Brann","DMF, RCMF","25","0","","22","2113","4","2","Denmark","right","187","9.24","6.73","58.23","3.28","55.84","0.34","8.32","1.41","0.17","0.12","0","1.62","26.32","10.526","0.55","38.46","1.36","56.25","7.24","50","1.62","1.24","0.21","45.62","84.5","15.89","73.46","4.26","55","0.1","0.13","0.04","0","0.3","7.24","80.59","1.62","55.26","0.94","6.77","72.96"
"L. Owusu","Norway 1.","Fredrikstad","DMF, RCMF, LCMF","28","1500000","2026-12-31","23","2112","1","0","Ghana","right","181","5.2","4.22","59.6","1.19","39.29","0.09","2.99","0.6","0.04","0.03","0","0.64","13.33","6.667","0.47","45.45","0.6","50","3.79","41.57","0.26","0.77","0.04","47.13","88.88","13.04","73.86","5.71","55.97","0.01","0","0","0","0","9.03","75.94","1.49","48.57","0.38","6.01","81.56"
"D. Karlsbakk","Norway 1.","Sarpsborg 08","CF, RW","22","0","2028-12-31","23","2110","15","1","Norway","right","186","2.94","3.2","33.33","3.75","39.77","0.17","2.26","2.09","0.38","0.52","0.09","2.3","55.56","27.778","0.34","0","1.15","66.67","6.18","28.97","4.35","0.68","0.17","12.41","73.88","2.05","58.33","0.17","0","0.05","0.04","0.04","100","0.3","0.98","60.87","0.47","36.36","0.6","1.24","41.38"
"S. Hestnes","Norway 1.","KFUM","RCMF, LCMF","29","400000","2026-07-31","22","2072","4","0","Norway","right","184","8.82","6.6","59.87","0.87","50","0.26","5.51","0.96","0.17","0.2","0","0.91","47.62","19.048","0.69","37.5","0.43","50","3.04","40","1.82","1.74","0.22","43.44","81.6","13.81","66.98","4.13","48.42","0.07","0","0.26","16.67","0.22","7.12","73.17","1.69","46.15","0.74","7.43","66.67"
"M. Sandberg","Norway 1.","HamKam","GK","34","250000","2026-12-31","21","2066","0","0","Sweden","right","191","2.13","0.09","50","0.35","100","0","2.35","0","0","0","0","0","0","0","0","0","0","0","0","0","0","0","0","20.52","81.74","13.68","74.52","10.15","66.95","0","0","0","0","0","4.84","57.66","0.17","25","0.04","8.06","81.62"
"L. Mares","Norway 1.","HamKam","CB, LCB, RCB","29","400000","","21","2066","1","0","Netherlands","right","187","10.37","5.97","73.72","2.31","62.26","0.91","6.61","0.52","0","0.07","0","0.22","40","20","0.44","30","0.48","63.64","1.74","42.5","0.39","0.3","0.13","46.79","89.48","20.13","81.82","5.23","50.83","0.01","0.04","0.04","0","0.09","7.71","75.14","1.22","39.29","0.35","8.8","78.71"
"E. Helland","Norway 1.","Brann","RCB, LCB, RB","20","0","","21","2057","0","0","Norway","right","196","7.44","4.77","71.56","5.21","63.03","0.57","6.35","0.26","0","0.02","0","0.31","14.29","0","0.04","0","0.26","66.67","2.23","49.02","0.66","2.93","0.18","66.46","91.31","20.61","79.41","4.55","53.85","0.01","0","0.18","25","0.04","9.93","85.02","0.48","27.27","0.22","9.54","73.39"
"V. Erlien","Norway 1.","Tromsø","CF","27","1200000","2025-12-31","24","2054","9","3","Norway","right","183","4.16","3.68","53.57","2.59","22.03","0.18","2.33","2.06","0.31","0.42","0.09","2.23","41.18","17.647","0.7","31.25","1.97","44.44","5.87","35.82","3.2","1.58","0.35","19.76","73.17","5.35","53.28","0.7","31.25","0.13","0.04","0.22","20","0.44","1.84","64.29","1.49","55.88","1.36","2.37","59.26"
"Duarte Moreira","Norway 1.","Bryne","CF","24","0","","24","2043","6","4","Portugal","right","183","4.19","4.45","60.4","3.08","28.57","0.04","1.41","1.72","0.26","0.19","0","1.72","43.59","15.385","1.37","22.58","1.81","36.59","7.67","30.46","3.08","1.06","0.26","21.67","66.46","5.95","54.07","1.15","38.46","0.11","0","0.26","0","0.4","2.6","42.37","1.63","40.54","0.79","3.22","57.53"
"B. Ambina","Norway 1.","Vålerenga","DMF, RCMF","23","0","","22","2033","4","1","Cameroon","right","180","10.62","7.3","63.64","3.14","33.8","0.31","6.64","1.77","0.18","0.08","0","1.11","32","16","1.2","51.85","1.42","53.13","6.24","48.23","0.93","1.06","0.18","37.05","80.41","12.88","68.38","4.47","51.49","0.02","0","0.13","33.33","0.18","6.95","65.61","1.46","51.52","0.35","6.6","73.15"
"E. Haugan","Norway 1.","Molde","LCB, RCB","28","700000","2026-12-31","21","2029","0","0","Norway","right","180","9.27","5.9","65.41","3.5","51.9","0.53","7.07","0.62","0","0.06","0","0.44","10","0","0.04","0","0.71","81.25","2.57","51.72","0.53","1.91","0.04","66.67","91.95","21.42","81.37","5.41","50","0","0","0","0","0.04","9.4","82.55","0.4","0","0.04","8.21","72.97"
"C. Lange","Norway 1.","Vålerenga","LCMF","27","550000","2027-12-31","22","2004","1","1","Denmark","right","178","7.1","5.43","53.72","2.02","37.78","0.13","5.05","1.62","0.04","0.1","0","1.35","23.33","3.333","0.72","12.5","2.07","56.52","6.42","43.36","1.93","1.26","0.04","38.4","82.34","10.64","71.73","3.28","47.95","0.06","0","0.04","100","0.22","5.52","71.54","1.89","40.48","0.99","5.66","67.46"
"А. Ekeroth","Norway 1.","HamKam","LB, LWB","24","350000","2026-12-31","23","1999","1","3","Sweden","","0","7.97","7.29","61.11","1.4","41.94","0.18","3.67","3.96","0.05","0.03","0","0.68","26.67","6.667","4.01","43.82","3.24","62.5","7.61","55.03","1.26","1.62","0.23","25.89","68.35","8.42","52.94","3.38","37.33","0.15","0.09","0.05","0","0.68","2.61","51.72","3.38","48","0.5","6.44","59.44"
"F. Bjørkan","Norway 1.","Bodø / Glimt","LB","27","2300000","2029-07-31","22","1994","1","1","Norway","left","180","7.13","5.51","76.23","1.22","18.52","0.23","4.49","4.78","0.05","0.09","0","0.63","57.14","7.143","2.93","33.85","5.46","62.81","10.2","51.77","3.39","6.77","1.13","73.48","89.37","21.94","81.07","4.15","43.48","0.14","0","0","0","0.59","8.62","87.96","2.71","70","1.49","8.89","73.1"
"Vinícius Nogueira","Norway 1.","Vålerenga","LB","23","0","","21","1988","2","2","Brazil","left","180","6.65","5.25","60.34","1.95","34.88","0.32","3.8","2.9","0.09","0.06","0","0.72","37.5","12.5","3.35","36.49","2.44","55.56","5.84","45.74","1.31","2.13","0.14","37.12","76.1","14.31","63.61","4.98","48.18","0.15","0","0.05","100","0.5","4.89","65.74","3.35","43.24","0.81","7.56","60.48"
"H. Evjen","Norway 1.","Bodø / Glimt","RCMF, RW, RAMF","25","2000000","","23","1986","3","2","Norway","left","178","6.34","5.17","70.18","0.91","15","0.14","3.9","1.77","0.14","0.16","0","1.31","24.14","10.345","1.18","42.31","1.95","46.51","7.3","29.81","5.62","1.45","0.54","32.9","83.2","7.3","68.32","1.4","61.29","0.17","0.09","0.14","33.33","0.77","2.58","75.44","2.18","56.25","2.36","3.72","58.54"
"J. Hjertø-Dahl","Norway 1.","Tromsø","LCMF, RCMF","19","0","","24","1980","2","4","Norway","right","193","9","7.55","59.64","1.86","41.46","0.27","4.46","1.95","0.09","0.13","0","1.5","42.42","6.061","0.59","23.08","2.73","43.33","10.41","31","2.95","1.64","0.27","31.27","80.09","7.73","58.82","1.41","45.16","0.04","0.23","0.05","0","0.41","2.82","75.81","1.77","56.41","1.36","3.55","62.82"
"T. Sørås","Norway 1.","HamKam","DMF, RCMF","27","200000","2025-12-31","24","1979","1","0","Norway","right","190","7.59","6.69","53.06","2.64","56.9","0.27","4.1","0.64","0.05","0.02","0","0.32","14.29","14.286","0.41","22.22","0.55","75","2.46","53.7","0.59","0.86","0.14","41.11","84.73","12.23","71.38","2.68","42.37","0.04","0.05","0.18","50","0.14","5.09","67.86","1.23","51.85","0.68","5.09","67.86"
"P. Bråtveit","Norway 1.","Strømsgodset","GK","29","500000","2025-12-31","20","1962","0","0","Norway","right","188","1.19","0","0","0.46","100","0","1.3","0.05","0","0","0","0","0","0","0","0","0.05","100","0.14","100","0","0","0","26.61","82.07","13.76","68","11.47","60","0","0.05","0","0","0","3.81","44.58","0.18","0","0.05","7.39","75.16"
"P. Metcalfe","Norway 1.","Fredrikstad","LCMF","26","500000","","24","1959","1","0","Canada","right","183","5.7","4.73","58.25","2.39","46.15","0.28","3.4","1.1","0.05","0.07","0","0.78","23.53","5.882","1.38","40","0.83","44.44","3.54","41.56","1.24","0.64","0.18","29.63","80","9.05","61.42","2.62","42.11","0.12","0.05","0","0","0.09","3.91","63.53","2.11","65.22","0.78","4.55","68.69"
"F. Dahl","Norway 1.","Strømsgodset","LB, LCB, RCB","26","800000","","23","1951","2","2","Norway","left","185","9.46","6.41","65.47","2.63","49.12","0.65","5.51","1.25","0.09","0.03","0","0.46","30","20","0.78","41.18","1.01","72.73","3.92","43.53","0.46","2.08","0.28","46.45","89.77","16.56","82.45","3.64","64.56","0.03","0","0.09","50","0.09","5.17","83.93","0.83","66.67","0.32","9.32","74.26"
"M. Olsen","Norway 1.","Kristiansund","RCB","24","350000","2025-12-31","22","1944","1","0","Norway","left","190","8.43","4.54","61.22","3.06","56.06","0.46","6.19","0.28","0.05","0.01","0.05","0.14","33.33","33.333","0.23","40","0.19","75","0.97","71.43","0.32","0.51","0","58.94","89.47","18.52","77.5","7.55","57.67","0","0","0","0","0","10.09","72.02","0.83","55.56","0.32","8.98","73.71"
"A. Kiil Olsen","Norway 1.","Vålerenga","RCB","24","700000","2027-12-31","22","1935","1","0","Norway","right","183","7.67","3.72","75","3.44","52.7","0.79","5.73","0.56","0.05","0.08","0","0.56","50","8.333","0.23","20","0.28","83.33","1.35","68.97","0.79","0.6","0.19","50.74","86.8","17.21","71.62","6.7","42.36","0.01","0.05","0","0","0.09","6.93","61.74","1.35","34.48","0.37","7.95","63.16"
"J. Haahr","Norway 1.","Bryne","RCB, CB","23","200000","2026-12-31","21","1934","0","0","Denmark","","0","9.45","5.21","70.54","2.7","50","0.7","6.03","0.23","0","0.06","0","0.28","16.67","0","0.23","60","0.14","33.33","0.6","30.77","0.6","0.56","0","44.21","82.42","21.59","71.34","9.17","53.3","0.04","0","0","0","0.09","8.8","65.08","0.74","50","0.28","9.87","73.58"
"Z. Smajlović","Norway 1.","Sandefjord","RCB","21","0","","20","1931","1","0","Sweden","left","191","7.97","4.01","65.12","4.24","59.34","0.65","6.98","1.07","0.05","0.08","0.05","0.89","26.32","5.263","0.19","0","1.12","75","3.08","57.58","0.84","0.75","0.19","63.2","85.62","23.91","72.71","8.81","47.09","0.03","0.05","0","0","0.19","8.39","64.44","1.07","34.78","0.47","11.19","63.33"
"K. Lien","Norway 1.","HamKam","CF","24","250000","2027-06-30","24","1924","6","3","Norway","right","188","3.27","2.48","39.62","6.64","30.99","0.19","2.43","1.64","0.28","0.3","0.05","1.96","52.38","14.286","0.56","0","1.12","54.17","7.34","26.11","3.6","0.51","0.09","14.31","69.61","2.1","57.78","0.61","53.85","0.09","0.09","0","0","0.33","0.94","50","0.47","70","0.65","1.17","28"
"S. Molde","Norway 1.","Fredrikstad","LB, LWB","28","400000","2025-12-31","23","1918","2","0","Norway","left","183","5.11","3.89","62.65","3.33","45.07","0.28","3.03","0.75","0.09","0.13","0","0.84","33.33","11.111","1.5","21.88","0.33","42.86","1.22","34.62","2.3","0.66","0","29.37","73.16","11.45","62.3","2.77","33.9","0.06","0","0.05","0","0.28","3.99","54.12","1.69","63.89","1.13","6.66","68.31"
"J. Husebø","Norway 1.","Tromsø","LCB","26","75000","2027-12-31","22","1910","0","0","Norway","","0","9","4.43","69.15","4.95","70.48","0.66","6.33","0.19","0","0.03","0","0.24","20","0","0.05","0","0.28","50","1.41","33.33","0.71","0.19","0","37.88","84.7","17.06","73.76","6.46","52.55","0.01","0","0","0","0.05","5.47","63.79","0.52","27.27","0.33","7.21","67.32"
"A. Scriven","Norway 1.","Bryne","RW, LW","27","200000","2026-12-31","23","1894","3","3","Kenya","right","190","10.17","8.55","55.56","10.17","41.59","0.14","5.91","2.99","0.14","0.23","0","1.71","41.67","8.333","1.38","44.83","3.33","48.57","14.54","36.27","2.8","0.9","0.38","30.03","75.32","7.7","61.11","1.38","41.38","0.11","0.05","0.1","50","0.52","2.14","53.33","2.04","58.14","0.86","4.13","59.77"
"E. Wichne","Norway 1.","Sarpsborg 08","RB","28","400000","","23","1894","0","2","Norway","right","181","9.65","8.6","60.77","1.19","36","0.19","4.05","2.99","0","0.05","0","0.67","21.43","0","4.28","44.44","1.24","65.38","4.7","52.53","1.28","2.71","0.43","44.86","82.31","14.92","75.48","5.04","66.04","0.17","0","0.14","100","1","5.56","78.63","4.56","59.38","1.33","9.03","76.32"
"S. Christiansen","Norway 1.","Sarpsborg 08","LB, LDMF, RDMF","24","350000","2026-12-31","22","1893","1","0","Norway","right","185","8.46","6.04","61.42","2.19","39.13","0.19","5.35","0.81","0.05","0.05","0","0.95","20","5","0.9","31.58","0.67","50","4.23","43.82","0.76","1.09","0.1","43.55","87.01","13.69","76.74","2.38","62","0.04","0","0","0","0.14","4.75","81","1.19","40","0.33","5.23","67.27"
"E. Patoulidis","Norway 1.","Sandefjord","RW, RAMF","24","0","","22","1889","4","5","Belgium","left","176","5","5.48","46.09","1.38","20.69","0","2.96","4.86","0.19","0.1","0","1.86","38.46","10.256","3.53","44.59","4.72","54.55","9.72","40.69","3","2.72","0.29","28.4","81.54","4.1","74.42","2.24","70.21","0.16","0","0","0","0.52","1.38","79.31","3.24","54.41","0.76","4.05","75.29"
"J. Taaje","Norway 1.","Strømsgodset","RCB","27","600000","2027-12-31","21","1887","3","0","Norway","right","192","9.35","4.67","66.33","5.29","67.57","0.86","6.41","0.33","0.14","0.09","0","0.62","38.46","23.077","0.05","100","0","0","0.67","21.43","0.76","0.48","0","48.41","90.25","15.88","81.68","6.1","64.84","0","0","0.05","100","0","6.15","76.74","0.48","50","0.24","8.2","69.19"
"E. Ceide","Norway 1.","Rosenborg","LWF, CF","24","2000000","2026-06-30","22","1883","3","5","Norway","right","175","3.25","3.49","67.12","1.67","17.14","0.14","1.17","7.7","0.14","0.16","0","1.91","42.5","7.5","4.16","34.48","7.79","67.48","16.39","49.27","6.36","4.64","0.33","29.3","74.88","5.64","59.32","1.19","60","0.31","0.14","0.29","66.67","0.91","1.72","66.67","5.35","57.14","2.68","4.78","86"
"J. Hauge","Norway 1.","Bodø / Glimt","LWF, CF, LW","25","2500000","","22","1883","6","2","Norway","right","184","3.63","4.01","69.05","0.43","66.67","0.05","1.32","5.11","0.29","0.33","0","2.1","25","13.636","3.58","33.33","6.74","46.81","11.95","41.6","7.07","4.54","0.33","62.8","82.27","14","74.06","2.2","50","0.19","0.1","0.38","62.5","0.81","4.4","75","8.99","70.74","6.02","10.23","90.65"
"M. Ceide","Norway 1.","Rosenborg","RCB","24","500000","2026-12-31","20","1863","0","0","Norway","right","189","7.34","4.88","74.26","2.8","50","0.24","4.7","0.29","0","0","0","0","0","0","0.34","57.14","0.1","50","2.03","42.86","0.14","1.21","0","59.57","92.7","16.43","83.82","3.53","54.79","0","0","0.1","50","0","8.16","88.76","0.58","50","0.14","7.58","71.97"
"H. Heggheim","Norway 1.","Viking","RB","24","1000000","2028-12-31","23","1855","2","3","Norway","right","189","9.41","7.37","62.5","4.51","51.61","0.58","5.99","1.46","0.1","0.14","0","1.16","33.33","8.333","2.23","30.43","0.78","50","2.86","42.37","2.81","1.21","0.19","34.84","76.46","12.23","67.86","3.69","36.84","0.08","0","0","0","0.29","3.88","57.5","2.47","43.14","0.44","6.7","69.57"
"C. Cheng","Norway 1.","Sandefjord","LB","23","0","","21","1850","5","3","Norway","left","172","7.64","5.98","56.91","1.22","16","0.1","5.19","2.77","0.24","0.11","0","1.46","26.67","16.667","1.46","40","2.87","62.71","9.88","39.9","1.75","2.82","0.54","37.65","86.18","10.95","77.78","3.26","55.22","0.11","0.05","0","0","0.44","3.75","74.03","1.75","55.56","0.78","5.84","68.33"
"D. Tufekcic","Norway 1.","Kristiansund","RW, RWF","21","0","","23","1846","4","0","Norway","left","0","4.14","4.53","53.76","2.83","31.03","0.05","1.71","2.97","0.1","0.21","0","1.32","29.63","14.815","2","21.95","3.56","58.9","9.31","41.88","2.58","2.58","0.68","23.5","78.42","5.46","74.11","1.02","71.43","0.06","0.1","0.05","100","0.29","2.1","69.77","2.44","48","1.22","3.85","69.62"
"S. Kilen","Norway 1.","Kristiansund","LW, LWF","20","0","","24","1827","5","0","Norway","","0","4.29","4.93","47","3.5","30.99","0.15","2.11","3.5","0.25","0.29","0","1.63","51.52","15.152","2.12","25.58","4.38","48.31","10.64","33.33","3.2","2.41","0.25","23.25","72.25","6.11","59.68","1.77","52.78","0.06","0.05","0","0","0.3","1.67","50","2.46","48","0.94","3.89","64.56"
"D. Eid","Norway 1.","Fredrikstad","RB, RWB","26","700000","2027-07-31","23","1822","0","0","Norway","right","183","7.95","6.13","50.81","3.66","58.11","0.74","5.27","2.32","0","0.1","0","0.69","42.86","0","4.45","31.11","0.84","64.71","2.52","41.18","1.73","0.79","0.25","29.24","63.01","11.81","51.05","5.19","40","0.22","0.05","0.15","66.67","0.59","4.84","52.04","5.04","44.12","1.14","8.35","71.01"
"P. Berg","Norway 1.","Bodø / Glimt","DMF, RCMF, LCMF","27","4500000","","21","1811","3","8","Norway","right","177","8.6","7.16","68.06","0.6","50","0.25","5.51","2.04","0.15","0.16","0","2.24","20","6.667","2.78","37.5","0.84","52.94","2.19","38.64","2.39","1.14","0.2","58.79","85.38","16.5","73.8","5.22","53.33","0.27","0.25","0.2","50","0.5","7.36","80.41","4.97","57","2.29","7.21","78.62"
"A. Aleesami","Norway 1.","KFUM","RCB","29","150000","","22","1793","1","1","Norway","right","185","9.84","6.27","72.8","3.26","43.08","0.2","5.9","0.7","0.05","0.03","0","0.15","33.33","33.333","1.15","43.48","0.35","42.86","2.76","45.45","0.5","1.1","0","54.81","86.72","18.77","74.33","3.56","46.48","0.02","0","0","0","0.2","5.07","76.24","1.56","48.39","0.35","7.68","59.48"
"S. Sigurdarson","Norway 1.","Sandefjord","CF","24","0","","20","1793","12","1","Iceland","right","191","2.76","1.56","51.61","6.53","52.31","0.35","2.52","1.36","0.6","0.33","0.3","1.86","59.46","32.432","0.05","0","0.6","41.67","6.17","30.08","2.51","0.3","0.05","9.89","70.05","1.1","22.73","0.25","80","0.02","0","0","0","0.15","0.45","22.22","0.05","100","0.3","0.8","25"
"S. Sandal","Norway 1.","KFUM","LCMF, RCMF","22","0","","20","1792","2","2","Norway","right","193","7.94","6.53","60.77","2.96","50.85","0.4","4.35","1","0.05","0.08","0","0.8","25","12.5","0.35","71.43","1.05","47.62","4.02","45","0.7","1.91","0.05","51.23","87.35","13.36","71.8","4.32","62.79","0.06","0.05","0.05","100","0.25","8.19","76.69","1.61","53.13","0.7","7.13","71.13"
"O. Bjørtuft","Norway 1.","Bodø / Glimt","RCB, LCB","26","0","","21","1788","4","1","Norway","right","188","5.39","3.22","71.88","4.63","56.52","0.2","4.75","0.91","0.2","0.22","0.05","0.6","66.67","33.333","0.5","40","0.3","66.67","1.46","48.28","0.76","3.88","0","90.35","94.65","28.89","89.2","4.88","61.86","0.08","0.05","0.1","100","0.3","14.9","90.88","1.86","51.35","0.81","10.22","85.71"
"M. Fischer","Norway 1.","Haugesund","RCB, CB, LCB","21","400000","2028-06-30","19","1786","0","0","Denmark","right","184","9.68","3.48","63.77","2.62","61.54","1.21","8.31","0.4","0","0.04","0","0.2","100","0","0.35","28.57","0.1","50","0.96","47.37","0.5","0.5","0.05","47.27","85.39","19.96","75","7.56","53.33","0","0","0.05","100","0","6.65","67.42","1.21","37.5","0.15","9.17","68.13"
"J. Hjorth","Norway 1.","KFUM","LB, LWB","24","0","","21","1781","2","4","Norway","left","177","6.42","5.81","63.48","1.21","45.83","0.1","3.01","2.83","0.1","0.07","0","0.66","23.08","15.385","5.26","32.69","1.57","61.29","3.69","36.99","1.92","1.11","0.2","32.34","72.03","8.49","62.5","4.04","48.75","0.19","0","0.05","0","0.56","2.63","65.38","4.4","40.23","0.61","6.67","64.39"
"D. Hickson","Norway 1.","KFUM","RW, LB, RWF","28","250000","2026-12-31","22","1781","5","1","Norway","left","180","5.05","4.6","63.74","1.62","40.63","0.05","2.22","3.13","0.25","0.13","0","1.16","47.83","21.739","2.22","36.36","3.03","56.67","8.44","41.92","3.18","3.34","0.25","22.99","73.19","5.51","56.88","0.86","41.18","0.06","0.05","0.15","33.33","0.25","1.67","48.48","1.97","43.59","0.61","3.18","57.14"
"F. Vilaseca","Norway 1.","Strømsgodset","LCMF, AMF","18","0","","23","1779","1","2","Norway","right","172","6.53","5.92","58.97","1.37","40.74","0.25","2.52","1.47","0.05","0.14","0.05","1.01","35","5","0.91","44.44","1.11","59.09","6.68","34.85","2.58","1.37","0.35","29.44","84.36","6.27","69.35","1.01","60","0.09","0","0.2","25","0.35","2.58","72.55","0.91","55.56","0.71","2.73","59.26"
"M. Rakneberg","Norway 1.","Kristiansund","LB","23","450000","2025-12-31","21","1774","0","0","Norway","left","187","5.63","4.31","62.35","1.17","30.43","0.25","3.26","2.84","0","0.01","0","0.51","20","0","3.45","35.29","2.08","70.73","5.17","58.82","1.83","2.69","0.91","48.75","79.08","20.34","72.32","6.04","50.42","0.13","0","0.05","100","0.46","7.71","69.08","3.6","53.52","1.22","10.65","72.86"
"K. Høgh","Norway 1.","Bodø / Glimt","CF, AMF","24","0","","22","1762","16","5","Denmark","right","186","1.94","1.69","60.61","3.98","55.13","0.05","1.43","1.79","0.66","0.78","0.26","3.32","44.62","24.615","0.26","40","0.56","36.36","6.23","22.13","6.23","0.36","0.05","13.18","81.4","2.09","70.73","0.31","66.67","0.09","0.1","0","0","0.46","0.77","80","0.46","88.89","1.38","1.28","48"
"O. Øhlenschlæger","Norway 1.","Fredrikstad","RCMF, CF, RWF","21","0","","22","1752","5","2","Denmark","","0","10.07","10.27","61","4.88","36.84","0.31","4.2","2.67","0.26","0.24","0","1.28","40","20","2.57","36","2.31","53.33","8.73","42.35","3.13","0.87","0.21","21.32","71.81","5.55","57.41","1.08","28.57","0.09","0","0","0","0.36","2.05","52.5","2.05","42.5","0.62","2.93","64.91"
"L. Sødal","Norway 1.","Bryne","RCMF","23","0","","19","1747","0","0","Norway","right","0","9.63","8.35","62.35","3.14","44.26","0.1","4.71","1.03","0","0.09","0","0.98","5.26","0","0.62","41.67","0.77","86.67","4.28","49.4","1.13","0.36","0","38.07","84.44","10.97","70.89","3.04","47.46","0.03","0.1","0.1","50","0.26","4.95","71.88","0.93","66.67","0.62","5","68.04"
"F. Berglie","Norway 1.","KFUM","CB","28","300000","2027-12-31","20","1747","0","0","Norway","right","184","7.32","2.83","65.45","3.86","49.33","0.26","6.2","0.21","0","0.01","0","0.05","0","0","0.21","50","0.1","100","1.03","65","0.31","0.98","0","58.37","91.7","15.82","81.11","2.94","56.14","0","0.05","0","0","0","5.46","82.08","0.36","42.86","0.1","6.65","62.02"
"D. Edvardsson","Norway 1.","Tromsø","RCMF","23","375000","2025-12-31","22","1745","2","2","Sweden","right","174","7.27","8.15","53.8","0.88","29.41","0.21","2.83","1.75","0.1","0.07","0","1.08","33.33","9.524","0.83","50","1.13","72.73","4.59","46.07","0.52","0.72","0.1","46.88","83.72","12.38","67.92","2.79","51.85","0.13","0.1","0.26","60","0.36","6.29","72.95","2.37","54.35","0.77","5.72","73.87"
"R. Alte","Norway 1.","Viking","LCMF, LW","25","600000","2027-12-31","22","1741","3","4","Norway","right","177","4.81","4.24","56.1","0.88","11.76","0.16","2.61","3.31","0.16","0.14","0","1.81","34.29","8.571","2.38","26.09","3.52","58.82","8.63","47.9","3.15","3.15","0.57","27.09","75","8.22","63.52","2.89","44.64","0.19","0","0","0","0.52","3.57","56.52","2.48","41.67","0.78","3.93","73.68"
"T. Nemčík","Norway 1.","Rosenborg","LCB","24","600000","2028-12-31","18","1737","1","0","Slovakia","left","189","7.41","4.56","62.5","2.8","50","0.52","6","0.21","0.05","0.02","0","0.05","100","100","0.05","0","0.36","42.86","2.49","52.08","0.41","1.5","0.16","70.31","92.34","24.72","86.58","5.39","60.58","0.01","0.05","0.1","0","0.05","11.35","85.84","0.93","38.89","0.52","11.19","79.63"
"G. Granath","Norway 1.","HamKam","RCB","28","500000","","21","1721","0","1","Sweden","right","191","7.74","5.6","59.81","5.12","57.14","0.58","4.55","0.63","0","0.05","0","0.37","42.86","0","0.42","25","0.68","53.85","2.14","39.02","0.68","0.68","0.16","39.59","81.37","15.27","65.75","5.65","34.26","0","0","0.1","0","0","5.86","58.04","1.05","30","0.21","6.69","60.94"
"A. Kryger","Norway 1.","Kristiansund","RB, RCB","27","150000","2026-12-31","20","1714","2","1","Norway","right","184","9.14","6.09","66.38","2.68","50.98","0.58","5.06","1.68","0","0.11","0","0.58","36.36","18.182","2.78","45.28","0.32","66.67","1.89","47.22","0.63","0.32","0","46.37","77.58","21.27","67.65","8.77","53.89","0.16","0","0","0","0.32","9.14","64.37","2.89","49.09","0.42","11.97","76.32"
"P. Christiansen","Norway 1.","Viking","CF","25","800000","2027-12-31","23","1713","10","2","Denmark","right","175","3.36","3.99","47.37","3.2","16.39","0.05","1.66","2.31","0.53","0.47","0.05","2.26","55.81","23.256","0.79","13.33","1.52","58.62","5.57","31.13","5.04","0.63","0.21","11.45","65.14","1.63","51.61","0.26","20","0.05","0.05","0.05","100","0.32","0.47","44.44","0.79","60","0.74","1.26","41.67"
"J. Dunsby","Norway 1.","Sandefjord","LW, LAMF","25","350000","2025-12-31","21","1713","4","3","Norway","right","174","5.57","5.25","57","2.36","51.11","0.11","2.96","4.94","0.21","0.23","0","2","28.95","10.526","2.73","48.08","5.41","56.31","12.98","45.75","3.94","2.84","0.32","25.9","79.92","3.63","59.42","2.26","55.81","0.13","0.11","0","0","0.89","1.42","48.15","3.15","60","1.52","3.36","79.69"
"J. Fischer","Norway 1.","Fredrikstad","GK","23","1700000","2028-12-31","17","1704","0","0","Denmark","left","197","0.95","0.05","100","0.37","100","0.05","1.01","0","0","0","0","0","0","0","0","0","0","0","0.11","100","0","0","0.05","17.32","79.88","11.14","69.67","8.66","60.98","0","0","0","0","0","4.65","54.55","0.42","0","0.05","6.07","84.35"
"E. Gudmundsson","Norway 1.","Brann","RCMF","21","0","2028-12-31","22","1681","3","5","Iceland","right","175","6.64","6.48","61.16","1.12","33.33","0.16","4.34","2.52","0.16","0.13","0","1.5","28.57","10.714","1.45","22.22","2.78","61.54","7.5","48.57","3.37","1.71","0.16","36.78","77.15","9.16","56.14","2.09","43.59","0.12","0.16","0.27","20","0.59","3.96","68.92","2.73","43.14","1.39","4.02","70.67"
"D. Islamović","Norway 1.","Rosenborg","CF","31","400000","","20","1681","11","1","Sweden","left","190","3.96","2.84","56.6","6.85","35.16","0.37","3.02","1.28","0.37","0.64","0.05","2.3","48.84","25.581","0.21","25","0.27","40","4.87","39.56","3.32","0.11","0","12.8","77.82","3","58.93","0.64","58.33","0.06","0","0.05","0","0.05","0.8","46.67","0.54","90","0.75","1.23","30.43"
"Z. Tripić","Norway 1.","Viking","RW, LW, RWF","32","800000","2026-12-31","20","1667","10","8","Croatia","right","182","4.43","3.35","56.45","1.57","44.83","0.27","2.92","6.21","0.11","0.42","0.05","2.32","41.86","23.256","8.31","35.71","4.16","48.05","7.29","48.89","2.59","2.86","0.49","45.94","68.74","13.12","64.61","6.05","53.57","0.48","0.32","0.43","62.5","0.92","5.83","59.26","10.15","57.45","3.13","12.74","84.75"
"K. Haugen","Norway 1.","Viking","LB","31","900000","2025-12-31","19","1665","0","3","Norway","left","188","8.76","5.89","75.23","3.73","47.83","0.11","5.4","2.27","0","0.08","0","0.7","0","0","3.46","43.75","1.03","73.68","2.76","41.18","2","1.03","0.16","46.16","77.05","17.84","65.76","6.76","48.8","0.17","0","0","0","0.54","6.7","62.9","3.84","47.89","0.92","10.54","70.26"
"L. Vilsvik","Norway 1.","Strømsgodset","RB","36","150000","2025-12-31","22","1662","2","2","Germany","right","183","7.53","6.71","54.84","1.68","58.06","0.11","3.99","1.79","0.11","0.04","0","0.43","50","25","4.33","32.5","0.22","75","1.3","41.67","1.62","2.33","0.16","44.89","79.13","14.62","72.22","4.01","50","0.15","0.05","0","0","0.6","5.25","67.01","4.17","45.45","1.03","9.21","72.94"
"F. Pedersen","Norway 1.","Sandefjord","RB","22","450000","2026-12-31","19","1661","1","2","Norway","right","171","8.07","6.56","61.98","2.49","30.43","0.27","5.08","0.81","0.05","0.08","0","0.43","50","12.5","0.81","26.67","0.38","71.43","2.44","42.22","1.14","1.03","0.22","39.99","86.18","13.71","80.63","2.06","65.79","0.07","0.05","0.16","66.67","0.33","3.68","85.29","1.03","63.16","0.7","6.34","62.39"
"A. Roaldsøy","Norway 1.","Molde","LCMF, DMF","21","700000","2027-12-31","22","1640","4","1","Norway","right","191","5.98","5.16","51.06","3.57","46.15","0.27","3.41","0.88","0.22","0.07","0","1.04","26.32","21.053","0.44","25","0.82","46.67","5.76","31.43","1.04","0.27","0","36.82","90.01","10.1","77.72","1.48","59.26","0.05","0","0.16","66.67","0.22","4.23","79.22","1.43","57.69","0.77","3.62","78.79"
"I. Hoffmann","Norway 1.","Kristiansund","RB","24","300000","2027-06-30","19","1635","0","0","United States","right","175","6.88","4.95","57.78","1.87","38.24","0.39","3.95","2.37","0","0.01","0","0.33","16.67","0","3.14","43.86","1.6","55.17","3.69","50.75","0.61","1.82","0.28","43.93","83.46","14.59","73.21","6.11","54.05","0.08","0","0.06","100","0.44","5.17","69.15","3.96","54.17","0.88","8.26","68"
"J. Soltvedt","Norway 1.","Brann","LB","30","750000","","20","1627","2","7","Norway","left","187","6.91","5.03","60.44","1.44","42.31","0.17","6.33","2.82","0.11","0.07","0","1.05","42.11","10.526","4.48","38.27","0.89","62.5","2.43","52.27","1.99","2.1","0.11","57.53","77.12","21.68","65.56","9.02","38.65","0.28","0.11","0.17","66.67","0.61","9.13","56.97","5.53","52","1.66","12.11","75.8"
"P. Bizoza","Norway 1.","Haugesund","LCMF, LCB, RDMF","26","200000","2027-12-31","23","1624","0","1","Norway","right","186","6.82","6.76","54.1","3.1","41.07","0.17","3.38","0.78","0","0.02","0","0.55","40","0","0.11","50","0.72","69.23","5.65","40.2","0.55","0.89","0.22","34.97","86.85","12.14","79.45","1.83","63.64","0.01","0.06","0.11","0","0.06","4.54","78.05","0.83","60","0.5","4.77","63.95"
"M. Mawa","Norway 1.","HamKam","CF, LW","29","300000","","23","1620","3","0","Norway","right","185","2.72","2.94","58.49","1.28","4.35","0","1.12","1.61","0.17","0.27","0","2.28","29.27","7.317","0.39","28.57","1.78","46.88","6.89","33.87","3.17","1.22","0.22","10","71.11","2.22","60","0.17","100","0.03","0","0","0","0.06","0.72","30.77","0.89","56.25","0.94","1","72.22"
"U. Saltnes","Norway 1.","Bodø / Glimt","LCMF, LAMF","32","750000","2026-12-31","19","1619","7","4","Norway","right","187","5.73","4.5","61.73","1.56","46.43","0.39","4.56","1.72","0.39","0.27","0.11","1.95","45.71","20","0.78","21.43","1.28","47.83","5.78","24.04","5.56","0.95","0.28","26.96","78.97","7.78","65.71","1.17","57.14","0.17","0","0.06","100","0.56","1.72","74.19","2","55.56","1.83","2.78","66"
"A. Pereira","Norway 1.","Rosenborg","LB, RB","26","650000","","20","1615","0","1","Norway","left","186","7.41","5.68","63.73","1.28","39.13","0.28","4.71","3.4","0","0.07","0","1.45","19.23","0","2.84","35.29","4.63","43.37","8.75","41.4","2.9","2.9","0.11","50.66","79.54","17.33","69.77","5.96","48.6","0.1","0.11","0.17","66.67","0.28","6.74","70.25","3.51","49.21","1.17","10.64","70.16"
"N. Ødegård","Norway 1.","Kristiansund","RCMF, LCMF","21","750000","2025-12-31","23","1612","0","2","Norway","right","189","8.93","5.86","61.9","2.96","45.28","0.33","4.76","0.78","0","0.09","0","0.89","25","0","0.45","25","0.78","50","3.68","39.39","1.56","0.73","0.28","24.12","73.15","8.21","59.86","2.4","39.53","0.03","0.11","0.06","100","0.17","3.68","59.09","1.4","48","0.45","4.08","58.9"
"F. Tebo","Norway 1.","Sarpsborg 08","LCB","25","500000","2027-12-31","16","1599","1","0","Nigeria","right","191","8.61","3.88","71.01","4.33","68.83","0.62","6.9","0.39","0.06","0.06","0","0.39","57.14","14.286","0.11","0","0.17","100","1.69","60","0.73","1.18","0.11","56.12","90.17","23.41","83.65","5.29","57.45","0","0","0.11","0","0","11.54","81.46","0.79","64.29","0.51","8.39","77.85"
"H. Skogvold","Norway 1.","Fredrikstad","CF, LW","21","750000","2028-06-30","24","1597","2","0","Norway","both","176","3.27","3.44","67.21","2.25","22.5","0","1.16","2.93","0.11","0.32","0","1.41","52","8","1.86","24.24","3.38","51.67","8.62","37.25","4.45","1.41","0.62","14.31","64.17","2.42","65.12","0.17","100","0.06","0.06","0","0","0.23","0.62","63.64","1.92","35.29","1.35","1.69","53.33"
"M. Wolff Eikrem","Norway 1.","Molde","CF","35","550000","2025-12-31","22","1591","3","4","Norway","right","173","3","1.98","77.14","0.79","42.86","0.17","1.78","2.43","0.17","0.2","0","2.04","33.33","8.333","3.39","35","1.13","45","2.94","40.38","4.92","0.79","0.28","45.48","78.73","13.69","71.07","4.98","56.82","0.31","0","0.17","33.33","0.79","6.96","72.36","5.26","60.22","3.05","7.3","89.92"
"H. Bjørdal","Norway 1.","Vålerenga","RCMF","28","700000","2026-12-31","18","1571","3","5","Norway","right","188","6.42","4.98","58.62","3.55","46.77","0.23","4","3.38","0.17","0.11","0.06","1.15","25","15","4.18","43.84","1.49","73.08","7.16","42.4","4.01","1.6","0.34","35.35","72.45","11.51","63.68","3.49","49.18","0.2","0","0.34","50","1.2","5.16","67.78","3.49","44.26","0.97","7.33","64.06"
"S. Mørk","Norway 1.","Sandefjord","LCMF, LDMF, AMF","24","250000","2025-12-31","18","1558","2","2","Norway","right","185","6.07","4.97","50","1.5","30.77","0.52","4.58","1.16","0.12","0.11","0","1.21","28.57","9.524","0.98","23.53","1.04","50","2.83","30.61","1.85","0.64","0.23","35.58","79.22","7.34","57.48","2.2","50","0.02","0.06","0.06","100","0.12","3.12","72.22","1.62","46.43","0.81","4.27","48.65"
"A. Sæther","Norway 1.","Kristiansund","GK","24","0","2025-12-31","16","1555","0","0","Norway","left","197","1.91","0.23","75","0.23","100","0","1.91","0","0","0","0","0","0","0","0","0","0","0","0.12","50","0","0","0","21.18","76.23","12.44","63.72","10.3","55.06","0","0","0","0","0.06","2.84","44.9","0.29","40","0.12","7.52","66.15"
"F. Sjølstad","Norway 1.","HamKam","CB","31","300000","2025-12-31","19","1525","0","0","Norway","right","187","7.26","3.78","54.69","3.01","56.86","0.83","5.64","0.12","0","0.02","0","0.24","25","0","0.18","33.33","0","0","0.47","0","0.41","0.83","0.24","54.94","90.55","21.07","80.39","5.55","50","0.02","0","0","0","0","8.09","74.45","1.12","42.11","0.53","7.2","78.69"
"S. Väänänen","Norway 1.","Rosenborg","DMF, RCMF","23","650000","2026-12-31","20","1522","1","0","Finland","right","176","9.64","7.92","64.93","1.77","40","0.12","5.06","0.47","0.06","0.02","0","0.35","33.33","16.667","0.41","14.29","0.53","44.44","3.02","35.29","0.59","0.47","0.06","36.25","87.44","9.11","73.38","2.01","50","0.03","0","0.06","100","0.06","3.84","80","1.12","47.37","0.47","3.84","61.54"
"M. Møller Dæhli","Norway 1.","Molde","DMF, LCMF, RDMF","30","1200000","2027-12-31","18","1517","0","2","Norway","right","177","9.31","7.36","66.94","1.54","34.62","0.06","5.72","1.42","0","0.02","0","0.36","16.67","0","1.25","52.38","0.89","73.33","3.5","50.85","0.95","2.08","0.3","63.12","90.41","16.32","76","4.51","59.21","0.08","0","0.18","33.33","0.3","8.9","84.67","2.91","63.27","1.54","7.89","73.68"
"A. Bærtelsen","Norway 1.","Viking","RCB","25","450000","2025-12-31","19","1509","2","1","Denmark","right","190","7.46","4.12","69.57","3.94","63.64","0.42","6.2","0.89","0.12","0.12","0.06","0.83","35.71","14.286","0.42","28.57","0.89","53.33","2.56","44.19","1.55","1.43","0","52.96","84.57","21.89","74.39","7.04","46.61","0.04","0.06","0.12","0","0.12","9.9","71.69","1.01","52.94","0.54","10.62","73.03"
"A. Sedi Kinteh","Norway 1.","Tromsø","LCB","18","0","","16","1509","0","1","Gambia","unknown","0","9.96","7.46","66.4","2.56","51.16","0.24","4.97","1.67","0","0.06","0","0.42","28.57","0","0.78","46.15","1.37","78.26","5.13","55.81","0.48","2.03","0.18","63.58","87.62","26.12","80.14","6.26","48.57","0.01","0.12","0.3","40","0.18","13.3","76.23","2.68","48.89","1.01","11.69","81.63"
"E. Austbø","Norway 1.","Viking","LW, LWF","20","0","2027-12-31","21","1506","5","3","Norway","right","172","3.88","3.53","62.71","0.6","50","0.06","1.6","7.47","0.3","0.22","0.06","2.45","39.02","12.195","4.12","43.48","8.01","58.96","11.95","52.5","4.48","4.48","0.48","35.38","80.07","6.27","70.48","1.49","68","0.21","0","0.18","0","0.84","2.63","68.18","4","59.7","1.67","4.6","85.71"
"G. Simenstad","Norway 1.","HamKam","RCMF, RB, RW","26","500000","2026-12-31","21","1501","3","1","Norway","right","180","7.26","7.2","49.17","1.68","35.71","0.3","3.43","2.7","0.18","0.13","0.06","1.74","41.38","10.345","2.94","36.73","1.86","45.16","4.38","39.73","1.56","1.2","0.18","26.14","71.79","7.38","52.03","3.96","50","0.1","0","0.18","33.33","0.3","2.88","60.42","3.42","40.35","0.66","5.28","61.36"
"A. Wichne","Norway 1.","Haugesund","GK","28","200000","2026-12-31","15","1500","0","0","Norway","right","182","1.62","0.18","33.33","0.54","100","0","1.77","0","0","0","0","0","0","0","0","0","0","0","0","0","0","0","0","26.64","82.21","16.44","72.26","12.18","64.04","0","0","0","0","0","3.9","44.62","0.36","0","0","7.74","75.97"
"E. Hadaya","Norway 1.","Sandefjord","GK","27","350000","2025-12-31","15","1492","0","0","Sweden","right","194","1.57","0.3","40","0.6","90","0","1.91","0","0","0","0","0","0","0","0","0","0","0","0","0","0","0","0","26","88.17","11.58","78.13","7","60.34","0","0","0","0","0","1.39","34.78","0.12","0","0","4.83","66.25"
"I. Fossum","Norway 1.","Rosenborg","LCMF, RCMF","29","650000","2026-06-30","17","1484","1","0","Norway","right","180","6.55","5.64","58.06","1.94","37.5","0.06","3.93","0.67","0.06","0.11","0.06","0.97","18.75","6.25","0.97","25","0.49","50","3.52","31.03","1.15","1.46","0.3","36.63","85.6","11.46","72.49","2.06","58.82","0.03","0","0.18","0","0.06","5.4","80.9","2.18","50","0.97","4.49","72.97"
"L. Qvigstad","Norway 1.","Bryne","LB, RB","22","0","","19","1483","2","0","Norway","right","188","10.32","8.98","60.14","2.12","42.86","0.12","5.45","1.34","0.12","0.02","0","0.55","22.22","22.222","1.76","34.48","1.21","50","3.64","38.33","0.79","1.27","0.12","33.2","77.51","12.02","65.15","4.37","45.83","0.04","0.06","0.06","0","0.24","4.79","59.49","2.18","50","0.42","6.8","61.61"
"M. Ubandoma","Norway 1.","Kristiansund","CF, LW","21","0","","23","1477","5","2","Nigeria","right","0","3.78","3.78","66.13","1.83","16.67","0.12","1.4","1.95","0.3","0.25","0","1.46","54.17","20.833","0.67","54.55","2.56","30.95","7.31","26.67","4.14","1.46","0.37","13.83","76.65","2.56","59.52","0.73","50","0.05","0","0.06","0","0.3","1.1","72.22","0.97","62.5","0.67","1.77","55.17"
"V. Halvorsen","Norway 1.","Sarpsborg 08","RCMF, RDMF, LDMF","21","0","","22","1464","1","0","Norway","right","185","7.81","5.96","60.82","1.72","42.86","0.55","5.09","0.98","0.06","0.09","0.06","0.8","23.08","7.692","1.23","30","0.92","46.67","4.12","34.33","3.01","0.92","0.18","40.82","86.3","9.84","76.25","2.52","46.34","0.11","0.06","0","0","0.61","4.3","84.29","2.09","61.76","1.23","4.73","63.64"
"O. Selnæs","Norway 1.","Rosenborg","DMF, LCMF","31","1000000","2027-12-31","18","1440","0","1","Norway","left","190","10","6.44","71.84","3.5","66.07","0.63","6.54","1.06","0","0.02","0","0.44","0","0","1.94","41.94","0.25","75","2.63","45.24","0.56","1.25","0.13","60.25","89","18.69","79.26","4.81","54.55","0.11","0.13","0.06","100","0.19","8.94","79.02","3.44","54.55","1.19","8.44","83.7"
"H. Hoseth","Norway 1.","KFUM","RB, RWB","26","300000","2026-12-31","17","1436","1","2","Norway","right","182","7.4","6.46","63.11","1.32","47.62","0.19","3.72","2.19","0.06","0.11","0","0.94","26.67","6.667","2.57","43.9","1.44","52.17","4.07","32.31","1.13","0.81","0.25","30.96","81.98","7.02","66.07","3.45","52.73","0.11","0.19","0.06","100","0.31","2.57","68.29","2.63","52.38","0.63","5.45","68.97"
"M. Linnes","Norway 1.","Molde","RB","34","600000","2025-12-31","18","1435","0","2","Norway","right","177","7.78","6.52","67.31","1.07","52.94","0.31","4.49","3.95","0","0.02","0","0.5","25","0","4.45","61.97","1.94","51.61","5.33","45.88","1.69","1.94","0.38","55.19","83.86","19.07","73.68","5.14","56.1","0.14","0.06","0.25","25","0.69","7.15","74.56","5.83","64.52","1.76","11.54","81.52"
"T. Pedersen","Norway 1.","Brann","RB, LCB","29","350000","2026-12-31","21","1433","0","1","Norway","right","182","8.42","7.1","56.64","2.7","41.86","0.38","7.13","1.57","0","0.02","0","0.25","25","0","1.26","45","1.32","71.43","4.9","46.15","0.94","3.52","0.06","66.2","88.71","23.99","80.37","4.02","46.88","0.03","0.13","0.06","0","0.19","10.43","81.93","2.14","52.94","1","10.17","76.54"
"E. Sørensen","Norway 1.","Vålerenga","LW, LWF","26","0","2027-06-30","22","1428","12","2","Denmark","right","189","5.11","4.29","58.82","2.9","52.17","0.13","3.19","3.15","0.69","0.36","0","2.27","50","33.333","2.39","36.84","2.39","44.74","6.87","33.94","4.22","1.58","0.38","25.02","72.54","5.55","59.09","1.95","48.39","0.07","0.13","0.19","33.33","0.44","2.33","70.27","2.52","52.5","0.69","3.53","67.86"
"K. Krasniqi","Norway 1.","Strømsgodset","LDMF, LCMF","24","600000","2026-12-31","20","1420","2","0","Norway","right","184","9.38","6.97","58.18","2.28","38.89","0.63","5.91","0.82","0.13","0.05","0","0.95","33.33","13.333","0.44","42.86","0.82","38.46","5.07","31.25","0.76","0.57","0.13","37.65","86.53","9.51","74.67","3.36","64.15","0.04","0.06","0","0","0.13","5.13","71.6","1.27","35","0.44","4.56","70.83"
"J. Hansen","Norway 1.","Viking","RCMF, LCMF","20","0","","20","1412","2","1","Norway","unknown","0","5.23","4.53","57.75","3.31","38.46","0.32","2.82","1.02","0.13","0.12","0","1.21","31.58","10.526","0.7","9.09","1.08","52.94","4.27","37.31","3.38","0.7","0.06","22.25","78.8","6.57","66.02","1.34","52.38","0.03","0","0","0","0.13","3.12","71.43","1.08","52.94","0.89","3.06","68.75"
"R. Norheim","Norway 1.","Tromsø","LB, LWB","20","2000000","2030-06-30","19","1412","2","3","Norway","right","184","5.86","4.78","57.33","2.36","40.54","0.06","3.65","4.72","0.13","0.13","0","1.47","34.78","8.696","3.25","37.25","5.16","58.02","7.97","47.2","3.44","2.93","0.32","37.54","80.31","7.46","59.83","3","59.57","0.19","0","0.13","0","0.83","2.49","64.1","4.4","55.07","2.1","7.01","74.55"
"S. Nilsen","Norway 1.","HamKam","RB, RWB","28","300000","2026-12-31","18","1408","1","2","Norway","right","183","6.71","6.26","53.06","6.07","51.58","0.13","3.33","1.92","0.06","0.08","0","0.51","50","12.5","3.45","37.04","0.77","50","2.75","34.88","1.79","0.51","0.13","32.15","76.74","9.27","67.59","2.88","46.67","0.15","0.13","0","0","0.38","3.64","57.89","3.64","49.12","0.58","7.35","75.65"
"M. Konradsen","Norway 1.","Haugesund","RCMF, CF","29","300000","2026-12-31","16","1405","0","0","Norway","right","176","5.19","3.97","61.29","1.79","46.43","0.06","2.88","0.83","0","0.04","0","0.51","25","0","1.09","52.94","0.19","0","2.05","18.75","1.47","0.83","0.19","33.89","83.55","7.56","65.25","2.88","46.67","0.07","0.06","0.26","50","0.45","3.33","67.31","1.6","60","0.77","3.84","60"
"S. Jarl","Norway 1.","Vålerenga","LCB, RCB","25","450000","2027-12-31","16","1401","0","0","Norway","right","188","7.71","5.65","78.41","2.44","44.74","0.58","4.01","0.64","0","0.02","0","0.19","33.33","0","0.51","50","0.32","100","1.99","64.52","0.39","1.03","0","47.86","89.26","16.19","81.35","6.87","62.62","0.01","0","0","0","0.06","7.39","80","0.96","53.33","0.06","7.13","76.58"
"H. Tangen","Norway 1.","Sarpsborg 08","LCMF, AMF","24","750000","2027-12-31","21","1394","2","2","Norway","right","177","5.04","4.45","57.97","2.07","28.13","0.39","2.95","2.39","0.13","0.25","0","1.36","23.81","9.524","0.65","40","1.87","79.31","7.3","53.98","3.62","1.03","0.13","33.77","82.98","8.46","74.05","1.1","47.06","0.11","0","0.52","62.5","0.52","3.03","76.6","1.87","68.97","1.23","4.13","71.88"
"E. Hestad","Norway 1.","Molde","RW, RAMF","30","500000","2027-12-31","21","1381","2","3","Norway","left","183","7.17","5.28","65.43","1.24","10.53","0.33","5.02","2.02","0.13","0.12","0","1.04","37.5","12.5","1.43","36.36","2.41","45.95","8.21","39.68","3.32","1.3","0","41.25","88.15","8.15","83.2","0.91","85.71","0.13","0","0","0","0.65","2.61","87.5","2.28","57.14","0.98","3.71","75.44"
"S. Ørjasæter","Norway 1.","Sarpsborg 08","LW, LAMF","21","0","","14","1360","2","2","Norway","right","180","4.76","4.04","60.66","0.93","7.14","0.13","2.58","6.49","0.13","0.21","0","2.51","39.47","5.263","2.98","31.11","6.82","62.14","15.42","47.64","4.7","5.49","0.99","40.76","81.49","8.74","74.24","2.45","67.57","0.32","0","0.53","62.5","1.26","1.99","90","5.1","58.44","2.85","5.56","76.19"
"L. Mettler","Norway 1.","Sandefjord","RCMF, RDMF","26","0","","21","1351","3","0","Switzerland","right","173","7.79","6.06","60.44","1.53","30.43","0.4","5.36","1.73","0.13","0.2","0","2.53","26.32","7.895","1.93","37.93","0.8","33.33","3.26","32.65","2.13","1.07","0.07","45.17","85.4","10.33","71.61","2.86","60.47","0.06","0","0.13","50","0.27","4.86","69.86","2.73","41.46","1.27","4.93","74.32"
"K. Klaesson","Norway 1.","Viking","GK","24","1800000","","14","1349","0","0","Norway","left","189","1.87","0","0","0.8","100","0","2.42","0","0","0","0","0","0","0","0","0","0","0","0.07","100","0","0","0","23.75","68.82","16.08","56.02","13.08","46.43","0","0","0","0","0","6.81","40.2","0.27","50","0.13","8.21","69.11"
"S. Svendsen","Norway 1.","Viking","RW, LCMF","28","600000","2025-12-31","22","1349","2","3","Norway","right","172","3.6","3","71.11","1.27","57.89","0","1.86","1.53","0.13","0.18","0","2.4","25","5.556","1.13","23.53","1.4","42.86","5.34","32.5","3","0.93","0.33","20.75","79.42","4.8","61.11","1.33","60","0.11","0.07","0.07","100","0.4","1.4","76.19","1.67","64","1.4","3","64.44"
"S. Sørløkk","Norway 1.","Fredrikstad","CF, LCMF","28","400000","2025-12-31","23","1345","5","2","Norway","right","187","4.01","2.48","62.16","7.83","35.04","0.33","2.91","1.74","0.33","0.35","0.07","2.07","54.84","16.129","0.4","0","1.27","47.37","5.89","35.23","3.81","0.6","0.27","12.91","66.84","3.75","51.79","0.67","50","0.1","0","0","0","0.33","1","53.33","0.6","44.44","0.87","2.07","38.71"
"H. Aleesami","Norway 1.","Bodø / Glimt","LCB","34","300000","","21","1331","2","1","Norway","left","183","6.69","4.67","66.67","3.65","72.22","0.61","5.14","0.54","0.14","0.1","0.14","0.54","50","25","0.34","20","0.54","37.5","2.57","39.47","0.74","3.25","0.14","91.35","92.6","26.37","83.59","5.88","64.37","0.06","0","0","0","0.14","17.78","89.73","1.15","41.18","0.54","10.89","77.64"
"H. Larsen","Norway 1.","Bryne","CF, RW, LW","23","0","","20","1315","2","1","Norway","right","187","6.57","6.5","57.89","6.09","40.45","0","2.75","1.71","0.14","0.29","0","1.3","57.89","10.526","1.3","31.58","1.03","46.67","6.02","25","2.53","0.68","0.14","23.68","74.28","5.89","56.98","0.62","33.33","0.06","0","0.07","100","0.48","1.64","41.67","1.71","44","0.48","2.12","61.29"
"E. Holten","Norway 1.","Fredrikstad","CF","29","150000","2028-12-31","18","1313","4","1","Denmark","right","195","3.63","3.36","63.27","8.77","30.47","0.14","1.83","1.51","0.14","0.33","0.07","1.85","37.04","14.815","0.62","44.44","1.44","38.1","6.72","34.69","3.84","0.34","0.07","14.87","63.59","3.77","45.45","1.3","42.11","0.04","0","0.14","0","0.41","2.33","44.12","1.37","50","0.55","1.71","80"
"R. Shein","Norway 1.","Fredrikstad","RCMF, LCMF","22","0","","23","1296","1","3","Estonia","both","185","8.54","8.4","60.33","2.01","51.72","0.07","4.42","2.08","0.07","0.08","0","1.25","50","5.556","1.25","22.22","2.22","53.13","8.61","33.87","1.6","2.64","0.56","48.19","83.14","14.37","69.08","3.33","41.67","0.11","0","0","0","0.35","6.39","71.74","3.61","48.08","1.67","6.04","72.41"
"N. Holm","Norway 1.","Brann","CF, RWF","24","600000","2027-12-31","21","1291","1","2","Norway","right","188","3.9","3.49","60","5.23","48","0.21","2.45","1.32","0.07","0.34","0","1.88","25.93","3.704","0.35","20","1.53","50","9.27","36.84","3.49","0.56","0.07","12.34","75.14","2.51","55.56","0.7","50","0.12","0","0","0","0.28","0.77","36.36","0.63","55.56","0.56","0.84","41.67"
"P. Strand","Norway 1.","Vålerenga","LW, RW, CF","31","400000","2025-12-31","22","1283","2","1","Norway","right","177","6.03","5.4","70.13","2.74","23.08","0.07","2.6","2.46","0.14","0.21","0","1.54","18.18","9.091","2.67","28.95","2.39","58.82","7.72","33.64","3.3","1.33","0.49","29.74","80.9","7.08","75.25","1.19","35.29","0.08","0","0.07","0","0.49","2.39","88.24","2.67","28.95","0.84","3.79","74.07"
"B. Bjarnason","Norway 1.","HamKam","LCB","25","300000","2025-12-31","13","1278","0","1","Iceland","right","194","9.23","5.28","76","5.63","61.25","0.92","5.27","0.56","0","0.09","0","0.99","21.43","0","0.07","0","0.35","80","1.34","47.37","1.69","0.21","0","34.23","80.45","15.56","66.06","5.42","55.84","0","0.07","0.07","100","0","5.77","69.51","0.63","22.22","0.14","7.32","64.42"
"A. Heggebø","Norway 1.","Brann","CF, AMF","24","900000","2028-12-31","13","1274","7","1","Norway","left","185","4.95","4.17","59.32","6","43.53","0.07","4.11","2.4","0.35","0.54","0.14","2.4","50","20.588","0.28","0","2.05","51.72","12.5","28.25","4.38","1.41","0.07","15.61","76.92","4.73","71.64","0.42","66.67","0.03","0.07","0.14","100","0.07","1.7","91.67","1.13","75","1.41","1.98","67.86"
"R. Corlu","Norway 1.","Kristiansund","RCMF, RW","28","300000","","21","1268","2","0","Denmark","left","171","5.18","4.4","54.84","0.57","37.5","0","3.18","1.7","0.14","0.06","0","1.49","14.29","9.524","1.14","18.75","2.48","45.71","9.23","33.85","0.78","1.85","0.43","36.06","79.13","10.29","62.76","3.55","52","0.03","0","0.35","40","0.07","5.68","56.25","2.7","36.84","0.78","4.54","73.44"
"S. Kabini","Norway 1.","Molde","LB","21","0","","14","1268","0","1","South Africa","","0","11.64","9.23","75.38","3.41","45.83","0.5","6.43","2.13","0","0.08","0","0.71","40","0","3.05","30.23","1.7","54.17","5.61","37.97","2.48","2.27","0.28","40.88","85.42","13.2","81.18","1.92","51.85","0.04","0","0.07","0","0.43","3.97","78.57","2.41","41.18","0.35","5.89","74.7"
"H. Sjåtil","Norway 1.","Vålerenga","RB","22","0","2028-12-31","20","1247","0","0","Norway","right","179","9.53","10.1","60","1.15","12.5","0.29","3.87","2.02","0","0.01","0","0.22","33.33","0","2.38","42.42","1.8","52","3.83","41.51","0.87","2.02","0.07","36.16","79.64","14.51","68.16","4.33","43.33","0.03","0.14","0","0","0.22","4.62","70.31","2.31","46.88","0.22","7.29","60.4"
"A. Sher","Norway 1.","Sarpsborg 08","DMF, LDMF, LCMF","22","750000","2026-12-31","13","1229","0","0","Sweden","right","175","8.71","5.05","65.22","1.32","50","0.29","6.1","1.03","0","0.08","0","0.73","10","0","0.51","14.29","0.95","76.92","4.98","45.59","0.59","0.59","0.15","52.14","90.45","13.99","78.53","4.39","61.67","0.03","0","0.37","40","0.07","9.59","83.97","1.39","42.11","0.59","5.27","73.61"
"S. Bojadzic","Norway 1.","Bryne","CF","26","350000","2026-12-31","19","1224","6","1","Norway","both","181","4.78","4.12","60.71","7.5","26.47","0.15","2.49","2.21","0.37","0.4","0","1.91","57.69","23.077","0.74","30","1.91","46.15","12.94","28.41","2.79","0.66","0.07","22.13","71.43","5.22","50.7","0.59","62.5","0.05","0.07","0.07","0","0.15","1.76","58.33","1.47","40","0.88","2.06","64.29"
"Bruno Leite","Norway 1.","Haugesund","DMF, RCMF, LDMF","30","300000","2025-12-31","18","1217","0","0","Portugal","right","184","10.8","8.87","69.17","1.7","43.48","0.81","4.39","1.63","0","0.06","0","1.26","17.65","0","0.22","66.67","2.14","51.72","8.43","40.35","0.67","1.11","0.07","38.6","84.29","13.46","76.37","2.37","37.5","0.01","0","0.37","40","0.15","6.14","67.47","1.55","47.62","0.52","5.32","70.83"
"U. Yttergård Jenssen","Norway 1.","Rosenborg","LB, LCB","29","500000","2026-12-31","19","1212","2","2","Norway","left","187","6.68","5.12","60.87","2.15","34.48","0.22","4.76","0.97","0.15","0.07","0.07","0.59","62.5","25","1.78","25","0.37","40","2.23","33.33","2.9","1.86","0.07","59.48","83.02","22.87","71.43","6.98","41.49","0.12","0","0.15","0","0.45","10.4","68.57","2.45","36.36","0.97","13.14","71.19"
"J. Sery Larsen","Norway 1.","Brann","LCB","25","2000000","2026-12-31","15","1196","1","0","Denmark","right","185","6.7","4.59","65.57","3.84","54.9","0.6","6","0.53","0.08","0.04","0.08","0.53","28.57","14.286","0.08","0","0.3","100","1.66","72.73","1.05","3.16","0.08","54.41","91.56","17.53","79.4","3.09","34.15","0.01","0","0.15","50","0.08","8.58","82.46","0.6","37.5","0.38","7.37","82.65"
"H. Stenevik","Norway 1.","Molde","RB, RW","25","1200000","2027-12-31","21","1195","2","0","Norway","right","185","8.13","8.21","60.55","1.73","34.78","0.15","3.6","2.94","0","0.13","0","0.45","50","33.333","3.99","43.4","1.51","65","5.65","49.33","2.03","1.51","0.23","43.38","83.33","10.85","73.61","3.01","60","0.07","0.23","0.08","0","0.15","3.69","65.31","3.77","52","0.6","6.1","80.25"
"M. Roseth","Norway 1.","Viking","LCB, LB","27","550000","2025-12-31","15","1193","2","0","Norway","left","188","7.69","3.7","67.35","6.41","65.88","0.45","6.37","0.98","0.15","0.1","0.15","0.75","40","20","0.91","41.67","0.3","75","2.49","45.45","1.58","1.06","0.15","58.32","88.49","24.22","80.69","5.21","55.07","0.07","0","0.15","50","0.23","10.41","84.78","1.28","52.94","0.83","10.56","77.14"
"J. Nuñez","Norway 1.","Fredrikstad","CF","28","450000","2026-12-31","17","1183","7","3","Norway","right","182","2.13","2.97","51.28","3.04","15","0.08","0.76","2.66","0.38","0.37","0","1.98","34.62","26.923","1.29","41.18","1.67","72.73","8.06","44.34","2.05","0.84","0.08","20.62","74.91","5.48","61.11","1.07","35.71","0.07","0.15","0.38","60","0.23","2.28","60","2.43","62.5","1.22","3.2","71.43"
"J. Eskesen","Norway 1.","Haugesund","LCMF","26","650000","","13","1180","1","0","Denmark","right","175","7.25","5.8","63.16","2.52","60.61","0.08","3.68","1.68","0.08","0.03","0","0.84","18.18","9.091","1.3","35.29","1.91","56","7.55","47.47","1.07","1.07","0.15","39.2","78.21","12.05","67.72","4.04","52.83","0.07","0","0","0","0.08","5.57","63.01","1.6","47.62","0.38","7.47","56.12"
"E. Schlichting","Norway 1.","Haugesund","LW, CF, AMF","20","200000","","20","1174","1","0","Denmark","right","0","4.98","4.83","50.79","2.68","31.43","0.23","2.87","2.07","0.08","0.11","0","0.92","58.33","8.333","1.15","33.33","3.07","37.5","10.58","27.54","1.69","1.23","0.31","20.24","78.79","4.14","66.67","0.61","50","0.02","0","0.08","0","0.08","1.69","59.09","1.07","28.57","0.23","2.45","68.75"
"Ieltsin Camões","Norway 1.","Tromsø","CF","26","0","2027-12-31","19","1171","10","1","Angola","right","188","2.77","3.61","40.43","4.53","32.2","0.08","1.42","2.08","0.77","0.49","0.23","2.23","44.83","34.483","0.38","20","1.69","50","6.76","35.23","4.77","0.77","0.08","16.37","79.81","2.23","58.62","0.46","100","0.1","0","0.15","100","0.38","0.92","50","0.92","58.33","1.31","1.08","57.14"
"B. Finne","Norway 1.","Brann","CF, LWF, RWF","30","1400000","2026-12-31","19","1149","4","1","Norway","right","174","2.66","3.13","70","1.41","22.22","0","0.76","4.78","0.31","0.57","0","3.13","37.5","10","4.07","26.92","3.76","64.58","8.38","39.25","7.6","1.96","0.31","18.17","62.5","4.86","62.9","0.86","27.27","0.09","0.08","0.23","33.33","0.55","0.7","33.33","3.37","53.49","2.51","2.35","76.67"
"O. Krusnell","Norway 1.","Haugesund","LB, LWB","26","300000","2026-12-31","14","1145","0","0","Sweden","left","187","8.96","5.34","61.76","1.49","47.37","0.39","6.74","1.18","0","0.02","0","0.39","40","0","2.67","23.53","0.94","41.67","3.07","46.15","1.34","2.44","0.47","51.96","77.31","19.57","72.69","6.92","54.55","0.05","0","0","0","0.31","7.47","64.21","3.38","44.19","0.86","11.63","68.92"
"K. Askildsen","Norway 1.","Viking","RCMF, LCMF, DMF","24","750000","","21","1132","1","2","Norway","right","190","6.84","5.33","62.69","4.13","46.15","0.4","4.15","1.19","0.08","0.14","0.08","1.35","17.65","5.882","0.87","54.55","0.56","57.14","4.29","37.04","1.83","1.03","0","34.03","81.07","10.65","62.69","3.5","54.55","0.05","0","0.16","100","0.32","4.93","70.97","1.75","72.73","1.03","4.29","81.48"
"F. Thorvaldsen","Norway 1.","Vålerenga","RW, LW, RWF","19","0","2028-07-31","17","1127","5","1","Norway","right","174","2.64","2.64","60.61","0.32","0","0.08","1.32","5.11","0.4","0.34","0","2.95","29.73","13.514","1.84","21.74","7.43","51.61","13.26","46.39","4.63","5.83","1.28","19.33","84.3","2.64","84.85","0.08","100","0.11","0.16","0","0","0.56","0.64","75","1.76","63.64","1.36","2.56","81.25"
"V. Hedenstad","Norway 1.","Vålerenga","RB","34","250000","2025-12-31","16","1115","0","1","Norway","right","178","7.1","7.18","59.55","1.94","29.17","0.08","3.6","1.78","0","0","0","0.16","50","0","1.13","57.14","1.05","100","2.58","75","0.65","1.61","0.08","46.17","84.27","20.02","72.58","4.76","45.76","0.06","0.08","0","0","0.16","6.54","71.6","1.86","60.87","0.65","8.48","63.81"
"S. Rafn","Norway 1.","Fredrikstad","RCB, LB, RB","33","200000","2025-12-31","20","1107","0","0","Norway","right","172","7.15","6.59","60.49","2.52","48.39","0.24","3.89","1.79","0","0.03","0","0.65","25","0","1.54","47.37","1.63","55","3.9","52.08","1.14","1.71","0.73","35.85","79.14","13.58","63.47","5.04","48.39","0.02","0","0","0","0.08","6.91","61.18","2.6","34.38","0.73","6.1","72"
"E. Reitan","Norway 1.","Rosenborg","RB","28","750000","","17","1102","0","1","Norway","right","181","7.84","6.04","64.86","2.45","46.67","0.25","4.81","0.74","0","0","0","0.08","0","0","1.8","31.82","0.25","66.67","2.61","40.63","1.31","1.14","0.16","32.42","83.63","10.7","74.81","2.86","34.29","0.09","0","0","0","0.25","3.19","74.36","1.31","43.75","0.41","4.41","57.41"
"K. Tshiembe","Norway 1.","Vålerenga","LCB","28","1500000","","15","1086","0","0","Denmark","right","186","6.38","3.31","70","4.56","65.45","0.5","5.34","0.08","0","0.06","0","0.5","0","0","0.08","0","0.08","100","1.74","42.86","0.75","1.24","0.08","53.54","90.71","19.81","82.01","4.97","61.67","0","0","0","0","0","10.19","83.74","0.58","42.86","0.33","8.87","72.9"
"S. Innvær","Norway 1.","Haugesund","LW, RW, LAMF","20","0","","18","1078","1","0","Norway","right","180","5.18","5.84","54.29","0.58","28.57","0","2.34","2.76","0.08","0.1","0","1","50","8.333","1.34","25","4.17","42","8.27","29.29","2.17","2","0.17","21.46","75.88","5.93","61.97","0.58","71.43","0.05","0","0.17","100","0.17","1.17","71.43","1.09","46.15","0.75","3.17","55.26"
"P. Reinhardsen","Norway 1.","Sarpsborg 08","LB, RB","26","300000","2026-12-31","21","1062","2","1","Norway","right","184","8.98","7.54","60.67","3.47","48.78","0.08","5.2","2.29","0.17","0.14","0","1.02","66.67","16.667","2.71","31.25","1.78","38.1","3.31","30.77","2.71","3.81","0.68","39.41","77.42","14.92","71.02","4.15","53.06","0.06","0","0.17","50","0.08","4.92","72.41","3.22","34.21","0.85","8.64","62.75"
"F. Gulbrandsen","Norway 1.","Molde","CF","33","1300000","","18","1059","7","0","Norway","right","178","2.21","2.12","36","5.52","26.15","0.17","1.57","2.46","0.51","0.48","0.17","2.8","54.55","21.212","0.34","50","1.78","42.86","5.69","25.37","4.5","0.59","0.17","11.39","70.9","1.61","31.58","0.34","50","0.05","0","0.08","0","0.17","0.76","55.56","0.34","50","0.59","0.93","27.27"
"S. Diarra","Norway 1.","Haugesund","CF","25","900000","2026-12-31","15","1058","2","0","Mali","right","189","3.4","2.81","54.55","6.55","32.47","0","1.91","0.85","0.09","0.21","0","1.28","46.67","13.333","0.17","0","0.6","42.86","5.61","31.82","2.04","1.11","0.26","10.38","68.85","2.21","50","0.68","25","0.03","0","0","0","0.17","0.77","55.56","0.68","50","0.6","1.36","43.75"
"V. Jónsson","Norway 1.","HamKam","LB, RB, RWB","31","200000","2025-12-31","20","1053","2","0","Iceland","right","184","7.61","6.67","70.51","3.33","33.33","0.09","3.33","3.16","0.17","0.19","0.09","0.94","45.45","18.182","4.53","35.85","2.14","48","5.13","41.67","1.62","0.85","0","30","71.23","7.69","53.33","2.48","24.14","0.17","0","0.09","100","0.77","2.39","57.14","3.68","41.86","0.34","6.32","64.86"
"J. Gundersen","Norway 1.","Bodø / Glimt","LCB, RCB","29","1300000","2026-12-31","14","1049","1","0","Norway","right","186","8.24","6.09","71.83","6.78","65.82","0.26","5.12","0.26","0.09","0.08","0","0.6","14.29","14.286","0.26","33.33","0.26","33.33","1.46","76.47","0.6","4.8","0.09","90.26","94.87","20.33","83.12","3.69","51.16","0.03","0","0","0","0","15.36","88.27","1.29","40","0.77","8.32","77.32"
"M. Hope","Norway 1.","Haugesund","RB, LW, RAMF","19","0","","16","1036","1","0","Norway","right","174","6.78","6.17","54.93","0.78","33.33","0","3.33","0.87","0.09","0.17","0","0.61","71.43","14.286","0.17","50","0.96","36.36","3.04","37.14","0.87","0.78","0.17","20.68","76.89","6.17","53.52","1.13","38.46","0.03","0","0","0","0.09","1.48","64.71","0.52","50","0.26","3.21","45.95"
"C. Niyukuri","Norway 1.","Haugesund","RB, LCB","25","0","","18","1036","1","1","Norway","right","182","10.69","7.3","66.67","2.26","65.38","0.43","6.66","2.52","0.09","0.07","0.09","0.61","57.14","14.286","1.3","13.33","2.26","84.62","7.38","48.24","1.65","2.43","0.09","34.4","80.56","11.12","64.84","1.91","31.82","0.04","0","0.17","50","0.26","3.47","67.5","1.56","27.78","0.61","5.47","57.14"
"E. Hagen","Norway 1.","Vålerenga","DMF, LCMF, RCMF","25","700000","2027-12-31","24","1034","1","0","Norway","right","188","6.62","4.35","74","2.44","35.71","0.52","4.56","1.74","0","0.14","0","1.65","42.11","5.263","0.78","66.67","0.7","75","2.61","43.33","1.31","1.65","0.09","32.21","79.46","9.31","61.68","2.7","45.16","0.07","0.09","0","0","0.17","5.22","81.67","1.65","68.42","0.96","5.4","54.84"
"M. Njie","Norway 1.","KFUM","LW, CF, LWF","30","175000","2025-12-31","14","1033","2","1","Norway","right","185","4.18","3.66","66.67","3.57","21.95","0.09","1.88","2.53","0.17","0.13","0","1.92","27.27","9.091","2","26.09","3.05","45.71","7.84","33.33","2.27","1.66","0.52","24.13","81.59","4.62","73.58","0.61","28.57","0.06","0.09","0.09","100","0.35","1.57","88.89","2.09","37.5","0.61","2.53","68.97"
"M. Broholm","Norway 1.","Rosenborg","RWF, RCMF","20","225000","2026-12-31","11","1024","5","1","Norway","left","175","5.27","5.36","60.66","0.88","20","0","2.76","4.92","0.35","0.38","0","2.46","42.86","17.857","2.55","37.93","5.45","50","11.95","42.65","4.66","3.52","0.62","40.69","82.29","9.58","75.23","1.76","60","0.16","0.09","0.26","66.67","0.53","2.37","70.37","2.81","59.38","1.32","3.87","72.73"
"A. Ndour","Norway 1.","Kristiansund","CF","27","500000","2026-06-30","21","1016","3","0","Senegal","right","183","4.43","4.16","55.32","4.96","32.14","0","2.36","2.39","0.09","0.38","0","2.3","50","11.538","0.8","11.11","2.92","36.36","7.62","24.42","2.75","0.89","0.35","13.2","67.79","2.57","51.72","0.97","45.45","0.02","0","0.09","100","0.18","0.97","54.55","0.97","36.36","0.44","2.21","56"
"D. De Roeve","Norway 1.","Brann","RB","21","400000","2028-12-31","21","1015","2","2","Belgium","right","175","10.91","8.16","65.22","2.04","30.43","0.27","8.39","2.66","0.18","0.04","0","0.71","75","25","3.37","23.68","2.22","60","5.32","38.33","1.24","3.46","0.89","53.82","81.38","19.51","72.27","3.99","42.22","0.11","0.09","0.09","0","0.44","7.71","74.71","4.26","47.92","1.51","9.84","80.18"
"S. Kvia-Egeskog","Norway 1.","Viking","LCMF","22","750000","2027-12-31","22","1015","4","1","Norway","right","176","5.05","5.14","62.07","2.75","22.58","0.53","2.47","1.95","0.35","0.15","0","0.98","45.45","36.364","0.35","0","2.48","57.14","7.27","37.8","3.46","1.68","0.18","22.08","85.14","4.88","72.73","0.44","60","0.04","0","0.18","50","0.18","1.24","78.57","0.98","63.64","0.8","1.68","63.16"
"A. Sanyang","Norway 1.","Sarpsborg 08","RW, LAMF, RAMF","29","275000","2026-12-31","19","992","0","1","Gambia","right","185","4.08","3.63","65","5.99","60.61","0","1.95","2.18","0","0.28","0","1.81","45","0","2.99","27.27","1","54.55","5.35","30.51","4.9","1.09","0.09","27.04","71.48","5.35","61.02","0.64","42.86","0.16","0.09","0.09","0","0.64","1.72","57.89","2.63","31.03","0.82","3.63","62.5"
"F. Knudsen","Norway 1.","Brann","RCB","29","800000","2027-12-31","12","987","0","0","Norway","right","190","6.02","3.65","52.5","6.47","67.61","0.55","5.94","0","0","0.02","0","0.27","0","0","0","0","0","0","0.64","71.43","0.46","2.1","0","70.76","92.4","21.25","79.83","5.29","53.45","0","0","0","0","0","12.77","85.71","0.18","50","0.18","9.85","77.78"
"T. Nyhammer","Norway 1.","Haugesund","RW, RAMF, RCMF","19","0","","15","986","1","0","Norway","left","181","5.75","6.12","49.25","0.82","33.33","0.09","2.88","2.46","0.09","0.06","0","1.37","26.67","6.667","1.64","44.44","2.92","40.63","7.39","34.57","1.1","2.28","1","32.13","73.3","8.95","59.18","3.01","60.61","0.07","0","0.27","66.67","0.37","3.47","73.68","2.37","38.46","0.37","5.29","72.41"
"U. Mathisen","Norway 1.","Brann","RWF, CF, RW","26","750000","","19","978","1","1","Norway","right","177","4.42","3.22","71.43","4.23","36.96","0.09","3.11","2.39","0.09","0.17","0.09","1.29","50","7.143","0.83","22.22","4.51","34.69","9.29","35.64","4.23","2.48","0.18","22.73","80.97","4.33","59.57","0.28","66.67","0.04","0","0","0","0.37","1.2","69.23","1.1","50","1.38","2.21","75"
"F. Fall","Norway 1.","Fredrikstad","LCB","21","0","","10","967","1","0","Senegal","left","192","8.28","5.49","55.93","5.12","43.64","0.28","5.89","0.56","0.09","0.05","0.09","0.47","40","20","0.47","40","0.28","66.67","2.7","44.83","0.37","0.37","0","46.35","81.93","24.01","72.87","8.75","51.06","0","0","0","0","0.09","12.66","62.5","2.42","34.62","0.47","10.8","85.34"
"O. Blomberg","Norway 1.","Bodø / Glimt","CF, RWF, RW","25","1200000","","13","965","5","3","Norway","right","177","3.54","3.26","48.57","2.24","41.67","0.19","2.93","4.85","0.47","0.31","0","2.33","52","20","4.76","29.41","3.45","64.86","9.05","47.42","6.34","2.15","0.19","35.53","76.64","5.41","62.07","1.12","33.33","0.19","0.09","0","0","0.93","1.68","55.56","5.32","54.39","3.08","4.76","76.47"
"J. Berget","Norway 1.","Sarpsborg 08","CF, AMF","35","350000","2025-12-31","16","958","5","1","Norway","right","184","3.01","3.29","45.71","3.48","40.54","0","1.78","2.72","0.47","0.5","0","2.54","40.74","18.519","0.94","40","1.6","52.94","9.58","27.45","4.42","1.22","0","28.28","75.75","7.33","52.56","1.5","43.75","0.11","0","0.75","62.5","0.66","3.19","64.71","2.63","50","1.69","3.57","57.89"
"J. Bakke","Norway 1.","Strømsgodset","RCMF","21","400000","2028-12-31","14","943","2","0","Norway","right","184","6.49","5.06","60.38","1.05","45.45","0.38","2.98","1.34","0.19","0.15","0","1.24","38.46","15.385","0.57","50","1.24","46.15","5.54","36.21","1.62","1.24","0.19","16.22","81.18","3.72","64.1","1.72","44.44","0.01","0","0","0","0","2.1","68.18","0.38","100","0.19","1.91","60"
"O. Okeke","Norway 1.","KFUM","LW, CF","23","600000","2025-12-31","11","933","6","0","Norway","right","170","3.95","4.53","51.06","0.87","33.33","0","2.04","4.15","0.58","0.42","0","2.32","45.83","25","1.93","25","5.02","51.92","13.02","39.26","4.15","3.57","0.77","18.52","77.08","3.67","63.16","0.48","60","0.12","0.1","0.29","0","0.29","1.35","57.14","1.83","47.37","0.77","1.93","85"
"M. Riisnaes","Norway 1.","Bodø / Glimt","RW, RB","20","0","2027-07-31","17","923","2","2","Norway","right","182","4.58","4.39","51.11","1.85","63.16","0.1","2.99","6.14","0.2","0.24","0","1.95","25","10","4.39","48.89","5.95","57.38","11.12","42.98","4","2.63","0.88","44.66","83.84","11.99","74.8","2.15","59.09","0.26","0.1","0.2","50","0.59","3.9","72.5","5.66","60.34","2.15","7.22","81.08"
"M. Brajanac","Norway 1.","Vålerenga","CF","24","500000","2027-12-31","17","911","1","0","Denmark","right","189","3.75","2.86","58.62","7.51","36.84","0","2.59","0.89","0.1","0.19","0","1.38","42.86","7.143","0","0","0.59","50","6.42","21.54","2.67","0.59","0","10.08","67.65","2.17","50","0.2","100","0.04","0.1","0","0","0.2","0.69","28.57","0.3","66.67","0.4","1.48","26.67"
"B. Sørmo","Norway 1.","Strømsgodset","RB, RCB","29","250000","2027-07-31","17","910","0","0","Norway","right","188","10.98","9.4","60","2.18","45.45","0.59","5.57","1.19","0","0","0","0.1","100","0","1.58","37.5","0.79","62.5","4.05","53.66","0.49","2.37","0.3","49.05","86.29","20.77","80.95","2.87","41.38","0.03","0","0","0","0.3","7.91","85","2.57","34.62","0.59","11.97","79.34"
"A. Potur","Norway 1.","HamKam","LCMF, RCMF, RW","22","325000","","19","910","0","0","Norway","left","185","8.31","7.12","70.83","1.88","31.58","0.1","3.46","3.56","0","0.06","0","0.69","71.43","0","1.98","45","4.35","50","15.82","41.88","1.78","1.09","0.3","28.48","87.5","4.75","83.33","1.58","68.75","0.07","0","0.2","0","0.2","2.47","96","2.18","50","0.49","3.46","71.43"
"Mohanad Jeahze","Norway 1.","Sarpsborg 08","LB","28","600000","2025-12-31","13","905","0","1","Sweden","left","179","7.76","5.87","57.63","1.19","41.67","0.1","4.29","2.78","0","0.03","0","0.7","14.29","0","5.27","35.85","1.19","66.67","2.98","50","1.39","1.09","0.1","53.9","80.81","21.48","76.85","8.35","53.57","0.09","0","0.1","0","0.5","9.85","68.69","5.57","50","1.39","12.13","85.25"
"S. Sørli","Norway 1.","Sarpsborg 08","RAMF, RWF, RW","29","700000","2027-07-31","14","903","2","1","Norway","left","178","4.68","5.78","53.45","1.2","41.67","0.4","2.17","5.78","0.2","0.18","0","1.79","33.33","11.111","4.78","37.5","5.28","64.15","9.17","46.74","3.39","3.59","0.6","27.21","74.73","3.59","50","1.4","50","0.26","0","0.2","0","1.1","1.3","61.54","4.29","46.51","1","4.09","82.93"
"R. Dzabic","Norway 1.","Sandefjord","LCMF, RCMF, AMF","24","350000","2025-12-31","20","894","3","2","Sweden","left","179","7.45","8.15","51.85","2.52","28","0.2","4.6","1.51","0.3","0.14","0","1.91","36.84","15.789","1.01","30","1.21","33.33","5.54","41.82","2.21","0.6","0.1","36.24","77.22","8.36","55.42","2.72","48.15","0.08","0","0.1","100","0.2","3.83","63.16","1.51","40","0.6","3.52","48.57"
"M. Mehnert","Norway 1.","Strømsgodset","RAMF, CF","27","400000","2026-07-31","14","889","0","2","Norway","left","185","2.63","2.94","37.93","6.28","40.32","0","1.81","2.53","0","0.2","0","1.32","7.69","0","1.62","25","2.94","68.97","4.96","57.14","2.13","2.13","0.4","16.7","70.3","3.64","72.22","0.4","25","0.13","0.3","0.1","0","0.51","0.91","55.56","1.21","58.33","0.51","2.83","57.14"
"B. Kristensen","Norway 1.","KFUM","RW, CF, LW","23","325000","2025-12-31","20","881","2","1","Norway","right","177","4.7","5.31","53.85","3.98","23.08","0.1","2.04","2.04","0.2","0.19","0","1.63","43.75","12.5","0.51","0","2.45","50","8.79","32.56","2.04","1.53","0.31","12.57","64.23","3.78","54.05","1.12","27.27","0.06","0","0.1","100","0.31","1.74","70.59","1.43","21.43","0.61","2.15","57.14"
"A. Nouri","Norway 1.","KFUM","RB, RWB, LB","35","75000","","20","861","0","2","Norway","right","180","7.74","7.94","59.21","1.99","57.89","0","3.61","1.15","0","0.07","0","0.52","20","0","1.78","47.06","0.84","25","4.6","27.27","1.57","1.25","0.42","26.34","77.78","9.2","59.09","2.51","29.17","0.08","0","0","0","0.31","2.4","56.52","2.4","47.83","0.84","5.85","67.86"
"S. Granaas","Norway 1.","Molde","LW, RW","19","0","2026-12-31","16","846","0","0","Norway","right","178","7.23","7.23","64.71","2.87","22.22","0.11","2.66","1.28","0","0.03","0","0.53","60","0","1.49","28.57","1.6","33.33","7.02","28.79","2.02","2.23","0.11","36.06","83.19","9.89","68.82","1.91","44.44","0.02","0.21","0.21","0","0","2.98","75","2.13","40","0.96","5.32","64"
"A. Conteh","Norway 1.","Strømsgodset","CF","20","0","","12","844","2","1","Sierra Leone","unknown","0","1.92","2.67","36","12.26","35.65","0.11","0.86","1.6","0.21","0.4","0","2.77","50","7.692","0.32","0","0.53","40","5.55","25","3.2","0.43","0","12.48","58.97","2.24","33.33","0.32","33.33","0","0","0","0","0","1.49","42.86","0.32","33.33","0.43","1.92","16.67"
"M. Sande","Norway 1.","Brann","RWF, LWF, RCMF","27","350000","2026-12-31","18","835","3","0","Norway","right","181","4.31","5.39","46","4.31","50","0.22","2.51","2.05","0.32","0.29","0","1.62","40","20","2.16","40","0.75","71.43","2.59","29.17","4.1","0.65","0","33.31","81.55","7.76","68.06","1.62","46.67","0.06","0","0","0","0.22","1.62","80","2.8","46.15","1.29","4.53","71.43"
"A. Grindhaug","Norway 1.","Haugesund","LDMF, LCMF, RCMF","19","0","2027-12-31","10","835","0","0","Norway","right","0","10.13","8.95","55.42","1.08","30","0.86","5.02","0.65","0","0.06","0","0.65","66.67","0","0.32","0","0.43","50","3.66","50","0.65","0.54","0","42.14","78.77","11.32","66.67","2.69","24","0","0","0","0","0","3.88","66.67","0.97","55.56","0.43","5.39","32"
"D. Schneider","Norway 1.","KFUM","RCB, LCB, CB","23","0","","15","825","0","0","Norway","right","186","10.58","7.42","63.24","3.38","58.06","0.55","6.49","0.33","0","0","0","0","0","0","0.22","100","0.55","20","2.29","14.29","0.55","0.22","0","48.33","89.62","18","81.21","3.71","52.94","0","0.11","0","0","0","4.25","69.23","0.76","57.14","0.44","7.96","68.49"
"K. Eriksen","Norway 1.","Molde","LW, LCMF","30","1300000","2026-12-31","10","823","3","0","Norway","right","177","7.33","4.81","56.82","6.89","57.14","0.11","5.34","0.87","0.33","0.23","0.11","1.86","35.29","17.647","0.33","33.33","0.33","33.33","4.92","31.11","4.37","1.42","0.33","20.12","73.91","5.8","54.72","0.87","37.5","0","0.22","0","0","0","0.98","44.44","0.87","62.5","0.98","1.75","43.75"
"T. Berg Haltvik","Norway 1.","KFUM","CF, LW, RW","25","125000","","21","821","1","1","Norway","right","182","5.37","5.48","58","1.97","27.78","0","2.47","1.97","0.11","0.18","0","2.3","19.05","4.762","0.55","60","3.07","39.29","9.21","35.71","2.74","1.75","0.22","17.98","72.56","4.71","34.88","0.88","50","0.09","0","0","0","0.33","1.21","27.27","1.21","54.55","0.55","1.97","33.33"
"C. Zady Sery","Norway 1.","Molde","LW, LAMF, RW","25","800000","2027-06-30","13","808","2","0","Côte d'Ivoire","right","176","3.68","2.23","70","2.12","36.84","0","3.15","3.23","0.22","0.17","0","1.23","18.18","18.182","0.89","50","4.68","54.76","13.59","48.36","2.78","4.46","0.11","37.65","87.87","5.9","77.36","0.67","50","0.04","0","0.22","0","0.22","1.89","88.24","2","66.67","1.45","3.79","70.59"
"M. Ofkir","Norway 1.","Vålerenga","CF, RWF, LW","29","400000","2026-12-31","10","808","2","3","Norway","right","176","3.45","3.23","55.17","2.9","19.23","0","2","2.56","0.22","0.31","0","1.89","35.29","11.765","1.45","38.46","2.56","47.83","8.69","41.03","3.12","1","0","20.27","74.73","4.12","70.27","0.67","83.33","0.18","0","0.11","100","0.56","2","55.56","2","66.67","1.11","3.68","63.64"
"O. Hedvall","Norway 1.","Vålerenga","GK","27","200000","","8","802","0","0","Denmark","left","195","1.12","0","0","0.11","100","0","1.4","0","0","0","0","0","0","0","0","0","0","0","0.11","100","0","0","0","26.71","78.15","13.8","61.79","11.56","54.37","0","0","0","0","0","3.82","38.24","0.34","0","0","8.3","70.27"
"J. Abdulai","Norway 1.","Molde","CF","20","0","","17","801","3","1","Ghana","right","186","2.92","4.38","33.33","3.71","30.3","0.11","1.96","4.72","0.34","0.49","0","3.37","56.67","10","1.57","21.43","3.48","70.97","11.8","40.95","5.17","2.47","1.12","10.79","70.83","1.01","44.44","0.79","57.14","0.06","0","0","0","0.22","0.9","62.5","1.24","27.27","0.45","0.79","71.43"
"B. Risa","Norway 1.","Molde","LCB, LB","27","1500000","2025-12-31","9","800","0","0","Norway","left","188","6.64","2.7","66.67","3.38","56.67","0.79","6.51","0.68","0","0.06","0","0.79","14.29","0","0.34","66.67","0.34","100","1.35","83.33","0.68","1.35","0","67.16","89.11","23.74","76.78","11.03","57.14","0.02","0","0","0","0","12.49","77.48","1.58","35.71","0.45","12.49","75.68"
"J. Gonstad","Norway 1.","HamKam","CF","19","300000","2026-12-31","19","800","2","1","Norway","right","180","3.04","2.14","68.42","1.13","30","0","1.61","1.24","0.11","0.21","0","1.58","42.86","14.286","0.45","25","1.35","33.33","4.39","35.9","2.59","1.01","0.34","12.83","67.54","3.15","57.14","0.68","66.67","0.12","0","0.11","0","0.23","1.24","63.64","0.34","33.33","0.34","1.91","41.18"
"M. Zeidan","Norway 1.","Rosenborg","RCMF, LCMF","27","350000","2026-12-31","17","797","1","1","Sweden","left","174","4.63","3.61","65.63","0.68","0","0.11","3.37","1.36","0.11","0.07","0","1.13","30","10","0.9","37.5","1.47","46.15","6.89","34.43","1.36","0.9","0.11","43.93","87.15","11.63","75.73","2.71","66.67","0.09","0","0","0","0.23","3.95","80","2.82","64","2.37","5.19","73.91"
"C. Eriksson","Norway 1.","Sandefjord","GK","30","300000","2026-12-31","8","793","0","0","Finland","right","191","2.95","0","0","0.23","100","0","3.81","0","0","0","0","0","0","0","0","0","0","0","0","0","0","0","0","35.07","88.35","12.94","76.32","8.17","63.89","0","0","0","0","0","1.25","27.27","0","0","0","5.9","53.85"
"J. Storevik","Norway 1.","Vålerenga","GK","29","250000","2025-12-31","8","789","0","0","Norway","right","188","1.83","0","0","0.23","50","0","2.31","0","0","0","0","0","0","0","0","0","0","0","0","0","0","0","0","26.12","78.17","17","68.46","14.49","62.2","0","0","0","0","0","3.88","38.24","0.34","0","0","8.33","80.82"
"M. Sjöeng","Norway 1.","Vålerenga","GK","23","850000","","8","785","0","0","Norway","right","197","1.61","0","0","0.69","66.67","0","1.97","0","0","0","0","0","0","0","0","0","0","0","0.11","100","0","0","0","23.16","88.61","13.64","84.03","9.75","81.18","0.01","0","0","0","0.11","2.18","63.16","0.11","100","0.11","8.37","82.19"
"S. Auklend","Norway 1.","Bodø / Glimt","DMF, RCMF, LCMF","22","0","2028-07-31","15","785","0","3","Norway","right","173","8.94","7.68","61.19","1.61","28.57","0.23","6.4","3.32","0","0.26","0","2.41","23.81","0","1.03","44.44","3.78","51.52","13.3","42.24","5.5","3.78","0.23","57.21","89.58","13.76","79.17","1.72","80","0.14","0.11","0.46","75","1.03","5.73","86","4.36","73.68","4.01","5.73","92"
"I. Seone","Norway 1.","Haugesund","CF","20","0","2028-12-31","16","755","1","0","Burkina Faso","right","184","3.1","3.93","33.33","5.84","28.57","0.24","2.14","1.55","0.12","0.22","0","1.43","50","8.333","0","0","1.31","63.64","11.32","26.32","1.79","0.72","0.12","15.38","85.27","1.67","85.71","0.24","50","0.02","0","0","0","0.12","0.6","100","0.36","100","0.6","0.95","87.5"
"C. Öyvann","Norway 1.","Molde","RCB","25","0","2026-12-31","11","755","0","1","Norway","right","194","6.32","2.74","69.57","4.17","74.29","1.07","5.74","0.24","0","0.05","0","0.36","66.67","0","0.12","0","0.12","0","1.07","77.78","0.83","1.67","0","74.86","90.92","27.89","82.05","7.51","57.14","0.01","0","0.12","0","0.12","10.01","86.9","1.55","38.46","0.72","12.04","82.18"
"V. Egeli","Norway 1.","Sandefjord","LB","21","1300000","2026-12-31","18","729","0","0","Norway","left","178","7.41","7.04","52.63","2.84","39.13","0.25","4.82","3.21","0","0.07","0","1.23","30","0","3.46","25","2.22","83.33","5.8","51.06","1.48","1.98","0.12","49.14","81.16","16.3","69.7","4.81","46.15","0.05","0","0.25","50","0.37","5.19","61.9","4.2","38.24","1.11","8.89","76.39"
"G. Wikheim","Norway 1.","Strømsgodset","LW, RW, LWF","32","600000","","10","727","1","3","Norway","right","182","2.85","3.47","35.71","1.61","23.08","0","1.54","4.58","0.12","0.09","0","1.11","44.44","11.111","2.23","38.89","4.83","64.1","14.86","42.5","3.09","3.22","0.87","17.33","81.43","2.72","90.91","0.5","75","0.17","0","0.12","100","0.99","0.99","75","1.61","61.54","1.11","2.6","85.71"
"W. Osnes-Ringen","Norway 1.","HamKam","LCMF, DMF, LW","18","0","2026-12-31","15","713","0","0","Norway","right","174","9.47","8.33","66.67","1.26","0","0.38","4.13","2.15","0","0.05","0","1.26","20","0","1.51","50","2.4","47.37","9.09","36.11","1.01","1.01","0","31.05","86.59","7.83","70.97","0.76","66.67","0.05","0","0","0","0.13","3.03","79.17","2.27","55.56","0.63","4.04","71.88"
"M. Hansen","Norway 1.","Brann","RWF, CF, LWF","23","1000000","2026-06-30","19","711","0","0","Denmark","left","188","3.8","4.3","55.88","2.66","33.33","0","2","4.18","0","0.19","0","3.42","22.22","0","3.54","25","5.7","40","10.13","32.5","4.68","1.27","0","28.99","76.42","5.7","66.67","0.63","60","0.2","0","0.38","66.67","0.51","1.65","69.23","4.68","51.35","1.9","3.92","87.1"
"S. Nypan","Norway 1.","Rosenborg","LCMF","18","0","2030-06-30","9","710","1","0","Norway","right","183","5.2","4.56","55.56","2.03","56.25","0.38","3.7","1.52","0.13","0.31","0","2.15","29.41","5.882","0.89","28.57","2.03","31.25","8.49","43.28","3.3","2.41","0","32.07","80.63","8.37","68.18","1.14","44.44","0.02","0","0.13","0","0.13","3.42","66.67","2.03","50","1.39","4.31","76.47"
"N. Castro","Norway 1.","Brann","LWF, CF","29","700000","2027-12-31","10","708","4","2","Norway","right","173","5.59","4.83","60.53","3.31","23.08","0.13","4.03","2.67","0","0.61","0","2.29","50","22.222","2.67","28.57","1.78","28.57","8.39","22.73","3.31","1.4","0.13","42.71","80.36","12.71","69","2.42","52.63","0.34","0.13","0.64","40","0.64","2.29","77.78","6.1","58.33","3.31","5.85","89.13"
"I. Määttä","Norway 1.","Bodø / Glimt","RWF, CF, LB","24","0","","19","705","1","3","Norway","left","188","4.47","4.09","65.63","1.4","36.36","0","2.84","3.7","0.13","0.31","0","1.53","58.33","8.333","1.53","50","4.09","50","8.81","37.68","4.09","2.3","0.13","34.85","89.38","6.26","73.47","1.02","62.5","0.11","0.26","0","0","0.89","2.55","75","2.3","66.67","1.66","3.19","84"
"H. Sletsjøe","Norway 1.","Kristiansund","LCMF, RB","25","325000","","12","701","0","1","Sweden","right","189","10.01","8.47","62.12","2.82","40.91","0.26","4","0.9","0","0.01","0","0.39","0","0","0.77","50","0.51","75","6.03","51.06","1.54","0.51","0.13","28.25","83.18","7.19","75","1.16","33.33","0.07","0.13","0.13","100","0.26","2.18","82.35","0.64","80","0.51","3.59","57.14"
"I. Amundsen","Norway 1.","Molde","RCB","25","1000000","2027-12-31","10","696","0","0","Norway","right","190","7.89","6.08","85.11","3.49","74.07","0.65","3.64","0.39","0","0.01","0","0.13","0","0","0.13","0","0.65","60","1.55","58.33","0.52","1.29","0","60.39","92.29","15.52","80","4.27","51.52","0","0","0","0","0","7.5","84.48","0.26","50","0.13","6.47","60"
"V. Berisha","Norway 1.","Viking","CF","31","900000","2026-12-31","13","690","6","1","Norway","right","174","3.78","2.74","42.86","6.52","28","0.39","2.87","2.09","0.39","0.85","0.13","2.87","45.45","27.273","1.17","44.44","0.52","50","2.22","35.29","5.09","0.26","0","15.13","69.83","1.96","46.67","0.39","0","0.08","0","0","0","0.26","1.3","60","1.17","55.56","1.17","1.96","66.67"
"S. Magnússon","Norway 1.","Brann","CF, LWF, RWF","25","0","","9","685","5","0","Iceland","right","171","3.68","2.89","50","2.1","37.5","0.13","3.56","2.63","0.53","0.46","0.13","2.5","52.63","26.316","2.36","33.33","0.92","57.14","4.2","31.25","4.73","1.18","0.13","27.07","81.07","6.04","73.91","1.45","45.45","0.12","0","0.13","0","0.53","1.97","40","3.02","60.87","1.31","3.15","87.5"
"A. Jenssen","Norway 1.","Tromsø","RCB, LCB","31","300000","","15","683","0","0","Norway","right","185","7.77","3.82","62.07","3.56","48.15","0.92","6.03","0.26","0","0.02","0","0.13","0","0","0.53","50","0","0","0.53","0","0.4","0.79","0.13","49.68","90.19","20.56","82.05","5.4","68.29","0","0.13","0.13","0","0","8.43","87.5","1.05","62.5","0.4","11.2","76.47"
"F. Flex","Norway 1.","Kristiansund","LB","21","125000","","16","682","0","3","Denmark","left","0","8.58","6.33","56.25","2.51","26.32","0.13","4.91","1.85","0","0","0","0","0","0","3.7","21.43","1.32","70","3.96","50","0.4","1.85","0.53","36.03","73.26","19.4","69.39","4.49","41.18","0.23","0","0.26","50","0.4","7.65","62.07","3.83","34.48","0.66","8.45","68.75"
"K. Antonsen","Norway 1.","Tromsø","LCMF","30","500000","2026-12-31","13","677","1","0","Norway","left","172","7.71","6.51","59.18","2.79","14.29","0.27","4","1.6","0.13","0.12","0","0.93","42.86","14.286","1.46","27.27","1.2","66.67","6.38","35.42","2.39","0.4","0.4","22.47","78.7","6.51","69.39","0.8","33.33","0.05","0.13","0","0","0.13","2.66","70","1.86","35.71","0.66","3.19","83.33"
"F. Loftesnes-Bjune","Norway 1.","Sandefjord","RB","20","0","2025-12-31","8","665","0","0","Norway","right","182","7.31","7.58","66.07","2.17","37.5","0.14","3.29","0.81","0","0","0","0.14","0","0","1.22","44.44","0.27","100","3.25","50","0.81","1.22","0.14","44.12","86.81","12.99","73.96","4.47","45.45","0.03","0","0","0","0.54","3.79","82.14","1.08","37.5","0.14","6.63","55.1"
"C. Cappis","Norway 1.","Viking","RCMF, CF","26","700000","2027-12-31","14","654","0","0","United States","both","185","8.53","6.19","75.56","3.72","29.63","0.14","5.2","0.41","0","0.01","0","0.41","33.33","0","0.41","33.33","1.1","12.5","4.95","30.56","1.51","0.55","0","26.56","86.01","7.16","75","1.51","45.45","0","0.14","0.14","0","0","2.75","75","1.1","50","0.55","3.44","76"
"M. Enggård","Norway 1.","Molde","RCMF, LCMF, AMF","21","1000000","2028-06-30","9","647","0","0","Denmark","right","179","6.96","6.54","57.45","1.39","80","0.28","3.79","1.53","0","0.1","0","1.11","12.5","0","1.25","77.78","0.83","50","4.17","33.33","0.7","0.97","0","37.56","81.85","11.13","65","3.48","40","0.01","0","0.14","0","0","4.45","62.5","1.81","69.23","0.7","6.4","58.7"
"M. Kaasa","Norway 1.","Molde","LDMF, LCMF, LW","28","1000000","","11","647","2","0","Norway","right","175","6.4","5.01","58.33","0.97","42.86","0.14","4.56","2.09","0.28","0.08","0","0.56","50","50","0.83","16.67","2.92","57.14","8.49","45.9","1.67","2.78","0.42","44.37","87.15","12.1","71.26","2.36","52.94","0.03","0","0.28","0","0.28","5.15","75.68","2.78","45","1.25","4.87","80"
"P. Hannola","Norway 1.","Haugesund","RCMF, RAMF, RDMF","23","400000","2026-12-31","7","643","0","2","Finland","left","184","5.88","5.18","62.16","0.84","16.67","0.56","2.73","0.98","0","0.02","0","0.7","40","0","1.12","12.5","0.42","100","5.04","38.89","0.84","0.28","0.28","50.53","86.15","11.9","70.59","1.54","45.45","0.13","0.14","0.28","50","0.42","5.6","75","2.24","37.5","0.84","5.18","72.97"
"N. Hämäläinen","Norway 1.","Haugesund","LB","28","200000","","7","640","0","0","United States","left","185","8.3","7.03","60","2.25","43.75","0.28","3.82","0.42","0","0.03","0","0.7","20","0","0.56","25","0.84","16.67","2.39","23.53","0.28","0.56","0","41.06","79.11","21.8","66.45","4.78","44.12","0","0","0","0","0.28","5.63","60","1.13","37.5","0.28","9.84","57.14"
"M. Thornes","Norway 1.","Bryne","LW","23","25000","","14","635","1","0","Norway","right","180","6.52","4.39","48.39","2.13","46.67","0.14","4.66","0.71","0.14","0.1","0","0.71","40","20","0.28","100","0.71","20","6.8","29.17","1.13","0.57","0","27.5","87.11","6.94","73.47","1.28","44.44","0.03","0","0","0","0.28","2.55","77.78","0.71","80","0.71","2.83","70"
"R. Rasch","Norway 1.","KFUM","RCMF, LCMF, DMF","31","400000","","8","631","0","0","Norway","right","183","7.42","4.14","72.41","1.14","62.5","0.14","4.76","1.28","0","0.03","0","0.71","60","0","1.57","18.18","1.14","50","3.57","48","0.71","2","0","70.74","88.91","20.82","82.19","5.99","64.29","0.13","0","0","0","0","11.13","84.62","2.28","31.25","1","8.99","74.6"
"M. Njie","Norway 1.","Sarpsborg 08","CB","23","550000","2026-12-31","11","630","0","0","Norway","right","191","7.71","3.43","83.33","3.29","52.17","0.86","5.86","0","0","0.07","0","0.29","0","0","0","0","0.14","0","0.86","16.67","0.43","1","0","52.86","92.16","14.86","81.73","4.43","61.29","0","0","0","0","0.14","6.43","75.56","0.29","50","0.14","6","76.19"
"S. Nordli","Norway 1.","Rosenborg","LW, LCMF","25","0","","7","622","0","0","Norway","right","181","5.06","4.2","62.07","0.43","66.67","0","3.02","1.74","0","0.1","0","1.59","9.09","0","1.88","30.77","2.03","50","7.52","53.85","2.75","1.01","0.43","28.65","72.22","8.39","68.97","2.03","42.86","0.08","0","0","0","0.14","2.46","64.71","3.04","66.67","1.3","4.49","67.74"
"A. Bondhus","Norway 1.","Haugesund","LB, LWB","20","0","","10","609","0","1","Norway","unknown","0","13.3","9.75","71.21","2.66","33.33","1.33","6.79","0.59","0","0.01","0","0.3","0","0","1.18","25","0.44","66.67","3.55","16.67","1.48","0.59","0.15","30.89","80.38","10.79","68.49","3.69","56","0.08","0","0","0","0.44","2.66","72.22","0.89","50","0.59","5.76","58.97"
"M. Melchior","Norway 1.","Sandefjord","RCMF, AMF, LCMF","24","250000","2026-12-31","11","603","1","1","Norway","right","170","8.21","9.85","57.58","1.34","0","0.3","3.31","1.49","0.15","0.14","0","1.34","22.22","11.111","0.75","40","1.19","75","7.31","38.78","2.09","0.45","0","29.85","85.5","7.76","80.77","1.64","36.36","0.1","0","0","0","0.3","2.99","80","1.34","55.56","1.04","3.13","71.43"
"B. Utvik","Norway 1.","Sarpsborg 08","RCB, LCB","29","700000","2025-12-31","6","602","0","0","Norway","right","183","7.48","3.14","57.14","5.68","50","0.9","6.69","0.6","0","0.09","0","0.6","0","0","0.75","60","0","0","0.45","66.67","1.94","0.45","0","54.42","89.01","22.28","81.21","5.68","52.63","0.01","0","0.15","100","0","11.96","78.75","0.9","66.67","0.6","12.26","84.15"
"V. Lund","Norway 1.","Molde","LCB, LB, RCB","22","1400000","2027-12-31","12","600","0","0","Denmark","left","193","7.65","4.5","80","3.9","50","0.75","4.84","0","0","0","0","0","0","0","0.3","0","0.15","0","0.9","33.33","0.6","1.8","0.15","51.9","88.44","22.05","80.27","6.6","47.73","0","0","0","0","0","10.95","80.82","0.9","33.33","0","9.45","74.6"
"M. Børsheim","Norway 1.","Fredrikstad","GK","20","0","2026-12-31","6","600","0","0","Norway","right","194","1.65","0.15","0","0.6","100","0.15","1.88","0.15","0","0","0","0","0","0","0","0","0.15","100","0.3","100","0","0","0","20.85","70.5","15.75","63.81","12.75","54.12","0","0","0","0","0","5.25","48.57","0.3","0","0","7.65","74.51"
"A. Witry","Norway 1.","Rosenborg","RB","29","0","","7","598","1","1","Norway","right","178","7.07","6.62","52.27","1.2","0","0","4.42","2.26","0.15","0.14","0","1.35","22.22","11.111","3.61","45.83","0.3","100","2.41","37.5","1.51","2.56","0.6","50.57","80.65","11.74","66.67","5.57","48.65","0.07","0","0","0","0.3","5.12","70.59","4.21","60.71","1.2","10.54","68.57"
"K. Skjærstein","Norway 1.","Kristiansund","GK","30","200000","","6","595","0","0","Norway","left","190","2.72","0.3","100","0.76","60","0","2.47","0","0","0","0","0","0","0","0","0","0","0","0","0","0","0","0","25.71","76.47","16.03","65.09","10.74","45.07","0","0","0","0","0","3.63","25","0.15","0","0","6.35","71.43"
"E. Fauskanger","Norway 1.","Haugesund","GK","17","0","","6","594","0","0","Norway","unknown","0","1.82","0.15","0","0.61","75","0","2.03","0.15","0","0","0","0","0","0","0","0","0.15","100","0.15","100","0","0","0","29.24","83.94","13.33","68.18","8.94","50.85","0","0","0","0","0","2.27","26.67","0.3","0","0","5.91","64.1"
"J. Therkelsen","Norway 1.","Strømsgodset","AMF, RAMF","22","0","2029-06-30","7","593","2","0","Norway","right","184","3.49","4.4","51.72","2.43","50","0.15","1.39","3.49","0.3","0.18","0.15","1.21","62.5","25","0.46","66.67","3.19","66.67","10.93","55.56","2.12","2.73","0.61","23.37","83.77","7.59","76","1.06","28.57","0.06","0.3","0.3","100","0.46","3.19","76.19","1.37","88.89","1.37","3.64","70.83"
"S. Westerlund","Norway 1.","Strømsgodset","LB","26","200000","2025-12-31","10","578","0","0","Norway","left","185","9.34","5.45","74.29","3.89","60","0.47","4.71","2.02","0","0.04","0","0.93","33.33","0","1.25","62.5","1.4","66.67","4.67","53.33","0.78","0.78","0.31","36.12","81.47","13.7","71.59","2.65","29.41","0.05","0","0","0","0.16","4.98","59.38","1.71","72.73","0.31","8.41","57.41"
"V. Solheim","Norway 1.","Haugesund","RB, RWB","21","300000","2026-12-31","9","562","0","0","Norway","right","181","8.81","8.01","60","4.48","42.86","0.16","4.46","1.44","0","0.01","0","0.48","0","0","2.08","30.77","0.8","100","4.16","38.46","0.64","0.96","0.16","23.86","69.13","9.77","50.82","4.48","42.86","0","0","0","0","0","2.88","61.11","0.96","33.33","0","4.8","43.33"
"J. Sørensen","Norway 1.","Brann","DMF","27","1000000","","7","561","0","1","Denmark","right","184","9.3","9.63","48.33","4.01","40","0.16","6.9","0.32","0","0.04","0","1.12","14.29","0","0","0","0","0","2.73","52.94","0.8","1.76","0","71.23","90.54","19.57","73.77","4.81","50","0.03","0","0.16","100","0.16","13.48","83.33","0.96","50","0.64","7.7","79.17"
"L. Tómasson","Norway 1.","Strømsgodset","LB, RAMF, LAMF","24","1500000","2026-12-31","9","556","1","0","Iceland","left","187","8.09","8.09","60","2.1","69.23","0.16","3.83","2.1","0.16","0.17","0.16","2.43","26.67","6.667","4.05","12","2.27","42.86","4.86","53.33","3.72","3.08","0.32","39.17","69.83","13.6","70.24","3.4","28.57","0.14","0","0.16","0","0.32","5.67","65.71","4.05","32","1.46","7.77","68.75"
"L. Görlich","Norway 1.","Bryne","RB","25","300000","2025-12-31","8","543","0","0","Germany","right","181","10.61","9.61","63.79","3.31","35","0.33","4.29","2.15","0","0","0","0","0","0","3.15","31.58","2.15","53.85","4.48","48.15","0.5","0.66","0.17","26.19","60.76","12.27","47.3","4.97","40","0.09","0","0","0","0.83","5.64","50","3.98","41.67","0.83","8.45","72.55"
"O. Spiten-Nysæter","Norway 1.","Molde","LW, LAMF, RAMF","18","0","","8","542","0","0","Norway","right","0","4.48","3.82","52.17","1","33.33","0","3.36","4.15","0","0.18","0","2.82","11.76","0","2.99","22.22","6.48","46.15","13.95","40.48","4.98","4.15","0.66","26.57","78.75","7.31","70.45","1.16","57.14","0.2","0.17","0.17","100","0.5","2.16","84.62","2.66","56.25","1.66","4.65","64.29"
"H. Haugen","Norway 1.","Viking","RW, RB","25","400000","2026-12-31","14","536","1","0","Norway","right","182","7.22","6.38","60.53","2.85","35.29","0.17","3.21","2.18","0.17","0.15","0","1.01","33.33","16.667","1.85","18.18","1.85","63.64","6.55","41.03","3.86","3.36","0.5","23","76.64","7.39","72.73","2.35","50","0.1","0.17","0.34","100","0.34","3.02","77.78","1.01","66.67","1.01","5.04","73.33"
"M. Rijks","Norway 1.","Vålerenga","CF","22","350000","","14","534","1","1","Netherlands","right","188","5.56","4.04","50","4.55","18.52","0.34","4.8","1.85","0.17","0.29","0","2.02","33.33","8.333","1.01","33.33","1.69","50","9.44","21.43","3.88","0.84","0.17","15.51","76.09","3.37","60","0.51","100","0.19","0.34","0","0","0.51","2.19","76.92","0.67","25","0.84","1.52","66.67"
"J. Urbančič","Norway 1.","Viking","LB","24","500000","","7","532","1","0","Slovenia","left","175","6.26","4.74","57.14","2.71","43.75","0","5.24","2.54","0.17","0.19","0","0.85","40","20","4.57","33.33","1.02","66.67","5.75","50","1.86","3.55","0.17","50.92","84.05","18.95","78.57","5.41","46.88","0.05","0","0","0","0.17","11.17","83.33","4.23","40","0","9.98","81.36"
"D. Braut","Norway 1.","Tromsø","CF","20","0","","23","531","3","2","Norway","right","183","6.27","4.58","66.67","11.36","43.28","0.17","3.59","2.03","0.51","0.35","0.17","1.69","60","30","0.17","100","1.36","62.5","6.78","32.5","2.37","1.19","0.34","13.22","76.92","1.53","44.44","0.17","0","0.14","0","0","0","0.34","0.17","100","0.51","33.33","0.51","1.19","28.57"
"N. Möller","Norway 1.","Strømsgodset","CF","22","600000","2027-06-30","10","529","1","0","Sweden","right","194","2.55","1.19","28.57","8.85","48.08","0","2.27","0.34","0","0.25","0","1.02","16.67","16.667","0","0","0.17","100","4.08","20.83","3.23","0.51","0.17","13.61","85","1.7","60","0.17","0","0.1","0","0","0","0.34","0.85","80","0","0","0.51","0.68","75"
"S. Bjørshol","Norway 1.","Viking","RB, LB","31","350000","","12","519","1","0","Norway","right","184","9.54","7.11","68.29","4.16","50","0.87","5.77","1.21","0.17","0.21","0","1.21","42.86","14.286","1.91","27.27","0.35","50","2.6","40","3.29","2.95","0.69","40.23","84.91","14.22","81.71","1.73","70","0.08","0.17","0","0","0","4.86","78.57","1.39","37.5","0.35","6.76","79.49"
"O. Sæter","Norway 1.","Rosenborg","CF, LWF, RWF","29","0","","16","517","1","0","Norway","left","192","3.66","3.83","54.55","5.22","60","0","2.41","1.74","0.17","0.3","0","2.44","28.57","7.143","1.74","10","1.57","55.56","6.62","31.58","4.53","1.39","0.17","12.19","61.43","2.61","53.33","0.87","80","0.03","0","0","0","0.17","1.74","80","1.04","33.33","0.87","1.57","88.89"
"J. Bjartalíð","Norway 1.","Fredrikstad","CF, AMF, RCMF","29","400000","2025-12-31","12","516","0","2","Faroe Islands","left","180","4.19","4.53","50","1.22","14.29","0.17","2.56","3.14","0","0.13","0","1.92","36.36","0","1.92","54.55","1.57","77.78","7.33","35.71","3.31","0.87","0.35","37.85","79.26","9.77","53.57","2.27","23.08","0.29","0","0.35","50","0.7","4.19","54.17","4.19","54.17","2.09","6.1","80"
"I. Jeličić","Norway 1.","Kristiansund","RCB","25","500000","2026-12-31","9","515","0","0","Serbia","right","187","7.17","3.5","70","3.32","52.63","0.17","4.6","0.17","0","0.07","0","0.17","0","0","0","0","0.17","100","1.22","42.86","0.17","0.7","0","38.45","89.55","14.5","77.11","3.15","61.11","0","0","0","0","0","3.32","84.21","0","0","0","6.99","57.5"
"S. Fet","Norway 1.","Bodø / Glimt","LCMF, RCMF","28","800000","2025-12-31","16","512","2","0","Norway","right","177","6.68","6.33","72.22","2.29","38.46","0.18","2.91","2.64","0.35","0.22","0","1.23","42.86","28.571","1.23","42.86","2.29","69.23","6.5","54.05","4.39","1.41","0","33.05","84.04","7.91","73.33","0.7","75","0.13","0","0","0","0.53","2.99","76.47","1.93","45.45","1.23","2.64","73.33"
"S. Owusu","Norway 1.","Fredrikstad","RCB","29","550000","","7","506","0","0","Ghana","right","176","8.89","4.09","82.61","1.6","55.56","1.07","6.5","0.36","0","0","0","0.18","0","0","0.53","33.33","0.71","25","2.49","14.29","0","1.42","0","53","87.92","17.79","76","7.47","57.14","0.01","0","0","0","0","9.96","75","1.07","33.33","0.18","9.78","72.73"
"T. Kinn","Norway 1.","Viking","GK","26","250000","","5","503","0","0","Norway","right","189","1.61","0.36","50","0.54","100","0","2.4","0","0","0","0","0","0","0","0","0","0","0","0","0","0","0","0","23.98","80.6","15.75","71.59","10.91","59.02","0","0","0","0","0","3.4","36.84","0.36","0","0","7.16","75"
"D. Gaye","Norway 1.","Bryne","LB, RB","30","150000","2026-12-31","11","500","0","0","Norway","both","185","9.36","6.12","61.76","2.34","38.46","0.18","5.96","0.9","0","0","0","0","0","0","1.62","33.33","1.08","33.33","4.86","33.33","0.18","1.08","0.18","38.52","81.31","12.42","60.87","3.42","52.63","0","0","0","0","0","3.96","72.73","2.16","33.33","0.18","7.2","60"
"I. Kukleci","Norway 1.","Haugesund","LCB, CB, RCB","26","0","2027-12-31","7","498","1","0","Norway","","194","9.4","3.98","68.18","4.34","54.17","1.08","6.95","0.36","0.18","0.05","0.18","0.36","50","50","0.18","100","0","0","0.72","25","0.72","0.72","0.18","44.82","86.69","18.43","73.53","4.7","50","0.01","0","0","0","0.18","3.07","88.24","0.36","100","0.18","6.51","50"
"M. Gjone","Norway 1.","Sandefjord","RCB, LCB","20","0","2026-12-31","9","473","0","0","Norway","right","0","4.76","3.23","76.47","7.23","63.16","0.76","3.11","0","0","0.04","0","0.38","0","0","0.19","0","0","0","0.76","75","0.57","1.52","0.19","59.56","86.9","25.5","73.13","7.8","48.78","0","0","0","0","0","8.56","64.44","0.57","0","0","9.89","75"
"L. Alvheim","Norway 1.","Kristiansund","CF","21","0","","16","472","3","0","Norway","right","0","3.24","2.67","35.71","8.58","42.22","0.19","2.13","1.91","0.57","0.41","0.38","2.29","58.33","25","0.38","50","0.76","50","6.86","25","2.86","0","0","11.44","68.33","3.24","52.94","0.19","0","0.03","0","0","0","0","0.19","0","0.76","25","0.19","1.72","22.22"
"E. Amundsen-Day","Norway 1.","HamKam","LCB","20","50000","","7","469","0","0","England","left","189","5.95","3.84","65","4.99","61.54","0.38","3.49","0.38","0","0.06","0","0.58","33.33","0","0.38","50","0.38","0","1.73","44.44","0.77","0.58","0","52","86.35","18.23","68.42","6.91","52.78","0.01","0","0","0","0","10.75","75","0.77","25","0.19","8.64","75.56"
"B. Skaret","Norway 1.","KFUM","LCB, RCB, CB","23","450000","","12","458","0","0","Norway","right","186","8.45","6.09","64.52","3.34","35.29","0","4.47","0","0","0","0","0","0","0","0","0","0.2","0","0.79","50","0","0.39","0","38.52","86.22","14.54","72.97","3.14","56.25","0","0","0","0","0","4.91","64","0.98","60","0.39","4.91","72"
"I. Petcho Camara","Norway 1.","Haugesund","RW, RAMF, LAMF","18","0","","13","451","0","0","Côte d'Ivoire","unknown","0","6.19","5.79","65.52","2.2","27.27","0.2","2.81","3.19","0","0.07","0","0.8","50","0","1","0","6.19","45.16","13.97","35.71","2.59","2.79","1.2","19.36","73.2","5.19","61.54","1.2","33.33","0.02","0","0.2","0","0","1.4","42.86","1","80","0.8","1.8","55.56"
"J. Reitan-Sunde","Norway 1.","Rosenborg","RW, RWF, AMF","19","0","","11","450","0","0","Norway","right","168","6","6.8","52.94","2.2","9.09","0.4","2.75","1","0","0.02","0","0.4","0","0","2.2","9.09","1.2","66.67","7.2","50","3.4","1.4","0.4","10","60","1.8","44.44","0.8","0","0.06","0","0","0","0.2","1","60","0.6","33.33","0.6","0.8","50"
"H. Bruseth","Norway 1.","Sarpsborg 08","LDMF, DMF, RDMF","21","450000","2026-12-31","8","449","0","0","Norway","left","177","7.02","6.21","61.29","0.2","0","0.2","4.66","2","0","0.11","0","2","0","0","1","40","1.6","75","7.22","47.22","2.2","1.4","0.4","44.5","89.64","11.43","77.19","2.61","53.85","0.04","0","0.4","100","0.4","5.41","85.19","3.01","53.33","1.2","3.01","80"
"A. Østbø","Norway 1.","Viking","GK","34","200000","2025-12-31","5","444","0","0","Norway","right","183","1.01","0","0","0.41","50","0","1.02","0","0","0","0","0","0","0","0","0","0","0","0","0","0","0","0","20.88","78.64","14.19","70","11.15","60","0","0","0","0","0","3.65","61.11","0.41","50","0.2","8.51","73.81"
"A. Thongla-Iad Warneryd","Norway 1.","Tromsø","LB, LWB","20","0","","7","444","1","0","Sweden","right","174","5.88","5.27","61.54","2.23","36.36","0","3.39","5.47","0.2","0.1","0","1.42","28.57","14.286","5.47","33.33","6.89","47.06","13.58","40.3","5.07","1.82","0.2","35.07","78.03","5.68","60.71","1.62","62.5","0.1","0","0","0","1.01","1.82","66.67","5.27","61.54","2.84","8.31","70.73"
"M. Ødegaard","Norway 1.","Sarpsborg 08","RCB, RB","32","150000","2025-12-31","10","430","0","0","Norway","right","186","7.95","5.65","66.67","1.26","66.67","0.21","5.38","0.84","0","0.01","0","0.42","50","0","0.84","75","0","0","0.21","100","0.84","1.26","0","56.3","86.62","22.6","78.7","8.37","45","0","0","0","0","0","10.88","80.77","1.47","42.86","1.05","13.19","80.95"
"J. Romsaas","Norway 1.","Tromsø","CF","21","0","2027-06-30","8","427","1","1","Norway","right","187","7.38","4.85","65.22","1.9","66.67","0","4.46","2.11","0.21","0.34","0","2.74","38.46","7.692","2.11","10","0.84","75","7.38","28.57","5.06","1.69","0","28.24","70.15","7.17","67.65","1.26","16.67","0.15","0","0.42","50","0.63","2.53","50","3.16","33.33","1.05","2.11","60"
"B. Njie","Norway 1.","KFUM","CF, LW, LWF","27","400000","","7","422","1","0","Norway","right","184","2.99","3.63","58.82","3.2","46.67","0","1.02","3.41","0.21","0.17","0.21","1.07","40","20","3.63","41.18","2.77","53.85","7.68","38.89","3.84","2.13","0.21","21.75","77.45","3.41","68.75","0.64","66.67","0.13","0","0","0","0.43","1.07","100","3.2","40","0.64","1.92","88.89"
"M. Grundetjern","Norway 1.","Vålerenga","CF","25","250000","","5","414","2","2","Norway","","0","5.65","3.48","56.25","2.39","18.18","0.43","3.91","2.17","0.43","0.17","0","2.17","50","20","0.22","100","1.74","50","3.26","46.67","3.26","0.87","0.22","15.65","69.44","4.13","42.11","1.3","66.67","0.09","0","0","0","1.09","2.83","69.23","1.09","60","1.09","3.7","52.94"
"A. Mikkelsen","Norway 1.","Tromsø","CF","24","1200000","2027-12-31","11","413","0","0","Norway","right","167","5.23","4.58","52.38","1.74","0","0","2.48","1.53","0","0.1","0","0.87","0","0","0.65","33.33","2.4","45.45","9.59","40.91","1.96","1.31","0.44","22.23","68.63","5.01","52.17","0.44","100","0.05","0","0.22","100","0","2.18","80","1.31","66.67","0.22","4.36","50"
"F. Carstensen","Norway 1.","Sarpsborg 08","RW, RAMF, RWF","23","350000","2028-12-31","7","412","2","0","Denmark","right","179","7.21","7.65","54.29","3.93","44.44","0","3.44","3.93","0.44","0.23","0.22","1.09","40","40","3.5","25","4.15","63.16","8.3","44.74","4.15","3.28","0.22","27.74","78.74","6.77","67.74","0.87","25","0.02","0.22","0","0","0.22","0.22","0","2.4","45.45","0.87","3.06","64.29"
"M. Ndiaye","Norway 1.","KFUM","CF","28","250000","2025-12-31","14","406","1","1","Senegal","right","188","3.1","2.88","61.54","7.54","32.35","0","1.55","2","0.22","0.31","0.22","2.22","30","10","0.22","100","1.55","71.43","12.41","30.36","4.21","0.44","0","20.39","82.61","2.66","58.33","0.89","75","0.11","0","0.22","0","0.67","1.55","71.43","0","0","0.67","1.77","62.5"
"R. Espejord","Norway 1.","Haugesund","CF","29","400000","","7","401","1","0","Norway","right","189","3.37","2.69","58.33","6.73","30","0","2.38","2.24","0","0.26","0","2.02","44.44","11.111","0.67","33.33","1.57","71.43","11","20.41","2.47","0.67","0.22","17.51","74.36","3.14","42.86","1.57","14.29","0.01","0","0","0","0","1.8","50","1.12","40","0.45","2.02","44.44"
"O. Vlachodimos","Norway 1.","Benfica","GK","31","7000000","2027-06-30","34","3333","0","0","Germany","right","191","1.32","0.08","100","0.49","94.44","0","2.08","0","0","0","0","0","0","0","0","0","0","0","0.19","71.43","0","0","0","14.53","88.48","6.26","75.43","3.67","61.03","0","0","0","0","0","0.57","38.1","0.03","0","0","3.02","66.96"
"Fran Navarro","Portugal 1.","Gil Vicente","CF","27","8000000","2028-06-30","34","3324","17","2","Spain","right","179","2.95","4.41","42.94","2.95","32.11","0.08","1.31","2.03","0.38","0.63","0.05","2.55","51.06","18.085","0.27","30","1.08","57.5","5.44","35.82","3.41","0.46","0.08","9.75","79.17","1.84","55.88","0.16","50","0.04","0","0.11","25","0.16","0.7","65.38","0.27","50","0.27","0.73","59.26"
"F. Buntić","Portugal 1.","Vizela","GK","28","600000","2027-06-30","33","3305","0","0","Germany","left","194","1.91","0.08","33.33","0.33","75","0","2.3","0","0","0","0","0","0","0","0","0","0","0","0","0","0","0","0","10.57","87.89","4.98","77.05","3.35","68.29","0","0","0","0","0","0.84","58.06","0.05","0","0","2.78","77.45"
"Luiz Júnior","Portugal 1.","Famalicão","GK","24","6000000","2030-06-30","33","3285","0","0","Brazil","left","192","1.81","0.11","75","0.63","86.96","0","2.25","0","0","0","0","0","0","0","0","0","0","0","0.08","100","0","0","0","16.33","82.38","9.73","72.96","7.26","63.4","0","0.03","0","0","0","1.64","51.67","0.14","0","0","5.45","71.36"
"Diogo Costa","Portugal 1.","Porto","GK","26","45000000","2027-06-30","33","3272","0","0","Portugal","right","188","1.79","0.14","60","0.33","100","0","2.89","0.03","0","0","0","0","0","0","0","0","0.03","100","0.14","100","0","0","0","25.8","88.06","13.62","80.2","8.8","67.81","0","0.03","0","0","0.03","2.17","50.63","0.17","0","0","6.22","76.55"
"Álex Grimaldo","Portugal 1.","Benfica","LB","29","45000000","2027-06-30","33","3183","5","9","Spain","left","171","7.92","6.73","63.45","1.33","57.45","0.03","5.36","4.69","0.08","0.11","0","1.13","45","12.5","5.77","40.69","2.74","53.61","5.66","43.5","1.7","2.32","0.54","58.87","84.25","14.51","77","2.8","61.62","0.26","0.06","0.85","43.33","1.22","5","70.62","5.97","55.92","1.58","8.62","87.54"
"Jhonatan","Portugal 1.","Rio Ave","GK","34","800000","","32","3179","0","0","Brazil","right","189","2.15","0.11","50","0.31","81.82","0","2.72","0.03","0","0","0","0","0","0","0","0","0.03","100","0.25","88.89","0","0","0","16.73","82.74","10.14","75.14","5.58","57.36","0","0","0","0","0","1.27","33.33","0.2","0","0","4.08","59.03"
"Matheus","Portugal 1.","Sporting Braga","GK","33","6000000","2027-06-30","32","3164","0","0","Brazil","right","190","2.36","0.17","50","0.51","88.89","0","3.15","0.11","0","0","0","0","0","0","0","0","0.17","66.67","0.48","82.35","0","0","0","22.96","88.23","11.95","80.24","7.48","69.2","0","0","0","0","0","1.79","53.97","0.14","0","0","5.18","74.73"
"Guga","Portugal 1.","Rio Ave","LCMF","28","2500000","2025-12-31","33","3163","2","2","Portugal","right","168","6.74","6.43","54.87","0.74","19.23","0.11","3.62","1.96","0.06","0.07","0","1.39","38.78","4.082","0.91","46.88","1.48","61.54","5.69","44.5","0.65","1.56","1.31","39.01","87.16","9.96","76.57","2.79","63.27","0.1","0","0.17","50","0.26","5.58","77.04","1.68","54.24","0.6","4.67","73.78"
"Filipe Relvas","Portugal 1.","Portimonense","LCB, LB","26","0","2026-06-30","33","3157","0","1","Portugal","left","192","9.89","4.76","72.46","5.13","69.44","0.71","8.92","0.91","0","0.04","0","0.29","20","0","0.83","48.28","0.51","72.22","1.34","55.32","0.63","0.54","0.17","45.19","85.62","18.22","77.31","6.39","60.27","0.03","0","0.11","75","0.2","6.19","65.44","1.34","36.17","0.23","9.41","73.64"
"Dani Figueira","Portugal 1.","Estoril","GK","27","1000000","","32","3147","0","0","Portugal","right","189","1.74","0.06","100","0.34","91.67","0","2.33","0","0","0","0","0","0","0","0","0","0","0","0.11","100","0","0","0.03","19.13","89.69","7.49","75.57","5.41","68.25","0","0","0","0","0","0.8","57.14","0.14","40","0.03","4.4","70.13"
"João Basso","Portugal 1.","Arouca","RCB","28","2000000","2026-12-31","32","3106","3","0","Brazil","right","187","10.61","5.71","73.1","3.36","67.24","0.58","8.36","0.67","0.03","0.1","0.03","0.29","40","30","0.14","40","0.7","66.67","2.09","62.5","0.58","0.35","0.12","43.49","89.34","17.68","81.15","4.9","56.8","0","0","0.06","50","0","4.06","63.57","0.46","43.75","0.17","6.95","70.83"
"A. Santos","Portugal 1.","Rio Ave","CB","36","200000","","32","3104","1","0","Brazil","right","193","9.57","5.51","64.21","5.39","59.68","0.7","7.63","0.26","0.03","0.04","0.03","0.49","29.41","5.882","0","0","0.14","80","0.46","62.5","0.43","0.26","0.06","48.89","89.86","16.56","78.46","5.36","47.03","0","0","0","0","0","3.94","55.15","0.29","10","0.09","5.83","66.17"
"Kiko Bondoso","Portugal 1.","Vizela","LAMF, RWF, LW","29","600000","2026-06-30","34","3080","2","2","Portugal","right","169","3.92","3.86","56.06","2.16","20.27","0","1.96","3.07","0.06","0.11","0","0.96","42.42","6.061","1.49","23.53","3.51","56.67","8.15","43.73","2.48","1.96","1.26","27.44","76.46","7.19","70.33","1.08","54.05","0.12","0.06","0.76","42.31","0.7","3.54","71.07","2.25","57.14","1.26","3.94","74.81"
"Ricardo Batista","Portugal 1.","Casa Pia AC","GK","38","100000","2026-06-30","31","3063","0","0","Portugal","left","193","1.59","0.12","100","0.59","95","0","1.7","0","0","0","0","0","0","0","0","0","0","0","0.15","100","0.03","0.03","0","16.66","82.19","8.17","66.19","6.17","55.71","0","0","0","0","0","1.76","36.67","0.21","0","0","4.29","69.86"
"Pedro Malheiro","Portugal 1.","Boavista","RB, RWB","24","0","","32","3060","0","5","Portugal","right","179","10.97","9.26","64.13","1.82","37.1","0.12","6.52","2.29","0","0.02","0","0.41","21.43","0","2.79","26.32","2.53","56.98","5.26","46.37","0.53","1.12","0.71","43.21","78.9","16.5","69.16","5.24","41.57","0.09","0","0.06","50","0.35","5.21","64.41","2.29","32.05","0.21","7.56","62.65"
"Costinha","Portugal 1.","Rio Ave","RWB, RB","25","0","","33","3053","3","2","Portugal","right","181","13.83","10.29","60.46","4.13","44.29","0.35","9.18","3.33","0.09","0.08","0.06","0.8","48.15","11.111","3.66","30.65","3.57","46.28","7.93","42.75","1.5","1.62","0.71","31.96","73.52","10.05","63.34","3.36","42.11","0.06","0.06","0.27","66.67","0.38","3.68","66.4","3.07","35.58","0.32","6.75","71.18"
"Antonio Adán","Portugal 1.","Sporting CP","GK","38","500000","","31","3052","0","0","Spain","left","190","1.33","0.09","0","0.27","88.89","0","2.33","0","0","0","0","0.03","0","0","0","0","0","0","0","0","0.06","0","0","21.38","88.83","8.73","75.68","4.54","53.25","0","0","0","0","0","0.68","26.09","0.09","0","0.03","3.54","54.17"
"Pedro Gonçalves","Portugal 1.","Sporting CP","LWF, LCMF","27","32000000","2030-06-30","33","3049","15","9","Portugal","right","173","5.73","5.82","57.36","0.89","26.67","0.09","3.91","4.4","0.27","0.46","0.03","2.95","39","15","2.21","32","4.75","44.1","9.09","40.58","3.54","2.24","0.86","33.98","80.63","8.38","67.96","2.18","58.11","0.23","0.06","0.94","46.88","0.71","3.81","80.62","3.57","57.02","2.07","4.43","84"
"N. Otamendi","Portugal 1.","Benfica","LCB, RCB","37","1000000","2026-06-30","31","3026","1","0","Argentina","right","183","8.71","5.47","72.28","5.12","62.79","0.24","7.31","0.57","0.03","0.07","0.03","0.65","36.36","4.545","0.12","0","0.54","55.56","1.64","63.64","0.89","1.43","0.06","63.05","92.36","20.64","84.87","4.64","57.69","0","0","0.06","50","0.09","7.26","80.74","0.48","18.75","0.12","7.05","70.46"
"G. Makouta","Portugal 1.","Boavista","LCMF, RCMF","27","3000000","2027-06-30","32","3008","2","3","France","right","180","6.28","4.13","55.8","4.55","53.95","0.09","4.76","1.8","0.06","0.07","0","0.9","26.67","6.667","0.9","13.33","2.33","56.41","7.45","42.17","0.99","1.14","0.48","37.04","82.96","10.56","69.97","2.39","51.25","0.02","0.03","0.33","36.36","0.12","4.4","68.71","1.17","28.21","0.36","4.79","74.38"
"P. Vítor","Portugal 1.","Chaves","GK","36","200000","","30","2995","0","0","Brazil","right","195","2.22","0.12","100","1.08","77.78","0","2.79","0.06","0","0","0","0","0","0","0","0","0.06","100","0.27","66.67","0","0","0","16.26","84.66","9.26","75.65","4.69","55.77","0","0","0","0","0.03","2.16","48.61","0.27","22.22","0.03","3.79","70.63"
"K. Nakamura","Portugal 1.","Portimonense","GK","30","700000","","30","2976","0","0","Japan","right","185","1.6","0.15","40","0.18","100","0","2.12","0.03","0","0","0","0","0","0","0","0","0.06","50","0.21","85.71","0","0","0","22.74","87.37","12.49","78.93","9.5","74.2","0","0","0","0","0","2.18","68.06","0.03","0","0","7.95","78.71"
"Mateus Quaresma","Portugal 1.","Arouca","LB","28","1500000","","32","2972","1","1","Brazil","left","181","10.54","7.45","59.76","1.85","50.82","0.27","7.78","2.54","0.03","0.01","0","0.36","16.67","8.333","2.09","26.09","3.51","50.86","8.48","41.79","0.61","1.64","1.27","40.12","78.42","15.84","69.6","4.63","52.29","0.03","0.03","0.45","33.33","0.24","5.54","62.3","2.7","35.96","0.48","8.06","64.29"
"Anderson","Portugal 1.","Vizela","LCB, RCB, CB","30","600000","","30","2970","3","0","Brazil","right","186","8.36","4.58","71.52","4.61","53.29","0.61","6.07","0.27","0.09","0.07","0.03","0.39","53.85","23.077","0","0","0.09","33.33","1.12","51.35","0.67","0.3","0.06","29.88","82.56","12.82","68.09","3.76","37.1","0","0","0.12","25","0","2.48","36.59","0.45","0","0.06","4.7","52.26"
"Vitor Carvalho","Portugal 1.","Gil Vicente","RDMF, RCMF, DMF","28","5000000","2028-06-30","31","2950","3","0","Brazil","right","183","9","7.9","60.23","4.48","53.74","0.27","5.65","1.13","0.09","0.08","0.06","0.88","31.03","10.345","0.21","42.86","0.88","65.52","4.09","48.51","0.85","0.7","0.09","51.62","87.77","13.48","75.11","3.51","57.39","0.04","0.03","0.52","35.29","0.15","7.11","70.82","1.25","36.59","0.43","5.8","76.32"
"I. de Arruabarrena","Portugal 1.","Arouca","GK","28","0","","30","2948","0","0","Uruguay","right","183","2.26","0.09","100","1.07","82.86","0","2.75","0","0","0","0","0","0","0","0","0","0","0","0.18","83.33","0","0","0","16.3","83.52","10.56","75.43","7.85","69.26","0.01","0","0","0","0.03","1.31","55.81","0.12","0","0","6.2","72.91"
"J. Teixeira","Portugal 1.","Chaves","LDMF, LCMF","31","800000","","32","2939","5","4","Portugal","right","178","7.14","6.95","51.54","1.22","42.5","0.18","4.14","2.91","0.09","0.2","0","2.42","29.11","6.329","1.29","28.57","2.79","61.54","8.21","47.39","1.19","2.39","1.16","38.89","82.83","12.1","75.19","2.85","68.82","0.18","0","0.49","25","0.37","6.43","77.62","2.14","61.43","1.01","6.25","79.41"
"J. Delgado","Portugal 1.","Paços de Ferreira","RB","31","600000","2025-12-31","31","2935","0","1","Chile","right","177","7.79","7.6","50","2.18","33.8","0.09","4.54","3.56","0","0.03","0","0.34","27.27","0","3.47","44.25","3.22","56.19","6.59","51.63","0.95","2.73","0.89","35.63","78.74","13.12","70.56","4.02","53.44","0.08","0.09","0.31","40","0.43","5.55","60.77","3.8","46.77","0.46","8.03","82.06"
"António Silva","Portugal 1.","Benfica","RCB","21","0","","30","2931","3","0","Portugal","right","187","7.65","5.34","64.37","3.13","56.86","0.37","6.74","0.58","0.09","0.12","0.06","0.52","35.29","17.647","0.12","0","0.55","72.22","1.81","50.85","0.68","1.23","0.12","56.59","93.05","19.99","85.71","4.27","60.43","0.01","0","0","0","0.09","6.94","82.3","0.49","18.75","0.12","7.37","79.58"
"Samu","Portugal 1.","Vizela","AMF, LCMF, RCMF","28","1500000","2027-06-30","33","2922","3","4","Portugal","left","170","9.7","8.81","59.79","2.19","46.48","0.28","4.87","1.97","0.06","0.19","0","1.48","31.25","6.25","1.57","25.49","1.26","53.66","5.33","44.51","1.91","1.02","0.22","41.24","81.55","14.91","74.59","3.42","52.25","0.12","0.03","0.65","66.67","0.43","6.56","76.06","2.25","57.53","1.2","6.93","76"
"S. Vitória","Portugal 1.","Chaves","RCB, LCB","38","100000","","31","2919","7","0","Canada","right","195","7.06","2.99","63.92","3.64","72.88","1.26","6.47","0.55","0.06","0.23","0.06","0.83","40.74","25.926","0.06","50","0.22","71.43","0.8","61.54","0.77","0.22","0.06","34.44","88.9","12.49","76.3","3.85","47.2","0","0","0.06","50","0","3.21","60.58","0.34","18.18","0.09","5.09","69.7"
"Antunes","Portugal 1.","Paços de Ferreira","LB, LCB","38","50000","","31","2917","1","2","Portugal","left","175","9.81","6.48","65.71","2.07","37.31","0.31","6.87","2.22","0","0.06","0","0.83","29.63","3.704","2.72","29.55","2.04","54.55","4.87","50","0.46","1.42","0.68","39.96","72.51","20.83","65.33","8.42","44.32","0.09","0","0.19","33.33","0.25","7.37","56.9","2.93","33.68","0.22","10.4","69.44"
"F. Moufi","Portugal 1.","Portimonense","RB, RWB","29","1500000","2026-05-31","31","2883","1","2","France","right","179","8.62","6.15","60.91","4.18","60.45","0.5","6.18","3.06","0.03","0.05","0.03","0.47","20","6.667","3.9","35.2","2.47","63.29","6.02","47.67","1.47","1","0.25","32.47","73.46","10.43","61.68","4.15","51.88","0.09","0","0.12","25","0.62","3.75","60","3.18","43.14","0.37","6.49","73.08"
"Pepê","Portugal 1.","Porto","RB, RW, RAMF","28","30000000","2027-06-30","33","2881","4","6","Brazil","right","175","6.44","5.06","56.17","1.84","40.68","0.06","6.06","4.81","0.12","0.12","0","1.06","23.53","11.765","2.12","45.59","5.22","62.87","11.31","50.83","2.22","2.37","1.66","38.61","79.05","12.78","66.5","2.69","48.84","0.15","0.12","0.91","34.48","0.72","5","65.63","3.06","55.1","1.34","6.59","79.15"
"Nélson Monte","Portugal 1.","Chaves","LCB, RB","30","500000","2026-06-30","31","2869","0","0","Portugal","right","187","10.38","5.46","64.37","3.51","52.68","0.6","8.69","0.41","0","0.02","0","0.16","40","0","0.82","30.77","0.19","50","0.72","43.48","0.5","0.85","0.22","39.84","83.86","17.35","74.68","5.18","54.55","0.01","0.03","0.13","0","0.06","5.02","64.38","1.32","38.1","0.41","7.84","73.6"
"Riccieli","Portugal 1.","Famalicão","RCB","26","3000000","2027-06-30","30","2860","0","0","Brazil","right","184","9.16","4.97","63.29","4.53","56.25","1.01","7.47","0.09","0","0.03","0","0.28","11.11","0","0.06","50","0.06","50","0.69","54.55","0.53","0.06","0","38.36","91.63","11.17","80","3.71","62.71","0.02","0.03","0","0","0.09","2.39","64.47","0.13","75","0.13","4.88","68.39"
"Ricardo Horta","Portugal 1.","Sporting Braga","LW, AMF","30","15000000","2028-06-30","30","2857","14","7","Portugal","right","173","5.48","5.01","59.75","0.76","29.17","0.09","3.66","2.99","0.41","0.41","0","3.02","45.83","14.583","1.13","41.67","1.42","53.33","5.61","42.7","3.75","0.95","0.38","35.44","85.33","9.8","77.81","1.86","59.32","0.18","0.09","0.82","46.15","0.76","4.82","81.7","2.8","66.29","2.11","4.76","82.78"
"Adrián Marín","Portugal 1.","Gil Vicente","LB","28","1500000","2026-06-30","31","2851","0","1","Spain","left","181","8.46","6.44","54.41","3.13","52.53","0.16","6.55","2.05","0","0.01","0","0.22","14.29","0","2.78","29.55","1.96","54.84","3.25","44.66","0.85","1.42","0.22","40.72","75.5","16.89","67.66","4.89","49.68","0.05","0","0.69","18.18","0.28","7.29","58.44","3.73","44.07","0.85","11.24","78.93"
"Pedrão","Portugal 1.","Portimonense","RCB, CB","28","1200000","2027-06-30","29","2840","2","0","Brazil","right","194","9.76","6.34","67","2.88","71.43","0.44","7.38","0.92","0.06","0.07","0.03","0.51","37.5","12.5","0.38","25","0.86","66.67","3.01","53.68","0.73","0.82","0.19","45.73","86","20.12","76.38","7.73","61.07","0.04","0","0.25","25","0.13","6.97","65.91","0.98","51.61","0.44","9.73","73.29"
"S. Colombatto","Portugal 1.","Famalicão","LDMF, LCMF","28","4000000","2027-06-30","33","2838","3","5","Argentina","left","179","8.53","6.69","57.82","2.06","35.38","0.1","5.1","1.21","0.06","0.11","0","0.92","41.38","10.345","0.89","25","0.89","57.14","4.69","48.65","0.82","0.63","0.22","37.99","88.48","10.88","77.84","3.84","65.29","0.14","0","0.22","42.86","0.19","5.36","76.33","1.21","47.37","0.57","5.87","78.38"
"Pedro Álvaro","Portugal 1.","Estoril","RCB, LCB","25","1500000","","30","2837","1","0","Portugal","right","186","6.95","4.06","53.13","3.9","52.85","0.76","6.11","0.48","0.03","0.04","0.03","0.32","50","10","0.13","0","0.51","62.5","1.43","48.89","0.44","0.73","0.13","44.44","88.22","15.99","77.58","6.82","58.6","0","0","0.06","0","0","4.16","66.41","0.54","23.53","0.13","7.58","63.18"
"K. Fujimoto","Portugal 1.","Gil Vicente","AMF, RCMF","26","3000000","","34","2830","0","1","Japan","left","176","3.91","3.72","55.56","0.54","35.29","0.1","2.18","1.56","0","0.04","0","0.7","18.18","0","1.43","26.67","1.43","48.89","4.93","35.48","1.97","0.95","0.19","35.33","83.17","8.49","71.16","1.3","46.34","0.1","0","1.18","29.73","0.54","4.39","71.01","2.29","48.61","0.99","3.66","80"
"Joãozinho","Portugal 1.","Estoril","LB","35","75000","2025-06-30","30","2825","1","3","Portugal","left","185","7.33","4.78","60","1.91","50","0.38","6.04","1.24","0.03","0.01","0","0.22","28.57","14.286","2.26","28.17","0.86","59.26","2.04","46.88","0.41","0.7","0.29","36.99","81.57","16.88","76.04","4.52","53.52","0.05","0.03","0.16","20","0.22","5.19","69.33","2.36","35.14","0.35","8","76.89"
"João Mário","Portugal 1.","Benfica","RAMF, LAMF","32","4000000","2026-06-30","33","2823","17","7","Portugal","right","179","6.38","6.31","57.07","1.28","37.5","0.03","4.23","4.02","0.32","0.54","0","2.33","46.58","23.288","3.03","40","3.16","45.45","9.82","39.94","3.09","1.98","0.96","46.42","86.4","11.22","79.26","1.53","58.33","0.17","0.1","0.54","52.94","0.99","4.37","79.56","4.08","57.81","1.98","6.82","87.85"
"M. Villanueva","Portugal 1.","Vitória Guimarães","LCB","32","1500000","","29","2815","1","1","Venezuela","left","192","8.79","4.64","73.1","4.25","53.38","0.38","7.36","0.54","0.03","0.03","0.03","0.19","50","16.667","0.13","50","0.45","85.71","1.06","69.7","0.42","0.58","0.1","40.86","88.42","19.21","83.19","5.6","64","0","0","0","0","0.03","5.34","71.86","0.29","44.44","0.1","9.27","78.28"
"André Vidigal","Portugal 1.","Marítimo","CF, LW","26","1500000","2026-06-30","32","2815","8","0","Portugal","right","176","4.12","4.57","51.05","1.85","29.31","0","1.99","3.48","0.26","0.22","0.03","2.05","26.56","12.5","2.14","20.9","4.54","48.59","11.67","34.79","2.3","2.08","1.28","18.48","75.26","4.12","69.77","1.18","54.05","0.04","0.06","0.58","50","0.35","1.25","69.23","2.56","43.75","0.9","2.59","70.37"
"M. Taremi","Portugal 1.","Porto","CF, AMF","33","10000000","2027-06-30","33","2805","22","6","Iran","right","186","3.53","3.21","58","4.43","44.2","0.1","2.5","3.53","0.48","0.63","0.06","2.95","51.09","23.913","0.9","25","2.57","55","6.42","46","5.36","1.83","0.8","24","77.41","6.42","64.5","0.67","61.9","0.13","0.13","1.48","26.09","0.64","2.25","75.71","2.25","48.57","1.6","2.37","83.78"
"S. Coates","Portugal 1.","Sporting CP","CB","34","3500000","2025-12-31","30","2799","1","0","Uruguay","right","196","6.66","3.09","72.92","4.37","57.35","0.51","7.25","0.39","0.03","0.06","0","0.32","30","10","0","0","0.45","64.29","1.09","52.94","0.68","0.77","0.06","63.18","91.81","17.72","78.58","6.14","54.45","0.02","0","0.06","0","0.13","8.49","70.83","0.68","23.81","0.16","8.87","83.33"
"Rafael Bracali","Portugal 1.","Boavista","GK","43","0","","28","2776","0","0","Brazil","right","185","2.14","0.06","50","0.62","89.47","0","2.73","0.06","0","0","0","0","0","0","0","0","0.06","100","0.13","100","0","0","0","12.97","85.75","7.75","78.66","5.64","71.26","0","0.03","0","0","0","0.78","62.5","0","0","0","5.12","75.32"
"David Simão","Portugal 1.","Arouca","LDMF, LCMF, RCMF","35","200000","","31","2765","0","2","France","left","183","8.66","6.67","54.15","1.3","47.5","0.42","5.23","1.11","0","0.01","0","0.52","18.75","0","0.81","32","1.01","61.29","3.84","44.92","0.13","0.36","0.16","48.79","85.59","16.34","78.29","5.44","55.69","0.07","0","0.42","30.77","0.16","7.23","68.02","1.17","30.56","0.23","7.29","78.57"
"Alexandre Penetra","Portugal 1.","Famalicão","RB, LCB","23","4500000","2028-06-30","29","2760","2","2","Portugal","right","186","8.71","5.84","59.78","3.13","52.08","0.36","5.96","1.57","0.07","0.05","0.03","0.52","25","12.5","2.84","41.38","0.2","16.67","0.78","33.33","0.59","0.42","0.07","38.41","80.73","16.4","73.36","5.97","56.28","0.06","0.07","0.29","77.78","0.42","5.35","68.29","2.74","42.86","0.23","9.42","74.39"
"B. Onyemaechi","Portugal 1.","Boavista","LB, LCB","25","3000000","2026-06-30","29","2749","1","1","Nigeria","left","184","9.4","6.61","62.38","2.42","47.3","0.13","6.63","2.32","0.03","0.03","0","0.69","19.05","4.762","3.31","25.74","2.19","59.7","5.57","50","0.43","1.44","0.98","37.85","75.09","15.65","65.69","5.34","43.56","0.11","0.03","0.1","33.33","0.46","5.76","60.23","2.85","31.03","0.23","7.66","67.95"
"Bruno Langa","Portugal 1.","Chaves","LB","27","1500000","2028-06-30","29","2721","0","0","Mozambique","left","178","8.77","5.52","60.48","1.69","54.9","0.33","6.59","3.94","0","0.02","0","0.6","16.67","0","2.08","41.27","4.2","67.72","8.3","59.76","0.36","2.05","1.26","34.7","74.55","17.13","67.18","4.83","46.58","0.05","0","0.43","30.77","0.3","5.52","64.67","2.45","44.59","0.43","9.76","71.19"
"Cláudio Winck","Portugal 1.","Marítimo","RB, RWB","31","700000","2027-06-30","34","2718","6","3","Brazil","right","184","8.74","7.32","59.73","2.78","51.19","0.23","6.31","3.91","0.07","0.18","0","1.26","23.68","15.789","3.44","25.96","4.37","58.33","7.58","51.09","1.72","2.45","1.26","33.08","68.27","15.76","60.5","5.46","40.61","0.08","0","0.36","45.45","0.53","5.76","54.02","3.34","44.55","0.83","8.68","75.95"
"Vasco Fernandes","Portugal 1.","Casa Pia AC","CB","38","100000","","30","2718","0","0","Portugal","right","182","8.34","3.05","68.48","2.12","57.81","1.16","7.05","0.36","0","0.05","0","0.23","14.29","0","0.2","50","0.4","58.33","1.26","55.26","0.46","0.23","0","39.24","88.02","14.57","76.36","4.8","53.1","0.01","0","0.03","0","0.07","4.3","62.31","0.26","37.5","0.1","6.13","64.86"
"Bruno Varela","Portugal 1.","Vitória Guimarães","GK","30","4000000","2026-06-30","27","2702","0","1","Portugal","right","191","1.8","0.1","100","0.7","85.71","0","2.32","0.03","0","0","0","0","0","0","0","0","0.07","50","0.27","50","0","0","0","15.79","84.6","9.73","77.74","7.23","70.05","0.02","0.03","0","0","0.03","1.37","56.1","0.13","50","0.03","5.43","77.3"
"M. Uribe","Portugal 1.","Porto","RCMF, DMF, LCMF","34","4000000","2026-06-30","31","2697","4","0","Colombia","right","182","9.44","7.17","58.6","3.74","57.14","0.17","8.15","1.37","0.07","0.16","0","0.97","31.03","13.793","0.77","26.09","1.13","55.88","3.1","49.46","1","0.5","0.17","54.29","86.85","18.19","77.25","6.64","62.81","0.04","0.03","0.5","46.67","0.2","8.94","76.87","2.1","49.21","0.83","8.48","78.35"
"Nuno Lima","Portugal 1.","Paços de Ferreira","RCB","23","500000","2027-06-30","28","2692","1","0","Portugal","right","184","8.36","3.71","65.77","3.28","52.04","0.8","7.24","0.33","0.03","0.07","0","0.27","62.5","12.5","0.13","25","0.13","100","0.7","52.38","0.37","0","0","42.36","87.29","19.32","79.76","6.02","55","0","0","0","0","0","4.35","60.77","0.4","16.67","0","8.59","71.98"
"A. Ruiz","Portugal 1.","Arouca","AMF, RCMF, LCMF","31","800000","2026-06-30","31","2685","3","1","Argentina","left","183","5.23","5.63","47.02","6.5","46.91","0.07","2.78","3.18","0.1","0.08","0","2.18","29.23","4.615","0.87","38.46","3.08","58.7","10.66","45.28","0.67","1.11","0.34","40.66","82.36","10.69","67.71","5.8","55.49","0.09","0.07","0.77","52.17","0.17","6.97","65.87","2.31","44.93","0.8","5.93","77.4"
"Vítor Costa","Portugal 1.","Marítimo","LB, LWB","30","350000","2025-12-31","28","2666","2","1","Brazil","left","182","9.32","7.36","55.5","2.16","53.13","0.14","6.58","2.4","0.07","0.03","0","0.51","33.33","13.333","2.84","33.33","1.76","69.23","4.05","57.5","0.78","1.38","0.78","36.43","76.27","13.81","66.99","4.42","51.15","0.06","0","0.27","25","0.3","5.57","66.67","2.73","44.44","0.41","9.42","68.1"
"Tiago Santos","Portugal 1.","Estoril","RB","23","0","2029-06-30","30","2641","0","5","Portugal","right","175","9.37","8.52","66","1.57","47.83","0.1","5.23","4.29","0","0.01","0","0.41","25","0","3.2","34.04","5.08","59.73","8.89","55.56","1.02","2.56","1.67","31.15","76.48","11.21","67.17","3.92","44.35","0.12","0","0.14","50","0.61","3.82","56.25","2.56","34.67","0.37","6.24","66.67"
"S. Pérez","Portugal 1.","Boavista","DMF, RCMF","32","2000000","","29","2630","3","0","Colombia","right","175","9.92","8.11","59.07","1.13","33.33","0.1","5.01","0.82","0.1","0.04","0.07","0.41","58.33","25","0.17","80","0.58","52.94","3.63","48.11","0.34","0.24","0","50.34","89.53","13.93","75.18","5.58","55.83","0.02","0.03","0.38","36.36","0.17","6.43","66.49","1.71","38","0.51","6.4","82.35"
"Gonçalo Inácio","Portugal 1.","Sporting CP","LCB, RCB, CB","24","45000000","2027-06-30","33","2613","1","1","Portugal","left","185","8.3","5.92","66.86","4.1","55.46","0.28","6.81","1","0.03","0.07","0.03","0.52","26.67","6.667","0.1","66.67","1","72.41","2.2","54.69","0.55","2.51","0.14","75.5","91.42","29.9","84.22","4.79","54.68","0.02","0","0.28","25","0.14","11.99","80.75","0.72","42.86","0.28","10.82","79.3"
"Rui Pires","Portugal 1.","Paços de Ferreira","DMF, LCMF, CB","26","600000","2025-06-30","31","2611","0","0","Portugal","right","182","9.55","7.24","59.52","1.45","50","0.52","5.07","0.21","0","0.01","0","0.1","0","0","0.17","80","0.21","16.67","1.21","48.57","0.24","0.1","0.03","38.33","89.39","12.62","80.05","3.93","64.04","0.03","0.03","0.07","50","0.17","4.93","76.92","0.59","47.06","0.28","5.55","75.16"
"S. Godwin","Portugal 1.","Casa Pia AC","LWF, LW","28","2300000","","30","2608","4","1","Nigeria","right","173","4.24","5.35","50.32","1.24","19.44","0.03","1.83","5.25","0.1","0.24","0","2.59","33.33","5.333","3.17","28.26","7.8","44.69","13.15","38.32","3.11","3.97","2.35","18.36","64.29","3.66","57.55","1.14","51.52","0.12","0.14","0.31","0","0.76","1.21","57.14","3.17","47.83","0.97","2.69","66.67"
"Vítor Tormena","Portugal 1.","Sporting Braga","RCB, LCB","29","0","","27","2594","1","0","Brazil","right","192","9.61","5.72","70.3","3.57","66.99","0.8","8.19","0.38","0.03","0.04","0.03","0.38","45.45","9.091","0.1","66.67","0.17","80","1.01","37.93","0.56","0.49","0.1","51.63","88.44","19.74","77.5","6.63","53.4","0.01","0","0","0","0.07","7.01","72.28","0.45","46.15","0.14","9.12","71.48"
"André Amaro","Portugal 1.","Vitória Guimarães","RCB, LCB","22","5500000","2026-06-30","27","2590","1","1","Portugal","right","188","10.91","6.85","70.56","4.1","57.63","0.52","7.34","0.66","0.03","0.06","0.03","0.42","33.33","8.333","0.14","50","0.59","70.59","2.4","60.87","0.52","1.29","0.49","37.08","89.5","14.77","81.18","3.44","57.58","0.01","0.03","0.03","100","0.07","3.2","80.43","0.24","57.14","0.07","6.32","63.74"
"Ivo Rodrigues","Portugal 1.","Famalicão","AMF, RW","30","1300000","2026-06-30","30","2583","2","6","Portugal","right","180","8.05","7.28","58.37","2.13","45.9","0.24","3.85","4.08","0.03","0.12","0.03","1.5","25.58","4.651","2.44","30","4.43","58.27","12.3","46.18","1.22","2.4","0.84","35.09","79.94","11.71","73.21","2.51","59.72","0.16","0.07","0.8","47.83","0.52","5.68","74.23","2.61","49.33","0.73","6.69","79.69"
"Raphael Guzzo","Portugal 1.","Vizela","LDMF, DMF, LCMF","30","600000","2026-06-30","30","2576","2","1","Brazil","right","177","9.47","6.88","62.94","1.4","40","0.31","4.54","1.47","0.07","0.09","0","0.84","37.5","8.333","1.08","25.81","1.12","62.5","3.67","48.57","1.12","0.73","0.17","52.72","85.82","18.62","80.68","4.26","68.03","0.1","0","0.45","38.46","0.1","6.25","82.68","2.06","35.59","0.38","7.58","75.12"
"I. Bamba","Portugal 1.","Vitória Guimarães","CB","23","6000000","2026-06-30","28","2573","0","0","Italy","right","185","11.68","6.47","65.95","2.94","46.43","0.7","9.44","0.63","0","0.02","0","0.42","0","0","0.17","60","0.7","75","3.08","59.09","0.35","0.21","0","33.12","85.64","10.39","69.36","4.23","47.93","0.02","0.03","0","0","0.03","3.64","63.46","0.35","30","0.03","4.86","61.15"
"Bruno Xadas","Portugal 1.","Marítimo","RW, AMF, RAMF","27","1200000","","32","2564","3","6","Portugal","left","179","5.51","5.34","50","0.49","35.71","0.25","3.89","3.33","0.11","0.15","0","2.49","39.44","4.225","1.79","35.29","2.39","55.88","5.48","41.67","1.12","1.4","0.53","30.85","79.98","9.09","68.73","2.95","50","0.21","0.04","0.81","47.83","0.42","5.27","74","2.7","49.35","0.84","6.04","81.98"
"Gabriel Batista","Portugal 1.","Santa Clara","GK","27","800000","2028-06-30","26","2561","0","0","Italy","right","191","2.25","0.07","50","0.39","81.82","0","2.55","0","0","0","0","0","0","0","0","0","0","0","0.11","100","0","0","0","17.43","82.86","11.18","75.16","9.24","69.58","0","0","0","0","0.04","2.85","60.49","0.25","28.57","0.11","6.64","79.37"
"Antony","Portugal 1.","Arouca","RAMF, LW, LAMF","23","2500000","2026-12-31","33","2561","6","0","Brazil","right","178","7.06","6.61","60.11","1.83","25","0","3.87","2.46","0.21","0.22","0","1.69","35.42","12.5","0.95","22.22","2.99","45.88","7.84","34.08","2.25","1.76","1.27","22.63","77.33","5.27","60","0.88","44","0.07","0.04","0.56","50","0.25","1.93","65.45","1.3","43.24","0.53","2.42","63.77"
"R. Cannon","Portugal 1.","Boavista","RCB","26","2200000","2027-12-31","30","2551","0","0","United States","right","180","10.34","7.09","64.18","2.19","35.48","0.39","6.6","0.28","0","0","0","0.07","0","0","0.28","37.5","0.56","31.25","1.87","41.51","0.11","0.28","0.25","39.87","88.67","13.79","75.19","3.74","47.17","0","0","0","0","0","2.26","53.13","0.42","25","0.07","5.19","60.54"
"K. Boateng","Portugal 1.","Santa Clara","RCB, LCB","28","400000","2026-06-30","26","2548","3","0","Togo","right","191","9.71","5.47","71.61","6.61","60.43","0.46","7.13","0.46","0.11","0.09","0.11","0.57","56.25","18.75","0.07","0","0.49","28.57","1.73","30.61","0.99","0.11","0.04","34.09","86.32","13.03","74.53","4.24","55.83","0","0","0","0","0","2.26","65.63","0","0","0.04","5.69","56.52"
"M. Ugarte","Portugal 1.","Sporting CP","RCMF","24","45000000","2029-06-30","31","2540","0","0","Uruguay","right","182","13.36","12.51","62.32","1.52","55.81","0.25","8.97","1.77","0","0.02","0","0.64","16.67","0","0.14","25","2.66","58.67","7.37","49.04","0.21","0.92","0.78","54.71","92.29","8.61","78.6","2.76","64.1","0.02","0","0.11","66.67","0.11","6.7","78.31","0.71","55","0.32","4.85","79.56"
"Tiago Gouveia","Portugal 1.","Estoril","RW, LW, RAMF","24","5000000","2028-06-30","29","2533","5","6","Portugal","right","176","6.18","6.11","58.72","1.24","25.71","0.04","3.52","4.58","0.18","0.2","0","1.53","32.56","11.628","1.67","46.81","5.58","53.5","10.62","44.15","2.56","2.35","0.78","19.97","77.58","5.61","69.62","1.6","40","0.17","0.07","0.64","50","0.92","1.95","63.64","2.1","57.63","1.07","3.94","77.48"
"Leonardo Lelo","Portugal 1.","Casa Pia AC","LB, LWB","25","0","","27","2529","1","5","Portugal","left","175","9.25","6.69","62.77","1.49","26.19","0.11","5.64","2.1","0","0.09","0","0.5","21.43","7.143","2.42","41.18","2.38","40.3","4.13","42.24","0.75","1.57","0.71","34.8","76.99","12.28","64.06","4.45","44.8","0.11","0","0.18","20","0.39","3.91","60.91","2.67","53.33","0.43","7.62","64.49"
"R. Abascal","Portugal 1.","Boavista","LCB","31","800000","","27","2518","0","2","Uruguay","left","190","9.76","6.76","71.43","2.43","60.29","0.43","6.41","1.07","0","0.02","0","0.29","25","0","0.86","54.17","0.79","63.64","1.39","56.41","0.39","0.25","0","47.9","83.51","22.27","76.73","8.9","51.41","0.02","0","0.07","50","0.21","6.29","59.66","1.54","44.19","0.14","9.97","70.61"
"João Mendes","Portugal 1.","Chaves","AMF, RCMF, CF","30","2000000","","31","2514","2","1","Portugal","right","183","5.48","6.01","50","0.72","40","0.04","3.25","3.08","0.07","0.19","0","1.61","40","4.444","1.5","28.57","3.4","42.11","8.59","38.75","1.83","1.47","0.36","35.84","80.62","11.28","75.24","3.54","62.63","0.08","0.04","1.07","53.33","0.54","5.69","71.07","2.47","47.83","1","6.16","84.3"
"Tiago Esgaio","Portugal 1.","Arouca","RB","29","1000000","2027-06-30","26","2511","0","3","Portugal","right","175","8.92","7.13","55.78","3.37","52.13","0.29","6.08","1.08","0","0.04","0","0.47","15.38","0","2.11","32.2","0.36","50","1.72","33.33","1.18","0.57","0.11","32.97","75.54","14.55","66.26","6.49","50.28","0.04","0","0.32","44.44","0.29","4.95","59.42","2.11","40.68","0.39","7.81","66.97"
"M. Al-Musrati","Portugal 1.","Sporting Braga","RCMF, RDMF, LCMF","29","14000000","2027-06-30","28","2510","3","2","Libya","right","189","9.25","6.42","59.22","2.9","50.62","0.43","7.35","1","0.11","0.08","0.04","0.9","40","12","0.29","25","0.57","68.75","2.8","41.03","0.9","0.43","0.04","54.97","85.45","16.21","71.68","7.92","66.06","0.05","0","0.5","35.71","0.22","10.18","69.01","1.4","38.46","0.57","8.68","83.06"
"M. Sylla","Portugal 1.","Arouca","LAMF, LW, RAMF","26","3000000","","33","2510","4","4","Guinea","right","170","7.31","6.02","54.17","1.9","43.4","0.18","4.97","2.55","0.04","0.14","0","1.4","33.33","10.256","1.33","27.03","2.73","50","6.42","39.66","1.08","1.65","0.57","36.93","81.84","10.72","66.56","3.41","56.84","0.18","0.04","0.72","50","0.54","5.7","71.7","2.29","59.38","0.97","5.7","76.73"
"Bernardo Vital","Portugal 1.","Estoril","LCB","24","2500000","2026-06-30","26","2506","0","0","Portugal","right","187","7.04","3.74","55.77","4.17","56.9","0.68","6.51","0.07","0","0.01","0","0.14","0","0","0.04","0","0.14","50","0.54","66.67","0.47","0.57","0.18","45.29","90.56","13.5","76.86","5.03","57.14","0.01","0","0.04","0","0.04","3.12","67.82","0.18","40","0.11","5.6","60.9"
"Matheus Reis","Portugal 1.","Sporting CP","LCB","30","8000000","","33","2492","1","0","Brazil","left","184","6.36","4.26","56.78","2.38","54.55","0.25","6.53","2.2","0.04","0.02","0","0.36","40","10","2.42","37.31","1.41","71.79","4.33","49.17","1.44","2.09","0.22","77.11","90.82","26.87","84.41","5.13","51.41","0.06","0.07","0.36","40","0.14","11.7","81.48","2.93","43.21","0.58","10.69","84.12"
"João Carvalho","Portugal 1.","Estoril","LCMF, RCMF, LDMF","28","1200000","","29","2477","1","2","Portugal","right","172","7.63","6.29","56.07","1.05","34.48","0.36","5.2","1.71","0.04","0.05","0","1.09","26.67","3.333","0.73","35","1.85","56.86","4.4","53.72","0.98","0.87","0.51","33.94","84.05","10.94","74.42","3.78","61.54","0.1","0.07","0.4","27.27","0.33","5.74","72.78","1.67","39.13","0.73","4.8","75"
"Otávio","Portugal 1.","Porto","RW, AMF","30","25000000","","27","2469","5","5","Brazil","right","172","7.84","8.53","55.56","2.52","46.38","0.15","4.96","4.45","0.18","0.2","0","1.35","32.43","13.514","1.82","38","3.68","59.41","9.26","53.94","1.75","1.97","0.69","51.03","82.07","18.26","74.45","7.25","60.8","0.19","0.26","2.22","50.82","0.66","9.7","70.3","6.42","61.36","3.21","9.88","87.82"
"E. Mihaj","Portugal 1.","Famalicão","LCB","27","1500000","","25","2453","0","0","Greece","right","186","7.7","4.77","70","3.52","57.29","0.66","5.55","0.37","0","0.04","0","0.33","0","0","0","0","0.37","90","1.58","44.19","0.29","0.29","0.04","41.94","92.21","14.86","85.93","3.16","65.12","0","0.04","0.04","100","0","2.75","78.67","0.11","0","0","5.69","67.74"
"Nuno Santos","Portugal 1.","Sporting CP","LWB","30","0","2027-06-30","31","2452","8","4","Portugal","left","177","4.77","2.72","66.22","0.77","47.62","0.07","4.37","4.18","0.29","0.18","0","1.8","40.82","16.327","6.86","21.93","2.57","67.14","4.77","50","3.49","1.65","0.66","49.88","78.66","10.79","70.07","3.71","63.37","0.15","0.07","0.51","42.86","0.81","4.04","72.73","5.73","37.82","1.14","8.33","78.41"
"Kiki","Portugal 1.","Vizela","LB","30","500000","2026-06-30","28","2442","1","0","Portugal","left","183","9.8","6.56","54.49","3.24","52.27","0.48","6.6","2.14","0.04","0.04","0","0.74","20","5","3.06","30.12","1.66","57.78","3.61","51.02","0.96","0.81","0.26","35.9","71.56","17.36","66.88","6.45","48","0.05","0.04","0.37","30","0.22","6.45","61.71","2.95","38.75","0.41","9.88","69.78"
"M. Edwards","Portugal 1.","Sporting CP","RWF, CF, AMF","26","20000000","","33","2423","7","5","England","left","168","3.42","3.83","54.37","0.74","10","0.04","2.25","5.53","0.26","0.28","0.04","1.86","34","14","2.38","37.5","7.76","46.41","14.52","43.22","4.49","3.68","1.41","31.87","81.59","8.43","73.13","1.08","68.97","0.25","0.11","1.19","34.38","0.93","2.75","79.73","3.79","59.8","2.23","3.9","92.38"
"M. Seck","Portugal 1.","Portimonense","LB, LWB","29","350000","2027-06-30","29","2420","0","1","Senegal","left","176","8.55","7.77","55.98","3.27","48.86","0.3","5.42","2.64","0","0.01","0","0.37","20","0","4.13","28.83","2.86","46.75","6.02","39.51","0.41","1.56","0.93","26.29","67.19","10.26","60.14","3.16","32.94","0.09","0.07","0.19","20","0.33","3.46","49.46","3.24","36.78","0.11","6.17","68.07"
"Rúben Fernandes","Portugal 1.","Gil Vicente","LCB","39","100000","","26","2420","0","0","Portugal","left","187","7.7","4.57","57.72","3.79","52.94","0.6","6.23","0.26","0","0.04","0","0.3","0","0","0.07","0","0.45","58.33","1.23","57.58","0.56","0.22","0.07","47.68","87.99","18.07","77.57","6.69","58.89","0","0","0.04","0","0","3.83","63.11","0.52","28.57","0.07","7.21","58.76"
"N. Zolotić","Portugal 1.","Casa Pia AC","LCB","32","700000","","29","2411","0","0","Bosnia and Herzegovina","left","188","11.09","5.97","67.5","3.32","41.57","0.6","7.68","0.82","0","0.02","0","0.26","42.86","0","0.34","33.33","0.78","76.19","2.24","71.67","0.41","0.9","0.19","47.48","86.4","21.35","77.62","5.71","49.02","0.01","0.04","0.04","0","0.11","6.76","66.3","0.93","36","0.26","8.29","76.13"
"Gabriel Silva","Portugal 1.","Santa Clara","RW, RAMF","23","1700000","2025-06-30","33","2408","5","1","Brazil","right","177","4.75","5.57","51.01","2.47","30.3","0.07","2.1","3.55","0.15","0.23","0","2.28","31.15","8.197","1.94","30.77","4.07","54.13","10.99","40.48","2.35","1.64","1.2","14.91","61.65","3.48","49.46","1.35","44.44","0.15","0","0.34","11.11","0.22","1.31","71.43","2.06","36.36","0.6","2.95","55.7"
"Gonçalo Ramos","Portugal 1.","Benfica","CF","24","50000000","2028-06-30","30","2405","19","1","Portugal","right","185","3.7","4.08","48.62","6.44","40.12","0.11","2.73","2.62","0.71","0.64","0.11","3.18","42.35","22.353","0.22","33.33","2.32","51.61","6.81","40.66","5.43","0.75","0.19","15.46","77.48","2.47","62.12","0.11","0","0.08","0","0.19","0","0.34","0.41","81.82","0.67","55.56","0.9","1.35","50"
"Iván Marcano","Portugal 1.","Porto","LCB","38","250000","","25","2400","4","0","Spain","left","190","5.63","3.83","54.9","3.94","60.95","0.53","5.85","0.41","0.15","0.09","0.11","0.41","36.36","36.364","0.08","50","0.38","60","0.79","47.62","0.68","0.68","0.23","54.08","91.61","19.76","84.06","6","64.38","0","0","0","0","0.04","4.95","74.24","0.3","0","0.11","7.99","77"
"Francisco Trincão","Portugal 1.","Sporting CP","RWF, LWF, AMF","25","20000000","","34","2384","10","2","Portugal","left","184","4.91","4.95","61.07","1.09","24.14","0","3.21","4.23","0.38","0.33","0","2.23","50.85","16.949","1.93","19.61","5.1","49.63","9.63","41.57","3.7","2.64","1.32","33.15","82.35","7.4","72.96","0.94","44","0.15","0.04","0.68","27.78","0.45","3.55","77.66","2.23","47.46","1.13","3.02","82.5"
"Andrew","Portugal 1.","Gil Vicente","GK","24","0","2026-06-30","24","2378","0","0","Brazil","right","189","2.65","0.15","25","0.61","93.75","0","3.74","0","0","0","0","0","0","0","0","0","0.04","0","0.19","60","0","0","0","21.5","88.2","8.93","78.81","5.87","63.87","0","0","0","0","0","0.79","28.57","0.04","0","0","3.63","63.54"
"Adriano Firmino","Portugal 1.","Santa Clara","RCMF, LCMF, LDMF","25","750000","2027-06-30","31","2376","1","1","Brazil","right","187","9.05","5.68","61.33","1.93","35.29","0.45","6.15","1.06","0.04","0.04","0","0.3","25","12.5","0.19","60","1.44","44.74","3.98","42.86","0.42","0.76","0.23","34.77","83.77","13.33","70.74","5","53.03","0.03","0.04","0.53","42.86","0.08","5.72","72.85","0.95","52","0.45","7.12","72.34"
"Lucas Soares","Portugal 1.","Casa Pia AC","RB, RWB","26","800000","2027-06-30","27","2369","1","2","Brazil","right","176","8.05","6.08","65.63","1.98","40.38","0","4.24","2.81","0.04","0.09","0","1.03","33.33","3.704","2.58","35.29","2.47","61.54","5.62","51.35","1.48","1.79","1.1","31.34","76.48","10.3","65.68","2.93","48.05","0.08","0","0.23","16.67","0.46","2.39","52.38","2.51","40.91","0.65","5.39","54.93"
"F. Aursnes","Portugal 1.","Benfica","LAMF, RB, RDMF","29","20000000","2029-06-30","28","2354","2","4","Norway","right","179","6.92","5.81","57.89","1.91","46","0.11","5.53","1.84","0.08","0.12","0.08","0.8","47.62","9.524","1.26","36.36","1.61","45.24","4.09","32.71","2.14","1.3","0.27","59.57","87.68","18.08","77.8","4.51","57.63","0.11","0.11","0.54","50","0.57","8.83","85.28","2.29","56.67","1.22","8.3","82.49"
"Rafa Silva","Portugal 1.","Benfica","AMF, CF","32","14000000","2027-06-30","28","2350","8","5","Portugal","right","172","3.06","3.45","52.22","1.38","27.78","0","1.93","4.79","0.31","0.39","0.08","2.41","36.51","12.698","1.8","29.79","5.94","50.32","13.48","40.06","5.36","3.29","2.03","28.88","80.11","8.27","76.39","0.46","75","0.25","0.27","0.88","43.48","0.69","2.83","82.43","2.95","61.04","2.37","2.87","88"
"Francisco Moura","Portugal 1.","Famalicão","LB","25","6000000","2029-06-30","28","2347","2","1","Portugal","left","181","9.01","6.63","53.18","2.88","52","0.38","7.17","2.11","0.08","0.07","0.04","0.54","35.71","14.286","3.18","36.14","1.57","43.9","4.33","39.82","1.34","1.99","1.04","35.62","80.09","12","70.93","3.45","48.89","0.09","0","0.19","40","0.5","2.42","73.02","2.53","45.45","0.35","5.91","60.39"
"S. Niakaté","Portugal 1.","Sporting Braga","LCB","26","6000000","2028-06-30","26","2336","3","0","France","left","186","9.67","5.59","68.28","4.35","62.83","0.31","8.41","0.81","0.12","0.05","0.12","0.39","40","30","0.08","0","0.89","69.57","2.16","50","0.65","0.39","0.04","52.28","87.91","23.19","79.9","5.32","44.2","0.01","0","0.12","33.33","0","5.2","63.7","0.65","17.65","0.12","8.86","73.91"
"Zainadine Júnior","Portugal 1.","Marítimo","RCB, CB, LCB","37","25000","","24","2328","0","0","Mozambique","right","178","6.92","3.87","68","5.14","60.15","0.66","6.05","0.31","0","0.06","0","0.5","30.77","0","0.12","33.33","0.23","50","1.62","59.52","0.77","0.39","0.04","41.4","88.42","14.73","78.22","4.41","50","0.01","0","0","0","0.08","3.87","72","0.39","30","0.19","5.99","64.52"
"Murilo","Portugal 1.","Gil Vicente","RAMF","30","1200000","","28","2309","5","1","Brazil","left","170","4.48","4.44","49.12","2.22","19.3","0","3.14","5.15","0.12","0.18","0","1.95","40","10","2.34","31.67","6.67","50.29","12.98","38.74","1.95","2.85","1.36","29.51","79.92","6.47","64.46","1.44","67.57","0.12","0.04","1.13","24.14","0.58","2.61","65.67","3","48.05","0.97","3.59","75"
"Z. Youssouf","Portugal 1.","Famalicão","RDMF, RCMF","26","5000000","2026-06-30","32","2305","2","0","France","left","182","9.06","6.83","59.43","1.44","54.05","0.16","4.92","2.11","0.08","0.04","0","0.9","21.74","8.696","0.35","33.33","2.3","71.19","9.41","44.4","0.31","1.13","0.35","33.66","82.71","10.78","67.03","5.78","60.81","0.01","0.04","0.35","44.44","0.04","6.17","65.82","1.48","42.11","0.47","5.82","73.15"
"Y. Njie","Portugal 1.","Boavista","CF","31","1200000","","27","2305","13","1","Gambia","right","188","3.63","3.16","55.56","6.75","26.59","0.12","2.35","2.77","0.47","0.51","0.2","2.77","36.62","18.31","0.27","42.86","2.73","55.71","10.62","35.66","3.16","0.94","0.16","15.5","80.1","2.46","68.25","0.66","64.71","0.06","0","0.31","37.5","0.23","1.21","77.42","0.94","62.5","0.62","1.41","72.22"
"Florentino","Portugal 1.","Benfica","RDMF, RCMF","25","20000000","2027-06-30","33","2298","0","1","Angola","right","184","11.4","8.77","65.18","2.66","60.29","0.04","7.44","0.74","0","0.04","0","0.39","30","0","0.16","75","0.67","70.59","2.78","42.25","0.63","0.59","0.16","70.89","91.38","21.03","83.99","4.39","61.61","0.01","0.04","0.16","25","0.04","12.22","84.29","1.37","45.71","0.51","8.62","87.27"
"Víctor Gómez","Portugal 1.","Sporting Braga","RB","25","8000000","2028-06-30","26","2268","0","4","Spain","right","169","6.94","5.71","56.94","1.79","40","0.16","4.86","2.46","0","0","0","0.2","20","0","5.32","32.09","0.87","59.09","2.18","41.82","0.99","1.31","0.52","43.93","79.04","11.59","67.47","3.65","45.65","0.12","0","0.32","62.5","0.75","4.6","67.24","4.76","42.5","0.83","9.25","79.4"
"Bruno Wilson","Portugal 1.","Vizela","RCB","28","900000","2025-12-31","24","2264","0","1","Portugal","right","192","9.18","4.09","70.87","5.25","53.03","1.07","7.19","0.16","0","0.07","0","0.52","23.08","0","0.12","0","0.12","33.33","0.68","64.71","0.72","0.44","0.16","32.4","81.23","17.65","72.75","7.79","49.49","0.02","0.04","0","0","0.04","5.17","50.77","0.87","0","0.08","7.71","68.56"
"Tiago Silva","Portugal 1.","Vitória Guimarães","RCMF, LCMF","31","3000000","2026-06-30","28","2254","5","2","Portugal","right","172","7.31","6.63","56.63","1.2","43.33","0.12","4.12","1.76","0.04","0.15","0","1.24","35.48","16.129","0.72","5.56","1.76","56.82","5.39","51.11","0.16","0.64","0.28","47.24","86.64","13.82","78.03","4.59","65.22","0.14","0.08","0.68","41.18","0.12","7.87","76.65","1.64","43.9","0.56","6.47","80.86"
"Welinton Júnior","Portugal 1.","Portimonense","CF, AMF, LAMF","32","700000","","24","2241","6","0","Brazil","right","175","2.97","3.98","38.38","4.1","27.45","0.04","2","2.81","0.2","0.36","0","3.53","32.95","6.818","0.8","20","3.82","37.89","9.88","34.96","3.45","1.53","0.56","15.18","71.69","3.86","62.5","0.4","40","0.05","0.04","0.28","14.29","0.2","1.77","59.09","1.08","40.74","0.48","1.61","85"
"Nuno Sequeira","Portugal 1.","Sporting Braga","LB","34","700000","","27","2235","1","2","Portugal","left","184","10.27","9.14","61.67","2.9","62.5","0.16","5.8","2.78","0.04","0.01","0","0.48","33.33","8.333","4.55","33.63","1.37","70.59","3.87","60.42","0.52","1.29","0.32","50.09","78.62","17.32","71.4","5.88","45.21","0.12","0.04","0.32","37.5","0.72","6.56","68.71","4.27","44.34","0.48","11.4","79.51"
"Afonso Taira","Portugal 1.","Casa Pia AC","LCMF, RCMF","33","450000","","32","2232","0","1","Portugal","right","179","11.61","10.44","60.23","2.1","59.62","0.2","5.77","1.77","0","0.01","0","0.48","16.67","0","0.48","33.33","2.66","42.42","5.69","44.68","0.4","0.89","0.52","38.91","77.62","15.97","63.13","3.59","43.82","0.02","0","1.05","38.46","0.2","6.41","65.41","1.65","29.27","0.48","7.3","62.98"
"Abel Ruiz","Portugal 1.","Sporting Braga","CF","25","12000000","2029-06-30","34","2230","8","4","Spain","right","182","3.35","3.27","48.15","3.11","19.48","0.04","2.49","2.78","0.32","0.32","0","1.9","42.55","17.021","1.53","31.58","2.46","55.74","7.79","30.57","5.53","1.17","0.57","19.53","80.37","2.5","72.58","0.4","70","0.13","0.08","0.2","60","0.57","0.48","83.33","1.25","58.06","1.33","1.37","67.65"
"M. Osmajić","Portugal 1.","Vizela","CF","25","2000000","2027-06-30","31","2219","8","0","Montenegro","right","186","2.39","2.43","45","7.46","32.61","0.12","1.54","1.74","0.32","0.35","0","1.74","48.84","18.605","0.37","22.22","1.66","41.46","6.37","34.39","2.6","1.38","0.73","12.41","71.57","2.35","50","0.2","60","0.03","0.04","0.37","33.33","0.08","0.89","50","0.73","55.56","0.69","0.97","41.67"
"Fernando Varela","Portugal 1.","Casa Pia AC","RCB, CB","37","100000","","27","2213","1","0","Portugal","right","183","8.46","5.37","68.18","3.58","47.73","0.94","5.48","0.41","0.04","0.1","0","0.53","38.46","7.692","0.2","20","0.2","80","1.22","56.67","0.73","0.33","0.04","33.71","84.8","14.97","75","5.04","44.35","0","0","0.08","0","0.04","3.9","64.58","0.53","23.08","0.08","6.06","61.74"
"André Horta","Portugal 1.","Sporting Braga","LCMF, LDMF","28","0","2027-06-30","32","2200","1","3","Portugal","right","174","5.93","5.81","55.63","0.41","30","0.25","3.76","2.5","0.04","0.08","0","1.51","32.43","2.703","1.55","50","1.64","52.5","3.97","47.42","0.86","2.33","1.51","61.77","89.14","17.59","79.07","5.07","50","0.11","0.16","0.65","56.25","0.41","10.64","82.69","3.27","60","1.47","9.65","85.59"
"Galeno","Portugal 1.","Porto","LW, LAMF","27","25000000","2028-06-30","31","2197","8","3","Brazil","right","179","5.86","4.51","58.18","2.46","50","0.08","5.56","6.8","0.29","0.38","0","2.83","47.83","11.594","2.74","32.84","7.09","60.69","11.35","54.87","5.33","4.14","1.8","29.99","77.73","4.67","53.51","1.47","61.11","0.19","0","0.49","50","0.82","1.35","57.58","2.99","63.01","1.88","3.15","80.52"
"N. Thomas","Portugal 1.","Paços de Ferreira","LW, RW","24","700000","2026-06-30","34","2196","4","1","Netherlands","right","177","4.47","4.06","51.52","1.72","35.71","0.04","2.92","3.85","0.16","0.11","0","1.97","35.42","8.333","3.11","27.63","4.18","53.92","9.75","42.02","1.89","2.7","0.98","23.03","71.89","3.73","65.93","1.07","19.23","0.1","0.04","0.04","100","0.2","1.11","51.85","2.58","34.92","0.25","2.83","63.77"
"Guima","Portugal 1.","Chaves","RDMF, DMF, AMF","29","500000","","29","2176","0","0","Portugal","right","181","11.17","9.43","58.77","1.86","60","0.45","6.18","1.82","0","0.03","0","0.91","18.18","0","0.29","42.86","2.85","46.38","9.43","42.54","0.5","0.87","0.25","35.4","85.28","11.17","74.81","1.86","48.89","0.05","0.04","0.58","35.71","0.29","5","69.42","0.62","46.67","0.33","4.18","81.19"
"Iuri Medeiros","Portugal 1.","Sporting Braga","RW, RAMF","31","5000000","","30","2176","10","5","Portugal","left","174","4.09","4.26","51.46","0.74","22.22","0.04","2.4","4.8","0.33","0.35","0","3.56","44.19","11.628","2.07","42","3.93","50.53","7.78","43.62","3.47","1.53","0.62","35.36","81.4","7.94","68.23","3.68","69.66","0.29","0.12","0.87","42.86","0.95","4.55","76.36","3.6","59.77","1.74","5","84.3"
"Maga","Portugal 1.","Vitória Guimarães","RB, RWB","22","1800000","2027-06-30","24","2169","0","2","Portugal","right","175","10.29","8.13","61.22","2.12","54.9","0.29","6.91","2.07","0","0.01","0","0.17","0","0","3.32","36.25","0.95","56.52","2.41","43.1","0.95","1","0.29","34.94","77.2","13.78","70.18","2.37","50.88","0.07","0","0.46","72.73","0.37","3.49","64.29","3.15","48.68","0.62","7.55","69.78"
"V. Sasso","Portugal 1.","Boavista","RCB, CB, LCB","34","200000","","24","2153","4","0","France","right","190","7.36","4.47","64.49","3.22","64.94","0.33","5.34","0.46","0.17","0.06","0.17","0.54","38.46","30.769","0.08","50","0.29","71.43","0.92","72.73","0.75","0.21","0.08","39.34","92.56","12.04","82.64","2.72","60","0","0","0","0","0.04","1.96","65.96","0.08","0","0","4.51","68.52"
"Fábio Ronaldo","Portugal 1.","Rio Ave","LWB, LB, LW","24","1500000","2027-06-30","31","2142","3","3","Portugal","right","178","6.51","5.92","55.32","1.81","39.53","0.21","3.9","4.83","0.13","0.17","0","1.18","35.71","10.714","1.76","42.86","6.43","54.25","11.89","45.94","1.64","2.56","0.59","26.39","81.53","5.88","65","1.89","48.89","0.08","0.08","0.5","33.33","0.46","2.35","62.5","2.52","58.33","0.88","4.41","76.19"
"H. Morita","Portugal 1.","Sporting CP","LCMF, RCMF","30","0","2026-06-30","29","2132","6","2","Japan","right","177","8.74","7.18","63.53","1.98","36.17","0.21","6.24","1.52","0.25","0.21","0.04","1.1","38.46","23.077","0.42","40","1.77","42.86","5.83","44.2","1.65","0.63","0.51","42.21","88.5","11.78","77.06","3.08","63.01","0.07","0","0.42","40","0.3","5.99","76.06","1.56","51.35","0.8","4.85","79.13"
"Wendell","Portugal 1.","Porto","LB","32","7000000","","26","2128","1","2","Brazil","left","176","7.82","6.34","60","2.41","52.63","0","6.65","1.95","0.04","0.03","0","0.51","25","8.333","2.28","29.63","1.44","55.88","3.81","58.89","0.85","2.92","1.73","49.14","87.87","11.76","78.06","1.99","51.06","0.09","0","0.63","53.33","0.13","4.99","77.12","2.58","40.98","0.51","5.12","73.55"
"J. Opoku","Portugal 1.","Arouca","LCB","26","2000000","","24","2107","0","1","England","left","197","7.9","5.3","70.16","3.03","59.15","0.51","4.77","0.73","0","0","0","0.09","50","0","0.26","33.33","1.15","51.85","2.69","55.56","0.21","0.6","0.34","31.95","85.43","13.63","75.24","5.34","53.6","0","0","0.09","0","0","3.93","54.35","0.47","27.27","0.09","5.21","68.85"
"Patrick William","Portugal 1.","Rio Ave","LCB, RCB","28","800000","","26","2102","2","1","Brazil","right","187","10.28","6.64","60.65","3.38","59.49","0.39","7.87","1.24","0.09","0.04","0.04","0.73","11.76","11.765","0.81","63.16","1.07","56","1.8","42.86","0.64","1.76","0.39","50.95","85.97","22.82","79.36","5.87","54.01","0.1","0","0.04","100","0.34","6.81","67.3","1.33","54.84","0.47","9.33","71.1"
"Afonso Freitas","Portugal 1.","Vitória Guimarães","LWB, LB","25","1000000","2028-06-30","26","2101","1","0","Portugal","left","181","6.17","4.84","54.87","3.08","47.22","0.26","3.92","1.41","0.04","0.02","0","0.3","57.14","14.286","1.76","34.15","0.99","52.17","2.91","45.59","0.77","1.5","0.51","27.59","77.8","11.05","66.28","2.87","47.76","0.01","0.04","0.26","50","0.09","3.68","68.6","1.58","40.54","0.21","6.3","72.79"
"David Neres","Portugal 1.","Benfica","RAMF, LAMF, RW","28","25000000","2028-06-30","31","2088","6","7","Brazil","left","175","3.62","4.48","57.69","1.16","18.52","0","1.72","7.03","0.26","0.21","0","1.9","43.18","13.636","5","37.07","7.24","54.76","14.31","42.17","4.57","3.02","1.25","43.49","80.67","8.41","75.38","1.21","57.14","0.25","0.17","0.95","40.91","0.95","2.97","73.91","5.04","52.99","1.64","5","86.21"
"Tomás Araújo","Portugal 1.","Gil Vicente","RCB, LCB","23","7000000","2029-06-30","22","2074","1","0","Portugal","right","187","9.2","6.47","67.79","3.56","57.32","0.43","7.17","0.65","0.04","0.07","0.04","0.43","20","10","0.04","0","0.69","50","2.39","38.18","0.78","1.48","0.39","52.68","87.97","21.48","77.78","5.47","51.59","0.02","0","0.39","55.56","0.13","7.12","69.51","0.91","42.86","0.48","9.11","73.33"
"Carraça","Portugal 1.","Gil Vicente","RB","31","400000","2025-06-30","26","2059","0","2","Portugal","right","177","8.13","6.34","58.62","1.97","46.67","0.22","5.54","2.49","0","0.02","0","0.83","21.05","0","4.81","30.91","1.18","62.96","3.93","46.67","0.35","0.7","0.17","47.95","81.31","17.18","76.34","4.76","47.71","0.1","0.04","0.13","66.67","0.35","4.59","72.38","3.98","37.36","0.22","9.57","74.43"
"E. Boateng","Portugal 1.","Rio Ave","LWF, CF, LW","29","1000000","","28","2035","6","0","Ghana","right","175","2.52","3.01","39.71","6.46","40.41","0.04","1.52","1.95","0.27","0.25","0.04","1.59","41.67","16.667","0.22","40","2.34","49.06","7.12","34.78","2.39","0.62","0.44","10.53","82.35","1.86","42.86","0.35","50","0.01","0.04","0.18","25","0.13","0.53","41.67","0.66","66.67","0.31","0.88","50"
"A. Bah","Portugal 1.","Benfica","RB","27","13000000","2029-06-30","28","2027","1","3","Denmark","right","183","10.88","8.48","65.45","3.95","60.67","0.13","8.5","2.93","0.04","0.02","0","0.44","20","10","4.22","38.95","1.73","61.54","4.75","45.79","1.02","2.04","0.93","57.5","81","18.47","71.15","3.77","44.71","0.19","0.04","0.4","33.33","1.11","7.73","70.11","4.66","54.29","0.93","12.12","80.22"
"Bruno Lourenço","Portugal 1.","Boavista","RW, LCMF, RWF","27","0","2026-06-30","29","2024","4","1","Portugal","left","179","6.89","7.38","53.01","1.73","35.9","0.04","3.1","2.4","0.13","0.15","0","1.16","30.77","15.385","1.73","30.77","2.89","43.08","7.65","37.79","1.56","1.16","0.62","28.33","79.28","7.56","72.35","2.31","42.31","0.1","0","0.4","66.67","0.27","3.74","69.05","1.78","47.5","0.49","4.71","75.47"
"Iván Jaime","Portugal 1.","Famalicão","LAMF, LW","24","8000000","2028-06-30","24","2021","9","2","Spain","right","180","3.83","3.87","43.68","1.51","35.29","0","2.56","5.21","0.36","0.35","0.04","3.07","27.54","13.043","1.16","30.77","6.77","51.97","14.83","46.85","2.36","2.76","1.11","25.47","80.42","6.77","66.45","1.74","61.54","0.11","0.04","1.07","45.83","0.27","3.43","67.53","2.4","51.85","0.94","3.96","78.65"
"Ricardo Mangas","Portugal 1.","Boavista","LW, RW, LB","26","4000000","2026-06-30","27","2018","4","1","Portugal","left","179","4.86","4.82","50","3.39","32.89","0.04","2.75","2.54","0.18","0.19","0","1.25","42.86","14.286","1.29","37.93","2.72","49.18","6.56","36.73","2.27","1.83","0.89","21.9","79.23","6.33","67.61","1.2","44.44","0.13","0.04","0.4","44.44","0.36","2.36","66.04","1.61","58.33","0.8","3.57","67.5"
"Chico Geraldes","Portugal 1.","Estoril","LCMF, RCMF, AMF","30","2000000","","26","1996","4","3","Portugal","right","175","5.95","3.79","57.14","1.49","42.42","0.09","3.31","3.07","0.09","0.26","0","1.76","33.33","10.256","0.54","16.67","4.24","43.62","10.28","42.98","1.26","2.21","1.04","33.77","78.64","11.41","66.4","3.29","50.68","0.09","0.09","1.44","37.5","0.23","5.73","67.72","2.34","51.92","0.95","5.32","73.73"
"João Correia","Portugal 1.","Chaves","RB","29","600000","2027-05-31","24","1980","0","2","Portugal","right","175","7.77","5.64","53.23","1.32","37.93","0.27","6.24","3.5","0","0.07","0","0.91","15","0","4.5","33.33","3.09","55.88","5.82","52.34","1.55","1.32","0.82","32.59","74.76","11.23","70.85","3.68","48.15","0.11","0","0.27","50","0.91","4.09","68.89","4","42.05","0.64","7.68","72.78"
"R. Pantalon","Portugal 1.","Rio Ave","RCB","27","500000","2026-06-30","22","1979","1","0","Croatia","right","194","8.91","6.28","52.9","2.41","58.49","0.68","6.94","0.27","0.05","0.04","0","0.23","60","20","0.14","66.67","0.32","14.29","0.82","27.78","0.5","0.45","0","39.38","86.72","16.83","76.49","4.23","41.94","0.01","0","0","0","0.09","4.59","65.35","0.5","36.36","0.14","6","63.64"
"Nuno Moreira","Portugal 1.","Vizela","LWF, RAMF, LAMF","26","1000000","","29","1979","1","1","Portugal","right","175","7.05","5.59","64.23","1.68","48.65","0.18","3.89","3.77","0.05","0.18","0","2.46","35.19","1.852","1.23","33.33","3.41","53.33","7.69","42.6","2.41","1.64","0.73","27.92","72.15","9.73","61.68","2.36","36.54","0.19","0.09","1.5","45.45","0.68","3.64","62.5","2.41","50.94","1.27","5.14","68.14"
"Ponck","Portugal 1.","Chaves","RCB","30","800000","","21","1973","0","1","Cape Verde Islands","right","185","9.12","4.56","67","3.74","54.88","0.87","8.14","0.32","0","0.03","0","0.41","0","0","0","0","0.36","87.5","1.23","55.56","0.46","0.23","0.05","40.1","89.87","14.83","81.54","2.92","37.5","0.04","0","0","0","0.09","3.65","70","0.18","0","0.23","5.93","66.15"
"Ricardinho","Portugal 1.","Santa Clara","LW, LAMF, CF","26","1000000","2025-06-30","25","1954","0","3","Portugal","right","168","6.63","7.55","51.22","1.06","30.43","0.14","3.22","2.76","0","0.08","0","0.92","45","0","0.97","28.57","3.68","46.25","8.8","38.22","2.12","1.98","1.24","23.03","75.2","7.14","59.35","1.66","38.89","0.13","0.09","0.78","47.06","0.46","2.67","67.24","2.03","54.55","1.11","3.78","58.54"
"Juninho","Portugal 1.","Chaves","CF, LAMF","28","2000000","2026-06-30","30","1948","4","0","Brazil","right","179","3.93","3.88","47.62","5.36","33.62","0.18","2.59","2.08","0.18","0.29","0.05","1.89","48.78","9.756","0.32","14.29","2.45","41.51","9.89","28.97","3.51","1.2","0.69","12.61","81.32","1.62","71.43","0.28","33.33","0.06","0","0.09","100","0.23","1.02","81.82","0.55","41.67","0.14","0.83","77.78"
"J. Holsgrove","Portugal 1.","Paços de Ferreira","LCMF, RCMF","25","900000","2028-06-30","24","1947","2","1","Scotland","left","180","7.03","7.16","45.16","0.65","21.43","0.09","4.14","2.22","0.09","0.1","0","1.53","30.3","6.061","1.29","39.29","2.68","44.83","6.61","41.26","1.29","1.29","0.51","43.45","84.57","11.37","69.51","3.51","56.58","0.04","0.05","0.46","10","0.14","5.87","71.65","1.9","48.78","0.74","5.13","68.47"
"N. Gaitán","Portugal 1.","Paços de Ferreira","RW, LW, RWF","36","125000","","27","1917","3","3","Argentina","left","173","5.87","3.94","59.52","2.16","43.48","0.05","3.88","2.72","0.14","0.16","0","1.6","32.35","8.824","1.69","44.44","2.49","49.06","6.06","40.31","2.02","1.31","0.66","29.11","74.03","8.69","62.7","4.69","54","0.2","0","0.52","45.45","0.66","5.26","61.61","3.62","50.65","1.27","5.45","78.45"
"André Silva","Portugal 1.","Vitória Guimarães","CF, LWF, LW","28","3500000","2027-12-31","23","1900","6","1","Brazil","left","181","4.74","3.88","53.66","4.78","25.74","0.09","3.34","2.75","0.28","0.23","0.05","2.27","39.58","12.5","0.9","36.84","3.08","46.15","11.46","29.34","3.08","1.14","0.52","23.45","73.54","4.41","61.29","1.09","52.17","0.1","0","0.71","13.33","0.28","2.89","54.1","1.28","40.74","0.52","2.42","68.63"
"P. Sagna","Portugal 1.","Santa Clara","RB","34","0","","24","1864","0","1","Senegal","right","183","9.66","5.79","66.67","2.9","61.67","0.14","6.1","1.88","0","0.01","0","0.39","12.5","0","2.8","27.59","1.55","65.63","3.14","47.69","0.19","0.87","0.24","29.89","74.15","12.6","66.67","3.62","48","0.12","0.05","0.1","50","0.39","4.3","64.04","2.75","29.82","0.29","7.24","63.33"
"Stephen Eustáquio","Portugal 1.","Porto","LCMF, LDMF","28","0","2027-06-30","29","1836","2","5","Canada","right","178","8.53","7.84","56.25","2.5","39.22","0.39","6.8","1.03","0.1","0.1","0","1.23","28","8","1.13","34.78","0.29","33.33","2.35","50","1.76","0.1","0.1","47.79","87.59","14.02","80.07","3.14","68.75","0.17","0.15","0.54","36.36","0.25","6.42","80.92","2.75","53.57","1.27","5.54","84.96"
"Dani Silva","Portugal 1.","Vitória Guimarães","RCMF, LCMF, DMF","25","2000000","2028-06-30","30","1826","1","0","Portugal","right","180","9.61","6.31","61.72","3.45","48.57","0.15","6.34","1.33","0.05","0.06","0.05","0.74","13.33","6.667","0.44","11.11","1.48","66.67","4.68","43.16","0.54","1.28","0.84","43.52","87.43","12.03","77.87","2.37","56.25","0.03","0.05","0.54","36.36","0.1","5.67","77.39","1.28","50","0.49","5.13","72.12"
"João Nunes","Portugal 1.","Casa Pia AC","RCB, LCB","29","500000","2026-06-30","26","1816","1","0","Portugal","right","186","10.01","6.54","64.39","3.72","57.33","0.59","6.22","0.74","0.05","0.04","0.05","0.35","85.71","14.286","0.4","25","0.35","85.71","1.04","57.14","0.59","0.5","0.2","38.36","81.4","17.44","69.89","6.49","38.93","0","0","0.1","50","0","5.45","58.18","1.14","26.09","0.1","7.48","59.6"
"G. Aburjania","Portugal 1.","Gil Vicente","LDMF, LCMF, RDMF","30","700000","","27","1797","0","1","Georgia","right","186","6.71","5.81","56.9","1.7","47.06","0.3","4.72","1.5","0","0.03","0","0.65","15.38","0","0.6","33.33","1.6","53.13","5.96","47.06","0.7","0.85","0.45","46.58","84.19","16.93","72.78","2.7","48.15","0.06","0","1.15","30.43","0.3","7.76","70.97","2.25","46.67","0.6","8.11","78.4"
"Victor Bobsin","Portugal 1.","Santa Clara","LCMF, RCMF, RDMF","25","600000","","24","1788","0","1","Brazil","left","185","9.26","7.45","56.76","3.12","46.77","0.2","5.92","1.06","0","0.04","0","0.55","27.27","0","0.4","25","0.96","63.16","4.63","33.7","0.3","0.65","0.2","36.14","82.59","13.69","67.28","5.39","59.81","0.01","0","0.45","44.44","0.1","6.29","66.4","1.91","44.74","0.76","7.35","72.6"
"Salvador Agra","Portugal 1.","Boavista","RW, LW","33","300000","2025-06-30","30","1785","3","4","Portugal","right","166","4.59","5.39","52.34","1.16","26.09","0.05","1.82","3.48","0.15","0.07","0","0.81","37.5","18.75","3.53","34.29","3.38","55.22","7.61","48.34","1.26","1.46","0.5","29.6","74.45","7.46","64.19","2.22","59.09","0.17","0","0.4","25","0.61","4.44","72.73","3.63","44.44","0.81","5.8","82.61"
"M. Mosquera","Portugal 1.","Marítimo","RCB, LCB","24","1500000","2028-06-30","20","1772","0","1","Colombia","right","189","10.21","6.45","74.02","5.23","68.93","0.3","6.55","0.66","0","0.04","0","0.56","18.18","0","0.05","0","1.02","50","1.98","51.28","0.41","0.61","0.25","36.42","84.1","14.53","71.68","3.56","51.43","0","0","0.05","100","0.05","3.76","66.22","0.15","0","0.05","6.2","53.28"
"Igor Julião","Portugal 1.","Vizela","RB","30","350000","2027-06-30","20","1766","1","0","Brazil","right","175","7.44","5.55","55.05","1.78","45.71","0.1","5.31","1.99","0.05","0.01","0.05","0.31","16.67","16.667","1.94","34.21","1.63","75","4.54","62.92","0.66","1.38","0.92","28.34","78.42","10.75","70.62","3.31","47.69","0.04","0","0.2","25","0.25","3.26","60.94","1.99","43.59","0.41","5.2","70.59"
"Rafa Mújica","Portugal 1.","Arouca","CF","26","8000000","2028-06-30","27","1755","8","0","Spain","right","183","4.82","4.51","48.86","5.85","36.84","0.05","3.42","2.36","0.41","0.53","0.05","2.97","44.83","13.793","0.21","0","1.95","52.63","8.05","33.76","3.9","1.23","0.62","11.79","75.22","1.44","46.43","0.1","50","0.02","0","0.15","0","0.15","0.62","66.67","0.31","66.67","0.31","0.72","28.57"
"Jota Silva","Portugal 1.","Vitória Guimarães","RW, RWF, AMF","25","12000000","2028-06-30","30","1730","2","2","Portugal","right","179","9.36","8.22","59.49","4.79","40.22","0.16","4.6","4.53","0.1","0.25","0","2.08","25","5","3.28","22.22","6.66","46.09","12.64","44.03","3.07","1.66","2.03","21.28","64.55","4.99","50","1.51","44.83","0.11","0","0.47","44.44","0.52","1.82","51.43","2.71","32.69","0.57","3.23","61.29"
"Neto","Portugal 1.","Casa Pia AC","RCMF","33","250000","","27","1659","2","2","Brazil","right","181","9.6","8.68","50","1.08","70","0.33","5.74","1.25","0.11","0.03","0","0.71","30.77","15.385","0.6","27.27","1.74","37.5","4.56","34.52","0.33","1.03","0.43","35.75","82.85","11.66","75.81","2.28","54.76","0.11","0","0.38","57.14","0.16","5.7","76.19","1.25","52.17","0.43","5.21","69.79"
"Ivanildo Fernandes","Portugal 1.","Vizela","LCB","29","350000","2025-06-30","20","1652","0","0","Portugal","left","193","8.55","5.07","60.22","4.85","60.67","0.6","6.93","0.16","0","0.05","0","0.22","25","0","0","0","0.22","50","1.2","22.73","0.54","0.16","0","29.96","88","13.18","78.93","4.47","60.98","0.03","0","0","0","0","3.32","63.93","0.22","25","0.16","5.28","71.13"
"Estrela","Portugal 1.","Portimonense","RCMF, LCMF, DMF","26","300000","2026-06-30","26","1648","2","1","Portugal","right","171","11.3","8.41","60.39","1.58","55.17","0.27","8.32","0.93","0.05","0.1","0","0.6","36.36","18.182","0.82","40","0.38","57.14","1.75","43.75","0.11","0.44","0","41.94","81.25","13.87","65.75","6.01","60","0.12","0.05","0.22","75","0.16","8.41","66.88","1.47","44.44","0.33","8.63","70.89"
"Paulo Oliveira","Portugal 1.","Sporting Braga","RCB, LCB","33","1500000","","20","1636","0","0","Portugal","right","187","10.4","5.89","66.36","3.85","58.57","0.72","8.13","0.28","0","0.02","0","0.33","33.33","0","0.11","50","0.17","66.67","0.44","62.5","0.72","0.11","0.11","47.92","85.07","20.74","70.82","7.7","45","0","0","0","0","0","7.15","55.38","0.61","9.09","0.06","8.58","69.23"
"K. Gorré","Portugal 1.","Boavista","LW, LWF, LAMF","30","1000000","2025-06-30","30","1624","1","4","Netherlands","right","178","5.6","5.54","56","0.61","0","0","3.35","5.99","0.06","0.18","0","2.44","38.64","2.273","2.66","22.92","9.75","44.32","15.91","40.42","2.44","4.99","1.83","26.38","75","6.87","68.55","1.27","43.48","0.17","0.11","0.72","15.38","0.72","3.27","71.19","3.05","41.82","0.94","4.16","78.67"
"S. Banza","Portugal 1.","Sporting Braga","CF","28","18000000","2027-06-30","30","1624","11","1","France","right","189","2.88","3.38","39.34","8.48","39.87","0.06","2.36","2.72","0.61","0.51","0.11","2.33","54.76","26.19","0.61","36.36","2.83","41.18","10.58","34.55","3.77","0.55","0.17","13.36","75.93","2.38","53.49","0.33","100","0.05","0.06","0.22","25","0.22","1.5","70.37","0.67","50","0.28","0.67","83.33"
"João Afonso","Portugal 1.","Marítimo","RCMF, LCMF, RDMF","30","0","2026-06-30","24","1622","0","0","Brazil","right","181","10.38","8.1","54.79","3.38","62.3","0.61","7.63","0.22","0","0","0","0","0","0","0.06","0","0.5","44.44","2.83","29.41","0.17","0.22","0.06","33.68","85.17","10.1","65.38","3.44","62.9","0","0","0.17","0","0","4.66","64.29","0.22","25","0.06","4.94","69.66"
"Héctor Hernández","Portugal 1.","Chaves","CF","30","2000000","2026-12-31","22","1616","7","0","Spain","right","180","3.23","2.73","55.1","5.24","32.98","0.28","2.27","1.62","0.39","0.35","0.11","2.17","53.85","17.949","0.06","0","0.84","53.33","5.18","33.33","3.01","0.5","0.06","13.64","80","3.17","66.67","0.22","50","0.01","0","0.17","0","0.06","1.78","65.63","0.28","20","0.11","1.17","61.9"
"I. Soro","Portugal 1.","Arouca","DMF, RDMF, RCMF","27","1000000","","26","1611","0","0","Côte d'Ivoire","right","176","9.05","8.1","48.97","2.4","51.16","0.39","5.86","1.01","0","0.01","0","0.22","0","0","0.17","33.33","1.51","51.85","3.69","45.45","0.06","0.56","0.39","37.37","88.04","9.94","73.6","2.68","50","0.03","0.06","0.34","50","0.11","4.13","74.32","0.61","9.09","0.06","4.02","63.89"
"A. Méndez","Portugal 1.","Vizela","RCMF, LCMF, RW","24","300000","","30","1604","1","2","United States","left","178","8.25","7.01","68.8","2.3","46.34","0","3.74","2.52","0.06","0.07","0.06","1.51","33.33","3.704","1.29","47.83","2.13","50","4.6","45.12","0.73","0.56","0.17","33.95","83.47","12.12","77.78","2.81","60","0.14","0.06","0.79","42.86","0.39","5.84","79.81","1.8","56.25","0.39","6.17","77.27"
"Marafona","Portugal 1.","Paços de Ferreira","GK","37","50000","2025-06-30","16","1575","0","0","Portugal","left","190","2.4","0.06","100","0.17","66.67","0","2.91","0","0","0","0","0","0","0","0","0","0","0","0.06","100","0","0","0","14.63","83.2","7.89","72.46","6.63","66.38","0","0","0","0","0","1.31","43.48","0.23","0","0","4.34","73.68"
"M. Ndiaye","Portugal 1.","Estoril","DMF, CB, RCMF","24","400000","2027-06-30","26","1568","0","0","Senegal","right","185","9.36","5.17","58.89","4.19","49.32","0.52","8.62","0.46","0","0.05","0","0.57","20","0","0","0","0.46","75","1.95","47.06","0.63","0.23","0.17","32.95","86.06","8.95","74.36","3.16","61.82","0.02","0","0.17","0","0.06","4.02","67.14","0.17","33.33","0.06","5.28","59.78"
"Maracás","Portugal 1.","Paços de Ferreira","LCB, CB","30","1000000","2026-06-30","17","1566","0","0","Brazil","right","184","8.68","5.34","68.82","3.22","55.36","0.69","6.23","0.06","0","0.03","0","0.23","0","0","0","0","0.06","100","0.8","50","0.29","0.17","0.06","34.31","92.96","10.29","85.47","3.22","66.07","0","0","0","0","0","1.03","61.11","0.11","0","0","3.16","67.27"
"Paulo Henrique","Portugal 1.","Santa Clara","LB, LCB","28","700000","2026-06-30","19","1563","0","0","Portugal","left","182","8.06","6.79","50.85","5.41","58.51","0.23","5.85","1.67","0","0.06","0","0.46","25","0","1.9","36.36","1.15","65","2.65","60.87","0.86","0.86","0.23","33.45","79","17.97","74.36","4.89","57.65","0.04","0","0.17","66.67","0.29","5.99","71.15","1.9","42.42","0.29","8.93","74.19"
"Derick Poloni","Portugal 1.","Casa Pia AC","LWB, LB, RWB","31","300000","","23","1563","0","0","Brazil","left","173","9.04","6.91","54.17","2.25","35.9","0.17","5.82","2.48","0","0.03","0","0.86","20","0","2.76","35.42","2.53","50","4.84","46.43","0.75","1.32","0.98","25.8","72.54","9.21","60","2.76","33.33","0.08","0.06","0.06","100","0.35","2.71","55.32","2.42","47.62","0.23","4.95","62.79"
"M. Diaby","Portugal 1.","Portimonense","DMF, RCMF, LCMF","28","300000","","25","1557","1","0","France","right","188","9.42","6.42","57.66","4.74","52.44","0.35","7.36","1.68","0.06","0.07","0.06","0.69","25","8.333","0.35","33.33","2.66","52.17","7.8","42.96","0.75","0.4","0.17","30.06","85","7.8","68.15","2.08","47.22","0.02","0","0","0","0.06","3.24","69.64","0.46","25","0.06","3.99","62.32"
"M. Johnston","Portugal 1.","Vitória Guimarães","LW, LWF, AMF","26","3000000","2028-06-30","25","1547","1","3","Scotland","left","178","3.49","3.26","48.21","1.63","32.14","0.12","2.34","4.54","0.06","0.12","0","1.63","32.14","3.571","1.51","34.62","5.93","50.98","11.52","42.93","1.75","3.84","2.21","24.09","72.95","5.76","64.65","1.45","32","0.14","0","0.93","50","0.35","2.73","61.7","2.21","50","0.81","3.49","73.33"
"Rodrigo Martins","Portugal 1.","Estoril","LW, RW","26","300000","","30","1533","3","0","Portugal","right","177","5.4","7.16","50","1.7","31.03","0.06","2.41","4.76","0.18","0.23","0","2.29","30.77","7.692","2.41","21.95","5.34","64.84","10.68","51.1","3.05","2.05","1.35","20.08","74.56","5.28","61.11","1.29","45.45","0.06","0.06","0.35","16.67","0.29","1.53","65.38","2.11","36.11","0.76","2.41","65.85"
"Rafael Martins","Portugal 1.","Casa Pia AC","CF","36","50000","2026-06-30","26","1533","6","1","Brazil","right","177","3.46","3.41","46.55","5.75","38.78","0","1.76","1.17","0.35","0.28","0.12","1.82","29.03","19.355","0.23","25","0.76","61.54","6.87","30.77","2.94","0.41","0.06","19.43","69.79","4.11","44.29","0.65","45.45","0.01","0","0.18","66.67","0.06","2.17","51.35","0.53","0","0.41","1.82","41.94"
"Uilton","Portugal 1.","Paços de Ferreira","LW, LB, LWF","32","150000","","29","1524","1","1","Brazil","right","175","4.19","3.96","50.75","2.01","38.24","0","2.49","3.31","0.06","0.06","0","1","35.29","5.882","2.66","31.11","2.66","75.56","8.5","43.75","1.06","2.19","0.89","21.79","77.51","4.31","60.27","1.89","40.63","0.13","0","0.12","100","0.35","1.48","60","2.6","43.18","0.59","3.48","62.71"
"Anderson Silva","Portugal 1.","Vitória Guimarães","CF","27","850000","2027-06-30","30","1521","4","0","Brazil","right","186","2.9","2.6","43.18","7.04","22.69","0.12","2.57","3.2","0.24","0.37","0.06","3.08","38.46","7.692","0.71","16.67","4.08","44.93","11.95","30.2","4.08","0.95","0.41","9.7","72.56","1.83","58.06","0.24","100","0.01","0.12","0.24","25","0.06","0.77","69.23","0.41","28.57","0.18","0.95","62.5"
"Yago Cariello","Portugal 1.","Portimonense","CF","25","550000","","25","1521","3","1","Brazil","left","187","3.37","3.14","45.28","9.29","38.85","0.18","2.67","1.83","0.18","0.41","0.12","2.43","34.15","7.317","0.18","0","1.95","48.48","10.77","30.77","3.08","0.47","0.06","14.08","71.01","2.72","41.3","0.47","50","0.04","0","0.12","50","0.12","1.48","40","0.65","36.36","0.47","1.12","57.89"
"A. Samaris","Portugal 1.","Rio Ave","RCMF, DMF","35","100000","","24","1518","0","1","Greece","right","189","8.18","6.7","57.52","1.6","77.78","0.36","5.47","1.13","0","0.02","0","0.89","6.67","0","0.3","40","1.48","52","6.58","49.55","0.12","0.53","0.24","43.7","84.12","12.45","69.05","4.57","45.45","0","0.06","0.36","50","0.06","6.46","63.3","1.48","36","0.47","5.81","64.29"
"Chiquinho","Portugal 1.","Benfica","LDMF, LW","30","0","2027-06-30","25","1515","1","0","Portugal","right","175","8.85","8.26","63.31","2.02","44.12","0.18","5.65","1.96","0.06","0.07","0.06","0.65","27.27","9.091","1.6","29.63","2.02","52.94","4.81","55.56","1.54","2.14","1.01","59.7","90.05","20.2","86.47","3.68","66.13","0.08","0.18","0.59","40","0.24","10.04","83.43","2.55","44.19","1.07","8.67","91.78"
"I. Abass","Portugal 1.","Chaves","LW, LAMF, RWF","26","225000","","26","1513","4","1","Ghana","right","173","4.76","6.01","47.52","1.19","40","0.06","2.6","3.21","0.24","0.22","0","1.96","42.42","12.121","1.67","28.57","3.87","43.08","7.85","39.39","3.15","1.31","0.42","19.63","76.36","4.34","60.27","1.19","50","0.13","0.06","0.59","40","0.42","1.43","54.17","2.08","57.14","1.13","2.5","73.81"
"Lucas Cunha","Portugal 1.","Gil Vicente","RCB","28","2500000","2026-12-31","15","1495","0","0","Brazil","right","186","9.03","4.45","58.11","2.53","66.67","0.66","8.75","0.18","0","0.01","0","0.24","0","0","0.18","66.67","0.24","25","1.26","61.9","0.12","1.02","0.06","53.7","88.12","22.21","78.59","8.25","52.55","0.01","0","0","0","0.06","9.09","68.21","1.57","26.92","0.42","10.78","78.21"
"Matheus Babi","Portugal 1.","Santa Clara","CF","27","700000","2025-06-30","26","1492","5","1","Brazil","right","191","5.97","5.19","55.81","11.64","37.31","0.3","2.92","1.33","0.12","0.35","0","1.63","44.44","18.519","0.18","0","1.87","32.26","12.91","28.04","2.84","0.36","0","12.12","71.14","3.2","50.94","0.36","33.33","0.04","0","0.06","0","0.18","1.57","50","0.24","25","0.3","1.39","65.22"
"Paulinho","Portugal 1.","Sporting CP","CF","32","0","","22","1491","5","3","Portugal","left","187","4.53","4.16","60.87","4.16","44.93","0","3.27","2.23","0.3","0.37","0.18","2.05","44.12","14.706","0.85","42.86","1.69","53.57","5.43","40","4.53","1.21","0.3","17.69","74.06","3.44","54.39","0.78","69.23","0.14","0","0.54","11.11","0.54","1.93","65.63","0.97","25","0.85","1.51","48"
"Claudemir","Portugal 1.","Vizela","RDMF, DMF, RCMF","37","0","","22","1484","0","1","Brazil","right","185","8.92","6.79","58.04","2.55","61.9","0.55","6.34","0.55","0","0.04","0","0.42","28.57","0","0.42","28.57","0.3","80","1.7","46.43","0.36","0.18","0","47.12","86.87","16.86","75.54","4.18","43.48","0.04","0","0.12","50","0.18","6.61","74.31","0.91","26.67","0.18","6.43","73.58"
"Adrián Butzke","Portugal 1.","Paços de Ferreira","CF","25","300000","2026-06-30","26","1483","6","1","Spain","right","193","2.79","2.37","56.41","9.35","45.45","0.06","2.08","1.64","0.3","0.48","0.18","2.73","33.33","13.333","0.42","42.86","1.46","29.17","7.46","24.39","3.82","0.36","0.3","16.81","84.48","2.37","64.1","0.61","60","0.05","0","0.18","66.67","0.36","1.21","60","0.67","63.64","0.61","1.09","83.33"
"André André","Portugal 1.","Vitória Guimarães","LCMF, RCMF, DMF","35","200000","2026-06-30","20","1482","1","0","Portugal","right","174","6.74","6.74","47.75","1.94","34.38","0.24","4.19","2.06","0.06","0.05","0","0.36","33.33","16.667","0.91","40","2.19","63.89","9.17","56.95","0.97","1.34","0.36","40.69","87.46","13.85","78.07","2.31","57.89","0.07","0.12","0.55","33.33","0.18","5.95","82.65","1.46","50","0.43","6.01","75.76"
"E. Fernández","Portugal 1.","Benfica","LDMF, LCMF","24","75000000","2032-06-30","17","1482","1","5","Argentina","right","178","7.65","7.35","63.64","1.64","40.74","0.18","4.62","2.61","0.06","0.13","0","1.88","12.9","3.226","1.52","40","1.88","77.42","4.37","61.11","1.03","1.4","0.49","94.43","88.62","26.72","76.82","10.93","64.44","0.14","0.12","0.85","35.71","0.73","15.12","80.32","4.01","60.61","1.88","12.21","80.6"
"J. Cádiz","Portugal 1.","Famalicão","CF","29","3000000","2027-06-30","24","1475","4","2","Venezuela","right","191","2.5","2.38","61.54","8.24","50.37","0.18","1.34","2.2","0.24","0.37","0.18","2.44","45","10","0.61","30","1.89","45.16","11.04","32.6","3.78","0.61","0.06","14.16","73.71","2.38","61.54","0.73","41.67","0.06","0.06","0.18","33.33","0.18","1.1","61.11","0.79","53.85","0.43","1.16","78.95"
"N. Galović","Portugal 1.","Arouca","LCB, RCB","33","500000","","19","1459","0","0","Croatia","right","186","6.79","2.84","69.57","2.71","54.55","0.68","6.16","0","0","0.01","0","0.06","0","0","0","0","0.06","0","0.43","42.86","0.06","0.25","0.06","36.64","91.58","12.77","80.68","4.01","53.85","0","0","0","0","0","1.97","59.38","0.06","0","0","4.69","61.84"
"Evanilson","Portugal 1.","Porto","CF, RWF","25","0","","23","1458","7","4","Brazil","right","183","3.27","3.4","49.09","3.46","39.29","0","2.26","2.1","0.43","0.4","0","2.1","38.24","20.588","0.68","27.27","1.79","48.28","7.04","42.11","4.38","0.99","0.68","19.2","80.39","2.9","59.57","0.56","88.89","0.17","0","0.62","40","0.56","1.42","56.52","0.74","75","1.11","1.85","60"
"Josué Sá","Portugal 1.","Rio Ave","RCB, LCB, CB","32","500000","2027-06-30","18","1449","0","1","Portugal","right","187","8.57","5.47","56.82","2.42","53.85","0.43","6.2","0.19","0","0.01","0","0.06","100","0","0.19","0","0.37","33.33","0.93","53.33","0.37","2.11","0.31","49.38","88.43","19.5","81.21","7.2","58.62","0.01","0","0.06","0","0.06","7.64","69.92","0.31","0","0","8.39","80"
"Ricardo Esgaio","Portugal 1.","Sporting CP","RWB","32","3000000","2026-06-30","25","1447","1","3","Portugal","right","172","7.77","7.53","60.33","2.24","58.33","0","5.11","2.05","0.06","0.12","0","0.81","61.54","7.692","3.17","23.53","1","62.5","2.86","43.48","1.87","0.93","0.31","43.41","80.23","13.62","70.78","3.3","56.6","0.1","0","0.19","100","0.68","5.16","67.47","3.11","34","0.68","7.03","79.65"
"Matchoi Djaló","Portugal 1.","Paços de Ferreira","LCMF, RCMF, LWF","21","1500000","2027-06-30","22","1416","1","0","Guinea-Bissau","right","175","6.55","5.78","58.24","2.29","38.89","0.19","3.95","3.43","0.06","0.13","0","2.29","30.56","2.778","2.35","10.81","4.13","58.46","13.16","46.38","1.27","1.14","0.57","24.34","77.81","6.04","69.47","1.91","53.33","0.05","0","0.19","33.33","0.13","3.75","62.71","1.84","20.69","0.19","3.24","74.51"
"Marcelo Carné","Portugal 1.","Marítimo","GK","35","350000","","14","1402","0","0","Brazil","right","188","1.6","0.19","66.67","0.45","100","0","2.16","0","0","0","0","0","0","0","0","0","0","0","0.26","75","0","0","0","16.18","85.71","9.31","77.24","4.43","50.72","0","0","0","0","0","0.77","50","0","0","0","3.4","64.15"
"J. Boselli","Portugal 1.","Gil Vicente","LAMF, RAMF, RW","25","700000","2026-06-30","27","1374","1","0","Uruguay","left","174","7.27","6.88","54.29","2.62","37.5","0","4.63","4.39","0.07","0.26","0","2.62","40","2.5","2.75","21.43","5.44","50.6","12.71","39.18","2.88","1.77","0.39","23.91","73.15","4.32","62.12","1.51","34.78","0.19","0","0.2","0","0.26","2.23","58.82","2.82","30.23","0.33","3.21","63.27"
"Pedro Tiba","Portugal 1.","Gil Vicente","LDMF, AMF, LCMF","36","100000","","26","1371","1","0","Portugal","right","174","7.16","6.96","48.11","1.18","38.89","0.46","4.62","2.63","0.07","0.13","0","1.97","23.33","3.333","1.44","27.27","3.02","43.48","7.02","41.12","1.77","1.12","0.92","40.18","82.35","13.06","72.86","3.28","40","0.09","0.07","0.92","50","0.46","6.24","69.47","2.69","48.78","0.98","4.99","78.95"
"A. Yakubu","Portugal 1.","Rio Ave","CF","26","3000000","2026-01-31","17","1370","7","3","Ghana","right","187","2.17","2.5","39.47","4.34","27.27","0","1.45","2.1","0.33","0.27","0.07","1.31","65","35","1.31","10","2.63","42.5","7.36","30.36","2.69","0.72","0.33","14.65","68.16","1.97","50","0.53","25","0.06","0.07","0.07","0","0.33","0.66","30","1.12","29.41","0.46","1.12","29.41"
"Benny","Portugal 1.","Chaves","RAMF, RW, LAMF","25","0","","29","1369","0","4","Portugal","left","178","5.19","5.59","49.41","1.31","25","0","3.07","3.16","0","0.05","0","1.12","29.41","0","2.83","32.56","2.89","47.73","6.64","38.61","1.84","2.1","0.53","24.52","73.46","7.17","67.89","1.12","41.18","0.19","0","0.79","66.67","1.45","2.5","68.42","4.21","56.25","1.51","4.4","76.12"
"Diogo Mendes","Portugal 1.","Marítimo","LCMF, RCMF, LDMF","27","600000","2026-06-30","20","1369","0","0","Portugal","right","182","8.15","7.1","52.78","3.02","65.22","0.13","5.06","0.79","0","0.01","0","0.2","33.33","0","0.39","50","1.25","42.11","4.34","48.48","0.59","0.66","0.39","28.01","89.91","7.43","81.42","2.04","80.65","0.01","0","0.07","0","0.2","4.73","83.33","0.85","61.54","0.39","4.01","83.61"
"Bruno Almeida","Portugal 1.","Santa Clara","CF, AMF, RCMF","28","1200000","2026-06-30","22","1364","1","3","Portugal","left","172","6.4","5.54","53.57","1.58","12.5","0.26","3.86","3.7","0.07","0.1","0","2.05","29.03","3.226","2.71","26.83","2.77","71.43","6.93","49.52","1.25","1.12","0.66","23.56","66.67","7.85","57.14","3.7","55.36","0.13","0","1.12","35.29","0.4","4.95","58.67","2.71","34.15","0.59","4.88","78.38"
"T. Kunimoto","Portugal 1.","Casa Pia AC","RWF, RW, RCMF","27","400000","","24","1363","1","2","Japan","left","174","6.6","5.61","56.47","1.19","33.33","0","3.21","2.31","0.07","0.08","0","0.86","46.15","7.692","1.06","56.25","1.65","56","5.41","36.59","1.58","0.59","0.53","28.79","77.29","7.86","62.18","2.18","57.58","0.15","0.07","0.86","46.15","0.2","3.24","75.51","1.91","48.28","0.4","4.42","68.66"
"Fábio Cardoso","Portugal 1.","Porto","RCB","31","3500000","2026-06-30","17","1363","2","0","Portugal","right","187","6.27","4.36","60.61","3.76","59.65","0.33","5.71","0.4","0.13","0.09","0.13","0.66","30","20","0.13","0","0.33","60","0.99","53.33","1.19","0.59","0","56.92","93.27","20.6","86.22","2.84","51.16","0","0.07","0.07","0","0","4.23","70.31","0.66","40","0.2","6.67","80.2"
"Nélson da Luz","Portugal 1.","Vitória Guimarães","LW, RW, RWF","27","800000","","29","1340","3","0","Angola","left","183","7.12","6.72","64","3.02","31.11","0","4.05","5.1","0.2","0.11","0","1.68","40","12","1.88","21.43","7.93","50.85","16.12","38.33","2.15","2.82","1.54","24.11","80.78","4.97","71.62","1.07","43.75","0.01","0","0.07","0","0","1.14","58.82","1.81","40.74","0.47","2.35","74.29"
"Clayton","Portugal 1.","Casa Pia AC","CF","26","0","2028-12-31","29","1331","4","0","Brazil","right","184","3.85","4.33","45.31","8.18","27.27","0.14","2.14","2.5","0.27","0.34","0.07","2.5","40.54","10.811","0.2","0","2.98","45.45","13.39","27.27","2.98","0.54","0.14","13.25","82.14","1.83","59.26","0.41","33.33","0","0.07","0.2","66.67","0","1.42","80.95","0.34","40","0.14","0.74","63.64"
"Tomás Silva","Portugal 1.","Vizela","RB","25","600000","2026-06-30","22","1329","1","1","Portugal","right","172","11.17","9.82","51.03","2.91","58.14","0.41","6.68","2.17","0.07","0.03","0","0.47","42.86","14.286","2.91","34.88","1.69","52","5.42","42.5","0.74","1.29","1.15","32.64","70.12","13.21","60.51","4.4","38.46","0.09","0","0.34","20","0.74","5.01","54.05","3.86","49.12","0.88","8.47","72"
"Val Soares","Portugal 1.","Marítimo","RDMF, LDMF, LCMF","28","225000","2025-06-30","18","1327","1","0","Brazil","right","176","7.05","8.07","48.74","1.7","52","0.2","4.15","2.51","0.07","0.03","0","1.29","31.58","5.263","0.95","28.57","2.65","51.28","6.38","41.49","0.14","1.02","0.14","49.37","83.65","17.02","76.49","5.97","54.55","0.04","0","0.81","58.33","0.41","10.85","71.88","2.44","33.33","0.41","11.53","80"
"K. Tagawa","Portugal 1.","Santa Clara","CF","26","550000","2027-06-30","27","1325","2","1","Japan","left","181","4.14","3.87","63.16","6.25","42.39","0.07","1.83","0.54","0.14","0.07","0","0.75","36.36","18.182","0.27","0","0.95","28.57","4.96","30.14","1.83","0.34","0.48","9.31","67.15","1.56","39.13","0.27","50","0.07","0","0.07","0","0.27","0.82","41.67","0.34","40","0.41","0.88","53.85"
"Park Ji-Soo","Portugal 1.","Portimonense","LCB, RCB","31","650000","2025-12-31","14","1314","0","1","Korea Republic","left","188","9.79","6.51","67.37","3.29","58.33","0.62","6.72","0.34","0","0.01","0","0.07","100","0","0.14","50","0.41","50","2.05","66.67","0.21","0.21","0.27","40.89","88.27","18.15","80.75","6.3","61.96","0.04","0","0","0","0.14","4.38","68.75","0.55","37.5","0.21","7.74","72.57"
"Y. Soma","Portugal 1.","Casa Pia AC","RWF, RW, LWF","28","0","2026-01-31","18","1312","2","1","Japan","right","166","5.83","5.9","53.49","2.06","30","0.07","2.31","3.29","0.14","0.22","0","2.13","48.39","6.452","2.95","18.6","3.29","50","7.27","46.23","1.99","2.47","1.58","18.04","68.06","3.84","58.93","1.17","35.29","0.21","0","0.14","50","0.41","1.17","64.71","2.68","30.77","0.62","2.61","68.42"
"Rúben Lima","Portugal 1.","Famalicão","LB","35","100000","","18","1303","1","0","Portugal","left","177","11.19","6.35","55.43","3.52","58.82","0.35","8.95","1.52","0.07","0.01","0.07","0.28","50","25","2.62","34.21","1.11","37.5","2.49","38.89","0.21","0.69","0.21","32.81","72.63","16.02","65.09","5.46","40.51","0.05","0","0.28","25","0.28","5.94","59.3","3.18","32.61","0.14","8.36","67.77"
"Uri Busquets","Portugal 1.","Arouca","RDMF, RCMF, DMF","26","400000","","24","1303","0","0","Spain","right","185","9.39","6.29","58.24","1.8","57.69","0.21","6.79","0.76","0","0.02","0","0.21","33.33","0","0.14","0","0.76","63.64","2.49","38.89","0.07","0.35","0","44.48","87.73","12.43","73.89","3.04","70.45","0.02","0","0.21","100","0","5.04","83.56","0.48","71.43","0.35","5.32","53.25"
"Z. Ouattara","Portugal 1.","Portimonense","RW, RB","25","600000","2027-06-30","22","1298","1","1","Côte d'Ivoire","right","177","9.22","6.03","75.86","3.33","50","0.21","5.69","2.29","0.07","0.07","0","0.49","42.86","14.286","2.5","30.56","1.8","65.38","5.13","40.54","1.53","1.66","0.69","32.45","77.56","9.85","65.49","3.26","51.06","0.09","0","0.49","28.57","0.42","4.37","58.73","2.57","40.54","0.62","6.24","73.33"
"Toni Martínez","Portugal 1.","Porto","CF","28","5000000","2028-06-30","31","1297","5","4","Spain","right","187","2.5","3.4","44.9","8.4","52.07","0.14","1.86","2.5","0.35","0.5","0.21","3.12","46.67","11.111","1.18","17.65","1.6","52.17","5.07","35.62","4.72","0.76","0.42","10.13","69.86","1.67","54.17","0.21","33.33","0.18","0","0.35","0","0.35","0.28","50","0.76","36.36","0.62","0.56","50"
"E. Ferigra","Portugal 1.","Paços de Ferreira","RCB, LCB","26","650000","2025-06-30","16","1292","0","0","Ecuador","right","182","10.17","7.04","65.35","4.88","47.14","0.63","7.29","0.56","0","0.01","0","0.14","50","0","0.07","0","0.7","70","2.37","55.88","0.21","0.28","0","39.57","90.67","17.14","85.37","4.32","56.45","0","0","0","0","0","3.55","72.55","0.14","0","0","5.92","72.94"
"Luquinha","Portugal 1.","Portimonense","RAMF, RW, AMF","24","300000","2025-12-31","17","1275","2","1","Brazil","right","167","6.28","7.69","48.62","2.19","32.26","0.14","3.47","2.4","0.07","0.13","0","1.13","25","12.5","1.2","52.94","2.05","44.83","7.2","33.33","1.41","1.41","0.92","33.67","80.71","9.81","73.38","0.99","35.71","0.13","0.07","1.2","47.06","0.64","4.66","74.24","2.82","55","1.41","5.36","76.32"
"Rúben Lameiras","Portugal 1.","Vitória Guimarães","RW, RWF, LW","30","500000","","19","1273","1","2","Portugal","left","174","4.31","4.45","55.56","1.2","17.65","0","2.56","4.67","0","0.15","0","2.26","31.25","3.125","2.69","42.11","4.88","47.83","9.76","41.3","2.62","2.19","0.57","25.38","74.09","6.5","65.22","1.27","44.44","0.13","0.07","1.06","46.67","0.42","2.97","64.29","3.39","54.17","0.85","4.6","72.31"
"João Mário","Portugal 1.","Porto","RB","25","15000000","2027-06-30","18","1271","1","4","Portugal","right","179","6.87","7.08","53","1.56","40.91","0.07","4.47","6.23","0.07","0.05","0","0.71","20","10","4.32","37.7","6.44","69.23","8.92","59.52","2.05","2.34","1.06","41.07","78.97","12.68","67.04","3.26","45.65","0.28","0","0.64","0","1.27","3.82","62.96","3.82","48.15","0.85","6.59","70.97"
"João Graça","Portugal 1.","Rio Ave","RWF, RW, LCMF","30","500000","2026-06-30","19","1257","0","1","Portugal","right","177","6.59","6.59","46.74","2.58","30.56","0.36","4.26","2.79","0","0.06","0","0.79","27.27","0","0.93","30.77","3.29","58.7","9.52","38.35","0.93","1.72","0.93","33.51","83.12","8.52","67.23","2.29","56.25","0.05","0","1","35.71","0.43","4.15","70.69","2.29","37.5","0.57","3.87","81.48"
"Paulo Vitor","Portugal 1.","Rio Ave","LWB, LB","26","400000","2028-06-30","25","1257","1","1","Brazil","right","168","7.73","6.09","55.29","1.43","15","0.14","5.31","4.8","0.07","0.04","0","1.43","10","5","3.22","24.44","6.01","61.9","11.24","48.41","1.36","3.51","2.36","28","78.52","4.73","51.52","2.36","45.45","0.09","0","0.36","40","0.5","1.79","72","2.79","35.9","0.36","3.79","64.15"
"M. Grujić","Portugal 1.","Porto","RCMF, RDMF, DMF","29","6000000","2026-06-30","24","1252","1","0","Serbia","right","191","9.2","7.91","51.82","6.97","65.98","0.22","8.63","1.37","0.07","0.1","0.07","1.15","18.75","6.25","0.29","25","1.44","60","4.03","46.43","1.51","0.72","0","47.59","88.97","14.66","79.9","4.24","62.71","0.03","0.07","0.36","60","0.07","8.7","80.99","0.58","75","0.36","6.83","78.95"
"R. Gomes","Portugal 1.","Portimonense","LAMF, LW, RW","27","550000","","30","1252","1","1","Portugal","left","175","7.26","6.9","53.13","2.88","27.5","0.07","4.82","4.96","0.07","0.12","0","1.73","33.33","4.167","3.45","27.08","6.04","50","11.65","35.8","2.37","1.94","1.15","25.45","73.16","6.76","63.83","1.87","46.15","0.28","0.07","0.79","54.55","1.01","2.8","69.23","3.02","42.86","0.93","3.88","74.07"
"U. Račić","Portugal 1.","Sporting Braga","RCMF, LCMF, RDMF","27","0","","25","1249","1","0","Serbia","right","193","9.22","6.34","50","4.18","62.07","0.5","6.63","1.51","0","0.19","0","2.09","17.24","3.448","0.29","0","1.59","63.64","6.34","42.05","1.01","0.86","0.36","43.96","86.23","11.82","76.22","4.32","66.67","0.01","0","0.58","25","0","7.85","83.49","0.86","25","0.29","5.62","84.62"
"Matheus Costa","Portugal 1.","Marítimo","RCB, LCB","30","300000","2025-12-31","20","1242","0","0","Brazil","right","188","9.64","6.52","71.11","5.51","60.53","0.51","7.18","0.22","0","0.05","0","0.43","33.33","0","0","0","0.07","100","0.94","38.46","0.65","0.14","0.07","35.22","89.51","13.84","80.1","5.07","60","0","0","0","0","0","3.48","60.42","0.22","33.33","0","5.51","67.11"
"MT","Portugal 1.","Santa Clara","LB, LWB, LW","23","450000","2028-06-30","20","1238","0","0","Brazil","left","185","9.6","7.05","63.92","4.07","46.43","0.15","5.48","2.69","0","0.03","0","0.87","25","0","2.11","20.69","3.2","59.09","7.63","55.24","0.65","0.87","0.15","29.95","73.54","13.3","66.12","4.07","37.5","0.02","0","0.29","50","0.15","4.94","57.35","1.96","33.33","0.29","6.98","59.38"
"Arthur Gomes","Portugal 1.","Sporting CP","LWB, RWB, LWF","26","3000000","2029-06-30","28","1227","2","2","Brazil","right","174","6.16","4.99","63.24","1.32","33.33","0","5.42","6.38","0.15","0.14","0","1.54","33.33","9.524","4.99","22.06","7.48","58.82","11.96","49.69","2.93","3.15","0.59","36.97","79.56","6.45","75","2.2","66.67","0.14","0","0.37","100","0.51","1.83","68","4.03","36.36","1.03","4.62","74.6"
"Luiz Carlos","Portugal 1.","Paços de Ferreira","RCMF","40","50000","","20","1223","0","1","Brazil","right","175","7.65","5.89","51.25","1.62","22.73","0.22","4.95","1.32","0","0.02","0","0.52","14.29","0","1.32","16.67","1.32","61.11","6.55","48.31","0.44","0.81","0.37","38.41","86.4","8.54","82.76","2.72","75.68","0.05","0.07","0.37","60","0.22","4.64","77.78","1.55","38.1","0.44","4.19","63.16"
"Allano","Portugal 1.","Santa Clara","LW, LAMF, RW","29","300000","","20","1219","1","0","Brazil","left","182","7.75","6.2","53.57","2.81","39.47","0.15","5.64","4.73","0","0.11","0","0.74","40","10","3.1","28.57","4.58","69.35","12.48","48.52","1.55","1.92","1.33","31.6","71.96","9.45","57.03","2.07","50","0.1","0","0.74","50","0.22","4.06","63.64","3.62","36.73","0.66","4.95","65.67"
"Vitinha","Portugal 1.","Sporting Braga","CF","25","14000000","2028-06-30","17","1209","7","2","Portugal","right","178","7.22","6.63","58.43","4.62","30.65","0.22","4.53","4.76","0.52","0.42","0","3.28","50","15.909","1.64","18.18","4.91","56.06","13.1","35.8","5.36","1.71","0.67","16","70.23","2.9","56.41","1.27","47.06","0.08","0.3","0.07","100","0.45","1.41","52.63","1.56","47.62","0.97","1.49","85"
"Miguel Baeza","Portugal 1.","Rio Ave","RW, RWF, RCMF","25","400000","","22","1188","0","1","Spain","left","177","4.62","4.24","57.14","1.36","33.33","0.15","2.86","1.52","0","0.06","0","0.98","23.08","0","0.68","77.78","1.74","30.43","4.32","28.07","0.76","1.59","0.68","28.94","84.29","6.36","69.05","1.44","42.11","0.07","0.15","0.38","60","0.15","3.71","77.55","1.14","60","0.3","3.86","66.67"
"Léo Andrade","Portugal 1.","Marítimo","LCB, LB","27","300000","","12","1180","1","0","Brazil","left","191","8.92","4.65","57.38","4.19","56.36","0.61","8.37","0.46","0.08","0.11","0.08","0.46","33.33","16.667","0.23","0","0.31","75","0.92","41.67","0.76","0.38","0","33.64","84.58","17.31","77.97","4.19","58.18","0","0","0.15","50","0","2.44","59.38","0.53","42.86","0.23","6.79","66.29"
"Renê Santos","Portugal 1.","Marítimo","LCB, DMF","32","100000","","14","1175","1","0","Brazil","both","187","8.96","5.97","62.82","3.83","62","0.46","7.11","0.46","0.08","0.06","0.08","0.46","16.67","16.667","0.08","100","0.38","80","2.53","54.55","0.69","0.08","0.08","42.13","88","14.4","72.87","6.51","51.76","0.03","0","0.15","0","0.08","5.21","57.35","0.38","20","0.08","5.59","73.97"
"K. Misao","Portugal 1.","Santa Clara","LCMF, RCMF, LDMF","28","750000","2026-06-30","17","1172","0","0","Japan","right","181","11.75","9.14","57.14","1.92","48","0.69","7.32","0.61","0","0.01","0","0.46","16.67","0","0.31","0","0.69","66.67","4.07","47.17","0.15","0.08","0.08","29.1","83.64","9.98","73.85","3.61","59.57","0.01","0","0.15","50","0","4.76","74.19","0.61","50","0.31","4.68","68.85"
"S. Beltrame","Portugal 1.","Marítimo","RCMF, LCMF","32","300000","","20","1172","0","0","Italy","right","183","4.91","3.53","54.35","0.92","58.33","0.15","3.69","2.3","0","0.1","0","1.31","23.53","0","0.92","50","2.84","51.35","6.91","43.33","0.54","1.15","0.31","26.26","80.41","7.45","62.89","1.54","40","0.03","0","0.15","50","0.15","3.23","64.29","1","53.85","0.38","4.07","67.92"
"M. Tounkara","Portugal 1.","Vitória Guimarães","RCB","23","400000","","14","1172","0","0","France","right","192","6.99","4.68","59.02","4.68","52.46","0.31","5.23","0.38","0","0.02","0","0.15","50","0","0.23","0","0.38","80","2","46.15","0.23","0.54","0.15","30.87","85.07","13.44","73.14","3.92","45.1","0","0","0.15","0","0","2.92","65.79","0.38","0","0","4.3","66.07"
"Pedro Porro","Portugal 1.","Sporting CP","RWB, RB","26","45000000","2028-06-30","14","1169","2","6","Spain","right","173","6.78","6.85","56.18","0.85","45.45","0.08","5","8.24","0.08","0.17","0.08","2.62","29.41","5.882","7.01","32.97","6.54","69.41","9.08","59.32","2.69","2","0.85","45.04","70.94","13.17","54.39","5.31","36.23","0.28","0.08","1.39","44.44","0.92","5.31","39.13","6.7","43.68","1.08","8.78","73.68"
"Ítalo","Portugal 1.","Santa Clara","LCB","23","800000","2027-06-30","12","1165","0","0","Brazil","left","191","9.58","5.18","58.21","6.33","45.12","0.62","7.73","0.54","0","0.02","0","0.23","0","0","0.15","50","0.77","60","2.32","40","0.85","0.23","0.08","30.98","85.29","12.9","71.86","4.4","54.39","0","0","0.08","0","0","2.63","50","0.23","33.33","0.08","5.95","62.34"
"Z. Sanusi","Portugal 1.","Porto","LB","28","3000000","2027-06-30","18","1163","0","0","Nigeria","left","182","7.35","5.65","50.68","2.63","64.71","0.23","6.95","2.17","0","0.02","0","0.54","28.57","0","2.71","42.86","1.16","66.67","2.79","52.78","0.85","1.55","0.93","37.69","81.31","14.39","75.27","2.79","55.56","0.08","0","0.31","25","0.46","3.64","70.21","3.02","51.28","0.7","7.2","74.19"
"C. Tassano","Portugal 1.","Santa Clara","LCB","28","225000","2025-06-30","13","1162","1","0","Uruguay","right","185","9.68","6.43","71.08","3.95","47.06","0.7","5.87","0.77","0.08","0.09","0","0.46","50","16.667","0.08","100","0.54","85.71","1.94","56","0.62","0.08","0.15","29.82","86.75","10.15","68.7","4.49","46.55","0","0","0","0","0","2.48","43.75","0.31","25","0.15","4.34","57.14"
"Euller","Portugal 1.","Chaves","LAMF, LW, RW","30","350000","2027-06-30","21","1158","1","0","Brazil","left","175","5.83","7.15","42.39","1.94","48","0.23","3.66","4.35","0.08","0.13","0","1.48","42.11","5.263","2.56","48.48","4.59","52.54","9.25","43.7","1.63","2.02","0.47","26.74","77.62","5.67","64.38","1.71","59.09","0.08","0.08","0.16","50","0.62","2.1","74.07","2.56","54.55","0.47","4.2","75.93"
"I. Camará","Portugal 1.","Boavista","LCMF, RCMF","26","350000","2026-06-30","24","1150","0","0","Guinea","right","190","6.34","4.62","55.93","3.76","33.33","0.31","4.97","2.11","0","0.09","0","0.94","33.33","0","1.64","23.81","2.19","53.57","5.01","40.63","1.1","0.94","0.23","33.42","77.99","12.29","68.15","3.52","57.78","0.05","0.16","0.7","33.33","0.23","6.34","69.14","2.27","27.59","0.23","5.79","75.68"
"Arsénio","Portugal 1.","Arouca","LW, LAMF, RW","35","50000","2025-06-30","31","1150","0","2","Portugal","right","180","4.85","3.99","50.98","1.49","36.84","0.08","3.91","2.35","0","0.07","0","0.86","27.27","0","2.03","30.77","2.66","47.06","7.75","33.33","0.86","0.94","0.47","28.96","75.68","7.67","55.1","2.03","38.46","0.11","0","0.63","37.5","0.63","2.35","56.67","2.43","48.39","0.47","4.46","66.67"
"L. Rosier","Portugal 1.","Estoril","RCMF, DMF, RDMF","27","900000","","12","1139","0","1","France","right","190","8.53","6.95","54.55","2.05","57.69","0.16","6.44","0.63","0","0.11","0","0.71","22.22","0","0.08","100","0.87","36.36","3.32","54.76","0.95","0.87","0.16","35.48","84.63","10.35","70.23","2.53","56.25","0.01","0","0.4","20","0.08","5.06","75","0.95","66.67","0.47","5.53","70"
"João Gamboa","Portugal 1.","Estoril","DMF, RCMF, RDMF","28","500000","2026-06-30","17","1120","0","0","Portugal","right","187","8.6","6.43","51.25","3.13","53.85","0.8","5.98","0.48","0","0.06","0","0.48","16.67","0","0.16","0","0.56","71.43","2.65","54.55","0.4","0.24","0.08","27.64","80.23","9.64","69.17","3.13","51.28","0.01","0.08","0","0","0","3.86","79.17","0.8","30","0.24","5.06","57.14"
"Ygor Nogueira","Portugal 1.","Santa Clara","RCB","30","400000","2026-06-30","12","1108","1","0","Brazil","right","187","10.23","5.52","69.12","5.2","53.13","0.81","6.42","0.49","0.08","0.1","0.08","0.57","28.57","14.286","0.08","0","0.49","66.67","2.11","46.15","0.73","0.32","0.16","26.32","85.19","11.45","76.6","4.14","52.94","0","0","0","0","0","3.49","51.16","0.73","11.11","0","4.87","66.67"
"Bruma","Portugal 1.","Sporting Braga","LAMF, LW","30","7000000","2027-06-30","16","1107","4","5","Guinea-Bissau","right","173","5.69","5.2","68.75","0.89","18.18","0","3.05","5.69","0.33","0.3","0","2.28","46.43","14.286","1.79","13.64","7.32","55.56","14.8","39.01","5.04","5.28","1.71","36.02","79.23","8.05","71.72","0.98","66.67","0.17","0.08","1.14","28.57","0.89","3.58","79.55","2.93","52.78","2.28","5.28","86.15"
"G. Assunção","Portugal 1.","Famalicão","DMF, RCMF, RDMF","25","1500000","","22","1095","1","1","Brazil","right","178","10.93","8.55","61.54","3.04","40.54","0.33","6.24","0.99","0.08","0.01","0.08","0.16","100","50","0.33","50","1.15","57.14","3.21","46.15","0.16","0.82","0.41","40.19","84.25","11.51","66.43","4.93","60","0.04","0","0.41","0","0.25","5.26","67.19","1.4","35.29","0.25","5.1","53.23"
"André Pereira","Portugal 1.","Rio Ave","CF, AMF","30","300000","","21","1093","1","3","Portugal","left","188","4.61","6.51","39.24","5.02","31.15","0.08","2.68","3.54","0","0.27","0","1.65","45","5","0.66","25","4.45","48.15","12.93","38.22","2.47","1.73","0.58","22.48","81.68","3.62","68.18","0.82","40","0.07","0","0.99","50","0.41","2.06","56","0.58","57.14","0.49","2.06","72"
"A. Bukia","Portugal 1.","Arouca","RW, RAMF","30","400000","2026-06-30","14","1087","2","0","Congo DR","left","173","5.71","5.55","65.67","1.41","0","0","2.43","5.05","0.17","0.09","0","1.57","42.11","10.526","1.32","25","6.46","52.56","13.58","43.29","1.08","2.73","0.99","23.02","78.78","5.88","59.15","1.49","66.67","0.08","0.08","1.49","44.44","0.08","2.57","54.84","2.24","48.15","0.91","3.15","81.58"
"L. Ruiz","Portugal 1.","Rio Ave","CF","29","400000","","25","1082","4","0","Colombia","right","185","3.16","4.41","35.85","5.16","22.58","0.25","1.4","1.41","0.33","0.17","0.08","1.58","42.11","21.053","0.08","0","1.25","53.33","6.49","26.92","2.33","0.58","0.08","19.71","82.28","3.66","63.64","0.91","54.55","0.01","0","0.33","25","0","1.66","70","0.5","50","0.33","1.25","53.33"
"Maurício","Portugal 1.","Portimonense","DMF, LCMF, RCMF","36","200000","","14","1078","3","0","Brazil","right","184","9.35","7.68","56.52","1.92","52.17","0.42","6.17","1.34","0.25","0.04","0","0.58","42.86","42.857","0.42","60","1.34","56.25","5.68","47.06","0.33","0.5","0.08","39.57","90.3","10.6","76.38","2.25","62.96","0.02","0","0.33","25","0.08","5.43","80","1.09","53.85","0.42","4.09","73.47"
"B. Milovanov","Portugal 1.","Arouca","RB","27","500000","","15","1078","0","0","Ukraine","right","178","12.86","10.19","62.3","2.25","44.44","0.17","7.7","1.25","0","0.01","0","0.17","0","0","1.17","14.29","1.84","54.55","3.34","45","0.58","0.83","0.33","33.06","70.45","12.77","50.33","6.68","47.5","0","0","0.25","33.33","0","4.09","44.9","1.09","30.77","0.08","8.01","54.17"
"Mexer","Portugal 1.","Estoril","RCB","36","150000","","14","1072","0","0","Mozambique","right","188","7.3","3.44","65.85","3.44","60.98","0.5","6.69","0.5","0","0.1","0","0.92","18.18","0","0.08","0","0.5","66.67","1.34","68.75","0.76","0.17","0","48.86","89.35","13.94","72.89","5.71","42.65","0","0","0","0","0","4.79","56.14","0.34","25","0.17","5.21","62.9"
"Pedro Amaral","Portugal 1.","Rio Ave","LCB, LB, LWB","28","700000","2026-06-30","12","1065","1","2","Portugal","left","178","6.17","5.15","57.38","1.01","25","0.25","3.98","1.86","0.08","0.02","0","0.59","14.29","14.286","2.87","38.24","1.94","34.78","4.23","38","0.59","1.52","0.25","44.11","78.74","17.24","73.53","5.41","53.13","0.09","0","0.17","0","0.08","6.25","71.62","2.7","50","0.08","10.23","76.03"
"J. Tagueu","Portugal 1.","Marítimo","CF","31","550000","","14","1065","1","0","Cameroon","left","178","3.04","2.2","61.54","10.65","29.37","0","2.34","1.77","0.08","0.52","0","2.79","33.33","3.03","0.68","25","1.86","31.82","10.23","24.79","3.13","0.42","0.08","14.7","78.74","1.86","59.09","0.25","66.67","0.03","0","0.08","100","0.25","0.85","70","0.68","75","0.42","0.59","57.14"
"R. Boženík","Portugal 1.","Boavista","CF","25","5000000","","23","1064","4","0","Slovakia","right","187","2.79","3.05","50","4.91","20.69","0","1.24","1.78","0.34","0.29","0.08","2.62","32.26","12.903","0.25","33.33","1.69","45","8.71","33.98","2.79","0.25","0","12.94","77.78","1.69","55","1.18","71.43","0.02","0","0.25","33.33","0","1.35","50","0.25","66.67","0.17","0.85","50"
"Y. González","Portugal 1.","Portimonense","CF, LW, LWF","31","500000","","16","1060","0","1","Colombia","right","184","4.5","4.16","53.06","3.23","42.11","0.08","3.18","2.29","0","0.1","0","0.93","36.36","0","2.21","34.62","2.89","41.18","8.24","31.96","2.29","0.59","0.25","20.38","77.08","3.57","73.81","1.1","53.85","0.09","0","0","0","0.51","1.1","76.92","1.7","50","0.76","2.55","66.67"
"Fabiano","Portugal 1.","Sporting Braga","RB","25","3000000","2026-06-30","12","1041","0","0","Brazil","right","175","9.94","8.56","63.64","2.25","15.38","0.26","6.57","2.77","0","0.02","0","0.35","25","0","3.37","38.46","1.99","60.87","4.93","52.63","0.52","1.04","0.35","39.51","77.02","11.76","55.15","5.19","56.67","0.06","0","0.26","66.67","0.43","3.98","54.35","3.29","44.74","0.52","9.68","67.86"
"K. Zohi","Portugal 1.","Vizela","RWF, LAMF, LWF","28","500000","2027-06-30","25","1039","2","3","Côte d'Ivoire","right","180","6.15","5.2","56.67","3.72","32.56","0","3.82","3.29","0.17","0.18","0","1.91","36.36","9.091","1.47","41.18","2.77","56.25","8.75","31.68","2.77","1.73","0.26","23.82","74.91","5.72","65.15","0.87","60","0.14","0","0.87","50","0.52","2.08","58.33","1.99","56.52","1.04","3.46","57.5"
"Tiago Araújo","Portugal 1.","Estoril","LB, LW, LAMF","24","800000","2028-06-30","25","1031","1","0","Portugal","left","184","7.33","6.11","48.57","1.75","55","0.09","5.54","3.67","0.09","0.1","0","1.22","35.71","7.143","3.58","31.71","3.58","58.54","6.11","51.43","1.4","2.1","1.48","28.63","71.34","10.3","66.1","4.71","46.3","0.04","0","0","0","0.17","4.1","46.81","2.36","40.74","0","6.2","63.38"
"J. St. Juste","Portugal 1.","Sporting CP","RCB","28","8000000","2026-06-30","21","1030","1","1","Netherlands","right","186","8.13","7.25","69.88","4.11","53.19","0.09","5.45","1.31","0.09","0.03","0.09","0.44","20","20","1.05","33.33","1.49","52.94","2.97","58.82","0.52","2.53","1.31","78.12","93.18","29.62","88.2","2.36","44.44","0.04","0","0.09","100","0.26","11.8","88.89","1.57","38.89","0.17","12.15","82.01"
"A. Dobre","Portugal 1.","Famalicão","RAMF, RW","27","0","","17","1018","2","3","Romania","right","185","6.72","5.75","64.62","3.09","25.71","0.18","4.06","3.62","0.18","0.25","0.09","1.94","36.36","9.091","2.03","47.83","3.54","55","6.72","43.42","3.89","2.12","1.59","21.31","78.42","3.45","66.67","0.62","42.86","0.23","0.09","0","0","0.97","1.24","64.29","1.68","57.89","1.24","2.92","60.61"
"S. Kritsyuk","Portugal 1.","Gil Vicente","GK","34","400000","","11","1011","0","0","Russia","right","192","2.76","0.09","100","0.71","100","0","3.49","0","0","0","0","0","0","0","0","0","0","0","0.09","100","0","0","0","22.17","91.97","10.86","85.25","6.14","79.71","0","0","0","0","0","0.98","45.45","0.09","0","0","4.9","72.73"
"B. Róchez","Portugal 1.","Portimonense","CF","30","400000","","21","1006","1","1","Honduras","right","183","3.67","3.58","55","8.5","40","0.18","1.81","1.88","0.09","0.43","0.09","2.24","28","4","0.54","50","1.52","58.82","9.39","28.57","3.67","0.27","0.09","12.97","73.1","2.33","53.85","0","0","0.03","0","0.27","33.33","0.18","1.25","64.29","0.45","60","0.63","1.61","61.11"
"Romário Baró","Portugal 1.","Casa Pia AC","RCMF, RW","25","1500000","2026-06-30","18","1005","0","1","Guinea-Bissau","right","180","6.45","5.91","51.52","2.15","29.17","0.09","3.34","2.6","0","0.04","0","0.99","9.09","0","0.18","50","2.96","60.61","9.76","41.28","0.9","1.43","0.81","24.63","82.91","7.52","73.81","0.9","70","0.07","0","1.16","53.85","0.36","3.22","83.33","1.34","60","0.99","4.03","86.67"
"Beni","Portugal 1.","Casa Pia AC","LCMF, RCMF","23","700000","2027-06-30","14","1005","0","1","Angola","right","180","9.67","7.34","73.17","1.79","40","0.18","4.27","1.79","0","0.02","0","0.36","0","0","0.36","50","2.87","56.25","7.61","42.35","0.18","1.16","0.72","34.21","89.01","9.85","75.45","1.61","55.56","0.04","0","0.09","0","0.18","4.84","77.78","1.16","38.46","0.18","3.4","81.58"
"Cassiano","Portugal 1.","Estoril","CF","36","200000","2026-06-30","15","988","2","0","Brazil","right","184","3.73","3.55","43.59","6.01","36.36","0.09","2.53","1.55","0.18","0.23","0","1","45.45","18.182","0.55","0","1.46","75","5.56","45.9","1.55","0.36","0.18","9.11","61","2.1","52.17","0.18","50","0.01","0","0","0","0","0.91","40","0.55","16.67","0.18","0.73","62.5"
"Pablo Moreno","Portugal 1.","Marítimo","CF, AMF","23","500000","","19","984","0","2","Spain","right","178","5.67","6.4","60","2.84","19.35","0","2.44","2.47","0","0.05","0","0.64","28.57","0","0.73","37.5","4.21","45.65","11.25","39.02","1.19","2.29","1.01","18.57","85.71","3.93","79.07","0.18","0","0.08","0.18","0.55","16.67","0.27","0.64","85.71","1.19","30.77","0.37","1.19","69.23"
"B. Riascos","Portugal 1.","Marítimo","CF, RAMF","30","550000","","16","974","3","2","Colombia","right","178","5.91","4.62","64","5.36","41.38","0.09","4.67","3.7","0.28","0.41","0","2.49","22.22","11.111","2.4","38.46","4.07","52.27","12.1","33.59","4.34","1.48","0.83","17","72.83","3.14","58.82","0.83","44.44","0.21","0","0.18","50","0.74","0.74","75","1.02","81.82","0.74","2.22","54.17"
"Zé Carlos","Portugal 1.","Vitória Guimarães","RB, RWB","23","2000000","","15","957","0","2","Portugal","right","172","9.97","8.09","56.98","1.97","28.57","0.19","6.64","2.16","0","0.01","0","0.28","33.33","0","1.79","21.05","2.82","60","6.58","64.29","0.56","0.94","0.19","32.63","77.52","11.29","71.67","2.16","30.43","0.05","0","0","0","0.28","3.57","55.26","1.79","21.05","0.47","5.08","66.67"
"Oday Dabbagh","Portugal 1.","Arouca","CF","26","1500000","2026-06-30","14","954","7","0","Palestine","left","183","3.68","3.21","52.94","6.6","28.57","0","2.73","3.11","0.66","0.37","0","2.08","63.64","31.818","0.28","66.67","2.55","59.26","7.74","41.46","3.96","1.6","0.38","20.85","82.81","2.74","65.52","0.19","100","0.05","0","0.19","50","0.28","1.23","69.23","1.04","72.73","0.75","1.23","76.92"
"O. Diomandé","Portugal 1.","Sporting CP","RCB","21","0","2027-06-30","13","952","1","0","Côte d'Ivoire","right","190","8.22","7.37","62.82","3.78","47.5","0.38","6.44","0.85","0.09","0.08","0.09","0.95","20","10","0.09","0","0.85","44.44","2.08","40.91","0.57","1.61","0.19","80.45","91.54","29.31","81.29","5.58","50.85","0","0","0.57","50","0","11.72","78.23","1.04","45.45","0.47","11.72","79.03"
"Rildo","Portugal 1.","Santa Clara","LW, CF, RW","25","1000000","2027-06-30","23","949","3","1","Brazil","right","178","5.03","5.88","51.61","2.66","21.43","0.09","2.38","3.32","0.28","0.21","0","1.99","42.86","14.286","1.33","14.29","5.31","41.07","10.34","34.86","1.8","1.42","0.85","15.36","66.67","4.65","69.39","0.66","42.86","0.01","0.09","0.57","16.67","0.19","1.9","60","1.9","30","0.38","2.66","64.29"
"Youssef Chermiti","Portugal 1.","Sporting CP","CF","20","0","2027-06-30","16","946","3","2","Portugal","right","192","3.04","4.85","39.22","4","42.86","0.1","1.89","2.38","0.29","0.58","0.1","2.47","53.85","11.538","0.86","22.22","2.38","32","8.85","21.51","4.76","1.05","0.38","11.89","73.6","2.09","63.64","0.19","0","0.03","0","0.29","33.33","0.1","1.24","84.62","0.76","50","0.38","0.57","66.67"
"Alisson Safira","Portugal 1.","Vitória Guimarães","CF","30","400000","","22","943","5","1","Brazil","right","185","3.53","4.1","41.86","10.5","50","0.29","2.26","1.91","0.48","0.25","0.29","1.91","45","25","0.57","0","2.2","47.83","9.54","40","3.44","0.38","0.19","15.94","75.45","2.67","53.57","0.19","0","0.06","0","0.19","0","0.1","0.48","40","0.86","33.33","0.29","0.76","50"
"J. Léa Siliki","Portugal 1.","Estoril","RW, RCMF, AMF","28","600000","","22","932","3","0","France","left","183","5.6","6.86","43.66","1.06","54.55","0.19","3.2","3.77","0.29","0.12","0.1","1.55","37.5","18.75","2.41","24","4.25","54.55","10.43","43.52","1.93","0.87","0.39","21.73","66.67","6.86","47.89","2.8","31.03","0.04","0","1.16","25","0.39","3.96","46.34","3.09","25","0.58","2.99","83.87"
"I. Vekič","Portugal 1.","Paços de Ferreira","GK","26","250000","2026-06-30","10","923","0","0","Slovenia","right","192","1.56","0.1","0","0.49","100","0","2.26","0","0","0","0","0","0","0","0","0","0","0","0","0","0","0","0","14.24","89.04","8","81.71","4.78","71.43","0","0","0","0","0","0.29","0","0","0","0","3.12","68.75"
"Matheus Pereira","Portugal 1.","Vizela","LB","24","800000","2028-06-30","18","923","1","2","Brazil","left","172","10.34","9.46","51.55","2.54","34.62","0.1","7.21","2.63","0.1","0.02","0","0.2","50","50","2.24","39.13","2.44","68","6.34","52.31","0.68","1.17","0.78","44.07","73.67","19.21","59.9","6.63","38.24","0.07","0","0","0","0.59","6.63","64.71","2.63","40.74","0.29","10.92","68.75"
"Bruno Jordão","Portugal 1.","Santa Clara","LCMF, RDMF, RCMF","26","700000","2026-06-30","11","906","1","0","Portugal","right","180","7.65","6.46","58.46","1.49","40","0.1","4.19","2.98","0.1","0.19","0","1.29","30.77","7.692","0.89","11.11","4.07","56.1","8.05","54.32","0.99","0.79","0.3","26.52","79.78","7.85","67.09","2.78","53.57","0.03","0","0.5","40","0.3","2.58","76.92","1.59","43.75","0.4","4.17","61.9"
"Gilberto","Portugal 1.","Benfica","RB","32","3000000","2026-06-30","20","883","2","1","Brazil","right","181","8.97","7.34","62.5","2.85","42.86","0.2","7.6","5.5","0.2","0.13","0.1","0.71","42.86","28.571","5.3","34.62","5.3","57.69","9.78","45.83","2.34","3.47","0.61","65.64","83.54","16.21","71.7","2.45","33.33","0.29","0","0.71","42.86","1.22","7.03","68.12","5.61","50.91","1.73","9.07","83.15"
"Vítor Gomes","Portugal 1.","Rio Ave","RCMF, DMF","37","100000","","20","876","0","1","Portugal","right","182","7.29","4.01","61.54","0.92","55.56","0.21","5.77","0.72","0","0.01","0","0.31","0","0","0.21","0","0.62","50","3.18","45.16","0.1","0.1","0","52.91","82.52","19.21","71.66","4.42","58.14","0.04","0.1","1.23","33.33","0.51","10.68","62.5","1.64","31.25","0.51","8.01","75.64"
"A. Oudrhiri","Portugal 1.","Rio Ave","RCMF","32","400000","","19","875","0","0","France","right","184","6.99","4.11","62.5","0.62","50","0.31","6.2","0.51","0","0.03","0","0.21","0","0","0.31","33.33","0.62","66.67","4.22","48.78","0.21","0.82","0.41","44.74","91.95","10.39","84.16","2.47","79.17","0","0.1","0.31","0","0","5.25","92.16","0.51","40","0.1","4.42","76.74"
"B. Aouacheria","Portugal 1.","Gil Vicente","LAMF, RAMF, RW","31","400000","","24","874","1","1","France","both","182","4.94","6.49","52.38","1.54","26.67","0","2.18","4.94","0.1","0.11","0","2.16","23.81","4.762","2.99","17.24","5.66","67.27","13.08","50.39","2.06","2.88","1.44","22.35","71.43","5.15","60","0.93","44.44","0.08","0","0.41","25","0.31","2.16","61.9","2.88","42.86","0.82","2.78","77.78"
"Alexandre Guedes","Portugal 1.","Paços de Ferreira","CF","31","250000","","16","870","1","1","Portugal","right","185","2.69","2.9","53.57","9","25.29","0.21","1.34","1.34","0","0.37","0","1.97","31.58","5.263","0.52","20","1.45","42.86","6.31","31.15","3","0.52","0.21","13.14","72.44","2.79","48.15","0.41","25","0.01","0","0.1","0","0.21","1.24","50","0.41","25","0.31","1.24","41.67"
"Hélder Sá","Portugal 1.","Vitória Guimarães","LB, LWB","22","300000","2028-06-30","10","863","0","0","Portugal","left","186","9.59","8.34","62.5","0.94","55.56","0.31","6.47","3.75","0","0.02","0","0.42","25","0","4.69","33.33","3.34","62.5","6.36","50.82","0.94","1.98","0.73","39.32","77.45","14.91","72.73","3.65","51.43","0.08","0.1","0.31","0","0.42","6.26","81.67","3.96","44.74","0.1","8.66","73.49"
"K. Medina","Portugal 1.","Gil Vicente","LAMF, LW","24","0","","21","855","0","0","Spain","both","173","9.58","11.68","49.55","0.95","33.33","0.21","4.14","6.84","0","0.14","0","2.53","25","0","3.05","37.93","9.68","50","19.16","39.01","2.53","3.68","1.58","28.42","75.19","7.47","70.42","1.68","43.75","0.15","0","0.63","33.33","0.53","2.95","67.86","4.11","53.85","0.84","4.32","82.93"
"Félix Correia","Portugal 1.","Marítimo","LAMF, AMF, LWB","24","2500000","2028-06-30","13","837","2","3","Portugal","right","178","4.84","4.95","52.17","0.75","28.57","0","2.23","5.81","0.22","0.18","0","1.72","43.75","12.5","2.26","42.86","6.88","53.13","11.29","48.57","3.12","3.23","0.86","27.1","80.16","6.56","73.77","2.69","68","0.14","0.11","0.65","66.67","1.08","2.9","77.78","3.01","67.86","1.61","4.73","81.82"
"R. Guitane","Portugal 1.","Estoril","RW, CF, RCMF","26","5000000","2026-06-30","13","835","0","1","France","right","170","4.42","4.31","52.5","0.54","20","0.22","2.6","3.66","0","0.01","0","0.54","40","0","0.97","66.67","4.96","54.35","9.59","44.94","0.75","2.91","1.51","27.92","81.47","7.44","63.77","2.05","78.95","0.09","0.11","0.86","12.5","0.32","2.59","62.5","3.45","56.25","1.51","3.56","72.73"
"João Carlos","Portugal 1.","Estoril","CF","30","400000","2025-12-31","23","827","2","1","Brazil","both","187","3.16","2.83","30.77","8.16","33.33","0.11","3.18","2.5","0.22","0.35","0.11","2.72","40","8","0.54","40","2.83","42.31","10.67","31.63","2.94","0.65","0.11","13.49","72.58","2.5","60.87","1.09","70","0.05","0","0.22","0","0.22","1.52","71.43","0.65","50","0.33","1.41","61.54"
"Paulo Bernardo","Portugal 1.","Paços de Ferreira","RCMF, LCMF","23","3500000","2029-06-30","13","826","2","1","Portugal","right","180","7.3","7.08","63.08","2.83","53.85","0","2.68","1.85","0.22","0.14","0","1.53","28.57","14.286","0.76","42.86","2.29","47.62","4.9","42.22","1.31","0.44","0.11","27.68","82.28","8.93","70.73","2.4","63.64","0.01","0.11","0.22","0","0.22","3.05","78.57","0.87","50","0.22","3.81","71.43"
"Álex Millán","Portugal 1.","Famalicão","CF","25","800000","2026-06-30","13","825","2","0","Spain","right","182","3.38","2.51","73.91","4.25","43.59","0","1.68","2.73","0.22","0.31","0.11","1.2","81.82","18.182","1.2","36.36","2.29","52.38","8.07","39.19","2.95","0.44","0.22","17.13","77.07","3.16","65.52","0.33","0","0.16","0","0.33","33.33","0.33","1.53","57.14","0.87","75","0.65","1.53","57.14"
"P. Musa","Portugal 1.","Benfica","CF","27","0","2027-12-31","30","819","7","2","Croatia","right","190","4.73","4.62","47.62","6.48","49.15","0.22","4.32","3.74","0.77","0.56","0.22","3.3","50","23.333","0.44","0","2.86","50","9.78","34.83","6.7","0.88","0.33","19.45","77.97","3.96","61.11","0.22","50","0.22","0.11","0.99","66.67","1.1","1.32","75","0.77","71.43","1.98","1.98","61.11"
"Hernâni","Portugal 1.","Rio Ave","LW, RWF, AMF","33","250000","","21","814","2","0","Portugal","left","179","2.76","2.1","47.37","0.77","14.29","0.11","2.51","5.09","0.22","0.26","0.11","2.87","26.92","7.692","2.54","47.83","5.86","52.83","9.51","39.53","2.87","1.88","0.33","14.93","68.15","3.76","73.53","1","44.44","0.07","0.11","0.22","0","0.22","1.44","53.85","2.65","54.17","0.44","2.87","80.77"
"Flávio Ramos","Portugal 1.","Paços de Ferreira","LCB, CB, RCB","30","100000","","9","810","0","0","Brazil","right","191","9.33","4.11","56.76","4.22","73.68","1.11","9","0.11","0","0.01","0","0.33","0","0","0","0","0","0","0.56","20","0.22","0","0","34.89","87.58","13.67","75.61","4.56","58.54","0","0","0.11","100","0","2.33","57.14","0.33","0","0","4.78","65.12"
"Xavi Quintillà","Portugal 1.","Santa Clara","LB","28","500000","2025-05-31","13","809","1","1","Spain","left","177","8.01","6.34","68.42","1.45","46.15","0.33","3.82","1.22","0","0.09","0","0.44","25","25","2.45","36.36","0.22","50","0.67","33.33","0.44","0.56","0.33","33.82","75.66","15.13","69.85","3.89","48.57","0.09","0","0.22","50","0.11","5.56","60","2.78","48","0.22","8.34","77.33"
"Miguel Silva","Portugal 1.","Marítimo","GK","30","250000","2026-06-30","8","808","0","0","Portugal","right","189","2.9","0.11","100","0.56","100","0","3.59","0","0","0","0","0","0","0","0","0","0","0","0","0","0","0","0","16.6","77.18","11.81","68.87","8.35","57.33","0","0","0","0","0","1.11","0","0.11","0","0","5.35","64.58"
"Marco Pereira","Portugal 1.","Santa Clara","GK","38","0","2025-06-30","8","805","0","0","Portugal","right","184","1.34","0","0","0.11","100","0","1.86","0","0","0","0","0","0","0","0","0","0","0","0.22","100","0","0","0","19.34","76.3","13.08","67.52","8.94","51.25","0","0","0","0","0","4.25","47.37","0.45","25","0","6.26","73.21"
"Paulinho","Portugal 1.","Marítimo","RB, RWB","33","125000","2025-06-30","10","801","0","1","Portugal","right","176","7.42","6.85","59.02","2.02","55.56","0.22","4.46","2.47","0","0.06","0","0.79","14.29","0","3.03","44.44","1.91","47.06","4.27","42.11","1.35","1.24","0.79","28.99","75.58","9.89","62.5","3.6","37.5","0.14","0.11","0.45","25","0.22","3.82","61.76","2.7","41.67","0.11","5.84","75"
"Pedro Sá","Portugal 1.","Portimonense","LCMF, DMF, RDMF","30","400000","2026-06-30","13","797","0","1","Portugal","right","185","8.47","10.16","46.67","3.16","57.14","0.34","5.27","0.45","0","0","0","0.23","0","0","0.23","50","0.68","50","2.03","55.56","0.23","0","0","35.8","81.39","12.31","65.14","4.74","57.14","0.04","0","0.11","0","0.23","6.21","58.18","1.69","40","0.56","6.32","67.86"
"André Franco","Portugal 1.","Porto","RW, RAMF","27","3000000","2027-06-30","17","792","2","0","Portugal","left","177","6.14","6.82","56.67","1.48","53.85","0","3.62","2.16","0.23","0.25","0","1.25","36.36","18.182","1.25","27.27","1.7","53.33","6.14","40.74","2.5","1.93","0.8","36.48","88.79","10.34","75.82","1.93","82.35","0.09","0","0.8","57.14","0.45","6.14","79.63","1.7","46.67","1.48","5.45","87.5"
"Álvaro Djaló","Portugal 1.","Sporting Braga","LW, RAMF, CF","25","15000000","2029-06-30","24","787","2","3","Spain","right","175","7.32","7.32","48.44","4.69","39.02","0.11","6","5.49","0.23","0.3","0","2.97","34.62","7.692","2.29","40","7.55","43.94","14.07","36.59","3.55","2.97","0.8","20.81","70.33","4.92","65.12","1.49","61.54","0.19","0.34","0.8","28.57","0.91","2.06","61.11","2.63","47.83","1.14","4.57","82.5"
"Otávio","Portugal 1.","Famalicão","LCB","22","13000000","2028-06-30","9","785","0","0","Brazil","left","188","8.25","5.5","54.17","3.67","56.25","0.57","5.71","0.46","0","0.05","0","0.34","0","0","0.23","50","0.34","100","1.38","66.67","0.92","0.34","0.23","41.73","84.07","16.74","70.55","5.5","54.17","0.02","0","0.23","0","0.23","4.24","62.16","0.34","33.33","0.11","8.37","61.64"
"Pablo Felipe","Portugal 1.","Famalicão","CF, RAMF, RW","21","400000","","15","785","2","0","Brazil","right","184","6.65","6.19","59.26","7.57","33.33","0.11","3.47","2.64","0.23","0.19","0.11","1.49","23.08","15.385","0.23","0","3.21","71.43","14.79","34.11","1.95","0.92","0.23","16.28","83.1","2.87","72","1.26","72.73","0.01","0.11","0.23","0","0.23","1.15","70","0.46","50","0.23","1.15","80"
"Carlos Eduardo","Portugal 1.","Estoril","LW, LWF","28","900000","","13","783","2","0","Brazil","right","173","7.01","6.78","47.46","1.84","50","0.11","4.39","3.56","0.11","0.12","0","1.15","40","20","0.92","12.5","5.98","48.08","11.49","40","0.57","2.41","1.03","17.47","73.68","3.68","59.38","1.38","50","0.03","0","0.46","25","0.23","1.26","27.27","1.38","41.67","0.34","1.84","62.5"
"Klismahn","Portugal 1.","Portimonense","LW, LCMF, AMF","25","550000","2027-06-30","15","766","0","1","Brazil","left","179","7.99","7.28","50","2.11","38.89","0.35","5.22","0.94","0","0.07","0","0.59","20","0","1.41","16.67","1.64","21.43","3.88","39.39","0.7","0.7","0.47","26.91","78.6","8.22","77.14","1.64","57.14","0.03","0","0.35","66.67","0.12","3.41","79.31","1.64","35.71","0.35","4.7","77.5"
"Castro","Portugal 1.","Sporting Braga","LCMF, RCMF, LDMF","37","200000","","24","753","1","1","Portugal","right","181","9.44","7.53","68.25","4.3","38.89","0.24","5.78","1.31","0.12","0.05","0","0.6","40","20","0.84","14.29","1.08","88.89","3.59","73.33","0.72","0.96","0.72","46.61","86.92","13.27","77.48","4.18","60","0","0","0.12","0","0.12","5.26","72.73","1.2","40","0.6","4.42","81.08"
"C. Borja","Portugal 1.","Sporting Braga","LB","32","2500000","2026-06-30","14","752","0","1","Colombia","left","179","11.49","7.9","71.21","2.63","36.36","0.24","7.97","2.75","0","0","0","0","0","0","3.11","53.85","1.68","64.29","3.83","53.13","0.72","2.03","0.84","42.25","84.99","13.28","75.68","3.59","60","0.18","0","0.12","0","0.6","5.15","81.4","2.51","57.14","0.36","9.1","78.95"
"Jonny Arriba","Portugal 1.","Chaves","RAMF, RW, RWF","23","0","","13","744","1","0","Spain","right","176","6.9","7.26","45","3.15","30.77","0.24","4.37","1.94","0.12","0.16","0","1.57","30.77","7.692","1.94","18.75","1.69","64.29","4.11","44.12","2.06","1.33","0.6","23.47","78.35","4.72","69.23","0.85","28.57","0.05","0","0","0","0.48","1.45","41.67","1.81","40","0.73","2.18","72.22"
"N. Janvier","Portugal 1.","Vitória Guimarães","LCMF","26","500000","2026-06-30","19","741","1","0","France","right","171","6.44","5.34","63.64","1.7","50","0.12","2.95","2.43","0.12","0.07","0","1.82","13.33","6.667","2.67","50","1.46","41.67","3.16","34.62","0.61","1.34","0.36","44.09","84.02","12.75","75.24","6.19","68.63","0.13","0.12","0.36","66.67","0.49","7.77","81.25","2.67","54.55","0.36","9.11","82.67"
"Calila","Portugal 1.","Santa Clara","RB, RWB, LB","26","300000","2025-06-30","15","739","0","0","Portugal","right","180","9.5","8.16","56.72","1.46","41.67","0.12","6.16","2.07","0","0.02","0","0.24","0","0","2.68","18.18","2.19","72.22","5.72","53.19","0.61","2.31","1.34","32.03","79.09","11.45","70.21","2.92","50","0.02","0","0","0","0","2.92","58.33","2.44","35","0.61","5.6","54.35"
"Carlinhos","Portugal 1.","Portimonense","LCMF, AMF","31","1200000","2026-06-30","9","736","0","0","Brazil","right","179","4.28","3.91","40.63","1.1","33.33","0.24","3.71","1.22","0","0.03","0","1.35","27.27","0","0.37","33.33","2.69","27.27","8.68","36.62","0.24","1.59","0.37","45.98","87.23","15.65","78.13","3.55","72.41","0.05","0","0.24","0","0.24","8.07","77.27","1.22","60","0.49","8.93","82.19"
"L. Singh","Portugal 1.","Chaves","RW, LW, LAMF","28","500000","2027-05-31","22","734","0","0","South Africa","right","171","4.78","5.15","35.71","2.21","27.78","0.12","3.66","2.21","0","0.08","0","1.1","33.33","0","1.35","27.27","3.31","44.44","7.36","35","2.33","1.1","0.61","26.12","80.75","4.9","62.5","0.61","60","0.02","0","0.25","0","0.25","1.96","75","1.23","40","0","2.94","79.17"
"Danilo Veiga","Portugal 1.","Gil Vicente","RB","22","0","2027-06-30","9","730","0","0","Portugal","right","183","9.12","7.77","57.14","2.47","55","0.12","5.87","3.82","0","0.01","0","0.25","50","0","2.34","36.84","3.95","68.75","7.64","56.45","0.37","2.22","0.62","38.1","79.29","12.45","65.35","2.84","43.48","0.04","0.12","0.25","50","0.25","3.58","72.41","1.97","50","0.37","7.77","65.08"
"N. Koffi","Portugal 1.","Paços de Ferreira","CF, RW","22","0","2025-06-30","12","729","2","1","Côte d'Ivoire","right","188","3.95","4.2","73.53","6.17","28","0","0.98","3.21","0.25","0.25","0.12","1.73","50","14.286","1.73","21.43","4.69","42.11","11.48","36.56","2.84","1.48","0.74","11.36","65.22","2.35","57.89","0.25","0","0.06","0","0","0","0.49","0.99","62.5","0.86","14.29","0.25","0.99","62.5"
"Costinha","Portugal 1.","Santa Clara","AMF, LCMF, CF","32","175000","2025-06-30","13","724","0","0","Portugal","right","170","6.71","6.59","62.26","3.23","30.77","0.12","3.39","2.11","0","0.1","0","1.74","21.43","0","1.24","50","2.11","52.94","6.34","37.25","0.99","0.25","0.37","27.6","78.38","7.71","58.06","3.11","48","0.07","0","0.12","0","0","3.6","62.07","1.49","25","0.25","3.36","74.07"
"J. Kadile","Portugal 1.","Famalicão","LW, LWF, RAMF","22","0","","14","722","1","0","France","right","180","5.24","7.11","47.37","1.99","43.75","0","2.18","6.61","0.12","0.21","0","2.12","29.41","5.882","4.11","33.33","9.47","47.37","15.46","41.13","2.62","2.74","1.5","19.2","67.53","4.49","63.89","1","25","0.1","0","0.12","100","0.37","1.37","63.64","3.86","41.94","0.25","3.99","65.63"
"Alejandro Marqués","Portugal 1.","Estoril","CF","24","1000000","2026-06-30","15","722","3","0","Venezuela","right","190","3.99","4.61","43.24","7.48","31.67","0.25","2.18","1","0.37","0.23","0","1","37.5","37.5","0","0","1.87","26.67","8.73","25.71","1.75","0.5","0.25","10.1","76.54","1.62","46.15","0","0","0","0","0.25","50","0","1","37.5","0.12","0","0","0.87","42.86"
"Erison","Portugal 1.","Estoril","CF","26","0","","11","714","2","0","Brazil","left","180","1.51","2.27","38.89","6.68","33.96","0","0.93","1.39","0.25","0.2","0.13","1.51","50","16.667","0.25","50","2.39","15.79","9.2","23.29","2.39","0.63","0.25","7.94","82.54","1.01","62.5","0","0","0.04","0","0.25","50","0.38","0.38","100","0.63","40","0.25","0.63","80"
"Morato","Portugal 1.","Benfica","LCB","23","15000000","2029-06-30","9","712","1","0","Brazil","left","192","7.46","5.31","73.81","4.17","51.52","0.51","6.13","0.51","0.13","0.04","0.13","0.38","66.67","33.333","0","0","0.25","100","1.14","55.56","0.51","1.01","0.13","59.28","93.39","24.52","87.11","4.42","51.43","0","0","0","0","0","7.08","83.93","0.63","0","0.13","6.45","74.51"
"João Neves","Portugal 1.","Benfica","RDMF, LDMF","20","0","2029-06-30","17","708","1","0","Portugal","right","174","11.69","9.92","56.41","3.56","53.57","0.25","9.25","3.43","0.13","0.27","0","1.53","41.67","8.333","1.02","12.5","3.18","76","8.64","58.82","1.4","0.89","0","57.46","88.72","17.03","76.87","4.96","61.54","0.06","0","0.64","40","0.13","7.5","74.58","2.42","36.84","0.89","6.23","81.63"
"David Carmo","Portugal 1.","Porto","LCB","26","0","","9","707","0","0","Portugal","left","196","6.75","4.33","58.82","4.07","75","0.25","6.71","0.13","0","0.14","0","0.51","25","0","0","0","0.13","0","0.25","0","0.64","0","0","49.65","84.87","18.84","65.54","8.91","45.71","0","0","0","0","0","7.26","49.12","0.89","14.29","0","8.27","70.77"
"Rafael Brito","Portugal 1.","Marítimo","LCMF, LDMF, RDMF","23","300000","2025-06-30","13","702","0","0","Portugal","right","183","11.28","7.95","58.06","2.56","25","0.38","6.15","1.03","0","0.01","0","0.51","0","0","0.51","75","1.28","40","5","46.15","0.26","0.51","0","34.74","81.92","12.82","66","3.46","48.15","0.03","0","0.51","25","0.38","4.74","70.27","0.77","66.67","0.26","5.77","71.11"
"J. Ramírez","Portugal 1.","Marítimo","CF, LWF","27","900000","2027-06-30","22","694","1","0","Venezuela","left","187","2.98","3.37","34.62","10.5","38.27","0.13","2.46","2.98","0.13","0.19","0.13","2.07","56.25","6.25","0.52","25","3.37","50","10.5","25.93","2.85","1.04","0.13","11.54","82.02","1.95","60","0.13","0","0","0.13","0","0","0.13","1.17","55.56","0.52","75","0.26","0.78","83.33"
"Y. Eteki","Portugal 1.","Casa Pia AC","LCMF, RCMF, DMF","27","800000","","17","693","0","0","Cameroon","right","182","9.35","10.52","55.56","2.08","31.25","0.13","3.42","2.47","0","0.02","0","0.52","0","0","0","0","3.12","66.67","11.69","48.89","0","0.52","0.39","32.34","87.15","9.61","81.08","1.82","64.29","0.04","0","0.52","75","0.39","4.16","68.75","0.65","80","0.52","3.51","81.48"
"N. Obiora","Portugal 1.","Chaves","RCMF, DMF, RDMF","34","0","","12","691","1","0","Nigeria","right","187","6.9","4.82","56.76","1.95","60","0.26","5.88","0.26","0.13","0.09","0.13","0.65","20","20","0","0","0.13","100","3.52","44.44","0.52","0.26","0","34.25","86.69","13.29","75.49","1.69","53.85","0","0","0.13","0","0","5.99","76.09","0.13","0","0.13","6.51","76"
"H. Sylla","Portugal 1.","Chaves","RB","26","250000","2026-06-30","9","682","0","0","Côte d'Ivoire","right","178","9.5","6.07","60.87","1.32","30","0.66","8.2","1.98","0","0.03","0","0.4","0","0","2.51","36.84","2.11","37.5","4.88","27.03","0.53","0.53","0.53","32.6","78.14","13.46","70.59","3.83","44.83","0.03","0","0.53","50","0.13","3.43","65.38","2.51","52.63","0.4","8.31","69.84"
"João Pedro","Portugal 1.","Chaves","RCMF, DMF, RDMF","32","400000","","14","669","0","0","Portugal","right","177","11.17","8.74","64.62","2.96","45.45","0.13","7.5","1.61","0","0","0","0.27","0","0","0","0","1.75","76.92","5.38","52.5","0.27","0.13","0.13","30.54","81.94","11.43","69.41","1.61","66.67","0.02","0","0.27","100","0.13","4.17","80.65","0.81","66.67","0.27","4.71","65.71"
"Pelé","Portugal 1.","Famalicão","DMF, LDMF, RCMF","33","250000","","12","658","0","0","Portugal","right","182","7.52","5.47","57.5","0.55","50","0.41","4.4","1.5","0","0.01","0","0.27","0","0","0.68","0","2.33","47.06","8.62","41.27","0.14","1.09","0.27","40.08","87.71","13.4","79.59","3.97","62.07","0","0","0.55","75","0","5.74","69.05","1.23","11.11","0.14","6.98","80.39"
"Ewerton","Portugal 1.","Portimonense","AMF, RCMF, LDMF","32","450000","","12","648","1","0","Brazil","right","181","6.94","7.78","58.93","3.47","28","0.14","3.1","1.67","0.14","0.2","0","1.11","62.5","12.5","0.42","66.67","1.11","62.5","4.03","48.28","1.11","0.42","0.14","27.92","83.08","9.58","65.22","0.83","0","0.04","0","0.28","0","0","4.03","68.97","0.97","57.14","0.14","3.19","73.91"
"Nanú","Portugal 1.","Santa Clara","RB","31","700000","","11","647","0","1","Portugal","right","177","6.82","5.01","58.33","1.95","57.14","0.14","5.06","4.31","0","0","0","0.28","0","0","2.09","33.33","6.26","57.78","10.43","46.67","1.11","1.39","1.11","30.32","81.19","9.32","61.19","1.81","38.46","0.08","0","0.28","0","0.28","2.64","52.63","1.67","41.67","0.28","5.15","64.86"
"Matheus Bueno","Portugal 1.","Gil Vicente","LDMF, LCMF","26","350000","","14","643","0","1","Brazil","right","178","5.74","6.02","60.47","0.98","28.57","0.56","2.92","0.7","0","0.01","0","0.7","20","0","0.42","33.33","0.7","60","7.98","42.11","0.84","0.84","0.14","44.37","85.17","13.16","68.09","5.32","57.89","0.12","0","0.14","0","0.42","9.24","72.73","0.98","71.43","0.7","7.42","77.36"
"Miguel Nóbrega","Portugal 1.","Rio Ave","LCB, RCB, CB","25","600000","","11","625","0","0","Portugal","right","189","8.21","5.18","52.78","4.9","58.82","0.86","6.54","1.01","0","0.03","0","0.43","66.67","0","1.01","28.57","1.15","37.5","1.73","41.67","0.43","1.44","0","46.22","85.05","20.16","73.57","6.05","38.1","0.01","0","0.14","0","0","5.62","61.54","1.58","18.18","0","8.5","64.41"
"Andrezinho","Portugal 1.","Santa Clara","RW, LW, RAMF","28","175000","2025-06-30","18","624","1","0","Portugal","right","174","6.2","6.2","55.81","1.59","36.36","0","3.52","4.04","0.14","0.33","0","1.15","37.5","12.5","2.6","44.44","3.89","62.96","9.66","46.27","2.74","2.45","1.15","26.11","79.56","6.06","71.43","1.73","66.67","0.17","0","0.14","0","0.72","2.16","66.67","3.17","63.64","1.44","4.76","72.73"
"Sandro Cruz","Portugal 1.","Chaves","LB, LW","24","400000","2027-06-30","13","621","0","1","Portugal","left","182","11.88","8.41","72.41","2.61","55.56","0.43","7.09","2.32","0","0.07","0","0.58","50","0","1.45","50","2.03","57.14","4.49","41.94","0.87","1.16","0.29","37.97","79.01","14.06","67.01","3.33","52.17","0","0.14","0.43","33.33","0.43","4.2","68.97","1.59","54.55","0.43","7.97","70.91"
"Lucas Ventura","Portugal 1.","Portimonense","RCMF, DMF","27","500000","2027-06-30","13","612","0","0","Brazil","right","180","8.82","8.24","60.71","1.62","54.55","0.44","4.05","1.32","0","0.05","0","0.74","40","0","0.15","100","1.47","50","7.65","46.15","0.59","0.44","0.29","25","85.29","6.03","68.29","1.32","22.22","0.15","0","0.15","100","0.15","2.79","68.42","1.18","25","0.29","3.09","47.62"
"M. Trmal","Portugal 1.","Marítimo","GK","26","400000","2026-06-30","6","611","0","0","Czech Republic","right","191","2.65","0.44","66.67","0.29","100","0","3.46","0","0","0","0","0","0","0","0","0","0","0","0.29","50","0","0","0","15.61","87.74","6.33","79.07","5.01","64.71","0","0","0","0","0","0.88","33.33","0","0","0","2.65","72.22"
"Rodrigo Conceição","Portugal 1.","Porto","RB","25","1200000","","16","605","0","0","Portugal","right","175","10.26","9.67","56.92","2.08","42.86","0","8.14","5.21","0","0","0","0.15","0","0","4.76","40.63","5.06","61.76","8.18","49.09","1.49","2.53","2.08","40.91","79.27","10.26","59.42","4.02","44.44","0.14","0","0.3","50","0.45","2.83","47.37","4.46","53.33","1.04","6.69","68.89"
"Edgar Costa","Portugal 1.","Marítimo","CF, AMF, LCMF","38","0","","21","604","0","0","Portugal","right","178","5.36","5.36","58.33","1.79","25","0","3.28","2.09","0","0.12","0","1.49","10","0","1.79","25","2.53","47.06","7.75","42.31","0.45","0.89","0.15","31.14","70.81","12.37","65.06","6.41","46.51","0.15","0.15","0.6","50","0.15","9.24","67.74","2.83","42.11","0.45","8.2","70.91"
"Masa","Portugal 1.","Boavista","LW, AMF, CF","25","350000","","15","598","1","0","Japan","right","168","4.36","5.12","50","1.51","0","0","2.08","1.81","0.15","0.09","0","0.75","40","20","2.56","29.41","1.81","33.33","5.57","13.51","1.96","1.2","0.75","32.81","80.73","7.37","75.51","0.3","100","0.06","0.15","0.6","25","0.3","3.01","75","2.41","43.75","0.75","4.06","77.78"
"A. Alipour","Portugal 1.","Gil Vicente","LAMF, CF, LW","29","0","2026-06-30","15","598","2","1","Iran","both","181","3.91","3.46","65.22","4.97","51.52","0","2.36","3.16","0.3","0.38","0.15","2.11","71.43","14.286","2.11","7.14","3.61","41.67","8.28","32.73","4.52","0.3","0.15","21.22","71.63","2.71","66.67","0.45","33.33","0.1","0","0.45","0","0.45","1.2","62.5","1.35","22.22","0.45","2.41","50"
"H. De La Fuente","Portugal 1.","Famalicão","RB","28","600000","","7","597","0","0","Argentina","right","178","14.77","10.7","63.38","1.81","41.67","0.9","9.13","3.17","0","0.15","0","0.9","16.67","0","1.96","15.38","3.17","76.19","9.2","65.57","1.36","1.36","0.6","35.43","74.89","16.43","73.39","1.96","46.15","0.06","0","0.3","100","0.15","5.43","61.11","1.51","30","0.45","8.44","69.64"
"G. Makaridze","Portugal 1.","Marítimo","GK","35","100000","","6","594","0","0","Georgia","right","194","4.39","0.61","100","0.15","0","0","5.77","0","0","0","0","0","0","0","0","0","0","0","0.3","50","0","0","0","21.21","85.71","11.06","75.34","5.61","51.35","0","0","0","0","0","0.91","16.67","0","0","0","4.55","60"
"Léo Pereira","Portugal 1.","Marítimo","LAMF, LW, RW","24","1200000","2026-12-31","10","590","0","0","Brazil","right","172","6.71","8.08","56.6","2.9","31.58","0","3.44","2.9","0","0.04","0","0.76","20","0","3.36","22.73","5.34","37.14","12.81","33.33","2.29","1.98","1.07","17.69","62.93","4.58","46.67","0.46","33.33","0.05","0","0.15","0","0.15","1.37","55.56","2.9","26.32","0.46","1.98","69.23"
"Lucas","Portugal 1.","Portimonense","CB, RCB","33","300000","","7","585","0","0","Brazil","right","193","7.38","4.77","77.42","4.92","62.5","0.62","5.58","0.31","0","0.09","0","0.31","100","0","0","0","0","0","0.62","50","0.46","0","0","41.08","89.89","13.85","75.56","6","53.85","0","0","0","0","0","3.23","52.38","0.46","0","0","5.69","72.97"
"Jordi","Portugal 1.","Paços de Ferreira","GK","30","600000","2024-12-31","6","581","0","0","Brazil","right","192","2.79","0.15","100","1.24","87.5","0","3.47","0","0","0","0","0","0","0","0","0","0","0","0","0","0","0","0","15.96","73.79","8.83","54.39","6.82","40.91","0","0","0","0","0","2.79","22.22","0.46","0","0","3.87","64"
"Felippe Cardoso","Portugal 1.","Casa Pia AC","CF","26","800000","2028-06-30","11","573","4","0","Brazil","right","187","3.46","3.61","34.78","6.13","23.08","0.16","2.88","4.55","0.47","0.4","0.16","2.04","46.15","30.769","0.31","100","5.5","54.29","15.24","35.05","3.14","0.94","0.94","13.66","79.31","3.14","70","0.31","0","0.07","0","0.47","66.67","0.16","0.94","66.67","0.63","25","0.47","1.57","60"
"Pizzi","Portugal 1.","Sporting Braga","AMF, LDMF, RW","35","800000","","16","569","2","1","Portugal","right","177","7.12","6.64","64.29","0.32","50","0","3.31","3.48","0.32","0.17","0","1.58","50","20","0.79","40","2.69","70.59","6.17","53.85","2.69","2.06","0.95","49.35","88.14","12.97","74.39","3.16","65","0.19","0.16","0.79","60","0.47","5.85","70.27","2.37","73.33","1.42","4.59","75.86"
"Rui Fonte","Portugal 1.","Famalicão","CF","35","75000","","18","562","1","0","Portugal","right","181","6.73","4","64","6.57","41.46","0","3.64","0.64","0.16","0.27","0.16","1.12","28.57","14.286","0.16","0","0.64","50","7.37","26.09","1.92","0.16","0","15.69","88.78","3.2","85","0.48","100","0.01","0","0.16","0","0","1.12","71.43","0.8","40","0.48","0.64","75"
"Jorge Silva","Portugal 1.","Paços de Ferreira","RB","28","400000","2025-05-31","17","561","0","0","Portugal","right","183","9.47","9.47","50.85","3.85","54.17","0.16","5.33","3.53","0","0","0","0.16","0","0","4.01","48","2.57","62.5","4.65","62.07","1.12","2.09","0.16","24.22","76.16","10.11","71.43","3.21","55","0.12","0","0","0","0.48","4.01","60","3.37","57.14","0.16","7.06","77.27"
"Paulo Eduardo","Portugal 1.","Santa Clara","LCB, CB","22","500000","2025-06-30","8","557","0","0","Brazil","left","187","7.11","5.01","51.61","4.69","44.83","0.65","5.74","0","0","0","0","0","0","0","0","0","0","0","0.32","50","0.16","0.65","0.16","38.29","87.34","14.54","71.11","4.2","50","0","0","0","0","0","4.04","64","0.16","0","0","5.82","61.11"
"Léo Bolgado","Portugal 1.","Casa Pia AC","RCB, CB","26","550000","2026-06-30","11","555","1","0","Brazil","right","190","11.35","6.16","60.53","4.7","58.62","0.65","7.72","0.32","0.16","0.03","0.16","0.32","50","50","0","0","0.32","50","0.81","40","0.32","0.16","0","29.84","84.78","13.14","69.14","3.57","36.36","0","0","0","0","0","1.95","50","0.16","0","0","3.89","54.17"
"Anderson Carvalho","Portugal 1.","Santa Clara","RCMF, LCMF, RDMF","34","0","","11","552","0","0","Brazil","right","174","11.41","9.95","63.93","2.45","40","0.16","5.26","1.47","0","0.06","0","0.98","50","0","0.33","100","1.3","37.5","4.24","42.31","1.3","0.82","0","29.02","76.4","10.76","59.09","5.38","51.52","0.03","0","0.16","100","0.33","5.71","57.14","0.98","50","0.33","7.5","71.74"
"F. Etim","Portugal 1.","Vizela","CF","23","0","2029-06-30","19","550","2","0","Nigeria","right","186","4.25","5.24","46.88","9.49","46.55","0.16","3.17","3.44","0.33","0.59","0","3.11","52.63","10.526","0","0","3.76","39.13","14.56","20.22","5.4","1.15","0.33","13.91","81.18","3.27","65","0.33","100","0.16","0.16","0.65","50","0.82","1.31","87.5","1.31","75","1.64","1.47","66.67"
"D. Namaso","Portugal 1.","Porto","CF, AMF","25","5000000","2028-06-30","22","549","3","2","England","right","182","4.26","5.41","48.48","4.59","46.43","0","3.8","3.61","0.49","0.35","0","2.62","43.75","18.75","1.48","44.44","2.95","44.44","12.62","32.47","4.1","1.15","0.82","23.61","81.25","4.92","70","0.82","60","0.18","0","0.82","60","0.82","3.11","84.21","1.64","60","0.82","2.62","87.5"
"J. Rodríguez","Portugal 1.","Famalicão","RWF, AMF","26","2000000","2027-06-30","7","539","1","3","Panama","left","180","4.68","5.51","51.52","2","33.33","0.17","2.39","4.51","0.17","0.15","0","2","25","8.333","2.84","23.53","5.84","54.29","13.53","46.91","2.17","2.17","0.67","18.2","66.97","3.84","56.52","1.67","60","0.16","0","0.67","25","1","1.67","50","2.84","41.18","0.5","3.01","61.11"
"Diogo Pinto","Portugal 1.","Casa Pia AC","LW, LCMF, LWF","26","200000","2026-05-31","17","537","0","2","Portugal","right","175","4.19","6.03","47.22","0.84","40","0","0.93","1.68","0","0.13","0","0.67","100","0","1.01","33.33","1.84","27.27","5.03","23.33","1.68","1.01","0.67","22.79","79.41","5.53","72.73","1.34","37.5","0.08","0","0.34","50","0.34","2.18","69.23","1.17","28.57","0.67","2.18","53.85"
"Leandro Sanca","Portugal 1.","Famalicão","RAMF, RW, LW","24","400000","2026-06-30","14","533","2","0","Portugal","right","184","6.59","7.77","36.96","2.03","33.33","0","5","6.42","0.34","0.2","0.17","2.53","26.67","13.333","3.71","27.27","7.26","62.79","15.03","40.45","2.36","1.01","0.84","22.46","71.43","4.9","65.52","1.35","37.5","0.15","0.17","0.51","33.33","0.68","2.03","58.33","3.38","45","0.84","3.55","66.67"
"Pedro Ortiz","Portugal 1.","Vizela","RDMF, RCMF","24","400000","2025-06-30","9","533","0","0","Spain","left","184","10.98","8.44","58","2.36","50","0.51","6.97","0.34","0","0.02","0","0.34","0","0","0","0","0.51","33.33","2.7","37.5","0.68","0.17","0","45.76","91.14","12.16","81.94","3.38","75","0","0.17","0.17","100","0","4.39","84.62","0.51","33.33","0.51","6.08","75"
"Henrique Gomes","Portugal 1.","Gil Vicente","LB","29","225000","","9","520","0","0","Portugal","left","185","7.62","6.23","50","3.81","50","0.35","5.76","1.9","0","0.03","0","0.52","0","0","2.77","18.75","1.9","63.64","5.37","45.16","0.52","2.25","0.87","34.62","66.5","15.75","58.24","3.81","31.82","0.03","0","0.35","50","0.17","5.71","63.64","2.94","35.29","0.35","8.48","63.27"
"Henrique Jocú","Portugal 1.","Portimonense","RCMF, RDMF, LDMF","23","400000","","14","518","0","0","Guinea-Bissau","right","177","8.86","8.69","56","1.91","81.82","0.35","4.85","0.87","0","0.13","0","0.35","0","0","0.87","80","0.17","100","1.91","36.36","0","0.52","0.17","32.32","85.48","6.25","58.33","3.47","60","0.14","0","0.17","0","0.17","3.3","63.16","1.04","66.67","0.17","3.3","73.68"
"Martín Aguirregabiria","Portugal 1.","Famalicão","RB","29","1200000","","17","513","0","0","Spain","right","180","7.72","4.04","65.22","0.88","40","0","6.36","1.23","0","0.01","0","0.18","100","0","2.11","25","1.05","50","2.98","70.59","0.53","0.88","0.7","33.51","77.49","14.04","65","5.44","32.26","0","0","0","0","0","5.26","46.67","2.46","35.71","0.53","6.49","72.97"
"Rochinha","Portugal 1.","Sporting CP","LWF, LWB","30","1500000","2027-06-30","16","506","1","2","Portugal","right","169","3.38","2.67","40","2.49","35.71","0.18","4.39","5.16","0.18","0.26","0","2.49","42.86","7.143","2.49","42.86","6.58","43.24","10.67","43.33","4.09","1.6","0.89","31.13","81.14","9.25","78.85","1.42","37.5","0.2","0","0.18","100","0.36","3.56","85","3.38","57.89","1.42","4.45","88"
"Hernâni","Portugal 1.","Paços de Ferreira","RW, LW","23","400000","2026-06-30","13","503","1","0","Guinea-Bissau","right","178","3.94","4.65","50","2.15","41.67","0","2.18","3.76","0.18","0.15","0","1.43","50","12.5","1.61","33.33","5.01","50","11.09","43.55","3.22","2.5","1.07","20.58","74.78","4.47","56","0.89","60","0.1","0","0.89","0","0.36","3.22","66.67","1.25","57.14","1.25","3.04","70.59"
"César Bernardo","Portugal 1.","Boavista","GK","32","100000","2026-06-30","5","500","0","0","Brazil","right","194","1.62","0","0","0.9","80","0","2.03","0","0","0","0","0","0","0","0","0","0","0","0","0","0","0","0","12.42","85.51","5.94","72.73","4.32","70.83","0","0","0","0","0","0.72","50","0","0","0","3.06","70.59"
"J. Meierhofer","Austria 1.","Grazer AK","GK","27","350000","2026-06-30","9","905","0","0","Austria","right","187","1.99","0","0","0.4","75","0","2.68","0","0","0","0","0","0","0","0","0","0","0","0.2","50","0","0","0","20.88","79.52","12.13","67.21","9.65","61.86","0","0","0","0","0","4.48","51.11","0.3","0","0.1","7.36","78.38"
"J. Italiano","Austria 1.","Grazer AK","LWB, LB","24","125000","","9","893","0","0","Australia","right","177","9.07","5.85","63.79","1.61","31.25","0.2","7.26","2.52","0","0.03","0","0.4","0","0","1.31","15.38","3.93","58.97","7.56","46.67","0.5","2.52","0.5","23.89","72.57","9.37","63.44","3.63","52.78","0.02","0","0","0","0.1","2.42","70.83","2.12","52.38","0.91","6.15","63.93"
"A. Leitner","Austria 1.","Ried","GK","31","300000","","9","891","0","0","Austria","both","184","3.64","0.51","80","0.3","100","0","4.84","0","0","0","0","0","0","0","0","0","0","0","0.1","100","0","0","0","20.1","79.9","11.41","68.14","9.09","62.22","0","0","0","0","0","4.75","61.7","0.4","50","0.2","7.07","77.14"
"O. Steurer","Austria 1.","Ried","LCB","30","275000","","9","891","1","0","Germany","left","191","9.29","5.05","68","5.05","62","0.51","8.75","0.1","0.1","0.11","0","0.4","25","25","0.1","0","0","0","0.3","66.67","0.51","0.4","0.1","35.45","82.05","17.07","73.37","7.47","50","0.01","0","0","0","0.1","5.25","53.85","0.61","0","0.1","7.37","67.12"
"N. Havenaar","Austria 1.","Ried","RCB, RB","30","350000","","9","891","0","0","Japan","right","198","8.38","3.64","55.56","16.16","55","0.61","9.53","0.1","0","0.03","0","0.4","25","0","0","0","0","0","1.82","50","1.11","0.1","0","28.08","80.22","14.75","74.66","4.55","53.33","0.03","0","0","0","0.1","4.85","60.42","0.51","0","0.1","6.26","75.81"
"D. Stojanović","Austria 1.","Rheindorf Altach","GK","32","600000","","9","886","0","0","Austria","left","196","2.23","0.2","100","0.51","80","0","3.14","0","0","0","0","0","0","0","0","0","0","0","0.3","100","0","0","0","27.93","82.91","18.69","75.54","14.63","69.44","0","0","0","0","0","6.09","56.67","0.41","0","0","11.17","86.36"
"P. Koller","Austria 1.","Rheindorf Altach","LCB","23","1000000","2026-06-30","9","886","0","0","Austria","left","186","8.33","3.76","72.97","5.28","50","0.1","8.48","0.3","0","0.03","0","0.61","0","0","0.41","25","0.2","100","1.52","53.33","0.71","0.91","0","45","86","16.46","75.31","4.88","54.17","0.03","0","0","0","0.1","5.18","66.67","1.02","30","0.41","7.31","73.61"
"N. Hedl","Austria 1.","Rapid Wien","GK","24","2000000","2027-06-30","9","885","0","0","Austria","right","188","1.12","0.1","0","0.1","0","0","1.67","0.1","0","0","0","0","0","0","0","0","0.1","100","0.2","50","0","0","0","19.22","86.77","11.8","79.31","7.83","68.83","0","0","0","0","0","2.03","75","0.1","0","0","6.41","84.13"
"S. Şahin-Radlinger","Austria 1.","Austria Wien","GK","32","400000","2026-06-30","9","884","0","0","Austria","right","198","2.44","0.2","50","0.51","80","0","3.56","0.1","0","0.01","0","0.1","100","0","0","0","0","0","0.1","100","0.1","0","0","19.75","91.75","10.18","86","4.28","69.05","0","0","0","0","0","1.32","46.15","0.1","0","0.1","4.28","80.95"
"F. Wilfinger","Austria 1.","Hartberg","LCB, CB","22","0","","9","883","1","0","Austria","","178","10.6","6.01","61.02","2.85","57.14","0.41","6.69","0.71","0.1","0.04","0.1","0.31","100","33.333","0.41","75","0.31","33.33","1.53","60","0.61","0.31","0","36.08","83.9","16.21","77.36","3.98","46.15","0.08","0","0","0","0.1","2.45","62.5","0.61","33.33","0","7.95","58.97"
"T. Hülsmann","Austria 1.","Hartberg","GK","21","250000","2026-06-30","9","883","0","1","Germany","right","200","2.34","0.31","0","0.82","87.5","0","2.4","0","0","0","0","0","0","0","0","0","0","0","0","0","0","0","0","21.2","86.06","10.7","75.24","7.44","61.64","0.04","0","0","0","0.1","3.47","64.71","0.31","33.33","0.1","5.4","77.36"
"L. Jungwirth","Austria 1.","LASK","GK","21","200000","","9","882","0","0","Austria","right","177","1.12","0","0","0.2","50","0","1.85","0","0","0","0","0","0","0","0","0","0","0","0","0","0","0","0","21.73","90.14","8.78","77.91","3.67","50","0","0","0","0","0","0.51","0","0.1","0","0","3.06","60"
"V. Baier","Austria 1.","Blau-Weiß Linz","GK","20","0","2027-06-30","9","879","0","0","Czech Republic","left","0","1.33","0","0","0.2","100","0","1.55","0","0","0","0","0","0","0","0","0","0","0","0.2","50","0","0","0","18.94","77.84","9.73","57.89","8.4","53.66","0","0","0","0","0","2.76","51.85","0","0","0","5.12","62"
"E. Bakatukanda","Austria 1.","Blau-Weiß Linz","RCB, LCB, LB","21","250000","","9","879","0","0","Germany","right","193","12.59","8.91","77.01","5.63","60","0.72","5.95","0.2","0","0","0","0.1","0","0","0.2","100","0","0","2.15","28.57","0.31","0.72","0.1","39.11","79.84","16.08","64.97","6.96","47.06","0.01","0","0","0","0","5.12","52","0.61","16.67","0.1","7.68","57.33"
"A. Schlager","Austria 1.","Salzburg","GK","29","3000000","2027-06-30","9","878","0","0","Austria","right","184","0.62","0","0","0.21","100","0","1.07","0","0","0","0","0","0","0","0","0","0","0","0","0","0","0","0","18.14","89.83","7.89","79.22","4.1","60","0","0","0","0","0","1.23","50","0","0","0","3.49","64.71"
"S. Raux-Yao","Austria 1.","Rapid Wien","LCB","26","0","","9","861","0","0","France","left","197","7.53","4.18","70","2.2","61.9","0.63","6.31","0","0","0.06","0","0.31","0","0","0","0","0","0","0.73","42.86","0.42","0.63","0","50.28","91.27","19.44","80.11","3.87","45.95","0","0","0","0","0","6.9","68.18","0.73","14.29","0.21","7.53","77.78"
"M. Sollbauer","Austria 1.","Ried","CB, RCB","35","200000","2026-06-30","9","857","0","0","Austria","right","187","8.51","5.67","72.22","3.47","42.42","0.42","6.29","0.21","0","0.06","0","0.42","25","0","0","0","0.11","100","0.95","55.56","0.53","0","0","28.04","86.14","9.45","68.89","2.84","40.74","0","0","0","0","0","2.31","36.36","0.53","40","0.21","2.84","55.56"
"R. Renner","Austria 1.","Wolfsberger AC","LWB, LW","31","800000","2026-06-30","9","857","1","0","Austria","left","182","7.04","5.99","54.39","2.31","36.36","0","4.95","2","0.11","0.03","0","0.95","11.11","11.111","1.37","38.46","1.79","76.47","5.36","50.98","1.05","2.1","0.42","38.65","80.98","13.97","71.43","2.73","42.31","0.1","0","0","0","0.53","5.36","70.59","2.73","50","1.05","8.19","75.64"
"M. Maranda","Austria 1.","Blau-Weiß Linz","CB, LCB","28","500000","","9","856","0","0","Austria","right","188","11.04","5.89","60.71","7.04","64.18","1.16","7.8","0.11","0","0.01","0","0.32","0","0","0.32","33.33","0","0","0.32","33.33","0.32","0.32","0","50.15","82.81","19.03","65.19","8.41","48.75","0","0.11","0","0","0","7.46","50.7","1.26","33.33","0.32","9.78","68.82"
"R. Ranftl","Austria 1.","Austria Wien","RWB, RB, RCB","33","500000","2026-06-30","9","852","0","0","Austria","right","180","7.39","4.65","50","2.85","48.15","0","7.02","1.58","0","0.03","0","0.74","28.57","0","3.27","25.81","1.06","50","3.8","50","0.74","3.59","0.74","43.94","71.88","18.91","65.92","6.97","48.48","0.09","0","0.11","0","0.53","9.19","66.67","3.91","35.14","0.74","11.62","72.73"
"S. Lainer","Austria 1.","Salzburg","RB","33","2500000","2026-06-30","9","851","1","1","Austria","right","175","7.3","4.12","79.49","1.48","35.71","0.21","6.99","3.38","0.11","0.05","0.11","0.85","12.5","12.5","3.81","47.22","2.22","66.67","4.97","53.19","1.8","3.91","0.42","57.43","79.37","23.16","73.97","6.35","50","0.11","0","0","0","1.06","10.05","69.47","4.76","60","1.37","13.22","82.4"
"R. Amane","Austria 1.","Rapid Wien","RDMF, LDMF, LCMF","22","0","","9","845","0","2","Côte d'Ivoire","right","176","9.27","7.24","63.24","1.49","50","0","5.65","0.96","0","0.02","0","0.43","25","0","0.53","20","0.96","66.67","6.07","45.61","0.32","1.17","0.43","42.92","88.59","12.78","77.5","2.34","59.09","0.12","0","0.11","100","0.64","6.28","84.75","1.81","47.06","0.85","5.33","72"
"B. Markuš","Austria 1.","Hartberg","DMF, RCMF","24","400000","2026-06-30","9","831","0","1","Slovenia","right","185","8.12","6.82","68.25","2.17","45","0.65","3.54","0.54","0","0.03","0","0.65","16.67","0","0.22","50","0.54","60","3.03","39.29","0.43","0.32","0.11","30.65","78.45","12.13","61.61","4.22","51.28","0.03","0","0","0","0.11","4.55","66.67","0.87","62.5","0.32","6.82","57.14"
"J. Rasmussen","Austria 1.","Salzburg","LCB","28","3000000","2027-06-30","9","829","0","1","Denmark","left","190","8.25","4.67","76.74","6.73","70.97","0.98","7.59","0.11","0","0.05","0","0.33","33.33","0","0.11","0","0","0","0.87","0","0.87","1.19","0","72.85","93.74","32.24","91.25","1.85","41.18","0.04","0.11","0","0","0.11","8.25","88.16","0.22","0","0.11","10.75","76.77"
"S. Pirkl","Austria 1.","Blau-Weiß Linz","LWB, LCMF","28","500000","2026-06-30","9","817","0","1","Austria","left","176","6.5","3.97","83.33","0.99","33.33","0","3.6","1.76","0","0.01","0","0.22","0","0","3.08","50","0.33","66.67","1.87","52.94","0.99","0.77","0.11","26.99","68.98","9.58","59.77","6.17","57.14","0.1","0.11","0","0","0.44","3.97","63.89","3.41","51.61","0.77","8.04","80.82"
"M. Fischer","Austria 1.","Austria Wien","LCMF","30","800000","2027-06-30","9","817","2","0","Austria","right","179","7.6","5.4","59.18","4.52","34.15","0","6","0.44","0.22","0.12","0.11","0.66","66.67","33.333","0.33","0","0.22","0","3.41","25.81","2.09","0.99","0.22","32.72","80.47","13","66.95","2.75","56","0.03","0","0","0","0.11","6.06","70.91","0.44","50","0.66","5.95","75.93"
"D. Vincze","Austria 1.","Hartberg","RCB","21","200000","","9","812","0","0","Austria","","188","11.08","7.87","69.01","3.1","60.71","0.44","5.39","0.44","0","0.02","0","0.22","0","0","0.11","100","0.44","75","2.11","42.11","0.22","0.33","0","24.5","82.35","11.64","75.24","2.66","54.17","0","0","0","0","0","2.99","70.37","0.11","0","0","5.1","54.35"
"P. Pomer","Austria 1.","Ried","LWB, LB","28","350000","","9","809","2","1","Austria","left","180","7.12","4.23","50","1.56","71.43","0.33","7.63","0.89","0.22","0.1","0","0.56","60","40","2","16.67","0.56","40","2.34","66.67","0.56","1.33","0","32.6","71.67","12.68","62.28","7.79","57.14","0.1","0","0","0","0.33","6.67","58.33","2.78","36","0.78","8.68","75.64"
"Y. Maart","Austria 1.","Ried","RCMF, DMF","30","1000000","","9","808","0","0","South Africa","right","170","10.8","6.35","66.67","1.23","63.64","0.22","9.16","0.89","0","0.02","0","0.45","0","0","1.45","30.77","0.45","100","3.23","51.72","0.56","0.67","0.11","34.2","73.94","12.92","59.48","4.57","36.59","0.08","0","0.11","0","0.22","7.8","64.29","2.12","21.05","0.11","6.46","63.79"
"B. Owusu","Austria 1.","Grazer AK","LCB","22","0","","8","804","1","0","France","right","185","8.73","4.93","61.36","3.25","41.38","0.56","7.42","0.67","0.11","0.07","0","0.22","50","50","0.11","0","0.67","83.33","3.92","68.57","0.22","0.56","0","34.37","81.43","18.47","71.52","7.39","50","0","0","0","0","0","5.82","48.08","0.78","28.57","0.22","6.16","67.27"
"S. Ingolitsch","Austria 1.","Rheindorf Altach","RB, RWB","28","350000","2026-06-30","9","803","0","1","Austria","right","179","7.85","6.95","43.55","1.79","62.5","0.45","6.03","0.9","0","0","0","0.11","0","0","1.91","29.41","1.01","33.33","3.59","34.38","0.56","0.56","0","31.05","69.68","12.44","58.56","6.5","56.9","0.02","0.11","0","0","0.34","6.28","58.93","2.13","47.37","0.67","9.19","71.95"
"K. Jørgensen","Austria 1.","LASK","RB, RWB","25","700000","2025-12-31","9","797","1","0","Denmark","right","185","3.73","2.82","48","2.6","47.83","0.34","3.73","2.26","0.11","0.15","0","1.02","44.44","11.111","2.82","36","1.02","77.78","3.27","48.28","1.92","1.47","0.34","44.04","81.28","14.91","71.21","6.32","53.57","0.08","0","0","0","0.34","5.98","69.81","2.48","54.55","0.9","9.03","71.25"
"D. Lavalée","Austria 1.","Sturm Graz","LCB","28","4000000","2026-06-30","8","796","0","0","Belgium","left","187","8.71","3.62","71.88","5.43","60.42","0.57","8.73","0.34","0","0.06","0","0.57","0","0","0.68","16.67","0.23","100","1.24","45.45","0.34","1.36","0","47.49","84.76","26.91","81.09","7.35","55.38","0.01","0","0","0","0.11","9.05","76.25","1.02","11.11","0","12.78","79.65"
"L. Vraa-Jensen","Austria 1.","Grazer AK","RCB","20","150000","","9","793","0","0","Denmark","right","0","6.13","4.09","61.11","3.86","44.12","0.34","4.72","0.34","0","0.02","0","0.11","0","0","0.45","50","0.11","100","0.34","33.33","0.34","0.57","0","36.2","79.31","17.7","67.31","7.94","50","0.02","0","0","0","0.11","5.56","53.06","1.02","22.22","0.23","8.06","64.79"
"B. Zech","Austria 1.","Rheindorf Altach","RCB, CB","34","200000","","8","790","0","0","Austria","right","186","6.61","4.9","58.14","2.39","66.67","0.68","5.79","0.11","0","0.01","0","0.11","100","0","0","0","0","0","1.37","66.67","0.11","1.59","0.11","48.65","86.89","20.62","79.01","6.84","53.33","0","0","0","0","0","6.04","69.81","0.34","33.33","0.11","9.57","71.43"
"M. Bähre","Austria 1.","Rheindorf Altach","DMF, RCMF, LCMF","30","450000","2026-06-30","8","784","0","0","Germany","right","179","8.38","8.04","64.29","1.49","38.46","0.34","4.48","0.34","0","0.02","0","0.23","0","0","0.57","20","0.46","50","4.02","51.43","0.57","0.8","0","44.54","86.08","12.05","71.43","2.41","71.43","0","0.34","0.11","0","0.11","5.28","80.43","0.92","25","0.34","6.43","71.43"
"E. Karic","Austria 1.","Sturm Graz","LB","28","1000000","2027-06-30","8","781","0","1","Austria","left","184","9.33","6.34","74.55","2.07","61.11","0.12","7.45","1.96","0","0.01","0","0.23","0","0","3.8","36.36","1.04","55.56","2.88","44","0.35","1.27","0","53.01","79.78","20.97","73.08","5.19","51.11","0.13","0","0","0","0.58","11.18","69.07","4.26","54.05","1.27","14.06","87.7"
"A. Stejskal","Austria 1.","WSG Swarovski Tirol","GK","23","500000","","8","779","0","0","Czech Republic","right","189","1.73","0.12","0","0.35","100","0","2.07","0","0","0","0","0","0","0","0","0","0","0","0","0","0","0.12","0","20.56","87.64","10.17","79.55","5.55","64.58","0","0","0","0","0","1.27","72.73","0","0","0","5.31","67.39"
"B. Böckle","Austria 1.","WSG Swarovski Tirol","LWB, LB","23","400000","2027-06-30","8","779","2","2","Austria","left","185","6.7","4.74","48.78","1.27","54.55","0.23","5.62","2.08","0.23","0.08","0.12","0.81","57.14","28.571","2.89","36","0.92","62.5","1.96","47.06","1.27","1.5","0","35.58","66.23","12.02","58.65","6.93","41.67","0.11","0","0","0","0.46","4.62","50","4.39","36.84","0.92","9.47","63.41"
"J. Lawrence","Austria 1.","WSG Swarovski Tirol","CB, RCB","22","500000","2026-06-30","8","779","0","0","Germany","right","201","9.47","4.51","74.36","4.62","72.5","0.46","7.68","0.23","0","0.03","0","0.35","0","0","0","0","0.23","50","1.39","66.67","0.92","0.12","0.12","36.62","87.38","12.59","75.23","2.77","70.83","0.01","0","0.12","100","0","1.73","40","0.23","50","0.23","5.31","43.48"
"V. Müller","Austria 1.","WSG Swarovski Tirol","RCMF","26","450000","2026-06-30","8","779","5","1","Austria","right","175","4.85","2.2","47.37","1.73","66.67","0.23","4.88","1.5","0.35","0.33","0","1.16","70","50","0.58","20","0.69","83.33","3.7","50","0.92","0.92","0","37.43","85.8","12.82","76.58","2.31","75","0.07","0.12","0","0","0.12","4.16","72.22","0.92","62.5","0.35","5.2","80"
"M. Taferner","Austria 1.","WSG Swarovski Tirol","LCMF","24","600000","","8","779","0","1","Austria","right","170","10.28","7.74","58.21","0.46","25","0.23","6.95","1.27","0","0.02","0","0.46","25","0","1.39","33.33","0.92","62.5","5.08","47.73","0.35","1.16","0","36.51","78.8","10.63","65.22","4.16","41.67","0.13","0","0.12","100","0.12","5.43","70.21","2.43","38.1","0.58","5.2","73.33"
"D. Frieser","Austria 1.","Grazer AK","RWB, RB","32","500000","","9","778","0","0","Austria","right","178","5.32","4.05","57.14","2.54","40.91","0.23","3.79","1.39","0","0","0","0.12","0","0","1.5","76.92","0.69","33.33","0.93","25","0.46","1.16","0.12","23.83","71.36","11.68","56.44","6.94","51.67","0.11","0.12","0","0","0.81","4.51","51.28","2.08","55.56","0.12","8.68","80"
"L. Spendlhofer","Austria 1.","Hartberg","CB","32","200000","","8","767","1","0","Austria","right","187","9.74","3.29","71.43","2.93","72","0.47","7.32","0.59","0.12","0.05","0","0.59","40","20","0.23","50","0.35","66.67","1.29","45.45","0.59","0.59","0","35.79","83.93","14.67","72","5.87","54","0.01","0","0","0","0.12","3.99","52.94","0.7","16.67","0","7.28","62.9"
"M. Ouédraogo","Austria 1.","Rheindorf Altach","LWB, LB","22","0","2027-06-30","8","761","0","0","Burkina Faso","","183","8.63","6.5","60","6.62","64.29","0.12","6.99","5.8","0","0.01","0","0.24","50","0","5.32","35.56","4.85","78.05","9.11","54.55","0.59","2.96","0.24","39.97","67.75","13.25","53.57","5.2","36.36","0.13","0.12","0","0","0.59","3.78","46.88","5.44","43.48","0.59","10.41","67.05"
"A. Pašić","Austria 1.","Blau-Weiß Linz","RCMF, RCB","28","300000","","8","759","0","0","Slovenia","right","194","8.3","7.35","58.06","2.37","50","0.12","4.36","0.59","0","0.03","0","0.71","0","0","0.12","0","1.07","55.56","3.44","41.38","0.71","0.36","0","25.26","73.71","12.45","69.52","2.73","60.87","0","0.12","0.12","0","0","4.74","70","0.36","33.33","0.12","5.22","68.18"
"M. Grosse","Austria 1.","Ried","RWF, AMF, RW","26","400000","2026-06-30","9","756","3","0","Austria","left","184","4.52","4.17","65.71","1.9","62.5","0.12","2.41","2.14","0.12","0.24","0","2.14","22.22","16.667","0.83","14.29","2.62","59.09","6.55","43.64","0.71","1.31","0.24","24.76","72.12","9.88","61.45","2.62","31.82","0.32","0.24","0.24","0","0.12","5.36","64.44","3.33","35.71","0.95","4.88","73.17"
"M. Hennig","Austria 1.","Hartberg","LB, LWB","18","0","","9","755","0","1","Germany","left","176","7.27","5.72","75","1.43","16.67","0.12","3.09","1.31","0","0.05","0","0.24","0","0","1.19","10","1.67","64.29","4.89","53.66","0.72","1.79","0.48","24.68","61.84","11.8","42.42","4.89","43.9","0.05","0","0.12","100","0.12","2.86","50","1.43","33.33","0.48","6.68","39.29"
"B. Bolla","Austria 1.","Rapid Wien","RB","25","2000000","2027-06-30","8","749","0","0","Hungary","right","179","6.25","4.45","59.46","1.8","53.33","0.12","4.53","4.21","0","0.11","0","1.56","30.77","0","4.69","56.41","2.04","52.94","4.21","48.57","1.32","2.52","0.12","43.5","76.8","17.42","61.38","6.13","47.06","0.18","0.24","0.12","0","0.84","9.85","50","6.37","52.83","1.32","11.3","87.23"
"Tae-Seok Lee","Austria 1.","Austria Wien","LB, LWB","23","650000","2025-12-31","8","735","1","0","Korea Republic","left","174","7.59","5.76","53.19","1.22","60","0.12","5.56","2.45","0.12","0.1","0","1.71","35.71","7.143","3.18","34.62","1.1","55.56","2.57","57.14","0.86","2.08","0.12","36.86","68.11","16.78","54.74","7.22","40.68","0.03","0.12","0.12","100","0.24","7.35","56.67","4.29","40","0.61","10.04","65.85"
"J. Horn","Austria 1.","Rapid Wien","LB","28","1500000","","9","732","0","0","Germany","left","186","4.18","3.07","56","1.84","80","0","3.58","1.97","0","0","0","0.37","0","0","3.69","33.33","0.98","75","3.44","67.86","0.37","2.34","0.25","51.27","86.33","15.74","78.91","4.55","64.86","0.07","0","0","0","0.49","6.02","75.51","3.93","40.63","0.25","7.38","83.33"
"K. Mutandwa","Austria 1.","Ried","CF, LWF","22","0","","9","730","3","1","Zambia","right","180","3.7","3.45","53.57","8.01","36.92","0.25","2.64","2.34","0.37","0.35","0.12","2.84","34.78","13.043","0.25","100","2.22","50","7.77","22.22","2.71","0.62","0.25","11.71","75.79","2.47","35","0.49","50","0","0","0.25","0","0","1.11","33.33","0.37","66.67","0.62","1.23","40"
"T. Kainz","Austria 1.","Hartberg","LCMF","32","400000","2026-06-30","9","729","0","2","Austria","right","174","5.68","4.94","65","1.73","35.71","0","2.32","0.62","0","0.03","0","0.74","0","0","0.25","100","0.49","25","3.33","44.44","0.37","0.49","0.12","28.64","69.4","12.22","53.54","4.57","48.65","0.21","0","0.37","66.67","0.62","6.54","54.72","0.99","50","0.37","6.17","58"
"T. Horvat","Austria 1.","Sturm Graz","RCMF, RAMF, AMF","26","5000000","","8","728","2","1","Slovenia","left","176","6.18","5.56","66.67","1.73","21.43","0.12","3.83","4.57","0.25","0.11","0","1.73","50","14.286","1.61","61.54","3.59","75.86","8.16","45.45","1.11","3.46","0.62","35.36","79.02","10.63","63.95","2.6","61.9","0.35","0.25","0.12","0","0.62","4.08","75.76","3.09","52","1.11","5.07","85.37"
"A. Bajić","Austria 1.","Ried","RWB, RB","30","400000","2027-06-30","8","725","0","2","Austria","right","183","7.57","5.59","53.33","2.48","55","0.12","5.63","3.48","0","0.08","0","0.62","40","0","3.1","52","2.36","57.89","7.94","46.88","1.49","1.37","0.12","27.06","63.76","9.93","55","4.47","41.67","0.23","0","0.25","100","0.62","2.86","52.17","3.72","63.33","1.49","6.7","74.07"
"T. Koch","Austria 1.","Grazer AK","RCMF, DMF, LCMF","24","550000","2027-06-30","8","725","0","1","Austria","right","180","5.96","3.48","60.71","1.99","68.75","0","4.17","0.5","0","0.04","0","0.5","25","0","0.25","50","0.74","33.33","3.1","40","0.37","0.25","0.12","27.81","80.8","8.57","59.42","4.59","64.86","0.07","0","0","0","0.25","4.34","74.29","0.74","66.67","0.25","4.22","79.41"
"S. Horvath","Austria 1.","LASK","LCMF, RDMF, LW","29","2500000","","8","723","0","0","Austria","right","168","4.85","2.74","59.09","0.62","40","0","5.24","1.62","0","0.04","0","1","12.5","0","1","25","2.61","47.62","6.72","35.19","0.62","1.24","0.5","46.93","86.47","15.68","80.16","2.74","72.73","0.03","0","0.12","0","0.12","7.34","81.36","1.74","50","0.75","6.47","78.85"
"Y. Massombo","Austria 1.","Rheindorf Altach","LCMF, AMF","25","0","","9","723","0","1","France","left","186","5.6","4.73","55.26","1.37","27.27","0","4.23","1.37","0","0.11","0","1","37.5","0","1.12","33.33","1.12","55.56","5.35","30.23","2.12","1.24","0.25","28.01","71.11","9.96","57.5","3.24","42.31","0.06","0","0","0","0.25","3.98","59.38","1.62","38.46","0.75","5.35","69.77"
"M. Usor","Austria 1.","LASK","RW, RAMF, RWF","23","0","2028-06-30","8","721","1","1","Nigeria","left","181","4.37","3.87","54.84","1.12","44.44","0","3.57","4.12","0","0.3","0","1.87","40","6.667","3.74","26.67","5.37","44.19","10.49","35.71","2.75","3","0.37","26.59","71.83","7.36","67.8","2.25","55.56","0.2","0.12","0.25","0","0.87","2.37","63.16","3.62","31.03","0.62","3.87","77.42"
"E. Havel","Austria 1.","Hartberg","CF, LW","22","500000","2027-06-30","9","715","4","1","Austria","right","184","3.15","3.02","70.83","4.03","21.88","0","0.98","3.4","0.38","0.44","0","2.77","45.45","18.182","0.76","33.33","3.65","51.72","8.94","35.21","3.15","1.51","0.5","9.44","60","2.64","33.33","0.76","50","0.1","0","0.25","0","0.25","0.63","20","0.63","20","0.38","1.13","66.67"
"P. Greil","Austria 1.","Rheindorf Altach","AMF, LCMF, RCMF","29","500000","","9","714","2","0","Austria","right","184","4.16","3.53","57.14","1.89","40","0","3.02","1.89","0.25","0.27","0","2.65","38.1","9.524","1.76","28.57","1.39","27.27","4.66","37.84","2.14","0.5","0.13","32.02","80.31","9.58","73.68","2.02","56.25","0.09","0","0","0","0.25","3.91","67.74","2.14","64.71","0.88","5.42","86.05"
"M. Boras","Austria 1.","WSG Swarovski Tirol","RCB, RB","24","600000","","8","711","0","1","Germany","right","199","9.24","5.57","63.64","4.43","51.43","0.63","7.21","0.51","0","0.04","0","0.25","50","0","0.63","60","0.13","0","1.01","50","0.63","0.38","0","41.77","80","18.86","69.13","9.49","64","0.04","0.25","0","0","0.25","8.86","64.29","1.01","37.5","0.13","11.9","73.4"
"Q. Butler","Austria 1.","WSG Swarovski Tirol","RWB, RW","24","200000","","8","709","0","0","United States","right","175","5.97","5.46","48.84","1.27","30","0","4.1","2.54","0","0.01","0","0.51","25","0","2.41","26.32","4.06","43.75","7.36","37.93","0.76","2.41","0.13","23.23","75.96","7.24","54.39","2.41","36.84","0.01","0","0","0","0.13","2.03","62.5","2.28","44.44","0.63","4.06","65.63"
"J. Antiste","Austria 1.","Rapid Wien","CF, AMF","23","1900000","2026-06-30","8","708","1","1","France","right","183","2.8","1.78","64.29","4.45","54.29","0","2.45","1.4","0.13","0.26","0","1.65","30.77","7.692","1.14","33.33","0.76","66.67","4.45","25.71","4.45","0.89","0.13","24.28","78.53","4.7","62.16","0.76","50","0.08","0","0","0","0.51","1.65","61.54","2.42","42.11","1.78","3.31","73.08"
"D. Zukić","Austria 1.","Wolfsberger AC","AMF, RW","24","2000000","2027-06-30","9","708","3","2","Serbia","right","181","4.07","3.05","62.5","1.53","8.33","0.51","2.87","3.18","0.13","0.4","0","2.03","43.75","18.75","1.4","36.36","2.16","70.59","6.48","43.14","3.31","2.42","0","27.46","82.87","6.61","75","0.64","80","0.43","0.13","0.38","66.67","1.27","2.29","77.78","2.29","61.11","2.03","3.81","73.33"
"M. Bidstrup","Austria 1.","Salzburg","RDMF, RCMF, DMF","24","9000000","2028-06-30","8","708","0","0","Denmark","right","175","9.28","6.99","69.09","1.27","80","0","7.86","1.02","0","0.01","0","0.51","0","0","0.64","100","1.14","22.22","5.34","38.1","0.25","0.64","0.13","55.55","88.79","15.51","66.39","3.94","45.16","0.01","0","0.13","100","0.13","7.25","78.95","1.53","58.33","0.25","5.97","76.6"
"A. Barry","Austria 1.","Austria Wien","RCMF, DMF","25","0","2026-05-31","8","699","2","1","Gambia","unknown","190","7.98","7.21","62.5","1.16","22.22","0.39","5.07","2.32","0.26","0.14","0","0.9","71.43","28.571","1.55","33.33","3.09","37.5","9.27","36.11","1.8","2.58","0.39","34.89","77.49","10.43","62.96","2.19","52.94","0.09","0.39","0.13","0","0.26","3.48","62.96","2.32","38.89","0.64","3.22","84"
"O. Diawara","Austria 1.","Rheindorf Altach","CF","25","0","","8","699","2","0","Mali","","187","3.61","2.58","45","9.4","32.88","0.26","3.45","2.83","0.13","0.35","0","2.19","41.18","11.765","0.77","16.67","2.96","56.52","12.88","30","4.12","1.42","0","12.1","72.34","2.19","41.18","0.26","100","0.07","0","0.13","100","0.13","0.9","85.71","1.03","50","0.77","0.9","57.14"
"O. Christensen","Austria 1.","Sturm Graz","GK","26","3000000","2028-06-30","7","699","0","0","Denmark","right","190","1.67","0","0","1.42","100","0","2.85","0","0","0","0","0","0","0","0","0","0","0","0","0","0","0","0","20.99","84.66","11.07","74.42","6.57","60.78","0","0","0","0","0","2.7","61.9","0.26","0","0","5.28","65.85"
"M. Mustapha","Austria 1.","Rheindorf Altach","CF, AMF, RAMF","24","900000","2027-06-30","8","698","0","2","Austria","right","185","2.97","2.19","58.82","2.45","21.05","0.52","2.58","1.81","0","0.2","0","0.9","42.86","0","0.52","50","1.68","46.15","8.38","43.08","2.32","1.16","0.13","12.64","75.51","3.09","66.67","0.26","50","0.19","0","0.39","100","0.9","1.29","80","1.16","66.67","0.9","1.55","83.33"
"G. Bello","Austria 1.","LASK","LB, LWB","23","2000000","","8","690","1","0","Nigeria","left","170","6.13","4.96","71.05","1.83","35.71","0.39","4.01","3.26","0.13","0.02","0","0.26","50","50","3.26","20","3.65","67.86","6.39","61.22","1.04","2.35","0.26","34.83","75.28","11.74","62.22","3.65","46.43","0.11","0","0","0","0.39","3.13","62.5","2.61","35","0.39","6.52","66"
"P. Ratkov","Austria 1.","Salzburg","CF","22","5000000","2028-06-30","9","686","6","2","Serbia","right","193","2.1","1.31","30","7.22","38.18","0","2.95","2.23","0.52","0.56","0.13","2.89","40.91","27.273","0.52","25","1.57","58.33","6.03","26.09","3.94","0.13","0","11.94","79.12","1.31","60","0.52","75","0.02","0","0","0","0.26","0.66","40","0.92","57.14","0.79","0.66","40"
"N. Polster","Austria 1.","Wolfsberger AC","GK","23","250000","","7","684","0","0","Austria","right","188","2.24","0","0","0.79","100","0","3.07","0","0","0","0","0","0","0","0","0","0","0","0.26","100","0","0","0","34.08","90.73","15.13","80.87","9.61","72.6","0","0","0","0","0","4.08","67.74","0.13","100","0.13","7.63","81.03"
"A. Andrade","Austria 1.","LASK","LCB, CB","26","2500000","","7","684","1","0","Panama","left","187","11.58","6.84","71.15","6.58","42","2.24","10.41","0.66","0.13","0.15","0.13","1.45","18.18","9.091","0.39","33.33","0.26","100","2.24","35.29","1.32","0.39","0","57.63","84.47","28.55","76.5","12.11","52.17","0.04","0","0","0","0.39","10","52.63","3.16","29.17","0.53","10.53","70"
"P. Wiesinger","Austria 1.","Austria Wien","LCB, CB","31","0","","8","680","0","0","Austria","both","181","10.46","7.28","60","4.24","56.25","0.4","8.39","0.26","0","0","0","0.26","0","0","0.26","100","0","0","1.19","33.33","0.53","1.32","0.13","43.94","85.84","20.65","77.56","5.96","46.67","0.02","0","0","0","0.13","7.28","69.09","1.46","36.36","0.4","10.06","76.32"
"N. Wimmer","Austria 1.","Wolfsberger AC","LCB, LB","30","800000","2028-06-30","8","680","0","0","Austria","left","190","7.68","4.76","63.89","3.97","66.67","1.19","5.86","1.06","0","0","0","0.26","0","0","0.66","60","0.79","66.67","3.04","60.87","0.13","1.46","0.26","48.84","85.37","25.54","77.72","10.99","60.24","0","0","0.13","100","0","9.53","69.44","0.93","71.43","0.26","12.18","82.61"
"J. Eggestein","Austria 1.","Austria Wien","CF, AMF, RW","27","2000000","","9","676","2","1","Germany","right","183","2.26","2.26","58.82","5.46","34.15","0.13","1.2","1.6","0.13","0.21","0","1.6","33.33","16.667","2.13","18.75","1.2","55.56","9.59","19.44","3.59","1.07","0","23.43","72.73","5.06","63.16","0.93","28.57","0.13","0.13","0","0","0.67","2.26","64.71","2.13","56.25","0.93","3.06","69.57"
"T. Goiginger","Austria 1.","Blau-Weiß Linz","AMF, RWF, CF","32","400000","2026-06-30","9","662","1","1","Austria","right","181","4.76","4.49","60.61","1.63","8.33","0","2.3","1.63","0.14","0.07","0","0.82","16.67","16.667","2.04","26.67","1.36","70","6.12","24.44","1.63","1.22","0.14","21.48","76.58","6.39","72.34","1.63","58.33","0.12","0","0","0","0.41","2.04","66.67","2.99","36.36","0.82","3.4","84"
"D. Baumgartner","Austria 1.","Wolfsberger AC","RCB","29","800000","2026-06-30","7","660","0","1","Austria","right","188","10.09","6.95","58.82","4.36","68.75","0.27","7.24","0.41","0","0.03","0","0.27","0","0","0.41","33.33","0.55","50","1.91","50","0.55","1.36","0.14","53.73","86.04","27.95","77.56","7.91","46.55","0.03","0","0.14","0","0.41","10.36","68.42","0.95","28.57","0","10.5","85.71"
"M. Cissé","Austria 1.","LASK","RCB","20","0","","7","651","0","1","Senegal","","0","6.08","3.46","56","3.87","57.14","0.41","5.96","0.28","0","0.08","0","0.69","0","0","0.14","100","0.28","50","0.69","20","1.11","0.28","0","56.27","89.93","18.66","77.78","5.39","46.15","0.05","0","0","0","0.55","5.25","65.79","0.69","60","0.69","7.88","66.67"
"M. Malone","Austria 1.","Sturm Graz","CF, AMF","25","1000000","2027-06-30","9","650","0","1","Germany","left","186","1.8","1.38","50","5.95","34.88","0.14","1.88","4.29","0","0.48","0","3.32","45.83","0","1.94","35.71","4.29","48.39","11.49","34.94","5.12","2.49","0.14","18.83","75","3.18","56.52","0.55","50","0.04","0","0","0","0.42","0.55","50","1.66","50","1.11","1.8","76.92"
"E. Aiwu","Austria 1.","Sturm Graz","RCB","24","3000000","2028-06-30","7","650","0","0","Austria","right","185","5.95","3.88","67.86","3.18","56.52","0.55","5.58","0","0","0.05","0","0.42","0","0","0","0","0","0","0.69","60","0.28","1.38","0","37.25","93.31","14.4","86.54","3.74","66.67","0","0","0","0","0","4.43","93.75","0.42","66.67","0.28","7.06","80.39"
"A. Schöpf","Austria 1.","Wolfsberger AC","LCMF, RCMF","31","1200000","","8","649","3","2","Austria","right","178","5.69","3.74","37.04","1.66","25","0.55","5","1.8","0.42","0.26","0","1.53","45.45","27.273","0.55","50","1.39","60","5.96","46.51","2.36","1.66","0.83","45.76","84.85","13.87","68","1.8","69.23","0.05","0","0","0","0.69","5.41","61.54","1.8","76.92","1.94","4.3","80.65"
"T. Chukwuani","Austria 1.","Sturm Graz","LAMF, LCMF, LDMF","22","1500000","2028-06-30","7","643","0","0","Denmark","right","187","6.58","4.9","65.71","3.08","45.45","0.14","4.89","0.84","0","0.05","0","1.26","11.11","0","0.84","33.33","0.7","60","4.48","53.13","1.68","1.12","0","43.95","85.35","14.7","75.24","2.8","45","0.04","0","0","0","0.42","5.88","76.19","1.96","57.14","1.12","6.16","81.82"
"D. Pines","Austria 1.","Grazer AK","CB","27","1700000","","7","631","0","0","United States","right","196","7.7","4.28","70","7.42","73.08","0.86","6.56","0.43","0","0.05","0","0.43","66.67","0","0","0","0.14","100","1.14","50","0.86","0.14","0","27.96","85.2","8.13","64.91","2.57","44.44","0","0","0","0","0.14","2.57","50","0.14","0","0.14","4.42","54.84"
"T. Sabitzer","Austria 1.","WSG Swarovski Tirol","AMF, LWF, LW","24","400000","2026-06-30","8","631","0","1","Austria","right","182","3","2.57","55.56","2.42","47.06","0.14","1.64","1.14","0","0.06","0","0.71","20","0","0.71","40","1.28","44.44","7.7","44.44","2","1.28","0.14","23.68","83.13","4.85","70.59","0.86","83.33","0.09","0.14","0.14","100","0.57","1.57","63.64","1.28","66.67","1.14","2.57","72.22"
"J. Gadou","Austria 1.","Salzburg","RCB","18","0","","7","631","0","0","France","right","195","9.56","7.27","70.59","4.71","45.45","0.29","7.14","0","0","0","0","0","0","0","0","0","0.14","0","1.71","16.67","0","1.85","0.14","59.62","89.47","25.25","83.62","2.28","50","0","0.14","0","0","0","8.27","81.03","0.57","25","0.14","8.99","73.02"
"I. Coulibaly","Austria 1.","LASK","RCMF, LDMF","24","1000000","","8","624","0","0","Mali","right","183","5.91","4.33","46.67","2.16","66.67","0.58","5.11","0.58","0","0.02","0","0.72","40","0","0.29","0","0.72","40","2.16","33.33","0","0.29","0","48.75","91.42","9.66","80.6","1.59","45.45","0.02","0","0","0","0","6.2","83.72","0.29","50","0.29","3.61","84"
"N. Cvetković","Austria 1.","Rapid Wien","RCB","29","900000","","7","622","1","0","Serbia","right","195","9.12","5.06","82.86","4.92","64.71","0.58","7.73","0.29","0.14","0.06","0","0.29","50","50","0","0","0.14","100","0.87","33.33","0.87","0.87","0","54.55","87.53","20.69","73.43","7.23","44","0","0","0","0","0.14","9.26","62.5","1.45","20","0.58","8.83","70.49"
"J. Gorenc Stankovič","Austria 1.","Sturm Graz","DMF","29","4500000","2027-06-30","7","620","0","0","Slovenia","right","190","10.31","6.24","62.79","6.53","42.22","0.58","9.4","0.87","0","0.18","0","1.02","57.14","0","0.15","100","0.58","25","2.32","37.5","0.87","0.15","0","36.73","78.26","16.11","69.37","5.66","56.41","0","0","0","0","0.15","7.55","76.92","1.45","20","0.15","7.55","78.85"
"C. Diabate","Austria 1.","Wolfsberger AC","CB, LCB, RCB","21","0","","8","619","0","0","Côte d'Ivoire","right","188","11.92","6.98","75","2.33","37.5","0.29","9.26","0.44","0","0","0","0.15","0","0","0.29","50","0.29","100","2.18","33.33","0.15","0.58","0.15","57.14","90.33","17.74","80.33","3.93","55.56","0","0","0","0","0","3.78","65.38","0.73","60","0.29","7.12","57.14"
"D. Maderner","Austria 1.","Grazer AK","CF","29","450000","","9","613","3","0","Austria","right","190","3.82","3.08","38.1","5.14","42.86","0.29","3.8","1.32","0.29","0.41","0.15","1.17","62.5","37.5","0.44","33.33","0.88","50","4.26","27.59","2.35","0.44","0","9.84","53.73","2.64","50","1.47","50","0.04","0.15","0","0","0.15","2.06","35.71","1.03","57.14","0.73","1.47","70"
"R. Harakate","Austria 1.","Grazer AK","AMF, RWF, CF","23","100000","","8","607","1","1","France","","0","2.82","3.71","52","3.71","8","0.15","1.03","3.86","0.15","0.18","0","1.78","25","8.333","2.08","21.43","5.04","58.82","12.01","34.57","2.08","2.37","0.44","17.5","61.86","4.45","33.33","2.08","28.57","0.12","0","0.15","0","0.3","2.82","36.84","2.67","33.33","0.44","1.63","81.82"
"T. Cipot","Austria 1.","Grazer AK","AMF, LWF, LCMF","22","600000","2026-06-30","9","605","1","0","Slovenia","right","176","2.23","1.79","66.67","1.49","50","0.15","1.29","3.42","0.15","0.34","0","2.23","33.33","6.667","1.34","22.22","3.72","64","9.82","40.91","1.93","1.64","0.3","14.88","66","4.17","46.43","1.64","27.27","0.03","0","0.3","0","0","1.49","40","2.38","25","0.3","2.38","31.25"
"A. Dragović","Austria 1.","Austria Wien","CB, RCB","34","2500000","2027-06-30","7","597","0","0","Austria","right","186","6.18","2.56","70.59","3.17","52.38","0.15","5.92","0","0","0.01","0","0.3","0","0","0.15","0","0","0","0.45","0","0.3","0.75","0","52.01","91.3","19.15","81.1","5.43","52.78","0","0","0","0","0","6.93","78.26","0.75","20","0.15","7.39","71.43"
"C. M'Buyi","Austria 1.","Rapid Wien","CF","26","300000","2026-06-30","9","588","3","2","Congo DR","right","184","3.83","2.3","66.67","10.87","53.52","0.15","3.72","2.76","0.31","0.64","0","3.06","70","15","0.61","50","0.31","100","7.04","23.91","5.66","0.77","0","16.68","79.82","1.99","69.23","0.15","0","0.17","0.31","0","0","0.77","1.07","57.14","0.61","50","0.61","0.61","75"
"M. Wels","Austria 1.","WSG Swarovski Tirol","RWF, AMF, CF","21","500000","2026-06-30","7","588","2","0","Austria","left","186","4.29","5.05","48.48","3.67","45.83","0.15","2.43","1.53","0.31","0.28","0","1.53","30","20","1.22","37.5","1.53","40","5.36","31.43","2.91","2.3","0.31","17.45","76.32","4.29","67.86","0.31","0","0.01","0.15","0.15","0","0","1.84","66.67","1.84","50","0.46","2.45","75"
"M. Kjærgaard","Austria 1.","Salzburg","LAMF, AMF, LCMF","22","13000000","2028-06-30","8","587","1","3","Denmark","left","192","3.68","2.76","55.56","0.46","33.33","0.15","4.12","2.91","0.15","0.16","0","2.45","37.5","6.25","2.45","37.5","1.38","77.78","5.21","50","2.61","2.76","0.77","51.82","80.18","17.17","73.21","3.68","45.83","0.29","0","0","0","0.77","8.28","77.78","3.68","50","1.23","7.97","71.15"
"D. Radonjic","Austria 1.","Austria Wien","RCB, LCB, RB","20","0","","7","584","1","0","Austria","","0","7.86","5.39","74.29","7.24","44.68","0.15","5.11","0.31","0.15","0.08","0.15","0.92","33.33","16.667","0.15","0","0.15","0","1.7","45.45","1.23","0.31","0","34.67","82.67","13.56","61.36","5.7","37.84","0","0","0","0","0","5.86","60.53","0.31","50","0.31","5.39","60"
"S. Fofana","Austria 1.","Grazer AK","LCMF, DMF","22","500000","2027-06-30","7","570","0","0","Germany","right","192","8.68","7.11","64.44","3.32","42.86","0.16","5.61","0.16","0","0","0","0","0","0","0.16","0","0.32","50","2.84","27.78","0","0.16","0","26.68","69.23","9.79","41.94","4.89","22.58","0","0","0","0","0","5.53","40","1.26","0","0","3.95","40"
"V. Berisha","Austria 1.","LASK","LWF, RDMF, RCMF","32","1000000","2026-06-30","8","568","0","0","Sweden","right","176","7.29","4.75","63.33","2.38","26.67","0","6.5","0.63","0","0.05","0","0.48","33.33","0","1.27","25","0.32","50","3.8","33.33","0.79","1.11","0.16","50.23","87.07","13.15","77.11","4.91","83.87","0.09","0","0.16","0","0.16","5.55","82.86","2.22","50","0.48","5.39","70.59"
"L. Jäger","Austria 1.","Rheindorf Altach","RCB, DMF, RCMF","31","450000","","6","555","0","0","Austria","right","183","7.46","4.05","72","3.57","40.91","0.32","6.69","0.16","0","0","0","0","0","0","0.32","50","0.32","0","1.46","22.22","0.65","0.49","0","37.95","78.21","16.22","58","5.03","38.71","0","0","0","0","0","6","56.76","0.32","50","0.32","5.68","68.57"
"K. Alajbegović","Austria 1.","Salzburg","LW, LAMF, RW","18","0","2029-06-30","9","552","2","1","Germany","right","0","4.24","3.75","56.52","0.33","50","0","3.2","8.97","0.33","0.21","0","4.73","41.38","6.897","3.42","28.57","8.64","67.92","18.75","53.04","2.77","5.71","0.82","44.35","77.57","14.67","70","2.61","37.5","0.15","0.33","0.65","25","0.49","5.71","71.43","4.4","55.56","1.14","6.03","86.49"
"S. Adeniran","Austria 1.","LASK","CF","27","1500000","","8","545","1","0","United States","left","196","2.81","2.48","46.67","7.27","47.73","0","2.57","2.15","0.17","0.42","0.17","2.64","18.75","6.25","1.32","25","2.81","47.06","7.43","28.89","4.29","1.82","0.5","8.92","57.41","2.31","35.71","0.5","33.33","0.02","0","0","0","0.33","1.16","14.29","0.83","20","0.5","1.32","50"
"J. Heil","Austria 1.","Hartberg","RCMF, RB","28","900000","2026-06-30","7","545","0","1","Austria","right","176","11.23","8.42","56.86","1.82","9.09","0.17","6.04","1.49","0","0.03","0","0.66","50","0","0.99","0","1.65","50","4.46","44.44","0.66","0.33","0","30.55","74.05","12.22","56.76","5.12","48.39","0.07","0.17","0.5","66.67","0.5","5.94","55.56","2.64","50","1.32","6.11","67.57"
"A. Gattermayer","Austria 1.","Wolfsberger AC","CF","23","200000","2026-06-30","9","543","1","1","Austria","right","182","2.15","2.49","60","4.48","37.04","0","0.81","2.82","0.17","0.24","0","1.16","28.57","14.286","1.66","50","3.65","45.45","11.6","35.71","3.65","1.33","0.5","17.9","76.85","3.31","70","0.83","60","0.16","0.33","0.17","0","0.5","0.99","50","2.15","46.15","1.33","1.66","80"
"S. Šaljić","Austria 1.","Austria Wien","LWF, LW, LCMF","19","0","2028-06-30","9","522","0","2","Austria","left","177","5.34","6.38","54.05","2.41","21.43","0","2.61","3.45","0","0.11","0","2.41","7.14","0","1.21","14.29","4.66","62.96","11.38","48.48","2.41","2.41","0.34","19.66","70.18","6.72","74.36","1.21","42.86","0.23","0","0.17","100","0.69","2.76","75","1.9","54.55","1.03","3.97","60.87"
"T. Oermann","Austria 1.","Sturm Graz","RB, RCB","22","4000000","","7","521","0","0","Germany","right","187","8.81","6.91","52.5","3.63","52.38","1.04","7.24","0.69","0","0.01","0","0.17","0","0","0.86","40","0.52","66.67","3.28","42.11","0","2.42","0","37.83","79","17.27","67","5.7","39.39","0.04","0","0","0","0","7.26","64.29","1.38","50","0.35","9.85","66.67"
"C. Nwaiwu","Austria 1.","Wolfsberger AC","CB, LCB","22","0","","6","520","0","0","Nigeria","","0","12.12","6.23","72.22","2.25","69.23","0.69","8.51","0.87","0","0.06","0","0.52","0","0","0","0","1.04","83.33","3.29","57.89","0.35","0.52","0","61.44","91.27","17.13","76.77","3.29","42.11","0","0","0","0","0","2.42","42.86","0.35","50","0","5.71","57.58"
"J. Mayer","Austria 1.","Ried","LCMF","21","0","","7","518","0","0","Austria","right","0","6.43","5.21","53.33","2.08","16.67","0.17","5.43","0.17","0","0.05","0","0.52","0","0","0.35","50","1.04","0","2.95","17.65","0.87","0.17","0.17","24.85","69.23","8.17","46.81","4","43.48","0.04","0","0","0","0.35","4.52","53.85","1.91","45.45","1.22","2.95","64.71"
"C. Cvetko","Austria 1.","Blau-Weiß Linz","LCMF, DMF","28","750000","","8","512","0","0","Austria","left","183","7.21","5.8","57.58","2.64","46.67","0.18","3.95","0.35","0","0.06","0","0.88","0","0","0.35","50","0.18","100","1.23","42.86","0.18","0.18","0","28.48","69.14","11.6","42.42","5.45","29.03","0.01","0","0","0","0","6.5","45.95","0.7","25","0.18","6.33","52.78"
"M. Sarkaria","Austria 1.","Austria Wien","RWF, RCMF, CF","29","2500000","","9","512","1","1","Austria","left","180","4.04","3.34","52.63","4.75","18.52","0","2.73","0.88","0.18","0.1","0.18","0.88","60","20","1.41","12.5","0.88","20","4.92","10.71","1.93","0.88","0","29.88","69.41","9.14","50","1.58","44.44","0.2","0","0","0","0.88","4.57","61.54","2.29","23.08","1.05","3.34","78.95"
"M. Pink","Austria 1.","Wolfsberger AC","CF","34","350000","2026-06-30","8","509","6","0","Austria","right","188","2.48","2.12","50","4.07","39.13","0.35","1.88","1.59","1.06","0.34","0","2.3","53.85","46.154","0","0","0.71","50","5.3","50","2.65","0","0","11.49","67.69","3.18","33.33","0.71","25","0","0","0.18","0","0","1.24","71.43","0.35","50","0.35","1.06","50"
"Y. Vertessen","Austria 1.","Salzburg","CF, LAMF","24","5000000","2028-06-30","8","505","4","0","Belgium","right","174","3.74","3.74","66.67","2.5","57.14","0.18","2.21","3.74","0.71","0.33","0.18","2.14","50","33.333","0.89","60","3.92","54.55","9.62","46.3","5.52","1.43","0.18","18.71","76.19","2.32","69.23","0.18","100","0.18","0.18","0","0","1.07","1.43","87.5","1.07","83.33","1.43","1.6","66.67"
"D. Kovačević","Austria 1.","Hartberg","RB","21","0","2026-06-30","8","495","0","0","Austria","","0","8.91","7.09","66.67","1.09","16.67","0.36","3.58","2.55","0","0","0","0","0","0","1.45","37.5","4.36","45.83","6.55","44.44","1.09","2.36","0.36","21.82","61.67","8.55","44.68","1.82","30","0.02","0","0","0","0.18","1.45","25","1.64","44.44","0.36","4.91","44.44"
"D. Gugganig","Austria 1.","WSG Swarovski Tirol","LCB","28","300000","","6","493","0","0","Austria","left","192","8.22","4.02","72.73","5.84","37.5","0","6.27","0","0","0.05","0","0.37","0","0","0.18","0","0","0","0.55","33.33","1.1","0.18","0","49.29","79.26","25.74","69.5","10.04","49.09","0.03","0","0","0","0.18","8.4","50","0.55","33.33","0.37","10.77","71.19"
"S. Seidl","Austria 1.","Blau-Weiß Linz","AMF, RCMF, LWF","23","0","","6","489","2","1","Austria","right","176","5.34","5.15","57.14","2.21","50","0.55","2.93","2.02","0.37","0.08","0","0.92","40","40","1.66","11.11","1.84","50","9.57","32.69","1.47","2.21","0.37","31.1","75.74","8.1","63.64","1.66","33.33","0.13","0.18","0.74","75","0.55","3.13","58.82","2.76","33.33","0.92","3.31","72.22"
"A. Van Wyk","Austria 1.","Ried","LWF, LW, CF","23","0","","8","487","1","1","South Africa","right","178","4.25","2.59","71.43","3.33","11.11","0.18","3.71","4.25","0.18","0.24","0","2.22","58.33","8.333","1.48","37.5","4.25","56.52","9.79","43.4","2.59","3.14","0.74","15.34","68.67","3.33","38.89","1.11","50","0.24","0","0","0","0.18","1.85","40","1.85","50","0.92","1.85","80"
"L. Grgić","Austria 1.","Sturm Graz","CF, LAMF, RWF","19","0","","8","480","1","0","Austria","right","189","5.63","4.13","72.73","6.75","30.56","0","3.86","3.38","0.19","0.74","0.19","3.94","38.1","4.762","1.88","10","2.81","60","7.5","37.5","5.81","1.13","0.19","13.13","52.86","2.25","33.33","0.19","0","0.15","0","0","0","0.19","1.5","37.5","0.56","0","0.38","0.94","40"
"B. Matić","Austria 1.","Wolfsberger AC","RWB, RB","21","0","","5","479","0","1","Serbia","unknown","0","12.96","8.46","71.11","2.07","36.36","0","7.95","2.63","0","0","0","0.19","0","0","2.63","50","1.88","70","3.57","47.37","0.94","1.5","0.19","40.02","71.36","15.22","60.49","3.95","66.67","0.17","0.19","0","0","0.94","4.13","72.73","2.44","38.46","0.38","9.39","62"
"T. Anselm","Austria 1.","WSG Swarovski Tirol","CF","25","250000","","8","478","1","0","Austria","right","186","2.64","1.69","55.56","5.08","18.52","0.38","2.18","1.69","0.19","0.24","0.19","2.26","33.33","8.333","0.94","0","1.88","50","6.97","27.03","4.14","1.13","0.38","12.62","70.15","1.51","62.5","0.56","66.67","0","0","0.19","0","0","0.94","80","0.56","0","0.38","1.88","40"
"Anderson","Austria 1.","Blau-Weiß Linz","RWB, RB","27","500000","2028-06-30","6","475","0","1","Brazil","right","184","7.39","6.44","55.88","3.6","52.63","0","3.62","1.89","0","0.03","0","0.57","33.33","0","3.6","36.84","0.76","50","3.22","23.53","1.33","0.57","0.19","25.2","66.17","7.58","55","4.36","47.83","0.02","0","0","0","0.19","2.84","66.67","2.27","41.67","0.38","6.06","65.63"
"M. Moormann","Austria 1.","Blau-Weiß Linz","LCB","24","400000","2026-06-30","6","466","0","0","Austria","left","185","9.46","5.02","73.08","3.48","50","0.58","6.51","0.58","0","0","0","0","0","0","0.58","66.67","0.19","100","0.97","60","0","0.58","0","57.75","78.6","28.97","69.33","10.04","36.54","0","0","0","0","0","11.01","50.88","2.12","27.27","0.19","13.33","76.81"
"M. Seidl","Austria 1.","Rapid Wien","LDMF, RDMF, CF","24","2500000","2027-06-30","7","462","0","1","Austria","right","175","9.16","7.21","59.46","2.92","46.67","0.58","6.47","1.75","0","0.3","0","1.75","22.22","0","1.17","50","0.97","80","4.29","50","2.53","0.58","0.39","36.43","81.82","10.71","65.45","3.31","58.82","0.07","0","0","0","0.39","5.65","72.41","1.75","44.44","0.39","5.84","73.33"
"O. Kiteishvili","Austria 1.","Sturm Graz","AMF, CF","29","5000000","2027-06-30","6","462","4","0","Georgia","right","173","5.06","5.45","60.71","1.95","30","0.19","2.67","2.34","0.39","0.58","0","2.92","33.33","26.667","0.58","0","1.75","55.56","8.38","58.14","2.73","1.36","0.39","44.03","83.63","13.64","71.43","2.53","69.23","0.21","0","1.17","33.33","0.78","5.84","63.33","2.92","60","2.14","4.68","95.83"
"M. Hoffmann","Austria 1.","Hartberg","CF","21","0","","9","450","2","0","Austria","unknown","0","3.6","4.2","38.1","6.8","29.41","0","2.33","3.6","0.4","0.64","0","2.6","38.46","15.385","1.4","57.14","3.4","52.94","12.2","34.43","3.4","1.4","0.6","19.4","58.76","5.8","31.03","2","30","0.15","0.2","0.2","0","0.4","2.8","35.71","2","30","1","3.4","52.94"
"M. Şatin","Austria 1.","Grazer AK","RCMF, RWB","29","300000","2026-06-30","7","449","0","1","Austria","right","177","5.21","4.01","50","1.4","28.57","0.4","4.44","1","0","0.02","0","1.6","25","0","2.2","9.09","0.6","66.67","2.81","28.57","1.2","0.8","0","32.87","71.95","12.63","57.14","6.21","45.16","0.21","0","0","0","0.2","5.61","57.14","2.2","18.18","0.6","5.81","72.41"
"S. Jatta","Austria 1.","Sturm Graz","CF","22","2000000","2027-06-30","8","443","3","0","Norway","right","182","2.84","1.83","44.44","5.69","35.71","0.41","3.07","3.05","0.61","0.59","0.2","2.64","46.15","23.077","1.22","33.33","3.25","43.75","12.19","25","5.08","1.22","0.41","9.55","53.19","1.22","33.33","0.2","0","0.01","0","0","0","0","0.41","50","1.22","0","0.2","0.41","0"
"A. Radulović","Austria 1.","Rapid Wien","RAMF, RW, LAMF","23","2500000","2029-06-30","8","438","1","1","Montenegro","right","175","6.58","5.34","50","2.47","41.67","0","5.28","2.26","0.21","0.18","0","2.47","41.67","8.333","1.44","14.29","3.08","33.33","6.37","29.03","2.88","1.64","0.41","19.93","73.2","5.96","58.62","1.23","50","0.19","0","0.21","0","0","1.85","55.56","1.85","44.44","0.41","2.47","33.33"
"K. Daněk","Austria 1.","LASK","AMF, CF, RWF","22","1000000","2026-06-30","9","428","1","1","Czech Republic","left","182","5.05","4.42","52.38","1.05","60","0","4.44","2.1","0.21","0.25","0","1.05","20","20","1.68","50","2.1","50","6.52","38.71","1.89","2.52","0.42","25.02","83.19","6.94","78.79","1.26","33.33","0.22","0.21","0","0","1.05","2.31","81.82","2.73","53.85","0.84","3.57","82.35"
"P. Dahl","Austria 1.","Rapid Wien","LAMF, LW","21","0","2028-06-30","5","406","2","2","Norway","right","180","5.54","5.32","50","2.22","30","0","4.11","6.65","0.44","0.48","0.22","2.66","25","16.667","2","44.44","9.53","53.49","15.96","38.89","5.1","5.32","0.44","24.83","75.89","6.65","63.33","1.11","60","0.19","0.22","0.22","0","1.11","1.55","57.14","2.88","69.23","2","4.21","78.95"
"S. Diabaté","Austria 1.","Salzburg","LDMF, LCMF","20","0","","8","406","2","0","Mali","right","168","6.65","3.77","64.71","2.44","63.64","0.22","6.84","1.33","0.44","0.15","0","1.11","40","40","0.89","50","0.89","50","4.21","31.58","0.89","0.67","0","52.98","92.05","18.62","89.29","2.22","70","0.02","0.22","0","0","0.67","8.65","87.18","1.77","62.5","1.11","7.54","85.29"
"F. Wohlmuth","Austria 1.","Wolfsberger AC","RWB","23","400000","2026-06-30","6","405","0","0","Austria","right","188","5.11","3.78","47.06","4","50","0.22","3.87","2","0","0.09","0","1.11","40","0","4.67","19.05","1.11","60","2.89","53.85","2.22","1.11","0","37.11","68.86","9.56","60.47","5.33","45.83","0.06","0","0","0","0.67","4.22","52.63","3.56","43.75","0.67","7.56","64.71"
"A. Hofleitner","Austria 1.","Grazer AK","CF, AMF","25","0","","9","402","0","1","Austria","","196","5.37","3.81","70.59","9.4","52.38","0.22","2.73","0.45","0","0.03","0","0.45","0","0","1.12","20","0.45","50","4.25","26.32","1.79","0.45","0","11.64","55.77","3.81","58.82","0.67","100","0.03","0","0","0","0.22","0.9","50","0.67","0","0","1.57","71.43"
"S. Piesinger","Austria 1.","Wolfsberger AC","RCMF, DMF","33","0","","7","391","0","0","Austria","right","196","7.83","5.29","52.17","2.76","58.33","0.46","6.06","0.23","0","0.23","0","1.61","0","0","0.23","0","0.23","100","1.61","28.57","1.38","0","0","36.37","78.48","16.11","70","3.45","60","0","0","0","0","0.23","7.6","69.7","1.15","60","0.92","7.6","78.79"
"A. Terzić","Austria 1.","Salzburg","LB","26","3000000","2028-06-30","6","390","0","0","Serbia","left","184","4.85","3.92","47.06","1.38","83.33","0","5.22","2.54","0","0","0","0.23","0","0","7.38","28.13","1.38","33.33","3","30.77","0.92","3.69","0.46","70.62","80.39","24.46","68.87","6.92","60","0.13","0","0","0","0.69","11.54","74","8.31","41.67","1.62","14.54","82.54"
"N. Wurmbrand","Austria 1.","Rapid Wien","RAMF, LW","19","0","2028-06-30","7","387","3","0","Austria","both","173","4.88","3.02","53.85","2.09","33.33","0","4.88","7.44","0.7","0.32","0","2.09","77.78","33.333","3.72","50","6.28","62.96","12.09","50","4.42","3.26","1.4","15.12","53.85","5.58","54.17","0.47","0","0.31","0","0","0","1.4","0.47","50","1.86","75","1.16","3.95","70.59"
"E. Baidoo","Austria 1.","Salzburg","CF, RAMF, LAMF","19","0","","8","382","1","1","Ghana","right","174","2.36","4.48","47.37","1.18","20","0","0.42","5.42","0.24","0.65","0.24","3.53","53.33","6.667","2.83","25","5.89","44","12.25","36.54","6.13","4.95","0.47","26.39","75.89","5.89","64","0.94","25","0.11","0","0.24","100","0.71","1.18","80","2.83","50","2.12","2.36","90"
"M. Entrup","Austria 1.","LASK","CF","28","2000000","","7","381","0","1","Austria","right","186","2.36","1.89","62.5","1.65","57.14","0","1.76","0.71","0","0.17","0","1.65","42.86","0","0.24","0","0.24","0","4.72","25","2.6","0.24","0","16.3","79.71","5.2","63.64","1.65","71.43","0.07","0","0","0","0.47","1.18","60","0.94","75","1.18","0.94","50"
"M. Sulzner","Austria 1.","Wolfsberger AC","RCMF, LCMF","22","0","","6","366","0","1","Austria","right","189","11.8","9.59","56.41","2.95","25","0.25","7.76","1.23","0","0.09","0","1.48","16.67","0","0.49","50","1.23","60","4.92","40","0.74","0.98","0","32.46","78.79","13.28","64.81","4.92","50","0.06","0","0","0","0.49","6.89","71.43","2.7","63.64","1.72","6.15","92"
"P. Mensah","Austria 1.","Blau-Weiß Linz","CF, AMF","25","400000","2026-06-30","7","365","0","1","Ghana","right","178","2.96","2.96","75","5.18","28.57","0","0.79","0.99","0","0.14","0","1.48","16.67","0","1.73","28.57","1.23","20","10.36","26.19","2.71","0.74","0","16.03","70.77","3.21","61.54","0.99","25","0.02","0","0","0","0.25","0.99","25","1.48","33.33","0.25","1.73","85.71"
"Ronivaldo","Austria 1.","Blau-Weiß Linz","CF, AMF","36","350000","","7","365","1","0","Brazil","right","173","3.21","1.97","37.5","7.89","59.38","0","2.75","0.99","0.25","0.17","0.25","0.74","33.33","33.333","0.25","0","0.49","100","3.7","40","1.48","0.74","0","23.42","54.74","6.41","38.46","1.23","20","0.02","0","0.74","33.33","0.25","2.71","54.55","1.73","57.14","1.23","2.96","50"
"N. Botić","Austria 1.","Austria Wien","CF, RWF","23","350000","","9","359","1","1","Australia","right","183","3.01","2.76","63.64","6.02","25","0","1.95","1.25","0.25","0.4","0","2.51","40","10","2.01","0","1.25","20","2.76","9.09","5.26","0.75","0.25","15.54","69.35","2.76","63.64","0.25","0","0.07","0","0","0","0.25","0.75","66.67","1.25","20","0.5","0.75","100"
"J. Hödl","Austria 1.","Sturm Graz","LCMF, RDMF, RW","18","0","","8","352","0","0","Austria","right","175","8.44","9.72","63.16","1.53","66.67","0","3.97","3.84","0","0.05","0","1.53","33.33","0","1.79","14.29","5.63","54.55","15.6","37.7","1.79","1.79","0.26","29.66","71.55","8.69","47.06","3.07","58.33","0","0","0","0","0","2.56","60","2.3","33.33","0.51","3.84","60"
"S. Kitano","Austria 1.","Salzburg","RAMF, RW, AMF","21","0","2029-06-30","7","351","2","1","Japan","right","172","5.13","3.85","66.67","1.54","33.33","0.26","4.69","2.05","0.51","0.21","0","1.79","57.14","28.571","0.77","66.67","1.54","33.33","6.67","38.46","2.56","0.51","0","37.44","76.03","12.05","51.06","2.31","33.33","0.08","0.26","0","0","0.77","4.87","73.68","2.05","62.5","1.03","6.15","50"
"J. Drew","Austria 1.","Hartberg","RW, CF","22","0","","5","351","2","0","Australia","right","176","2.82","3.33","46.15","1.79","14.29","0","1.15","1.79","0.51","0.33","0","1.54","50","33.333","1.54","16.67","2.56","30","5.13","15","1.79","0.77","0.51","11.03","62.79","2.56","40","0.51","50","0.07","0","0","0","0","1.54","50","1.79","42.86","0.77","1.79","85.71"
"Alemão","Austria 1.","LASK","LCB, RCB","22","0","","4","342","1","0","Brazil","right","194","8.16","5","78.95","5.79","63.64","1.05","6.89","0.79","0.26","0.19","0","1.58","50","16.667","0","0","0","0","1.32","80","2.11","0.79","0.26","61.32","90.56","23.68","83.33","3.68","42.86","0","0","0","0","0","4.74","77.78","0.26","100","0","8.16","64.52"
"V. Demaku","Austria 1.","Rheindorf Altach","RCMF, RDMF","25","500000","2027-06-30","4","334","0","1","Austria","right","180","5.39","3.77","57.14","1.89","57.14","0","3.85","1.08","0","0.07","0","0.81","100","0","0.27","0","0.81","33.33","2.43","33.33","0.81","0.27","0.27","36.38","82.96","11.59","72.09","3.77","50","0.04","0","0","0","0.81","5.12","63.16","1.08","50","0.54","6.74","76"
"E. Ofori Agyemang","Austria 1.","Wolfsberger AC","LCMF, RCMF","21","0","","8","322","0","0","Ghana","","0","6.43","4.75","64.71","1.68","33.33","0","3.95","0.84","0","0.11","0","1.4","0","0","2.24","25","2.8","10","6.71","16.67","1.4","2.8","0.84","37.17","85.71","6.99","76","3.91","57.14","0.02","0","0","0","0","6.15","68.18","1.68","33.33","0.28","3.91","64.29"
"H. Coulibaly","Austria 1.","Hartberg","LCB, LB","21","0","","5","321","0","0","Côte d'Ivoire","left","186","8.97","5.05","66.67","2.8","40","0.28","6.19","0.56","0","0","0","0","0","0","0.84","33.33","0.84","33.33","3.64","38.46","0","1.12","0","37.29","77.44","14.86","67.92","5.89","33.33","0.01","0","0","0","0","5.05","50","1.12","0","0","7.29","57.69"
"M. Fillafer","Austria 1.","Hartberg","RB, RWB","20","0","2026-06-30","6","319","1","0","Austria","","188","7.34","4.8","64.71","0.85","33.33","0","4.69","1.69","0.28","0.13","0","0.56","50","50","0.56","50","2.26","50","6.49","34.78","1.69","0.28","0","14.39","56.86","4.23","40","3.39","41.67","0.01","0","0","0","0","1.41","20","0.56","50","0.56","4.23","33.33"
"P. Kiedl","Austria 1.","Ried","CF, LWF","21","0","","7","317","2","0","Austria","unknown","0","3.97","5.68","30","11.07","38.46","0.57","2.96","1.7","0.57","0.58","0","1.99","71.43","28.571","0","0","0.57","50","7.38","3.85","3.12","0","0","13.34","53.19","3.97","50","1.14","50","0","0","0","0","0","3.12","36.36","0.28","0","0.57","2.56","44.44"
"F. Krätzig","Austria 1.","Salzburg","LB","22","2000000","2027-06-30","4","308","0","1","Germany","left","177","7.89","6.14","47.62","1.17","0","0","7.62","3.21","0","0.03","0","0.29","0","0","2.92","50","1.75","100","4.97","64.71","2.05","4.97","1.17","53.18","78.02","21.62","64.86","6.43","36.36","0.05","0.29","0","0","0.88","6.72","52.17","5.84","30","0.88","11.1","71.05"
"T. Plavotić","Austria 1.","Austria Wien","LCB","28","400000","","4","304","0","0","Austria","left","197","7.7","5.33","66.67","3.85","53.85","0.3","5.69","0.3","0","0.05","0","0.59","0","0","0.59","50","0.3","0","1.48","0","0.89","0.59","0","54.18","86.89","22.2","77.33","4.74","31.25","0","0","0","0","0","8.88","73.33","0","0","0","10.36","82.86"
"S. Weissman","Austria 1.","Blau-Weiß Linz","CF, AMF, LWF","29","1700000","","4","302","3","0","Israel","right","174","3.28","2.68","55.56","5.36","16.67","0.3","1.41","1.79","0.6","0.67","0","2.38","50","37.5","0","0","0.3","100","6.56","36.36","2.68","0.6","0","19.37","75.38","5.96","65","1.49","80","0.14","0.3","0.3","100","0.3","2.09","42.86","1.79","50","1.49","3.28","45.45"
"D. Fitz","Austria 1.","Austria Wien","AMF, LWF","26","2000000","2026-06-30","3","302","1","1","Austria","right","175","4.17","3.28","54.55","0.6","0","0","3.56","3.58","0.3","0.38","0","2.38","25","12.5","4.17","42.86","1.19","50","3.87","53.85","3.58","2.09","0","32.19","69.44","12.81","60.47","3.87","53.85","0.22","0","0.6","100","1.49","6.26","76.19","7.45","52","2.38","9.54","93.75"
"J. Schuster","Austria 1.","Salzburg","RCB, LCB","19","0","","4","302","0","0","Austria","right","190","8.34","3.28","72.73","6.85","52.17","2.09","10.96","0.3","0","0.05","0","0.6","0","0","0.3","0","0.6","50","2.38","37.5","0.89","2.98","0.3","63.48","90.61","26.23","85.23","2.98","70","0","0","0","0","0","7.15","83.33","0.3","0","0","9.24","83.87"
"Jemmes","Brazil 1.","Mirassol","LCB","25","0","","26","2636","2","0","Brazil","right","187","7.72","4.06","59.66","3.62","59.43","0.65","6.77","0.34","0.07","0.06","0","0.34","30","20","0","0","0.48","50","1.43","47.62","0.41","1.09","0.27","37.45","89.52","15.19","80","2.15","58.73","0","0","0","0","0","2.7","77.22","0.07","50","0.03","4.64","58.09"
"Lucas Arcanjo","Brazil 1.","Vitória","GK","27","1000000","2028-12-31","26","2609","0","0","Brazil","right","189","0.59","0.03","0","0.14","100","0","0.69","0","0","0","0","0","0","0","0","0","0","0","0.03","100","0","0","0","15.42","86.8","7.21","75.12","5.11","63.51","0","0","0","0","0","1.93","57.14","0.03","0","0","3.38","81.63"
"Cássio","Brazil 1.","Cruzeiro","GK","38","400000","2027-05-31","26","2606","0","0","Brazil","right","196","1.21","0.14","75","0.14","100","0","1.47","0","0","0","0","0","0","0","0","0","0","0","0.03","100","0","0","0","10.12","82.25","5.21","69.54","3.76","59.63","0","0","0","0","0","1","41.38","0","0","0","2.62","67.11"
"Léo Jardim","Brazil 1.","Vasco da Gama","GK","30","5500000","2030-12-31","26","2602","0","0","Brazil","right","188","1.11","0","0","0.38","81.82","0","1.62","0","0","0","0","0","0","0","0","0","0","0","0.1","100","0","0","0","19.47","88.28","7.89","74.56","5.02","58.62","0","0","0","0","0","0.62","22.22","0.03","0","0","3.74","60.19"
"Gabriel Brazão","Brazil 1.","Santos","GK","25","0","","26","2574","0","0","Brazil","right","192","1.05","0.1","66.67","0.35","100","0.03","1.28","0","0","0","0","0","0","0","0","0","0","0","0.14","100","0","0","0","13.01","83.33","6.5","69.35","5.28","61.59","0","0","0","0","0","1.12","40.63","0.03","0","0","3.71","67.92"
"Agustín Rossi","Brazil 1.","Flamengo","GK","30","7000000","2027-12-31","26","2553","0","0","Argentina","right","193","0.95","0","0","0.46","76.92","0","1.49","0.04","0","0","0","0","0","0","0","0","0.04","100","0.14","100","0","0","0","22.07","89.14","9.55","77.86","5.85","66.27","0","0","0","0","0","1.37","35.9","0.07","0","0","4.12","71.79"
"Rafael","Brazil 1.","São Paulo","GK","36","800000","2027-12-31","25","2541","0","0","Brazil","left","192","0.89","0.11","66.67","0.43","91.67","0","1.09","0","0","0","0","0","0","0","0","0","0","0","0.04","0","0","0","0.04","13.32","85.37","7.19","73.89","5.84","67.27","0","0","0","0","0","0.99","53.57","0.04","100","0.04","4.57","76.74"
"Fábio","Brazil 1.","Fluminense","GK","45","200000","2025-12-31","25","2519","0","0","Brazil","right","190","1.25","0.07","100","0.18","80","0","1.63","0","0","0","0","0","0","0","0","0","0","0","0.11","100","0","0","0","12.58","88.92","6.61","80","4.72","72.73","0","0","0","0","0","0.25","42.86","0","0","0","3.61","78.22"
"Danielzinho","Brazil 1.","Mirassol","RCMF, RDMF","30","300000","2025-12-30","25","2510","0","1","Brazil","right","167","6.31","5.27","57.14","2.12","38.98","0.39","3.96","0.68","0","0.04","0","0.82","21.74","0","0.9","16","0.61","52.94","5.16","40.97","0.82","1.15","0.11","49.55","86.32","15.56","76.27","3.26","51.65","0.09","0.04","0.18","20","0.22","7.53","82.86","2.44","45.59","0.93","7.03","76.53"
"Fabricio Bruno","Brazil 1.","Cruzeiro","RCB","29","0","2030-12-31","25","2506","2","0","Brazil","right","192","7.65","3.91","71.56","3.41","69.47","0.61","6.27","0.36","0.07","0.04","0.07","0.32","44.44","22.222","0.11","100","0.11","66.67","0.9","48","0.36","0.43","0","38.64","86.06","17.2","76.2","6.46","56.67","0.01","0","0.04","100","0.04","4.63","68.99","0.5","57.14","0.18","7.69","66.36"
"Willian Machado","Brazil 1.","Ceará","LCB","28","100000","","25","2503","0","0","Brazil","left","186","7.34","3.13","68.97","4.28","79.83","0.47","6.01","0.29","0","0.04","0","0.43","50","0","0.07","0","0.11","66.67","0.58","56.25","0.58","0.43","0","31.86","85.67","12.51","69.54","5.65","62.42","0.01","0","0","0","0.04","3.52","68.37","0.43","16.67","0.11","5.65","64.97"
"Lucas Halter","Brazil 1.","Vitória","RCB, LCB","25","3000000","2027-12-31","25","2482","3","0","Brazil","right","188","7.14","3.15","70.11","3.01","60.24","1.05","5.51","0.29","0.11","0.06","0.07","0.44","41.67","25","0.11","0","0.11","100","0.54","46.67","0.69","0.62","0.04","41.27","89.72","17.3","79.87","4.13","42.98","0","0.04","0","0","0","4.82","77.44","0.47","7.69","0.15","7.69","69.81"
"Reinaldo","Brazil 1.","Mirassol","LB","36","500000","","25","2454","9","3","Brazil","left","178","6.45","5.21","61.97","1.43","30.77","0.11","4.27","2.75","0.18","0.24","0.04","1.47","47.5","22.5","3.23","28.41","1.76","62.5","4.07","52.25","1.1","1.54","0.29","37.85","74.52","18.96","70.79","4.4","47.5","0.19","0.04","0.07","50","0.4","6.75","66.85","3.41","34.41","0.4","11.19","73.44"
"Kaiki","Brazil 1.","Cruzeiro","LB","22","0","","25","2443","1","4","Brazil","left","172","9.62","8.1","66.82","2.87","47.44","0.33","5.25","2.47","0.04","0.08","0","0.96","30.77","3.846","2.62","22.54","2.65","59.72","6.59","45.25","1.66","1.58","0.29","27.45","74.9","9.69","64.26","2.73","40.54","0.06","0","0.07","0","0.44","3.13","57.65","2.25","39.34","0.55","5.53","67.33"
"Tiago Volpi","Brazil 1.","Grêmio","GK","34","1500000","","24","2439","2","0","Brazil","right","189","1.07","0.11","33.33","0.37","90","0","1.25","0.11","0","0.06","0","0.07","100","100","0","0","0.04","100","0.11","100","0","0","0.04","16.83","83.77","9.82","74.44","8.12","68.18","0","0","0","0","0","1.85","52","0.11","66.67","0.04","5.68","78.57"
"Cleiton","Brazil 1.","Red Bull Bragantino","GK","28","4000000","2027-12-31","24","2415","0","0","Brazil","right","190","1.19","0.04","0","0.6","87.5","0","1.54","0","0","0","0","0","0","0","0","0","0","0","0.07","100","0","0","0","19.08","86.72","8.12","74.31","5.44","60.96","0","0","0","0","0","1.16","48.39","0.15","0","0","3.5","63.83"
"S. Ramos Mingo","Brazil 1.","Bahia","LCB","23","2500000","2026-12-31","24","2414","0","0","Argentina","left","186","6.34","2.98","66.25","4.4","53.39","0.89","5.83","0.07","0","0.02","0","0.22","0","0","0.11","33.33","0.15","25","1.04","53.57","0.34","1.45","0.22","46.23","89.68","21.25","84.04","4.03","50.93","0.02","0","0.04","0","0.11","6","83.23","0.37","30","0.11","8.8","70.34"
"Weverton","Brazil 1.","Palmeiras","GK","37","2000000","2026-12-31","24","2405","0","0","Brazil","right","189","0.9","0.04","0","0.22","100","0","1.3","0.04","0","0","0","0","0","0","0","0","0.04","100","0.22","100","0","0","0.04","18.75","78.04","11.08","63.51","8.27","51.13","0","0","0","0","0.04","3.29","45.45","0.3","12.5","0.07","5.91","70.89"
"Jádson","Brazil 1.","Juventude","RCMF","32","1000000","2026-12-31","24","2392","0","0","Brazil","right","171","7.26","5.72","57.89","0.68","27.78","0.38","3.84","0.94","0","0.03","0","0.45","25","0","0.87","34.78","0.87","60.87","3.91","48.08","0.3","0.38","0.11","33.52","82.94","11.48","71.48","3.54","50","0.01","0.08","0.08","0","0.11","5.68","70.86","1.24","57.58","0.34","5.64","68.67"
"Dieguinho","Brazil 1.","Ceará","LDMF, LCMF","30","1000000","","25","2365","0","2","Brazil","right","175","8.56","5.4","68.31","1.79","55.32","0.38","5.25","1.52","0","0.01","0","0.42","27.27","0","0.38","60","1.6","71.43","6.47","58.82","0.04","1.22","0.04","30.1","85.59","8.83","73.28","3.12","64.63","0.04","0.08","0.08","50","0.19","4.76","75.2","1.07","60.71","0.42","4.76","68"
"Pedro Henrique","Brazil 1.","Red Bull Bragantino","RCB","30","3500000","2026-12-31","24","2358","1","1","Brazil","right","188","7.48","4.39","60","4.58","60.83","0.65","6.24","0.27","0.04","0.05","0.04","0.42","27.27","9.091","0.27","42.86","0.04","100","0.69","61.11","0.5","1.18","0.11","40.31","84.47","15.92","72.9","8.97","59.15","0.01","0.04","0.04","0","0.15","6.11","63.75","1.3","41.18","0.42","9.08","72.27"
"Éverson","Brazil 1.","Atlético Mineiro","GK","35","1800000","2027-12-31","23","2354","0","0","Brazil","right","192","1.3","0.04","0","0.57","100","0","2.01","0","0","0","0","0","0","0","0","0","0","0","0.08","100","0","0","0","26.38","85.51","16.78","79.5","11.74","70.36","0","0","0","0","0","1.64","53.49","0.04","0","0","8.95","74.36"
"Luciano Juba","Brazil 1.","Bahia","LB","26","2500000","2027-12-31","25","2346","5","2","Brazil","left","176","7.1","4.07","61.32","1.46","57.89","0.04","6.69","2.07","0.19","0.04","0","0.84","36.36","22.727","2.23","46.55","1.04","59.26","2.3","45","1.19","1.04","0.27","45.5","85.33","13.93","74.38","3.34","49.43","0.1","0.04","0.23","50","0.27","5.45","74.65","2.69","61.43","0.81","7.63","74.37"
"A. Galeano","Brazil 1.","Ceará","RAMF, RW","25","1000000","2025-12-31","26","2341","5","3","Paraguay","right","170","4.88","4.15","60.19","3.08","40","0.08","2.38","2.23","0.19","0.15","0.08","1.27","42.42","15.152","2.15","28.57","1.92","52","6.11","42.77","1.88","1.81","0.54","24.49","75.67","5.27","61.31","2.08","46.3","0.05","0.04","0.08","100","0.35","1.77","69.57","1.92","40","0.42","3.73","55.67"
"Vitinho","Brazil 1.","Botafogo","RB","26","5000000","2029-12-31","27","2290","1","1","Brazil","right","175","8.29","6.17","64.97","1.3","30.3","0.35","5.23","1.93","0.04","0.05","0","0.47","25","8.333","3.81","35.05","1.18","40","3.97","37.62","2.2","1.45","0.47","34.07","80.28","9.94","77.08","2.63","67.16","0.11","0","0","0","0.51","3.3","86.9","2.79","53.52","0.63","6.05","77.92"
"L. Villalba","Brazil 1.","Cruzeiro","LCB","31","2000000","2025-12-31","23","2289","1","0","Argentina","left","177","7.79","3.81","80.41","3.77","47.92","0.67","6.17","0.55","0.04","0.09","0","0.55","28.57","7.143","0.39","40","0.39","50","1.57","62.5","0.55","1.61","0","44.47","81.61","21","67.98","9.48","46.47","0.01","0.04","0.04","100","0.04","6.96","61.58","0.87","31.82","0.12","10.26","66.28"
"Pedro Raul","Brazil 1.","Ceará","CF","28","3000000","2028-12-31","24","2284","7","1","Brazil","right","193","2.25","2.17","50.91","8.98","34.65","0.08","1.41","1.65","0.24","0.34","0.08","2.4","42.62","11.475","0.28","14.29","1.1","50","8.71","30.32","3.9","0.47","0.04","13.24","72.62","3.31","50","0.43","45.45","0.07","0.04","0.04","100","0.24","1.54","53.85","0.28","71.43","0.51","1.38","51.43"
"Léo Ortiz","Brazil 1.","Flamengo","RCB, LCB","29","0","","24","2277","1","2","Brazil","right","185","5.57","2.73","68.12","3.56","60","0.47","5.42","0.67","0.04","0.09","0.04","0.59","40","6.667","0.16","75","0.36","88.89","1.07","51.85","0.83","1.82","0.08","67.94","91.33","28.42","84.14","6.8","63.37","0","0.04","0.04","0","0.08","9.76","78.14","0.83","42.86","0.32","11.78","82.21"
"Hugo Moura","Brazil 1.","Vasco da Gama","LDMF, RCB, LCMF","27","1500000","2026-06-30","25","2266","0","1","Brazil","right","182","7.03","6.28","56.96","1.23","70.97","0.4","4.65","0.75","0","0.05","0","0.52","46.15","0","0.32","75","0.48","58.33","1.79","46.67","0.36","0.95","0.16","53.98","93.01","16.52","85.82","3.34","63.1","0.03","0","0","0","0.08","5.6","87.94","0.64","62.5","0.2","6.24","71.97"
"Hugo Souza","Brazil 1.","Corinthians","GK","26","1500000","2025-12-31","22","2248","0","0","Brazil","right","199","0.96","0","0","0.24","100","0","1.44","0","0","0","0","0","0","0","0","0","0","0","0.08","50","0","0.04","0","18.5","85.71","8.37","74.64","6.57","62.8","0","0","0","0","0.04","1.68","47.62","0.2","0","0","4.16","71.15"
"Lucas Ramon","Brazil 1.","Mirassol","RB","31","250000","","24","2248","3","1","Brazil","right","178","10.37","6.81","61.76","3.56","52.81","0.28","8.07","3.2","0.12","0.09","0.08","0.84","42.86","14.286","4.2","40.95","1.52","71.05","4.64","45.69","1.48","1.68","0.32","34.79","73.76","13.09","66.97","4.24","50.94","0.11","0.04","0.08","50","0.6","3.68","63.04","3.24","44.44","0.36","7.41","64.86"
"L. Romero","Brazil 1.","Cruzeiro","RDMF, RCMF","31","3200000","2027-12-31","24","2238","1","2","Argentina","right","170","8.85","6.68","62.05","1.93","47.92","0.2","4.76","0.97","0.04","0.02","0","0.6","20","6.667","0.84","14.29","0.88","63.64","3.82","53.68","0.36","1.01","0.12","40.46","82.11","15.44","70.83","5.35","50.38","0.03","0.08","0.16","100","0.24","6.47","70.81","1.57","33.33","0.24","6.19","74.68"
"Rayan","Brazil 1.","Vasco da Gama","RAMF, RW, CF","19","0","","25","2238","9","2","Brazil","left","185","3.9","3.26","55.56","3.1","48.05","0.08","3.04","3.1","0.28","0.3","0.08","2.77","37.68","13.043","1.77","25","3.18","49.37","7.24","45.56","2.73","2.25","0.4","20.15","81.24","4.02","75","0.72","55.56","0.06","0.08","0.08","50","0.28","2.25","80.36","1.69","54.76","0.6","2.33","81.03"
"Marlon Freitas","Brazil 1.","Botafogo","LDMF, LCMF, RDMF","30","3500000","2026-12-31","25","2235","1","3","Brazil","right","185","6.4","4.55","56.64","1.05","42.31","0.36","4.95","0.56","0.04","0.03","0","0.56","42.86","7.143","0.32","62.5","0.12","33.33","0.72","38.89","0.44","1.05","0.12","59.96","91.2","14.58","77.35","7.85","69.74","0.09","0.08","0.28","28.57","0.28","10.27","80.39","2.34","60.34","1.25","7.77","82.38"
"João Victor","Brazil 1.","Mirassol","RCB","28","250000","2026-12-31","22","2234","1","1","Brazil","right","188","7.09","2.58","62.5","3.5","59.77","1.17","7.09","0.2","0.04","0.06","0","0.32","25","12.5","0.16","25","0.08","100","0.89","54.55","0.4","0.44","0","39.24","92.09","14.02","84.2","3.22","67.5","0.03","0","0","0","0.04","2.66","80.3","0.24","0","0.08","5.56","71.01"
"G. Rodríguez","Brazil 1.","Red Bull Bragantino","LCB","25","1500000","2026-07-31","22","2226","1","0","Uruguay","right","185","6.79","4.12","69.61","2.95","58.9","0.69","4.97","0.16","0.04","0.02","0.04","0.32","37.5","12.5","0.16","25","0","0","1.05","26.92","0.28","0.57","0.04","41.2","88.22","16.94","77.8","5.74","59.86","0","0","0","0","0","4.29","67.92","0.32","37.5","0.2","8.05","68.84"
"Lucas Silva","Brazil 1.","Cruzeiro","LDMF, LCMF","32","800000","2027-12-31","25","2209","2","2","Brazil","right","181","6.11","5.58","61.31","1.63","37.5","0.2","3.33","0.94","0.08","0.03","0","0.69","29.41","11.765","0.24","83.33","0.94","56.52","4.56","39.29","0.08","1.22","0.12","40.25","88.36","12.59","79.61","3.5","69.77","0.03","0.04","0.08","0","0.24","6.6","80.86","1.1","51.85","0.41","5.38","78.03"
"Braian Aguirre","Brazil 1.","Internacional","RB","25","2000000","2027-12-31","23","2189","1","0","Argentina","right","175","8.8","7.2","60.57","1.73","28.57","0.29","5.22","1.52","0.04","0.03","0","0.62","26.67","6.667","2.8","20.59","1.15","67.86","2.71","51.52","0.62","1.07","0.08","42.31","79.49","16.61","73.27","5.14","56.8","0.03","0.04","0.04","0","0.12","5.55","73.33","2.88","31.43","0.41","10.07","75.92"
"P. Vegetti","Brazil 1.","Vasco da Gama","CF","36","750000","2026-12-31","25","2189","12","1","Argentina","right","187","3.21","2.55","48.39","6.13","36.91","0.12","2.77","0.99","0.37","0.45","0.16","2.18","35.85","22.642","0.16","0","0.37","44.44","4.36","31.13","2.67","0.08","0","11.14","79.7","2.1","64.71","0.21","20","0.03","0","0.04","100","0.08","0.49","50","0.33","50","0.37","0.82","35"
"Matheus Pereira","Brazil 1.","Cruzeiro","AMF, CF","29","0","","25","2177","5","7","Brazil","left","175","4.38","4.22","53.92","1.41","38.24","0.04","2.45","4.13","0.21","0.14","0","2.15","42.31","9.615","3.97","31.25","2.89","61.43","9.34","57.96","2.36","2.27","0.21","38.45","76.99","12.15","72.45","2.32","46.43","0.19","0.17","0.33","62.5","0.66","5.99","70.34","5","52.07","1.94","6.53","85.44"
"Fabiano","Brazil 1.","Ceará","RB","25","3000000","2026-06-30","23","2177","0","1","Brazil","right","175","8.14","6.57","50.94","1.86","35.56","0.12","5.72","1.36","0","0.01","0","0.29","14.29","0","1.86","44.44","0.99","50","4.8","40.52","0.21","1.36","0.21","32.49","77.86","15.38","70.97","6.04","59.59","0.02","0","0.08","0","0.25","5.25","62.99","2.03","55.1","0.37","8.85","66.82"
"Jhon Jhon","Brazil 1.","Red Bull Bragantino","AMF, CF, LAMF","23","0","","24","2168","6","4","Brazil","right","178","3.94","3.78","50.55","1.45","25.71","0.08","2.47","3.53","0.21","0.13","0","1.29","41.94","19.355","1.45","42.86","4.11","54.55","10.38","43.2","1.29","2.66","0.21","31.88","79.04","10.21","66.26","4.36","58.1","0.22","0.08","0.46","27.27","0.71","6.27","64.9","3.36","55.56","1.49","6.56","82.28"
"Marlon","Brazil 1.","Grêmio","LB","28","5000000","2026-12-31","22","2163","0","2","Brazil","left","178","9.49","7.53","61.33","1.87","40","0.25","5.4","1.41","0","0.02","0","0.5","16.67","0","1.91","36.96","0.92","63.64","3.58","41.86","0.42","1.58","0.5","35.53","75.18","14.23","61.11","4.99","36.67","0.1","0","0.08","50","0.37","5.45","57.25","1.96","38.3","0.25","7.91","60"
"Léo Pereira","Brazil 1.","Flamengo","LCB","29","0","","23","2156","3","0","Brazil","left","189","6.18","3.38","54.32","2.92","55.71","0.5","6.49","0.33","0.13","0.08","0.08","0.54","46.15","23.077","0.33","12.5","0.13","33.33","0.67","37.5","0.92","1.25","0","70.46","94.49","19.74","86.89","4.8","64.35","0.01","0","0","0","0.08","7.72","82.7","0.63","40","0.29","7.76","76.88"
"Christian Rivera","Brazil 1.","Sport Recife","DMF, RDMF, LDMF","29","3000000","","23","2146","0","0","Colombia","right","185","8.89","8.09","60.62","1.47","45.71","0.13","4.24","0.5","0","0.01","0","0.17","0","0","0.13","66.67","0.59","71.43","4.24","34.65","0.42","0.42","0.17","41.27","91.57","10.4","83.87","2.98","66.2","0.04","0","0","0","0.04","5.75","78.83","0.59","57.14","0.29","5.03","78.33"
"Mandaca","Brazil 1.","Juventude","LW, LCMF","24","800000","2025-12-31","25","2132","2","0","Brazil","right","178","6.97","6.84","57.41","2.83","52.24","0.21","3.51","2.11","0.08","0.11","0.08","1.39","30.3","6.061","0.84","30","2.66","53.97","9.33","43.44","2.07","2.53","0.42","24.82","81.12","7.64","75.14","1.98","70.21","0.03","0.04","0.04","0","0.13","3.04","81.94","1.18","46.43","0.72","4.18","66.67"
"Kaio Jorge","Brazil 1.","Cruzeiro","CF","23","0","","25","2123","15","5","Brazil","right","182","2.63","2.5","47.46","4.28","27.72","0.13","1.71","2.93","0.64","0.48","0.08","2.93","44.93","21.739","0.89","23.81","2.8","46.97","8.27","35.38","4.75","1.7","0.42","14.29","78.34","2.46","63.79","0.55","84.62","0.1","0","0.13","66.67","0.42","0.59","50","1.06","52","0.93","0.89","61.9"
"Nuno Moreira","Brazil 1.","Vasco da Gama","LAMF, LW, CF","26","1000000","","27","2116","5","5","Portugal","right","175","4.98","4.3","56.44","1.23","41.38","0.13","3.47","3.02","0.21","0.09","0.09","1.15","48.15","18.519","2.76","27.69","2.81","59.09","8.08","40.53","2.13","1.57","0.51","37.17","82.27","9.31","74.89","2.38","53.57","0.19","0.26","0.13","33.33","0.38","4","80.85","2.93","44.93","1.02","5.02","77.12"
"J. Freytes","Brazil 1.","Fluminense","LCB","25","800000","2025-12-31","21","2114","0","0","Argentina","left","186","6.13","3.11","65.75","3.32","52.56","0.55","5.59","0.3","0","0.04","0","0.6","21.43","0","0.21","20","0.21","60","1.53","44.44","0.38","0.64","0.13","60.11","87.96","24.35","76.4","9.24","56.22","0","0","0","0","0","6.98","67.07","0.89","28.57","0.13","10.81","70.87"
"Matheuzinho","Brazil 1.","Corinthians","RB, RWB","25","5000000","2028-12-31","22","2106","2","2","Brazil","right","171","8.55","5.64","65.91","1.79","47.62","0.34","5.89","1.79","0.09","0.03","0","0.64","20","13.333","2.56","43.33","1.03","54.17","2.95","42.03","0.64","1.67","0.21","45.26","83.47","15.04","76.7","3.8","47.19","0.13","0.04","0","0","0.38","5.26","74.8","2.61","52.46","0.51","7.52","71.59"
"Wagner Leonardo","Brazil 1.","Grêmio","LCB, RCB","26","1500000","2028-12-31","23","2075","0","1","Brazil","left","186","6.59","3.6","68.67","4.16","58.33","0.56","4.64","0.26","0","0.06","0","0.22","80","0","0","0","0.09","100","0.65","53.33","0.35","0.56","0","37.87","89.35","14.05","80.56","5.86","66.67","0.03","0","0","0","0.04","3.21","74.32","0.26","50","0.17","7.24","67.07"
"Júnior Alonso","Brazil 1.","Atlético Mineiro","LCB","32","8000000","2025-12-31","22","2071","0","0","Paraguay","left","185","8.39","5.69","71.76","4.13","57.89","0.48","6.2","0.35","0","0.04","0","0.48","27.27","0","0.48","9.09","0.26","66.67","1","43.48","0.65","1.56","0.09","56.58","88.94","22.34","81.71","6.56","60.93","0","0","0","0","0.04","8.52","80.61","1","30.43","0.26","11.34","78.93"
"J. Piquerez","Brazil 1.","Palmeiras","LB, LWB","27","0","","23","2070","3","1","Uruguay","left","183","6.83","4.43","64.71","0.78","44.44","0.17","5.5","2.52","0.04","0.12","0","1.09","28","12","3.91","37.78","1.17","59.26","3.17","45.21","0.83","0.96","0.04","41.7","80.6","16.74","75.06","4.17","54.17","0.09","0.04","0.04","100","0.39","5.57","70.31","3.78","45.98","0.48","8.43","76.29"
"Paulo Henrique","Brazil 1.","Vasco da Gama","RB","29","1000000","2027-12-31","21","2058","1","4","Brazil","right","175","10.58","9.31","61.03","2.06","53.19","0.31","6.55","4.81","0.04","0.04","0","0.61","42.86","7.143","4.07","32.26","5.2","62.18","10.19","48.5","1.18","2.8","0.57","40.5","75.92","12.16","64.03","2.97","42.65","0.09","0.04","0.04","0","0.61","3.59","65.85","3.72","40","0.31","7.04","60.25"
"Alan Franco","Brazil 1.","Atlético Mineiro","RCMF, RDMF, DMF","27","3500000","2027-12-31","21","2050","0","0","Ecuador","right","174","5.84","5.62","60.16","1.54","42.86","0.26","3.45","0.04","0","0.02","0","0.13","0","0","0","0","0.13","33.33","1.1","36","0.13","0.31","0.04","39.47","91.32","11.15","80.71","1.76","60","0","0.04","0","0","0","5.88","87.31","0.44","30","0.22","5.27","73.33"
"Breno Bidon","Brazil 1.","Corinthians","AMF, LCMF, RCMF","20","0","","24","2044","1","1","Brazil","left","174","6.47","7.09","45.96","1.36","25.81","0.22","4.18","1.36","0.04","0.04","0","0.66","20","6.667","0.75","29.41","1.81","53.66","8.23","42.25","0.62","1.14","0.18","40.11","87.6","11.49","77.39","3.43","61.54","0.05","0","0.09","50","0.26","6.52","81.08","1.23","46.43","0.35","5.2","78.81"
"Vitão","Brazil 1.","Internacional","RCB, LCB","25","8000000","2026-12-31","20","2034","0","0","Brazil","right","185","5.66","3.45","56.41","2.7","59.02","0.49","4.74","0.18","0","0.02","0","0.22","20","0","0.09","50","0.13","66.67","0.35","62.5","0.27","0.84","0.04","45.88","91.03","15.09","79.18","5.75","56.92","0","0","0","0","0.04","5.75","70","0.75","17.65","0.18","6.37","78.47"
"Walter","Brazil 1.","Mirassol","GK","37","250000","","20","2021","0","0","Brazil","right","188","1.02","0","0","0.53","91.67","0","1.33","0.04","0","0","0","0","0","0","0","0","0.04","100","0.13","66.67","0","0","0","20.44","92.16","8.42","83.07","4.94","72.07","0","0","0","0","0","0.94","57.14","0.04","0","0","3.07","75.36"
"Gustavo Scarpa","Brazil 1.","Atlético Mineiro","AMF, RW, RAMF","31","8000000","2027-12-31","25","2017","1","2","Brazil","left","176","3.53","2.77","56.45","1.29","37.93","0.18","3.04","2.05","0.04","0.08","0","1.74","25.64","2.564","2.63","37.29","1.43","34.38","5.31","42.86","0.71","1.65","0.04","43.46","79.88","11.96","63.06","7.27","62.58","0.19","0","0.45","30","0.4","7.41","68.07","4.69","49.52","1.47","8.75","77.04"
"Jean Lucas","Brazil 1.","Bahia","LCMF, LDMF","27","0","","23","1994","3","1","Brazil","right","181","4.96","4.92","57.8","1.67","32.43","0.18","2.53","1.76","0.14","0.12","0","1.13","36","12","0.99","36.36","1.31","62.07","6.63","36.05","2.21","1.17","0.63","33.58","87.63","7.9","80.57","1.81","60","0.1","0.05","0.36","50","0.36","4.06","83.33","1.49","54.55","0.72","3.48","76.62"
"Natanael","Brazil 1.","Atlético Mineiro","RB","23","2000000","2025-12-31","25","1985","1","0","Brazil","right","172","9.02","8.3","71.04","2.58","43.86","0.18","4.15","1.09","0.05","0.02","0","0.68","33.33","6.667","2.04","22.22","1.27","32.14","3.49","31.17","1.18","0.54","0.05","30.33","81.46","9.88","73.85","2.13","38.3","0.05","0","0.09","0","0.14","3.13","71.01","1.59","28.57","0.23","4.67","67.96"
"Rony","Brazil 1.","Atlético Mineiro","CF, RAMF","30","9000000","2026-12-31","24","1982","3","1","Brazil","right","166","4.68","3.68","48.15","3.91","26.74","0.18","2.77","1.95","0.14","0.29","0.05","2.27","38","6","1.59","20","1.63","47.22","5.99","43.18","2.95","1.09","0.23","15.12","73.87","2.72","61.67","0.77","70.59","0.06","0","0","0","0.32","1.23","81.48","1.59","40","0.32","1.73","73.68"
"Gabriel","Brazil 1.","Red Bull Bragantino","LDMF, LCMF, DMF","33","1800000","2025-12-31","23","1960","1","0","Brazil","right","170","8.72","7.39","57.14","1.38","46.67","0.05","4.72","0.41","0.05","0.03","0","0.55","16.67","8.333","0.23","60","0.28","66.67","2.2","52.08","0.23","0.28","0.05","40.96","88.12","11.3","74.8","4.18","73.63","0.03","0","0.05","0","0.18","4.82","78.1","1.1","45.83","0.41","5.05","73.64"
"G. Gómez","Brazil 1.","Palmeiras","RCB, CB","32","7500000","2027-12-31","20","1958","1","1","Paraguay","right","185","8.78","6.3","75.18","5.06","54.55","0.46","5.19","0.51","0.05","0.05","0.05","0.32","28.57","14.286","0.6","61.54","0.18","25","0.64","28.57","0.55","0.51","0","37.97","84.99","14.98","69.02","7.35","51.88","0","0","0","0","0","5.98","58.46","1.06","39.13","0.14","6.53","75.35"
"Lucas Piton","Brazil 1.","Vasco da Gama","LB","24","7000000","2028-12-31","20","1947","1","5","Brazil","left","175","5.13","4.58","52.53","2.17","40.43","0","3.67","2.08","0.05","0.02","0.05","0.46","20","10","3.74","43.21","0.83","38.89","2.63","35.09","0.69","1.53","0.18","53.16","85.74","17.52","78.63","4.62","57","0.13","0.14","0.05","100","0.42","5.78","77.6","3.88","45.24","0.28","9.57","77.78"
"Marllon","Brazil 1.","Ceará","RCB","33","500000","2025-12-31","19","1938","2","0","Brazil","right","186","6.08","3.39","63.01","3.07","50","0.46","4.75","0.14","0.09","0.02","0.09","0.19","50","50","0.05","0","0.09","50","0.6","46.15","0.28","0.19","0","27.07","87.99","10.45","76.89","3.85","59.04","0","0","0","0","0","1.95","73.81","0.09","50","0.05","5.29","63.16"
"Zé Marcos","Brazil 1.","Vitória","LCB","27","600000","","20","1938","0","1","Brazil","left","188","6.97","3.25","64.29","4.09","54.55","0.51","5.33","0.28","0","0.05","0","0.19","0","0","0.14","0","0.33","85.71","1.39","53.33","0.42","0.84","0","39.75","82.71","16.53","69.94","5.9","37.8","0","0","0","0","0","4.88","56.19","0.46","10","0.09","8.13","62.29"
"Martinelli","Brazil 1.","Fluminense","LCMF, LDMF, RDMF","24","0","","22","1909","1","1","Brazil","right","177","7.35","5.56","56.78","1.84","56.41","0.42","5.21","1.37","0.05","0.08","0","0.42","33.33","11.111","0.38","25","1.27","77.78","5.19","46.36","0.75","0.8","0.05","45.68","89.78","12.49","78.87","3.35","64.79","0.06","0","0.24","60","0.28","6.46","76.64","1.46","45.16","0.52","5.09","80.56"
"Dodi","Brazil 1.","Grêmio","LDMF, RDMF, LCMF","29","700000","2026-12-31","23","1901","0","0","Brazil","right","169","8.29","6.34","61.19","1.14","45.83","0.33","4.18","0.66","0","0.01","0","0.28","16.67","0","0.09","100","0.71","73.33","3.5","60.81","0.09","0.66","0","25.23","87.99","8.38","76.84","1.28","48.15","0.02","0.05","0","0","0.09","3.17","82.09","0.24","80","0.05","3.31","57.14"
"Gonzalo Escobar","Brazil 1.","Santos","LB, RB","28","600000","2026-12-31","23","1883","0","0","Argentina","left","171","11.95","8.51","67.42","2.82","47.46","0.29","7.41","1.72","0","0.04","0","0.67","21.43","0","2.29","35.42","1.91","40","4.54","34.74","1","0.91","0.53","40.48","82.17","15.01","76.11","3.97","44.58","0.04","0","0","0","0.19","3.92","78.05","1.86","53.85","0.33","8.22","62.21"
"Bruno Ferreira","Brazil 1.","Ceará","GK","31","200000","","19","1873","0","0","Brazil","right","197","1.49","0","0","1.01","90.48","0","1.82","0","0","0","0","0","0","0","0","0","0","0","0.1","100","0","0","0","14.7","81.7","9.42","73.47","7.02","64.38","0","0","0","0","0","1.83","76.32","0.05","0","0","5.05","78.1"
"B. Rollheiser","Brazil 1.","Santos","CF, AMF, RAMF","25","10000000","2029-06-30","24","1865","1","2","Argentina","left","175","4.73","4.73","61.22","0.97","20","0","2.38","3.28","0.05","0.11","0","1.74","30.56","2.778","1.69","60","2.8","53.45","9.99","41.55","1.69","2.27","0.43","39.38","82.72","10.09","74.64","3.33","57.97","0.17","0","0.34","71.43","0.58","6.47","70.15","3.33","56.52","1.35","5.55","84.35"
"Giorgian de Arrascaeta","Brazil 1.","Flamengo","AMF, CF","31","15000000","2026-12-31","24","1862","14","9","Uruguay","right","172","3.14","3.09","57.81","1.5","51.61","0.05","1.87","3.43","0.63","0.27","0.1","2.51","34.62","26.923","2.85","25.42","3.24","53.73","9.14","44.97","3.48","2.08","0.58","41.52","81.49","8.65","69.83","2.66","54.55","0.3","0.15","0.15","66.67","1.06","3.82","70.89","4.16","51.16","1.79","4.79","86.87"
"Alexandro Bernabei","Brazil 1.","Internacional","LB","25","2000000","2027-05-31","19","1859","0","3","Argentina","left","169","10.26","9","62.37","1.65","41.18","0.24","6.03","3.63","0","0.02","0","1.11","17.39","0","4.7","43.3","2.42","58","6.39","39.39","1.98","1.89","0.24","47.11","78.42","16.51","70.67","4.79","46.46","0.14","0.05","0","0","0.63","5.66","65.81","4.12","49.41","0.68","9.39","73.71"
"Lucas Sasha","Brazil 1.","Fortaleza","RDMF, LCMF, RCMF","35","400000","2025-12-31","20","1854","1","0","Brazil","right","177","11.84","10.34","64.79","1.89","51.28","0.19","6","0.44","0.05","0.02","0","0.53","27.27","9.091","0.63","15.38","0.39","50","2.43","44","0.73","0.92","0","38.69","88.83","10.53","82.95","2.38","75.51","0.01","0.05","0","0","0.19","5.63","87.07","0.58","58.33","0.34","5.19","79.44"
"Neto Moura","Brazil 1.","Mirassol","DMF, LDMF, RDMF","29","800000","2025-12-31","23","1847","0","0","Brazil","right","177","10.23","6.82","62.14","1.75","66.67","0.34","6.1","0.24","0","0.01","0","0.39","0","0","0.15","33.33","0.19","75","1.46","43.33","0.05","0.19","0","51.7","86.8","19.73","79.26","5.12","61.9","0.02","0.05","0.15","33.33","0","9.6","75.13","1.22","48","0.63","9.31","76.44"
"Hulk","Brazil 1.","Atlético Mineiro","CF, AMF","39","1800000","2026-12-31","20","1844","4","3","Brazil","left","180","2.54","2.78","52.63","2.25","21.74","0","1.74","3.42","0.15","0.2","0","2.64","33.33","7.407","1.81","40.54","3.81","46.15","12.15","38.55","2.2","1.07","0.1","19.52","75.5","3.9","60","1.12","52.17","0.11","0","0.2","25","0.39","2.05","54.76","2.34","37.5","0.49","1.9","87.18"
"Alan Patrick","Brazil 1.","Internacional","AMF, CF","34","4000000","2026-12-31","20","1837","9","5","Brazil","right","177","4.31","4.12","63.1","1.42","20.69","0.05","2.21","2.3","0.2","0.38","0","1.57","46.88","28.125","1.03","19.05","2.3","42.55","8.48","35.84","2.16","1.91","0.1","37.82","85.36","11.61","75.53","1.91","64.1","0.43","0","0.59","66.67","0.69","5.83","81.51","2.79","61.4","1.62","4.51","77.17"
"Alisson","Brazil 1.","São Paulo","RDMF, RCMF, DMF","32","2000000","","22","1834","0","0","Brazil","right","174","6.23","4.61","57.45","1.86","36.84","0.39","4.3","0.98","0","0.05","0","0.64","46.15","0","0.88","38.89","0.49","60","3.09","57.14","0.39","1.32","0.05","49.56","89.5","13.05","74.06","4.51","65.22","0.03","0","0.05","100","0.1","7.02","83.92","1.82","59.46","0.59","6.38","83.85"
"Cédric Soares","Brazil 1.","São Paulo","RWB, RB","34","2000000","","22","1831","0","2","Germany","right","171","7.18","5.85","70.59","1.67","32.35","0.29","3.56","1.92","0","0.02","0","0.1","0","0","3.64","32.43","1.57","46.88","3.74","34.21","0.98","0.93","0","38.39","75.03","13.52","61.09","5.9","41.67","0.12","0","0","0","0.49","4.82","56.12","3.1","39.68","0.59","8.5","70.52"
"David Duarte","Brazil 1.","Bahia","RCB","30","1000000","","18","1823","0","0","Brazil","right","193","7.11","3.75","61.84","4.1","67.47","0.64","6.83","0.25","0","0.05","0","0.39","25","0","0","0","0.15","100","0.64","61.54","0.54","1.33","0","47.44","90.43","18.46","80.21","4.94","52","0.01","0","0.05","0","0.05","4.54","76.09","0.15","66.67","0.15","7.41","66.67"
"Wanderson","Brazil 1.","Cruzeiro","LAMF, LW","31","8000000","","24","1817","0","2","Brazil","right","176","4.36","4.46","58.89","1.44","20.69","0.1","2.28","3.96","0","0.08","0","1.54","29.03","0","2.28","47.83","4.11","56.63","9.26","42.25","1.83","1.88","0.4","19.91","77.61","5.25","65.09","0.89","33.33","0.12","0.25","0.1","100","0.69","1.44","79.31","2.67","59.26","0.99","3.86","70.51"
"B. Kuščević","Brazil 1.","Fortaleza","RCB","29","1000000","","19","1803","1","0","Chile","right","186","7.64","5.64","65.49","3.84","55.84","0.6","4.62","0.15","0.05","0.06","0.05","0.3","33.33","16.667","0.05","0","0.1","50","0.65","30.77","0.4","0.35","0","34.84","86.39","12.88","74.42","4.14","43.37","0","0","0.05","0","0","4.09","60.98","0.35","14.29","0.15","5.44","66.06"
"André Ramalho","Brazil 1.","Corinthians","RCB","33","2500000","2026-12-31","18","1803","0","0","Brazil","right","182","7.14","4.19","67.86","3.49","57.14","0.6","6.43","0.25","0","0.04","0","0.35","0","0","0.15","33.33","0.15","100","0.7","50","0.4","0.8","0.05","58.9","92.12","20.42","84.11","4.34","54.02","0.01","0.05","0.05","100","0","5.84","78.63","0.3","33.33","0.05","9.83","75.63"
"Philippe Coutinho","Brazil 1.","Vasco da Gama","AMF, CF","33","7500000","2026-06-30","21","1791","5","1","Brazil","right","172","2.96","3.17","55.56","0.85","29.41","0.1","1.81","3.12","0.25","0.24","0.05","2.46","38.78","10.204","1.61","31.25","3.62","43.06","9.35","35.48","1.76","3.12","0.25","48.59","87.28","14.42","81.53","2.81","62.5","0.15","0","0.25","40","0.3","7.44","84.46","3.02","45","0.95","6.73","84.33"
"Lucas Lima","Brazil 1.","Sport Recife","AMF, RW, CF","35","600000","","21","1788","3","3","Brazil","left","176","4.48","4.93","63.27","0.5","20","0","1.47","3.07","0.1","0.15","0","1.11","45.45","13.636","2.72","48.15","2.11","52.38","7.95","40.51","1.96","1.46","0.25","39.41","80.33","13.34","72.08","5.13","62.75","0.22","0","0.25","60","0.55","6.19","73.98","3.93","65.38","1.76","7.95","83.54"
"A. Franco","Brazil 1.","São Paulo","LCB, CB","28","3000000","","20","1778","0","0","Argentina","right","183","8.35","5.11","64.36","3.14","50","0.46","6.75","0.25","0","0.03","0","0.1","0","0","0","0","0.4","62.5","1.87","40.54","0.3","0.46","0.1","48.75","88.06","21.26","78.81","5.16","51.96","0","0","0","0","0","2.78","63.64","0.15","33.33","0.15","7.14","58.87"
"Baralhas","Brazil 1.","Vitória","RCMF, RDMF, LCMF","26","1000000","2025-12-31","20","1770","1","0","Brazil","right","178","10.07","6.92","63.97","2.14","50","0.46","5.81","1.37","0.05","0.04","0","0.97","26.32","5.263","0.31","33.33","1.17","69.57","3.46","54.41","0.46","0.86","0.1","31.07","83.96","10.47","71.84","2.64","48.08","0.03","0.05","0.25","80","0.05","4.88","80.21","1.12","50","0.46","4.78","65.96"
"A. Giay","Brazil 1.","Palmeiras","RB, RCB","21","0","2030-12-31","21","1769","0","0","Argentina","right","180","9.56","8.75","60.47","2.24","59.09","0.2","5.16","1.12","0","0.02","0","0.25","0","0","1.63","21.88","1.42","53.57","4.07","55","0.36","1.32","0.25","38.77","82.41","14.5","72.98","3.92","46.75","0.03","0","0.1","0","0.2","4.93","72.16","1.58","35.48","0.36","7.17","71.63"
"Christian","Brazil 1.","Cruzeiro","RAMF, RW","24","0","","21","1747","3","2","Brazil","right","175","5.98","6.03","54.7","2.22","32.56","0.05","3.24","1.65","0.15","0.26","0","1.39","29.63","11.111","1.65","12.5","1.6","58.06","5.56","46.3","2.47","0.98","0","20.81","77.97","5.87","78.07","0.93","38.89","0.09","0.05","0.1","100","0.31","1.6","70.97","1.44","57.14","0.77","2.83","76.36"
"Éverton Ribeiro","Brazil 1.","Bahia","RCMF, AMF","36","2300000","2025-12-31","24","1732","2","2","Brazil","left","174","6.76","6.24","59.17","1.45","21.43","0.1","4.37","2.29","0.05","0.09","0","1.2","26.09","8.696","1.61","32.26","1.77","70.59","7.12","49.64","1.04","1.25","0.1","47.75","85.96","15.9","82.68","4.36","71.43","0.16","0.05","0.31","66.67","0.57","6.55","82.54","3.38","50.77","1.4","8.21","82.28"
"Eric Ramires","Brazil 1.","Red Bull Bragantino","RDMF, RCMF","25","4000000","2026-12-31","25","1730","2","1","Brazil","right","174","6.82","6.61","56.69","1.09","47.62","0.26","4.02","0.99","0.1","0.19","0","0.99","31.58","10.526","0.52","40","0.88","52.94","4.53","43.68","1.2","0.52","0.05","29.5","89.42","8.38","81.37","1.51","79.31","0.03","0.05","0.1","0","0.05","3.64","91.43","0.73","42.86","0.26","3.8","71.23"
"E. Díaz","Brazil 1.","São Paulo","LB, LWB","29","4000000","2026-12-31","23","1723","0","5","Argentina","left","167","11.8","9.66","67.57","3.24","38.71","0.21","5.61","1.78","0","0.01","0","0.47","11.11","0","3.34","37.5","0.78","60","5.33","44.12","1.25","1.46","0.37","38.86","80.91","15.2","78.01","3.55","55.88","0.2","0.05","0","0","0.52","6.37","77.05","2.61","42","0.52","8.2","78.98"
"Eduardo Sasha","Brazil 1.","Red Bull Bragantino","CF","33","1800000","2026-12-31","23","1718","5","2","Brazil","right","173","2.93","1.94","56.76","3.2","54.1","0.05","1.56","2.15","0.16","0.43","0","2.2","59.52","11.905","0.52","30","0.73","71.43","4.61","34.09","3.35","0.52","0.31","18.91","81.16","3.82","73.97","0.63","75","0.08","0.05","0.37","42.86","0.42","1.15","81.82","1.05","60","1.1","2.2","64.29"
"Guilherme","Brazil 1.","Santos","LAMF, LW","30","1000000","2026-12-31","20","1707","4","1","Brazil","left","180","5.75","3.32","68.25","3.48","62.12","0.05","4.45","4.32","0.21","0.2","0.11","2.11","35","10","2.85","33.33","4.06","62.34","10.49","45.73","3.9","3.06","0.26","30.47","79.24","6.7","71.65","1.63","67.74","0.11","0.05","0.16","66.67","0.26","2.69","68.63","2.79","56.6","1.21","5.22","72.73"
"John Victor","Brazil 1.","Botafogo","GK","29","1500000","2028-12-31","17","1704","0","0","Brazil","right","197","1.58","0.11","100","0.37","100","0","1.91","0","0","0","0","0","0","0","0","0","0","0","0.05","100","0","0","0","25.25","88.7","11.94","79.65","6.71","62.99","0","0","0","0","0","1.21","43.48","0.16","0","0","5.33","66.34"
"Luan Peres","Brazil 1.","Santos","LCB","31","1300000","2027-12-31","17","1703","0","0","Brazil","left","190","6.45","3.65","60.87","3.65","49.28","0.69","5.45","0.16","0","0.01","0","0.11","50","0","0.21","50","0.16","0","0.74","42.86","0.11","1.22","0","43.81","89.63","19.08","79.78","5.39","52.94","0","0","0.05","0","0","4.54","68.6","0.48","11.11","0.05","6.18","74.36"
"Lucas Barbosa","Brazil 1.","Red Bull Bragantino","RAMF, LAMF, LW","24","2000000","2026-07-31","24","1701","2","2","Brazil","left","194","8.15","6.35","51.67","3.44","50.77","0.05","6.08","2.38","0.11","0.25","0","1.8","35.29","5.882","2.12","22.5","2.38","51.11","7.88","38.93","3.39","1.16","0.26","23.07","69.04","6.46","55.74","2.06","53.85","0.05","0.05","0.11","50","0.48","2.38","62.22","2.12","37.5","0.58","2.86","62.96"
"Renato Kayzer","Brazil 1.","Vitória","CF","29","1000000","2025-12-31","20","1695","7","0","Brazil","right","178","4.51","3.5","59.09","5.63","16.98","0.05","2.9","1.33","0.37","0.32","0.05","1.59","46.67","23.333","0.37","0","1.49","35.71","6.96","29.01","2.55","0.74","0.05","13.81","75.77","3.35","60.32","0.8","46.67","0.02","0","0.11","50","0.16","1.01","63.16","0.58","27.27","0.64","1.7","37.5"
"Sabino","Brazil 1.","São Paulo","LCB","28","1000000","2026-12-31","21","1693","1","0","Brazil","left","185","9.62","5.21","71.43","4.47","58.33","0.37","7.85","0.64","0.05","0.08","0","0.53","40","10","0.21","25","0.53","70","2.07","41.03","0.64","1.81","0.05","45.35","86.17","20.89","78.63","6.27","55.08","0.01","0.11","0.05","0","0","7.34","73.91","0.64","41.67","0.16","9.73","73.77"
"Alexander Barboza","Brazil 1.","Botafogo","LCB, RCB","30","2500000","2026-12-31","17","1688","0","0","Argentina","left","193","9.01","5.6","60.95","4.8","64.44","0.48","6.59","0.27","0","0.05","0","0.53","20","0","0.16","33.33","0.32","33.33","1.17","27.27","0.64","0.96","0","53.96","84.39","24.05","72.28","8.53","48.75","0","0.05","0.05","0","0","8.42","66.46","0.37","42.86","0.05","10.56","72.73"
"Raniele","Brazil 1.","Corinthians","DMF, RCMF, LCB","28","3500000","","22","1688","0","1","Brazil","right","184","7.89","5.65","57.55","3.09","53.45","0.69","5.95","1.28","0","0.07","0","0.48","44.44","0","0.27","40","1.39","69.23","4.48","57.14","0.69","0.69","0.21","31.03","84.54","10.77","73.76","2.29","53.49","0.03","0","0","0","0.27","3.25","73.77","0.69","38.46","0.16","5.44","63.73"
"Ronald","Brazil 1.","Vitória","LCMF, RCMF, LDMF","28","800000","","23","1671","0","3","Brazil","right","171","7.27","6.84","63.78","1.24","26.09","0.11","3.3","1.67","0","0.02","0","0.65","50","0","0.81","26.67","2.05","55.26","8.99","39.52","0.75","1.35","0.43","32.26","85.31","8.24","69.93","2.37","59.09","0.12","0","0","0","0.27","4.79","78.65","1.51","50","0.54","3.88","66.67"
"Jefferson Savarino","Brazil 1.","Botafogo","AMF, CF","28","5000000","2028-12-31","20","1663","4","2","Venezuela","right","168","2.06","2.65","55.1","0.54","30","0","0.79","2.98","0.22","0.18","0","2.22","36.59","9.756","2.16","40","1.84","58.82","4.44","37.8","2.44","1.24","0.22","32.63","83.58","6.71","69.35","2.76","64.71","0.15","0.05","0.43","50","0.65","4.44","75.61","2.6","58.33","0.92","4","81.08"
"Matheus Bahia","Brazil 1.","Ceará","LB","26","1200000","2025-12-31","17","1663","0","1","Brazil","left","181","6.71","5.25","50.52","0.97","38.89","0.16","4.3","2.6","0","0.01","0","0.38","28.57","0","2.87","45.28","2.06","57.89","4.38","50.62","0.7","2.22","0.32","32.15","77.27","13.26","67.76","3.36","56.45","0.06","0.05","0.05","0","0.32","3.57","69.7","2.81","50","0.16","7.47","65.94"
"William","Brazil 1.","Cruzeiro","RB","30","3000000","2026-12-31","20","1637","0","3","Brazil","right","171","10.5","9.24","53.57","1.87","41.18","0.16","6.71","3.08","0","0.06","0","0.93","23.53","0","4.51","37.8","1.92","51.43","5.5","33","1.48","1.48","0.05","40.68","72.84","15.28","66.19","6.1","49.55","0.17","0.11","0.22","75","0.82","4.73","65.12","4.4","46.25","0.71","10.23","66.13"
"Vitor Roque","Brazil 1.","Palmeiras","CF","20","30000000","2031-06-30","24","1611","10","2","Brazil","right","174","3.24","3.13","46.43","3.02","16.67","0.11","2.67","5.08","0.5","0.48","0.11","2.57","52.17","21.739","1.01","44.44","5.59","58","15.08","42.59","4.08","2.12","0.39","12.51","77.68","1.73","64.52","0.34","66.67","0.09","0.06","0.06","100","0.56","0.73","92.31","1.56","57.14","1.28","1.01","94.44"
"Gilberto","Brazil 1.","Bahia","RB","32","3000000","2026-06-30","18","1605","1","0","Brazil","right","181","7.96","7.35","55.73","2.47","47.73","0.39","5.42","2.19","0.06","0.05","0.06","0.67","33.33","8.333","1.85","54.55","1.68","56.67","4.88","47.13","1.35","1.96","0.22","46.65","87.02","15.53","82.67","2.64","55.32","0.04","0.06","0.06","0","0.22","3.93","84.29","1.85","63.64","0.62","7.91","68.09"
"M. Braithwaite","Brazil 1.","Grêmio","CF","34","3200000","2027-12-31","18","1602","6","0","Denmark","right","177","2.87","2.92","57.69","3.48","33.87","0.06","1.34","1.63","0.11","0.4","0","1.85","48.48","18.182","0.51","44.44","1.24","40.91","6.57","34.19","3.31","0.51","0.06","13.99","81.93","2.7","68.75","0.84","60","0.03","0","0.11","0","0.11","1.4","72","0.56","80","0.39","1.29","69.57"
"Luciano","Brazil 1.","São Paulo","CF, AMF","32","2500000","2026-12-31","23","1596","6","3","Brazil","left","181","4.06","3.5","56.45","2.59","26.09","0.06","2.73","2.37","0.28","0.4","0","2.82","40","12","0.73","30.77","1.47","50","6.65","38.14","3.55","0.85","0.17","23.4","84.58","5.08","74.44","1.64","62.07","0.1","0.06","0.28","100","0.45","2.26","77.5","1.24","59.09","1.35","2.42","72.09"
"João Victor","Brazil 1.","Vasco da Gama","RCB","27","5000000","2028-12-31","16","1594","1","0","Brazil","right","187","8.98","5.08","72.22","3.73","66.67","0.62","7.38","0.4","0.06","0.09","0.06","0.56","40","10","0.23","25","0.45","25","1.24","40.91","0.73","0.73","0.11","53.92","90.68","20.89","81.08","3.67","40","0.01","0","0","0","0.06","6.44","78.07","0.28","40","0.17","8.07","73.43"
"N. Ferraresi","Brazil 1.","São Paulo","RCB, RB","26","3500000","","18","1591","0","3","Venezuela","right","190","10.63","7.92","68.57","3.39","61.67","0.28","6.17","1.19","0","0.01","0","0.28","20","0","1.07","42.11","0.85","80","2.55","57.78","0.62","2.15","0.17","45.82","86.54","21.61","79.58","4.75","51.19","0.09","0","0.11","0","0.34","7.81","78.26","1.81","40.63","0.57","9.33","78.18"
"Lyanco","Brazil 1.","Atlético Mineiro","RCB, CB","28","3000000","2028-12-31","16","1589","0","0","Brazil","right","187","9.35","5.95","65.71","3.51","59.68","0.57","7.5","0.74","0","0.04","0","0.62","27.27","0","0.11","0","0.85","66.67","2.95","59.62","0.4","0.96","0.17","46.05","89.18","16.71","75.93","5.49","49.48","0.01","0","0","0","0.11","7.36","70","1.02","27.78","0.34","6.91","72.95"
"D. Bobadilla","Brazil 1.","São Paulo","RCMF, LDMF","24","2500000","2027-12-31","22","1585","2","1","Paraguay","right","181","8.06","7.55","64.66","1.25","59.09","0.28","3.79","1.19","0.11","0.11","0","1.48","26.92","7.692","0.51","66.67","0.57","60","2.56","40","1.25","0.79","0.06","46.33","89.95","13.06","79.13","3.86","77.94","0.03","0.06","0.17","66.67","0.28","6.93","86.07","2.16","73.68","1.19","6.59","85.34"
"Lucas Freitas","Brazil 1.","Vasco da Gama","LCB","24","450000","","19","1585","1","0","Brazil","left","184","7.32","3.92","69.57","2.67","42.55","1.02","6.32","0.28","0.06","0.03","0","0.23","25","25","0.34","16.67","0.28","60","1.7","50","0.34","1.08","0","62.46","92.27","24.08","87.03","5.17","59.34","0","0","0","0","0","6.02","82.08","0.51","33.33","0.11","8.4","74.32"
"Anthoni","Brazil 1.","Internacional","GK","23","800000","2029-12-31","16","1575","0","0","Brazil","right","193","1.43","0.11","100","0.46","87.5","0","1.79","0","0","0","0","0","0","0","0","0","0","0","0.06","0","0","0","0","14.11","85.02","8.06","75.89","5.43","63.16","0","0","0","0","0","1.83","56.25","0.06","0","0","4.23","77.03"
"Á. Barreal","Brazil 1.","Santos","RW, RAMF, LAMF","25","5000000","2025-12-31","22","1566","6","0","Argentina","left","172","7.07","5.8","50.5","0.86","33.33","0.11","4.89","2.99","0.34","0.24","0","1.78","38.71","19.355","2.76","31.25","3.22","41.07","6.84","29.41","2.53","1.03","0.06","34.08","80.94","7.82","75","3.33","63.79","0.13","0.06","0.11","100","0.34","3.28","77.19","2.41","52.38","0.8","5.52","71.88"
"Tchê Tchê","Brazil 1.","Vasco da Gama","RDMF, RCMF, LCMF","33","1800000","2025-12-31","19","1566","1","0","Brazil","right","175","3.68","3.45","58.33","0.92","25","0","2.32","1.55","0.06","0.05","0","0.63","18.18","9.091","0.52","22.22","1.72","66.67","6.38","47.75","0.52","1.21","0.11","47.87","92.2","14.77","87.94","2.82","67.35","0.02","0","0.23","75","0.17","7.76","86.67","1.09","63.16","0.52","5.34","81.72"
"R. Arboleda","Brazil 1.","São Paulo","CB, RCB","33","1200000","2027-12-31","16","1553","3","0","Ecuador","right","187","7.77","3.54","77.05","4.58","65.82","0.81","6","0.23","0.17","0.09","0.17","0.58","40","30","0.06","0","0","0","0.64","45.45","0.75","0.23","0","44.04","91.32","14.14","79.92","4.69","53.09","0","0","0","0","0","2.96","70.59","0.12","0","0","5.51","62.11"
"Ronaldo","Brazil 1.","Bahia","GK","29","1200000","2026-12-31","16","1530","0","1","Brazil","right","194","1.18","0.06","100","0.71","91.67","0","1.52","0","0","0","0","0","0","0","0","0","0","0","0.06","100","0","0","0","22.35","82.89","10.71","67.58","7.59","54.26","0","0","0","0","0.06","1.35","39.13","0.06","0","0","4.88","62.65"
"João Schmidt","Brazil 1.","Santos","LDMF, LCMF, RCMF","32","1000000","2027-12-31","20","1529","0","0","Brazil","left","183","9.24","6.95","58.47","3.77","48.44","0.53","6.85","0.24","0","0.04","0","0.59","20","0","0.12","50","0.18","33.33","2.06","28.57","0.71","0.41","0","47.27","90.29","17.48","82.83","4.71","66.25","0.03","0","0","0","0.12","8.06","82.48","1.35","47.83","0.53","8.18","82.73"
"André Silva","Brazil 1.","São Paulo","CF","28","3500000","2027-12-31","20","1527","5","2","Brazil","left","181","3.89","2.77","61.7","5.19","34.09","0.12","2.88","1.18","0.24","0.31","0.06","1.94","30.3","15.152","0.88","20","0.71","41.67","7.01","23.53","3.6","0.41","0.06","14.68","73.09","2.36","52.5","0.77","61.54","0.06","0","0.24","50","0.12","0.88","66.67","1.12","42.11","0.71","1.18","55"
"Gabriel Taliari","Brazil 1.","Juventude","CF","28","600000","2026-12-31","23","1526","4","2","Brazil","right","177","4.42","4.84","46.34","3.89","27.27","0.29","2.17","1.3","0.24","0.16","0.06","1.83","35.48","12.903","0.53","22.22","1","47.06","6.66","36.28","2.65","1","0.24","11.85","69.65","3.07","50","1.06","50","0.01","0","0.18","33.33","0.24","2.01","47.06","0.29","40","0.35","1.42","66.67"
"G. Ávila","Brazil 1.","Fortaleza","LCB, LB","24","5000000","2028-06-30","16","1517","0","0","Argentina","left","182","8.25","6.47","65.14","3.56","50","0.47","4.78","0.65","0","0.03","0","0.71","33.33","0","0.95","25","0.18","33.33","1.72","41.38","0.42","0.77","0","39.57","80.66","17.15","69.2","9.97","53.57","0.01","0","0.18","66.67","0.06","7","51.69","1.78","40","0.47","8.72","80.27"
"Zé Lucas","Brazil 1.","Sport Recife","LDMF, LCMF, RDMF","17","0","","21","1517","0","0","Brazil","unknown","0","9.37","6.7","64.6","2.31","30.77","0.3","5.54","0.83","0","0.07","0","0.71","25","0","0.3","20","1.13","52.63","5.22","37.5","1.07","0.65","0.36","30.91","80.61","9.37","65.19","2.2","56.76","0.01","0","0.06","0","0.12","4.15","74.29","1.25","42.86","0.53","4.57","54.55"
"Renê","Brazil 1.","Fluminense","LB","33","900000","","16","1513","1","0","Brazil","left","174","9.28","5.83","68.37","2.5","59.52","0.18","6.03","1.19","0.06","0.02","0","0.3","20","20","1.73","37.93","0.71","58.33","3.09","48.08","0.83","2.02","0.36","46.58","81.61","18.44","73.23","4.7","56.96","0.05","0","0.12","50","0.42","4.64","69.23","2.02","52.94","0.71","8.57","63.19"
"Hércules","Brazil 1.","Fluminense","RCMF, RDMF, LDMF","24","0","","21","1507","3","0","Brazil","right","178","6.21","6.57","60.91","1.43","58.33","0.24","3.02","1.37","0.18","0.13","0.06","1.19","40","15","0.72","16.67","1.02","76.47","4.48","45.33","1.02","0.66","0.24","43.36","89.81","10.03","77.38","3.88","60","0.01","0","0.12","0","0.06","6.81","80.7","1.25","38.1","0.42","4.72","82.28"
"F. Torres","Brazil 1.","Palmeiras","RAMF, LWF, RW","25","0","","22","1501","4","3","Uruguay","left","177","3.42","3","56","2.16","30.56","0.18","2.45","3","0.24","0.15","0","1.44","41.67","16.667","2.52","33.33","2.82","53.19","7.02","43.59","2.46","2.04","0.3","31.54","83.65","7.67","79.69","1.56","61.54","0.22","0.06","0.06","100","0.66","3.06","72.55","2.34","53.85","1.14","3.96","75.76"
"Flaco López","Brazil 1.","Palmeiras","CF, AMF","24","0","2029-12-31","23","1484","9","1","Argentina","left","190","4.97","4.67","57.14","8.07","42.11","0.12","3.18","3.15","0.42","0.53","0.12","3.09","37.25","17.647","0.85","28.57","3.27","50","10.49","39.88","3.94","1.39","0.3","15.89","67.94","4.73","58.97","1.52","52","0.08","0.12","0.3","40","0.42","2.37","53.85","1.58","50","1.09","2.37","69.23"
"Samuel Xavier","Brazil 1.","Fluminense","RB","35","400000","2025-12-31","17","1481","3","1","Brazil","right","166","6.81","5.53","60.44","1.94","31.25","0.24","4.71","1.4","0.18","0.05","0","0.91","33.33","20","1.88","45.16","0.55","44.44","3.16","44.23","0.91","2.01","0.18","50.07","88.35","17.93","83.05","3.89","60.94","0.04","0","0.06","0","0.12","6.93","77.19","3.16","48.08","0.91","8.26","83.09"
"Matheus Bidu","Brazil 1.","Corinthians","LB, LWB","26","2000000","","18","1472","0","2","Brazil","left","172","6.97","4.22","65.22","1.77","51.72","0.12","6.06","2.75","0","0.02","0","0.55","33.33","0","3","38.78","2.02","69.7","8.44","53.62","1.65","2.14","0.49","44.39","80.85","16.02","71.37","3.42","44.64","0.11","0.06","0.06","0","0.67","5.14","67.86","2.63","46.51","0.67","9.72","72.33"
"J. Hurtado","Brazil 1.","Red Bull Bragantino","RB","23","1800000","2027-12-31","20","1470","1","0","Ecuador","right","178","8.94","6.92","63.72","2.82","50","0.31","5.88","1.84","0.06","0.02","0","0.61","20","10","2.82","34.78","1.29","57.14","3.43","42.86","0.86","2.14","0.12","36.18","80.03","13.53","71.49","3.73","47.54","0.1","0","0.12","0","0.43","4.84","78.48","2.45","42.5","0.31","8.2","71.64"
"Negueba","Brazil 1.","Mirassol","RWF, RAMF, RW","25","450000","2025-12-31","22","1469","3","3","Brazil","right","171","5.45","5.15","48.81","1.78","31.03","0.31","3.49","3.19","0.18","0.12","0","1.78","31.03","10.345","3.25","33.96","2.63","58.14","9.74","43.4","2.27","1.53","0.37","25.67","77.57","5.45","69.66","0.98","50","0.12","0","0","0","0.49","2.21","83.33","2.33","44.74","0.67","3.43","66.07"
"Chrystian Barletta","Brazil 1.","Sport Recife","LW, RAMF, LAMF","24","1200000","2028-12-31","25","1467","2","1","Brazil","left","178","5.52","4.85","62.03","1.6","38.46","0.06","3.1","4.66","0.12","0.23","0","2.58","42.86","4.762","3.25","18.87","5.89","50","11.96","43.08","3.87","3.68","0.55","24.66","70.4","5.64","64.13","0.8","46.15","0.1","0","0.18","0","0.43","2.15","71.43","2.52","48.78","0.74","3.13","76.47"
"E. Mancuso","Brazil 1.","Fortaleza","RB, LB","26","4000000","2028-08-10","18","1447","1","2","Argentina","right","171","8.58","8.02","66.67","1.62","46.15","0.06","3.75","1.74","0.06","0.12","0","1.12","27.78","5.556","2.43","30.77","1.43","47.83","5.1","36.59","1.24","1","0","32.84","82.2","11.88","75.39","3.92","53.97","0.07","0.12","0.06","0","0.44","3.86","69.35","2.05","39.39","0.44","6.47","77.88"
"E. Batalla","Brazil 1.","Juventude","RW, RWF, RAMF","24","900000","2025-12-31","22","1445","4","2","Colombia","left","171","4.42","4.36","58.57","1.56","20","0.12","2.05","3.61","0.25","0.11","0.06","1.43","52.17","17.391","2.68","34.88","3.67","52.54","10.4","41.92","2.12","1.62","0.19","19.99","73.52","3.92","63.49","1.43","52.17","0.06","0.06","0","0","0.31","2.12","67.65","2.12","50","0.31","2.87","73.91"
"W. Kannemann","Brazil 1.","Grêmio","LCB","34","800000","2027-12-31","15","1438","0","0","Argentina","left","183","8.76","5.07","64.2","3.19","72.55","0.94","6.2","0.38","0","0.04","0","0.19","33.33","0","0.06","0","0.56","55.56","1.75","32.14","0.25","0.31","0.13","31.48","88.07","12.96","79.23","4.57","60.27","0","0","0","0","0","3.13","72","0.5","12.5","0.06","6.57","75.24"
"Breno Lopes","Brazil 1.","Fortaleza","LAMF, LW, CF","29","1800000","","20","1437","4","0","Brazil","right","178","2.13","2.38","47.37","1.5","33.33","0","1.36","4.63","0.25","0.18","0","1.82","37.93","13.793","3.51","19.64","4.45","70.42","9.52","61.84","3.07","3.88","0.13","26.68","80.75","4.01","78.13","0.88","78.57","0.08","0.06","0.13","100","0.56","1.75","75","2.76","45.45","0.75","2.51","80"
"Cacá","Brazil 1.","Corinthians","LCB","26","2000000","","16","1429","2","0","Brazil","right","187","6.8","5.1","72.84","4.35","63.77","0.5","4.4","0.44","0.13","0.08","0.13","0.44","57.14","28.571","0","0","0.25","75","2.02","62.5","0.5","1.57","0","56.18","94.39","13.98","86.04","2.14","52.94","0","0","0","0","0","2.9","86.96","0","0","0","4.16","65.15"
"Thiago Silva","Brazil 1.","Fluminense","RCB, CB","41","1000000","2026-06-30","15","1427","0","0","Brazil","right","181","5.49","2.14","58.82","3.22","56.86","0.63","5.7","0.44","0","0.05","0","0.44","42.86","0","0.25","50","0.13","100","0.57","77.78","0.63","0.82","0","57.08","93.26","20.81","88.18","5.68","74.44","0","0","0","0","0.06","4.41","82.86","0.57","55.56","0.19","9.33","79.05"
"Gustavo Henrique","Brazil 1.","Corinthians","LCB, CB","32","1000000","","14","1426","1","0","Brazil","right","196","7.07","3.28","71.15","3.85","75.41","1.01","6.82","0.5","0.06","0.11","0.06","0.76","58.33","8.333","0.06","0","0.06","100","0.38","83.33","1.14","0.06","0","46.39","90.2","12.24","74.74","5.62","58.43","0","0","0","0","0","3.09","67.35","0.19","33.33","0.19","6.19","59.18"
"Gabriel","Brazil 1.","Sport Recife","GK","33","1000000","2026-12-31","14","1421","0","0","Brazil","right","194","1.39","0.13","100","0.63","90","0","1.68","0","0","0","0","0","0","0","0","0","0","0","0","0","0","0","0","15.52","78.37","8.42","61.65","6.27","48.48","0","0","0","0","0","2.66","35.71","0.38","0","0","3.93","67.74"
"Artur","Brazil 1.","Botafogo","RAMF, RW","27","11000000","2027-06-30","19","1421","2","2","Brazil","left","168","3.55","3.48","50.91","0.63","30","0","2.12","3.55","0.13","0.21","0","1.71","37.04","7.407","2.03","37.5","4.24","49.25","7.66","40.5","2.91","3.29","0.95","26.79","80.61","6.59","68.27","1.14","77.78","0.16","0","0.19","33.33","0.7","2.22","65.71","3.48","49.09","1.84","4.69","74.32"
"G. Cano","Brazil 1.","Fluminense","CF","37","1400000","2026-12-31","17","1406","6","0","Argentina","right","177","2.11","1.6","64","1.98","22.58","0.19","1.32","1.22","0.32","0.25","0.13","2.3","27.78","16.667","0.51","50","0.38","66.67","3.39","43.4","2.24","0","0","19.65","75.9","3.14","57.14","1.79","71.43","0.03","0","0.06","100","0.19","1.66","69.23","0.58","55.56","0.19","2.5","48.72"
"Fernando Sobral","Brazil 1.","Ceará","RDMF, RCMF","30","2000000","2026-12-31","24","1398","1","0","Brazil","right","178","7.92","7.53","51.28","2.45","47.37","0.19","4.45","1.16","0.06","0.02","0","0.71","9.09","9.091","1.42","50","0.9","42.86","3.35","40.38","0.45","0.77","0.13","36.82","82.34","14.29","75.23","5.47","68.24","0.02","0","0","0","0","6.31","68.37","1.67","57.69","0.26","7.08","71.82"
"W. Ángel","Brazil 1.","Juventude","LCB, RCB","32","250000","","15","1392","1","0","Venezuela","right","188","8.99","3.88","63.33","4.27","72.73","1.88","7.4","0.39","0.06","0.05","0.06","0.52","62.5","12.5","0","0","0.13","50","0.26","25","0.58","0.32","0","33.1","87.7","13.84","77.57","3.94","40.98","0","0","0","0","0","2.39","51.35","0.26","25","0.06","4.66","56.94"
"João Ricardo","Brazil 1.","Fortaleza","GK","37","350000","2027-12-31","14","1391","0","0","Brazil","right","186","1.29","0.06","0","0.13","100","0","1.6","0","0","0","0","0","0","0","0","0","0","0","0.13","100","0","0","0","16.05","83.47","9.32","72.22","6.41","61.62","0","0","0","0","0","2.01","51.61","0","0","0","4.46","76.81"
"Willian José","Brazil 1.","Bahia","CF","33","5000000","2026-06-30","22","1390","5","2","Brazil","right","186","2.46","2.14","48.48","4.6","32.39","0.19","2.21","1.42","0.19","0.37","0.06","1.75","48.15","18.519","0.39","0","0.52","62.5","5.18","25","3.56","0.26","0","19.23","81.48","3.63","62.5","0.52","62.5","0.1","0","0.39","66.67","0.39","1.04","75","1.23","52.63","1.36","1.29","80"
"Marcos Antônio","Brazil 1.","São Paulo","LCMF, LDMF","25","4000000","2027-06-30","19","1389","0","3","Brazil","right","166","6.03","5.96","59.78","1.43","13.64","0.19","2.61","1.04","0","0.02","0","0.52","12.5","0","0.84","61.54","0.97","40","3.5","40.74","0.97","1.49","0.13","45.55","89.33","11.92","82.07","3.56","74.55","0.15","0.13","0.06","100","0.65","5.31","86.59","1.75","74.07","1.17","5.83","73.33"
"J. Lucero","Brazil 1.","Fortaleza","CF","33","1200000","2027-12-31","23","1386","3","1","Argentina","right","179","4.81","4.87","44","5.84","26.67","0.06","1.94","1.3","0.19","0.34","0.06","1.82","39.29","10.714","0.71","54.55","0.45","42.86","4.03","25.81","2.79","0.32","0","12.92","80.9","2.08","62.5","0.52","62.5","0.08","0","0","0","0.32","0.65","60","0.78","41.67","0.32","0.97","53.33"
"Matheuzinho","Brazil 1.","Vitória","CF, AMF","27","1500000","2029-12-31","18","1383","2","0","Brazil","left","165","3.77","3.25","60","1.76","25.93","0.07","2.02","2.73","0.13","0.19","0","1.56","50","8.333","1.95","23.33","2.86","52.27","9.63","40.54","1.89","2.08","0.46","29.54","83.48","7.29","75.89","2.54","51.28","0.02","0","0","0","0","4.43","76.47","2.21","38.24","0.46","3.84","81.36"
"Yago Pikachu","Brazil 1.","Fortaleza","RW, RAMF, RB","33","1200000","2025-12-31","23","1377","2","1","Brazil","right","169","4.38","4.25","67.69","1.37","23.81","0.13","1.89","1.57","0","0.18","0","1.37","33.33","9.524","2.55","25.64","0.72","63.64","4.18","46.88","3.2","1.24","0.2","27.65","78.96","7.52","66.09","2.09","59.38","0.11","0.2","0.13","0","0.46","3.27","68","2.35","38.89","0.59","3.33","82.35"
"Yuri Alberto","Brazil 1.","Corinthians","CF","24","12000000","2030-06-30","17","1373","7","2","Brazil","right","182","1.97","2.16","54.55","3.61","43.64","0.13","1.26","2.03","0.39","0.45","0.13","2.69","39.02","17.073","0.33","20","1.25","73.68","5.31","41.98","3.41","1.38","0.39","12.06","74.46","2.23","55.88","0.72","54.55","0.06","0","0","0","0.26","0.98","53.33","0.52","62.5","0.52","0.85","84.62"
"A. Moreno","Brazil 1.","Palmeiras","RDMF, DMF, RCMF","26","10000000","2029-12-31","19","1369","0","1","Argentina","right","178","8.02","5.85","65.17","1.64","60","0.13","4.81","0.99","0","0.01","0","0.66","20","0","0.72","36.36","0.79","66.67","2.56","53.85","0.33","0.85","0.13","45.82","87.95","12.56","73.3","4.8","63.01","0.02","0","0.07","100","0.2","6.11","73.12","1.51","26.09","0.13","6.18","74.47"
"Igor Cariús","Brazil 1.","Sport Recife","LB","32","400000","2025-12-31","17","1362","0","0","Brazil","left","184","10.31","7.73","54.7","5.75","57.47","0.07","6.45","1.98","0","0.04","0","0.79","41.67","0","2.25","41.18","1.12","58.82","2.97","51.11","1.59","1.78","0.2","31.12","74.95","12.62","63.87","4.63","50","0.06","0","0.13","50","0.33","3.63","67.27","2.64","60","0.99","7.67","68.97"
"Erick","Brazil 1.","Vitória","RW, RAMF, AMF","27","1200000","2026-12-31","21","1360","3","4","Brazil","left","173","4.37","4.1","53.23","1.99","16.67","0.07","2.41","4.24","0.2","0.13","0","1.92","31.03","10.345","2.05","38.71","4.63","58.57","11.18","55.03","1.59","1.92","0.2","25.94","75.77","9.73","67.35","3.57","55.56","0.12","0.07","0.4","33.33","0.53","4.57","62.32","3.24","61.22","1.46","6.15","77.42"
"Bruno Henrique","Brazil 1.","Flamengo","CF, LAMF","34","1800000","2026-12-31","23","1357","2","0","Brazil","right","184","4.18","4.97","53.33","4.78","41.67","0","2.22","3.12","0.07","0.28","0","2.12","40.63","6.25","1.53","43.48","3.25","48.98","9.62","33.79","3.32","1.72","0.2","19.17","80.28","3.58","68.52","0.27","100","0.03","0","0","0","0.27","1.33","85","1.79","62.96","0.93","2.06","77.42"
"Alex Telles","Brazil 1.","Botafogo","LB","32","6000000","2026-12-31","20","1353","3","2","Brazil","left","181","5.19","4.72","50.7","1.4","61.9","0.27","3.52","1.6","0.07","0.15","0","1.26","26.32","15.789","2.66","40","0.4","33.33","2.13","40.63","0.47","1.13","0.2","39.78","87.63","14.3","83.26","3.53","56.6","0.18","0","0.07","100","0.67","5.45","81.71","2.53","52.63","0.47","7.58","82.46"
"Alysson Edward","Brazil 1.","Grêmio","RAMF, RWF, RW","19","0","2029-12-31","21","1344","1","1","Brazil","unknown","0","7.17","5.69","64.71","6.56","46.94","0.07","3.31","3.42","0.07","0.16","0","1.41","28.57","4.762","1.54","21.74","4.29","62.5","15.87","39.24","2.75","2.61","0.67","21.36","76.49","3.82","66.67","0.87","38.46","0.11","0","0.07","0","0.27","1.41","42.86","1.81","44.44","0.87","2.01","66.67"
"Caíque","Brazil 1.","Juventude","LCMF, DMF, RCMF","29","500000","2025-12-31","17","1343","0","0","Brazil","right","178","9.58","7.44","62.16","2.08","64.52","0.27","5.8","0.67","0","0","0","0.2","0","0","0.07","0","1.07","62.5","4.96","58.11","0.13","0.94","0","35.99","90.5","10.86","82.1","2.48","62.16","0.02","0","0.07","0","0","4.69","75.71","0.4","16.67","0","4.62","71.01"
"Wesley","Brazil 1.","Internacional","LAMF, RAMF, RW","26","5500000","2026-12-31","18","1343","0","3","Brazil","right","175","5.56","5.56","53.01","2.95","45.45","0.07","3.31","3.48","0","0.13","0","1.54","30.43","0","2.21","45.45","4.02","50","11.73","40","3.28","2.55","0.07","24.06","76.04","5.36","73.75","1.14","47.06","0.15","0.07","0.07","0","0.6","2.14","75","2.55","52.63","0.8","3.28","77.55"
"K. Serna","Brazil 1.","Fluminense","LW, LAMF, RAMF","27","1200000","2027-12-31","21","1336","4","3","Colombia","right","181","5.19","4.78","64.79","2.96","54.55","0.07","2.89","4.11","0.27","0.15","0.07","1.35","50","20","3.17","29.79","5.39","46.25","11.18","36.14","3.5","2.56","0.61","25.73","73.56","4.99","66.22","0.94","57.14","0.22","0","0.07","0","0.61","1.89","78.57","2.83","30.95","0.74","3.3","71.43"
"F. Angileri","Brazil 1.","Corinthians","LB, LCB","31","1000000","","19","1335","0","0","Argentina","left","185","8.16","6.2","61.96","2.97","54.55","0.27","5.53","1.69","0","0.01","0","0.4","16.67","0","3.24","33.33","1.42","38.1","3.3","26.53","1.01","1.28","0","47.06","81.95","19.15","76.76","4.85","55.56","0.03","0.07","0.07","0","0.2","6.34","77.66","2.22","39.39","0.27","10.31","70.59"
"T. Cuello","Brazil 1.","Atlético Mineiro","LAMF, LW","25","3000000","2025-12-31","15","1323","1","0","Argentina","right","178","5.1","4.69","60.87","1.9","35.71","0","2.51","5.71","0.07","0.27","0.07","2.31","35.29","2.941","2.86","28.57","6.53","62.5","15.17","43.95","3.61","3.88","0.75","29.52","79.26","8.44","70.97","2.24","60.61","0.08","0","0.14","0","0.34","3.54","71.15","3.27","54.17","1.63","6.19","83.52"
"Zé Ivaldo","Brazil 1.","Santos","RCB, LCB","28","3500000","2026-12-31","14","1317","1","0","Brazil","right","185","6.83","4.72","60.87","3.42","72","0.68","4.95","0.21","0.07","0.05","0","0.75","9.09","9.091","0.27","0","0.14","100","1.3","52.63","0.68","0.68","0.21","38.75","87.65","15.79","78.35","5.4","58.23","0.03","0","0","0","0","4.58","70.15","0.55","25","0.27","7.31","72.9"
"Zé Rafael","Brazil 1.","Santos","LCMF, LDMF","32","4500000","2026-12-31","17","1313","0","0","Brazil","right","175","8.16","8.5","61.29","1.99","41.38","0.34","3.53","1.51","0","0.11","0","0.96","7.14","0","0.21","66.67","1.51","81.82","6.51","60","1.03","0.82","0.14","35.71","87.52","10.14","72.97","3.36","65.31","0.02","0","0.14","50","0.07","4.66","72.06","1.1","56.25","0.41","4.73","69.57"
"C. Olivera","Brazil 1.","Grêmio","LAMF, RAMF, RW","23","4000000","2026-12-31","18","1309","2","0","Uruguay","right","172","5.91","6.46","56.38","2.48","16.67","0.14","2.45","4.47","0.14","0.14","0","1.51","40.91","9.091","2.54","35.14","5.84","50.59","11.89","41.04","1.79","3.51","0.69","18.84","71.17","5.29","55.84","1.24","55.56","0.04","0","0","0","0.28","1.24","72.22","2.41","42.86","0.41","3.85","58.93"
"L. Mugni","Brazil 1.","Ceará","AMF, CF","33","300000","2025-12-31","21","1307","2","5","Argentina","left","183","7.71","6.27","67.03","1.86","37.04","0.07","3.84","2.55","0.14","0.06","0","0.9","23.08","15.385","2.69","33.33","2.27","57.58","10.26","37.58","1.45","1.38","0.21","31.61","76.25","9.98","68.28","2.48","41.67","0.28","0","0.14","100","0.48","5.37","62.82","2.62","44.74","0.76","4.89","76.06"
"Matheus Alexandre","Brazil 1.","Sport Recife","RB","26","1500000","2025-12-31","16","1300","0","1","Brazil","right","188","8.52","7.34","65.09","2.22","56.25","0.21","4.62","1.59","0","0.04","0","0.48","28.57","0","2.22","21.88","1.18","82.35","3.53","47.06","0.83","1.87","0.35","27.83","79.35","10.94","76.58","1.87","44.44","0.03","0","0","0","0.21","2.49","75","1.52","45.45","0.28","5.75","66.27"
"J. Rodríguez","Brazil 1.","Vasco da Gama","RB, LB","28","2500000","","17","1300","2","2","Uruguay","right","183","6.16","4.64","67.16","3.25","53.19","0.21","4.47","2.56","0.14","0.09","0.14","1.11","50","12.5","3.88","39.29","1.52","31.82","3.53","29.41","1.8","1.18","0.21","41.75","82.09","8.93","64.34","3.32","39.58","0.14","0","0","0","0.42","2.98","62.79","2.98","46.51","0.35","6.3","60.44"
"Luiz Araújo","Brazil 1.","Flamengo","RAMF, RW","29","4000000","2027-12-31","24","1297","5","2","Brazil","left","175","6.66","6.18","66.29","1.25","16.67","0","3.06","2.64","0.35","0.13","0","2.22","43.75","15.625","2.01","31.03","2.78","37.5","7.08","37.25","2.36","1.25","0.07","35.94","83.01","7.63","70.91","1.87","70.37","0.28","0.21","0.21","0","0.56","2.57","70.27","2.78","52.5","1.11","4.23","73.77"
"Caio Alexandre","Brazil 1.","Bahia","DMF","26","6500000","2028-12-31","16","1292","0","1","Brazil","right","175","7.38","6.2","59.55","0.91","38.46","0.28","4.9","1.74","0","0.01","0","0.49","0","0","1.04","33.33","1.6","69.57","4.74","52.94","0.35","1.04","0.07","62.69","89.56","16.51","78.9","4.53","70.77","0.03","0","0.42","66.67","0.42","8.5","86.07","2.09","46.67","0.7","8.08","78.45"
"Thiago Maia","Brazil 1.","Internacional","LDMF, LCMF","28","6000000","2026-12-31","20","1290","1","0","Brazil","left","179","9.35","5.3","75","2.72","51.28","0.28","6.04","0.35","0.07","0.07","0","0.28","25","25","0.28","25","0.35","60","2.58","40.54","0.56","0.49","0","51.21","88.69","17.23","80.16","2.93","54.76","0.02","0","0","0","0","8.65","83.87","1.12","25","0.21","7.4","78.3"
"Ramon Menezes","Brazil 1.","Sport Recife","LCB","30","400000","2025-12-31","13","1287","1","0","Brazil","right","186","6.36","3.08","63.64","3.29","68.09","0.91","5.39","0.35","0.07","0.08","0.07","0.56","50","12.5","0","0","0.14","50","0.63","66.67","0.91","0.7","0","37.48","88.43","13.78","79.7","3.92","46.43","0","0","0","0","0","3.01","65.12","0.21","0","0","5.94","62.35"
"M. Villasanti","Brazil 1.","Grêmio","RDMF, LDMF, RCMF","28","10000000","","16","1287","0","0","Paraguay","right","178","11.89","9.16","66.41","2.17","38.71","0.14","6.08","0.84","0","0.01","0","0.42","0","0","0.35","20","1.05","73.33","4.83","55.07","0.42","1.05","0.07","34.34","84.52","11.12","70.44","2.66","39.47","0.02","0","0","0","0","5.03","72.22","0.98","42.86","0.42","4.55","67.69"
"J. Juninho","Brazil 1.","Internacional","LCB","30","1000000","2026-06-30","13","1286","0","0","Brazil","left","187","8.12","4.41","74.6","4.06","53.45","0.7","6.04","0.35","0","0.09","0","0.7","30","0","0.07","0","0.14","100","1.05","53.33","0.7","0.63","0","49.55","90.4","20.58","81.63","4.48","60.94","0","0","0","0","0","6.09","83.91","0.28","25","0.07","8.96","74.22"
"Juninho Capixaba","Brazil 1.","Red Bull Bragantino","LB","28","3000000","","14","1284","1","0","Brazil","left","176","9.11","6.31","54.44","4.14","47.46","0.49","6.94","2.31","0.07","0.11","0","1.05","26.67","6.667","1.47","38.1","2.24","59.38","5.89","51.19","1.19","2.03","0.14","44.86","81.25","19.49","74.82","5.89","64.29","0.14","0","0.21","66.67","0.56","7.71","79.09","2.45","48.57","0.63","11.14","76.73"
"Bruno Henrique","Brazil 1.","Internacional","RDMF, RCMF","35","500000","2025-12-31","20","1284","1","0","Brazil","right","180","6.8","7.78","50.45","1.54","63.64","0.42","3.3","0.77","0.07","0.07","0","1.47","23.81","4.762","0.98","35.71","0.07","100","2.52","38.89","1.12","0.63","0.07","38.06","85.45","10.16","67.59","3.86","54.55","0.02","0","0.07","0","0.14","5.82","69.88","1.47","38.1","0.42","4.84","79.71"
"Edson Carioca","Brazil 1.","Mirassol","CF, LAMF, LWF","28","100000","","21","1271","4","2","Brazil","right","179","6.66","7.36","53.85","3.33","29.79","0.14","3.1","3.4","0.28","0.3","0","2.2","32.26","12.903","1.56","54.55","3.89","47.27","11.75","33.73","3.89","1.98","0.14","15.65","75.57","3.33","72.34","0.57","50","0.11","0.07","0.07","0","0.57","0.99","71.43","1.63","69.57","1.2","2.34","72.73"
"Rafael Thyere","Brazil 1.","Sport Recife","RCB","32","600000","2025-12-31","13","1267","0","0","Brazil","right","189","7.03","3.76","60.38","3.91","52.73","0.78","5.77","0.07","0","0.07","0","0.36","20","0","0.07","0","0","0","0.21","66.67","0.43","1.14","0.07","37.08","86.21","16.98","75.73","3.62","50.98","0","0","0.07","0","0","5.19","71.23","0.36","0","0","7.74","74.31"
"Tiquinho Soares","Brazil 1.","Santos","CF","34","2700000","2026-12-31","22","1258","2","2","Brazil","right","187","2.72","2.86","55","5.87","42.68","0","1.55","1.14","0","0.3","0","1.65","39.13","8.696","0.21","0","0.93","46.15","8.59","30.83","2.36","0.14","0","14.88","76.44","3.29","54.35","0.79","72.73","0.03","0","0.21","33.33","0.14","1.72","58.33","0.57","25","0.29","1.65","65.22"
"Edenílson","Brazil 1.","Grêmio","AMF, CF, RAMF","35","1200000","2025-12-31","21","1256","3","1","Brazil","right","175","4.59","3.15","68.18","1.93","29.63","0.29","2.63","1.72","0.21","0.13","0.07","0.86","58.33","25","0.64","33.33","2.01","50","7.31","40.2","1.22","0.93","0.21","25.72","81.62","7.09","73.74","1.72","58.33","0.07","0","0","0","0.36","4.01","76.79","1.22","47.06","0.72","3.58","66"
"Gabriel","Brazil 1.","Mirassol","AMF, CF, LAMF","35","350000","2025-12-31","18","1253","4","1","Brazil","right","178","2.73","1.65","34.78","1.36","42.11","0.65","2.65","2.08","0.29","0.22","0","1.36","52.63","21.053","1.58","27.27","1.58","59.09","5.24","42.47","2.23","1.15","0.07","35.99","85.43","6.68","73.12","3.23","57.78","0.09","0.07","0.14","0","0.36","3.23","66.67","2.73","36.84","1.01","3.95","70.91"
"E. Pulga","Brazil 1.","Bahia","LWF, LW","25","1000000","2025-12-31","16","1249","2","3","Brazil","right","169","5.33","5.33","59.46","1.8","16","0","2.93","5.12","0.14","0.29","0.14","2.09","27.59","6.897","2.95","36.59","5.19","62.5","10.52","52.74","4.11","4.04","1.15","26.08","83.43","4.9","67.65","0.79","54.55","0.18","0","0.29","75","0.72","1.01","78.57","3.1","51.16","1.08","3.39","82.98"
"Rafael Borré","Brazil 1.","Internacional","CF","30","8000000","2028-12-31","20","1248","4","1","Colombia","right","174","4.33","5.26","50.68","5.7","29.11","0","1.89","1.66","0.22","0.39","0.07","1.8","36","16","1.01","35.71","0.87","75","6.63","30.43","3.1","0.79","0.14","17.31","80.42","2.6","69.44","0.65","44.44","0.07","0","0.07","0","0.22","1.44","65","0.58","37.5","0.36","1.23","58.82"
"E. Martínez","Brazil 1.","Palmeiras","RCMF, LCMF, DMF","26","0","","18","1243","1","0","Uruguay","right","184","8.76","7.1","60.2","2.24","45.16","0.07","6.02","0.36","0.07","0.05","0","0.72","40","10","0.14","0","0.29","25","2.32","46.88","0.58","0.58","0.07","37.94","88.55","10.43","76.39","3.48","64.58","0.05","0","0.07","0","0.14","5.14","76.06","0.8","18.18","0.22","5.65","79.49"
"Felipe Anderson","Brazil 1.","Palmeiras","LAMF, RWB, LW","32","8000000","2027-12-31","20","1240","1","1","Brazil","right","175","8.06","6.9","60","0.8","54.55","0.07","5.05","2.4","0.07","0.1","0","1.23","41.18","5.882","1.38","15.79","3.05","54.76","7.4","43.14","1.52","2.9","0.29","38.98","82.87","9.73","73.13","1.89","53.85","0.09","0","0.15","0","0.15","3.05","71.43","2.03","60.71","0.94","5.52","67.11"
"Ademir","Brazil 1.","Bahia","RWF, RW","30","3000000","2026-12-31","19","1239","1","1","Brazil","left","172","4.94","5.3","49.32","3.2","22.73","0","3.08","6.46","0.07","0.23","0","1.96","33.33","3.704","4.14","35.09","6.68","64.13","12.2","48.81","3.78","3.27","0.51","25.71","76.55","4.94","67.65","1.09","60","0.11","0","0.07","100","0.8","0.87","83.33","3.27","46.67","0.8","3.12","83.72"
"David Ricardo","Brazil 1.","Botafogo","LCB","22","0","","14","1232","1","0","Brazil","left","188","6.57","4.31","69.49","2.7","62.16","0.44","4.7","0.29","0.07","0.02","0.07","0.29","25","25","0.29","0","0.37","60","1.61","54.55","0.44","0.66","0","52.74","88.92","20.89","79.72","6.87","55.32","0.01","0","0","0","0","4.82","66.67","0.73","20","0.22","8.47","68.1"
"A. Canobbio","Brazil 1.","Fluminense","LW, RAMF, LAMF","27","5000000","2026-12-31","18","1228","2","2","Uruguay","right","175","6.45","7.18","59.18","1.47","35","0.07","2.57","1.91","0.15","0.17","0","1.69","34.78","8.696","2.05","7.14","2.35","46.88","10.26","33.57","3.08","2.57","0.22","28","79.58","5.72","66.67","1.03","57.14","0.07","0","0.07","100","0.15","1.39","73.68","1.39","31.58","0.81","3","60.98"
"Caíque França","Brazil 1.","Sport Recife","GK","30","450000","2027-12-31","12","1220","0","0","Brazil","left","186","1.18","0.3","75","0.66","100","0","1.27","0","0","0","0","0","0","0","0","0","0","0","0","0","0","0","0","15.34","87.98","8.7","79.66","5.53","72","0","0","0","0","0","0.59","50","0","0","0","3.61","79.59"
"J. Martínez","Brazil 1.","Corinthians","LCMF, RCMF","31","3000000","2027-12-31","18","1219","0","0","Venezuela","right","177","5.83","4.87","59.09","1.77","33.33","0.07","4.63","1.92","0","0.03","0","0.74","20","0","1.99","29.63","1.77","66.67","6.2","54.76","0.37","0.89","0.22","37.73","83.37","9.23","73.6","5.02","63.24","0.04","0","0.07","0","0.22","5.68","77.92","1.92","42.31","0.44","5.91","75"
"Lourenço","Brazil 1.","Ceará","AMF, RDMF, RCMF","28","1000000","2025-12-31","23","1212","2","1","Brazil","right","169","8.61","6.91","63.44","2.6","62.86","0.15","4.94","1.49","0.15","0.16","0.07","1.49","40","10","0.52","57.14","0.67","88.89","4.53","49.18","0.45","0.97","0.15","31.63","82.39","9.73","66.41","4.46","68.33","0.1","0.07","0.07","0","0.22","5.79","69.23","1.34","61.11","0.59","5.35","72.22"
"Alex Sandro","Brazil 1.","Flamengo","LB","34","2000000","2026-12-31","15","1208","0","0","Brazil","left","180","6.93","5.59","54.67","2.31","61.29","0.37","5.93","2.09","0","0.02","0","0.3","25","0","1.64","40.91","1.49","80","4.4","50.85","0.97","2.16","0.3","57.07","89.56","22.65","84.54","5.14","53.62","0.08","0.07","0.15","100","0.3","10.43","83.57","2.68","47.22","0.6","11.32","83.55"
"Newton","Brazil 1.","Botafogo","LDMF, RDMF, LCMF","25","250000","2027-12-31","16","1200","1","0","Brazil","right","188","7.5","6.08","54.32","2.7","58.33","0.23","4.58","1.13","0.08","0.05","0","1.2","31.25","6.25","0.38","40","1.05","50","3.98","37.74","0.45","0.98","0.15","50.03","87.86","12.68","78.7","3.15","59.52","0","0","0.08","100","0","6.45","81.4","0.68","44.44","0.08","5.48","54.79"
"José Aldo","Brazil 1.","Mirassol","LDMF, DMF, LCMF","27","50000","2025-11-30","22","1200","0","0","Brazil","right","175","9.3","7.28","59.79","2.25","53.33","0","6.35","2.18","0","0.08","0","1.2","31.25","0","0.75","50","2.1","67.86","8.03","43.93","0.98","0.9","0.08","42.68","85.41","12.9","76.16","3.68","65.31","0.11","0.08","0.08","0","0.23","6.23","81.93","1.13","60","0.9","7.5","79"
"Chico","Brazil 1.","Sport Recife","LCB, LB","27","500000","2026-12-31","13","1195","0","0","Brazil","left","188","8.36","4.52","71.67","4.22","44.64","0.68","6.59","0.38","0","0.04","0","0.53","14.29","0","0.15","100","0.23","66.67","2.03","33.33","0.53","0.68","0.08","40.67","83.33","17.25","70.74","5.35","49.3","0.01","0","0.15","0","0.08","5.8","66.23","0.83","27.27","0.08","7.61","73.27"
"J. Arias","Brazil 1.","Fluminense","RW, RAMF","27","14000000","2026-06-30","12","1195","1","3","Colombia","right","168","3.92","4.59","47.54","2.03","25.93","0.08","2.42","3.84","0","0.2","0","1.36","27.78","5.556","3.39","35.56","4.37","50","16.49","37.44","2.64","3.31","0.68","48.58","86.82","9.94","79.55","1.51","60","0.22","0","0.23","33.33","0.9","3.99","77.36","3.77","54","1.28","5.8","84.42"
"Ferreira","Brazil 1.","São Paulo","CF, LAMF","27","5000000","2027-12-31","19","1195","4","2","Brazil","right","176","3.69","4.07","51.85","1.51","35","0.15","2.09","4.29","0.3","0.28","0.15","1.96","38.46","15.385","1.28","35.29","5.72","51.32","15.89","41.23","2.86","3.92","0.38","28.85","81.98","7.15","72.63","1.21","68.75","0.1","0.23","0.45","33.33","0.6","2.03","81.48","2.56","73.53","1.66","4.52","66.67"
"Abner","Brazil 1.","Juventude","RCB","21","0","","15","1188","0","1","Brazil","right","189","7.88","5.08","53.73","3.18","78.57","0.61","5.28","0.15","0","0.02","0","0.08","0","0","0","0","0.23","66.67","0.83","45.45","0.45","0.23","0","37.05","87.73","15.83","76.08","5.53","53.42","0.01","0","0","0","0.08","4.55","56.67","0.23","33.33","0.08","5.91","66.67"
"Raúl Cáceres","Brazil 1.","Vitória","RB","34","300000","2025-12-31","13","1188","1","1","Paraguay","right","180","7.95","6.89","62.64","2.35","45.16","0.23","4.09","2.2","0.08","0.08","0.08","0.53","71.43","14.286","2.88","31.58","1.14","80","2.05","55.56","0.98","1.29","0.15","31.29","77.48","13.03","70.93","4.55","63.33","0.04","0","0","0","0.38","3.64","81.25","2.12","35.71","0.15","7.58","67"
"M. Depay","Brazil 1.","Corinthians","CF, LWF","31","0","","15","1184","4","3","Netherlands","right","178","2.66","2.58","50","1.29","35.29","0","1.69","2.96","0.3","0.4","0","2.51","48.48","12.121","1.37","22.22","1.98","61.54","10.03","33.33","2.74","0.99","0.15","26.3","76.3","5.32","62.86","2.51","69.7","0.28","0.08","0.3","75","0.53","3.42","62.22","2.51","57.58","1.22","2.96","71.79"
"Matheus Pereira","Brazil 1.","Fortaleza","LDMF, LCMF, RDMF","27","1200000","","13","1179","0","3","Brazil","left","183","6.79","4.58","51.67","1.6","33.33","0.31","5.42","1.15","0","0.01","0","0.53","14.29","0","1.3","29.41","0.92","58.33","4.2","45.45","0.15","1.83","0.23","50.23","84.5","18.7","72.24","6.11","63.75","0.09","0","0.31","50","0.46","11.37","78.52","3.21","38.1","0.84","8.78","83.48"
"Reginaldo","Brazil 1.","Juventude","RB","32","300000","","16","1172","0","2","Brazil","right","174","5.91","4.22","65.45","1.15","46.67","0.31","3.68","2.23","0","0.01","0","0.31","50","0","3.61","46.81","0.92","41.67","3.07","37.5","0.38","1.84","0.69","29.41","82.77","8.37","77.98","1.54","60","0.04","0","0","0","0.46","2.46","84.38","3.23","54.76","0.38","5.61","72.6"
"Rubens","Brazil 1.","Atlético Mineiro","LB, LCMF, LDMF","24","0","","13","1169","1","0","Brazil","left","178","11.32","7.93","67.96","1.85","45.83","0.08","7.47","1.62","0.08","0.07","0","1.31","29.41","5.882","1.46","21.05","1.54","60","4.31","50","0.85","1.23","0.08","36.72","81.55","10.39","71.85","3.08","45","0.01","0","0.08","0","0","5.54","75","2.08","37.04","0.46","6.16","65"
"Guillermo Varela","Brazil 1.","Flamengo","RB, LB","32","1700000","","17","1167","0","4","Uruguay","right","174","5.17","4.16","62.96","2.08","37.04","0.08","4.19","1.23","0","0.03","0","0.31","25","0","2.24","34.48","1.23","31.25","3.78","36.73","1.62","1.23","0.08","47.97","88.1","12.49","82.72","1.7","68.18","0.06","0","0","0","0.31","3.39","90.91","2.16","46.43","0.46","5.94","70.13"
"Ramon","Brazil 1.","Vitória","LB","24","2500000","2027-06-30","13","1165","0","0","Brazil","left","179","9.97","6.57","67.06","2.94","52.63","0.54","6.66","2.01","0","0.03","0","0.62","12.5","0","2.63","32.35","1.7","63.64","3.71","43.75","0.85","1.16","0.08","35.23","78.07","12.36","71.88","2.47","34.38","0.07","0","0","0","0.08","4.02","67.31","2.24","55.17","0.46","7.03","63.74"
"Lucas Evangelista","Brazil 1.","Palmeiras","LDMF, LCMF","30","4000000","2026-06-30","19","1165","2","1","Brazil","right","181","7.03","6.26","65.43","2.94","36.84","0.23","3.97","1.31","0.15","0.1","0.08","1","53.85","15.385","0.85","36.36","0.93","50","4.09","35.85","1.16","0.54","0","40.56","88.76","9.89","74.22","2.55","69.7","0.04","0.08","0.08","0","0.31","6.33","81.71","0.93","50","0.31","4.33","76.79"
"Ewerthon","Brazil 1.","Juventude","RB","24","750000","2026-07-31","14","1161","0","0","Brazil","right","171","6.98","5.27","60.29","2.17","57.14","0.08","4.75","0.85","0","0.01","0","0.62","25","0","2.09","25.93","0.62","12.5","3.26","30.95","0.39","0.47","0.23","35.5","76.2","14.57","68.62","5.27","44.12","0.08","0","0.08","100","0.31","4.96","59.38","2.17","35.71","0.31","7.98","63.11"
"Marcelo Hermes","Brazil 1.","Juventude","LB, LWB","30","450000","2025-12-31","12","1149","0","2","Brazil","left","177","8.54","6.03","63.64","2.11","44.44","0.08","5.74","1.17","0","0.01","0","0.7","22.22","0","2.82","27.78","0.47","50","2.19","28.57","0.55","1.33","0.23","35.01","74.72","16.14","69.9","4.78","49.18","0.11","0","0","0","0.23","5.33","69.12","2.82","38.89","0.39","9.4","65.83"
"Maycon","Brazil 1.","Corinthians","LDMF, DMF, RCMF","28","4500000","2026-12-31","18","1145","2","0","Brazil","left","178","4.95","4.48","59.65","1.34","47.06","0.16","3.1","0.55","0.08","0.1","0","0.71","22.22","22.222","0.24","66.67","0.39","60","2.2","32.14","0.71","0.24","0","38.75","88.03","11.71","78.52","3.07","53.85","0.04","0.08","0.08","0","0.16","6.45","82.93","0.94","50","0.47","5.19","86.36"
"Jamerson","Brazil 1.","Vitória","LB","26","1000000","2026-12-31","12","1141","0","2","Brazil","left","177","7.34","5.21","57.58","2.21","46.43","0.24","5.31","4.34","0","0.04","0","1.1","35.71","0","3.87","40.82","3.39","69.77","6.86","52.87","0.55","1.97","0.16","40.07","82.09","14.2","73.33","3.55","42.22","0.14","0.08","0","0","0.24","4.1","75","2.92","48.65","0.08","7.34","69.89"
"Igor Gomes","Brazil 1.","Atlético Mineiro","AMF, LCMF","26","4000000","2026-12-31","23","1141","3","1","Brazil","right","183","5.44","4.18","75.47","2.45","51.61","0.24","3.41","1.74","0.24","0.16","0","1.1","35.71","21.429","0.95","58.33","0.95","50","6.78","34.88","1.26","1.03","0.47","32.42","84.43","9.86","74.4","3.23","63.41","0.15","0","0.47","66.67","0.71","5.28","79.1","1.97","64","1.18","6.63","76.19"
"Gustavo Mancha","Brazil 1.","Fortaleza","LCB","21","0","","13","1127","0","0","Brazil","unknown","0","7.19","4.31","77.78","2","56","0.24","4.47","0.4","0","0.02","0","0.48","33.33","0","0.08","100","0.16","100","0.96","58.33","0.48","1.12","0","42.88","85.85","18.21","71.93","7.43","52.69","0.01","0","0","0","0","7.43","56.99","0.8","30","0.16","9.18","79.13"
"Marcos Felipe","Brazil 1.","Bahia","GK","29","2000000","2027-12-31","11","1123","0","0","Brazil","right","188","2.4","0.16","50","0.48","100","0","3.39","0","0","0","0","0","0","0","0","0","0","0","0.16","100","0","0","0","25","91.99","10.1","82.54","5.93","70.27","0","0","0","0","0","0.96","33.33","0.08","0","0","2.89","58.33"
"Pedro Henrique","Brazil 1.","Ceará","LAMF, CF, LW","35","800000","2025-12-31","19","1123","4","1","Brazil","right","180","5.05","5.69","49.3","4.17","25","0.08","1.61","3.13","0.32","0.25","0","2.24","35.71","14.286","2.16","40.74","2.72","50","6.97","41.38","2.16","2","0.4","17.23","69.3","3.37","57.14","2.24","50","0.12","0","0.08","100","0.56","1.36","58.82","2.32","31.03","0.48","2.4","50"
"Gonzalo Plata","Brazil 1.","Flamengo","CF, RAMF, RW","24","6000000","2029-06-30","19","1121","3","1","Ecuador","left","178","4.42","5.14","42.19","2.33","20.69","0.08","3.23","2.33","0.24","0.17","0","1.69","42.86","14.286","1.2","26.67","2.25","57.14","7.95","30.3","4.9","2.25","0.32","37.33","86.24","7.31","78.02","0.72","66.67","0.14","0.16","0","0","0.72","3.29","87.8","2.09","61.54","1.69","4.09","82.35"
"Jair Cunha","Brazil 1.","Botafogo","RCB","20","0","","11","1112","0","0","Brazil","right","198","7.12","4.45","70.91","2.51","77.42","0.65","5.09","0.57","0","0.07","0","0.49","16.67","0","0.24","66.67","0.32","100","1.7","52.38","0.65","0.89","0","50.02","88.67","20.96","79.92","5.02","53.23","0.02","0","0","0","0.08","4.45","65.45","0.57","42.86","0.24","8.42","70.19"
"Vinicinho","Brazil 1.","Red Bull Bragantino","LAMF, RW, LW","21","0","","21","1112","0","2","Brazil","right","174","6.39","6.72","53.01","1.78","4.55","0.16","3.71","3.48","0","0.08","0","1.62","30","0","2.35","27.59","5.34","43.94","12.46","38.96","3.16","2.35","0.16","22.42","80.87","4.29","73.58","0.73","55.56","0.08","0","0.08","0","0.32","1.86","69.57","2.02","48","0.73","2.1","76.92"
"Gregore","Brazil 1.","Botafogo","RCMF, RDMF, LCMF","31","2500000","2028-12-31","12","1098","0","0","Brazil","right","181","11.07","11.97","56.16","3.36","53.66","0.49","5.19","0.74","0","0.02","0","0.57","14.29","0","0.41","40","0.49","83.33","3.11","52.63","0.74","1.07","0.25","59.18","91","19.92","84.77","3.52","53.49","0.04","0","0.16","50","0.25","10.16","84.68","1.15","28.57","0.41","8.69","80.19"
"Á. Romero","Brazil 1.","Corinthians","CF, RAMF, LW","33","1500000","2025-12-31","22","1092","0","1","Paraguay","right","175","5.03","3.96","52.08","2.72","39.39","0","3.06","2.14","0","0.2","0","1.4","23.53","0","2.06","36","2.06","52","7.75","35.11","1.48","1.24","0.16","26.79","82.46","5.44","62.12","1.73","71.43","0.05","0","0.08","0","0.33","2.64","71.88","1.4","47.06","0.16","3.63","86.36"
"Neymar","Brazil 1.","Santos","CF, AMF","33","0","","13","1081","3","0","Brazil","right","175","1.91","2.66","50","1.08","38.46","0","0.77","4.5","0.17","0.37","0","2.16","50","11.538","0.67","25","5.08","57.38","14.24","47.37","2.83","2.83","0.25","33.8","80.05","12.32","75","2.25","51.85","0.16","0","1.08","30.77","0.67","6.41","75.32","4.33","57.69","2.5","7.58","74.73"
"Cristian Renato","Brazil 1.","Mirassol","CF","25","0","","22","1076","4","0","Brazil","right","189","2.43","3.76","40","4.77","35.09","0.08","1.26","1.67","0.33","0.32","0","2.34","53.57","14.286","0.17","0","1.51","27.78","6.69","20","2.68","0.75","0.08","10.04","70.83","1.17","64.29","0.42","60","0.03","0.08","0","0","0.08","0.92","45.45","0.59","28.57","0.25","0.59","57.14"
"Arthur Cabral","Brazil 1.","Botafogo","CF","27","14000000","2028-06-30","12","1075","3","2","Brazil","right","186","2.51","2.93","45.71","5.19","35.48","0.25","1.65","1.42","0.25","0.37","0.08","2.26","37.04","11.111","0.17","0","1.17","42.86","5.94","38.03","3.52","0.5","0.08","11.39","81.62","1.93","69.57","0.67","37.5","0.06","0.08","0.08","100","0.33","0.75","77.78","0.59","42.86","0.5","0.92","63.64"
"Wesley","Brazil 1.","Flamengo","RB","21","0","","11","1061","1","2","Brazil","right","178","8.4","7.8","64.13","1.7","50","0.08","4.87","3.39","0.08","0.03","0","0.76","33.33","11.111","4.58","27.78","3.65","46.51","9.42","38.74","2.12","2.21","0.17","47.93","83.19","10.52","78.23","2.04","62.5","0.06","0","0.25","66.67","0.42","3.73","77.27","3.9","43.48","0.85","6.62","78.21"
"Sergio Rochet","Brazil 1.","Internacional","GK","32","3500000","2026-12-31","11","1058","0","0","Uruguay","right","190","1.36","0","0","0.43","100","0","1.82","0","0","0","0","0","0","0","0","0","0","0","0","0","0","0","0","16.84","87.37","10.63","81.6","6.72","70.89","0","0","0","0","0","1.19","50","0","0","0","4.59","74.07"
"Cuiabano","Brazil 1.","Botafogo","LB, LW","22","0","","19","1051","3","2","Brazil","left","179","8.99","7.02","68.29","2.06","50","0.34","4.96","3","0.26","0.1","0","1.28","53.33","20","3.43","37.5","2.06","50","5.82","36.76","2.65","1.2","0.17","31.08","78.24","10.36","68.6","3.34","51.28","0.14","0.09","0","0","0.86","4.2","61.22","2.74","43.75","1.11","6.42","76"
"J. Carbonero","Brazil 1.","Internacional","LW, LAMF, CF","26","2200000","2026-12-31","15","1049","4","1","Colombia","right","170","4.38","3.95","65.22","1.97","21.74","0.09","2.39","4.03","0.26","0.25","0","2.49","41.38","13.793","1.54","33.33","4.98","48.28","14.24","44.58","3.09","2.57","0.26","28.83","80.06","6.86","75","1.37","62.5","0.04","0","0.26","33.33","0.43","3","85.71","2.66","51.61","1.03","3.95","78.26"
"Deyverson","Brazil 1.","Fortaleza","CF","34","800000","2025-12-31","19","1047","3","0","Brazil","left","189","3.18","1.98","56.52","10.49","55.74","0.17","2.71","0.95","0.26","0.34","0.17","1.89","36.36","13.636","0.43","0","0.26","100","4.9","35.09","2.92","0.17","0","17.54","64.71","4.21","51.02","1.89","59.09","0.01","0","0","0","0","2.41","64.29","1.46","29.41","0.69","1.89","59.09"
"Alan Ruschel","Brazil 1.","Juventude","LB","36","200000","","15","1047","0","0","Brazil","left","176","6.62","6.53","61.84","2.32","44.44","0.26","2.6","0.77","0","0","0","0","0","0","1.46","23.53","0.6","71.43","3.44","57.5","0.34","0.95","0","28.37","79.7","11.78","75.91","2.49","41.38","0.06","0","0","0","0.17","3.35","66.67","1.38","25","0.17","5.93","68.12"
"Kaio","Brazil 1.","Botafogo","RCB","30","1800000","2027-06-30","11","1032","0","0","Brazil","right","186","6.72","4.36","60","4.62","58.49","0.26","5.26","0.78","0","0.06","0","0.7","25","0","0.09","0","1.13","53.85","2.09","50","1.13","1.4","0.26","47.27","90.04","18.49","80.19","3.49","42.5","0","0","0","0","0","5.15","74.58","0.44","0","0","6.28","65.28"
"Victor Gabriel","Brazil 1.","Internacional","LCB, LB","21","50000","","11","1032","2","0","Brazil","left","182","9.42","5.58","65.63","4.27","61.22","0.61","6.69","0.52","0.17","0.06","0.17","0.44","60","40","0.26","0","0.26","100","1.66","47.37","0.52","0.52","0","47.18","87.99","19.01","77.98","4.97","57.89","0","0","0","0","0","3.66","76.19","0.26","33.33","0","8.2","63.83"
"Guilherme Arana","Brazil 1.","Atlético Mineiro","LB, LWB","28","0","","13","1031","0","0","Brazil","left","176","5.24","4.54","59.62","1.83","42.86","0.35","3.75","2.71","0","0.12","0","1.22","21.43","0","4.28","40.82","1.31","53.33","3.32","42.11","2.36","1.75","0.17","48.71","86.92","12.92","84.46","2.71","51.61","0.11","0","0","0","0.35","4.89","76.79","3.67","54.76","0.61","8.21","79.79"
"Claudinho","Brazil 1.","Vitória","RB","25","1200000","2025-12-31","15","1027","0","0","Brazil","right","180","7.27","5.87","61.19","1.31","53.33","0.44","4.65","2.54","0","0.07","0","0.61","14.29","0","3.86","43.18","0.88","80","2.89","48.48","1.23","2.54","0.61","39.08","76.91","16.83","69.27","5.7","50.77","0.17","0.18","0.18","50","0.7","6.57","60","3.77","46.51","0.7","8.59","76.53"
"Osvaldo","Brazil 1.","Vitória","LW, LAMF","38","175000","2025-12-31","21","1024","0","2","Brazil","right","169","4.04","3.43","61.54","1.05","58.33","0","2.25","4.48","0","0.13","0","1.85","28.57","0","2.81","40.63","4.48","58.82","8.79","46","1.41","2.72","0.7","23.03","77.48","6.15","61.43","1.67","42.11","0.16","0","0.26","66.67","0.53","2.11","62.5","3.43","51.28","0.79","3.69","73.81"
"N. Acevedo","Brazil 1.","Bahia","DMF, RDMF, RB","26","4500000","2025-12-31","20","1017","0","0","Uruguay","right","173","9.73","8.32","58.51","1.59","61.11","0.18","5.15","1.15","0","0.03","0","0.62","57.14","0","0.71","12.5","1.59","38.89","6.11","31.88","0.35","1.42","0.27","52.65","86.22","16.9","78.01","4.69","45.28","0.01","0.09","0.27","33.33","0","8.14","83.7","1.5","29.41","0.27","7.35","68.67"
"Cristian Pavón","Brazil 1.","Grêmio","RAMF, LAMF, RW","29","4500000","2026-12-31","18","1012","0","2","Argentina","right","174","7.47","4.98","53.57","2.67","30","0.09","4.2","2.67","0","0.07","0","1.51","17.65","0","4.09","13.04","3.91","47.73","9.96","35.71","2.05","1.78","0.18","35.57","70.5","7.83","52.27","3.74","52.38","0.12","0","0","0","0.53","2.58","72.41","4.45","32","1.07","6.05","55.88"
"Nathan Mendes","Brazil 1.","Red Bull Bragantino","RB","23","1000000","2028-12-31","15","1011","0","0","Brazil","right","182","8.37","6.32","52.11","1.87","33.33","0.45","5.87","1.34","0","0","0","0.09","0","0","1.34","33.33","1.07","83.33","3.92","56.82","0.71","0.98","0","35.61","81.5","12.02","73.33","1.96","54.55","0.02","0","0.18","0","0.27","5.16","75.86","1.6","50","0.53","7.83","71.59"
"T. Rincón","Brazil 1.","Santos","RDMF, RCMF, LDMF","37","300000","2026-12-31","16","1007","0","0","Venezuela","right","177","8.04","7.15","56.25","2.77","48.39","0.36","4.69","1.16","0","0.03","0","0.45","0","0","0.8","44.44","1.07","66.67","3.93","45.45","0.71","0.54","0","43.08","86.72","14.66","78.05","3.04","35.29","0.01","0","0.09","100","0","6.43","79.17","1.25","50","0.18","5.27","67.8"
"Pablo Maia","Brazil 1.","São Paulo","LCMF, LDMF, DMF","23","14000000","","16","1007","1","0","Brazil","right","178","9.65","8.76","65.31","1.88","61.9","0.71","4.63","0.54","0.09","0.02","0","0.54","16.67","16.667","0","0","0.54","83.33","3.49","51.28","0.27","0.63","0.09","42.18","92.58","9.38","80.95","2.06","69.57","0.01","0","0.09","0","0.09","5","83.93","0.63","57.14","0.36","4.47","68"
"Micael","Brazil 1.","Palmeiras","LCB","25","850000","2025-12-31","10","1007","0","1","Brazil","left","183","8.76","6.7","69.33","4.56","50.98","0.54","6.22","0.09","0","0.03","0","0.18","50","0","0","0","0","0","0.54","50","0.63","0.98","0","41.74","90.79","14.66","80.49","4.29","47.92","0.01","0","0","0","0.18","5.72","75","0.27","33.33","0.18","5.9","69.7"
"A. Carrillo","Brazil 1.","Corinthians","RW, RCMF","34","1500000","2026-12-31","15","1006","1","1","Peru","right","180","7.07","6.08","60.29","0.98","9.09","0.18","3.92","3.04","0.09","0.1","0","0.72","37.5","12.5","2.86","50","2.5","53.57","7.6","43.53","1.7","1.79","0.09","59.76","88.77","14.76","78.79","4.2","74.47","0.22","0.18","0","0","0.63","8.23","88.04","2.5","42.86","0.54","8.95","84"
"Gabriel Bontempo","Brazil 1.","Santos","RDMF, RCMF, LDMF","20","0","","18","1005","1","2","Brazil","unknown","0","9.13","7.7","65.12","1.7","36.84","0.18","5.48","1.43","0.09","0.12","0","0.45","20","20","0.72","37.5","1.43","62.5","6.27","45.71","0.99","2.15","0.72","35.1","86.73","11.55","84.5","1.7","68.42","0.06","0","0.18","100","0.36","3.76","83.33","1.61","55.56","0.9","4.39","77.55"
"Derik Lacerda","Brazil 1.","Sport Recife","CF, LAMF","26","500000","2028-12-31","11","1005","4","0","Brazil","right","191","4.12","2.78","58.06","6.72","42.67","0.18","2.75","3.4","0.36","0.43","0.09","3.04","50","11.765","0.54","0","2.6","68.97","8.96","41","3.76","2.42","0.36","10.48","76.07","2.33","53.85","0.54","0","0.01","0.09","0.09","100","0.18","1.34","60","0.27","33.33","0.27","1.34","53.33"
"Bruno Tabata","Brazil 1.","Internacional","RAMF, RW, RCMF","28","2800000","2027-12-31","19","1005","3","1","Brazil","left","176","6.09","5.46","63.93","1.97","18.18","0","3.42","4.48","0.18","0.19","0","2.33","38.46","11.538","2.96","33.33","3.94","61.36","12.99","35.86","2.15","2.33","0","42.09","80","11.28","66.67","3.4","55.26","0.1","0","0.27","66.67","0.45","5.55","74.19","3.31","35.14","0.72","5.28","72.88"
"Matheusinho","Brazil 1.","Sport Recife","RAMF, LAMF, RW","27","1300000","","13","1001","2","2","Brazil","right","164","4.5","4.05","53.33","0.81","22.22","0","2.84","3.15","0.18","0.14","0","1.35","33.33","13.333","2.61","31.03","3.51","46.15","9.62","41.12","2.34","0.9","0.18","29.22","73.54","10.34","69.57","2.61","41.38","0.17","0.09","0.36","75","0.81","3.78","61.9","3.69","48.78","1.53","5.39","75"
"Vanderlan","Brazil 1.","Red Bull Bragantino","LB","23","4000000","2028-12-31","11","994","0","1","Brazil","left","184","8.24","5.89","69.23","1.09","41.67","0.36","5.61","2.44","0","0.01","0","0.45","20","0","2.81","45.16","1.72","63.16","3.98","50","0.45","1.36","0.27","31.96","79.6","12.49","71.74","3.8","47.62","0.1","0","0","0","0.45","3.89","69.77","2.81","61.29","0.45","6.16","66.18"
"Talles Magno","Brazil 1.","Corinthians","CF, LW, LAMF","23","6000000","2027-12-31","21","992","1","1","Brazil","right","186","5.99","6.08","50.75","4.54","32","0.27","4.26","2.36","0.09","0.28","0","1.63","27.78","5.556","0.73","37.5","3.08","50","10.8","44.54","3.18","2.45","0.09","24.59","81.92","5.63","61.29","0.54","66.67","0.03","0","0.18","50","0.36","1.91","66.67","1","81.82","0.91","2.99","69.7"
"Bruno Fuchs","Brazil 1.","Palmeiras","LCB, RCB","26","2000000","2026-06-30","15","988","0","0","Brazil","right","190","9.47","6.38","77.14","3.37","59.46","0.36","6.75","0.09","0","0.07","0","0.27","0","0","0.09","0","0.46","20","1.64","61.11","0.46","2.1","0","44.27","88.89","16.21","76.4","6.19","58.82","0.02","0","0","0","0.09","7.38","71.6","0.73","25","0.18","7.47","76.83"
"Guga","Brazil 1.","Fluminense","RB, LB","27","3000000","","14","987","1","0","Brazil","right","174","9.67","7.2","70.89","2.74","50","0.36","5.64","1.09","0.09","0.01","0","0.36","50","25","1.37","46.67","0.36","50","2.28","40","0.36","0.73","0.09","46.5","85.29","18.05","76.26","4.47","40.82","0.1","0","0.09","100","0.36","6.2","64.71","2.19","66.67","0.91","7.11","73.08"
"Murilo","Brazil 1.","Palmeiras","LCB, RCB","28","10000000","2027-12-31","11","987","1","0","Brazil","right","188","7.39","4.38","62.5","2.46","70.37","0.64","6.49","0.36","0.09","0.05","0.09","0.55","33.33","16.667","0.27","33.33","0.36","25","0.64","28.57","0.64","0.55","0","43.13","88.58","16.6","78.57","3.1","61.76","0","0.09","0.09","0","0.09","4.83","66.04","0.73","25","0.09","7.11","69.23"
"Igor Jesus","Brazil 1.","Botafogo","CF","24","2500000","2027-12-31","10","982","3","1","Brazil","right","180","2.38","2.02","59.09","6.87","41.33","0.37","1.48","2.2","0.27","0.35","0.18","3.02","45.45","9.091","0.46","40","1.56","41.18","9.81","40.19","4.77","0.92","0.09","16.04","78.29","2.66","68.97","0.73","62.5","0.06","0","0","0","0.37","1.37","66.67","0.55","83.33","0.55","2.02","81.82"
"Franco Cristaldo","Brazil 1.","Grêmio","AMF, CF","29","10000000","","19","982","0","2","Argentina","right","175","5.22","4.77","59.62","1.47","68.75","0.18","2.47","1.65","0","0.17","0","0.92","20","0","1.74","36.84","1.19","61.54","7.52","50","2.2","0.92","0.27","30.89","78.64","9.35","62.75","3.12","50","0.24","0","0.18","50","0.64","5.22","70.18","2.38","53.85","1.01","5.68","70.97"
"Gustavo Martins","Brazil 1.","Grêmio","RB, RCB","23","3000000","2027-12-31","12","981","1","0","Brazil","right","191","8.81","6.06","56.06","4.95","68.52","0.37","6.24","0.83","0.09","0.11","0.09","0.64","85.71","14.286","0","0","0.73","37.5","2.29","32","0.92","0.28","0.28","33.39","86.54","14.77","81.37","3.21","62.86","0","0","0","0","0","3.12","79.41","0","0","0","6.06","60.61"
"Enio","Brazil 1.","Juventude","LW, RW, LAMF","24","200000","2025-12-31","17","976","2","0","Brazil","right","168","3.04","3.41","54.05","1.84","20","0","1.49","3.04","0.18","0.16","0","1.66","38.89","11.111","1.38","13.33","3.6","58.97","12.17","44.7","2.67","3.23","0.28","23.79","77.13","4.98","74.07","0.83","77.78","0.1","0.09","0.09","100","0.37","2.03","77.27","2.4","53.85","1.48","3.97","65.12"
"Maurício","Brazil 1.","Palmeiras","AMF, RAMF, CF","24","0","","18","976","3","4","Brazil","left","175","3.5","3.69","55","1.94","14.29","0","2.2","1.57","0.28","0.28","0.09","2.21","37.5","12.5","1.2","61.54","0.09","0","2.12","47.83","3.04","1.29","0.37","32","89.34","7.47","79.01","1.38","53.33","0.12","0.09","0","0","0.55","3.32","88.89","1.94","71.43","0.83","3.32","83.33"
"Souza","Brazil 1.","Santos","LB","19","0","2028-12-31","14","968","0","2","Brazil","left","178","11.16","8","69.77","1.39","46.67","0.74","7","2.98","0","0.04","0","0.74","25","0","2.98","37.5","2.32","72","6.79","49.32","1.49","1.58","0.19","35.89","78.76","16.18","75.86","1.95","23.81","0.08","0","0","0","0.56","2.42","80.77","2.05","54.55","0.09","6.42","55.07"
"João Silva","Brazil 1.","Sport Recife","RCB","26","1500000","","12","964","0","0","Portugal","right","189","6.07","4.39","59.57","5.23","55.36","0.56","4.56","0.28","0","0.03","0","0.28","33.33","0","0.19","0","0.28","66.67","1.4","26.67","0.47","0.75","0","39.4","86.73","17.83","77.49","6.35","52.94","0.01","0","0","0","0.09","5.88","73.02","0.47","60","0.28","8.31","75.28"
"Fabinho","Brazil 1.","Red Bull Bragantino","LCMF, RDMF, RCMF","23","5000000","2027-12-31","22","962","0","1","Brazil","right","178","7.39","6.55","47.14","2.15","65.22","0.19","5.04","1.12","0","0.03","0","0.75","25","0","0.37","50","0.84","88.89","3.84","58.54","0.28","0.94","0.09","43.22","85.71","14.22","75","6.17","62.12","0.03","0.09","0.19","0","0.28","7.67","75.61","1.03","54.55","0.65","6.92","74.32"
"Gustavo","Brazil 1.","Juventude","GK","32","0","","10","958","0","0","Brazil","right","187","1.22","0.09","100","0.19","100","0","1.42","0","0","0","0","0","0","0","0","0","0","0","0","0","0","0","0","19.16","87.25","7.52","75","6.01","62.5","0","0","0","0","0","0.94","40","0","0","0","4.04","69.77"
"Pedro","Brazil 1.","Flamengo","CF","28","0","2027-12-31","19","953","10","3","Brazil","right","186","3.21","1.89","50","3.31","28.57","0.28","3.37","3.31","0.85","0.94","0.09","3.59","63.16","26.316","0.47","0","2.46","38.46","7.65","34.57","5.95","0.09","0","15.49","78.05","2.93","67.74","0.57","83.33","0.11","0.19","0.28","33.33","0.38","1.23","84.62","0.94","30","1.04","0.76","62.5"
"Hereda","Brazil 1.","Sport Recife","RB, RWB, LB","27","250000","2026-12-31","11","937","0","1","Brazil","right","177","8.84","7.2","72","2.5","50","0.19","4.09","3.46","0","0.03","0","1.06","18.18","0","3.46","27.78","3.36","68.57","7.59","53.16","1.25","1.73","0.19","35.54","78.65","11.33","72.88","1.73","38.89","0.05","0","0","0","0.58","3.46","77.78","3.17","45.45","0.58","6.24","66.15"
"Ricardo Ryller","Brazil 1.","Vitória","DMF, RDMF, RCMF","31","650000","2025-12-31","16","937","0","0","Brazil","right","184","7.97","7.11","50","2.21","47.83","0.67","4.71","0.48","0","0.04","0","0.58","50","0","0.48","20","0.29","33.33","3.17","48.48","0.29","0.19","0","35.83","84.18","8.93","67.74","4.8","62","0.03","0","0","0","0.1","6.63","68.12","0.67","28.57","0.19","6.15","67.19"
"Jorginho","Brazil 1.","Flamengo","RDMF, LCMF, DMF","33","12000000","","11","934","0","0","Brazil","right","178","6.75","5.3","58.18","1.16","41.67","0.1","5.3","0.48","0","0.02","0","0.58","16.67","0","0.58","50","0.58","16.67","3.08","37.5","0.39","0.67","0","83.25","92.01","25.25","82.82","6.84","66.2","0.03","0","0","0","0.19","12.62","80.15","2.99","61.29","1.16","10.12","85.71"
"Lucas Braga","Brazil 1.","Vitória","RW, RB, LW","28","1200000","2026-04-30","15","930","1","0","Brazil","right","184","5.13","4.65","50","3.1","25","0","3.08","1.74","0.1","0.08","0","0.58","50","16.667","1.35","21.43","3.1","37.5","7.74","35","1.35","2.13","0.29","24.77","80.47","7.94","63.41","1.65","52.94","0.07","0","0","0","0.29","2.81","68.97","1.45","40","0.77","4.06","59.52"
"Gilberto","Brazil 1.","Juventude","CF","36","400000","","18","930","2","2","Brazil","right","178","2.81","3.1","31.25","6.97","33.33","0","2.14","1.65","0.19","0.23","0.1","1.84","52.63","10.526","0.29","66.67","1.16","41.67","5.61","37.93","2.23","0.29","0.1","11.81","72.95","2.32","41.67","0.48","40","0.04","0.1","0.1","0","0.29","0.97","30","0.39","25","0.19","0.97","50"
"R. Garro","Brazil 1.","Corinthians","AMF, CF","27","0","","11","930","0","1","Argentina","left","174","3.48","3.19","54.55","0.97","20","0","1.91","2.32","0","0.08","0","1.16","33.33","0","1.84","36.84","2.81","37.93","10.35","44.86","0.97","1.84","0.29","42.19","77.75","14.13","63.01","6.39","60.61","0.27","0","0.29","66.67","0.48","7.84","67.9","5.61","50","2.13","7.94","87.8"
"Lima","Brazil 1.","Fluminense","AMF, CF, RAMF","29","3000000","2025-12-31","19","921","2","1","Brazil","right","181","3.71","3.81","48.72","1.47","46.67","0.1","2.6","2.05","0.2","0.2","0","1.95","30","10","0.39","50","2.74","46.43","8.5","39.08","1.95","1.86","0.2","37.33","87.43","8.11","72.29","0.88","66.67","0.04","0.1","0.1","0","0.2","4.5","73.91","0.78","37.5","0.39","3.13","62.5"
"Wendell","Brazil 1.","São Paulo","LB, LWB","32","7000000","","15","919","0","1","Brazil","left","176","8.81","6.07","62.9","2.06","57.14","0.1","5.67","0.88","0","0.02","0","0.39","0","0","2.64","11.11","0.88","55.56","3.53","61.11","1.27","2.45","0.39","37.21","83.16","12.54","79.69","2.74","57.14","0.05","0","0.1","100","0.39","3.23","78.79","2.15","45.45","1.18","5.58","73.68"
"Everaldo","Brazil 1.","Fluminense","CF","34","650000","2025-12-31","19","915","2","0","Brazil","right","182","1.38","1.97","45","7.38","44","0","0.71","1.28","0.2","0.37","0.1","2.16","36.36","9.091","0.3","66.67","0.98","30","8.16","22.89","3.54","0.49","0","15.34","76.28","2.66","62.96","0.49","60","0.09","0","0","0","0.49","1.38","64.29","0.39","75","0.79","1.28","46.15"
"F. Bernal","Brazil 1.","Fluminense","RDMF, RCMF, DMF","22","0","","14","914","0","0","Uruguay","right","187","8.37","6.4","61.54","2.26","60.87","0.39","5.27","0.59","0","0.03","0","1.18","33.33","0","0","0","0.39","50","2.76","42.86","0.3","0.1","0","41.85","86.35","11.23","71.93","4.73","50","0","0.1","0","0","0","6.7","69.12","0.59","33.33","0.1","5.12","71.15"
"Vitor Hugo","Brazil 1.","Atlético Mineiro","LCB, CB","34","1500000","2026-12-31","12","914","1","0","Brazil","left","187","6.99","4.23","76.74","3.35","61.76","0.69","5.31","0.2","0.1","0.09","0.1","0.49","20","20","0","0","0.1","100","0.79","37.5","0.49","0.69","0","46.38","91.3","17.04","82.08","2.26","52.17","0","0","0","0","0","4.43","86.67","0.1","0","0.1","6.7","70.59"
"Jandrei","Brazil 1.","Juventude","GK","32","400000","2026-12-31","9","912","0","0","Brazil","right","186","1.38","0","0","0.2","100","0","1.62","0","0","0","0","0","0","0","0","0","0","0","0","0","0","0","0","18.75","77.89","11.25","70.18","8.98","61.54","0","0","0","0","0","2.47","48","0.1","0","0","6.61","74.63"
"Mayke","Brazil 1.","Santos","RB","32","3000000","2025-12-31","11","907","0","0","Brazil","right","179","6.95","6.35","60.94","2.38","33.33","0.3","4.1","1.29","0","0","0","0.3","0","0","2.58","19.23","0.99","80","2.98","53.33","0.79","1.09","0.1","36.62","81.84","15.58","77.71","2.78","57.14","0.01","0","0.1","0","0.1","5.16","71.15","1.89","26.32","0.3","6.75","75"
"Estevão","Brazil 1.","Palmeiras","RWF, RAMF, AMF","18","0","2033-06-30","11","906","0","3","Brazil","left","170","2.88","4.27","44.19","1.09","9.09","0","1.49","4.67","0","0.15","0","1.89","10.53","0","2.19","27.27","8.05","48.15","14.8","42.28","3.18","4.97","0.7","23.05","80.6","5.46","76.36","1.29","76.92","0.14","0","0","0","0.7","2.28","78.26","2.68","44.44","1.79","4.17","88.1"
"S. Rodríguez","Brazil 1.","Botafogo","RAMF, LW, RW","25","4500000","2027-12-31","18","906","2","3","Uruguay","right","175","6.85","7.45","53.33","2.19","40.91","0.1","3.87","2.78","0.2","0.08","0.1","1.79","38.89","11.111","1.59","6.25","3.28","57.58","11.32","50","1.89","1.89","0.3","34.57","79.6","8.94","70","1.29","69.23","0.22","0","0.2","50","0.6","4.07","82.93","3.48","45.71","1.29","5.56","76.79"
"Francisco da Costa","Brazil 1.","Mirassol","CF","30","850000","2026-12-31","13","900","6","0","Brazil","right","185","1.3","1.7","17.65","3.6","44.44","0.2","1.08","1.4","0.6","0.3","0","1.6","43.75","37.5","0.2","0","1.9","36.84","5.2","25","2.6","0.1","0","14.8","75","3.1","38.71","0.4","75","0.02","0.1","0","0","0","0.9","88.89","0.6","16.67","0.5","1","50"
"Nicolás de la Cruz","Brazil 1.","Flamengo","LCMF, LDMF, RDMF","28","0","","14","900","0","0","Uruguay","right","167","4.7","5.1","60.78","1.3","61.54","0.2","2.42","1.3","0","0.05","0","1","30","0","0.7","28.57","1","70","4.9","67.35","0.4","1.2","0","67.8","89.53","18.3","80.87","4.2","69.05","0.12","0","0.2","50","0","10.3","85.44","2.6","53.85","1","8.9","76.4"
"Gabriel Menino","Brazil 1.","Atlético Mineiro","LCMF, RCMF","25","9000000","2027-12-31","18","900","1","1","Brazil","right","180","6.8","4.6","60.87","2.2","36.36","0.1","5.22","2.1","0.1","0.1","0","1.1","36.36","9.091","1","30","1.8","72.22","7.2","44.44","1.5","2.5","0.1","46.9","84.43","14.8","78.38","5","58","0.14","0.1","0.1","100","0.4","7.6","76.32","2.6","42.31","0.8","7.5","80"
"Ignácio","Brazil 1.","Fluminense","RCB","28","1500000","2028-06-30","13","892","0","0","Brazil","right","190","8.17","6.36","69.84","4.34","67.44","0.3","4.87","0.71","0","0.04","0","0.5","60","0","0","0","0.4","100","2.52","60","0.91","0.4","0","46.41","86.96","15.24","69.54","3.53","31.43","0.01","0","0","0","0.1","3.33","60.61","0.5","0","0.2","4.94","48.98"
"L. Rodríguez","Brazil 1.","Bahia","CF","22","8000000","2029-06-30","18","889","2","0","Uruguay","right","179","4.66","4.96","55.1","1.82","38.89","0.1","2.23","2.43","0.2","0.31","0","2.83","39.29","7.143","0.3","0","3.04","43.33","8.1","36.25","3.24","1.62","0.2","15.29","76.16","3.04","50","0.81","25","0","0","0.1","0","0.1","1.01","60","0.81","12.5","0.3","1.42","42.86"
"T. Pochettino","Brazil 1.","Fortaleza","AMF, CF, LCMF","29","2500000","2027-12-31","16","887","1","2","Argentina","right","180","6.9","5.48","64.81","1.72","47.06","0.1","3.84","4.26","0.1","0.07","0","2.13","47.62","4.762","5.17","21.57","3.75","56.76","7.1","45.71","2.33","2.94","0.51","29.22","63.19","9.54","53.19","4.67","30.43","0.1","0","0.1","0","0.3","4.87","62.5","6.09","30","0.71","5.68","73.21"
"I. Laquintana","Brazil 1.","Red Bull Bragantino","RAMF, RW","26","1000000","2027-12-31","18","883","4","3","Uruguay","right","173","4.48","3.47","52.94","1.43","35.71","0.2","3.52","3.16","0.41","0.17","0.1","1.94","47.37","21.053","3.57","22.86","2.45","54.17","5.3","38.46","3.36","1.22","0.1","24.67","69.42","5.1","66","1.12","36.36","0.13","0","0.1","100","0.92","1.63","50","2.24","40.91","1.02","4.99","71.43"
"Marcos Paulo","Brazil 1.","Juventude","LCB","22","0","2025-12-31","10","880","0","0","Brazil","left","0","8.49","5.63","60","3.78","59.46","0.72","5.78","0.72","0","0.03","0","0.51","80","0","0.2","50","0.51","40","1.84","33.33","0.72","0.92","0.2","39.38","83.38","17.69","73.41","5.11","46","0","0","0","0","0","3.78","70.27","0.51","20","0.2","7.57","60.81"
"E. Brítez","Brazil 1.","Fortaleza","RCB, RB","33","800000","2027-12-31","9","875","0","1","Argentina","right","178","7.71","6.07","64.41","3.91","63.16","0.51","5.05","0.51","0","0.01","0","0.21","0","0","1.03","20","0.21","100","2.06","70","0.51","1.13","0","40.53","88.58","16.66","80.86","3.81","62.16","0.05","0","0.21","50","0.31","6.27","81.97","1.85","33.33","0.51","7.92","89.61"
"Kayky","Brazil 1.","Bahia","RWF, LWF, LW","22","7000000","2026-06-30","20","874","1","1","Brazil","left","172","6.18","6.28","62.3","0.62","33.33","0","3.27","3.4","0.1","0.14","0","1.34","46.15","7.692","1.34","15.38","3.91","63.16","8.96","44.83","3.09","4.02","0.1","33.16","81.06","6.69","70.77","1.75","47.06","0.08","0.21","0.31","33.33","0.51","2.16","61.9","2.47","58.33","1.96","3.81","75.68"
"Diogo Barbosa","Brazil 1.","Fortaleza","LB","33","600000","","12","874","1","0","Brazil","left","179","7.31","6.9","50.75","2.68","46.15","0","4.66","1.65","0.1","0.03","0","0.51","40","20","1.75","35.29","1.13","72.73","3.4","54.55","1.44","1.44","0.21","25.74","80","9.78","63.16","2.57","44","0.04","0","0.1","0","0.21","3.3","71.88","2.06","45","0.62","5.97","67.24"
"Lucas Ferreira","Brazil 1.","São Paulo","RAMF","19","0","","13","866","0","0","Brazil","left","187","7.17","6.55","61.9","2.7","50","0.21","4.31","4.68","0","0.06","0","1.66","37.5","0","2.18","33.33","6.13","52.54","12.16","41.88","1.35","2.81","0.73","18.29","75.57","4.68","66.67","0.42","75","0.08","0.1","0.21","50","0.21","1.87","72.22","2.39","47.83","0.62","3.22","83.87"
"Jemerson","Brazil 1.","Grêmio","RCB","33","1700000","2026-12-31","9","864","1","0","Brazil","right","184","9.06","7.5","70.83","4.9","48.94","0.31","4.27","0.1","0.1","0.09","0","0.31","33.33","33.333","0","0","0","0","0.83","62.5","0.63","1.25","0","34.9","87.16","10.1","71.13","4.27","48.78","0","0","0","0","0","4.17","62.5","0.21","50","0.1","4.79","63.04"
"Cauly","Brazil 1.","Bahia","CF, RWF, RW","30","6000000","2028-12-31","19","854","1","2","Brazil","right","175","4.11","4.74","48.89","0.63","16.67","0","2.51","2.21","0.11","0.19","0","1.48","35.71","7.143","0.74","28.57","2.85","40.74","7.06","25.37","2.53","1.26","0.11","34.78","86.06","8.64","75.61","0.84","37.5","0.08","0","0.32","100","0.32","3.27","83.87","1.69","62.5","1.05","2.74","69.23"
"S. Arias","Brazil 1.","Bahia","RB","33","2500000","2025-12-31","13","840","0","0","Colombia","right","177","7.39","5.79","59.26","2.04","26.32","0.21","6","1.5","0","0.03","0","0.54","40","0","2.68","36","0.43","75","2.25","52.38","0.75","1.5","0.21","52.71","84.76","22.5","81.9","2.14","25","0.04","0.11","0","0","0.32","5.79","87.04","2.25","42.86","0.11","9.64","73.33"
"Ronaldo","Brazil 1.","Internacional","DMF, RDMF","28","700000","","13","833","0","0","Brazil","right","179","10.37","8.97","65.06","2.59","54.17","0.22","6.16","0.32","0","0.06","0","0.86","25","0","0","0","0.22","50","2.16","25","0.22","0.76","0","53.81","94.58","13.83","87.5","3.24","80","0","0","0","0","0","6.7","93.55","0.32","0","0","7.35","80.88"
"Tinga","Brazil 1.","Fortaleza","RB, RCB","32","1200000","2026-04-30","10","826","1","0","Brazil","right","179","7.3","4.69","60.47","4.03","59.46","0.44","5.13","1.42","0.11","0.06","0.11","0.44","25","25","2.18","35","0.76","71.43","1.85","47.06","1.63","0.98","0.11","36.5","78.21","15.25","73.57","4.47","60.98","0.03","0","0.11","0","0.11","5.56","80.39","2.62","45.83","0.65","9.48","67.82"
"E. Martínez","Brazil 1.","Fortaleza","RCMF, LCMF, LW","31","1200000","2027-06-30","14","820","1","1","Argentina","right","177","7.68","7.35","58.21","1.65","20","0.33","3.55","1.65","0.11","0.05","0","0.99","44.44","11.111","1.21","36.36","1.43","53.85","5.16","46.81","0.77","1.21","0.22","44.12","89.3","11.41","76.92","2.41","54.55","0.07","0","0.11","0","0.33","5.82","71.7","1.21","63.64","0.33","5.49","80"
"Bruno Pacheco","Brazil 1.","Fortaleza","LB","33","450000","","9","811","1","1","Brazil","left","174","7.66","6.21","58.93","4.44","45","0.11","4.47","2.22","0.11","0.04","0","0.33","66.67","33.333","1.66","26.67","2","77.78","5.99","50","1.33","2.11","0.44","25.41","80.79","10.21","71.74","3.44","41.94","0.05","0","0","0","0.22","3.66","72.73","1.22","54.55","0.33","4.66","76.19"
"Fágner","Brazil 1.","Cruzeiro","RB","36","500000","2026-12-31","9","808","0","0","Brazil","right","168","8.24","7.57","55.88","2","55.56","0","4.31","2.23","0","0","0","0.22","0","0","3.9","31.43","1.67","53.33","2.67","50","0.78","1.11","0.22","32.19","74.05","13.7","67.48","5.24","48.94","0.06","0.22","0.11","100","0.22","5.01","60","3.56","46.88","0.45","9.02","82.72"
"Gil","Brazil 1.","Santos","RCB, LCB","38","300000","","8","808","0","0","Brazil","right","192","6.68","5.79","59.62","2.67","58.33","0.45","4.33","0.11","0","0.01","0","0.22","0","0","0","0","0.11","100","0.45","50","0.33","0","0","31.08","92.47","11.47","85.44","2.34","61.9","0","0","0","0","0","2.9","84.62","0.11","0","0","4.23","68.42"
"Janderson","Brazil 1.","Vitória","CF, LW","26","0","","11","807","1","0","Brazil","both","189","4.57","5.24","57.45","4.68","30.95","0.22","1.79","1.9","0.11","0.16","0.11","1","33.33","11.111","0.56","0","2.68","58.33","10.59","33.68","1.67","1.67","0.33","14.28","75","3.01","55.56","0.89","12.5","0.02","0","0","0","0","0.67","50","0.78","14.29","0.67","1.45","30.77"
"I. Pitta","Brazil 1.","Red Bull Bragantino","CF","26","4000000","2026-12-31","16","804","6","1","Paraguay","right","183","2.57","1.9","64.71","3.92","40","0.11","1.6","1.9","0.67","0.27","0.11","2.01","50","33.333","0.56","40","1.34","50","6.94","32.26","3.13","1.23","0.22","19.81","77.4","4.81","53.49","1.57","42.86","0.07","0","0","0","0.34","1.57","50","1.46","53.85","1.34","2.01","66.67"
"Matheus Rossetto","Brazil 1.","Fortaleza","DMF, RCMF, LCMF","29","1500000","","12","802","0","0","Brazil","right","180","4.71","2.92","65.38","1.12","40","0.45","3.44","0.45","0","0","0","0.11","0","0","0.22","100","0.79","28.57","3.7","36.36","0","0.9","0","50.95","92.29","14.25","84.25","3.59","62.5","0.01","0","0","0","0","7.41","84.85","0.9","75","0.45","6.85","86.89"
"Gabriel Barbosa","Brazil 1.","Cruzeiro","CF, AMF","29","8000000","","21","799","6","2","Brazil","left","178","1.8","2.14","42.11","0.34","33.33","0","1.29","2.7","0.56","0.45","0","3.04","51.85","22.222","0.79","42.86","1.58","35.71","5.07","37.78","3.15","1.24","0.11","20.95","83.33","4.73","78.57","1.13","70","0.07","0","0.34","66.67","0.34","2.03","77.78","1.69","73.33","1.13","2.7","83.33"
"A. Montoro","Brazil 1.","Botafogo","LAMF, LW, RAMF","18","0","","11","799","2","2","Argentina","right","170","6.31","4.96","63.64","0.79","14.29","0","3.61","4.51","0.23","0.22","0","1.35","50","16.667","1.69","46.67","4.62","60.98","10.59","41.49","2.37","1.69","0.11","38.86","84.64","11.15","74.75","1.8","75","0.12","0.11","0.68","33.33","0.56","4.51","80","4.06","61.11","1.69","5.74","84.31"
"Fausto Vera","Brazil 1.","Atlético Mineiro","LDMF, RCMF, LCMF","25","4500000","2027-12-31","11","794","1","0","Argentina","right","180","6.69","5.78","68.63","1.25","45.45","0.45","3.88","0.45","0.11","0.07","0.11","0.79","14.29","14.286","0.34","0","0.45","75","2.83","44","0.45","0.91","0","46.02","92.12","12.02","85.85","1.81","62.5","0.02","0","0","0","0","5.78","94.12","0.91","50","0.34","3.97","82.86"
"G. Fuentes","Brazil 1.","Fluminense","LB","28","1800000","","8","791","0","0","Colombia","left","180","5.46","5.35","59.57","2.05","72.22","0","3.55","1.93","0","0.03","0","0.46","50","0","2.84","40","0.8","71.43","3.41","43.33","1.37","1.14","0.11","43.24","86.58","13.08","78.26","2.39","38.1","0.06","0","0","0","0.23","4.55","80","3.41","56.67","1.25","6.94","78.69"
"Léo Pereira","Brazil 1.","Sport Recife","LAMF, LW, LWF","25","1200000","2026-12-31","15","788","0","1","Brazil","right","172","5.71","6.51","61.4","2.4","28.57","0","2.2","4.11","0","0.11","0","1.71","20","0","3.65","28.13","4.8","57.14","12.68","36.94","2.4","1.83","0.69","12.34","55.56","2.4","47.62","0.57","0","0.08","0","0","0","0.34","0.57","60","2.74","45.83","0.57","2.4","71.43"
"R. Ríos","Brazil 1.","Palmeiras","RCMF, RDMF, LCMF","25","0","2028-12-31","10","788","0","1","Colombia","right","185","7.42","7.54","53.03","2.4","42.86","0.23","4.84","2.63","0","0.05","0","1.37","16.67","0","1.83","37.5","2.74","58.33","9.02","44.3","1.48","1.94","0.23","34.84","85.25","6.97","68.85","3.43","70","0.12","0","0.23","50","0.34","4.45","71.79","1.71","60","0.57","4.23","72.97"
"D. Giraldo","Brazil 1.","Juventude","LCMF, DMF, LDMF","33","650000","2025-12-31","14","776","0","0","Colombia","right","178","7.77","6.61","43.86","1.86","50","0.46","6.06","0.23","0","0","0","0.23","0","0","0.12","0","0.58","40","1.28","36.36","0.23","0.58","0","39.55","88.86","11.13","72.92","3.25","60.71","0","0","0","0","0","4.99","76.74","0.58","60","0.23","4.52","64.1"
"Vitinho","Brazil 1.","Internacional","RAMF, RW, RCMF","26","7000000","2026-06-30","15","776","2","0","Brazil","right","181","6.03","6.96","36.67","4.76","39.02","0.12","3.45","1.28","0.23","0.18","0","1.62","28.57","14.286","0.81","14.29","1.86","37.5","7.65","33.33","2.55","0.93","0.12","23.08","78.39","4.64","60","0.23","100","0.04","0","0","0","0.12","1.86","43.75","0.58","80","0.46","2.67","60.87"
"H. Mosquera","Brazil 1.","Red Bull Bragantino","LAMF, RAMF, RW","23","0","","15","774","0","0","Colombia","right","175","6.28","5.93","72.55","1.05","22.22","0","2.67","5.7","0","0.13","0","2.09","44.44","0","2.67","34.78","8.6","44.59","18.49","35.22","2.44","4.88","0.47","27.09","78.54","5.23","48.89","0.35","33.33","0.04","0","0","0","0.47","1.86","62.5","3.14","55.56","1.05","3.14","74.07"
"Gabriel Veron","Brazil 1.","Juventude","LW, RW, RAMF","23","7000000","2027-06-30","17","773","0","0","Brazil","right","176","3.96","5.12","52.27","2.33","45","0.12","1.59","2.1","0","0.07","0","0.82","42.86","0","0.93","25","2.68","52.17","6.75","36.21","1.86","1.75","0.82","21.31","75.96","5.59","62.5","0.82","42.86","0.07","0","0.12","100","0.47","1.75","80","1.16","70","1.28","2.79","66.67"
"Gabriel Xavier","Brazil 1.","Bahia","RCB","24","2500000","2029-12-31","9","771","0","0","Brazil","right","190","7.24","4.09","51.43","4.9","71.43","0.58","6.89","0","0","0.03","0","0.23","0","0","0","0","0","0","0.47","75","0.35","0.12","0","44.12","90.48","14.12","76.03","5.14","70.45","0","0","0","0","0","2.33","80","0.23","0","0","4.55","48.72"
"Marinho","Brazil 1.","Fortaleza","RAMF, CF, RWF","35","600000","2025-12-31","16","767","1","1","Brazil","left","169","5.16","6.45","45.45","2.58","13.64","0","2.52","4.22","0.12","0.21","0","3.4","27.59","3.448","3.4","27.59","5.4","41.3","14.2","38.84","2.58","3.05","0.23","22.88","70.26","4.81","53.66","1.76","26.67","0.17","0","0.12","100","0.82","2.82","45.83","3.64","48.39","1.17","4.11","68.57"
"Rodriguinho","Brazil 1.","São Paulo","AMF, LCMF, DMF","21","0","2026-12-31","17","764","0","0","Brazil","right","185","7.77","7.77","63.64","2.12","44.44","0.12","3.41","3.06","0","0.22","0","2.47","28.57","0","1.65","42.86","3.06","46.15","9.07","33.77","2.12","2.47","0.47","37.58","82.76","8.25","68.57","1.41","33.33","0.07","0","0.47","50","0.24","4.95","69.05","1.77","53.33","0.59","4.71","75"
"Aylon","Brazil 1.","Ceará","LAMF, CF, LW","33","350000","","17","764","2","0","Brazil","right","180","6.6","7.42","47.62","4.95","33.33","0.12","3.27","2","0.24","0.22","0","1.53","46.15","15.385","0.82","42.86","2.12","44.44","8.25","35.71","2.24","0.71","0.24","18.85","75.63","4.71","65","1.06","66.67","0.02","0","0","0","0.12","1.88","75","1.3","54.55","0.47","2.47","66.67"
"Fernando Miguel","Brazil 1.","Ceará","GK","40","150000","2025-12-31","8","761","0","0","Brazil","left","191","1.66","0","0","0.71","100","0","2.06","0","0","0","0","0","0","0","0","0","0","0","0.24","100","0","0.12","0","13.6","86.09","7.69","78.46","5.44","71.74","0","0","0","0","0","1.89","81.25","0.12","0","0","4.38","83.78"
"Samuel Lino","Brazil 1.","Flamengo","LAMF, LW","25","30000000","2027-06-30","10","758","2","3","Brazil","right","170","6.41","5.58","59.57","1.31","27.27","0.24","4.72","5.34","0.24","0.25","0.12","2.73","26.09","8.696","3.09","30.77","6.89","53.45","12.11","44.12","4.16","4.75","0.24","40.49","81.23","7.24","70.49","1.31","63.64","0.18","0.24","0.24","0","0.71","3.09","69.23","2.85","66.67","1.9","5.82","75.51"
"Eduardo","Brazil 1.","Cruzeiro","LDMF, RAMF, AMF","35","1000000","","20","757","1","0","Brazil","right","184","6.3","4.4","45.95","3.8","43.75","0.24","6.18","0.48","0.12","0.09","0.12","0.71","50","16.667","0.12","0","0.48","25","3.09","42.31","1.19","0.71","0.12","31.27","85.93","8.8","72.97","1.66","64.29","0.05","0","0.12","0","0.24","4.99","73.81","0.71","33.33","0.36","4.64","79.49"
"Léo Linck","Brazil 1.","Botafogo","GK","24","1000000","2026-12-31","8","757","0","0","Brazil","right","195","0.83","0","0","0.12","100","0","1.15","0","0","0","0","0","0","0","0","0","0","0","0","0","0","0","0","19.5","85.98","11.18","76.6","6.9","67.24","0","0","0","0","0","1.31","45.45","0.24","0","0","5.23","68.18"
"Maykon","Brazil 1.","Vitória","LB","19","0","","8","756","0","0","Brazil","unknown","0","9.52","8.57","55.56","2.14","50","0.12","5.14","1.43","0","0.01","0","0.48","25","0","3.69","16.13","1.43","50","3.69","35.48","0.71","1.31","0.12","28.45","66.95","11.67","67.35","3.69","38.71","0.05","0","0","0","0.24","3.57","63.33","2.62","27.27","0.36","5.83","51.02"
"Allan","Brazil 1.","Flamengo","LDMF, RCMF, LCMF","28","6000000","2027-12-31","13","748","0","0","Brazil","left","172","6.14","4.69","41.03","1.08","44.44","0.6","7.09","1.08","0","0.02","0","0.72","33.33","0","0.48","100","0.36","33.33","4.21","28.57","0.12","1.2","0","65.82","94.52","14.32","84.03","5.05","71.43","0.02","0.12","0.24","100","0.12","11.07","90.22","2.29","68.42","0.96","7.82","84.62"
"Gui Negão","Brazil 1.","Corinthians","CF, AMF","18","0","2027-05-09","12","746","3","1","Brazil","unknown","189","4.71","5.43","37.78","2.77","8.7","0.12","2.73","1.81","0.36","0.25","0.12","0.97","37.5","37.5","0.72","16.67","1.81","60","9.29","38.96","2.29","0.6","0.12","12.55","70.19","1.93","56.25","0.84","14.29","0.01","0","0.36","66.67","0.12","1.21","60","0.97","37.5","0.6","2.29","52.63"
"Evertton","Brazil 1.","Flamengo","RCMF, RDMF, LDMF","22","1000000","","11","744","1","0","Brazil","right","0","6.05","5.2","58.14","2.42","40","0.24","4.87","0.97","0.12","0.05","0","0.97","62.5","12.5","0","0","0.36","100","3.75","32.26","0.24","0.73","0","40.89","92.01","10.65","84.09","1.57","69.23","0","0","0","0","0","6.53","85.19","0.48","50","0.24","3.27","88.89"
"Lucca Prior","Brazil 1.","Fortaleza","AMF, RAMF, CF","21","0","","12","743","2","0","Brazil","","169","5.94","6.66","54.55","2.66","40.91","0.12","2.56","3.15","0.24","0.12","0.12","1.45","33.33","16.667","2.66","31.82","3.03","48","10.54","42.53","1.57","2.3","0.24","32.95","75.74","11.51","72.63","1.82","46.67","0.11","0","0.48","75","0.61","4.24","74.29","4","66.67","1.82","5.94","83.67"
"Gerson","Brazil 1.","Flamengo","RAMF, RW, RDMF","28","0","","9","741","0","2","Brazil","left","184","7.17","6.44","66.04","1.09","33.33","0.12","3.7","2.43","0","0.08","0","0.85","57.14","0","0.61","60","1.94","62.5","9.72","43.75","2.43","1.58","0.24","48.34","90.95","12.63","85.58","3.4","75","0.11","0","0.61","60","0.85","5.95","87.76","3.16","65.38","2.06","5.95","93.88"
"Ayrton Lucas","Brazil 1.","Flamengo","LB","28","8000000","2027-12-31","11","737","1","0","Brazil","left","180","7.08","7.33","56.67","3.66","60","0.12","3.8","2.08","0.12","0.03","0","0.61","40","20","1.59","30.77","1.71","78.57","4.15","64.71","0.73","2.44","0.49","56.3","91.11","20.64","89.94","2.44","45","0.03","0.12","0","0","0.12","7.94","96.92","1.47","41.67","0.37","9.4","81.82"
"Edu","Brazil 1.","Vitória","RCB, RB","25","500000","2028-12-31","13","736","0","0","Brazil","right","185","10.64","6.36","80.77","3.55","44.83","0.73","6.35","0.12","0","0.05","0","0.49","25","0","0","0","0","0","1.59","38.46","0.86","0.12","0","26.66","78.9","11.37","63.44","4.04","36.36","0.05","0","0","0","0.12","3.42","64.29","0.12","100","0.12","6.48","56.6"
"Willian Oliveira","Brazil 1.","Vitória","LCMF, LDMF","32","500000","2025-12-31","11","735","0","0","Brazil","right","179","7.47","4.29","45.71","2.2","22.22","0.12","5.31","0.24","0","0.09","0","1.1","11.11","0","0.12","0","0.61","20","3.06","56","0.98","0.37","0","29.76","86.42","7.1","74.14","1.1","55.56","0","0","0","0","0","3.92","75","0.12","0","0","3.8","64.52"
"Pablo","Brazil 1.","Sport Recife","CF","33","800000","2025-12-31","12","729","1","1","Brazil","right","185","3.83","2.96","54.17","5.31","44.19","0.12","2.67","0.62","0.12","0.1","0.12","1.48","25","8.333","0.37","33.33","1.11","11.11","7.65","25.81","2.35","0.25","0","19.14","78.71","4.2","76.47","0.86","71.43","0.07","0","0","0","0.25","2.1","76.47","0.25","50","0.62","2.35","73.68"
"Matheus Martins","Brazil 1.","Botafogo","LAMF, LW","22","7000000","2028-12-31","13","729","1","0","Brazil","right","179","3.7","2.59","66.67","1.11","22.22","0","2.73","4.94","0.12","0.18","0","1.85","46.67","6.667","1.73","35.71","5.56","60","15.93","39.53","3.46","4.57","0.37","29.38","85.71","4.69","71.05","0.62","20","0.06","0.25","0.12","100","0.25","1.48","66.67","2.96","66.67","0.99","3.33","77.78"
"Danilo","Brazil 1.","Flamengo","RCB","34","10000000","","11","727","1","0","Brazil","right","184","4.58","3.84","48.39","3.22","46.15","0.37","4.47","0.62","0.12","0.14","0.12","0.5","50","25","0.5","75","0","0","0.74","50","0.5","2.1","0","82.32","93.98","31.07","88.84","7.43","60","0.01","0","0","0","0","12.38","84","1.11","66.67","0.5","14.98","83.47"
"Alesson","Brazil 1.","Mirassol","LWF, LW, LAMF","26","550000","2025-12-31","14","725","3","3","Brazil","right","173","7.08","7.57","54.1","2.98","41.67","0.12","3.99","4.47","0.37","0.4","0.12","1.24","50","30","3.48","42.86","5.71","41.3","13.03","30.48","2.98","2.73","0.37","20.98","79.29","3.6","72.41","1.24","80","0.1","0","0.12","0","0.62","1.24","100","2.86","47.83","0.74","3.72","83.33"
"Éverton","Brazil 1.","Flamengo","LAMF, LW","29","10000000","2026-06-30","16","722","1","1","Brazil","right","174","3.49","4.61","48.65","1.87","40","0","2.04","2.37","0.12","0.25","0","2.12","17.65","5.882","2.12","17.65","4.24","38.24","9.85","24.05","3.12","4.24","0.5","29.04","81.12","4.86","58.97","0.62","60","0.11","0","0.25","0","0.37","1.87","86.67","2.24","33.33","1","2.49","85"
"Camilo","Brazil 1.","Grêmio","RDMF, RB","26","1000000","2026-06-30","13","715","0","0","Brazil","right","178","10.2","8.81","62.86","2.39","42.11","0.25","5","0.63","0","0.01","0","0.63","0","0","0.38","0","0.88","71.43","3.9","25.81","0.13","0.88","0","24.55","76.92","11.96","69.47","2.14","41.18","0.04","0","0","0","0.13","5.16","63.41","1.13","33.33","0.38","4.41","68.57"
"Enner Valencia","Brazil 1.","Internacional","CF","35","2500000","2026-06-30","14","712","1","0","Ecuador","right","177","1.9","3.29","23.08","5.31","14.29","0.25","1.64","1.77","0.13","0.28","0","1.64","46.15","7.692","0.76","33.33","2.28","33.33","10.49","20.48","3.29","1.01","0.25","15.04","87.39","1.77","92.86","0.25","50","0.06","0","0","0","0","0.76","83.33","0.76","50","0.63","0.63","60"
"Saúl Ñíguez","Brazil 1.","Flamengo","LDMF, LCMF","30","7500000","2026-06-30","8","711","0","1","Spain","left","183","9.87","7.59","63.33","2.41","21.05","0.13","7.14","1.14","0","0.09","0","1.39","9.09","0","0.63","100","0.63","60","3.67","41.38","0.51","0.51","0.13","55.44","92.69","12.91","85.29","3.29","61.54","0.05","0.13","0","0","0.25","6.08","85.42","1.52","75","0.38","4.94","79.49"
"Erick Pulgar","Brazil 1.","Flamengo","RDMF, RCMF, LDMF","31","5000000","2025-12-31","9","704","1","0","Chile","right","187","6.39","5.75","53.33","1.28","80","0.38","4.13","0.77","0.13","0.03","0.13","0.38","66.67","33.333","0.51","25","0.26","100","2.56","45","1.02","0.38","0","59.45","93.12","14.06","85.45","1.92","66.67","0.06","0","0.26","50","0","7.54","84.75","1.53","41.67","0.64","5.88","80.43"
"Igor Vinícius","Brazil 1.","Santos","RB","28","2500000","2025-12-31","13","699","0","0","Brazil","right","174","7.98","8.5","57.58","3.09","50","0","3.36","3.73","0","0.07","0","0.64","40","0","3.86","43.33","3.22","56","7.85","49.18","1.42","2.32","0.13","39.27","86.23","13.13","80.39","1.8","71.43","0.1","0","0.13","0","1.03","4.64","91.67","3.22","64","0.77","7.34","78.95"
"Pepê","Brazil 1.","Vitória","LCMF, LDMF","27","3000000","2025-12-31","13","698","0","0","Brazil","right","183","9.28","8.51","63.64","2.84","36.36","0.39","4.66","0.9","0","0.01","0","0.52","25","0","0.52","50","1.03","50","6.06","48.94","0.64","1.03","0","34.3","85.34","11.99","78.49","3.22","44","0.02","0","0.39","0","0.13","5.54","76.74","1.03","37.5","0.26","5.03","71.79"
"Marcos Victor","Brazil 1.","Ceará","RCB","23","0","","7","696","0","0","Brazil","right","184","6.85","2.97","69.57","3.75","41.38","0.13","5.81","0.52","0","0.04","0","0.13","0","0","0.13","100","0.39","100","2.46","36.84","0.39","1.29","0","32.2","89.56","12.8","80.81","4.27","63.64","0.01","0","0","0","0","3.23","64","0.65","60","0.26","4.66","75"
"Y. Soteldo","Brazil 1.","Fluminense","LAMF, LW","28","7000000","2028-12-31","14","693","0","0","Venezuela","left","160","2.34","2.08","56.25","0.78","16.67","0","1.84","9.35","0","0.05","0","0.91","14.29","0","7.14","32.73","10","68.83","18.18","57.86","2.73","6.1","0.91","36.62","72.34","6.75","67.31","1.3","80","0.13","0","0","0","0.65","2.6","80","5.19","42.5","0.78","5.32","75.61"
"Guilherme","Brazil 1.","Red Bull Bragantino","LB","23","500000","2025-12-31","9","691","1","1","Brazil","left","177","8.86","7.55","53.45","2.34","44.44","0.52","5.51","2.21","0.13","0.07","0","0.39","33.33","33.333","3.39","38.46","1.43","45.45","3.78","37.93","0.39","2.47","0.39","43.76","82.14","14.72","72.57","3.78","48.28","0.09","0","0.13","100","0.39","4.82","67.57","2.6","40","0.13","6.9","66.04"
"Richardson","Brazil 1.","Ceará","RDMF, DMF, RCMF","34","300000","","11","690","0","0","Brazil","right","174","6.39","5.48","71.43","1.83","28.57","0.26","1.88","0.39","0","0.02","0","0.39","33.33","0","0.13","0","0.39","66.67","1.7","61.54","0.13","1.17","0.13","30.26","88.36","7.96","80.33","3.65","71.43","0","0","0","0","0","4.96","86.84","0.26","0","0.13","4.3","69.7"
"E. Noriega","Brazil 1.","Grêmio","RCB, RDMF","23","400000","2028-12-31","7","681","0","0","Peru","right","185","7","2.38","61.11","2.51","68.42","1.32","6.35","0.53","0","0.07","0","0.4","0","0","0.4","33.33","0.4","100","2.11","56.25","0.66","0.26","0","37.14","89.68","12.42","80.85","4.63","65.71","0.01","0","0","0","0","3.96","70","0.53","50","0.26","6.21","74.47"
"Matheus Henrique","Brazil 1.","Cruzeiro","LCMF, RW, LW","27","8500000","2029-06-30","13","674","0","0","Brazil","right","173","8.01","7.08","60.38","1.47","27.27","0.53","3.71","1.07","0","0.02","0","0.67","40","0","0.67","20","2","33.33","6.01","40","0.13","0.93","0","32.45","84.36","8.95","73.13","1.6","50","0.02","0","0.4","0","0.13","4.14","64.52","0.8","50","0.4","5.07","63.16"
"Rafael Ramos","Brazil 1.","Ceará","RB, LB","30","500000","","14","671","0","0","Portugal","right","168","9.52","11.13","54.22","2.68","45","0.27","3.85","1.74","0","0.01","0","0.67","20","0","2.68","35","0.94","71.43","2.41","72.22","0.54","1.61","0","31.52","74.89","15.02","74.11","3.76","46.43","0.07","0","0","0","0.54","4.16","61.29","3.35","48","0.67","8.18","73.77"
"Du Queiroz","Brazil 1.","Sport Recife","RCMF","25","3000000","2028-06-30","11","670","0","0","Brazil","right","171","7.39","7.52","58.93","1.34","10","0.13","3.71","1.21","0","0.11","0","0.81","16.67","0","0.94","71.43","1.48","27.27","4.7","25.71","1.07","1.21","0.13","42.18","85.99","14.1","76.19","3.09","69.57","0.07","0","0.13","0","0.13","5.91","81.82","2.42","72.22","1.07","5.91","79.55"
"Ganso","Brazil 1.","Fluminense","AMF, CF","35","600000","2025-12-31","14","669","0","0","Brazil","left","184","3.36","3.9","55.17","1.21","33.33","0.13","1.33","1.35","0","0.04","0","0.67","0","0","1.08","75","0.94","57.14","5.25","51.28","0.67","0.54","0","56.5","90.48","19.37","88.89","1.35","60","0.08","0.13","0.13","0","0.27","8.74","89.23","2.56","68.42","1.35","9.28","91.3"
"Sérgio Oliveira","Brazil 1.","Sport Recife","LCMF, RCMF","33","2500000","2026-06-30","8","665","1","0","Portugal","right","181","7.58","7.44","61.82","1.22","33.33","0","2.88","2.03","0.14","0.11","0","1.76","15.38","7.692","1.76","23.08","1.62","58.33","5.82","37.21","0.68","1.08","0","42.77","79.43","11.91","59.09","5.55","51.22","0.12","0.14","0.41","100","0.41","7.85","67.24","3.65","33.33","0.81","6.09","73.33"
"Caio Paulista","Brazil 1.","Atlético Mineiro","LB, LWB","27","3500000","2028-12-31","12","665","0","0","Brazil","left","184","6.36","5.82","55.81","2.03","73.33","0.14","4.65","2.57","0","0.16","0","2.03","13.33","0","2.57","42.11","3.25","33.33","6.77","40","1.49","2.03","0.41","41.82","84.47","13.4","74.75","2.44","55.56","0.05","0","0.14","100","0.27","3.92","72.41","2.3","58.82","0.54","6.09","75.56"
"Nicolas","Brazil 1.","Ceará","LB","28","1400000","2025-12-31","11","657","0","0","Brazil","left","181","5.75","5.21","57.89","0.96","42.86","0","3.19","3.01","0","0.02","0","0.68","20","0","5.07","35.14","2.05","53.33","4.66","55.88","0.55","2.05","0.41","36.16","78.79","13.56","74.75","4.11","36.67","0.04","0.14","0","0","0.14","3.7","66.67","4.38","56.25","0.96","7.53","76.36"
"David","Brazil 1.","Vasco da Gama","LAMF, LW, CF","29","2000000","","15","650","1","2","Brazil","right","180","4.15","3.74","55.56","2.63","36.84","0","3.23","2.22","0.14","0.13","0","1.38","50","10","0.69","20","3.05","45.45","8.31","35","2.77","2.22","0.14","25.34","79.23","4.98","72.22","0.55","25","0.11","0.14","0.28","0","0.55","1.52","54.55","0.97","57.14","0.69","2.77","50"
"André Henrique","Brazil 1.","Grêmio","CF","23","0","2026-12-31","17","648","3","1","Brazil","right","189","5.97","4.86","68.57","7.22","34.62","0.14","3.5","1.39","0.42","0.38","0.14","3.06","40.91","13.636","0.14","0","0.42","33.33","7.08","35.29","3.06","0.69","0.14","24.72","82.02","5.28","68.42","1.11","25","0.05","0","0","0","0.14","2.22","75","0.69","20","0.28","2.64","68.42"
"Deivid Washington","Brazil 1.","Santos","CF","20","0","","17","647","1","0","Brazil","right","185","2.92","3.2","43.48","5.01","36.11","0","1.95","1.25","0.14","0.21","0","2.09","20","6.667","0.42","66.67","2.23","25","7.79","39.29","2.64","1.39","0.28","12.24","85.23","1.67","83.33","0.14","0","0.04","0","0","0","0.14","0.83","83.33","0.7","80","0.56","0.83","83.33"
"Yago Felipe","Brazil 1.","Mirassol","AMF, LCMF","30","2000000","2025-12-31","15","647","0","1","Brazil","right","180","6.68","5.15","40.54","1.11","50","0.7","5.12","0.83","0","0.06","0","0.83","0","0","0.42","33.33","0.83","50","5.01","58.33","1.39","1.11","0.42","37","85.34","11.68","72.62","2.64","68.42","0.06","0","0.28","100","0.28","4.87","85.71","1.67","41.67","0.7","4.59","60.61"
"M. Araújo","Brazil 1.","Bahia","LCMF, RW, RCMF","29","1500000","2027-12-31","17","644","4","0","Uruguay","left","178","5.87","6.57","53.19","4.47","43.75","0.14","3.02","2.38","0.56","0.2","0","1.68","50","33.333","0.7","20","3.91","35.71","9.22","27.27","2.24","2.52","0.28","27.53","84.77","6.01","79.07","0.42","0","0.03","0","0","0","0.28","2.1","80","0.42","100","0.84","3.63","65.38"
"Rodrigo Sam","Brazil 1.","Juventude","LCB, RCB, CB","30","50000","2025-12-31","8","642","0","0","Brazil","right","187","6.17","5.75","48.78","5.61","65","0.14","4.6","0.28","0","0.02","0","0.28","50","0","0","0","0.14","100","2.52","55.56","0.42","0.42","0","41.5","90.54","14.44","80.58","1.96","42.86","0","0","0","0","0","3.22","69.57","0.28","100","0.28","4.35","58.06"
"F. Torres","Brazil 1.","Corinthians","RCB, RB, LCB","28","5000000","2027-12-31","9","637","0","0","Ecuador","right","187","7.35","6.08","58.14","2.68","42.11","0.28","5.86","0.42","0","0.01","0","0.14","0","0","0.28","50","0.57","50","1.55","27.27","0.42","0.28","0","55.95","92.42","19.5","82.61","4.8","70.59","0.01","0","0","0","0.14","3.81","77.78","0.57","25","0","7.21","76.47"
"Raphael Veiga","Brazil 1.","Palmeiras","AMF, RCMF, RAMF","30","0","","14","629","1","1","Brazil","left","178","4.58","3.58","72","1.14","37.5","0.43","3.23","2.15","0","0.15","0","1.57","36.36","9.091","1.14","37.5","1.29","77.78","6.72","57.45","1","0.72","0.14","29.76","84.13","11.3","74.68","3.86","44.44","0.24","0","0.29","50","0.29","5.72","72.5","2.58","44.44","0.86","4.58","87.5"
"Alex Muralha","Brazil 1.","Mirassol","GK","35","200000","2025-12-31","6","615","0","0","Brazil","right","188","2.2","0","0","0.44","100","0","3.04","0","0","0","0","0","0","0","0","0","0","0","0","0","0","0","0","16.68","85.09","8.78","75","6.44","65.91","0","0","0","0","0","1.61","54.55","0","0","0","4.54","77.42"
"Allan","Brazil 1.","Botafogo","RDMF, RW, LDMF","34","3500000","2026-12-31","14","612","0","0","Brazil","right","175","10.15","11.32","55.84","1.47","10","0.15","4.18","0.74","0","0","0","0","0","0","0.88","33.33","0.59","50","3.53","54.17","0.59","1.18","0.15","55.15","89.07","16.47","75","4.71","59.38","0.02","0","0.15","100","0","7.65","75","1.32","77.78","0.74","6.76","76.09"
"Jair","Brazil 1.","Vasco da Gama","LDMF, RDMF, RCMF","31","3000000","2025-12-31","11","612","0","0","Brazil","right","178","10.15","7.65","61.54","2.21","66.67","0.29","6.81","1.03","0","0.01","0","0.29","50","0","0.29","0","1.32","66.67","5","58.82","0.44","1.03","0.15","60.15","92.67","14.26","87.63","2.65","72.22","0.01","0.15","0","0","0","6.91","87.23","0.15","100","0.29","4.71","84.38"
"Marçal","Brazil 1.","Botafogo","LB, RCB","36","600000","","9","610","2","0","Brazil","left","178","10.92","6.64","62.22","3.98","59.26","0.74","7.32","0.44","0.3","0.12","0.15","0.59","50","50","0.44","33.33","0","0","2.07","28.57","1.03","1.33","0","56.8","88.05","24.49","81.33","4.57","35.48","0.06","0","0","0","0","8.26","67.86","1.03","28.57","0.3","8.56","70.69"
"F. Amuzu","Brazil 1.","Grêmio","LAMF","26","5000000","","13","595","2","0","Ghana","right","170","2.87","2.12","64.29","1.36","0","0","1.69","7.41","0.3","0.2","0","2.72","38.89","11.111","4.08","37.04","7.26","64.58","14.07","50.54","2.27","3.63","0.15","24.96","77.58","3.48","56.52","0.45","100","0.21","0","0.15","100","0.76","1.97","76.92","3.78","44","0.3","3.33","68.18"
"Marcos Rocha","Brazil 1.","Grêmio","RB","36","600000","2025-12-31","6","590","0","0","Brazil","right","176","8.85","6.56","55.81","2.44","43.75","0.46","6.71","1.98","0","0.01","0","0.31","50","0","3.2","33.33","1.22","50","3.05","50","0.76","2.14","0.31","47.59","77.88","25.02","75.61","8.54","57.14","0.09","0","0.15","100","0.31","9","64.41","4.12","44.44","0.61","12.36","79.01"
"Nonato","Brazil 1.","Fluminense","RCMF, CF","27","1500000","2026-12-31","12","588","1","0","Brazil","right","175","6.43","6.28","58.54","1.38","55.56","0.46","3.19","1.22","0.15","0.09","0","1.07","28.57","14.286","0.61","50","1.07","57.14","3.37","59.09","0.92","1.07","0.15","42.09","86.18","11.02","80.56","1.53","60","0.06","0","0.15","0","0.31","4.13","70.37","1.07","57.14","0.31","5.51","72.22"
"Ryan","Brazil 1.","Corinthians","LCMF, RDMF, DMF","22","0","2028-12-31","14","584","0","0","Brazil","left","170","8.17","9.55","58.06","0.62","50","0.31","3.04","0.46","0","0.04","0","0.15","0","0","0.31","0","0.46","100","5.09","51.52","0.46","0.62","0.15","31.28","90.15","8.17","77.36","1.23","25","0","0","0","0","0","3.24","80.95","0.15","0","0","3.08","80"
"Ricardo Mathias","Brazil 1.","Internacional","CF","19","0","","14","581","3","0","Brazil","right","192","2.63","2.63","52.94","8.36","27.78","0","1.85","1.39","0.46","0.35","0","2.01","46.15","23.077","0.62","0","1.24","37.5","7.13","28.26","2.94","0.31","0.15","11.15","68.06","2.63","58.82","0.46","66.67","0.01","0","0","0","0","1.24","50","0.62","25","0.46","1.08","100"
"Alex Santana","Brazil 1.","Grêmio","LCMF, LDMF","30","2000000","2027-12-31","11","581","0","0","Brazil","right","182","5.11","4.65","46.67","2.01","46.15","0.15","3.29","0.31","0","0.11","0","1.08","0","0","0","0","0.62","50","5.73","48.65","1.08","1.55","0","36.87","87.39","10.38","71.64","2.63","23.53","0","0","0","0","0","5.73","78.38","0.62","0","0","4.49","72.41"
"Camutanga","Brazil 1.","Vitória","RCB, CB","32","500000","2025-12-31","6","579","0","0","Brazil","right","189","7.46","3.58","65.22","5.91","55.26","0.16","5.96","0.16","0","0.01","0","0.31","50","0","0","0","0.16","0","1.09","28.57","0.31","0.31","0","27.98","86.67","10.57","75","1.87","25","0","0","0","0","0","2.49","50","0.47","66.67","0.16","4.51","58.62"
"Emerson Royal","Brazil 1.","Flamengo","RB","26","18000000","2028-06-30","7","576","1","0","Brazil","right","183","9.53","7.66","69.39","2.81","55.56","0","6.19","2.19","0.16","0.08","0.16","0.63","25","25","2.81","33.33","1.88","58.33","5.78","51.35","2.34","1.72","0.47","38.75","85.89","10.31","77.27","1.56","50","0.1","0","0","0","0.31","3.44","81.82","1.88","58.33","0.63","5.47","74.29"
"Nenê","Brazil 1.","Juventude","CF, AMF","44","200000","","15","575","2","3","Brazil","left","181","2.19","2.03","53.85","1.25","25","0","0.98","2.66","0","0.31","0","1.72","27.27","18.182","3.76","20.83","1.88","75","9.7","53.23","1.88","1.72","0.47","30.21","68.39","9.55","52.46","4.23","55.56","0.23","0","0.16","0","0.31","4.54","48.28","4.07","26.92","0.78","4.85","83.87"
"Alexander Aravena","Brazil 1.","Grêmio","LAMF, LW, CF","23","5000000","2028-12-31","17","573","3","0","Chile","right","175","2.67","3.14","55","2.67","29.41","0","1.29","2.04","0.47","0.35","0","1.41","44.44","33.333","1.73","27.27","2.36","40","7.23","32.61","3.3","2.04","0","21.99","77.14","3.46","59.09","0.94","33.33","0.08","0.16","0","0","0.16","0.31","100","1.26","50","0.31","2.2","28.57"
"Matheus Fernandes","Brazil 1.","Red Bull Bragantino","RDMF, AMF, RCMF","27","2000000","2027-12-31","13","572","0","0","Brazil","right","183","9.76","8.65","47.27","1.26","50","0.31","6.33","1.26","0","0.05","0","1.26","25","0","0.47","100","0.94","50","4.25","40.74","1.42","1.42","0.16","38.08","81.4","11.8","66.67","3.3","61.9","0","0","0.16","0","0.16","5.03","71.88","0.79","40","0.31","4.56","62.07"
"Jonathan","Brazil 1.","Cruzeiro","LCB, RB, RCB","21","0","2029-06-30","9","572","0","0","Brazil","right","187","10.07","7.24","52.17","2.67","47.06","0.47","8.82","0.94","0","0","0","0","0","0","0.31","50","1.26","62.5","2.05","46.15","0.31","1.57","0.16","33.67","87.38","12.74","76.54","2.05","53.85","0","0","0","0","0","4.09","73.08","0.47","66.67","0","5.82","67.57"
"Cauan Barros","Brazil 1.","Vasco da Gama","RCMF, RDMF","21","0","","7","570","0","0","Brazil","right","175","6.79","5.68","50","5.37","73.53","0","5.9","1.11","0","0.04","0","0.95","33.33","0","0.47","100","0.79","40","4.74","50","0.95","0.16","0.16","48","91.12","13.74","81.61","5.37","70.59","0","0.16","0","0","0","6.95","79.55","0.79","80","0.32","5.84","75.68"
"João Basso","Brazil 1.","Santos","RCB, LCB","28","2000000","2026-12-31","6","566","1","0","Brazil","right","187","7","4.93","64.52","3.5","50","0.48","4.54","0.16","0.16","0.05","0","0.16","100","100","0.16","0","0","0","0.48","100","0.48","0.48","0","36.89","87.5","15.74","76.77","3.82","50","0","0","0","0","0","4.93","67.74","0.16","0","0","5.88","75.68"
"Aitor Cantalapiedra","Brazil 1.","Vitória","AMF, LW, CF","29","1800000","","8","565","2","2","Spain","left","178","3.66","2.39","46.67","1.59","10","0.16","3.04","2.71","0.32","0.19","0","1.75","54.55","18.182","2.39","40","1.43","55.56","3.5","54.55","3.19","1.27","0.16","24.05","79.47","7.01","77.27","0.64","50","0.22","0","0","0","0.32","1.91","75","1.75","63.64","0.96","4.78","73.33"
"Bernard","Brazil 1.","Atlético Mineiro","LAMF, LW, RWF","33","2500000","2027-12-31","18","565","0","0","Brazil","right","164","3.5","3.98","56","0.48","0","0","2.33","2.55","0","0.07","0","0.64","25","0","2.07","38.46","3.03","52.63","6.69","40.48","1.59","1.91","0.48","46.67","84.3","10.19","78.13","1.59","80","0.25","0.16","0.16","0","1.12","4.78","83.33","3.03","63.16","2.07","6.69","85.71"
"Lucas Esteves","Brazil 1.","Grêmio","LB","25","1200000","2025-12-31","6","563","0","0","Brazil","left","171","9.27","6.07","71.05","3.04","73.68","0.16","6.46","1.92","0","0.02","0","0.96","16.67","0","3.36","33.33","0.8","80","2.56","43.75","0.48","0.96","0.16","40.44","83","15.67","76.53","2.88","33.33","0.08","0","0","0","0.48","5.12","71.88","2.88","44.44","0.16","7.19","77.78"
"Allan Elias","Brazil 1.","Palmeiras","RWB, RW, LCMF","21","0","","17","561","1","0","Brazil","","0","7.86","8.82","50.91","3.85","45.83","0.16","4.6","2.25","0.16","0.14","0","1.6","40","10","1.12","14.29","4.01","36","11.55","36.11","2.57","1.76","0.32","23.58","78.23","7.06","68.18","1.6","40","0","0.32","0","0","0.16","2.09","76.92","1.28","37.5","0.48","4.49","60.71"
"Marcão","Brazil 1.","Juventude","GK","33","100000","","6","559","0","0","Brazil","right","195","0.97","0","0","0.16","100","0","1.31","0","0","0","0","0","0","0","0","0","0","0","0.16","0","0","0","0","19.8","77.24","10.95","63.24","8.53","54.72","0","0","0","0","0","1.45","44.44","0","0","0","5.47","47.06"
"Luan Freitas","Brazil 1.","Juventude","RCB, CB","24","100000","","6","557","0","0","Brazil","right","184","6.46","4.36","70.37","2.1","53.85","0.65","4.06","0","0","0.01","0","0.32","0","0","0","0","0","0","0.32","50","0.32","0.97","0","36.84","89.91","11.8","80.82","3.72","60.87","0.01","0","0","0","0","4.36","70.37","0.16","0","0","6.62","75.61"
"Igor Serrote","Brazil 1.","Grêmio","RB","20","0","","7","556","0","0","Brazil","right","180","15.05","11.98","67.57","5.18","59.38","0.81","7.5","0.16","0","0.02","0","0.49","0","0","1.29","12.5","0.16","0","3.08","42.11","0.32","0.81","0.32","32.54","70.65","17","65.71","4.37","51.85","0","0","0.16","0","0","5.83","66.67","1.94","25","0.32","8.09","60"
"Iury","Brazil 1.","Mirassol","CF, LAMF","30","700000","2025-12-31","9","555","1","0","Brazil","right","183","3.57","3.57","63.64","1.95","33.33","0","1.43","1.95","0.16","0.15","0","1.14","28.57","14.286","0.65","50","2.92","44.44","8.27","45.1","2.27","1.14","0.16","13.95","76.74","3.24","70","0.16","100","0.06","0","0","0","0.16","1.3","62.5","0.97","50","0.81","2.11","84.62"
"Rodrigo Nestor","Brazil 1.","Bahia","LCMF, RCMF","25","9000000","2028-06-30","14","555","3","0","Brazil","right","175","7.95","6.49","67.5","1.14","57.14","0","4.93","1.95","0.49","0.2","0","2.11","38.46","23.077","1.3","37.5","1.14","57.14","6.32","43.59","1.14","1.14","0","42","88.42","9.73","76.67","2.11","38.46","0.12","0.16","0.16","0","0.49","4.38","77.78","1.46","44.44","0.32","4.05","76"
"G. Cuéllar","Brazil 1.","Grêmio","DMF, RDMF, RCMF","32","4200000","2026-06-30","7","553","0","0","Colombia","right","176","8.63","8.79","50","0.65","100","0","3.88","0.33","0","0","0","0","0","0","0.33","50","0.33","50","4.39","55.56","0.33","0.49","0","44.59","90.51","14.32","79.55","2.6","68.75","0.02","0","0","0","0.16","6.67","87.8","0.65","75","0.16","4.72","75.86"
"T. Borbas","Brazil 1.","Red Bull Bragantino","CF","23","7000000","2027-12-31","14","546","1","0","Uruguay","right","181","4.62","3.63","54.55","8.74","39.62","0.16","3.63","1.48","0.16","0.31","0","1.48","33.33","11.111","0.33","50","1.15","71.43","7.75","36.17","2.97","0.33","0","14.67","77.53","2.8","64.71","0.82","80","0.11","0","0","0","0.33","0.82","40","0.82","60","0.66","1.48","66.67"
"Rezende","Brazil 1.","Bahia","DMF, LCB, RDMF","30","800000","2026-12-31","9","545","0","0","Brazil","left","186","6.61","4.29","65.38","3.3","60","0","4.67","0.17","0","0","0","0.17","0","0","0","0","0","0","4.79","62.07","0.17","0.83","0","41.78","91.3","12.39","80","0.83","80","0.02","0","0.17","100","0.17","5.28","84.38","0.5","66.67","0.33","4.95","76.67"
"L. Díaz","Brazil 1.","Santos","CF","27","1200000","2028-06-30","11","544","2","1","Argentina","right","181","3.81","3.97","45.83","5.13","38.71","0","1.71","2.65","0.33","0.38","0.17","1.82","45.45","18.182","0.99","16.67","3.14","52.63","8.27","32","2.81","1.32","0.33","10.59","71.88","2.32","57.14","0.17","100","0.14","0","0","0","0.83","0.99","33.33","1.16","57.14","1.16","0.66","100"
"Aderlan","Brazil 1.","Sport Recife","RB, LB","35","500000","","8","539","0","0","Brazil","right","180","9.02","8.35","62","3.17","42.11","0.5","4.96","1.17","0","0.01","0","0.67","0","0","2.5","40","0.83","20","3.17","47.37","1.17","1.5","0.17","34.23","78.05","14.19","74.12","5.84","51.43","0.03","0.17","0","0","0","4.51","59.26","3.17","36.84","0.5","9.35","69.64"
"Mateo Ponte","Brazil 1.","Botafogo","RB","22","1500000","","17","538","1","0","Uruguay","right","183","6.02","6.19","48.65","2.51","46.67","0","3.53","3.18","0.17","0.18","0","1.17","14.29","14.286","3.51","61.9","1.84","45.45","6.36","36.84","2.34","2.84","0.5","36.3","87.56","5.86","77.14","2.01","58.33","0.07","0.17","0","0","0.33","1.84","63.64","3.68","63.64","0.5","3.85","82.61"
"A. Rodríguez","Brazil 1.","Internacional","RCMF, LCMF, RDMF","25","1500000","2027-12-31","7","536","0","0","Uruguay","right","174","6.72","5.71","64.71","1.34","12.5","0.5","3.22","1.18","0","0.03","0","0.5","0","0","0.67","0","2.18","53.85","7.05","30.95","1.34","1.18","0.34","33.08","81.73","9.4","73.21","1.01","66.67","0.02","0.17","0","0","0.17","2.01","100","1.34","25","0.17","2.69","56.25"
"Mateus Carvalho","Brazil 1.","Vasco da Gama","LCMF, LDMF","23","800000","2027-12-31","14","534","0","0","Brazil","left","184","7.08","6.74","47.5","2.36","64.29","0.17","3.92","0.34","0","0.06","0","0.84","0","0","0.34","0","0.51","66.67","2.87","52.94","0.67","0.67","0","62.19","94.58","19.38","91.3","1.52","66.67","0.01","0","0","0","0","8.09","95.83","0.51","66.67","0.51","6.74","77.5"
"Clayton Sampaio","Brazil 1.","Internacional","RCB","25","1000000","2028-12-31","6","531","0","0","Brazil","right","187","9.66","4.75","78.57","4.41","50","1.02","6.89","0.51","0","0.08","0","0.85","40","0","0.34","50","0","0","0.85","0","0.68","1.02","0.17","51.69","90.82","16.95","80","4.58","44.44","0","0","0","0","0","6.44","76.32","0.51","33.33","0","7.8","71.74"
"Gustavo Silva","Brazil 1.","Vitória","LW, LCMF, LAMF","27","1500000","2026-12-31","10","522","0","2","Brazil","right","168","5.17","5.52","40.63","1.55","11.11","0","3.36","4.66","0","0.16","0","1.38","50","0","3.62","19.05","6.21","52.78","11.72","39.71","3.45","2.76","0.69","22.93","75.94","6.38","70.27","0.69","75","0.23","0","0.17","0","0.69","1.55","88.89","2.41","28.57","0.52","3.28","63.16"
"J. Correa","Brazil 1.","Botafogo","AMF, RAMF, LCMF","31","6000000","","11","518","0","0","Argentina","right","188","2.61","3.13","44.44","1.04","16.67","0","1.36","3.65","0","0.18","0","1.74","50","0","0.87","20","3.3","73.68","8.86","54.9","2.95","3.47","0.17","38.92","85.27","8.17","80.85","1.04","100","0.07","0","0.17","100","0.35","3.65","80.95","2.26","69.23","1.74","3.82","68.18"
"Charles","Brazil 1.","Corinthians","DMF, RCMF, RAMF","29","1000000","2028-12-31","11","517","0","0","Brazil","right","187","8.88","8.88","58.82","3.13","38.89","0.17","4.25","1.04","0","0.02","0","0.35","50","0","0.7","50","0.87","60","2.26","46.15","0.52","0.35","0.35","31.33","85","9.05","73.08","2.44","42.86","0","0","0","0","0","4.53","80.77","1.22","42.86","0.35","5.22","63.33"
"João Pedro","Brazil 1.","Grêmio","RB","28","4000000","2027-12-31","7","514","0","0","Brazil","right","179","8.75","8.4","64.58","1.4","37.5","0.53","4","3.15","0","0.02","0","0.53","100","0","1.93","54.55","2.1","75","4.2","50","0.53","1.4","0","36.95","84.36","17.16","76.53","3.15","44.44","0.08","0","0","0","0.35","6.3","69.44","1.58","77.78","0.18","8.05","73.91"
"R. Atencio","Brazil 1.","Sport Recife","AMF, RW, RAMF","23","0","","15","514","0","0","Argentina","left","175","4.2","5.6","59.38","0.88","0","0","0.79","2.8","0","0.18","0","2.1","16.67","0","1.23","28.57","3.5","60","9.46","48.15","1.58","2.45","0","37.65","80.47","8.4","70.83","4.55","73.08","0.14","0","0","0","0.35","5.43","87.1","1.93","45.45","0.88","5.78","84.85"
"Igor Formiga","Brazil 1.","Juventude","RB, RW, RWB","26","400000","2025-12-31","8","513","1","0","Brazil","right","177","8.95","7.37","71.43","3.68","52.38","0","4.81","3.51","0.18","0.03","0.18","1.4","50","12.5","3.86","50","2.28","38.46","5.79","33.33","0.7","1.75","0","33.68","78.65","12.11","71.01","2.63","46.67","0.09","0.18","0","0","0.18","3.33","63.16","3.16","66.67","0.18","7.02","75"
"Luis Otávio","Brazil 1.","Internacional","DMF, RCMF, LDMF","18","0","","14","513","0","0","Brazil","unknown","0","10","7.19","70.73","3.33","47.37","0","3.87","1.23","0","0.1","0","0.53","66.67","0","0","0","1.05","83.33","5.09","65.52","0.35","0.35","0","37.02","88.15","8.42","77.08","3.68","76.19","0","0","0","0","0","5.26","80","0.35","50","0.18","4.04","65.22"
"Gustavo Prado","Brazil 1.","Internacional","LAMF, LCMF","20","0","2028-12-31","13","508","1","0","Brazil","right","179","6.56","6.91","58.97","1.95","27.27","0.18","3.22","4.78","0.18","0.11","0","3.19","38.89","5.556","1.24","14.29","5.67","59.38","12.76","38.89","2.3","3.72","0.18","26.75","84.77","7.8","81.82","0.71","50","0.02","0","0","0","0.18","2.13","91.67","3.01","58.82","0.89","4.78","88.89"
"Ó. Romero","Brazil 1.","Internacional","AMF, LCMF, RCMF","33","2000000","","13","507","0","1","Paraguay","left","176","4.79","3.73","76.19","1.78","10","0.18","1.78","1.95","0","0.04","0","1.42","12.5","0","1.24","42.86","1.78","70","8.7","46.94","0.71","0.89","0","45.62","82.88","14.73","71.08","6.04","52.94","0.22","0","0","0","0.53","10.65","78.33","3.37","47.37","0.71","7.63","79.07"
"Agustín Rogel","Brazil 1.","Internacional","RCB","27","600000","2026-06-30","5","506","0","0","Uruguay","right","191","6.23","4.62","65.38","3.56","60","0.89","4.9","0","0","0.04","0","0.36","0","0","0","0","0","0","0.36","50","0.53","0.36","0","41.44","89.7","11.74","78.79","2.85","50","0","0","0.18","0","0","3.2","66.67","0.71","0","0","5.16","51.72"
"I. Román","Brazil 1.","Atlético Mineiro","RCB","19","0","2029-12-31","7","503","0","0","Chile","right","183","10.02","9.84","65.45","3.58","60","0.36","4.51","0","0","0.12","0","0.54","0","0","0","0","0","0","0.54","100","0.36","1.25","0","49.38","88.41","19.32","78.7","4.65","53.85","0.01","0","0","0","0","9.66","72.22","0.89","20","0.18","9.48","79.25"
"Matheus Donelli","Brazil 1.","Corinthians","GK","23","2000000","2028-06-30","5","501","0","0","Brazil","right","189","0.72","0.18","100","0.36","100","0","0.84","0","0","0","0","0","0","0","0","0","0","0","0","0","0","0","0","15.09","90.48","7.01","79.49","3.41","57.89","0","0","0","0","0","0","0","0","0","0","2.87","56.25"
"Zé Welison","Brazil 1.","Fortaleza","DMF, LCMF, RCMF","30","2000000","2026-12-31","9","500","0","0","Brazil","right","177","10.8","8.82","67.35","2.16","75","0.36","5.28","0.72","0","0","0","0.72","0","0","0.9","40","0.54","66.67","4.14","34.78","0.18","0.72","0","36.9","81.95","10.44","62.07","4.5","44","0.03","0","0","0","0.18","6.84","73.68","1.98","36.36","0.18","5.94","60.61"
"João Ricardo","Brazil 2.","Fortaleza","GK","37","350000","2027-12-31","38","3852","0","0","Brazil","right","186","0.96","0.02","100","0.35","100","0","1.11","0","0","0","0","0","0","0","0","0","0","0","0.09","100","0","0","0.02","12.85","80.73","8.57","73.3","6.45","63.41","0","0","0","0","0","1.75","50.67","0.02","0","0","4.81","79.13"
"Léo Jardim","Brazil 2.","Vasco da Gama","GK","30","5500000","2030-12-31","38","3840","0","0","Brazil","right","188","1.08","0.05","100","0.35","86.67","0","1.37","0","0","0","0","0","0","0","0","0","0","0","0.02","0","0","0","0.02","15.09","84.16","8.93","75.59","6.3","65.43","0","0","0","0","0","1.52","56.92","0.09","0","0","4.85","76.81"
"Lucas Arcanjo","Brazil 2.","Vitória","GK","27","1000000","2028-12-31","37","3768","0","0","Brazil","right","189","0.84","0.1","50","0.6","96","0","0.91","0","0","0","0","0","0","0","0","0","0","0","0.02","100","0","0","0.02","18.15","84.87","9.27","72.68","6.71","60.85","0","0","0","0","0","2.03","47.06","0.14","0","0","4.37","77.6"
"Fábio","Brazil 2.","Fluminense","GK","45","200000","2025-12-31","37","3767","0","0","Brazil","right","190","1.36","0.1","75","0.41","100","0","1.86","0","0","0","0","0","0","0","0","0","0","0","0.02","0","0","0","0","13.93","87.65","7.79","80.98","4.99","72.25","0","0","0","0","0","0.53","59.09","0.02","0","0","4.09","70.76"
"Weverton","Brazil 2.","Palmeiras","GK","37","2000000","2026-12-31","37","3752","0","1","Brazil","right","189","1.22","0.1","50","0.26","100","0","1.78","0.02","0","0","0","0","0","0","0","0","0","0","0.17","85.71","0","0","0","19.02","83.61","10.94","72.37","7.82","61.96","0.01","0","0.02","100","0.02","3.36","56.43","0.22","33.33","0.05","5.61","79.49"
"Walter","Brazil 2.","Cuiabá","GK","37","250000","","36","3653","0","0","Brazil","right","188","0.91","0.05","50","0.39","100","0","1.03","0.02","0","0","0","0","0","0","0","0","0.05","50","0.07","66.67","0","0","0","15.52","89.21","7.76","80.63","5.3","73.49","0","0","0","0","0","1.5","55.74","0","0","0","3.84","78.85"
"Marcelo Hermes","Brazil 2.","Criciúma","LB, LCMF","30","450000","2025-12-31","36","3593","2","5","Brazil","left","177","8.52","5.99","64.44","2.5","44","0.18","4.98","1.53","0.05","0.06","0","0.78","32.26","6.452","2.5","28","0.83","63.64","2.38","49.47","0.95","1.15","0.2","29.51","72.67","13.75","65.94","5.29","45.97","0.09","0.03","0.1","50","0.25","4.41","64.2","2.4","41.67","0.45","8.04","68.85"
"Wagner Leonardo","Brazil 2.","Vitória","LCB","26","1500000","2028-12-31","36","3579","5","0","Brazil","left","186","7.22","2.87","69.3","4.43","57.95","0.7","5.89","0.58","0.1","0.1","0.1","0.5","55","25","0.13","40","0.4","62.5","1.18","44.68","0.55","0.93","0.13","39.25","88.34","16.02","78.02","6.41","60","0","0","0","0","0.03","4.55","71.82","0.25","40","0.08","7.75","72.4"
"Agustín Rossi","Brazil 2.","Flamengo","GK","30","7000000","2027-12-31","35","3537","0","0","Argentina","right","193","1.09","0.03","0","0.41","100","0.03","1.65","0.03","0","0","0","0","0","0","0","0","0.05","50","0.13","40","0","0","0","23.84","87.51","12.49","78","8.04","67.09","0","0","0","0","0","1.63","51.56","0.1","25","0","5.73","71.56"
"Gabriel Xavier","Brazil 2.","Bahia","RCB","24","2500000","2029-12-31","35","3514","0","0","Brazil","right","190","9.19","4.43","68.79","5.66","69.68","0.64","7.98","0.38","0","0.05","0","0.41","43.75","0","0.1","50","0.2","75","0.74","48.28","0.49","0.72","0","54.32","91.56","20.95","83.37","5.12","59.5","0","0","0","0","0.03","4.92","81.25","0.44","47.06","0.18","7.61","65.99"
"Luciano Juba","Brazil 2.","Bahia","LB","26","2500000","2027-12-31","37","3470","3","1","Brazil","left","176","7.57","4.41","59.41","1.63","44.44","0.18","6.54","1.63","0.08","0.03","0","0.57","31.82","13.636","2.13","43.9","0.73","57.14","1.56","43.33","0.6","1.17","0.13","50.6","86.01","18.31","74.5","4.75","49.73","0.1","0.08","0.1","100","0.31","5.58","78.14","2.62","55.45","0.65","10.53","75.12"
"John Victor","Brazil 2.","Botafogo","GK","29","1500000","2028-12-31","34","3452","0","0","Brazil","right","197","1.07","0.03","0","0.26","90","0","1.6","0","0","0","0","0","0","0","0","0","0","0","0.03","100","0","0","0","21.43","91.85","11.47","85.68","5.68","71.1","0","0.03","0","0","0","1.62","61.29","0.05","0","0","4.51","83.24"
"Gabriel","Brazil 2.","Juventude","GK","32","1000000","2026-12-31","34","3417","0","0","Brazil","right","194","1.4","0.18","28.57","0.45","82.35","0","1.85","0.03","0","0","0","0","0","0","0","0","0.03","100","0.13","80","0","0","0","20.6","89.9","8.77","79.58","5.74","67.43","0.02","0","0","0","0","1.42","50","0.11","0","0","4.27","82.1"
"R. Garro","Brazil 2.","Corinthians","AMF, CF","27","0","","36","3380","10","9","Argentina","left","174","6.1","6.2","54.94","1.25","23.4","0.08","3.35","3.2","0.24","0.13","0","1.68","47.62","15.873","2.4","40","2.13","53.75","9.59","44.44","1.52","1.68","0.67","43","77.71","14.62","64.85","5.09","56.02","0.19","0.03","0.77","37.93","0.64","8.84","68.98","4.71","48.59","1.65","9.43","81.36"
"Adriano Martins","Brazil 2.","Atlético GO","RCB","28","500000","","34","3370","0","1","Brazil","right","193","7.66","4.3","65.84","3.02","67.26","0.59","6.05","0.53","0","0.05","0","0.45","41.18","0","0.21","37.5","0.29","90.91","1.01","55.26","0.69","0.67","0.03","36.48","87.19","16.56","79.68","5.26","54.82","0","0","0","0","0.03","6.06","69.6","0.48","27.78","0.13","8.25","78.64"
"Gustavo","Brazil 2.","Criciúma","GK","32","0","","34","3357","0","0","Brazil","right","187","1.02","0.03","100","0.48","66.67","0","1.14","0.03","0","0","0","0.03","100","0","0","0","0","0","0.05","100","0.03","0","0","13.91","80.54","9.03","72.11","6.97","63.85","0","0","0","0","0","2.01","53.33","0.03","0","0","4.56","76.47"
"Marcos Felipe","Brazil 2.","Bahia","GK","29","2000000","2027-12-31","34","3348","0","0","Brazil","right","188","2.04","0.11","75","0.51","89.47","0","2.67","0.03","0","0","0","0","0","0","0","0","0","0","0.08","66.67","0","0","0","26.02","89.57","11.96","81.57","6.72","64.8","0","0","0.03","100","0","0.91","29.41","0.05","0","0","3.98","63.51"
"P. Vegetti","Brazil 2.","Vasco da Gama","CF","36","750000","2026-12-31","35","3347","12","2","Argentina","right","187","2.85","1.91","59.15","9.71","40.72","0.13","2.03","1.4","0.32","0.38","0.11","2.39","37.08","13.483","0.46","17.65","0.91","41.18","6.35","27.54","3.23","0.27","0.08","11.8","71.75","2.29","55.29","0.46","64.71","0.04","0","0.08","66.67","0.16","1.05","58.97","0.62","26.09","0.35","0.91","67.65"
"William","Brazil 2.","Cruzeiro","RB","30","3000000","2026-12-31","34","3321","5","3","Brazil","right","171","10.38","8.73","61.8","2.38","46.59","0.05","6.42","3.22","0.05","0.12","0","1.22","26.67","11.111","4.82","28.65","2.93","49.07","6.04","38.57","1.52","2.66","0.35","42.63","76.73","13.14","70.93","3.88","58.04","0.12","0.05","0.24","33.33","0.41","4.99","69.02","4.82","39.33","0.73","8.35","73.05"
"Lucas Esteves","Brazil 2.","Vitória","LB","25","1200000","2025-12-31","34","3304","1","3","Brazil","left","171","7.76","6.05","63.96","3.24","52.94","0.11","4.53","2.1","0.03","0.05","0","0.87","18.75","3.125","2.64","42.27","1.2","68.18","3.38","50.81","0.76","0.98","0.33","32.28","81.18","11.44","73.1","2.97","42.2","0.1","0.08","0.05","0","0.25","3.9","74.83","2.37","41.38","0.25","7.38","72.69"
"Rodrigo","Brazil 2.","Criciúma","RCB","38","150000","","32","3267","3","1","Brazil","right","187","10.33","4.93","65.92","4.66","65.09","0.74","8.13","0.61","0.08","0.08","0.06","0.47","52.94","17.647","0.11","50","0.47","64.71","2.01","34.25","0.63","0.74","0.11","38.48","85.25","17.8","76.47","7.55","65.33","0.02","0","0","0","0.03","6.86","72.69","0.47","41.18","0.14","8.26","74.33"
"Ronaldo","Brazil 2.","Atlético GO","GK","29","1200000","2026-12-31","32","3258","0","0","Brazil","right","194","1.1","0.14","80","0.3","100","0.03","1.3","0","0","0","0","0","0","0","0","0","0","0","0.06","50","0","0.03","0","15.52","84.7","9.01","75.46","6.46","66.24","0","0","0","0","0","2.1","60.53","0","0","0","4.7","75.29"
"Marllon","Brazil 2.","Cuiabá","RCB","33","500000","2025-12-31","33","3253","1","0","Brazil","right","186","8.74","5.45","72.59","3.18","67.83","0.69","5.59","0.08","0.03","0.04","0","0.22","37.5","12.5","0.03","0","0.03","0","0.75","44.44","0.39","0.19","0","33.2","88.08","14.03","80.08","3.9","56.03","0.02","0","0","0","0","3.13","70.8","0.14","20","0.08","5.75","65.38"
"Jádson","Brazil 2.","Juventude","RDMF, RCMF","32","1000000","2026-12-31","33","3200","1","2","Brazil","right","171","8.78","6.92","65.45","1.13","27.5","0.2","4.24","1.18","0.03","0.07","0","0.62","31.82","4.545","0.7","44","1.01","52.78","4.75","49.7","0.68","0.45","0.08","38.05","85.59","12.32","78.08","3.35","68.07","0.1","0.11","0.2","71.43","0.28","6.19","75.45","1.6","50.88","0.62","6.44","78.6"
"Danilo Boza","Brazil 2.","Juventude","RCB","27","0","2027-06-30","32","3196","3","1","Brazil","right","185","7.58","2.82","81","4.08","54.48","0.9","7.1","0.65","0.08","0.11","0.06","0.73","38.46","11.538","0.11","0","0.45","81.25","1.21","55.81","0.93","1.07","0.17","44.8","91.89","17.63","83.71","2.59","56.52","0.01","0","0.03","0","0.03","4.03","73.43","0.51","33.33","0.25","5.35","68.42"
"Jean Lucas","Brazil 2.","Bahia","LCMF, LAMF","27","0","","36","3160","3","5","Brazil","right","181","5.47","5.72","52.74","1.42","44","0.14","3.08","1.68","0.09","0.14","0.09","1.74","34.43","4.918","0.83","34.48","1.85","40","7.6","35.58","1.54","1.51","0.37","34.15","86.24","7.38","66.41","2.25","64.56","0.08","0.09","0.31","18.18","0.26","4.47","84.08","1.59","37.5","0.74","3.79","74.44"
"I. Pitta","Brazil 2.","Cuiabá","CF","25","4000000","2026-12-31","35","3158","7","1","Paraguay","right","183","1.74","1.54","44.44","3.79","42.86","0.06","1.21","1.71","0.11","0.3","0.03","1.65","41.38","12.069","0.66","26.09","2.02","40.85","7.95","28.67","3.19","0.85","0.17","15.5","74.45","2.96","60.58","0.6","71.43","0.1","0","0.03","100","0.31","1.37","60.42","0.68","62.5","0.6","1.2","57.14"
"Matheus Pereira","Brazil 2.","Cruzeiro","CF, AMF, RWF","29","0","","34","3139","8","7","Brazil","left","175","3.33","2.98","50","1.43","36","0.14","2.28","3.35","0.23","0.14","0.03","1.86","33.85","12.308","2.18","28.95","2.55","61.8","8.37","50","2.09","2.15","0.32","42.32","81.71","14.36","75.25","3.44","50.83","0.18","0.14","0.75","69.23","0.75","7.45","76.15","4.53","55.06","2.24","6.85","87.45"
"Guilherme Romão","Brazil 2.","Atlético GO","LB","27","400000","2028-12-31","32","3110","1","1","Brazil","left","176","6.77","5.01","63.58","4.2","51.72","0.23","4.62","2.4","0.03","0.06","0","0.98","38.24","2.941","1.94","41.79","2.32","51.25","5.44","47.87","1.48","1.85","0.46","31.46","82.24","13.66","78.6","3.73","57.36","0.09","0","0.03","100","0.17","4.92","73.53","1.59","45.45","0.29","7.18","77.02"
"Samuel Xavier","Brazil 2.","Fluminense","RB","35","400000","2025-12-31","32","3073","0","3","Brazil","right","166","7.38","6.97","60.08","2.02","39.13","0.18","4.36","1.61","0","0.01","0","0.53","16.67","0","1.99","38.24","1.03","65.71","4.07","51.08","0.64","1.99","0.29","45.04","86.8","16.81","81.01","2.93","52","0.05","0.09","0.09","100","0.18","5.45","87.1","1.85","50.79","0.41","6.56","75"
"João Pedro","Brazil 2.","Grêmio","RB","28","4000000","2027-12-31","32","3066","1","3","Brazil","right","179","6.14","4.67","61.01","2","48.53","0.32","4.11","2.08","0.03","0.02","0","0.7","16.67","4.167","1.38","29.79","2.38","61.73","5.55","43.92","1.03","2.05","0.23","34.52","81.38","14.53","74.34","3.46","48.31","0.07","0.03","0.12","75","0.26","4.58","70.51","1.56","54.72","0.56","6.87","70.94"
"Léo","Brazil 2.","Vasco da Gama","LCB","29","0","","30","3034","0","0","Brazil","left","183","7.53","5.1","69.77","1.99","59.7","0.53","5.1","0.36","0","0.05","0","0.21","28.57","0","0.24","50","0.24","75","1.04","48.57","0.24","0.95","0.24","37.7","90.01","16.37","83.51","5.58","63.83","0","0.03","0","0","0.03","4.63","73.08","0.36","50","0.06","7.18","76.45"
"João Marcelo","Brazil 2.","Cruzeiro","LCB, RCB","25","1500000","2028-12-31","31","3023","0","1","Brazil","right","190","7.15","3.75","69.84","4.5","59.6","0.74","6.22","0.45","0","0.04","0","0.3","30","0","0.36","41.67","0.39","53.85","1.22","39.02","0.51","1.99","0.24","49.63","92.32","18.28","85.5","3.33","59.82","0.02","0","0.06","0","0.06","5.15","81.5","0.57","42.11","0.24","6.37","77.57"
"Cleiton","Brazil 2.","Red Bull Bragantino","GK","28","4000000","2027-12-31","31","3019","0","0","Brazil","right","190","1.97","0.09","33.33","0.57","89.47","0","2.63","0.03","0","0","0","0","0","0","0","0","0.03","100","0.27","66.67","0","0","0","19.65","82.09","11.57","73.45","9.18","64.61","0","0","0","0","0","3.99","58.96","0.33","18.18","0.06","6.92","80.6"
"L. Esquivel","Brazil 2.","Athletico Paranaense","LB","23","0","2028-06-30","33","3019","0","4","Argentina","left","183","8.91","7.54","60.08","2.03","70.59","0.18","5.39","2.89","0","0.01","0","0.6","30","0","3.55","36.97","1.79","73.33","4.35","52.74","0.66","1.55","0.09","46.51","80.64","18.24","72.55","5.54","56.45","0.14","0","0.12","75","0.3","7.42","75.9","3.55","49.58","0.54","11.54","73.64"
"Kanu","Brazil 2.","Bahia","LCB","28","3500000","2027-12-31","30","3004","0","0","Brazil","right","186","6.74","3.8","62.2","3.27","53.21","0.51","5.64","0.21","0","0.01","0","0.09","33.33","0","0","0","0.18","100","1.53","66.67","0.09","1.02","0","53.48","95.18","18.34","89.87","2.76","67.39","0","0.03","0","0","0","3.63","85.95","0.12","25","0.03","5.78","76.68"
"Lucas Piton","Brazil 2.","Vasco da Gama","LB","24","7000000","2028-12-31","32","3002","1","5","Brazil","left","175","7.76","7.2","60.83","2.01","52.24","0.18","4.3","2.58","0.03","0.02","0","0.45","20","6.667","3.96","39.39","1.56","57.69","3.3","46.36","0.6","1.53","0.18","38.7","80.79","13.1","75.29","4.2","58.57","0.16","0.03","0.09","33.33","0.57","3.18","76.42","3.57","49.58","0.3","8.12","68.27"
"Willian Oliveira","Brazil 2.","Vitória","LCMF, RCMF","32","500000","2025-12-31","35","2984","5","0","Brazil","right","179","8.32","6","61.81","2.99","42.42","0.3","4.79","0.9","0.15","0.13","0.03","1.03","38.24","14.706","0.15","60","0.69","56.52","3.44","43.86","1.21","0.39","0.03","28.89","85.28","8.32","73.55","2.32","63.64","0.03","0.06","0.09","33.33","0.15","4.04","74.63","0.84","60.71","0.48","4.28","69.72"
"Caio Alexandre","Brazil 2.","Bahia","DMF","26","6500000","2028-12-31","36","2979","2","0","Brazil","right","175","6.98","7.22","60.25","0.66","40.91","0.12","3.31","1.3","0.06","0.04","0","0.69","17.39","8.696","1","39.39","1","63.64","4.8","45.91","0.66","2.54","0.24","66.74","91.94","17.43","81.28","4.98","60","0.07","0.06","0.24","62.5","0.21","10.15","82.44","1.81","43.33","0.51","6.71","86.49"
"Ramon","Brazil 2.","Cuiabá","LB","24","2500000","2027-06-30","30","2970","2","0","Brazil","left","179","8.33","7.39","62.3","1.39","43.48","0.15","4.07","1.67","0.06","0.03","0","0.55","22.22","11.111","2.45","30.86","1.48","51.02","3.64","44.17","0.52","1.21","0.12","31.52","80","12.7","75.66","2.79","46.74","0.03","0","0.03","100","0.18","3.67","76.86","2.18","43.06","0.27","6.79","70.54"
"Bastos","Brazil 2.","Botafogo","RCB, LCB","33","800000","2026-12-31","32","2962","3","0","Angola","right","184","6.99","4.31","69.72","3.04","57","0.49","5.44","0.33","0.09","0.07","0.09","0.46","26.67","20","0.09","33.33","0.3","60","1.7","30.36","0.52","0.7","0.03","48.68","92.45","19.05","86.12","3.68","57.02","0","0","0","0","0","4.71","83.87","0.46","33.33","0.12","7.51","72.47"
"Martinelli","Brazil 2.","Fluminense","RDMF, LDMF, RCMF","23","0","","34","2927","1","1","Brazil","right","177","7.59","5.87","59.16","2","43.08","0.49","5.5","1.14","0.03","0.05","0","0.31","30","10","0.43","42.86","1.51","55.1","5.93","36.27","0.52","0.86","0.09","49.1","90.42","14.11","81.92","3.2","62.5","0.02","0","0.06","50","0.03","6.3","82.44","0.61","55","0.22","5.47","70.79"
"Éverton Ribeiro","Brazil 2.","Bahia","RCMF, RW","36","2300000","2025-12-31","37","2916","2","5","Brazil","left","174","6.67","5.49","62.92","1.27","41.46","0.03","4.06","2.5","0.06","0.04","0","0.71","47.83","8.696","1.7","45.45","2.35","48.68","7.72","44","1.02","2.19","0.19","53.92","85.4","19.72","78.56","3.58","69.83","0.13","0.09","0.62","40","0.56","9.14","79.05","4.41","53.85","1.85","9.85","86.83"
"João Lucas","Brazil 2.","Juventude","RB","26","1700000","2025-12-31","30","2895","1","6","Brazil","right","181","7.87","7.12","61.14","2.15","36.23","0.19","4.41","3.36","0.03","0.05","0","0.68","27.27","4.545","4.51","40.69","2.33","54.67","4.88","51.59","0.96","1.99","0.59","35.44","74.12","14.11","67.4","5.01","42.24","0.11","0.03","0.06","100","0.53","4.85","60.9","3.7","46.22","0.19","9.23","67.68"
"Cauly","Brazil 2.","Bahia","CF, AMF","30","6000000","2028-12-31","38","2894","4","3","Brazil","right","175","2.49","2.95","53.68","0.84","25.93","0.03","1.24","2.39","0.12","0.12","0","1.34","27.91","9.302","1.18","31.58","2.77","52.81","7.62","37.96","1.87","1.55","0.5","36.85","84.22","8.93","69.69","1.52","55.1","0.12","0","0.37","50","0.53","5.44","76.57","2.3","52.7","1.12","4.45","83.22"
"Alan Empereur","Brazil 2.","Cuiabá","LCB","30","750000","2026-12-31","30","2865","0","0","Brazil","left","186","5.97","3.08","70.41","3.2","59.8","0.38","4.17","0.31","0","0.04","0","0.35","18.18","0","0.38","33.33","0.28","44.44","1.01","43.75","0.44","0.85","0.13","44.7","86.16","21.46","77.31","9.36","58.72","0.02","0","0.06","0","0.13","7.66","65.16","1.19","39.47","0.41","9.24","76.19"
"Luiz Fernando","Brazil 2.","Atlético GO","LAMF, LWF, LW","28","0","","31","2861","8","0","Brazil","right","178","4.59","3.37","59.81","2.93","27.96","0.13","3.27","2.8","0.25","0.22","0.03","1.89","40","13.333","1.54","24.49","3.15","52","8.78","41.94","2.86","2.2","0.53","23.22","78.05","5.16","66.46","1.48","59.57","0.04","0.03","0.22","14.29","0.25","1.95","67.74","2.04","50.77","0.88","3.27","74.04"
"Erick","Brazil 2.","Athletico Paranaense","RCMF, RDMF, RB","27","4000000","2026-12-31","34","2856","3","1","Brazil","right","176","8.63","6.81","63.43","4.03","41.41","0.28","5.07","1.01","0.09","0.13","0.03","1.29","26.83","7.317","0.32","40","1.1","48.57","3.37","44.86","1.42","0.95","0.16","33.56","87.98","9.08","74.65","2.87","67.03","0.05","0.06","0","0","0.13","5.89","81.82","0.98","45.16","0.41","5.14","75.46"
"Reinaldo","Brazil 2.","Grêmio","LB","35","500000","","29","2851","3","1","Brazil","left","178","8.4","6.5","70.39","1.55","34.69","0.25","4.63","2.3","0.03","0.09","0","1.33","50","7.143","1.83","36.21","1.8","54.39","4.36","42.75","0.79","1.1","0.16","36.15","77.55","15.15","67.29","4.64","44.22","0.08","0","0","0","0.16","6.19","69.39","1.96","43.55","0.47","8.81","67.74"
"Sergio Rochet","Brazil 2.","Internacional","GK","32","3500000","2026-12-31","28","2828","0","0","Uruguay","right","190","1.69","0.13","75","0.35","100","0","2.35","0.03","0","0","0","0","0","0","0","0","0.03","100","0.1","100","0","0","0","16.1","83","11.07","78.16","7.48","67.66","0","0","0","0","0","1.56","53.06","0.03","0","0","5.79","75.82"
"Lucas Evangelista","Brazil 2.","Red Bull Bragantino","LDMF, LCMF","30","4000000","2026-06-30","32","2820","2","3","Brazil","right","181","6.38","4.12","66.67","3.73","36.75","0.35","3.99","1.47","0.06","0.07","0","1.15","22.22","5.556","0.83","46.15","1.28","62.5","5.39","49.7","0.8","0.96","0.22","30.99","87.23","8.9","79.21","1.95","60.66","0.03","0.03","0.03","100","0.13","4.69","78.91","1.44","68.89","0.45","4.24","83.46"
"Vitão","Brazil 2.","Internacional","LCB, RCB","25","8000000","2026-12-31","30","2811","0","0","Brazil","right","185","6.05","3.3","71.84","3.91","58.2","0.22","5.13","0.35","0","0.05","0","0.64","20","0","0.06","50","0.16","80","0.7","63.64","0.77","1.7","0.1","44.89","91.3","15.59","80.08","4.9","60.78","0","0","0.13","50","0","6.44","74.13","0.67","47.62","0.26","6.66","80.77"
"E. Brítez","Brazil 2.","Fortaleza","RCB, RB","33","800000","2027-12-31","30","2799","0","1","Argentina","right","178","8.94","5.59","68.39","3.79","61.86","0.48","5.58","0.55","0","0.04","0","0.48","20","0","0.42","30.77","0.42","76.92","1.9","44.07","0.35","0.42","0.03","29.52","79.08","14.02","69.27","5.37","51.5","0.02","0","0.06","0","0.06","4.73","56.46","0.96","36.67","0.29","6.66","69.57"
"A. Marchesín","Brazil 2.","Grêmio","GK","36","800000","2025-12-31","28","2794","0","0","Argentina","right","188","1.39","0.06","100","0.48","86.67","0","1.65","0","0","0","0","0","0","0","0","0","0","0","0.13","100","0","0","0","16.49","79.49","10.6","69.91","8.6","62.17","0","0","0","0","0","1.51","40.43","0.03","0","0","6.41","70.85"
"Kaique Rocha","Brazil 2.","Athletico Paranaense","RCB","24","3000000","2026-12-31","29","2788","0","1","Brazil","right","195","7.33","4.29","63.91","4.1","62.2","0.55","5.78","0.45","0","0.05","0","0.29","44.44","0","0.23","28.57","0.42","61.54","1.19","48.65","0.48","0.84","0.06","38.71","90.99","15.27","83.93","3.62","59.82","0.02","0.03","0","0","0.16","4.23","80.92","0.65","55","0.32","6.97","74.54"
"Paulo Henrique","Brazil 2.","Vasco da Gama","RB","28","1000000","2027-12-31","35","2785","1","0","Brazil","right","175","9.99","8.56","60","1.75","50","0.39","6.31","3.39","0.03","0.05","0","0.68","23.81","4.762","2.81","36.78","4.27","49.24","8.18","43.87","0.94","2.07","0.52","34.25","76.6","12.25","68.6","4.04","46.4","0.1","0","0.26","37.5","0.45","4.07","68.25","3.13","37.11","0.42","7.37","68.86"
"Luiz Henrique","Brazil 2.","Botafogo","RAMF, RW","24","12000000","","35","2772","7","3","Brazil","left","182","6.36","5.26","61.11","2.6","43.75","0.13","4.6","5.45","0.19","0.21","0","1.66","41.18","13.725","2.56","27.85","6.98","56.74","15.29","40.76","3.15","2.5","0.39","25.39","78.9","4.68","72.92","0.84","57.69","0.12","0.03","0.23","42.86","0.49","1.59","81.63","2.4","54.05","0.97","3.67","80.53"
"Matheus Alexandre","Brazil 2.","Cuiabá","RB, RWB","26","1500000","2025-12-31","31","2763","1","0","Brazil","right","188","9.25","7.43","62.72","2.67","54.88","0.16","5.12","1.17","0.03","0.01","0","0.2","33.33","16.667","1.56","35.42","1.01","54.84","3.16","34.02","0.52","1.3","0.16","32.51","81.96","13.81","75.71","2.8","39.53","0.02","0","0","0","0.13","3.84","79.66","1.37","45.24","0.13","6.61","60.59"
"L. Romero","Brazil 2.","Cruzeiro","DMF, RCMF","31","3200000","2027-12-31","33","2761","0","1","Argentina","right","170","8.25","7.24","62.61","1.83","58.93","0.23","3.79","0.65","0","0.02","0","0.62","21.05","0","0.39","25","0.72","54.55","3.36","39.81","0.29","0.81","0.03","53.56","90.44","15.97","82.86","4.3","65.15","0.02","0.07","0.07","50","0.13","7.5","82.17","1.04","43.75","0.26","7.99","80.41"
"Wesley","Brazil 2.","Internacional","LAMF, LW, RAMF","26","5500000","2026-12-31","33","2757","11","1","Brazil","right","175","6.01","6.3","53.89","3.85","39.83","0.07","3.55","6.63","0.36","0.21","0.03","2.42","43.24","14.865","2.81","37.21","7.83","56.25","16.09","45.64","3.39","2.87","0.59","26.64","77.33","6.66","72.06","1.21","67.57","0.1","0.03","0.42","30.77","0.36","3.13","71.88","2.68","57.32","1.08","4.08","86.4"
"Matheuzinho","Brazil 2.","Vitória","RW, AMF, CF","27","1500000","2029-12-31","33","2755","5","6","Brazil","left","165","4.7","4.61","56.74","1.73","32.08","0.1","2.23","3.69","0.16","0.13","0","1.67","39.22","9.804","1.34","48.78","3.92","55.83","11.01","42.43","1.5","1.6","0.59","27.51","84.8","7.09","76.5","2.06","63.49","0.18","0.03","0.29","66.67","0.26","3.82","72.65","1.89","50","0.65","3.14","81.25"
"Gerson","Brazil 2.","Flamengo","RAMF, RW, LDMF","28","0","","32","2754","3","6","Brazil","left","184","5.69","5.33","67.48","2.45","48","0.1","2.85","3.14","0.1","0.08","0.03","1.27","33.33","7.692","1.6","46.94","3.24","59.6","11.41","44.13","2.39","2.32","0.26","43.33","89.06","10.98","81.55","2.84","65.52","0.1","0.03","0.16","20","0.46","4.74","88.28","2.91","65.17","1.83","5.52","87.57"
"Baralhas","Brazil 2.","Atlético GO","LCMF, LDMF","26","1000000","2025-12-31","33","2734","1","3","Brazil","right","178","9.09","7.51","59.65","2.21","59.7","0.3","4.99","1.42","0.03","0.07","0","1.48","33.33","2.222","0.49","53.33","1.35","46.34","3.26","47.47","0.76","0.46","0.16","33.54","85.28","10.27","72.76","3.56","65.74","0.05","0.03","0.16","20","0.26","5.1","77.42","1.51","47.83","0.63","5.4","81.1"
"Igor Vinícius","Brazil 2.","São Paulo","RB, RWB","27","2500000","2025-12-31","30","2725","0","2","Brazil","right","174","7.53","6.41","63.92","1.68","37.25","0","4.62","2.01","0","0.05","0","0.13","0","0","2.48","36","2.31","45.71","6.24","39.68","0.76","1.98","0.4","49.31","88.75","17.93","86.92","2.91","64.77","0.1","0","0.1","66.67","0.3","5.78","88.57","2.05","45.16","0.5","8.88","78.07"
"Raphael Veiga","Brazil 2.","Palmeiras","AMF","30","0","","34","2720","11","3","Brazil","left","178","3.94","3.54","55.14","1.46","31.82","0.17","2.93","3.44","0.26","0.33","0","2.94","38.2","12.36","2.08","44.44","1.65","64","5.86","50.28","1.99","1.49","0.17","33.22","82.97","10.72","74.07","3.67","67.57","0.18","0.03","0.63","52.63","0.3","6.52","75.63","2.81","62.35","0.99","6.58","85.93"
"J. Arias","Brazil 2.","Fluminense","RAMF, RW, LAMF","28","14000000","2026-06-30","27","2701","7","2","Colombia","right","168","5.83","5.76","61.85","1.47","29.55","0.03","3.28","4.33","0.23","0.25","0","1.87","48.21","12.5","2.33","22.86","5.03","55.63","14.33","40.23","2.53","2.8","0.6","37.82","88.02","6.86","81.55","0.7","52.38","0.1","0.1","0.13","75","0.43","2.93","85.23","1.73","38.46","0.57","3.4","79.41"
"A. Moreno","Brazil 2.","Palmeiras","LDMF, RDMF, LCMF","26","10000000","2029-12-31","33","2699","1","0","Argentina","right","178","9.7","6.7","66.17","2.3","37.68","0.17","6.85","0.8","0.03","0.03","0","0.77","30.43","4.348","0.37","36.36","0.8","50","2.83","49.41","0.43","0.73","0","44.15","85.57","14.11","72.81","4.87","63.01","0.02","0.03","0.1","33.33","0.07","8.34","79.2","0.93","50","0.33","7.67","75.65"
"G. Gómez","Brazil 2.","Palmeiras","RCB, LCB, CB","31","7500000","2027-12-31","27","2688","1","2","Paraguay","right","185","9.48","6.66","70.85","6.6","59.9","0.77","6.62","0.3","0","0.13","0","0.77","21.74","4.348","0.13","25","0.13","75","0.6","77.78","0.77","0.77","0.03","37.23","88.04","15","77.01","4.62","64.49","0.01","0","0","0","0.03","4.75","69.72","0.6","44.44","0.23","6.19","80"
"Lucas Barbosa","Brazil 2.","Juventude","RAMF, RW","24","2000000","2026-07-31","33","2680","7","1","Brazil","left","194","8.87","7.22","58.14","5.88","44.57","0.13","5.55","2.96","0.24","0.19","0.03","1.98","38.98","11.864","2.59","25.97","3.02","48.89","7.35","37.44","2.55","1.91","0.37","26.8","74.19","6.95","60.39","2.75","63.41","0.06","0.03","0.24","14.29","0.37","3.93","63.25","2.72","46.91","0.97","4.4","74.05"
"Marlon Freitas","Brazil 2.","Botafogo","LDMF, LCMF, RDMF","29","3500000","2026-12-31","32","2673","0","5","Brazil","right","185","5.99","4.58","66.91","1.41","38.1","0.34","4.3","0.91","0","0.04","0","0.88","19.23","0","0.84","40","0.27","50","1.52","31.11","0.67","1.48","0.13","58.82","88.44","17.1","75.98","7.34","65.14","0.07","0.1","0.4","66.67","0.57","10.51","78.53","2.76","56.1","1.01","9.36","81.65"
"Zé Ivaldo","Brazil 2.","Cruzeiro","RCB, LCB","28","3500000","2026-12-31","29","2655","1","0","Brazil","right","185","7.53","4.81","64.79","3.63","61.68","0.61","5.72","0.64","0.03","0.04","0.03","0.78","34.78","4.348","0.37","9.09","0.47","71.43","2.2","49.23","0.47","1.29","0.27","43.36","82.8","19.8","73.29","7.9","49.79","0","0","0","0","0.03","6.24","62.5","0.64","31.58","0.2","9.66","64.91"
"Ayrton Lucas","Brazil 2.","Flamengo","LB","28","8000000","2027-12-31","32","2647","3","3","Brazil","left","180","6.66","5.85","63.95","2.21","47.69","0.14","4.17","2.75","0.1","0.08","0","1.33","17.95","7.692","2.96","32.18","3.09","49.45","6.26","39.13","1.94","1.87","0.48","40.12","83.98","10.57","76.21","2.72","53.75","0.06","0","0.1","33.33","0.34","4.69","76.09","2.45","45.83","0.41","6.19","73.63"
"Maicon","Brazil 2.","Vasco da Gama","RCB, LCB","36","250000","","30","2632","1","0","Brazil","right","191","9.2","4.31","68.25","4.14","65.29","0.79","7.53","0.24","0.03","0.01","0.03","0.1","66.67","33.333","0.27","50","0.14","25","0.48","42.86","0.31","0.24","0","39.05","85.64","17.44","75.69","10.09","72.2","0.01","0","0","0","0.03","5.98","77.14","0.85","44","0.24","10.26","74"
"Dodi","Brazil 2.","Grêmio","LDMF, LCMF, DMF","28","700000","2026-12-31","33","2627","0","1","Brazil","right","169","8.67","7.4","63.43","1.1","56.25","0.27","3.97","0.82","0","0.02","0","0.38","18.18","0","0.17","40","1.2","57.14","3.91","45.61","0.21","0.89","0.41","25.45","88.83","8.56","78.4","1.47","55.81","0.04","0","0.1","0","0.1","3.29","86.46","0.38","63.64","0.17","3.46","62.38"
"M. Villasanti","Brazil 2.","Grêmio","RDMF, RCMF","28","10000000","","26","2625","3","1","Paraguay","right","178","9.53","7.51","61.19","1.47","46.51","0.48","5.91","1.3","0.1","0.06","0","0.55","43.75","18.75","0.55","37.5","1.71","44","5.42","36.71","0.96","0.58","0.03","41.35","88.31","12.27","79.89","2.64","54.55","0.04","0.03","0.14","75","0.17","5.07","82.43","1.27","62.16","0.75","5.59","73.01"
"Cacá","Brazil 2.","Corinthians","LCB, RCB","25","2000000","","26","2623","4","1","Brazil","right","187","7.1","3.98","66.38","4.63","54.07","0.86","5.97","0.34","0.14","0.14","0.07","0.69","30","20","0.07","50","0.14","75","1.24","30.56","0.65","0.72","0.07","38.57","90.12","12.52","77.53","3.91","48.25","0","0","0.03","0","0.03","2.37","69.57","0.17","60","0.14","5.18","61.59"
"Y. Bolasie","Brazil 2.","Criciúma","CF, LWF","36","250000","","34","2622","8","4","Congo DR","right","185","2.85","3.16","54.35","3.91","41.23","0.07","1.16","4.53","0.27","0.25","0.07","2.47","50","11.111","2.51","36.99","4.05","55.93","9.37","38.46","3.05","1.44","0.27","16.99","72.53","3.81","62.16","0.93","62.96","0.07","0.03","0.1","100","0.24","1.78","69.23","1.78","50","0.31","2.51","78.08"
"Lucas Mineiro","Brazil 2.","Cuiabá","DMF, RDMF, LDMF","29","0","","33","2621","0","0","Brazil","left","188","8.48","7.25","59.72","2.78","51.85","0.45","4.48","0.52","0","0.02","0","0.38","9.09","0","0.07","50","0.79","56.52","3.91","39.47","0.31","0.62","0.03","30.6","86.98","8.82","71.98","2.99","51.72","0","0.03","0.03","0","0","5.15","76.67","0.21","66.67","0.07","4.46","76.15"
"Wesley","Brazil 2.","Flamengo","RB","22","0","","31","2620","0","1","Brazil","right","178","10.58","8.9","69.88","3.02","53.41","0.41","6.05","2.99","0","0.04","0","0.76","22.73","0","3.06","37.08","2.82","59.76","7.97","43.1","1.55","2.37","0.41","39.85","85.78","11.27","82.32","1.37","50","0.08","0.03","0","0","0.34","3.85","83.93","2.92","49.41","0.76","5.46","74.84"
"Alerrandro","Brazil 2.","Vitória","CF","25","3000000","2026-12-31","34","2618","15","3","Brazil","right","176","4.54","3.71","58.33","5.12","28.19","0.07","2.6","1.79","0.38","0.4","0.03","2.1","47.54","24.59","0.34","20","1.55","44.44","7.94","34.2","2.61","0.41","0.03","17.02","74.55","4.23","52.85","0.41","25","0.06","0.03","0.24","14.29","0.28","2.13","59.68","1.27","40.54","0.76","2.03","71.19"
"Fabricio Bruno","Brazil 2.","Flamengo","RCB","29","0","2030-12-31","28","2601","1","0","Brazil","right","192","6.47","3.11","74.44","2.53","61.64","0.45","6.25","0.24","0.03","0.04","0.03","0.52","33.33","6.667","0.1","33.33","0.07","50","0.66","52.63","0.59","0.59","0.07","50.93","91.78","20.35","86.9","5.19","68.67","0","0","0.03","0","0.03","6.71","83.51","0.35","30","0.14","10.07","79.73"
"Renzo Saravia","Brazil 2.","Atlético Mineiro","RCB, RB","32","2500000","2025-12-31","31","2588","0","0","Argentina","right","178","9.67","9.08","56.7","2.68","41.56","0.21","5.67","1.22","0","0.01","0","0.28","25","0","1.95","33.93","1.32","36.84","4.28","39.02","0.38","1.36","0.42","51.26","86.02","21.21","81.31","4.66","48.51","0.05","0","0.03","0","0.24","8.17","77.45","2.26","41.54","0.28","9.46","76.47"
"Raniele","Brazil 2.","Corinthians","DMF, RDMF, LDMF","28","3500000","2028-12-31","33","2573","0","0","Brazil","right","184","11.33","6.86","64.29","4.06","49.14","0.49","8","1.01","0","0.08","0","0.84","41.67","0","0.42","16.67","1.08","51.61","2.97","55.29","1.05","0.66","0.28","27.98","81.63","9.55","71.43","2.97","58.82","0.01","0","0.03","100","0.14","3.25","77.42","0.66","26.32","0.17","4.13","55.93"
"R. Arboleda","Brazil 2.","São Paulo","RCB, CB","33","1200000","2027-12-31","27","2568","2","0","Ecuador","right","187","6.45","3.54","62.38","3.64","68.27","0.53","6.35","0.21","0.07","0.05","0.04","0.35","40","20","0.04","0","0.04","100","0.53","60","0.49","0.18","0","54.01","92.67","18.15","85.33","3.71","66.04","0.01","0","0.04","100","0.04","3.36","87.5","0.04","100","0.11","7.32","62.68"
"Newton","Brazil 2.","Criciúma","RCMF, RDMF","25","250000","2027-12-31","30","2566","1","1","Brazil","right","188","7.93","7.51","56.07","3.05","47.13","0.14","3.76","1.4","0.04","0.05","0","1.05","20","3.333","1.33","39.47","1.05","63.33","4.03","43.48","0.67","1.44","0.32","34.2","81.44","10.38","69.26","4.17","52.94","0.05","0","0.07","0","0.11","5.05","70.14","1.54","40.91","0.14","5.37","67.97"
"M. França Silva","Brazil 2.","Corinthians","RB, RWB","24","5000000","2028-12-31","31","2557","1","1","Brazil","right","171","8.48","6.27","62.36","1.37","35.9","0.32","5.66","1.69","0.04","0.05","0","0.56","56.25","6.25","2.25","40.63","0.7","65","2.25","51.56","0.95","1.3","0.35","38.44","84.43","12.88","78.14","3.59","54.9","0.05","0.04","0","0","0.25","4.51","76.56","2.25","54.69","0.67","7.71","73.97"
"Hércules","Brazil 2.","Fortaleza","RDMF, RCMF","24","0","","32","2554","4","1","Brazil","right","178","7.15","7.15","58.13","1.16","33.33","0.21","3.17","1.48","0.14","0.07","0","0.95","25.93","14.815","1.44","19.51","1.62","58.7","5.04","39.16","1.06","1.16","0.28","31.5","81.66","7.96","68.14","3.38","54.17","0.04","0.11","0.21","0","0.11","5.14","71.23","1.76","30","0.28","3.95","74.11"
"Alan Ruschel","Brazil 2.","Juventude","LB","36","200000","","28","2551","1","1","Brazil","left","176","8.5","7.3","61.35","1.83","51.92","0.32","4.76","1.31","0.04","0.03","0","0.42","25","8.333","1.76","36","1.16","48.48","3.46","51.02","0.25","1.16","0.18","33.97","83.07","14.15","78.3","2.65","48","0.09","0.07","0.04","0","0.07","4.9","76.26","1.98","53.57","0.14","7.8","79.19"
"Rodrigo Battaglia","Brazil 2.","Atlético Mineiro","CB, RCB, LCMF","34","1200000","2025-12-31","26","2548","0","0","Argentina","right","187","7.52","4.91","68.35","3.57","67.33","0.35","6.02","0.53","0","0.03","0","0.28","37.5","0","0.21","50","0.49","64.29","1.7","56.25","0.32","1.31","0.04","52.24","89.93","15.58","74.83","4.34","49.59","0","0.04","0","0","0","4.8","79.41","0.28","50","0.14","6.5","64.13"
"Thiago Heleno","Brazil 2.","Athletico Paranaense","LCB, CB","36","400000","2025-12-31","26","2548","0","1","Brazil","right","185","7.03","3.46","66.33","3.96","66.07","0.81","5.33","0.07","0","0.05","0","0.39","18.18","0","0","0","0","0","0.21","33.33","0.53","0.07","0","38.68","88.77","14.52","75.91","6.92","62.76","0.02","0","0","0","0","5.83","70.3","0.46","46.15","0.21","7.42","77.62"
"Rafael","Brazil 2.","São Paulo","GK","35","800000","2027-12-31","25","2547","0","0","Brazil","left","192","1.02","0.04","0","0.32","100","0","1.63","0","0","0","0","0","0","0","0","0","0","0","0.04","100","0","0","0","16.43","91.83","7.74","85.84","4.91","74.82","0","0","0","0","0","0.74","80.95","0","0","0","3.78","77.57"
"Éverson","Brazil 2.","Atlético Mineiro","GK","35","1800000","2027-12-31","25","2527","0","0","Brazil","right","192","1.28","0.11","66.67","0.25","100","0.04","1.86","0","0","0","0","0","0","0","0","0","0","0","0.04","100","0","0","0","20.41","89.35","11.08","83.28","7.16","72.64","0","0.04","0","0","0","0.68","52.63","0.04","0","0","5.66","74.21"
"Barreto","Brazil 2.","Criciúma","DMF, RCMF","29","500000","","30","2526","2","2","Brazil","right","181","9.19","7.8","58.45","2.21","58.06","0.68","4.53","1.1","0.07","0.11","0.04","0.68","36.84","10.526","0.25","28.57","1.25","57.14","5.02","34.75","1.03","0.64","0.14","29.18","86.08","8.59","75.1","1.64","65.22","0.02","0.04","0.11","66.67","0.14","4.03","73.45","0.75","61.9","0.46","3.6","71.29"
"Thaciano","Brazil 2.","Bahia","CF, LWF, LCMF","30","2000000","2027-12-31","35","2523","7","1","Brazil","right","182","4.17","3.25","49.45","3.71","41.35","0.07","3.18","1.28","0.25","0.23","0.14","1.5","38.1","16.667","0.5","50","0.71","55","3.89","33.03","2.68","0.43","0.11","19.33","85.42","3.25","61.54","1","53.57","0.09","0.04","0.07","100","0.39","1.68","65.96","0.82","60.87","0.5","2.53","64.79"
"Luciano","Brazil 2.","São Paulo","AMF, CF","31","2500000","2026-12-31","31","2522","12","2","Brazil","left","181","4.25","3.89","53.21","1.82","41.18","0.18","2.67","1.78","0.39","0.33","0.07","2.53","40.85","16.901","0.64","22.22","1","57.14","5.46","38.56","2.96","0.46","0.18","30.26","85.85","5.35","70.67","2.36","66.67","0.07","0.07","0.11","33.33","0.25","3.85","79.63","1.21","55.88","0.86","2.93","69.51"
"Gustavo Scarpa","Brazil 2.","Atlético Mineiro","RWB, LWB","31","8000000","2027-12-31","32","2519","4","4","Brazil","left","176","4.86","3.61","62.38","1.61","44.44","0.18","3.41","4.89","0.07","0.16","0","2.32","33.85","6.154","5.07","33.8","3.32","67.74","8.11","52.42","1.25","2.5","0.29","45.41","80.09","11.29","69.62","6.25","64.57","0.15","0.04","0.43","33.33","0.32","5.54","72.9","5.82","43.56","1.14","9.29","81.92"
"Gregore","Brazil 2.","Botafogo","RDMF, RCMF, LDMF","31","2500000","2028-12-31","33","2507","3","2","Brazil","right","181","10.34","10.55","59.18","4.67","57.69","0.43","5.75","0.75","0.11","0.04","0.04","0.57","43.75","18.75","0.83","30.43","0.43","58.33","2.69","45.33","0.68","0.86","0.18","61.28","91.45","23.23","87.64","3.2","57.3","0.04","0","0","0","0.11","9.91","86.23","0.97","40.74","0.18","10.41","82.41"
"Yuri Alberto","Brazil 2.","Corinthians","CF","24","12000000","2030-06-30","29","2497","15","4","Brazil","right","182","2.52","2.78","49.35","4.36","28.93","0","1.57","2.67","0.43","0.44","0.04","2.85","46.84","18.987","0.83","17.39","2.09","55.17","8.61","30.13","4","1.69","0.54","13.98","75.26","2.7","62.67","0.32","77.78","0.06","0.04","0.07","50","0.22","0.97","62.96","0.83","65.22","0.58","1.05","75.86"
"Lucas Moura","Brazil 2.","São Paulo","RAMF, LAMF, AMF","32","5000000","2026-12-31","28","2494","10","6","Brazil","right","174","4.55","3.39","48.94","2.71","50.67","0.04","3.97","3.83","0.29","0.23","0.04","1.55","48.84","23.256","1.55","34.88","4.26","55.93","12.23","44.84","2.45","3.21","0.36","36.48","81.8","9.24","64.06","2.09","58.62","0.09","0.04","0.47","30.77","0.43","5.52","75.82","2.89","48.75","1.23","6.06","83.93"
"J. Lucero","Brazil 2.","Fortaleza","CF","33","1200000","2027-12-31","32","2475","8","1","Argentina","right","179","2.55","2.69","45.95","3.64","18","0.15","1.17","1.27","0.22","0.31","0.04","1.64","46.67","17.778","0.36","30","0.95","38.46","4.76","32.06","2","0.44","0.11","13.35","79.02","2.51","63.77","0.44","50","0.06","0","0.15","25","0.25","1.09","70","0.69","42.11","0.51","1.24","73.53"
"A. Franco","Brazil 2.","São Paulo","LCB","28","3000000","","27","2468","0","0","Argentina","right","183","6.89","4.38","70.83","3.46","50.53","0.44","5.76","0.29","0","0.04","0","0.33","0","0","0.07","0","0.33","88.89","1.93","49.06","0.55","1.2","0.04","56.41","92.37","21.77","85.09","4.08","55.36","0","0","0","0","0.04","4.92","78.52","0.26","42.86","0.15","8.46","71.55"
"Shaylon","Brazil 2.","Atlético GO","RAMF, RWF, RW","28","0","","35","2458","2","3","Brazil","left","178","4.17","4.21","45.22","0.95","38.46","0.15","2.69","2.38","0.04","0.15","0","1.87","27.45","3.922","2.01","49.09","1.03","64.29","2.89","39.24","1.5","0.92","0.15","36.21","83.92","10.33","70.21","3.41","61.29","0.21","0.11","0.59","37.5","0.4","5.13","76.43","3.19","51.72","0.95","5.35","83.56"
"Pedro Henrique","Brazil 2.","Red Bull Bragantino","RCB","29","3500000","2026-12-31","26","2454","1","0","Brazil","right","188","7.3","4.8","72.52","3.96","53.7","0.4","4.95","0.37","0.04","0.02","0.04","0.22","50","16.667","0.04","0","0.4","63.64","1.14","45.16","0.22","0.4","0","39.39","84.08","17.02","73.49","8.07","58.64","0.01","0","0","0","0.04","6.2","69.82","0.44","33.33","0.11","9.43","70.43"
"Ganso","Brazil 2.","Fluminense","AMF, CF","35","600000","2025-12-31","32","2445","3","5","Brazil","left","184","4.71","4.31","62.39","1.51","29.27","0.04","2.57","1.29","0.11","0.1","0.04","0.63","52.94","17.647","0.99","40.74","0.63","52.94","5.12","32.37","0.59","0.59","0.07","53.34","89.58","17.71","82.95","1.36","56.76","0.17","0.04","0.48","46.15","0.44","7.29","87.37","2.43","60.61","0.96","8.72","84.81"
"Cássio","Brazil 2.","Cruzeiro","GK","38","400000","2027-05-31","24","2442","0","0","Brazil","right","196","1.25","0.07","100","0.33","100","0","1.76","0","0","0","0","0","0","0","0","0","0","0","0.11","100","0","0","0","16.14","89.73","7.19","81.03","3.98","65.74","0","0","0.04","0","0","0.52","50","0.04","0","0","2.8","64.47"
"Marlon","Brazil 2.","Cruzeiro","LB","28","5000000","2026-12-31","28","2440","0","1","Brazil","left","178","8.11","7.01","54.21","2.25","44.26","0.22","5.89","1.55","0","0.01","0","0.59","6.25","0","2.69","35.62","1","51.85","3.1","35.71","0.85","1.77","0.37","43.41","79.44","14.68","70.35","6.86","61.83","0.1","0","0.22","16.67","0.33","5.35","67.59","2.88","48.72","0.74","9.11","71.26"
"Tinga","Brazil 2.","Fortaleza","RB","32","1200000","2026-04-30","29","2440","2","3","Brazil","right","179","8.26","5.13","66.19","5.64","52.29","0.26","5.76","1.99","0.07","0.06","0.07","0.52","21.43","14.286","2.69","36.99","1.14","64.52","2.1","57.89","0.85","1.07","0.33","37.18","73.51","16.97","63.7","6.75","50.82","0.06","0","0.15","100","0.41","6.75","63.39","2.88","46.15","0.44","10.44","75.97"
"Bruno Gomes","Brazil 2.","Internacional","RB","24","2500000","2027-12-31","30","2438","1","2","Brazil","right","175","11.3","8.23","68.61","2.03","50.91","0.33","7.63","2.1","0.04","0.02","0","0.7","26.32","5.263","2.07","28.57","2.14","58.62","6.39","48.55","0.92","1.77","0.04","48.77","83.65","20.6","80.11","4.8","51.54","0.05","0","0.07","100","0.18","6.9","81.28","2.14","50","0.7","9.38","72.44"
"Mateus Carvalho","Brazil 2.","Vasco da Gama","LDMF, LCMF","22","800000","2027-12-31","32","2428","2","1","Brazil","left","184","10.97","7.75","62.68","2.08","64.29","0.19","5.91","1.15","0.07","0.03","0","0.63","52.94","11.765","0.59","31.25","0.96","61.54","5.23","38.3","0.48","0.7","0.07","43.15","89.09","13.49","80.49","3.11","64.29","0.02","0.04","0.07","50","0.11","7.64","83.98","0.93","44","0.19","6.56","77.4"
"Murilo","Brazil 2.","Palmeiras","LCB","28","10000000","2027-12-31","25","2424","1","0","Brazil","right","188","8.13","5.83","66.24","4.86","60.31","0.37","6.12","0.67","0.04","0.08","0","0.59","31.25","6.25","0.3","37.5","0.63","52.94","1.63","43.18","0.71","1.63","0.19","41.25","86.05","17.41","75.48","5.12","49.28","0","0","0.19","20","0.04","6.76","69.23","1","29.63","0.3","7.2","78.87"
"Thiago Santos","Brazil 2.","Fluminense","LCB","36","250000","2025-12-31","27","2417","0","0","Brazil","right","181","8.15","5.85","72.61","5.03","56.3","0.48","5.46","0.52","0","0.05","0","0.41","45.45","0","0.07","0","0.41","81.82","1.82","65.31","0.56","1.01","0.11","53.47","89.97","20.7","80.94","6.55","55.68","0","0.04","0.04","0","0","6.18","69.28","0.3","0","0.04","7.52","72.28"
"A. Cruz","Brazil 2.","Atlético GO","LB, LAMF, LW","25","700000","","36","2414","2","2","Uruguay","left","170","5.78","4.4","60.17","1.9","49.02","0.07","4","3.21","0.04","0.1","0","1.16","25.81","6.452","3.21","37.21","2.91","57.69","5.78","47.74","1.23","1.86","0.52","32.66","76.48","10.18","66.67","2.65","56.34","0.16","0","0.15","25","0.37","4.62","71.77","3.28","51.14","0.97","6.64","75.84"
"Luiz Gustavo","Brazil 2.","São Paulo","LDMF","37","350000","","28","2411","2","0","Brazil","left","186","6.87","5.56","65.77","1.16","51.61","0.22","4.33","1.16","0.07","0.05","0","1.05","46.43","7.143","0.45","16.67","0.86","56.52","4.52","40.5","0.19","1.27","0.11","55.92","92.39","15.57","84.65","3.32","69.66","0.02","0","0.11","100","0.07","8.32","82.51","0.9","41.67","0.26","7.32","84.69"
"Flaco López","Brazil 2.","Palmeiras","CF","24","0","2029-12-31","35","2399","10","3","Argentina","left","190","3.45","3.45","47.83","7.73","41.75","0.11","2.78","2.1","0.38","0.37","0.15","2.36","44.44","15.873","0.83","18.18","1.99","45.28","6.42","28.07","3.49","0.79","0.11","12.83","68.42","3.08","64.63","1.16","51.61","0.09","0.08","0.04","0","0.34","1.76","68.09","0.86","52.17","0.38","1.73","69.57"
"Franco Cristaldo","Brazil 2.","Grêmio","CF, AMF","29","10000000","","35","2356","7","2","Argentina","right","175","4.51","3.93","56.31","2.52","36.36","0.04","2.24","2.64","0.23","0.25","0","1.87","42.86","14.286","2.41","30.16","1.68","52.27","7.18","36.7","2.67","0.65","0.08","37.89","80.54","10.93","74.48","3.25","60","0.19","0.15","0.42","54.55","0.34","6.26","78.05","3.13","46.34","1.03","6.15","82.61"
"Rhaldney","Brazil 2.","Atlético GO","RCMF, AMF","26","600000","","32","2355","0","0","Brazil","right","179","8.75","9.36","62.86","3.06","36.25","0.19","3.22","1.3","0","0.05","0","0.73","31.58","0","0.61","37.5","1.38","61.11","6.54","46.78","1.18","1.26","0.08","42.11","90.29","10.82","84.81","2.37","77.42","0.05","0","0","0","0.15","6","91.72","0.73","57.89","0.27","4.85","77.17"
"Erick Farias","Brazil 2.","Juventude","LAMF, LW, CF","28","1300000","2027-12-31","35","2339","5","5","Brazil","right","174","4.89","3.62","75.53","2.81","34.25","0.19","2.73","2.5","0.19","0.16","0.08","1.35","57.14","14.286","1.04","37.04","2.15","62.5","5.93","41.56","2.04","1.27","0.38","19.12","78.87","5.27","67.15","0.96","44","0.11","0","0.04","0","0.23","1.65","60.47","1.04","59.26","0.42","2.39","64.52"
"Tobias Figueiredo","Brazil 2.","Criciúma","LCB, CB","31","1500000","2026-12-31","25","2335","1","0","Portugal","right","188","9.71","4.78","75","4.43","74.78","1","6.9","0.12","0.04","0.02","0.04","0.15","50","25","0.04","100","0.04","0","0.77","35","0.27","0.19","0","31.72","89.55","10.75","78.14","3.93","61.76","0","0","0","0","0","2.78","73.61","0.08","50","0","4.93","65.63"
"Alexandro Bernabei","Brazil 2.","Internacional","LB","25","2000000","2027-05-31","23","2319","3","7","Argentina","left","169","10.09","8.62","61.26","2.48","45.31","0.27","6.71","3.18","0.12","0.06","0","0.82","38.1","14.286","3.61","38.71","2.68","52.17","5.67","39.04","2.33","2.17","0.43","41.22","80.7","16.77","75.46","3.76","55.67","0.21","0.08","0.16","50","0.7","5.55","79.72","2.95","47.37","1.13","8.89","73.8"
"Hugo Moura","Brazil 2.","Vasco da Gama","RDMF, RCMF","27","1500000","2026-06-30","30","2315","1","3","Brazil","right","182","9.84","8.28","62.91","1.21","58.06","0.31","5.73","1.01","0.04","0.07","0","0.97","24","4","1.09","25","1.13","41.38","2.95","36.84","0.58","0.86","0.12","40.55","86.19","12.56","78.95","4.2","65.74","0.05","0","0.12","33.33","0.23","5.68","79.45","1.36","48.57","0.43","6.26","74.53"
"Alexander Barboza","Brazil 2.","Botafogo","LCB","29","2500000","2026-12-31","26","2307","0","1","Argentina","left","193","8.66","4.8","69.11","5.31","65.44","0.51","7.51","0.55","0","0.06","0","0.78","35","0","0.12","33.33","0.43","45.45","1.68","39.53","0.74","0.86","0","45.45","84.81","19.43","74.3","6.75","51.45","0.01","0","0.08","50","0.08","7.14","64.48","0.78","20","0.2","10.1","70.27"
"Estevão","Brazil 2.","Palmeiras","RAMF","18","0","","31","2291","13","9","Brazil","left","170","4.67","5.22","56.39","1.85","25.53","0.08","2.65","7.74","0.39","0.37","0","3.22","43.9","15.854","2.59","37.88","11.04","46.62","17.68","40.22","4.32","5.93","0.98","27.15","80.03","5.93","76.16","1.77","62.22","0.25","0.12","0.24","83.33","0.94","2.2","75","2.95","65.33","1.89","4.16","87.74"
"Bruno Alves","Brazil 2.","Cuiabá","LCB, CB, RCB","34","600000","2025-12-31","28","2290","1","0","Brazil","right","185","7.78","4.21","66.36","3.46","50","0.59","5.54","0.43","0.04","0.05","0","0.31","50","12.5","0.08","50","0.31","75","0.75","68.42","0.2","0.55","0.08","30.3","88.2","12.03","77.45","4.28","60.55","0","0","0","0","0.04","3.14","81.25","0.35","55.56","0.16","5.62","66.43"
"Alix Vinicius","Brazil 2.","Atlético GO","LCB","25","1000000","2027-12-31","25","2289","0","0","Brazil","right","195","9.67","4.8","59.02","4.33","58.18","0.9","8.37","0.43","0","0.03","0","0.31","12.5","0","0.08","50","0.39","90","1.38","51.43","0.63","0.51","0.08","33.62","87.49","14.31","78.02","4.25","67.59","0.05","0","0","0","0.08","4.64","73.73","0.43","63.64","0.28","6.25","67.92"
"Claudinho","Brazil 2.","Criciúma","RB","25","1200000","2025-12-31","34","2286","2","3","Brazil","right","180","9.33","7.72","59.18","1.34","29.41","0.24","5.38","1.69","0.08","0.03","0","0.87","22.73","9.091","2.09","41.51","1.3","45.45","3.7","41.49","0.87","1.93","0.35","37.95","81.12","14.76","71.2","3.82","50.52","0.08","0","0.12","33.33","0.35","4.92","76","2.2","51.79","0.79","8.9","73.01"
"Bruno Henrique","Brazil 2.","Flamengo","LAMF, CF, LW","34","1800000","2026-12-31","29","2280","6","1","Brazil","right","184","5.33","5.29","56.72","4.22","40.19","0.08","3.23","2.76","0.2","0.26","0","1.93","38.78","12.245","1.26","34.38","2.92","51.35","7.86","46.23","3.59","2.21","0.43","20.92","81.13","4.22","65.42","0.39","60","0.09","0.08","0.24","33.33","0.32","1.3","57.58","2.09","52.83","1.34","2.68","83.82"
"Léo Pereira","Brazil 2.","Flamengo","LCB, LB","29","0","","28","2278","0","0","Brazil","left","189","7.03","4.15","66.67","3","61.84","0.47","6.15","0.67","0","0.02","0","0.32","0","0","1.03","30.77","0.63","56.25","1.74","45.45","0.71","1.22","0.04","51.44","86.33","20.43","76.02","7.51","59.47","0.02","0","0.12","0","0.16","9.52","75.52","1.5","36.84","0.47","9.96","77.38"
"J. Calleri","Brazil 2.","São Paulo","CF","31","3500000","2026-12-31","27","2275","5","4","Argentina","right","181","2.89","2.97","52","5.85","45.95","0.12","1.41","1.94","0.2","0.21","0.12","1.35","44.12","14.706","1.19","36.67","1.82","47.83","7.79","36.04","3.05","0.44","0","14.68","74.12","2.93","63.51","0.47","50","0.06","0","0.12","33.33","0.32","1.19","66.67","1.23","38.71","0.59","1.46","78.38"
"Bruno Fuchs","Brazil 2.","Atlético Mineiro","CB, RCB, LCB","26","2000000","2026-06-30","26","2274","0","1","Brazil","right","190","9.14","5.58","66.67","2.53","64.06","0.47","7.19","0.71","0","0.05","0","0.2","40","0","0.55","50","0.28","85.71","1.31","72.73","0.36","1.39","0","56.99","90.35","23.98","84.49","7.28","65.76","0.03","0.04","0.12","100","0.28","8.39","77.83","1.7","51.16","0.51","10.45","81.44"
"Titi","Brazil 2.","Fortaleza","LCB","37","200000","2025-12-31","23","2270","1","0","Brazil","left","188","7.65","6.03","67.11","3.17","51.25","0.52","4.01","0.16","0.04","0.02","0","0.16","25","25","0.04","0","0.24","50","1.51","52.63","0.32","0.48","0.04","29.42","85.71","13.48","73.24","3.93","39.39","0","0","0","0","0","3.61","61.54","0.32","37.5","0.08","5.43","71.53"
"Clayson","Brazil 2.","Cuiabá","LAMF, LW, LWF","29","1000000","2025-12-31","33","2244","5","1","Brazil","right","166","5.41","5.01","57.6","1.04","11.54","0.08","2.63","4.05","0.2","0.12","0","1.72","30.23","11.628","1.93","43.75","4.77","52.94","9.95","37.1","1.36","1.97","0.32","25.99","76.08","6.98","62.64","2.01","52","0.07","0","0.28","57.14","0.2","3.09","71.43","2.37","50.85","0.8","4.85","71.9"
"Eduardo Sasha","Brazil 2.","Red Bull Bragantino","CF","33","1800000","2026-12-31","28","2243","8","4","Brazil","right","173","2.61","1.93","62.5","7.5","37.43","0","1.68","2.09","0.28","0.2","0.12","1.85","54.35","17.391","0.88","31.82","1.16","58.62","5.38","37.31","3.53","0.56","0.12","18.18","75.72","4.05","64.36","0.8","65","0.07","0.04","0.32","37.5","0.32","1.97","69.39","1.08","44.44","0.72","1.89","70.21"
"Denilson","Brazil 2.","Cuiabá","LCMF, LDMF","24","0","","33","2239","0","1","Brazil","right","180","5.67","5.91","65.99","1.13","28.57","0.04","2.02","2.21","0","0.03","0","0.84","28.57","0","0.96","33.33","2.53","53.97","9.33","43.53","0.56","1.21","0.08","37.5","87.14","10.41","71.81","2.29","52.63","0.09","0.04","0.84","33.33","0.36","4.22","67.62","2.29","40.35","0.72","4.62","74.78"
"Zé Marcos","Brazil 2.","Juventude","LCB","27","600000","","25","2232","0","0","Brazil","left","188","7.42","4.4","67.89","3.51","64.37","0.65","5.58","0.36","0","0.04","0","0.44","9.09","0","0.04","0","0.48","66.67","1.73","55.81","0.48","0.48","0","37.42","87.07","14.19","78.13","5.2","57.36","0","0.04","0","0","0","3.55","61.36","0.32","12.5","0.08","6.53","67.9"
"Jefferson Savarino","Brazil 2.","Botafogo","AMF, LAMF, LW","28","5000000","2028-12-31","28","2232","8","7","Venezuela","right","168","2.62","2.98","52.7","0.44","27.27","0.08","1.44","3.87","0.32","0.2","0","2.34","50","13.793","2.9","51.39","2.3","40.35","5.48","26.47","2.7","1.37","0.2","31.13","82.9","7.82","77.84","2.78","72.46","0.3","0.08","0.56","50","1.09","4.48","81.08","3.63","57.78","1.41","6.05","88"
"Everaldo","Brazil 2.","Bahia","CF, RWF, RW","34","650000","2025-12-31","37","2226","8","3","Brazil","right","182","3.15","3.48","54.65","3.96","48.98","0.04","1.54","2.43","0.28","0.33","0.04","2.35","41.38","13.793","1.62","22.5","1.82","60","7.92","30.61","3.76","0.73","0.28","17.95","73.42","3.36","51.81","0.77","47.37","0.09","0.04","0.04","0","0.28","1.25","54.84","1.58","35.9","0.65","1.42","60"
"Fernando Sobral","Brazil 2.","Cuiabá","RCMF, RDMF","30","2000000","2026-12-31","33","2223","1","1","Brazil","right","178","10.04","9.19","61.23","2.11","40.38","0.45","4.44","2.15","0","0.06","0","0.81","25","5","2.23","29.09","1.82","68.89","6.23","42.86","0.65","1.01","0.08","37.45","77.73","12.43","66.78","5.22","55.04","0.08","0","0.2","20","0.12","6.68","62.42","3","39.19","0.61","6.56","72.84"
"T. Cuello","Brazil 2.","Athletico Paranaense","LAMF, LW, RW","25","3000000","2025-12-31","32","2221","3","4","Argentina","right","178","6.56","5.51","63.24","2.11","42.31","0.16","3.38","7.17","0.12","0.12","0","2.35","37.93","5.172","4.46","30.91","7.54","63.98","14.83","50.27","2.27","4.54","0.45","31","73.86","8.02","69.19","2.27","60.71","0.17","0.04","0.08","100","0.77","3.36","72.29","4.3","48.11","1.18","6.36","78.98"
"Luan Cândido","Brazil 2.","Red Bull Bragantino","LCB, LB","24","7000000","2026-12-31","26","2218","1","0","Brazil","left","184","9.82","6.7","59.39","3.98","65.31","0.65","7.68","0.45","0","0.07","0","0.65","25","6.25","0.28","14.29","0.37","66.67","1.54","34.21","0.32","0.2","0.08","30.27","86.46","10.51","72.97","3.41","54.76","0.01","0","0","0","0","3.94","74.23","0.53","38.46","0.16","4.63","68.42"
"Paulinho","Brazil 2.","Atlético Mineiro","CF, LWF, AMF","25","0","2026-12-31","26","2198","8","1","Brazil","right","177","3.77","3.4","71.08","2.09","21.57","0.12","2.07","2.29","0.29","0.24","0.04","1.43","54.29","22.857","0.98","20.83","2.78","47.06","8.31","29.56","2.7","3.07","0.74","32.72","86.48","7.25","76.84","0.86","61.9","0.06","0","0.2","0","0.08","2.78","94.12","1.64","50","1.06","3.36","70.73"
"Lucas Silva","Brazil 2.","Cruzeiro","RCMF, LCMF, RDMF","32","800000","2027-12-31","31","2191","1","1","Brazil","right","181","5.67","4.27","55.77","2.42","45.76","0.25","4.19","1.07","0.04","0.03","0","0.9","27.27","4.545","0.41","30","0.82","80","4.48","37.61","0.66","1.03","0.33","41.78","90.56","10.23","81.53","2.55","67.74","0.03","0","0.08","50","0.16","6.33","81.17","1.07","53.85","0.45","4.72","78.26"
"Marcos Rocha","Brazil 2.","Palmeiras","RB","36","600000","2025-12-31","28","2185","0","2","Brazil","right","176","10.01","8.28","68.66","1.36","48.48","0.29","6.34","1.4","0","0.01","0","0.16","50","0","2.35","35.09","0.82","50","2.43","50.85","0.45","2.02","0.25","48.97","78.72","25.78","73.32","8.53","52.66","0.08","0","0.12","66.67","0.54","10.01","69.55","3.25","37.97","0.66","13.72","78.08"
"Hugo Souza","Brazil 2.","Corinthians","GK","25","1500000","2025-12-31","21","2173","0","0","Brazil","right","199","1.08","0.04","100","0.17","75","0","1.48","0.08","0","0","0","0","0","0","0","0","0.08","100","0.08","100","0","0","0","15.74","86.32","7.79","74.47","5.51","63.16","0","0","0","0","0","1.33","50","0","0","0","3.89","74.47"
"Otávio","Brazil 2.","Atlético Mineiro","LCMF, RCMF, DMF","31","4500000","2026-06-30","25","2160","0","0","Brazil","right","176","8.17","6.33","68.42","2.33","44.64","0.42","4.76","0.54","0","0.01","0","0.5","16.67","0","0.42","40","0.5","50","2.75","40.91","0.33","0.54","0.04","47.04","91.67","11.71","83.63","3.63","66.67","0.01","0","0.04","100","0.04","5.88","85.11","0.79","52.63","0.25","4.42","69.81"
"H. Mosquera","Brazil 2.","Red Bull Bragantino","LW, CF, RAMF","23","0","","34","2154","1","2","Colombia","right","175","5.06","5.06","64.46","2.26","27.78","0","2.39","5.93","0.04","0.15","0","1.71","36.59","2.439","2.3","41.82","8.02","53.65","15.84","42.48","2.76","4.55","1.04","20.22","79.34","3.59","72.09","0.54","53.85","0.07","0.08","0.17","25","0.38","1.34","68.75","2.26","59.26","0.84","2.47","79.66"
"Bruno Henrique","Brazil 2.","Internacional","RDMF, LCMF, RCMF","35","500000","2025-12-31","37","2119","3","1","Brazil","right","180","7.77","7.77","52.46","2.63","45.16","0.21","4.55","1.49","0.13","0.19","0","1.44","38.24","8.824","1.23","37.93","0.89","33.33","4.42","28.85","1.66","0.89","0.04","41.07","85.52","11.93","74.38","2.97","48.57","0.11","0","0.25","66.67","0.21","6.41","76.16","2.38","51.79","0.85","5.82","78.1"
"S. Arias","Brazil 2.","Bahia","RB","33","2500000","2025-12-31","23","2109","0","1","Colombia","right","177","7.38","5.68","61.65","1.88","45.45","0.17","4.94","2.35","0","0.03","0","0.43","20","0","3.5","48.78","0.85","60","1.92","55.56","1.28","1.49","0.26","47.67","83.62","15.79","76.76","2.9","54.41","0.13","0","0.09","50","0.43","5.12","75.83","3.41","61.25","0.73","11.22","80.23"
"B. Kuščević","Brazil 2.","Fortaleza","RCB, CB","29","1000000","","22","2103","2","0","Chile","right","186","8.3","4.41","67.96","4.88","54.39","0.73","6","0.3","0.09","0.06","0.04","0.34","62.5","25","0.04","0","0.13","66.67","0.9","38.1","0.43","0.21","0.04","33.38","87.69","11.6","74.91","4.28","50","0.01","0","0","0","0","3.17","62.16","0.34","25","0.13","4.54","60.38"
"Diogo Barbosa","Brazil 2.","Fluminense","LB","33","600000","","25","2102","0","0","Brazil","left","179","5.95","5.65","56.82","1.93","55.56","0.13","4.08","1.63","0","0","0","0.17","0","0","1.84","37.21","1.46","58.82","4.75","45.05","0.47","2.18","0.86","44.14","85.84","15.8","79.13","2.95","50.72","0.08","0.04","0.17","50","0.17","6.04","81.56","1.88","54.55","0.51","8.09","73.54"
"Hulk","Brazil 2.","Atlético Mineiro","CF, RWF","39","1800000","2026-12-31","24","2097","10","5","Brazil","left","180","2.49","2.7","52.38","2.53","42.37","0.04","1.23","3.43","0.26","0.41","0.04","3.05","32.39","14.085","1.24","27.59","4.16","47.42","13.39","39.42","2.15","1.63","0.26","23.3","76.06","4.85","60.18","1.59","59.46","0.09","0","0.34","37.5","0.34","2.49","70.69","2.06","43.75","0.73","2.32","81.48"
"Breno Lopes","Brazil 2.","Fortaleza","LAMF, LW, CF","29","1800000","","32","2093","5","2","Brazil","right","178","2.58","1.89","54.55","1.63","26.32","0.09","1.86","4.17","0.22","0.14","0","1.89","38.64","11.364","2.58","26.67","4.21","65.31","10.49","47.95","2.67","3.14","0.9","28.6","82.71","3.66","64.71","1.59","56.76","0.12","0","0","0","0.17","1.63","76.32","1.98","39.13","0.3","2.71","65.08"
"Lima","Brazil 2.","Fluminense","LDMF, AMF, CF","29","3000000","2025-12-31","30","2088","4","1","Brazil","right","181","5.56","5","56.03","1.94","20","0.13","3.71","2.11","0.17","0.1","0.04","1.55","38.89","11.111","0.65","26.67","2.59","50","9.87","44.1","1.21","1.29","0.26","38.97","89.05","10.82","80.48","1.77","68.29","0.04","0","0.17","25","0","3.45","82.5","0.95","40.91","0.3","3.58","63.86"
"Fausto Vera","Brazil 2.","Atlético Mineiro","RCMF, RDMF","25","4500000","2027-12-31","26","2087","2","0","Argentina","right","180","6.86","6.12","61.97","1.9","43.18","0.3","4.2","1.16","0.09","0.11","0.04","1.94","24.44","4.444","0.65","53.33","0.69","50","3.06","33.8","0.95","0.99","0.04","43.17","87.61","12.51","75.17","2.93","47.06","0.03","0.04","0.04","0","0.09","6.38","77.03","0.73","58.82","0.34","5.61","77.69"
"Léo Ortiz","Brazil 2.","Flamengo","RCB, RDMF, RCMF","29","0","","25","2084","1","2","Brazil","right","185","6.43","4.15","69.79","2.63","57.38","0.39","4.85","0.69","0.04","0.05","0.04","0.48","27.27","9.091","0.22","40","0.48","54.55","1.55","38.89","0.69","1.25","0.04","44.87","87.39","19.26","82.06","4.49","64.42","0.03","0","0.35","62.5","0.13","8.64","79.5","0.91","61.9","0.48","9.5","80.45"
"Thiago Maia","Brazil 2.","Internacional","LDMF, DMF, LCMF","28","6000000","2026-12-31","27","2082","2","3","Brazil","left","179","8.43","5.84","55.56","3.54","50","0.17","5.47","0.95","0.09","0.11","0","0.73","29.41","11.765","0.48","36.36","0.52","66.67","3.37","35.9","1.17","0.61","0","43.62","87.81","13.66","74.68","3.41","59.49","0.03","0.09","0.35","62.5","0.26","6.31","78.77","1.3","53.33","0.61","5.36","80.65"
"Fellipe Mateus","Brazil 2.","Criciúma","LW, AMF, RW","34","350000","2025-12-31","31","2076","3","0","Brazil","left","178","6.5","5.51","55.91","3.12","41.67","0.04","3.36","1.86","0.13","0.09","0","1.47","47.06","8.824","0.91","47.62","1.52","48.57","7.07","44.17","1.73","0.3","0.13","31.21","83.61","7.33","68.64","1.99","60.87","0.08","0.17","0.13","0","0.09","3.73","69.77","1","52.17","0.22","4.29","64.65"
"Juninho Capixaba","Brazil 2.","Red Bull Bragantino","LB","28","3000000","","24","2065","2","0","Brazil","left","176","10.77","8.02","63.59","5.06","50.86","0.22","7.01","1.92","0.09","0.08","0.04","0.65","46.67","13.333","1.87","32.56","1.79","53.66","5.01","42.61","1.13","1.61","0.26","39.44","80.33","16.3","73.26","4.84","59.46","0.02","0.04","0.04","100","0.13","6.1","76.43","2.09","50","0.44","9.72","75.78"
"Hugo","Brazil 2.","Corinthians","LB, LWB","27","1500000","2026-12-31","25","2065","0","3","Brazil","left","179","9.72","8.46","62.89","4.14","67.37","0.13","5.42","0.83","0","0.07","0","0.57","23.08","0","1.09","20","0.7","68.75","2.66","39.34","1.31","0.74","0.13","31.55","82.87","14.51","77.78","2.96","48.53","0.06","0","0","0","0.17","3.92","77.78","1.09","24","0.26","6.97","73.13"
"Rafael Borré","Brazil 2.","Internacional","CF","30","8000000","2028-12-31","23","2055","9","2","Colombia","right","174","4.34","4.51","57.28","5.56","36.22","0.13","2.54","1.62","0.39","0.49","0.18","2.23","52.94","17.647","0.7","18.75","1.01","21.74","8.5","21.65","4.25","0.88","0.26","17.87","81.13","3.42","67.95","0.96","86.36","0.03","0","0.13","66.67","0.18","1.45","69.7","1.58","58.33","0.88","1.4","84.38"
"Willean Lepo","Brazil 2.","Vitória","RB, RCB","28","450000","","28","2052","0","0","Brazil","right","180","11.4","8.51","67.53","4.47","48.04","0.26","6.12","3.55","0","0.03","0","0.44","40","0","2.63","40","3.9","58.43","7.63","44.83","1.18","2.37","0.75","35.18","78.55","15.04","73.76","3.95","45.56","0.09","0","0.09","50","0.26","4.08","67.74","1.93","47.73","0.44","7.76","64.97"
"Rômulo","Brazil 2.","Internacional","RDMF, DMF, RCMF","25","900000","2027-12-31","30","1994","0","0","Brazil","right","182","10.34","7.49","66.87","3.93","55.17","0.41","6.86","0.5","0","0.02","0","0.59","15.38","0","0.23","20","0.41","88.89","2.57","42.11","0.32","0.59","0.09","39.72","88.64","11.69","78.38","2.62","56.9","0.01","0.05","0","0","0.05","5.37","77.31","0.36","25","0.14","5.01","72.97"
"João Victor","Brazil 2.","Vasco da Gama","RCB, LCB","26","5000000","2028-12-31","23","1992","1","0","Brazil","right","187","7.77","4.74","68.57","3.16","58.57","0.45","5.93","0.59","0.05","0.02","0.05","0.23","40","20","0.36","37.5","0.59","61.54","2.35","53.85","0.45","1.72","0.81","44.19","89.47","18.43","83.58","4.34","70.83","0.03","0","0","0","0.09","5.56","80.49","0.59","30.77","0.14","7.09","73.89"
"Breno Bidon","Brazil 2.","Corinthians","LCMF, RDMF, LDMF","20","0","","29","1990","0","0","Brazil","left","174","7.64","7.46","59.39","1.31","48.28","0.14","3.97","1.49","0","0.06","0","0.9","35","0","0.59","7.69","1.63","61.11","7.37","38.65","0.45","1.13","0.23","38.44","86.94","12.03","76.32","4.25","69.15","0.05","0.05","0.23","60","0.18","6.65","76.87","1.31","41.38","0.59","6.47","80.42"
"Alan Patrick","Brazil 2.","Internacional","AMF, CF","34","4000000","2026-12-31","23","1987","8","3","Brazil","right","177","4.17","4.35","60.42","1.72","7.89","0.05","1.67","3.31","0.18","0.36","0","1.86","48.78","19.512","0.77","58.82","2.54","67.86","9.56","42.18","2.45","1.72","0.05","37.37","85.82","10.51","75.86","1.63","75","0.35","0.09","0.54","41.67","0.86","4.67","83.5","3.31","60.27","2.04","4.94","93.58"
"F. Torres","Brazil 2.","Corinthians","RCB, LCB","28","5000000","2027-12-31","22","1977","0","0","Ecuador","right","187","8.06","4.83","66.04","3.82","54.76","0.36","6.63","0.41","0","0.01","0","0.14","33.33","0","0.14","33.33","0.36","75","1.32","34.48","0.46","0.59","0.05","39.06","87.76","15.98","77.21","3.1","54.41","0.03","0","0.05","100","0.05","4.1","68.89","0.27","50","0.18","6.19","68.38"
"Rony","Brazil 2.","Palmeiras","CF, LAMF","30","9000000","2026-12-31","35","1975","4","0","Brazil","right","166","4.56","3.87","61.18","4.92","17.59","0.05","2.53","2.32","0.18","0.32","0","2.46","40.74","7.407","2.01","20.45","1.46","59.38","5.15","40.71","4.37","0.77","0.09","12.85","71.99","1.59","54.29","0.96","42.86","0.08","0","0.05","100","0.36","0.87","42.11","1.55","41.18","0.59","1","72.73"
"Erick Pulgar","Brazil 2.","Flamengo","RDMF, RCMF, LDMF","31","5000000","","23","1953","0","2","Chile","right","187","9.03","6.64","62.5","3","56.92","0.32","7.25","0.51","0","0.05","0","0.46","20","0","0.28","50","0.51","36.36","2.21","41.67","0.97","0.55","0.05","55.3","91.92","15.81","85.71","2.49","70.37","0.06","0.05","0.14","66.67","0.14","9.12","91.92","1.38","56.67","0.55","7.47","82.1"
"Eduardo Santos","Brazil 2.","Red Bull Bragantino","LCB","27","900000","2028-12-29","22","1934","1","0","Brazil","right","196","9.03","5.07","78.9","3.07","56.06","0.74","7.07","0.42","0.05","0.06","0.05","0.37","25","12.5","0.23","20","0.7","40","2.98","40.63","0.7","1.07","0.14","38.81","86.21","15.73","75.74","4.33","55.91","0","0","0.14","0","0","4.51","62.89","0.33","28.57","0.09","6.61","66.2"
"David Luiz","Brazil 2.","Flamengo","LCB, RCB","38","400000","","23","1930","3","0","Brazil","right","189","5.46","2.66","59.65","2.8","68.33","0.56","5.32","0.84","0.14","0.1","0.05","0.84","44.44","16.667","0.28","66.67","0.56","25","1.82","35.9","0.65","2.98","0.33","45.84","89.62","18.05","78.55","3.96","47.06","0.02","0.05","0.23","60","0.14","7.51","78.26","1.03","50","0.51","8.53","76.5"
"R. Ríos","Brazil 2.","Palmeiras","RDMF, LCMF","25","0","2028-12-31","24","1915","3","3","Colombia","right","185","9.82","10.06","58.41","2.49","50.94","0.19","5.99","2.16","0.14","0.07","0","1.69","25","8.333","1.79","39.47","2.26","39.58","6.86","41.1","0.85","1.41","0.42","38.58","84.77","10.48","73.09","2.73","58.62","0.08","0","0.28","50","0.42","6.02","77.34","2.4","45.1","0.52","5.4","81.74"
"Raúl Cáceres","Brazil 2.","Vitória","RB","34","300000","2025-12-31","23","1898","0","4","Paraguay","right","180","8.49","7.4","65.38","2.23","42.55","0.19","4.05","2.42","0","0","0","0.09","0","0","4.41","37.63","1.33","57.14","2.28","45.83","1.14","1.94","0.47","29.11","74.59","10.38","69.41","3.79","55","0.13","0","0.05","0","0.57","3.37","63.38","3.18","46.27","0.57","6.35","69.4"
"Pablo","Brazil 2.","Athletico Paranaense","CF","32","800000","2025-12-31","29","1893","3","2","Brazil","right","185","2.76","2.9","57.38","6.32","36.84","0.1","1.28","0.86","0.14","0.24","0.1","1.85","25.64","7.692","0.24","20","0.67","42.86","4.28","24.44","2.28","0.33","0.05","18.4","79.84","4.23","62.92","1.47","61.29","0.03","0","0.14","33.33","0.24","1.76","56.76","0.9","57.89","0.57","1.76","67.57"
"Welington","Brazil 2.","São Paulo","LB, LWB","23","3500000","","22","1892","0","1","Brazil","left","177","7.71","5.85","65.04","2.85","51.67","0.24","4.85","2.24","0","0.03","0","0.57","16.67","0","2.85","30","2","64.29","6.66","48.57","0.57","2","0.57","37.34","84.46","13.08","80.36","3.62","59.21","0.03","0","0.05","0","0.33","4.99","83.81","2.81","44.07","0.57","6.04","76.38"
"Neris","Brazil 2.","Vitória","RCB, CB","33","600000","2026-12-31","22","1889","1","0","Brazil","right","192","7.81","4.96","67.31","3.72","58.97","0.62","5.17","0.29","0.05","0.03","0.05","0.1","100","50","0","0","0.38","50","1.19","48","0.14","0.71","0","36.26","85.81","14.63","73.29","4.38","51.09","0","0","0","0","0","5.24","64.55","0.48","30","0.14","7.72","71.6"
"Arthur Caíke","Brazil 2.","Criciúma","CF","33","800000","","33","1886","5","0","Brazil","right","174","3.58","3.72","52.56","6.2","37.69","0.29","1.99","1.15","0.24","0.21","0.1","1.72","36.11","13.889","0.38","25","0.91","42.11","6.59","33.33","2.91","0.52","0.14","12.6","77.65","2.53","60.38","0.33","42.86","0.05","0","0.19","25","0.14","0.91","68.42","0.62","46.15","0.43","1.15","58.33"
"Rodrigo Ely","Brazil 2.","Grêmio","RCB","31","3000000","2025-12-31","21","1885","1","0","Brazil","right","191","10.07","5.87","75.61","6.11","68.75","1.24","6.65","0.48","0.05","0.08","0.05","0.76","43.75","6.25","0.1","50","0.24","40","1.05","50","0.81","0.14","0","33.99","84.13","12.65","68.68","4.49","46.81","0.03","0","0","0","0.05","4.11","52.33","0.33","28.57","0.1","5.87","61.79"
"Pedro","Brazil 2.","Flamengo","CF","28","0","2027-12-31","21","1860","11","4","Brazil","right","186","3.53","2.13","65.91","3.44","35.21","0.15","2.82","2.27","0.34","0.49","0.05","2.03","64.29","26.19","0.1","0","1.6","51.52","8.03","25.3","3.44","0.24","0.05","13.26","80.66","3.48","63.89","0.63","76.92","0.08","0.05","0.29","50","0.48","1.55","68.75","1.02","61.9","1.16","1.45","83.33"
"Julimar","Brazil 2.","Athletico Paranaense","LW, LAMF, LWF","24","400000","","31","1859","6","2","Brazil","right","182","6.29","4.79","67.68","5.66","54.7","0","4.21","4.94","0.29","0.27","0.05","3.15","36.92","9.231","2.71","30.36","5.28","55.05","10.89","38.67","4.45","3.73","0.77","26.05","78.81","5.37","59.46","0.97","45","0.1","0.05","0.1","50","0.44","1.69","82.86","2.03","54.76","0.63","3.34","63.77"
"Jadsom Silva","Brazil 2.","Red Bull Bragantino","RB, RDMF, DMF","24","4000000","2025-12-31","30","1852","0","1","Brazil","right","173","10.59","9.67","60.3","2.04","40.48","0.24","5.91","0.68","0","0.01","0","0.53","9.09","0","0.87","38.89","0.63","38.46","1.99","36.59","0.24","0.97","0.15","34.21","82.39","13.61","73.21","5.15","54.72","0.02","0","0.05","100","0.24","7.53","70.32","1.41","41.38","0.24","7.34","75.5"
"Yago Pikachu","Brazil 2.","Fortaleza","RAMF, RW, RB","33","1200000","2025-12-31","32","1849","2","1","Brazil","right","169","5.79","4.92","65.35","1.46","40","0.15","3.08","1.9","0.1","0.15","0","1.61","21.21","6.061","2.19","17.78","1.85","55.26","5.94","43.44","2.39","1.02","0.29","23.66","78.81","6.57","72.59","2.48","62.75","0.07","0.1","0.15","100","0.19","2.82","74.14","1.65","35.29","0.68","4.38","76.67"
"T. Pochettino","Brazil 2.","Fortaleza","AMF, CF","29","2500000","2027-12-31","32","1849","5","7","Argentina","right","180","4.87","4.82","53.54","1.9","33.33","0","2.3","3.85","0.24","0.19","0.1","1.56","31.25","15.625","3.75","31.17","4.09","51.19","7.2","47.97","1.56","2.04","0.29","31.05","72.73","9.35","65.1","4.53","49.46","0.18","0.1","0.29","33.33","0.92","5.65","67.24","4.19","38.37","0.58","5.79","75.63"
"Cuiabano","Brazil 2.","Botafogo","LB","22","0","","25","1847","4","3","Brazil","left","179","9.75","6.53","65.67","2.97","52.46","0.24","7.41","2.92","0.19","0.09","0.05","1.02","52.38","19.048","5.21","26.17","1.75","58.33","4.63","47.37","1.85","1.27","0.15","33.96","73.74","11.89","68.44","3.22","43.94","0.15","0.15","0.05","0","0.34","4.53","65.59","3.7","31.58","0.34","7.16","74.15"
"Y. Soteldo","Brazil 2.","Grêmio","LW, RAMF, LWF","27","7000000","2028-12-31","24","1842","5","1","Venezuela","left","160","3.37","3.08","63.49","0.73","13.33","0.05","1.76","6.5","0.24","0.13","0","1.22","36","20","4.06","34.94","8.06","55.76","16.66","44.57","4.45","4.64","0.73","30.49","78.85","6.21","78.74","0.98","60","0.23","0.05","0.15","100","0.78","2.25","80.43","3.76","57.14","1.81","4.74","82.47"
"Alan Franco","Brazil 2.","Atlético Mineiro","LCMF, DMF, RCMF","27","3500000","2027-12-31","22","1836","0","0","Ecuador","right","174","6.76","5.64","66.09","2.7","52.73","0.05","4.23","0.34","0","0.03","0","0.49","20","0","0.44","11.11","0.29","33.33","1.96","35","0.78","0.44","0","33.73","88.66","7.89","75.78","1.62","48.48","0.05","0","0.15","66.67","0.2","3.09","79.37","0.88","38.89","0.59","3.48","69.01"
"L. Godoy","Brazil 2.","Athletico Paranaense","RB","29","3800000","2027-12-31","26","1816","1","1","Argentina","right","173","7.04","5.8","56.41","2.23","42.22","0.4","4.17","1.78","0.05","0.02","0","0.4","25","12.5","2.68","38.89","1.29","46.15","2.87","34.48","1.29","0.79","0.15","29.34","78.21","11.45","72.29","4.91","61.62","0.06","0","0.2","25","0.35","4.26","67.44","2.68","50","0.5","6.69","78.52"
"Tchê Tchê","Brazil 2.","Botafogo","LCMF, LW, AMF","32","1800000","","28","1798","0","0","Brazil","right","175","4.1","3.6","63.89","1.2","16.67","0","2.4","1.05","0","0.02","0","0.85","29.41","0","0.85","23.53","1.2","41.67","4.76","30.53","0.55","1.1","0.25","37.94","90.63","11.06","83.26","3.95","65.82","0.07","0.15","0.15","66.67","0.25","7.11","83.1","1.4","42.86","0.4","5.66","90.27"
"G. Cano","Brazil 2.","Fluminense","CF","37","1400000","2026-12-31","27","1790","4","0","Argentina","right","177","1.56","1.66","57.58","2.06","29.27","0.1","0.82","1.66","0.2","0.23","0.1","1.76","54.29","11.429","0.55","45.45","0.8","50","3.22","20.31","2.31","0.1","0","14.38","80.42","2.36","68.09","1.16","65.22","0.06","0","0.05","100","0.2","1.31","76.92","0.35","85.71","0.35","2.16","55.81"
"Bruno Tubarão","Brazil 2.","Atlético GO","RB","30","500000","2025-12-31","23","1788","0","0","Brazil","right","180","6.64","5.89","60.68","2.42","50","0.2","3.68","3.52","0","0.04","0","0.76","40","0","3.67","46.58","2.52","60","5.29","46.67","0.4","2.21","0.3","41.28","82.2","16.61","73.64","4.38","49.43","0.06","0.05","0.05","0","0.5","6.59","81.68","3.02","53.33","0.15","8.96","76.4"
"David","Brazil 2.","Vasco da Gama","LAMF, LW, LWF","29","2000000","","23","1783","4","2","Brazil","right","180","5.2","4.69","67.74","2.07","34.15","0.1","2.74","2.73","0.2","0.12","0","1.46","24.14","13.793","1.16","39.13","3.03","55","12.06","33.47","2.47","2.12","0.56","23.22","77.17","4.69","58.06","0.96","68.42","0.1","0.1","0.35","71.43","0.45","2.47","61.22","1.72","73.53","1.01","3.33","66.67"
"Nikão","Brazil 2.","Athletico Paranaense","RAMF, RW, RWF","32","1000000","","26","1779","6","1","Brazil","left","174","3.79","3.59","61.97","2.83","41.07","0.1","1.96","2.68","0.3","0.17","0.05","2.58","33.33","11.765","1.92","42.11","2.02","45","9.81","32.99","2.63","1.32","0.15","34.1","83.83","6.83","71.11","3.95","82.05","0.17","0.05","0.15","66.67","0.46","4.3","84.71","2.78","52.73","1.16","5.67","82.14"
"Alisson","Brazil 2.","São Paulo","RDMF, RCMF, LDMF","32","2000000","2027-12-31","21","1778","1","2","Brazil","right","174","6.99","5.77","59.65","1.27","44","0.1","4.25","1.37","0.05","0.02","0","0.61","41.67","8.333","0.81","31.25","1.27","64","5.52","50.46","0.25","1.27","0.05","62.72","92.57","15.49","84.64","6.58","73.85","0.03","0.05","0.1","50","0.3","9.72","84.38","1.52","53.33","0.46","7.59","86"
"André Silva","Brazil 2.","São Paulo","CF","27","3500000","2027-12-31","30","1766","7","2","Brazil","left","181","3.11","2.8","43.64","5.15","31.68","0","2.61","2.19","0.36","0.18","0.1","1.53","46.67","23.333","0.92","22.22","1.99","51.28","9.12","27.93","2.85","0.82","0.25","17.23","74.85","3.36","56.06","0.92","44.44","0.03","0","0.31","83.33","0.46","1.43","60.71","1.38","55.56","0.92","1.78","57.14"
"Mycael","Brazil 2.","Athletico Paranaense","GK","21","0","2027-12-31","19","1766","0","0","Brazil","left","190","0.87","0","0","0.15","100","0","1","0","0","0","0","0","0","0","0","0","0","0","0.05","0","0","0","0","11.36","79.37","6.83","70.15","5.2","60.78","0","0","0","0","0","1.58","51.61","0.05","0","0","4.13","67.9"
"Luiz Araújo","Brazil 2.","Flamengo","RAMF, RW, AMF","29","4000000","2027-12-31","25","1762","4","5","Brazil","left","175","7.66","5.87","60.87","1.48","27.59","0.15","4.64","4.75","0.2","0.13","0","2.45","35.42","8.333","2.4","29.79","4.6","66.67","10.06","47.72","2.55","2.45","0.56","30.03","77.72","6.95","66.18","2.96","65.52","0.22","0.1","0.26","40","0.51","2.76","68.52","2.81","45.45","0.97","4.04","72.15"
"Gabriel Veron","Brazil 2.","Cruzeiro","RWF","23","7000000","2027-06-30","27","1762","6","1","Brazil","right","176","5.11","4.8","54.26","1.63","31.25","0.05","3.2","1.74","0.31","0.23","0","1.17","43.48","26.087","0.87","23.53","1.79","45.71","5.06","29.29","2.4","1.07","0.2","18.85","78.05","3.78","64.86","0.66","46.15","0.09","0","0.2","100","0.36","1.53","56.67","1.33","57.69","1.02","2.25","77.27"
"Matheusinho","Brazil 2.","Criciúma","AMF, RW, LCMF","27","1300000","","28","1757","5","2","Brazil","right","164","4.71","4.92","53.13","1.69","21.21","0","2.53","3.38","0.26","0.23","0.05","1.69","30.3","15.152","2.46","58.33","3.18","40.32","11.17","31.65","2","1.18","0.31","32.99","77.95","10.04","63.27","4","53.85","0.09","0.05","0.36","42.86","0.61","4.82","74.47","3.69","62.5","1.38","6.97","78.68"
"Fernandinho","Brazil 2.","Athletico Paranaense","LDMF, LCMF, RCMF","39","400000","","25","1750","2","2","Brazil","right","179","5.71","5.09","56.57","2.06","62.5","0.15","3.47","2.11","0.05","0.11","0","0.87","58.82","11.765","0.93","38.89","1.75","61.76","4.94","48.96","0.77","2.01","0.1","47.01","84.57","18.51","75","6.27","57.38","0.1","0.15","0.36","42.86","0.46","13.01","72.73","3.6","48.57","1.54","10.18","88.38"
"Luan Silva","Brazil 2.","Vitória","DMF, RCMF, RDMF","26","2000000","2026-12-31","25","1747","0","0","Brazil","right","175","6.08","4.48","57.47","2.22","53.49","0","3.94","0.36","0","0.02","0","0.72","21.43","0","0.15","0","0.41","50","2.68","32.69","0.31","0.1","0","33.18","88.51","9.12","74.58","2.78","57.41","0","0","0","0","0","3.55","73.91","0.41","37.5","0.15","3.81","64.86"
"Maguinho","Brazil 2.","Atlético GO","RB","33","300000","","24","1744","0","1","Brazil","right","175","6.81","5.93","60","3.41","39.39","0.31","4.09","2.12","0","0.04","0","0.83","18.75","0","3.56","33.33","1.75","44.12","3.87","42.67","1.65","1.44","0.57","35.25","75.99","12.33","64.44","4.23","40.24","0.08","0.05","0","0","0.41","4.08","60.76","2.68","34.62","0.26","6.86","68.42"
"Fernando","Brazil 2.","Internacional","LCB, RDMF, DMF","37","2000000","2025-12-31","24","1742","1","0","Brazil","right","183","7.75","4.6","58.43","3.05","64.41","0.26","6.96","0.21","0.05","0.03","0.05","0.46","22.22","11.111","0.05","100","0.15","33.33","1.45","25","0.57","1.6","0.1","48.15","93.03","12.55","85.6","1.91","62.16","0.01","0.05","0","0","0","5.58","87.04","0.31","50","0.26","5.42","80"
"Matheus Bidu","Brazil 2.","Corinthians","LB, LWB","26","2000000","","23","1723","2","1","Brazil","left","172","8.25","5.9","62.83","1.31","48","0.31","5.94","2.3","0.1","0.11","0","1.2","39.13","8.696","2.14","39.02","1.51","58.62","5.07","51.55","1.46","1.36","0.47","43.25","85.14","14.57","81","4.18","63.75","0.07","0","0.16","66.67","0.16","4.6","78.41","2.19","45.24","0.57","8.46","73.46"
"André Ramalho","Brazil 2.","Corinthians","RCB, CB","32","2500000","2026-12-31","18","1713","0","1","Brazil","right","182","8.72","5.41","62.14","3.15","56.67","0.53","7.13","0.42","0","0.02","0","0.37","28.57","0","0.05","0","0.32","100","1.47","53.57","0.32","1.31","0.16","42.98","90.95","16.08","81.7","4.31","62.2","0.01","0","0","0","0.05","4.15","75.95","0.37","57.14","0.32","6.62","76.19"
"Anderson","Brazil 2.","Cruzeiro","GK","27","200000","2025-12-31","17","1712","0","0","Brazil","left","190","0.95","0.05","0","0.42","87.5","0","1.23","0","0","0","0","0","0","0","0","0","0","0","0","0","0","0","0","16.19","90.26","7.52","81.12","4.21","65","0","0","0","0","0","0.68","38.46","0","0","0","2.42","63.04"
"Ronald","Brazil 2.","Criciúma","LCMF, LW","28","800000","2028-06-30","30","1709","1","2","Brazil","right","171","10.22","11.11","63.51","1.47","21.43","0.16","3.49","2.42","0.05","0.06","0","0.95","16.67","5.556","1.11","38.1","2.53","70.83","12.32","41.03","1.16","1.32","0.32","33.02","85.33","8.58","73.62","2.26","58.14","0.09","0.05","0.21","25","0.21","3.74","69.01","1.95","43.24","0.53","4.63","71.59"
"Lincoln","Brazil 2.","Red Bull Bragantino","AMF, LCMF","26","3500000","2026-06-30","28","1700","3","2","Brazil","left","178","5.82","5.08","55.21","1.43","22.22","0.48","3.93","1.85","0.11","0.13","0","1.27","25","12.5","1.43","37.04","1.59","50","6.67","46.83","1.54","1.32","0.21","35.21","83.16","11.01","75.48","2.81","56.6","0.15","0.11","0.74","28.57","0.53","5.93","74.11","2.44","50","0.79","6.09","84.35"
"Matheus Rossetto","Brazil 2.","Fortaleza","LDMF, DMF, RCMF","29","1500000","","22","1690","0","0","Brazil","right","180","6.55","5.27","68.69","1.33","40","0","3.65","0.91","0","0","0","0.11","0","0","0.11","0","1.38","61.54","5.27","48.48","0","1.07","0.11","54.59","93.27","16.4","87.01","3.04","71.93","0","0","0.05","100","0","8.2","86.36","0.59","45.45","0.21","6.5","82.79"
"Felipe Jonatan","Brazil 2.","Fortaleza","LB","27","2000000","2027-04-30","22","1688","0","1","Brazil","left","176","8.37","5.97","60.71","2.51","42.55","0.21","5.8","2.29","0","0.03","0","0.48","55.56","0","2.19","39.02","1.6","70","3.73","64.29","0.64","0.85","0.05","35.14","79.36","14.98","69.4","6.02","51.33","0.08","0.05","0.05","100","0.16","6.08","61.4","2.83","43.4","0.59","7.89","78.38"
"Maurício","Brazil 2.","Palmeiras","AMF","24","0","","25","1675","3","0","Brazil","left","175","3.55","3.39","49.21","2.15","35","0.05","2.59","1.99","0.16","0.23","0","1.77","42.42","9.091","2.15","30","1.56","37.93","4.84","42.22","3.22","0.7","0.21","29.93","80.97","6.23","69.83","1.18","54.55","0.08","0.05","0.11","0","0.32","3.12","79.31","2.26","40.48","1.02","3.76","71.43"
"M. Gamarra","Brazil 2.","Athletico Paranaense","LCB","24","2000000","2027-12-31","19","1671","0","0","Paraguay","left","183","9.48","5.92","67.27","4.85","58.89","0.7","6.23","0.48","0","0.09","0","0.97","33.33","0","0.16","33.33","0.11","100","1.02","57.89","0.75","0.38","0.05","41.42","85.44","19.34","75.49","7.65","60.56","0","0.05","0","0","0","5.49","70.59","0.7","38.46","0.22","9.59","74.72"
"Gustavo Henrique","Brazil 2.","Corinthians","LCB, RCB, CB","32","1000000","","18","1669","1","0","Brazil","right","196","6.74","3.72","72.46","4.26","63.29","0.81","5.68","0.38","0.05","0.02","0.05","0.38","57.14","14.286","0.11","50","0.11","100","0.59","63.64","0.49","0.38","0","39.85","91.34","13.97","81.47","4.42","45.12","0","0","0","0","0.05","2.43","64.44","0.27","40","0.05","4.64","72.09"
"Kauã Elias","Brazil 2.","Fluminense","CF","19","0","","30","1666","6","2","Brazil","right","181","4.38","4.38","60.49","5.51","14.71","0.05","2.2","3.08","0.32","0.29","0.11","2.21","48.78","14.634","0.54","20","3.62","46.27","15.72","22.68","3.4","1.51","0.27","19.56","78.73","3.89","63.89","0.32","50","0.06","0","0.27","80","0.38","2.21","70.73","0.76","50","0.54","2.05","71.05"
"Júnior Santos","Brazil 2.","Botafogo","CF","30","4000000","2027-12-31","24","1666","4","1","Brazil","right","188","2.59","2.76","58.82","3.67","38.24","0.05","1.24","2.7","0.22","0.33","0","2.05","36.84","10.526","1.62","20","3.78","42.86","9.89","32.24","3.78","2.54","0.97","15.56","74.65","2.86","71.7","0.43","50","0.09","0.16","0.05","0","0.49","1.03","68.42","1.35","36","0.76","1.46","77.78"
"Á. Barreal","Brazil 2.","Cruzeiro","LCMF, LAMF, LWF","25","5000000","2025-12-31","28","1660","2","3","Argentina","left","172","9.38","7.16","65.91","1.03","15.79","0.11","5.71","2.77","0.11","0.14","0","2.01","27.03","5.405","3.09","29.82","2.71","48","6.07","41.96","2.06","1.25","0.33","43.43","79.78","11.44","66.35","4.28","58.23","0.12","0","0","0","0.43","5.31","68.37","2.98","47.27","0.98","6.23","72.17"
"Vitor Reis","Brazil 2.","Palmeiras","RCB, LCB","19","0","2029-06-30","18","1656","1","0","Brazil","right","186","9.02","6.9","66.14","4.73","62.07","0.43","6.59","0.11","0.05","0.04","0.05","0.27","20","20","0","0","0.05","100","0.71","69.23","0.54","0.33","0","40.92","91.24","13.75","79.45","3.04","58.93","0.03","0","0","0","0.05","5","76.09","0.33","33.33","0.22","7.07","77.69"
"Nenê","Brazil 2.","Juventude","AMF, CF","44","200000","","28","1655","3","3","Brazil","left","181","2.83","3.26","45","1.14","33.33","0.05","1.65","2.61","0.16","0.1","0","1.25","39.13","13.043","3.37","40.32","1.52","50","8.16","40","1.79","1.2","0.22","28.88","66.29","10.33","46.32","4.89","45.56","0.22","0","0.33","0","0.49","5.6","46.6","3.7","36.76","0.49","5.82","74.77"
"Christian","Brazil 2.","Athletico Paranaense","AMF, LCMF, RAMF","24","0","2025-12-31","24","1652","1","0","Brazil","right","175","5.5","5.88","52.78","2.29","30.95","0.27","2.95","1.31","0.05","0.15","0.05","1.09","30","5","1.47","37.04","1.36","32","5.12","35.11","2.07","0.71","0.05","26.64","81.19","7.3","76.87","1.63","63.33","0.05","0.05","0.16","0","0.05","2.4","75","1.96","44.44","0.54","2.89","81.13"
"Á. Romero","Brazil 2.","Corinthians","CF, RAMF","32","1500000","2025-12-31","28","1643","4","4","Paraguay","right","175","5.97","5.53","55.45","3.45","31.75","0","2.89","3.34","0.22","0.28","0.05","2.3","30.95","9.524","3.18","31.03","2.96","50","9.09","37.35","2.63","1.15","0.33","28.92","80.3","6.41","72.65","1.81","66.67","0.14","0.05","0.33","50","0.66","2.85","82.69","2.79","49.02","0.77","4","89.04"
"Wesley","Brazil 2.","Corinthians","LAMF, LW, LWF","20","0","2028-06-30","23","1638","2","0","Brazil","right","180","4.12","3.46","53.97","0.66","8.33","0.05","3.1","6.26","0.11","0.1","0","1.65","43.33","6.667","2.58","29.79","9.01","52.44","17.09","41.48","2.47","4.62","0.82","20.33","77.84","3.63","71.21","1.43","73.08","0.09","0.05","0.16","33.33","0.27","2.64","64.58","2.58","57.45","0.88","3.74","85.29"
"M. Trauco","Brazil 2.","Criciúma","LB","33","0","","24","1636","2","0","Peru","left","175","8.2","6.82","62.9","1.49","59.26","0.17","3.79","0.94","0.11","0.03","0","0.72","30.77","15.385","1.27","21.74","0.72","53.85","1.76","37.5","0.17","0.5","0.06","36.64","76.28","19.03","69.36","8.42","53.59","0.04","0.06","0.17","33.33","0.06","7.43","69.63","2.81","35.29","0.72","10.51","75.92"
"Igor Jesus","Brazil 2.","Botafogo","CF","24","2500000","2027-12-31","22","1632","5","3","Brazil","right","180","3.86","3.25","62.71","7.22","35.11","0.06","2.78","2.26","0.28","0.48","0","2.87","48.08","9.615","0.94","11.76","1.99","36.11","10.53","32.98","4.91","0.99","0.11","16.1","77.4","3.81","63.77","1.16","71.43","0.05","0.06","0.22","25","0.28","1.54","85.71","1.21","54.55","0.94","1.82","78.79"
"Roni","Brazil 2.","Atlético GO","RDMF, DMF, RB","26","2000000","2025-12-31","22","1618","1","0","Brazil","right","174","8.07","6.62","59.66","1.56","46.43","0.56","4.48","0.56","0.06","0.05","0","0.78","35.71","7.143","0.39","0","0.44","62.5","3.06","34.55","0.22","0.39","0.06","39.05","85.9","10.46","71.81","3.45","64.52","0.01","0.06","0","0","0.11","5.34","73.96","1.17","38.1","0.28","4.84","57.47"
"T. Cardona","Brazil 2.","Fortaleza","LCB","29","1800000","2026-12-31","17","1617","1","0","Argentina","left","185","9.29","5.73","67.96","4.51","56.79","1","6.15","0.17","0.06","0.05","0.06","0.33","50","16.667","0","0","0.06","0","0.61","63.64","0.39","1","0","41.13","82.14","19.65","69.41","7.96","44.76","0","0","0.06","0","0.06","6.01","58.33","0.5","33.33","0.11","8.91","71.88"
"Ramiro","Brazil 2.","Cruzeiro","RCMF, LCMF","32","800000","","27","1608","2","0","Brazil","right","168","9.07","8","55.94","2.57","39.13","0.22","5.48","0.67","0.11","0.06","0.06","0.56","30","20","0.9","25","0.39","42.86","2.74","34.69","1.18","0.45","0","40.58","86.21","11.75","74.76","2.85","64.71","0.04","0","0.11","100","0.17","4.81","83.72","1.12","60","0.62","5.76","61.17"
"Igor Coronado","Brazil 2.","Corinthians","AMF, LCMF","32","4000000","2026-12-31","30","1608","1","2","Brazil","right","170","6.66","5.99","50.47","1.34","16.67","0.17","5.12","4.2","0.06","0.06","0","2.07","21.62","2.703","3.13","28.57","5.04","52.22","11.64","38.94","1.06","4.25","0.5","42.87","77.81","13.38","69.04","4.37","60.26","0.19","0","0.67","33.33","0.45","7.22","69.77","4.76","42.35","1.34","8.4","80"
"Vitinho","Brazil 2.","Red Bull Bragantino","LAMF, LW, LWF","25","7000000","2026-06-30","25","1602","2","2","Brazil","right","181","6.07","4.94","51.14","3.93","30","0.11","4.39","4.55","0.11","0.13","0","1.91","38.24","5.882","3.99","23.94","4.78","58.82","8.93","41.51","2.36","2.3","0.11","27.87","72.78","6.69","67.23","2.25","65","0.09","0.06","0.22","25","0.34","2.7","79.17","3.43","37.7","0.9","5.06","80"
"Janderson","Brazil 2.","Vitória","CF, RW, LW","26","0","","28","1593","3","0","Brazil","both","189","5.88","5.08","63.33","6.27","27.03","0.17","2.87","2.94","0.17","0.14","0.06","1.86","27.27","9.091","1.02","27.78","4.07","52.78","13.56","30.83","1.98","2.32","1.02","18.7","77.04","3.5","69.35","1.07","52.63","0.05","0.06","0.06","0","0.28","1.47","73.08","1.19","28.57","0.56","1.69","63.33"
"Gabriel","Brazil 2.","Athletico Paranaense","LCMF, RCMF, LDMF","32","1800000","2025-12-31","20","1589","1","0","Brazil","right","170","9.91","8.33","58.5","2.66","36.17","0.34","6.12","0.51","0.06","0.03","0","0.62","18.18","9.091","0.28","60","0.45","50","1.81","50","0.23","0.79","0","47.52","90.23","12.91","81.14","3.62","78.13","0.03","0.06","0","0","0.06","7.25","86.72","0.74","69.23","0.51","6.34","69.64"
"M. Braithwaite","Brazil 2.","Grêmio","CF","34","3200000","2027-12-31","18","1589","8","1","Denmark","right","177","2.66","2.95","55.77","4.87","37.21","0","1.09","1.7","0.45","0.42","0","1.98","45.71","22.857","0.4","14.29","1.59","42.86","9.35","26.06","3.34","0.91","0.06","15.86","78.21","3.4","68.33","0.68","50","0.03","0.11","0.23","25","0.28","1.47","65.38","0.85","73.33","0.62","1.25","59.09"
"B. Zapelli","Brazil 2.","Athletico Paranaense","AMF, CF","23","0","2028-07-01","32","1584","0","5","Argentina","right","181","5.91","5.97","58.1","1.53","22.22","0.06","3.14","3.3","0","0.18","0","1.53","40.74","0","2.16","34.21","3.24","57.89","10.45","33.7","2.05","1.36","0.11","37.27","78.96","10.17","67.6","2.95","53.85","0.18","0.11","0.34","16.67","0.45","4.03","73.24","4.15","52.05","1.53","5.34","78.72"
"Derik Lacerda","Brazil 2.","Cuiabá","CF, LW, RAMF","25","500000","2028-12-31","27","1580","4","0","Brazil","right","191","4.9","4.61","58.02","3.99","41.43","0.17","2.31","3.19","0.23","0.23","0","1.31","39.13","17.391","0.8","35.71","3.82","61.19","11.34","38.69","2.16","1.94","0.8","16.41","80.9","2.85","68","0.46","50","0.08","0","0.28","20","0.23","0.91","75","0.74","53.85","0.51","1.65","55.17"
"Allan","Brazil 2.","Flamengo","LDMF, RDMF, LCMF","28","6000000","2027-12-31","24","1571","0","0","Brazil","left","172","9.91","8.02","62.86","1.95","44.12","0.34","6.77","0.92","0","0.01","0","0.69","33.33","0","0.4","42.86","0.86","53.33","2.41","54.76","0","1.43","0.11","48.12","90.12","13","77.53","4.64","60.49","0.01","0","0.11","50","0","8.31","85.52","1.32","43.48","0.29","6.59","75.65"
"Caíque","Brazil 2.","Juventude","LDMF, LCMF","29","500000","2025-12-31","17","1570","0","0","Brazil","right","178","9.97","6.82","73.95","1.78","51.61","0.46","6.29","0.92","0","0","0","0.23","0","0","0.11","50","0.97","82.35","5.22","58.24","0.11","0.86","0.11","45.34","92.16","11.18","83.59","2.29","65","0.02","0","0.06","100","0","5.62","81.63","0.52","66.67","0.23","4.24","79.73"
"Jonathan Cafú","Brazil 2.","Cuiabá","RW, RAMF, RWF","33","300000","","28","1566","1","1","Brazil","right","175","6.03","6.9","60.83","3.79","31.82","0","2.07","2.24","0.06","0.1","0","0.63","45.45","9.091","2.76","18.75","3.16","43.64","9.37","34.36","1.84","1.26","0.4","24.25","76.3","4.94","67.44","0.63","36.36","0.07","0","0.17","33.33","0.23","1.72","83.33","2.24","46.15","0.8","4.02","70"
"Keno","Brazil 2.","Fluminense","LAMF, LW","36","800000","2025-12-31","27","1564","1","1","Brazil","right","178","5.93","5.93","56.31","1.15","40","0.12","3.4","5.35","0.06","0.16","0","2.3","27.5","2.5","2.53","34.09","6.27","59.63","11.8","46.83","2.99","2.99","0.12","25.95","74.94","5.81","60.4","0.92","37.5","0.1","0","0.23","50","0.17","2.3","62.5","3.28","45.61","1.04","4.14","79.17"
"J. Piquerez","Brazil 2.","Palmeiras","LB, LCB","27","0","","17","1563","2","0","Uruguay","left","183","8.69","6.45","63.39","1.32","60.87","0.23","6.64","2.48","0.06","0.1","0","1.84","21.88","6.25","3.97","31.88","1.27","63.64","3.63","50.79","0.52","0.98","0.06","42.26","79.97","15.32","75.94","4.03","50","0.08","0","0.12","0","0.29","5.99","69.23","4.15","44.44","0.75","8.69","76.82"
"Douglas Mendes","Brazil 2.","Red Bull Bragantino","RCB, RB","21","2000000","2025-12-31","20","1538","2","0","Brazil","right","189","7.84","5.73","63.27","4.45","47.37","0.47","5","0.59","0.12","0.07","0.06","0.47","25","25","0.47","37.5","0.47","50","1.23","33.33","0.53","0.82","0.12","30.72","80.19","12.11","66.18","5.56","45.26","0","0","0.12","50","0","4.56","53.85","0.76","38.46","0.12","6.32","62.96"
"Gustavo Martins","Brazil 2.","Grêmio","RCB, LCB","22","3000000","2027-12-31","19","1531","2","0","Brazil","right","191","8.94","5.29","73.33","4.17","64.79","0.59","5.47","0.47","0.12","0.12","0.06","0.41","85.71","28.571","0.18","33.33","0.12","50","0.94","37.5","0.71","0.12","0","45.56","90.19","17.05","83.45","5.17","55.68","0","0","0","0","0","4","77.94","0.24","0","0","7.52","72.66"
"Lucas Halter","Brazil 2.","Botafogo","RCB","24","3000000","","17","1529","1","0","Brazil","right","188","5.71","3.94","56.72","2.59","50","0.35","4.82","0.41","0.06","0.05","0.06","0.53","33.33","11.111","0.06","100","0.18","66.67","0.59","40","0.59","1","0","50.39","92.06","20.6","85.71","3.65","59.68","0.01","0","0.12","50","0.06","5.53","79.79","0.35","33.33","0.18","7.53","78.91"
"Tiquinho Soares","Brazil 2.","Botafogo","CF","34","2700000","2026-12-31","28","1528","5","2","Brazil","right","187","3.18","3.12","50.94","6.54","32.43","0","2.28","1.47","0.18","0.3","0.06","1.94","33.33","15.152","0.35","33.33","1.35","34.78","8.36","30.28","2.83","0.35","0.24","15.61","75.47","3.3","60.71","1.35","65.22","0.08","0.06","0.53","44.44","0.41","1.71","72.41","1.53","46.15","0.77","1.59","70.37"
"Jemerson","Brazil 2.","Grêmio","LCB, CB","33","1700000","2026-12-31","16","1524","1","0","Brazil","right","184","8.56","5.2","75","3.9","56.06","0.89","5.92","0.41","0.06","0.05","0.06","0.3","60","20","0.06","100","0.3","60","1.3","50","0.47","0.35","0","30.65","88.25","12.34","77.99","3.25","49.09","0","0","0","0","0.06","2.19","62.16","0.24","50","0.12","5.08","56.98"
"L. Villalba","Brazil 2.","Cruzeiro","LCB","31","2000000","2025-12-31","23","1514","0","0","Argentina","left","177","8.38","4.87","71.95","5.41","56.04","0.48","6.66","0.36","0","0.03","0","0.36","16.67","0","0.54","33.33","0.18","66.67","1.19","50","0.54","1.78","0.18","51.48","89.95","19.26","80.86","6.12","55.34","0.01","0","0","0","0.06","5.83","76.53","0.83","28.57","0.12","8.44","71.13"
"Edenílson","Brazil 2.","Grêmio","RW, CF, RAMF","35","1200000","2025-12-31","30","1511","1","1","Brazil","right","175","4.94","3.99","49.25","2.68","31.11","0.12","3.27","1.73","0.06","0.14","0.06","0.95","50","6.25","1.07","50","1.43","45.83","6.55","34.55","1.49","1.07","0.24","27.04","81.06","8.04","68.15","1.91","62.5","0.04","0.06","0.18","33.33","0.36","4.29","70.83","1.61","62.96","1.13","4.23","74.65"
"Thiago Silva","Brazil 2.","Fluminense","RCB","40","1000000","2026-06-30","15","1511","0","0","Brazil","right","181","7.68","3.04","74.51","2.8","65.96","0.36","7.34","0.3","0","0.05","0","0.42","28.57","0","0.06","0","0.12","100","0.6","60","0.77","0.24","0","49.62","94.36","19.06","89.69","4.23","66.2","0.01","0","0.12","50","0.18","3.87","76.92","0.42","71.43","0.36","6.19","75"
"Gilberto","Brazil 2.","Bahia","RB","32","3000000","2026-06-30","19","1494","1","0","Brazil","right","181","7.59","5.78","61.46","2.47","51.22","0.18","5.45","3.55","0.06","0.08","0","0.66","36.36","9.091","3.73","35.48","3.01","64","8.43","43.57","1.45","3.01","0.54","55.72","86.81","14.94","79.03","2.65","43.18","0.09","0","0.06","100","0.54","5.84","77.32","3.67","57.38","1.02","8.92","84.46"
"J. Hurtado","Brazil 2.","Red Bull Bragantino","RB","23","1800000","2027-12-31","17","1485","0","2","Ecuador","right","178","8.97","7.15","61.02","2.24","43.24","0.18","5.68","2.36","0","0.01","0","0.48","25","0","3.76","30.65","1.45","70.83","2.85","53.19","0.91","1.88","0.3","35.21","75.04","14.48","68.2","4.36","37.5","0.08","0","0.12","50","0.48","5.15","57.65","3.03","34","0.24","7.33","70.25"
"Marinho","Brazil 2.","Fortaleza","RAMF, RW, RB","35","600000","2025-12-31","23","1484","4","3","Brazil","left","169","6.43","5.7","53.19","1.88","25.81","0","3.45","4.67","0.24","0.17","0","2.49","34.15","9.756","2.06","20.59","6.13","55.45","14.98","45.34","2.24","3.15","0.42","22.5","73.32","5.76","66.32","2.55","52.38","0.12","0.06","0.18","0","0.55","2.61","65.12","2.24","40.54","0.73","3.27","74.07"
"Raul","Brazil 2.","Red Bull Bragantino","DMF, RDMF, RCMF","29","1500000","","28","1483","1","1","Brazil","right","180","8.86","6.8","60.71","1.27","42.86","0.3","5.34","0.85","0.06","0.02","0","0.67","27.27","9.091","0.18","66.67","0.73","58.33","2.43","47.5","0.3","0.49","0","40.66","87.01","14.02","75.32","5.4","65.17","0.05","0","0.18","66.67","0.12","7.59","74.4","1.09","55.56","0.42","7.34","80.17"
"Igor Gomes","Brazil 2.","Atlético Mineiro","RCMF, LWF","26","4000000","2026-12-31","22","1478","1","3","Brazil","right","183","6.09","4.87","60","1.83","43.33","0.06","4.21","1.64","0","0.1","0","0.79","23.08","7.692","1.28","42.86","1.46","54.17","7.25","40.34","0.91","1.22","0.24","38.12","84.98","10.72","74.43","3.35","56.36","0.06","0.06","0.24","50","0.18","4.99","68.29","1.77","55.17","0.67","5.18","75.29"
"Guilherme Arana","Brazil 2.","Atlético Mineiro","LB, LWB","28","0","","17","1476","1","1","Brazil","left","176","6.52","4.7","64.94","1.83","40","0.18","5.62","2.93","0.06","0.05","0","1.34","40.91","4.545","4.45","28.77","1.95","53.13","3.6","55.93","1.4","2.26","0.12","61.46","85.42","16.89","77.62","5.06","57.83","0.04","0.06","0.06","100","0.43","6.34","76.92","4.27","41.43","0.61","10.24","76.19"
"Gabriel Carvalho","Brazil 2.","Internacional","RAMF, RW","18","0","2028-12-31","24","1460","1","3","Brazil","right","170","7.03","6.84","49.55","2.1","17.65","0","5.25","3.39","0.06","0.13","0","1.6","42.31","3.846","2.47","35","3.27","52.83","10.54","35.09","3.33","2.65","0.31","39.39","83.1","8.82","76.22","1.6","69.23","0.22","0","0.25","50","0.49","3.51","77.19","3.33","53.7","1.66","5.36","83.91"
"J. Sforza","Brazil 2.","Vasco da Gama","LDMF, DMF, LCMF","23","4500000","2028-12-31","26","1454","1","0","Argentina","left","179","8.17","5.82","52.13","3.16","56.86","0.37","5.8","0.43","0.06","0.04","0","0.62","20","10","0.31","40","0.31","60","2.85","43.48","0.31","0.74","0.06","48.78","89.72","13.68","77.83","5.32","69.77","0","0.12","0","0","0","6.56","76.42","0.68","45.45","0.25","6.38","73.79"
"Marquinhos","Brazil 2.","Fluminense","RAMF, RB, RW","22","7000000","2027-06-30","20","1451","0","1","Brazil","left","175","6.33","5.46","61.36","3.04","38.78","0","4.62","5.83","0","0.09","0","1.67","22.22","0","4.03","36.92","7.32","53.39","15.63","40.87","1.98","4.22","0.62","36.47","80.44","6.39","69.9","1.92","51.61","0.14","0","0.06","100","0.43","2.17","65.71","2.85","50","0.31","4.65","76"
"Allano","Brazil 2.","Criciúma","RW, RAMF, CF","29","300000","","24","1443","1","2","Brazil","left","182","7.73","7.86","59.52","3.99","31.25","0.06","3.73","3.74","0.06","0.18","0","1.87","30","3.333","1.87","36.67","4.12","57.58","15.09","38.43","3.24","3.49","0.69","28.81","83.98","6.92","75.68","1.43","69.57","0.11","0","0.19","66.67","0.62","2.99","79.17","2.12","52.94","1.06","3.99","90.63"
"Felipe Anderson","Brazil 2.","Palmeiras","LAMF","31","8000000","2027-12-31","20","1441","2","2","Brazil","right","175","6.93","5.06","60.49","1.44","34.78","0.25","5.25","2.75","0.12","0.16","0","1.37","31.82","9.091","1.94","25.81","3.19","54.9","7.37","44.92","3.12","3.37","0.62","39.29","76.79","9.24","63.51","2.69","44.19","0.16","0","0.12","50","0.44","3.93","69.84","3.56","42.11","1.62","5.75","72.83"
"Jhon Jhon","Brazil 2.","Red Bull Bragantino","LAMF, AMF, LCMF","23","0","","21","1437","3","3","Brazil","right","178","7.7","5.95","64.21","2.38","31.58","0.25","4.65","4.2","0.19","0.12","0","1.32","47.62","14.286","1.75","39.29","4.13","63.64","9.71","46.45","2.69","2.63","0.38","28.37","76.16","8.77","70.71","3.07","59.18","0.1","0","0.5","50","0.5","4.38","71.43","2.38","47.37","1.25","4.76","82.89"
"Pepê","Brazil 2.","Grêmio","LCMF, LDMF, RCMF","27","3000000","2025-12-31","26","1425","1","0","Brazil","right","183","9.85","8.78","64.75","1.96","38.71","0.13","4.15","1.45","0.06","0.05","0","0.63","30","10","0.51","37.5","1.83","55.17","7.77","47.97","1.01","1.26","0.06","42.76","88.63","13.96","82.35","3.66","65.52","0.02","0","0.13","50","0.13","5.68","80","1.2","63.16","0.76","6.13","79.38"
"Lucas Freitas","Brazil 2.","Juventude","LCB, LB","24","450000","","16","1415","0","0","Brazil","left","184","7.63","4.52","70.42","2.8","40.91","0.64","5.55","0.25","0","0.01","0","0.13","0","0","0.25","0","0.32","80","1.02","37.5","0.51","0.57","0.13","38.8","88.36","16.98","79.4","5.02","65.82","0.01","0","0","0","0","3.82","73.33","0.25","0","0.13","6.81","71.96"
"Arthur Gomes","Brazil 2.","Cruzeiro","LWF","27","3000000","2029-06-30","21","1399","2","2","Brazil","right","174","3.22","3.28","56.86","1.61","20","0","1.86","5.08","0.13","0.16","0","1.8","46.43","7.143","2.7","30.95","6.3","52.04","12.74","34.34","2.89","2.44","0.71","27.53","82.01","4.5","77.14","1.29","65","0.05","0","0.39","33.33","0.39","1.48","82.61","2.44","52.63","1.03","3.28","80.39"
"D. Suárez","Brazil 2.","Botafogo","RB","36","650000","2025-12-31","17","1395","0","1","Uruguay","right","173","7.03","8.77","50.74","1.29","55","0.13","3.36","1.81","0","0","0","0.32","0","0","2.65","41.46","1.35","47.62","2.52","38.46","0.45","0.97","0.19","32.84","75.44","12.13","65.96","5.03","47.44","0.06","0.06","0.06","100","0.32","4.9","60.53","2.97","43.48","0.32","8.19","74.8"
"Gustavo Nunes","Brazil 2.","Grêmio","LW, LAMF","19","0","2030-06-30","20","1382","3","1","Brazil","right","173","3.91","4.56","50","1.43","22.73","0","1.71","4.82","0.2","0.12","0.07","0.91","50","21.429","1.63","24","8.21","46.83","15.96","35.51","2.08","3.71","0.98","31.13","75.1","7.68","61.86","1.5","65.22","0.07","0","0.26","50","0.2","2.41","62.16","2.67","60.98","1.3","4.75","78.08"
"Renato Kayzer","Brazil 2.","Fortaleza","CF","29","1000000","2025-12-31","29","1379","6","1","Brazil","right","178","4.18","4.5","46.38","6.79","25","0.07","2.47","1.5","0.33","0.42","0","2.22","35.29","17.647","0.2","0","1.63","44","6.72","38.83","3.26","0.78","0.33","14.1","71.76","3.92","65","0.72","63.64","0.05","0","0","0","0.26","1.57","58.33","0.72","63.64","0.59","1.63","60"
"Railan","Brazil 2.","Cuiabá","RB, RW","25","150000","2027-12-31","23","1379","0","2","Brazil","right","185","9.33","6.59","69.31","3.26","38","0.2","5.18","3","0","0.01","0","0.65","30","0","2.94","31.11","3.39","55.77","8.35","44.53","0.65","2.09","0.59","33.61","76.7","12.6","67.36","3.59","54.55","0.04","0","0.13","0","0.13","4.57","74.29","2.48","34.21","0.39","7.9","63.64"
"Ferreira","Brazil 2.","São Paulo","LAMF","27","5000000","2027-12-31","26","1375","4","1","Brazil","right","176","4.84","4.58","64.29","1.05","18.75","0.07","2.91","6.55","0.26","0.16","0.07","1.9","37.93","13.793","2.81","27.91","8.18","60.8","17.61","50.56","3.34","5.63","1.18","35.21","83.46","6.15","73.4","1.05","50","0.19","0","0.13","50","0.59","1.9","89.66","3.47","49.06","1.51","5.04","81.82"
"Bruno Pacheco","Brazil 2.","Fortaleza","LB","33","450000","","20","1370","1","1","Brazil","left","174","7.69","5.52","67.86","4.4","55.22","0.07","4.5","1.71","0.07","0.02","0","0.39","33.33","16.667","0.92","35.71","1.97","63.33","4.73","51.39","0.72","1.97","0.59","27.99","77.93","11.89","66.85","4.01","47.54","0.03","0","0.13","0","0.13","4.8","67.12","1.38","38.1","0.13","6.44","77.55"
"T. Almada","Brazil 2.","Botafogo","LAMF, AMF, LW","23","27000000","2029-06-30","17","1369","1","2","Argentina","right","171","3.35","3.02","50","0.79","25","0.07","2.91","4.08","0.07","0.21","0","2.43","29.73","2.703","1.51","43.48","3.62","65.45","9.86","45.33","1.97","4.27","0.59","53.84","88.89","13.54","81.07","2.89","75","0.11","0.07","0.53","62.5","0.46","6.38","84.54","4.67","71.83","2.7","7.76","88.98"
"Pedro Augusto","Brazil 2.","Fortaleza","DMF, LCMF, LDMF","28","1500000","2026-12-31","27","1365","0","0","Brazil","right","181","11.6","8.44","65.63","2.97","57.78","0.73","6.38","0.59","0","0.02","0","0.33","60","0","0.07","100","0.66","50","3.82","48.28","0.2","0.4","0.07","32.11","84.19","11.47","73.56","3.16","52.08","0.01","0.07","0","0","0.07","4.48","79.41","0.26","50","0.07","5.08","62.34"
"Matheus Henrique","Brazil 2.","Cruzeiro","RCMF, LCMF, RDMF","27","8500000","2029-06-30","17","1363","2","0","Brazil","right","173","5.28","4.03","59.02","1.52","47.83","0.33","3.88","2.25","0.13","0.07","0.07","1.19","33.33","11.111","1.39","28.57","2.11","59.38","7.4","44.64","1.58","2.05","0.46","36.12","84.83","9.64","80.14","2.18","54.55","0.02","0.07","0.2","100","0.07","4.75","76.39","1.85","42.86","0.59","4.89","78.38"
"Lucas Sasha","Brazil 2.","Fortaleza","RDMF, RCMF, LDMF","35","400000","2025-12-31","21","1360","0","0","Brazil","right","177","13.43","12.18","67.93","2.32","51.43","0.6","5.14","0.79","0","0.06","0","0.4","50","0","0.33","20","0.79","66.67","3.24","46.94","0.79","0.46","0","27.4","85.99","8.6","77.69","2.45","62.16","0.02","0","0","0","0.33","3.97","81.67","0.26","25","0.33","3.51","77.36"
"Gabriel Mercado","Brazil 2.","Internacional","LCB, RCB","38","250000","","17","1359","1","0","Argentina","right","181","5.3","3.58","68.52","4.64","47.14","0.2","4.1","0.2","0.07","0.03","0","0.26","25","25","0.07","0","0.26","50","0.53","50","0.26","0.6","0","46.03","92.09","16.09","83.13","4.7","60.56","0.03","0","0","0","0.13","4.11","70.97","0.33","40","0.2","5.63","72.94"
"Léo Linck","Brazil 2.","Athletico Paranaense","GK","24","1000000","2026-12-31","14","1357","0","0","Brazil","right","195","1.06","0.13","0","0.2","100","0","1.45","0.07","0","0","0","0","0","0","0","0","0.07","100","0.13","100","0","0","0.07","16.05","85.12","9.55","77.08","6.5","65.31","0","0","0","0","0","1.92","55.17","0","0","0","5.17","79.49"
"Adson","Brazil 2.","Vasco da Gama","RAMF, RW, LAMF","24","4500000","2027-12-31","20","1356","2","1","Brazil","left","171","5.31","4.38","59.09","1.66","32","0.07","3.13","3.05","0.13","0.13","0","1.59","41.67","8.333","1.73","38.46","3.38","47.06","8.63","42.31","2.19","3.12","1","40.09","86.75","9.56","77.78","1.86","64.29","0.14","0.13","0.2","66.67","0.53","3.92","77.97","2.19","72.73","1.39","4.58","75.36"
"Gustavo Silva","Brazil 2.","Vitória","RAMF, RW, RWF","28","1500000","2026-12-31","23","1354","2","2","Brazil","right","168","4.05","3.66","61.82","1.4","28.57","0.2","1.81","3.12","0.07","0.22","0","1.06","18.75","12.5","2.66","32.5","3.46","57.69","9.57","38.19","1.79","2.19","0.47","19.01","75.52","4.52","67.65","0.66","30","0.17","0","0.07","100","0.47","1.6","66.67","2.26","50","0.47","3.52","66.04"
"Ewerthon","Brazil 2.","Juventude","RB, LB, RAMF","24","750000","2026-07-31","24","1352","1","2","Brazil","right","171","7.79","5.06","64.47","3.73","44.64","0.2","4.62","1.8","0.07","0.1","0.07","1.13","41.18","5.882","1.4","38.1","1","80","4.53","29.41","1.07","0.93","0.27","31.15","79.49","12.12","74.18","3.73","57.14","0.09","0.13","0.07","0","0.13","3.06","54.35","1.53","34.78","0.47","5.59","61.9"
"Caio Paulista","Brazil 2.","Palmeiras","LB","27","3500000","2028-12-31","24","1351","0","1","Brazil","left","184","7.33","6.66","57","1.73","38.46","0","5.56","2.6","0","0.05","0","0.93","28.57","0","3.2","33.33","2.73","43.9","7.46","39.29","1.47","3.26","0.33","43.7","82.93","14.79","78.38","2.4","41.67","0.03","0","0.07","100","0.27","4.93","77.03","3.33","46","0.67","7.46","68.75"
"D. Payet","Brazil 2.","Vasco da Gama","AMF, CF","38","1500000","","23","1348","3","3","Réunion","right","175","2.27","2.07","58.06","1.07","50","0","1.09","1.67","0.13","0.12","0","0.93","35.71","21.429","2.47","21.62","2.2","24.24","7.68","33.91","1.07","1.6","0.4","48.34","83.56","13.42","76.12","3.2","72.92","0.2","0.13","0.53","50","0.33","7.14","75.7","3.74","44.64","1.07","7.61","81.58"
"A. Canobbio","Brazil 2.","Athletico Paranaense","LAMF, LW, CF","26","5000000","2026-12-31","20","1346","4","1","Uruguay","right","175","7.09","7.02","60.95","1.54","26.09","0.07","3.56","4.41","0.27","0.21","0","2.14","43.75","12.5","2.34","28.57","4.48","58.21","10.16","42.11","3.41","2.07","0.33","27.41","79.51","6.15","73.91","1.14","35.29","0.11","0","0.27","75","0.47","2.34","65.71","2.94","54.55","1.47","3.81","80.7"
"Max","Brazil 2.","Cuiabá","AMF, LCMF, RCMF","24","500000","2028-12-31","23","1340","1","0","Brazil","left","175","7.86","5.1","65.79","2.08","35.48","0.07","4.54","2.15","0.07","0.06","0","1.68","20","4","1.41","47.62","1.88","57.14","5.57","44.58","0.81","1.07","0.34","32.78","79.92","11.01","69.51","2.89","58.14","0.1","0.07","0.13","50","0.2","5.17","77.92","2.01","63.33","0.47","6.58","74.49"
"Deyverson","Brazil 2.","Atlético Mineiro","CF","34","800000","2025-12-31","21","1331","3","1","Brazil","left","189","2.57","1.76","50","7.51","46.85","0.14","2.21","1.15","0.2","0.27","0","1.15","52.94","17.647","0.34","40","0.88","46.15","6.49","30.21","2.37","0.41","0.07","14.88","69.55","2.57","52.63","1.35","55","0","0.07","0.07","0","0.07","1.56","60.87","0.54","50","0.2","1.96","51.72"
"Moisés","Brazil 2.","Fortaleza","LAMF, CF, LW","29","1500000","","26","1328","7","2","Brazil","right","177","3.25","2.71","57.5","3.25","45.83","0","1.78","3.52","0.47","0.36","0","2.17","40.63","21.875","0.75","36.36","4.74","45.71","10.37","35.95","3.52","3.25","0.61","17.62","72.31","2.98","65.91","1.15","70.59","0.1","0.14","0.27","75","0.47","2.51","78.38","0.81","66.67","0.81","3.12","71.74"
"Mandaca","Brazil 2.","Juventude","AMF, CF","23","800000","2025-12-31","30","1323","4","1","Brazil","right","178","5.03","4.63","60.29","3.88","42.11","0.14","3.07","3.13","0.27","0.32","0.07","2.11","45.16","12.903","1.02","40","3.06","53.33","9.18","43.7","3.06","1.84","0.34","19.66","80.28","6.05","77.53","0.75","54.55","0.07","0","0.27","50","0.48","2.72","72.5","1.09","50","0.75","2.99","68.18"
"Rubens","Brazil 2.","Atlético Mineiro","LWB, LB","24","0","","19","1322","1","1","Brazil","left","178","11.16","8.1","71.43","3.2","51.06","0.07","6.19","2.52","0.07","0.08","0","0.95","21.43","7.143","3.2","31.91","1.84","70.37","4.56","52.24","2.25","1.16","0","34.65","74.46","9.6","57.45","4.43","43.08","0.1","0.07","0","0","0.41","4.02","52.54","2.38","37.14","0.27","6.81","62"
"Kaiki","Brazil 2.","Cruzeiro","LB","22","0","","18","1319","1","0","Brazil","left","172","10.85","9.42","71.74","3.62","39.62","0.07","5.47","2.52","0.07","0.02","0","0.48","14.29","14.286","2.05","30","3.34","55.1","9.14","42.54","1.09","2.39","0.55","34.18","80.84","10.58","70.32","1.98","31.03","0.06","0.14","0","0","0.27","3.28","75","1.84","44.44","0.48","5.32","53.85"
"Jandrei","Brazil 2.","São Paulo","GK","31","400000","2026-12-31","13","1315","0","0","Brazil","right","188","0.89","0","0","0.68","100","0","1.21","0","0","0","0","0","0","0","0","0","0","0","0.27","100","0","0","0","27.1","87.88","12.66","78.92","8.42","69.92","0","0","0","0","0","2.81","53.66","0.14","0","0","6.3","76.09"
"Ademir","Brazil 2.","Bahia","RWF, CF","30","3000000","2026-12-31","31","1314","3","3","Brazil","left","172","6.37","6.99","58.82","2.95","16.28","0","2.92","6.03","0.21","0.31","0.07","1.99","44.83","10.345","3.97","36.21","6.1","60.67","10.68","51.28","3.84","3.29","0.82","27.12","77.53","4.45","70.77","1.23","66.67","0.17","0.07","0.07","0","0.75","2.12","70.97","2.6","39.47","0.68","3.36","79.59"
"Nathan Mendes","Brazil 2.","Red Bull Bragantino","RB","23","1000000","2028-12-31","16","1311","0","1","Brazil","right","182","8.24","6.25","62.64","2.81","53.66","0.27","5.53","1.51","0","0.02","0","0.34","40","0","1.51","40.91","1.24","61.11","3.3","41.67","1.1","1.51","0.69","37.96","82.1","17.37","74.31","3.91","54.39","0.05","0","0","0","0.27","5.63","69.51","1.3","42.11","0.21","8.99","73.28"
"Kaio Jorge","Brazil 2.","Cruzeiro","CF, RWF","23","0","","16","1310","2","2","Brazil","right","182","2.2","2.47","36.11","4.33","23.81","0","1.96","1.92","0.14","0.44","0","2.34","47.06","5.882","0.21","66.67","0.82","75","5.15","37.33","3.02","0.82","0.27","13.05","78.95","2.47","52.78","0.55","75","0.03","0","0.07","100","0.14","1.1","62.5","0.69","40","0.34","1.31","52.63"
"Lucas Kal","Brazil 2.","Atlético GO","DMF, RDMF","29","1400000","","17","1302","0","1","Brazil","right","186","8.36","5.46","68.35","2.28","42.42","0.21","6.05","0.55","0","0.03","0","0.48","0","0","0.62","33.33","0.48","42.86","1.8","46.15","0.28","0.48","0","37.19","83.27","13.34","65.28","4.84","50","0","0","0.21","66.67","0.07","7.26","74.29","1.31","47.37","0.41","7.12","75.73"
"Danilo Barbosa","Brazil 2.","Botafogo","RDMF, RCMF, LCMF","28","2500000","","25","1301","3","1","Brazil","right","183","9.2","5.88","63.53","3.46","58","0.62","6.92","0.97","0.21","0.08","0.14","0.69","40","30","0.14","50","1.31","47.37","5.33","48.05","0.9","0.83","0.21","39.02","86.52","12.66","74.32","2.77","60","0.06","0","0","0","0.14","6.09","73.86","0.62","44.44","0.28","5.88","75.29"
"Ronaldo","Brazil 2.","Juventude","LDMF, DMF, LCMF","28","700000","","13","1291","2","1","Brazil","right","179","8.92","6.83","64.29","4.11","45.76","0.35","5.85","0.77","0.14","0.05","0.07","0.49","42.86","28.571","0.28","0","0.77","63.64","2.58","56.76","0.35","0.7","0.07","36.95","87.92","10.39","75.17","5.09","67.12","0.05","0.07","0.14","50","0.14","5.09","73.97","0.98","35.71","0.42","5.09","71.23"
"J. Rodríguez","Brazil 2.","Vasco da Gama","RB","28","2500000","","22","1279","1","3","Uruguay","right","183","7.95","5.42","67.53","3.24","63.04","0.28","5.65","3.59","0.07","0.06","0","1.41","20","5","4.93","40","2.04","65.52","4.64","39.39","1.9","1.62","0.21","36.1","76.02","11.4","66.05","3.52","64","0.17","0","0.07","0","0.63","4.93","65.71","3.87","49.09","0.77","7.81","74.77"
"Mateo Ponte","Brazil 2.","Botafogo","RB","22","1500000","","17","1267","3","0","Uruguay","right","183","9.23","7.88","71.17","2.42","55.88","0.21","4.52","2.63","0.21","0.1","0.07","0.71","30","30","2.63","40.54","2.49","54.29","5.11","38.89","1.35","1.21","0.07","32.18","80.13","9.52","70.15","2.06","58.62","0.05","0.07","0.07","0","0.21","3.62","64.71","3.05","58.14","0.85","6.25","79.55"
"Luiz Felipe","Brazil 2.","Atlético GO","LCB, RCB","32","800000","2025-12-31","16","1260","1","0","Brazil","right","187","7.5","4.71","54.55","3.5","73.47","0.64","6.36","0.21","0.07","0.08","0.07","0.5","28.57","14.286","0.07","0","0.07","100","0.5","57.14","0.64","0.43","0","30.36","84.47","10.64","71.81","4.07","52.63","0","0","0","0","0","3.86","68.52","0.21","0","0.07","5.36","64"
"Léo Naldi","Brazil 2.","Vitória","LCMF, DMF","24","400000","2026-12-31","21","1255","0","0","Brazil","right","176","9.54","8.39","62.39","2.29","43.75","0.43","4.44","1.08","0","0.04","0","0.93","23.08","0","0.65","11.11","1.22","64.71","3.87","55.56","0.43","0.93","0.14","27.11","84.13","10.04","76.43","3.23","71.11","0.01","0","0","0","0","4.3","81.67","0.57","25","0.07","4.09","64.91"
"Vanderlan","Brazil 2.","Palmeiras","LB, LWB","23","4000000","2028-12-31","25","1248","0","3","Brazil","left","184","8.94","7.93","63.64","2.45","47.06","0.07","4.98","2.09","0","0.01","0","0.22","0","0","3.39","34.04","1.88","50","3.97","34.55","0.94","1.59","0.22","27.19","77.19","9.23","72.66","1.73","45.83","0.13","0","0","0","0.5","2.6","69.44","2.52","54.29","0.43","5.48","68.42"
"Gilberto","Brazil 2.","Juventude","CF","35","400000","","24","1246","3","0","Brazil","right","178","3.54","3.32","45.65","6.21","31.4","0.07","2.33","1.52","0.22","0.27","0","2.09","41.38","10.345","1.01","7.14","1.01","57.14","4.62","37.5","3.47","1.16","0.14","13.15","67.03","2.24","48.39","0.58","62.5","0.04","0.07","0","0","0.22","1.52","66.67","0.65","33.33","0.29","1.08","60"
"Eric Ramires","Brazil 2.","Red Bull Bragantino","RCMF, RDMF","25","4000000","2026-12-31","22","1244","2","0","Brazil","right","174","7.52","7.6","64.76","1.37","15.79","0.22","3.67","1.52","0.14","0.19","0","1.52","28.57","9.524","0.8","27.27","1.59","54.55","5.64","34.62","1.66","0.51","0","33.06","87.31","8.18","73.45","1.45","45","0.01","0.07","0.07","0","0.07","4.85","76.12","0.94","38.46","0.14","3.69","70.59"
"P. Galdames","Brazil 2.","Vasco da Gama","RCMF, RDMF","28","1500000","","18","1241","0","1","Chile","right","176","8.41","8.92","47.97","1.02","21.43","0.44","4.57","0.73","0","0.05","0","0.73","50","0","0.65","22.22","0.94","23.08","2.76","26.32","0.58","0.51","0.15","37.49","84.14","14.21","71.94","5.29","71.23","0.05","0","0.07","0","0.15","6.82","74.47","1.16","37.5","0.73","7.47","75.73"
"Marcelinho","Brazil 2.","Juventude","LAMF, RW, RAMF","22","0","","26","1237","2","2","Brazil","right","164","5.02","4.73","56.92","1.75","33.33","0","2.97","3.71","0.15","0.14","0","2.26","35.48","6.452","1.16","50","4.22","53.45","9.97","44.53","1.6","1.24","0.51","18.77","76.74","5.38","63.51","1.89","65.38","0.08","0","0.22","33.33","0.22","2.4","69.7","1.67","43.48","0.51","3.13","67.44"
"Antônio Carlos","Brazil 2.","Fluminense","RCB, LCB","32","1800000","2026-12-31","13","1229","0","0","Brazil","right","191","7.4","3.73","58.82","5.35","58.9","0.59","7.11","0.51","0","0.03","0","0.29","0","0","0.44","66.67","0.22","100","0.88","83.33","0.29","0.44","0","52.21","89.48","19.33","80.3","6.52","60.67","0","0","0","0","0","4.32","76.27","0.51","71.43","0","8.13","70.27"
"Gabriel Menino","Brazil 2.","Palmeiras","LDMF, LAMF, RCMF","25","9000000","2027-12-31","27","1228","1","0","Brazil","right","180","9.23","7.18","59.18","2.13","51.72","0.44","6.39","2.57","0.07","0.13","0","1.91","26.92","3.846","2.64","27.78","2.71","45.95","7.4","43.56","1.54","1.39","0.22","40.6","83.03","10.33","83.69","4.91","62.69","0.14","0","0.07","100","0.81","6.52","80.9","2.93","42.5","0.81","6.96","82.11"
"Matheus Mendes","Brazil 2.","Atlético Mineiro","GK","26","300000","2026-12-31","13","1225","0","0","Brazil","right","191","1.84","0","0","0.29","100","0","2.74","0","0","0","0","0","0","0","0","0","0","0","0","0","0","0","0","16.46","91.07","7.86","81.31","4.11","64.29","0","0","0","0","0","0.73","40","0","0","0","2.42","66.67"
"E. Rodríguez","Brazil 2.","Atlético GO","CF","22","0","2026-12-31","21","1219","0","0","Uruguay","left","190","3.69","3.47","53.19","8.86","35","0.22","2.44","2.44","0","0.2","0","1.77","37.5","0","0.59","25","3.4","45.65","9.01","31.15","3.1","0.52","0.22","14.84","70.15","3.25","63.64","0.3","25","0.04","0","0.07","100","0.22","1.85","64","0.96","46.15","0.74","1.62","63.64"
"Helinho","Brazil 2.","Red Bull Bragantino","RW, RAMF, RWF","25","7000000","2028-12-31","17","1218","7","2","Brazil","left","175","5.32","3.77","49.02","2.36","25","0","4.93","5.1","0.52","0.15","0.07","2.66","38.89","19.444","2.59","17.14","6.06","54.88","12.49","37.87","1.55","2.44","0.37","37.09","75.1","9.01","57.38","3.03","56.1","0.11","0.15","0.59","50","0.22","4.21","59.65","3.69","44","1.48","5.69","71.43"
"Wellington Rato","Brazil 2.","São Paulo","RAMF, RW","32","1200000","2026-12-31","25","1217","1","5","Brazil","left","172","3.48","4.14","39.29","0.96","46.15","0.15","2.65","2.81","0.07","0.2","0","1.55","28.57","4.762","3.11","33.33","2.74","43.24","6.58","38.2","2.14","1.33","0.22","34.76","81.7","7.69","73.08","5.03","67.65","0.21","0.07","0.22","66.67","0.67","4.22","71.93","3.7","42","0.96","6.73","83.52"
"André","Brazil 2.","Fluminense","LDMF, RDMF, RCMF","23","25000000","2029-06-30","12","1208","0","0","Brazil","right","176","8.2","5.36","62.5","1.04","42.86","0.52","6.38","0.97","0","0","0","0.22","0","0","0","0","1.42","68.42","6.71","55.56","0","0.6","0","52.67","94.48","13.19","90.4","2.01","74.07","0","0","0","0","0","6.33","89.41","0.07","0","0","4.32","74.14"
"Cristian Pavón","Brazil 2.","Grêmio","RW, RAMF","29","4500000","2026-12-31","21","1194","1","3","Argentina","right","174","7.09","4.6","63.93","3.69","30.61","0.08","3.73","4.75","0.08","0.18","0","2.04","40.74","3.704","4.6","24.59","5.05","49.25","9.95","32.58","3.32","1.51","0.38","33.77","73.88","9.2","68.03","3.02","47.5","0.19","0.08","0.38","80","0.68","3.32","63.64","3.92","46.15","1.13","5.43","77.78"
"Manoel","Brazil 2.","Fluminense","RCB, LCB","35","300000","","14","1190","0","0","Brazil","right","181","7.79","4.54","68.33","3.18","38.1","0.61","6.69","0.15","0","0.01","0","0.08","100","0","0","0","0.08","100","1.13","40","0.15","0.08","0","38.65","89.04","15.28","81.19","4.54","60","0","0","0","0","0","3.03","75","0","0","0","5.14","52.94"
"Agustín Rogel","Brazil 2.","Internacional","RCB","27","600000","2026-06-30","15","1186","0","0","Uruguay","right","191","8.12","5.69","70.67","4.86","67.19","0.38","5.52","0.3","0","0.14","0","0.61","37.5","0","0.08","0","0.08","100","0.53","71.43","0.76","0.23","0","37.49","91.09","12.45","79.27","3.64","43.75","0","0","0","0","0.08","3.41","66.67","0.38","40","0.15","4.33","63.16"
"Mayke","Brazil 2.","Palmeiras","RB","32","3000000","2025-12-31","22","1185","1","0","Brazil","right","179","10.25","8.43","62.16","3.04","52.5","0.08","7.71","1.75","0.08","0.08","0","0.38","20","20","2.73","36.11","0.99","53.85","3.87","45.1","1.29","1.22","0.08","46.48","84.48","18.84","84.27","3.34","54.55","0.07","0","0.15","100","0.23","6.08","80","2.66","48.57","0.61","8.58","82.3"
"Higor Meritão","Brazil 2.","Criciúma","DMF, LCMF, LDMF","31","1300000","","17","1179","2","0","Brazil","left","186","8.7","7.02","43.48","1.22","18.75","0.38","6.07","0.69","0.15","0.11","0.08","1.07","28.57","14.286","0.08","100","0.53","57.14","4.43","39.66","0.46","0.69","0.08","38.93","90.78","12.6","85.45","1.3","76.47","0.01","0","0","0","0","4.5","83.05","0.46","50","0.15","5.8","75"
"Bruno Tabata","Brazil 2.","Internacional","RAMF, RW, AMF","28","2800000","2027-12-31","17","1177","2","3","Brazil","left","176","4.82","3.67","64.58","2.45","34.38","0.15","3.5","6.04","0.15","0.26","0","2.14","46.43","7.143","3.9","45.1","5.12","56.72","13.46","38.07","2.6","2.91","0.31","36.24","78.9","10.78","73.76","2.22","55.17","0.2","0","0.61","62.5","0.92","4.28","82.14","4.74","53.23","1.45","6.04","84.81"
"Renê","Brazil 2.","Internacional","LB","33","900000","","15","1175","0","0","Brazil","left","174","9.8","6.82","75.28","3.6","76.6","0.46","5.49","1.91","0","0.12","0","0.84","27.27","0","1.76","52.17","0.84","54.55","3.06","52.5","0.84","3.06","0.69","50.17","81.68","20.6","71.38","7.81","52.94","0.05","0.08","0.54","57.14","0.15","9.65","73.81","3.14","53.66","0.77","10.72","77.14"
"D. Bobadilla","Brazil 2.","São Paulo","RDMF, RCMF","23","2500000","2027-12-31","18","1173","1","0","Paraguay","right","181","7.44","7.75","59.41","0.46","33.33","0.08","3.83","0.84","0.08","0.06","0","1.15","13.33","6.667","0.61","50","0.69","55.56","1.69","40.91","0.69","0.69","0","46.34","91.56","13.58","87.01","2.99","76.92","0.05","0","0.23","0","0.38","7.83","89.22","1.46","68.42","0.69","7.52","84.69"
"Guillermo Varela","Brazil 2.","Flamengo","RB","32","1700000","2025-12-31","18","1169","1","0","Uruguay","right","174","6.54","5.16","62.69","1.85","58.33","0.23","4.69","1.92","0.08","0.03","0","0.46","66.67","16.667","2.39","29.03","1.31","70.59","3.31","62.79","0.85","1.23","0.08","39.5","87.33","11.86","80.52","2.77","50","0.05","0.08","0","0","0.23","3.23","76.19","2.23","37.93","0.23","5","78.46"
"Jean Carlos","Brazil 2.","Juventude","AMF, CF, LW","33","750000","2025-12-31","22","1167","4","2","Brazil","left","178","3.08","2.78","47.22","1.16","40","0.08","2.37","3.16","0.31","0.12","0","2.08","33.33","14.815","2.85","35.14","1.7","77.27","4.7","55.74","0.77","1.47","0.39","26.3","72.14","9.41","58.2","4.32","57.14","0.17","0.15","0.23","66.67","0.31","4.7","62.3","3.39","45.45","0.93","5.32","76.81"
"Lucas Fernandes","Brazil 2.","Cuiabá","AMF, LCMF","27","2000000","2025-06-30","21","1164","1","0","Brazil","right","175","4.41","4.18","62.96","1.39","27.78","0","2.2","2.09","0.08","0.08","0","1.39","50","5.556","0.85","72.73","1.24","62.5","6.49","29.76","1.08","1.16","0.15","34.1","90.25","7.65","81.82","1.86","70.83","0.09","0","0.08","0","0.15","3.63","80.85","1.86","70.83","0.62","3.32","83.72"
"Marquinhos Gabriel","Brazil 2.","Criciúma","RW, AMF, CF","35","400000","","25","1162","0","0","Brazil","left","174","5.42","4.34","58.93","1.7","22.73","0.08","3.22","2.63","0","0.09","0","1.24","25","0","1.86","45.83","2.56","51.52","10.92","34.04","1.39","1.78","0.23","33.77","82.57","8.67","64.29","2.25","58.62","0.15","0.08","0.46","33.33","0.46","4.49","68.97","2.71","48.57","0.7","5.27","75"
"Júnior Alonso","Brazil 2.","Atlético Mineiro","LCB","32","8000000","2025-12-31","12","1156","1","0","Paraguay","left","185","6.85","5.06","66.15","5.37","59.42","0.31","5.14","0.31","0.08","0.02","0","0.39","40","20","0.39","20","0.16","50","1.01","23.08","0.47","1.48","0","57.22","89.39","18.53","78.57","7.32","58.51","0","0","0","0","0","5.45","67.14","0.78","30","0.08","8.41","75.93"
"Osvaldo","Brazil 2.","Vitória","LW, LWF","38","175000","2025-12-31","19","1156","2","0","Brazil","right","169","5.22","5.14","62.12","1.01","23.08","0.08","1.94","2.96","0.08","0.18","0","1.32","58.82","11.765","2.34","30","3.74","39.58","9.65","34.68","1.63","1.56","0.16","23.04","75","7.32","64.89","1.71","68.18","0.1","0.16","0.16","0","0.16","2.72","77.14","2.41","51.61","0.62","4.9","79.37"
"Rodrigo Nestor","Brazil 2.","São Paulo","LAMF, LCMF, LW","24","9000000","2028-06-30","25","1153","0","2","Brazil","right","175","5.15","5.23","46.27","0.62","50","0.16","3.47","2.11","0","0.08","0","1.25","43.75","0","3.2","31.71","1.56","35","5.62","36.11","1.41","1.48","0.39","38.87","83.53","8.12","74.04","1.8","56.52","0.1","0.08","0.16","0","0.47","3.43","68.18","2.97","47.37","0.62","3.98","76.47"
"Ricardo Ryller","Brazil 2.","Vitória","DMF, RCMF","31","650000","2025-12-31","19","1152","0","1","Brazil","right","184","11.33","8.83","61.95","3.44","34.09","0.55","5.98","0.94","0","0.02","0","0.94","8.33","0","0.78","30","0.7","77.78","3.59","47.83","0.23","0.31","0","36.48","82.87","11.95","71.24","5.78","56.76","0.01","0.08","0.16","50","0.16","7.11","72.53","1.41","44.44","0.08","6.64","68.24"
"Wanderson","Brazil 2.","Internacional","LAMF, LW","30","8000000","","23","1151","2","2","Brazil","right","176","4.3","5","45.31","1.49","26.32","0.08","2.85","4.77","0.16","0.24","0","1.64","52.38","9.524","3.28","33.33","4.22","64.81","10.63","41.18","2.27","2.89","0.31","25.49","80.67","5","79.69","0.55","42.86","0.16","0","0.16","50","0.55","1.8","82.61","3.05","46.15","0.78","3.68","87.23"
"Marcelo","Brazil 2.","Fluminense","LB","37","1300000","","17","1150","1","1","Brazil","left","174","7.75","5.63","59.72","1.1","21.43","0","5.86","3.6","0","0.11","0","1.33","23.53","5.882","2.58","36.36","2.97","73.68","5.71","54.79","0.86","1.49","0","49.07","80.38","20.5","77.48","6.57","53.57","0.07","0","0.31","50","0.63","9","73.04","2.82","41.67","0.55","11.5","72.79"
"E. Martínez","Brazil 2.","Fortaleza","LCMF, LAMF, AMF","31","1200000","2027-06-30","20","1138","1","4","Argentina","right","177","7.59","5.3","62.69","1.66","28.57","0.24","4.34","1.34","0.08","0.08","0.08","0.71","22.22","11.111","1.19","26.67","1.58","55","6.09","41.56","1.19","1.74","0.24","35.19","88.31","7.83","85.86","1.5","68.42","0.15","0.24","0","0","0.47","3.88","79.59","2.14","55.56","1.42","4.67","84.75"
"Marçal","Brazil 2.","Botafogo","LB, LCB","35","600000","","16","1136","1","0","Brazil","left","178","10.46","7.84","60.61","3.64","56.52","0","6.95","1.51","0.08","0.05","0","0.71","22.22","11.111","2.61","24.24","1.27","56.25","3.49","47.73","0.55","0.87","0.24","42.23","82.18","16","78.22","4.36","63.64","0.07","0","0","0","0.24","5.23","71.21","2.3","41.38","0.32","8.87","72.32"
"Filipe Machado","Brazil 2.","Vitória","DMF, LCMF","29","1000000","2026-12-31","24","1132","0","0","Brazil","right","174","7.31","5.01","65.08","1.43","50","0.16","4.07","1.27","0","0.02","0","1.03","30.77","0","0.8","30","1.19","60","3.74","44.68","0.24","0.16","0.08","36.17","88.35","10.49","80.3","5.33","74.63","0.03","0","0","0","0.08","5.64","83.1","0.87","63.64","0.24","6.2","76.92"
"G. de Arrascaeta","Brazil 2.","Flamengo","AMF, CF","30","15000000","2026-12-31","15","1130","5","4","Uruguay","right","172","4.62","4.22","60.38","1.35","23.53","0.16","3.33","3.35","0.4","0.2","0","1.67","47.62","23.81","2.39","36.67","2.31","68.97","10.27","44.19","2.55","1.99","0.32","44.92","83.87","12.42","74.36","2.47","61.29","0.2","0","0.64","12.5","0.72","5.26","71.21","4.86","62.3","2.47","6.29","92.41"
"Derek","Brazil 2.","Atlético GO","CF","27","800000","2027-12-31","25","1128","3","1","Brazil","left","185","4.71","5.43","52.94","7.1","21.35","0.08","2.38","2.31","0.24","0.34","0","2.07","34.62","11.538","0.72","22.22","2.55","50","9.89","25","3.03","1.2","0.32","11.25","82.27","2.15","77.78","0.16","100","0.05","0","0.16","100","0.24","0.88","90.91","0.8","50","1.04","1.12","71.43"
"W. Kannemann","Brazil 2.","Grêmio","LCB","34","800000","2027-12-31","13","1124","0","2","Argentina","left","183","11.05","7.69","75","3.28","73.17","0.48","5.75","0.48","0","0.05","0","0.4","40","0","0","0","0.4","80","1.36","70.59","0.48","0.08","0.08","28.51","84.27","13.77","76.74","4.88","59.02","0.07","0","0","0","0.16","2.64","81.82","0","0","0.16","6.73","61.9"
"Nicolás de la Cruz","Brazil 2.","Flamengo","LDMF, RDMF, LCMF","28","0","2028-06-30","15","1122","2","1","Uruguay","right","167","4.73","5.7","45.07","2.33","34.48","0.24","3.58","2.73","0.16","0.16","0","1.44","38.89","11.111","1.12","57.14","1.68","76.19","6.74","66.67","1.28","2.09","0.4","56.47","85.51","18.93","76.27","3.93","57.14","0.09","0.24","0.48","50","0.24","13.16","85.98","3.37","57.14","1.52","10.67","88.72"
"Cadu","Brazil 2.","Atlético Mineiro","CF, LWB","21","0","2027-12-31","20","1120","3","0","Brazil","right","177","5.63","5.87","58.9","4.1","37.25","0.16","3.19","1.37","0.24","0.11","0.24","1.04","53.85","23.077","0.88","0","1.45","55.56","8.44","42.86","2.41","1.21","0.16","19.69","84.49","3.05","81.58","0.56","57.14","0.01","0.08","0","0","0","2.25","89.29","0.24","33.33","0.16","1.53","68.42"
"Igor Rabello","Brazil 2.","Atlético Mineiro","CB, RCB","30","2000000","2025-12-31","16","1117","0","0","Brazil","right","190","9.19","6.12","69.74","5.96","58.11","0.56","7.37","0.24","0","0.04","0","0.48","16.67","0","0.08","0","0.16","100","0.56","85.71","0.48","0.48","0","48.59","88.72","15.71","74.87","4.83","53.33","0","0","0.08","0","0","3.79","72.34","0.56","0","0","6.2","61.04"
"Mádson","Brazil 2.","Athletico Paranaense","RB","33","500000","","19","1115","0","1","Brazil","right","182","6.62","4.44","72.73","5.41","50.75","0.65","4.35","1.21","0","0.01","0","0.24","0","0","1.94","41.67","0.73","55.56","1.94","45.83","1.21","0.73","0.16","27.28","81.95","9.69","76.67","2.02","40","0.13","0","0","0","0.24","3.63","80","1.53","63.16","0.65","6.38","73.42"
"W. Ángel","Brazil 2.","Criciúma","LCB","32","250000","","13","1112","1","0","Venezuela","right","188","8.5","4.21","57.69","4.29","64.15","1.21","6.89","0.49","0.08","0.11","0","0.81","50","10","0","0","0.08","100","0.57","28.57","0.73","0.32","0","26.95","86.19","12.3","74.34","4.61","56.14","0.01","0.08","0","0","0","2.59","62.5","0.08","0","0","4.94","63.93"
"Robert Renan","Brazil 2.","Internacional","LCB, LB","21","0","","12","1106","0","1","Brazil","left","186","7.89","6.51","62.5","2.69","45.45","0.41","5.02","1.22","0","0.03","0","0.49","16.67","0","0.98","50","1.3","50","2.52","38.71","0.41","1.79","0.16","47.12","87.91","16.19","75.88","4.8","49.15","0.02","0","0.08","0","0.16","6.75","73.49","1.38","47.06","0.16","9.2","71.68"
"Sabino","Brazil 2.","São Paulo","LCB, LB","28","1000000","2026-12-31","13","1104","0","0","Brazil","left","185","8.07","6.03","71.62","4.65","71.93","0.41","5.02","0.65","0","0.03","0","0.57","42.86","0","0.57","28.57","0.24","33.33","1.22","33.33","0.65","1.55","0.24","53.15","90.18","23.07","83.04","6.93","64.71","0","0","0.16","100","0","7.17","76.14","1.06","46.15","0.16","10.92","80.6"
"Enner Valencia","Brazil 2.","Internacional","CF","35","2500000","2026-06-30","24","1103","3","0","Ecuador","right","177","3.02","3.43","50","7.02","29.07","0","1.9","3.51","0.24","0.41","0.08","2.45","46.67","10","1.39","29.41","3.59","54.55","8.81","36.11","4.32","1.47","0.24","12.81","78.34","2.2","66.67","0.08","0","0.01","0","0.08","0","0.08","0.65","50","0.57","71.43","0.57","1.14","85.71"
"Walisson Maia","Brazil 2.","Criciúma","LCB, RCB","34","125000","","16","1100","0","1","Brazil","right","187","8.51","5.48","71.64","4.25","71.15","0.82","4.92","0.08","0","0.02","0","0.25","0","0","0","0","0.08","100","0.41","80","0.33","0.16","0","31.99","83.63","13.75","70.83","6.63","60.49","0","0","0","0","0","3.19","71.79","0.08","0","0.16","7.2","67.05"
"Gustavinho","Brazil 2.","Red Bull Bragantino","RCMF, AMF","21","0","2027-12-31","27","1093","1","2","Brazil","right","175","7","6.42","61.54","3.38","31.71","0","4.08","3.38","0.08","0.04","0","1.15","35.71","7.143","2.06","40","3.71","53.33","8.56","41.35","0.66","1.07","0.41","29.15","78.25","9.63","68.38","2.88","51.43","0.19","0.08","0.33","50","0.58","5.85","73.24","2.8","47.06","0.58","5.68","81.16"
"T. Borbas","Brazil 2.","Red Bull Bragantino","CF","23","7000000","2027-12-31","21","1090","2","0","Uruguay","right","181","3.63","3.55","46.51","9.83","29.41","0.17","2.38","1.07","0.17","0.14","0.08","1.16","57.14","14.286","0.25","66.67","0.83","30","9.33","17.7","2.23","0.41","0.08","10.82","72.52","2.06","68","0.17","50","0.03","0","0","0","0.08","0.58","100","0.74","55.56","0.25","1.16","50"
"Janderson","Brazil 2.","Atlético GO","RWF, RW, RAMF","26","900000","2025-12-31","20","1087","2","0","Brazil","right","161","4.31","5.71","55.07","1.32","25","0","1.47","4.64","0.17","0.18","0","1.57","42.11","10.526","4.72","33.33","4.8","50","11.18","40","2.32","2.4","1.16","26.08","73.97","5.55","80.6","1.82","59.09","0.12","0","0.08","0","0.25","1.24","80","4.31","48.08","0.58","4.64","85.71"
"Zé Rafael","Brazil 2.","Palmeiras","LDMF","32","4500000","2026-12-31","18","1084","0","1","Brazil","right","175","7.56","8.55","54.37","2.82","35.29","0.17","3.8","1.58","0","0.05","0","0.91","18.18","0","0.25","33.33","2.41","51.72","6.64","40","0.66","1.33","0.33","33.71","89.16","8.47","74.51","3.32","70","0.17","0","0.33","25","0.17","5.98","75","0.83","40","0.5","4.48","90.74"
"M. Monsalve","Brazil 2.","Grêmio","AMF, LAMF, CF","21","0","2026-12-31","19","1075","3","1","Colombia","right","178","4.52","5.27","58.73","1.42","5.88","0","1.51","3.18","0.25","0.26","0","1.42","29.41","17.647","0.67","25","4.35","59.62","15.49","41.62","1.67","2.6","0.33","30.39","86.78","8.79","78.1","1.84","72.73","0.08","0","0","0","0.08","4.52","85.19","2.01","50","1.26","4.6","81.82"
"L. Díaz","Brazil 2.","Cruzeiro","CF, LWF, RW","27","1200000","2028-06-30","18","1072","1","0","Argentina","right","181","4.2","3.95","55.32","4.87","37.93","0","2.45","1.01","0.08","0.19","0","1.26","40","6.667","0.92","9.09","2.35","17.86","7.72","19.57","2.69","1.43","0.25","17.13","73.04","3.44","65.85","0.67","50","0.04","0","0","0","0.25","1.01","75","1.09","61.54","0.92","2.01","62.5"
"F. Bernal","Brazil 2.","Fluminense","RDMF, LDMF, LCMF","21","0","","15","1054","0","0","Uruguay","right","187","7.34","7.09","51.81","2.48","58.62","0.26","4.94","0.68","0","0.03","0","1.28","26.67","0","0.26","33.33","0.6","42.86","3.42","25","0.51","0","0","43.98","89.32","11.1","75.38","5.72","61.19","0.01","0","0","0","0","7","71.95","0.77","22.22","0.17","6.75","77.22"
"N. Ferraresi","Brazil 2.","São Paulo","LCB, RB, RCB","26","3500000","2027-12-31","14","1054","1","1","Venezuela","right","190","8.88","6.57","66.23","3.07","55.56","0.6","6.47","1.54","0.09","0.07","0","0.51","50","16.667","1.11","46.15","0.68","100","1.96","69.57","1.2","1.02","0.17","49.95","90.77","21.6","87.35","4.44","71.15","0","0","0.09","100","0.17","4.78","91.07","1.2","71.43","0.34","9.82","73.91"
"L. Rodríguez","Brazil 2.","Bahia","CF","21","8000000","2029-06-30","19","1045","6","1","Uruguay","right","179","4.31","3.62","69.05","2.67","22.58","0.17","2.45","3.1","0.43","0.48","0.09","2.84","48.48","18.182","1.46","17.65","3.96","32.61","10.51","37.7","3.62","1.64","0.26","15.07","67.43","4.31","60","0.69","37.5","0.09","0","0.26","66.67","0.09","1.72","60","1.55","44.44","0.69","2.07","75"
"Gabriel Taliari","Brazil 2.","Juventude","CF","28","600000","2026-12-31","21","1042","2","2","Brazil","right","177","3.97","4.32","50","3.28","34.21","0","1.67","1.64","0.17","0.29","0","2.07","29.17","8.333","0.43","60","1.3","53.33","8.98","26.92","2.07","0.35","0.09","12.01","73.38","3.02","45.71","0.52","33.33","0.03","0","0.17","50","0.26","1.47","58.82","1.04","41.67","0.17","1.73","65"
"Filipinho","Brazil 2.","Athletico Paranaense","LCMF, LDMF","23","0","2027-12-31","18","1041","0","0","Brazil","left","183","12.45","11.07","67.19","1.56","38.89","0.26","4.6","1.9","0","0.04","0","1.04","25","0","0.69","12.5","1.9","81.82","6.66","48.05","0.17","0.43","0.17","21.27","81.71","6.4","64.86","1.56","61.11","0.03","0","0","0","0","3.11","77.78","0.95","27.27","0.26","3.29","65.79"
"Lyanco","Brazil 2.","Atlético Mineiro","LCB, RCB","28","3000000","2028-12-31","13","1040","0","0","Brazil","right","187","8.48","6.75","57.69","3.29","55.26","0.69","5.83","0.87","0","0.03","0","0.52","0","0","1.13","46.15","0.61","57.14","1.82","38.1","0.17","1.47","0","45.35","90.65","15.84","85.25","4.5","63.46","0.01","0","0","0","0.17","5.37","74.19","1.47","47.06","0.17","7.87","78.02"
"Biel","Brazil 2.","Bahia","LW, LWF, CF","24","4000000","2029-12-31","26","1039","5","3","Brazil","right","170","4.5","4.33","42","0.87","30","0.09","3.49","3.38","0.43","0.41","0","2.43","35.71","17.857","1.21","35.71","4.42","39.22","8.92","38.83","3.64","3.03","0.69","27.2","80.57","6.32","61.64","1.47","52.94","0.31","0","0.61","57.14","0.95","1.99","65.22","2.6","56.67","1.82","4.07","68.09"
"Fágner","Brazil 2.","Corinthians","RB, RWB","35","500000","2026-12-31","14","1034","0","1","Brazil","right","168","6.09","5.05","63.79","0.7","25","0.26","3.89","3.05","0","0.01","0","0.35","25","0","3.39","56.41","1.31","66.67","2.61","70","0.52","1.13","0.26","35.08","79.4","15.49","71.91","4.35","58","0.19","0","0.26","66.67","0.96","4.18","60.42","3.57","68.29","0.78","10.27","75.42"
"Gabriel Inocêncio","Brazil 2.","Juventude","LB, RB","31","250000","","17","1027","0","1","Brazil","right","175","7.8","7.27","57.83","3.07","60","0.09","4.98","2.63","0","0.01","0","0.26","33.33","0","1.49","35.29","3.59","56.1","8.33","42.11","0.09","1.67","1.05","32.86","84.53","11.83","72.59","1.75","55","0.04","0","0","0","0.26","3.59","80.49","1.31","40","0","4.47","60.78"
"Zé Welison","Brazil 2.","Fortaleza","LCMF, DMF, RCMF","30","2000000","2026-12-31","21","1013","0","0","Brazil","right","177","10.84","6.93","71.79","2.13","37.5","0.44","6.02","0.53","0","0.03","0","0.44","0","0","0.71","37.5","0.62","42.86","4.44","26","0.18","0.53","0.27","33.49","85.68","9.86","71.17","4.18","68.09","0.01","0","0","0","0.27","4.98","75","1.15","38.46","0.18","4.8","66.67"
"E. Mancuso","Brazil 2.","Fortaleza","LB, RB","26","4000000","2028-08-10","12","1010","1","1","Argentina","right","171","10.07","9.27","57.69","0.71","50","0.09","5.14","1.34","0.09","0.05","0","1.25","35.71","7.143","1.25","42.86","1.07","33.33","4.54","33.33","0.53","0.98","0.36","32.61","78.42","12.74","65.73","5.17","50","0.12","0","0","0","0.45","4.37","59.18","2.14","45.83","0.53","6.33","64.79"
"Diego Costa","Brazil 2.","São Paulo","RCB, LCB","26","0","","14","1007","0","0","Brazil","right","184","8.4","6.88","61.04","4.92","69.09","0.36","5.94","0.63","0","0.03","0","0.27","66.67","0","0.45","40","0.36","50","1.43","37.5","0.45","0.54","0.09","54.43","92.94","17.96","84.58","4.65","55.77","0.01","0","0.09","100","0.18","5.81","80","0.63","42.86","0.18","6.08","72.06"
"Alisson Santana","Brazil 2.","Atlético Mineiro","RWB, RAMF, RW","20","0","","19","1004","1","0","Brazil","left","175","5.11","5.11","50.88","2.6","31.03","0","3.67","7.26","0.09","0.14","0","2.6","27.59","3.448","3.5","41.03","8.16","62.64","14.79","52.73","3.23","3.23","0.36","31.02","74.86","6.27","55.71","3.85","41.86","0.13","0","0","0","0.18","2.78","64.52","4.03","46.67","0.99","5.56","75.81"
"G. Mastriani","Brazil 2.","Athletico Paranaense","CF","31","2000000","2026-12-31","21","1002","4","0","Uruguay","left","180","3.59","3.86","51.16","7.1","37.97","0.18","2.12","1.53","0.36","0.41","0.27","2.78","35.48","12.903","0.36","25","1.08","25","5.66","19.05","3.41","0.27","0.09","15.36","74.27","3.86","60.47","0.27","66.67","0.09","0","0.27","66.67","0.27","1.53","64.71","1.17","46.15","0.54","1.44","62.5"
"E. Vargas","Brazil 2.","Atlético Mineiro","CF, AMF, RWF","35","1000000","","23","1001","8","1","Chile","right","174","3.42","2.43","59.26","3.87","39.53","0.18","3.46","2.52","0.54","0.5","0.36","2.34","53.85","30.769","0.72","25","1.71","52.63","8.63","39.58","3.69","1.44","0.36","21.4","84.03","4.41","77.55","1.35","73.33","0.16","0","0.18","100","0.45","2.07","82.61","1.08","75","0.81","2.52","71.43"
"Rayan","Brazil 2.","Vasco da Gama","RAMF, RW, CF","19","0","","24","1000","1","0","Brazil","left","185","4.32","3.96","65.91","5.22","46.55","0.09","2.48","2.61","0.09","0.2","0","2.34","23.08","3.846","0.54","66.67","3.24","52.78","7.56","48.81","2.7","1.8","0.54","15.75","80","3.6","55","1.17","69.23","0.09","0.09","0","0","0.27","1.71","73.68","1.26","71.43","0.72","2.97","63.64"
"M. Araújo","Brazil 2.","São Paulo","LAMF, LWB, LB","28","1500000","2027-12-31","20","990","0","1","Uruguay","left","178","8.55","8.18","62.22","2.55","60.71","0","4.6","2.09","0","0.14","0","1.18","23.08","0","1.73","26.32","2.64","44.83","8.91","36.73","1.45","2.27","0.73","40.82","85.97","9.73","77.57","2.73","56.67","0.11","0","0.18","100","0.45","2.73","70","2.36","50","1","5.55","67.21"
"Carlos Eduardo","Brazil 2.","Vitória","LW, LAMF","28","900000","","17","986","0","3","Brazil","right","173","7.12","7.21","56.96","4.38","39.58","0.09","2.68","3.01","0","0.18","0","2.28","28","0","1.83","15","4.29","48.94","11.5","35.71","2.56","1.37","0.27","17.62","70.47","5.11","55.36","1.55","58.82","0.07","0","0.09","0","0.27","2.83","54.84","2.1","34.78","0.46","2.92","75"
"Bernard","Brazil 2.","Atlético Mineiro","AMF, LWF, RWF","33","2500000","2027-12-31","16","985","0","0","Brazil","right","164","5.39","6.58","58.33","0.82","33.33","0.09","2.66","2.1","0","0.04","0","0.55","0","0","2.01","36.36","2.28","56","4.75","36.54","1.64","2.01","0.37","43.4","84.42","11.7","77.34","2.19","70.83","0.15","0","0.46","20","0.18","5.48","86.67","3.47","60.53","1.64","7.58","79.52"
"J. Hurtado","Brazil 2.","Atlético GO","CF","25","400000","2026-12-31","19","975","2","0","Venezuela","right","183","4.71","4.89","49.06","8.03","26.44","0","2.09","2.12","0.18","0.23","0","1.75","57.89","10.526","0.09","100","1.66","61.11","8.31","23.33","2.22","0.83","0.28","14.03","83.55","2.86","70.97","0.46","60","0.01","0","0","0","0","1.29","64.29","0.74","37.5","0.55","1.29","85.71"
"F. Bustos","Brazil 2.","Internacional","RB","29","0","2027-12-31","11","966","1","0","Argentina","right","167","13.6","9.32","72","2.05","45.45","0.19","6.21","2.24","0.09","0.12","0","0.65","14.29","14.286","3.26","34.29","1.12","83.33","4.29","50","1.21","1.12","0.09","48.35","83.82","16.02","77.91","5.22","57.14","0.09","0","0.19","50","0.37","4.75","76.47","3.35","52.78","0.75","10.34","76.58"
"Matías Zaracho","Brazil 2.","Atlético Mineiro","LCMF, LW","27","0","","16","964","2","0","Argentina","right","171","8.59","7.94","64.71","2.89","38.71","0.28","4.77","1.4","0.19","0.11","0","1.03","45.45","18.182","0.65","14.29","1.68","44.44","6.35","33.82","1.68","0.56","0.19","33.7","88.37","7.47","77.5","1.68","55.56","0.05","0","0.09","100","0.19","4.29","78.26","0.47","40","0.37","3.64","64.1"
"K. Serna","Brazil 2.","Fluminense","LAMF, LW, RAMF","27","1200000","2027-12-31","16","962","3","2","Colombia","right","181","6.74","6.36","60.29","2.99","34.38","0","3.92","5.61","0.28","0.29","0","1.68","38.89","16.667","4.4","31.91","6.83","52.05","13.38","39.86","3.84","3.18","1.03","24.42","67.82","4.49","43.75","1.22","30.77","0.12","0.09","0.09","0","0.84","1.78","52.63","3.46","32.43","0.37","2.71","75.86"
"Filipe Augusto","Brazil 2.","Cuiabá","LDMF, RCMF, DMF","31","700000","","19","951","0","0","Brazil","left","182","8.71","6.62","54.29","1.8","47.37","0.28","5.57","0.66","0","0.02","0","0.57","33.33","0","0","0","0.76","50","3.6","36.84","0.09","0.28","0.09","41.26","88.99","11.07","77.78","2.65","71.43","0.03","0.09","0.19","50","0.09","3.6","86.84","0.57","33.33","0.19","5.3","55.36"
"G. Freitas","Brazil 2.","Atlético GO","DMF, LDMF, RDMF","34","400000","","15","945","0","0","Uruguay","right","186","9.43","7.43","51.28","4.38","65.22","0.38","5.26","0.48","0","0.08","0","1.43","26.67","0","0","0","0.38","25","1.52","37.5","0.67","0.1","0","26.86","87.59","7.43","79.49","2.38","68","0.04","0","0","0","0","4.57","79.17","0.57","50","0.29","4.48","72.34"
"João Cruz","Brazil 2.","Athletico Paranaense","CF, LCMF","19","0","","18","940","1","1","Brazil","unknown","0","6.32","7.09","60.81","1.34","42.86","0","2.36","2.39","0.1","0.13","0","1.53","31.25","6.25","3.16","24.24","2.39","48","6.03","33.33","1.44","1.53","0","33.89","77.4","9.48","70.71","2.87","53.33","0.12","0","0.1","0","0.29","4.79","72","3.35","45.71","0.77","5.27","72.73"
"Eduardo","Brazil 2.","Botafogo","CF, AMF","35","1000000","","17","934","2","1","Brazil","right","184","2.99","3.47","36.11","2.6","25.93","0.1","2.21","1.83","0.19","0.19","0","0.96","50","20","0.58","83.33","1.25","61.54","3.76","46.15","1.45","1.45","0.1","31.99","86.75","9.83","76.47","2.51","65.38","0.04","0","0.29","33.33","0.39","6.07","80.95","1.73","61.11","0.58","4.72","85.71"
"L. Di Yorio","Brazil 2.","Athletico Paranaense","CF","28","2000000","2027-12-31","20","933","3","0","Argentina","right","186","3.47","2.22","73.91","8.3","41.86","0","2.48","1.74","0.29","0.25","0.1","1.35","35.71","21.429","1.06","36.36","2.32","37.5","9.65","24","2.7","0.58","0.1","15.53","73.29","1.83","52.63","0","0","0.03","0.1","0","0","0.1","0.77","62.5","0.96","30","0.19","0.77","62.5"
"Matheus Fernandes","Brazil 2.","Red Bull Bragantino","RDMF, DMF","27","2000000","2027-12-31","16","931","1","0","Brazil","right","183","12.76","7.83","64.2","1.64","64.71","0.29","8.71","1.16","0.1","0.06","0","1.16","25","8.333","0.58","0","1.26","69.23","4.16","55.81","0.87","1.45","0.19","35.38","80.05","12.28","74.02","3.19","63.64","0.03","0","0","0","0.1","6.38","78.79","1.06","27.27","0.39","5.32","74.55"
"Rodrigo Sam","Brazil 2.","Juventude","LCB, RCB","30","50000","2025-12-31","13","921","1","0","Brazil","right","187","9.87","6.64","67.65","4.2","76.74","0.78","6.4","0.1","0.1","0.03","0.1","0.2","50","50","0","0","0.1","0","2.25","30.43","0.78","0.39","0.2","38.6","89.11","13.49","73.91","2.74","46.43","0.01","0","0","0","0.1","2.25","56.52","0.29","66.67","0.39","4.4","57.78"
"Marcos Antônio","Brazil 2.","São Paulo","RDMF, DMF","24","4000000","2027-06-30","13","919","0","0","Brazil","right","166","5.19","4.99","39.22","1.57","43.75","0.2","4.52","0.39","0","0","0","0.2","0","0","0.29","33.33","0.39","50","3.13","31.25","0.59","0.69","0","54.25","93.86","13.03","87.97","2.64","74.07","0.05","0.1","0.29","33.33","0.1","5.88","91.67","1.37","35.71","0.69","5.78","69.49"
"Evertton","Brazil 2.","Flamengo","LCMF, LDMF, RCMF","22","1000000","","16","913","1","0","Brazil","right","0","8.48","5.62","61.4","1.87","36.84","0.3","7.86","1.28","0.1","0.1","0.1","1.18","50","8.333","0.3","66.67","0.69","71.43","5.42","49.09","0.49","0.59","0.1","51.46","91.57","10.15","80.58","2.07","42.86","0.01","0","0","0","0.1","7.2","82.19","0.89","44.44","0.2","3.94","82.5"
"B. Palacios","Brazil 2.","Atlético Mineiro","RWB, RW","22","0","","19","900","2","2","Colombia","left","178","6.7","5.6","55.36","1.5","13.33","0","3.96","7.1","0.1","0.24","0","2.6","53.85","7.692","3.3","39.39","7.9","55.7","13.7","37.96","1.9","4.4","0.2","30.8","80.52","5.8","68.97","0.9","44.44","0.07","0","0","0","0.6","1.1","72.73","3.3","51.52","0.5","4.5","73.33"
"Alexsander","Brazil 2.","Fluminense","LDMF, LCMF, RCMF","21","0","2027-06-30","15","899","0","1","Brazil","left","178","8.91","9.81","55.1","2","30","0.3","4.57","2.4","0","0.04","0","1","30","0","0.7","28.57","3.2","53.13","10.51","32.38","1.3","1.2","0.3","43.55","85.52","11.81","72.88","2.4","45.83","0.06","0.1","0.3","66.67","0.3","5.21","75","1.8","38.89","0.9","5.61","66.07"
"Lucas Belezi","Brazil 2.","Athletico Paranaense","RCB, LCB","21","550000","2025-12-31","9","890","1","0","Brazil","right","186","9.4","3.24","75","3.74","45.95","0.71","6.78","0.2","0.1","0.11","0","0.51","40","20","0","0","0","0","0.71","28.57","0.61","0.3","0","25.58","81.03","13.85","71.53","4.75","40.43","0","0","0","0","0","3.24","56.25","0.61","50","0.1","6.17","62.3"
"Lucas Cunha","Brazil 2.","Red Bull Bragantino","LCB, RCB, CB","28","2500000","2026-12-31","11","889","0","0","Brazil","right","186","7.29","3.95","74.36","3.54","51.43","0.81","5.41","0.2","0","0.02","0","0.2","50","0","0","0","0.1","100","0.51","80","0.2","0.2","0","29.97","84.46","11.95","69.49","4.35","51.16","0","0","0","0","0","3.64","66.67","0.3","0","0.1","4.76","70.21"
"E. Rodríguez","Brazil 2.","Vasco da Gama","LAMF, RAMF","25","0","2025-12-31","15","889","2","0","Colombia","right","174","6.07","6.18","63.93","2.53","36","0.1","2.78","3.34","0.2","0.18","0","1.52","40","13.333","3.04","16.67","5.47","40.74","11.74","34.48","2.53","3.34","0.61","19.84","71.43","4.45","65.91","1.32","61.54","0.05","0.1","0.1","0","0.2","1.52","66.67","2.33","26.09","0.3","1.92","73.68"
"Lázaro","Brazil 2.","Palmeiras","LAMF, LWF, LWB","23","3500000","2028-06-30","18","888","2","0","Brazil","right","181","3.95","3.75","54.05","2.74","25.93","0","3","3.45","0.2","0.25","0.2","2.53","40","8","1.32","15.38","4.36","51.16","10.44","38.83","2.33","2.64","0.1","25.84","77.65","6.28","72.58","2.33","60.87","0.09","0","0","0","0.3","2.03","85","2.53","48","1.32","4.36","79.07"
"M. Depay","Brazil 2.","Corinthians","CF","31","0","2026-12-31","11","884","7","0","Netherlands","right","178","2.65","2.04","65","0.71","42.86","0","1.83","4.07","0.61","0.52","0","3.36","45.45","21.212","1.02","20","3.77","59.46","10.79","41.51","3.46","1.43","0.2","25.76","82.21","5.29","71.15","1.53","66.67","0.08","0.2","0.2","50","0.41","3.46","70.59","1.73","47.06","1.02","2.04","70"
"Dudu","Brazil 2.","Criciúma","RB","28","1300000","","18","879","0","1","Brazil","right","175","9.01","7.99","65.38","1.84","33.33","0.31","4.59","2.25","0","0.02","0","0.61","50","0","3.38","33.33","1.64","43.75","3.38","33.33","1.43","2.05","0","45.77","81.43","19.15","81.28","4.3","59.52","0.15","0","0.2","50","0.72","6.25","77.05","4.91","50","1.23","11.57","82.3"
"C. de Pena","Brazil 2.","Bahia","RCMF, LCMF","33","0","","30","875","0","3","Uruguay","left","177","6.38","4.11","55","1.54","60","0.21","5.82","2.06","0","0.07","0","1.65","12.5","0","1.75","29.41","1.44","78.57","3.81","48.65","1.03","1.23","0","51.02","79.03","17.07","65.66","6.48","58.73","0.29","0","0.31","66.67","0.21","9.05","71.59","3.5","38.24","1.34","8.74","71.76"
"Pedro Geromel","Brazil 2.","Grêmio","RCB, LCB","39","200000","","12","866","0","0","Brazil","right","190","10.18","6.34","72.13","3.33","62.5","0.83","6.57","0.1","0","0.08","0","0.73","14.29","0","0.21","0","0.42","0","0.94","44.44","0.73","0.21","0.1","40.43","87.92","17.04","79.27","5.4","50","0","0","0","0","0","3.12","43.33","0.52","0","0","6.44","69.35"
"Gabriel Barbosa","Brazil 2.","Flamengo","CF, AMF","28","8000000","","19","864","5","1","Brazil","left","178","1.46","1.25","66.67","0.42","50","0","1.02","2.4","0.31","0.49","0","2.71","42.31","19.231","1.35","46.15","1.15","36.36","2.81","40.74","3.02","1.04","0.1","19.69","86.24","5.31","82.35","0.52","60","0.13","0","0.31","66.67","0.52","2.71","92.31","2.19","57.14","0.83","2.81","88.89"
"Edu","Brazil 2.","Vitória","RCB, LCB","25","500000","2028-12-31","12","861","0","0","Brazil","right","185","8.78","4.91","68.09","3.97","60.53","0.63","5.95","0.42","0","0.08","0","0.42","50","0","0","0","0.21","100","1.57","60","0.42","0.21","0","28.33","82.29","12.54","70.83","4.7","51.11","0","0","0","0","0","3.24","61.29","0.31","0","0.1","6.38","59.02"
"Éder","Brazil 2.","Criciúma","CF","38","0","","16","853","0","1","Brazil","right","179","2.22","2.32","54.55","2.53","12.5","0","0.85","1.27","0","0.13","0","1.16","36.36","0","1.9","27.78","1.16","27.27","4.85","28.26","2.22","0.63","0.11","21.21","77.11","4.43","71.43","0.42","50","0.13","0","0.21","0","0.32","2.11","75","2","52.63","0.63","2.43","73.91"
"Alexander Aravena","Brazil 2.","Grêmio","LAMF, LW, RW","22","5000000","2028-12-31","16","849","2","2","Chile","right","175","2.97","3.82","58.33","3.07","44.83","0","0.71","3.82","0.21","0.29","0","1.7","50","12.5","1.8","52.94","3.18","63.33","10.28","40.21","3.18","1.7","0.32","17.7","81.44","3.07","65.52","0.21","100","0.19","0.11","0","0","0.42","0.85","62.5","1.38","84.62","0.64","2.33","68.18"
"Fernando","Brazil 2.","Athletico Paranaense","LB","25","450000","2026-12-31","16","846","0","1","Brazil","left","181","7.66","7.34","50.72","2.87","51.85","0","4.48","1.91","0","0","0","0.11","0","0","2.87","37.04","1.91","44.44","5.53","44.23","0","2.02","0.96","35.53","83.23","12.55","77.97","3.94","48.65","0.05","0","0","0","0.32","5","78.72","2.66","48","0.32","7.77","72.6"
"C. Alcaraz","Brazil 2.","Flamengo","LW, LAMF, LCMF","22","15000000","2029-06-30","14","843","2","0","Argentina","right","183","7.47","6.62","59.68","2.14","40","0.21","5.08","2.14","0","0.38","0","2.46","26.09","8.696","0.64","50","2.99","35.71","8.11","32.89","1.81","2.03","0.21","42.49","83.17","11","68.93","2.03","63.16","0.06","0","0.43","25","0.11","8.75","79.27","1.81","52.94","0.85","5.55","80.77"
"Gustavo Prado","Brazil 2.","Internacional","LAMF, LW, RW","20","0","2028-12-31","28","840","1","0","Brazil","right","179","7.18","9.11","57.65","2.46","34.78","0","3.03","4.5","0.11","0.21","0","1.71","37.5","6.25","3.75","25.71","4.93","56.52","13.07","41.8","1.61","2.68","0.54","28.93","78.89","6.11","75.44","0.96","44.44","0.15","0","0.21","50","0.54","2.46","65.22","4.61","51.16","1.29","4.71","77.27"
"Vitinho","Brazil 2.","Botafogo","RB, RWB","25","5000000","2029-12-31","11","840","0","0","Brazil","right","175","6.11","6.64","53.23","2.14","40","0.11","3.98","2.46","0","0.11","0","0.64","16.67","0","3.75","34.29","2.79","38.46","5.04","36.17","1.61","1.5","0.11","34.29","80.31","8.57","71.25","2.25","52.38","0.01","0","0.21","0","0.32","3.11","75.86","3.96","45.95","0.75","7.5","77.14"
"Vinicinho","Brazil 2.","Red Bull Bragantino","LAMF, RAMF","21","0","","19","837","2","0","Brazil","right","174","5.48","6.13","57.89","2.8","30.77","0.11","2.19","6.67","0.22","0.17","0","1.72","50","12.5","3.44","31.25","7.2","64.18","13.98","50.77","3.33","4.09","0.75","21.51","77","4.41","70.73","1.29","41.67","0.16","0.22","0.11","100","0.43","1.08","80","2.58","54.17","1.08","2.8","80.77"
"Naves","Brazil 2.","Palmeiras","RCB, LCB","23","0","","11","831","0","0","Brazil","right","184","9.86","6.93","67.19","6.71","48.39","0.32","8.32","0","0","0.02","0","0.32","0","0","0","0","0","0","0.43","25","0.32","0.87","0","41.81","88.34","17","82.8","3.9","58.33","0.04","0","0","0","0","5.74","79.25","0.22","100","0.43","8.77","76.54"
"Zé Hugo","Brazil 2.","Vitória","RW, LW","25","400000","","27","829","1","2","Brazil","right","178","6.84","5.97","65.45","3.58","33.33","0.11","3.83","5.32","0.11","0.16","0","1.52","35.71","7.143","4.02","35.14","6.84","49.21","15.42","39.44","2.5","3.91","1.3","19.98","71.2","4.13","60.53","1.41","38.46","0.17","0","0","0","0.43","1.95","66.67","2.71","52","0.22","3.04","82.14"
"John Kennedy","Brazil 2.","Fluminense","CF, LAMF","23","7000000","2027-12-31","22","826","0","0","Brazil","right","181","3.92","3.6","60.61","4.69","34.88","0.11","2.87","3.27","0","0.12","0","1.31","33.33","0","0.65","33.33","5.01","52.17","15.8","31.72","2.72","1.53","0.44","15.36","78.01","2.72","68","0.11","0","0","0","0.11","0","0.11","0.65","66.67","0.44","100","0.44","1.09","30"
"Fabrício","Brazil 2.","Internacional","GK","39","200000","","8","818","0","0","Brazil","right","192","1.65","0","0","0.33","100","0","2.18","0","0","0","0","0","0","0","0","0","0","0","0","0","0","0","0","14.19","87.6","8.69","82.28","6.6","75","0","0","0","0","0","0.99","66.67","0","0","0","4.84","79.55"
"A. Carrillo","Brazil 2.","Corinthians","RCMF, RAMF","33","1500000","2026-12-31","13","817","0","2","Peru","right","180","9.36","9.25","58.33","0.33","0","0.33","4.8","2.31","0","0.05","0","0.33","33.33","0","2.09","47.37","1.54","78.57","6.06","40","0.99","1.54","0.44","54.53","89.7","16.41","81.21","3.86","68.57","0.19","0.11","0","0","0.88","8.59","80.77","2.53","56.52","0.55","7.6","88.41"
"Jonathan","Brazil 2.","Criciúma","RB","32","300000","","17","810","0","1","Brazil","right","178","9.89","7.44","56.72","2.44","45.45","0.22","6.97","2.22","0","0.01","0","0.33","33.33","0","1.89","52.94","1.78","56.25","4.67","42.86","0.22","1.56","0.33","35.67","81.93","14.67","68.94","4.44","50","0.1","0","0.22","50","0.56","5.56","60","2.11","68.42","0.33","7.22","73.85"
"Ó. Romero","Brazil 2.","Botafogo","RW, RAMF","32","2000000","","19","805","1","4","Paraguay","left","176","6.48","6.48","60.34","2.24","35","0","2.95","3.35","0","0.19","0","1.45","69.23","7.692","2.01","50","2.57","39.13","7.27","41.54","1.57","1.01","0.11","35.22","78.41","11.18","72","4.58","75.61","0.15","0","0.56","60","0.22","6.26","85.71","3.35","66.67","1.23","7.94","80.28"
"Lorran","Brazil 2.","Flamengo","AMF, CF, RAMF","19","0","2029-12-31","19","804","1","1","Brazil","left","180","5.37","6.27","62.5","1.9","23.53","0","1.94","3.81","0.11","0.16","0","1.9","52.94","5.882","1.34","25","5.15","43.48","12.31","36.36","2.91","4.03","0.9","31.68","84.1","8.96","75","1.01","44.44","0.19","0.22","0.34","66.67","0.45","2.69","87.5","2.8","60","2.46","5.04","86.67"
"Luís Oyama","Brazil 2.","Juventude","RDMF, LCMF, RCMF","28","700000","","17","803","2","1","Brazil","right","171","9.08","7.06","57.14","2.35","28.57","0","6.62","1.46","0.22","0.07","0","0.9","62.5","25","0.34","0","1.12","70","4.48","40","0.22","1.01","0","33.74","83.72","9.08","65.43","4.03","77.78","0.05","0","0.22","50","0.45","5.6","70","1.68","53.33","1.01","4.26","63.16"
"Igor Gomes","Brazil 2.","Internacional","RCB, RB","24","1500000","2028-12-31","13","798","1","0","Brazil","right","185","10.38","7.22","70.31","5.75","39.22","0.56","6.86","0.9","0.11","0.02","0","0.34","33.33","33.333","1.02","22.22","0.9","62.5","3.5","35.48","0.45","1.24","0","44.1","83.12","14.44","67.19","3.5","38.71","0","0","0","0","0","4.62","65.85","1.35","25","0.23","6.65","61.02"
"Ruan Tressoldi","Brazil 2.","São Paulo","RCB, RB","25","2500000","2026-06-30","8","797","0","0","Brazil","right","187","4.97","4.4","51.28","3.84","64.71","0.23","3.65","0.23","0","0.01","0","0.11","0","0","0.23","0","0.23","100","0.45","50","0.45","0.56","0.11","47.54","93.82","15.13","85.07","2.94","46.15","0","0","0","0","0","3.95","77.14","0.23","0","0","5.53","71.43"
"R. Carrillo","Brazil 2.","Juventude","CF","29","500000","2025-12-31","14","786","1","0","Ecuador","right","186","3.32","3.55","58.06","8.36","35.62","0","1.19","1.49","0.11","0.16","0.11","1.03","44.44","11.111","1.26","45.45","0.8","42.86","7.1","30.65","2.52","0.46","0","14.43","73.81","2.4","57.14","1.03","44.44","0.02","0.11","0.11","100","0.11","1.83","31.25","1.15","60","0.46","1.15","80"
"Alex Santana","Brazil 2.","Corinthians","RCMF, LCMF, LDMF","29","2000000","2027-12-31","16","785","0","0","Brazil","right","182","9.17","7.45","61.54","2.64","30.43","0.46","4.9","1.03","0","0.1","0","0.92","25","0","0.11","100","1.49","46.15","5.39","42.55","0.8","1.03","0.23","30.27","90.15","9.63","83.33","1.72","53.33","0.02","0.11","0.11","0","0.23","4.13","88.89","0.8","71.43","0.34","5.5","75"
"Edson Carioca","Brazil 2.","Juventude","LAMF, LW","27","100000","","15","776","3","0","Brazil","right","179","9.05","7.42","60.94","3.83","36.36","0","5.9","4.29","0.35","0.26","0","1.51","46.15","23.077","2.2","21.05","4.87","64.29","14.96","44.96","2.55","2.78","0.46","16.7","67.36","5.57","68.75","0.58","40","0.05","0","0","0","0.12","1.86","81.25","1.51","46.15","0.93","2.78","79.17"
"Matheus Gonçalves","Brazil 2.","Flamengo","RAMF, RW, RWF","20","0","2027-12-31","14","771","2","0","Brazil","left","175","7","5.95","58.82","1.75","13.33","0","5.06","6.07","0.23","0.17","0","2.1","38.89","11.111","3.27","28.57","6.89","61.02","13.77","44.07","3.74","4.09","0.23","49.38","76.83","13.07","61.61","4.09","51.43","0.15","0","0.82","14.29","0.7","4.67","65","4.67","47.5","1.52","7.7","75.76"
"Guilherme","Brazil 2.","Red Bull Bragantino","LB","23","500000","2025-12-31","14","757","0","1","Brazil","left","177","10.46","8.2","62.32","4.28","50","0.36","6.6","2.5","0","0.01","0","0.59","0","0","3.8","28.13","2.02","70.59","3.8","56.25","0.24","1.31","0.24","30.79","70.66","13.55","66.67","4.16","62.86","0.02","0","0","0","0.12","3.33","64.29","3.21","33.33","0.24","7.61","62.5"
"Philippe Coutinho","Brazil 2.","Vasco da Gama","AMF, CF","32","7500000","2026-06-30","15","751","2","1","Brazil","right","172","3.83","3.83","59.38","2.52","38.1","0","1.93","4.31","0.24","0.19","0.12","2.16","33.33","11.111","2.04","29.41","3.95","66.67","9.83","51.22","1.44","2.4","0.12","48.42","84.9","15.94","79.7","2.64","54.55","0.09","0.12","0.72","50","0.36","9.71","82.72","3.95","45.45","1.32","6.11","90.2"
"G. Plata","Brazil 2.","Flamengo","CF, AMF, LAMF","24","6000000","2029-06-30","11","750","1","0","Ecuador","left","178","5.52","6","58","2.64","36.36","0","3","3","0.12","0.16","0","1.32","36.36","9.091","1.68","42.86","4.2","42.86","9.72","37.04","4.2","1.92","0.24","33.96","82.69","7.08","72.88","1.32","72.73","0.16","0.12","0.12","0","0.84","1.32","90.91","2.16","66.67","1.92","3.96","75.76"
"Erick","Brazil 2.","São Paulo","RAMF, RWB, RWF","27","1200000","2026-12-31","19","747","1","0","Brazil","left","173","5.06","4.82","65","1.33","63.64","0","2.35","3.98","0.12","0.09","0","1.45","33.33","8.333","2.41","35","4.94","46.34","13.25","36.36","3.01","3.49","0.24","33.98","78.72","8.67","73.61","2.53","76.19","0.26","0.12","0.6","60","0.96","3.73","70.97","4.1","61.76","2.65","6.87","85.96"
"L. Alario","Brazil 2.","Internacional","CF","32","1500000","2025-12-31","15","745","0","0","Argentina","right","184","3.02","3.38","42.86","8.58","23.94","0.12","2.01","0.36","0","0.24","0","1.21","20","0","0.36","0","0.48","25","5.07","19.05","1.93","0","0","13.05","76.85","2.9","62.5","0.24","50","0","0","0.12","0","0","0.85","57.14","0.97","25","0.36","0.97","62.5"
"Fábio","Brazil 2.","Grêmio","RB, LB, RWB","34","500000","","12","745","0","0","Brazil","right","172","7.25","5.92","65.31","3.99","54.55","0","3.33","1.69","0","0.06","0","0.48","0","0","2.9","37.5","1.33","36.36","4.59","39.47","1.09","1.09","0.48","35.03","77.59","14.01","67.24","4.11","50","0.05","0.12","0.36","33.33","0.24","3.62","60","3.14","38.46","0.36","7.25","73.33"
"Michael","Brazil 2.","Flamengo","LAMF, CF, LW","28","7000000","2028-12-31","12","743","3","1","Brazil","right","166","2.91","2.42","50","1.45","33.33","0.12","2.9","4.6","0.36","0.49","0.12","1.82","66.67","20","3.03","28","4.36","58.33","7.39","44.26","6.06","2.91","0.24","27.5","74.89","4.36","55.56","0.73","16.67","0.16","0.12","0.12","0","0.24","1.57","38.46","2.91","54.17","2.18","1.7","71.43"
"Mariano","Brazil 2.","Atlético Mineiro","RCB, RB, LB","39","250000","","11","733","0","0","Brazil","right","177","8.23","6.51","62.26","2.33","52.63","0","5.22","1.11","0","0","0","0","0","0","1.35","36.36","0.49","75","1.47","66.67","0.12","0.86","0.25","48.25","83.46","21.36","75.86","7.74","55.56","0.02","0","0.25","100","0","7.86","73.44","2.21","50","0.61","11.42","73.12"
"Alex Telles","Brazil 2.","Botafogo","LB, LWB","32","6000000","2026-12-31","11","729","0","1","Brazil","left","181","7.04","6.05","55.1","2.96","45.83","0.37","5.06","3.09","0","0.07","0","0.74","33.33","0","4.2","47.06","1.36","63.64","3.95","40.63","0.37","1.36","0.12","31.48","80","11.23","74.73","2.1","29.41","0.12","0.25","0","0","0.74","4.07","63.64","4.32","48.57","0.12","6.42","86.54"
"A. Giay","Brazil 2.","Palmeiras","RB, RWB","21","0","2030-12-31","10","729","0","0","Argentina","right","180","11.73","12.22","64.65","1.11","22.22","0.12","3.54","1.85","0","0.05","0","0.86","42.86","0","2.35","26.32","1.48","50","4.44","58.33","0.86","2.35","0.49","45.68","82.43","16.91","76.64","3.95","53.13","0.02","0","0.12","100","0.25","6.91","76.79","2.47","35","0.37","7.41","81.67"
"Matheus Donelli","Brazil 2.","Corinthians","GK","22","2000000","2028-06-30","7","726","0","0","Brazil","right","189","0.62","0","0","0","0","0","0.95","0","0","0","0","0","0","0","0","0","0","0","0","0","0","0","0","16.12","88.46","7.19","77.59","4.71","65.79","0","0","0","0","0","0.5","75","0","0","0","3.84","70.97"
"J. Martínez","Brazil 2.","Corinthians","DMF, LCMF, RCMF","30","3000000","2027-12-31","11","717","0","0","Venezuela","right","177","8.91","7.03","67.86","2.38","57.89","0.25","5.66","0.13","0","0","0","0.38","0","0","0.25","0","0.63","20","3.89","38.71","0.25","0.38","0.13","39.54","84.44","14.44","74.78","4.9","74.36","0.07","0","0","0","0","5.02","75","0.75","33.33","0.5","7.41","67.8"
"Lucão","Brazil 2.","Red Bull Bragantino","GK","24","1500000","","8","714","0","0","Brazil","right","190","1.13","0","0","0.38","100","0","1.45","0","0","0","0","0","0","0","0","0","0","0","0","0","0","0","0","14.5","85.22","7.69","77.05","5.8","69.57","0.02","0","0","0","0.13","3.66","68.97","0.13","100","0.13","4.92","87.18"
"Bento","Brazil 2.","Athletico Paranaense","GK","25","15000000","2027-06-30","7","710","0","0","Brazil","right","191","0.89","0.25","0","0.38","66.67","0","1.21","0","0","0","0","0","0","0","0","0","0","0","0","0","0","0","0","13.94","85.45","7.61","76.67","6.08","72.92","0","0","0","0","0","1.77","64.29","0.13","0","0","5.45","74.42"
"Rezende","Brazil 2.","Bahia","DMF, LCB, RCMF","30","800000","2026-12-31","18","701","0","0","Brazil","left","186","9.37","7.7","66.67","2.57","45","0.39","5.96","0.51","0","0.11","0","0.51","0","0","0","0","0.77","66.67","4.75","43.24","0.51","0.9","0.13","39.67","91.91","14.64","85.96","0.9","42.86","0","0","0","0","0","3.47","88.89","0","0","0","4.88","63.16"
"Patryck","Brazil 2.","São Paulo","LB","22","1800000","2027-06-30","12","701","0","0","Brazil","left","184","7.45","8.22","54.69","2.57","45","0.13","3.43","1.41","0","0","0","0.13","0","0","2.7","28.57","1.41","45.45","3.98","35.48","0.51","1.03","0","37.1","84.08","13.74","78.5","2.7","61.9","0.04","0.13","0","0","0.13","3.08","79.17","2.05","56.25","0.26","6.29","69.39"
"Pedro Henrique","Brazil 2.","Atlético GO","LCB","32","1000000","","12","683","0","0","Brazil","left","190","6.98","5.14","66.67","4.61","68.57","0.4","4.55","0.26","0","0.05","0","0.4","66.67","0","0.13","0","0","0","0.79","66.67","0.4","0.79","0","39.66","87.71","12.65","71.88","4.88","43.24","0.01","0","0","0","0","4.35","54.55","0.66","20","0.26","5.14","61.54"
"Pedro Raul","Brazil 2.","Corinthians","CF","28","3000000","2028-12-31","19","677","0","0","Brazil","right","193","3.72","4.65","51.43","6.78","31.37","0.27","2.4","0.4","0","0.19","0","1.6","25","0","0.53","0","0.53","0","7.31","27.27","3.32","0.53","0.13","13.16","73.74","3.46","50","0.53","0","0.05","0.13","0.13","0","0.13","1.2","44.44","1.06","62.5","1.33","1.46","54.55"
"Eliel","Brazil 2.","Cuiabá","LW, RAMF, LAMF","22","0","2027-12-31","23","672","2","0","Brazil","right","175","4.29","3.35","48","3.75","39.29","0.13","3.07","2.14","0.27","0.25","0","1.61","41.67","16.667","1.07","12.5","2.54","52.63","6.29","44.68","2.41","1.21","0.54","10.04","68","2.68","50","0.4","33.33","0","0","0","0","0","0.27","100","0.8","50","0.27","2.41","50"
"Dudu","Brazil 2.","Palmeiras","LAMF, RAMF","33","5000000","2026-01-30","18","670","0","0","Brazil","right","167","3.76","2.82","57.14","0.94","14.29","0","3.64","5.51","0","0.15","0","2.01","46.67","0","3.76","17.86","6.85","56.86","13.57","48.51","3.36","4.57","0.4","32.51","71.49","8.06","61.67","1.61","58.33","0.08","0","0.13","0","0.13","3.49","88.46","4.43","33.33","0.67","4.57","76.47"
"Nathan Fernandes","Brazil 2.","Grêmio","RAMF, LW, RW","20","0","2028-06-30","19","666","0","0","Brazil","right","176","5.95","5.54","65.85","1.89","14.29","0","2.96","3.78","0","0.18","0","1.08","25","0","0.95","14.29","6.76","48","15.68","37.93","3.11","3.51","0.54","22.84","82.84","4.32","68.75","0.68","100","0.01","0","0.27","50","0.27","1.89","85.71","1.49","54.55","0.95","2.7","80"
"Caio Vinícius","Brazil 2.","Vitória","RCB, LCMF","26","0","","11","663","0","0","Brazil","right","187","9.1","5.84","69.77","4.48","60.61","0.27","4.2","0.68","0","0.05","0","0.27","0","0","0.41","33.33","0.54","100","2.04","60","0.27","1.22","0.27","42.22","89.39","13.71","79.21","3.53","38.46","0","0.14","0","0","0","4.07","86.67","0.41","33.33","0","6.92","64.71"
"Du Queiroz","Brazil 2.","Grêmio","RDMF, RCMF, AMF","25","3000000","2028-06-30","14","657","0","0","Brazil","right","171","10","8.77","67.19","1.51","36.36","0","4.81","1.78","0","0.1","0","0.96","57.14","0","0.68","40","1.37","70","3.97","27.59","0.96","1.92","0.41","54.66","87.97","13.7","83","3.01","72.73","0","0","0.27","0","0","8.63","87.3","0.96","71.43","0.27","6.03","77.27"
"Charles","Brazil 2.","Corinthians","RCMF","28","1000000","2028-12-31","13","656","1","0","Brazil","right","187","11.66","11.66","56.47","3.7","62.96","0.14","5.96","0.69","0.14","0.06","0.14","0.69","60","20","1.37","0","0.41","66.67","2.2","50","0.55","0.55","0.14","31.97","82.4","11.39","79.52","3.02","77.27","0.03","0.14","0","0","0","4.8","80","0.96","28.57","0.41","5.63","70.73"
"Leandrinho","Brazil 2.","Vasco da Gama","LB, LAMF, LW","20","0","","18","653","1","1","Brazil","unknown","170","9.1","8.27","68.33","2.34","52.94","0.28","4.05","1.38","0.14","0.02","0","0.28","100","50","2.21","18.75","1.38","50","2.76","40","0.41","1.1","0.14","41.07","80.54","12.68","69.57","4.13","56.67","0.06","0","0.14","0","0.28","3.72","66.67","2.07","46.67","0.55","6.75","71.43"
"Mateus Vital","Brazil 2.","Cruzeiro","LCMF, LWF, CF","27","3000000","2025-12-31","19","650","1","0","Brazil","right","175","4.98","5.82","59.52","1.8","30.77","0.14","2.14","2.91","0.14","0.14","0","1.8","23.08","7.692","1.11","50","2.49","77.78","9.97","48.61","2.08","2.22","0.28","33.65","87.65","8.17","74.58","0.83","50","0.04","0","0","0","0","4.15","83.33","1.66","75","0.42","3.88","78.57"
"Adryelson","Brazil 2.","Botafogo","RCB, CB","26","4000000","2028-06-30","7","648","1","0","Brazil","right","182","6.53","3.06","81.82","5.42","74.36","0.28","5.23","0.28","0.14","0.05","0.14","0.56","25","25","0.14","100","0","0","0.14","0","1.25","0.42","0","53.89","93.3","19.86","88.81","2.92","52.38","0","0.14","0","0","0","3.89","78.57","0","0","0.42","7.64","72.73"
"João Pedro","Brazil 2.","Grêmio","CF","33","3000000","2026-06-30","11","640","0","0","Brazil","right","184","2.25","2.53","55.56","7.87","32.14","0","0.88","0.7","0","0.1","0","0.7","60","0","0.14","0","1.83","15.38","9","15.63","1.55","0.42","0","13.22","88.3","2.11","73.33","0.56","100","0.04","0","0","0","0.28","1.27","77.78","0.14","100","0.56","1.13","75"
"J. Campbell","Brazil 2.","Atlético GO","AMF, RWF, CF","32","650000","2026-06-30","10","628","2","0","Costa Rica","left","178","4.59","3.87","62.96","2.87","35","0","1.63","2.72","0.14","0.24","0","1.58","27.27","18.182","1.72","41.67","4.01","35.71","14.33","31","1.29","3.44","0.57","38.98","83.09","12.18","75.29","4.16","72.41","0.18","0.14","0.43","33.33","0.29","7.6","79.25","4.01","60.71","2.01","7.6","92.45"
"Vitinho","Brazil 2.","Cruzeiro","LCMF, RWF, RCMF","21","0","2027-12-31","21","625","1","1","Brazil","left","173","4.03","3.31","69.57","0.72","20","0.14","2.58","0.86","0.14","0.22","0","2.16","13.33","6.667","1.15","12.5","1.15","37.5","4.61","37.5","2.59","0.72","0.29","25.63","79.78","6.77","63.83","1.3","33.33","0.05","0","0","0","0.14","1.87","53.85","0.86","33.33","0.14","3.02","61.9"
"André Luis","Brazil 2.","Cuiabá","RAMF, CF, AMF","28","800000","2026-12-31","20","620","0","0","Brazil","left","179","4.94","5.37","59.46","5.08","34.29","0","1.75","1.6","0","0.1","0","1.02","42.86","0","0.58","0","2.76","42.11","8.27","45.61","1.74","0.58","0.58","23.37","83.23","4.06","71.43","0.87","100","0.01","0","0.15","0","0","1.6","63.64","1.02","71.43","0.87","3.19","72.73"
"Fabinho","Brazil 2.","Palmeiras","RDMF, LDMF, LCMF","23","5000000","2027-12-31","19","619","1","0","Brazil","right","178","7.56","5.67","71.79","2.18","53.33","0.29","4.76","1.89","0.15","0.06","0.15","1.02","42.86","14.286","0.44","33.33","1.02","100","4.22","62.07","1.31","0.58","0","36.2","82.73","13.81","68.42","5.38","56.76","0.02","0","0.44","66.67","0.15","6.11","73.81","1.16","50","0.58","5.96","70.73"
"Patric","Brazil 2.","Vitória","LB","31","300000","","11","618","0","1","Brazil","left","181","7.86","5.53","63.16","1.89","38.46","0.58","4.86","3.2","0","0.01","0","0.44","33.33","0","4.66","34.38","2.33","62.5","5.1","45.71","0.73","2.48","0.87","32.91","81.42","11.21","85.71","1.6","63.64","0.08","0","0","0","0.29","3.5","87.5","3.35","47.83","0.15","5.68","82.05"
"Paulo Vitor","Brazil 2.","Atlético Mineiro","RCMF, LCMF, LDMF","21","0","2027-12-31","13","613","0","0","Brazil","right","184","9.4","10.86","52.7","3.23","59.09","0","3.45","0.44","0","0","0","0","0","0","0.29","50","0.15","100","2.5","41.18","0.29","0.44","0","36.56","80.32","9.4","64.06","3.82","38.46","0.03","0","0.15","100","0.15","5.87","67.5","0.59","25","0.15","4.85","60.61"
"Ryan","Brazil 2.","Corinthians","LCMF, RDMF","21","0","2028-12-31","11","610","0","0","Brazil","left","170","11.8","12.1","65.85","1.48","40","0.3","5.1","0.59","0","0.03","0","0.59","50","0","0.15","0","0.74","40","4.28","34.48","0.44","0.59","0","28.92","89.29","9.44","82.81","0.59","50","0.01","0","0","0","0.15","2.8","63.16","0.59","25","0.15","3.69","64"
"Carlos Miguel","Brazil 2.","Corinthians","GK","26","0","","6","610","0","0","Brazil","left","204","0.74","0","0","0.15","100","0","0.93","0","0","0","0","0","0","0","0","0","0","0","0.15","100","0","0","0","18","90.98","7.52","82.35","4.13","67.86","0","0.15","0","0","0","1.03","57.14","0","0","0","3.98","74.07"
"Pedro Rangel","Brazil 2.","Atlético GO","GK","25","600000","2026-12-31","6","606","0","0","Brazil","right","192","2.67","0.15","100","0.15","100","0.15","3.15","0.15","0","0","0","0","0","0","0","0","0.15","100","0.15","100","0","0","0","20.5","86.96","12.48","84.52","8.32","69.64","0","0","0","0","0","2.67","61.11","0.15","0","0","5.94","82.5"
"Clayton Sampaio","Brazil 2.","Internacional","RCB","25","1000000","2028-12-31","8","605","0","0","Brazil","right","187","7.29","4.46","53.33","4.91","63.64","0.74","6.49","0","0","0.03","0","0.3","0","0","0","0","0","0","0.45","33.33","0.3","0.45","0","44.33","91.95","14.43","81.44","5.06","70.59","0","0","0","0","0","4.91","75.76","0.3","0","0","6.25","78.57"
"Éverton","Brazil 2.","Flamengo","LAMF, LW","28","10000000","2026-06-30","10","592","1","2","Brazil","right","174","5.78","5.17","64.71","2.43","18.75","0","3.6","5.93","0.15","0.17","0","2.58","58.82","5.882","1.82","33.33","7.91","48.08","12.16","43.75","2.43","3.34","0.3","20.22","76.69","5.47","63.89","1.06","57.14","0.12","0","0","0","0.46","1.37","77.78","2.13","50","0.46","2.28","86.67"
"Rafinha","Brazil 2.","São Paulo","RB, LB","39","200000","","9","580","0","0","Brazil","right","171","7.14","4.81","54.84","0.78","20","0.47","6.19","1.55","0","0","0","0","0","0","1.71","45.45","0.78","100","1.24","87.5","0","0.78","0.31","57.72","88.98","20.17","81.54","7.76","64","0.03","0","0","0","0.16","6.52","78.57","1.86","66.67","0.47","11.64","73.33"
"Alex Sandro","Brazil 2.","Flamengo","LB, LCB","33","2000000","2026-12-31","8","577","0","1","Brazil","left","180","5.77","6.86","52.27","3.9","60","0","3.08","2.18","0","0.04","0","0.47","33.33","0","3.12","40","1.25","50","4.68","43.33","1.87","1.87","0.47","52.41","88.1","14.04","75.56","4.52","55.17","0.18","0","0.31","50","0.78","7.18","78.26","4.06","46.15","0.62","7.8","94"
"Rafa Silva","Brazil 2.","Cruzeiro","RWF, CF","33","400000","","9","575","3","0","Brazil","right","179","2.82","2.66","41.18","3.44","27.27","0","2.03","1.57","0.47","0.31","0","1.41","77.78","33.333","0.31","0","1.41","33.33","6.89","15.91","2.97","0.78","0.16","15.03","89.58","3.29","76.19","0.47","66.67","0.04","0","0.16","0","0","0.94","83.33","0.94","50","0.47","1.57","80"
"William Gomes","Brazil 2.","São Paulo","LAMF, LW, RAMF","19","0","2028-12-31","11","571","3","1","Brazil","left","170","5.36","6.15","61.54","2.05","23.08","0","2.2","6.15","0.47","0.18","0","2.52","56.25","18.75","3.47","36.36","7.41","46.81","12.45","34.18","2.52","2.68","0.79","18.6","74.58","3.47","68.18","0.63","25","0.07","0","0","0","0.16","0.32","50","3.47","54.55","0.79","2.99","84.21"
"Praxedes","Brazil 2.","Athletico Paranaense","AMF, RW, RCMF","22","4500000","","13","569","0","0","Brazil","left","187","9.02","8.07","66.67","2.06","30.77","0.63","2.73","1.74","0","0.03","0","0.95","16.67","0","1.27","12.5","2.69","47.06","7.43","27.66","1.58","1.74","0.47","31","77.55","9.49","63.33","2.06","30.77","0.06","0.16","0.47","33.33","0","4.43","78.57","2.21","42.86","0.63","4.11","65.38"
"Talles Magno","Brazil 2.","Corinthians","CF, LCMF, LWF","22","6000000","2027-12-31","14","565","2","1","Brazil","right","186","6.21","5.1","59.38","4.14","30.77","0.48","4.44","3.19","0.32","0.25","0.16","1.75","45.45","18.182","0.8","0","3.98","56","12.11","36.84","3.03","2.23","0.16","24.05","79.47","6.53","70.73","0.32","50","0.07","0","0.64","25","0.64","3.03","78.95","1.12","71.43","0.96","3.19","75"
"Rômulo","Brazil 2.","Atlético Mineiro","LCB, RCB","21","0","2027-12-31","8","564","1","0","Brazil","right","182","8.14","5.11","65.63","3.35","57.14","0.16","7.17","1.6","0.16","0.02","0.16","0.8","20","20","0.48","66.67","0.8","100","1.44","77.78","0.32","0.8","0","47.39","84.18","19.79","70.97","5.11","43.75","0.01","0.16","0.32","100","0.16","7.5","68.09","2.07","38.46","0.48","8.94","69.64"
"Natã","Brazil 2.","Grêmio","LCB, RCB","24","0","2027-12-31","11","563","0","0","Brazil","right","182","10.71","4.96","74.19","4.96","74.19","1.44","6.96","0.16","0","0.03","0","0.16","100","0","0","0","0","0","0.32","50","0.16","0","0","25.1","85.35","10.39","67.69","3.52","59.09","0","0","0","0","0","2.08","46.15","0","0","0","4.48","67.86"
"Rafael Ratão","Brazil 2.","Bahia","CF, LWF, LW","29","0","","19","561","1","2","Brazil","right","177","4.97","5.94","56.76","2.89","38.89","0","2.25","3.69","0.16","0.47","0","2.09","38.46","7.692","1.44","77.78","3.05","57.89","8.66","37.04","3.85","2.73","0.32","28.24","83.52","7.06","77.27","1.76","72.73","0.13","0","0.16","0","0.48","3.37","90.48","2.09","61.54","0.96","4.49","71.43"
"Diego Costa","Brazil 2.","Grêmio","CF, AMF","36","1500000","","14","561","1","1","Brazil","right","186","3.69","2.89","66.67","5.94","40.54","0.16","1.88","1.76","0.16","0.2","0.16","1.44","55.56","11.111","0.8","40","2.09","30.77","9.63","28.33","3.53","0.8","0.32","19.57","80.33","3.05","57.89","0.8","100","0.06","0","0","0","0.32","1.12","71.43","1.28","37.5","1.12","1.12","100"
"Gustavo Sauer","Brazil 2.","Cuiabá","RAMF, RWF, RW","32","1400000","2025-06-30","11","557","0","0","Brazil","left","181","7.43","6.46","67.5","2.26","28.57","0","2.34","2.42","0","0.16","0","1.13","28.57","0","0.48","0","4.04","48","9.69","38.33","1.29","1.29","0.16","21.01","80","4.36","74.07","1.78","45.45","0.04","0","0.16","100","0.32","1.45","55.56","1.62","60","0.81","2.59","43.75"
"K. Andrade","Brazil 2.","Fortaleza","CF, AMF, LWF","20","1500000","2028-12-31","13","557","1","1","Venezuela","right","163","5.17","4.36","51.85","1.94","8.33","0","3.21","3.23","0.16","0.2","0","2.59","31.25","6.25","1.78","18.18","4.36","44.44","11.15","33.33","1.45","1.13","0.16","23.27","67.36","6.46","65","2.91","44.44","0.06","0","0.32","50","0.16","3.39","66.67","3.72","21.74","0.48","3.07","84.21"
"V. Cuesta","Brazil 2.","Bahia","LCB","36","500000","","7","556","0","0","Argentina","left","187","10.85","6.64","75.61","1.62","30","0.32","6.28","0.16","0","0.04","0","0.32","50","0","0.16","0","0","0","1.62","70","0.32","0.97","0","58.92","93.41","19.75","86.89","3.24","50","0.01","0","0","0","0","3.88","70.83","0.32","50","0.16","6.64","75.61"
"Rossi","Brazil 2.","Vasco da Gama","RWF, RAMF, RW","31","800000","","11","555","0","1","Brazil","right","167","6.97","4.38","51.85","3.57","36.36","0.16","4.5","2.76","0","0.01","0","0.32","0","0","5.35","27.27","1.78","63.64","4.86","36.67","1.14","0.97","0.16","22.22","67.88","5.19","59.38","1.14","71.43","0.25","0","0.16","100","1.46","1.46","44.44","4.05","44","0.65","4.05","80"
"Rikelme","Brazil 2.","Cuiabá","LB, LWB","22","0","2028-06-30","8","555","0","0","Brazil","left","184","8.76","7.46","58.7","1.78","54.55","0","4.94","2.11","0","0.02","0","0.32","50","0","2.59","25","1.62","70","3.08","52.63","0.32","0.49","0.16","26.92","78.92","11.19","79.71","2.43","60","0.01","0","0.16","100","0.16","1.78","90.91","2.76","41.18","0.32","6.81","66.67"
"Renato Augusto","Brazil 2.","Fluminense","AMF, CF, LW","37","1000000","","17","554","1","1","Brazil","right","186","5.85","6.01","70.27","3.09","31.58","0","2.48","1.3","0.16","0.07","0","0.97","50","16.667","0.81","0","1.14","57.14","5.36","36.36","1.3","1.46","0.16","43.05","86.79","9.26","71.93","1.62","60","0.03","0","0.16","100","0.16","4.87","76.67","2.27","35.71","0.81","3.9","66.67"
"M. Lacava","Brazil 2.","Atlético GO","LWF, RAMF, LAMF","22","700000","2025-12-31","12","538","0","0","Venezuela","left","167","5.52","6.52","48.72","1.34","0","0","2.68","5.52","0","0.19","0","2.34","21.43","0","3.85","26.09","5.69","67.65","12.88","42.86","3.18","1.84","0.33","25.09","78.67","3.68","63.64","1","66.67","0.03","0","0.17","100","0.17","1.17","57.14","3.51","52.38","1","4.01","79.17"
"F. Carballo","Brazil 2.","Grêmio","LDMF, RCMF, LCMF","28","5000000","2026-12-31","9","536","0","0","Uruguay","right","177","8.9","10.41","54.84","2.18","46.15","0.17","3.64","1.68","0","0.06","0","0.5","33.33","0","0.84","0","3.02","50","6.04","36.11","1.68","1.34","0.5","42.48","83.4","14.78","72.73","3.36","65","0","0","0","0","0","7.56","82.22","0.84","60","0.34","6.21","75.68"
"Jean Mota","Brazil 2.","Vitória","RCMF, LCMF, RW","31","1000000","2026-12-31","16","535","1","1","Brazil","left","172","5.89","5.72","58.82","2.36","42.86","0","3","2.36","0.17","0.16","0","1.01","50","16.667","2.36","57.14","0.67","50","3.03","38.89","1.35","0.84","0","35.66","82.08","11.44","73.53","4.37","65.38","0.28","0","0.17","100","0.17","6.06","75","2.36","57.14","0.34","8.07","83.33"
"Matheus Martins","Brazil 2.","Botafogo","LAMF, AMF, LW","21","7000000","2028-12-31","14","534","2","0","Brazil","right","179","4.89","3.54","47.62","2.02","16.67","0","4.18","3.88","0.34","0.25","0","2.19","61.54","15.385","3.37","35","4.38","30.77","13.48","32.5","4.72","2.7","0.84","22.08","79.39","5.06","80","2.02","91.67","0.13","0","0","0","0.34","2.19","92.31","3.03","50","1.01","5.06","80"
"Alan Kardec","Brazil 2.","Atlético Mineiro","CF","36","300000","","18","532","0","0","Brazil","right","190","2.2","1.86","45.45","8.8","55.77","0.17","2.45","0.85","0","0.14","0","1.35","12.5","0","0.34","50","0.51","66.67","6.6","28.21","2.88","0.34","0","8.97","81.13","1.52","66.67","0.17","0","0.13","0","0.34","50","0.68","0.51","33.33","0.68","75","0.51","0.51","66.67"
"Felipe Vizeu","Brazil 2.","Criciúma","CF","28","500000","","17","532","2","0","Brazil","right","184","2.54","2.54","53.33","5.08","20","0","1.21","1.86","0.34","0.31","0.17","1.18","42.86","28.571","0.34","0","2.37","50","7.61","31.11","2.2","0.85","0.17","17.42","77.67","3.55","52.38","0.17","100","0.19","0","0.17","100","0.17","2.03","66.67","0.68","75","0.68","1.35","62.5"
"Walace","Brazil 2.","Cruzeiro","DMF, LCMF, LDMF","30","6000000","2028-12-31","11","531","0","0","Brazil","right","188","6.27","6.61","61.54","1.86","27.27","0","3.19","0.51","0","0.02","0","0.68","0","0","0.17","0","0.85","60","3.56","52.38","0","1.19","0","46.61","93.45","11.69","89.86","2.03","75","0.01","0","0.17","0","0.17","5.08","93.33","0.17","100","0","5.25","80.65"
"Vitinho","Brazil 2.","Red Bull Bragantino","RAMF, LW, LWB","27","400000","2025-12-31","8","528","1","1","Brazil","right","176","5.63","2.73","56.25","2.56","40","0","5.5","2.56","0.17","0.22","0","1.88","18.18","9.091","2.73","31.25","2.05","66.67","5.97","45.71","3.24","3.07","0.51","26.08","71.9","6.48","47.37","2.05","33.33","0.08","0","0.34","0","0.17","3.41","65","2.56","46.67","0.51","5.11","80"
"Caíque","Brazil 2.","Grêmio","GK","27","1500000","2025-12-31","6","526","0","0","Brazil","left","198","1.88","0","0","0.17","100","0","2.01","0","0","0","0","0","0","0","0","0","0","0","0","0","0","0","0","12.15","77.46","8.73","72.55","6.16","58.33","0","0","0","0","0","2.4","50","0","0","0","4.96","82.76"
"Everaldo","Brazil 2.","Vitória","LW, LAMF, CF","31","800000","2025-12-31","15","523","2","0","Brazil","right","172","5.51","6.2","50","1.55","44.44","0.17","2.9","4.13","0.34","0.15","0","1.38","50","25","2.58","26.67","4.65","59.26","8.78","52.94","1.2","3.44","0.86","27.36","81.13","5.51","65.63","2.24","53.85","0.02","0","0","0","0","2.24","61.54","2.93","35.29","0.69","3.61","61.9"
"I. Machuca","Brazil 2.","Fortaleza","CF, RWF, LAMF","25","3000000","2027-12-31","15","523","1","0","Argentina","right","170","4.3","4.65","66.67","1.72","20","0","1.59","6.02","0.17","0.09","0","0.86","60","20","2.58","40","6.02","74.29","13.42","48.72","1.72","4.13","1.72","27.88","73.46","4.82","42.86","1.03","66.67","0.22","0.17","0.17","0","0.69","1.55","77.78","2.93","41.18","1.03","3.61","76.19"
"Zé Gabriel","Brazil 2.","Vasco da Gama","LDMF, DMF, RDMF","26","1500000","2025-12-31","14","522","0","0","Brazil","right","184","8.1","5.69","51.52","3.28","57.89","0.34","6.41","0.69","0","0.09","0","1.03","33.33","0","0.17","0","1.21","28.57","4.31","36","0.52","1.21","0.17","32.93","84.29","8.79","60.78","2.24","61.54","0","0","0.17","0","0","3.62","71.43","0.69","0","0","3.79","54.55"
"Hugo","Brazil 2.","Botafogo","LB","23","3000000","2026-12-31","9","513","0","1","Brazil","left","175","9.82","10.53","56.67","1.93","54.55","0.18","4.75","1.93","0","0.03","0","0.18","0","0","2.46","64.29","0.7","50","3.51","35","0.88","1.4","0.35","33.68","77.6","11.75","62.69","3.16","44.44","0.15","0","0","0","0.7","3.68","57.14","2.28","69.23","0.35","6.84","61.54"
"Carlinhos","Brazil 2.","Flamengo","CF","28","500000","2026-12-31","13","512","2","0","Brazil","right","195","1.93","2.99","47.06","6.86","56.41","0","0.78","1.23","0.35","0.56","0","2.11","50","16.667","0","0","0.88","20","7.21","26.83","2.64","0.53","0","9.49","74.07","1.23","42.86","0","0","0.03","0","0","0","0","0.53","66.67","0.18","100","0.53","0.18","0"
"Iago","Brazil 2.","Bahia","LB","28","4000000","2028-12-31","13","512","0","0","Brazil","left","181","8.26","6.86","74.36","1.93","72.73","0.53","4.81","1.41","0","0.15","0","0.7","50","0","2.11","33.33","0.88","40","2.64","26.67","1.76","2.29","0.7","46.76","88.72","17.93","82.35","2.99","58.82","0.13","0","0","0","0.53","7.56","79.07","1.93","54.55","0.53","7.73","77.27"
"Rafael Cabral","Brazil 2.","Grêmio","GK","34","400000","","6","511","0","0","Brazil","right","186","0.88","0","0","0.35","100","0","0.95","0","0","0","0","0","0","0","0","0","0","0","0","0","0","0","0","17.61","78","10.39","64.41","8.28","53.19","0","0","0","0","0","1.23","28.57","0","0","0","4.93","67.86"
"Camutanga","Brazil 2.","Vitória","RCB","31","500000","2025-12-31","5","510","0","0","Brazil","right","189","6.53","3.88","63.64","4.06","47.83","0.88","4.47","0.35","0","0.05","0","0.88","20","0","0","0","0.18","100","0.71","50","0.71","0.18","0.18","29.12","89.7","11.65","81.82","3.88","72.73","0","0","0","0","0","1.94","81.82","0","0","0","5.65","71.88"
"Endrick","Brazil 2.","Palmeiras","CF, AMF, RWF","18","0","","6","506","0","0","Brazil","left","173","3.74","3.74","52.38","1.96","27.27","0","2.08","2.85","0","0.11","0","1.96","9.09","0","0.53","0","6.4","41.67","13.7","42.86","1.78","2.31","1.25","17.96","75.25","4.27","75","1.6","66.67","0.12","0","0","0","0.18","2.67","73.33","1.6","55.56","1.07","1.96","81.82"
"Everton Galdino","Brazil 2.","Grêmio","CF, LW, RW","28","0","2026-12-31","12","502","0","0","Brazil","left","177","5.92","4.48","72","5.2","17.24","0.18","3.44","1.25","0","0.05","0","1.25","28.57","0","0","0","2.87","31.25","11.47","26.56","1.61","1.25","0.9","18.11","81.19","3.41","68.42","0.72","75","0.07","0","0","0","0","1.08","83.33","0","0","0.36","1.08","66.67"
"Alisson","Brazil 2.","Criciúma","GK","30","100000","","6","500","0","0","Brazil","right","188","1.08","0.18","100","0.36","100","0","1","0","0","0","0","0","0","0","0","0","0","0","0","0","0","0","0","15.48","75.58","9","68","7.02","56.41","0","0","0","0","0","1.26","28.57","0.18","0","0","4.68","61.54"
"B. Neziri","Switzerland 1.","St. Gallen","DMF, RCMF","22","150000","2026-06-30","8","794","0","0","Germany","right","182","11.22","7.03","56.45","3.29","44.83","0.68","9","1.13","0","0.01","0","0.57","0","0","0.79","57.14","0.91","75","3.4","43.33","0.45","0.57","0","21.42","75.13","10.65","67.02","3.06","55.56","0.27","0.11","0","0","0","3.4","56.67","1.47","46.15","0.34","4.42","56.41"
"T. Gaal","Switzerland 1.","St. Gallen","RCB","24","450000","","8","794","0","1","Germany","right","193","9.52","6.46","56.14","4.42","48.72","0.34","8.67","0.23","0","0.07","0","0.45","25","0","0.57","20","0.23","0","1.25","54.55","1.13","0.68","0","30.38","74.63","17.23","67.11","8.39","48.65","0.01","0","0","0","0","7.25","59.38","0.91","37.5","0.57","8.84","69.23"
"P. Loretz","Switzerland 1.","Luzern","GK","22","0","2026-06-30","8","787","0","0","Switzerland","right","191","2.06","0","0","0.11","0","0","2.73","0","0","0","0","0","0","0","0","0","0","0","0","0","0","0","0","35.34","87.38","16.7","80.14","11.89","68.27","0","0","0","0","0","3.77","57.58","0.23","0","0","8.92","75.64"
"S. Knežević","Switzerland 1.","Luzern","RCB","28","600000","2029-06-30","8","787","0","0","Switzerland","right","187","8.92","6.29","67.27","4.35","63.16","1.03","5.91","0.11","0","0.01","0","0.11","0","0","0.11","0","0.11","100","0.91","62.5","0.23","0.46","0.11","30.3","80","14.41","65.87","6.52","47.37","0.01","0","0","0","0","4.23","51.35","0.57","40","0.34","7.32","62.5"
"K. Letica","Switzerland 1.","Lausanne Sport","GK","28","1000000","2026-06-30","8","786","0","0","Croatia","right","201","1.03","0.23","50","0.69","83.33","0","1.4","0","0","0","0","0","0","0","0","0","0","0","0.34","66.67","0","0","0","12.71","74.77","9.27","65.43","6.41","53.57","0","0","0","0","0","2.98","53.85","0","0","0","4.81","76.19"
"J. Hammel","Switzerland 1.","Grasshopper","GK","24","1200000","","8","785","0","0","Switzerland","right","187","1.95","0.11","0","0.23","100","0","2.42","0","0","0","0","0","0","0","0","0","0","0","0.23","100","0","0","0","17.66","79.87","12.73","72.07","10.66","69.89","0","0","0","0","0","4.47","64.1","0.23","0","0","9.06","83.54"
"N. Steffen","Switzerland 1.","Thun","GK","24","200000","","8","783","0","0","Switzerland","","187","1.03","0","0","0","0","0","1.44","0","0","0","0","0","0","0","0","0","0","0","0.23","100","0","0","0","22.18","89.64","10.8","79.79","8.62","76","0","0","0","0","0","2.41","61.9","0","0","0","6.44","89.29"
"M. Hitz","Switzerland 1.","Basel","GK","38","200000","","8","782","0","0","Switzerland","right","194","0.69","0","0","0.23","100","0","1.02","0","0","0","0","0","0","0","0","0","0","0","0.12","100","0","0","0.12","24.28","94.31","10.82","90.43","5.98","82.69","0","0","0","0","0","1.04","66.67","0.12","0","0","4.83","85.71"
"Y. Brecher","Switzerland 1.","Zürich","GK","32","800000","2027-06-30","8","782","0","0","Switzerland","right","196","1.27","0","0","0.12","100","0","2.08","0","0","0","0","0","0","0","0","0","0","0","0.12","0","0","0","0","34.18","84.51","18.3","71.07","12.43","60.19","0","0","0","0","0","4.95","53.49","0.35","33.33","0","8.98","78.21"
"M. Gómez","Switzerland 1.","Zürich","RCB, LCB","26","300000","2028-06-30","8","782","0","1","Argentina","right","194","7.71","4.49","69.23","2.42","52.38","0.69","7.55","0","0","0.05","0","0.35","0","0","0","0","0","0","0.92","62.5","0.46","0","0","40.63","87.25","12.77","72.07","5.87","50.98","0","0","0","0","0","5.06","72.73","0.23","0","0","6.21","64.81"
"M. Keller","Switzerland 1.","Young Boys","GK","23","2500000","2028-06-30","8","778","0","0","England","right","189","1.5","0.12","100","0.23","100","0","2.32","0","0","0","0","0","0","0","0","0","0","0","0","0","0","0","0","29.96","89.19","13.65","79.66","8.91","66.23","0","0","0","0","0","2.43","71.43","0.12","0","0","7.06","78.69"
"L. Benito","Switzerland 1.","Young Boys","LCB","33","100000","2026-06-30","8","778","0","1","Switzerland","left","186","7.63","4.86","66.67","3.01","69.23","0.58","7.16","0.23","0","0","0","0.12","0","0","0.12","0","0.23","100","1.16","70","1.39","1.62","0.12","56.45","87.09","29.04","78.49","6.94","48.33","0.02","0.12","0","0","0.23","10.53","80.22","0.69","50","0.93","14.23","75.61"
"N. Palacio","Switzerland 1.","Zürich","DMF, LCMF","24","0","","8","776","0","0","Colombia","right","180","10.67","7.07","62.3","1.86","56.25","0.81","9.11","0.23","0","0.01","0","0.46","25","0","0","0","0.35","33.33","4.41","36.84","0.12","0.12","0","34.21","85.42","8.47","68.49","4.41","47.37","0","0.23","0","0","0","5.8","70","0.23","0","0","5.45","63.83"
"T. Cognat","Switzerland 1.","Servette","LCMF, LDMF, AMF","27","3500000","","8","775","0","2","France","right","173","7.32","5.92","66.67","1.16","30","0.12","4.6","2.55","0","0.05","0","0.7","16.67","0","1.74","60","1.63","64.29","4.99","44.19","1.28","2.55","0.46","56.9","84.29","19.05","75.61","5.11","61.36","0.28","0","0.58","60","0.93","9.87","75.29","4.65","75","2.9","9.99","82.56"
"N. Lavanchy","Switzerland 1.","Sion","RB","32","300000","2027-06-30","8","775","0","0","Switzerland","right","174","8.94","7.78","71.64","1.28","27.27","0.12","3.84","1.74","0","0.01","0","0.23","0","0","3.95","29.41","0.58","80","2.32","50","0.58","0.12","0.12","37.74","74.15","14.4","70.16","5.81","48","0.12","0.12","0.12","100","0.46","4.65","70","3.6","38.71","0.81","10.1","59.77"
"A. Racioppi","Switzerland 1.","Sion","GK","26","1500000","2027-06-30","8","775","0","1","Switzerland","right","189","1.51","0.35","66.67","0.46","100","0","1.56","0","0","0","0","0","0","0","0","0","0","0","0.23","100","0","0","0","24.85","83.18","14.86","74.22","11.38","65.31","0","0","0","0","0.12","3.02","46.15","0.23","0","0","8.71","76"
"N. Hefti","Switzerland 1.","Sion","LB","26","400000","","8","775","0","2","Switzerland","left","177","7.08","5.81","62","1.86","31.25","0.12","4.12","2.9","0","0.01","0","0.23","50","0","4.41","36.84","1.51","76.92","4.41","52.63","0.58","1.74","0.12","38.09","70.73","14.63","64.29","3.6","45.16","0.2","0","0.12","0","0.35","3.6","61.29","3.25","46.43","0.23","9.29","58.75"
"C. Boukhalfa","Switzerland 1.","St. Gallen","LCMF, RCMF, AMF","26","400000","","8","768","3","0","Germany","left","186","7.62","6.8","60.34","5.16","45.45","0.12","4.63","1.99","0.23","0.22","0","1.52","38.46","23.077","1.17","40","1.76","53.33","5.74","30.61","1.41","1.64","0","21.56","71.2","8.2","54.29","1.88","43.75","0.1","0","0","0","0.59","3.52","53.33","1.17","40","0.35","5.04","55.81"
"M. Heule","Switzerland 1.","Thun","LB","24","300000","2028-06-30","8","765","0","2","Switzerland","left","171","9.88","7.76","59.09","1.29","54.55","0.24","6.8","1.76","0","0.1","0","0.82","0","0","2.94","36","1.88","31.25","6.94","45.76","1.29","1.88","0.24","29.41","66","16","60.29","6.82","50","0.16","0.12","0.12","100","0.59","6.24","60.38","3.18","55.56","1.29","10.12","76.74"
"T. Owusu","Switzerland 1.","Luzern","RCMF, RDMF, LW","22","100000","","8","764","1","0","Switzerland","right","183","6.6","4.12","62.86","3.06","61.54","0.24","4.69","1.06","0.12","0.05","0","0.47","50","25","0.12","100","1.18","60","4.83","53.66","1.18","0.94","0","27.09","86.09","10.01","69.41","1.77","53.33","0.03","0","0.24","0","0.24","3.53","70","0.47","75","0.47","4.59","71.79"
"J. Kronig","Switzerland 1.","Sion","LCB","25","300000","","8","760","0","0","Switzerland","left","186","7.11","5.21","70.45","1.89","62.5","0.36","3.8","0","0","0","0","0.24","0","0","0.36","0","0.12","0","0.95","12.5","0","0.36","0.12","34.93","88.47","13.14","78.38","5.45","58.7","0","0","0","0","0","4.5","76.32","0.59","40","0.24","6.04","72.55"
"J. Stanić","Switzerland 1.","St. Gallen","CB","26","700000","","8","760","0","1","Germany","right","184","11.72","7.93","68.66","5.57","68.09","1.18","8.25","0.12","0","0.03","0","0.24","0","0","0.12","100","0","0","1.42","66.67","0.12","0.12","0","26.53","84.38","11.72","75.76","4.14","65.71","0","0","0","0","0.24","2.84","50","0.47","75","0.12","5.09","65.12"
"P. Dorn","Switzerland 1.","Luzern","RB, RCMF","29","1500000","2026-06-30","8","757","0","1","Germany","right","178","8.68","9.04","63.16","3.21","25.93","0.48","3.51","2.14","0","0.05","0","0.71","0","0","2.38","30","2.14","66.67","5.59","55.32","1.19","1.31","0.12","27.58","77.59","10.58","69.66","4.4","56.76","0.09","0","0","0","0.48","4.64","53.85","2.26","42.11","0.59","6.66","76.79"
"H. Vandermersch","Switzerland 1.","St. Gallen","RWB, RB","26","1500000","","8","746","1","0","France","right","180","5.67","4.34","52.78","2.41","25","0.24","4.64","2.41","0.12","0.12","0","1.21","60","10","3.62","20","1.21","80","3.98","66.67","2.17","1.45","0.24","25.94","65.12","12.06","64","4.1","55.88","0.07","0","0","0","0.24","4.71","61.54","3.02","36","0.84","8.08","71.64"
"D. Schmid","Switzerland 1.","Basel","LB","27","2000000","2027-06-30","8","741","1","0","Switzerland","left","183","8.26","3.16","50","2.43","55","0.36","9.82","1.7","0.12","0.08","0","1.21","30","10","3.52","10.34","1.34","72.73","3.4","64.29","2.31","1.82","0.61","47.13","79.64","18.34","77.48","3.04","68","0.09","0","0","0","0.49","6.44","75.47","3.16","46.15","0.97","10.2","76.19"
"N. Sow","Switzerland 1.","Sion","RCMF, RCB, LDMF","26","350000","2028-06-30","8","737","1","0","France","right","192","9.16","6.23","70.59","2.56","42.86","0.37","5.02","0.24","0.12","0.03","0","0.24","50","50","0.24","0","0.24","50","3.05","52","0.37","0.61","0","40.05","83.23","17.22","75.89","3.91","50","0","0.12","0","0","0","4.4","69.44","0.73","0","0","6.23","64.71"
"A. Bajrami","Switzerland 1.","Luzern","LCB","23","0","2028-06-30","8","736","0","0","Switzerland","left","188","9.29","5.14","64.29","2.93","50","1.1","7.42","0","0","0","0","0","0","0","0","0","0","0","1.47","58.33","0","0.49","0","37.17","89.14","15.77","79.84","4.77","53.85","0.01","0","0","0","0","3.18","61.54","0.24","0","0.12","6.24","64.71"
"X. Shaqiri","Switzerland 1.","Basel","CF, AMF","33","2000000","2027-06-30","8","724","4","4","Kosovo","left","169","1.49","1.37","54.55","0.87","14.29","0.12","1.09","2.98","0.25","0.52","0","2.24","38.89","22.222","2.36","63.16","1.74","35.71","9.07","34.25","2.86","0.87","0","38.91","78.27","12.06","61.86","3.11","40","0.34","0.12","0.12","0","0.99","5.35","60.47","5.47","63.64","2.36","6.22","82"
"M. Bürki","Switzerland 1.","Thun","LCB","32","250000","2026-06-30","8","716","0","0","Switzerland","left","184","9.55","5.91","72.34","5.28","50","0.88","6.49","0.13","0","0","0","0.13","0","0","0","0","0.13","100","1.89","60","0.38","0","0","31.68","84.92","15.84","75.4","6.66","66.04","0","0","0","0","0","5.91","70.21","0.38","33.33","0.13","7.92","73.02"
"L. Plange","Switzerland 1.","Grasshopper","CF, RWF","22","800000","","8","713","2","1","England","left","178","3.28","2.52","55","3.66","48.28","0","2.31","3.91","0.25","0.15","0.13","1.64","53.85","15.385","3.03","25","3.66","58.62","12.12","27.08","3.03","1.39","0.25","25.5","69.8","4.42","57.14","0.63","40","0.11","0","0.13","100","0.25","2.27","77.78","2.4","36.84","0.25","2.78","59.09"
"M. Di Giusto","Switzerland 1.","Luzern","CF, RW, AMF","25","1200000","","8","713","2","4","Switzerland","right","168","5.55","5.55","63.64","1.14","11.11","0.13","2.35","3.41","0.25","0.21","0","2.27","27.78","11.111","2.15","29.41","3.03","62.5","6.56","36.54","3.16","1.77","0.38","30.04","76.05","8.96","67.61","2.15","52.94","0.37","0","0.5","50","0.5","4.04","62.5","3.41","59.26","2.15","6.06","81.25"
"O. Custodio","Switzerland 1.","Lausanne Sport","DMF, RCMF, LCMF","30","400000","","8","711","1","0","Switzerland","right","179","5.57","4.68","64.86","1.9","20","0","3.75","1.14","0.13","0.15","0","1.39","36.36","9.091","1.27","20","0.76","50","4.18","27.27","0.89","0.89","0","32.66","83.33","11.9","73.4","3.54","53.57","0.21","0.25","0","0","0","4.56","58.33","2.15","41.18","0.76","5.32","76.19"
"D. Abels","Switzerland 1.","Grasshopper","RCB","28","600000","","8","704","0","0","Netherlands","right","182","11.76","8.31","70.77","3.45","48.15","1.15","6.1","0.64","0","0.03","0","0.38","33.33","0","0.26","100","0.38","66.67","1.15","66.67","0.26","0.89","0","28.25","77.83","16.24","69.29","6.52","50.98","0.02","0","0.13","0","0","6.26","71.43","1.41","36.36","0.26","9.46","74.32"
"M. Stevanović","Switzerland 1.","Servette","RAMF, RW, RCMF","35","400000","","8","702","3","0","Bosnia and Herzegovina","right","180","6.67","4.1","71.88","7.56","40.68","0","5.12","3.08","0.38","0.28","0.26","2.95","34.78","13.043","2.82","45.45","1.28","60","4.87","47.37","4.23","1.92","0.13","32.44","77.47","9.36","69.86","1.67","46.15","0.29","0.13","0","0","0.51","3.33","69.23","3.59","67.86","1.54","6.03","82.98"
"I. Hassane","Switzerland 1.","Grasshopper","LCMF","22","0","","8","698","0","0","Benin","right","182","11.86","9.93","64.94","2.45","26.32","0.52","5.65","0.13","0","0.04","0","0.39","0","0","0.39","0","0.39","33.33","3.09","37.5","0.26","0.13","0","24.5","72.63","11.22","60.92","3.22","40","0","0","0","0","0","2.97","52.17","0.64","20","0.13","5.03","56.41"
"L. Bertone","Switzerland 1.","Thun","LCMF, LDMF, RCMF","31","300000","","7","688","3","1","Switzerland","right","179","8.24","6.28","64.58","1.57","16.67","0.39","5.26","1.05","0.13","0.27","0","2.22","23.53","17.647","0.92","42.86","0.78","16.67","3.01","43.48","0.39","0.39","0","33.49","75","18.44","65.25","9.81","58.67","0.05","0.26","0","0","0.26","9.55","56.16","2.75","52.38","0.92","8.9","82.35"
"S. Zuber","Switzerland 1.","Zürich","CF, LCMF","34","2000000","2027-06-30","7","685","3","1","Switzerland","right","182","2.76","2.89","40.91","3.55","33.33","0.13","1.78","1.58","0.39","0.38","0","2.5","31.58","15.789","0.53","50","1.18","44.44","8.01","36.07","2.76","0.66","0.26","23.39","83.71","5.52","80.95","0.92","85.71","0.04","0","0","0","0.13","2.76","85.71","1.18","55.56","0.66","2.89","63.64"
"C. May","Switzerland 1.","St. Gallen","LCB, LCMF","18","0","","7","677","0","1","Switzerland","unknown","0","8.51","7.18","53.7","2.66","35","0.27","6.73","0.13","0","0.01","0","0.53","0","0","0.13","100","0.13","0","1.33","10","0","0","0","25.13","79.89","11.03","66.27","4.92","62.16","0.01","0","0","0","0.13","3.19","70.83","0.66","60","0.27","6.65","60"
"S. Kapino","Switzerland 1.","Winterthur","GK","31","400000","","7","674","0","0","Greece","right","196","1.87","0.27","100","0.27","100","0","2.16","0","0","0.03","0","0.13","0","0","0","0","0","0","0.13","0","0.27","0","0","22.83","90.06","11.88","83.15","7.61","71.93","0","0","0","0","0","1.87","57.14","0.53","0","0","5.61","88.1"
"R. Arnold","Switzerland 1.","Winterthur","RCB, CB","28","500000","2026-06-30","7","674","1","0","Switzerland","right","190","12.42","8.55","70.31","5.74","60.47","0.93","7.72","0.13","0.13","0.07","0.13","0.67","20","20","0.13","0","0.13","0","1.34","20","0.53","0","0","41.93","83.12","20.56","74.68","7.21","55.56","0","0","0","0","0","4.81","61.11","0.93","42.86","0.27","11.35","64.71"
"A. Grgić","Switzerland 1.","Lugano","LCMF, RCMF, DMF","28","800000","2027-06-30","7","671","2","1","Switzerland","right","189","9.12","6.57","71.43","1.48","45.45","0.4","6.29","1.61","0","0.23","0","1.07","37.5","25","1.07","75","0.4","100","2.68","60","0.27","0.54","0","52.58","89.54","14.75","77.27","6.17","65.22","0.12","0","0","0","0.54","7.38","69.09","2.15","62.5","0.54","8.72","81.54"
"E. Rastoder","Switzerland 1.","Thun","CF","24","250000","2027-06-30","8","665","1","2","Switzerland","right","191","3.25","2.57","47.37","6.23","28.26","0","2.64","2.3","0.14","0.15","0","1.62","8.33","8.333","1.22","11.11","2.71","70","16.11","29.41","6.5","0.54","0.14","18.68","66.67","3.52","61.54","0.68","60","0.14","0.14","0.14","100","0.81","0.95","71.43","1.76","61.54","2.17","1.62","66.67"
"Metinho","Switzerland 1.","Basel","RCMF, RDMF, LCMF","22","3500000","2030-06-30","8","662","1","0","Congo DR","right","178","6.25","5.3","61.54","1.63","41.67","0.14","4.29","1.09","0.14","0.05","0","0.82","50","16.667","0.14","0","1.09","62.5","5.98","56.82","0.27","1.36","0.14","38.88","90.91","11.83","82.76","1.22","88.89","0.01","0","0","0","0","5.98","86.36","0.95","85.71","0.82","5.44","87.5"
"S. Janko","Switzerland 1.","Young Boys","RB","29","600000","2027-06-30","8","640","0","0","Switzerland","right","181","8.58","6.89","71.43","2.11","40","0","5.54","2.11","0","0.01","0","0.14","0","0","3.52","36","1.83","46.15","8.58","42.62","1.41","1.83","0.14","39.23","80.65","12.09","70.93","1.97","50","0.07","0.14","0","0","0.28","5.06","69.44","2.11","53.33","0.28","6.61","82.98"
"L. Leroy","Switzerland 1.","Basel","LCMF, LDMF","25","1000000","2028-06-30","7","637","0","0","France","right","187","8.9","5.79","53.66","1.98","42.86","0.14","7.19","1.41","0","0.11","0","1.27","11.11","0","1.13","25","1.7","58.33","4.66","45.45","1.27","0.71","0.14","49.03","81.84","20.77","77.55","4.66","57.58","0.07","0.14","0.28","0","0.14","8.9","76.19","2.97","47.62","1.55","11.02","80.77"
"R. Nivokazi","Switzerland 1.","Sion","CF","25","75000","","8","636","3","0","Italy","right","188","2.97","3.82","22.22","7.64","33.33","0.14","2.22","1.84","0.42","0.39","0","2.26","43.75","18.75","0.42","0","1.84","38.46","9.91","34.29","3.68","0.28","0","10.61","77.33","3.11","68.18","0.57","50","0.03","0.14","0.14","100","0.14","1.56","54.55","0.28","0","0.57","1.13","75"
"P. Otele","Switzerland 1.","Basel","LW, LAMF","26","2500000","","8","635","4","3","Nigeria","right","185","2.69","2.98","52.38","2.55","66.67","0.14","1.74","8.08","0.57","0.42","0.28","2.98","52.38","19.048","3.69","30.77","7.8","69.09","16.72","53.39","5.67","4.96","0.71","30.33","72.43","8.5","60","2.98","76.19","0.27","0","0.28","0","0.85","3.12","54.55","4.82","41.18","2.27","6.52","89.13"
"K. Hajrizi","Switzerland 1.","Sion","RCB","26","1200000","","7","633","0","0","Switzerland","right","185","10.81","6.54","67.39","3.7","61.54","1","7.19","0.28","0","0.07","0","0.71","20","0","0","0","0.28","50","3.41","54.17","0.71","1","0","36.11","86.22","17.49","78.05","5.12","63.89","0","0","0","0","0","3.98","64.29","0.28","0","0.14","8.67","72.13"
"L. Mai","Switzerland 1.","Lugano","RCB, CB","25","2500000","","7","631","0","0","Germany","right","190","12.41","8.27","72.41","3.28","65.22","1","9.85","0.43","0","0.01","0","0.14","100","0","0","0","0.29","100","1","100","0.29","0.43","0","48.78","92.4","22.11","85.81","4.42","51.61","0","0","0","0","0","5.28","64.86","0.71","20","0.14","7.56","75.47"
"K. Sow","Switzerland 1.","Lausanne Sport","RCB, LCB","22","250000","2026-06-30","7","623","0","0","Switzerland","right","198","11.7","9.39","73.85","6.21","60.47","0.87","6.97","0.14","0","0.03","0","0.14","100","0","0","0","0","0","1.73","50","0.29","0.29","0","27.88","80.31","14.88","69.9","5.49","42.11","0","0.14","0.14","0","0","3.61","52","0.29","0","0","5.92","63.41"
"U. Bislimi","Switzerland 1.","Lugano","AMF, RCMF, LCMF","26","2500000","2027-06-30","7","622","0","0","Switzerland","right","183","5.5","4.49","48.39","1.59","27.27","0","4.51","1.45","0","0.18","0","1.01","28.57","0","1.3","22.22","2.32","37.5","8.1","28.57","2.46","1.16","0.14","56.72","85.71","17.94","73.39","5.35","45.95","0.17","0","0.14","0","0.43","7.52","65.38","2.6","38.89","1.3","7.96","65.45"
"A. Grbić","Switzerland 1.","Luzern","CF, LWF","29","1200000","2027-06-30","8","620","3","0","Austria","right","188","1.74","1.16","62.5","9.29","42.19","0.44","1.35","1.31","0.29","0.42","0","2.03","42.86","21.429","0.58","0","0.87","50","4.5","22.58","1.89","0.44","0","11.47","68.35","1.74","50","0.15","0","0.02","0","0","0","0","1.16","50","0.73","20","0.29","1.16","25"
"N. Vouilloz","Switzerland 1.","Basel","LCB, RB","24","1500000","2028-06-30","8","618","0","1","Switzerland","right","184","10.34","6.41","75","5.24","72.22","0.44","8","0.44","0","0","0","0.15","0","0","0.29","50","0.29","100","3.06","47.62","0.44","0.44","0","61.31","89.07","25.63","85.23","4.37","56.67","0.01","0.15","0","0","0.15","6.55","82.22","1.17","37.5","0.29","12.09","71.08"
"A. Kabacalman","Switzerland 1.","Sion","LCMF, RCMF, RDMF","30","300000","","8","614","0","1","Switzerland","left","176","7.62","5.86","52.5","0.73","60","0.15","5.06","0.73","0","0.04","0","0.73","60","0","0.29","50","0","0","1.91","53.85","0","0.88","0","59.51","85.96","21.99","75.33","5.28","47.22","0.02","0","0.15","100","0.15","9.53","73.85","1.32","66.67","0.44","10.55","75"
"L. Fomba","Switzerland 1.","Servette","RCMF, RDMF, DMF","27","1200000","2026-06-30","8","612","1","1","France","right","188","10.88","7.5","64.71","3.68","48","0.59","8.05","1.62","0.15","0.2","0","1.47","20","10","0.44","66.67","1.32","77.78","5.29","63.89","1.62","0.88","0","39.85","85.24","11.62","70.89","3.09","71.43","0.07","0","0","0","0.44","5.44","75.68","1.62","72.73","0.74","4.71","68.75"
"S. Sidler","Switzerland 1.","Winterthur","RB, LB, LWB","27","500000","","7","611","1","1","Switzerland","right","185","10.75","7.95","57.41","4.42","56.67","0.44","7.99","0.74","0.15","0.05","0","0.29","100","50","0.88","16.67","0.44","33.33","1.33","44.44","1.03","0.74","0.29","38.74","75.29","19.74","66.42","7.07","64.58","0.07","0","0.15","100","0.29","6.48","68.18","1.91","30.77","0.88","11.64","69.62"
"L. Njoh","Switzerland 1.","Servette","LB, LAMF, LW","23","0","","7","608","0","2","France","left","180","5.63","4.44","73.33","2.37","37.5","0","3.43","5.77","0","0.01","0","0.44","0","0","8.59","36.21","3.7","72","7.7","46.15","1.78","1.92","0.15","47.22","78.06","13.17","76.4","5.92","55","0.18","0.15","0","0","0.44","4.74","78.13","6.66","44.44","1.04","10.95","89.19"
"F. Fehr","Switzerland 1.","Thun","RB","25","300000","2026-06-30","7","608","0","1","Switzerland","right","179","10.36","8.88","65","2.07","35.71","0","4.79","3.26","0","0.03","0","1.63","9.09","0","4.14","39.29","1.92","61.54","4.44","36.67","0.74","1.04","0","30.94","69.86","15.84","67.29","6.37","51.16","0.24","0","0.44","66.67","0.3","5.92","77.5","4.88","48.48","0.89","12.73","69.77"
"M. Käit","Switzerland 1.","Thun","RDMF, RCMF, LCMF","27","800000","2026-06-30","8","608","0","0","Estonia","right","187","12.14","8.73","74.58","3.7","40","0.3","7.55","0.44","0","0.08","0","1.04","14.29","0","0.3","50","0.3","50","3.11","42.86","1.33","0.3","0","22.94","78.71","10.21","63.77","4.14","46.43","0.07","0","0","0","0","3.85","61.54","0.89","33.33","0.3","3.4","69.57"
"S. Stroscio","Switzerland 1.","Grasshopper","LWB","22","0","","8","602","0","0","Switzerland","right","176","11.21","8.97","68.33","2.69","27.78","0.3","5.45","1.2","0","0.01","0","0.75","20","0","1.64","36.36","0.75","60","4.04","22.22","1.35","1.35","0","31.1","64.42","17.49","57.26","7.48","46","0","0","0","0","0.15","5.83","41.03","2.69","44.44","1.05","10.02","71.64"
"J. Asp","Switzerland 1.","Grasshopper","LWF, RWF, CF","19","1300000","2028-06-30","7","600","4","2","Denmark","right","179","4.2","4.5","66.67","1.5","40","0","1.5","4.8","0.6","0.16","0","1.8","66.67","33.333","2.4","31.25","3.9","65.38","9.6","46.88","2.85","2.85","0.9","24","63.13","9.45","53.97","1.95","38.46","0.23","0","0.6","50","0.75","4.2","53.57","4.2","53.57","1.8","5.4","69.44"
"K. Mouanga","Switzerland 1.","Lausanne Sport","RB, RCB","25","900000","2027-06-30","8","598","0","0","France","right","191","11.59","9.03","71.67","2.86","68.42","0.15","7.11","1.2","0","0.04","0","0.45","0","0","2.41","31.25","0.75","60","4.06","48.15","1.81","1.66","0.15","38.38","78.43","20.02","75.19","5.72","68.42","0.1","0","0","0","0.15","7.37","71.43","3.01","45","1.05","11.44","77.63"
"M. Phaeton","Switzerland 1.","Zürich","LW, LWF, RWF","25","1200000","2026-06-30","8","590","2","1","France","right","183","2.59","3.05","45","1.37","22.22","0","2","5.64","0.31","0.27","0","2.59","58.82","11.765","2.14","21.43","6.25","58.54","16.17","47.17","5.03","4.73","0.31","23.64","76.13","4.27","50","1.07","57.14","0.29","0.15","0","0","0.46","1.83","58.33","2.59","23.53","2.14","1.98","69.23"
"C. Ibayi","Switzerland 1.","Thun","CF","30","700000","2026-06-30","8","587","6","1","France","right","187","2.76","3.22","57.14","7.36","45.83","0","1.33","2.91","0.92","0.53","0.15","2.3","53.33","40","2.45","43.75","0.92","50","6.59","25.58","4.45","0.46","0","17.17","66.07","4.14","44.44","1.53","80","0.09","0.15","0.15","100","0.77","2.45","50","2.61","52.94","1.53","3.53","73.91"
"R. Raveloson","Switzerland 1.","Young Boys","RCMF, RDMF","28","2000000","2026-06-30","8","586","0","0","Madagascar","right","182","5.68","5.07","45.45","1.84","41.67","0","5","1.23","0","0.1","0","1.84","33.33","0","0.46","33.33","0.77","60","5.07","45.45","0.61","0.46","0","32.1","79.43","11.21","61.64","3.38","40.91","0","0","0","0","0","5.99","56.41","1.38","44.44","0.31","4.3","75"
"D. Bronn","Switzerland 1.","Servette","RCB","30","1300000","","6","584","0","0","France","right","186","7.86","5.55","66.67","3.39","54.55","0.46","5.42","0.62","0","0.03","0","0.31","50","0","0","0","0.46","100","1.39","55.56","0.46","0.46","0","49.78","87.93","19.11","74.19","5.7","45.95","0","0.15","0","0","0","4.93","56.25","0.77","20","0.15","6.32","58.54"
"C. Fassnacht","Switzerland 1.","Young Boys","CF, RW, AMF","31","2500000","","7","580","4","2","Switzerland","right","185","2.95","2.64","64.71","2.02","38.46","0","1.75","1.4","0.47","0.52","0.31","2.79","38.89","22.222","0.62","50","0.62","0","3.57","26.09","4.03","0.16","0.31","17.84","80","3.72","70.83","0.31","0","0.12","0","0","0","0.31","1.86","66.67","0.78","40","0.16","1.71","72.73"
"J. Mall","Switzerland 1.","Servette","GK","34","500000","2027-06-30","6","577","0","0","Switzerland","right","197","0.94","0","0","0.31","50","0","1.26","0","0","0","0","0","0","0","0","0","0","0","0.16","100","0","0","0","27.3","90.29","15.13","84.54","9.83","77.78","0","0","0","0","0","1.87","75","0","0","0","7.95","80.39"
"C. Tsawa","Switzerland 1.","Zürich","RCMF","18","0","","7","575","2","0","Switzerland","right","183","6.73","5.63","44.44","2.19","50","0.31","5.9","1.1","0.31","0.17","0","1.25","37.5","25","1.41","22.22","0.31","100","3.91","56","1.1","0.78","0","28.64","89.07","6.89","81.82","1.25","50","0.16","0","0","0","0","3.76","83.33","1.57","40","0.63","2.97","78.95"
"I. Chouaref","Switzerland 1.","Sion","RW, RAMF","24","800000","2028-06-30","8","573","1","2","France","right","175","6.91","6.91","52.27","3.14","30","0","3.82","5.65","0.16","0.16","0","1.88","33.33","8.333","5.81","32.43","4.24","74.07","13.35","50.59","4.4","4.4","1.41","25.45","75.93","7.7","83.67","2.2","28.57","0.24","0.16","0","0","1.41","1.88","75","5.5","51.43","1.41","5.5","91.43"
"C. Bedia","Switzerland 1.","Young Boys","CF","29","2500000","2027-06-30","8","572","5","0","Côte d'Ivoire","left","190","3.3","4.09","53.85","5.51","37.14","0","1.86","2.05","0.63","0.39","0.16","1.89","58.33","41.667","0.47","0","2.52","37.5","9.6","31.15","3.93","1.89","0.31","11.96","81.58","2.05","69.23","0","0","0.05","0.16","0","0","0.16","1.57","80","0.63","50","0.94","0.47","66.67"
"M. Poaty","Switzerland 1.","Lausanne Sport","LB","28","500000","","8","567","0","1","France","left","175","7.78","5.71","52.78","2.22","50","0.32","7.77","2.22","0","0.06","0","0.79","20","0","2.54","43.75","1.9","41.67","5.56","54.29","0.95","2.06","0.48","33.65","80.19","14.6","71.74","3.49","45.45","0.1","0","0.16","100","0.79","6.03","65.79","2.86","55.56","0.63","7.94","76"
"R. Schneider","Switzerland 1.","Winterthur","CF, AMF, RCMF","24","1000000","2026-06-30","7","566","0","2","Switzerland","right","170","8.59","8.75","52.73","2.23","28.57","0","4.68","1.43","0","0.13","0","1.59","10","0","0.95","0","3.02","36.84","9.7","37.7","2.07","1.91","0.48","31.64","78.39","11.77","68.92","2.07","38.46","0.14","0.16","0.32","50","0.32","3.5","63.64","2.07","69.23","1.27","4.77","60"
"A. Vogt","Switzerland 1.","St. Gallen","CF","20","0","","8","564","5","1","Switzerland","","0","2.23","2.87","44.44","4.63","17.24","0.16","1.43","2.23","0.8","0.42","0","2.39","46.67","33.333","0.48","33.33","4.15","23.08","12.45","24.36","3.99","1.12","0.32","6.22","66.67","0.96","16.67","0.32","0","0.05","0","0","0","0.16","1.12","42.86","0.48","33.33","0.32","0.48","33.33"
"L. Zvonarek","Switzerland 1.","Grasshopper","RCMF","20","3000000","2027-06-30","6","561","1","1","Croatia","right","180","6.26","5.29","60.61","1.93","33.33","0.16","3.4","0.96","0.16","0.11","0","1.28","50","12.5","0.32","0","1.76","18.18","6.1","39.47","0.8","1.12","0.16","29.52","74.46","13.32","57.83","2.73","29.41","0.16","0.16","0","0","0","3.69","56.52","2.25","57.14","0.96","4.49","67.86"
"Joel Monteiro","Switzerland 1.","Young Boys","LW, LAMF","26","0","2027-06-30","8","560","0","0","Switzerland","right","191","5.14","6.43","52.5","3.7","39.13","0","2.89","4.98","0","0.09","0","1.45","33.33","0","2.57","18.75","5.79","63.89","13.18","43.9","3.7","3.7","0.64","25.39","73.42","6.27","56.41","1.45","11.11","0.1","0","0.48","66.67","0.16","2.09","69.23","2.25","35.71","1.13","4.02","80"
"N. Reichmuth","Switzerland 1.","Thun","RW, RAMF, RCMF","23","200000","2027-06-30","8","559","1","2","Switzerland","left","175","9.34","10.79","55.22","3.06","36.84","0.32","4.65","3.86","0.16","0.16","0","2.9","33.33","5.556","2.09","38.46","3.7","52.17","10.47","41.54","3.06","2.9","0.32","23.18","68.75","9.82","59.02","4.03","48","0.1","0","0.32","50","0.64","4.35","48.15","3.38","57.14","1.61","6.28","74.36"
"L. Zuffi","Switzerland 1.","Winterthur","LCMF, LDMF, DMF","35","100000","","6","551","0","0","Switzerland","left","182","5.55","3.43","76.19","1.63","40","0.49","3.78","0.33","0","0","0","0","0","0","0.49","33.33","0.33","50","0.82","60","0","0.16","0","39.85","88.52","15.35","82.98","3.76","60.87","0.08","0","0","0","0.16","4.74","75.86","0.65","50","0.16","5.72","77.14"
"B. Okoh","Switzerland 1.","Lausanne Sport","LCB","22","800000","2028-06-30","7","550","0","0","United States","left","188","11.29","7.04","65.12","5.4","69.7","0.49","8.97","0.49","0","0.23","0","0.65","25","0","0","0","0.33","100","1.96","75","0.65","0.33","0","29.95","80.87","15.71","75","3.93","58.33","0","0","0","0","0","4.58","71.43","0.49","33.33","0.16","7.04","55.81"
"Genís Montolio","Switzerland 1.","Thun","RCB","29","350000","2026-06-30","6","548","1","0","Spain","right","183","10.84","5.75","62.86","6.24","52.63","0.99","9.62","0.66","0.16","0.08","0","1.15","14.29","14.286","0.82","40","0.49","33.33","1.48","44.44","1.31","0.99","0.16","38.1","76.29","20.2","66.67","9.2","55.36","0.09","0","0","0","0.33","5.75","62.86","0.82","40","0.16","11","49.25"
"B. Soppy","Switzerland 1.","Lausanne Sport","RCMF, RB","23","2000000","2026-06-30","7","546","0","3","France","right","181","10.71","9.23","75","1.65","60","0","5.74","2.47","0","0.01","0","0.49","33.33","0","2.47","13.33","4.29","46.15","9.4","49.12","2.64","2.14","0","34.29","67.79","16.65","64.36","3.63","22.73","0.03","0","0","0","0.66","5.44","60.61","2.64","25","0.82","8.74","62.26"
"L. Görtler","Switzerland 1.","St. Gallen","RCMF, LWB, LCMF","31","2000000","","7","541","1","1","Germany","right","186","5.99","3.66","54.55","3.83","39.13","0.67","5.41","1.83","0.17","0.48","0","2.66","18.75","6.25","1.16","28.57","1.5","66.67","8.82","45.28","3.99","1","0.17","26.28","70.25","12.64","61.84","4.66","50","0.27","0","0.33","0","1","8.65","57.69","2.16","61.54","1.33","5.32","90.63"
"L. Beyatt","Switzerland 1.","Lausanne Sport","AMF, RWF","20","0","","8","537","1","1","Mauritania","unknown","0","6.2","4.69","60.71","3.18","42.11","0","4.51","3.02","0.17","0.29","0","2.35","28.57","7.143","0.34","50","3.18","63.16","11.56","40.58","3.18","2.68","0.67","33.18","79.29","7.54","77.78","1.34","37.5","0.04","0","0.34","50","0.34","4.02","87.5","1.17","85.71","2.01","5.03","70"
"M. Di Giusto","Switzerland 1.","Luzern","RW, AMF, CF","25","0","","6","536","2","3","Switzerland","right","0","6.38","6.04","66.67","1.01","16.67","0.17","3.23","4.2","0.34","0.23","0","2.69","31.25","12.5","2.52","26.67","3.36","70","7.39","40.91","3.69","1.85","0.34","28.88","75","8.23","69.39","2.01","66.67","0.37","0","0.5","66.67","0.5","3.86","65.22","3.69","59.09","2.18","6.04","75"
"Y. Severin","Switzerland 1.","Servette","LCB","28","1500000","","7","533","1","0","France","left","186","7.43","4.39","80.77","3.21","57.89","1.01","4.89","0.34","0.17","0.12","0","0.34","100","50","0","0","0","0","0.84","40","0.34","0.34","0","44.58","93.18","14.35","83.53","4.39","50","0","0","0","0","0","2.2","53.85","0.51","0","0","5.4","81.25"
"T. Abe","Switzerland 1.","Luzern","RCMF, LDMF, LCMF","21","150000","","8","531","0","0","Japan","left","175","10.51","8.14","62.5","0.85","80","0.17","6.94","0.51","0","0.07","0","0.51","0","0","0.51","66.67","0.34","50","2.88","58.82","0.34","0.34","0","35.76","85.31","10.17","73.33","1.36","50","0.02","0","0","0","0","4.58","74.07","0.51","66.67","0.34","4.75","71.43"
"A. Ajeti","Switzerland 1.","Basel","CF","28","300000","","8","527","3","1","Switzerland","right","181","3.07","2.9","41.18","6.66","20.51","0.34","3","1.88","0.51","0.63","0","4.61","33.33","11.111","0","0","0.85","40","6.83","30","6.66","0.17","0","13.15","70.13","1.88","18.18","0.34","100","0.11","0","0","0","0.17","0.85","40","0.85","20","0.68","0.17","0"
"L. Kamberi","Switzerland 1.","Zürich","RB, RCB","26","1200000","2028-06-30","8","524","0","0","Switzerland","right","182","8.24","3.78","54.55","4.64","62.96","0.34","10.8","1.2","0","0.19","0","1.37","12.5","0","1.2","28.57","0.69","100","1.89","63.64","1.55","1.72","0.34","42.77","80.72","20.27","70.34","7.73","53.33","0.01","0.17","0","0","0","7.9","54.35","1.37","37.5","0.34","10.31","68.33"
"S. Decarli","Switzerland 1.","Grasshopper","CB","33","300000","","6","522","1","0","Switzerland","right","188","6.72","3.28","73.68","7.93","43.48","0.34","4.29","0.34","0.17","0.15","0","0.69","50","25","0","0","0","0","0.52","33.33","1.03","0","0","22.59","71.76","12.59","54.79","7.24","54.76","0","0","0","0","0","4.66","44.44","0.86","20","0.34","6.38","62.16"
"F. Ayé","Switzerland 1.","Servette","CF","28","1800000","2026-06-30","6","520","2","1","France","right","184","2.42","1.73","70","5.02","51.72","0.35","1.42","1.73","0.35","0.53","0.17","2.94","29.41","11.765","0.17","0","1.04","66.67","7.1","34.15","5.19","0.35","0","18.52","83.18","2.6","73.33","0.69","100","0.28","0.17","0.17","100","0.35","1.38","62.5","1.04","100","1.38","1.21","71.43"
"K. Tsunemoto","Switzerland 1.","Basel","RB","26","2500000","","6","519","0","1","Japan","right","173","10.58","6.24","83.33","3.82","45.45","0.69","7.57","1.39","0","0","0","0.17","0","0","1.73","60","1.04","33.33","4.68","51.85","1.21","1.91","0.69","41.45","86.61","19.77","85.96","3.12","55.56","0.09","0.17","0","0","0.35","5.03","79.31","1.56","66.67","0.35","8.84","74.51"
"J. Lukembila","Switzerland 1.","Sion","LW, LAMF, CF","26","600000","","8","519","3","1","Switzerland","right","181","8.67","5.55","59.38","2.08","58.33","0.52","6.44","1.91","0.52","0.25","0.17","2.08","25","25","1.56","22.22","2.08","41.67","11.97","23.19","3.29","1.91","0.52","21.85","78.57","4.86","71.43","1.04","50","0.08","0","0.17","100","0.17","2.25","61.54","1.56","33.33","0.52","1.56","77.78"
"C. Okoroji","Switzerland 1.","St. Gallen","LWB, LCB","28","1000000","2028-06-30","6","519","0","0","Germany","left","180","6.76","5.38","64.52","1.56","55.56","0","4.4","1.91","0","0.07","0","0.87","20","0","2.77","31.25","1.04","66.67","4.51","42.31","0.87","1.21","0.52","22.02","62.2","9.71","57.14","4.16","37.5","0.12","0","0.17","100","0.69","4.51","65.38","2.77","50","0.52","7.11","75.61"
"U. Emmanuel","Switzerland 1.","Zürich","LW, RW, LWF","21","0","","8","508","1","2","Nigeria","right","176","3.72","4.25","45.83","2.48","50","0","2.88","4.07","0.18","0.07","0.18","1.24","42.86","14.286","2.66","20","5.85","51.52","14.88","28.57","3.19","4.07","0.53","18.25","66.99","4.43","48","0.35","50","0.24","0.18","0","0","0.53","1.59","66.67","2.48","28.57","0.89","1.95","81.82"
"K. Behrens","Switzerland 1.","Lugano","CF","34","2000000","","7","506","2","0","Germany","right","185","3.02","2.13","25","8","46.67","0.18","3.4","1.42","0.36","0.57","0","2.67","40","13.333","0.53","33.33","0.71","25","6.23","31.43","3.38","0.53","0.18","15.3","79.07","1.96","36.36","0.36","50","0.07","0","0","0","0","0.36","50","0.71","50","0.36","0.71","75"
"B. Freimann","Switzerland 1.","Luzern","LB, LCB","19","0","","6","506","1","0","Switzerland","left","184","13.34","11.38","67.19","3.02","52.94","0.18","7.09","1.6","0.18","0.11","0.18","0.53","66.67","33.333","1.6","33.33","0.89","60","4.45","52","1.07","0.89","0","36.46","73.17","17.96","63.37","5.34","60","0.09","0","0.18","100","0.36","5.87","75.76","1.25","42.86","0","12.27","65.22"
"L. Ati Zigi","Switzerland 1.","St. Gallen","GK","28","1500000","2027-06-30","5","504","0","0","Ghana","right","188","1.61","0.18","100","0","0","0","2.26","0","0","0","0","0","0","0","0","0","0","0","0","0","0","0","0","22.14","75.81","15.18","67.06","13.21","62.16","0","0","0","0","0","4.46","48","0.18","0","0","10.71","71.67"
"E. Fernandes","Switzerland 1.","Young Boys","LCMF, LDMF, RCMF","29","3500000","2026-06-30","6","503","1","3","Switzerland","right","186","6.98","3.58","65","1.79","40","0.18","7.65","1.25","0.18","0.05","0","1.61","44.44","11.111","1.25","28.57","0.36","50","3.94","27.27","0.72","1.25","0.18","42.41","81.43","12.17","64.71","5.55","61.29","0.28","0","0","0","0.36","8.95","68","2.15","50","0.72","7.16","77.5"
"D. Paloschi","Switzerland 1.","Grasshopper","LCB, RCB","19","0","","6","502","0","0","Italy","right","192","10.04","5.92","75.76","7.53","66.67","0.9","6.77","0.36","0","0.04","0","0.54","0","0","0.36","50","0.18","100","0.36","50","0.9","0.18","0.18","27.97","69.87","16.67","63.44","6.1","35.29","0","0","0","0","0","4.3","41.67","1.08","16.67","0.18","8.07","71.11"
"A. Papadopoulos","Switzerland 1.","Lugano","LCB, RCB","26","1000000","2027-06-30","5","501","1","0","Germany","right","187","10.42","5.21","82.76","5.21","62.07","0.72","8.77","0.72","0.18","0.07","0.18","0.54","66.67","33.333","0.36","50","0.18","100","1.62","66.67","0.54","0.72","0","51.38","92.66","17.25","82.29","2.51","57.14","0","0","0","0","0","3.05","64.71","0.72","25","0","5.57","64.52"
"J. Hadjam","Switzerland 1.","Young Boys","LB","22","2000000","","8","492","0","1","France","left","185","6.59","4.76","57.69","4.21","82.61","0.18","6.25","4.39","0","0.01","0","0.37","0","0","2.56","42.86","5.12","64.29","12.62","50.72","1.28","3.11","0.37","45.91","80.08","21.04","73.91","3.48","36.84","0.14","0.18","0","0","0.91","8.96","69.39","4.76","61.54","2.01","10.24","94.64"
"T. Magnin","Switzerland 1.","Servette","RB, LB","22","0","","6","479","0","0","Switzerland","right","171","9.58","9.39","70","2.44","38.46","0.38","3.81","2.44","0","0","0","0.56","0","0","3.76","50","1.5","37.5","3.01","37.5","0.75","1.5","0","47.72","77.17","15.03","58.75","6.01","46.88","0.07","0","0","0","0.75","6.58","57.14","4.32","56.52","0.75","9.21","65.31"
"F. Meichtry","Switzerland 1.","Thun","LW, LAMF, AMF","20","0","2026-06-30","8","475","3","0","Switzerland","right","185","7.96","7.2","57.89","2.27","25","0.19","3.21","3.6","0.57","0.25","0.19","2.08","45.45","27.273","2.46","15.38","4.36","52.17","14.21","32","4.17","1.52","0.38","20.65","73.39","4.55","79.17","1.14","50","0.04","0.38","0","0","0.38","2.08","54.55","2.46","46.15","0.38","2.27","91.67"
"C. Gomis","Switzerland 1.","Winterthur","CF, RAMF, RWF","25","0","","5","471","2","0","Senegal","right","184","3.82","3.44","66.67","4.78","56","0","1.79","2.48","0.38","0.3","0.19","1.91","50","20","0.57","33.33","2.1","63.64","10.7","35.71","3.06","3.06","1.15","18.54","76.29","4.97","69.23","0.38","0","0.07","0","0","0","0.38","1.72","77.78","1.15","83.33","0.96","2.29","58.33"
"N. Muci","Switzerland 1.","Grasshopper","CF, AMF","22","650000","2027-06-30","8","467","2","0","Switzerland","right","180","5.97","5.59","44.83","13.3","28.99","0.19","2.82","1.73","0","0.52","0","1.93","50","20","0.58","33.33","1.35","42.86","14.07","24.66","3.66","0.77","0.39","24.86","75.97","4.82","60","0.39","0","0","0","0","0","0","0.77","50","0.77","75","0.96","1.35","42.86"
"S. Marques","Switzerland 1.","Grasshopper","RWB","30","0","","7","467","1","1","Belgium","","0","5.59","7.32","47.37","2.89","26.67","0.19","2.36","2.7","0.19","0.18","0","1.35","57.14","14.286","2.12","36.36","3.66","31.58","7.32","23.68","1.73","2.7","0.77","24.09","60.8","11.56","55","2.7","28.57","0.02","0","0","0","0.19","5.4","50","2.12","18.18","0","5.4","82.14"
"R. Steffen","Switzerland 1.","Lugano","RW, RWF","33","1000000","2028-06-30","6","464","0","1","Switzerland","left","170","3.1","4.07","47.62","1.55","37.5","0","1.6","3.3","0","0.17","0","1.36","14.29","0","3.1","62.5","1.75","55.56","4.66","50","1.75","1.36","0","38.79","84","8.92","71.74","3.88","85","0.23","0.19","0.19","100","0.58","4.85","76","4.85","76","2.52","8.73","80"
"B. Kololli","Switzerland 1.","Sion","LW, CF, AMF","33","200000","","7","458","2","0","Switzerland","right","184","2.16","1.57","50","1.77","11.11","0","1.59","3.14","0.2","0.46","0","3.34","47.06","11.765","1.57","37.5","1.18","66.67","9.63","46.94","3.73","1.38","0","21.22","77.78","7.47","68.42","1.57","37.5","0.15","0","0.39","50","0.2","3.93","65","2.36","41.67","0.98","4.32","81.82"
"H. Mahmoud","Switzerland 1.","Lugano","RCMF, CF, LCMF","25","2000000","2026-06-30","7","456","0","0","Tunisia","right","179","5.13","6.32","62.5","1.58","62.5","0","2","1.38","0","0.19","0","1.78","22.22","0","1.18","50","0.39","100","5.53","39.29","3.16","0.59","0","27.83","88.65","7.3","86.49","3.16","75","0.03","0","0","0","0.39","3.16","93.75","1.78","55.56","0.99","4.14","80.95"
"A. Barišić","Switzerland 1.","Basel","RCB","24","2200000","2027-06-30","6","456","0","0","Croatia","right","192","7.7","5.33","66.67","6.51","78.79","0.79","5.68","0","0","0","0","0","0","0","0","0","0","0","0.39","0","0","0.79","0","51.12","93.05","18.75","86.32","6.12","64.52","0","0","0","0","0","5.72","79.31","0","0","0","8.09","78.05"
"B. Krasniqi","Switzerland 1.","Zürich","LCMF","24","1500000","2027-06-30","8","450","1","2","Switzerland","right","173","7.8","6.2","70.97","0.6","33.33","0","4.85","1.4","0.2","0.19","0","1","40","20","0.6","33.33","2","40","10.4","23.08","0.8","3.2","0.2","39.2","85.2","12.2","70.49","2","60","0.25","0","0","0","0.8","4.4","63.64","2.4","58.33","1.4","4.6","73.91"
"L. Silva Ferreira","Switzerland 1.","Luzern","AMF, RW, RCMF","18","0","","8","448","4","0","Switzerland","unknown","0","8.44","9.84","53.06","5.02","24","0","3.72","2.01","0.8","0.36","0","2.41","41.67","33.333","0.8","25","2.01","40","6.43","28.13","2.01","1","0","21.7","75","7.23","61.11","2.61","69.23","0.01","0","0","0","0.4","4.02","70","0.6","33.33","0.6","3.62","61.11"
"D. Ulrich","Switzerland 1.","Winterthur","RB, LAMF, LWB","27","300000","","7","438","0","1","Switzerland","right","172","6.58","5.96","65.52","1.44","42.86","0.21","2.86","1.85","0","0.03","0","1.03","40","0","5.55","14.81","1.23","50","5.34","38.46","0.41","1.23","0.41","42.95","62.2","15.82","51.95","9.04","40.91","0.07","0.21","0","0","0.21","6.37","38.71","4.52","31.82","0.62","11.1","59.26"
"L. Comenencia","Switzerland 1.","Zürich","RB","21","0","2029-06-30","6","433","0","0","Netherlands","right","191","9.98","7.48","75","4.36","47.62","0.21","6.14","1.66","0","0","0","0.42","0","0","1.45","14.29","1.87","77.78","6.24","43.33","0.83","0.83","0","34.09","77.44","14.13","64.71","4.57","45.45","0.09","0","0","0","0","3.74","61.11","0.83","50","0.42","6.86","66.67"
"G. Diakité","Switzerland 1.","Lausanne Sport","LCMF, CF, LWF","20","0","","5","433","3","1","Mali","unknown","0","4.57","2.91","71.43","2.29","36.36","0","4.09","6.44","0.62","0.27","0","2.49","50","25","3.33","43.75","6.65","50","14.97","43.06","2.49","3.53","0.42","33.26","79.38","9.98","72.92","1.25","16.67","0.15","0","0.42","100","0.83","5.82","78.57","3.53","58.82","1.45","6.86","87.88"
"J. Adjetey","Switzerland 1.","Basel","RCB, LCB","21","0","","5","424","0","0","Ghana","right","188","10.83","6.58","77.42","4.03","63.16","1.49","8.15","0.42","0","0.01","0","0.42","0","0","0.21","100","0.64","33.33","2.12","50","0.42","0.42","0","39.91","89.36","15.28","77.78","2.97","50","0.03","0","0","0","0","2.97","71.43","0.42","100","0.42","7.64","66.67"
"Daniel Dos Santos","Switzerland 1.","Lugano","LW, RAMF, LWF","22","800000","2028-06-30","7","419","0","2","Portugal","right","179","7.09","5.58","61.54","1.72","37.5","0.43","3.3","4.08","0","0.1","0","1.5","42.86","0","2.36","45.45","4.51","52.38","10.74","40","3.44","3.87","0.86","29.21","75.74","5.58","57.69","0.86","25","0.33","0","0.43","0","0.86","2.15","40","1.72","50","1.07","4.94","56.52"
"J. Roche","Switzerland 1.","Lausanne Sport","DMF","24","1500000","2027-06-30","5","409","0","0","Sweden","left","190","8.58","6.16","78.57","1.54","100","0.22","6.54","1.1","0","0.06","0","1.1","40","0","0","0","1.1","60","3.08","57.14","0.44","1.1","0.22","33.01","86","14.08","73.44","2.42","36.36","0","0","0","0","0","7.48","76.47","0.22","100","0.22","6.16","82.14"
"K. Spadanuda","Switzerland 1.","Luzern","LW, LAMF, LWF","28","300000","2026-06-30","7","408","1","1","Switzerland","right","177","5.07","5.07","60.87","2.43","36.36","0.22","2.16","1.99","0.22","0.12","0.22","0.88","50","25","0.88","25","4.63","28.57","12.79","31.03","2.21","2.87","0.66","19.63","79.78","5.96","70.37","0.88","50","0.06","0.22","0.22","0","0.22","1.54","85.71","1.54","57.14","0.88","3.75","76.47"
"A. Baldé","Switzerland 1.","St. Gallen","CF","22","800000","2028-06-30","8","407","2","1","Senegal","right","170","3.98","3.98","61.11","2.65","25","0","2.41","6.63","0.22","0.69","0","3.76","35.29","11.765","3.32","33.33","6.41","65.52","10.17","54.35","5.31","3.1","0.66","11.5","63.46","0.88","50","0.22","0","0.13","0","0","0","0.44","0","0","1.77","50","0.22","1.11","100"
"A. Antunes","Switzerland 1.","Servette","AMF, LW, CF","25","2200000","","7","406","0","0","Switzerland","right","181","5.54","5.99","48.15","4.88","31.82","0","3.24","4.21","0","0.29","0","2.66","50","0","2","33.33","2.88","76.92","10.64","41.67","5.76","2.22","0.22","32.36","76.03","9.53","58.14","1.33","16.67","0.09","0.22","0.22","0","0.44","4.43","70","2.22","30","0.89","4.43","60"
"D. Maleš","Switzerland 1.","Young Boys","RW, RAMF, CF","24","3000000","2027-06-30","7","399","2","0","Switzerland","left","187","3.61","4.96","36.36","0","0","0.45","3.12","2.03","0.45","0.14","0","2.03","33.33","22.222","1.58","28.57","2.26","40","4.51","55","3.38","2.03","0.45","22.56","80","5.19","65.22","2.93","61.54","0","0","0","0","0","3.38","66.67","2.26","50","0.68","4.06","94.44"
"E. Alioski","Switzerland 1.","Lugano","LB","33","2200000","","6","399","0","0","North Macedonia","left","171","7.44","3.61","68.75","1.58","28.57","0.45","7.31","4.06","0","0.13","0","1.35","16.67","0","6.54","34.48","2.26","70","6.09","62.96","2.93","2.03","0","50.75","76","18.95","67.86","5.19","39.13","0.23","0.23","0","0","0.45","8.35","64.86","5.86","42.31","0.45","11.95","75.47"
"A. Saipi","Switzerland 1.","Lugano","GK","25","3000000","2026-06-30","4","396","0","0","Switzerland","right","194","1.82","0","0","0","0","0","2.82","0","0","0","0","0","0","0","0","0","0","0","0.45","100","0","0","0","28.18","86.29","17.27","78.95","11.14","67.35","0.06","0","0","0","0.23","2.73","66.67","0.23","100","0.23","7.05","80.65"
"J. Segura","Switzerland 1.","Zürich","LCB","28","800000","","5","391","1","0","Colombia","left","195","9.44","4.37","63.16","2.76","41.67","0.46","9.07","0.46","0.23","0.08","0","0.46","100","50","0","0","0","0","0.92","50","0.46","0","0","41.66","84.53","17.26","72","6.21","55.56","0","0","0","0","0","4.37","57.89","0.23","0","0","8.52","62.16"
"N. Butler-Oyedeji","Switzerland 1.","Lausanne Sport","CF, LCMF, RCMF","22","100000","","8","391","1","1","England","right","177","4.37","4.37","68.42","2.3","20","0","2.12","2.53","0.23","0.31","0","1.15","40","20","1.84","25","3.68","43.75","13.35","44.83","3.91","1.38","0","21.87","80","6.21","81.48","1.15","60","0.21","0","0","0","0.46","1.38","66.67","1.61","85.71","2.07","3.91","70.59"
"Martim Marques","Switzerland 1.","Lugano","LB, RB, LWB","21","0","","5","389","1","0","Portugal","left","173","4.16","5.55","37.5","1.62","71.43","0","2.47","1.16","0.23","0.14","0","0.93","50","25","1.16","0","0.93","75","2.08","55.56","0.69","1.39","0.69","30.54","76.52","11.34","69.39","4.16","61.11","0.01","0","0","0","0.23","3.93","88.24","1.39","50","0.69","9.25","52.5"
"J. Markelo","Switzerland 1.","Zürich","RW, RWF","22","0","","6","379","1","0","Netherlands","left","171","4.27","3.09","76.92","0.47","0","0","2.5","8.07","0.24","0.31","0","3.09","61.54","7.692","3.09","38.46","8.31","60","20.18","38.82","3.56","5.7","0.95","19.95","73.81","3.56","60","1.19","60","0.07","0","0","0","0.71","1.42","50","2.61","45.45","0.71","3.32","92.86"
"A. El Wafi","Switzerland 1.","Lugano","LCB","21","0","","5","373","0","0","Italy","left","189","10.38","6.27","61.54","3.86","56.25","0.97","9.26","0.24","0","0","0","0","0","0","0","0","0.72","33.33","1.69","57.14","0","0.24","0","47.29","86.73","21.72","75.56","4.34","61.11","0","0","0","0","0","4.1","64.71","0","0","0","7.72","59.38"
"M. Rodić","Switzerland 1.","Zürich","LB","34","1200000","","5","353","0","1","Serbia","left","185","8.41","4.33","76.47","5.1","55","0","8.26","0.25","0","0.01","0","0.76","0","0","0.76","33.33","0","0","0.76","33.33","0.76","0.76","0","35.95","85.82","20.91","82.93","6.63","76.92","0.02","0","0","0","0.25","7.9","74.19","1.27","20","0.25","10.71","90.48"
"G. Sigua","Switzerland 1.","Lausanne Sport","RCMF, LCMF, CF","20","0","2028-06-30","5","344","0","1","Georgia","right","190","7.59","8.11","51.61","2.62","50","0","4.29","1.31","0","0.16","0","1.31","20","0","1.83","0","2.35","44.44","6.8","26.92","2.88","1.05","0.78","24.85","73.68","7.06","62.96","1.05","0","0.16","0","0","0","0.26","1.05","50","2.62","50","1.83","4.19","50"
"B. Beyer","Switzerland 1.","Winterthur","RAMF, CF, RWF","28","0","","5","343","1","0","France","right","184","6.3","7.87","53.33","5.51","33.33","0","2.58","3.15","0.26","0.17","0","1.57","50","16.667","2.1","25","3.15","58.33","13.64","28.85","2.62","1.57","0.26","21.25","67.9","3.94","66.67","1.57","66.67","0.09","0","0","0","0.26","1.84","71.43","0.79","33.33","0.26","1.84","57.14"
"G. Wüthrich","Switzerland 1.","Young Boys","RCB","30","4000000","","4","342","0","0","Switzerland","right","192","11.58","6.05","56.52","5.26","55","1.32","12.35","0.26","0","0","0","0","0","0","0.26","100","0","0","2.63","90","0.53","1.32","0","48.16","87.43","21.84","77.11","6.32","41.67","0.01","0","0","0","0","12.63","66.67","0.53","0","0","8.95","88.24"
"B. Mazikou","Switzerland 1.","Servette","LB, RB","29","1500000","2028-06-30","6","335","0","0","France","right","177","8.06","6.45","62.5","3.22","58.33","0.54","5.11","1.07","0","0.05","0","0.54","0","0","1.34","40","0.54","100","5.64","71.43","1.07","1.61","0","49.7","90.27","18.27","85.29","3.22","83.33","0","0","0","0","0","7.52","85.71","1.34","40","0.27","8.33","80.65"
"T. Bair","Switzerland 1.","Lausanne Sport","CF","26","1000000","","4","328","3","0","Canada","right","191","2.2","1.65","50","5.76","42.86","0.27","1.83","3.84","0.82","0.6","0","3.84","50","21.429","0.82","0","2.47","77.78","9.88","47.22","5.21","1.37","0.27","17.84","75.38","2.2","37.5","0.82","100","0.02","0","0","0","0.27","1.37","60","0.55","50","0.82","1.1","50"
"T. Golliard","Switzerland 1.","Winterthur","AMF, RW, CF","23","0","","7","328","0","0","Switzerland","left","174","5.49","7.13","57.69","2.2","0","0","1.9","2.47","0","0.16","0","2.2","12.5","0","2.47","22.22","2.74","50","10.43","39.47","2.47","1.37","0.27","30.73","70.54","4.39","37.5","0.27","0","0.11","0","0.27","100","0.55","1.92","57.14","1.92","42.86","0.55","2.47","55.56"
"A. Ajdini","Switzerland 1.","Lausanne Sport","CF, LWF","26","1200000","2027-06-30","7","326","0","0","Switzerland","right","180","1.93","2.48","55.56","3.59","23.08","0","0.86","3.59","0","0.1","0","1.66","33.33","0","2.76","10","3.31","66.67","9.39","32.35","4.14","0.55","0","19.88","69.44","5.25","73.68","1.1","25","0.1","0","0.55","100","0.55","1.1","75","4.42","50","1.93","3.31","91.67"
"Tanguy Zoukrou","Switzerland 1.","Young Boys","RCB","22","0","","4","321","0","0","France","","189","8.13","4.49","62.5","2.24","62.5","1.12","7.94","0.56","0","0.05","0","0.28","0","0","0.28","100","0.28","100","0.56","50","0.28","1.12","0","44.58","91.82","14.86","83.02","2.8","40","0","0","0","0","0","3.93","71.43","0.56","0","0","5.61","65"
"T. Zoukrou","Switzerland 1.","Young Boys","RCB","22","1000000","2028-06-30","4","321","0","0","France","right","189","8.13","4.49","62.5","2.24","62.5","1.12","7.94","0.56","0","0.05","0","0.28","0","0","0.28","100","0.28","100","0.56","50","0.28","1.12","0","44.58","91.82","14.86","83.02","2.8","40","0","0","0","0","0","3.93","71.43","0.56","0","0","5.61","65"
"S. Córdova","Switzerland 1.","Young Boys","CF","28","1500000","2027-06-30","6","321","1","1","Venezuela","right","188","1.68","1.96","71.43","10.65","50","0","0.54","1.4","0.28","0.26","0.28","1.4","40","20","1.4","20","0.56","100","5.05","38.89","3.08","1.12","0","12.62","68.89","2.8","80","0.28","0","0.14","0","0","0","0.28","1.12","75","0.84","33.33","0.56","1.12","50"
"A. Arigoni","Switzerland 1.","Grasshopper","RWB","26","800000","","6","316","0","0","Switzerland","right","183","5.98","5.41","52.63","1.42","60","0","4","2.56","0","0.05","0","1.42","40","0","3.13","27.27","1.99","57.14","6.27","40.91","1.42","2.28","0","28.48","70","10.54","70.27","2.85","60","0.06","0","0","0","0.28","4.27","86.67","3.99","42.86","1.14","8.54","86.67"
"S. Cueni","Switzerland 1.","Winterthur","RCMF, LCMF","24","250000","2026-06-30","6","316","0","0","Switzerland","right","180","13.39","9.97","74.29","1.71","50","0.28","5.38","0.85","0","0.07","0","0.57","0","0","0.57","0","1.14","75","6.84","50","0.28","0.57","0","30.19","72.64","9.11","53.13","2.56","44.44","0.01","0","0","0","0","3.13","63.64","1.42","20","0.28","4.27","46.67"
"I. Sauter","Switzerland 1.","Zürich","LCB, LB","24","250000","","6","313","0","0","United States","left","186","10.35","5.46","57.89","4.31","66.67","0.86","11.19","0","0","0.04","0","0.29","0","0","0.29","0","0.29","0","2.01","57.14","0.29","0.86","0","63.26","92.73","23.58","85.37","4.6","62.5","0.01","0","0","0","0","7.19","76","0.58","50","0","9.78","79.41"
"K. Koindredi","Switzerland 1.","Basel","RCMF, AMF, RDMF","23","3000000","2028-06-30","6","310","0","0","Djibouti","left","184","9","5.23","55.56","1.74","66.67","0.29","7.5","1.74","0","0.21","0","1.45","20","0","0.29","0","2.03","71.43","4.35","60","1.74","1.16","0.29","27.58","82.11","8.42","68.97","1.16","50","0.01","0","0.58","0","0","4.06","85.71","0.58","50","0.58","4.94","76.47"
"J. von Moos","Switzerland 1.","Luzern","RAMF, CF, RWF","24","1500000","2027-06-30","4","309","0","1","Switzerland","left","181","3.2","1.75","66.67","4.37","13.33","0","2.34","3.79","0","0.12","0","1.75","33.33","0","0.87","0","3.79","69.23","10.78","29.73","2.91","2.04","0","17.77","67.21","6.41","59.09","0.29","100","0.07","0","0.87","66.67","0.29","0.87","66.67","1.46","60","1.46","2.33","75"
"A. Cigaņiks","Switzerland 1.","Luzern","LB","28","400000","2027-06-30","6","304","0","0","Latvia","left","174","5.63","6.22","47.62","3.26","63.64","0.59","3.75","2.37","0","0","0","0.3","0","0","4.74","43.75","0.59","50","2.07","57.14","1.78","0.89","0","44.7","69.54","18.06","57.38","6.81","30.43","0.06","0","0","0","0.59","4.74","43.75","4.14","42.86","0.59","9.18","64.52"
"D. von Ballmoos","Switzerland 1.","Lugano","GK","30","1500000","2027-06-30","3","303","0","0","Switzerland","right","192","2.38","0","0","0.3","100","0","3.75","0","0","0","0","0","0","0","0","0","0","0","0","0","0","0","0","37.72","91.34","19.9","85.07","13.96","80.85","0","0","0","0","0","1.49","60","0","0","0","12.48","80.95"
"S. Diaby","Switzerland 1.","Winterthur","LB","25","1000000","2027-06-30","5","303","0","0","Côte d'Ivoire","left","173","9.5","7.43","60","2.97","40","0","5.93","1.49","0","0.04","0","0.3","0","0","1.49","40","0.89","100","2.67","66.67","0.59","1.19","0","45.15","75","15.15","56.86","5.94","40","0.08","0","0","0","0.3","7.43","48","2.08","28.57","0.3","10.99","64.86"
"V. Matoshi","Switzerland 1.","Thun","LW, LAMF, RW","22","0","2027-06-30","8","303","1","0","Switzerland","","184","10.1","10.1","64.71","2.38","37.5","0","5.37","2.67","0.3","0.31","0","1.78","33.33","16.667","0.89","100","2.38","37.5","7.43","40","3.27","1.78","0","18.71","66.67","9.21","58.06","4.46","66.67","0.06","0","0.3","100","0.3","3.56","58.33","1.78","66.67","0.59","5.05","76.47"
"O. Doumbia","Switzerland 1.","Lugano","RB, LCMF","33","500000","2026-06-30","6","302","1","0","Côte d'Ivoire","right","174","5.66","6.56","40.91","1.49","60","0.6","3.86","0.3","0.3","0.09","0.3","0.6","50","50","0.89","0","0","0","2.98","30","1.49","0.89","0.3","27.12","82.42","7.45","60","2.68","33.33","0","0","0","0","0","2.38","50","1.19","0","0","2.38","50"
"A. Virginius","Switzerland 1.","Young Boys","RW, LW","22","3500000","2027-06-30","7","297","1","0","France","right","180","4.55","3.94","61.54","2.73","22.22","0","3.28","3.64","0.3","0.49","0","2.42","37.5","12.5","3.33","18.18","4.55","46.67","8.79","31.03","4.24","2.42","0","23.94","68.35","6.67","63.64","0.61","0","0.03","0","0","0","0.3","1.21","50","3.64","33.33","0.91","3.64","66.67"
"M. Bottani","Switzerland 1.","Lugano","LAMF, LW, AMF","34","200000","","6","297","0","0","Switzerland","right","170","4.85","5.76","52.63","2.12","0","0","2.63","2.12","0","0.39","0","2.42","25","0","2.42","12.5","2.12","57.14","6.97","43.48","4.85","3.64","0.91","32.12","77.36","6.06","60","1.52","40","0.13","0","0","0","0.91","1.82","66.67","3.64","58.33","2.12","2.42","75"
"A. Gigović","Switzerland 1.","Young Boys","LCMF, RCMF, CF","23","2000000","","4","296","0","0","Sweden","right","187","6.08","6.39","38.1","1.82","0","0","5.54","0.91","0","0.02","0","1.22","0","0","0.61","50","0.61","100","7.6","52","0.61","0.61","0.3","32.23","87.74","8.82","79.31","1.82","50","0.03","0","0","0","0","3.04","90","1.82","33.33","0.61","4.86","81.25"
"N. Volken","Switzerland 1.","Zürich","LB","18","0","","5","294","0","0","Switzerland","unknown","0","10.41","8.27","70.37","0.31","0","0.31","7.5","1.22","0","0.01","0","0.61","50","0","1.22","50","1.22","25","5.2","47.06","0.31","0.92","0.31","43.78","87.41","15.92","73.08","2.45","50","0","0","0","0","0","4.9","87.5","0.92","66.67","0","9.8","68.75"
"N. Dussenne","Switzerland 1.","Lausanne Sport","RCB, LCB","33","400000","2026-06-30","3","294","0","0","Belgium","right","192","10.41","8.88","62.07","6.73","59.09","0.61","8.57","0.61","0","0.06","0","0.61","50","0","0.61","0","0.61","50","3.98","38.46","2.45","0.92","0","41.02","82.84","23.57","80.52","8.57","71.43","0","0","0","0","0","9.18","76.67","0.92","100","0.61","11.94","92.31"
"S. Mráz","Switzerland 1.","Servette","CF, AMF","28","450000","","6","293","3","0","Slovakia","right","183","0.92","0.61","0","4.3","50","0","1.22","2.46","0.92","0.64","0.31","3.69","50","25","0.61","0","0.31","100","2.15","57.14","4.91","0.31","0","17.51","85.96","2.46","75","0.61","50","0.08","0","0.31","100","0","0.61","50","1.23","75","1.23","1.84","66.67"
"L. Sahitaj","Switzerland 1.","Winterthur","RCB, RB, RWB","21","0","","3","291","0","0","Switzerland","right","185","12.99","11.13","69.44","9.9","65.63","0.62","5.68","0","0","0.25","0","1.24","0","0","1.24","0","0.31","0","3.09","20","2.16","0.62","0.31","26.29","70.59","11.44","54.05","2.47","50","0","0","0","0","0","1.55","40","0.31","0","0","4.64","46.67"
"L. Watkowiak","Switzerland 1.","St. Gallen","GK","29","200000","","3","290","0","0","Germany","right","197","0.31","0","0","0","0","0","0.41","0","0","0","0","0","0","0","0","0","0","0","0","0","0","0","0","25.14","76.54","17.69","66.67","16.14","65.38","0","0","0","0","0","4.03","23.08","0.31","0","0","11.17","86.11"
"L. Srdanovic","Switzerland 1.","Servette","RB","19","0","","4","286","0","0","Switzerland","right","180","6.92","8.5","55.56","2.83","55.56","0","2.95","6.61","0","0.01","0","0.94","33.33","0","5.98","52.63","5.66","55.56","8.81","46.43","0.94","3.46","0.63","38.39","68.03","14.48","60.87","6.29","45","0.08","0","0","0","0.31","3.78","58.33","4.09","53.85","0.31","12.27","58.97"
