"Player","League","Team","Position","Age","Market value","Contract expires","Matches played","Minutes played","Goals","Assists","Birth country","Foot","Height","Successful defensive actions per 90","Defensive duels per 90","Defensive duels won, %","Aerial duels per 90","Aerial duels won, %","Shots blocked per 90","PAdj Interceptions","Successful attacking actions per 90","Non-penalty goals per 90","xG per 90","Head goals per 90","Shots per 90","Shots on target, %","Goal conversion, %","Crosses per 90","Accurate crosses, %","Dribbles per 90","Successful dribbles, %","Offensive duels per 90","Offensive duels won, %","Touches in box per 90","Progressive runs per 90","Accelerations per 90","Passes per 90","Accurate passes, %","Forward passes per 90","Accurate forward passes, %","Long passes per 90","Accurate long passes, %","xA per 90","Second assists per 90","Smart passes per 90","Accurate smart passes, %","Key passes per 90","Passes to final third per 90","Accurate passes to final third, %","Passes to penalty area per 90","Accurate passes to penalty area, %","Deep completions per 90","Progressive passes per 90","Accurate progressive passes, %"
"C. Klarer","England 2.","Birmingham City","LCB, RCB","25","3000000","2027-06-30","9","915","0","0","Austria","right","191","8.26","5.7","75.86","8.07","65.85","0.3","6.43","0.49","0","0.02","0","0.2","0","0","0.1","100","0.3","100","1.38","42.86","0.39","1.87","0","66.2","89.9","22.62","76.52","6.69","42.65","0.03","0","0.1","100","0","7.67","61.54","0.98","30","0.2","7.48","72.37"
"J. Widell Zetterström","England 2.","Derby County","GK","27","2500000","","9","910","0","0","Sweden","right","197","0.99","0.2","100","0.4","100","0","1","0","0","0","0","0","0","0","0","0","0","0","0.3","100","0","0","0","24.13","85.66","14.04","77.46","11.47","72.41","0","0","0","0","0","5.64","64.91","0.4","25","0","9.3","90.43"
"M. Clarke","England 2.","Derby County","LCB, CB","29","2500000","","9","910","1","0","England","left","185","9.3","3.76","76.32","5.04","49.02","0.59","7.15","0.2","0.1","0.03","0.1","0.3","33.33","33.333","0.2","50","0","0","1.38","35.71","0.79","0.1","0","41.24","82.97","16.62","68.45","7.32","51.35","0","0","0","0","0","4.85","42.86","0.69","42.86","0.3","7.02","67.61"
"М. Cleworth","England 2.","Wrexham","RCB","23","150000","2027-06-30","9","909","0","2","England","right","191","8.02","5.45","78.18","3.86","48.72","0.4","3.82","0.4","0","0.09","0","0.5","20","0","0.5","60","0","0","0.99","20","0.5","0.4","0","45.15","84.87","23.07","79.4","6.73","58.82","0.04","0","0","0","0.1","6.83","69.57","1.29","38.46","0.3","9.6","67.01"
"L. O'Brien","England 2.","Wrexham","LCMF, AMF","26","5000000","2026-06-30","9","909","3","2","England","left","173","6.24","4.85","67.35","1.39","50","0.2","3.15","1.39","0.3","0.19","0.1","0.99","70","30","0.4","50","1.19","41.67","5.25","35.85","1.39","0.99","0.4","26.04","81.75","5.94","65","0.99","10","0.13","0","0.1","0","0.2","2.97","73.33","0.4","50","0.3","2.67","48.15"
"G. Dobson","England 2.","Wrexham","RCMF","27","500000","2027-06-30","9","909","1","0","England","right","185","8.22","6.63","67.16","2.28","43.48","0.59","3.6","1.29","0.1","0.07","0.1","0.5","60","20","0.79","50","0.79","62.5","3.07","41.94","0.69","0.79","0","42.77","84.26","14.36","70.34","5.05","58.82","0.05","0","0.1","100","0.1","9.41","69.47","2.28","60.87","0.99","7.52","77.63"
"L. Vigouroux","England 2.","Swansea City","GK","31","300000","","9","908","0","0","England","left","194","1.09","0","0","0.59","66.67","0","1.72","0.1","0","0","0","0","0","0","0","0","0.1","100","0.5","60","0","0","0","26.86","88.56","11.5","75.86","7.33","63.51","0","0","0","0","0","2.18","50","0","0","0","5.06","68.63"
"C. Burgess","England 2.","Swansea City","LCB","29","1500000","","9","908","0","0","Scotland","left","194","8.82","3.37","64.71","7.63","62.34","0.89","10.16","0","0","0.12","0","0.79","0","0","0","0","0.1","0","0.5","40","0.99","0.1","0","73.55","85.98","35.88","75.14","10.61","54.21","0","0","0","0","0","9.02","60.44","0.79","12.5","0.1","13.28","72.39"
"J. Tymon","England 2.","Swansea City","LB","26","3200000","2026-06-30","9","908","0","1","England","left","178","6.84","6.05","54.1","2.28","26.09","0","5.47","1.69","0","0.01","0","0.3","33.33","0","3.27","33.33","1.09","45.45","3.07","38.71","0.89","2.08","1.09","40.94","81.36","15.76","75.47","3.37","44.12","0.19","0","0","0","0.4","5.15","75","2.68","48.15","0.5","7.83","72.15"
"H. Darling","England 2.","Norwich City","CB, LCB, RCB","26","2000000","","9","905","1","0","England","right","180","6.76","3.38","64.71","4.48","51.11","1.09","6.11","0.7","0.1","0.07","0.1","0.7","28.57","14.286","0.2","50","0.4","100","1.39","78.57","0.8","0.3","0","51.31","89.53","17.3","75.29","4.97","52","0.04","0.1","0","0","0","5.47","69.09","0.7","28.57","0.1","6.36","68.75"
"V. Kovačević","England 2.","Norwich City","GK","27","6000000","2029-06-30","9","905","0","0","Bosnia and Herzegovina","right","192","1.79","0","0","0.8","100","0","2.44","0.1","0","0","0","0","0","0","0","0","0.1","100","0.3","66.67","0","0","0.1","27.94","87.9","14.22","77.62","7.56","61.84","0","0","0","0","0","1.69","17.65","0.1","0","0","5.07","78.43"
"C. Morris","England 2.","Derby County","CF, AMF","29","13000000","","9","901","4","0","England","right","185","3.4","2","65","11.69","46.15","0.2","2.67","1.5","0.2","0.36","0","1.1","54.55","36.364","0.6","50","1.2","50","9.79","28.57","2.3","0.5","0","18.88","76.72","3.9","53.85","0.4","25","0.08","0","0","0","0.2","1.6","56.25","0.9","66.67","0.3","1.7","58.82"
"V. Johansson","England 2.","Stoke City","GK","27","2800000","","9","899","0","0","Sweden","right","187","1.3","0","0","0.7","71.43","0","1.97","0","0","0","0","0","0","0","0","0","0","0","0.4","50","0","0","0","28.93","83.74","16.22","72.84","10.31","60.19","0","0","0","0","0","3.3","42.42","0.2","0","0","7.71","72.73"
"B. Wilmot","England 2.","Stoke City","LCB","25","4800000","2026-06-30","9","899","0","0","England","right","188","5.51","2.4","79.17","6.01","63.33","0.2","5.3","0.1","0","0.01","0","0.4","0","0","0","0","0.2","50","0.7","42.86","0.8","0.2","0","53.96","89.05","16.02","70","7.31","50.68","0","0.1","0","0","0","4.71","48.94","1.1","45.45","0.4","6.41","64.06"
"J. Cooper","England 2.","Millwall","LCB","30","3000000","","9","899","1","1","England","left","193","6.41","2.9","65.52","7.61","64.47","0.5","6.14","0.5","0.1","0.16","0","0.8","50","12.5","0.1","0","0","0","0.9","44.44","1.3","0.2","0","44.45","83.11","22.73","74.01","8.01","55","0","0","0.1","100","0","6.81","60.29","0.6","33.33","0.4","9.91","77.78"
"S. Benda","England 2.","Millwall","GK","27","1000000","2026-06-30","9","899","0","0","Germany","right","192","1.5","0.2","50","0.3","33.33","0","1.91","0","0","0","0","0","0","0","0","0","0","0","0.5","80","0","0","0","15.82","81.65","9.61","73.96","7.61","65.79","0","0","0","0","0","1.9","73.68","0","0","0","6.71","73.13"
"C. Rushworth","England 2.","Coventry City","GK","24","3000000","2027-06-30","9","897","0","0","England","left","191","1.3","0","0","0.4","100","0","1.95","0","0","0","0","0","0","0","0","0","0","0","0","0","0","0","0","24.88","81.45","14.05","70","9.83","58.16","0.04","0","0","0","0.1","3.71","45.95","0.4","25","0.1","6.02","80"
"B. Thomas","England 2.","Coventry City","RCB","24","2500000","2027-06-30","9","897","2","1","England","right","186","6.62","2.71","51.85","6.72","59.7","1","7.65","0.7","0.2","0.22","0.2","1.2","41.67","16.667","0.6","16.67","0.2","50","1.4","71.43","2.31","1.1","0","47.76","84.45","20.17","70.65","7.73","48.05","0.06","0.1","0","0","0.2","8.93","64.04","2.21","45.45","1","9.13","79.12"
"T. Iwata","England 2.","Birmingham City","RCMF, RDMF, RB","28","1200000","2027-06-30","9","895","0","0","Japan","right","176","7.34","5.93","76.27","2.11","61.9","0","4.46","1.31","0","0.01","0","0.6","16.67","0","1.81","50","0.4","50","2.01","45","0.6","0.7","0","43.54","83.6","12.17","71.07","3.52","51.43","0.07","0","0.1","100","0.4","5.13","70.59","2.82","53.57","0.7","6.23","77.42"
"J. Vestergaard","England 2.","Leicester City","LCB","33","3000000","2027-06-30","9","894","2","0","Denmark","right","199","6.34","2.32","82.61","4.93","61.22","0.3","6.31","0.7","0.2","0.16","0.1","0.91","44.44","22.222","0","0","0.3","100","0.91","66.67","1.11","0.81","0","62.62","92.12","26.38","85.88","5.84","62.07","0","0.1","0","0","0","6.64","77.27","0.3","66.67","0.3","9.46","75.53"
"J. Stolarczyk","England 2.","Leicester City","GK","24","400000","","9","894","0","0","Poland","right","194","1.01","0.1","0","0.5","100","0","1.54","0","0","0","0","0","0","0","0","0","0","0","0.1","100","0","0","0","21.95","90.83","11.48","83.33","4.73","59.57","0","0","0","0","0","1.91","47.37","0.1","0","0","3.83","78.95"
"S. Thomas","England 2.","Stoke City","LAMF, LW, RAMF","26","4200000","","9","894","3","3","England","right","185","4.63","3.22","78.13","1.61","25","0","3.18","6.04","0.3","0.23","0","1.51","53.33","20","6.34","22.22","5.64","66.07","10.77","45.79","2.72","4.13","1.01","26.07","60.23","6.14","55.74","2.11","33.33","0.39","0.1","0.1","100","0.6","2.72","74.07","6.24","25.81","0.91","5.13","76.47"
"M. Lowe","England 2.","Sheffield Wednesday","LCB","28","2500000","","9","893","0","0","England","left","175","9.88","7.16","50.7","2.62","57.69","0.81","7.89","0.81","0","0","0","0.1","0","0","0.91","44.44","0.4","100","1.41","50","0.3","1.11","0","37.69","78.88","17.54","66.67","5.85","39.66","0.07","0","0","0","0.2","5.64","58.93","1.71","23.53","0.1","8.26","60.98"
"R. Poole","England 2.","Portsmouth","RCB, LCB","27","500000","","9","893","0","0","Wales","right","180","9.17","4.84","70.83","5.24","48.08","0.81","6.61","0.5","0","0.05","0","0.3","33.33","0","0.5","20","0.3","100","1.51","53.33","0.5","0.71","0.1","48.28","83.72","18.75","70.97","5.95","49.15","0.02","0","0.1","0","0","5.85","62.07","0.6","16.67","0","8.47","63.1"
"T. Kaminski","England 2.","Charlton Athletic","GK","32","3000000","2028-06-30","9","892","0","0","Belgium","right","190","1.92","0.1","100","0.5","80","0","2.48","0.1","0","0","0","0","0","0","0","0","0.1","100","0.2","100","0","0","0","16.45","91.41","9.28","84.78","6.66","80.3","0","0","0","0","0","2.22","68.18","0","0","0","5.35","92.45"
"S. Brynn","England 2.","Middlesbrough","GK","24","275000","2028-06-30","9","891","0","0","England","right","184","1.21","0","0","0.91","100","0","1.54","0","0","0","0","0","0","0","0","0","0","0","0.2","50","0","0","0","16.46","80.98","8.79","65.52","5.45","48.15","0","0","0","0","0","1.92","26.32","0.4","0","0","3.23","65.63"
"I. Pandur","England 2.","Hull City","GK","25","2000000","2027-06-30","9","890","0","0","Croatia","right","187","1.92","0","0","0.51","100","0","2.49","0","0","0","0","0","0","0","0","0","0","0","0.1","100","0","0","0","27.2","85.87","14.87","76.19","11.63","70.43","0","0","0","0","0","3.03","56.67","0.1","0","0","10.11","77"
"M. Helik","England 2.","Oxford United","RCB, CB, LCB","30","2200000","","9","890","0","2","Poland","right","191","9.71","5.56","72.73","7.89","62.82","0.81","6.34","0.4","0","0.06","0","0.61","16.67","0","0.3","66.67","0.1","100","0.61","83.33","1.42","0.1","0.1","29.63","80.2","12.13","65","4.25","28.57","0.19","0","0","0","0.51","3.84","50","0.3","33.33","0.51","6.37","52.38"
"J. Cumming","England 2.","Oxford United","GK","26","1000000","","9","890","0","0","England","right","185","1.62","0.1","100","1.01","90","0","1.83","0","0","0","0","0","0","0","0","0","0","0","0","0","0","0","0","19.52","81.35","12.64","72","10.21","67.33","0","0","0","0","0","3.03","53.33","0.2","50","0.1","7.69","73.68"
"R. Vítek","England 2.","Bristol City","GK","21","300000","2028-06-30","9","887","0","0","Czech Republic","right","198","1.22","0","0","0.91","100","0","1.67","0","0","0","0","0","0","0","0","0","0","0","0.2","100","0","0","0","19.79","75.9","11.77","61.21","8.62","47.06","0","0","0","0","0","2.74","51.85","0.41","0","0","5.78","68.42"
"Z. Vyner","England 2.","Bristol City","RCB, CB, LCMF","28","2800000","2026-06-30","9","887","0","0","England","right","178","7.31","5.48","68.52","4.06","52.5","0.51","4.88","0.41","0","0.05","0","0.51","0","0","0.91","33.33","0.2","50","1.62","31.25","0.51","0.41","0.3","42.31","79.62","17.86","64.2","6.19","39.34","0.01","0","0","0","0.1","7.81","58.44","1.72","35.29","0.2","9.54","65.96"
"B. Cabango","England 2.","Swansea City","RCB","25","9000000","2028-06-30","9","886","0","0","Wales","right","188","8.94","5.49","79.63","4.98","40.82","1.22","6.98","0.2","0","0","0","0.2","0","0","0","0","0.2","100","1.32","46.15","0.1","0.81","0","58.92","88.28","27.02","80.08","7.42","53.42","0","0","0","0","0","6.5","73.44","0.41","0","0","11.07","72.48"
"M. Cooper","England 2.","Sheffield United","GK","26","0","","9","886","0","0","England","right","186","1.52","0.3","66.67","0.41","75","0","1.96","0.1","0","0","0","0","0","0","0","0","0.1","100","0.2","100","0","0","0","24.28","81.17","13.61","68.66","8.63","50.59","0","0","0","0","0","3.66","41.67","0.61","33.33","0.2","5.49","68.52"
"N. Phillips","England 2.","West Bromwich Albion","RCB","28","3500000","","9","885","1","0","England","right","190","8.24","3.76","72.97","6.61","60","0.71","6.31","0.51","0.1","0.16","0","1.22","33.33","8.333","0.2","50","0.1","0","1.02","50","1.32","0.41","0","61.53","88.76","21.05","71.98","7.83","57.14","0","0","0","0","0","4.17","70.73","0.41","25","0","9.76","67.71"
"J. Griffiths","England 2.","West Bromwich Albion","GK","24","1000000","2027-06-30","9","885","0","0","England","right","198","0.92","0","0","0.1","100","0","1.16","0","0","0","0","0","0","0","0","0","0","0","0","0","0","0","0","22.47","85.07","11.59","71.93","7.63","58.67","0","0","0","0","0","3.05","53.33","0.1","0","0","5.08","74"
"D. Iversen","England 2.","Preston North End","GK","28","3000000","","9","884","0","1","Denmark","right","193","2.75","0","0","0.61","83.33","0","3.46","0","0","0","0","0","0","0","0","0","0","0","0","0","0","0","0","28.3","78.42","17.82","69.14","12.93","55.91","0.04","0","0","0","0.1","7.13","54.29","0.71","14.29","0.1","8.96","78.41"
"B. Whiteman","England 2.","Preston North End","DMF","29","2800000","","9","884","0","1","England","right","185","9.77","5.8","64.91","2.34","52.17","1.12","6.28","0.71","0","0.03","0","1.02","10","0","0.92","55.56","0.61","0","1.83","22.22","0.31","0.61","0","39.91","77.55","18.63","66.67","6.82","58.21","0.15","0","0.2","50","0.41","9.47","66.67","3.05","53.33","1.22","9.47","75.27"
"A. Palmer","England 2.","Ipswich Town","GK","29","1200000","2026-06-30","9","883","0","0","England","right","191","1.73","0.1","100","0.31","100","0","2.86","0","0","0","0","0","0","0","0","0","0","0","0","0","0","0","0","26.6","93.1","10.5","86.41","5.2","68.63","0","0","0","0","0","1.12","63.64","0.1","0","0","3.77","72.97"
"D. O'Shea","England 2.","Ipswich Town","RCB","26","0","2029-06-30","9","883","0","1","Republic of Ireland","right","188","6.93","3.36","75.76","6.01","57.63","0.51","7.68","0.51","0","0.05","0","0.71","28.57","0","0","0","0.41","75","1.22","58.33","1.22","1.22","0.1","57.38","85.61","23.34","72.93","9.58","52.13","0.01","0","0","0","0.1","8.36","63.41","0.31","33.33","0.2","10.09","71.72"
"A. Jones","England 2.","Middlesbrough","LCB","28","4000000","2026-06-30","9","882","1","0","England","right","191","6.84","3.16","77.42","3.37","45.45","1.12","4.89","0.31","0.1","0.06","0","0.31","66.67","33.333","0","0","0.2","50","1.02","60","0.31","0.2","0","44.59","90.39","17.96","78.41","3.78","40.54","0","0","0","0","0","3.37","54.55","0.41","50","0.2","4.29","47.62"
"M. Grimes","England 2.","Coventry City","LDMF, RDMF, DMF","30","7000000","2027-06-30","9","882","0","1","England","left","178","6.84","5.2","74.51","2.35","39.13","0.1","3.98","0.82","0","0.01","0","0.51","0","0","1.63","50","0","0","1.53","53.33","0.2","1.43","0.1","63.47","90.35","24.18","83.12","5","57.14","0.36","0.2","0","0","0.31","9.59","78.72","2.35","60.87","0.82","9.18","82.22"
"J. Key","England 2.","Swansea City","RB","25","800000","2026-06-30","9","882","0","0","England","right","178","8.06","7.45","53.42","3.06","43.33","0.1","6.19","2.04","0","0.03","0","0.51","0","0","3.57","34.29","1.33","61.54","3.47","50","0.92","2.96","0.61","45.41","79.78","15.82","69.03","3.67","33.33","0.06","0","0","0","0.41","5.1","76","3.47","35.29","0.2","8.06","68.35"
"L. Jones","England 2.","Charlton Athletic","RCB, CB","30","250000","","9","880","0","1","England","right","191","9.31","6.34","67.74","12.27","62.5","0.72","6.67","0.41","0","0.14","0","0.92","44.44","0","0.1","0","0","0","1.13","81.82","1.43","0.61","0","31.5","80.19","14.52","62.68","6.75","48.48","0","0","0","0","0","3.68","50","0.41","0","0.2","6.65","64.62"
"S. Ingelsson","England 2.","Sheffield Wednesday","LCMF, AMF","27","900000","2026-06-30","9","879","0","0","Sweden","left","189","6.55","5.84","47.37","3.48","11.76","0.61","4.29","2.35","0","0.05","0","0.51","40","0","2.87","28.57","1.95","68.42","6.76","37.88","1.33","0.82","0.51","24.57","72.92","7.99","62.82","1.43","14.29","0.07","0","0.1","0","0.41","2.97","58.62","3.17","41.94","0.41","3.58","68.57"
"R. Giles","England 2.","Hull City","LB","25","4500000","2027-06-30","9","877","0","4","England","left","179","5.95","4.82","48.94","0.82","50","0.21","4.63","3.49","0","0.01","0","0.21","0","0","5.54","48.15","1.03","80","1.85","55.56","0.62","1.74","0","32.02","70.83","12.21","65.55","5.03","44.9","0.19","0","0","0","1.03","3.69","66.67","4.72","54.35","0.21","8.21","68.75"
"A. Mehmeti","England 2.","Bristol City","AMF, LWF","24","0","2026-06-30","9","877","4","3","England","right","180","5.03","5.13","54","1.13","27.27","0","2.96","5.23","0.41","0.43","0","2.46","29.17","16.667","2.98","34.48","5.95","55.17","12.93","37.3","4.41","2.67","0.62","22.17","71.3","7.49","60.27","1.54","26.67","0.25","0","0.31","66.67","0.82","2.36","65.22","3.28","46.88","1.64","4.52","70.45"
"B. Tóth","England 2.","Blackburn Rovers","GK","28","700000","2027-06-30","9","876","0","0","Hungary","right","189","1.13","0.1","100","0.41","50","0","1.36","0","0","0","0","0","0","0","0","0","0","0","0","0","0","0","0","24.35","83.12","14.08","74.45","9.55","63.44","0","0","0","0","0","2.47","58.33","0.1","0","0","7.71","64"
"J. Storey","England 2.","Preston North End","RCB","28","3800000","","9","875","1","0","England","right","188","8.02","6.38","58.06","5.86","73.68","0.51","4.91","0.72","0.1","0.04","0.1","0.51","60","20","0.62","33.33","0.21","100","1.65","62.5","0.72","1.23","0.1","32.71","76.73","17.79","68.21","6.58","43.75","0.04","0","0","0","0.21","4.73","52.17","1.23","25","0.31","6.89","59.7"
"L. Gibson","England 2.","Preston North End","CB, LCB","25","1800000","","9","873","0","0","England","left","185","8.97","5.26","74.51","4.02","61.54","0.62","6","0.52","0","0.09","0","0.62","50","0","0.31","0","0.1","100","1.44","35.71","0.82","0.72","0","44.43","82.37","16.29","64.56","5.98","36.21","0","0","0.1","100","0","5.05","44.9","0.31","66.67","0.31","6.49","49.21"
"C. Brannagan","England 2.","Oxford United","LCMF, LDMF","29","500000","","9","872","2","0","England","right","180","6.71","5.68","63.64","0.41","25","0.52","3.35","1.65","0.21","0.08","0","1.75","35.29","11.765","1.44","21.43","1.34","53.85","3.82","54.05","1.14","0.62","0.21","37.67","81.64","11.97","68.1","4.95","47.92","0.04","0","0","0","0","7.43","69.44","1.75","52.94","0.52","6.71","72.31"
"A. Dozzell","England 2.","Portsmouth","LDMF, LCMF","26","1200000","2026-06-30","9","871","1","0","England","left","178","7.23","4.34","57.14","2.07","60","0.52","6.19","1.14","0.1","0.03","0","0.52","20","20","1.24","50","1.24","33.33","2.58","32","1.03","0.93","0.1","33.07","85.63","9.2","67.42","2.79","40.74","0.01","0.1","0","0","0.1","5.68","69.09","1.55","46.67","0.31","4.34","85.71"
"Y. Valery","England 2.","Sheffield Wednesday","RCMF, RWB, RCB","26","2000000","","9","868","0","1","France","right","185","7.67","6.01","58.62","4.25","39.02","0.21","5.18","2.28","0","0.12","0","0.93","22.22","0","1.35","46.15","2.49","58.33","7.57","45.21","2.07","1.66","0","26.03","75.7","9.33","66.67","2.8","40.74","0.06","0","0.1","0","0.52","2.9","67.86","1.04","50","0.31","5.18","56"
"C. Coventry","England 2.","Charlton Athletic","RDMF, DMF, LCMF","25","1500000","","9","868","0","0","England","right","177","8.71","6.95","61.19","2.7","42.31","0.41","5.72","0.93","0","0.06","0","0.52","20","0","1.56","40","0.52","40","2.38","43.48","1.24","0.41","0","34.22","78.48","13.38","61.24","6.43","46.77","0.12","0.1","0.1","0","0.21","7.57","63.01","2.7","53.85","1.24","7.67","82.43"
"D. Iorfa","England 2.","Sheffield Wednesday","RCB, CB","30","400000","2026-06-30","9","867","1","0","England","right","188","9.97","5.92","73.68","9.86","62.11","0.52","7.33","0.52","0.1","0.06","0.1","0.52","60","20","0","0","0.31","66.67","1.56","53.33","0.83","0.1","0","30.1","82.07","11.21","60.19","3.32","31.25","0","0","0","0","0.1","1.97","52.63","0.21","50","0.21","4.36","47.62"
"T. Crama","England 2.","Millwall","RCB, RB","23","175000","","9","867","0","1","France","right","192","10.07","6.23","68.33","6.23","70","0.73","7.53","1.45","0","0.01","0","0.31","0","0","1.76","58.82","1.04","40","2.49","33.33","1.97","1.35","0.1","39.03","79.26","17.44","67.26","6.54","39.68","0.14","0","0","0","0.73","5.81","64.29","1.56","66.67","0.52","9.45","65.93"
"C. Bishop","England 2.","Portsmouth","CF","28","700000","","9","866","1","0","England","right","183","3.53","2.08","55","13.93","38.81","0.21","3.21","1.25","0.1","0.3","0.1","1.35","61.54","7.692","0.52","40","0.21","50","6.55","19.05","2.49","0.42","0","13.3","63.28","3.85","48.65","0.42","25","0.02","0","0.1","100","0","2.6","52","0.94","44.44","0.21","1.25","58.33"
"L. Ayling","England 2.","Middlesbrough","RCB","34","1000000","2026-06-30","9","865","0","2","England","right","185","7.49","4.68","75.56","2.91","53.57","0.52","4.83","1.04","0","0.03","0","0.42","25","0","1.25","25","0.52","100","2.91","53.57","0.31","1.56","0.31","59.31","85.26","28.3","77.94","8.43","51.85","0.03","0","0.1","100","0.21","9.47","69.23","2.08","40","0.62","12.49","77.5"
"S. Charles","England 2.","Southampton","LCMF, LDMF","21","0","","9","864","0","0","England","right","189","7.92","5.73","60","2.92","39.29","0.52","6.65","1.04","0","0.07","0","0.94","11.11","0","0.31","0","1.77","52.94","7.6","54.79","1.04","0.73","0","46.56","86.35","15.83","73.68","2.5","45.83","0.08","0","0","0","0.42","6.88","77.27","2.08","45","0.83","6.25","80"
"M. van Ewijk","England 2.","Coventry City","RB","25","0","","9","863","0","5","Netherlands","right","175","8.97","6.88","63.64","1.56","46.67","0","5.97","2.19","0","0.04","0","0.63","16.67","0","3.65","34.29","2.19","38.1","4.59","22.73","1.67","0.73","0.1","32.02","73.94","11.37","59.63","3.34","18.75","0.16","0","0","0","0.83","4.8","63.04","2.5","50","0.63","7.61","72.6"
"G. Docherty","England 2.","Charlton Athletic","LCMF, LDMF, AMF","29","900000","2027-06-30","9","862","0","2","Scotland","right","177","7.83","5.43","63.46","3.34","56.25","0.63","5.8","0.52","0","0.07","0","1.04","20","0","0.52","20","0.63","33.33","3.13","23.33","2.4","0.31","0.21","23.39","71.43","9.71","50.54","3.55","38.24","0.05","0","0","0","0.42","3.76","38.89","1.36","53.85","1.04","3.24","61.29"
"Josh Sargent","England 2.","Norwich City","CF","25","0","2028-06-30","9","862","5","0","United States","right","185","3.24","1.98","47.37","7.41","49.3","0.21","3.16","2.19","0.42","0.41","0.1","2.61","40","20","0.52","40","1.67","56.25","6.26","30","2.82","0.73","0.42","10.34","76.77","1.36","30.77","0.52","60","0.03","0.1","0","0","0","0.94","44.44","0.42","50","0.1","0.84","37.5"
"J. Molumby","England 2.","West Bromwich Albion","RDMF, RCMF, AMF","26","3000000","2028-06-30","9","858","0","0","Republic of Ireland","right","176","6.61","5.45","55.77","2.41","43.48","0.1","3.64","0.52","0","0.07","0","0.73","28.57","0","0.31","0","0.63","33.33","5.14","28.57","0.73","1.26","0.1","48.67","91.16","12.27","79.49","2.73","50","0.03","0","0.1","100","0.31","6.82","80","1.26","33.33","0.42","5.45","80.77"
"S. Tronstad","England 2.","Blackburn Rovers","RDMF, LDMF, RCMF","30","2000000","2026-06-30","9","857","0","0","Norway","right","174","7.46","6.2","61.02","2.42","47.83","0.21","3.73","0.32","0","0.05","0","1.05","10","0","0.32","66.67","0.32","0","2.84","33.33","0.42","0.32","0","46.31","90.25","15.96","86.18","4.62","63.64","0","0","0","0","0","5.88","85.71","0.95","44.44","0.21","6.09","81.03"
"S. Peck","England 2.","Sheffield United","DMF, RDMF, LCMF","21","0","2028-06-30","9","856","0","0","England","","0","9.25","5.89","67.86","5.36","41.18","0.32","6.89","1.37","0","0.17","0","1.16","27.27","0","0.84","0","1.79","58.82","6.1","41.38","1.16","1.58","0.21","49.1","84.8","16.4","70.51","4.21","40","0.03","0","0","0","0.11","7.99","76.32","1.47","42.86","0.53","6.62","74.6"
"B. Bannan","England 2.","Sheffield Wednesday","DMF, LCMF","35","250000","","9","854","2","2","Scotland","left","170","7.59","3.58","76.47","0.32","33.33","0.74","4.84","1.9","0.21","0.07","0","1.16","45.45","18.182","2","52.63","0.95","33.33","2.63","24","0.63","0.11","0","45.63","83.14","18.44","73.14","6.32","53.33","0.28","0","0.11","0","0.74","9.7","67.39","3.79","44.44","0.84","10.64","85.15"
"L. Kitching","England 2.","Coventry City","LCB","26","3800000","2027-06-30","9","854","0","0","England","left","191","7.17","3.58","61.76","5.8","49.09","0.42","7.42","0.42","0","0.11","0","0.74","42.86","0","0","0","0.21","50","0.84","37.5","1.05","1.69","0.11","47.53","86.03","20.66","75","5.8","52.73","0","0.11","0","0","0","6.01","59.65","0.84","62.5","0.63","7.27","68.12"
"H. Hackney","England 2.","Middlesbrough","LCMF, RCMF, AMF","23","0","2027-06-30","9","850","1","2","England","right","178","6.99","5.19","63.27","1.16","36.36","0.21","4.27","2.54","0.11","0.04","0","1.38","15.38","7.692","2.01","31.58","4.02","39.47","9.32","31.82","1.69","2.54","0.53","56.01","86.39","17.58","78.92","1.8","47.06","0.14","0","0.32","33.33","0.42","6.04","70.18","3.28","35.48","0.95","5.19","83.67"
"L. Davis","England 2.","Ipswich Town","LB","25","9000000","2028-06-30","9","849","0","1","England","left","180","4.98","3.92","59.46","3.39","62.5","0.11","4.39","3.07","0","0.03","0","0.85","37.5","0","3.39","28.13","2.12","70","4.66","54.55","1.27","2.01","0.64","33.39","75.56","12.51","70.34","2.23","57.14","0.18","0","0.42","75","0.32","3.07","68.97","4.13","61.54","1.27","7.95","72"
"L. Palmer","England 2.","Sheffield Wednesday","RWB","34","250000","","9","847","0","0","England","right","188","7.65","6.48","62.3","1.49","35.71","0","4.38","1.38","0","0.08","0","0.64","33.33","0","1.38","38.46","1.17","54.55","2.76","46.15","1.17","0.85","0.21","28.05","72.73","11.9","53.57","4.25","37.5","0","0","0","0","0.11","4.36","48.78","1.7","56.25","0.53","6.48","70.49"
"C. Ogilvie","England 2.","Portsmouth","LB","29","275000","2026-06-30","9","843","0","0","England","left","184","8.01","3.84","69.44","4.48","38.1","0.21","6.57","1.6","0","0.08","0","0.85","12.5","0","1.81","58.82","0.96","44.44","2.46","52.17","1.49","1.17","0","31.49","71.86","13.45","53.17","3.52","36.36","0","0","0.11","0","0","5.44","47.06","2.24","71.43","0.96","8.01","66.67"
"Paik Seung-Ho","England 2.","Birmingham City","LDMF, LCMF, RCMF","28","1000000","2028-06-30","9","839","1","0","Korea Republic","right","182","6.44","4.18","58.97","3","50","0.11","4.74","0.75","0.11","0.02","0","0.54","20","20","0.75","28.57","0.64","66.67","3.11","24.14","1.18","0.54","0.11","41.19","87.5","9.44","69.32","2.04","47.37","0.06","0","0","0","0.43","4.51","71.43","2.04","47.37","0.86","3","75"
"A. Morris","England 2.","Middlesbrough","RCMF, LCMF","23","3000000","","9","838","0","1","United States","right","178","7.95","8.16","64.47","1.72","50","0.32","3.15","2.36","0","0.08","0","0.97","22.22","0","0.97","11.11","2.9","66.67","9.34","49.43","1.07","0.75","0.11","57.03","91.34","14.93","82.73","3.11","72.41","0.09","0","0.21","50","0.11","7.3","85.29","1.5","42.86","0.54","5.58","86.54"
"A. Matusiwa","England 2.","Ipswich Town","RDMF, RCMF","27","0","2028-06-30","9","835","0","0","Netherlands","right","173","11.53","7.54","68.57","2.8","61.54","0.65","10.12","0.75","0","0.02","0","0.32","0","0","0.22","100","0.86","50","3.23","56.67","0.32","0.43","0","42.36","85.5","14.23","75","1.51","57.14","0","0","0.22","50","0.11","6.68","83.87","0.75","71.43","0.54","7.44","65.22"
"D. Gray","England 2.","Birmingham City","RW, LAMF, RAMF","29","8000000","2027-06-30","9","826","1","1","England","right","180","6.54","4.47","60.98","0.98","44.44","0","6.43","5.01","0.11","0.13","0","1.85","23.53","5.882","3.16","27.59","5.56","66.67","11.22","50.49","2.62","3.16","0.11","23.97","75","3.7","50","1.42","30.77","0.29","0","0","0","0.54","1.42","46.15","2.51","47.83","0.33","3.05","64.29"
"K. Moore","England 2.","Wrexham","CF","33","2000000","2027-06-30","9","826","4","0","England","right","196","3.92","3.05","46.43","13.08","55.83","0.22","2.86","1.31","0.44","0.41","0.22","1.85","35.29","23.529","0.54","20","1.31","41.67","10.13","29.03","3.38","1.09","0.44","16.23","70.47","2.94","48.15","0.76","57.14","0.02","0","0","0","0.11","2.18","45","0.76","57.14","0.65","1.85","58.82"
"A. Bell","England 2.","Charlton Athletic","LCB, LB, LWB","31","2500000","","9","823","0","0","England","left","180","9.51","5.58","72.55","2.41","68.18","0.98","7.31","0.87","0","0","0","0.11","0","0","0.33","0","1.09","80","4.81","52.27","0.11","1.31","0","37.4","79.24","16.51","66.23","6.34","43.1","0.02","0","0","0","0","6.56","50","1.2","45.45","0.44","8.31","72.37"
"J. Tchamadeu","England 2.","Stoke City","RB","21","800000","","9","820","0","0","England","right","180","8.89","7.13","56.92","1.76","31.25","0.11","7.41","1.65","0","0.01","0","0.22","50","0","2.3","38.1","1.1","60","3.4","38.71","0.66","1.32","0.22","33.26","74.26","14.38","60.31","3.29","36.67","0.05","0","0.22","0","0.33","5.71","48.08","2.52","34.78","0.22","6.7","62.3"
"R. Allsop","England 2.","Birmingham City","GK","33","1000000","2027-06-30","8","818","0","0","England","right","189","0.66","0.22","100","0","0","0","0.75","0","0","0","0","0","0","0","0","0","0","0","0.22","100","0","0","0","30.81","84.64","13.97","67.72","8.36","47.37","0","0","0","0","0","5.17","48.94","0.66","0","0","5.06","69.57"
"C. O'Hare","England 2.","Sheffield United","AMF, RCMF","27","2200000","2028-06-30","9","816","1","1","England","right","175","5.51","6.07","56.36","2.76","24","0","2.87","1.43","0.11","0.11","0","1.1","20","10","0.55","40","2.1","42.11","7.61","34.78","2.43","1.43","0.22","33.31","78.15","9.93","63.33","1.1","50","0.14","0","0.33","33.33","0.11","3.31","60","2.43","50","1.21","3.09","57.14"
"D. Sanderson","England 2.","Derby County","RCB","25","3200000","2027-06-30","9","814","0","0","England","right","188","9.73","7.19","67.69","4.53","51.22","0.11","5.94","0.22","0","0","0","0","0","0","0","0","0.33","66.67","1.55","50","0.11","0.22","0","37.59","87.06","12.83","69.83","5.09","47.83","0","0.11","0","0","0","4.53","63.41","0.33","66.67","0.22","5.53","60"
"G. Hamer","England 2.","Sheffield United","LCMF, RCMF, LAMF","28","15000000","2027-06-30","9","812","0","1","Brazil","right","169","4.54","5.54","46","0.55","40","0.11","2.14","1.88","0","0.07","0","2.11","21.05","0","1.66","26.67","1.55","57.14","4.1","43.24","1","1.33","0","46","77.35","18.4","62.05","5.32","52.08","0.16","0","0.33","33.33","0.33","9.75","60.23","4.88","43.18","1.66","8.65","87.18"
"I. Price","England 2.","West Bromwich Albion","AMF, CF, LW","22","0","2029-06-30","9","809","3","0","Northern Ireland","right","178","3.89","2.45","50","2.45","45.45","0.11","3","2","0.33","0.18","0.11","2","44.44","16.667","1.56","35.71","1.11","50","5.01","40","2.34","1.22","0.33","29.93","78.44","6.45","65.52","2.78","56","0.08","0","0","0","0","3.11","64.29","1.56","64.29","0.67","4.12","72.97"
"A. Fatawu","England 2.","Leicester City","RAMF","21","0","2029-06-30","9","806","3","1","Ghana","left","177","5.14","4.69","50","3.8","20.59","0","4.09","8.15","0.33","0.19","0","2.68","33.33","12.5","3.91","54.29","11.5","44.66","19.88","36.52","2.34","3.24","0.45","26.58","77.73","4.8","60.47","2.12","68.42","0.08","0","0.11","0","0.33","1.67","60","5.02","57.78","1.45","5.69","76.47"
"O. McBurnie","England 2.","Hull City","CF","29","4500000","2027-06-30","9","804","6","2","England","right","188","5.37","4.7","50","11.42","35.29","0.34","3.51","1.9","0.67","0.43","0.11","1.79","62.5","37.5","0","0","1.68","40","7.39","21.21","3.81","0.56","0.22","13.88","67.74","3.36","50","0.34","33.33","0.14","0","0.22","50","0.56","1.57","50","1.01","22.22","1.12","1.34","58.33"
"K. Keben","England 2.","Watford","CB, RCB","21","0","2028-06-30","8","799","0","0","Cameroon","right","187","9.01","4.39","74.36","5.29","59.57","0.9","8.55","0.45","0","0.05","0","0.34","0","0","0","0","0.56","80","3.49","54.84","0.79","0.68","0","47.08","88.28","17.23","75.16","5.07","55.56","0","0","0","0","0","2.93","65.38","0.11","100","0.11","7.1","58.73"
"A. Heggebø","England 2.","West Bromwich Albion","CF","24","900000","2028-12-31","9","798","1","1","Norway","left","185","3.38","2.37","57.14","7.22","46.88","0.11","2.21","1.02","0.11","0.27","0.11","1.58","21.43","7.143","0.11","100","1.47","38.46","10.6","32.98","3.16","1.13","0.11","12.29","79.82","2.82","68","0.11","0","0.04","0","0","0","0.23","1.13","70","1.02","55.56","0.79","1.24","72.73"
"J. Dasilva","England 2.","Coventry City","LB","27","2200000","2027-06-30","9","797","0","0","England","left","170","9.26","7","70.97","2.03","22.22","0.34","5.69","2.26","0","0.02","0","0.45","25","0","2.94","50","1.58","42.86","4.18","45.95","0.79","2.26","0.23","42.69","84.66","14.91","78.79","3.05","62.96","0.06","0","0.11","0","0.34","5.76","78.43","3.5","70.97","0.79","8.02","81.69"
"B. Cadamarteri","England 2.","Sheffield Wednesday","CF","20","0","","9","796","1","0","England","right","0","4.64","3.28","58.62","9.61","30.59","0.23","3.51","1.24","0.11","0.17","0","1.47","23.08","7.692","0.34","33.33","1.24","63.64","4.64","29.27","2.49","1.36","0.23","7.91","64.29","2.6","60.87","0","0","0.03","0","0","0","0.23","0.79","57.14","0.68","83.33","0.57","1.13","70"
"A. Cresswell","England 2.","Stoke City","LB","35","900000","","8","793","0","1","England","left","170","7.6","4.88","69.77","2.95","46.15","0","5.96","1.13","0","0.04","0","0.68","16.67","0","1.7","46.67","0.34","66.67","1.25","36.36","0.79","1.36","0.34","44.49","86.22","18.16","76.88","4.65","51.22","0.05","0","0","0","0.11","6.92","68.85","2.84","52","0.57","9.08","82.5"
"C. Hughes","England 2.","Hull City","LCB","21","0","","8","792","0","0","England","right","185","11.14","5.11","64.44","5","72.73","1.7","9.51","0.45","0","0.02","0","0.23","50","0","0.23","0","0.57","60","2.16","52.63","0.45","1.48","0","47.16","84.82","17.05","66.67","7.16","46.03","0","0","0","0","0","8.3","63.01","1.14","20","0.23","8.75","59.74"
"D. Hyam","England 2.","Wrexham","CB, RCB","29","2500000","2026-06-30","8","792","0","0","Scotland","right","188","6.25","3.86","73.53","4.09","63.89","0.45","3.98","0","0","0.03","0","0.11","0","0","0","0","0","0","0.8","57.14","0.34","0","0","40.34","84.23","17.5","68.18","7.39","64.62","0","0","0","0","0","5.23","60.87","0.34","0","0","7.84","68.12"
"G. Campbell","England 2.","West Bromwich Albion","RB, LCB","24","1000000","","9","792","0","0","United States","right","188","8.64","6.48","68.42","4.89","46.51","0.34","5.1","1.02","0","0.04","0","0.23","0","0","1.93","29.41","0.91","50","3.07","25.93","1.14","1.25","0.23","60.34","87.76","20.11","77.97","4.66","43.9","0.04","0","0","0","0","6.93","77.05","1.48","46.15","0.23","8.98","74.68"
"J. Egan","England 2.","Hull City","RCB, CB, LCB","32","4000000","","8","790","1","0","Republic of Ireland","right","185","9.68","4.67","78.05","4.44","53.85","0.68","7.76","0.11","0.11","0.13","0","0.57","20","20","0.23","0","0","0","0.46","25","1.25","0.23","0","43.29","81.84","17.77","66.03","6.15","37.04","0","0","0","0","0","5.01","43.18","0.57","0","0.23","6.84","58.33"
"L. Morrison","England 2.","Queens Park Rangers","RCB","22","300000","","8","788","0","1","Scotland","right","183","9.02","5.37","72.34","6.17","53.7","0.8","6.38","0","0","0.12","0","0.34","0","0","0","0","0","0","0.23","50","0.69","0","0","36.43","88.09","17.59","81.17","5.25","56.52","0.06","0","0","0","0.11","3.65","62.5","0.34","33.33","0.11","6.51","68.42"
"J. Tanganga","England 2.","Sheffield United","RCB, LCB","26","1800000","","8","788","0","0","England","right","184","8.22","4.34","65.79","4.68","63.41","1.48","7.46","0.34","0","0.07","0","0.46","0","0","0.23","0","0.8","42.86","2.28","55","0.57","0.8","0.23","43.17","84.39","17.02","71.81","5.37","44.68","0.01","0.11","0","0","0","5.25","54.35","1.03","22.22","0.23","5.94","57.69"
"H. Burrows","England 2.","Sheffield United","LB","23","3200000","2028-06-30","9","782","0","0","England","left","168","8.4","4.37","84.21","1.5","61.54","0.23","6.95","2.19","0","0.11","0","1.15","20","0","3.45","30","1.73","46.67","5.41","44.68","2.3","2.07","0.12","50.87","79.64","20.6","68.16","6.45","39.29","0.13","0","0.12","100","0.35","8.4","60.27","2.88","52","0.46","9.21","77.5"
"L. Thomas","England 2.","Leicester City","LB","24","6000000","","9","781","0","0","England","left","181","6.91","7.03","37.7","3.34","31.03","0.35","6.35","0.46","0","0.01","0","0.23","50","0","0.69","50","0","0","1.15","30","0.23","0.58","0","41.49","88.06","15.79","78.83","2.77","58.33","0.12","0","0.12","0","0","4.96","67.44","1.27","45.45","0.12","6.11","73.58"
"A. McCann","England 2.","Preston North End","LCMF, RCMF","25","2200000","2027-06-30","9","780","0","0","Scotland","right","176","10.04","7.38","71.88","2.77","41.67","0.23","5.1","0.35","0","0.03","0","0.35","33.33","0","0.35","0","0.35","66.67","4.04","34.29","1.38","0.81","0","28.85","83.6","7.62","66.67","1.5","38.46","0.01","0.12","0","0","0","3.23","60.71","1.27","36.36","0.69","3.92","55.88"
"Gonçalo Franco","England 2.","Swansea City","RDMF, RCMF","24","3000000","2028-06-30","8","779","1","0","Portugal","right","176","9.47","6.7","58.62","2.89","28","0.92","8.44","0.58","0.12","0.13","0","1.04","22.22","11.111","1.04","0","0.81","42.86","4.27","45.95","1.16","0","0","36.85","79","9.13","59.49","1.96","29.41","0.01","0","0","0","0","3.7","65.63","1.85","31.25","0.35","3.93","58.82"
"A. Randell","England 2.","Bristol City","LCMF, RCMF","25","2200000","","9","775","0","0","England","right","175","7.43","4.18","75","2.55","40.91","0.81","5.41","0.35","0","0.03","0","0.93","0","0","0.93","37.5","0","0","2.32","40","0.35","1.05","0.23","40.53","83.38","14.05","72.73","3.48","46.67","0.01","0","0","0","0","7.08","70.49","2.44","57.14","0.93","6.15","81.13"
"T. Small","England 2.","Preston North End","LWB, RWB, LB","21","600000","","9","774","2","1","England","left","177","5.35","4.77","53.66","1.16","50","0.12","3.16","6.4","0.23","0.1","0","1.4","50","16.667","7.21","33.87","6.63","49.12","10","39.53","1.51","3.72","1.4","22.79","56.12","6.28","40.74","2.44","23.81","0.19","0","0","0","0.81","1.51","30.77","5.81","44","0.35","6.63","57.89"
"R. Atkinson","England 2.","Bristol City","LCB","27","2000000","2026-06-30","9","769","1","0","England","left","193","8.43","4.92","76.19","7.84","73.13","0.47","5.87","0.47","0.12","0.05","0.12","0.35","66.67","33.333","0","0","0.35","66.67","2.22","73.68","0.82","1.29","0","35.46","84.49","14.4","72.36","3.86","39.39","0.01","0","0","0","0.12","4.8","60.98","0.82","28.57","0.23","5.73","65.31"
"D. Furlong","England 2.","Ipswich Town","RB","29","3500000","2027-06-30","8","767","0","0","England","right","183","6.69","4.34","62.16","5.05","55.81","0.12","5.36","0.7","0","0.04","0","0.59","0","0","1.29","36.36","0.47","50","1.76","46.67","1.17","0.82","0","43.65","77.96","18.19","61.29","6.34","35.19","0.04","0","0","0","0","6.45","65.45","1.64","42.86","0.35","9.62","57.32"
"A. Hughes","England 2.","Preston North End","LCB","33","600000","","8","766","0","0","Wales","left","188","8.34","5.99","70.59","5.29","66.67","0.23","4.5","0.82","0","0.09","0","0.47","0","0","0.82","42.86","0.35","100","1.29","63.64","1.06","0.94","0.23","38.89","76.44","16.45","60.71","7.4","46.03","0.03","0","0.12","100","0","7.64","61.54","1.29","27.27","0.23","9.87","65.48"
"R. Alebiosu","England 2.","Blackburn Rovers","RB","23","300000","2026-06-30","9","766","0","1","England","right","188","7.28","6.34","61.11","2.47","33.33","0.35","3.6","5.05","0","0.01","0","0.35","0","0","4.58","51.28","3.99","67.65","6.7","50.88","1.06","2.47","0","29.49","79.28","7.17","68.85","2.35","40","0.15","0","0","0","0.59","2.35","70","3.29","42.86","0","5.29","62.22"
"Ronald","England 2.","Swansea City","RAMF, RW","24","1800000","2027-06-30","9","765","3","1","Brazil","right","177","5.18","3.88","63.64","3.29","14.29","0.12","4.18","2.94","0.35","0.19","0","0.94","75","37.5","2.24","47.37","1.76","60","7.18","49.18","1.76","2.71","0.35","23.88","75.37","5.18","59.09","1.65","35.71","0.11","0","0.12","100","0.35","1.18","90","2.24","63.16","0.94","3.41","65.52"
"J. Lundstram","England 2.","Hull City","LDMF, LCMF, RDMF","31","5000000","2027-06-30","9","764","1","1","England","right","181","8.48","6.13","59.62","3.42","41.38","0.12","5.44","0.47","0.12","0.07","0","0.47","50","25","0.47","50","0.24","0","2.12","22.22","0.71","0.24","0","50.54","82.28","17.55","69.13","7.66","47.69","0.05","0","0","0","0.12","8.84","61.33","1.88","25","0.59","8.6","60.27"
"A. Crnac","England 2.","Norwich City","AMF, RAMF","21","2000000","2028-06-30","9","764","0","0","Croatia","left","190","5.18","4.71","57.5","2.12","22.22","0.24","3.26","1.41","0","0.15","0","1.41","16.67","0","0.71","0","3.18","29.63","6.6","28.57","1.53","1.41","0","17.32","68.71","5.18","47.73","1.18","40","0.06","0","0.24","100","0.24","3.06","61.54","0.82","57.14","0.71","2.83","66.67"
"R. Hedges","England 2.","Blackburn Rovers","LAMF, RAMF","30","1200000","2026-06-30","9","763","2","0","England","left","185","7.67","7.2","62.3","3.77","31.25","0.35","3.45","2.36","0.24","0.19","0","1.06","33.33","22.222","2.71","26.09","1.77","73.33","4.84","51.22","2.71","2.12","0.35","31.85","73.33","8.49","68.06","2.36","35","0.14","0","0","0","0.59","2.36","65","2.71","47.83","0.71","4.95","54.76"
"B. Lawal","England 2.","Stoke City","RCB, RB","22","0","2028-05-31","8","757","1","0","Republic of Ireland","right","190","6.66","3.33","71.43","5.23","63.64","0.59","6.18","0.95","0.12","0.09","0.12","1.07","33.33","11.111","0.36","0","0.95","62.5","3.8","28.13","1.19","0.48","0.12","48.15","86.91","19.38","75.46","4.4","43.24","0","0","0","0","0","6.54","63.64","0.59","0","0","7.73","67.69"
"T. Cantwell","England 2.","Blackburn Rovers","AMF, CF","27","8500000","","8","757","4","2","England","right","177","4.76","4.99","57.14","2.26","31.58","0","2.13","3.33","0.36","0.22","0.12","1.9","56.25","25","1.55","30.77","2.5","71.43","10.58","49.44","2.62","1.19","0.12","45.42","81.68","11.18","70.21","4.16","60","0.22","0.12","0","0","0.12","6.06","72.55","2.26","42.11","0.59","5.94","68"
"E. Galbraith","England 2.","Swansea City","LDMF, AMF, RDMF","24","500000","","9","755","0","1","Northern Ireland","right","175","6.32","5.48","60.87","2.98","40","0","3.73","1.67","0","0.04","0","0.95","37.5","0","0.95","25","1.43","66.67","4.29","41.67","1.07","2.03","0.6","46.85","86.26","14.78","75.81","4.77","67.5","0.11","0.24","0.12","100","0.24","7.03","77.97","1.31","54.55","0.83","7.27","77.05"
"R. McCrorie","England 2.","Bristol City","LWB, RWB","27","1800000","2026-06-30","9","755","1","2","Scotland","right","185","10.37","6.91","68.97","8.11","48.53","0.24","7.38","2.38","0.12","0.17","0","1.79","26.67","6.667","1.79","46.67","1.79","60","5.84","36.73","3.22","1.43","0.12","27.06","69.16","9.66","53.09","2.62","36.36","0.21","0.12","0","0","0.6","2.86","62.5","2.5","57.14","1.19","4.89","68.29"
"S. Twine","England 2.","Bristol City","AMF, RAMF","26","3000000","2028-06-30","9","747","3","1","England","right","174","4.7","2.65","63.64","2.17","38.89","0.12","3.89","2.05","0.36","0.22","0","2.53","33.33","14.286","1.57","30.77","1.2","50","7.83","35.38","2.65","1.2","0.12","25.06","71.63","7.71","57.81","2.17","50","0.16","0.12","0.24","50","0.6","3.61","53.33","2.05","70.59","1.2","4.1","70.59"
"E. Selvik","England 2.","Watford","GK","28","1500000","","8","746","0","0","Norway","left","187","1.57","0","0","0.48","100","0","2.35","0.12","0","0","0","0","0","0","0","0","0.12","100","0.12","100","0","0","0","23.16","82.29","11.94","66.67","9.17","55.26","0","0","0","0","0","3.02","40","0.24","0","0","6.03","70"
"C. Brittain","England 2.","Middlesbrough","RWB","27","2500000","2026-06-30","8","744","0","0","England","right","181","6.17","6.29","50","2.78","43.48","0","3.69","1.33","0","0.05","0","0.6","20","0","3.15","19.23","1.69","35.71","5.08","30.95","2.18","1.81","0.12","37.26","75.65","10.65","62.5","3.51","41.38","0","0","0.12","0","0","3.99","45.45","2.42","35","0.36","6.17","66.67"
"B. Thomas-Asante","England 2.","Coventry City","RAMF, LAMF, CF","26","3000000","2028-06-30","9","743","4","4","England","right","182","5.45","4","57.58","4.85","32.5","0.24","3.93","3.88","0.48","0.45","0","2.18","33.33","22.222","1.7","28.57","4","63.64","9.93","41.46","4","1.33","0.36","14.29","70.34","3.27","44.44","0.73","33.33","0.25","0.12","0.24","50","0.85","1.57","53.85","0.97","50","0.48","2.18","66.67"
"S. Long","England 2.","Oxford United","LCB, RB","30","300000","2026-06-30","8","743","0","0","England","right","179","10.42","6.06","70","5.45","60","0.36","7.28","0.61","0","0.06","0","0.61","0","0","1.33","27.27","0.36","66.67","0.85","28.57","0.61","0.36","0","31.86","80.99","14.41","76.47","3.88","53.13","0","0","0","0","0","3.63","66.67","1.7","42.86","0.48","7.75","64.06"
"E. Adams","England 2.","Derby County","LCMF, AMF, CF","29","400000","2027-06-30","9","742","1","0","Gambia","right","178","8.37","6.19","58.82","3.03","40","0.24","4.7","0.85","0.12","0.02","0","0.61","20","20","0.61","20","1.09","55.56","5.46","37.78","0.24","0.24","0.12","28.99","83.26","6.67","63.64","1.94","56.25","0","0","0.12","0","0","2.67","63.64","0.49","25","0","2.67","50"
"D. Mubama","England 2.","Stoke City","CF","20","1000000","","9","736","2","0","England","left","183","3.3","2.57","52.38","5.99","34.69","0","2.96","1.35","0.24","0.3","0.24","1.83","46.67","13.333","0.12","0","0.98","50","6.6","29.63","3.18","0.49","0.12","10.76","80.68","1.59","61.54","0.37","66.67","0.01","0","0","0","0","1.47","58.33","0.49","50","0.37","0.61","60"
"T. Campbell","England 2.","Charlton Athletic","LAMF, LW, CF","22","0","","9","736","0","1","England","right","172","3.79","3.3","66.67","3.55","10.34","0.24","2.15","3.91","0","0.15","0","2.08","11.76","0","2.69","27.27","4.89","57.5","12.23","38","3.55","2.08","0.37","19.2","75.8","3.67","60","0.73","33.33","0.07","0","0.12","100","0.61","0.61","100","2.45","55","0.86","3.06","80"
"H. Wright","England 2.","Coventry City","CF","27","0","2027-06-30","9","728","8","0","United States","right","193","3.09","2.1","70.59","6.8","23.64","0.25","2.5","2.6","0.87","0.88","0.12","3.34","40.74","29.63","1.11","22.22","1.48","58.33","7.66","33.87","5.32","0.87","0","10.51","72.94","2.47","65","0.12","100","0.04","0","0.12","100","0.12","1.36","63.64","0.62","80","0.62","0.99","87.5"
"N. Madsen","England 2.","Queens Park Rangers","LDMF, LCMF, RDMF","25","2500000","2029-06-30","9","728","1","0","Denmark","right","192","7.05","4.7","81.58","2.6","61.9","0.12","4.1","0.74","0","0.15","0","0.87","42.86","14.286","1.11","22.22","0.49","25","1.61","38.46","0.62","0.37","0","38.82","78.66","14.71","63.03","6.43","55.77","0.2","0.12","0.12","0","0.37","7.29","71.19","1.73","57.14","0.62","8.65","77.14"
"T. Conway","England 2.","Middlesbrough","CF, LWF, AMF","23","4000000","2028-06-30","9","725","2","0","England","right","185","3.85","3.6","51.72","1.86","26.67","0","2.58","1.12","0.25","0.35","0","1.86","20","13.333","0.12","0","2.11","35.29","6.7","27.78","3.97","0.99","0.25","19.24","91.61","2.36","63.16","0.5","50","0.03","0.12","0","0","0.12","0.87","57.14","0.5","75","1.12","0.74","33.33"
"M. Manhoef","England 2.","Stoke City","RAMF, RW","23","3500000","2027-06-30","9","721","3","0","Netherlands","left","179","3.99","4.99","55","1.12","0","0.12","1.7","6.62","0.37","0.4","0","3.25","38.46","11.538","4.12","24.24","7.36","54.24","14.98","37.5","3","4.62","1","21.35","70.76","6.24","66","1","50","0.15","0","0.62","60","0.75","2.5","80","4.62","51.35","1.5","3.87","93.55"
"Will Lankshear","England 2.","Oxford United","CF","20","0","2029-06-30","9","721","3","0","England","right","189","2.75","2.75","50","3.12","28","0","1.56","0.87","0.37","0.35","0","1.75","35.71","21.429","0.12","100","0.37","33.33","7.74","20.97","2.5","0.75","0.12","13.98","77.68","2.25","44.44","0.62","80","0.01","0","0","0","0","1.37","45.45","0.62","20","0","0.62","80"
"E. Riis","England 2.","Bristol City","CF","27","2500000","","9","721","4","1","Denmark","right","190","1.75","1.25","40","6.74","20.37","0.25","1.33","1.12","0.5","0.36","0.12","2.12","29.41","23.529","1.5","8.33","1.25","30","7.49","25","3.87","1.5","0.75","17.73","66.2","3.37","44.44","0.87","42.86","0.2","0","0","0","0.37","1","50","1.37","36.36","0.87","0.62","60"
"S. Carey","England 2.","Charlton Athletic","AMF, RCMF, LDMF","24","900000","","9","718","2","0","England","right","184","5.64","4.14","60.61","3.13","12","0.38","3.75","2.38","0.25","0.18","0","2.13","35.29","11.765","1.88","40","1.38","63.64","6.39","37.25","2.51","1.38","0.5","20.56","78.66","6.14","67.35","1.5","50","0","0.13","0","0","0.13","2.88","69.57","1.25","50","0.5","3.13","76"
"R. Fraser","England 2.","Southampton","RWB, LAMF, RB","31","3000000","2026-06-30","9","714","0","2","Scotland","right","163","3.91","2.39","57.89","1.89","26.67","0","4.29","2.77","0","0.02","0","0.38","66.67","0","4.92","35.9","1.76","42.86","4.03","43.75","1.51","1.26","0.25","45.5","83.66","9.83","75.64","2.27","61.11","0.19","0","0","0","0.76","4.92","66.67","5.17","43.9","1.01","6.3","82"
"C. Styles","England 2.","West Bromwich Albion","LB","25","2500000","","8","712","0","0","England","left","167","8.85","7.84","61.29","3.79","53.33","0.13","4.63","1.01","0","0.02","0","0.63","0","0","2.15","23.53","0.88","57.14","3.67","37.93","1.01","2.53","0","47.28","81.28","16.81","67.67","5.56","34.09","0.04","0.13","0","0","0.13","7.33","65.52","2.02","43.75","0.76","8.47","68.66"
"Yuri Ribeiro","England 2.","Blackburn Rovers","LB","28","850000","2027-06-30","8","711","0","0","Portugal","left","178","7.97","6.33","70","3.54","50","0.13","4.35","1.27","0","0.01","0","0.25","0","0","2.66","38.1","0.63","40","3.04","25","0.63","0.51","0","39.11","76.7","15.06","69.75","3.04","50","0.09","0","0","0","0.13","2.78","54.55","2.28","50","0.51","7.09","53.57"
"R. Longman","England 2.","Wrexham","LWB, RWB","24","2000000","","9","708","1","1","England","right","180","9.28","7.75","70.49","1.53","50","0.38","4.33","5.97","0.13","0.07","0","1.14","44.44","11.111","5.21","43.9","4.83","63.16","7.37","46.55","1.4","1.78","0.38","28.6","73.33","4.58","50","3.05","37.5","0.26","0","0.13","100","0.38","1.91","46.67","3.81","46.67","0","4.7","70.27"
"J. Medić","England 2.","Norwich City","RCB","27","2000000","2028-06-30","7","708","0","0","Croatia","right","193","8.9","3.69","68.97","3.18","48","1.65","8.4","0.25","0","0","0","0","0","0","0","0","0.25","100","1.02","62.5","0.13","0.51","0","54.41","86.21","18.81","71.62","5.59","56.82","0","0","0","0","0","5.47","69.77","0.64","20","0.13","7.37","58.62"
"R. Manning","England 2.","Southampton","LB, LWB","29","3000000","2027-06-30","9","698","2","0","Republic of Ireland","left","173","7.09","4.77","56.76","1.42","36.36","0.39","6.81","2.84","0.26","0.07","0","1.42","27.27","18.182","5.16","40","0.9","42.86","2.58","35","0.77","1.29","0","51.83","78.86","19.86","66.88","5.03","30.77","0.16","0.26","0","0","0.39","7.35","59.65","5.93","54.35","1.42","12.77","82.83"
"B. Spencer","England 2.","Oxford United","RB, RCB","21","0","2026-06-30","7","698","0","0","Northern Ireland","right","180","11.48","7.61","71.19","4.77","67.57","0.64","6.28","1.16","0","0.03","0","0.26","0","0","1.68","7.69","0.9","100","4.9","36.84","0.9","0.39","0.13","34.56","72.01","17.02","59.09","7.22","46.43","0","0","0.13","100","0","6.45","50","1.68","38.46","0.39","8.9","59.42"
"A. Mowatt","England 2.","West Bromwich Albion","LDMF, LCMF","30","3500000","2027-06-30","9","695","0","0","England","left","177","7.12","4.79","70.27","2.72","57.14","0.39","4.38","0.65","0","0.05","0","0.91","14.29","0","1.04","50","0","0","2.46","47.37","0.91","2.07","0.13","57.63","89.66","16.06","74.19","3.88","50","0.13","0","0","0","0.13","8.16","85.71","1.29","40","0.39","7.51","67.24"
"V. Torp","England 2.","Coventry City","RDMF, LDMF, AMF","26","2000000","2028-06-30","8","693","5","1","Denmark","right","178","6.75","4.55","54.29","1.69","53.85","0.26","6.53","2.21","0.65","0.28","0","2.86","45.45","22.727","1.17","33.33","1.04","50","4.68","50","2.08","0.78","0","37.92","84.25","12.08","82.8","2.34","61.11","0.07","0.26","0.13","0","0.13","5.84","80","1.82","71.43","1.04","5.32","75.61"
"E. Horvath","England 2.","Sheffield Wednesday","GK","30","1800000","2026-01-02","7","693","0","0","United States","right","193","1.3","0.39","66.67","0.26","50","0","1.33","0","0","0","0","0","0","0","0","0","0","0","0","0","0","0","0","20.65","77.36","12.73","66.33","10.13","58.97","0","0","0","0","0","3.9","40","0.39","33.33","0.13","7.27","75"
"J. Stansfield","England 2.","Birmingham City","CF, AMF","22","0","2031-06-30","8","687","3","1","England","right","187","5.37","5.63","53.49","2.36","5.56","0","3.04","1.7","0.26","0.31","0","2.36","22.22","16.667","1.44","9.09","2.75","33.33","7.07","22.22","1.83","1.57","0.26","11.27","62.79","3.93","56.67","1.31","20","0.05","0","0.13","100","0.39","1.83","42.86","1.31","50","0.66","1.83","78.57"
"K. Ramsay","England 2.","Charlton Athletic","RB, RCB","25","175000","2027-06-30","8","685","0","0","England","right","184","10.12","9.2","64.29","6.31","43.75","0.39","3.87","1.18","0","0.05","0","0.39","33.33","0","0.66","40","0.79","66.67","4.34","48.48","0.79","1.18","0.13","24.44","72.58","11.3","53.49","5.39","36.59","0","0","0.26","100","0","8.01","57.38","1.58","25","0.13","6.44","71.43"
"G. Hirst","England 2.","Ipswich Town","CF","26","4000000","","9","684","3","0","England","right","191","3.16","2.76","42.86","3.82","37.93","0.13","2.67","1.97","0.26","0.41","0","1.71","61.54","23.077","0.13","0","1.45","63.64","6.58","36","3.55","0.79","0.13","11.45","68.97","3.16","54.17","0.13","0","0.01","0","0","0","0","1.45","45.45","0.79","16.67","0.53","1.18","44.44"
"Bae Jun-Ho","England 2.","Stoke City","AMF, CF","22","0","","9","683","0","0","Korea Republic","right","178","5.14","4.74","72.22","3.16","20.83","0","2.65","1.58","0","0.24","0","1.45","36.36","0","0.66","20","1.32","70","8.7","30.3","1.98","1.19","0.13","23.59","82.12","5.53","64.29","0.53","0","0.05","0.13","0","0","0.13","1.98","73.33","1.45","54.55","0.26","1.84","57.14"
"A. Mbengue","England 2.","Queens Park Rangers","LCB","23","700000","","8","679","0","0","Senegal","right","180","7.82","6.1","60.87","5.04","55.26","0.66","5.42","0.27","0","0","0","0.27","0","0","0.53","25","0.66","20","1.59","50","0.13","0.93","0.13","34.46","85","13.39","72.28","3.98","70","0","0","0","0","0","3.58","70.37","0.8","16.67","0","5.04","71.05"
"J. Coburn","England 2.","Millwall","CF","22","1500000","2027-06-30","8","676","1","0","England","right","193","5.72","3.59","74.07","7.06","28.3","0.27","3.67","0.93","0.13","0.27","0.13","1.46","27.27","9.091","0.4","0","1.46","36.36","8.52","23.44","3.59","0.8","0.4","12.38","75.27","2.26","52.94","0.13","0","0.13","0","0","0","0.93","0.53","75","0.93","57.14","1.2","0.67","60"
"J. Knight","England 2.","Bristol City","RCMF, RDMF","24","5000000","2027-06-30","7","675","0","0","Republic of Ireland","right","173","5.47","3.6","55.56","1.6","25","0.53","4.84","0.8","0","0.03","0","0.8","33.33","0","1.33","30","0.27","50","2.4","50","0.53","0.8","0.53","50","81.6","18.53","61.87","5.47","46.34","0","0","0.13","0","0","10.93","67.07","2","40","0.4","8","76.67"
"J. Ayew","England 2.","Leicester City","CF, AMF","34","4000000","2026-06-30","8","673","1","0","France","right","182","4.41","3.88","51.72","5.22","38.46","0.13","3.43","3.74","0.13","0.16","0","2.01","46.67","6.667","1.74","38.46","3.21","62.5","15.38","25.22","2.41","1.6","0.67","21.13","87.97","3.34","80","0.13","100","0.18","0","0.13","100","0.27","1.34","70","1.47","72.73","0.8","1.87","71.43"
"T. Campbell","England 2.","Sheffield United","CF","25","0","2027-06-30","9","670","2","0","England","left","183","2.82","2.82","57.14","2.69","30","0","1.74","1.61","0.27","0.28","0","1.34","20","20","1.21","22.22","1.61","66.67","5.24","25.64","3.63","0.54","0.27","11.42","74.12","1.34","60","0.27","50","0.01","0","0","0","0","0.27","50","0.4","33.33","0.13","0.81","50"
"J. Swift","England 2.","Portsmouth","RDMF, AMF","30","3200000","2027-06-30","9","667","0","1","England","right","182","7.15","4.45","66.67","3.1","39.13","0.13","4.81","0.94","0","0.06","0","1.35","20","0","0.67","60","0.94","28.57","3.51","23.08","0.13","0.27","0","46.01","85.63","14.57","67.59","4.32","50","0.1","0","0","0","0","7.42","74.55","1.35","40","0","6.48","72.92"
"B. De Keersmaecker","England 2.","Oxford United","RCMF, RDMF","25","900000","2028-06-30","7","667","0","2","Belgium","right","182","8.23","6.34","55.32","0.81","50","0.13","5.2","1.48","0","0.05","0","1.08","12.5","0","1.21","22.22","1.48","63.64","6.07","40","0.54","1.08","0.13","36.3","85.5","9.18","73.53","2.56","63.16","0.22","0","0.13","100","0.27","4.72","82.86","1.62","41.67","0.54","5.67","64.29"
"R. Dickie","England 2.","Bristol City","CB, LCB","29","2800000","2026-06-30","8","667","0","0","England","right","195","9.45","5.26","79.49","7.15","64.15","0.67","7.41","0.27","0","0.11","0","0.54","25","0","0.13","0","0.13","100","1.62","41.67","0.67","0.4","0","55.59","85.68","20.51","71.05","4.32","43.75","0.04","0","0","0","0","4.32","62.5","0.4","66.67","0.27","8.1","50"
"M. Topić","England 2.","Norwich City","LCMF, RCMF, AMF","24","3500000","2027-06-30","9","667","0","0","Serbia","right","191","7.02","3.1","65.22","4.18","41.94","0.27","6.67","0.27","0","0.09","0","0.94","0","0","0.4","0","0.67","40","3.24","20.83","0.94","0.94","0.27","42.23","86.58","9.18","63.24","2.56","52.63","0.11","0","0","0","0.4","4.86","75","0.94","42.86","0.4","4.18","67.74"
"L. Travis","England 2.","Derby County","RCMF, LDMF, RDMF","27","3500000","2026-06-30","7","661","0","1","England","right","183","7.22","8.17","58.33","1.23","33.33","0","2.7","1.23","0","0","0","0.14","0","0","1.5","45.45","0.95","57.14","4.63","61.76","0.54","1.23","0.14","40.17","79.66","12.39","62.64","4.36","34.38","0.02","0.14","0","0","0.14","6.13","55.56","2.31","35.29","0.27","6.26","71.74"
"J. Greaves","England 2.","Ipswich Town","LCB","25","15000000","","7","660","1","0","England","left","193","7.64","2.59","57.89","6.41","70.21","0.41","10.66","0.82","0.14","0.06","0.14","0.27","50","50","0.68","20","0.55","100","2.32","47.06","1.36","1.64","0.14","51.95","88.45","23.73","81.61","3.14","43.48","0.02","0","0","0","0","7.5","78.18","0.95","57.14","0","8.45","80.65"
"B. Soumaré","England 2.","Leicester City","RDMF, LDMF","26","14000000","2026-06-30","8","659","0","0","France","right","188","5.6","3.28","66.67","2.05","80","0.68","5.29","0.68","0","0","0","0.14","0","0","0.14","100","0.41","100","4.1","36.67","0.27","0.82","0.41","43.84","91.59","11.88","81.61","1.5","27.27","0","0","0.14","100","0","7.1","90.38","0.68","80","0.41","4.37","75"
"B. Osayi-Samuel","England 2.","Birmingham City","RB","27","8500000","","8","655","0","0","Nigeria","right","175","6.46","5.22","65.79","3.71","40.74","0","4.62","1.24","0","0.03","0","0.14","0","0","1.92","28.57","1.92","35.71","9.76","33.8","1.1","1.92","0.27","26.52","84.97","5.77","73.81","0.96","42.86","0.02","0","0","0","0.14","2.06","93.33","1.1","62.5","0.27","3.98","68.97"
"A. Segecic","England 2.","Portsmouth","AMF, RAMF","21","400000","","9","655","3","0","Australia","left","173","4.53","5.5","55","1.92","28.57","0","1.85","3.44","0.41","0.13","0","2.47","33.33","16.667","2.47","44.44","3.71","40.74","9.48","31.88","1.92","1.24","0.27","16.08","64.1","5.5","47.5","0.82","0","0.11","0","0.27","0","0.27","1.65","33.33","2.75","40","0.41","2.06","60"
"M. Alleyne","England 2.","Watford","RCB, LB","20","0","","8","655","0","0","England","right","0","8.66","6.05","72.73","4.12","66.67","0.14","6.69","0.69","0","0","0","0","0","0","0.27","50","0.55","100","3.98","48.28","0.41","1.51","0.27","49.33","77.99","24.32","66.1","10.03","35.62","0","0","0","0","0","9.34","44.12","0.96","0","0.14","11.13","69.14"
"J. Dunne","England 2.","Queens Park Rangers","RB","27","2500000","","7","653","0","2","Republic of Ireland","right","183","9.51","7.99","58.62","8.27","63.33","0.14","5.8","1.24","0","0","0","0.14","0","0","1.24","66.67","0.83","50","3.31","29.17","0.69","1.65","0.14","35.42","79.38","17.64","67.97","5.38","46.15","0.1","0","0.14","0","0.28","6.62","58.33","1.93","71.43","0.83","9.51","76.81"
"H. Kyprianou","England 2.","Watford","DMF, LCB, LDMF","24","700000","","8","651","0","0","England","right","189","9.12","6.91","66","4.84","68.57","0.41","6","0.14","0","0.05","0","0.55","25","0","0.28","0","0","0","3.73","55.56","0.97","0","0","36.77","89.1","12.17","75","4.42","59.38","0.01","0","0","0","0.14","4.98","69.44","0.69","60","0.55","5.12","64.86"
"J. Stacey","England 2.","Norwich City","RB, RWB","29","2800000","","8","641","1","0","England","right","180","9.27","8.99","60.94","1.54","63.64","0.14","4.14","2.67","0.14","0.03","0","0.42","33.33","33.333","3.23","34.78","1.83","61.54","3.93","50","1.26","2.67","0.14","35.24","76.1","10.67","57.89","4.35","35.48","0.09","0.14","0.28","100","0.28","4.21","50","2.67","57.89","0.56","6.74","68.75"
"R. Kone","England 2.","Queens Park Rangers","AMF, CF","22","0","","8","628","4","0","Côte d'Ivoire","right","0","4.44","3.87","44.44","10.03","22.86","0","2.91","1.58","0.57","0.33","0","2.44","29.41","23.529","0.14","0","1","85.71","7.45","26.92","4.3","0.86","0","19.63","69.34","5.45","57.89","0.57","50","0.18","0","0","0","0.57","1.58","54.55","1.15","50","1.29","2.01","64.29"
"J. Gelhardt","England 2.","Hull City","RAMF, AMF, RW","23","4000000","2027-06-30","9","625","2","0","England","left","179","5.33","5.18","61.11","3.17","45.45","0","2.76","3.6","0.29","0.23","0","2.45","47.06","11.765","0.58","50","3.6","60","11.66","46.91","2.45","1.15","0","25.34","79.55","6.34","68.18","2.59","77.78","0.08","0.43","0.14","0","0.29","2.59","72.22","2.3","56.25","1.3","4.18","72.41"
"M. Luongo","England 2.","Millwall","LCMF, RCMF, DMF","33","500000","","8","624","0","0","Australia","right","176","12.4","8.22","59.65","5.77","65","0.14","7.5","0","0","0.07","0","0.87","0","0","0.72","0","0.14","0","3.75","30.77","0.43","1.01","0.14","37.79","77.48","16.3","68.14","4.18","24.14","0.02","0","0.14","0","0","7.79","64.81","1.73","8.33","0.29","5.91","78.05"
"Y. Ohashi","England 2.","Blackburn Rovers","CF","29","900000","2027-06-30","9","624","0","1","Japan","right","181","4.33","5.19","55.56","7.64","33.96","0.14","1.7","1.15","0","0.16","0","1.73","33.33","0","0.14","0","1.01","42.86","8.65","25","2.45","1.15","0.14","13.7","82.11","4.04","64.29","0.14","100","0.02","0","0.14","100","0.29","1.01","85.71","1.15","62.5","0.58","0.87","100"
"H. Winks","England 2.","Leicester City","LDMF, RDMF","29","12000000","2026-06-30","8","615","0","1","England","right","178","3.22","2.63","38.89","0.44","33.33","0.15","2.48","2.2","0","0.02","0","0.88","0","0","1.61","63.64","1.02","71.43","4.1","50","0.73","1.76","0.15","72.73","92.56","22.24","84.21","1.46","70","0.03","0","0.73","60","0.15","11.12","90.79","2.78","63.16","0.88","9.95","80.88"
"C. Neghli","England 2.","Millwall","RW, RAMF","23","800000","2026-06-30","9","611","2","0","Netherlands","left","179","7.36","5.01","70.59","3.24","31.82","0","3.62","2.21","0.29","0.21","0","2.95","15","10","1.47","40","1.91","53.85","5.3","38.89","1.77","2.21","0.29","34.91","76.37","10.02","55.88","2.5","58.82","0.07","0","0.15","100","0.88","4.42","50","2.65","61.11","1.03","5.3","69.44"
"T. Seko","England 2.","Stoke City","LDMF, LCMF, DMF","27","700000","2027-06-30","9","610","0","1","Japan","right","175","6.64","6.05","43.9","2.8","52.63","0.74","5.69","0.44","0","0.01","0","0.3","0","0","0.59","50","0.3","50","2.66","33.33","0","0.3","0.15","39.84","82.22","11.95","64.2","4.72","43.75","0.04","0","0.15","0","0.15","6.49","50","1.33","33.33","0.15","4.57","77.42"
"M. Sissoko","England 2.","Watford","RCMF, AMF","36","1200000","2026-06-30","8","610","0","0","France","right","187","5.46","4.57","67.74","1.62","9.09","0.15","3.19","0.74","0","0.01","0","0.44","33.33","0","0.89","50","0.59","25","4.43","36.67","1.03","1.33","0.3","22.87","83.87","5.02","73.53","1.33","55.56","0.04","0","0","0","0.3","2.8","68.42","0.89","33.33","0.3","2.07","64.29"
"R. Leonard","England 2.","Millwall","RB","33","300000","","9","609","0","0","England","right","185","9.75","8.28","69.64","6.8","54.35","0","4.23","1.63","0","0.01","0","0.3","0","0","2.81","26.32","0.89","100","2.36","81.25","1.33","1.33","0","32.36","67.58","14.78","56","6.35","44.19","0.1","0","0","0","0.74","7.68","53.85","1.77","41.67","0.59","9.01","77.05"
"C. Forsyth","England 2.","Derby County","LB, LCB","36","100000","2027-06-30","6","606","0","0","Scotland","left","189","8.61","5.2","71.43","3.56","54.17","0.3","5.45","0.74","0","0.01","0","0.15","0","0","0.89","33.33","0.59","75","1.04","57.14","0.15","1.63","0.3","36.53","80.08","17.97","67.77","6.53","47.73","0.04","0","0.15","0","0.3","6.83","58.7","1.63","45.45","0.3","11.73","75.95"
"L. Baker","England 2.","Stoke City","AMF, LDMF, RDMF","30","1800000","2026-06-30","6","604","2","0","England","right","182","5.07","4.02","40.74","1.04","28.57","0.15","5.39","1.19","0.3","0.09","0","0.75","40","40","0.89","33.33","0.6","75","4.32","44.83","1.64","0.15","0.15","31.59","84.91","9.54","64.06","2.53","47.06","0.02","0","0.15","100","0","4.92","54.55","1.04","42.86","0.15","3.73","76"
"G. Bazunu","England 2.","Southampton","GK","23","15000000","2027-06-30","6","603","0","0","Republic of Ireland","right","189","0.9","0.3","100","0.45","100","0","1.08","0.15","0","0","0","0","0","0","0","0","0.15","100","0.45","66.67","0","0","0","20.15","88.89","8.06","72.22","3.73","44","0","0","0","0","0","1.94","23.08","0.3","50","0","2.09","64.29"
"J. Stephens","England 2.","Southampton","CB, LCB, RCB","31","2000000","2028-06-30","6","603","1","0","England","right","185","8.96","4.33","65.52","3.73","44","0.6","10.81","0.45","0.15","0.09","0","0.45","66.67","33.333","0.75","20","0","0","0.6","75","0.9","1.64","0.15","52.24","88.29","17.91","75.83","4.33","34.48","0.03","0","0.15","0","0.15","6.57","61.36","0.9","33.33","0.3","5.07","76.47"
"M. Ivanović","England 2.","Millwall","CF","20","0","","8","597","0","1","Serbia","right","187","2.71","1.66","45.45","9.2","32.79","0.3","3.05","1.36","0","0.36","0","2.41","18.75","0","0.75","40","0.75","80","6.33","14.29","4.97","0.45","0","15.68","63.46","3.02","55","0.75","40","0.13","0","0","0","0.6","1.21","25","1.66","63.64","1.21","1.51","80"
"J. Rudoni","England 2.","Coventry City","AMF, CF, RCMF","24","0","","6","596","2","1","England","left","185","4.53","3.32","59.09","3.02","45","0","3.75","4.98","0.3","0.28","0","2.57","29.41","11.765","3.62","29.17","5.59","56.76","13.14","44.83","3.62","4.53","0.3","38.05","81.75","12.68","76.19","0.76","40","0.25","0","0.15","0","0.91","4.98","78.79","4.98","57.58","2.11","6.19","78.05"
"N. Irankunda","England 2.","Watford","CF","19","0","","9","593","2","1","Tanzania","right","175","3.34","3.34","68.18","4.86","40.63","0","1.53","2.88","0.3","0.25","0","2.73","27.78","11.111","0.76","40","3.49","52.17","11.99","41.77","3.19","3.19","0.76","19.73","73.08","4.86","53.13","1.21","37.5","0.26","0","0","0","0.3","2.12","42.86","1.37","55.56","1.52","1.67","63.64"
"J. Ngakia","England 2.","Watford","RWB, RB, LWB","25","1500000","2027-06-30","7","591","2","0","England","right","184","10.2","7.92","71.15","3.05","50","0.46","6.41","4.26","0.3","0.26","0.15","1.68","36.36","18.182","3.65","29.17","3.2","80.95","5.33","68.57","1.83","1.37","0","30.3","73.37","11.88","65.38","6.85","57.78","0.07","0","0","0","0.46","5.18","64.71","3.05","40","0.61","8.68","75.44"
"L. Brunt","England 2.","Wrexham","LCB","24","400000","2027-06-30","7","586","0","0","England","right","187","8.91","4.15","62.96","5.22","58.82","1.23","6.78","0.15","0","0.03","0","0.31","0","0","0.15","0","0.15","100","1.08","71.43","0.31","0.92","0","37.17","88.02","15.36","78","3.38","40.91","0","0","0","0","0","2.61","64.71","0.15","0","0","4.91","75"
"C. Mepham","England 2.","West Bromwich Albion","LCB","27","6000000","","6","585","0","0","England","right","193","7.38","4.46","86.21","4.31","57.14","0.77","4.09","0","0","0","0","0","0","0","0","0","0","0","0.62","50","0.15","1.85","0","59.23","91.69","20.46","78.95","3.23","38.1","0","0","0","0","0","6.77","65.91","0.46","33.33","0","5.85","68.42"
"J. Edwards","England 2.","Charlton Athletic","LB, LCB","25","400000","","7","585","0","0","England","left","176","7.38","6.92","57.78","7.23","63.83","0.15","4.63","1.23","0","0","0","0.31","0","0","3.23","33.33","0.31","0","2.15","50","0.46","0.31","0.15","27.69","68.33","12","57.69","4.92","40.63","0.18","0","0.31","50","0.15","6.46","50","3.54","43.48","0.62","8","73.08"
"J. Córdoba","England 2.","Norwich City","LCB, LB","24","4500000","2028-06-30","6","585","0","1","Panama","left","187","9.54","6.31","68.29","2.77","38.89","1.08","7.56","0.77","0","0.09","0","0.46","0","0","0.77","40","1.23","37.5","2.77","50","0.62","1.85","0","63.08","85.61","26.77","74.14","6.62","37.21","0.01","0","0.15","0","0","8.31","64.81","1.54","40","0.46","11.23","68.49"
"T. Fellows","England 2.","Southampton","RAMF, RW, RB","22","600000","2027-06-30","8","585","0","1","England","right","183","3.69","4.31","39.29","1.23","37.5","0","2.77","6","0","0.17","0","1.23","25","0","4.92","34.38","6.46","61.9","14.15","42.39","3.85","5.23","0","33.54","81.19","5.54","80.56","0.77","80","0.21","0","0.15","0","1.23","1.69","90.91","4.62","53.33","1.85","3.85","80"
"J. Philogene","England 2.","Ipswich Town","LAMF, RAMF","23","15000000","2029-06-30","8","584","5","0","England","right","179","8.17","5.24","67.65","1.7","18.18","0","7.37","5.39","0.77","0.26","0","2.77","44.44","27.778","2.77","33.33","6.78","47.73","16.34","35.85","3.24","2.93","0.46","22.65","76.87","4.32","71.43","0.92","33.33","0.13","0.15","0","0","0.31","2.47","62.5","2","46.15","0.62","3.7","87.5"
"R. Burrell","England 2.","Queens Park Rangers","CF","24","0","2027-06-30","9","584","1","0","England","right","184","2.93","3.39","50","5.86","31.58","0.15","1.59","1.39","0.15","0.22","0","1.08","57.14","14.286","2","7.69","1.39","44.44","4.93","21.88","4.01","2","0.46","14.79","57.29","2.47","62.5","0.15","0","0.02","0","0","0","0.31","0.92","66.67","1.08","42.86","0.46","0.92","66.67"
"M. James","England 2.","Wrexham","DMF, LCMF","34","600000","2026-06-30","9","575","0","0","England","right","183","7.51","5.79","81.08","2.66","41.18","0.31","3.11","0.16","0","0.01","0","0.47","0","0","0.31","50","0","0","1.41","33.33","0","0.16","0","29.9","86.91","7.67","61.22","3.6","43.48","0.05","0.16","0.16","0","0","4.54","58.62","0.63","25","0","4.07","61.54"
"A. Cochrane","England 2.","Birmingham City","LB","25","1500000","2028-06-30","7","572","0","0","England","left","173","7.55","6.77","58.14","3.93","48","0","5.45","1.42","0","0.04","0","0.63","25","0","2.83","22.22","0.63","100","2.2","57.14","0.31","1.1","0.31","48.15","78.43","23.13","73.47","6.92","29.55","0.04","0","0","0","0","8.34","62.26","2.67","23.53","0.16","8.5","70.37"
"M. Osmajić","England 2.","Preston North End","CF","26","2000000","2027-06-30","6","566","3","0","Montenegro","both","186","1.91","0.48","100","3.34","19.05","0.32","1.71","1.11","0.32","0.48","0","1.43","55.56","33.333","0.16","0","1.27","25","5.88","18.92","2.07","0.8","0.16","7.16","71.11","1.75","45.45","0.64","25","0","0","0","0","0","0.48","0","0.64","100","0.8","0.8","60"
"J. Abankwah","England 2.","Watford","LCB, RCB","21","0","","6","565","0","0","Republic of Ireland","right","182","6.69","4.3","44.44","4.3","70.37","0.32","7.03","0.64","0","0","0","0.16","0","0","0.32","50","0.32","100","3.19","50","0.16","1.59","0.32","49.22","85.11","21.5","75.56","5.58","34.29","0.08","0","0.16","100","0","5.89","62.16","0.8","40","0.16","9.24","58.62"
"M. Johnston","England 2.","Derby County","RB, RWB","21","1000000","","6","563","0","0","England","right","185","6.55","6.23","76.92","1.6","20","0","2.08","3.68","0","0.08","0","0.8","40","0","5.12","34.38","2.56","62.5","2.72","58.82","0.8","1.12","0.16","27.18","63.53","11.19","51.43","5.6","45.71","0","0","0","0","0.32","4.96","54.84","4.8","36.67","0.16","7.99","66"
"C. Shaughnessy","England 2.","Portsmouth","LCB","29","400000","2027-06-30","6","556","0","0","Republic of Ireland","right","191","6.96","4.05","72","5.99","81.08","0.49","5.36","0.16","0","0.01","0","0.49","0","0","0","0","0.16","100","0.81","60","0.97","1.13","0","45.65","86.17","18.62","75.65","4.69","48.28","0","0","0","0","0","6.64","78.05","0.32","0","0.16","9.23","80.7"
"S. McLoughlin","England 2.","Blackburn Rovers","LCB","28","1500000","2026-06-30","7","554","0","0","Republic of Ireland","left","191","8.29","3.41","85.71","8.12","56","0.81","6.17","0","0","0.02","0","0.49","0","0","0","0","0","0","0.49","33.33","0.81","0.16","0","38.83","81.59","19.66","71.9","5.52","41.18","0","0","0","0","0","5.04","58.06","0.65","0","0","7.15","54.55"
"L. Kjerrumgaard","England 2.","Watford","CF","22","550000","","8","552","2","0","Denmark","left","190","4.24","3.26","65","10.76","36.36","0","3.39","1.79","0.33","0.34","0.16","1.79","63.64","18.182","0.33","50","1.14","42.86","8.64","30.19","2.61","0.16","0","11.25","71.01","2.28","42.86","0.49","66.67","0.02","0","0","0","0.33","1.47","55.56","0","0","0.16","0.98","66.67"
"K. Fisher","England 2.","Norwich City","LB, RWB, RB","21","0","","8","550","0","0","England","right","182","12.44","9.98","68.85","2.62","37.5","0.49","6.64","0.33","0","0","0","0","0","0","0.49","33.33","0.98","16.67","4.58","35.71","0.33","0.33","0","36.49","80.72","12.11","62.16","3.44","23.81","0.01","0","0","0","0","3.11","63.16","0.33","50","0.16","7.2","45.45"
"A. Armstrong","England 2.","Southampton","CF, LAMF","28","0","2027-06-30","9","549","3","0","England","right","172","3.61","3.61","63.64","1.31","25","0","1.61","2.79","0.49","0.66","0","3.77","30.43","13.043","0.82","20","2.79","52.94","7.54","32.61","5.9","1.64","0.33","18.03","84.55","2.62","81.25","0","0","0.06","0","0","0","0.33","1.15","85.71","0.49","100","1.31","1.15","57.14"
"C. Elder","England 2.","Derby County","LWB, LB","30","600000","2026-06-30","6","547","1","0","Australia","left","180","7.4","5.59","52.94","8.23","54","0","5.4","2.63","0.16","0.02","0","0.33","50","50","3.78","52.17","0.66","75","1.65","50","0.16","1.15","0.33","31.26","70","15.8","59.38","3.46","57.14","0.07","0","0.16","0","0.33","3.95","62.5","4.11","56","0.49","10.04","67.21"
"M. Sykes","England 2.","Bristol City","RWB, RB","28","1800000","2026-06-30","9","547","0","1","Northern Ireland","right","182","6.91","5.27","62.5","3.13","47.37","0","5.16","1.65","0","0.06","0","0.33","50","0","1.97","41.67","2.47","26.67","5.92","27.78","1.48","0.82","0.33","33.89","76.7","10.69","60","3.78","34.78","0.07","0.16","0","0","0.16","4.28","42.31","2.14","61.54","0.66","7.57","80.43"
"I. Louza","England 2.","Watford","DMF, AMF, RCMF","26","7000000","2028-06-30","6","546","2","1","France","left","178","7.42","5.11","61.29","0.99","66.67","0","5.61","1.65","0.33","0.34","0","2.31","28.57","14.286","1.65","40","0.82","40","5.11","38.71","2.14","2.64","0.82","56.04","91.47","15.66","81.05","4.45","70.37","0.34","0","0.49","0","0.16","6.92","78.57","2.64","56.25","1.15","9.07","83.64"
"M. Stamenić","England 2.","Swansea City","DMF, LDMF","23","5000000","2029-06-30","6","536","0","0","New Zealand","right","188","8.73","5.54","54.55","3.36","35","0.34","8.23","0.17","0","0.02","0","0.17","0","0","0.17","0","0.34","50","3.53","33.33","0.34","0.17","0","49.2","88.4","12.26","64.38","6.04","61.11","0","0.17","0","0","0","5.54","60.61","0.84","20","0.17","4.87","65.52"
"S. Szmodics","England 2.","Ipswich Town","AMF","30","7000000","2028-06-30","9","535","0","0","England","right","167","3.36","3.03","61.11","1.18","28.57","0.17","2.33","2.19","0","0.3","0","2.02","33.33","0","2.69","18.75","1.35","75","5.21","48.39","3.03","1.35","0.17","21.53","73.44","5.55","60.61","2.36","28.57","0.07","0","0","0","0.34","3.36","60","2.36","57.14","1.18","3.87","73.91"
"M. Targett","England 2.","Middlesbrough","LWB, LB, LCB","30","10000000","","6","530","1","1","England","left","183","7.81","4.92","41.38","2.38","57.14","0","6.43","1.19","0.17","0.05","0","0.68","25","25","2.04","33.33","0.51","66.67","1.02","33.33","0.68","0.17","0","44.32","81.61","17.49","71.84","6.96","53.66","0.17","0","0","0","0.17","6.62","58.97","2.21","38.46","0.34","8.66","74.51"
"Z. Inoussa","England 2.","Swansea City","LAMF, LW, LWF","23","2000000","2027-12-31","9","530","0","2","Sweden","right","177","4.08","4.92","41.38","4.25","28","0","3.64","3.57","0","0.12","0","1.19","42.86","0","1.19","28.57","5.6","48.48","13.25","46.15","2.89","1.53","0.17","27","81.13","7.13","69.05","1.36","87.5","0.22","0","0","0","0.85","2.38","71.43","1.36","50","1.19","3.57","71.43"
"K. Dembélé","England 2.","Queens Park Rangers","RAMF, LAMF","22","900000","2026-06-30","8","529","0","0","England","left","167","4.76","5.27","54.84","2.21","15.38","0","1.35","3.23","0","0.18","0","1.87","27.27","0","1.53","33.33","3.57","61.9","8.51","44","2.55","1.53","0.17","24.84","77.4","5.44","62.5","1.87","54.55","0.04","0.34","0","0","0.34","3.06","55.56","2.72","68.75","1.7","4.59","74.07"
"K. Furuhashi","England 2.","Birmingham City","CF","30","14000000","2027-05-31","9","528","0","0","Japan","right","170","2.73","2.56","46.67","3.41","10","0","2.16","1.36","0","0.43","0","1.88","18.18","0","1.19","14.29","1.36","62.5","4.26","40","2.9","0.51","0","6.65","48.72","0.85","60","0.34","0","0","0","0","0","0","0.51","100","0.51","0","0","0.51","66.67"
"M. Johnston","England 2.","West Bromwich Albion","LW, LAMF, RW","26","3000000","2028-06-30","8","528","1","2","Scotland","left","178","4.94","3.24","84.21","1.36","25","0","2.75","8.01","0.17","0.09","0","2.22","30.77","7.692","5.11","33.33","8.86","63.46","14.83","45.98","3.07","5.45","0.68","35.28","80.19","6.48","76.32","1.19","57.14","0.28","0","0","0","0.85","1.88","72.73","5.28","54.84","1.53","4.94","72.41"
"L. Coyle","England 2.","Hull City","RB, RCB","29","1800000","2026-06-30","6","521","0","1","England","right","173","8.12","4.49","61.54","3.63","47.62","0.35","4.97","1.73","0","0.01","0","0.17","0","0","3.45","40","0.52","66.67","1.73","50","0.52","1.38","0.35","31.96","79.46","11.23","67.69","6.56","50","0.2","0.17","0","0","0.86","6.05","57.14","3.97","52.17","0.52","7.26","92.86"
"G. Tanner","England 2.","Bristol City","RCB","25","2500000","2028-06-30","8","519","0","0","England","right","181","9.02","7.98","71.74","4.34","40","0","4.19","0.35","0","0","0","0","0","0","0","0","0.35","100","2.43","50","0","1.04","0","39.54","85.96","16.99","72.45","4.16","45.83","0.02","0","0","0","0.17","4.68","74.07","1.04","50","0.52","6.76","66.67"
"Pol Valentín","England 2.","Preston North End","RWB, RB","28","500000","","7","518","0","0","Spain","right","180","9.9","9.21","54.72","1.56","33.33","0","5.87","2.26","0","0","0","0","0","0","3.13","22.22","3.3","47.37","6.6","44.74","1.22","1.39","0.35","23.46","57.04","10.6","47.54","2.78","25","0.08","0","0","0","0.17","2.26","30.77","2.08","41.67","0.52","7.3","42.86"
"Ž. Vipotnik","England 2.","Swansea City","CF","23","10000","","8","518","4","1","Slovenia","both","185","2.08","0.87","60","8.51","18.37","0","2.55","2.08","0.69","0.43","0.17","2.78","56.25","25","0","0","1.22","42.86","4.34","36","3.65","0.35","0","14.94","79.07","3.3","57.89","1.39","25","0.15","0","0","0","0.69","1.74","80","0.52","33.33","0.87","1.04","66.67"
"T. Sakamoto","England 2.","Coventry City","RAMF, RW, RWF","28","2500000","2026-06-30","7","514","1","0","Japan","right","170","5.43","5.78","54.55","3.15","22.22","0","2.77","5.43","0.18","0.33","0","1.58","22.22","11.111","2.98","47.06","5.08","72.41","7","60","3.15","1.75","0.18","22.06","77.78","5.43","77.42","1.05","33.33","0.17","0","0","0","0.88","1.93","81.82","3.5","65","1.58","4.73","88.89"
"D. Fry","England 2.","Middlesbrough","CB","28","4800000","2026-06-30","6","512","1","0","England","right","191","6.5","2.46","71.43","5.8","51.52","0.88","5.91","0.18","0.18","0.02","0.18","0.18","100","100","0","0","0","0","0.35","50","0.53","0","0","42.01","89.54","12.3","78.57","2.64","40","0.02","0","0","0","0.18","1.76","60","0.35","50","0.35","5.27","50"
"M. Smith","England 2.","Preston North End","CF","33","300000","","9","512","1","0","England","right","191","4.22","3.34","47.37","10.02","54.39","0","2.36","0.88","0.18","0.19","0","1.76","20","10","0.7","25","0.35","100","7.56","11.63","2.99","0.18","0","16","68.13","2.99","23.53","1.05","33.33","0.04","0","0","0","0.18","1.23","42.86","0.88","40","0.53","2.11","33.33"
"W. Lankshear","England 2.","Oxford United","CF","20","0","","6","508","3","0","England","","189","2.83","2.83","62.5","3.37","31.58","0","1.17","1.06","0.53","0.47","0","2.13","33.33","25","0.18","100","0.35","50","7.44","21.43","2.48","0.89","0","14","87.34","2.13","66.67","0.53","100","0.01","0","0","0","0","1.24","71.43","0.71","25","0","0.71","100"
"J. Varane","England 2.","Queens Park Rangers","RDMF, RCMF","24","600000","2028-06-30","8","508","0","0","France","right","189","10.1","4.78","51.85","2.13","66.67","0.53","7.97","0.71","0","0.09","0","1.06","16.67","0","0.35","0","0.71","75","5.14","41.38","0.18","0.18","0","42.52","82.5","14.53","64.63","4.07","52.17","0","0","0","0","0","7.62","74.42","0.71","25","0.35","6.91","69.23"
"J. Lowe","England 2.","Sheffield Wednesday","CF","31","1500000","","9","507","1","0","England","right","183","4.08","4.26","54.17","5.68","34.38","0","1.33","1.95","0.18","0.11","0","1.24","14.29","14.286","1.42","37.5","2.13","58.33","6.04","38.24","1.78","0.89","0.36","15.8","77.53","4.97","64.29","0.71","25","0.08","0.18","0","0","0.36","1.78","60","1.24","57.14","0.36","1.78","80"
"K. Joseph","England 2.","Hull City","CF, LAMF, LW","24","400000","2026-06-30","8","506","2","0","Scotland","right","185","5.87","6.4","50","6.05","32.35","0.18","3.31","1.96","0.36","0.5","0","1.6","44.44","22.222","0.53","0","1.6","77.78","6.58","32.43","3.02","0.53","0.36","18.14","65.69","4.09","65.22","0.53","66.67","0.09","0","0","0","0.71","0.53","33.33","0.53","33.33","0.89","1.6","55.56"
"A. Emakhu","England 2.","Millwall","LW, RW, LAMF","21","900000","2026-06-30","9","505","0","0","Republic of Ireland","right","180","6.24","5.52","67.74","0.71","25","0","2.65","6.24","0","0.1","0","1.6","22.22","0","3.74","47.62","7.66","48.84","13.37","38.67","2.32","3.92","0.36","16.04","68.89","3.39","63.16","1.25","71.43","0.12","0","0.71","50","0.53","1.25","57.14","3.92","63.64","1.07","4.81","74.07"
"C. Kelman","England 2.","Charlton Athletic","CF","23","300000","","9","505","0","0","England","right","180","2.67","2.14","41.67","9.27","13.46","0.18","2.26","1.78","0","0.06","0","0.53","66.67","0","1.07","0","1.78","80","8.55","27.08","1.78","1.07","0.36","8.91","60","1.96","63.64","0.36","0","0","0","0","0","0","0.71","50","0.89","40","0.53","0.71","75"
"A. Okonkwo","England 2.","Wrexham","GK","24","1800000","","6","504","0","0","England","right","198","0.36","0","0","0.71","100","0","0.41","0","0","0","0","0","0","0","0","0","0","0","0","0","0","0","0","12.86","79.17","8.21","71.74","6.79","65.79","0","0","0","0","0","1.61","66.67","0","0","0","5.54","77.42"
"T. Harwood-Bellis","England 2.","Southampton","RCB, LCB","23","22000000","2028-06-30","5","501","1","0","England","right","188","7.19","4.13","56.52","5.21","65.52","0.18","8.18","0.72","0.18","0.19","0.18","1.26","57.14","14.286","0.36","0","0","0","1.8","60","1.8","0.54","0","59.28","86.97","22.81","75.59","5.75","40.63","0.01","0","0","0","0.18","7.72","69.77","1.26","28.57","0.36","8.98","66"
"C. Drameh","England 2.","Hull City","RB","23","3000000","2027-06-30","6","501","0","1","England","right","181","12.22","8.62","56.25","3.95","31.82","0.72","9.21","1.26","0","0.08","0","0.72","75","0","0.9","40","1.08","33.33","4.67","42.31","0.9","0.54","0.18","31.44","80","10.6","67.8","2.34","61.54","0.19","0","0","0","0.54","3.05","64.71","1.08","50","0.18","6.29","57.14"
"R. Slater","England 2.","Hull City","RCMF, RDMF, LDMF","26","3500000","2026-06-30","9","500","0","0","England","right","173","6.66","6.12","55.88","1.98","54.55","0.54","3.87","1.98","0","0.12","0","0.9","20","0","0.54","100","1.44","87.5","4.14","56.52","1.98","0.72","0","28.62","84.91","7.56","64.29","4.14","69.57","0.06","0","0","0","0.18","3.78","71.43","1.26","100","1.26","4.14","78.26"
"J. Quarshie","England 2.","Southampton","LCB","21","800000","2029-06-30","5","497","0","0","Germany","right","196","6.7","3.8","47.62","2.9","68.75","0.18","7.57","0.36","0","0.03","0","0.36","0","0","0","0","0.36","100","2.17","41.67","0.18","1.45","0","64.1","90.4","25.17","82.01","4.89","55.56","0","0","0","0","0","8.51","68.09","0.36","0","0","7.97","72.73"
"A. Devine","England 2.","Preston North End","RCMF, CF","21","2200000","","8","497","2","2","England","right","182","6.7","6.7","62.16","1.45","50","0","3.02","1.27","0.36","0.18","0","1.81","30","20","1.99","18.18","1.81","20","4.89","33.33","2.54","1.27","0.36","29.7","72.56","8.15","46.67","3.8","47.62","0.08","0","0","0","0.36","5.61","64.52","1.45","12.5","0.54","4.89","66.67"
"C. Coady","England 2.","Wrexham","CB","32","3000000","2026-06-30","5","497","0","0","England","right","185","8.87","4.89","81.48","1.81","30","0.91","5.61","0","0","0.12","0","0.36","0","0","0","0","0","0","0.36","0","0.36","0","0","39.84","87.27","16.66","71.74","7.24","60","0.06","0","0","0","0.18","4.16","65.22","0.91","20","0.18","7.06","64.1"
"R. Norrington-Davies","England 2.","Queens Park Rangers","LB, LCB","26","2500000","","6","497","0","0","Saudi Arabia","left","181","7.61","7.06","46.15","6.34","74.29","0","6","1.09","0","0.05","0","0.36","0","0","1.45","25","1.09","66.67","3.44","42.11","0.36","0.91","0.72","33.14","79.78","15.21","71.43","3.44","36.84","0.01","0","0","0","0.18","4.16","73.91","1.81","40","0.36","6.88","63.16"
"L. Miller","England 2.","Blackburn Rovers","RCB, RB","25","800000","2026-05-31","8","494","0","0","Australia","right","187","10.38","5.83","65.63","6.74","64.86","0.91","8.5","0.55","0","0.09","0","0.73","0","0","1.46","12.5","0.73","50","4.01","36.36","2.19","0.55","0","36.8","74.75","17.85","64.29","5.65","35.48","0.02","0","0","0","0","4.19","56.52","0.91","40","0","7.83","58.14"
"C. Chaplin","England 2.","Portsmouth","AMF, RAMF, RW","28","7000000","2026-06-30","8","491","0","0","England","left","168","3.67","2.93","43.75","2.57","35.71","0.37","2.7","1.65","0","0.23","0","2.38","0","0","2.02","27.27","1.83","60","5.32","44.83","2.38","1.1","0","28.23","75.32","7.15","58.97","2.2","50","0.03","0","0","0","0","2.75","66.67","3.67","55","1.65","3.85","76.19"
"B. Clark","England 2.","Derby County","AMF, RAMF, LAMF","20","0","2029-06-30","8","491","0","0","England","right","178","7.15","7.52","39.02","1.47","50","0","4.92","0.73","0","0.07","0","1.28","14.29","0","1.1","0","3.3","16.67","8.07","22.73","1.1","1.47","0.55","21.08","66.09","6.05","57.58","1.65","11.11","0.05","0","0.18","0","0.37","2.38","38.46","0.92","40","0.18","3.12","47.06"
"P. Nardi","England 2.","Queens Park Rangers","GK","31","2500000","","5","488","0","0","France","right","187","0.74","0","0","0.37","50","0","0.93","0","0","0","0","0","0","0","0","0","0","0","0.18","100","0","0","0","16.6","87.78","10.33","80.36","8.48","78.26","0","0","0","0","0","2.4","53.85","0.18","0","0","6.64","91.67"
"M. McGuinness","England 2.","Sheffield United","CB, LCB, RCB","24","4500000","2027-06-30","5","488","0","0","England","right","194","6.45","2.58","64.29","6.27","52.94","0.92","6.11","0","0","0","0","0","0","0","0.18","0","0","0","0.74","25","0.74","0.18","0","44.26","83.33","18.26","72.73","4.98","48.15","0","0","0","0","0","5.35","72.41","0","0","0.18","8.67","55.32"
"W. Faes","England 2.","Leicester City","RCB","27","0","2027-06-30","8","486","1","0","Belgium","right","187","6.11","3.7","60","4.44","37.5","0.37","4.91","0.74","0.19","0.12","0.19","0.74","50","25","0.74","50","0","0","0.93","20","0.93","1.11","0","60","92.28","22.96","87.9","5.19","60.71","0","0","0.19","0","0","7.04","84.21","0.93","40","0","8.33","80"
"J. Robinson","England 2.","Birmingham City","LCB","32","1000000","2027-06-30","6","486","0","0","England","left","168","5.56","3.15","70.59","6.85","59.46","1.11","4.86","0","0","0.05","0","0.19","0","0","0","0","0.19","0","1.11","50","0.19","0.56","0.19","48.15","90.77","15.37","74.7","5.37","58.62","0.01","0","0","0","0","4.63","60","0.19","100","0","5","77.78"
"F. Azaz","England 2.","Southampton","AMF, RW","25","5000000","2028-06-30","8","482","1","1","England","right","185","5.98","4.29","65.22","1.68","22.22","0","3.88","2.05","0.19","0.17","0","1.87","30","10","2.43","7.69","2.8","46.67","7.84","38.1","3.17","1.87","0","34.92","72.73","10.83","58.62","2.8","53.33","0.19","0","0.37","0","0.56","6.16","66.67","3.55","52.63","2.24","6.35","61.76"
"S. Silvera","England 2.","Middlesbrough","LWB, RB, LB","24","1200000","2026-06-30","6","482","0","0","England","right","170","7.28","8.59","52.17","4.11","54.55","0.19","2.73","2.8","0","0.01","0","0.75","0","0","3.17","23.53","4.67","44","7.84","45.24","1.31","3.55","0.37","33.24","75.28","9.9","64.15","3.17","35.29","0.01","0","0","0","0","3.92","57.14","2.24","25","0","5.79","54.84"
"M. Whittaker","England 2.","Middlesbrough","AMF, RWF","24","12000000","2027-06-30","8","481","0","2","England","left","183","4.86","4.86","57.69","1.68","33.33","0","2.14","2.25","0","0.05","0","1.5","37.5","0","0.94","40","2.43","53.85","7.67","46.34","2.81","1.31","0.19","26.94","76.39","6.36","64.71","0.19","100","0.1","0.19","0.37","0","0.19","2.25","75","1.12","83.33","0.94","3.56","68.42"
"C. Okoli","England 2.","Leicester City","RCB","24","0","2029-06-30","6","481","0","0","Italy","right","191","9.17","4.12","77.27","5.61","53.33","1.5","8.91","0","0","0.02","0","0.19","0","0","0.19","0","0","0","1.12","50","0.37","0.37","0","51.08","84.25","22.27","74.79","5.05","44.44","0.05","0","0","0","0.37","5.43","72.41","0.56","33.33","0.37","9.36","58"
"K. McLean","England 2.","Norwich City","LDMF, LCMF, RCMF","33","900000","2026-06-30","6","476","0","0","Scotland","left","183","7.37","3.97","66.67","1.51","12.5","0.57","5.48","0.95","0","0.01","0","0.19","100","0","1.32","28.57","0.57","33.33","4.92","61.54","0.57","1.13","0","53.13","79.72","24.01","68.5","7.75","43.9","0.07","0","0.19","100","0.38","12.29","67.69","2.65","50","1.13","11.72","74.19"
"H. Amass","England 2.","Sheffield Wednesday","LWB","18","0","","5","472","0","0","England","left","181","9.15","6.48","67.65","4.19","27.27","0.38","5.04","2.67","0","0.03","0","0.95","20","0","2.67","21.43","3.05","62.5","11.44","43.33","0.95","1.14","0","26.5","73.38","10.11","60.38","3.62","42.11","0","0","0","0","0","3.24","52.94","2.67","42.86","0.38","4.77","72"
"P. Neumann","England 2.","Birmingham City","RCB","28","2500000","","5","467","0","0","Germany","right","192","5.59","5.2","66.67","3.47","72.22","0.19","3.67","0.77","0","0","0","0","0","0","0.58","0","0.96","80","2.31","58.33","0.19","0.77","0","51.26","87.97","15.22","72.15","3.85","40","0","0","0","0","0","5.2","62.96","0.58","0","0","4.82","60"
"N. Wood","England 2.","Southampton","CB, RCB","23","3800000","","5","465","0","1","England","right","188","10.06","6.19","75","3.87","45","1.16","7.09","0.19","0","0","0","0","0","0","0","0","0.39","50","1.35","28.57","0.77","0.39","0","57.68","91.28","12.97","76.12","3.48","55.56","0.1","0","0","0","0.19","2.9","60","0","0","0.19","5.81","50"
"E. Mason-Clark","England 2.","Coventry City","LAMF, LWF, LW","26","4500000","2028-06-30","6","458","1","1","England","right","178","5.11","5.5","64.29","3.73","31.58","0","2.28","5.11","0.2","0.28","0.2","1.97","50","10","3.54","33.33","5.31","55.56","18.08","32.61","6.29","2.55","0","23.19","75.42","4.32","86.36","0.79","100","0.15","0.2","0","0","0.79","1.18","83.33","2.36","66.67","1.77","3.14","93.75"
"M. Bola","England 2.","Watford","LWB, LB","27","1000000","","5","452","0","0","England","left","185","5.97","2.39","50","2.39","66.67","0.4","7.27","2.59","0","0","0","0.2","0","0","4.58","34.78","1.39","71.43","3.98","45","1.59","2.39","0","37.83","73.16","13.74","66.67","5.38","48.15","0.08","0","0","0","0.4","4.78","54.17","4.38","50","0.8","8.96","66.67"
"G. Leigh","England 2.","Oxford United","LB","31","300000","","8","452","1","0","England","left","180","8.36","5.77","48.28","4.98","48","0.4","5.83","1.59","0.2","0.1","0.2","0.8","50","25","1","60","1","60","1.39","71.43","1.99","0.4","0","25.49","61.72","12.54","44.44","5.58","28.57","0.03","0","0","0","0","5.18","26.92","1.39","28.57","0.2","6.37","46.88"
"A. Kargbo","England 2.","Blackburn Rovers","RAMF, LAMF, RW","26","600000","2026-06-30","9","452","1","1","Sierra Leone","right","172","4.38","4.58","69.57","2.79","21.43","0","1.65","4.18","0.2","0.35","0","1.59","37.5","12.5","2.79","28.57","4.58","60.87","10.55","41.51","4.38","2.79","0","18.92","67.37","5.97","63.33","1.59","37.5","0.1","0","0","0","0.4","1.19","66.67","1.79","44.44","1","3.78","57.89"
"Z. Swanson","England 2.","Portsmouth","RB","25","200000","","7","447","0","0","England","right","189","12.68","10.07","68","3.42","35.29","0.4","6.92","0.4","0","0.05","0","1.01","20","0","1.21","0","0.81","25","3.42","29.41","1.21","1.41","0.2","34.83","75.72","14.09","62.86","4.23","47.62","0","0","0","0","0","5.23","57.69","1.41","14.29","0","7.45","51.35"
"J. Cajuste","England 2.","Ipswich Town","LDMF","26","0","","8","444","0","0","Sweden","right","188","9.73","4.26","66.67","1.62","62.5","0.81","10","2.23","0","0.04","0","0.81","25","0","0.41","0","3.65","55.56","9.53","48.94","0.41","1.01","0.2","39.73","81.63","10.34","64.71","2.43","58.33","0.05","0","0","0","0.2","6.08","83.33","1.82","22.22","0.41","7.5","51.35"
"E. Kayembe","England 2.","Watford","LCMF","27","3000000","2026-06-30","8","443","0","0","Congo DR","left","183","3.86","3.86","63.16","3.05","40","0","2.33","1.02","0","0.05","0","1.22","33.33","0","1.42","28.57","0.41","50","8.53","30.95","0.61","1.02","0","39.41","84.02","11.17","72.73","2.44","66.67","0.07","0.2","0.2","0","0.41","6.09","66.67","2.03","40","0.41","4.67","73.91"
"C. Ogbene","England 2.","Sheffield United","RB, RWB, RW","28","8000000","2028-06-30","6","441","0","1","Nigeria","right","181","3.88","2.45","75","5.51","14.81","0","2.83","3.47","0","0.01","0","0.2","0","0","4.49","22.73","3.67","66.67","9.8","50","2.65","3.27","0.82","29.59","78.62","4.69","65.22","1.22","0","0.06","0","0","0","0.61","1.02","100","3.47","64.71","1.63","3.47","64.71"
"E. Laird","England 2.","Birmingham City","LB, RB","24","2500000","2028-06-30","7","436","0","1","England","right","177","9.29","6.61","71.88","8.26","62.5","0.21","6.84","2.68","0","0.22","0","1.24","16.67","0","2.27","18.18","3.51","58.82","9.08","52.27","1.86","2.48","0.62","45.62","84.16","15.89","77.92","1.44","28.57","0.04","0","0","0","0.41","5.78","85.71","1.44","28.57","0.21","7.02","70.59"
"J. Currie","England 2.","Oxford United","LB","23","0","","7","432","0","0","England","left","175","10.63","10","58.33","5.63","59.26","0.42","5.45","2.29","0","0.01","0","0.21","100","0","3.75","33.33","1.88","44.44","4.58","27.27","1.67","1.25","0.21","37.92","79.67","10.63","66.67","4.79","56.52","0.07","0","0.21","0","0.83","5.21","72","3.75","33.33","0.63","7.71","75.68"
"M. Leaburn","England 2.","Charlton Athletic","CF","21","0","","9","432","0","0","England","right","195","4.58","2.5","66.67","16.46","43.04","0","3.37","1.46","0","0.22","0","1.67","37.5","0","1.04","20","1.67","37.5","7.29","42.86","3.33","0.42","0","11.25","59.26","3.96","52.63","1.04","40","0.09","0","0","0","0.42","1.88","55.56","1.46","57.14","0.83","1.46","85.71"
"P. Płacheta","England 2.","Oxford United","RW, RAMF","27","1000000","2026-06-30","7","429","1","0","Poland","left","178","3.57","5.45","38.46","1.05","0","0","1.91","5.66","0.21","0.2","0","3.15","26.67","6.667","3.36","31.25","6.5","58.06","10.7","49.02","3.15","3.15","0.63","33.15","74.68","5.87","50","3.15","53.33","0.1","0","0","0","0.42","3.78","55.56","2.52","41.67","0.84","4.62","63.64"
"H. Vale","England 2.","Queens Park Rangers","RAMF, RW, AMF","22","1500000","2028-06-30","7","427","1","1","England","left","181","7.17","5.06","66.67","3.16","46.67","0.21","4.55","1.9","0.21","0.08","0","1.05","60","20","2.11","40","0.84","50","7.38","25.71","3.79","1.26","0","26.35","72","11.59","65.45","1.69","50","0.3","0.21","0","0","0.63","5.06","54.17","2.53","33.33","1.05","6.96","72.73"
"N. Schmid","England 2.","Portsmouth","GK","28","400000","2026-06-30","5","426","0","0","Austria","both","195","1.69","0","0","0.85","100","0","2.22","0","0","0","0","0","0","0","0","0","0","0","0","0","0","0","0","33.38","78.48","18.38","65.52","15.42","58.9","0","0","0","0","0","9.93","55.32","1.69","0","0","10.56","84"
"L. Cullen","England 2.","Swansea City","CF, AMF","26","1200000","2028-06-30","8","425","1","0","Wales","left","178","4.45","3.6","47.06","6.35","33.33","0.85","4.15","0.85","0.21","0.24","0","1.27","33.33","16.667","0","0","0.64","33.33","4.24","20","2.33","0.42","0","14.82","64.29","4.87","43.48","0.85","50","0.02","0","0.21","100","0.42","1.48","42.86","0.64","66.67","0","1.91","22.22"
"J. Clarke","England 2.","Ipswich Town","LAMF, RAMF, LW","24","15000000","2029-06-30","9","421","4","0","England","right","181","4.06","4.7","54.55","0.43","0","0","2.8","4.7","0.43","0.59","0","1.71","50","50","1.28","66.67","5.13","58.33","15.18","40.85","2.14","2.78","0","29.07","74.26","6.2","55.17","1.07","40","0.06","0","0","0","0.43","2.78","69.23","2.57","50","0.86","4.49","52.38"
"C. Jander","England 2.","Southampton","RDMF, RCMF, LDMF","22","0","2028-06-30","5","417","0","0","Germany","right","183","11.01","10.36","58.33","1.94","22.22","0.22","6.4","0.65","0","0.02","0","0.22","0","0","0.22","100","0.43","100","2.81","69.23","0.65","1.08","0","46.62","91.67","12.95","86.67","1.94","77.78","0.1","0","0.22","0","0.22","4.96","95.65","0.86","50","0.43","4.75","81.82"
"J. Bryan","England 2.","Millwall","LB","32","1200000","2027-06-30","5","417","0","0","England","left","170","9.71","6.69","58.06","2.37","54.55","0.65","6.73","2.16","0","0","0","0.22","0","0","2.59","41.67","1.08","100","2.16","60","0.65","1.73","0.22","51.37","77.73","30.43","69.5","8.85","48.78","0.09","0","0.43","0","0.86","12.95","71.67","5.61","50","1.94","14.89","79.71"
"S. Cook","England 2.","Queens Park Rangers","LCB, RCB","34","600000","","6","417","0","0","England","right","185","6.26","2.16","80","5.18","75","0.86","6.06","0","0","0.04","0","0.43","0","0","0.22","0","0","0","0.43","50","1.08","1.51","0","43.17","88.5","13.6","79.37","6.26","65.52","0.01","0","0","0","0","4.75","68.18","0.43","50","0.22","6.47","70"
"R. Apter","England 2.","Charlton Athletic","RAMF, RB, RW","22","0","2029-06-30","5","414","1","0","England","left","175","5.65","5.43","60","0.65","66.67","0","3.51","8.04","0.22","0.12","0","1.96","33.33","11.111","6.52","43.33","7.39","61.76","12.39","49.12","2.39","2.39","0","20.22","66.67","6.09","60.71","1.74","37.5","0.22","0","0","0","1.09","1.3","83.33","5.65","61.54","0.43","6.09","82.14"
"K. Saito","England 2.","Queens Park Rangers","LAMF, LW","24","4000000","","6","411","1","0","Japan","right","170","5.47","4.6","61.9","1.09","0","0.22","2.52","3.5","0.22","0.23","0","2.85","46.15","7.692","1.75","12.5","4.6","42.86","10.29","40.43","5.04","2.19","0.22","21.46","76.53","8.32","78.95","1.31","66.67","0.06","0","0","0","0.22","2.41","90.91","1.31","33.33","0.44","3.5","75"
"J. Robinson","England 2.","Southampton","AMF, LW","18","0","","7","409","1","0","England","","0","6.38","7.48","55.88","1.98","44.44","0.44","3.66","4.4","0.22","0.48","0.22","2.86","38.46","7.692","1.76","25","6.16","42.86","15.18","30.43","4.84","2.86","0.22","17.6","67.5","3.74","41.18","0.88","25","0.04","0","0.22","100","0.44","1.32","66.67","3.08","21.43","0.44","1.32","50"
"S. Mavididi","England 2.","Leicester City","LAMF, LW","27","0","2028-06-30","7","409","0","0","England","right","182","5.5","5.06","65.22","2.2","30","0","2.61","4.84","0","0.25","0","1.54","57.14","0","2.64","25","6.82","45.16","11.88","42.59","3.52","4.62","0.22","27.73","78.57","4.4","65","0.88","50","0.17","0","0.22","100","0.22","1.32","83.33","2.2","50","0.66","3.3","73.33"
"P. Diallo","England 2.","Norwich City","LWB, LW, LAMF","21","0","2029-06-30","5","407","0","0","Senegal","right","182","6.19","5.31","62.5","3.32","33.33","0","3.86","3.32","0","0.14","0","1.11","40","0","2.21","40","3.1","64.29","5.97","37.04","2.21","2.65","1.11","29.63","73.88","8.85","55","2.43","45.45","0.14","0","0","0","0.44","2.43","63.64","3.1","42.86","0.44","6.41","72.41"
"D. Ward","England 2.","Wrexham","GK","32","1800000","","4","405","0","0","Wales","right","191","0.89","0","0","0.22","100","0","1.01","0","0","0","0","0","0","0","0","0","0","0","0","0","0","0","0","13.11","76.27","7.78","60","7.11","56.25","0.07","0","0","0","0.22","2.22","30","0.44","50","0.22","5.33","75"
"J. Windass","England 2.","Wrexham","AMF, CF","31","500000","","6","404","3","0","England","right","176","3.56","3.12","57.14","1.11","20","0","1.76","2.9","0.45","0.31","0","2.67","33.33","25","1.78","25","2.45","54.55","4.9","50","1.56","1.11","0","31.19","79.29","9.58","65.12","2.45","54.55","0.22","0.22","0.22","100","0.45","3.56","62.5","2.45","54.55","0.67","4.9","68.18"
"F. Downes","England 2.","Southampton","RCMF, RDMF","26","9000000","2028-06-30","6","400","0","0","England","right","178","5.85","4.95","54.55","3.83","52.94","0.45","5.68","0.68","0","0.12","0","0.45","0","0","0.68","33.33","0.45","100","3.83","41.18","1.8","1.13","0.23","37.35","87.95","10.35","73.91","2.25","50","0.01","0","0","0","0.23","3.15","71.43","0.9","100","0.68","4.5","70"
"E. Weaver","England 2.","Sheffield Wednesday","CB","19","0","","6","399","0","0","England","","0","11.5","6.32","75","6.54","41.38","1.58","8.08","0","0","0.01","0","0.23","0","0","0","0","0","0","1.35","66.67","0.45","0","0","32.26","73.43","13.53","51.67","5.64","24","0","0","0","0","0","2.48","18.18","0.23","0","0","6.99","32.26"
"J. Monga","England 2.","Leicester City","LAMF","16","0","","8","399","1","1","England","unknown","0","3.83","5.19","65.22","0.68","0","0","0.77","4.74","0.23","0.08","0","0.9","50","25","3.16","28.57","8.12","41.67","18.72","34.94","3.16","3.83","0","22.56","79","4.96","77.27","0.23","0","0.1","0","0","0","0.45","0.45","100","2.71","58.33","0.68","2.93","76.92"
"P. Mattsson","England 2.","Norwich City","RDMF, LDMF","24","650000","2028-06-30","4","399","0","1","Denmark","right","181","13.08","10.15","71.11","3.61","62.5","0.23","7.04","0.45","0","0.01","0","0.68","0","0","0.45","100","0.45","0","3.83","17.65","0.45","0.68","0.23","38.57","80.12","12.18","59.26","3.61","37.5","0.21","0","0","0","0.23","5.41","58.33","2.03","55.56","0.9","7.22","71.88"
"T. Gardner-Hickman","England 2.","Blackburn Rovers","LDMF, RAMF, RB","23","2500000","2026-06-30","6","398","0","0","England","right","188","7.91","6.78","50","3.17","50","0.23","5.57","0","0","0.03","0","0.45","0","0","0","0","0","0","2.26","50","0.45","0.9","0","37.54","84.34","12.66","64.29","7.24","53.13","0.02","0","0","0","0","7.46","63.64","0.45","0","0","7.24","71.88"
"J. Walsh","England 2.","Queens Park Rangers","GK","23","150000","","4","397","0","0","England","right","193","0.91","0","0","0.68","100","0","1.22","0","0","0","0","0","0","0","0","0","0","0","0.23","100","0","0","0","26.07","84.35","16.1","77.46","10.88","75","0","0","0","0","0","4.08","55.56","0.68","0","0","9.52","83.33"
"M. Pollock","England 2.","Watford","LCB, CB","24","500000","2029-06-30","4","394","0","0","England","right","190","6.62","2.51","72.73","6.85","63.33","0.46","7.5","0.46","0","0.11","0","0.23","0","0","0.46","0","0.69","66.67","2.51","54.55","0.69","0.91","0","47.74","85.17","21.93","78.13","4.57","55","0","0","0","0","0","4.57","85","0.69","33.33","0.23","7.99","65.71"
"J. Wallace","England 2.","West Bromwich Albion","RAMF, RW, CF","31","3000000","2026-06-30","9","392","1","0","England","right","178","6.66","5.97","69.23","1.61","14.29","0","2.9","2.3","0.23","0.1","0","1.38","33.33","16.667","5.51","20.83","0.92","75","4.36","31.58","1.84","1.84","0.46","28.47","71.77","4.82","66.67","1.61","14.29","0.07","0","0","0","0.69","2.53","72.73","2.98","46.15","0","5.51","75"
"H. Choudhury","England 2.","Leicester City","RB","28","4500000","2027-06-30","6","389","0","0","England","right","178","9.02","7.87","64.71","1.85","50","0.69","5.52","0.23","0","0","0","0","0","0","0.46","0","0.23","0","2.08","33.33","0.23","0.23","0.23","63.16","88.28","20.59","78.65","4.86","52.38","0.01","0","0.23","100","0.23","6.71","75.86","1.85","50","0.93","10.87","63.83"
"L. Barry","England 2.","Sheffield United","LWF, LAMF, LW","22","800000","2028-06-30","7","389","0","0","England","right","174","2.78","3.93","47.06","2.08","0","0","1.45","3.93","0","0.12","0","1.16","40","0","4.4","10.53","5.32","56.52","8.33","41.67","3.7","4.4","0.46","24.29","76.19","3.24","78.57","0.23","100","0.02","0","0","0","0","0.93","50","3.47","26.67","0.69","1.62","100"
"Sidnei Tavares","England 2.","Blackburn Rovers","LDMF","24","400000","2028-06-30","6","388","0","0","Portugal","right","188","5.8","5.8","68","2.09","33.33","0","2.47","0","0","0.1","0","1.16","0","0","0","0","0.23","0","3.71","43.75","0.93","0.46","0","35.95","82.58","9.74","61.9","4.18","50","0.01","0.23","0.23","0","0","5.1","50","0.93","25","0.23","3.94","58.82"
"J. Bree","England 2.","Charlton Athletic","RWB, RAMF, RW","27","2200000","2026-06-30","5","387","2","2","England","right","172","6.51","5.35","56.52","5.12","36.36","0.23","4","2.33","0.47","0.08","0","1.4","33.33","33.333","3.26","50","0.47","50","2.79","41.67","2.33","0.93","0.47","28.6","73.17","10","60.47","2.79","33.33","0.37","0","0","0","1.16","4.42","52.63","3.95","64.71","1.63","7.21","64.52"
"R. Edwards","England 2.","Southampton","RCB, RB","22","3800000","2028-06-30","5","386","0","0","England","right","185","6.99","4.43","68.42","3.5","66.67","0.23","6.22","0.47","0","0","0","0","0","0","0.7","33.33","0.23","100","1.17","40","0.7","0.93","0","65.75","89.72","24.02","77.67","4.9","38.1","0.05","0","0","0","0.23","8.39","75","0.47","50","0.23","7.69","72.73"
"T. Bindon","England 2.","Sheffield United","RCB, LCB","20","0","","4","384","0","0","United States","right","0","7.5","3.28","50","6.09","65.38","0.23","8.31","0","0","0","0","0.23","0","0","0","0","0","0","1.17","20","0.23","0.47","0","57.42","87.76","20.63","73.86","6.09","34.62","0","0","0","0","0","5.39","52.17","0.47","0","0","8.44","58.33"
"J. Williams","England 2.","Portsmouth","RB, LB","25","1000000","2027-06-30","6","383","0","1","England","right","179","8.69","6.34","77.78","2.35","60","0.23","4.55","1.88","0","0","0","0","0","0","1.41","66.67","1.17","80","2.82","58.33","0.47","0.23","0.47","26.55","81.42","8.93","63.16","3.05","69.23","0.07","0","0","0","0.47","2.58","63.64","1.17","60","0","4.93","66.67"
"P. Daka","England 2.","Leicester City","CF","26","12000000","2026-06-30","9","382","0","1","Zambia","right","183","4.01","3.06","69.23","5.18","22.73","0.71","2.66","0.71","0","0.19","0","1.88","25","0","0.24","0","0.71","33.33","10.13","16.28","3.53","0.71","0","16.26","84.06","1.18","0","0","0","0.06","0","0.24","0","0.24","0.71","33.33","0","0","0.71","0.24","0"
"K. McAteer","England 2.","Ipswich Town","RAMF","23","0","2028-06-30","8","381","0","0","England","right","177","6.38","6.14","46.15","2.13","44.44","0.24","6.09","1.89","0","0.08","0","0.71","66.67","0","2.36","10","2.83","33.33","7.09","43.33","3.07","1.89","0.71","23.86","68.32","3.54","53.33","1.18","40","0.06","0","0.24","100","0.47","2.13","66.67","2.6","45.45","0.94","3.78","56.25"
"S. Dembélé","England 2.","Oxford United","LW, LAMF","29","2200000","2026-06-30","9","377","0","0","Côte d'Ivoire","right","173","6.21","5.25","59.09","2.86","8.33","0.24","3.56","3.58","0","0.16","0","0.95","0","0","1.91","25","7.16","43.33","14.8","32.26","2.63","3.58","0.72","15.28","76.56","2.86","83.33","0","0","0.08","0","0","0","0.72","0.48","100","1.91","37.5","0.95","1.91","50"
"D. Ozoh","England 2.","Derby County","LCMF, LDMF, RCMF","20","0","2026-05-31","7","376","0","0","Spain","right","0","7.66","6.94","58.62","1.44","33.33","0","4.77","1.68","0","0","0","0","0","0","0.96","0","1.91","87.5","5.98","52","0.96","1.44","0","32.55","91.91","7.66","87.5","0.24","100","0","0","0","0","0","3.11","100","0.24","100","0","3.11","76.92"
"L. Cundle","England 2.","Millwall","LCMF, AMF, LW","23","5000000","2026-06-30","6","376","1","0","England","right","170","6.94","3.35","71.43","1.91","37.5","0.24","7.31","1.44","0.24","0.12","0","1.2","60","20","0.96","50","0.48","50","3.35","35.71","2.63","1.68","0.24","36.38","86.84","8.62","75","1.44","66.67","0.07","0","0","0","0.24","4.55","78.95","1.2","60","0.96","5.27","77.27"
"Eom Ji-Sung","England 2.","Swansea City","LAMF, LWF","23","700000","2028-06-30","8","376","0","0","Korea Republic","right","176","5.98","5.74","50","5.51","52.17","0.24","3.84","3.83","0","0.06","0","1.44","66.67","0","1.91","37.5","5.03","42.86","11.97","32","1.68","2.39","0","23.22","79.38","3.83","37.5","1.44","50","0.1","0","0","0","0","1.68","71.43","1.68","57.14","0.48","3.11","53.85"
"N. Prelec","England 2.","Oxford United","CF","24","800000","2027-06-30","6","375","1","0","Slovenia","left","187","3.6","1.68","42.86","9.12","34.21","0","3.75","1.2","0.24","0.09","0.24","0.72","66.67","33.333","0.48","0","1.44","50","7.68","18.75","2.16","0.72","0.24","15.6","76.92","2.64","45.45","0.48","50","0.03","0","0","0","0","1.2","80","0","0","0.48","2.16","66.67"
"J. Murphy","England 2.","Portsmouth","LAMF","30","500000","","4","372","0","1","England","right","173","4.84","5.56","47.83","0.24","0","0","1.96","8.23","0","0.19","0","2.42","10","0","9.44","23.08","9.19","63.16","14.52","60","2.42","3.63","0","23.47","44.33","5.56","43.48","4.6","47.37","0.25","0","0","0","0.48","3.87","56.25","8.47","25.71","0.73","6.77","75"
"S. Field","England 2.","Queens Park Rangers","LDMF, RDMF","27","3200000","","5","371","0","0","England","left","191","6.79","4.61","52.63","6.06","48","0.97","6.21","0.49","0","0.08","0","0.97","0","0","0.49","0","0.49","50","1.21","40","1.94","0.49","0","27.17","83.93","8.25","70.59","2.18","44.44","0","0","0.24","100","0","4.37","66.67","0.49","100","0.24","4.12","76.47"
"O. Schwartau","England 2.","Norwich City","LAMF, RW","19","1200000","2028-06-30","7","363","1","0","Denmark","right","186","6.2","6.45","61.54","2.48","30","0","3","3.22","0.25","0.03","0","0.99","50","25","1.49","33.33","4.21","52.94","10.91","27.27","1.98","3.22","0.25","29.01","82.91","5.45","59.09","1.98","25","0.16","0","0","0","0.74","0.74","0","0.74","66.67","0.74","2.98","41.67"
"J. McClean","England 2.","Wrexham","LWB, LB","36","200000","2026-06-30","8","357","0","2","Northern Ireland","left","180","10.59","8.32","78.79","1.76","28.57","0.25","5.33","3.03","0","0.12","0","1.01","50","0","4.29","29.41","1.76","71.43","4.54","55.56","2.02","1.51","0.25","28.74","75.44","6.05","62.5","3.28","53.85","0.18","0","0","0","0.5","2.77","54.55","3.78","33.33","0.5","6.3","76"
"O. Skipp","England 2.","Leicester City","LDMF, LCMF, RDMF","25","15000000","","5","356","0","0","England","right","175","5.81","5.31","61.9","2.02","62.5","0.25","3.75","0","0","0","0","0.25","0","0","0.25","0","0","0","1.52","66.67","0.51","0.25","0","22.75","85.56","5.06","60","0.51","0","0","0","0","0","0","1.26","80","0.25","0","0","2.53","50"
"B. Mitchell","England 2.","Millwall","LCMF, RDMF, LDMF","24","3200000","","5","355","0","1","England","right","178","8.62","7.61","56.67","2.28","22.22","0.76","5.52","1.77","0","0.05","0","0.76","0","0","0.76","66.67","1.52","83.33","4.31","47.06","0.25","1.01","0.25","49.94","81.73","15.46","62.3","5.83","39.13","0.17","0","0","0","0.76","8.62","64.71","1.27","40","0.25","9.38","67.57"
"J. Knight","England 2.","Portsmouth","RCB, LCB","28","1300000","2026-06-30","5","355","0","0","England","right","192","3.8","3.55","57.14","5.83","60.87","0.25","2.26","0.76","0","0","0","0","0","0","0.25","100","0.51","100","1.52","50","0.51","3.04","0","48.17","85.79","22.06","72.41","4.82","52.63","0","0","0","0","0","6.34","76","0","0","0","8.11","62.5"
"S. Mills","England 2.","Oxford United","RW, RAMF","21","450000","","9","355","0","0","England","right","180","8.11","5.32","57.14","2.28","44.44","0","5.57","5.58","0","0.07","0","1.27","40","0","6.08","33.33","5.58","54.55","9.38","43.24","1.27","2.03","0.76","23.07","58.24","8.62","55.88","4.06","37.5","0.05","0","0","0","0.51","4.56","55.56","3.8","60","0.51","5.83","78.26"
"F. Bianchini","England 2.","Portsmouth","LAMF, RAMF","24","400000","2028-06-30","6","352","0","0","France","right","182","6.9","4.6","55.56","4.09","31.25","0.26","5.77","4.09","0","0.18","0","1.79","42.86","0","4.6","22.22","4.6","50","12.02","38.3","3.07","2.05","0.26","25.06","73.47","3.32","69.23","1.02","50","0.09","0","0","0","0.51","1.79","28.57","4.09","43.75","1.53","4.6","61.11"
"O. Casey","England 3.","Blackpool","LCB, RCB","24","300000","2026-06-30","12","1211","0","1","England","right","188","8.62","4.68","76.19","5.05","61.76","0.82","5.95","0","0","0.02","0","0.22","0","0","0","0","0","0","0.82","36.36","0.59","0.07","0","37.75","88.58","11.45","72.73","3.2","44.19","0.01","0","0","0","0.07","1.78","50","0.22","33.33","0.15","4.09","52.73"
"M. Ihiekwe","England 3.","Blackpool","RCB, LCB","32","300000","","12","1211","0","0","England","right","185","7.65","3.86","73.08","6.61","66.29","0.45","5.76","0.15","0","0.08","0","0.59","12.5","0","0","0","0.15","50","1.34","66.67","0.97","0.45","0.07","42.29","84.53","15.76","66.98","5.2","45.71","0","0","0","0","0","3.94","60.38","0.22","0","0.3","7.51","52.48"
"J. Whitworth","England 3.","Exeter City","GK","21","1000000","2027-06-30","12","1206","0","0","England","right","179","2.16","0","0","0.37","80","0","3.04","0","0","0","0","0","0","0","0","0","0","0","0.15","100","0","0","0","36.49","86.91","16.12","72.69","11.34","61.18","0","0","0","0","0","4.18","55.36","0.6","37.5","0.22","8.88","72.27"
"I. Niskanen","England 3.","Exeter City","RW, RWB, LWB","27","325000","","12","1206","0","3","Finland","right","177","7.84","5.45","61.64","2.91","25.64","0.22","5.56","2.99","0","0.07","0","0.6","25","0","3.66","34.69","2.31","67.74","4.1","45.45","1.57","1.49","0.37","22.61","72.94","4.85","66.15","1.12","53.33","0.12","0.07","0","0","0.45","1.34","77.78","2.69","41.67","0.3","3.81","72.55"
"J. Fitzwater","England 3.","Exeter City","CB, RCB","28","375000","","12","1206","1","1","England","right","188","11.64","5.67","73.68","5.37","58.33","0.9","10.28","0.22","0.07","0.02","0.07","0.37","20","20","0.15","50","0.15","50","0.97","53.85","0.82","0.15","0","48.66","87.42","19.48","74.71","6.72","57.78","0.04","0","0.07","0","0.22","3.96","69.81","0.6","62.5","0.52","7.91","60.38"
"T. Sharman-Lowe","England 3.","Bolton Wanderers","GK","22","300000","","12","1203","0","0","England","right","189","3.82","0.15","50","0.37","100","0","6.49","0","0","0","0","0","0","0","0","0","0","0","0.37","60","0","0","0","34.64","87.9","16.91","77.43","10.62","61.97","0","0","0","0","0","5.31","60.56","0.3","0","0","7.78","79.81"
"I. Ogundere","England 3.","AFC Wimbledon","RCB","22","0","","12","1197","0","0","England","right","177","9.17","6.92","70.65","4.44","52.54","0.9","5.19","0.38","0","0","0","0.08","0","0","0.9","16.67","0.38","60","1.95","26.92","0","0.75","0","33.23","75.34","17.59","63.25","7.29","43.3","0.04","0.08","0","0","0.08","5.64","57.33","1.05","35.71","0.23","8.72","56.9"
"N. Bishop","England 3.","AFC Wimbledon","GK","25","300000","2026-06-30","12","1197","0","0","England","right","185","2.18","0.08","100","0.53","85.71","0","2.59","0","0","0","0","0","0","0","0","0","0","0","0.23","100","0","0","0","20","75.19","16.47","70.32","14.81","68.02","0","0","0","0","0","7.59","60.4","0.6","0","0","11.05","87.76"
"E. Pye","England 3.","Stockport County","LCB","22","450000","2027-06-30","12","1194","0","0","England","left","183","11.16","6.63","77.27","5.58","63.51","0.3","7.68","0.3","0","0.06","0","0.3","0","0","0.68","22.22","0.3","50","2.56","20.59","0.45","1.36","0.08","40.7","86.67","19.3","79.69","4.75","53.97","0","0","0","0","0","5.58","68.92","0.83","18.18","0.08","7.46","81.82"
"O. Bailey","England 3.","Doncaster Rovers","RDMF, RCMF, RB","26","300000","","12","1188","5","0","England","right","180","7.65","4.77","65.08","9.09","48.33","0.45","6.99","0.98","0.38","0.2","0.23","0.98","46.15","38.462","0.53","57.14","0.45","50","2.5","36.36","1.89","0.76","0.08","31.74","81.38","10.53","66.19","4.09","48.15","0.03","0","0","0","0.23","5.68","58.67","1.36","44.44","0.53","5.15","79.41"
"N. Asiimwe","England 3.","AFC Wimbledon","RWB, RB","20","0","","12","1186","1","2","England","right","182","8.88","5.54","63.01","2.88","44.74","0.38","6.54","4.7","0.08","0.05","0","0.99","23.08","7.692","3.26","37.21","5.31","61.43","9.11","43.33","1.14","2.2","0.23","26.18","77.68","6.98","59.78","1.67","45.45","0.06","0","0","0","0.38","2.12","64.29","2.81","51.35","0.46","5.16","66.18"
"A. Smith","England 3.","AFC Wimbledon","RCMF, LCMF","26","250000","","12","1186","0","1","England","right","193","6.3","4.86","70.31","3.26","39.53","0.15","3.27","0.83","0","0.02","0","0.61","25","0","0.53","28.57","0.76","70","4.25","42.86","0.68","0.38","0.08","30.51","81.34","9.11","63.33","2.43","46.88","0.01","0","0.08","0","0.08","4.1","66.67","1.21","37.5","0.38","4.25","64.29"
"J. Reeves","England 3.","AFC Wimbledon","DMF, RCMF, LCMF","32","175000","2026-06-30","12","1186","1","1","England","right","173","6.22","3.72","69.39","1.52","60","0.23","4.29","0.61","0.08","0.01","0","0.61","12.5","12.5","0.61","50","0.15","100","0.91","41.67","0","0.08","0","43.94","79.1","18.52","63.11","7.89","33.65","0.07","0.08","0.08","100","0.08","8.73","60","2.2","37.93","0.46","8.58","76.11"
"O. Norwood","England 3.","Stockport County","RCMF, LCMF, DMF","34","1000000","2027-06-30","12","1185","4","3","England","right","175","8.35","4.94","70.77","1.67","40.91","0.61","5.28","1.82","0.08","0.2","0","0.99","53.85","30.769","1.59","52.38","0.38","20","1.97","42.31","0.08","0.3","0","60.23","80.83","21.49","63.25","9.87","58.46","0.23","0","0.61","62.5","0.46","12.68","57.49","4.41","43.1","0.99","10.63","77.86"
"S. Tickle","England 3.","Wigan Athletic","GK","23","800000","2028-06-30","12","1185","0","0","England","left","188","1.59","0.23","100","0.15","100","0","1.7","0","0","0.02","0","0.08","0","0","0","0","0","0","0.15","50","0.08","0","0","22.48","79.39","13.52","66.85","12","63.29","0","0","0","0","0","5.77","52.63","0.53","28.57","0.15","8.43","89.19"
"A. Connolly","England 3.","Leyton Orient","CF, AMF","25","2500000","","12","1182","5","1","Republic of Ireland","right","174","3.35","3.05","62.5","4.42","17.24","0","2.26","4.26","0.38","0.45","0","3.43","35.56","11.111","1.68","31.82","4.64","52.46","12.26","35.4","3.96","2.06","0.38","16.37","73.49","3.81","64","0.99","46.15","0.12","0.08","0.23","33.33","0.46","2.36","58.06","1.68","77.27","0.76","1.75","91.3"
"A. Cozier-Duberry","England 3.","Bolton Wanderers","RAMF","20","2000000","2028-06-30","12","1182","2","3","England","left","170","5.86","5.03","72.73","0.99","15.38","0","3.7","7.23","0.15","0.2","0","2.82","43.24","5.405","3.2","42.86","7.54","61.62","13.48","42.94","4.34","3.96","0.3","29.77","78.52","5.86","59.74","1.83","29.17","0.18","0.08","0.08","0","1.07","2.21","62.07","3.05","42.5","1.07","3.73","73.47"
"E. Brierley","England 3.","Exeter City","LCMF, RCMF","21","300000","2026-06-30","12","1157","0","0","England","right","173","7.31","5.13","63.64","1.48","26.32","0.16","5.46","1.4","0","0.05","0","0.54","14.29","0","2.1","44.44","0.31","75","1.32","41.18","0.47","0.62","0.16","50.25","77.4","16.96","62.84","8.63","45.95","0.05","0.08","0.23","66.67","0.23","9.65","61.29","3.97","50.98","1.01","10.58","68.38"
"S. Seddon","England 3.","AFC Wimbledon","LWB, LB","27","250000","","12","1156","1","1","England","left","179","8.25","6.46","63.86","5.76","45.95","0.08","4.43","1.32","0.08","0.03","0","0.23","33.33","33.333","2.8","33.33","0.78","40","2.34","43.33","0.7","0.47","0.08","28.49","70.49","12.22","64.97","4.67","50","0.08","0.08","0","0","0.23","5.92","59.21","3.43","45.45","0.7","8.33","72.9"
"J. McMillan","England 3.","Exeter City","RWB, LB, LCB","27","350000","2026-06-30","12","1134","0","0","Scotland","right","183","6.59","6.43","61.73","1.51","21.05","0.16","3.68","0.71","0","0.04","0","0.24","33.33","0","0.56","42.86","0.32","100","1.19","33.33","1.19","0.71","0.08","32.46","81.17","11.11","69.29","3.49","47.73","0.03","0.08","0.08","100","0.32","3.89","57.14","1.03","38.46","0.56","5.71","59.72"
"K. Wootton","England 3.","Stockport County","CF","29","300000","2027-06-30","12","1109","5","0","England","right","188","3.57","2.92","69.44","11.61","50.35","0","1.88","1.38","0.41","0.2","0.16","1.46","55.56","27.778","0.24","66.67","0.57","57.14","6.01","22.97","2.43","0.41","0","13.88","77.19","3.33","63.41","0.57","28.57","0.02","0","0.16","50","0.08","1.38","58.82","0.65","62.5","0.41","1.38","76.47"
"M. Conway","England 3.","Bolton Wanderers","LB","22","0","","12","1109","0","1","England","","181","10.47","8.6","64.15","4.71","51.72","0.16","8.16","3.57","0","0.02","0","0.57","14.29","0","2.11","26.92","3.98","73.47","8.44","51.92","1.54","2.76","0.32","45.69","78.51","22.16","72.16","6.01","41.89","0.07","0.08","0","0","0.32","7.95","70.41","2.92","41.67","0.89","10.31","70.08"
"B. Peacock-Farrell","England 3.","Blackpool","GK","28","1200000","2028-06-30","11","1108","0","0","England","left","194","1.95","0.08","100","0.49","100","0","2.3","0","0","0","0","0","0","0","0","0","0.08","0","0.08","0","0","0","0","25.26","75.24","14.46","59.55","13.32","54.27","0","0","0","0","0","6.42","49.37","0.41","0","0","8.69","82.24"
"G. Wickens","England 3.","Lincoln City","GK","23","150000","2028-06-30","11","1108","0","0","England","right","198","0.81","0.08","0","0.89","72.73","0.08","1.01","0","0","0","0","0","0","0","0","0","0","0","0.08","100","0","0","0","21.93","73.33","16.41","65.84","15.11","64.52","0","0","0","0","0","9.42","60.34","0.81","10","0.08","11.05","81.62"
"F. Burns","England 3.","Reading","RCB, LCB","22","1000000","2027-06-30","11","1107","0","0","England","right","196","10.65","6.34","62.82","5.28","63.08","0.73","8.43","0.08","0","0.02","0","0.08","0","0","0.16","50","0.24","0","0.65","0","0.33","0.57","0","43.5","84.67","18.21","71.88","6.26","48.05","0","0.08","0","0","0","4.96","45.9","0.73","11.11","0","7.72","61.05"
"Joel Pereira","England 3.","Reading","GK","29","250000","","11","1107","0","0","Switzerland","right","189","2.2","0","0","0.41","100","0","2.96","0","0","0","0","0","0","0","0","0","0","0","0.33","100","0","0","0","29.76","84.97","16.18","73.37","10.33","57.48","0","0","0","0","0","3.17","48.72","0.33","0","0","6.99","73.26"
"G. Johnston","England 3.","Bolton Wanderers","LCB","27","300000","2026-06-30","11","1103","0","0","England","left","181","7.18","4.57","60.71","7.59","65.59","0.49","7.5","0.08","0","0.04","0","0.33","25","0","0.08","0","0.08","0","0.82","30","0.65","1.14","0","61.36","87.23","23.25","73.33","7.67","42.55","0.04","0","0","0","0.08","7.75","57.89","0.98","25","0.16","8.4","75.73"
"J. Keeley","England 3.","Luton Town","GK","22","200000","2027-06-30","11","1100","0","0","Republic of Ireland","right","191","2.05","0","0","0.41","60","0","3.73","0","0","0","0","0","0","0","0","0","0","0","0.08","100","0","0","0","25.45","84.24","14.73","76.11","10.55","65.89","0","0","0","0","0","5.65","63.77","0.49","16.67","0.08","8.43","77.67"
"T. Allen","England 3.","Wycombe Wanderers","LCB, LB","25","125000","2026-06-30","12","1098","0","1","England","left","178","7.05","5.33","66.15","3.61","59.09","0.16","5.15","1.72","0","0.14","0","0.74","11.11","0","2.21","33.33","1.15","71.43","2.87","48.57","1.31","1.15","0.08","44.59","79.04","16.97","65.7","7.46","42.86","0.06","0.08","0.08","100","0.25","7.3","57.3","2.21","48.15","0.41","8.61","67.62"
"C. Hall","England 3.","Port Vale","LCB","32","175000","2026-06-30","11","1097","1","0","England","left","193","8.78","4.59","71.43","5.5","65.67","0.25","7.11","0.82","0.08","0.06","0","0.49","16.67","16.667","1.07","46.15","0.16","50","0.82","20","1.07","0.74","0.08","40.86","79.92","22.23","73.8","8.7","57.55","0.03","0","0.16","100","0.16","9.6","73.5","1.89","47.83","0.49","12.96","77.22"
"S. Walker","England 3.","Bradford City","GK","34","125000","","11","1096","0","0","England","right","196","0.74","0","0","0.49","100","0","1.02","0","0","0","0","0","0","0","0","0","0","0","0.08","0","0","0","0","15.19","74.05","11.5","67.14","9.44","60.87","0","0","0","0","0","3.2","38.46","0","0","0","6.82","80.72"
"I. Touray","England 3.","Bradford City","LWB, LCB, LB","30","200000","","11","1096","0","0","England","left","177","9.69","8.29","62.38","4.68","56.14","0.33","5.75","1.48","0","0.01","0","0.33","25","0","1.89","47.83","0.9","54.55","3.04","45.95","0.57","1.48","0.08","35.8","68.12","18.89","58.26","6.9","34.52","0.07","0","0.08","0","0.25","7.31","50.56","2.63","46.88","0.57","9.11","67.57"
"J. Neufville","England 3.","Bradford City","RWB","24","275000","","11","1096","3","2","England","right","183","7.97","6.49","67.09","3.12","42.11","0.08","4.29","3.28","0.25","0.09","0","0.99","33.33","25","3.12","26.32","3.2","66.67","6.73","50","2.22","2.38","0.49","23.81","70","8.38","69.61","3.28","52.5","0.12","0.08","0","0","0.49","3.45","69.05","2.63","46.88","0.49","5.09","66.13"
"L. Roberts","England 3.","Mansfield Town","GK","30","250000","","11","1094","0","0","England","left","195","1.4","0","0","0.16","100","0","1.8","0","0","0","0","0","0","0","0","0","0","0","0.16","100","0","0","0","24.52","82.55","15.38","73.8","9.21","58.93","0","0","0","0","0","3.29","45","0.25","0","0","6.75","75.61"
"B. Mumba","England 3.","Plymouth Argyle","LW, LAMF, LWB","24","2500000","2027-06-30","11","1093","0","2","England","right","168","5.11","6.09","51.35","3.29","25","0","2.68","2.63","0","0.09","0","1.24","40","0","1.32","25","2.8","64.71","7.82","43.16","1.65","2.55","0.16","29.23","79.15","7.74","55.32","2.72","54.55","0.05","0.08","0.08","0","0.33","3.05","64.86","2.06","64","1.07","5.19","74.6"
"C. Webster","England 3.","Burton Albion","LCMF, AMF","21","500000","2027-06-30","11","1093","3","1","England","right","177","5.43","5.27","53.13","2.39","27.59","0.08","3.44","2.14","0.25","0.18","0","2.72","21.21","9.091","1.48","33.33","2.96","36.11","6.75","32.93","1.89","1.24","0.08","32.36","76.34","11.61","58.16","3.71","42.22","0.16","0","0.08","0","0.25","5.68","66.67","2.55","41.94","0.66","5.35","73.85"
"C. Dawson","England 3.","Rotherham United","GK","30","500000","2026-06-30","11","1091","0","0","England","right","193","1.73","0","0","0.74","66.67","0","2.35","0","0","0","0","0","0","0","0","0","0","0","0","0","0","0","0","19.8","75.83","14.6","67.8","12.54","62.5","0","0","0","0","0","6.27","51.32","0.25","0","0","8","91.75"
"R. Colwill","England 3.","Cardiff City","AMF, LCMF, CF","23","1200000","2027-06-30","11","1088","3","2","Wales","right","193","6.12","4.88","66.1","3.23","48.72","0.25","5.13","3.14","0.25","0.23","0","2.65","34.38","9.375","1.74","28.57","2.48","53.33","10.26","33.87","3.72","2.48","0.58","40.04","81.2","12.33","74.5","2.15","69.23","0.09","0","0.66","62.5","0.5","5.79","75.71","2.4","55.17","1.82","6.12","77.03"
"M. Boateng","England 3.","Plymouth Argyle","LCMF, LDMF, RCMF","23","0","","11","1087","1","2","England","right","182","9.19","6.04","72.6","5.05","45.9","0.25","6.79","0.91","0.08","0.06","0","0.83","30","10","0.99","25","0.99","41.67","4.72","28.07","1.41","0.75","0.08","34.44","81.25","13.08","71.52","2.9","45.71","0.06","0","0","0","0.25","5.55","76.12","0.58","14.29","0.08","5.8","58.57"
"T. Darikwa","England 3.","Lincoln City","RB","33","350000","2026-06-30","11","1085","1","1","England","right","188","8.71","5.72","53.62","2.99","50","0.25","6.35","0.91","0.08","0.01","0","0.08","100","100","1.58","47.37","0.33","25","2.24","33.33","0.17","0.75","0.41","29.86","71.11","14.68","59.89","5.72","53.62","0.04","0","0","0","0.25","6.8","62.2","2.32","53.57","0.58","8.71","65.71"
"D. Campbell","England 3.","Northampton Town","LCMF, DMF","24","425000","","11","1084","0","2","Scotland","left","181","8.3","5.23","65.08","3.32","65","0.17","7.19","1.08","0","0.01","0","0.58","14.29","0","1.33","50","0.58","57.14","2.32","46.43","0.75","0.33","0","36.37","78.77","11.96","58.33","4.32","40.38","0.16","0","0","0","0.17","5.06","54.1","2.08","60","0.66","5.81","62.86"
"F. Murray","England 3.","Wigan Athletic","RWB, RB","26","350000","","11","1075","4","2","Scotland","right","173","8.71","8.37","70","3.93","36.17","0.08","3.83","4.69","0.33","0.16","0","1.59","36.84","21.053","4.69","30.36","3.93","68.09","6.87","52.44","1.59","1.93","0.25","25.12","68","8.54","62.75","2.68","46.88","0.29","0","0","0","0.67","2.6","48.39","4.1","38.78","0.5","6.7","76.25"
"J. Beesley","England 3.","Burton Albion","CF","28","300000","","11","1075","3","1","England","right","188","5.19","2.76","66.67","14.07","42.86","0.17","3.99","0.92","0.08","0.5","0","2.09","28","12","0.08","0","1","33.33","6.28","25.33","3.43","0.08","0","13.14","68.79","2.51","46.67","0.25","33.33","0.09","0.08","0","0","0.25","0.92","45.45","0.5","50","0.42","0.84","40"
"L. Leahy","England 3.","Wycombe Wanderers","LDMF, DMF, LCMF","32","200000","","12","1074","0","3","England","left","178","9.3","5.45","63.08","3.18","63.16","0.67","7.91","0.92","0","0.02","0","0.59","14.29","0","1.26","46.67","0.42","60","2.18","57.69","0.5","0.34","0","49.69","79.76","19.69","64.68","8.63","44.66","0.15","0","0","0","0.5","9.8","52.99","3.69","45.45","1.01","8.13","76.29"
"J. Low","England 3.","Huddersfield Town","LCB, RCB","23","275000","","11","1073","1","0","England","right","196","5.54","3.94","61.7","5.28","69.84","0.42","4.85","0.25","0.08","0.05","0.08","0.34","75","25","0","0","0.08","0","2.1","32","0.59","0.59","0","55.11","87.82","21.39","76.08","4.36","50","0","0","0","0","0","5.7","61.76","0.42","20","0","7.21","56.98"
"K. Lofthouse","England 3.","Burton Albion","RWB, RB","25","50000","","11","1072","0","0","England","right","180","7.39","6.46","55.84","6.04","50","0.08","4.67","3.11","0","0.03","0","0.76","11.11","0","2.01","37.5","3.36","67.5","7.81","50.54","1.6","1.85","0.08","18.13","63.43","6.8","49.38","2.69","37.5","0.06","0","0","0","0.34","2.6","38.71","1.85","36.36","0.76","4.03","54.17"
"K. Knoyle","England 3.","Mansfield Town","RB, RCB, RWB","29","250000","","11","1069","0","1","England","right","177","5.14","4.38","73.08","2.95","71.43","0.08","2.27","2.02","0","0.01","0","0.25","0","0","3.12","27.03","1.77","66.67","5.98","47.89","0.84","1.68","0.42","34.01","73.76","12.88","61.44","5.14","37.7","0.03","0","0","0","0.17","5.22","51.61","2.69","50","0.59","7.24","66.28"
"J. Grimmer","England 3.","Wycombe Wanderers","RB, RCB","31","225000","","12","1054","0","0","Scotland","right","184","8.8","6.66","61.54","5.38","58.73","0.34","7.23","1.02","0","0.04","0","0.26","66.67","0","1.2","50","0.6","42.86","1.71","45","0.94","1.62","0.09","47.48","82.91","21.09","73.68","5.55","47.69","0.05","0.09","0.09","0","0.17","6.4","64","1.54","38.89","0.17","9.14","75.7"
"J. Bagan","England 3.","Cardiff City","LB","24","350000","2026-06-30","11","1053","0","0","England","left","188","7.44","4.44","73.08","4.19","36.73","0.34","7.46","1.28","0","0.04","0","0.17","0","0","2.22","42.31","0.85","40","2.39","32.14","1.37","0.94","0","56.58","84.74","20.85","77.05","5.21","57.38","0.08","0","0.09","0","0.34","6.92","69.14","3.08","55.56","1.2","11.37","74.44"
"J. Diamond","England 3.","Stockport County","AMF, LW, LWF","25","350000","2027-06-30","12","1050","2","2","England","right","175","4.46","3.6","73.81","1.8","38.1","0.09","2.36","4.71","0.17","0.19","0","2.49","27.59","6.897","2.91","32.35","5.57","55.38","15","32","2.74","4.37","1.03","21.34","74.7","3.43","62.5","0.69","37.5","0.09","0","0.09","0","0.51","1.54","61.11","1.89","45.45","0.43","1.54","77.78"
"L. Tolaj","England 3.","Plymouth Argyle","CF","23","0","","11","1050","5","1","Switzerland","left","175","3.6","2.83","69.7","5.31","41.94","0.34","2.39","3","0.34","0.52","0","2.83","33.33","15.152","1.29","33.33","2.06","79.17","8.23","43.75","3.69","0.77","0.17","15.51","65.19","2.83","39.39","0.77","44.44","0.05","0.09","0","0","0.26","1.63","31.58","1.2","57.14","0.77","1.97","69.57"
"A. Collins","England 3.","Peterborough United","DMF, RCMF, LCMF","26","800000","","11","1048","0","1","England","right","174","9.02","4.55","73.58","3.18","64.86","0.69","6.25","0.69","0","0.04","0","0.6","28.57","0","0.52","33.33","0.77","44.44","3.61","52.38","0.6","0.6","0","42.08","86.94","11.42","69.92","4.21","53.06","0.01","0","0.09","0","0.09","5.75","71.64","1.03","58.33","0.34","5.75","70.15"
"R. Ledson","England 3.","Huddersfield Town","RDMF","28","1200000","","11","1047","0","0","England","right","175","6.7","4.47","59.62","3.09","63.89","0.43","5.36","0.95","0","0.04","0","0.86","10","0","1.29","53.33","0.26","66.67","2.15","44","0.77","0.34","0","43.24","78.33","18.22","63.21","8.42","43.88","0.05","0","0.17","0","0.17","8.25","55.21","3.27","50","1.46","8.34","72.16"
"R. James","England 3.","Rotherham United","LWB, LCB, LB","31","300000","2026-06-30","11","1041","0","2","England","left","182","7.69","6.05","64.29","2.42","46.43","0.17","4.5","2.59","0","0.01","0","0.17","50","0","3.03","60","1.21","57.14","2.77","43.75","0.52","1.21","0.09","35.36","74.33","15.39","62.36","5.19","38.33","0.2","0","0","0","0.52","5.19","45","3.03","62.86","0.17","9.86","69.3"
"M. Burstow","England 3.","Bolton Wanderers","CF, AMF","22","0","","12","1041","7","0","England","right","187","2.77","3.54","43.9","7.09","31.71","0.09","1.81","1.82","0.61","0.35","0","2.25","42.31","26.923","0.43","0","1.47","58.82","7.52","24.14","3.11","0.43","0.09","14.09","73.62","2.85","57.58","1.3","46.67","0.04","0.09","0","0","0.35","1.64","52.63","0.69","37.5","0.61","1.38","62.5"
"H. Coulson","England 3.","Blackpool","LB","27","400000","2027-06-30","12","1035","0","0","England","left","172","9.04","6.7","62.34","3.91","42.22","0.09","4.58","1.3","0","0.01","0","0.17","0","0","0.87","30","1.65","63.16","4.35","48","0.61","0.7","0.09","35.65","73.9","16.7","57.29","6.17","38.03","0.01","0","0.09","0","0.17","4.87","53.57","1.74","35","0.52","7.74","49.44"
"C. Savage","England 3.","Reading","LCMF, LDMF","22","600000","2027-06-30","11","1032","0","1","England","left","182","8.28","5.84","71.64","1.13","30.77","0","5.04","1.74","0","0.08","0","1.31","33.33","0","2.7","41.94","0.17","100","1.4","43.75","0.87","0.87","0.17","45.26","80.54","15.44","66.1","5.15","45.76","0.06","0","0","0","0.61","7.06","66.67","3.14","50","0.52","8.11","81.72"
"L. Wing","England 3.","Reading","DMF, RDMF","30","650000","2028-06-30","11","1027","2","1","England","right","184","9.99","5.96","66.18","2.19","64","1.23","7.7","0.96","0.18","0.07","0","1.75","30","10","1.05","25","0.44","20","3.86","38.64","0.35","0.88","0","50.65","83.22","19.89","72.69","8.41","54.17","0.15","0","0.09","100","0.35","12.62","68.06","2.98","50","0.96","10.43","83.19"
"G. Saville","England 3.","Luton Town","LCMF, DMF, LDMF","32","1500000","","11","1020","1","2","England","left","176","10.59","6.26","74.65","3.09","54.29","0.53","9.1","1.5","0.09","0.06","0","0.88","40","10","1.68","31.58","0.79","77.78","3.35","52.63","0.79","1.15","0","39.88","84.96","13.15","76.51","3.26","40.54","0.07","0.18","0.09","0","0","6.26","73.24","2.21","52","0.79","7.15","74.07"
"T. Simkin","England 3.","Leyton Orient","GK","20","0","","10","1011","0","0","England","right","0","3.38","0","0","0.09","100","0","5.64","0","0","0","0","0","0","0","0","0","0","0","0.18","100","0","0","0","26.8","78.07","18.34","69.9","12.02","54.81","0","0","0","0","0","5.16","44.83","0.36","25","0.09","8.01","77.78"
"G. Broadbent","England 3.","Doncaster Rovers","LDMF, DMF, RDMF","25","250000","","12","1007","0","0","England","right","188","7.33","5","66.07","1.79","45","0.18","5.91","0.71","0","0.04","0","0.89","20","0","0.98","36.36","0.18","100","1.34","26.67","0.54","0.8","0.09","41.92","81.02","16","62.01","6.79","50","0.1","0","0","0","0.36","8.31","59.14","3.22","47.22","1.43","9.47","72.64"
"W. Evans","England 3.","Mansfield Town","CF, LAMF","28","0","","11","1006","2","0","Wales","left","185","5.19","4.03","51.11","5.99","20.9","0","3.37","1.43","0.18","0.42","0","1.79","35","10","0.89","20","1.07","58.33","6.44","31.94","2.33","0.81","0.27","14.58","65.64","5.1","49.12","1.34","33.33","0.02","0.09","0","0","0","1.34","53.33","1.61","44.44","0.27","2.33","57.69"
"S. Hoskins","England 3.","Northampton Town","RWB, RB","32","225000","2026-06-30","11","1006","3","0","England","right","173","9.04","4.65","65.38","3.85","39.53","0.45","8.42","2.24","0.18","0.24","0","0.98","36.36","27.273","3.4","34.21","1.34","53.33","3.58","42.5","1.25","0.63","0.09","23.62","61.74","8.41","50","4.83","35.19","0.04","0.09","0","0","0.36","3.94","52.27","2.59","34.48","0.27","5.46","65.57"
"C. O'Riordan","England 3.","Doncaster Rovers","RCB","21","0","","11","1006","0","0","Republic of Ireland","right","193","12.52","9.93","71.17","5.99","62.69","0.63","9.01","0.27","0","0.05","0","0.45","20","0","0.18","50","0.27","33.33","1.34","26.67","0.63","0.89","0","46.52","88.08","16.73","71.66","5.55","43.55","0.02","0","0","0","0.09","4.29","47.92","0.45","60","0.18","6.26","65.71"
"C. Humphreys","England 3.","Port Vale","RCB, CB","27","900000","","10","1003","0","0","England","right","185","6.64","4.4","65.31","5.11","66.67","0.27","4.74","0.45","0","0.02","0","0.18","0","0","0.36","50","0.18","100","2.06","39.13","0.45","0.99","0","38.76","86.34","16.06","73.74","4.49","62","0.02","0","0.09","100","0","5.11","82.46","0.45","40","0.18","7.72","68.6"
"J. Earl","England 3.","Barnsley","LCB","26","750000","2027-06-30","10","1001","1","0","England","left","195","8.09","5.48","65.57","6.47","61.11","0.63","7.28","0.27","0.09","0.07","0.09","0.63","14.29","14.286","0.09","0","0.45","40","3.15","34.29","0.54","0.99","0.09","55.74","80.97","25.98","67.13","11.33","47.62","0","0","0","0","0.18","9.35","53.85","1.26","42.86","0.45","10.79","62.5"
"M. Cooper","England 3.","Barnsley","GK","23","0","2026-05-31","10","1001","0","0","England","right","186","2.97","0.45","40","0.81","100","0","4.6","0","0","0","0","0","0","0","0","0","0","0","0.09","100","0","0","0","27.51","73.53","18.43","61.46","14.48","54.04","0","0","0","0","0","4.86","33.33","0.45","0","0","10.07","69.64"
"M. van Sas","England 3.","Wycombe Wanderers","GK","21","400000","2028-06-30","10","1000","0","0","Netherlands","right","193","1.26","0.27","33.33","0.63","71.43","0","1.88","0","0","0","0","0","0","0","0","0","0","0","0.18","100","0","0","0","35.55","88.35","18.99","79.62","11.79","67.18","0","0","0","0","0","3.78","54.76","0.18","0","0","8.46","75.53"
"N. Trott","England 3.","Cardiff City","GK","26","1000000","2028-06-30","10","1000","0","0","England","left","188","0.72","0","0","0.09","100","0","1.42","0","0","0","0","0","0","0","0","0","0","0","0","0","0","0","0","25.65","83.51","15.66","74.71","10.44","63.79","0","0","0","0","0","2.61","51.72","0","0","0.09","8.1","75.56"
"F. Marschall","England 3.","Stevenage","GK","22","800000","","10","999","0","0","England","right","195","1.8","0.09","100","1.08","91.67","0","2.38","0","0","0","0","0","0","0","0","0","0","0","0.27","100","0","0","0","15.86","67.05","11.62","56.59","10.36","50.43","0","0","0","0","0","5.77","51.56","0.54","0","0","6.76","77.33"
"C. Goode","England 3.","Stevenage","RCB, LCB","30","500000","","10","999","1","1","England","right","196","8.02","3.96","65.91","7.66","74.12","0.54","7.03","0.81","0.09","0.09","0.09","0.54","50","16.667","0.45","60","0.27","100","1.71","63.16","0.9","0.27","0","27.39","72.7","14.59","59.26","5.68","34.92","0.02","0","0","0","0.09","5.41","48.33","1.44","37.5","0.45","6.76","65.33"
"L. James-Wildin","England 3.","Stevenage","RB","27","300000","","10","999","0","0","England","right","178","10.45","8.83","67.35","4.59","45.1","0.18","6.15","0.9","0","0","0","0.09","0","0","1.53","41.18","0.45","60","2.7","33.33","0.63","0.99","0.27","27.84","68.93","15.59","59.54","8.11","51.11","0.03","0","0","0","0.09","7.03","51.28","1.89","42.86","0.45","7.93","68.18"
"R. Johnson","England 3.","AFC Wimbledon","LCB, CB","29","250000","2027-06-30","10","995","1","1","England","left","188","9.5","4.43","67.35","6.42","63.38","0.99","7.53","0.18","0.09","0.07","0.09","0.54","33.33","16.667","0","0","0.09","0","1.27","42.86","0.54","0.09","0","33.92","77.87","19.09","66.82","8.41","52.69","0","0","0","0","0","6.42","57.75","0.63","14.29","0.09","9.14","69.31"
"X. Simons","England 3.","Bolton Wanderers","LDMF, RDMF","22","450000","2026-06-30","12","992","0","0","England","right","180","7.62","4.26","68.09","1.54","52.94","0.36","6.3","0.73","0","0.09","0","1.45","6.25","0","1.09","16.67","0.64","71.43","2.72","43.33","0.82","1.18","0.09","44.91","85.45","12.16","69.4","3.08","47.06","0.08","0.09","0.09","0","0.09","6.62","71.23","1.54","29.41","0.54","6.44","69.01"
"D. Harvie","England 3.","Wycombe Wanderers","LB, LWB, LCB","27","450000","","11","988","1","0","Scotland","left","180","8.38","6.56","70.83","4.46","40.82","0.36","4.8","1.82","0.09","0.07","0","0.46","60","20","2.82","32.26","1.64","38.89","4.01","40.91","1","1.09","0","39.72","76.15","14.67","62.73","6.65","49.32","0.01","0","0","0","0.18","5.37","45.76","3.28","47.22","0.73","9.56","72.38"
"M. Power","England 3.","Bradford City","LCMF, RCMF","32","500000","2027-06-30","10","986","0","0","England","right","181","6.39","4.84","66.04","1.55","52.94","0.18","3.41","1.28","0","0.06","0","0.82","22.22","0","1.73","47.37","0.37","50","2.56","39.29","0.46","0.55","0","38.61","78.96","17.25","70.9","8.03","57.95","0.15","0.09","0.09","100","0.27","8.76","63.54","2.46","55.56","0.55","9.13","76"
"J. Kerr","England 3.","Wigan Athletic","CB, LCB","28","0","","10","986","1","0","Scotland","right","180","8.4","4.47","73.47","6.3","63.77","1","6.55","0.27","0.09","0.09","0.09","0.46","40","20","0","0","0.18","50","1.28","35.71","0.73","0.37","0.09","42.08","88.72","14.33","73.25","3.65","70","0","0","0","0","0","2.1","47.83","0.27","0","0","5.84","68.75"
"A. Phillips","England 3.","Barnsley","AMF, RAMF","27","500000","2026-06-30","10","984","2","3","England","right","180","2.74","1.74","52.63","6.59","41.67","0","2.6","2.1","0.09","0.11","0","0.82","44.44","22.222","3.2","28.57","1.01","72.73","3.75","41.46","2.01","0.82","0","40.15","76.54","10.61","61.21","3.66","50","0.13","0","0.37","25","0.37","5.21","59.65","4.48","51.02","1.65","5.95","80"
"O. Beckles","England 3.","Leyton Orient","RCB","33","100000","","11","983","0","0","England","right","191","6.5","4.03","65.91","5.22","70.18","0.73","6.09","0.09","0","0.11","0","0.46","0","0","0.09","0","0.09","100","1.01","54.55","0.55","0.27","0","44.13","82.78","18.4","68.16","8.15","51.69","0.01","0","0","0","0.09","6.23","50","0.55","0","0.09","7.87","74.42"
"J. Brown","England 3.","Blackpool","RB, RCMF, LCMF","24","400000","2026-06-30","12","981","1","1","England","right","181","8.99","5.05","58.18","4.22","60.87","0.28","7.27","0.92","0.09","0.03","0","0.73","37.5","12.5","0.83","33.33","0.73","50","1.83","30","0.46","0.46","0.09","33.21","72.93","15.05","60.37","5.87","37.5","0.03","0","0","0","0.09","6.33","56.52","1.74","26.32","0.28","7.34","56.25"
"T. Fornah","England 3.","Northampton Town","LWF, LCMF, LW","26","500000","","11","980","0","2","England","right","185","4.22","3.21","60","2.3","16","0","3.41","3.95","0","0.04","0","0.64","42.86","0","3.67","42.5","4.59","46","12.58","29.93","1.19","1.84","0.73","20.85","75.33","3.95","53.49","1.56","35.29","0.13","0","0","0","0.46","1.47","37.5","3.12","50","0.37","3.49","76.32"
"C. McGrandles","England 3.","Lincoln City","LDMF, RDMF, LCMF","30","200000","2026-06-30","10","979","0","1","Scotland","right","183","10.94","7.08","64.94","2.39","61.54","0.55","6.53","0.18","0","0.02","0","0.37","0","0","0.28","0","0.18","100","2.67","41.38","0.37","0.18","0.09","28.68","83.33","8.46","64.13","3.03","54.55","0.04","0.09","0.09","0","0.09","4.23","60.87","1.1","50","0.18","4.32","61.7"
"L. Connell","England 3.","Barnsley","LDMF, RDMF","24","500000","2027-06-30","10","978","1","1","England","left","181","6.99","5.15","67.86","1.29","64.29","0.18","5.61","0.92","0.09","0.05","0","1.2","30.77","7.692","0.64","28.57","0.37","75","3.13","47.06","0.09","0.18","0.09","56.78","87.84","16.1","70.29","6.44","52.86","0.12","0.18","0.18","50","0.46","8.37","65.93","2.21","54.17","1.2","7.36","76.25"
"D. Happe","England 3.","Leyton Orient","LCB, CB","27","225000","","11","978","0","0","England","left","195","9.11","5.25","64.91","6.72","72.6","0.28","9.38","0.09","0","0","0","0.18","0","0","0","0","0.18","50","0.92","30","0.55","0.28","0","47.21","77.19","23.28","60.08","9.85","36.45","0.02","0","0","0","0.09","7.73","38.1","0.83","11.11","0.09","9.39","60.78"
"D. Keillor-Dunn","England 3.","Barnsley","CF, LAMF","27","750000","2027-06-30","10","971","6","0","England","right","180","3.24","1.76","52.63","2.97","25","0.28","3.77","2.22","0.56","0.35","0.09","2.41","50","23.077","0.65","28.57","1.02","81.82","3.8","43.9","2.41","0.93","0.09","24.56","76.23","4.82","46.15","1.58","41.18","0.02","0.09","0.28","0","0.19","2.97","59.38","1.11","41.67","0.56","2.6","71.43"
"J. McDonnell","England 3.","Mansfield Town","RDMF, LDMF, RCMF","21","200000","2026-06-30","10","969","2","0","Northern Ireland","right","0","13.56","9.85","80.19","5.57","65","0.37","5.27","0.37","0.19","0.08","0.09","0.93","30","20","0.09","0","0.09","100","1.3","28.57","0.93","0.65","0.28","36.78","85.61","13.47","71.72","2.79","50","0.03","0","0","0","0","6.32","67.65","0.46","20","0.19","5.39","75.86"
"R. Wintle","England 3.","Cardiff City","LDMF, DMF, RDMF","28","3800000","2026-06-30","11","968","1","0","England","right","180","6.79","4","62.79","2.7","75.86","0.28","7.89","0.37","0.09","0.01","0","0.46","40","20","0.84","11.11","0.09","100","2.7","51.72","0.19","0.93","0.09","55.04","88.51","13.39","76.39","4.18","62.22","0.01","0","0","0","0","8.46","83.52","1.77","57.89","0.65","7.44","73.75"
"A. Morgan","England 3.","Blackpool","LCMF, RCMF, LW","25","325000","2026-06-30","10","961","0","0","England","right","181","5.71","3.28","60","2.06","27.27","0.09","3.78","1.4","0","0.07","0","0.94","30","0","1.12","33.33","1.12","58.33","2.43","57.69","0.56","0.56","0","39.05","80.1","11.99","60.16","8.34","53.93","0.09","0","0.19","50","0.19","6.74","54.17","2.72","34.48","0.75","6.74","72.22"
"C. McCarthy","England 3.","Northampton Town","RCB","27","225000","","11","960","0","0","Republic of Ireland","right","193","9.09","4.5","75","8.91","65.26","0.28","8.02","0.19","0","0.02","0","0.19","50","0","0.19","50","0.38","0","1.59","35.29","0.56","0.56","0.09","29.16","74.92","13.69","66.44","6","48.44","0","0","0","0","0","4.78","52.94","0.28","33.33","0.09","5.72","54.1"
"W. Aimson","England 3.","Wigan Athletic","RCB, LCB","31","225000","2026-06-30","10","958","0","0","England","right","179","7.23","4.6","71.43","5.07","57.41","0.38","5","1.03","0","0.15","0","0.66","14.29","0","1.03","45.45","0.38","100","1.97","52.38","0.85","1.03","0","41.43","77.32","20.57","66.21","7.05","41.33","0.04","0","0.09","100","0.38","7.33","52.56","1.6","41.18","0.28","9.96","64.15"
"L. Molyneux","England 3.","Doncaster Rovers","RAMF, RWF","27","300000","","11","955","2","3","England","left","180","4.24","3.39","69.44","3.3","22.86","0","2.89","5.65","0.09","0.24","0.09","2.07","22.73","9.091","4.99","26.42","5.75","67.21","13.19","42.14","3.49","2.83","0.09","28.65","66.12","5.84","54.84","3.02","28.13","0.24","0","0","0","0.75","2.73","41.38","3.3","40","0.57","4.15","72.73"
"T. Bayliss","England 3.","Lincoln City","LDMF, RDMF, LCMF","26","325000","2026-06-30","11","954","1","1","England","right","183","6.98","5.19","61.82","1.7","38.89","0.57","4.35","1.04","0.09","0.05","0","0.66","28.57","14.286","0.94","70","0.38","50","2.83","30","0.28","0.75","0","26.04","80.07","9.34","63.64","2.45","50","0.06","0","0.19","0","0.28","4.53","58.33","1.79","68.42","0.57","4.43","74.47"
"I. El Mizouni","England 3.","Leyton Orient","LDMF, LCMF","25","400000","2027-06-30","10","951","2","0","France","right","185","8.8","7.67","59.26","3.12","42.42","0.09","5.91","0.85","0.19","0.02","0","0.57","50","33.333","0.85","44.44","0.76","25","3.88","31.71","0.66","1.51","0.57","49.4","87.93","13.44","80.28","1.99","52.38","0","0.09","0","0","0.09","5.3","71.43","1.14","50","0.09","5.02","64.15"
"J. Powell","England 3.","Rotherham United","LCMF","26","500000","2026-06-30","10","949","0","0","England","left","178","8.82","6.45","69.12","3.41","38.89","0.38","5.89","2.28","0","0.03","0","1.33","7.14","0","2.28","25","2.47","65.38","7.87","36.14","0.85","0.66","0","34.9","75.54","12.61","61.65","5.97","42.86","0.14","0","0","0","0.19","6.92","56.16","2.28","41.67","0.66","6.16","66.15"
"D. Kemp","England 3.","Stevenage","AMF","26","300000","2026-06-30","10","939","2","1","England","left","168","4.31","4.7","48.98","2.59","18.52","0.1","2.56","1.53","0.19","0.17","0.1","1.15","25","16.667","1.92","15","2.2","43.48","8.91","41.94","2.59","1.82","0.19","20.42","76.53","5.65","67.8","0.96","50","0.09","0","0.19","0","0.29","1.82","68.42","1.73","44.44","0.96","3.07","71.88"
"S. Bradley","England 3.","Lincoln City","LCB, CB","34","275000","","10","939","2","0","England","left","196","7.09","2.78","79.31","6.42","64.18","0.86","6.12","0.38","0.19","0.14","0.1","0.58","33.33","33.333","0","0","0.19","100","0.48","80","1.34","0","0","28.18","78.91","13.13","63.5","5.46","54.39","0","0.1","0","0","0","4.5","61.7","0.29","66.67","0.38","6.13","67.19"
"J. Koroma","England 3.","Leyton Orient","RAMF, RWF","26","1500000","","12","938","3","4","England","right","178","5.57","4.13","81.4","5.37","30.36","0.19","3.85","3.45","0.29","0.08","0.1","1.44","33.33","20","2.97","25.81","4.22","50","10.55","38.18","2.69","2.21","0.58","19.67","62.93","4.99","44.23","1.15","33.33","0.22","0.1","0.19","50","0.38","1.73","38.89","2.78","51.72","1.06","2.4","76"
"C. Taylor","England 3.","Wycombe Wanderers","RCB, CB","23","500000","2026-06-30","10","932","0","0","England","right","183","7.24","3.19","78.79","6.66","65.22","0.87","7.1","0.29","0","0.03","0","0.39","25","0","0.1","100","0.19","50","1.64","58.82","0.68","1.06","0","60.26","92.31","15.74","77.91","2.32","41.67","0.01","0","0.1","0","0","3.38","60","0.19","50","0.19","5.6","53.45"
"K. Naismith","England 3.","Luton Town","LCB, LB","33","700000","","11","929","1","0","Scotland","left","186","7.65","4.17","67.44","4.84","64","0.29","8.34","1.65","0.1","0.07","0.1","0.68","42.86","14.286","1.16","41.67","1.16","75","4.55","53.19","0.48","1.16","0","52.02","83.99","22.57","70.82","8.72","53.33","0.04","0.1","0","0","0.1","10.95","63.72","2.52","50","0.68","11.14","80.87"
"C. McGeehan","England 3.","Northampton Town","RWF, RW, RCMF","30","375000","2026-06-30","10","920","2","0","England","right","180","3.91","2.64","55.56","8.32","35.29","0.29","3.71","2.45","0.2","0.25","0.1","1.47","60","13.333","0.88","55.56","1.76","61.11","6.36","36.92","2.64","0.98","0.29","14.48","72.97","4.4","48.89","1.17","50","0","0","0","0","0","1.86","47.37","0.68","57.14","0.1","1.76","72.22"
"D. Gore","England 3.","Rotherham United","RCMF, AMF, DMF","21","900000","2026-06-30","10","919","0","0","England","right","170","7.54","7.74","56.96","2.15","54.55","0","3.58","1.18","0","0.03","0","0.2","50","0","0.78","37.5","1.57","50","6.37","41.54","0.88","1.27","0.29","29.28","80.94","10.87","63.96","1.66","47.06","0.04","0","0.1","0","0","4.9","56","1.18","50","0.29","4.02","68.29"
"E. Turns","England 3.","Exeter City","RCB, RB, LCB","22","400000","","11","915","0","0","England","right","186","9.93","6.79","68.12","5.11","57.69","0.98","7.16","0.69","0","0.03","0","0.2","100","0","0.59","50","0.3","66.67","1.38","50","0.3","0.69","0.2","49.08","80.36","21.84","68.47","8.85","45.56","0","0","0","0","0","6.79","60.87","1.18","25","0","10.52","53.27"
"B. Sharp","England 3.","Doncaster Rovers","CF","39","200000","","12","910","2","0","England","right","175","3.56","2.47","84","4.65","29.79","0","2.47","1.68","0.2","0.28","0","1.68","23.53","11.765","1.19","33.33","1.88","47.37","10.38","30.48","3.26","0.99","0.1","15.13","70.59","3.16","65.63","1.09","72.73","0.02","0.2","0","0","0.1","1.78","66.67","0.99","50","0.59","1.88","73.68"
"J. Houghton","England 3.","Stevenage","RDMF, RCMF, DMF","29","1500000","","10","909","0","0","England","right","183","10.4","7.33","75.68","4.36","47.73","0.4","6.33","0.2","0","0.02","0","0.5","0","0","0.5","20","0.1","100","2.67","29.63","0.1","0.1","0.1","19.8","69","9.9","53","2.67","33.33","0.06","0","0","0","0.2","4.16","47.62","1.68","11.76","0.2","3.66","67.57"
"L. Ashby-Hammond","England 3.","Plymouth Argyle","GK","24","200000","","9","905","0","1","England","right","193","1.49","0.1","0","0.3","100","0","2.15","0.1","0","0","0","0","0","0","0","0","0.1","100","0.2","50","0","0","0","28.74","79.24","16.61","67.07","11.73","53.39","0","0","0","0","0","5.17","44.23","0.6","33.33","0.2","7.66","76.62"
"U. Godwin-Malife","England 3.","Burton Albion","RCB","25","325000","2027-06-30","10","899","1","0","England","right","180","7.51","4.4","54.55","2.9","62.07","0.4","6.8","1.1","0.1","0.13","0","0.5","40","20","0.9","22.22","1.1","63.64","4","40","1.3","1.1","0.2","32.14","76.95","14.32","62.94","4.1","39.02","0.02","0","0","0","0.1","5.81","55.17","1","40","0.4","7.31","69.86"
"A. Sarcevic","England 3.","Bradford City","AMF, RWF, RW","33","125000","2026-06-30","11","894","4","2","England","right","182","7.25","5.34","62.26","5.94","35.59","0.2","5.21","1.91","0.3","0.23","0.2","1.11","54.55","36.364","1.51","26.67","1.41","57.14","6.74","37.31","2.62","1.01","0.1","23.76","70.76","8.66","59.3","2.72","29.63","0.05","0.1","0.2","50","0.2","3.22","50","1.91","26.32","0.81","3.42","67.65"
"E. Turns","England 3.","Exeter City","RCB, RB, LCB","22","0","","9","890","0","0","Wales","left","185","9.81","6.67","69.7","5.16","60.78","1.01","6.84","0.71","0","0.03","0","0.2","100","0","0.61","50","0.3","66.67","1.42","50","0.3","0.61","0.2","48.94","80.58","21.64","68.22","9","46.07","0","0","0","0","0","6.47","59.38","1.21","25","0","10.21","53.47"
"M. Alli","England 3.","Luton Town","LWB, LAMF, LW","25","0","","11","888","1","1","Republic of Ireland","unknown","0","5.37","5.07","64","4.97","42.86","0","3.91","5.47","0.1","0.06","0","1.62","31.25","6.25","3.95","28.21","6.08","61.67","15.2","37.33","2.53","4.66","0.71","28.48","75.44","6.39","61.9","1.42","21.43","0.1","0","0.1","100","0.51","1.93","47.37","4.05","47.5","1.01","3.65","83.33"
"H. White","England 3.","Stevenage","LDMF, LCMF","24","300000","","10","886","2","3","England","left","168","6.2","4.06","62.5","2.03","45","0.3","4.22","1.02","0.2","0.07","0","1.22","33.33","16.667","0.81","50","0.51","20","1.93","36.84","0.41","0.1","0","30.47","80.33","11.88","65.81","4.37","51.16","0.18","0.1","0.1","100","0","7.01","59.42","2.13","57.14","0.81","5.38","83.02"
"T. Lo-Tutala","England 3.","Doncaster Rovers","GK","22","350000","2028-06-30","9","883","0","0","France","right","191","2.55","0.2","50","0.41","100","0","3.91","0","0","0","0","0","0","0","0","0","0","0","0.1","100","0","0","0","27.21","86.14","12.84","73.02","8.46","61.45","0","0","0","0","0","2.96","48.28","0.1","0","0","6.42","79.37"
"M. Sorinola","England 3.","Plymouth Argyle","LB, RWB, RB","24","750000","","11","883","1","0","England","right","173","10.8","9.07","60.67","3.16","12.9","0.41","6.85","1.73","0.1","0.03","0.1","0.41","25","25","2.14","19.05","1.94","57.89","4.89","45.83","0.92","1.02","0.1","32.92","75.85","13.56","65.41","4.38","32.56","0.05","0","0.41","25","0.31","4.89","56.25","1.83","27.78","0.31","5.81","59.65"
"M. Jacob","England 3.","Reading","LB","24","0","2027-06-30","11","879","0","0","England","left","180","7.27","4.61","51.11","5.12","56","0.31","6.29","0.82","0","0.05","0","0.31","33.33","0","1.13","36.36","0.92","33.33","2.56","44","1.02","1.02","0.1","37.47","72.4","18.74","59.02","6.04","37.29","0.03","0.1","0","0","0.1","6.55","54.69","2.15","38.1","0.61","8.09","64.56"
"J. Debrah","England 3.","Port Vale","CB, RCB","25","200000","2026-06-30","10","876","0","0","England","","0","6.68","4.32","90.48","6.58","62.5","0.21","4.01","0.72","0","0.06","0","0.72","0","0","0.72","28.57","0.51","100","1.34","76.92","0.92","0.21","0.1","29.18","79.93","11.82","65.22","5.14","50","0.01","0","0","0","0.1","3.7","58.33","0.82","37.5","0.1","5.14","60"
"C. Piergianni","England 3.","Stevenage","LCB","33","175000","","9","868","1","0","England","left","185","8.09","3.11","70","10.26","68.69","0.1","8","0.41","0.1","0.07","0.1","0.62","33.33","16.667","0","0","0.21","100","1.24","50","0.83","0.1","0","36.08","74.14","18.66","58.33","10.26","48.48","0","0","0","0","0","9.44","47.25","0.93","22.22","0.41","10.16","71.43"
"J. Shepherd","England 3.","Barnsley","RCB","24","0","","9","865","0","0","England","left","189","9.16","3.85","75.68","5.51","66.04","1.04","9.72","0.21","0","0.04","0","0.1","100","0","0.1","0","0.21","50","2.29","63.64","0.52","0.1","0.1","52.54","85.54","19.77","72.11","7.91","50","0","0","0","0","0","5.2","50","0.62","0","0","7.7","60.81"
"B. Khela","England 3.","Peterborough United","LCMF, CF","20","200000","2027-06-30","11","862","0","0","England","","0","7.94","5.74","60","2.19","38.1","0.21","5.61","1.77","0","0.12","0","1.15","18.18","0","1.57","33.33","1.77","58.82","7","34.33","1.25","1.77","0.21","34.56","83.08","8.98","65.12","3.03","41.38","0.05","0","0","0","0.21","4.18","60","2.19","57.14","0.73","4.18","77.5"
"M. Hippolyte","England 3.","AFC Wimbledon","LCMF, RWF, LW","30","175000","2026-06-30","11","852","1","2","England","left","183","7.08","5.18","69.39","2.32","27.27","0","3.89","1.9","0.11","0.15","0","1.48","28.57","7.143","1.37","38.46","1.69","56.25","7.18","36.76","1.69","0.95","0.21","23.56","76.23","6.13","56.9","1.8","29.41","0.14","0","0.21","0","0.42","2.96","53.57","1.8","47.06","0.85","2.85","51.85"
"R. Croasdale","England 3.","Port Vale","RCMF","31","275000","2026-06-30","12","851","2","0","England","right","170","7.3","5.71","59.26","4.12","30.77","0.11","4.62","1.16","0.21","0.07","0","0.85","50","25","1.16","27.27","0.85","50","2.96","28.57","1.59","0.53","0","26.76","71.94","8.14","51.95","1.8","47.06","0.02","0.11","0","0","0.21","2.54","41.67","2.43","52.17","0.63","4.34","58.54"
"B. Ibrahim","England 3.","Plymouth Argyle","RCMF, RDMF, CF","20","400000","2027-06-30","10","851","3","0","England","right","185","8.14","6.35","63.33","2.01","31.58","0","5.37","2.01","0.32","0.11","0.11","1.37","38.46","23.077","0.53","20","1.8","70.59","5.71","48.15","1.06","0.63","0.11","38.92","79.08","12.59","61.34","3.6","41.18","0.07","0","0.21","50","0.11","5.5","65.38","1.8","47.06","0.74","6.45","67.21"
"J. Wareham","England 3.","Exeter City","CF","22","100000","","12","850","3","1","England","right","177","3.28","3.81","41.67","9","29.41","0.21","1.88","0.85","0.32","0.24","0","1.16","45.45","27.273","0.32","0","0.32","100","6.14","24.14","2.22","0.11","0","14.51","67.88","3.28","54.84","0.53","20","0.04","0","0","0","0.32","1.16","45.45","0.21","50","0.42","1.27","25"
"J. Clark","England 3.","Luton Town","AMF, LCMF","32","1000000","","10","849","3","0","England","right","183","4.88","3.39","65.63","4.13","28.21","0","4.59","3.29","0.32","0.19","0","1.59","33.33","20","2.97","25","3.92","45.95","8.69","34.15","2.76","1.7","0.11","32.23","76.64","11.66","71.82","3.39","71.88","0.14","0.11","0.32","66.67","0.21","4.98","65.96","3.6","61.76","1.48","6.36","95"
"A. May","England 3.","Huddersfield Town","CF, RAMF","32","300000","2027-06-30","11","847","2","1","England","right","176","3.83","3.83","55.56","2.44","21.74","0","2.76","2.13","0.11","0.4","0","2.34","45.45","9.091","1.28","33.33","1.28","41.67","4.04","28.95","2.66","1.17","0.21","19.98","73.94","4.68","68.18","1.7","31.25","0.14","0","0.11","100","0.85","2.23","61.9","2.02","52.63","1.28","3.51","69.7"
"T. Sibbick","England 3.","Burton Albion","CB, LCB","26","650000","2026-06-30","10","846","0","0","England","right","188","10.64","7.34","73.91","3.19","63.33","0.32","7.62","0.43","0","0","0","0.11","100","0","0.32","33.33","0.64","33.33","1.49","35.71","0.32","1.17","0","33.51","85.4","13.51","74.8","3.62","52.94","0","0","0","0","0","4.57","86.05","0.53","60","0.21","7.23","64.71"
"C. Makosso","England 3.","Luton Town","RCB, RB","21","0","","9","840","0","0","Congo","right","192","10.93","7.71","75","4.18","48.72","0.32","8.41","1.07","0","0.17","0","1.39","23.08","0","0.96","22.22","0.75","71.43","2.68","52","1.61","1.29","0.21","33.11","72.17","17.46","62.58","5.79","37.04","0.07","0","0.11","0","0.21","7.39","62.32","1.93","22.22","0.54","10.82","69.31"
"G. Byers","England 3.","Port Vale","DMF, LCMF","29","400000","2027-06-30","10","839","0","0","England","right","180","8.37","6.76","55.56","4.18","61.54","0.11","5.22","1.72","0","0.11","0","2.47","4.35","0","1.39","38.46","1.18","54.55","3.54","33.33","1.39","1.39","0","45.05","85.95","13.62","70.08","3.43","46.88","0.01","0","0.54","80","0.11","8.15","69.74","2.25","66.67","1.18","7.08","80.3"
"W. Fish","England 3.","Cardiff City","RCB","22","550000","2028-06-30","10","838","0","0","England","right","185","6.23","3.97","72.97","5.26","63.27","0.21","5.92","0.11","0","0","0","0","0","0","0.32","33.33","0.11","0","0.86","37.5","0","0.43","0","61.97","85.96","24.59","73.8","9.45","46.59","0","0","0","0","0","12.57","65.81","0.86","25","0.11","10.53","68.37"
"D. Hall","England 3.","Rotherham United","RWB, RCB","24","350000","","10","836","2","0","Netherlands","right","180","7.43","5.81","66.67","4.2","43.59","0.11","4.35","1.18","0.22","0.11","0","0.97","44.44","22.222","1.08","20","0.86","62.5","3.23","50","2.37","0.32","0","24.22","77.33","9.47","67.05","2.48","43.48","0.02","0","0","0","0.11","3.88","61.11","0.54","100","0.22","4.52","59.52"
"G. Nevett","England 3.","Peterborough United","CB, LCB","19","0","","10","835","0","0","England","","0","8.08","6.14","70.18","4.53","57.14","0.75","4.95","0.43","0","0","0","0","0","0","0.11","100","0.65","50","1.51","42.86","0.22","1.4","0","59.07","89.23","18.86","75.43","4.53","33.33","0","0","0","0","0","4.2","53.85","0.22","0","0","6.36","49.15"
"E. Wheatley","England 3.","Northampton Town","CF","19","0","2026-06-30","11","834","1","0","England","right","0","6.15","4.86","66.67","8.09","16","0.11","4.6","0.97","0.11","0.13","0","0.86","50","12.5","0.43","50","1.29","25","8.96","13.25","2.16","0.76","0.22","10.68","66.67","2.37","63.64","0.43","25","0.03","0","0","0","0.54","0.54","60","0.97","44.44","0.54","1.19","63.64"
"N. Ogbeta","England 3.","Barnsley","LB","24","350000","","9","832","0","1","England","left","184","7.03","5.41","56","2.92","40.74","0.22","6.29","2.6","0","0.01","0","0.32","0","0","2.49","13.04","3.25","70","6.49","53.33","1.73","1.41","0.11","29.31","76.01","8.22","65.79","1.95","44.44","0.09","0","0","0","0.43","2.6","58.33","2.06","31.58","0.32","5.52","49.02"
"J. Hungbo","England 3.","Wigan Athletic","LWB, LB, LAMF","25","500000","","12","822","0","2","England","left","173","6.24","5.15","51.06","2.63","37.5","0","4.95","5.58","0","0.08","0","0.77","28.57","0","5.26","33.33","4.71","76.74","9.09","55.42","1.75","2.63","0.44","27.48","65.74","7.66","48.57","3.07","50","0.11","0","0","0","0.44","2.63","45.83","3.72","38.24","0.22","6.13","64.29"
"C. Vickers","England 3.","Barnsley","RAMF","20","175000","","10","820","2","1","England","right","172","3.95","2.52","65.22","1.98","22.22","0","3.87","1.87","0.22","0.04","0","0.88","37.5","25","1.21","36.36","1.65","66.67","8.78","38.75","2.09","2.3","0.44","32.82","84.28","8.12","71.62","1.76","31.25","0.13","0","0","0","0.33","2.52","60.87","0.99","77.78","0.88","4.06","67.57"
"J. Rafferty","England 3.","Rotherham United","RCB","32","350000","2026-06-30","9","816","1","1","England","right","180","9.04","5.18","80.85","3.09","39.29","0","5.71","1.21","0.11","0.08","0","0.33","33.33","33.333","2.32","33.33","0.55","60","1.76","50","0.33","0.55","0.22","33.09","74.33","17.21","64.1","9.15","45.78","0.05","0","0","0","0.11","8.27","45.33","3.2","37.93","0.66","8.93","72.84"
"M. Fox","England 3.","Wigan Athletic","LCB, LB","32","600000","","9","806","0","1","England","left","185","8.49","6.03","74.07","3.91","42.86","0.33","4.93","1.45","0","0.05","0","0.56","60","0","2.23","40","0.45","50","1.23","36.36","1.12","0.67","0","43.44","81.23","23","77.18","8.6","50.65","0.13","0","0","0","0.45","7.59","58.82","2.23","60","0.56","10.72","81.25"
"C. Forino-Joseph","England 3.","Bolton Wanderers","RCB, LCB","25","0","2027-06-30","8","802","0","0","England","right","191","9.09","4.04","75","8.53","72.37","0.45","9.48","0.45","0","0.13","0","0.79","28.57","0","0.22","50","0.22","50","1.23","90.91","1.12","0.67","0","45.56","87.93","17.06","76.97","4.15","45.95","0","0","0","0","0","4.26","50","0.56","20","0","6.06","62.96"
"B. Pointon","England 3.","Bradford City","AMF, LWF","21","0","","10","798","5","0","England","left","170","4.4","3.95","60","3.61","15.63","0.11","2.32","3.72","0.56","0.26","0","1.8","50","31.25","2.93","42.31","1.92","82.35","5.53","57.14","3.72","1.13","0.11","25.38","77.33","6.32","66.07","1.58","42.86","0.08","0.11","0","0","0.45","2.03","61.11","2.93","65.38","0.9","3.61","78.13"
"M. Pennington","England 3.","Bradford City","RCB","31","450000","","8","798","0","0","England","right","185","8.57","6.32","62.5","7.89","50","0.34","5.4","0.34","0","0.06","0","0.56","40","0","0.9","12.5","0","0","0.45","50","0.9","0.34","0","28.2","68.8","14.89","59.09","5.86","36.54","0","0","0","0","0.11","5.86","40.38","1.47","15.38","0.23","7.78","59.42"
"R. Kpakio","England 3.","Cardiff City","RB","18","0","","10","798","1","1","Wales","right","178","7.44","7.67","60.29","2.26","35","0.45","4.89","1.58","0.11","0.04","0","0.56","60","20","0.79","57.14","1.58","50","8.01","36.62","1.24","1.69","0.34","45.23","91.02","14.77","85.5","1.13","60","0.05","0.11","0.11","0","0.34","4.29","92.11","1.13","60","0.45","5.98","71.7"
"J. Collins","England 3.","Lincoln City","CF","34","175000","2026-06-30","11","797","4","1","England","right","188","4.52","3.5","48.39","6.89","32.79","0.11","3.3","1.24","0.23","0.45","0","1.69","60","26.667","1.02","11.11","0.45","25","6.55","25.86","2.03","0.68","0.11","14.79","72.52","2.94","57.69","0.56","40","0.1","0","0","0","0.11","1.02","66.67","1.13","50","0.68","1.13","60"
"C. Addai","England 3.","Stockport County","GK","28","175000","2027-06-30","8","797","0","0","England","right","203","1.58","0.23","100","0.11","100","0","1.8","0","0","0","0","0","0","0","0","0","0","0","0.11","100","0","0","0","23.15","85.37","14.68","79.23","10.61","69.15","0","0","0","0","0","6.55","63.79","0.56","0","0","8.24","87.67"
"J. Reid","England 3.","Stevenage","CF","31","300000","","9","795","5","0","England","right","181","2.6","2.49","59.09","5.55","24.49","0","1.59","2.04","0.45","0.24","0.11","1.7","46.67","33.333","0.23","0","3.51","35.48","12.91","17.54","3.28","0.79","0.11","10.42","68.48","2.04","66.67","0.11","0","0.01","0","0","0","0.11","1.02","66.67","0.57","0","0.34","0.91","62.5"
"M. Stevens","England 3.","AFC Wimbledon","CF","27","175000","2026-06-30","10","793","5","2","England","right","180","4.43","2.95","57.69","12.14","23.36","0.23","3.05","1.13","0.34","0.5","0.11","1.82","43.75","31.25","0.34","33.33","0.57","40","7.04","29.03","2.04","0.57","0.23","12.37","69.72","3.97","48.57","0.11","0","0.04","0","0","0","0.34","1.02","44.44","0.68","50","0.34","0.68","33.33"
"C. Saydee","England 3.","Wigan Athletic","CF, DMF","23","300000","2026-06-30","10","788","2","2","England","right","181","3.31","2.51","68.18","6.28","27.27","0.11","1.83","2.06","0.23","0.19","0.11","1.37","33.33","16.667","1.14","40","2.63","43.48","14.96","32.06","2.63","0.91","0.23","13.59","68.91","4.34","63.16","0.69","33.33","0.12","0","0.11","0","0.34","2.06","66.67","1.26","54.55","0.46","1.6","78.57"
"D. Kyerewaa","England 3.","Reading","LWF, RWF","24","250000","2027-06-30","11","788","1","1","Germany","right","175","2.74","3.2","39.29","3.43","33.33","0","1.54","2.06","0.11","0.17","0","1.26","9.09","9.091","1.03","22.22","2.97","57.69","8.45","40.54","2.86","2.4","0.11","22.5","78.68","5.6","69.39","1.14","40","0.07","0","0.23","0","0.57","1.14","40","2.63","52.17","1.6","2.63","60.87"
"L. Burge","England 3.","Northampton Town","GK","32","125000","2026-06-30","8","788","0","0","England","left","190","1.94","0.11","100","0.23","100","0","2.84","0","0","0","0","0","0","0","0","0","0","0","0","0","0","0","0","18.27","80","12.22","71.03","10.28","65.56","0","0","0","0","0","5.71","60","0.46","0","0","7.08","88.71"
"J. Dacres-Cogley","England 3.","Bolton Wanderers","RB","29","500000","","10","785","0","1","England","right","174","9.06","7.91","56.52","3.44","30","0.23","7.8","1.61","0","0.02","0","0.23","0","0","2.18","57.89","0.92","37.5","3.67","31.25","1.15","1.61","0.34","48.73","81.65","20.98","71.04","5.16","37.78","0.03","0","0.11","0","0.34","8.25","66.67","2.52","45.45","0.23","10.09","72.73"
"T. Taylor","England 3.","Northampton Town","RCMF","24","225000","2026-06-30","9","784","0","0","Scotland","right","185","6.66","5.63","51.02","2.64","47.83","0.23","4.95","0.34","0","0.01","0","0.46","25","0","0.57","20","0.23","50","2.53","54.55","0","0.11","0","28.13","75.51","10.68","50.54","4.13","38.89","0.02","0","0","0","0","5.28","39.13","0.92","37.5","0.23","3.67","71.88"
"R. Roosken","England 3.","Huddersfield Town","LAMF, LB","25","450000","2028-06-30","11","782","1","1","Netherlands","left","183","9.55","8.52","67.57","2.99","34.62","0.12","5.49","2.65","0.12","0.06","0","0.46","25","25","3.11","33.33","3.34","44.83","8.63","29.33","2.76","1.15","0","29.81","74.52","9.9","70.93","2.76","37.5","0.13","0.12","0","0","0.46","2.3","65","3.45","40","1.04","5.18","62.22"
"Y. Salech","England 3.","Cardiff City","CF","23","1800000","2028-12-31","11","780","4","1","Denmark","right","195","2.19","1.96","35.29","7.62","50","0.23","3.17","1.73","0.35","0.52","0.35","3.35","34.48","13.793","0.12","100","1.27","27.27","8.08","21.43","5.31","0.12","0","11.65","71.29","2.08","61.11","0.23","50","0.08","0","0.12","100","0.46","1.15","70","0.23","50","0.81","1.04","44.44"
"B. Sarpong-Wiredu","England 3.","Plymouth Argyle","LCB, RCB","25","375000","2026-06-30","10","772","0","0","England","right","191","7.81","5.01","76.74","3.73","56.25","0.23","5.82","1.05","0","0.01","0","0.12","0","0","0.47","100","1.28","45.45","3.85","45.45","0.23","1.05","0","33.92","85.57","12.71","69.72","2.56","45.45","0.07","0","0","0","0.23","3.73","68.75","0.93","62.5","0.23","6.41","70.91"
"R. Street","England 3.","Lincoln City","RAMF, RW","24","250000","2028-06-30","10","765","0","0","England","right","189","4.47","4.47","57.89","7.88","46.27","0.24","2.42","1.65","0","0.13","0","0.94","25","0","1.88","31.25","1.18","70","6.82","25.86","2","1.18","0.12","14.71","56.8","4.71","37.5","2","23.53","0.08","0.12","0","0","0.47","1.65","28.57","1.29","27.27","0","2","35.29"
"D. Andrew","England 3.","Exeter City","LB, LCB, LWB","34","100000","","11","764","0","1","England","left","180","6.83","6.01","45.1","4.48","57.89","0.24","5.44","2.83","0","0.03","0","0.59","40","0","2.83","41.67","1.88","75","3.18","48.15","0.71","1.3","0.35","38.76","75.99","16.96","64.58","5.65","33.33","0.09","0","0","0","0.24","6.01","52.94","2.95","44","0.47","8.48","65.28"
"F. Onyedinma","England 3.","Wycombe Wanderers","RAMF, RW, CF","28","500000","","11","761","2","2","England","right","185","4.26","4.26","47.22","6.39","40.74","0","3.31","3.67","0.24","0.16","0","1.42","50","16.667","2.84","29.17","3.9","54.55","10.76","39.56","3.31","1.77","0.12","21.17","75.98","5.09","74.42","0.24","0","0.15","0.12","0","0","0.47","1.3","72.73","1.66","57.14","0.47","2.6","68.18"
"J. Armer","England 3.","Burton Albion","LWB, LCB, RCB","24","500000","","10","756","0","0","England","left","185","9.64","5.24","72.73","3.93","51.52","0.83","7.7","1.19","0","0.01","0","0.36","33.33","0","2.74","34.78","0.6","20","2.62","36.36","0.36","1.31","0.24","32.74","67.64","15.95","55.22","6.07","33.33","0.06","0","0","0","0.36","8.33","47.14","4.05","32.35","0.36","8.69","75.34"
"T. Leigh","England 3.","Bradford City","LCMF, RCMF","25","300000","","11","752","1","0","England","right","185","9.45","6.58","65.45","3.59","53.33","0.24","6.51","0.96","0.12","0.01","0","1.08","11.11","11.111","1.56","46.15","0.48","25","2.87","41.67","0.36","0.12","0.12","36.02","70.76","15.8","51.52","8.62","47.22","0.18","0","0","0","0.36","9.34","44.87","3.59","43.33","0.72","7.54","71.43"
"D. Lawlor","England 3.","Cardiff City","LCB, RCB","19","0","","10","749","1","0","Wales","right","188","6.37","3.6","73.33","5.05","50","0.84","7.09","0.24","0.12","0.03","0","0.24","50","50","0.12","0","0.12","100","2.4","60","0.24","3.48","0.12","62","91.28","22.95","81.15","3","48","0.04","0","0","0","0.24","8.53","80.28","0.84","42.86","0.36","8.41","77.14"
"S. Revan","England 3.","Burton Albion","LWB, LB","22","350000","2027-06-30","8","748","0","0","England","left","181","9.39","6.26","75","4.33","38.89","0.24","5.78","3.97","0","0.05","0","0.72","0","0","4.93","26.83","4.09","64.71","10.23","49.41","1.68","1.44","0.12","28.64","63.03","9.39","53.85","3.49","44.83","0.26","0","0","0","0.48","3.25","44.44","3.85","34.38","0.48","5.78","64.58"
"M. Andersen","England 3.","Luton Town","CB, RCB","27","3000000","","8","747","1","0","Denmark","right","194","6.51","3.01","76","4.1","67.65","0.48","7.56","0.12","0.12","0.01","0.12","0.12","100","100","0","0","0","0","0.84","42.86","0.24","0","0","41.33","85.42","17.11","71.13","6.14","45.1","0","0","0","0","0","6.99","62.07","0.48","50","0.36","8.19","70.59"
"R. Towler","England 3.","Lincoln City","LB, LCB","23","500000","2026-06-30","8","747","0","1","England","left","187","8.8","6.27","65.38","5.06","38.1","0.6","5.2","0.48","0","0","0","0","0","0","0.36","100","0.12","100","1.57","30.77","0.36","0.12","0","18.55","74.03","10.48","60.92","4.94","51.22","0.05","0","0","0","0.12","5.18","60.47","1.45","58.33","0.48","5.54","71.74"
"A. Jackson","England 3.","Lincoln City","RCB, LCB","31","250000","","9","745","0","0","England","right","187","8.82","3.99","66.67","7.37","50.82","0.85","7.06","0.36","0","0.05","0","0.36","0","0","0.48","50","0.12","100","0.72","66.67","1.09","0.36","0","25.01","79.23","11.48","66.32","4.11","50","0.03","0.12","0","0","0","3.74","51.61","1.09","55.56","0.36","6.4","64.15"
"J. Hugill","England 3.","Rotherham United","CF","33","400000","2026-06-30","10","739","2","1","England","right","183","2.56","1.71","64.29","14.37","28.81","0.12","1.77","0.85","0.12","0.22","0","1.46","50","16.667","0.12","0","0.24","50","6.94","17.54","2.44","0.37","0","12.18","67","3.29","48.15","0.61","60","0.07","0","0","0","0.12","1.83","40","0.97","25","0.49","1.95","25"
"L. Sørensen","England 3.","Huddersfield Town","RB","25","700000","2027-06-30","11","739","0","1","Denmark","right","185","7.67","5.97","59.18","5.24","51.16","0.12","6.5","1.83","0","0.05","0","0.49","0","0","2.68","27.27","1.34","81.82","4.26","42.86","2.19","1.83","0.37","34.83","76.92","10.47","59.3","3.41","46.43","0.16","0","0","0","0.61","5.12","50","2.56","42.86","0.73","5.97","69.39"
"J. Magennis","England 3.","Exeter City","CF","35","150000","","10","738","4","0","Northern Ireland","right","188","3.05","0.98","75","11.1","43.96","0.12","3.35","1.59","0.37","0.33","0.24","1.34","72.73","36.364","0.73","16.67","0.98","50","5.98","18.37","2.32","0.49","0","12.2","71","1.83","66.67","0.24","0","0.09","0.12","0","0","0.24","0.98","50","0.61","80","0.73","1.22","60"
"D. McGoldrick","England 3.","Barnsley","CF, LAMF","37","100000","","9","737","2","0","England","right","183","2.93","3.18","46.15","5.5","24.44","0","2.16","1.71","0.24","0.45","0","2.81","21.74","8.696","1.83","13.33","1.71","50","8.43","24.64","4.88","1.34","0","28.7","80.43","6.59","62.96","1.71","64.29","0.04","0","0.12","0","0.12","3.66","70","1.34","18.18","0.49","2.81","86.96"
"F. Blake-Tracy","England 3.","Mansfield Town","LB, LCB","30","200000","2026-06-30","9","735","1","0","England","left","183","8.33","4.65","71.05","6.49","60.38","0.61","5.91","1.1","0.12","0.05","0.12","0.24","50","50","1.47","33.33","0.61","60","2.69","50","0.73","1.22","0.12","40.65","74.7","16.9","59.42","6.12","40","0.05","0","0.12","100","0.24","4.53","45.95","1.71","21.43","0","8.2","52.24"
"O. Moxon","England 3.","Stockport County","LCMF, RCMF, RDMF","27","450000","2027-06-30","12","734","1","0","England","right","186","9.32","8.34","57.35","1.59","46.15","0.49","5.27","0.49","0.12","0.05","0","0.98","25","12.5","0.37","66.67","0.61","0","2.57","14.29","0.49","0.98","0.12","31.88","77.31","9.07","55.41","2.82","47.83","0","0.12","0","0","0","6.13","62","0.86","57.14","0.25","5.15","59.52"
"G. Honeyman","England 3.","Blackpool","RCMF, RW, LCMF","31","900000","2027-06-30","8","734","1","1","England","right","173","10.18","9.2","57.33","2.08","29.41","0.49","5","0.86","0.12","0.02","0","0.37","33.33","33.333","1.23","30","0.74","33.33","6.13","42","1.23","0.12","0.25","32.74","77.15","12.14","67.68","3.07","24","0.1","0","0.12","100","0.25","3.56","58.62","1.59","46.15","0.49","5.4","47.73"
"C. Ashford","England 3.","Cardiff City","RAMF, RW, RDMF","21","0","2027-06-30","10","732","1","0","Wales","unknown","0","4.92","4.3","60","1.35","36.36","0.12","4.79","3.44","0.12","0.1","0","1.23","30","10","2.34","26.32","4.18","58.82","10.7","37.93","2.34","1.84","0.37","25.2","81.95","3.69","80","0.12","0","0.03","0.12","0.12","0","0","0.61","100","2.21","61.11","0.86","1.84","73.33"
"M. Harness","England 3.","Huddersfield Town","RAMF","29","800000","","10","729","0","1","England","right","180","6.91","6.79","52.73","4.57","29.73","0","5.19","4.07","0","0.15","0","1.6","46.15","0","3.46","21.43","4.07","63.64","9.63","52.56","3.58","1.98","0.37","27.41","67.12","8.77","61.97","1.98","50","0.21","0","0","0","0.74","2.84","52.17","3.09","52","0.99","4.2","73.53"
"B. Wiles","England 3.","Huddersfield Town","AMF","26","2200000","2026-06-30","10","729","2","0","England","right","172","1.98","1.85","60","2.72","22.73","0","1.18","1.85","0.25","0.16","0","1.85","26.67","13.333","0.99","37.5","2.1","47.06","6.05","42.86","3.09","2.22","0.86","30.74","85.14","7.53","72.13","1.85","66.67","0.06","0","0.25","0","0.37","3.33","66.67","1.98","62.5","1.23","3.95","87.5"
"J. Mullins","England 3.","Wycombe Wanderers","RDMF, RCMF, AMF","21","0","2026-06-30","9","728","1","0","Republic of Ireland","right","0","4.82","3.46","57.14","1.85","6.67","0.25","4.12","1.36","0.12","0.07","0","0.62","60","20","0.62","20","1.98","37.5","8.78","30.99","1.61","0.99","0","30.04","79.01","11","61.8","4.33","45.71","0.14","0","0.12","100","0.49","4.82","64.1","2.1","35.29","0.99","4.7","68.42"
"J. Doyle-Hayes","England 3.","Exeter City","RCMF, LCMF, DMF","26","450000","","9","726","0","1","Republic of Ireland","right","175","8.43","6.45","51.92","4.09","66.67","0.62","6.86","0.74","0","0.02","0","0.74","16.67","0","0.99","37.5","0.12","100","2.48","60","0.5","0.25","0","52.31","87.44","17.6","74.65","4.71","57.89","0.06","0","0.12","100","0.37","7.07","80.7","1.98","50","0.74","8.43","73.53"
"C. Willock","England 3.","Cardiff City","LAMF, LW, RAMF","27","1800000","2027-06-30","10","725","2","3","England","right","178","4.47","3.72","73.33","0.87","14.29","0","3.02","6.08","0.25","0.09","0","1.37","36.36","18.182","3.6","34.48","6.46","67.31","13.9","47.32","3.1","2.48","0","30.79","85.48","6.08","89.8","0.74","83.33","0.16","0","0","0","0.62","1.99","87.5","4.1","75.76","1.74","5.46","90.91"
"C. Connolly","England 3.","Stockport County","CB, RCB","28","600000","","10","724","0","0","England","right","183","7.33","2.98","79.17","5.35","62.79","0.5","6.17","0.12","0","0.04","0","0.25","50","0","0","0","0.12","0","0.99","50","0.37","0.25","0","34.19","84.73","13.67","67.27","5.47","45.45","0","0","0","0","0","4.6","48.65","0.75","16.67","0.12","5.47","56.82"
"J. Maxwell","England 3.","Doncaster Rovers","LB","23","250000","2026-06-30","9","719","0","1","England","left","179","12.77","8.01","70.31","5.01","62.5","0.13","11.17","1.63","0","0.01","0","0.38","0","0","2.63","38.1","1.38","45.45","3.5","39.29","0.5","1.88","0.13","45.81","74.32","21.66","63.01","7.89","42.86","0.09","0","0.13","0","0.38","9.51","63.16","4.51","38.89","0.63","12.77","73.53"
"C. Hamilton","England 3.","Blackpool","LW","30","500000","2026-06-30","11","717","2","0","England","left","170","5.4","4.39","60","2.13","58.82","0.13","3.24","2.76","0.25","0.06","0","0.75","50","33.333","3.39","18.52","2.76","63.64","5.27","40.48","1.76","1.63","0.5","19.96","64.15","4.9","61.54","1.63","38.46","0.1","0","0","0","0.38","0.38","66.67","2.89","30.43","0.63","3.64","41.38"
"R. Trevitt","England 3.","Wigan Athletic","RCMF","22","0","2026-06-30","9","710","1","1","England","right","170","7.61","6.34","66","1.77","42.86","0.13","4.17","1.77","0.13","0.06","0","0.51","50","25","1.9","60","0.76","50","4.69","29.73","1.27","1.14","0.25","33.08","81.61","8.87","65.71","3.68","62.07","0.22","0","0.13","0","0.63","4.82","71.05","2.28","66.67","0.63","5.2","73.17"
"M. Pearson","England 3.","Doncaster Rovers","LCB, RCB","32","1200000","","8","708","1","0","England","right","190","11.19","4.83","86.84","9.92","65.38","0.13","11.14","0.25","0.13","0.05","0.13","0.51","25","25","0.13","0","0.13","100","0.89","28.57","0.89","0.64","0.13","43.6","82.51","16.78","68.18","6.86","42.59","0","0","0","0","0","6.1","39.58","0.76","16.67","0.13","7.37","60.34"
"J. Olowu","England 3.","Stockport County","RCB","25","225000","","10","706","2","0","Nigeria","right","184","9.56","5.74","75.56","4.21","60.61","0.51","6.1","0.64","0.25","0.19","0.25","0.76","50","33.333","0.25","100","0.51","0","1.91","13.33","0.76","0.51","0","30.98","82.72","15.3","73.33","3.95","51.61","0","0","0","0","0","3.44","66.67","0.76","33.33","0","6.5","66.67"
"H. Kane","England 3.","Huddersfield Town","LDMF","26","1200000","","8","705","1","1","England","right","177","6.89","4.98","56.41","2.55","70","0.26","5.77","0.38","0.13","0.01","0","0.38","33.33","33.333","0.38","33.33","0.26","50","4.09","59.38","0.13","0.13","0","50.81","85.68","18.26","75.52","6","59.57","0.08","0","0.26","0","0.13","8.3","76.92","1.53","50","0.64","8.43","71.21"
"T. James","England 3.","Leyton Orient","RB, LB","29","325000","2026-06-30","11","703","0","0","Wales","right","175","8.07","6.91","44.44","3.58","42.86","0.38","7.67","1.02","0","0.01","0","0.38","0","0","1.02","75","0.13","100","2.05","31.25","0","0.13","0","40.46","83.23","14.59","59.65","6.4","48","0.08","0.13","0.13","100","0.26","7.3","47.37","2.3","44.44","0.26","6.79","77.36"
"T. Watson","England 3.","Barnsley","RB","28","250000","","8","702","0","0","England","right","185","8.46","4.62","72.22","4.74","62.16","0.13","7.86","0.26","0","0","0","0","0","0","0.64","40","0.26","0","2.56","50","0.64","0.51","0","50.9","91.94","20.9","85.89","1.41","27.27","0.04","0","0","0","0.13","3.97","77.42","1.03","37.5","0","4.74","72.97"
"J. McKiernan","England 3.","Burton Albion","RCMF, AMF","23","0","2028-06-30","10","702","0","1","Northern Ireland","right","184","7.18","6.41","54","3.72","62.07","0.13","4.53","1.03","0","0.1","0","1.28","10","0","0.51","25","1.54","50","6.67","26.92","1.79","0.9","0.13","18.33","69.23","7.44","63.79","2.05","31.25","0.05","0","0.13","0","0.26","3.72","65.52","0.51","50","0.26","4.49","62.86"
"K. Szűcs","England 3.","Plymouth Argyle","RB, LCB","24","250000","2026-06-30","7","700","0","0","Hungary","right","190","8.23","6.17","58.33","4.5","48.57","0.26","7.2","0.39","0","0.03","0","0.39","33.33","0","0.77","33.33","0.26","0","1.29","20","0.39","0.39","0","37.8","80.95","16.71","70.77","2.44","36.84","0.04","0","0","0","0.13","4.37","61.76","0.77","33.33","0","7.84","52.46"
"J. Lewis","England 3.","AFC Wimbledon","CB","26","175000","","8","699","0","0","Wales","right","186","9.27","7.47","68.97","5.28","63.41","0.52","4.92","0.26","0","0.02","0","0.26","50","0","0.13","100","0","0","1.03","12.5","0.52","0.13","0","33.48","67.31","19.83","55.84","13.39","53.85","0","0","0","0","0","9.91","46.75","0.39","33.33","0.26","12.49","64.95"
"J. Bland","England 3.","Barnsley","RDMF, RB","19","0","2028-06-30","10","699","0","0","Wales","unknown","0","6.57","4.51","65.71","3.61","50","0.64","5.57","0.64","0","0.11","0","0.77","33.33","0","0.39","33.33","0.52","50","4.64","30.56","0.39","0.77","0.13","45.58","85.59","14.55","74.34","3.22","48","0.02","0.13","0","0","0.39","4.25","72.73","0.77","50","0.26","5.92","69.57"
"A. Fletcher","England 3.","Blackpool","CF","30","500000","","10","694","1","1","England","right","185","3.63","3.89","50","9.73","38.67","0","2.09","1.69","0.13","0.09","0.13","1.04","37.5","12.5","0.52","50","1.69","61.54","6.22","45.83","1.95","1.17","0.39","17.25","77.44","4.28","48.48","1.04","62.5","0.03","0","0.13","0","0.13","1.82","57.14","1.17","66.67","0.91","2.59","65"
"R. Hackett","England 3.","Lincoln City","LAMF, LW, RW","27","275000","2026-06-30","10","694","1","1","England","left","190","9.34","7.65","62.71","3.76","37.93","0.13","5.3","3.11","0.13","0.15","0","1.3","40","10","2.98","21.74","4.41","44.12","9.47","30.14","3.24","1.3","0","19.32","71.14","5.19","70","1.69","46.15","0.1","0.13","0","0","0.65","1.56","66.67","2.46","47.37","0.65","2.98","78.26"
"L. Reed","England 3.","Mansfield Town","RDMF, LCMF, RCMF","28","325000","2026-06-30","7","694","0","0","England","right","173","8.04","6.87","75.47","2.2","11.76","0.13","2.67","0.65","0","0.05","0","0.65","20","0","0.65","80","0.26","0","1.82","28.57","1.3","0.39","0","50.06","81.35","20.1","63.23","8.69","41.79","0.08","0.13","0","0","0.26","10.76","62.65","1.69","46.15","0.39","9.08","72.86"
"Z. Jules","England 3.","Rotherham United","LCB, CB","28","300000","2026-06-30","9","692","0","0","England","left","190","7.8","5.2","70","8.58","65.15","0.39","5.42","0.13","0","0.06","0","0.26","0","0","0","0","0.13","100","1.17","33.33","0.52","0.26","0","27.31","84.29","13.14","75.25","4.03","48.39","0.02","0","0","0","0","2.21","64.71","0.13","0","0.13","5.07","61.54"
"S. Clare","England 3.","Leyton Orient","RDMF, RWB, DMF","29","400000","","11","683","0","0","England","right","190","9.62","7.38","58.93","5.27","70","0.4","7.16","0.26","0","0","0","0.26","0","0","0.92","14.29","0","0","1.45","45.45","0.4","0.26","0.13","34.79","81.82","12.25","67.74","3.03","30.43","0.07","0","0.26","50","0.13","6.06","54.35","1.71","38.46","0.66","4.88","78.38"
"T. Hamer","England 3.","Lincoln City","RCB, RB","26","250000","2027-06-30","11","680","0","0","England","right","188","11.38","7.41","73.21","8.21","69.35","0.53","6.8","0.66","0","0.01","0","0.13","100","0","1.06","50","0.53","0","1.06","25","0.53","0.13","0","24.09","67.03","13.24","55","5.96","40","0.2","0","0","0","0.26","5.16","48.72","2.38","38.89","0.66","7.94","71.67"
"D. Costelloe","England 3.","Wigan Athletic","CF","22","325000","","11","677","1","0","Republic of Ireland","left","175","3.32","3.99","40","9.57","16.67","0.27","2.29","0.93","0.13","0.32","0","1.6","41.67","8.333","0.27","0","1.6","16.67","7.71","15.52","2.79","1.06","0","12.36","69.89","1.46","63.64","0.27","50","0","0.13","0","0","0","0.93","71.43","0.53","0","0","0.13","0"
"B. Hills","England 3.","Stockport County","CB, RCB","21","450000","2027-06-30","9","675","0","0","England","right","178","10.67","5.6","78.57","6.13","65.22","0.4","8.34","0.53","0","0.06","0","0.4","33.33","0","0.53","25","0.53","50","2.53","57.89","0.53","0.8","0","39.47","76.35","18.8","59.57","7.2","38.89","0.01","0.13","0","0","0","6.53","53.06","0.93","28.57","0.13","9.6","63.89"
"K. Chauke","England 3.","Burton Albion","RCMF, LCMF, DMF","22","175000","","8","674","0","0","South Africa","right","177","7.74","5.88","75","4.01","43.33","0.27","4.43","0.8","0","0","0","0.13","0","0","0.8","33.33","0.67","80","2.54","57.89","0.27","0.53","0","27.24","82.35","9.21","65.22","2.8","38.1","0.01","0","0","0","0","5.88","72.73","1.07","62.5","0.27","4.81","72.22"
"C. O''Keeffe","England 3.","Stockport County","RWB, RB","27","300000","2027-06-30","11","671","0","1","England","right","184","8.58","7.24","53.7","2.28","52.94","0.13","6.15","2.01","0","0.01","0","0.13","0","0","1.88","42.86","1.34","90","5.23","43.59","1.21","1.34","0.13","30.45","84.14","8.85","69.7","2.41","55.56","0.07","0","0","0","0.13","2.95","81.82","2.28","64.71","1.21","5.77","69.77"
"T. Gale","England 3.","Bolton Wanderers","LAMF","23","700000","2027-06-30","11","671","1","1","Barbados","right","168","2.55","1.21","77.78","0.94","14.29","0.13","2.63","5.63","0.13","0.13","0","2.55","31.58","5.263","3.08","8.7","7.38","60","11.27","50","3.35","3.08","0.13","23.2","64.16","4.16","45.16","1.48","36.36","0.06","0.13","0.27","50","0.4","1.48","27.27","3.08","39.13","0.8","3.08","65.22"
"G. Middleton","England 3.","Doncaster Rovers","LAMF, LWF, RAMF","25","450000","","12","670","0","1","England","left","176","4.97","4.3","65.63","1.21","11.11","0.27","2.98","8.87","0","0.06","0","1.61","25","0","8.73","36.92","6.45","79.17","11.28","59.52","4.03","2.82","0.27","28.34","64.93","3.76","53.57","3.49","61.54","0.17","0","0.13","100","0.54","1.48","63.64","4.97","43.24","0.4","5.64","76.19"
"C. Tilt","England 3.","Bradford City","LCB, CB","34","100000","","7","667","0","0","England","left","192","11.6","10.25","61.84","4.59","64.71","0.54","6.65","0.81","0","0.06","0","0.54","25","0","0.94","42.86","0.27","100","5.67","47.62","0.81","0.13","0","23.34","64.16","12.95","52.08","6.34","36.17","0","0","0","0","0","4.86","38.89","1.35","30","0","5.94","47.73"
"L. Evans","England 3.","Blackpool","RCMF, DMF","31","300000","","10","667","1","1","Wales","right","186","9.99","4.45","60.61","2.43","50","1.21","8.69","0.54","0.13","0.03","0","0.67","20","20","1.21","22.22","0.13","100","2.29","58.82","0.27","0","0","50.87","77.45","15.79","58.97","7.56","35.71","0.08","0.27","0","0","0","8.5","42.86","2.7","15","0.13","7.02","51.92"
"C. Wright","England 3.","Wigan Athletic","LCMF, RCMF, CF","25","700000","2026-06-30","10","666","1","0","England","right","182","7.03","5","62.16","3.11","43.48","0.27","4.82","2.3","0.14","0.24","0.14","1.22","55.56","11.111","1.62","25","1.76","69.23","6.62","38.78","1.89","0.95","0.27","25.41","71.28","8.92","57.58","1.89","42.86","0.01","0","0","0","0","2.16","18.75","2.7","40","0.81","3.65","51.85"
"M. Dyche","England 3.","Northampton Town","CB","22","0","2027-06-30","8","660","1","0","England","right","184","8.32","4.36","87.5","5.05","70.27","0.68","6.88","0.27","0.14","0.1","0","0.41","33.33","33.333","0.27","0","0.14","100","1.36","60","0.82","0","0","33.95","80.72","16.91","68.55","8.18","65","0","0","0","0","0","5.45","70","0.27","0","0.14","8.86","70.77"
"D. Taylor","England 3.","Blackpool","CF","21","750000","2029-06-30","9","660","0","0","Northern Ireland","right","185","3","2.18","68.75","6.95","13.73","0.27","1.63","1.91","0","0.15","0","1.36","30","0","0.68","0","2.73","50","7.5","32.73","2.18","0.95","0.14","10.36","67.11","3.82","60.71","0.55","25","0.02","0","0.14","100","0","1.64","83.33","1.23","66.67","0.68","1.5","81.82"
"J. Bowery","England 3.","Mansfield Town","RCB","34","125000","","8","657","0","0","England","right","185","8.77","4.93","83.33","2.88","66.67","1.1","6.04","0.27","0","0","0","0","0","0","0.55","25","0.27","50","1.23","33.33","0","0.68","0.14","48.77","84.83","18.49","68.89","4.66","38.24","0.03","0","0","0","0","5.34","61.54","0.68","20","0","7.53","56.36"
"J. Roberts","England 3.","Stevenage","RAMF, RW","31","300000","","10","651","2","1","England","left","185","6.5","4.84","60","7.74","32.14","0","4.44","2.21","0.28","0.05","0.14","1.11","50","25","2.35","29.41","1.94","42.86","10.51","27.63","3.18","1.38","0.14","21.57","67.95","5.94","58.14","2.9","57.14","0.11","0.14","0.14","100","0.41","2.35","41.18","2.63","47.37","0.97","3.87","71.43"
"T. Adaramola","England 3.","Leyton Orient","LB, LWB","21","0","","8","650","0","0","Republic of Ireland","left","177","11.77","9.69","65.71","2.63","52.63","0.14","8.7","1.66","0","0","0","0.14","0","0","1.52","9.09","2.91","42.86","9.69","37.14","0.42","2.49","0.97","32.4","77.78","12.88","66.67","3.18","52.17","0.01","0","0.55","50","0","4.02","65.52","1.8","38.46","0.69","6.65","68.75"
"J. Colwill","England 3.","Cardiff City","RCMF, RDMF, LDMF","20","0","","11","647","0","0","Wales","right","178","6.96","6.54","51.06","2.64","42.11","0.7","6.41","1.53","0","0.13","0","0.7","0","0","0.42","66.67","1.53","81.82","11.13","45","2.5","1.53","0.28","28.79","83.57","6.26","62.22","0.42","33.33","0.02","0","0","0","0.28","1.95","78.57","0.56","100","0.97","3.34","50"
"C. Campbell","England 3.","Stevenage","LAMF, AMF, LW","22","900000","2026-06-30","10","639","2","0","England","right","180","4.08","2.96","71.43","1.97","57.14","0.14","2.84","3.38","0.28","0.19","0","1.27","33.33","22.222","1.97","21.43","4.23","60","10.56","40","2.96","2.39","0.14","17.61","64","4.23","46.67","0.99","57.14","0.01","0","0","0","0.14","1.97","42.86","1.13","12.5","0.14","2.11","40"
"A. Mitchell","England 3.","Plymouth Argyle","RCB, CB, LCB","24","450000","","7","636","0","0","England","right","191","8.49","4.1","68.97","7.08","62","0.57","7.35","0.57","0","0.06","0","0.42","0","0","0.28","50","0.57","75","1.7","41.67","1.13","0","0","33.68","79.83","16.13","67.54","6.37","51.11","0","0","0","0","0","4.67","60.61","0.71","20","0.42","7.08","62"
"J. Feeney","England 3.","Huddersfield Town","RCB","20","500000","2027-06-30","7","633","0","0","England","right","196","10.09","4.83","79.41","6.54","63.04","0.71","9.04","0","0","0.07","0","0.43","0","0","0","0","0","0","0.57","25","0.71","0.14","0","47.91","85.16","20.47","75.69","6.4","55.56","0","0","0","0","0","5.4","52.63","0.14","0","0.14","8.82","61.29"
"M. Forbes","England 3.","Northampton Town","LCB, LB","21","600000","2026-06-30","8","629","1","0","Northern Ireland","left","188","8.3","4.58","71.88","9.59","41.79","0.86","8.02","0.72","0.14","0.03","0.14","0.14","100","100","0.57","75","0.14","100","1.86","38.46","0.72","0.72","0","31.62","66.06","18.6","51.54","8.87","27.42","0","0","0","0","0","7.73","35.19","1.29","33.33","0","7.3","52.94"
"G. Abbott","England 3.","Wycombe Wanderers","RDMF, AMF, LCMF","20","0","","10","627","1","0","England","right","175","7.03","5.74","47.5","2.87","45","0.14","5.23","1.15","0.14","0.08","0","0.86","16.67","16.667","0.86","33.33","1","42.86","3.88","44.44","1.15","0.43","0.14","27.27","77.37","8.33","60.34","1.72","41.67","0.02","0","0.29","100","0","4.45","64.52","1","42.86","0.29","4.31","63.33"
"N. Moriah-Welsh","England 3.","Mansfield Town","RAMF, AMF, RCMF","23","300000","2026-05-31","11","626","1","0","England","right","172","5.89","4.74","60.61","2.16","20","0.29","3.56","1.87","0.14","0.08","0","1.44","20","10","1.87","30.77","2.16","46.67","6.18","34.88","1.58","1.73","0.14","20.42","71.83","6.47","55.56","2.3","31.25","0.16","0","0.14","0","0.14","3.16","59.09","1.44","40","0.29","3.59","72"
"B. House","England 3.","Lincoln City","LW, AMF, LAMF","26","250000","","9","622","2","0","Scotland","right","183","10.13","9.84","63.24","3.62","36","0.43","3.62","1.59","0.29","0.15","0","1.3","66.67","22.222","0.29","50","1.59","36.36","5.5","42.11","2.75","0.58","0","15.48","80.37","4.63","68.75","1.16","25","0.08","0.14","0","0","0.43","1.45","40","1.01","42.86","1.01","2.75","47.37"
"O. O'Neill","England 3.","Leyton Orient","LAMF, LWF","22","600000","2026-06-30","8","619","1","2","Republic of Ireland","right","0","5.96","3.93","74.07","6.4","20.45","0.15","5.43","3.34","0.15","0.14","0","1.16","50","12.5","1.31","11.11","3.93","62.96","9.45","41.54","2.76","2.47","0.15","25.88","75.84","8.87","70.49","2.04","50","0.15","0","0.15","100","0.29","3.63","68","2.18","46.67","1.02","3.93","81.48"
"M. Garbett","England 3.","Peterborough United","RCMF, AMF","23","450000","","7","614","1","0","England","right","188","6.3","5.28","58.33","2.35","12.5","0.15","3.25","2.05","0.15","0.04","0","0.88","16.67","16.667","1.32","11.11","2.64","55.56","11.29","46.75","0.73","1.91","0.29","33.13","77.43","6.89","57.45","2.93","75","0.08","0.15","0.29","100","0.15","4.84","69.7","2.64","38.89","1.03","4.1","78.57"
"D. Butler","England 3.","Stevenage","LB","31","450000","","8","611","0","1","England","left","175","8.1","4.42","60","3.39","60.87","0.44","7.4","1.77","0","0","0","0","0","0","2.21","60","0.44","100","1.47","90","0","0.44","0","31.52","77.57","14.44","66.33","6.19","45.24","0.04","0","0","0","0.29","7.81","52.83","2.8","52.63","0.15","6.92","80.85"
"M. Smith","England 3.","Wigan Athletic","DMF, RCMF","25","300000","2026-06-30","7","611","1","0","England","right","176","10.02","8.25","76.79","1.77","41.67","0.15","4.14","0.88","0.15","0.04","0","0.59","50","25","0.29","50","0.74","40","3.68","24","0.15","0.74","0","35.65","88.02","9.87","65.67","2.36","56.25","0.04","0","0.29","50","0.29","3.98","70.37","0.74","80","0.29","5.01","73.53"
"T. Bakinson","England 3.","Leyton Orient","RDMF, DMF, RCMF","27","500000","","9","609","0","1","England","right","191","7.54","3.84","61.54","3.99","70.37","0.3","7.95","0.74","0","0.12","0","1.33","11.11","0","0.59","50","0.59","0","3.4","34.78","1.63","0.74","0.15","41.97","78.17","18.03","68.03","4.14","50","0.05","0","0.3","100","0.3","8.72","57.63","1.63","54.55","0.59","8.28","71.43"
"F. Draper","England 3.","Lincoln City","CF","21","275000","","11","607","2","1","England","right","181","6.82","6.82","52.17","11.42","37.66","0.3","3.55","2.22","0.3","0.16","0.15","1.93","53.85","15.385","1.04","14.29","2.08","42.86","10.38","30","2.82","0.59","0","17.64","68.07","4.45","60","1.04","71.43","0.02","0","0.3","50","0.3","1.63","72.73","0.89","33.33","1.04","2.37","56.25"
"R. Curtis","England 3.","Port Vale","CF, LWB","29","200000","2027-06-30","11","603","1","0","England","right","182","3.88","4.18","53.57","10.3","37.68","0.15","2.44","4.03","0","0.32","0","2.84","26.32","5.263","4.03","33.33","3.43","56.52","9.55","40.63","3.73","1.04","0","24.78","70.48","6.27","66.67","1.64","54.55","0.31","0.15","0","0","0.45","2.09","64.29","4.03","48.15","1.34","3.88","80.77"
"J. Gibson","England 3.","Doncaster Rovers","LAMF, LWF, AMF","27","300000","2026-06-30","12","603","1","1","England","right","178","5.22","4.78","65.63","2.54","29.41","0.15","3.36","3.43","0.15","0.09","0","1.49","30","10","1.79","25","4.93","51.52","12.54","40.48","1.34","1.94","0.45","25.67","76.74","7.46","56","2.09","35.71","0.17","0.15","0","0","0.45","2.39","50","2.24","46.67","1.19","3.88","69.23"
"J. Aitchison","England 3.","Exeter City","AMF, LW","25","300000","","10","600","0","0","Scotland","right","180","6.75","6.45","58.14","2.1","21.43","0","3.62","2.4","0","0.04","0","0.6","25","0","1.5","40","2.4","68.75","11.7","38.46","1.95","1.95","0.45","25.8","83.14","6","77.5","1.2","50","0.07","0.15","0.15","0","0.45","2.25","66.67","1.8","58.33","0.6","3.9","80.77"
"C. Johnston","England 3.","Peterborough United","LB, RB","23","225000","2026-06-30","8","599","0","0","Northern Ireland","right","175","7.96","6.31","59.52","5.86","41.03","0.15","5.74","1.05","0","0.02","0","0.45","0","0","0.9","16.67","1.65","54.55","4.36","62.07","0.15","2.55","0.45","53.64","81.79","26.89","73.18","5.26","45.71","0.01","0","0","0","0.15","9.47","74.6","1.95","61.54","0.9","12.17","65.43"
"W. Swan","England 3.","Bradford City","CF","24","250000","2026-05-31","10","598","4","2","England","right","182","2.71","3.16","42.86","5.72","28.95","0","2.03","1.66","0.6","0.52","0","2.56","41.18","23.529","0.75","20","0.9","50","4.67","22.58","5.12","1.2","0.3","15.95","75.47","2.71","55.56","0.75","100","0.13","0.3","0","0","0.45","1.05","57.14","0.9","83.33","0.75","1.35","66.67"
"J. Gauci","England 3.","Port Vale","GK","25","1500000","2028-06-30","6","598","0","0","Australia","right","194","2.86","0","0","0","0","0","3.83","0","0","0","0","0","0","0","0","0","0","0","0","0","0","0","0","22.27","81.76","12.64","72.62","9.78","61.54","0","0","0","0","0","3.76","44","0.3","50","0.15","5.87","76.92"
"P. Lane","England 3.","Reading","RWF, LAMF","24","0","2028-06-30","9","598","1","0","England","left","175","3.76","3.61","54.17","4.67","38.71","0","2.08","1.05","0.15","0.16","0","1.35","22.22","11.111","1.81","16.67","0.75","60","3.01","40","1.81","0.45","0","18.96","70.63","4.67","58.06","1.2","25","0.02","0","0","0","0.15","1.81","33.33","1.96","23.08","0.45","2.86","73.68"
"B. Osborn","England 3.","Stockport County","LWB, LB","31","1000000","2026-06-30","6","596","0","0","England","left","176","5.74","4.08","74.07","1.51","40","0","3.94","2.42","0","0.01","0","0.15","0","0","4.98","36.36","1.21","50","4.53","33.33","1.36","1.81","0","46.36","77.52","14.95","66.67","4.23","32.14","0.16","0.15","0","0","0.45","6.19","53.66","4.68","38.71","0.76","9.06","81.67"
"A. Hartridge","England 3.","Burton Albion","LCB","26","275000","","6","596","0","0","England","left","185","9.66","4.68","70.97","5.44","47.22","1.21","7.23","0.76","0","0.02","0","0.3","0","0","0.91","50","0.45","66.67","1.66","36.36","0.45","0.3","0","37.9","81.27","21.44","76.76","6.49","53.49","0.04","0","0","0","0","6.19","70.73","0.76","40","0.15","9.66","67.19"
"D. Okagbue","England 3.","Peterborough United","RCB","21","125000","2029-06-30","8","589","0","0","Republic of Ireland","right","184","6.88","4.58","66.67","6.72","70.45","0.46","5.6","0.31","0","0.02","0","0.15","100","0","0.31","50","0.15","0","0.76","40","0.15","0.46","0","52.56","86.63","20.48","75.37","5.5","41.67","0","0","0","0","0","5.04","66.67","0.61","75","0.31","9.02","59.32"
"C. Watts","England 3.","Plymouth Argyle","CF, AMF","23","200000","2028-06-30","8","588","2","0","England","right","173","5.36","5.05","51.52","3.52","26.09","0.31","3.87","2.45","0.31","0.31","0","1.84","58.33","16.667","1.53","0","3.21","33.33","9.8","32.81","2.91","1.38","0.31","26.79","73.14","6.73","59.09","3.06","40","0.03","0","0.77","40","0","6.28","58.54","1.99","30.77","0.61","3.67","70.83"
"N. Lonwijk","England 3.","Luton Town","LCB, LWB, RB","22","1000000","","8","584","0","0","Netherlands","right","189","5.55","3.54","56.52","4.62","23.33","0.15","5.09","0.62","0","0.05","0","0.46","33.33","0","1.54","20","0.15","100","2.16","28.57","0.62","0.77","0","37.91","80.08","16.8","68.81","3.54","52.17","0","0","0","0","0.15","7.24","68.09","2.16","21.43","0.15","8.94","77.59"
"P. Mullin","England 3.","Wigan Athletic","CF","30","900000","2027-06-30","12","584","3","0","England","right","178","3.85","3.54","60.87","6.16","15","0.15","2.36","2","0.46","0.37","0.15","1.85","66.67","25","0.62","25","1.23","50","6.01","28.21","1.85","0.62","0","12.48","67.9","4.01","53.85","1.54","30","0.01","0","0","0","0.15","2.47","50","1.23","12.5","0.46","1.7","63.64"
"J. Thorniley","England 3.","Northampton Town","CB, LCB","28","275000","","8","579","0","0","England","left","181","10.1","4.35","78.57","10.41","55.22","0.47","9.28","0.31","0","0.04","0","0.31","0","0","0.16","100","0.16","100","0.62","50","0.31","0","0","28.6","74.46","15.54","62","8.55","52.73","0","0","0","0","0.16","7.31","51.06","0.93","16.67","0","9.17","62.71"
"B. Galloway","England 3.","Plymouth Argyle","LCB, LB","29","350000","2026-06-30","8","575","0","0","Zimbabwe","left","186","9.7","6.73","74.42","7.2","60.87","0.47","8.11","0.63","0","0.01","0","0.16","100","0","1.1","14.29","0.63","50","2.5","37.5","0.63","0.31","0","45.55","82.47","22.07","73.76","5.63","55.56","0.02","0","0","0","0.16","5.95","65.79","0.78","20","0","9.7","59.68"
"A. Ahmed","England 3.","Reading","RB","18","0","","8","573","0","0","England","right","0","13.19","12.41","67.09","5.18","42.42","0.31","5.36","1.41","0","0","0","0","0","0","2.2","28.57","1.57","50","5.81","35.14","0.47","2.2","0.16","35.34","72.89","13.04","61.45","6.13","51.28","0.14","0","0","0","0.79","5.5","54.29","2.36","26.67","0.47","8.17","57.69"
"N. Wells","England 3.","Luton Town","CF","35","400000","","9","569","1","1","Bermuda","left","174","3.64","2.69","64.71","2.69","29.41","0","3.46","1.42","0","0.49","0","2.06","38.46","7.692","1.27","37.5","0.79","20","5.22","27.27","4.43","0.32","0","18.98","75","3.95","64","0.47","0","0.21","0","0","0","0.47","0.63","75","1.27","50","0.63","2.21","85.71"
"L. Nicholls","England 3.","Huddersfield Town","GK","33","900000","","6","569","0","0","England","right","196","1.58","0","0","0.16","100","0","2.4","0","0","0","0","0","0","0","0","0","0","0","0.16","100","0","0","0","24.04","87.5","12.34","75.64","7.43","59.57","0","0","0","0","0","2.53","25","0.16","0","0","4.27","70.37"
"S. Roughan","England 3.","Huddersfield Town","LB","22","700000","","8","568","0","0","Republic of Ireland","left","183","9.67","6.02","60.53","2.69","41.18","0","9.31","1.58","0","0.02","0","0.48","0","0","2.22","50","0.48","100","1.74","63.64","1.11","2.22","0.32","59.1","77.75","26.14","63.64","6.81","23.26","0.07","0","0","0","0","10.46","60.61","3.17","40","0.48","11.25","67.61"
"M. Clark","England 3.","Port Vale","RWB, RB","26","200000","","7","562","0","1","England","right","173","8.49","5.6","54.29","2.88","55.56","0.48","6.32","3.2","0","0.01","0","0.64","0","0","4.48","32.14","2.72","64.71","3.84","50","1.6","2.88","0.48","32.51","67.49","13.29","59.04","5.44","50","0.14","0","0","0","0.96","5.28","69.7","2.4","66.67","0.64","8.65","79.63"
"T. Nixon","England 3.","Doncaster Rovers","RB","22","200000","2027-06-30","6","558","0","0","England","right","185","9.19","7.9","53.06","3.71","47.83","0.32","8.82","2.74","0","0.1","0","0.97","33.33","0","2.42","40","2.26","64.29","5.48","55.88","0.65","2.42","0.16","40.32","72.8","17.9","56.76","7.26","42.22","0.04","0","0","0","0.32","8.55","60.38","2.74","35.29","0.16","10","69.35"
"T. Wright","England 3.","Bradford City","LWB, AMF","24","250000","2026-06-30","9","557","0","1","Republic of Ireland","right","179","6.46","6.62","51.22","3.39","38.1","0.32","3.36","2.75","0","0.12","0","1.13","14.29","0","3.55","27.27","1.94","83.33","5.33","60.61","2.59","2.75","0.32","31.83","73.6","10.18","63.49","2.26","50","0.09","0","0","0","0.48","3.23","40","3.72","60.87","1.62","5.82","61.11"
"D. Udoh","England 3.","Wycombe Wanderers","CF","29","300000","2027-06-30","6","557","1","1","Nigeria","right","183","2.59","2.59","56.25","9.21","24.56","0.16","1.81","0.32","0.16","0.13","0","0.97","16.67","16.667","0.32","0","0.48","33.33","7.59","27.66","3.23","0.32","0","12.44","77.92","2.59","56.25","0.32","0","0.05","0","0","0","0.32","0.81","60","0.16","100","0.81","1.13","42.86"
"A. Morley","England 3.","Bolton Wanderers","RDMF, AMF","25","900000","2027-06-30","10","557","0","0","England","right","174","5.01","1.45","88.89","1.94","50","0","7.1","1.78","0","0.15","0","1.29","12.5","0","4.2","26.92","0.48","66.67","1.94","25","1.13","0.81","0","50.9","79.68","15.51","68.75","6.3","43.59","0.44","0","0.16","100","0.16","9.21","56.14","5.01","41.94","1.29","9.69","86.67"
"Omar Bugiel","England 3.","AFC Wimbledon","CF","31","200000","2026-06-30","10","556","1","2","Germany","right","185","5.83","5.18","50","16.19","31","0.49","3.9","2.43","0.16","0.23","0.16","1.46","55.56","11.111","0.65","50","1.62","80","12.46","33.77","3.08","0.49","0.32","18.78","62.07","5.99","45.95","1.13","14.29","0.12","0","0","0","0.49","2.59","31.25","1.13","42.86","0.81","2.27","64.29"
"S. Sessegnon","England 3.","Wigan Athletic","RCB, LCB","25","375000","","7","556","0","0","England","right","175","13.11","7.28","64.44","4.69","72.41","0.32","10.71","0.65","0","0","0","0.16","0","0","0.97","50","0.32","50","1.62","50","0.16","0.49","0.16","41.12","78.35","19.42","70.83","6.31","41.03","0.04","0","0","0","0","5.67","65.71","1.46","44.44","0.16","8.74","59.26"
"J. McGrath","England 3.","Doncaster Rovers","LCB","22","0","","7","555","0","0","Republic of Ireland","unknown","190","8.27","4.54","71.43","5.19","68.75","0.16","7.5","0.32","0","0.1","0","0.97","0","0","0.16","100","0.16","100","1.62","40","0.49","1.62","0","44.11","75.37","23.84","61.9","9.08","39.29","0","0","0","0","0","8.43","53.85","0.97","83.33","0.49","11.84","64.38"
"S. McLaughlin","England 3.","Mansfield Town","LB, LAMF, LWB","35","75000","2026-06-30","9","552","1","1","Republic of Ireland","left","175","9.29","4.57","67.86","4.24","38.46","0.16","7.97","2.28","0.16","0.07","0","0.82","40","20","3.1","42.11","0.82","80","3.75","56.52","1.3","2.77","0.49","41.09","68.65","17.28","52.83","5.87","22.22","0.17","0","0","0","0.49","7.01","53.49","3.26","50","0.65","12.72","56.41"
"P. Kioso","England 3.","Peterborough United","RWB, RB","26","400000","","6","552","1","0","Congo DR","right","183","10.43","7.01","72.09","3.59","50","0.33","6.04","1.79","0.16","0.06","0","0.65","50","25","2.45","33.33","0.65","100","3.59","50","0.98","0.49","0","37.66","78.35","15","71.74","3.91","50","0.02","0.16","0.16","0","0.16","2.45","60","1.96","50","0.49","8.97","58.18"
"B. Garrity","England 3.","Port Vale","RCMF, LCMF","28","350000","2026-06-30","7","549","0","0","England","right","183","5.9","3.28","60","6.89","52.38","0.16","5.27","1.64","0","0.35","0","1.97","50","0","0.98","16.67","0.49","100","2.62","37.5","1.97","1.31","0","28.36","78.03","9.67","57.63","2.3","28.57","0","0","0","0","0","4.26","65.38","0.98","50","0.33","4.59","71.43"
"T. Shade","England 3.","Burton Albion","CF","25","200000","","9","548","1","0","England","right","183","2.63","2.46","46.67","3.28","10","0","1.98","5.09","0.16","0.41","0","2.63","56.25","6.25","2.14","38.46","3.78","73.91","9.69","42.37","4.76","2.79","0.16","17.41","70.75","3.28","60","0.99","66.67","0.07","0","0","0","0.33","0.99","83.33","1.64","60","1.15","1.48","55.56"
"A. Martha","England 3.","Rotherham United","AMF, CF, LB","22","1200000","","9","548","0","0","Netherlands","left","175","6.57","6.9","59.52","1.81","27.27","0","2.65","1.81","0","0.07","0","0.49","33.33","0","1.64","40","2.96","33.33","7.72","19.15","0.99","1.48","0","20.53","76","5.91","58.33","2.3","42.86","0.02","0.16","0","0","0","2.14","53.85","3.61","45.45","0.99","3.28","75"
"L. Castledine","England 3.","Huddersfield Town","AMF, LAMF, RAMF","20","900000","","9","544","1","0","England","right","175","5.29","4.47","51.85","3.47","42.86","0.17","3.3","2.48","0.17","0.24","0","2.15","23.08","7.692","1.99","25","3.14","47.37","8.44","39.22","4.14","2.15","0.17","26.31","81.13","6.29","73.68","0.83","60","0.02","0","0","0","0","1.65","90","2.81","52.94","1.16","3.64","68.18"
"O. Goodman","England 3.","Huddersfield Town","GK","21","500000","","6","542","0","0","England","left","193","1.66","0.17","0","0.33","100","0","2.7","0","0","0","0","0","0","0","0","0","0","0","0","0","0","0","0","26.24","87.97","12.12","73.97","5.81","57.14","0","0","0","0","0","1.33","0","0.33","0","0","3.65","54.55"
"O. Bailey","England 3.","Stockport County","LCMF, RCMF","25","350000","2026-06-30","10","536","1","0","England","left","178","6.88","6.21","64.86","2.01","25","0","3.86","1.85","0.17","0.07","0","1.18","42.86","14.286","1.18","28.57","2.01","50","6.88","39.02","0.67","0.84","0.17","42.15","89.64","10.75","73.44","2.52","73.33","0.12","0","0","0","0.67","2.85","94.12","1.85","54.55","0.34","3.19","63.16"
"J. Randall","England 3.","Bolton Wanderers","AMF","25","600000","2027-06-30","9","536","1","0","England","right","177","3.86","3.86","52.17","2.69","12.5","0.17","3.14","1.51","0.17","0.28","0","1.51","44.44","11.111","0.84","60","0.84","40","5.04","26.67","2.85","1.51","0.17","21.83","82.31","6.55","69.23","1.68","30","0.06","0","0.17","0","0","3.86","60.87","1.34","50","1.01","2.69","81.25"
"J. Baptiste","England 3.","Rotherham United","LCB, CB, RCB","21","250000","","7","535","0","0","England","right","0","12.45","7.91","74.47","7.57","46.67","0.34","9.05","0.5","0","0.12","0","0.67","25","0","0.34","100","0.17","0","0.84","20","1.35","0.67","0.17","30.62","75.82","12.62","52","5.21","32.26","0.02","0.17","0","0","0","4.21","36","1.01","33.33","0","5.21","45.16"
"A. Baldwin","England 3.","Bradford City","CB, RCB","28","225000","","7","534","0","0","England","right","183","7.25","4.55","55.56","3.54","57.14","0.67","6.24","0.51","0","0.13","0","0.34","0","0","0.51","66.67","0.17","100","1.52","22.22","0.51","0.17","0","30","71.91","14.16","52.38","8.6","45.1","0.05","0.17","0","0","0","5.22","45.16","1.01","50","0.51","8.26","55.1"
"D. Ballard","England 3.","Leyton Orient","CF","20","300000","2026-06-30","6","532","6","0","England","right","178","5.08","3.72","54.55","5.92","28.57","0.17","4.51","2.71","1.02","0.55","0.17","2.71","56.25","37.5","0.51","33.33","2.03","50","9.3","30.91","4.57","1.02","0.17","16.75","71.72","3.55","61.9","1.35","12.5","0.05","0.17","0","0","0.34","1.18","28.57","0.68","100","0.85","2.03","66.67"
"D. Williams","England 3.","Reading","LCB","32","500000","2025-12-31","6","531","0","0","Republic of Ireland","left","180","7.12","3.05","55.56","5.42","71.88","0.85","5.6","0.17","0","0.05","0","0.17","0","0","0","0","0.17","100","0.51","100","0.51","0.51","0.17","37.97","85.27","14.41","71.76","6.78","52.5","0.01","0","0","0","0","4.75","64.29","0.17","100","0.17","6.27","72.97"
"B. Cargill","England 3.","Mansfield Town","LCB","30","250000","","7","529","1","1","England","left","189","7.49","4.76","57.14","6.64","69.23","0.51","5.26","1.02","0.17","0.04","0.17","0.17","100","100","0.68","25","0.68","75","2.04","41.67","0.34","2.55","0","50.19","81.36","24.67","73.1","9.36","50.91","0.02","0","0.17","100","0.17","11.74","62.32","1.19","28.57","0.34","14.63","82.56"
"S. Bell","England 3.","Wycombe Wanderers","CF, LWF, LAMF","23","1200000","","6","529","3","1","England","right","178","3.4","2.04","58.33","2.38","28.57","0","3.15","2.21","0.51","0.25","0","1.87","45.45","27.273","1.02","0","2.38","50","8.34","20.41","2.89","1.53","0.68","15.31","70","3.57","57.14","0.68","25","0.08","0","0.17","100","0.51","1.87","72.73","0.68","50","1.02","1.53","77.78"
"J. Yates","England 3.","Luton Town","CF","28","3500000","2026-06-30","7","528","1","0","England","right","175","2.9","2.39","64.29","5.11","23.33","0.17","2.5","1.02","0","0.34","0","1.19","28.57","14.286","0.85","20","0.85","60","6.82","15","2.56","0.68","0.17","11.93","75.71","2.05","75","0.34","0","0.01","0","0.17","0","0.34","0.68","75","0.68","50","0.68","1.02","66.67"
"J. Taylor","England 3.","Huddersfield Town","CF","22","350000","","11","524","3","1","Wales","right","182","2.06","2.4","28.57","2.92","23.53","0.17","2.16","2.58","0.34","0.47","0","2.58","60","20","1.03","16.67","1.55","55.56","6.01","25.71","3.95","0.86","0.34","7.56","72.73","0.86","100","0.34","100","0.07","0","0","0","0.17","0.17","100","0.86","40","0.69","0.34","100"
"N. Guinness-Walker","England 3.","Northampton Town","LCB, LWB","26","250000","2026-06-30","8","522","0","2","England","left","173","8.1","6.03","71.43","2.59","40","0","4.96","2.76","0","0.02","0","0.17","0","0","3.1","38.89","3.45","45","7.93","34.78","0.52","1.72","0.17","36.38","71.56","16.55","59.38","5.52","37.5","0.06","0","0","0","0.34","5.86","58.82","3.62","47.62","0.34","7.93","69.57"
"J. Marriott","England 3.","Reading","CF","31","500000","","6","517","5","1","England","right","173","3.13","1.91","63.64","4.35","8","0","2.48","1.74","0.87","0.25","0","2.61","53.33","33.333","0.35","50","0.87","20","6.62","13.16","3.48","0.87","0","13.23","76.32","2.44","57.14","0.87","80","0.04","0","0.35","0","0.17","1.22","57.14","0.52","33.33","0.52","1.39","75"
"F. Ojo","England 3.","Port Vale","LCMF, DMF","34","150000","2026-06-30","8","516","0","0","Belgium","right","177","6.28","5.23","63.33","3.66","52.38","0","3.2","2.44","0","0.06","0","0.7","0","0","2.09","83.33","1.92","36.36","4.71","29.63","0.87","1.4","0.52","35.58","86.27","13.08","84","2.44","57.14","0.15","0.17","0","0","0.52","7.67","90.91","2.97","76.47","0.87","8.72","82"
"D. Cole","England 3.","Port Vale","CF","30","800000","2026-06-30","6","515","4","1","England","right","184","3.5","4.02","56.52","7.51","48.84","0","1.65","2.62","0.7","0.67","0","2.1","66.67","33.333","0.7","50","1.57","55.56","8.04","26.09","2.62","1.22","0.17","13.28","71.05","3.32","52.63","0.52","33.33","0.13","0","0","0","0.52","1.4","37.5","0.87","80","0.52","0.87","100"
"Tom Bloxham","England 3.","Blackpool","RW, CF","21","325000","","9","514","0","0","England","right","196","4.38","4.2","54.17","3.68","33.33","0.18","1.89","4.55","0","0.07","0","0.88","20","0","2.28","15.38","5.43","74.19","12.96","40.54","1.4","2.98","0.35","20.14","59.13","6.65","55.26","2.45","28.57","0.02","0","0","0","0.35","2.98","52.94","1.93","27.27","0.18","4.03","73.91"
"S. McWilliams","England 3.","Rotherham United","RCMF, AMF, CF","27","225000","2026-06-30","8","514","1","0","England","right","180","8.05","6.3","58.33","5.78","30.3","0.18","4.54","1.23","0.18","0.08","0","0.88","40","20","1.75","30","0.53","66.67","7.18","46.34","2.1","0.18","0.18","30.99","75.71","6.65","50","1.93","54.55","0.11","0","0","0","0.35","4.03","52.17","1.75","40","1.05","4.03","60.87"
"E. Toal","England 3.","Bolton Wanderers","RCB","26","800000","2027-06-30","6","513","1","0","Northern Ireland","right","191","5.79","3.86","81.82","7.72","52.27","0","4.41","0.35","0.18","0.08","0.18","0.88","40","20","0","0","0","0","0.53","0","1.05","1.93","0.35","51.75","90.51","17.19","79.59","4.74","44.44","0","0","0","0","0","3.86","63.64","0.35","0","0.18","6.14","68.57"
"J. Amissah","England 3.","Burton Albion","GK","24","250000","","5","511","0","0","Germany","right","197","1.41","0.18","100","0.53","100","0","1.81","0","0","0","0","0","0","0","0","0","0","0","0","0","0","0","0","20.08","79.82","14.79","75","12.86","71.23","0","0","0","0","0","8.28","76.6","0.35","0","0.18","10.57","85"
"J. Sheehan","England 3.","Bolton Wanderers","RDMF, LDMF","30","400000","2027-06-30","9","508","0","2","Wales","right","184","4.61","3.19","66.67","1.24","42.86","0","3.55","0.89","0","0.08","0","1.59","33.33","0","0.18","100","0.35","50","2.3","69.23","0.53","1.95","0.18","54.39","88.6","10.63","70","5.31","50","0.09","0","0.53","0","0.35","10.45","76.27","1.95","27.27","0.35","7.44","76.19"
"R. Sweeney","England 3.","Mansfield Town","LCB, CB","28","350000","","8","507","0","0","England","left","193","10.47","7.81","79.55","9.76","58.18","0.36","6.06","0.53","0","0.07","0","0.53","66.67","0","0.36","50","0","0","1.78","60","0.71","1.24","0.18","41.01","78.79","16.33","60.87","3.91","45.45","0","0","0","0","0","3.73","47.62","0.18","0","0","7.63","44.19"
"T. Lees","England 3.","Peterborough United","RCB","34","500000","","6","506","0","0","England","right","185","5.34","2.67","80","5.51","74.19","0.71","3.64","0.36","0","0.02","0","0.18","100","0","0.36","0","0.18","100","0.89","20","0.18","0.53","0","60.83","88.01","21.17","75.63","5.87","45.45","0","0","0","0","0","5.69","59.38","0.53","0","0","9.07","68.63"
"B. Collins","England 3.","Burton Albion","GK","28","1200000","","5","506","0","0","England","right","184","0.89","0.18","0","0.18","100","0","1","0","0","0","0","0","0","0","0","0","0","0","0","0","0","0","0","15.65","63.64","11.56","55.38","10.32","48.28","0","0","0","0","0","4.62","46.15","0.71","25","0","7.47","69.05"
"Z. Nelson","England 3.","Luton Town","RCMF, AMF","20","0","","10","505","1","1","England","","0","5.17","3.56","70","4.1","17.39","0.18","5.29","2.67","0.18","0.08","0","1.25","42.86","14.286","1.43","0","4.28","50","10.51","40.68","2.14","1.25","0","26.02","81.51","8.55","68.75","1.25","42.86","0.01","0","0.18","0","0.71","3.92","63.64","1.25","71.43","0.36","2.85","87.5"
"S. Humphrys","England 3.","Bradford City","CF, LWF","28","500000","","8","505","1","1","England","right","184","3.03","2.85","50","11.23","36.51","0","2.11","4.63","0.18","0.62","0","3.56","40","5","0.71","75","5.52","48.39","14.79","30.12","4.99","1.43","0.18","13.01","75.34","1.78","50","0","0","0.1","0","0.18","0","0.36","0.71","75","0.53","33.33","0.53","0.89","60"
"R. Cole","England 3.","Exeter City","CF, AMF, RCMF","27","225000","2026-06-30","8","505","1","1","England","right","178","4.63","4.28","54.17","3.03","29.41","0.18","2.86","2.14","0.18","0.06","0","1.43","25","12.5","2.5","35.71","1.78","50","5.17","37.93","1.6","1.07","0.18","35.47","69.85","9.62","48.15","4.46","56","0.18","0.18","0","0","0.18","6.06","50","2.14","50","0.89","7.84","65.91"
"M. Maroši","England 3.","Port Vale","GK","31","325000","","5","504","0","0","Slovakia","right","190","2.68","0","0","0.54","100","0","3.6","0","0","0","0","0","0","0","0","0","0","0","0","0","0","0","0","24.46","79.56","15.36","68.6","12.14","64.71","0","0","0","0","0","4.82","62.96","0.54","33.33","0.18","9.82","78.18"
"A. Bass","England 3.","Peterborough United","GK","27","275000","2027-06-30","5","497","0","0","England","right","191","2.54","0","0","0.36","100","0","3.13","0","0","0","0","0","0","0","0","0","0","0","0","0","0","0","0.18","34.77","85.42","18.83","74.04","10.5","58.62","0","0","0","0","0","2.72","26.67","0.54","0","0","8.15","64.44"
"T. O'Connor","England 3.","Peterborough United","LCB","26","300000","2027-06-30","5","497","0","0","Republic of Ireland","left","186","9.78","5.98","75.76","3.62","25","0.18","5.82","0.72","0","0.01","0","0.36","0","0","1.09","50","0.36","50","1.27","42.86","0.36","2.17","0","52.15","82.64","24.99","72.46","7.61","38.1","0.13","0","0","0","0.36","8.33","56.52","2.17","33.33","0.18","12.49","66.67"
"A. Hagelskjær","England 3.","Wycombe Wanderers","LCB, RCB","28","800000","","5","496","0","0","Denmark","left","192","9.98","6.17","67.65","6.53","58.33","0.91","9.09","0.54","0","0.04","0","0.36","100","0","0","0","0.18","100","0.36","100","0.73","2.72","0.54","59.15","84.66","26.85","72.3","7.8","44.19","0","0","0.18","0","0","6.9","65.79","0.73","75","0.73","11.61","60.94"
"M. Browne","England 3.","AFC Wimbledon","RW, LCMF, AMF","27","175000","2027-06-30","8","493","2","0","England","right","179","5.48","4.56","56","4.56","48","0","3.44","2.37","0.37","0.14","0","2.74","13.33","13.333","0.37","50","4.2","39.13","11.32","35.48","1.64","2.01","0.18","18.26","84","5.29","79.31","1.28","42.86","0.1","0","0.18","100","0.37","2.56","92.86","1.64","55.56","0.73","3.65","70"
"G. Maris","England 3.","Mansfield Town","AMF, DMF, LDMF","29","300000","2026-06-30","9","492","0","1","England","right","180","4.57","3.48","47.37","3.29","27.78","0","4.29","1.1","0","0.22","0","1.65","22.22","0","0.73","0","1.46","50","4.21","34.78","2.93","1.1","0.18","36.04","79.19","8.96","59.18","2.93","31.25","0.18","0.18","0","0","0.18","3.48","73.68","0.91","40","0.37","3.29","50"
"Fábio Tavares","England 3.","Burton Albion","CF, AMF","24","250000","","10","489","2","0","Portugal","right","178","2.94","2.02","54.55","3.13","5.88","0","2.5","2.02","0.37","0.32","0","1.1","66.67","33.333","0.55","33.33","1.29","85.71","3.5","52.63","2.76","0.74","0","8.28","75.56","0.92","60","0.18","0","0.03","0","0","0","0.18","0.37","100","0.74","75","0.92","0.74","75"
"L. Gordon","England 3.","Port Vale","LWB, LB","26","250000","","7","487","0","0","England","left","183","7.76","5.91","56.25","1.29","28.57","0.18","5.7","3.14","0","0.03","0","0.18","0","0","2.96","37.5","2.96","62.5","7.76","52.38","1.11","2.59","0.37","31.05","77.98","11.27","65.57","2.4","46.15","0.06","0","0.37","50","0.18","3.51","68.42","3.14","35.29","0.55","6.84","75.68"
"J. Bowler","England 3.","Blackpool","RW","26","1500000","","6","487","0","1","England","left","184","4.99","5.91","53.13","0.92","40","0","2.24","3.33","0","0.14","0","1.48","25","0","0.74","0","5.36","48.28","14.05","26.32","2.03","2.03","0.37","15.52","77.38","4.07","63.64","1.66","22.22","0.01","0","0.37","100","0.55","1.11","33.33","1.66","55.56","1.11","2.77","66.67"
"D. Mitchell","England 3.","Leyton Orient","LB, LWB","28","250000","","10","486","0","0","England","left","181","9.26","5.19","71.43","2.78","40","0.19","9","1.85","0","0","0","0.37","0","0","2.22","16.67","3.15","47.06","6.11","39.39","0.37","1.3","0.56","41.67","70.22","19.63","59.43","6.3","38.24","0.05","0","0.19","0","0.37","9.63","51.92","2.96","31.25","0.56","11.11","63.33"
"J. Dorsett","England 3.","Reading","LB, LCB","23","350000","","8","485","0","0","England","left","185","8.54","4.82","61.54","4.82","38.46","0.37","7.26","0.74","0","0.08","0","0.37","50","0","0.37","50","0.37","100","1.11","66.67","0.93","0.93","0","37.48","79.21","19.67","71.7","5.01","44.44","0.01","0.19","0","0","0.19","5.01","59.26","0.56","33.33","0","7.61","56.1"
"E. Henderson","England 3.","Wycombe Wanderers","LCMF, AMF, LW","25","450000","2026-06-30","8","478","1","0","Scotland","right","186","6.59","6.03","68.75","3.95","42.86","0","2.88","1.69","0.19","0.31","0","1.69","44.44","11.111","1.13","16.67","0.56","66.67","4.9","23.08","2.07","2.45","0.56","27.87","85.14","9.41","78","2.26","58.33","0.04","0.56","0.56","66.67","0.19","5.08","70.37","3.01","43.75","2.07","5.08","77.78"
"G. Kodua","England 3.","Luton Town","RWB, RW, RAMF","21","0","","8","476","2","0","England","right","0","6.05","4.92","69.23","3.59","21.05","0","4.94","2.84","0.19","0.18","0.19","1.32","28.57","28.571","3.4","33.33","4.16","27.27","8.89","21.28","2.27","2.46","0.38","23.26","75.61","6.81","66.67","0.95","60","0","0","0.19","100","0","4.16","72.73","2.65","50","0.76","5.48","72.41"
"E. Erhahon","England 3.","Bolton Wanderers","LDMF","24","1000000","","10","475","0","1","Scotland","left","176","8.34","4.74","76","1.71","33.33","0","6.92","1.33","0","0.02","0","0.19","0","0","1.33","71.43","0.76","50","5.12","40.74","0.19","1.14","0","53.05","87.5","16.48","81.61","3.41","72.22","0.07","0","0","0","0.57","6.82","80.56","1.71","77.78","0.38","7.2","76.32"
"J. Burroughs","England 3.","Northampton Town","RWB, RCB, RB","24","375000","","7","473","0","0","England","right","188","9.7","9.32","44.9","4.76","44","0.95","8.71","0.57","0","0","0","0","0","0","1.52","25","0.95","20","4","23.81","0.19","0.38","0","20.74","61.47","8.75","36.96","4.38","17.39","0","0","0","0","0","3.42","27.78","1.9","30","0.38","3.62","31.58"
"D. Turnbull","England 3.","Cardiff City","RDMF, RCMF","26","3800000","2027-06-30","9","472","0","2","Scotland","right","185","4","2.48","46.15","1.91","40","0.38","6.82","1.14","0","0.09","0","1.53","12.5","0","0.95","40","0.57","100","2.86","60","1.91","0.38","0","51.29","87.73","13.16","68.12","2.29","58.33","0.18","0","0","0","0.57","5.34","85.71","3.24","58.82","1.53","5.34","64.29"
"J. Perkins","England 3.","Northampton Town","LWB, LB, LDMF","21","0","","8","469","0","0","England","","0","8.25","5.76","63.33","3.84","35","0","6.76","1.15","0","0","0","0","0","0","0.96","80","0.58","66.67","3.65","31.58","0.19","0.58","0","26.29","72.99","12.67","53.03","3.84","40","0.03","0.19","0","0","0.19","4.61","45.83","1.73","77.78","0.77","5.95","64.52"
"J. Senior","England 3.","Doncaster Rovers","LB, LCB","28","100000","","9","469","0","0","England","left","173","5.57","3.84","40","4.8","36","0","6.55","1.15","0","0.01","0","0.38","50","0","1.73","44.44","0.38","50","2.11","27.27","0.77","0.96","0","35.31","76.09","16.89","68.18","6.14","34.38","0.01","0","0","0","0.19","7.87","63.41","2.11","72.73","0.77","10.55","76.36"
"M. Kaleta","England 3.","Rotherham United","RWB, LWB, RB","21","0","2027-06-30","8","468","0","0","England","right","0","7.31","5.58","68.97","2.69","50","0","4.29","4.81","0","0.03","0","0.38","50","0","3.65","31.58","4.42","78.26","9.62","62","2.31","1.54","0.19","21.54","58.04","8.46","52.27","3.65","42.11","0.01","0","0","0","0","2.12","36.36","2.5","30.77","0.19","5.38","50"
"C. Woodrow","England 3.","Wycombe Wanderers","CF, AMF","30","1000000","","7","466","1","0","England","right","184","3.48","2.9","46.67","8.69","33.33","0.19","2.55","1.35","0","0.24","0","1.74","22.22","11.111","1.55","37.5","0.77","25","9.46","24.49","2.7","0","0","22.79","74.58","5.02","61.54","1.16","50","0.08","0","0.19","100","0","3.86","70","1.74","44.44","0.39","3.28","70.59"
"N. Ennis","England 3.","Blackpool","CF","26","700000","2026-06-30","6","462","3","0","England","right","180","3.51","3.31","52.94","6.43","18.18","0","2.22","2.53","0.58","0.43","0","2.34","41.67","25","0.58","66.67","1.95","60","12.66","27.69","3.51","0.39","0.19","10.52","75.93","2.14","45.45","0.78","50","0.03","0","0","0","0.39","0.78","75","0.58","66.67","0.39","1.36","57.14"
"K. Doyle","England 3.","Reading","AMF, RCMF, LWF","20","0","","10","462","0","1","England","left","0","6.62","6.82","60","1.56","50","0.19","2.52","1.95","0","0.05","0","1.17","0","0","2.14","45.45","2.92","33.33","11.49","38.98","1.36","3.51","0.39","28.25","80","7.4","65.79","2.92","60","0.25","0","0","0","1.17","3.7","63.16","2.34","25","0.97","4.29","72.73"
"H. Leonard","England 3.","Peterborough United","CF","22","1000000","2027-06-30","5","461","0","1","England","right","180","2.34","2.15","54.55","5.08","15.38","0.2","1.19","1.56","0","0.48","0","2.54","30.77","0","0.39","50","1.17","50","9.76","24","2.15","0.98","0","16.59","77.65","3.12","50","0.78","100","0.05","0","0","0","0.2","1.95","60","1.17","33.33","0.39","2.15","63.64"
"X. Amaechi","England 3.","Plymouth Argyle","RW, RAMF, AMF","24","500000","","5","460","1","1","England","left","179","3.13","2.15","81.82","1.96","30","0.2","2.41","6.85","0.2","0.18","0","2.15","18.18","9.091","3.33","58.82","8.61","50","14.28","39.73","3.13","3.33","0","30.13","77.27","8.41","58.14","2.74","50","0.44","0.2","0.39","50","1.17","5.67","58.62","4.3","72.73","1.96","7.83","80"
"M. O'Mahony","England 3.","Reading","CF","20","0","","8","457","0","0","Republic of Ireland","right","0","3.54","2.95","53.33","12.21","30.65","0.59","2.35","0.59","0","0.12","0","1.18","50","0","0","0","0.2","0","6.11","16.13","2.56","0","0","7.09","61.11","1.18","16.67","0.2","0","0.04","0","0","0","0.2","0.39","50","0","0","0.2","0.59","33.33"
"S. Cox","England 3.","Exeter City","CF, AMF","20","0","","9","453","1","0","England","left","178","3.38","3.18","37.5","4.17","23.81","0","2.12","0.79","0.2","0.2","0","1.39","28.57","14.286","0.2","0","0.6","66.67","9.54","31.25","2.98","0.79","0.2","10.13","68.63","2.19","54.55","0.4","0","0","0","0","0","0","1.39","57.14","0.79","75","0.4","1.79","44.44"
"C. Hayes","England 3.","Peterborough United","RAMF, LW, RW","22","0","2027-06-30","9","453","2","0","England","left","170","9.93","9.74","59.18","1.99","30","0","5.76","8.34","0.4","0.2","0","1.39","42.86","28.571","6.16","35.48","10.13","54.9","14.7","47.3","4.37","5.36","0.79","31.99","69.57","4.37","63.64","1.39","42.86","0.11","0","0","0","0.6","1.99","40","3.58","44.44","0.6","3.97","75"
"J. Weir","England 3.","Wigan Athletic","LCMF, RWB","23","300000","2026-06-30","6","446","1","0","England","right","184","6.66","6.46","65.63","6.26","58.06","0","3.16","1.21","0.2","0.1","0.2","1.61","37.5","12.5","1.21","33.33","0.4","50","2.42","33.33","1.61","0.61","0","21.79","75.93","6.66","57.58","2.02","60","0.07","0","0","0","0.2","2.42","66.67","1.82","44.44","0.4","4.24","61.9"
"C. Robinson","England 3.","Cardiff City","CF","30","1800000","2027-06-30","11","445","3","0","England","right","178","2.43","1.42","71.43","2.43","33.33","0.4","2.84","2.02","0.61","0.37","0","2.83","42.86","21.429","0.61","0","1.01","80","7.08","31.43","4.65","0.4","0.2","16.58","79.27","4.25","66.67","1.42","71.43","0.09","0","0","0","0","2.43","83.33","2.02","40","1.01","1.82","77.78"
"A. Reach","England 3.","Lincoln City","LB, LWB","32","600000","","5","443","1","1","England","left","185","5.69","4.06","70","1.63","75","0","3.62","1.83","0.2","0.12","0","1.02","20","20","2.84","42.86","0.41","100","2.44","50","0.61","1.22","0.41","34.94","75","12.8","63.49","5.69","39.29","0.09","0","0.2","0","0.81","5.49","44.44","3.86","42.11","0.2","8.94","63.64"
"J. Headley","England 3.","Port Vale","LWB","24","900000","","7","442","0","0","England","left","176","12.62","8.14","72.5","3.67","38.89","0.41","7.06","1.43","0","0.06","0","1.02","60","0","2.44","8.33","1.63","37.5","5.7","39.29","1.02","0.61","0","32.17","77.22","11","61.11","1.83","55.56","0.1","0","0","0","0.2","1.22","66.67","2.04","20","0.2","5.09","68"
"K. Abrefa","England 3.","Reading","RB","21","150000","2026-06-30","8","441","0","1","Ghana","right","176","9.18","7.35","75","2.24","27.27","0.41","4.41","3.06","0","0.02","0","0.41","100","0","1.63","12.5","3.47","70.59","6.94","50","0.82","1.63","0.2","40.82","75.5","16.12","62.03","5.92","34.48","0","0","0","0","0.2","6.94","61.76","2.65","38.46","1.22","10.2","64"
"T. Francois","England 3.","Wigan Athletic","DMF, AMF","25","600000","2026-06-30","5","440","0","0","Australia","left","173","10.02","6.95","70.59","2.45","50","0.2","4.47","0.61","0","0.02","0","0.41","0","0","0.41","0","0.82","75","3.27","50","0","0","0","28.02","82.48","7.16","65.71","1.02","60","0","0","0","0","0","1.64","62.5","0.61","33.33","0.2","3.89","42.11"
"H. Clifton","England 3.","Doncaster Rovers","AMF, LCMF","27","250000","","7","440","0","0","England","right","180","5.73","4.3","57.14","3.68","44.44","0.2","4.24","1.64","0","0.25","0","1.84","11.11","0","1.02","20","1.43","85.71","8.59","35.71","2.25","0.61","0","27.82","72.79","8.18","40","2.66","46.15","0.02","0","0","0","0.2","3.68","50","1.43","14.29","0","3.27","37.5"
"O. Dodgson","England 3.","Stockport County","LWB, LB","22","300000","2027-06-30","6","440","0","0","England","left","178","9.61","6.75","63.64","2.86","50","0.41","6.92","1.64","0","0.01","0","0.2","100","0","3.89","31.58","1.23","16.67","3.48","29.41","0.61","0.82","0.2","32.11","73.25","11.05","62.96","3.89","42.11","0.07","0","0","0","0.41","5.93","55.17","3.48","41.18","0.41","7.77","78.95"
"D. Imray","England 3.","Blackpool","RB","22","0","","6","433","0","0","England","right","178","10.18","9.15","56.82","2.7","30.77","0.62","5.38","5.61","0","0.04","0","0.83","25","0","4.36","23.81","5.82","71.43","10.18","53.06","3.33","4.16","1.25","30.97","68.46","13.72","65.15","5.82","42.86","0.19","0","0.42","50","0.62","5.4","50","3.12","40","1.25","7.07","73.53"
"L. Nordås","England 3.","Luton Town","CF, AMF","23","1200000","2027-07-31","8","433","1","1","Norway","left","194","3.12","2.91","50","12.47","30","0.42","2.12","3.53","0.21","0.46","0","2.29","54.55","9.091","0.42","100","2.29","81.82","7.69","43.24","5.4","0.83","0.42","14.55","81.43","2.49","66.67","0.42","50","0.08","0","0","0","0.62","0.62","33.33","1.25","50","1.04","1.25","100"
"R. Edmonds-Green","England 3.","Leyton Orient","RCB, LCB","26","400000","2026-06-30","6","425","0","0","England","right","181","6.35","4.24","75","2.96","71.43","0.42","4.74","0.21","0","0.05","0","0.42","50","0","0","0","0","0","0.42","50","1.27","0.42","0","40.02","81.48","16.31","63.64","6.56","35.48","0.07","0","0","0","0.21","5.29","52","0.64","0","0.21","5.51","61.54"
"L. Fraser","England 3.","Reading","RCMF","27","1000000","2027-06-30","8","424","1","0","Canada","right","185","6.79","5.09","70.83","4.03","42.11","0","2.97","0.64","0.21","0.15","0","0.85","75","25","0.21","0","0","0","0.85","50","1.27","0.21","0","24.2","85.09","7.22","70.59","1.7","50","0","0","0","0","0","2.12","70","1.06","60","0.21","4.46","61.9"
"J. Moorhouse","England 3.","Leyton Orient","RDMF, AMF, RCMF","19","0","","10","422","0","0","England","right","184","5.55","3.84","66.67","2.77","30.77","0.21","5.45","0.85","0","0.03","0","0.64","33.33","0","0.43","0","1.71","37.5","7.46","22.86","0.64","2.13","0.64","31.78","87.92","7.04","75.76","0.64","66.67","0","0","0","0","0.21","3.84","83.33","0.43","0","0.43","3.41","87.5"
"A. Odoh","England 3.","Peterborough United","LAMF, LW, LWB","25","275000","2027-06-30","8","421","0","0","England","right","168","5.13","3.85","72.22","1.71","25","0","3.27","3.42","0","0.05","0","0.64","33.33","0","1.92","0","6.2","51.72","10.69","44","2.78","4.49","0.43","23.73","75.68","4.92","56.52","0.86","25","0.04","0","0","0","0.21","1.92","55.56","1.07","60","0.86","2.78","53.85"
"B. Heneghan","England 3.","Port Vale","CB","32","225000","2026-06-30","9","417","0","0","England","right","190","8.2","4.1","63.16","9.5","43.18","0.43","7.43","0.22","0","0.09","0","0.65","33.33","0","0","0","0","0","0.43","50","1.51","0","0","31.08","75","14.24","63.64","5.61","50","0","0","0","0","0.22","4.32","45","0.43","0","0.22","7.99","54.05"
"A. Lewis","England 3.","Mansfield Town","LDMF, LAMF, LCMF","27","250000","","9","414","0","2","Wales","right","183","6.96","5","65.22","1.3","33.33","0.22","4.72","1.52","0","0.02","0","0.65","33.33","0","1.52","42.86","0.65","100","4.13","42.11","1.3","0.22","0","28.26","75.38","8.7","55","2.39","45.45","0.24","0","0","0","0.43","4.13","57.89","1.96","55.56","0.87","4.13","47.37"
"N. Lowe","England 3.","Stockport County","CF, AMF, RWF","20","0","","10","411","1","0","England","right","193","3.5","3.94","44.44","6.57","33.33","0","2.31","1.97","0.22","0.23","0.22","1.97","55.56","11.111","0","0","1.31","66.67","4.82","31.82","3.94","0.88","0","13.8","71.43","1.97","33.33","0.66","33.33","0.03","0","0","0","0","1.31","16.67","0.66","33.33","0.44","1.09","0"
"J. Simpson","England 3.","Leyton Orient","LCB, LB","28","300000","","8","411","1","0","England","left","190","10.51","7.45","88.24","4.82","59.09","0.22","5.67","0.66","0.22","0.17","0","0.44","100","50","0.22","0","0.66","33.33","1.09","40","0.66","0.22","0.22","57.37","86.26","25.18","76.52","7.66","60","0.1","0","0","0","0.22","5.91","77.78","0.44","0","0.22","9.42","72.09"
"M. McGuinness","England 3.","Luton Town","CB, RCB","24","4500000","2027-06-30","6","410","0","0","England","right","194","7.24","2.2","40","6.59","56.67","0.22","10.48","0.88","0","0.14","0","0.44","50","0","0.88","50","0.66","33.33","1.76","37.5","0.88","0.22","0","39.07","84.27","21.29","77.32","5.49","60","0","0","0","0","0","7.24","75.76","0.88","25","0","10.76","75.51"
"K. John","England 3.","Port Vale","RWB, RCB","24","150000","","6","410","0","0","England","right","176","10.76","5.93","66.67","2.41","81.82","0","7.63","2.41","0","0","0","0","0","0","3.51","37.5","2.41","45.45","3.95","33.33","0.22","1.1","0.44","23.27","69.81","8.12","62.16","3.29","33.33","0.11","0","0","0","0.88","1.76","62.5","2.85","46.15","0.22","5.05","60.87"
"J. Lawrence-Gabriel","England 3.","Port Vale","RWB, RCB","27","700000","","5","409","1","0","England","right","178","5.06","4.4","50","2.86","61.54","0","4.34","2.42","0.22","0.15","0","0.88","50","25","2.64","16.67","2.64","50","5.5","52","2.42","1.1","0.44","35.43","78.26","11.66","75.47","3.74","76.47","0.07","0","0.22","100","0.22","4.84","90.91","2.2","30","0.44","8.36","73.68"
"P. Sweeney","England 3.","Exeter City","RCB, RB","31","500000","2026-06-30","6","407","0","0","Republic of Ireland","right","183","7.52","4.86","63.64","6.19","39.29","0.22","6.59","0.88","0","0.08","0","0.44","0","0","1.33","33.33","0.44","50","1.11","80","0.66","0.22","0.22","45.33","76.1","20.57","62.37","8.4","42.11","0","0.22","0.44","50","0","6.41","48.28","2.21","50","0.66","10.17","65.22"
"L. Gooch","England 3.","Huddersfield Town","RB","29","1200000","","8","406","1","1","United States","right","173","5.54","5.54","68","0.44","50","0","2.63","3.77","0.22","0.08","0","1.77","25","12.5","4.21","21.05","3.33","73.33","5.99","55.56","1.11","2.22","0.22","38.79","69.71","15.52","58.57","6.65","33.33","0.08","0.22","0","0","0.44","5.99","37.04","4.66","38.1","0.67","7.32","72.73"
"B. Elliott","England 3.","Reading","RCMF, DMF","22","700000","2026-06-30","6","406","0","0","England","right","180","9.75","9.75","61.36","2.88","15.38","0","5.16","3.77","0","0.06","0","0.89","50","0","1.11","40","4.43","65","13.08","44.07","0.89","2.22","0.22","34.8","78.34","11.08","58","3.33","33.33","0.08","0.22","0","0","0.44","3.99","66.67","2.66","41.67","0.89","5.76","73.08"
"G. Lindgren","England 3.","Peterborough United","CF","24","0","","9","406","0","1","Sweden","right","180","2.88","3.99","55.56","4.43","35","0","0.67","1.33","0","0.11","0","0.89","50","0","0.22","0","0.89","100","5.1","30.43","2.44","0.22","0","9.31","76.19","0.44","100","0","0","0.07","0","0","0","0.44","0.67","100","0","0","0.67","0.89","50"
"C. Bramall","England 3.","Luton Town","LB, LW, LWB","29","600000","","9","404","0","1","England","left","178","7.13","6.46","72.41","4.01","50","0","4.41","4.23","0","0.04","0","0.67","33.33","0","6.91","32.26","2.45","72.73","5.57","52","2","1.78","1.11","38.99","72","14.26","68.75","6.91","48.39","0.13","0","0.22","0","0.89","6.46","65.52","5.12","52.17","0.67","10.47","80.85"
"V. Reyes","England 3.","Peterborough United","GK","21","200000","2026-06-30","4","398","0","0","United States","right","194","0.9","0","0","0","0","0","1.38","0","0","0","0","0","0","0","0","0","0","0","0","0","0","0","0","24.87","93.64","9.05","87.5","3.39","66.67","0","0","0","0","0","1.36","33.33","0.23","0","0","2.71","75"
"A. Lowry","England 3.","Wycombe Wanderers","LAMF","22","0","","8","397","1","1","Scotland","right","181","5.89","7.03","51.61","1.81","25","0","2.63","4.08","0.23","0.29","0","2.49","27.27","9.091","0.91","25","4.08","72.22","9.29","48.78","1.36","2.27","0.23","37.63","80.12","13.38","72.88","4.31","52.63","0.06","0","0.68","33.33","0.23","6.57","62.07","4.76","61.9","2.72","9.07","80"
"B. Hinchliffe","England 3.","Stockport County","GK","37","100000","2026-06-30","4","397","0","0","England","right","185","2.27","0","0","0.68","100","0","3.23","0","0","0","0","0","0","0","0","0","0","0","0","0","0","0","0","26.75","77.12","17.23","65.79","13.15","58.62","0","0","0","0","0","7.03","51.61","0.68","0","0","8.16","83.33"
"B. Ihionvien","England 3.","Peterborough United","CF","21","0","2027-06-30","5","397","1","0","England","left","185","4.31","2.72","66.67","6.57","27.59","0","3.59","2.04","0","0.22","0","1.13","60","20","0.68","33.33","1.59","71.43","7.93","25.71","2.72","1.36","0","11.34","80","1.81","50","0","0","0","0","0","0","0","0.68","33.33","0.68","33.33","0.45","0.45","50"
"L. Agbaire","England 3.","Rotherham United","CB, LCB","20","0","","5","395","0","0","England","right","0","7.97","5.24","78.26","5.92","42.31","0.23","5.33","0.68","0","0","0","0","0","0","0.23","100","0.68","66.67","2.51","45.45","0.68","0.68","0.23","30.53","78.36","14.81","63.08","3.65","31.25","0","0","0","0","0","2.28","40","0.68","33.33","0.23","5.47","54.17"
"G. Evans","England 3.","Burton Albion","DMF","30","300000","2026-06-30","5","395","0","0","England","right","184","6.38","3.42","53.33","3.42","60","1.14","5.08","0.23","0","0.08","0","0.46","50","0","0","0","0","0","1.82","62.5","0.23","0","0","31.22","85.4","9.57","78.57","3.65","68.75","0","0","0","0","0","3.65","81.25","0.46","50","0.23","5.24","56.52"
"B. Hills","England 3.","Stockport County","RCB, CB","21","0","","6","393","0","0","England","","188","11.22","7.1","77.42","8.02","65.71","0.23","7.43","0.69","0","0.04","0","0.46","0","0","0.69","33.33","0.69","66.67","2.75","66.67","0.46","1.37","0","41.68","72.53","19.47","54.12","7.33","34.38","0.01","0","0","0","0","8.02","60","1.37","33.33","0.23","10.53","56.52"
"I. Cissoko","England 3.","Bolton Wanderers","LAMF","22","0","2027-06-30","10","390","0","0","Netherlands","right","188","4.85","4.15","50","2.31","40","0","3.87","7.15","0","0.16","0","2.31","20","0","6","23.08","10.38","51.11","19.85","39.53","5.31","2.54","0.23","30","71.54","6","65.38","1.62","42.86","0.17","0","0","0","1.38","2.08","77.78","4.62","35","0.92","3.92","76.47"
"R. Harbottle","England 3.","AFC Wimbledon","LCB","25","200000","2026-05-31","8","388","0","0","England","right","190","9.28","6.73","75.86","5.8","48","0.7","4.46","0.46","0","0.06","0","0.46","50","0","0.7","33.33","0.23","0","1.16","20","0.46","0","0","20.41","68.18","9.74","54.76","2.55","27.27","0.02","0","0","0","0","3.02","53.85","0.46","0","0","5.57","41.67"
"D. Kasumu","England 3.","Huddersfield Town","LDMF","26","1000000","2027-06-30","7","383","0","1","England","right","180","8.93","9.63","63.41","2.82","66.67","0.23","3.57","1.64","0","0.02","0","1.17","20","0","0.7","33.33","1.41","66.67","5.17","59.09","0.7","0.47","0.23","37.36","75.47","16.92","56.94","3.52","33.33","0","0","0.23","100","0.23","5.4","69.57","1.88","12.5","0.47","7.05","60"
"E. Hansson","England 3.","Blackpool","LW, LAMF","27","1500000","","11","381","0","0","Norway","right","172","2.13","2.36","60","0.94","0","0.24","1.03","3.54","0","0.02","0","0.71","0","0","4.49","31.58","3.54","60","7.32","35.48","1.65","3.07","1.18","28.82","72.95","5.91","60","0.94","0","0.05","0","0","0","0.71","1.65","42.86","4.25","55.56","0.71","4.72","65"
"K. Ehibhatiomhan","England 3.","Reading","CF, LWF, LAMF","22","500000","","8","381","0","0","England","right","191","5.91","4.25","66.67","11.57","42.86","0","4.62","1.65","0","0.1","0","0.94","25","0","0.94","50","2.13","44.44","8.74","32.43","3.07","0.71","0","15.12","70.31","3.78","43.75","1.18","40","0.09","0.24","0","0","0.71","0.71","33.33","1.42","66.67","0.94","1.42","83.33"
"D. Williams","England 3.","Burton Albion","LCMF, LWB, DMF","22","200000","","8","380","0","0","England","left","177","8.76","7.11","76.67","2.13","11.11","0","4.38","2.61","0","0","0","0.47","0","0","3.32","35.71","1.66","71.43","4.26","38.89","0.47","1.42","0.47","34.11","75","11.61","55.1","4.03","29.41","0.18","0","0.24","100","0.71","4.5","42.11","3.55","46.67","0.47","7.34","61.29"
"R. Hendry","England 3.","Mansfield Town","AMF, LAMF, DMF","27","300000","2027-06-30","6","378","2","1","Scotland","left","176","5","3.57","80","2.14","55.56","0.24","2.57","3.1","0.48","0.1","0","1.9","50","25","1.9","25","2.62","63.64","10.71","37.78","1.9","1.67","0.24","36.19","84.87","9.05","76.32","2.62","63.64","0.15","0","0","0","0.48","4.52","57.89","2.62","54.55","0.95","4.76","85"
"M. Craig","England 3.","Leyton Orient","RB","22","300000","","7","375","0","0","England","right","0","8.88","6.48","66.67","2.64","45.45","0.24","6.84","0.96","0","0.02","0","0.24","100","0","0.96","25","0.96","50","4.8","25","0.72","1.68","0.24","39.6","79.39","15.36","56.25","3.6","33.33","0","0","0.24","0","0","4.32","55.56","1.44","16.67","0.24","5.28","59.09"
"L. Freestone","England 3.","Stevenage","LB","25","275000","","5","375","1","0","England","left","187","7.92","5.76","58.33","6.24","69.23","0.48","5.33","0.48","0.24","0.1","0.24","0.48","50","50","0.72","0","0.24","100","1.68","42.86","1.44","0.24","0","25.2","66.67","12","52","6.24","42.31","0","0","0","0","0","2.64","63.64","0.48","0","0","7.92","48.48"
"M. Dickov","England 3.","Mansfield Town","LAMF, RW","23","0","","8","373","0","1","England","unknown","0","5.55","4.34","72.22","2.17","22.22","0","3.09","1.93","0","0.01","0","0.48","50","0","3.14","23.08","2.65","36.36","8.93","35.14","2.17","0.48","0.48","21.47","66.29","3.86","50","2.65","54.55","0.1","0","0","0","0.24","1.69","57.14","2.41","50","0.97","4.34","66.67"
"J. Shipley","England 3.","Port Vale","DMF, LCMF","28","400000","","7","372","0","1","England","left","183","5.56","4.84","50","1.94","50","0","4.53","2.66","0","0","0","0.73","0","0","3.39","42.86","1.69","57.14","2.9","41.67","0.24","1.45","0","34.35","75.35","11.37","61.7","4.84","55","0.33","0","0.48","50","0.73","5.56","65.22","3.87","50","0.97","8.47","77.14"
"J. Fevrier","England 3.","Stockport County","RWB, RW","22","300000","2027-06-30","9","368","1","0","England","left","173","6.36","7.34","60","1.96","62.5","0","2.76","4.65","0.24","0.22","0","2.2","55.56","11.111","3.18","7.69","4.4","72.22","10.76","45.45","3.91","2.45","0","18.1","64.86","3.67","46.67","0.98","50","0.01","0","0","0","0.24","1.71","28.57","2.45","30","0.73","2.45","70"
"Lamine Dabo","England 3.","Luton Town","RCMF, RDMF, AMF","21","0","","6","365","0","0","Senegal","right","185","4.93","4.44","55.56","5.42","31.82","0.25","4.43","1.73","0","0.21","0","1.23","40","0","1.48","0","2.71","45.45","11.34","30.43","4.44","0.99","0.25","19.97","69.14","5.67","47.83","1.97","37.5","0.02","0","0.25","0","0","2.96","50","1.23","40","0.99","1.97","62.5"
"D. Orsi","England 3.","AFC Wimbledon","CF","29","225000","2027-06-30","9","360","2","0","England","right","188","4","4.75","47.37","4.5","5.56","0","2.31","1","0.25","0.45","0","1","50","50","0.25","0","0.75","66.67","6","8.33","2.5","0","0","12.5","72","3.75","60","2","37.5","0.01","0","0","0","0","2","50","0.5","50","0.25","1.5","83.33"
"C. Wellens","England 3.","Leyton Orient","AMF, RCMF","22","0","","6","360","1","3","England","right","175","3.5","2.5","70","2.5","20","0","2.84","3.25","0.25","0.19","0","2","37.5","12.5","4.5","33.33","2.25","44.44","4.75","36.84","3.5","1","0","26.75","65.42","9","50","1.75","0","0.12","0","0","0","0.75","3.25","38.46","2","37.5","0.25","3","58.33"
"J. Whatmough","England 3.","Huddersfield Town","RCB","29","1200000","","4","358","1","0","England","right","184","6.79","3.27","69.23","5.53","63.64","0.25","6.99","0.5","0.25","0.06","0","0.25","100","100","0","0","0.25","100","1.51","50","0.25","0.25","0","51.54","86.34","21.87","72.41","5.28","28.57","0","0","0","0","0","8.04","68.75","0.5","0","0","9.3","64.86"
"K. Lisbie","England 3.","Peterborough United","RW, RAMF, CF","21","0","","9","358","0","0","England","right","0","4.27","4.02","43.75","0.5","0","0.25","3.8","3.02","0","0.05","0","1.01","0","0","4.27","11.76","5.53","45.45","14.08","32.14","3.52","1.76","0.25","17.35","56.52","4.78","63.16","1.01","50","0.06","0","0","0","0.25","1.26","40","1.76","14.29","0.5","3.02","58.33"
"J. Mendy","England 3.","Peterborough United","LWB, LB","28","250000","2026-06-30","5","354","0","0","Gambia","left","182","6.86","4.07","62.5","7.88","35.48","0","4.64","2.29","0","0.04","0","0.25","0","0","2.54","40","2.54","50","7.37","34.48","0.51","1.53","0","30","77.12","6.36","48","2.8","27.27","0.06","0","0","0","0.25","2.03","25","3.05","41.67","0.51","5.34","47.62"
"C. Pym","England 4.","Grimsby Town","GK","30","450000","2027-06-30","12","1217","0","0","England","right","182","0.52","0.07","0","0.44","50","0","0.99","0","0","0","0","0","0","0","0","0","0","0","0","0","0","0","0","26.7","83.66","16.42","76.58","12.2","67.88","0","0","0","0","0","5.84","63.29","0.3","0","0","9.91","81.34"
"C. McJannet","England 4.","Grimsby Town","LCB","27","175000","2026-06-30","12","1217","1","0","England","left","173","7.1","5.1","69.57","7.4","67","0.37","6.62","0.89","0.07","0.04","0.07","0.52","28.57","14.286","0.74","20","0.96","61.54","2.96","50","0.74","1.55","0","56.8","83.98","24.55","70.78","8.87","50.83","0","0","0","0","0","10.28","66.91","0.96","30.77","0.15","10.65","66.67"
"J. Tucker","England 4.","Colchester United","RCB","25","275000","","12","1215","2","1","England","right","192","6.52","2.89","79.49","7.11","67.71","0.52","6.86","0.15","0.15","0.04","0.07","0.44","33.33","33.333","0.15","0","0","0","1.04","28.57","0.89","0.44","0","46.67","82.06","21.41","66.78","10.74","55.17","0.02","0","0","0","0.07","7.93","57.94","1.11","26.67","0.44","11.04","69.8"
"A. Kilgour","England 4.","Bristol Rovers","LCB, CB","27","125000","","12","1213","0","2","England","right","188","9.5","5.12","75.36","8.98","62.81","0.59","8.17","0.3","0","0.18","0","0.96","23.08","0","0.22","33.33","0.15","0","1.11","26.67","1.19","0.96","0.07","32.72","80.5","15.14","69.12","5.34","43.06","0.01","0","0","0","0","5.05","45.59","1.04","35.71","0.37","6.6","66.29"
"J. Sparkes","England 4.","Bristol Rovers","LB, LWB","25","400000","2027-06-30","12","1213","0","0","England","left","177","7.05","5.19","54.29","2.89","56.41","0.3","6.1","2.97","0","0.01","0","0.45","16.67","0","3.71","42","1.71","78.26","4.01","59.26","0.59","0.45","0","27.75","69.52","10.46","51.77","6.97","44.68","0.26","0","0","0","0.3","5.49","44.59","3.19","44.19","0.07","7.27","66.33"
"C. Barker","England 4.","Crawley Town","RCB","22","50000","","12","1212","0","1","England","right","0","10.92","6.01","66.67","8.69","49.57","0.97","11.81","0.97","0","0.07","0","0.67","11.11","0","1.19","37.5","0.37","100","1.86","56","1.49","1.11","0.07","49.83","80.18","24.43","69.3","7.95","40.19","0.04","0","0.07","100","0.3","8.17","55.45","1.63","31.82","0.3","10.62","68.53"
"J. Flint","England 4.","Crawley Town","LCB","25","450000","2026-06-30","12","1212","0","0","England","left","178","8.32","4.83","67.69","8.54","59.13","0.37","8.55","1.34","0","0.04","0","0.45","33.33","0","0.74","30","1.63","59.09","4.01","55.56","1.11","2.15","0.37","43.66","83.5","20.35","73.72","4.68","46.03","0.07","0","0","0","0.22","6.46","60.92","1.34","38.89","0.45","7.87","66.98"
"D. Collinge","England 4.","Barnet","RCB, RB","27","0","","12","1205","1","1","England","right","186","7.77","5.15","78.26","7.02","60.64","0.07","6.82","0.97","0.07","0.07","0","0.75","10","10","0.67","55.56","0.75","60","2.39","37.5","1.2","1.34","0.15","38.76","83.62","18.67","75.2","7.1","61.05","0.08","0","0.15","50","0.37","7.1","65.26","1.49","50","0.6","9.41","77.78"
"J. Eastwood","England 4.","Cambridge United","GK","29","100000","","12","1202","0","0","England","right","193","2.1","0","0","0.3","100","0","3.31","0","0","0","0","0","0","0","0","0","0","0","0.15","100","0","0","0.07","19.92","73.31","12.8","60.23","10.41","54.68","0","0","0","0","0","7.26","48.45","0.67","0","0","6.89","80.43"
"E. Monthe","England 4.","Oldham Athletic","LCB","30","225000","2026-06-30","12","1200","0","0","Cameroon","left","194","10.95","5.63","82.67","5.78","62.34","0.45","9.18","0.68","0","0.01","0","0.23","33.33","0","0.38","0","0.6","100","3.23","48.84","0.38","1.28","0","24.15","70.5","13.35","58.43","5.33","36.62","0","0","0","0","0","4.5","51.67","1.13","33.33","0.38","6.68","58.43"
"M. Hudson","England 4.","Oldham Athletic","GK","27","0","","12","1200","0","1","England","right","193","1.28","0","0","0.45","83.33","0","1.9","0","0","0","0","0","0","0","0","0","0","0","0","0","0","0","0","20.63","78.18","16.72","73.54","13.88","68.11","0.03","0","0","0","0.08","8.1","70.37","0.38","40","0.15","10.65","89.44"
"J. Lynch","England 4.","Fleetwood Town","GK","32","225000","","12","1197","0","0","England","right","188","1.58","0.08","0","0.23","66.67","0","2.33","0","0","0","0","0","0","0","0","0","0","0","0.38","80","0","0","0","19.1","84.65","12.48","77.71","9.17","70.49","0.01","0","0","0","0","4.06","64.81","0.3","0","0","7.59","85.15"
"J. Day","England 4.","Cheltenham Town","GK","35","100000","","12","1196","0","0","England","left","190","2.18","0.08","100","0.3","75","0","2.91","0","0","0","0","0","0","0","0","0","0","0","0.08","100","0","0","0","15.5","72.33","12.42","66.06","11.21","63.09","0","0","0","0","0","6.02","66.25","0.53","0","0","8.13","85.19"
"J. Belshaw","England 4.","Harrogate Town","GK","35","100000","","12","1194","0","0","England","right","191","1.28","0.15","50","0.68","88.89","0","1.65","0.08","0","0","0","0","0","0","0","0","0.08","100","0.08","100","0","0","0","24.8","76.6","19.45","70.16","14.92","63.13","0","0","0","0","0","6.56","55.17","0.75","10","0","11.76","76.28"
"A. Flint","England 4.","Walsall","CB","36","100000","2026-06-30","12","1194","1","1","England","right","197","8.14","2.19","75.86","7.61","66.34","0.68","7.32","0.15","0.08","0.1","0.08","0.75","20","10","0","0","0","0","0.45","66.67","1.51","0","0","21.56","70.63","13.19","57.71","6.18","51.22","0","0","0","0","0","5.73","52.63","0.98","38.46","0.6","7.09","60.64"
"M. Roberts","England 4.","Walsall","GK","23","0","","12","1194","0","0","England","","0","1.58","0.08","100","0.75","80","0","1.76","0","0","0","0","0","0","0","0","0","0","0","0.08","0","0","0","0","11.23","71.14","9.35","67.74","8.89","64.41","0","0","0","0","0","4.75","58.73","0.45","0","0","6.33","88.1"
"W. Stanway","England 4.","Barrow","GK","24","0","","12","1193","0","0","England","right","193","1.66","0.08","100","1.51","90","0","1.92","0","0","0","0","0","0","0","0","0","0","0","0.15","100","0","0","0","19.99","80","14.86","75.13","11.24","71.14","0","0","0","0","0","4.22","64.29","0.15","50","0.08","9.2","84.43"
"H. Rodgers","England 4.","Grimsby Town","RB","28","250000","2026-06-30","12","1192","1","0","England","right","189","5.81","3.1","63.41","5.89","75.64","0.53","6.75","0.98","0.08","0.04","0","0.83","9.09","9.091","1.36","22.22","0.83","63.64","2.79","37.84","1.21","0.68","0","33.83","68.53","17.82","58.47","3.7","48.98","0","0","0.15","50","0","6.95","64.13","2.04","48.15","0.6","8.83","64.96"
"M. Pinnock","England 4.","Bromley","LWB, LB, LAMF","30","300000","","12","1192","0","3","England","left","178","5.66","3.78","60","2.49","36.36","0.08","4.81","4.61","0","0.08","0","1.51","25","0","5.74","44.74","2.79","59.46","5.29","48.57","1.36","0.76","0.08","27.33","62.15","10.57","45","5.51","34.25","0.36","0.08","0","0","0.83","4.91","43.08","5.21","55.07","0.3","8.46","64.29"
"C. MacGillivray","England 4.","Milton Keynes Dons","GK","32","225000","","12","1190","0","0","Scotland","right","188","1.59","0.08","100","1.13","93.33","0","2.28","0","0","0","0","0","0","0","0","0","0","0","0","0","0","0","0","18.83","78.31","13.01","69.19","10.89","63.19","0","0","0","0","0","4.76","58.73","0.23","0","0","7.64","82.18"
"A. Gilbey","England 4.","Milton Keynes Dons","LCMF, AMF","30","300000","2026-06-30","12","1190","4","1","England","right","183","6.43","5.22","56.52","4.69","58.06","0.23","4.68","1.06","0.3","0.18","0","1.13","53.33","26.667","0.45","33.33","0.68","44.44","4.01","49.06","1.82","1.13","0.3","25.71","73.24","11.65","55.84","4.08","44.44","0.1","0","0","0","0.38","5.45","55.56","1.51","40","0.53","4.61","67.21"
"L. Garbutt","England 4.","Salford City","LCB","32","175000","","12","1190","2","0","England","left","180","9.45","7.41","66.33","5.67","52","0.45","6.62","1.44","0.08","0.15","0","1.06","50","14.286","1.29","41.18","0.68","55.56","2.04","44.44","0.23","1.29","0.15","39.18","74.52","17.47","58.87","7.79","34.95","0.12","0","0","0","0.08","9.68","51.56","2.19","41.38","0.38","9.45","64"
" Kadeem Harris","England 4.","Salford City","LWB, LB","32","250000","","12","1190","3","2","England","right","174","5.14","4.76","66.67","1.82","29.17","0.15","2.6","5.52","0.23","0.11","0.08","1.51","30","15","3.55","44.68","5.75","60.53","10.89","45.14","2.8","2.65","0.3","20.95","73.29","4.61","55.74","2.27","36.67","0.2","0","0","0","0.76","1.74","39.13","2.72","52.78","0.76","4.16","65.45"
"L. Jenkins","England 4.","Newport County","RCB","24","0","","12","1189","0","1","Wales","right","176","8.78","4.31","71.93","7.12","60.64","0.76","7.37","0.76","0","0.03","0","0.38","40","0","1.29","35.29","0.15","100","0.98","69.23","1.21","0.83","0.23","35.73","71.82","16.35","55.56","7.42","38.78","0.12","0.08","0","0","0.08","4.69","35.48","1.51","40","0.15","7.87","46.15"
"G. Morris","England 4.","Gillingham","GK","41","50000","","12","1189","0","0","England","right","183","1.89","0.23","66.67","0.15","100","0","2.46","0","0","0","0","0","0","0","0","0","0","0","0.23","100","0","0","0","20.89","81.52","15.52","76.59","13.47","71.91","0.02","0","0","0","0.08","6.43","71.76","0.53","0","0","10.82","87.41"
"T. Booth","England 4.","Crewe Alexandra","GK","21","0","","12","1189","0","0","England","right","190","1.82","0.08","0","0.45","83.33","0","2.7","0.15","0","0","0","0","0","0","0","0","0.23","66.67","0.38","60","0","0","0","20.21","78.65","12.87","67.06","8.4","51.35","0","0.08","0.08","0","0","5.53","49.32","0.61","12.5","0.08","5.6","78.38"
"M. Demetriou","England 4.","Crewe Alexandra","LCB","35","75000","2026-06-30","12","1189","1","0","England","left","188","7.87","3.78","72","8.1","62.62","0.68","7.3","1.21","0.08","0.05","0.08","0.53","57.14","14.286","0.76","80","0.53","42.86","1.29","52.94","0.61","2.12","0.08","42.24","75.81","24.07","64.78","9.23","45.08","0.05","0.08","0.08","100","0.23","9.16","53.72","1.59","52.38","0.45","11.28","69.8"
"C. Barrett","England 4.","Walsall","RB, RWB","23","0","2027-06-30","12","1187","3","1","England","right","0","10.24","8.42","68.47","2.96","35.9","0.15","4.69","2.43","0.23","0.06","0","0.53","42.86","42.857","2.27","16.67","3.03","60","6.14","48.15","1.59","2.27","0.38","25.02","58.79","12.97","49.12","6.44","37.65","0.02","0.08","0","0","0.23","6.37","46.43","2.43","34.38","0.68","7.13","63.83"
"C. Dunkley","England 4.","Chesterfield","RCB","33","175000","2027-06-30","12","1187","1","0","England","right","188","8.49","5.69","69.33","9.71","74.22","0.38","7.8","0.15","0.08","0.06","0.08","0.53","14.29","14.286","0","0","0.08","100","0.68","66.67","0.68","0.15","0","39.96","85.39","15.62","74.27","4.4","46.55","0","0","0","0","0","5.61","67.57","0.08","0","0","5.99","49.37"
"Z. Hemming","England 4.","Chesterfield","GK","25","500000","2026-06-30","12","1187","0","0","England","right","188","1.29","0.23","66.67","0.61","100","0","2.02","0","0","0","0","0","0","0","0","0","0","0","0.08","100","0","0","0","24.34","70.72","16.23","57.01","12.28","47.53","0","0","0","0","0","8.26","45.87","0.68","0","0.08","7.81","73.79"
"W. Burrell","England 4.","Harrogate Town","LB, RB","35","75000","2027-06-30","12","1186","1","0","England","right","178","10.17","6.07","66.25","4.25","50","0.91","7.47","0.83","0.08","0.07","0","0.3","25","25","0.46","50","0.99","53.85","2.73","41.67","0.38","0.46","0.08","35.82","80.3","17.23","66.52","6.75","44.94","0","0","0","0","0","6.68","57.95","1.14","26.67","0.08","8.2","69.44"
"J. Evans","England 4.","Harrogate Town","LDMF, LB, LCMF","25","0","","12","1184","0","1","England","left","173","8.82","6.31","73.49","2.96","30.77","0.38","3.75","1.75","0","0.06","0","0.38","20","0","1.44","36.84","1.52","75","5.24","43.48","0.76","1.37","0.46","27.82","79.51","9.88","67.69","2.74","61.11","0.08","0","0","0","0.23","3.5","78.26","1.22","37.5","0.38","5.4","57.75"
"K. Watts","England 4.","Cambridge United","LCB","25","250000","2026-06-30","12","1184","1","0","England","left","192","6.46","2.66","62.86","7.91","56.73","0.46","7.44","0.38","0.08","0.07","0.08","0.53","28.57","14.286","0.23","66.67","0","0","1.22","62.5","0.84","0.38","0.08","42.95","80.88","20.14","66.04","9.81","58.91","0.01","0","0.08","100","0","8.59","52.21","0.76","40","0.15","8.89","70.94"
"C. Raglan","England 4.","Barrow","CB, RCB, LCB","32","0","","12","1179","0","1","England","right","183","9.08","4.96","70.77","7.71","69.31","0.84","6.46","0.46","0","0.05","0","0.46","33.33","0","0.23","33.33","0.23","66.67","0.99","46.15","0.92","0.31","0.15","25.8","75.44","13.59","64.61","5.19","41.18","0","0","0.08","100","0","4.2","54.55","0.53","14.29","0.08","6.64","59.77"
"S. Clucas","England 4.","Shrewsbury Town","LWB, DMF, LCMF","35","300000","","12","1169","2","2","England","left","178","8.47","4.93","76.56","3.46","46.67","0.08","5.92","2.39","0.15","0.03","0","1.08","14.29","14.286","3.54","23.91","2","61.54","4.16","42.59","1.15","1","0.23","33.8","75.63","12.4","70.19","4.31","53.57","0.09","0.08","0.23","66.67","0.23","4.93","73.44","3.46","42.22","0.77","8.7","76.99"
"M. Sanders","England 4.","Crewe Alexandra","LDMF, RDMF","26","200000","2026-06-30","12","1166","1","1","England","right","176","6.64","5.02","67.69","2.16","57.14","0.15","4.69","1.54","0.08","0.15","0","1.62","33.33","4.762","0.54","42.86","1.08","64.29","4.09","41.51","1.31","0.39","0.15","42.07","82.2","12.81","64.46","6.56","48.24","0.11","0.08","0.08","100","0.23","8.1","60.95","2.24","37.93","0.62","6.17","73.75"
"R. McKenzie","England 4.","Gillingham","RCB, DMF, LCMF","27","200000","","12","1162","0","0","England","right","184","6.97","3.56","82.61","7.51","54.64","0.31","5.25","0.39","0","0.07","0","0.77","10","0","0.62","25","0.39","40","2.32","36.67","0.93","0.39","0","18.9","70.08","8.13","53.33","3.56","52.17","0.04","0","0","0","0.15","2.63","44.12","1.01","46.15","0.46","4.18","55.56"
"R. Glover","England 4.","Barnet","AMF, LW, RAMF","24","0","","12","1161","2","0","England","right","0","5.66","3.18","58.54","5.81","34.67","0.08","6.21","5.66","0.16","0.21","0","1.47","36.84","10.526","3.64","29.79","6.28","62.96","11.01","47.89","3.95","1.94","0.31","30.85","75.38","9.69","67.2","1.71","45.45","0.12","0.08","0.08","100","0.39","3.49","53.33","3.64","51.06","1.24","5.19","74.63"
"K. Cesay","England 4.","Salford City","RCMF, CF, RWB","23","0","2026-06-30","12","1161","1","0","England","right","189","4.88","4.81","58.06","4.96","20.31","0.23","3.16","2.48","0.08","0.23","0","1.4","22.22","5.556","0.85","45.45","2.87","54.05","9.3","33.33","2.33","1.78","0.54","19.38","70","7.67","59.6","1.4","55.56","0.06","0","0.31","75","0.16","2.95","63.16","1.09","57.14","0.62","3.02","64.1"
"M. Baker","England 4.","Newport County","LCB","22","0","","12","1156","1","1","England","right","186","9.11","5.53","73.24","8.17","50.48","0.78","6.43","0.08","0.08","0.05","0","0.16","50","50","0","0","0","0","1.17","40","0.86","0.7","0","42.43","83.67","16.51","66.04","5.53","50.7","0.02","0","0","0","0","3.74","58.33","0.31","0","0.08","6.77","54.02"
"B. Jackson","England 4.","Barrow","RCB, RWB, LWB","24","500000","","12","1156","0","0","England","left","180","7.16","4.52","56.9","2.26","51.72","0.54","5.3","2.65","0","0.02","0","0.47","16.67","0","3.58","32.61","2.26","62.07","4.67","46.67","0.54","0.93","0","32.47","70.98","13.94","66.48","6.93","49.44","0.12","0","0","0","0","4.83","54.84","2.88","43.24","0.16","9.11","62.39"
"S. Stubbs","England 4.","Shrewsbury Town","RCB, CB","26","250000","","12","1156","0","1","England","right","183","10.9","4.59","76.27","6.54","55.95","0.39","9.43","0.47","0","0.01","0","0.23","0","0","0.7","33.33","0.39","60","2.49","46.88","0.54","0.31","0.08","29.97","71.95","15.26","62.76","6.15","40.51","0.01","0","0","0","0.08","4.44","45.61","1.25","18.75","0.08","7.16","56.52"
"G. McEachran","England 4.","Grimsby Town","DMF","25","250000","","12","1152","0","0","England","left","172","9.14","5.94","65.79","2.34","36.67","0.23","8.87","1.02","0","0.02","0","0.63","25","0","0.55","42.86","1.02","53.85","4.38","50","0.23","0.78","0","47.73","85.92","15.78","69.8","4.92","49.21","0.02","0.08","0.08","100","0.16","6.64","75.29","2.19","53.57","0.7","6.64","75.29"
"E. Archer","England 4.","Cheltenham Town","LAMF, LWB, LWF","23","0","","12","1148","0","1","England","","188","8.15","7.06","55.56","2.82","19.44","0.16","5.09","4.55","0","0.1","0","1.57","15","0","3.84","36.73","6.04","48.05","13.64","35.63","1.25","3.37","0.16","25.56","68.71","7.06","47.78","2.59","30.3","0.14","0","0","0","0.55","2.43","45.16","3.29","52.38","0.47","5.96","65.79"
"B. Morris","England 4.","Harrogate Town","RDMF","29","300000","","12","1146","0","2","England","right","182","7.46","4.4","55.36","3.85","48.98","0.24","6.76","0.39","0","0.02","0","0.63","12.5","0","0.39","20","0.86","27.27","2.83","30.56","0.16","0.39","0.16","47.43","75.83","20.34","61","8.17","54.81","0.01","0.08","0","0","0.39","9.58","58.2","1.49","52.63","0.63","11.07","66.67"
"L. Gordon","England 4.","Chesterfield","LB","24","250000","","12","1140","0","0","England","left","172","6.95","4.89","67.74","3.47","34.09","0.24","6.08","1.11","0","0.02","0","0.16","50","0","1.97","36","0.87","36.36","3.63","36.96","1.03","2.21","0.16","55.18","87.98","14.84","77.13","4.11","48.08","0.06","0.08","0.08","0","0.24","4.03","64.71","1.89","50","0.79","7.82","67.68"
"M. Cheek","England 4.","Bromley","CF","34","0","","12","1136","6","2","England","right","186","2.3","2.06","46.15","13.15","36.14","0","2.04","1.51","0.32","0.5","0.08","2.46","45.16","19.355","0.71","33.33","0.4","40","2.54","25","4.67","0.63","0.08","14.5","57.92","4.04","43.14","0.63","25","0.16","0","0.08","0","0.48","1.98","40","1.43","44.44","1.19","1.9","66.67"
"H. McKirdy","England 4.","Crawley Town","CF, RWB, AMF","28","20000","2026-06-30","12","1119","4","2","England","right","175","2.41","2.49","64.52","1.77","13.64","0.16","1.48","3.14","0.16","0.45","0","2.98","43.24","10.811","1.13","35.71","2.17","66.67","5.87","39.73","3.7","1.13","0.24","10.21","62.2","2.9","41.67","0.88","27.27","0.14","0","0","0","0.32","1.21","40","1.21","46.67","0.48","1.45","44.44"
"A. O'Connor","England 4.","Harrogate Town","RCB","32","200000","","12","1116","0","0","Republic of Ireland","right","188","10.56","4.11","76.47","9.03","71.43","1.85","9.67","0.24","0","0.05","0","0.32","50","0","0.08","100","0","0","0.48","33.33","0.24","0.32","0","34.52","84.81","15.73","72.82","5.4","56.72","0","0","0","0","0.08","3.15","58.97","0.16","50","0","6.77","64.29"
"D. Conroy","England 4.","Crawley Town","CB","29","175000","","11","1116","0","0","England","right","181","8.06","4.03","60","3.55","56.82","0.73","9.1","0.73","0","0.04","0","0.65","25","0","0.16","50","0.56","71.43","1.85","65.22","0.48","0.73","0.08","53.55","88.55","21.77","77.41","6.94","47.67","0.01","0","0.16","50","0.24","6.05","54.67","0.97","16.67","0.16","8.31","70.87"
"L. Billington","England 4.","Crewe Alexandra","RB","21","0","","12","1114","0","0","England","right","185","7.84","6.46","60","5.01","62.9","0.24","5.56","1.45","0","0.05","0","0.65","37.5","0","2.42","36.67","0.81","40","2.75","50","0.81","1.29","0.08","38.05","69.43","18.74","60.78","8.32","40.78","0.05","0.08","0","0","0.08","8.4","54.81","3.47","37.21","0.32","11.23","63.31"
"R. Woods","England 4.","Oldham Athletic","RCMF, DMF, RDMF","31","1000000","2027-06-30","12","1111","0","0","England","right","173","7.86","6.4","65.82","3.24","42.5","0.24","4.37","1.22","0","0.02","0","0.49","0","0","2.11","38.46","0.49","50","3.48","37.21","0.49","0.24","0","36.7","77.48","14.58","61.11","6.56","51.85","0.15","0","0.16","100","0.24","7.94","59.18","3.4","42.86","0.73","8.18","73.27"
"C. Ripley","England 4.","Swindon Town","GK","32","225000","","11","1110","0","0","England","right","191","1.3","0.08","100","0.81","100","0","1.97","0","0","0","0","0","0","0","0","0","0","0","0.16","50","0","0","0","37.38","80.91","23.51","71.03","16.54","59.31","0","0","0","0","0","7.05","49.43","0.73","22.22","0.08","12.81","77.85"
"J. March","England 4.","Crewe Alexandra","CF","28","100000","","12","1107","3","4","England","right","175","4.23","3.5","60.47","10.24","32.54","0.08","2.53","2.85","0.16","0.48","0","2.28","42.86","10.714","2.6","28.13","2.03","56","8.86","37.61","5.28","0.73","0.16","14.8","65.93","4.07","70","0.81","60","0.17","0","0","0","0.81","1.22","53.33","1.79","54.55","0.89","2.2","66.67"
"T. Conlon","England 4.","Oldham Athletic","LCMF, LDMF","29","0","","11","1106","0","2","England","left","173","9.2","6.51","62.5","5.29","61.54","0.41","6.05","1.3","0","0.03","0","0.49","33.33","0","1.3","50","0.98","41.67","4.56","32.14","0.24","0.16","0","32.31","80.6","13.75","69.23","4.64","52.63","0.21","0","0.16","50","0.41","5.61","69.57","2.28","57.14","0.65","6.27","81.82"
"R. Smith","England 4.","Harrogate Town","AMF, LAMF","23","0","","12","1104","1","2","England","","0","5.95","5.63","72.46","3.75","30.43","0.08","2.6","3.1","0.08","0.1","0","0.98","41.67","8.333","2.04","24","3.1","71.05","6.85","51.19","2.61","3.34","0.49","29.27","71.59","8.89","54.13","1.96","29.17","0.16","0.08","0","0","0.57","3.75","63.04","2.04","60","1.22","4.24","61.54"
"J. Robson","England 4.","Oldham Athletic","LB","27","250000","","11","1104","0","1","Scotland","left","173","11.66","7.74","67.37","5.14","49.21","0.65","9.14","3.34","0","0.03","0","0.33","0","0","3.51","37.21","2.53","80.65","4.97","55.74","1.22","0.82","0.08","32.45","68.84","16.71","62.93","5.63","43.48","0.09","0","0","0","0.24","6.03","67.57","2.93","50","0.73","9.86","71.07"
"A. Senior","England 4.","Barnet","RB, LCB","23","0","","12","1104","1","2","England","right","183","9.86","7.17","64.77","5.87","52.78","0.82","8.92","1.71","0.08","0.24","0.08","1.22","26.67","6.667","0.98","41.67","1.79","54.55","3.67","46.67","1.71","1.22","0.24","32.36","81.11","14.35","71.59","5.14","50.79","0.03","0","0","0","0.24","6.52","58.75","1.22","40","0.41","6.44","70.89"
"C. Slicker","England 4.","Barnet","GK","23","300000","2028-06-30","11","1103","0","0","England","right","191","1.8","0.08","100","0.73","88.89","0","3.25","0","0","0","0","0","0","0","0","0","0","0","0.24","66.67","0","0","0","23.5","78.47","18.03","72.85","13.46","64.85","0","0.08","0","0","0.08","7.67","64.89","0.49","66.67","0.33","9.55","85.47"
"S. Duke-McKenna","England 4.","Harrogate Town","LAMF, RAMF","25","150000","2026-06-30","12","1102","4","1","England","right","170","6.29","4.33","60.38","3.1","21.05","0","4.74","5.39","0.33","0.12","0","2.04","48","16","3.19","33.33","6.04","55.41","11.6","42.25","1.55","2.04","0.16","24.99","66.67","7.19","51.14","3.1","36.84","0.11","0.08","0","0","0.49","3.35","51.22","3.19","46.15","0.74","5.88","70.83"
"F. Munroe","England 4.","Swindon Town","LWB, LB","20","100000","2026-06-30","11","1101","0","4","England","left","0","9.32","5.89","70.83","5.31","49.23","0.49","6.32","2.86","0","0.07","0","0.74","11.11","0","4.33","32.08","1.8","68.18","4.41","42.59","1.23","0.82","0.25","27.55","64.99","9.24","53.1","5.8","43.66","0.27","0","0.16","100","0.9","4.58","44.64","3.6","43.18","0.74","6.38","73.08"
"R. Hutton","England 4.","Gillingham","RB, RWB","27","250000","","12","1100","0","2","England","right","174","5.89","5.07","62.9","1.06","46.15","0.16","3.16","4.58","0","0.02","0","0.49","33.33","0","6.38","47.44","2.95","47.22","6.87","39.29","0.74","1.88","0.16","31.25","64.4","12.85","53.5","9.08","50.45","0.15","0","0","0","0.57","6.79","53.01","7.53","48.91","1.15","10.47","81.25"
"K. Roos","England 4.","Notts County","GK","33","500000","2027-06-30","11","1099","0","1","Netherlands","right","196","1.47","0","0","0.41","100","0","2.37","0.08","0","0","0","0","0","0","0","0","0.08","100","0.16","100","0","0","0","28.25","72.17","18.1","59.73","12.45","46.05","0","0","0","0","0.08","5.08","30.65","0.9","18.18","0.16","8.19","62"
"J. Bedeau","England 4.","Notts County","LCB, LB","25","325000","2027-06-30","11","1099","0","0","England","left","182","8.27","5","67.21","6.8","49.4","0.41","7.76","0.74","0","0","0","0","0","0","1.31","37.5","0.41","60","2.05","44","0.49","0.49","0.16","51.02","80.42","24.4","71.48","6.8","36.14","0.06","0","0","0","0.25","5.98","60.27","1.64","55","0.57","8.84","66.67"
"M. Palmer","England 4.","Notts County","RCMF, LCMF, DMF","30","175000","2027-06-30","11","1097","0","2","England","right","179","7.38","4.59","71.43","2.38","65.52","0.16","6.58","0.49","0","0","0","0.25","33.33","0","0.66","12.5","0.49","66.67","3.12","39.47","0.82","1.39","0","58.66","90.91","17.15","78.95","2.05","40","0.14","0","0","0","0.25","6.07","81.08","0.9","54.55","0.49","5.91","77.78"
"C. Paterson","England 4.","Milton Keynes Dons","CF, RCB","31","800000","","12","1096","4","3","England","right","183","3.78","2.63","56.25","14.62","43.82","0.16","3.32","1.4","0.33","0.29","0.08","1.81","27.27","18.182","0.9","45.45","1.07","46.15","4.68","29.82","3.2","0.57","0","14.29","58.05","6.08","47.3","2.14","46.15","0.09","0.08","0","0","0.33","2.55","67.74","1.4","47.06","0.57","2.96","72.22"
"N. Smith","England 4.","Tranmere Rovers","CB, LCB, RCB","29","450000","","11","1094","2","0","England","right","180","9.38","5.1","82.26","8.72","64.15","0.82","7.5","0.16","0.16","0.11","0.08","0.66","25","25","0","0","0","0","1.07","46.15","1.23","0","0","22.54","72.99","10.28","56.8","3.54","41.86","0","0","0","0","0","2.71","48.48","0.49","0","0","5.51","44.78"
"N. Tzanev","England 4.","Newport County","GK","28","100000","","11","1093","0","0","New Zealand","right","195","2.14","0.25","33.33","0.25","100","0","2.92","0","0","0","0","0","0","0","0","0","0","0","0.08","100","0","0","0","22.4","78.31","14.08","66.67","11.2","58.82","0","0","0","0","0","4.12","54","0.16","0","0","8.48","69.9"
"A. Smith","England 4.","Gillingham","LCB, CB, RCB","24","175000","2026-06-30","11","1093","0","1","England","right","188","7.49","5.11","72.58","6.42","56.41","0.58","5.14","0.16","0","0.04","0","0.33","25","0","0.16","0","0.08","100","0.82","40","0.99","0.66","0.08","22.97","78.49","10.87","68.94","3.13","36.84","0.03","0","0","0","0.08","3.21","58.97","0.25","0","0.25","4.69","63.16"
"R. Hutchinson","England 4.","Crewe Alexandra","LB","25","250000","2025-11-30","11","1086","3","0","England","left","177","5.8","4.14","62","3.9","40.43","0.08","4.92","2.9","0.25","0.04","0","0.75","33.33","33.333","3.31","47.5","1.41","76.47","4.72","38.6","1.08","1.33","0.17","33.15","73.25","13.67","63.64","6.13","50","0.09","0","0","0","0.33","6.13","55.41","4.56","58.18","1.08","9.2","71.17"
"A. Dobra","England 4.","Chesterfield","LAMF, LW","24","0","2028-12-30","12","1083","4","1","England","right","167","6.73","6.9","56.63","2.49","10","0","4.09","3.57","0.33","0.29","0","2.41","27.59","13.793","1.41","29.41","5.57","44.78","15.79","35.79","3.91","2.24","0.5","28.67","78.84","8.23","63.64","2.16","42.31","0.06","0","0","0","0.25","2.91","48.57","1.58","63.16","0.83","3.16","68.42"
"T. Davies","England 4.","Newport County","LB","21","0","","11","1079","0","0","Wales","left","0","9.26","6.92","63.86","4.5","51.85","0.17","6.25","0.58","0","0.04","0","0.33","50","0","1.33","25","0.42","20","2.5","46.67","0.42","1.5","0.08","35.45","72.94","18.35","65.45","8.09","43.3","0","0.08","0","0","0","7.26","54.02","1.5","38.89","0.5","10.34","64.52"
"R. Stirk","England 4.","Chesterfield","LDMF, RDMF","25","275000","","11","1077","0","0","England","left","178","8.77","6.85","67.07","2.59","38.71","0.17","7.2","0.84","0","0.04","0","0.42","0","0","0.84","70","0.25","66.67","2.42","41.38","0.84","0.75","0","59.92","87.73","20.14","77.59","6.02","50","0.04","0","0.08","100","0.33","10.61","78.74","2.01","54.17","0.5","9.61","73.04"
"J. McEachran","England 4.","Bristol Rovers","DMF, LCMF","32","225000","","12","1074","1","0","England","left","178","8.63","5.78","60.87","1.01","75","0.42","7.92","0.59","0.08","0","0","0.17","50","50","0.42","60","0.34","75","1.34","43.75","0.17","0.25","0","35.7","82.86","13.16","71.34","5.7","52.94","0.02","0","0","0","0.08","5.7","67.65","1.26","53.33","0.34","6.12","67.12"
"A. Charles","England 4.","Bromley","DMF, RCMF, LCMF","26","0","","12","1074","0","0","Grenada","","178","7.71","6.37","60.53","4.27","54.9","0.34","5.3","0.75","0","0.03","0","0.5","0","0","1.09","23.08","0.67","75","3.6","55.81","0.59","0.25","0","35.28","76.48","12.74","63.82","5.45","52.31","0.06","0","0","0","0.25","6.2","55.41","2.26","37.04","0.5","6.62","72.15"
"T. O'Reilly","England 4.","Crewe Alexandra","RAMF","21","0","","12","1071","2","1","England","left","170","6.05","7.9","46.81","4.2","14","0","3.05","4.03","0.17","0.06","0","1.43","23.53","11.765","3.53","30.95","4.87","53.45","13.78","34.76","2.18","1.01","0.08","24.62","70.99","6.97","57.83","2.52","23.33","0.17","0","0.08","0","0.34","2.86","67.65","3.53","47.62","0.84","4.62","70.91"
"W. Boyle","England 4.","Shrewsbury Town","LCB, LB","30","250000","2026-06-30","12","1066","1","0","England","left","191","9.03","4.31","66.67","8.19","67.01","0.42","8.42","0.59","0.08","0.18","0.08","1.01","41.67","8.333","0.42","40","0","0","0.34","50","1.44","0.25","0","31.58","68.18","19.67","60.94","7.26","41.86","0.02","0.08","0","0","0.25","5.99","53.52","1.18","14.29","0.25","9.12","62.96"
"I. Kanu","England 4.","Barnet","LWB, RW, RWB","25","0","","12","1061","0","1","England","right","182","7.3","5.85","69.57","4.5","28.3","0.08","5.19","5.68","0","0.06","0","0.93","45.45","0","3.39","35","7.55","53.93","14.84","41.14","2.8","3.56","0.59","29.18","69.19","8.06","52.63","3.22","36.84","0.18","0","0","0","0.59","3.05","47.22","2.46","44.83","0.59","5","59.32"
"P. Brough","England 4.","Tranmere Rovers","LCB, LB","29","275000","","11","1053","0","0","England","left","191","8.21","4.62","66.67","7.26","43.53","0.6","7.66","0.51","0","0.03","0","0.43","0","0","1.79","19.05","0.17","100","1.37","37.5","0.77","0.34","0","28.55","74.25","15.73","72.83","6.5","60.53","0","0","0","0","0","4.27","54","1.71","25","0.09","7.09","69.88"
"M. Macey","England 4.","Colchester United","GK","31","250000","2026-06-30","11","1048","0","0","England","right","201","1.8","0","0","0.34","50","0","2.97","0","0","0","0","0","0","0","0","0","0","0","0.09","100","0","0","0","19.49","85.46","9.62","73.21","6.61","59.74","0","0","0","0","0","1.89","40.91","0.17","0","0","4.72","70.91"
"L. Young","England 4.","Cheltenham Town","LCMF, LDMF, DMF","32","125000","","12","1048","0","0","England","right","173","7.81","4.9","73.68","3.01","51.43","0.77","5.51","1.03","0","0.04","0","0.94","36.36","0","1.03","50","0.26","66.67","2.06","58.33","0.17","0.6","0","33.92","76.96","16.06","63.64","8.67","47.52","0.1","0","0","0","0.26","9.45","59.09","2.06","41.67","0.17","7.73","74.44"
"O. Patrick","England 4.","Tranmere Rovers","AMF, LAMF, LWB","29","150000","","11","1046","6","2","England","right","185","5.08","3.96","52.17","3.44","30","0.26","4.59","5.33","0.52","0.31","0","3.01","37.14","17.143","2.32","37.04","5.85","57.35","12.56","35.62","2.84","2.75","0.52","29.43","69.88","8.6","60","2.58","50","0.17","0.09","0.26","0","0.26","3.18","59.46","2.93","44.12","0.34","6.63","70.13"
"J. Kabia","England 4.","Grimsby Town","CF","25","0","","12","1040","5","0","Republic of Ireland","both","175","3.98","3.63","57.14","8.31","16.67","0","3.48","1.21","0.35","0.49","0","1.47","58.82","29.412","0.43","40","0.95","18.18","5.28","21.31","3.12","0.52","0.17","8.74","66.34","1.99","78.26","0.17","50","0.01","0","0","0","0.35","0.61","85.71","0.35","100","0.43","1.13","61.54"
"J. Bolton","England 4.","Fleetwood Town","CB, RCB","31","250000","","11","1036","1","0","England","right","183","12.34","5.99","73.91","9.99","60.87","1.04","11.36","0.17","0.09","0.09","0","0.69","12.5","12.5","0","0","0.09","100","0.52","50","1.13","0.09","0","38.05","83.79","15.72","74.59","5.73","62.12","0","0","0","0","0","5.04","65.52","0.52","50","0.43","7.64","60.23"
"S. Gale","England 4.","Gillingham","RCB, RB","21","0","","12","1034","1","1","England","","0","10.88","7.57","79.31","6.09","65.71","0.26","6.5","0.87","0.09","0.14","0","0.61","28.57","14.286","0.96","36.36","0.52","66.67","4.26","38.78","0.87","1.74","0.7","31.51","67.13","18.02","55.07","8.79","50.5","0.06","0","0","0","0.26","7.66","56.82","1.74","50","0.7","8.79","71.29"
"D. Daniels","England 4.","Oldham Athletic","RCB","31","225000","","11","1032","0","0","Montserrat","right","186","8.81","5.06","72.41","8.37","47.92","0.7","7.47","0.35","0","0.08","0","0.17","0","0","0.09","0","0.35","100","1.74","50","0.52","0.26","0.09","22.85","71.76","13.52","62.58","6.45","52.7","0","0","0","0","0.09","5.58","57.81","0.87","30","0.35","6.98","72.5"
"A. Read","England 4.","Colchester United","RDMF, LDMF, RCMF","25","250000","","12","1029","1","1","England","left","178","8.57","4.46","76.47","2.54","48.28","0.17","7.71","1.57","0.09","0.04","0","0.96","27.27","9.091","0.35","50","1.14","76.92","5.95","51.47","0.26","0.61","0.09","38.05","82.99","11.11","61.42","4.55","48.08","0.14","0.09","0.35","75","0.35","5.69","60","2.1","62.5","0.79","5.6","56.25"
"L. Southwood","England 4.","Bristol Rovers","GK","27","500000","","10","1017","0","0","England","right","185","1.95","0","0","0.27","66.67","0","3.16","0","0","0","0","0","0","0","0","0","0","0","0.09","0","0","0.09","0","28.32","80","20.53","73.71","17.88","70.3","0","0.09","0","0","0","10.53","71.43","0.97","27.27","0.27","13.89","87.9"
"L. Offord","England 4.","Milton Keynes Dons","RCB, LCB","25","275000","","11","1016","1","1","England","right","182","8.77","4.96","78.57","7.44","55.95","0.53","7.09","0.71","0.09","0.09","0.09","0.62","28.57","14.286","0.71","50","0.18","100","1.77","65","0.97","1.15","0","40.93","73.81","22.32","61.11","12.31","48.2","0.03","0","0","0","0.09","9.39","50","1.42","50","0.44","11.87","63.43"
"K. Conteh","England 4.","Bristol Rovers","RCMF, LCMF","22","0","","12","1014","0","0","England","right","177","7.63","5.24","77.97","4.08","47.83","0.27","5.88","0.62","0","0.03","0","0.62","0","0","0.27","33.33","0.62","85.71","2.49","42.86","0.62","0.53","0.09","25.56","83.68","9.41","76.42","1.86","52.38","0.03","0","0","0","0.09","4.17","85.11","0.62","71.43","0.44","3.99","66.67"
"H. Davies","England 4.","Crawley Town","GK","22","500000","","10","1012","0","0","England","right","190","2.49","0.18","50","0.98","90.91","0","4.24","0","0","0","0","0","0","0","0","0","0","0","0.36","100","0","0.18","0","35.13","83.04","20.99","73.31","13.96","60.51","0","0","0","0","0","7.03","62.03","0.71","12.5","0.09","10.58","80.67"
"A. Oluwo","England 4.","Salford City","CB","25","0","","11","1011","2","0","England","unknown","0","9.08","6.41","72.22","11.57","63.85","0.45","6.82","0.45","0.18","0.25","0.09","1.16","38.46","15.385","0","0","0","0","1.16","23.08","1.42","0.18","0","28.4","83.7","9.53","66.36","2.85","53.13","0.01","0","0","0","0.09","2.67","73.33","0.36","25","0.18","4.99","42.86"
"A. Pressley","England 4.","Walsall","CF","23","175000","","12","1010","4","0","Scotland","right","194","3.56","1.87","76.19","16.04","36.67","0.27","2.43","1.51","0.36","0.23","0.18","1.51","47.06","23.529","0.8","22.22","1.16","53.85","7.93","25.84","2.76","0.89","0.27","12.92","66.21","3.83","41.86","0.18","0","0.05","0","0","0","0.27","0.98","45.45","1.25","14.29","0.36","1.78","45"
"R. Smallwood","England 4.","Tranmere Rovers","RCMF, DMF, RDMF","34","125000","","11","1009","0","1","England","right","180","6.96","4.1","60.87","2.41","51.85","0.27","5.43","0.45","0","0.02","0","0.45","0","0","1.07","33.33","0.18","50","0.98","45.45","0.62","0","0","39.6","80.18","15.88","71.35","7.67","61.63","0.04","0.27","0.09","0","0.27","8.56","65.63","1.87","52.38","0.71","8.56","70.83"
"T. Perry","England 4.","Shrewsbury Town","RCMF, LCMF","24","400000","","12","1006","0","0","England","right","180","9.57","6.71","58.67","1.7","26.32","0.27","6.76","1.16","0","0.04","0","0.89","40","0","1.07","25","0.98","54.55","4.65","40.38","0.98","0.63","0.18","23.08","71.32","9.3","57.69","3.76","33.33","0.01","0.09","0","0","0.18","4.38","51.02","1.07","33.33","0.27","4.56","58.82"
"D. Ball","England 4.","Cambridge United","RDMF, DMF","30","400000","","10","1004","0","0","England","right","185","9.68","7.17","65","4.57","62.75","0.45","7.9","0.72","0","0.15","0","1.52","11.76","0","0.45","20","0.9","50","4.3","35.42","1.25","0.81","0","37.02","82.08","14.34","66.88","3.76","42.86","0","0","0","0","0","7.8","74.71","1.25","35.71","0.45","6.27","78.57"
"L. Kelly","England 4.","Milton Keynes Dons","DMF, LDMF, RCMF","29","300000","","12","1001","0","3","England","right","163","7.91","6.83","63.16","1.62","33.33","0","5.38","1.17","0","0.03","0","0.72","12.5","0","1.71","52.63","0.36","50","1.89","42.86","0.54","0.63","0","38.48","82.94","13.49","66","3.87","32.56","0.19","0","0.09","0","0.36","5.93","63.64","2.16","58.33","0.18","5.93","74.24"
"G. Smith","England 4.","Bromley","GK","31","0","","10","1001","0","0","England","left","185","1.26","0.18","100","0.54","83.33","0","1.49","0","0","0","0","0","0","0","0","0","0","0","0","0","0","0","0","16.81","71.12","14.39","67.5","13.04","64.83","0","0","0","0","0","9.35","67.31","0.45","0","0","9.8","87.16"
"D. Matthews","England 4.","Accrington Stanley","RCB, CB","25","0","2027-06-30","10","996","0","0","England","right","0","7.23","5.06","51.79","10.39","65.22","0.45","6.82","0.45","0","0.04","0","0.27","33.33","0","0.18","0","0.63","57.14","3.25","58.33","0.18","0.36","0","28.55","73.42","16.54","65.03","6.78","50.67","0","0","0","0","0","5.69","58.73","0.45","0","0","8.67","61.46"
"I. Sinclair","England 4.","Accrington Stanley","AMF","24","0","","11","995","2","0","England","right","0","5.7","3.71","63.41","5.79","39.06","0.36","4.63","1.63","0.18","0.09","0","0.99","36.36","18.182","1.63","27.78","1.36","60","7.96","44.32","1.45","0.63","0.18","20.26","70.98","7.33","62.96","1.72","73.68","0.03","0","0","0","0.18","3.35","67.57","1.45","43.75","0.81","3.08","73.53"
"M. Young","England 4.","Salford City","GK","18","0","","10","987","0","0","England","right","191","3.01","0","0","0.27","100","0","5.21","0.09","0","0","0","0","0","0","0","0","0","0","0.27","66.67","0.09","0","0","23.89","75.57","17.33","67.37","14.04","61.04","0","0","0.09","100","0","8.21","54.44","0.46","0","0.09","9.85","85.19"
"E. Khouri","England 4.","Grimsby Town","LCMF, LDMF","22","100000","2026-06-30","12","987","4","1","England","left","179","4.47","3.19","62.86","2.55","25","0.18","3.54","1.19","0.36","0.26","0","1.37","33.33","26.667","1.09","41.67","0.36","50","4.01","29.55","2.19","0.27","0","25.53","78.57","9.12","66","2.01","54.55","0.09","0","0.09","100","0.18","3.56","64.1","1.64","55.56","0.64","5.11","71.43"
"K. McFadzean","England 4.","Chesterfield","LCB","38","200000","","10","984","1","0","England","right","185","7.68","4.39","70.83","5.49","73.33","0.27","8.31","0.91","0.09","0.05","0.09","0.46","80","20","0.09","100","0.55","83.33","1.28","64.29","0.55","0.09","0","54.88","84.5","20.03","68.04","10.34","53.98","0","0","0","0","0","9.42","67.96","0.64","42.86","0.27","9.51","67.31"
"A. Jude-boyd","England 4.","Cheltenham Town","RB, RWB","22","0","","12","983","0","1","England","unknown","0","6.96","6.78","56.76","5.31","55.17","0.18","3.68","1.74","0","0.02","0","0.64","14.29","0","2.75","36.67","2.56","25","5.68","25.81","0.92","1.28","0.09","27.01","65.76","11.26","57.72","6.04","48.48","0.06","0","0","0","0.18","5.04","54.55","2.93","34.38","0.09","6.78","67.57"
"T. Barkhuizen","England 4.","Barrow","RWB, LWB, RB","32","450000","","11","981","0","2","England","right","179","7.52","5.5","53.33","5.41","40.68","0.55","5.3","3.67","0","0.05","0","0.73","12.5","0","3.39","40.54","3.03","72.73","4.95","57.41","2.2","2.48","0.46","26.7","70.79","7.61","59.04","2.39","38.46","0.13","0","0.09","0","0.46","2.48","51.85","2.94","53.13","0.46","5.5","65"
"Z. Medley","England 4.","Fleetwood Town","LCB, LWB","25","400000","","10","974","0","0","England","left","195","9.43","4.62","62","5.54","45","1.11","9.9","1.48","0","0.05","0","0.55","16.67","0","2.59","17.86","1.57","58.82","4.53","36.73","0.55","1.57","0","35.57","73.51","17.56","70.53","7.21","53.85","0.01","0","0.09","0","0.09","6.47","58.57","2.49","37.04","0.28","9.43","70.59"
"S. Kaikai","England 4.","Cambridge United","LAMF, AMF, RAMF","30","250000","","11","972","1","2","Sierra Leone","right","182","4.54","4.07","54.55","1.48","31.25","0","3.5","2.78","0.09","0.12","0","2.31","16","4","2.59","17.86","4.35","42.55","10.65","33.04","3.43","2.22","0.28","22.5","69.14","6.57","63.38","2.04","40.91","0.31","0","0.09","100","0.65","1.94","80.95","2.41","50","0.93","3.43","56.76"
"E. Bonds","England 4.","Fleetwood Town","RCMF, LCMF, DMF","25","275000","","10","967","2","3","England","right","179","11.26","8.66","74.19","2.61","39.29","0.56","5.92","1.49","0.19","0.1","0","0.74","25","25","0.93","60","1.86","35","8.56","25","0.65","0.56","0.19","29.69","77.43","10.24","57.27","2.42","46.15","0.2","0","0.09","100","0.65","5.31","63.16","1.4","53.33","0.28","6.33","69.12"
"I. Odutayo","England 4.","Bromley","LCB, LB","22","0","","12","966","1","1","England","left","185","7.36","5.4","62.07","4.66","46","0.47","5.94","1.02","0.09","0.05","0","0.28","33.33","33.333","1.77","42.11","0.28","66.67","3.35","47.22","0.56","1.86","0.19","30.19","67.9","17.7","59.47","7.36","45.57","0.03","0","0","0","0.19","8.76","53.19","1.86","40","0.19","9.13","76.53"
"J. Marquis","England 4.","Shrewsbury Town","CF, AMF, LWF","33","150000","2026-06-30","12","965","1","0","England","right","185","1.77","2.33","32","5.32","26.32","0","1.43","1.12","0.09","0.2","0.09","1.4","26.67","6.667","0.37","25","1.03","54.55","5.78","27.42","2.24","0.84","0.37","17.72","75.26","3.54","47.37","0.75","62.5","0.02","0","0.09","100","0.19","1.77","52.63","0.93","50","0.37","1.31","85.71"
"E. Bishop","England 4.","Colchester United","LDMF, RDMF, LCMF","29","250000","2026-06-30","12","954","0","0","England","right","178","7.74","6.04","65.63","1.6","29.41","0.28","5.28","2.17","0","0.03","0","0.66","28.57","0","0.94","50","1.7","83.33","7.55","61.25","0.94","1.79","0.19","46.6","86.64","12.92","71.53","2.83","36.67","0.07","0.09","0.19","50","0.09","5.66","68.33","1.51","50","0.57","5.09","87.04"
"O. Sowunmi","England 4.","Bromley","RCB, CB","29","175000","","10","949","2","0","England","right","198","8.44","4.17","79.55","10.24","66.67","1.04","7.5","1.04","0.19","0.21","0.09","1.42","33.33","13.333","0.28","66.67","0.38","100","1.33","57.14","1.99","0.47","0","21.24","60.71","12.9","52.94","5.41","40.35","0","0","0","0","0","5.5","51.72","0.76","25","0.09","7.3","62.34"
"B. Purrington","England 4.","Cambridge United","LB","29","400000","2026-06-30","10","948","0","0","England","left","184","9.59","6.08","75","6.08","46.88","0.19","7.04","1.14","0","0.03","0","0.28","0","0","2.47","26.92","0.66","71.43","2.09","54.55","0.95","0.19","0","36.55","69.35","18.04","56.84","6.93","39.73","0.05","0","0","0","0.09","7.88","40.96","2.28","25","0.19","7.59","68.75"
"C. Vernam","England 4.","Grimsby Town","LW","29","150000","2026-06-30","12","945","4","4","England","right","170","2.67","2.29","54.17","3.05","43.75","0","2.68","7.24","0.38","0.19","0","2.86","40","13.333","3.9","48.78","6.19","67.69","10.19","48.6","4.19","3.43","0.19","29.33","80.52","6.38","68.66","1.81","52.63","0.25","0","0","0","1.14","2.1","81.82","3.33","68.57","1.14","4.76","84"
"P. Mpanzu","England 4.","Cambridge United","LDMF, AMF, LCMF","31","1500000","2027-06-30","12","944","1","0","England","right","175","6.96","4.67","75.51","3.53","37.84","0.1","5.1","0.76","0.1","0.05","0","0.95","10","10","0.86","22.22","0.86","44.44","6.01","41.27","1.81","0.38","0","28.51","78.6","9.82","61.17","2","52.38","0.02","0","0.1","100","0","3.24","70.59","1.53","62.5","0.86","4.29","73.33"
"C. Lakin","England 4.","Walsall","LCMF","26","100000","2026-06-30","11","940","1","1","England","left","183","8.62","6.32","59.09","1.15","41.67","0.38","5.29","1.44","0.1","0.15","0","1.44","26.67","6.667","1.44","40","0.86","55.56","4.31","33.33","1.72","0.48","0.19","20.2","60.66","8.62","42.22","3.73","23.08","0.08","0","0.1","0","0.38","4.12","41.86","1.44","60","0.38","4.69","55.1"
"K. Green","England 4.","Grimsby Town","RCMF","28","125000","2027-06-30","10","937","3","1","England","right","175","6.72","3.65","76.32","8.84","44.57","0.48","6.87","2.59","0.29","0.23","0.1","1.34","57.14","21.429","2.69","39.29","1.44","53.33","6.34","36.36","3.27","1.25","0.19","27.37","61.05","7.59","41.77","2.69","32.14","0.04","0","0","0","0.29","2.79","48.28","2.5","46.15","0.96","4.51","61.7"
"N. Méndez-Laing","England 4.","Milton Keynes Dons","LWF, CF, LAMF","33","400000","2026-06-30","11","933","2","1","England","right","180","5.5","4.24","65.91","2.12","22.73","0","3.26","6.17","0.1","0.21","0","1.25","61.54","15.385","4.63","39.58","5.21","68.52","9.65","50","3.57","3.28","0.39","29.9","64.52","8.49","57.95","1.83","31.58","0.15","0","0","0","0.77","3.67","42.11","4.15","53.49","0.77","5.4","78.57"
"E. Taylor","England 4.","Harrogate Town","RAMF, AMF, RW","22","200000","2027-06-30","11","925","1","0","England","left","182","6.23","4.18","62.79","7.2","31.08","0.19","4.17","1.95","0","0.16","0","1.17","33.33","8.333","1.85","26.32","2.63","40.74","6.42","28.79","1.65","1.17","0.1","22.77","69.23","6.62","51.47","2.72","53.57","0.15","0","0","0","0.49","3.02","51.61","1.75","38.89","0.49","3.31","73.53"
"E. Nevitt","England 4.","Gillingham","CF, LAMF, AMF","28","225000","","12","922","1","0","England","right","183","4","4.1","57.14","7.61","29.49","0","2.18","0.98","0.1","0.16","0","1.76","16.67","5.556","1.56","6.25","1.37","42.86","6.64","23.53","3.51","0.59","0","14.15","71.72","1.95","60","0.49","40","0.03","0.1","0","0","0.1","0.88","55.56","0.59","50","0.29","0.78","87.5"
"J. Brophy","England 4.","Cambridge United","RAMF, LAMF, RW","31","400000","","12","920","3","2","England","left","180","5.77","5.09","57.69","2.45","32","0.1","4.4","2.54","0.29","0.14","0","1.27","38.46","23.077","2.74","42.86","2.54","34.62","6.36","26.15","1.86","1.37","0.1","32.09","75.61","10.08","64.08","3.03","45.16","0.2","0","0","0","0.49","3.03","54.84","4.11","54.76","1.37","6.07","82.26"
"T. Sang","England 4.","Shrewsbury Town","RWB, RCMF, RWF","26","250000","","11","918","0","1","England","right","188","9.8","6.57","65.67","2.55","42.31","0.2","6.58","1.76","0","0.02","0","0.59","16.67","0","2.35","16.67","1.76","66.67","5.88","31.67","1.08","1.27","0.1","28.24","60.76","12.94","50","5.39","41.82","0.08","0","0.1","100","0.1","6.18","55.56","3.04","22.58","0.39","6.96","66.2"
"W. Wright","England 4.","Swindon Town","RCB","28","275000","","9","917","1","0","England","right","191","8.74","4.51","76.09","5.01","54.9","0.39","7.9","1.08","0","0.1","0","0.69","57.14","14.286","2.36","25","0.1","100","0.69","28.57","0.29","0.79","0","49.07","79.6","24.14","71.54","9.62","43.88","0.02","0.2","0","0","0","10.99","66.96","3.63","48.65","0.98","11.48","74.36"
"J. Connolly","England 4.","Crewe Alexandra","RCB","23","375000","2026-06-30","11","914","0","0","England","right","185","8.86","5.22","73.58","10.34","61.9","0.89","7.54","0.2","0","0.11","0","0.49","20","0","0.1","100","0","0","0.98","70","1.18","0.39","0","35.05","76.97","18.12","65.76","7.98","53.09","0.01","0","0","0","0.1","5.91","53.33","0.59","33.33","0.2","8.57","60.92"
"M. Helm","England 4.","Fleetwood Town","AMF, RCMF, LCMF","23","325000","","12","909","1","0","England","right","173","5.15","3.56","52.78","3.56","47.22","0.2","4.2","2.18","0.1","0.12","0","1.09","45.45","9.091","1.49","33.33","2.38","50","7.43","41.33","2.28","2.18","0","31.19","81.27","8.42","65.88","3.37","38.24","0.04","0","0","0","0.3","4.06","60.98","2.18","45.45","0.89","3.56","63.89"
"J. Grant","England 4.","Salford City","LCMF, DMF","30","400000","","11","907","1","1","England","right","175","7.84","5.36","59.26","1.98","30","0.2","7.46","0.79","0.1","0.05","0","0.69","42.86","14.286","0.5","20","0.6","50","4.37","50","0.99","0.4","0","35.03","79.6","12.9","60.77","4.86","53.06","0.02","0","0.1","100","0.1","6.95","62.86","1.79","50","0.89","5.56","75"
"C. Norman","England 4.","Tranmere Rovers","RWB, RB","29","225000","","11","906","1","2","England","right","188","6.16","4.27","65.12","7.65","55.84","0.3","4.74","3.58","0.1","0.11","0","0.3","33.33","33.333","4.37","43.18","2.38","66.67","4.87","57.14","1.99","1.39","0.2","30.79","62.9","13.91","50.71","7.05","39.44","0.13","0","0.1","0","0.5","7.25","43.84","4.17","42.86","0.7","9.34","76.6"
"M. Clark","England 4.","Gillingham","LB, LWB","29","175000","","10","905","1","1","England","left","179","10.44","5.87","71.19","3.08","58.06","0.5","9.2","1.59","0","0.1","0","0.6","33.33","16.667","3.08","29.03","0.4","100","2.19","50","0.6","0.6","0","32.32","60.31","17.2","53.18","12.03","39.67","0.16","0","0.1","100","0.4","9.55","46.88","4.67","40.43","1.19","11.14","71.43"
"R. McDonald","England 4.","Notts County","CB, LCB","33","100000","2026-06-30","9","904","0","0","England","left","191","7.07","2.99","80","6.17","61.29","0.6","7.27","0.3","0","0.05","0","0.2","100","0","0.3","33.33","0","0","1.1","63.64","0.5","0.4","0","48.58","81.35","18.42","60.54","8.26","36.14","0","0","0","0","0","4.98","32","0.9","22.22","0.1","8.26","48.19"
"T. Iorpenda","England 4.","Notts County","AMF, RWF, LCMF","20","0","","11","902","0","2","England","right","190","6.19","6.09","63.93","3.69","43.24","0.1","2.92","3.09","0","0.2","0","2","45","0","2","15","3.79","47.37","10.98","41.82","2.59","2.39","1","27.14","80.88","7.58","69.74","1.9","36.84","0.14","0.1","0.2","50","0.3","3.29","63.64","1.7","35.29","0.6","2.79","71.43"
"E. Weir","England 4.","Walsall","LCB","23","100000","","10","902","3","0","Republic of Ireland","left","185","7.28","4.49","75.56","3.69","64.86","0.3","3.98","1.9","0.3","0.03","0","0.9","44.44","33.333","2.2","40.91","0.9","66.67","2.79","35.71","0.4","1.2","0.1","25.74","61.63","15.37","57.79","8.18","42.68","0.25","0.1","0","0","0.4","6.09","47.54","2.89","44.83","0.5","7.58","64.47"
"B. Ward","England 4.","Accrington Stanley","LCB, CB","21","0","","9","897","0","0","England","left","188","11.94","7.22","73.61","8.83","65.91","0.6","10.26","0.9","0","0.03","0","0.4","0","0","1.3","61.54","0.3","33.33","3.31","42.42","0.3","0.6","0","38.33","73.82","19.57","59.49","10.54","43.81","0.04","0","0","0","0.4","8.53","47.06","2.01","50","0.2","9.93","65.66"
"M. Reindorf","England 4.","Newport County","CF, LAMF","20","0","","12","897","0","0","England","","0","3.91","4.52","60","5.12","27.45","0.1","1.71","2.31","0","0.13","0","1.2","33.33","0","1.4","28.57","3.51","42.86","13.24","21.21","1.4","1.4","0.1","15.55","74.19","3.81","57.89","1.3","61.54","0.05","0","0.1","0","0.1","1.3","69.23","1.4","35.71","0.2","2.51","68"
"H. Ogunneye","England 4.","Newport County","RB","19","200000","","10","894","1","0","England","right","0","7.95","7.05","57.14","3.02","33.33","0.2","5.37","0.7","0.1","0.01","0","0.1","100","100","0.7","28.57","1.11","36.36","5.03","52","0.4","1.61","0.2","25.17","74.8","10.77","62.62","3.02","36.67","0","0","0","0","0","4.73","63.83","1.11","18.18","0.1","5.54","67.27"
"G. Kilkenny","England 4.","Swindon Town","LCMF, DMF, RCMF","25","300000","2026-06-30","10","885","1","1","Republic of Ireland","right","175","7.42","6.92","52.94","2.03","35","0.1","5.32","1.12","0.1","0.01","0","0.61","33.33","16.667","0.81","37.5","1.32","46.15","6.31","32.26","0.31","1.53","0.1","43.42","84.31","12.31","71.9","3.05","33.33","0.02","0.2","0.1","0","0.2","6.31","62.9","1.53","26.67","0.2","5.59","72.73"
"A. Drinan","England 4.","Swindon Town","CF, AMF","27","175000","2026-06-30","10","883","8","1","Republic of Ireland","right","182","3.87","3.77","62.16","6.63","43.08","0.1","2.41","3.36","0.82","0.52","0.2","2.75","55.56","29.63","1.94","26.32","2.75","44.44","7.54","28.38","3.98","1.22","0.61","19.88","67.18","5.1","54","0.92","22.22","0.05","0.1","0.1","100","0.2","1.43","35.71","1.63","37.5","0.41","1.83","38.89"
"R. Graydon","England 4.","Fleetwood Town","CF, RAMF","26","150000","","12","878","3","1","Republic of Ireland","right","188","3.9","3.38","54.55","9.12","50.56","0","2.95","2.15","0.31","0.19","0.1","1.85","33.33","16.667","1.74","29.41","2.77","37.04","8.61","23.81","3.18","0.82","0.51","14.25","67.63","4.2","48.78","0.41","75","0.08","0.1","0","0","0.31","1.03","50","2.05","60","1.03","2.05","65"
"V. Campbell","England 4.","Chesterfield","RB","24","275000","","11","875","0","1","England","right","183","8.33","6.27","59.02","2.47","62.5","0.1","8.05","2.57","0","0.01","0","0.1","0","0","3.19","38.71","2.37","56.52","4.32","52.38","0.82","1.44","0.31","37.95","75.88","11.83","60.87","5.66","32.73","0.08","0.1","0","0","0.51","4.63","46.67","2.57","52","0.31","7.92","71.43"
"T. Anderson","England 4.","Shrewsbury Town","CB, LCB","32","175000","","9","871","0","0","England","right","193","8.68","5.58","66.67","6.72","64.62","0.21","6.55","0.21","0","0.03","0","0.31","33.33","0","0","0","0.1","100","0.62","66.67","0.62","0.1","0","30.79","77.18","16.02","63.23","6.1","49.15","0","0","0","0","0","4.55","63.64","0.21","100","0.31","7.65","56.76"
"E. Newby","England 4.","Barrow","LWB, LB","29","200000","","12","870","0","1","England","right","177","5.38","4.66","71.11","3","44.83","0","2.32","6","0","0.04","0","0.72","42.86","0","5.28","35.29","5.28","72.55","9.72","52.13","1.66","3.1","0.31","27.72","66.42","8.38","55.56","2.17","23.81","0.21","0","0","0","0.41","2.48","45.83","4.55","47.73","0.52","5.38","65.38"
"J. Payne","England 4.","Colchester United","AMF","30","450000","2026-06-30","11","860","4","3","England","left","165","4.92","4.4","59.52","2.09","5","0.1","3.15","3.56","0.21","0.46","0","2.41","26.09","17.391","1.26","50","3.03","72.41","9.73","46.24","2.72","2.3","0","33.28","81.45","8.9","63.53","1.88","44.44","0.17","0.1","0.1","100","0.52","3.87","70.27","2.2","66.67","1.47","4.5","76.74"
"J. Snowdon","England 4.","Swindon Town","RWB, RB","21","0","","11","858","1","4","England","right","0","6.82","5.98","57.89","1.47","21.43","0","4.97","1.68","0.1","0.05","0","0.84","50","12.5","2.2","33.33","0.84","50","2.2","23.81","1.26","0.94","0.1","31.57","74.42","9.86","59.57","3.57","41.18","0.14","0","0.1","100","0.73","4.2","60","2.73","46.15","0.63","7.87","76"
"C. Stead","England 4.","Barnet","AMF, CF, LAMF","25","0","","11","855","1","0","England","","0","6.42","4.95","68.09","6.74","26.56","0","4.84","1.26","0.11","0.14","0","1.16","45.45","9.091","0.95","11.11","1.47","42.86","6.11","17.24","2.53","1.16","0","19.47","74.59","3.68","51.43","0.74","42.86","0.01","0","0","0","0","1.05","40","0.74","42.86","0.32","1.58","60"
"L. Kinsella","England 4.","Cheltenham Town","RCMF, RDMF","29","150000","","12","855","0","0","England","right","175","8.84","6.11","53.45","5.37","56.86","0.32","6.43","0.63","0","0.01","0","0.32","0","0","0.53","40","0.74","57.14","1.89","44.44","0.42","0.11","0","22.11","78.1","9.16","60.92","3.37","50","0.01","0","0","0","0","2.95","71.43","0.53","60","0.21","4.74","48.89"
"B. Kamwa","England 4.","Newport County","RAMF, LAMF, CF","25","0","","12","850","0","1","Cameroon","right","183","2.96","2.65","60","2.44","17.39","0","2.04","5.19","0","0.22","0","1.59","20","0","3.49","48.48","4.55","67.44","10.8","39.22","2.86","2.86","0.21","20.33","69.79","5.4","56.86","1.16","54.55","0.2","0","0.21","50","0.85","1.27","58.33","3.39","71.88","1.16","4.24","72.5"
"K. Cameron","England 4.","Bromley","CB, LCB","28","250000","","9","845","1","0","England","left","190","8.52","5.54","75","6.39","53.33","0.64","6.03","0.75","0.11","0.08","0.11","1.07","40","10","0.32","33.33","0.43","50","1.49","50","1.28","0.43","0","20.34","71.2","10.76","59.41","5.11","41.67","0.02","0","0","0","0","4.47","50","0.96","22.22","0.11","5.22","61.22"
"C. Agius","England 4.","Crewe Alexandra","LAMF","20","0","","10","843","2","1","Wales","unknown","0","5.44","5.66","58.49","3.42","25","0.43","3.11","1.17","0.21","0.16","0","0.96","44.44","22.222","0.64","16.67","1.28","50","5.23","48.98","1.92","0.75","0.11","17.19","75.78","4.06","47.37","1.92","33.33","0.09","0","0","0","0.21","1.71","62.5","0.85","25","0.21","2.67","64"
"L. Shipley","England 4.","Barrow","LCB","21","300000","","9","843","3","0","England","left","183","8.75","5.98","64.29","4.27","47.5","0.96","5.13","0.75","0.32","0.12","0.11","0.43","75","75","1.07","20","0.43","50","2.03","57.89","0.85","1.17","0.11","33.31","72.76","20.18","68.78","3.84","36.11","0","0","0","0","0.11","5.12","56.25","1.28","25","0.21","8.11","46.05"
"J. Williams","England 4.","Gillingham","AMF, LCMF, LDMF","32","250000","","10","840","1","0","England","left","168","6.75","4.5","66.67","4.18","33.33","0.21","3.79","1.18","0.11","0.06","0","0.75","28.57","14.286","1.61","40","0.75","42.86","5.14","39.58","0.96","1.07","0.11","27.54","74.32","9","53.57","4.07","42.11","0.1","0","0","0","0.32","3.21","36.67","2.04","57.89","0.75","4.29","75"
"Kacper Łopata","England 4.","Bristol Rovers","RCB, CB","24","225000","","9","839","0","0","Poland","right","195","9.33","5.26","83.67","10.51","57.14","0.64","7","0","0","0.11","0","0.43","0","0","0","0","0","0","0.75","42.86","0.86","0.43","0","32.93","78.5","14.59","60.29","6.76","46.03","0","0","0","0","0","5.47","43.14","0.97","33.33","0.21","6.87","57.81"
"T. Warren","England 4.","Grimsby Town","RCB","27","150000","2026-06-30","11","835","0","0","England","right","181","10.02","6.47","75","6.57","63.93","0.65","8.36","0","0","0.02","0","0.32","0","0","0.22","0","0.11","0","1.62","46.67","0.43","0.22","0","45.7","87.74","16.6","74.68","5.5","56.86","0.02","0","0","0","0.11","6.25","65.52","0.97","22.22","0.43","6.04","69.64"
"M. Ekpiteta","England 4.","Milton Keynes Dons","RCB, CB","30","700000","2027-05-31","10","833","0","0","England","right","193","8.86","5.19","79.17","8.21","65.79","0.65","6.77","0.22","0","0.04","0","0.43","25","0","0.22","50","0.11","0","0.86","50","0.65","0.43","0","34.79","82.61","13.29","68.29","4.65","44.19","0.06","0","0","0","0","3.24","40","0.54","20","0","4.54","57.14"
"J. Sweeney","England 4.","Grimsby Town","LB","23","125000","","10","826","2","0","England","left","173","8.39","5.01","71.74","3.16","58.62","0.22","8.09","1.53","0.22","0.12","0","1.09","50","20","1.09","40","0.54","80","3.05","39.29","1.74","0.87","0.11","39.55","84.85","13.73","70.63","2.83","53.85","0.03","0","0.11","100","0.22","4.79","75","1.85","52.94","0.65","6.54","65"
"T. Naylor","England 4.","Chesterfield","RDMF, LDMF","34","0","","12","816","2","0","England","right","181","7.61","4.08","62.16","5.85","54.72","0.22","8.66","0.99","0.22","0.04","0.22","0.44","50","50","0.55","20","0.33","66.67","2.65","50","0.77","0.55","0","46.76","80.9","16.54","62","5.85","47.17","0.04","0","0.44","100","0.22","9.15","65.06","1.65","40","0.44","7.94","72.22"
"L. Thomas","England 4.","Bristol Rovers","RW, LWF, AMF","26","500000","2026-06-30","11","814","2","0","England","left","171","7.74","7.85","66.2","2.65","12.5","0","4.23","2.43","0.22","0.13","0","0.33","66.67","66.667","2.99","25.93","2.21","65","6.86","33.87","1.55","0.77","0","21.45","65.98","6.86","46.77","2.99","44.44","0.08","0","0.22","0","0.33","3.1","57.14","4.75","39.53","1.33","4.2","73.68"
"A. Nemane","England 4.","Milton Keynes Dons","LB, RWB, RW","28","250000","","11","812","1","0","France","right","170","7.43","5.65","56.86","4.66","40.48","0.33","5.16","3.33","0.11","0.06","0","0.55","60","20","1.33","58.33","3.33","66.67","6.76","54.1","1","1.11","0.33","23.05","72.12","9.86","50.56","4.54","51.22","0.05","0.11","0","0","0.33","4.32","53.85","1.88","58.82","0.78","5.65","76.47"
"M. Fondop-Talum","England 4.","Oldham Athletic","CF, RAMF","31","0","","11","810","1","0","Cameroon","left","190","5.89","3.56","53.13","13.11","56.78","0.44","5.83","1.33","0.11","0.24","0.11","2.11","31.58","5.263","0.67","16.67","0.78","71.43","8.67","33.33","3.44","0.89","0","19.78","73.03","4.44","60","0.44","50","0.02","0","0","0","0.33","2","61.11","0.78","28.57","0.22","1.78","62.5"
"H. Burke","England 4.","Walsall","RCB","23","0","","9","809","1","0","England","","0","6.45","4","63.89","6.9","54.84","0.44","4.61","0.56","0.11","0.2","0.11","0.89","12.5","12.5","0.78","14.29","0.56","60","1.89","52.94","1.45","0.44","0","22.69","62.75","13.57","55.74","5.78","40.38","0","0","0","0","0","6.23","53.57","0.78","42.86","0.22","6.79","57.38"
"N. Kenneh","England 4.","Tranmere Rovers","LCMF, LDMF","22","600000","","10","803","0","1","Liberia","right","190","9.86","5.27","61.7","6.05","50","0.45","8.47","0.45","0","0.01","0","0.45","25","0","0.45","50","0.22","50","4.37","38.46","0.34","0.22","0","23.42","72.25","9.19","62.2","2.35","52.38","0.04","0.11","0","0","0.11","3.92","54.29","0.78","42.86","0.34","5.16","58.7"
"M. Ifill","England 4.","Bromley","RWB, RB","21","0","","11","800","0","0","England","left","0","9.68","7.87","60","2.36","33.33","0.11","6.8","3.6","0","0.06","0","0.9","12.5","0","3.83","26.47","4.05","61.11","7.31","52.31","2.36","2.25","0.34","26.1","58.19","10.35","46.74","6.3","50","0.03","0","0.11","0","0.11","5.96","52.83","3.94","22.86","0.68","6.86","65.57"
"J. Earing","England 4.","Barrow","LCMF, RCMF","26","100000","","11","798","1","1","England","right","182","5.08","3.72","69.7","3.27","48.28","0.34","2.7","0.9","0.11","0.14","0","1.02","44.44","11.111","0.34","33.33","0.9","37.5","4.06","38.89","1.47","0.68","0","23.68","79.05","8.46","62.67","2.82","36","0.02","0","0","0","0.11","2.93","53.85","0.79","42.86","0.45","4.06","41.67"
"R. Hunt","England 4.","Colchester United","RB, LB","30","200000","2026-06-30","10","798","0","0","England","right","171","5.41","4.85","55.81","2.93","57.69","0.45","4.9","0.56","0","0.01","0","0.23","0","0","1.13","20","0.34","100","1.58","64.29","0.79","0.68","0.23","37.22","80","16.92","70.67","4.51","47.5","0","0","0.11","0","0","5.75","80.39","1.24","45.45","0.45","8.91","70.89"
"O. Wright","England 4.","Accrington Stanley","GK","22","0","","8","793","0","0","England","","187","0.91","0","0","0.23","100","0","1.36","0","0","0","0","0","0","0","0","0","0","0","0.11","100","0","0","0","20.54","80.11","13.17","69.83","11.69","66.99","0","0","0","0","0","4.54","60","0.23","0","0","8.17","81.94"
"C. Antwi","England 4.","Newport County","AMF, RCMF, RDMF","24","50000","2026-06-30","12","791","0","0","England","right","177","5.01","3.98","68.57","4.1","30.56","0.23","2.84","0.91","0","0.24","0","0.68","33.33","0","0.68","16.67","0.68","83.33","4.44","35.9","1.25","0.23","0","19.34","79.41","5.69","66","1.14","40","0.04","0.11","0","0","0.11","2.62","60.87","0.57","40","0.34","2.39","76.19"
"A. Hartigan","England 4.","Barnet","LCMF, DMF, LDMF","25","0","","11","791","0","2","England","right","178","6.26","4.44","58.97","2.05","33.33","0","5.63","0.68","0","0.02","0","0.46","25","0","1.02","44.44","0.23","50","1.37","41.67","0","0.46","0","47.1","85.51","17.86","72.61","4.78","40.48","0.16","0","0","0","0.23","9.56","70.24","1.93","52.94","0.68","8.31","86.3"
"I. Hutchinson","England 4.","Cheltenham Town","LCMF, AMF","25","500000","","12","791","4","1","England","right","178","6.37","6.37","58.93","3.19","35.71","0.11","3.48","2.05","0.46","0.32","0","2.73","29.17","16.667","1.14","40","1.93","41.18","6.83","33.33","1.48","1.71","0.11","27.76","81.56","8.31","72.6","2.39","57.14","0.06","0","0.11","0","0.34","3.87","67.65","1.82","68.75","0.68","4.21","81.08"
"N. Ofoborh","England 4.","Barnet","LCMF, DMF","25","200000","","10","789","2","1","England","right","175","7.76","4.79","59.52","5.82","54.9","0.57","9.09","1.83","0.23","0.04","0","1.37","41.67","16.667","0.34","33.33","2.74","41.67","7.41","40","0.68","0.68","0.11","39.47","79.19","16.2","65.49","4.45","41.03","0.04","0.11","0","0","0.23","7.19","61.9","2.28","45","1.03","7.3","73.44"
"D. Markanday","England 4.","Chesterfield","RAMF","24","400000","","12","780","2","0","England","left","167","6.35","5.31","73.91","1.73","13.33","0.23","4.5","4.62","0.23","0.17","0.12","2.08","16.67","11.111","2.54","31.82","5.77","58","11.31","48.98","3.58","2.88","0.23","30.58","69.81","11.42","63.64","3.35","37.93","0.08","0.12","0.35","33.33","0.35","5.42","51.06","2.65","43.48","0.92","4.62","72.5"
"T. Wilson-Brown","England 4.","Swindon Town","LCB, CB","21","0","","11","779","0","0","England","left","194","7.74","5.43","70.21","11.32","59.18","0.58","5.76","0.23","0","0.03","0","0.35","66.67","0","0.46","0","0","0","0.23","50","0.58","0.35","0","38.82","77.68","16.29","58.87","7.16","37.1","0.03","0","0","0","0.12","6.7","60.34","1.04","22.22","0.58","9.13","51.9"
"P. Omochere","England 4.","Bristol Rovers","CF, RW, RWF","24","225000","2027-06-30","9","779","1","0","Republic of Ireland","right","188","2.77","1.62","64.29","16.41","43.66","0.12","2.45","2.43","0","0.46","0","2.08","27.78","5.556","0.35","33.33","3.81","45.45","12.94","32.14","3.35","1.04","0.23","12.59","70.64","3","61.54","0.35","33.33","0.03","0","0","0","0.35","1.5","53.85","0.35","66.67","0.69","2.08","61.11"
"L. Cass","England 4.","Harrogate Town","RB","25","175000","","8","778","0","1","England","right","186","8.44","4.63","70","7.75","53.73","0.23","6","2.08","0","0.03","0","0.35","0","0","2.08","33.33","1.39","100","2.78","70.83","0.93","0.93","0","27.99","60.33","13.53","46.15","4.74","29.27","0.04","0","0","0","0.35","3.82","39.39","1.27","45.45","0.12","8.1","45.71"
"M. Southam-Hales","England 4.","Bristol Rovers","RB, RWB","29","0","","10","778","1","0","Wales","right","175","8.1","5.78","64","3.82","54.55","0.35","6.65","1.74","0.12","0.02","0","0.23","50","50","2.54","40.91","1.04","55.56","2.78","50","0.81","0.58","0.23","28.57","69.64","11.57","51","4.28","37.84","0.08","0.12","0","0","0.23","3.59","61.29","2.31","40","0.12","6.83","67.8"
"D. Oldaker","England 4.","Swindon Town","LCMF, AMF","26","0","","11","775","1","2","England","right","176","4.18","3.02","69.23","2.21","31.58","0","3.12","1.28","0.12","0.1","0","0.81","28.57","14.286","0.58","40","1.39","33.33","5.46","40.43","0.93","0.35","0","28.45","78.78","8.59","64.86","2.67","39.13","0.1","0.12","0.46","75","0.58","5.34","65.22","1.39","66.67","0.81","5.34","71.74"
"T. Nichols","England 4.","Swindon Town","RCMF","32","200000","","10","767","1","0","England","right","178","10.56","8.57","60.27","3.29","46.43","0","5.93","0.59","0.12","0.03","0","0.35","66.67","33.333","0.59","20","0.59","40","2.7","47.83","1.06","0.47","0.12","31.1","75.09","11.62","57.58","3.4","44.83","0.03","0.12","0","0","0","4.69","62.5","1.29","36.36","0.94","6.57","57.14"
"S. Aljofree","England 4.","Notts County","RCB","20","0","","9","767","1","0","England","right","0","7.16","5.05","67.44","7.39","42.86","0","6.4","0.23","0.12","0.1","0","0.47","25","25","0.35","33.33","0","0","0.94","37.5","0.7","0.59","0.23","41.42","80.45","18.77","65.63","4.69","32.5","0","0.35","0","0","0","5.63","47.92","0.59","40","0.35","7.74","62.12"
"J. Jones","England 4.","Notts County","AMF, LWB, CF","27","325000","2027-06-30","10","766","1","1","England","left","177","2.94","2.58","63.64","2","23.53","0","2.12","6.11","0","0.13","0","1.53","30.77","7.692","4.82","36.59","5.76","65.31","11.63","47.47","0.94","3.29","0.47","28.79","68.98","8.69","56.76","3.05","30.77","0.1","0.12","0.12","100","0.12","4.58","58.97","5.05","53.49","0.94","5.87","78"
"M. Dennis","England 4.","Notts County","CF","23","125000","","10","765","6","1","England","right","186","2.71","2.35","60","6.24","18.87","0","1.97","2.47","0.71","0.35","0.24","1.65","71.43","42.857","0.12","0","1.76","66.67","8.47","30.56","2.47","1.06","0.59","11.29","81.25","1.06","55.56","0","0","0.1","0","0.12","100","0.12","0.47","25","0","0","0.24","0.24","50"
"K. Tshimanga","England 4.","Crawley Town","CF","28","150000","","11","764","1","0","Congo DR","right","180","2.36","2.95","56","5.54","8.51","0.12","1.38","0.82","0.12","0.34","0","1.18","30","10","0.35","33.33","0.59","60","5.77","24.49","2.24","0.24","0","9.42","71.25","2.47","57.14","0.59","60","0.01","0","0","0","0.24","0.94","62.5","0.71","33.33","0.35","1.18","70"
"O. Lunt","England 4.","Crewe Alexandra","AMF, RDMF","21","0","2026-06-30","10","760","0","2","England","right","177","7.7","7.58","60.94","2.72","30.43","0.12","4.29","1.3","0","0.06","0","0.71","33.33","0","0.59","40","1.18","60","6.75","50.88","1.66","0.83","0.12","19.42","75.61","7.46","65.08","1.18","50","0.09","0","0.12","100","0.36","2.61","63.64","0.59","60","0.36","2.37","80"
"B. Woodburn","England 4.","Salford City","RCMF, CF, DMF","25","500000","","12","756","2","1","England","right","174","6.55","6.67","57.14","2.86","25","0","3.99","1.31","0.24","0.16","0","1.43","25","16.667","1.43","25","1.79","33.33","5.12","32.56","1.9","1.19","0","30.71","74.42","9.88","62.65","4.05","44.12","0.13","0.12","0","0","0.6","5.12","51.16","2.74","47.83","1.43","4.64","71.79"
"R. Hepburn-Murphy","England 4.","Milton Keynes Dons","RWF, LW, RAMF","27","175000","2026-06-30","11","755","3","0","England","right","173","5.36","5.48","54.35","3.34","35.71","0","3.21","5.25","0.36","0.16","0","1.31","54.55","27.273","3.46","24.14","6.44","55.56","14.78","41.13","4.41","3.22","0.83","18.6","65.38","3.1","46.15","0.24","50","0.02","0","0.36","33.33","0.12","1.31","72.73","2.5","38.1","0.36","2.38","75"
"W. Collar","England 4.","Milton Keynes Dons","RCMF, RDMF, RWF","28","350000","","12","751","1","1","England","right","178","5.03","4.55","52.63","4.55","31.58","0.24","4.04","0.72","0.12","0.11","0","0.48","75","25","0.24","50","0.48","50","2.64","31.82","1.08","0.6","0.12","22.29","72.58","7.19","50","2.16","33.33","0.07","0","0","0","0.12","2.64","50","1.08","44.44","0.48","2.28","57.89"
"F. Cavegn","England 4.","Bristol Rovers","CF, LW","23","0","2028-06-30","11","750","3","0","Switzerland","","178","3.48","4.2","54.29","2.64","13.64","0","1.94","1.44","0.36","0.22","0","1.2","40","30","0.84","0","2.76","34.78","7.8","24.62","2.28","1.08","0.24","8.52","69.01","1.2","70","0.24","50","0.02","0","0","0","0.12","0.6","80","0.6","40","0.36","0.72","66.67"
"L. Bonis","England 4.","Chesterfield","CF","26","300000","2026-06-30","12","750","1","0","Northern Ireland","right","186","4.2","3.6","43.33","11.4","34.74","0.12","4.47","0.84","0.12","0.21","0","1.56","46.15","7.692","0.24","0","0.36","33.33","4.68","12.82","3.24","0.48","0","10.68","76.4","2.4","50","0","0","0.05","0","0","0","0.24","0.84","42.86","0.6","40","0.6","0.24","100"
"L. Hoole","England 4.","Shrewsbury Town","RWB, RCB","23","200000","2026-06-30","10","748","0","0","England","right","178","10.47","7.7","57.81","5.66","65.96","0.12","7.46","1.93","0","0.04","0","0.36","66.67","0","1.68","42.86","1.68","57.14","3.85","50","1.56","1.56","0.24","25.75","67.76","12.51","60.58","4.81","52.5","0","0","0","0","0.24","4.93","58.54","2.05","35.29","0.6","7.1","64.41"
"K. Whitmore","England 4.","Newport County","LCMF, DMF, AMF","24","0","","9","740","2","0","England","","0","6.2","6.69","54.55","1.58","30.77","0.12","3.44","2.92","0.24","0.19","0","1.82","20","13.333","0.97","25","4.01","57.58","9.24","42.11","1.95","1.46","0.12","17.88","67.35","8.76","55.56","2.8","30.43","0.01","0","0","0","0","4.38","63.89","1.58","30.77","0.49","4.14","67.65"
"M. Morrison","England 4.","Cambridge United","RCB","37","100000","","8","736","0","0","England","right","185","8.32","4.16","76.47","10.76","53.41","0.24","7.5","0.12","0","0.03","0","0.37","33.33","0","0.12","0","0","0","0.73","66.67","0.61","0.73","0","28.74","75.74","13.7","61.61","4.89","42.5","0","0","0","0","0","4.04","42.42","0.73","33.33","0.24","6.36","59.62"
"N. Tsaroulla","England 4.","Notts County","LWB, RWB, LW","26","250000","2026-06-30","9","732","2","1","England","left","173","6.15","5.41","68.18","2.95","41.67","0.12","3.21","2.09","0.25","0.14","0","1.48","33.33","16.667","2.09","29.41","2.09","47.06","7.87","31.25","1.72","1.72","0.12","40.45","75.99","14.39","63.25","3.69","33.33","0.1","0","0","0","0.25","5.66","58.7","2.95","45.83","0.86","6.89","67.86"
"J. Wilson","England 4.","Cheltenham Town","LCB, RCB","36","75000","","8","728","0","0","Wales","right","189","9.4","3.59","86.21","5.69","63.04","0.99","9.22","0.12","0","0","0","0","0","0","0.37","33.33","0","0","0.74","33.33","0.25","0.12","0.12","29.92","71.07","16.2","59.54","8.53","49.28","0.02","0","0","0","0.12","7.79","44.44","0.87","14.29","0.25","7.79","65.08"
"T. Mullarkey","England 4.","Fleetwood Town","RCB, RB","29","200000","2026-06-30","8","727","0","0","England","right","193","7.8","3.47","64.29","4.21","64.71","0.99","7.96","1.24","0","0","0","0.25","0","0","1.73","42.86","0.74","66.67","2.1","41.18","0.87","1.73","0","32.93","75.19","15.35","63.71","4.58","37.84","0.05","0","0.12","0","0","5.2","52.38","2.1","41.18","0.37","7.8","65.08"
"L. Warrington","England 4.","Walsall","DMF","23","500000","2026-06-30","11","727","0","0","England","right","182","7.92","6.44","61.54","3.84","41.94","0","3.67","0.62","0","0.02","0","0.62","20","0","0.37","100","0.25","50","2.23","27.78","0.25","0.12","0","29.71","81.25","9.04","69.86","3.59","51.72","0.02","0.12","0","0","0","3.84","67.74","0.74","50","0.25","4.95","55"
"L. Hannant","England 4.","Oldham Athletic","LW, LAMF, AMF","31","0","","12","724","1","0","England","right","180","5.84","3.23","65.38","2.98","41.67","0.37","5.29","3.23","0","0.28","0","1.62","38.46","7.692","4.1","36.36","2.24","50","5.97","52.08","2.24","1.62","0.37","30.83","72.98","9.7","60.26","4.1","54.55","0.1","0.12","0","0","0.62","4.1","60.61","4.23","47.06","0.99","6.59","83.02"
"J. Andrews","England 4.","Gillingham","CF","23","225000","","11","723","2","0","England","right","196","3.61","2.86","52.17","27.14","44.5","0","2.96","1","0.25","0.31","0.25","2.37","36.84","10.526","0.12","0","0.25","50","6.35","25.49","2.99","0.75","0","11.95","57.29","2.61","38.1","0.37","0","0.05","0","0","0","0","1.24","30","1.37","27.27","0.5","1.24","60"
"D. Burns","England 4.","Grimsby Town","RW","23","175000","","11","722","0","0","Republic of Ireland","left","176","5.11","4.99","47.5","4.61","32.43","0","4.85","4.86","0","0.14","0","1.5","8.33","0","3.61","44.83","5.36","53.49","11.09","37.08","1.87","1.5","0.25","25.3","71.92","8.48","61.76","2.99","45.83","0.18","0.25","0.37","66.67","0.87","2.74","72.73","4.36","65.71","1.87","7.23","72.41"
"D. Hume","England 4.","Fleetwood Town","LWB, LB","27","150000","","8","721","0","1","England","left","177","7.24","5.62","66.67","1.62","46.15","0.37","4.43","2.5","0","0","0","0.12","0","0","3","37.5","2.75","50","6.49","48.08","0.87","2.62","0.12","29.46","75","10.36","61.45","3.12","44","0.19","0.12","0","0","0.37","4.24","61.76","3.62","65.52","0.87","7.36","69.49"
"C. Mahoney","England 4.","Barrow","AMF, RW, RCMF","28","300000","2026-06-30","11","714","1","0","England","right","175","4.66","3.53","42.86","1.13","66.67","0.13","3.02","2.14","0.13","0.14","0.13","2.02","25","6.25","1.64","30.77","1.76","64.29","5.17","34.15","2.14","1.13","0.25","29.5","80.77","8.32","68.18","2.14","52.94","0.06","0","0","0","0","2.52","80","1.51","58.33","0.88","5.17","65.85"
"J. Quigley","England 4.","Oldham Athletic","CF","28","0","2027-06-30","9","713","2","0","England","right","193","3.41","2.52","60","15.4","50","0.13","2.66","1.64","0.25","0.68","0.13","3.53","21.43","7.143","0.13","100","1.39","54.55","11.74","20.43","4.17","0.5","0","15.02","65.55","3.41","44.44","0.13","0","0.08","0","0.13","0","0.25","0.76","33.33","1.39","45.45","0.5","1.14","44.44"
"R. Booty","England 4.","Barrow","LCMF, DMF","27","0","","10","712","0","0","England","left","180","9.23","6.95","67.27","2.91","60.87","0.13","4.37","0.63","0","0.07","0","1.01","0","0","1.52","41.67","0.13","0","1.77","21.43","0.13","0.25","0","42.85","81.42","15.67","65.32","6.45","49.02","0.15","0.13","0","0","0.25","8.6","58.82","2.78","50","0.51","8.6","75"
"W. Davies","England 4.","Fleetwood Town","CF","26","0","2027-06-30","12","712","4","0","England","right","186","2.28","2.4","42.11","5.69","35.56","0.25","1.27","1.9","0.51","0.49","0","2.28","50","22.222","0.38","33.33","1.14","55.56","8.34","36.36","3.16","1.01","0","10.74","74.12","2.65","52.38","0.76","50","0.02","0","0","0","0","1.26","40","0.76","66.67","0.63","0.63","80"
"O. Edwards","England 4.","Colchester United","LAMF, LW","24","200000","","9","705","0","0","England","right","173","5.49","5.36","59.52","3.32","7.69","0","3.98","4.98","0","0.04","0","1.15","11.11","0","3.57","42.86","7.15","46.43","15.83","30.65","2.68","5.23","0.89","28.47","80.72","4.21","69.7","1.02","50","0.14","0","0","0","0.89","1.02","75","3.19","64","0.89","3.96","70.97"
"J. Powell","England 4.","Colchester United","LB","20","0","","9","701","0","0","England","left","0","8.6","5.78","60","4.62","55.56","0.39","8.07","1.03","0","0.02","0","0.64","60","0","2.05","18.75","0.39","66.67","1.93","60","0.64","0.77","0","39.93","73.95","19.26","63.33","7.57","38.98","0.04","0","0","0","0.26","7.32","61.4","3.34","23.08","0.51","10.53","65.85"
"J. Sanders","England 4.","Milton Keynes Dons","LCB","26","175000","2026-05-31","7","700","1","0","England","right","193","12.09","5.27","78.05","12.21","57.89","0.9","11.68","0.51","0.13","0.17","0.13","1.29","30","10","0.26","0","0.26","50","1.29","40","1.93","0","0","47.06","85.52","15.04","67.52","4.37","44.12","0.03","0.13","0","0","0.13","3.09","62.5","0.51","50","0.26","6.04","59.57"
"K. Scott","England 4.","Crawley Town","LCMF, DMF","27","175000","","8","700","0","0","England","right","172","9.26","6.56","78.43","3.21","24","0.13","4.67","1.03","0","0.01","0","0.51","0","0","1.03","25","1.41","54.55","4.89","47.37","0.64","1.41","0","35.61","87.36","11.83","75","4.37","61.76","0.11","0.13","0","0","0.13","4.24","63.64","1.8","35.71","0.51","4.76","64.86"
"W. Hondermarck","England 4.","Bromley","LCMF, RCMF","24","200000","","10","700","0","1","France","right","185","8.1","7.07","58.18","3.6","39.29","0","4.2","0.39","0","0.02","0","0.26","0","0","0.51","50","1.41","9.09","6.3","20.41","0.77","1.29","0.26","21.86","70.59","7.46","60.34","1.8","57.14","0.06","0","0","0","0.26","3.6","50","1.41","54.55","0.51","3.47","55.56"
"M. Shelton","England 4.","Barnet","RCMF, DMF","29","0","2026-06-30","9","690","2","2","England","right","178","11.35","9.52","72.6","5.09","48.72","0.13","7.82","1.43","0.13","0.35","0","2.09","31.25","12.5","0.52","50","0.91","57.14","4.83","32.43","1.83","0.78","0.26","25.7","73.1","9.78","58.67","3.26","32","0.07","0.13","0","0","0.26","4.43","61.76","1.43","63.64","0.52","4.83","72.97"
"H. Anderson","England 4.","Colchester United","LAMF, RAMF, RW","28","225000","","8","687","2","1","England","right","179","7.47","7.47","68.42","5.63","44.19","0.26","3.2","1.57","0.26","0.19","0","0.66","60","40","1.05","37.5","1.57","50","6.68","37.25","1.97","1.05","0","14.8","64.6","4.98","50","1.18","22.22","0.05","0","0","0","0.26","1.97","40","1.18","88.89","0.66","3.28","64"
"N. Tavares","England 4.","Barnet","CB, LCB, RCB","26","0","2028-06-30","8","687","0","0","South Africa","right","185","5.63","2.75","90.48","8.91","69.12","0.39","5.32","0","0","0.01","0","0.13","0","0","0.13","0","0.13","0","1.44","45.45","0.66","0.26","0","34.98","86.14","13.23","77.23","3.93","53.33","0","0","0","0","0","3.8","58.62","0.39","33.33","0.26","5.63","67.44"
"K. Lisbie","England 4.","Colchester United","RAMF, CF, RW","21","0","","12","685","5","2","England","right","180","5.65","4.86","64.86","2.5","26.32","0.39","4.1","3.28","0.66","0.55","0.13","2.89","45.45","22.727","3.02","8.7","3.81","44.83","11.82","31.11","6.44","1.71","0.26","12.74","51.55","3.68","35.71","1.45","27.27","0.23","0","0","0","0.66","1.31","20","1.05","0","0.53","1.58","50"
"G. Miller","England 4.","Cheltenham Town","CF","27","150000","","8","681","1","0","England","right","178","2.64","1.19","55.56","12.56","29.47","0.13","2.78","1.32","0.13","0.15","0","0.79","50","16.667","0.79","16.67","1.32","60","7","24.53","2.51","1.19","0.4","7.8","67.8","1.85","64.29","0.26","100","0.01","0","0","0","0.13","0.26","100","0.79","50","0.4","0.53","100"
"E. Harrison","England 4.","Bristol Rovers","CF","31","225000","2026-06-30","12","676","3","0","Wales","right","180","5.46","3.86","55.17","16.64","47.2","0.27","5.08","1.6","0.4","0.44","0.13","2.4","33.33","16.667","0.8","16.67","1.2","55.56","7.46","32.14","3.73","0.13","0","11.32","65.88","2.93","50","0.53","25","0.07","0","0","0","0.27","1.07","50","0.67","60","0.53","1.33","50"
"A. Adeyemo","England 4.","Crawley Town","LWB, RWB, RB","27","0","","9","674","1","0","England","","0","8.68","6.28","63.83","6.14","52.17","0","7.91","3.87","0.13","0.18","0","1.07","62.5","12.5","3.2","37.5","4.14","48.39","10.01","40","3.07","2.4","0.13","25.24","70.37","8.01","63.33","2.4","38.89","0.07","0","0","0","0.27","2.54","47.37","2.8","42.86","0.67","5.47","58.54"
"E. Coleman","England 4.","Gillingham","RCMF, DMF","25","225000","","10","674","0","0","England","right","188","10.01","6.68","66","4.81","55.56","0.27","7.4","0.27","0","0.08","0","0.8","16.67","0","0","0","0.13","100","3.47","65.38","0.67","0.13","0","25.1","80.32","9.61","65.28","3.47","50","0","0","0","0","0.27","4.67","62.86","0.53","50","0.4","5.07","71.05"
"H. Neal","England 4.","Fleetwood Town","DMF, RCMF, LCMF","24","0","","11","672","0","1","England","right","180","9.64","6.29","48.94","4.42","42.42","0.94","7.41","0.67","0","0.01","0","0.4","66.67","0","0.94","42.86","0","0","1.34","30","0","0","0","31.34","74.79","13.39","56","7.37","47.27","0.06","0","0","0","0.13","7.37","50.91","1.47","36.36","0.27","6.96","73.08"
"O. Clarke","England 4.","Swindon Town","LCB, CB, LCMF","33","150000","","8","664","1","1","England","right","180","7.86","4.88","69.44","8","57.63","0.41","6.77","1.08","0.14","0.13","0.14","1.63","33.33","8.333","0.68","40","0.81","33.33","4.2","35.48","1.9","1.08","0","23.99","63.84","13.28","48.98","6.78","32","0.06","0","0","0","0.27","5.56","34.15","1.08","12.5","0.41","5.83","62.79"
"C. Whitaker","England 4.","Tranmere Rovers","AMF, RW","22","0","","10","663","0","2","England","right","179","5.29","4.48","60.61","4.75","42.86","0","3.67","2.85","0","0.27","0","1.9","28.57","0","1.09","25","4.48","45.45","8.69","39.06","1.76","2.17","0.41","22.81","73.21","8.42","61.29","1.36","80","0.09","0","0.14","0","0.41","2.99","63.64","2.17","50","0.95","2.99","77.27"
"C. Whitely","England 4.","Bromley","LCMF, AMF, LWF","34","0","2026-06-30","8","663","0","0","England","right","177","5.29","3.53","57.69","3.94","34.48","0","4.34","0.68","0","0.06","0","1.22","22.22","0","1.63","16.67","0.54","25","3.26","16.67","0.41","1.09","0","26.2","69.43","8.01","59.32","3.12","34.78","0.05","0","0","0","0.41","4.21","58.06","2.44","38.89","0.54","4.62","61.76"
"O. Hawkins","England 4.","Barnet","CF","33","75000","","12","663","2","0","England","right","198","2.71","1.36","60","14.93","43.64","0.27","3.72","0.41","0.27","0.21","0.14","1.49","27.27","18.182","0","0","0","0","5.29","15.38","2.99","0.27","0","14.25","56.19","5.29","35.9","1.22","55.56","0.03","0","0","0","0.54","1.63","41.67","0.81","33.33","0.95","1.9","50"
"F. Potter","England 4.","Fleetwood Town","LCB, LB","21","0","2027-06-30","8","660","0","1","England","unknown","182","9.55","5.05","64.86","5.32","64.1","0.41","9.39","0.55","0","0.07","0","0.27","50","0","0.68","20","0.55","50","1.77","61.54","0.27","2.32","0","60","79.77","30.14","68.33","12.82","43.62","0.08","0","0","0","0.14","12.27","57.78","1.5","36.36","0.68","15.14","70.27"
"V. Harper","England 4.","Walsall","LWB, LB","25","0","","7","655","0","1","England","left","178","11.27","8.11","67.8","3.44","36","0.14","6.59","2.06","0","0","0","0","0","0","1.65","25","1.92","85.71","5.91","48.84","0.41","1.51","0.41","18.41","64.93","8.24","58.33","1.79","23.08","0.02","0","0","0","0.27","2.34","35.29","1.51","45.45","0.27","4.95","52.78"
"L. Bennett","England 4.","Cambridge United","RB, RAMF","23","450000","","9","650","0","0","England","right","171","11.49","8.17","76.27","6.65","45.83","0.55","8.6","3.05","0","0.01","0","0.28","0","0","3.6","19.23","3.32","70.83","7.34","45.28","0.55","1.38","0.42","31.02","67.41","13.71","57.58","5.4","43.59","0.07","0","0","0","0.14","6.92","50","3.74","33.33","0.55","7.48","77.78"
"S. Smith","England 4.","Barrow","DMF, RCMF, LCMF","24","200000","","9","648","0","0","England","right","173","8.33","7.08","58.82","2.5","38.89","0.69","4.73","0.56","0","0","0","0.28","0","0","0.69","20","0.56","50","4.17","53.33","0.14","0.83","0","30","77.78","11.11","55","4.86","54.29","0.01","0","0.14","100","0","6.94","58","1.53","36.36","0.42","4.72","64.71"
"S. Rooney","England 4.","Fleetwood Town","RWB, RB, RCMF","29","400000","2026-05-31","7","645","0","0","Scotland","right","191","8.79","8.23","45.76","6.84","48.98","0.14","6.99","1.95","0","0","0","0.42","0","0","2.79","35","1.67","58.33","3.77","40.74","0.84","0.42","0","26.79","73.96","8.65","64.52","4.05","41.38","0.04","0","0","0","0.14","2.37","58.82","3.07","36.36","0.56","7.12","68.63"
"A. Little","England 4.","Gillingham","LCMF, RDMF","28","200000","","7","645","2","0","England","right","175","9.21","6.98","60","3.77","44.44","0.28","6.92","1.26","0","0.22","0","0.98","28.57","28.571","0.98","57.14","0.7","60","4.05","37.93","0.42","0.98","0.14","35.02","76.1","14.65","60","7.95","45.61","0.03","0","0","0","0.42","7.53","53.7","2.37","52.94","0.84","7.4","73.58"
"J. Bauress","England 4.","Accrington Stanley","LCMF, RCMF, LDMF","19","0","2026-06-30","8","645","0","0","England","","0","5.02","3.91","78.57","3.49","44","0.14","2.71","1.67","0","0.08","0","1.12","25","0","2.09","53.33","0.42","66.67","1.67","41.67","0.56","0.42","0","40.74","72.26","18.56","57.14","6.98","44","0.09","0","0","0","0.14","8.65","62.9","3.07","36.36","0.28","8.79","74.6"
"L. Appéré","England 4.","Cambridge United","CF","26","300000","","8","641","2","0","Scotland","right","185","4.35","4.07","65.52","10.39","31.08","0.14","2.95","1.54","0.28","0.27","0","0.84","66.67","33.333","0.42","0","1.83","53.85","10.67","26.32","2.81","0.28","0","11.23","72.5","2.95","71.43","0","0","0.06","0","0","0","0.28","0.98","57.14","0.84","66.67","0.84","1.12","50"
"T. Flanagan","England 4.","Colchester United","LCB","33","100000","2026-06-30","7","639","0","0","England","right","188","7.61","3.8","77.78","6.34","60","0.85","7.75","0.42","0","0.05","0","0.56","0","0","0","0","0.42","100","1.41","70","0.85","2.39","0","49.86","81.36","23.1","68.9","8.73","37.1","0.01","0.14","0","0","0","9.44","59.7","0.56","50","0.42","11.83","69.05"
"I. Kabia","England 4.","Shrewsbury Town","RWF, RWB, CF","19","0","","7","635","0","0","Netherlands","","0","7.09","5.24","78.38","2.69","5.26","0","3.48","4.25","0","0.11","0","1.13","37.5","0","2.98","19.05","5.24","59.46","12.9","40.66","2.98","2.98","0.28","16.72","70.34","5.1","75","0.85","50","0.17","0.14","0.14","100","0.71","2.13","66.67","2.13","46.67","1.13","2.55","72.22"
"W. Sutton","England 4.","Oldham Athletic","RB, RCB","22","0","","8","634","1","0","England","","0","9.94","6.39","82.22","7.24","50.98","0.57","6.52","1.42","0.14","0.1","0","0.43","66.67","33.333","1.14","25","0.99","85.71","3.26","47.83","0.71","0.43","0","32.22","70.48","15.33","60.19","6.81","50","0.04","0","0","0","0.28","6.96","67.35","1.7","58.33","0.71","9.09","68.75"
"K. Vincent-Young","England 4.","Colchester United","RB, LB","29","175000","","9","630","0","0","England","right","180","7.29","4.86","64.71","2.29","43.75","0.29","6.22","1.14","0","0.02","0","0.57","0","0","1.29","33.33","1.57","45.45","3.86","37.04","0.57","1.29","0.14","32.14","78.22","13.14","65.22","3","28.57","0.01","0","0","0","0","4.14","58.62","1.71","41.67","0.14","7.14","58"
"B. Faulkner","England 4.","Harrogate Town","LCB","21","0","","8","627","0","0","England","right","187","10.48","6.03","78.57","10.77","62.67","1","6.89","0.14","0","0.07","0","0.29","0","0","0","0","0.14","100","2.3","43.75","0.57","0","0","36.17","78.57","14.21","63.64","3.88","22.22","0","0","0","0","0","2.87","40","0.29","0","0","6.17","20.93"
"M. Butcher","England 4.","Salford City","DMF","28","400000","","8","624","1","0","England","left","188","8.22","6.49","73.33","5.77","40","0.43","5.95","1.15","0.14","0.12","0","1.01","28.57","14.286","0.58","50","1.01","57.14","3.17","50","0.58","1.01","0","36.06","74","16.88","60.68","6.49","40","0.11","0","0","0","0.14","9.52","59.09","1.59","63.64","0.87","8.08","73.21"
"C. Brown","England 4.","Accrington Stanley","RWB, RB","26","150000","","10","623","0","2","England","left","183","9.97","9.25","62.5","3.03","47.62","0.14","5.19","1.73","0","0.1","0","1.73","33.33","0","2.02","21.43","2.17","33.33","5.35","40.54","1.59","0.87","0.29","21.09","62.33","8.38","50","5.49","44.74","0.1","0","0","0","0.58","5.06","40","2.46","17.65","0.14","5.49","68.42"
"S. McCoulsky","England 4.","Harrogate Town","CF","28","0","","8","621","1","2","England","right","183","2.75","2.75","36.84","16.81","34.48","0.14","2.4","1.45","0.14","0.29","0","1.74","33.33","8.333","0.14","0","1.01","71.43","9.86","27.94","2.9","1.01","0.14","10.29","63.38","1.74","25","0","0","0.04","0","0.14","100","0.43","1.01","14.29","0.43","33.33","0.29","0.72","40"
"J. Davison","England 4.","Tranmere Rovers","CF","26","225000","2026-06-30","11","620","1","1","England","right","188","3.63","3.92","37.04","10.89","22.67","0.15","3.02","1.6","0.15","0.09","0","1.31","11.11","11.111","1.45","20","1.31","77.78","10.45","16.67","2.9","0.58","0","15.24","69.52","2.32","37.5","0.73","40","0.06","0","0.15","100","0.58","1.31","44.44","1.02","42.86","0.87","1.02","71.43"
"B. Dack","England 4.","Gillingham","AMF, RCMF, RAMF","31","1000000","","10","617","3","0","England","right","175","6.86","5.54","71.05","2.33","37.5","0","3.48","1.31","0.29","0.32","0","2.19","33.33","20","0.58","50","0.58","50","4.08","32.14","2.19","0","0","24.36","75.45","7.88","55.56","3.21","63.64","0.11","0","0","0","0.29","2.63","44.44","1.46","60","1.17","3.5","66.67"
"D. Kanu","England 4.","Walsall","CF","20","0","2027-06-30","8","609","3","0","Sierra Leone","right","180","3.1","2.36","56.25","3.4","30.43","0.15","2.11","3.25","0.44","0.35","0","2.36","62.5","18.75","1.33","22.22","1.77","83.33","8.28","32.14","3.25","1.63","0.3","5.47","48.65","0.74","40","0.44","33.33","0","0","0.15","0","0","0.74","20","0.59","75","0.15","1.03","57.14"
"K. Drummond","England 4.","Oldham Athletic","RW, CF, LW","24","0","","10","608","0","0","England","","0","9.18","6.51","72.73","4.14","14.29","0.15","5.65","2.22","0","0.27","0","1.33","44.44","0","1.04","71.43","2.22","40","8.59","29.31","2.52","1.48","0.74","15.54","80","2.96","45","0.89","0","0.07","0","0","0","0.3","1.33","33.33","1.18","62.5","0.44","1.78","58.33"
"J. Gibbons","England 4.","Cambridge United","RB","27","150000","","9","607","0","0","England","right","175","9.19","5.63","71.05","5.49","45.95","0.3","7.02","1.33","0","0.03","0","0.59","25","0","2.52","35.29","0.59","50","1.63","36.36","0.59","1.33","0.59","33.21","70.09","15.27","60.19","6.08","34.15","0.03","0","0","0","0.15","8.01","42.59","2.52","47.06","0.44","8.6","72.41"
"C. Caton","England 4.","Accrington Stanley","CF","22","0","","10","606","2","0","Wales","","0","2.38","2.82","36.84","10.84","36.99","0.15","2.16","1.19","0.3","0.33","0.15","1.63","27.27","18.182","1.19","25","0.59","75","4.75","12.5","1.78","0.3","0.45","12.48","54.76","3.86","26.92","1.78","33.33","0.03","0","0.15","0","0.15","1.78","25","1.78","33.33","0.3","1.93","61.54"
"O. Turton","England 4.","Salford City","RCB, RWB","32","500000","","9","605","0","0","England","right","180","8.93","6.99","70.21","5.65","47.37","0.6","5.61","0.6","0","0.04","0","0.15","100","0","1.04","14.29","0.3","100","1.93","30.77","1.04","0.6","0","34.36","73.59","17.11","66.09","6.84","47.83","0.06","0.15","0","0","0.15","10.12","67.65","1.34","44.44","0.6","9.22","74.19"
"D. Udoh","England 4.","Salford City","CF","29","300000","2027-06-30","6","602","2","4","Nigeria","right","183","2.54","2.09","85.71","10.17","22.06","0.15","0.8","2.09","0.3","0.31","0","2.09","42.86","14.286","0.3","0","1.64","72.73","9.72","23.08","3.59","1.05","0","11.96","72.5","3.29","68.18","0.15","100","0.12","0.15","0","0","0.9","1.5","80","0.45","100","1.2","1.35","77.78"
"L. O'Connor","England 4.","Tranmere Rovers","RCB","25","300000","","6","599","0","0","Republic of Ireland","right","178","12.02","7.21","79.17","2.85","57.89","0.3","7.61","0.15","0","0","0","0.3","0","0","1.5","10","0","0","1.2","62.5","0.15","0.45","0","35.76","76.47","13.97","73.12","4.96","39.39","0","0","0","0","0","5.86","61.54","1.35","22.22","0","7.96","64.15"
"R. Darcy","England 4.","Chesterfield","AMF, RW","24","400000","","11","599","3","0","England","right","177","2.7","3.31","50","1.35","0","0","1.98","2.55","0.45","0.22","0","1.05","71.43","42.857","1.2","37.5","1.8","58.33","3.46","39.13","2.4","1.2","0.3","29.9","85.93","6.01","75","1.35","88.89","0.09","0","0.45","66.67","0.3","2.85","68.42","1.65","63.64","1.2","3.76","72"
"C. Thomas","England 4.","Crewe Alexandra","LDMF, RDMF, RCMF","31","200000","2026-06-30","8","597","2","0","England","right","185","7.69","5.88","66.67","3.32","40.91","0","4.67","0.6","0.3","0.27","0","0.75","60","40","0.3","50","0","0","1.21","25","1.81","0.15","0","21.56","71.33","7.84","50","3.02","45","0.05","0.15","0","0","0.15","3.47","47.83","0.75","60","0.75","3.92","53.85"
"E. Harrison","England 4.","Shrewsbury Town","GK","19","0","2026-05-31","6","596","0","0","England","right","0","2.42","0.15","100","0.45","66.67","0","3.02","0","0","0","0","0","0","0","0","0","0","0","0","0","0","0","0","28.39","77.13","19.33","70.31","13.44","61.8","0","0","0","0","0","7.85","63.46","0","0","0","11.63","74.03"
"J. Murphy","England 4.","Tranmere Rovers","GK","44","25000","","6","595","0","0","Republic of Ireland","left","188","1.36","0","0","0.76","60","0","2.33","0","0","0","0","0","0","0","0","0","0","0","0","0","0","0","0","24.2","88.13","16.03","83.96","12.71","82.14","0","0","0","0","0","5.29","77.14","0.15","0","0","10.59","92.86"
"I. Heath","England 4.","Accrington Stanley","LWB, LAMF, LCMF","20","0","","6","591","0","1","England","right","0","3.5","2.89","57.89","2.28","33.33","0","2.64","6.55","0","0.27","0","2.74","33.33","0","4.57","33.33","6.24","65.85","13.55","37.08","5.79","3.05","0.46","22.99","68.21","3.96","53.85","1.83","25","0.24","0","0.15","0","0.76","1.68","36.36","3.5","39.13","0.76","3.05","75"
"J. Smith","England 4.","Accrington Stanley","RCB, LCB","20","0","","6","588","0","0","England","unknown","0","9.03","7.19","63.83","6.12","55","0.31","6.75","0.31","0","0.03","0","0.61","25","0","0.61","25","0","0","0.46","100","0.31","0.31","0","28.78","65.43","17.45","50.88","8.11","28.3","0","0","0","0","0","7.35","39.58","0.77","40","0.15","9.03","66.1"
"T. Walton","England 4.","Accrington Stanley","CF, RAMF","27","0","2026-06-30","7","588","3","0","England","","0","5.05","3.98","69.23","18.06","38.14","0","3.07","3.52","0.31","0.35","0.15","2.14","50","21.429","1.22","50","2.45","75","11.02","29.17","3.98","1.22","0","15.92","70.19","3.98","46.15","1.84","75","0.12","0.15","0","0","0.15","1.99","53.85","1.53","40","0.77","1.84","66.67"
"T. Bradbury","England 4.","Harrogate Town","LCB","27","100000","","6","584","0","0","England","left","190","8.17","4.62","83.33","9.4","65.57","0.15","5.71","0.15","0","0.05","0","0.15","0","0","0.15","0","0.15","100","0.77","40","0.77","0","0","26.82","76.44","14.33","62.37","7.09","50","0","0","0","0","0","4.47","51.72","0.46","0","0.15","6.16","57.5"
"S. Braybrooke","England 4.","Newport County","LDMF, DMF, RDMF","21","200000","2027-06-30","6","580","0","0","England","right","184","6.98","5.43","57.14","1.71","45.45","0","5.43","0.78","0","0.01","0","0.62","0","0","0.47","33.33","0.93","66.67","4.97","50","0.31","2.17","0.16","40.81","84.41","11.48","68.92","4.19","59.26","0.04","0","0","0","0.16","6.05","61.54","1.4","55.56","0.62","6.98","80"
"P. Glatzel","England 4.","Swindon Town","AMF, CF, RW","24","275000","","10","579","2","1","England","left","174","6.99","5.13","72.73","3.89","32","0.31","5.66","2.18","0.31","0.41","0","1.87","33.33","16.667","1.09","57.14","1.4","55.56","6.37","41.46","3.11","0.47","0","24.56","78.48","4.82","74.19","0.47","33.33","0.14","0.16","0.16","100","0.78","3.11","70","1.87","83.33","1.24","3.42","68.18"
"J. Gordon","England 4.","Barrow","CF, AMF","31","125000","2026-06-30","7","573","1","0","England","right","178","6.28","5.97","57.89","7.7","34.69","0","2.48","1.88","0.16","0.29","0","1.88","33.33","8.333","0.94","16.67","2.04","53.85","8.64","21.82","2.2","0.47","0","12.09","63.64","2.98","42.11","1.1","28.57","0","0.16","0","0","0","2.04","38.46","1.41","11.11","0.31","1.26","62.5"
"S. Tovide","England 4.","Colchester United","CF","21","375000","2026-06-30","10","573","1","0","England","left","188","3.61","3.3","52.38","6.28","15","0","3.33","2.2","0.16","0.26","0","1.73","54.55","9.091","1.1","14.29","2.2","42.86","9.58","29.51","3.77","1.26","0","10.37","66.67","2.51","87.5","0.63","50","0.04","0.16","0.31","50","0.47","0.47","100","0.63","75","0.79","1.57","50"
"R. Longelo-Mbule","England 4.","Salford City","RWB, RB","25","175000","","8","573","0","1","Congo DR","left","183","6.44","5.5","60","4.4","42.86","0.16","5.14","5.97","0","0.13","0","1.1","42.86","0","4.4","28.57","7.7","55.1","14.92","45.26","2.98","2.67","0.47","21.99","65","6.44","65.85","1.41","77.78","0.05","0","0","0","0.31","1.88","41.67","2.83","55.56","0.63","3.61","73.91"
"H. Araujo","England 4.","Colchester United","LCB","21","0","2027-06-30","6","571","0","1","England","left","182","6.62","4.41","75","7.41","55.32","0.16","5.08","0.47","0","0.01","0","0.32","50","0","0.16","0","0.47","66.67","2.05","69.23","0.16","0.79","0","44.61","81.63","20.81","68.18","10.56","44.78","0.03","0","0","0","0.16","7.41","59.57","0.95","0","0.16","9.77","64.52"
"N. Kabamba","England 4.","Bromley","CF","32","0","2027-06-30","12","570","5","0","England","right","191","2.68","2.37","53.33","10.42","25.76","0","1.5","2.37","0.79","0.57","0.32","2.68","58.82","29.412","1.11","42.86","0.79","40","7.11","17.78","4.58","0.79","0","11.05","62.86","3","31.58","0.63","25","0.02","0","0","0","0.47","0.95","16.67","1.11","28.57","0.47","0.47","66.67"
"L. Angol","England 4.","Cheltenham Town","CF","31","100000","","9","568","0","0","England","right","187","4.6","4.91","45.16","11.09","35.71","0.48","3.09","1.11","0","0.06","0","0.63","25","0","0.48","0","1.58","60","12.36","21.79","2.22","0.32","0","9.35","71.19","2.06","38.46","0","0","0.01","0","0","0","0.16","0.63","75","0.32","50","0.48","1.11","14.29"
"L. Coyle","England 4.","Accrington Stanley","RCMF, RDMF","25","125000","2026-06-30","9","566","0","0","England","right","175","8.11","4.29","62.96","4.93","64.52","0.48","8.89","0.8","0","0.01","0","0.64","25","0","1.43","44.44","0.16","0","2.39","60","0.16","0.32","0","35.62","74.11","12.72","52.5","6.36","50","0.04","0","0.32","0","0.16","8.43","62.26","2.86","38.89","0.32","7.31","60.87"
"J. Arthurs","England 4.","Bromley","DMF, RDMF, LCMF","24","0","2026-06-30","11","565","0","0","England","right","175","7.01","4.94","67.74","4.14","46.15","0.48","5.75","0.48","0","0.1","0","0.96","33.33","0","0.48","33.33","0.16","0","3.5","27.27","1.12","0.32","0","29.63","72.58","12.27","55.84","4.78","33.33","0.03","0","0","0","0.16","6.21","46.15","2.55","31.25","0.96","4.14","73.08"
"S. Bennett","England 4.","Cheltenham Town","CB, LCB","34","100000","","6","560","0","0","England","right","178","9.96","6.75","71.43","9.8","54.1","0.48","6.22","0.64","0","0.06","0","0.32","50","0","0.16","100","0.32","100","1.77","72.73","0.96","0.16","0","24.91","70.32","15.27","57.89","8.2","54.9","0","0","0","0","0","5.14","56.25","0.64","50","0.32","8.04","60"
"R. Ogle","England 4.","Oldham Athletic","RB, RWB","26","0","","6","560","1","0","Australia","right","173","10.45","8.52","56.6","4.18","65.38","0.32","7.5","1.61","0.16","0.16","0","0.48","33.33","33.333","2.25","21.43","1.61","60","3.05","42.11","0.64","0.96","0.16","28.77","67.6","13.82","59.3","6.91","39.53","0.1","0","0","0","0.16","5.79","50","2.57","50","0.8","9.32","56.9"
"T. Walker","England 4.","Barrow","CF","28","200000","2026-06-30","11","560","1","0","England","right","179","2.89","2.73","58.82","11.41","26.76","0","1.36","0.64","0.16","0.24","0","1.13","28.57","14.286","0.32","50","0.16","100","4.5","21.43","2.25","0.16","0","10.93","77.94","2.25","57.14","0.8","20","0.05","0","0","0","0","1.61","60","0.64","50","0.32","1.29","62.5"
"J. Woods","England 4.","Accrington Stanley","CF, RAMF","25","0","","8","558","0","0","England","right","0","5.32","3.55","59.09","11.61","30.56","0.16","5.13","2.26","0","0.28","0","2.9","22.22","0","1.77","18.18","1.94","66.67","8.06","38","3.55","0.81","0","17.58","60.55","4.03","44","0.81","20","0.05","0","0.16","0","0.32","1.94","16.67","1.13","28.57","0.48","1.77","45.45"
"H. Holgate","England 4.","Fleetwood Town","RCB, RB","25","175000","","6","558","0","0","England","right","186","10.81","6.45","77.5","3.06","52.63","0.48","8.2","0.32","0","0.06","0","0.16","0","0","0.32","50","0.16","100","1.45","66.67","0.32","1.94","0","50","82.58","22.26","71.01","6.45","40","0","0","0","0","0","7.58","74.47","0.97","33.33","0.16","10","64.52"
"K. Kouassi","England 4.","Cambridge United","CF","22","200000","2026-06-30","9","558","1","0","England","right","189","4.68","3.23","65","17.1","23.58","0","3.26","1.45","0.16","0.18","0","0.97","50","16.667","0.65","25","1.77","45.45","9.35","18.97","3.23","0.97","0.16","10","66.13","2.9","33.33","0.48","33.33","0.1","0","0","0","0.16","1.29","50","0.48","66.67","0.81","1.13","71.43"
"G. Holohan","England 4.","Crawley Town","RCMF, AMF","33","100000","2026-06-30","8","556","0","0","Republic of Ireland","right","180","4.69","3.88","20.83","4.53","57.14","0.16","6.07","2.59","0","0.07","0","1.46","11.11","0","2.59","43.75","2.27","57.14","4.86","46.67","1.78","0.65","0","40.31","75.5","13.44","54.22","4.86","36.67","0.05","0","0","0","0.49","6.15","65.79","3.4","38.1","0.32","7.93","67.35"
"T. McDermott","England 4.","Shrewsbury Town","AMF, LCMF, RWF","20","0","","7","550","0","1","England","","0","8.35","5.73","68.57","1.96","33.33","0.49","4.68","1.64","0","0.15","0","1.47","0","0","0.65","25","2.29","64.29","7.2","45.45","1.15","1.15","0","25.2","73.38","10.15","62.9","3.11","42.11","0.03","0","0","0","0.33","5.07","58.06","1.8","63.64","1.15","5.73","62.86"
"D. Pereira","England 4.","Crawley Town","RWB","26","175000","","7","544","0","1","England","left","180","5.96","5.79","60","1.16","71.43","0","4.64","4.3","0","0.13","0","1.65","10","0","3.64","45.45","3.64","63.64","10.75","44.62","3.14","3.14","0.5","26.97","82.21","5.96","69.44","1.99","50","0.43","0","0.17","100","1.65","3.14","78.95","3.64","54.55","1.49","5.29","81.25"
"C. Evans","England 4.","Newport County","RCMF, LCMF, AMF","24","0","2026-06-30","10","541","0","0","Wales","right","182","12.31","6.82","60.98","4.82","48.28","0.17","9.32","0.33","0","0.01","0","0.33","50","0","0.5","33.33","0.33","0","3.16","31.58","1.33","0.17","0.17","20.96","75.4","7.49","62.22","1.83","45.45","0","0","0","0","0","3.16","52.63","0.67","50","0.33","3.83","73.91"
"J. Jellis","England 4.","Walsall","RCMF","24","0","","8","539","0","0","England","","0","9.68","6.01","72.22","4.17","40","0.17","5.34","1.5","0","0.02","0","0.33","0","0","1.34","37.5","1.5","66.67","6.18","37.84","0.67","1.17","0","27.22","73.01","10.52","58.73","3.34","25","0.16","0","0","0","0.17","5.18","41.94","1.84","36.36","0","5.18","77.42"
"G. Bajrami","England 4.","Crawley Town","DMF, RCMF","26","100000","2026-06-30","7","537","1","0","England","right","187","8.04","5.36","62.5","8.21","48.98","0.84","7.06","1.01","0.17","0.13","0.17","0.84","40","20","0.84","20","0.84","60","4.53","55.56","2.01","0.67","0","44.92","82.09","14.08","70.24","3.18","52.63","0.04","0","0","0","0.34","5.87","68.57","1.34","37.5","0.84","6.03","75"
"O. Norburn","England 4.","Notts County","RCMF, LCMF","32","200000","2026-06-30","8","532","0","0","England","right","185","6.09","4.06","58.33","4.06","41.67","0","3.64","0.17","0","0.01","0","0.51","0","0","0.51","0","0.34","50","3.05","33.33","0","0.51","0","37.39","85.52","6.43","63.16","1.86","27.27","0","0","0","0","0","4.06","70.83","0.68","0","0.17","2.88","52.94"
"T. Pett","England 4.","Oldham Athletic","RW, AMF, RAMF","33","100000","","6","532","0","0","England","right","173","6.09","4.57","55.56","3.55","28.57","0","5.31","1.69","0","0.07","0","1.35","25","0","1.02","83.33","1.02","50","5.08","30","1.35","0.51","0","35.02","79.23","13.53","65","6.09","47.22","0.25","0","0","0","0.51","5.41","53.13","2.71","68.75","1.18","6.43","73.68"
"G. Lloyd","England 4.","Shrewsbury Town","CF","25","0","","11","531","1","0","England","right","175","6.1","2.71","87.5","10","30.51","0","4.58","0.85","0.17","0.09","0","0.68","50","25","0.68","0","1.02","50","5.25","16.13","2.2","0.68","0","11.19","71.21","2.54","46.67","0.51","0","0","0","0","0","0","1.36","37.5","0.51","66.67","0.51","1.53","44.44"
"J. Austerfield","England 4.","Salford City","LCMF, LW","23","100000","2026-06-30","9","529","0","1","England","right","179","7.66","4.59","74.07","2.72","31.25","0.17","5.18","0.68","0","0.07","0","0.85","60","0","0.51","0","0.17","100","3.57","47.62","1.53","0.34","0","29.77","77.71","11.91","64.29","2.21","53.85","0.06","0","0","0","0.17","4.93","48.28","1.7","60","1.19","5.78","70.59"
"B. Krauhaus","England 4.","Bromley","RCMF, RAMF, AMF","21","0","","9","528","0","1","England","","0","9.72","9.38","70.91","1.88","36.36","0.17","4.32","1.02","0","0.07","0","1.02","0","0","0.34","100","2.22","30.77","5.97","28.57","2.05","1.36","0.17","20.45","75","6.48","55.26","2.22","46.15","0.13","0","0","0","0.34","3.41","65","1.02","50","0.51","3.24","73.68"
"N. Canavan","England 4.","Barrow","CB","34","100000","2026-06-30","7","524","0","0","England","left","193","9.62","4.29","64","6.87","60","0.69","7.45","0.17","0","0.05","0","0.34","50","0","0","0","0","0","0.34","0","0.52","0.17","0","22.84","77.44","13.74","68.75","4.98","48.28","0","0","0","0","0","4.29","48","0","0","0","5.5","59.38"
"D. Power","England 4.","Cheltenham Town","RB, RWB, RCB","24","100000","","9","524","0","0","Republic of Ireland","right","179","9.1","7.9","58.7","4.64","40.74","0.69","6.22","1.37","0","0","0","0","0","0","2.06","8.33","2.4","50","4.81","42.86","0.34","1.37","0.17","23.87","64.75","10.13","49.15","4.64","25.93","0","0","0","0","0.17","4.47","46.15","2.4","14.29","0","4.64","55.56"
"C. Stockton","England 4.","Salford City","CF","31","200000","2026-06-30","8","519","1","0","England","right","186","2.25","1.04","66.67","3.12","16.67","0.35","2.14","0.87","0.17","0.21","0","1.56","33.33","11.111","0.69","0","0.17","100","4.86","10.71","3.29","0","0","9.71","62.5","2.08","75","0.17","0","0.02","0","0.17","100","0.17","0.69","50","0.52","66.67","0.52","0.52","100"
"J. Ironside","England 4.","Tranmere Rovers","CF","31","275000","2026-06-30","6","518","1","0","England","right","180","3.3","2.43","35.71","20.5","55.08","0","4.12","0.52","0.17","0.1","0","0.87","20","20","0.17","0","0.52","66.67","8.86","19.61","1.91","0","0","12.86","74.32","2.78","68.75","0.69","50","0.01","0","0","0","0","1.22","28.57","0.35","50","0.52","1.22","71.43"
"L. Ndlovu","England 4.","Barnet","CF","30","0","","9","518","3","1","Zimbabwe","","178","3.82","3.82","31.82","13.38","24.68","0","5.11","2.26","0.52","0.5","0","2.43","42.86","21.429","0.35","0","2.08","58.33","9.73","19.64","4","1.22","0","8.51","71.43","2.08","66.67","0.35","50","0.11","0","0","0","0.35","1.04","50","0.52","66.67","0.87","0.35","100"
"C. Clarke","England 4.","Walsall","RCMF, LCMF, LWB","22","0","","12","517","0","3","England","","0","6.96","5.22","56.67","3.66","52.38","0","4.16","2.26","0","0.09","0","1.22","14.29","0","2.61","40","2.96","35.29","10.44","33.33","1.22","2.61","0.17","19.5","63.39","6.09","37.14","2.79","31.25","0.05","0","0","0","0.52","2.61","33.33","2.96","41.18","0.17","3.66","57.14"
"M. Mellon","England 4.","Oldham Athletic","CF","21","0","","6","512","3","0","Scotland","right","185","1.23","1.05","66.67","5.1","31.03","0.18","0.82","3.52","0.35","0.8","0","4.04","47.83","13.043","2.11","33.33","2.64","33.33","7.56","30.23","4.75","0.35","0.18","14.41","57.32","1.93","27.27","1.05","33.33","0.07","0","0.18","0","0","1.05","16.67","1.23","42.86","0.35","1.41","87.5"
"B. Webster","England 4.","Bromley","CB","38","0","","7","507","0","0","England","right","190","5.86","4.26","62.5","5.15","44.83","0","5.24","0","0","0","0","0","0","0","0","0","0","0","0.89","40","0.53","0.18","0","21.12","73.11","9.59","53.7","3.55","65","0","0.18","0","0","0","3.2","72.22","0.89","60","0.36","6.21","60"
"J. Golding","England 4.","Crewe Alexandra","RCB, RDMF","21","0","","9","504","0","0","Republic of Ireland","right","188","9.46","7.32","63.41","8.57","50","0.36","6.24","0.18","0","0","0","0","0","0","0.18","100","0.71","0","2.68","46.67","0.71","2.14","0","43.93","82.11","20.36","72.81","5.18","48.28","0","0","0","0","0","7.5","66.67","0.54","33.33","0","9.29","73.08"
"R. Brown","England 4.","Crawley Town","RCMF, AMF, LCMF","29","125000","","9","502","1","0","England","right","175","5.74","5.56","48.39","1.61","55.56","0.36","4.38","1.61","0.18","0.15","0","1.43","25","12.5","1.08","66.67","1.08","50","5.02","28.57","0.72","0.18","0","33.88","77.25","11.47","59.38","2.87","25","0.04","0","0","0","0","4.48","60","3.23","55.56","1.08","5.02","71.43"
"L. McGee","England 4.","Tranmere Rovers","GK","30","200000","","5","499","0","0","England","right","193","1.8","0","0","0.36","100","0","2.5","0","0","0","0","0","0","0","0","0","0","0","0.36","100","0","0","0","25.79","81.12","17.13","74.74","14.61","69.14","0","0","0","0","0","7.94","61.36","1.08","0","0","11","88.52"
"A. Chang","England 4.","Bristol Rovers","RCMF, LCMF","23","350000","2026-06-30","6","499","1","1","England","right","185","6.31","5.23","68.97","3.61","40","0.18","4.64","1.62","0.18","0.05","0","0.72","25","25","0.9","40","1.26","85.71","3.43","52.63","0.54","0.54","0","30.12","76.65","12.26","60.29","4.87","51.85","0.1","0","0","0","0.18","6.85","55.26","1.62","88.89","1.44","4.33","87.5"
"J. Mazionis","England 4.","Cheltenham Town","LCB, RCB","19","0","","7","499","0","0","Lithuania","unknown","0","11.9","6.31","77.14","9.38","75","1.08","9.81","0.54","0","0.1","0","0.72","50","0","0","0","0.18","100","2.71","46.67","0.72","0","0","21.28","68.64","9.92","58.18","4.51","44","0","0","0","0","0","1.62","22.22","0.18","0","0","5.23","24.14"
"D. Love","England 4.","Accrington Stanley","RWB, RB","30","175000","2026-06-30","8","497","0","0","Scotland","right","178","8.15","5.61","51.61","2.54","21.43","0","7.43","0.91","0","0.02","0","0.54","0","0","2.9","18.75","0.72","50","1.27","42.86","0.18","0.72","0","32.6","68.33","12.31","50","5.43","40","0.04","0","0","0","0.18","5.79","56.25","3.62","30","0.54","8.51","70.21"
"J. Martin","England 4.","Cheltenham Town","RWF, AMF, LCMF","24","300000","","9","496","2","0","England","right","176","4.72","5.44","60","2.36","15.38","0","2.42","2.18","0.36","0.1","0","1.63","55.56","22.222","0.91","20","2.18","50","6.71","32.43","1.63","1.45","0.36","22.32","82.11","6.35","65.71","1.45","37.5","0.01","0","0","0","0","2.9","68.75","1.45","37.5","0.36","2.9","75"
"M. Jobe","England 4.","Cambridge United","RCB","22","75000","2027-06-30","8","495","1","0","England","right","185","7.64","4.55","76","8.55","42.55","0.18","6.19","0.36","0.18","0.1","0.18","0.55","66.67","33.333","0","0","0","0","1.45","12.5","0.91","0.73","0","40.55","76.68","19.64","62.04","8.36","34.78","0","0","0","0","0","8.91","53.06","1.09","0","0","9.09","62"
"A. Mayor","England 4.","Cambridge United","LAMF, LW, LB","20","0","2027-06-30","6","484","2","0","England","left","178","6.88","6.51","62.86","2.6","35.71","0","3.78","2.79","0.37","0.08","0","1.12","50","33.333","4.46","8.33","2.98","56.25","6.88","32.43","1.3","0.74","0.19","23.8","57.03","10.04","48.15","3.35","22.22","0.02","0","0.19","100","0","3.72","45","4.09","18.18","0.74","4.46","58.33"
"A. Jatta","England 4.","Notts County","CF","26","325000","2026-06-30","6","481","2","1","Gambia","right","192","4.86","3.56","78.95","7.48","30","0.19","2.86","2.06","0.37","0.38","0","2.06","63.64","18.182","0.37","50","0.94","60","6.92","18.92","4.12","1.12","0","11.98","82.81","2.06","81.82","0.19","0","0.23","0","0","0","0.75","0.56","66.67","0.19","100","0.94","0.94","80"
"J. Turnbull","England 4.","Tranmere Rovers","LCB, CB","30","275000","","8","479","0","0","England","left","185","9.77","6.2","78.79","9.21","67.35","0.75","6.7","0.56","0","0.02","0","0.38","0","0","0.56","33.33","0.38","100","0.94","80","0.38","0","0","29.31","82.69","13.34","76.06","3.95","52.38","0.01","0","0.19","0","0","4.13","54.55","1.13","33.33","0.19","6.58","65.71"
"S. Sherring","England 4.","Cheltenham Town","RCB","25","400000","","5","471","1","0","England","right","188","11.08","5.35","85.71","7.83","48.78","0.38","7.15","0.19","0.19","0.1","0.19","0.19","100","100","0.57","0","0","0","1.15","66.67","0.38","0.19","0","23.5","68.29","12.23","53.13","4.78","36","0","0","0","0","0","4.97","42.31","1.53","0","0","5.73","46.67"
"W. Grigg","England 4.","Chesterfield","CF","34","0","","11","468","1","2","England","right","180","5","3.85","60","7.69","30","0.38","4.88","1.35","0.19","0.18","0.19","1.35","71.43","14.286","0","0","0.58","66.67","7.5","28.21","2.88","0.58","0","14.62","69.74","3.65","42.11","0.19","0","0.12","0","0","0","0.38","1.15","33.33","0.38","100","0.96","1.73","22.22"
"K. Dixon","England 4.","Crawley Town","AMF, RCMF, CF","21","0","2028-06-30","7","468","0","0","Jamaica","right","181","6.73","5.77","56.67","3.65","42.11","0","5.23","2.69","0","0.1","0","1.35","42.86","0","1.35","28.57","3.08","50","9.23","41.67","1.73","3.27","0.38","26.35","80.29","9.81","64.71","2.12","54.55","0.1","0","0.19","100","0.38","2.5","69.23","2.88","46.67","1.73","4.81","72"
"J. Norwood","England 4.","Fleetwood Town","CF","35","0","","11","467","2","0","England","right","178","3.47","3.66","63.16","9.44","34.69","0","1.76","1.73","0.19","0.53","0","2.31","41.67","16.667","0.77","25","0.58","100","4.63","33.33","2.89","0.19","0","20.24","72.38","3.66","63.16","0.96","80","0.01","0.39","0","0","0","1.54","62.5","1.54","37.5","0.58","2.12","72.73"
"B. Cotter","England 4.","Notts County","RWB, RB","26","300000","","9","466","0","0","Republic of Ireland","right","184","9.46","6.18","65.63","5.02","69.23","0.39","7.74","2.12","0","0.04","0","0.58","66.67","0","0.97","20","3.86","40","8.69","26.67","0.77","2.32","0.39","24.33","70.63","7.53","46.15","2.51","23.08","0.09","0.19","0","0","0.19","2.51","69.23","1.35","14.29","0","3.28","47.06"
"C. Mola","England 4.","Bristol Rovers","LCB","24","275000","2027-06-30","6","466","0","0","England","left","184","12.36","5.21","85.19","6.76","62.86","0","12","0.39","0","0.08","0","0.19","0","0","0.39","0","0.39","100","2.12","72.73","0.77","0.77","0","30.32","76.43","12.17","63.49","5.21","55.56","0.01","0","0","0","0","4.64","70.83","1.35","57.14","0.97","7.53","48.72"
"K. Smith","England 4.","Barnet","RWB, LB, RW","29","125000","","8","465","0","1","England","right","175","8.32","6.77","68.57","2.32","50","0.39","6.4","1.55","0","0.04","0","1.16","16.67","0","2.13","36.36","1.16","33.33","4.45","21.74","0.77","0.58","0","38.32","74.75","17.03","65.91","5.61","44.83","0.09","0","0.19","100","0.97","7.35","57.89","3.48","50","1.16","9.29","77.08"
"J. Muldoon","England 4.","Harrogate Town","CF","36","75000","","9","463","4","0","England","right","178","2.33","2.72","28.57","7.97","14.63","0","2.14","1.94","0.78","0.36","0.19","1.75","77.78","44.444","1.56","12.5","0.78","50","7.19","29.73","3.11","0.39","0","17.11","67.05","4.47","69.57","1.17","16.67","0","0","0","0","0","1.17","16.67","1.17","16.67","0.19","1.36","42.86"
"I. Fletcher","England 4.","Barrow","AMF, LWF, LW","23","0","","7","460","2","1","England","right","194","4.7","5.09","46.15","12.33","31.75","0.2","2.56","1.96","0.39","0.41","0","2.54","38.46","15.385","1.37","28.57","1.37","42.86","7.43","18.42","4.3","0","0","26.8","60.58","12.13","43.55","2.54","7.69","0.18","0.2","0.2","0","0.2","3.91","55","1.76","33.33","1.17","4.89","60"
"J. Davies","England 4.","Fleetwood Town","AMF, LCMF","27","150000","","6","458","3","1","Wales","left","168","6.48","5.5","60.71","4.72","37.5","0.2","4.19","2.95","0.59","0.34","0","3.54","33.33","16.667","1.18","33.33","1.77","77.78","6.29","59.38","2.36","0.79","0","27.71","60.99","13.95","49.3","7.86","42.5","0.11","0","0.2","0","0.39","8.84","40","4.13","33.33","1.18","6.29","78.13"
"L. Watson","England 4.","Crawley Town","LCMF, RCMF, AMF","24","250000","","8","450","0","0","England","right","176","3.8","4","45","1.4","14.29","0","3.85","2","0","0.02","0","1","20","0","0.6","66.67","2.4","58.33","4.8","41.67","0","1.6","0","30.8","85.71","10.8","70.37","1.6","12.5","0.05","0","0.2","0","0.2","4.6","78.26","3.4","52.94","1.2","5.2","88.46"
"B. Thompson","England 4.","Bromley","AMF, RCMF, RWF","30","275000","","10","450","1","1","England","right","180","6.2","5","76","4.8","58.33","0.2","2.67","2","0.2","0.2","0","2.2","27.27","9.091","2.2","9.09","1.8","66.67","5.4","44.44","2","0.8","0","21.4","67.29","5.8","62.07","2.4","50","0.09","0","0","0","0","4","60","2.6","30.77","0.8","2.8","71.43"
"B. Knight","England 4.","Cambridge United","AMF, RAMF, CF","23","200000","2027-06-30","7","446","0","0","England","left","170","3.43","3.83","52.63","3.83","21.05","0","2.59","2.62","0","0.06","0","1.61","0","0","1.41","28.57","3.43","64.71","10.7","35.85","2.22","1.01","0","27.85","78.99","6.26","67.74","0.81","0","0.02","0","0","0","0.2","2.62","61.54","1.82","33.33","0.4","2.42","50"
"R. Finnigan","England 4.","Walsall","RCMF","22","125000","2026-06-30","9","444","0","0","England","right","178","11.55","9.12","71.11","3.65","50","0.61","5.5","1.01","0","0","0","0","0","0","0.61","33.33","1.62","50","6.49","34.38","0.41","0.61","0","16.62","79.27","6.28","64.52","1.42","71.43","0.17","0","0","0","0","1.62","75","0","0","0","2.84","64.29"
"F. Mabete","England 4.","Swindon Town","CB, LCB","20","0","2027-06-30","7","441","0","0","England","right","0","8.16","3.88","63.16","7.14","51.43","0.61","8.06","0","0","0.02","0","0.41","0","0","0","0","0.2","0","1.02","40","0.41","0","0","35.71","82.86","13.27","66.15","3.67","27.78","0","0","0","0","0","3.06","33.33","0.82","0","0","5.31","50"
"K. Mieczyslaw Łopata","England 4.","Bristol Rovers","RCB, CB","","0","","5","441","0","0","","","0","10.41","5.71","92.86","11.84","51.72","0.41","6.24","0","0","0.01","0","0.41","0","0","0","0","0","0","0.2","100","0.82","0.41","0","29.8","74.66","14.49","56.34","6.94","44.12","0","0","0","0","0","4.9","33.33","1.43","28.57","0.41","6.94","58.82"
"J. Obiora Amaluzor","England 4.","Grimsby Town","RW, RAMF, CF","28","0","","10","441","1","0","England","left","183","5.71","4.69","60.87","5.1","48","0","4.71","1.84","0.2","0.28","0","2.04","40","10","0.61","0","2.86","35.71","11.02","22.22","3.88","1.43","0.41","21.02","68.93","7.35","44.44","1.22","33.33","0","0","0","0","0","1.84","66.67","2.04","50","0.82","4.08","55"
"S. McLoughlin","England 4.","Cambridge United","LDMF, LCMF, RDMF","28","225000","","9","441","0","0","United States","right","175","3.67","2.86","50","4.49","54.55","0","2.86","0.82","0","0.05","0","0.82","25","0","0.41","50","0.82","50","3.47","47.06","0.82","0.82","0","27.96","75.91","11.84","55.17","4.49","36.36","0.03","0","0","0","0","3.47","52.94","0.82","50","0.2","6.53","65.63"
"J. Thomas","England 4.","Cheltenham Town","RAMF, CF, LWB","24","0","","6","441","0","0","England","unknown","0","7.35","5.31","61.54","6.53","46.88","0.41","6.22","5.1","0","0.12","0","1.63","12.5","0","2.45","16.67","6.33","70.97","11.84","56.9","2.04","2.24","0","19.59","66.67","6.73","66.67","3.27","50","0.11","0","0","0","0.2","2.45","58.33","2.45","16.67","1.02","3.06","73.33"
"G. Jones","England 4.","Milton Keynes Dons","RB","29","400000","","5","439","0","1","Australia","right","178","7.18","4.92","62.5","3.9","36.84","0","6.63","1.64","0","0.04","0","0.21","100","0","3.28","31.25","0.62","66.67","2.46","58.33","0.21","1.44","0.21","35.67","68.97","18.66","69.23","5.95","48.28","0.06","0","0","0","0.21","7.59","67.57","4.72","21.74","0.21","10.05","73.47"
"F. Willcox","England 4.","Cheltenham Town","LCB, LB","19","0","","6","434","0","0","England","","0","12.03","10.37","70","8.92","46.51","0.41","4.96","0","0","0.02","0","0.21","0","0","0","0","0","0","2.7","69.23","0.41","0","0","21.77","67.62","13.89","59.7","6.43","41.94","0","0","0","0","0","6.64","62.5","0.62","33.33","0","8.92","62.79"
"P. Madden","England 4.","Accrington Stanley","CF","35","0","2026-06-30","7","432","0","0","Republic of Ireland","right","183","3.75","1.25","66.67","7.5","19.44","0.42","4.16","1.46","0","0.05","0","0.83","25","0","1.67","25","1.04","80","5.21","20","2.08","0.63","0.21","15.21","56.16","4.38","52.38","0.42","0","0.08","0","0.21","0","0","1.88","22.22","1.25","50","0.83","2.71","38.46"
"J. Bickerstaff","England 4.","Cheltenham Town","CF","24","125000","2026-06-30","11","430","0","0","England","right","188","3.98","3.77","66.67","4.81","21.74","0","2.02","0.84","0","0.14","0","1.26","50","0","0.42","0","1.67","12.5","13.6","16.92","2.93","0.42","0","11.72","75","2.93","71.43","0.63","0","0.02","0.21","0","0","0.21","1.05","60","0.21","100","0.63","0.42","100"
"L. Mandeville","England 4.","Chesterfield","RAMF, AMF, RB","28","0","","12","430","2","4","England","right","180","6.7","3.77","83.33","1.88","33.33","0.21","4.94","2.3","0.42","0.15","0","0.84","75","50","3.56","29.41","0.84","50","6.49","35.48","2.09","0.21","0","47.72","79.82","10.88","53.85","5.23","44","0.3","0","0.21","100","0.63","6.49","41.94","3.77","44.44","1.05","6.49","67.74"
"M. Smith","England 4.","Newport County","DMF, RDMF","25","400000","","6","420","0","0","England","right","175","9","6.21","62.07","0.21","0","0.86","6.9","0.64","0","0.02","0","0.86","25","0","0.86","25","0.43","50","1.71","62.5","0.86","0.21","0","26.57","70.16","9.64","55.56","5.57","38.46","0.27","0","0","0","0.21","5.57","57.69","1.07","20","0.43","5.36","72"
"B. Comley","England 4.","Walsall","DMF","29","200000","2026-06-30","10","420","0","0","England","right","180","8.36","7.29","61.76","1.71","62.5","0.64","4.11","0.21","0","0","0","0.21","0","0","0.21","0","0.43","50","3","35.71","0.21","0.43","0","24.43","84.21","6.86","65.63","2.36","36.36","0.07","0","0","0","0.43","2.79","61.54","1.07","40","0.64","2.57","50"
"M. Mbick","England 4.","Colchester United","CF","18","0","","6","418","3","1","England","","0","5.81","6.46","46.67","7.11","24.24","0.22","4.24","4.09","0.65","0.75","0","3.23","60","20","1.08","20","3.01","64.29","15.5","31.94","5.6","1.08","0","15.07","68.57","5.17","58.33","0.22","100","0.21","0","0","0","1.08","1.94","66.67","1.72","62.5","1.29","2.15","90"
"B. Cooper","England 4.","Salford City","RCB","25","350000","2027-06-30","6","416","0","0","Wales","right","185","6.92","5.41","52","8.44","56.41","0","6.89","0.65","0","0.12","0","0.87","25","0","0.43","50","0.43","50","0.87","50","1.51","0.22","0","30.07","66.19","16.23","54.67","7.79","33.33","0.08","0","0","0","0","8.87","48.78","1.95","44.44","0.43","7.57","62.86"
"D. Elerewe","England 4.","Bromley","RCB","22","0","2026-06-30","6","410","0","0","England","right","189","10.32","5.93","59.26","6.15","75","0.66","9.3","0.44","0","0.11","0","0.66","0","0","0.66","66.67","0.22","0","1.54","57.14","1.1","0.22","0","24.37","62.16","13.17","48.33","6.59","40","0","0","0","0","0","5.93","55.56","1.1","20","0","9","53.66"
"S. Conneely","England 4.","Accrington Stanley","RCMF, LCMF","37","75000","","7","409","0","0","England","right","175","9.24","4.18","73.68","4.84","45.45","0.22","8.62","0.44","0","0.08","0","1.32","16.67","0","0.44","0","0.22","100","1.32","16.67","0.66","0.44","0","35.65","79.63","14.74","68.66","3.74","52.94","0.01","0","0","0","0.22","5.94","70.37","1.1","40","0.44","4.18","68.42"
"J. Joseph","England 4.","Tranmere Rovers","RB, LWB, RWB","19","0","","7","407","1","0","England","right","0","7.96","6.63","56.67","4.2","31.58","0.66","7.5","1.77","0.22","0.1","0","1.11","20","20","2.65","41.67","1.33","33.33","4.2","26.32","1.11","0.66","0","24.32","73.64","7.3","45.45","2.65","33.33","0.28","0","0","0","0.88","3.1","50","3.32","40","0.88","4.86","54.55"
"M. Dinanga","England 4.","Bromley","CF","28","0","","10","407","1","0","England","right","180","2.21","1.77","62.5","5.31","16.67","0","1.92","1.99","0.22","0.38","0.22","1.55","57.14","14.286","0.44","50","1.33","66.67","7.08","18.75","3.98","0.66","0","11.94","81.48","1.33","83.33","0","0","0","0","0","0","0.44","0","0","0.66","33.33","1.11","0.22","100"
"D. Tharme","England 4.","Grimsby Town","RCB","26","175000","2026-06-30","4","406","0","0","England","right","183","7.76","3.77","70.59","7.54","67.65","0.22","8.57","0","0","0","0","0","0","0","0","0","0","0","0.44","0","0","0.67","0","40.12","76.8","21.72","67.35","5.1","39.13","0","0","0","0","0","7.09","65.63","0.67","66.67","0.44","11.31","58.82"
"M. Williams","England 4.","Barrow","RCMF, LCB, RCB","29","250000","","5","406","0","0","Wales","right","187","5.76","2.22","70","3.1","57.14","0","4.91","0.22","0","0.15","0","0.67","33.33","0","0.22","0","0.22","0","1.11","60","0.89","0.44","0","31.26","76.6","13.52","68.85","3.55","43.75","0.06","0","0","0","0.22","5.54","76","0.67","33.33","0.44","6.87","51.61"
"F. Sass","England 4.","Accrington Stanley","LWB, LCB, LB","24","0","","4","405","0","0","England","","0","6.44","5.11","65.22","6","62.96","0.22","4.62","2","0","0.01","0","0.22","100","0","2.67","41.67","1.11","60","3.33","40","0.67","0.44","0","26.89","69.42","12.89","55.17","6.22","46.43","0.06","0","0","0","0.22","5.78","57.69","2","33.33","0","7.78","68.57"
"J. Senior","England 4.","Bristol Rovers","RB, RWB","26","200000","2026-06-30","7","404","0","0","England","right","181","7.8","7.57","61.76","3.56","37.5","0.22","4.62","1.34","0","0.01","0","0.22","0","0","2","33.33","1.34","50","4.46","25","0.45","2","0.67","25.84","62.07","10.92","42.86","4.68","28.57","0.04","0","0","0","0.22","4.23","26.32","2","44.44","0","7.13","59.38"
"R. Broom","England 4.","Cheltenham Town","RCMF, AMF, RW","29","300000","","10","404","0","0","Wales","right","177","5.57","5.79","46.15","3.12","21.43","0.45","3.63","2","0","0.03","0","0.89","25","0","1.34","16.67","2.9","53.85","6.68","43.33","0.67","1.11","0","20.05","65.56","5.12","34.78","1.78","62.5","0.02","0","0","0","0.22","2.67","50","0.89","25","0.45","2.67","41.67"
"K. Gordon","England 4.","Notts County","RWB, RB, LB","27","125000","","7","401","1","1","England","right","182","4.26","3.14","42.86","2.24","20","0.22","5.27","3.59","0.22","0.06","0","1.12","40","20","3.14","35.71","2.47","81.82","4.71","57.14","2.02","0.45","0","22","75.51","6.06","55.56","4.26","57.89","0.04","0","0","0","0.22","1.57","28.57","2.02","44.44","0.45","4.94","50"
"C. Jennings","England 4.","Tranmere Rovers","AMF, CF, RAMF","33","100000","","11","400","1","0","England","right","183","6.08","4.95","59.09","14.63","41.54","0","4.29","0.68","0.23","0.19","0","2.25","30","10","0.23","0","0.45","0","7.87","28.57","2.7","0.23","0","29.48","74.05","8.1","58.33","2.93","61.54","0.07","0","0","0","0.23","3.38","46.67","0.68","33.33","0.68","2.93","46.15"
"M. Virtue-Thick","England 4.","Fleetwood Town","RCMF, AMF","28","275000","","8","398","0","1","England","right","175","3.62","3.84","41.18","2.04","33.33","0.23","2.7","1.36","0","0.09","0","1.36","33.33","0","2.26","30","0.23","100","2.04","44.44","2.49","0.68","0.23","28.04","68.55","10.63","51.06","3.84","29.41","0.19","0","0.23","0","0.23","4.3","31.58","2.71","58.33","1.81","4.52","65"
"W. Brook","England 4.","Shrewsbury Town","GK","21","0","","4","394","0","0","England","right","190","0.91","0","0","0.46","100","0","1.2","0","0","0","0","0","0","0","0","0","0","0","0.23","0","0","0","0","20.56","66.67","16.22","59.15","14.16","54.84","0","0","0","0","0","4.34","47.37","0.69","0","0","9.37","80.49"
"A. Scully","England 4.","Shrewsbury Town","LWF, CF, LAMF","26","200000","","7","390","0","0","England","right","173","2.31","1.62","42.86","1.62","0","0","2.28","1.85","0","0.04","0","0.69","66.67","0","1.38","0","2.31","60","9.69","40.48","1.85","0.92","0.46","18.69","55.56","7.15","32.26","1.85","12.5","0","0","0.23","0","0","2.54","9.09","2.31","10","0.23","1.85","25"
"E. Tezgel","England 4.","Crewe Alexandra","CF, AMF, RDMF","20","0","","12","390","0","0","England","right","182","2.54","2.08","55.56","9","20.51","0","2.02","1.38","0","0.31","0","1.15","40","0","0.69","33.33","0.92","75","2.31","30","2.31","0.23","0","12.69","58.18","4.85","42.86","1.15","80","0.01","0","0","0","0.23","1.62","57.14","1.15","100","0.92","2.54","81.82"
"I. Cameron","England 4.","Barrow","CF","25","225000","","9","389","0","0","Scotland","right","188","2.78","1.85","25","19.67","29.41","0.23","3.16","0.69","0","0.14","0","1.62","28.57","0","0.46","0","0.93","25","8.33","16.67","3.93","0.93","0.23","18.05","64.1","2.78","25","0","0","0","0","0","0","0","1.39","16.67","0.23","0","0.23","1.16","20"
"R. Loft","England 4.","Crawley Town","CF","28","175000","2027-06-30","7","386","1","0","England","right","190","1.63","1.63","28.57","9.79","40.48","0.23","2.24","1.17","0.23","0.86","0.23","2.8","25","8.333","0","0","1.17","40","5.6","33.33","4.2","0.47","0","16.55","60.56","4.9","38.1","1.4","50","0","0","0","0","0.23","3.03","30.77","0.93","50","0","2.1","66.67"
"C. Grant","England 4.","Notts County","AMF, LWF, CF","24","225000","2027-06-30","10","385","1","0","Republic of Ireland","right","178","6.78","5.38","73.91","3.27","21.43","0.23","3.8","1.4","0.23","0.35","0","3.04","23.08","7.692","0.47","0","1.17","60","7.25","29.03","3.04","1.17","0","27.82","81.51","7.71","63.64","0.94","25","0.08","0","0","0","0.23","4.91","66.67","1.87","37.5","1.17","3.27","78.57"
"F. Rawson","England 4.","Accrington Stanley","CB","29","225000","2026-06-30","4","382","0","0","England","right","193","8.48","5.42","69.57","10.84","82.61","0.71","7.6","0","0","0.03","0","0.24","0","0","0","0","0","0","0.71","33.33","0.94","0","0","24.27","75.73","14.14","68.33","2.59","45.45","0","0","0","0","0","2.12","33.33","0","0","0.24","5.65","50"
"E. Ennis","England 4.","Fleetwood Town","RWB, LAMF, RAMF","20","0","","6","382","1","0","England","right","178","6.83","6.13","65.38","4.95","33.33","0.24","3.91","6.36","0.24","0.24","0","1.88","50","12.5","5.89","36","4.24","77.78","9.42","45","2.36","3.77","0.47","23.56","70","4.95","66.67","1.65","71.43","0.13","0.24","0","0","0","0.94","25","4.24","38.89","0.47","4.24","72.22"
"D. Duffy","England 4.","Chesterfield","AMF, CF, RAMF","22","0","2026-06-30","6","378","2","3","Republic of Ireland","left","189","4.29","4.52","73.68","6.19","23.08","0","1.29","4.52","0.48","0.16","0","2.14","55.56","22.222","4.29","44.44","4.05","35.29","9.52","30","2.62","0.95","0","24.05","76.24","5.24","54.55","1.19","40","0.22","0.24","0","0","1.19","2.62","54.55","3.57","60","0.48","4.29","83.33"
"R. Galvin","England 4.","Barnet","LB, LWB, LCB","24","0","","9","377","0","0","England","left","0","8.12","6.45","70.37","5.25","50","0.24","6.18","3.34","0","0","0","0","0","0","5.01","19.05","4.54","52.63","8.36","40","2.86","2.15","0","32.23","63.7","14.56","62.3","4.54","21.05","0","0","0","0","0","3.82","56.25","3.82","31.25","0.72","7.16","50"
"O. Kensdale","England 4.","Barnet","RCB, CB","25","0","2027-06-30","5","375","0","0","England","right","191","11.28","4.8","85","7.2","70","0.72","12.92","0.72","0","0.07","0","0.48","100","0","0.24","100","0","0","0.96","75","0.72","0.24","0","29.28","77.87","13.68","61.4","4.56","52.63","0","0","0","0","0","5.28","59.09","0.48","50","0.48","4.8","65"
"R. Sotiriou","England 4.","Bristol Rovers","AMF, CF, RWF","25","500000","","8","374","0","0","England","right","180","4.09","3.85","68.75","1.68","28.57","0","1.76","1.68","0","0.15","0","1.44","33.33","0","1.44","0","3.37","35.71","6.5","29.63","1.93","1.44","0.24","16.12","65.67","3.61","46.67","0.96","50","0.01","0","0.24","0","0","1.2","80","1.2","60","0.72","1.44","33.33"
"O. Palmer","England 4.","Swindon Town","CF","33","125000","2026-06-30","6","370","2","0","England","right","196","4.86","2.92","33.33","9.73","57.5","0","6.08","1.7","0.49","0.29","0","2.19","55.56","22.222","0.49","0","0.73","33.33","9.73","32.5","2.43","0.24","0","19.46","66.25","6.81","50","1.46","33.33","0.02","0","0.49","50","0","2.92","41.67","1.22","40","0.49","3.16","61.54"
"H. Biggins","England 4.","Shrewsbury Town","LCMF, DMF","29","200000","2026-06-30","6","370","0","0","England","right","175","7.54","5.11","38.1","2.68","27.27","0.49","8.57","0.49","0","0.01","0","0.24","0","0","0.73","66.67","0.73","0","3.89","25","0.24","0.49","0","34.78","74.83","12.16","48","4.14","29.41","0.03","0","0","0","0","6.57","59.26","2.19","55.56","0.73","7.3","46.67"
"H. Mnoga","England 4.","Salford City","RWB, RB","23","100000","","5","368","0","0","England","right","190","10.27","9.54","51.28","15.41","34.92","0.24","9.69","4.65","0","0.09","0","1.22","20","0","2.69","18.18","5.87","66.67","9.29","60.53","2.45","3.18","0.73","28.37","68.1","11.01","62.22","3.42","42.86","0.11","0","0","0","0.24","4.4","55.56","2.2","44.44","1.22","5.14","76.19"
"H. Smith","England 4.","Swindon Town","CF","30","150000","","4","367","1","0","England","right","196","2.94","1.47","50","13.24","61.11","0.25","3.65","1.96","0.25","0.22","0.25","2.21","44.44","11.111","0.25","0","1.47","66.67","6.38","26.92","3.43","0.25","0","12.02","65.31","2.7","45.45","0.25","0","0.03","0","0","0","0","0.74","33.33","0.49","0","0.74","0.98","0"
"S. Ogie","England 4.","Gillingham","LCB","24","225000","","4","367","0","0","Republic of Ireland","left","185","10.3","5.64","86.96","7.85","71.88","0.74","8.22","0.98","0","0.04","0","0.49","50","0","0.74","0","0.98","75","5.64","73.91","0.49","0.98","0.25","37.03","66.23","19.86","51.85","6.87","46.43","0.06","0","0","0","0","6.13","40","1.47","33.33","0.25","10.3","54.76"
"C. Evans","England 4.","Fleetwood Town","CF","36","150000","","12","365","1","3","Wales","right","183","3.7","3.21","53.85","6.9","39.29","0","3.43","2.22","0.25","0.32","0","2.22","33.33","11.111","1.97","37.5","1.73","42.86","8.14","15.15","5.18","0.49","0","24.9","68.32","6.16","48","2.22","55.56","0.23","0","0","0","0.99","3.45","42.86","2.96","50","2.22","4.19","88.24"
"O. Ashley","England 4.","Salford City","LCMF, RCMF, DMF","25","0","","6","365","1","0","England","right","180","10.6","6.16","64","6.41","50","0.25","9.85","0.99","0.25","0.02","0","0.49","50","50","1.48","16.67","1.23","40","4.68","52.63","0","0.99","0","30.58","74.19","12.58","66.67","3.21","46.15","0.04","0.25","0","0","0.25","5.92","58.33","3.21","53.85","1.23","5.92","75"
"R. Staunton","England 4.","Grimsby Town","LB","23","0","","7","364","0","2","England","left","183","8.16","4.45","66.67","3.21","53.85","0.25","11.67","2.72","0","0.07","0","0.74","0","0","2.72","63.64","1.73","57.14","3.96","37.5","1.73","1.73","0.25","41.04","72.89","19.29","65.38","4.7","36.84","0.47","0","0","0","1.24","6.92","71.43","3.21","61.54","0.25","10.38","61.9"
"J. Clarke","England 4.","Newport County","CB, RCB","35","75000","","5","358","0","0","England","right","183","7.54","3.02","83.33","6.79","55.56","1.01","6.71","0","0","0","0","0","0","0","0","0","0","0","1.51","0","0.5","0","0","21.87","85.06","7.29","65.52","3.02","58.33","0","0","0","0","0","1.51","66.67","0","0","0.25","3.77","53.33"
"J. Bird","England 4.","Salford City","CF, LCMF","24","125000","","8","352","0","0","England","right","186","3.07","4.09","50","18.15","14.08","0","1.85","1.28","0","0.24","0","2.3","22.22","0","0.51","50","2.05","25","8.95","34.29","3.07","0.51","0","8.95","65.71","2.05","25","0.77","33.33","0.08","0","0","0","0.26","0.77","0","0.51","0","0","0.77","33.33"
